

Next record
07PSIna   G  mid         1    0       1       25      0   

<Short_PARAM>
2 2 -4 1 130 1 0 30000 1 9999 
<Double_PARAM>
1000 1e-13 1e-20 1e-05 0.01 0.01 1e-05 1e-05 1e-05 1e-05 1e-05 1e-05 1e-06 1e-17 0.7 -0.0065 1 1000 0.001 12.05 1e-13 1e-13 1e-33 1e-20 1e-05 1e-10 0.001 1e-10 
<Short_Const>
19 19 265 145 137 7 0 0 122 2 0 5 2 0 113 1 2 1 1 0 1 0 0 2 1 2 0 2 0 2 113 0 0 0 0 0 1 0 0 
<Double_Const>
25 25 298.15 298.15 1 1 0 21503.1528552029 -14893888.1341812 0 0 0 0 0 0 0 0 0 0 0 
0 0 0 0 175.35226243231 1000 1.27532839584351 -6011.01812846425 3.44827262251616 4.642823476075 0.174212546550826 0.0102855704603234 1e-13 1e-20 55.50837344 0 9.99999e-06 0 0 0 
0 1e-05 0 2478.9711565 38.9215133653371 54.553782285188 4.01653388216503 0.107440729065326 1.66e-24 5.74014545861127 1.54860053038785 4.70488123485035 58.8327256917913 
<Add_Double_Const>
1e-13 1e-13 1e-33 1e-20 1e-05 1e-05 1e-05 1e-05 1e-05 1e-05 1e-06 1 
<EpsW>
78.2451456494471 -0.355010888388417 0.00135076186526265 0.00406162824448407 0 
<EpsWg>
44.1020648929065 -0.203921304503049 0.000864734277252308 0.00370763636207359 0 
<DenW>
0.997061364306278 -0.00025866418191325 -9.46964566451448e-06 4.50858902637571e-05 0 
<DenWg>
0.000767104546309221 -7.87337651516304e-07 -3.78422904491598e-09 4.76763525268721e-08 0 
Error Code 
Error Message
<L1>
138 7 1 1 1 1 1 1 1 1 1 1 1 1 1 1 1 1 1 1 1 1 1 1 1 1 1 1 1 1 1 1 1 1 1 1 1 1 1 1 
1 1 1 1 1 1 1 1 1 1 1 1 1 1 1 1 1 1 1 1 1 1 1 1 1 1 1 1 1 1 1 1 1 1 1 1 1 1 1 1 
1 1 1 1 1 1 1 1 1 1 1 1 1 1 1 1 1 1 1 1 1 1 1 1 1 1 1 1 1 1 1 1 1 1 1 1 1 1 1 1 
1 1 
<muk>
0 1 20 21 22 23 24 25 26 27 39 42 47 50 51 52 53 54 55 56 57 58 62 63 64 67 68 74 75 76 77 78 79 80 81 85 93 94 95 98 
164 165 166 167 169 170 171 172 173 174 175 179 180 181 182 183 184 185 186 190 191 192 193 211 212 213 214 215 218 219 220 221 222 223 224 225 237 238 240 246 
247 248 249 250 251 260 261 262 263 264 265 266 275 276 277 279 280 281 282 283 284 285 286 287 288 289 295 297 298 299 300 301 302 303 304 366 368 369 370 371 
381 385 
<mui>
2 6 7 8 9 13 21 22 23 28 30 31 34 35 39 48 50 53 60 
<muj>
45 46 47 48 49 50 51 52 53 54 55 56 57 58 59 60 61 62 63 64 113 115 116 117 120 122 125 126 128 129 130 135 142 143 155 160 162 163 197 198 
320 321 322 327 328 329 330 331 332 333 334 340 341 342 346 347 351 352 353 354 355 356 357 358 359 360 362 365 366 367 368 370 371 377 391 392 411 412 413 414 
463 464 468 471 473 481 483 486 487 493 497 499 500 503 504 505 506 507 508 509 510 511 512 513 514 515 516 517 518 519 520 528 530 532 533 536 538 682 845 846 
848 849 850 859 860 861 862 863 916 918 919 920 923 925 1132 1133 1134 1135 1136 1137 1138 1139 1140 1144 1145 1164 1165 1166 1167 1168 1169 1170 1171 1183 1186 1191 1194 1195 1196 1197 
1198 1199 1200 1201 1202 1206 1207 1208 1211 1212 1218 1219 1220 1221 1222 1223 1224 1225 1229 1237 1238 1239 1242 1308 1309 1310 1311 1313 1314 1315 1316 1317 1318 1319 1323 1324 1325 1326 1327 1328 
1329 1330 1334 1335 1336 1337 1355 1356 1357 1358 1359 1362 1363 1364 1365 1366 1367 1368 1369 1381 1382 1384 1390 1391 1392 1393 1394 1395 1404 1405 1406 1407 1408 1409 1410 1419 1420 1421 1423 1424 
1425 1426 1427 1428 1429 1430 1431 1432 1433 1439 1441 1442 1443 1444 1445 1446 1447 1448 1510 1512 1513 1514 1515 1525 1529 
<DUL>
1000000 1000000 1000000 1000000 1000000 1000000 1000000 1000000 1000000 1000000 1000000 1000000 1000000 1000000 1000000 1000000 1000000 1000000 1000000 1000000 1000000 1000000 1000000 1000000 1000000 1000000 1000000 1000000 1000000 1000000 1000000 1000000 1000000 1000000 1000000 1000000 1000000 1000000 1000000 1000000 
1000000 1000000 1000000 1000000 1000000 1000000 1000000 1000000 1000000 1000000 1000000 1000000 1000000 1000000 1000000 1000000 1000000 1000000 1000000 1000000 1000000 1000000 1000000 1000000 1000000 1000000 1000000 1000000 1000000 1000000 1000000 1000000 1000000 1000000 1000000 1000000 1000000 1000000 1000000 1000000 
1000000 1000000 1000000 1000000 1000000 1000000 1000000 1000000 1000000 1000000 1000000 1000000 1000000 1000000 1000000 1000000 1000000 1000000 1000000 1000000 1000000 1000000 1000000 1000000 1000000 1000000 1000000 1000000 1000000 1000000 1000000 1000000 1000000 1000000 1000000 1000000 1000000 1000000 1000000 1000000 
1000000 1000000 1000000 1000000 1000000 1000000 1000000 1000000 1000000 1000000 1000000 1000000 1000000 1000000 1000000 1000000 1000000 1000000 1000000 1000000 1000000 1000000 1000000 1000000 1000000 1000000 1000000 1000000 1000000 1000000 1000000 1000000 1000000 1000000 1000000 1000000 1000000 1000000 1000000 1000000 
1000000 1000000 1000000 1000000 1000000 1000000 1000000 1000000 1000000 1000000 1000000 1000000 1000000 1000000 1000000 1000000 1000000 1000000 1000000 1000000 1000000 1000000 1000000 1000000 1000000 1000000 1000000 1000000 1000000 1000000 1000000 1000000 1000000 1000000 1000000 1000000 1000000 1000000 1000000 1000000 
1000000 1000000 1000000 1000000 1000000 1000000 1000000 1000000 1000000 1000000 1000000 1000000 1000000 1000000 1000000 1000000 1000000 1000000 1000000 1000000 1000000 1000000 1000000 1000000 1000000 1000000 1000000 1000000 1000000 1000000 1000000 1000000 1000000 1000000 1000000 1000000 1000000 1000000 1000000 1000000 
1000000 1000000 1000000 1000000 1000000 1000000 1000000 1000000 1000000 1000000 1000000 1000000 1000000 1000000 1000000 1000000 1000000 1000000 1000000 1000000 1000000 1000000 1000000 1000000 1000000 
<DLL>
0 0 0 0 0 0 0 0 0 0 0 0 0 0 0 0 0 0 0 0 0 0 0 0 0 0 0 0 0 0 0 0 0 0 0 0 0 0 0 0 
0 0 0 0 0 0 0 0 0 0 0 0 0 0 0 0 0 0 0 0 0 0 0 0 0 0 0 0 0 0 0 0 0 0 0 0 0 0 0 0 
0 0 0 0 0 0 0 0 0 0 0 0 0 0 0 0 0 0 0 0 0 0 0 0 0 0 0 0 0 0 0 0 0 0 0 0 0 0 0 0 
0 0 0 0 0 0 0 0 0 0 0 0 0 0 0 0 0 0 0 0 0 0 0 0 0 0 0 0 0 0 0 0 0 0 0 0 0 0 0 0 
0 0 0 0 0 0 0 0 0 0 0 0 0 0 0 0 0 0 0 0 0 0 0 0 0 0 0 0 0 0 0 0 0 0 0 0 0 0 0 0 
0 0 0 0 0 0 0 0 0 0 0 0 0 0 0 0 0 0 0 0 0 0 0 0 0 0 0 0 0 0 0 0 0 0 0 0 0 0 0 0 
0 0 0 0 0 0 0 0 0 0 0 0 0 0 0 0 0 0 0 0 0 0 0 0 0 
<Vol>
-45.2778047471733 0 0 0 0 0 0 0 0 0 0 0 0 0 0 0 0 0 0 0 0 0 0 0 0 0 0 0 0 -6.05707529990948 -18.4391548951969 0 0 0 0 0 0 57.9680013656616 17.3408992646168 43.9093530053012 
-1.86596120817263 -22.6826674534294 -37.8176754453188 0 0 0 0 0 0 0 0 0 0 0 0 0 0 0 0 0 0 0 0 0 0 0 0 0 0 0 0 0 0 24.211436702952 0 0 0 20.2089929735168 0 0 
9.00922978931386 0 0 0 0 -22.0144370793844 0 0 0 0 0 0 0 0 0 0 0 0 0 0 0 0 0 0 0 0 0 0 0 0 0 -1.20796344838775 0 0 0 0 0 0 0 0 
0 0 12.9162967386941 0 55.8296924926911 0 0 0 0 0 0 0 0 0 0 -4.70764729114605 0 18.0678940764855 24789.711565 24789.711565 24789.711565 24789.711565 24789.711565 24789.711565 24789.711565 25.5900001525879 31.9600009918213 38.0399990081787 33.1800007820129 17.7600002288818 19.539999961853 29.1499996185303 99.3400001525879 45.8099985122681 52.1000003814697 5.29999971389771 134.099998474121 251.159992218018 200.020008087158 317.600002288818 
317.600002288818 124.750003814697 209.799995422363 172.299995422363 333.400001525879 34.1499996185303 36.9300007820129 37.6300001144409 24.539999961853 133.739995956421 137.980003356934 136.379995346069 135.579996109009 140.319995880127 142.569999694824 149.799995422363 64.3400001525879 145.150003433228 33.0599999427795 46.0099983215332 53.1500005722046 74.689998626709 39.9000000953674 7.03999996185303 103.859996795654 29.3799996376038 65.1900005340576 103.269996643066 44.520001411438 187.150001525879 286.140003204346 17.4899995326996 16.8799996376038 72.519998550415 370.629997253418 30.2699995040894 29.0869998931885 24.4799995422363 34.3600010871887 281.299991607666 
20.8200001716614 22.2129988670349 21.0820007324219 18.2000005245209 24.5799994468689 23.9400005340576 133.219995498657 138.979997634888 140.670003890991 138.920001983643 132.849998474121 140.059995651245 134.689998626709 138.75 144.270000457764 147.559995651245 144.270000457764 139.759998321533 139.180002212524 130.109996795654 28.0200004577637 129.739999771118 131.579999923706 133.269996643066 138.579998016357 139.689998626709 141.160001754761 24.6300005912781 31.0700011253357 46.9500017166138 31.3700008392334 13.2200002670288 16.6100001335144 24.6300005912781 20.0799989700317 59.2999982833862 97.3999977111816 132.489995956421 241.679992675781 228.950004577637 
294.839992523193 388.899993896484 0 122.419996261597 0 209.799995422363 169.200000762939 138.979997634888 417.760009765625 132.119998931885 138.979997634888 141.660003662109 134.919996261597 133.959999084473 137.469997406006 143.540000915527 302.999992370605 143.540000915527 15.5099999904633 101.160001754761 158.769998550415 27.2699999809265 22.6900005340576 39.0100002288818 46.25 
<Pparc>
1 1 1 1 1 1 1 1 1 1 1 1 1 1 1 1 1 1 1 1 1 1 1 1 1 1 1 1 1 1 1 1 1 1 1 1 1 1 1 1 
1 1 1 1 1 1 1 1 1 1 1 1 1 1 1 1 1 1 1 1 1 1 1 1 1 1 1 1 1 1 1 1 1 1 1 1 1 1 1 1 
1 1 1 1 1 1 1 1 1 1 1 1 1 1 1 1 1 1 1 1 1 1 1 1 1 1 1 1 1 1 1 1 1 1 1 1 1 1 1 1 
1 1 1 1 1 1 1 1 1 1 1 1 1 1 1 1 1 1 1 1 1 1 1 1 1 1 1 1 1 1 1 1 1 1 1 1 1 1 1 1 
1 1 1 1 1 1 1 1 1 1 1 1 1 1 1 1 1 1 1 1 1 1 1 1 1 1 1 1 1 1 1 1 1 1 1 1 1 1 1 1 
1 1 1 1 1 1 1 1 1 1 1 1 1 1 1 1 1 1 1 1 1 1 1 1 1 1 1 1 1 1 1 1 1 1 1 1 1 1 1 1 
1 1 1 1 1 1 1 1 1 1 1 1 1 1 1 1 1 1 1 1 1 1 1 1 1 
<MM>
26.9815006256104 45.9799003601074 64.9783000946045 83.9766998291016 102.975099563599 121.973499298096 140.971899032593 60.9952998161316 78.0021994113922 95.0090990066528 894.980295181274 87.9768004417419 148.972100257874 43.988400220871 79.9936995506287 98.9920992851257 81.9851996898651 219.101495742798 123.041498184204 122.087199449539 137.326995849609 197.335194587708 156.325395584106 198.343094587326 154.33389544487 233.386993408203 79.9039993286133 16.042799949646 44.0091991424561 60.0081987380981 40.0779991149902 100.086197853088 59.0763988494873 101.094097852707 57.0848987102509 136.137996673584 135.183697938919 134.175797939301 35.4529991149902 99.4489974975586 
18.9983997344971 55.8450012207031 55.8450012207031 175.861398696899 235.869597434998 115.853199958801 91.2980003356934 91.2980003356934 126.750999450684 162.203998565674 197.656997680664 74.8434009552002 74.8434009552002 93.8418006896973 152.912898778915 152.912898778915 89.8588004112244 89.8588004112244 106.865700006485 106.865700006485 123.872599601746 145.703801631927 235.562602043152 72.8519008159637 72.8519008159637 132.860099554062 87.9090003967285 247.964996337891 247.964996337891 151.904998779297 151.904998779297 150.950700044632 2.01579999923706 61.0160987377167 20.0062997341156 39.0046994686127 34.0797991752625 33.0718991756439 81.0688979625702 97.0678975582123 
39.0983009338379 99.106499671936 100.114399671555 56.1052005290985 135.158298492432 24.3050003051758 84.3131990432739 43.3034000396729 85.3210990428925 41.3118999004364 120.36499786377 119.410699129105 118.402799129486 54.9379997253418 54.9379997253418 114.94619846344 90.390998840332 90.390998840332 73.9363994598389 73.9363994598389 92.9347991943359 111.933198928833 115.954098463058 88.951798915863 88.951798915863 105.958698511124 122.965598106384 71.9448993206024 71.9448993206024 90.9432990550995 150.997997283936 22.9897994995117 82.9979982376099 41.9881992340088 84.0058982372284 39.9966990947723 119.049797058105 31.9979991912842 32.0639991760254 32.0639991760254 
112.124997138977 80.0609979629517 96.0599975585938 171.092098236084 96.1135988235474 308.363596916199 95.1056988239288 94.0977988243103 87.620002746582 147.62820148468 106.618402481079 148.636101484299 104.626902341843 183.680000305176 28.0139999389648 17.0068995952606 1.00789999961853 18.0147995948792 16.042799949646 44.0091991424561 2.01579999923706 18.0147995948792 34.0797991752625 28.0139999389648 31.9979991912842 101.960000038147 78.0021994113922 78.0021994113922 78.0021994113922 59.9873998165131 59.9873998165131 59.9873998165131 258.157598495483 197.335194587708 233.386993408203 12.0111999511719 366.748528079987 506.46179485321 436.041756277084 660.540944366455 
662.342424325943 359.271596193314 425.622376451492 392.333396434784 705.291223373413 100.086197853088 100.086197853088 100.086197853088 78.0747985839844 414.950574073791 374.690502426147 419.796386070252 366.214047908783 370.728297710419 385.700527744293 395.546467609406 184.399396896362 417.240528659821 74.0917983055115 136.137996673584 145.145396471024 172.167595863342 116.160998344421 55.8450012207031 341.761600494385 115.853199958801 198.163700342178 361.475675830841 231.531002044678 394.888200759888 635.21280002594 80.9283752441406 82.3245002746582 295.791000366211 399.48860168457 159.687001228333 159.687001228333 89.8588004112244 106.865700006485 599.161001205444 
88.8509004116058 88.8509004116058 87.9090003967285 87.9090003967285 119.972999572754 119.972999572754 373.228690547943 392.605529117584 400.097529220581 399.821404266357 421.430736541748 392.212528991699 372.69421037674 382.163878536224 392.18069021225 411.93746679306 423.720691127777 431.984524726868 401.833021944046 364.067118282318 84.3131990432739 412.269164276123 363.532638111114 365.996398067474 383.019117946625 388.764078121185 414.559118862152 58.318799495697 114.94619846344 228.809997558594 157.87299823761 70.9369993209839 86.935998916626 88.951798915863 87.9438989162445 143.993298053741 440.304196357727 367.751800060272 512.363394737244 425.840355205536 
548.392993927002 968.342791080475 379.327477755547 352.562836360931 365.173196077347 425.081520476341 380.220196723938 625.459244251251 969.205390930176 415.953846054077 641.567745685577 391.103316730499 376.693775493622 367.217319889069 372.498777675629 386.703799724579 398.08415555954 418.243800640106 32.0639991760254 324.187213005066 617.452490177154 60.0839996337891 60.0839996337891 147.62820148468 183.680000305176 
<Awt>
26.9815006256104 137.326995849609 79.9039993286133 12.0111999511719 40.0779991149902 35.4529991149902 18.9983997344971 55.8450012207031 1.00789999961853 39.0983009338379 24.3050003051758 54.9379997253418 14.0069999694824 22.9897994995117 15.9989995956421 32.0639991760254 28.0860004425049 87.620002746582 0 
<A>
1 0 0 0 0 0 0 0 0 0 0 0 0 0 0 0 0 0 3 1 0 0 0 0 0 1 0 0 0 0 0 0 0 0 0 0 0 2 1 0 
0 0 0 0 2 0 0 0 0 0 0 0 0 0 0 0 1 1 0 0 0 0 0 3 0 0 0 0 0 0 0 0 0 0 0 0 1 0 0 0 
0 0 4 0 0 0 0 0 0 0 0 0 0 0 -1 1 0 0 0 0 0 5 0 0 0 0 0 0 0 0 0 0 0 -2 1 0 0 0 0 0 
6 0 0 0 0 0 0 0 0 0 0 0 -3 1 0 0 0 0 0 0 0 2 0 0 0 0 0 2 0 0 0 1 1 0 0 0 0 0 0 0 
3 0 0 0 0 0 3 0 0 0 0 1 0 0 0 0 0 0 0 4 0 0 0 0 0 4 0 0 0 -1 13 0 0 0 0 0 0 0 32 0 
0 0 0 0 32 0 0 0 7 2 0 0 0 0 0 0 0 2 0 0 0 0 0 2 0 0 0 4 3 0 0 0 0 0 0 0 4 0 0 0 
0 0 4 0 0 0 5 1 0 0 0 0 0 0 0 1 0 0 0 0 0 1 0 0 0 2 1 0 0 0 0 0 1 0 2 0 0 0 0 0 
2 0 0 0 0 1 0 0 0 0 0 2 0 2 0 0 0 0 0 2 0 0 0 -1 1 0 0 0 0 0 2 0 1 0 0 0 0 0 1 0 
0 0 0 1 0 0 0 0 0 0 0 0 0 0 0 0 0 8 2 0 0 -1 1 0 0 0 0 0 0 0 0 0 0 0 0 0 4 1 0 0 
1 1 0 0 0 0 0 0 0 3 0 0 0 0 0 4 0 1 0 2 0 1 0 0 0 0 0 0 0 0 0 0 0 0 0 0 0 0 2 0 
1 0 1 0 0 0 0 0 0 0 0 0 0 3 0 0 0 0 0 1 0 0 0 0 1 0 0 0 0 0 0 0 0 0 0 0 1 0 1 0 
1 0 0 0 0 1 0 0 0 0 0 3 0 0 0 1 0 1 0 0 0 0 0 0 1 0 0 0 0 0 1 0 0 0 1 0 1 0 0 0 
0 0 0 0 0 0 0 0 0 4 1 0 0 0 0 0 1 0 0 0 0 0 0 0 0 0 0 0 0 0 0 0 -1 0 0 0 1 0 0 0 
0 4 0 0 0 0 0 0 0 0 0 0 0 0 0 1 0 0 0 0 0 0 0 0 0 0 2 0 0 0 0 0 0 0 1 0 0 0 0 0 
0 0 0 0 0 3 0 0 0 -2 0 0 0 0 1 0 0 0 0 0 0 0 0 0 0 0 0 0 2 0 0 0 1 1 0 0 0 0 0 0 
0 0 0 3 0 0 0 0 0 0 0 0 1 0 1 0 0 0 0 0 0 0 0 0 0 0 1 0 0 0 1 1 0 0 0 1 0 0 0 0 
0 3 0 0 0 1 0 0 0 0 1 0 0 0 1 0 0 0 0 0 1 0 0 0 1 0 0 0 0 1 0 0 0 0 0 0 0 0 0 4 
1 0 0 0 0 0 0 0 1 0 0 0 3 0 0 0 0 0 4 0 1 0 1 0 0 0 0 1 0 0 0 2 0 0 0 0 0 4 0 1 
0 0 0 0 0 0 0 1 0 0 0 0 0 0 0 0 0 0 0 0 -1 0 0 0 0 0 1 0 0 0 0 0 0 0 0 4 0 0 0 -1 
0 0 0 0 0 0 1 0 0 0 0 0 0 0 0 0 0 0 -1 0 0 0 0 0 0 0 1 0 0 0 0 0 0 0 0 0 0 2 0 0 
0 0 0 0 0 1 0 0 0 0 0 0 0 0 0 0 3 0 0 0 2 0 0 0 1 0 0 0 0 0 0 6 0 0 0 -2 0 0 0 3 
0 0 0 1 0 0 0 0 0 0 9 0 0 0 -3 0 0 0 1 0 0 0 1 0 0 0 0 0 0 3 0 0 0 0 0 0 0 0 0 1 
0 1 0 0 0 0 0 0 0 0 0 0 1 0 0 0 0 0 1 0 1 0 0 0 0 0 0 0 0 0 0 2 0 0 0 0 0 2 0 1 
0 0 0 0 0 0 0 0 0 0 1 0 0 0 0 0 3 0 1 0 0 0 0 0 0 0 0 0 0 0 0 0 0 0 0 4 0 1 0 0 
0 0 0 0 0 0 0 0 -1 0 0 0 0 0 0 1 1 0 0 0 0 0 0 0 0 0 0 1 0 0 0 0 0 0 1 1 0 0 0 0 
0 0 0 0 0 0 2 0 0 0 0 0 0 2 1 0 0 0 0 0 0 0 0 0 0 1 0 0 0 0 0 0 0 1 1 0 0 0 0 0 
4 1 0 0 1 0 0 0 0 0 0 0 1 1 0 0 0 0 0 4 1 0 0 2 0 0 0 0 0 0 0 1 2 0 0 0 0 0 2 0 
0 0 0 0 0 0 0 0 0 0 1 2 0 0 0 0 0 2 0 0 0 1 0 0 0 0 0 0 0 1 3 0 0 0 0 0 3 0 0 0 
0 0 0 0 0 0 0 0 1 3 0 0 0 0 0 3 0 0 0 -1 0 0 0 0 0 0 0 1 4 0 0 0 0 0 4 0 0 0 -1 0 
0 0 0 0 0 0 2 2 0 0 0 0 0 2 0 0 0 4 0 0 0 0 0 0 0 3 4 0 0 0 0 0 4 0 0 0 5 0 0 0 
0 0 0 0 1 1 0 0 0 0 0 1 0 0 0 1 0 0 0 0 0 0 0 1 1 0 0 0 0 0 1 0 0 0 2 0 0 0 1 0 
0 0 1 1 0 0 0 0 0 4 0 0 0 0 0 0 0 0 0 0 0 1 0 0 0 0 0 0 0 1 0 0 0 0 0 0 0 0 0 0 
1 0 0 0 0 0 0 8 2 0 0 -1 0 0 0 0 0 0 0 1 0 0 0 0 0 0 8 2 0 0 -2 0 0 0 0 0 0 0 1 0 
0 0 0 0 0 4 1 0 0 0 0 0 0 0 0 0 0 1 0 0 0 0 0 0 4 1 0 0 1 0 0 0 0 0 0 0 1 3 0 0 
0 0 0 4 0 1 0 2 0 0 0 0 0 0 0 0 2 0 0 0 0 0 0 0 0 0 0 0 0 0 1 0 0 0 0 1 0 0 0 0 
0 3 0 0 0 -1 0 0 0 0 0 0 1 0 1 0 0 0 0 0 0 0 0 0 0 0 0 0 0 0 0 2 0 1 0 0 0 0 0 0 
0 0 0 -1 0 0 0 0 0 0 0 0 2 0 0 0 0 0 0 1 0 0 0 0 0 0 0 0 0 0 0 1 0 0 0 0 0 0 1 0 
0 -1 0 0 0 0 0 0 0 0 1 0 0 0 0 0 3 1 0 0 -1 0 0 0 0 0 0 0 0 1 0 0 0 0 0 4 1 0 0 -1 
0 0 0 0 0 0 0 0 0 1 0 0 0 0 0 0 0 0 1 0 0 0 1 0 0 0 0 0 1 0 0 0 0 3 0 0 0 -1 0 0 
0 1 0 0 0 0 1 1 0 0 0 0 3 0 0 0 0 0 0 0 0 0 0 0 0 1 1 0 0 0 0 1 0 0 0 0 0 0 0 0 
0 0 0 0 0 1 0 0 0 0 4 1 0 0 -1 0 0 0 0 0 0 0 0 0 0 1 0 0 0 0 0 0 0 2 0 0 0 1 0 0 
0 0 0 0 1 0 0 0 3 0 0 0 0 0 0 0 0 0 0 1 0 0 0 1 0 0 0 0 0 0 0 1 0 0 0 1 0 0 0 0 
1 0 1 0 0 0 3 0 0 0 1 0 0 0 0 0 0 0 0 1 0 1 0 0 0 1 0 0 0 1 0 0 0 0 0 0 0 0 0 0 
1 0 0 0 4 1 0 0 0 0 0 0 0 0 0 0 0 3 0 1 0 0 0 4 0 1 0 1 0 0 0 0 0 0 0 0 2 0 1 0 
0 0 4 0 1 0 0 0 0 0 0 0 0 0 0 0 0 0 1 0 0 0 0 0 0 2 0 0 0 0 0 0 0 0 0 0 0 1 0 0 
0 0 0 0 3 0 0 0 1 0 0 0 0 0 0 0 1 0 0 3 0 0 0 0 0 0 0 0 0 1 0 0 0 0 0 1 0 0 0 0 
0 0 1 0 0 0 0 0 1 0 0 0 0 0 1 0 0 0 0 0 0 2 0 0 0 0 0 0 1 0 0 0 0 1 0 0 0 0 0 0 
1 0 0 0 0 0 0 1 0 0 0 0 1 0 0 0 0 0 0 2 0 0 0 0 0 0 2 0 0 0 0 1 0 0 0 0 0 0 1 0 
0 0 0 0 0 3 0 0 0 0 1 0 0 0 0 0 0 0 0 0 0 1 0 0 0 0 1 0 0 1 0 0 3 0 0 0 1 0 0 0 
0 0 0 0 0 2 0 0 1 0 0 2 0 0 0 0 0 0 0 0 0 0 0 0 2 0 0 1 0 0 2 0 0 0 1 0 0 0 0 0 
0 0 0 3 0 0 1 0 0 3 0 0 0 -1 0 0 0 0 0 0 0 0 4 0 0 1 0 0 4 0 0 0 -2 0 0 0 0 0 0 0 
0 1 0 0 1 0 0 1 0 0 0 1 0 0 0 0 0 0 0 0 1 0 0 1 0 0 1 0 0 0 2 0 0 0 0 0 0 1 0 1 
0 0 1 0 0 1 0 0 0 1 0 0 0 0 0 0 0 0 0 0 0 1 0 0 4 1 0 0 0 0 0 0 0 0 0 0 0 0 0 0 
0 0 1 0 0 0 0 1 0 0 0 1 0 0 0 0 0 0 0 0 0 1 3 0 0 0 -1 0 0 0 0 0 0 1 0 0 0 0 0 0 
1 0 0 0 0 0 0 0 0 1 0 0 0 0 1 0 0 0 0 1 3 0 0 0 0 0 0 0 0 0 0 0 0 1 0 0 0 0 1 1 
0 0 0 0 0 0 0 0 0 0 0 0 0 0 0 0 0 1 4 1 0 0 -1 0 0 0 0 0 0 0 0 0 0 0 0 0 0 2 0 0 
0 0 0 0 0 0 0 0 0 0 0 0 0 0 0 0 0 1 0 0 0 0 0 0 0 0 0 0 0 0 0 0 0 0 0 0 1 0 0 -2 
0 0 0 0 0 0 0 0 0 0 0 0 0 0 3 2 0 0 -2 0 0 0 0 0 0 0 0 0 0 0 0 0 0 3 1 0 0 -2 0 0 
0 0 0 0 0 0 0 0 0 0 0 0 4 1 0 0 -2 1 0 0 0 0 0 0 0 4 0 0 0 0 0 7 0 1 0 -3 0 0 0 0 
0 0 0 0 4 0 0 0 0 0 4 0 1 0 0 0 0 0 0 0 0 0 0 4 0 0 0 0 0 12 0 4 0 -4 0 0 0 0 0 0 
0 0 3 0 0 0 0 0 4 0 1 0 -1 0 0 0 0 0 0 0 0 2 0 0 0 0 0 4 0 1 0 -2 0 0 0 0 0 0 0 0 
0 0 0 0 0 0 0 0 0 1 2 0 0 0 1 0 0 0 0 0 0 0 0 0 0 3 0 0 1 0 0 0 0 0 0 0 1 0 0 0 
0 0 0 0 0 0 0 1 1 0 0 0 1 0 0 0 0 1 0 0 0 0 0 3 0 0 1 1 0 0 0 0 0 0 0 0 1 0 0 0 
0 0 1 0 0 1 1 0 0 0 0 0 0 0 0 0 0 0 0 0 0 4 1 0 1 0 0 0 0 0 0 0 0 0 0 0 0 0 2 0 
0 0 0 0 0 0 0 0 0 0 0 0 0 1 0 0 0 0 0 1 0 0 0 -1 0 0 0 0 0 0 0 0 1 0 0 0 0 0 0 0 
0 0 1 0 0 0 0 0 0 0 0 2 0 0 0 0 0 1 0 0 0 0 0 0 0 1 0 0 0 0 4 0 0 0 0 0 0 0 0 0 
0 0 0 0 1 0 0 0 0 0 0 0 0 0 0 2 0 0 0 0 0 0 0 0 0 0 0 0 2 0 0 0 0 0 0 0 0 0 0 0 
0 0 0 0 0 0 0 2 0 0 0 0 0 1 0 0 0 0 0 0 0 0 0 0 0 0 2 0 0 0 0 0 0 1 0 0 0 0 0 0 
0 0 0 0 0 0 0 0 0 2 0 0 0 0 0 0 0 0 0 0 0 0 0 0 0 0 0 0 0 0 2 0 0 0 0 2 0 0 0 0 
0 0 0 0 0 0 0 0 0 3 0 0 0 0 1 0 0 0 0 0 0 0 3 0 0 0 0 0 3 0 0 0 0 1 0 0 0 0 0 0 
0 3 0 0 0 0 0 3 0 0 0 0 1 0 0 0 0 0 0 0 3 0 0 0 0 0 3 0 0 0 0 1 0 0 0 0 0 0 0 1 
0 0 0 0 0 2 0 0 0 0 1 0 0 0 0 0 0 0 1 0 0 0 0 0 2 0 0 0 0 1 0 0 0 0 0 0 0 1 0 0 
0 0 0 2 0 0 0 0 2 0 0 0 0 0 0 0 4 0 0 0 0 0 9 0 2 0 0 0 1 0 1 0 0 0 0 0 0 0 0 0 
0 3 0 0 0 0 0 1 0 0 0 0 0 0 0 0 0 0 0 0 4 1 0 0 0 0 0 0 1 0 0 0 0 0 0 0 0 0 0 0 
0 0 0 0 2.34 0 0 0 0.17 0 0 0 2 0 0 0 0 0 12 0 3.66 0 0 2 0 0 0 1 0 0 0 12 0 0 0 0 0 18 0 4 
0 0 1.04 0 0 0 0.52 0 0 0 6.2 0 0 0 0 0 15.1 0 4.96 0 0 2.14 0 0 0 1.07 0 0 0 8.8 0 0 0 0 0 22.4 0 6.86 0 0 
2.14 0 0 0 1.07 0 0 0 9 0 0 0 0 0 22.5 0 6.86 0 0 2 0 0 0 1 0 0 0 9 0 0 0 0 0 12.5 0 2 0 0 0.68 0 
0 0 0.34 0 0 0 5.8 0 0 0 0 0 14.9 0 5.32 0 0 2 0 0 0 1 0 0 0 6 0 0 0 0 0 13 0 3 0 0 2.22 0 0 0 
1.11 0 0 0 13.6 0 0 0 0 0 24.8 0 6.78 0 0 0 0 0 1 1 0 0 0 0 0 0 0 0 0 3 0 0 0 0 0 0 0 1 1 0 
0 0 0 0 0 0 0 0 3 0 0 0 0 0 0 0 1 1 0 0 0 0 0 0 0 0 0 3 0 0 0 0 0 0 0 0 1 0 2 0 
0 0 0 0 0 0 0 0 0 0 0 0.67 0 0 0 0.17 0 0 1.67 2 0 0 0 0 0 12 0 3.66 0 0 2.238 0 0 0 0.185 0 0 0.112 2 0.104 
0.09 0 0 0 12 0 3.574 0 0 0.818 0 0 0 0.247 0 0 1.688 2 0.02 0.068 0 0 0 12 0 3.458 0 0 1.66 0 0 0 0.17 0 0 0 2 0 0.34 0 
0 0 12 0 4 0 0 1.4 0 0 0 0.3 0 0 0 2 0 0.6 0 0 0 12 0 4 0 0 0.34 0 0 0 0.17 0 0 0 2 0 3 0 0 0 
12 0 3.66 0 0 0.86 0 0 0 0.43 0 0 0 2 0 3 0 0 0 12 0 3.14 0 0 0 0 0 2 1 0 0 0 0 0 1 0 0 0 6 0 
0 0 0 0.34 0 0 0 0.17 0 0 1 2 0 2 0 0 0 12 0 3.66 0 0 0 0 0 0 1 0 0 0 2 0 0 0 0 0 2 0 0 0 
0 0 0 0 0 1 0 0 0 0 0 0 0 0 0 4 1 0 0 0 0 0 0 0 1 0 0 0 1 0 0 0 0 0 4.5 1 0 0 0 0 
0 0 0 1 0 0 0 4 0 0 0 0 0 6 1 0 0 0 0 0 0 0 1 0 0 0 0 0 0 0 0 0 3 0 1 0 0 0 0 0 
0 0 0 0 1 0 0 0 0 0 0 0 0 0 0 0 2 0 0 0 0 0 0 2 4 0 0 0 0 0 9 0 1 0 0 0 0 0 1 0 
0 0 1 0 0 0 0 0 0 3 0 0 0 0 0 0 0 0 0 1 0 2 3 0 0 0 0 0 3 0 0 0 0 0.99 0 0 0 0 0 0 
2.67 4 0 0 0 0 0 9 0 1.34 0 0 0 0 0 0 0 0 0 3 0 0 0 0 0 0 4 0 0 0 0 0 0 0 0 0 1 0 4 8 
0 0 0 0 0 8 0 0 0 0 0 0 0 0 0 0 0 6 12 0 0 0 0 0 16 1 0 0 0 0 0 0 0 0 0 0 0.875 0 0 0 
0 0 0 0 1 0 0 0 0 0 0 0 0 0 0 0.9 0 0 0 0 0 0 0 1 0 0 0 0 0 0 0 0 0 0 3 0 0 0 0 0 
0 0 4 0 0 0 0 0 0 0 0 0 0 4 4 0 0 0 0 0 9 0 1 0 0 0 0 0 0 0 0 0 2 0 0 0 0 0 0 3 
0 0 0 0 0 0 0 0 0 0 0 2 0 0 0 0 0 0 3 0 0 0 0 0 0 0 0 0 0 0 1 2 0 0 0 0 0 2 0 0 
0 0 0 0 0 0 0 0 0 1 3 0 0 0 0 0 3 0 0 0 0 0 0 0 1 0 0 0 6 12 0 0 0 0 0 15 0 0 0 0 
0 0 0 0 0 0 0 1 1 0 0 0 0 0 2 0 0 0 0 0 0 0 0 0 0 0 1 1 0 0 0 0 0 2 0 0 0 0 0 0 
0 0 0 0 0 1 0 0 0 0 0 0 0 1 0 0 0 0 0 0 0 0 0 0 1 0 0 0 0 0 0 0 1 0 0 0 0 0 0 0 
0 0 0 1 0 0 0 0 0 0 0 2 0 0 0 0 0 0 0 0 0 0 1 0 0 0 0 0 0 0 2 0 0 0 2.34 0 0 0 0 0 
0 0 2 0.34 0 0 0 0 12 0 3.66 0 0 2.85 0 0 0 0 0 0 0 2 0.85 0 0 0 0 12 0 3.15 0 0 2.35 0 0 0 0 0 0 0.25 
2 0.85 0 0 0 0 12 0 3.4 0 0 2.6 0 0 0 0 0 0 0.25 2 0.85 0 0 0 0 12 0 3.15 0 0 0.67 0 0 0 0 0 0 1.67 2 0.34 
0 0 0 0 12 0 3.66 0 0 2.35 0 0 0 0 0 0 0 2 0.85 0.25 0 0 0 12 0 3.4 0 0 1.66 0 0 0 0 0 0 0 2 0.34 0.34 0 
0 0 12 0 4 0 0 1.4 0 0 0 0 0 0 0 2 0.6 0.6 0 0 0 12 0 4 0 0 0.34 0 0 0 0 0 0 0 2 0.34 3 0 0 0 
12 0 3.66 0 0 0.86 0 0 0 0 0 0 0 2 0.86 3 0 0 0 12 0 3.14 0 0 0.34 0 0 0 0 0 0 1 2 0.34 2 0 0 0 12 0 
3.66 0 0 0.5 0 0 0 0 0 0 1.5 2 0.75 0.25 0 0 0 12 0 3.75 0 0 2.04 0 0 0 0 0 0 0.376 2 0.762 0.241 0 0 0.044 12 0 3.387 0 
0 2.34 0 0 0 0 0 0 0 2 0 0.17 0 0 0 12 0 3.66 0 0 0 0 0 1 0 0 0 0 0 0 1 0 0 0 3 0 0 0 0 0.67 
0 0 0 0 0 0 1.67 2 0 0.17 0 0 0 12 0 3.66 0 0 1.66 0 0 0 0 0 0 0 2 0 0.51 0 0 0 12 0 4 0 0 1.4 0 0 
0 0 0 0 0 2 0 0.9 0 0 0 12 0 4 0 0 0.34 0 0 0 0 0 0 0 2 0 3.17 0 0 0 12 0 3.66 0 0 0.86 0 0 0 0 
0 0 0 2 0 3.43 0 0 0 12 0 3.14 0 0 0.34 0 0 0 0 0 0 1 2 0 2.17 0 0 0 12 0 3.66 0 0 0 0 0 0 0 0 0 
0 2 0 1 0 0 0 2 0 0 0 0 0 0 0 1 0 0 0 0 0 0 0 1 0 0 3 0 0 0 0 0 0 0 0 0 0 0 0 0 
0 0 3 0 0 4 0 0 0 0 0 0 0 0 0 0 0 0 0 0 0 2 0 0 3 0 0 0 0 0 0 0 0 0 0 0 0 0 0 0 
1 0 0 1 0 0 0 0 0 0 0 0 0 0 0 0 0 0 0 1 0 0 2 0 0 0 0 0 0 0 0 0 0 0 0 2 0 0 1 0 
0 2 0 0 0 0 0 0 0 0 0 0 0 0 1 0 0 1 0 0 2 0 0 0 0 1 0 0 1 0 0 0 0 2 0 0 0 0 1 5 
0 0 0 0 2 0 0 0 0 0 0 0 4 0 0 0 0 2 14 0 4 0 0 2.34 0 0 0 0 0 0 0 2 0 0 0 0 0.34 12 0 3.66 
0 0 2 0 0 0 0 0 0 0 12 0 0 0 0 2 18 0 4 0 0 2 0 0 0 0 0 0 0 12.4 0 0 0 0 2 15.2 0 2.5 0 0 
2 0 0 0 0 0 0 0 16 0 0 0 0 2 20 0 4 0 0 6 0 0 0 0 0 0 0 6 0 0 0 0 8 28 0 6 0 0 1.98 0 
0 0 0 0 0 0 10.62 0 0 0 0 1.98 13.31 0 2.02 0 0 2 0 0 0 0 0 0 0 7.6 0 0 0 0 2 11.8 0 2 0 0 2 0 0 0 
0 0 0 0 9 0 0 0 0 2 12.5 0 2 0 0 0.72 0 0 0 0 0 0 0 5.42 0 0 0 0 0.72 14.71 0 5.28 0 0 2 0 0 0 0 0 
0 0 4 0 0 0 0 2 12 0 3 0 0 2.5 0 0 0 0 0 0 0 10 0 0 0 0 2.5 21 0 5.5 0 0 6 0 0 0 0 2 0 0 
0 0 0 0 0 8 24 0 6 0 0 0.67 0 0 0 0 0 0 1.67 2 0 0 0 0 0.34 12 0 3.66 0 0 2.5 0 0 0 0 0 0 0 10 1 
0 0 0 1.5 21 0 5.5 0 0 0.397 0 0 0 0.038 0 0 0.055 2 0.021 2.949 0 0 0.394 12 0 3.569 0 0 1.86 0 0 0 0.009 0 0 0.208 2 0.024 0.214 0 
0 0.409 12 0 3.738 0 0 1.66 0 0 0 0 0 0 0 2 0 0.34 0 0 0.34 12 0 4 0 0 1.4 0 0 0 0 0 0 0 2 0 0.6 0 0 0.6 
12 0 4 0 0 0.34 0 0 0 0 0 0 0 2 0 3 0 0 0.34 12 0 3.66 0 0 0.86 0 0 0 0 0 0 0 2 0 3 0 0 0.86 12 0 
3.14 0 0 0.34 0 0 0 0 0 0 1 2 0 2 0 0 0.34 12 0 3.66 0 0 0 0 0 0 0 0 0 0 0 0 0 0 0 0 0 1 0 0 
0 1.644 0 0 0 0 0 0 1.622 4 0 0.157 0 0 0 9 0 1.332 0 0 2.483 0 0 0 0.011 0 0 1.927 8 0 2.952 0.012 0 0 18 0 2.633 0 0 0 
0 0 0 0 0 0 0 0 0 0 0 0 0 2 0 1 0 0 0 0 0 0 0 0 0 0 0 0 0 0 0 0 2 0 1 0 0 0 0 0 
1 0 0 0 0 0 0 0 0 0 0 3 0 0 1 0 0 0 0 0 0 0 0 0 0 0 0 0 0 0 4 1 0 1 0 
<XFs>
61.1206267304566 0.825011557487186 0 0 0 0 0 0 0 0 0 0 0 0 0 0 0 0 0 0 0 0 0 0 0 0 0 0 0 0 0 0 0 0 0 0 0 0 0 0 
0 0 0.412834555588869 0 0 0 0 0 0 0 0 0 0 0 0 0 0 0 0 0 0 0 0.0917013220260356 0 0 0 0 0 0 0 0 0 0 0 0 0 0 0 0 0 
0 0 0 0 0 0 0 0 0 0 0 0 0 0 0 0 0 0 0 0 0 0 0 0 0 0 0 0 0 0 0 0 0 0 0 0 0 0 0 4.650806639028e-05 
0 0 
<Falps>
1.29587615507075e-06 1.53280429378075e-10 -14.5149364015967 -5.92675369262196 -6.37100827571655 -6.1700082761717 -5.0070693224081 -5.72906932085166 -6.51906931931115 -11.2264719002284 -7.90965418058542 -0.560575783972574 -5.17697240512347 -13.8934281319744 -21.178224555741 -15.2713927054623 -26.1645196267639 -27.2411386302632 -21.0417265807714 -12.1670688299814 -23.777931204406 -27.3727792008826 -2.82993180652564 -2.69225165331186 -3.23993180555539 -0.461527456796008 -10.0844628590203 -14.7694243905191 -12.1758766436288 -12.5154407980647 -12.9652193361335 -20.3413605740073 -25.7975007103682 -5.06564866716699 -17.2789538903658 -15.7433283905864 -0.735347699764417 -1.34334665704695 -0.69082643650708 -9.94995000572076 
-18.2080640533779 -20.1443927270083 3.43146285696966e-12 -7.04577047179696 -15.4262499444423 -5.0676842576287 -10.3653689027439 -14.5706935519005 -4.04068929757227 -4.34602126487298 -20.9161178224551 -7.42753405128832 -2.71387420404325 -5.21348707183163 -5.05057510785588 -4.57922330989476 -17.7297940150348 -1.19399728607462 -2.8856456529994 -6.37734913221031 -5.57734913400091 -0.679999998582292 8.14663843743453e-13 -13.3266093597905 -17.9890748898119 -14.4928818010081 -18.0499897360522 -9.51764408683632 -16.1164834591818 -11.7261289204547 -11.5744801520294 -19.7745418018232 -25.2191289920448 -16.7103832039656 -11.352726007886 -20.228230735004 -13.3560132427892 -3.28947891388566 -9.5470479698349 -12.0095603647664 
-12.0719738908377 -19.8039456848219 -24.3136682040245 -16.7397870869645 -10.1401495863885 -2.10620573230868 -36.2802689786539 -30.0944198090538 -12.7555274794259 -26.8342673800963 -10.0416413388464 -15.4046510906364 -6.08645651497462 -22.8409295497682 -10.9903946348435 -17.9295188858576 -21.9268649629273 -20.4238471710789 -77.7215114767477 -23.326142127385 -22.1083875573177 -21.2425400021004 -10.8550910890662 -19.0324136161385 -24.7975539742869 -53.9360406548958 -8.93334357784285 -27.4764430347655 -21.197996685706 -12.0820470767282 -11.224168379611 -10.685781927126 -19.1902412928298 -23.4268783893756 -15.9526431875928 -5.10620554201505 -18.5495259911973 -33.2994792950718 -1.05467336743967 -0.000374974417785356 
-3.67981728273376 -0.41073887779467 
<G>
-192.733638152505 -322.600391633886 -449.174449041641 -572.064370300392 -691.408310516181 -807.275347241422 -920.839798873637 -359.571448066184 -443.650874362244 -522.720156610264 -5384.54900897271 -563.25941688342 -936.870660248446 -276.941715906571 -487.762138232853 -606.289347930946 -515.788100771719 -805.534970501383 -501.056962575034 -715.507103095658 -220.938080268062 -440.060255699069 -336.045263912698 -459.946896509204 -285.928299991097 -526.291070529851 -37.8758454332213 -9.85545588618386 -151.678090465514 -208.934714219184 -218.981623720949 -439.370220690588 -335.608513264284 -458.174646506827 -285.69878200114 -524.42671712385 -727.215879543457 -702.971273909095 -48.9155062595291 0.833761670554423 
-109.54791812928 -32.5792935878836 -2.5289240480729 -475.344347995042 -696.644707854231 -258.325219392285 -83.2087480264347 -58.9608926512768 -113.458690347214 -163.627628068374 -211.954497715031 -150.058139577231 -130.116118325642 -253.627737559765 -339.76974645288 -311.216056953347 -176.651553502256 -180.702468919593 -261.28118972247 -244.312771933217 -335.435698115598 -193.695164539527 -383.756164757138 -106.526569021421 -93.1238894344142 -335.778484515823 -23.469241313461 -617.103246957044 -637.436707674339 -338.323723014245 -312.441032223042 -530.381204554773 11.16606059591 -232.712723386904 -116.860928005319 -231.447727418933 -7.13616296285775 8.95890653131852 -209.251717867258 -300.687127383286 
-109.94606683653 -324.96964076113 -345.892444862744 -172.219236109135 -412.006360374531 -179.810938096967 -399.623888729586 -297.704249377783 -419.003960819182 -248.53134534444 -485.11787633097 -688.482685023531 -667.300517562923 -88.0660219803602 -29.4650981176142 -311.609160789769 -141.228320322334 -84.2392060248273 -204.738963488222 -158.226611363563 -283.994763988698 -405.388004937043 -327.719562047275 -228.315990941223 -224.24028208051 -295.977209372185 -359.539826337632 -159.365324858312 -127.888853390944 -255.499074090582 -393.326908838525 -101.653513745079 -316.930372000481 -214.57324148096 -337.968305356928 -164.156941497681 -403.414471191734 10.6807041947896 19.3287247507319 52.7080236038205 
-205.462914235407 -192.627053495936 -296.10958888623 -900.917779490109 -524.098929113905 -1642.2649181699 -501.523697644123 -470.762776196508 -223.442344984383 -442.817804775458 -339.125174901973 -462.888652392841 -288.824004173123 -528.841386948186 11.3526740999788 -59.4049385683072 4.01653388216503 -95.6606688673104 -20.3834562042029 -159.087369357216 0 -92.2092213137051 -13.4906773369713 0 0 -638.271809113726 -465.880884403102 -464.857950420449 -465.320770024054 -372.211271628404 -370.548805191393 -368.729762967696 -1528.26068885727 -457.639015778924 -548.014483777234 0.0125983422268189 -2165.34588792018 -2881.84474485232 -2481.6504959605 -3773.2024333862 
-3780.30215294278 -2047.63576481734 -2418.63645096429 -2243.07571527003 -4011.64409433499 -455.10691269594 -455.42393296499 -454.162852808086 -474.212100677582 -1867.64577226335 -2161.07395439153 -1889.85659946705 -2147.11251724078 -2166.54396559535 -2268.743621826 -2329.85365112295 -872.387458978489 -2128.01185127464 -362.04428532648 -533.383460446084 -579.877123257686 -725.060503043816 -625.017958654897 0 -1393.36433622599 -274.645252064271 -373.501190056303 -1272.01560685041 -408.523828522407 -873.186771781626 -1540.52387826425 -39.1383566559864 -39.4834442419217 -124.645600793621 -1055.61534797954 -298.414121544056 -292.658550204475 -199.687440252393 -285.468369019323 -1459.79619101559 
-197.475875714168 -193.580711393808 -38.9987006607594 -40.840768734858 -63.8748046599146 -65.4405625231404 -2168.87557804064 -2233.73312976262 -2189.09767698219 -2187.71403845497 -1871.1754623838 -2222.30500163546 -2151.15451667015 -2173.67192267289 -2272.27331194646 -2336.81218307471 -2131.54557532667 -1936.37186435735 -2148.41951106824 -2159.92024996359 -414.854169482145 -1862.22013430675 -2141.614268516 -2156.84236017855 -2263.31798386941 -2316.41662507581 -2122.59024724962 -335.751484448544 -330.028043228667 -517.351723370082 -355.833103457894 -146.391376538794 -187.577817830088 -248.427594623367 -224.987145130585 -718.911805138222 -2476.71296372342 -2168.94415487726 -2871.17096192805 -2362.9923989396 
-3057.00208738996 -5333.42228098651 -2099.15713878134 -1959.97439795141 -2029.01917063915 -2402.58947119379 -2140.06120486299 -3516.71296261006 -5130.79789841435 -1867.21010765419 -3526.16446426976 -2268.05785345974 -2135.23258877821 -2146.99956715692 -2166.3463029486 -2268.30795721685 -2327.5059029514 -2127.97957982211 0 -1396.52290464236 -3063.14979909691 -342.992715714964 -345.420327483346 -461.755090060484 -542.736010879036 
<G0>
-192.733638152505 -322.600391633886 -449.174449041641 -572.064370300392 -691.408310516181 -807.275347241422 -920.839798873637 -359.571448066184 -443.650874362244 -522.720156610264 -5384.54900897271 -563.25941688342 -936.870660248446 -276.941715906571 -487.762138232853 -606.289347930946 -515.788100771719 -805.534970501383 -501.056962575034 -715.507103095658 -220.938080268062 -440.060255699069 -336.045263912698 -459.946896509204 -285.928299991097 -526.291070529851 -37.8758454332213 -9.85545588618386 -151.678090465514 -208.934714219184 -218.981623720949 -439.370220690588 -335.608513264284 -458.174646506827 -285.69878200114 -524.42671712385 -727.215879543457 -702.971273909095 -48.9155062595291 0.833761670554423 
-109.54791812928 -32.5792935878836 -2.5289240480729 -475.344347995042 -696.644707854231 -258.325219392285 -83.2087480264347 -58.9608926512768 -113.458690347214 -163.627628068374 -211.954497715031 -150.058139577231 -130.116118325642 -253.627737559765 -339.76974645288 -311.216056953347 -176.651553502256 -180.702468919593 -261.28118972247 -244.312771933217 -335.435698115598 -193.695164539527 -383.756164757138 -106.526569021421 -93.1238894344142 -335.778484515823 -23.469241313461 -617.103246957044 -637.436707674339 -338.323723014245 -312.441032223042 -530.381204554773 11.16606059591 -232.712723386904 -116.860928005319 -231.447727418933 -7.13616296285775 8.95890653131852 -209.251717867258 -300.687127383286 
-109.94606683653 -324.96964076113 -345.892444862744 -172.219236109135 -412.006360374531 -179.810938096967 -399.623888729586 -297.704249377783 -419.003960819182 -248.53134534444 -485.11787633097 -688.482685023531 -667.300517562923 -88.0660219803602 -29.4650981176142 -311.609160789769 -141.228320322334 -84.2392060248273 -204.738963488222 -158.226611363563 -283.994763988698 -405.388004937043 -327.719562047275 -228.315990941223 -224.24028208051 -295.977209372185 -359.539826337632 -159.365324858312 -127.888853390944 -255.499074090582 -393.326908838525 -101.653513745079 -316.930372000481 -214.57324148096 -337.968305356928 -164.156941497681 -403.414471191734 10.6807041947896 19.3287247507319 52.7080236038205 
-205.462914235407 -192.627053495936 -296.10958888623 -900.917779490109 -524.098929113905 -1642.2649181699 -501.523697644123 -470.762776196508 -223.442344984383 -442.817804775458 -339.125174901973 -462.888652392841 -288.824004173123 -528.841386948186 11.3526740999788 -59.4049385683072 4.01653388216503 -95.6606688673104 -20.3834562042029 -159.087369357216 0 -92.2092213137051 -13.4906773369713 0 0 -638.271809113726 -465.880884403102 -464.857950420449 -465.320770024054 -372.211271628404 -370.548805191393 -368.729762967696 -1528.26068885727 -457.639015778924 -548.014483777234 0.0125983422268189 -2165.34588792018 -2881.84474485232 -2481.6504959605 -3773.2024333862 
-3780.30215294278 -2047.63576481734 -2418.63645096429 -2243.07571527003 -4011.64409433499 -455.10691269594 -455.42393296499 -454.162852808086 -474.212100677582 -1867.64577226335 -2161.07395439153 -1889.85659946705 -2147.11251724078 -2166.54396559535 -2268.743621826 -2329.85365112295 -872.387458978489 -2128.01185127464 -362.04428532648 -533.383460446084 -579.877123257686 -725.060503043816 -625.017958654897 0 -1393.36433622599 -274.645252064271 -373.501190056303 -1272.01560685041 -408.523828522407 -873.186771781626 -1540.52387826425 -39.1383566559864 -39.4834442419217 -124.645600793621 -1055.61534797954 -298.414121544056 -292.658550204475 -199.687440252393 -285.468369019323 -1459.79619101559 
-197.475875714168 -193.580711393808 -38.9987006607594 -40.840768734858 -63.8748046599146 -65.4405625231404 -2168.87557804064 -2233.73312976262 -2189.09767698219 -2187.71403845497 -1871.1754623838 -2222.30500163546 -2151.15451667015 -2173.67192267289 -2272.27331194646 -2336.81218307471 -2131.54557532667 -1936.37186435735 -2148.41951106824 -2159.92024996359 -414.854169482145 -1862.22013430675 -2141.614268516 -2156.84236017855 -2263.31798386941 -2316.41662507581 -2122.59024724962 -335.751484448544 -330.028043228667 -517.351723370082 -355.833103457894 -146.391376538794 -187.577817830088 -248.427594623367 -224.987145130585 -718.911805138222 -2476.71296372342 -2168.94415487726 -2871.17096192805 -2362.9923989396 
-3057.00208738996 -5333.42228098651 -2099.15713878134 -1959.97439795141 -2029.01917063915 -2402.58947119379 -2140.06120486299 -3516.71296261006 -5130.79789841435 -1867.21010765419 -3526.16446426976 -2268.05785345974 -2135.23258877821 -2146.99956715692 -2166.3463029486 -2268.30795721685 -2327.5059029514 -2127.97957982211 0 -1396.52290464236 -3063.14979909691 -342.992715714964 -345.420327483346 -461.755090060484 -542.736010879036 
<lnGam>
-2.69752585829201 -1.17363669852598 -0.198670373028673 0 -0.950879569950745 -3.05701035525014 -6.31839238370776 -0.198670373028673 0 -0.950879569950745 -19.1329379451515 -6.51353196557801 -10.5752969283505 -1.17363669852598 0 -0.950879569950745 0 -0.950879569950745 -0.198670373028673 -1.17363669852598 -1.77996510784025 0 -0.198670373028673 -0.198670373028673 -0.198670373028673 0 -0.2043716453979 0 0 -2.9077087480919 -1.24942778498322 0 0.180284861616976 -0.198670373028673 -0.198670373028673 0 -0.198670373028673 0 -0.554513579344464 -0.554060837845247 
-0.428324028325671 -1.02205463854896 0.561488939432525 -2.68375639297371 -6.91559870110236 0 0.635031098016772 2.54012439206709 3.363508629353 0 -0.950879569950745 -0.198670373028673 1.17588573933643 0.180284861616976 -0.198670373028673 2.08537809919856 0 2.68138941592513 0 -0.950879569950745 -0.950879569950745 -1.66290514281363 -6.86153561188254 -0.198670373028673 -0.264144112788927 0 0 1.2139933445095 -3.05701035525014 0 2.45401626949087 -2.00733825427452 0 -0.577625607674323 0 -1.3987843079967 0 0.0195807097202838 -0.950879569950745 -0.652276397348648 
-0.577625607674323 -0.950879569950745 0 0 -0.950879569950745 -0.870472578571933 0 -0.729207695885709 -0.198670373028673 -0.198670373028673 0 -0.198670373028673 0 0.569557273553424 -0.651167540383652 0 2.45401626949087 0.721139446467904 1.16556847734254 0.721139446467904 0.938195330908275 0 0.938195330908275 0 0.938195330908275 -0.950879569950745 -3.05701035525014 0.938195330908275 0.721139446467904 0.938195330908275 0 -0.587045777305045 -0.950879569950745 0 0 0 -0.950879569950745 0 0 -3.05701035525014 
-2.9077087480919 -2.9077087480919 -3.2063119067892 -6.31839238370776 0 -9.24200972278916 -0.950879569950745 -2.83305797232236 -1.40100990142897 0 -0.198670373028673 -0.198670373028673 -0.198670373028673 0 0 -0.279022448977019 0.331866921593998 0 0 0 0 0 0 0 0 0 0 0 0 0 0 0 0 0 0 0 0 0 0 0 
0 0 0 0 0 0 0 0 0 0 0 0 0 0 0 0 0 0 0 0 0 0 0 0 0 0 0 0 0 0 0 0 0 0 0 0 0 0 0 0 
0 0 0 0 0 0 0 0 0 0 0 0 0 0 0 0 0 0 0 0 0 0 0 0 0 0 0 0 0 0 0 0 0 0 0 0 0 0 0 0 
0 0 0 0 0 0 0 0 0 0 0 0 0 0 0 0 0 0 0 0 0 0 0 0 0 
<lnGmo>
-2.80496659355135 -1.28107743378531 -0.306111108288004 -0.107440735259331 -1.05832030521008 -3.16445109050947 -6.42583311896709 -0.306111108288004 -0.107440735259331 -1.05832030521008 -19.2403786804109 -6.62097270083734 -10.6827376636099 -1.28107743378531 -0.107440735259331 -1.05832030521008 -0.107440735259331 -1.05832030521008 -0.306111108288004 -1.28107743378531 -1.88740584309959 -0.107440735259331 -0.306111108288004 -0.306111108288004 -0.306111108288004 -0.107440735259331 -0.311812380657231 -0.107440735259331 -0.107440735259331 -3.01514948335123 -1.35686852024255 -0.107440735259331 0.0728441263576449 -0.306111108288004 -0.306111108288004 -0.107440735259331 -0.306111108288004 -0.107440735259331 -0.661954314603795 -0.661501573104578 
-0.535764763585002 -1.12949537380829 0.454048204173194 -2.79119712823304 -7.0230394363617 -0.107440735259331 0.52759036275744 2.43268365680776 3.25606789409367 -0.107440735259331 -1.05832030521008 -0.306111108288004 1.0684450040771 0.0728441263576449 -0.306111108288004 1.97793736393923 -0.107440735259331 2.5739486806658 -0.107440735259331 -1.05832030521008 -1.05832030521008 -1.77034587807296 -6.96897634714187 -0.306111108288004 -0.371584848048258 -0.107440735259331 -0.107440735259331 1.10655260925017 -3.16445109050947 -0.107440735259331 2.34657553423154 -2.11477898953385 -0.107440735259331 -0.685066342933654 -0.107440735259331 -1.50622504325603 -0.107440735259331 -0.0878600255390473 -1.05832030521008 -0.75971713260798 
-0.685066342933654 -1.05832030521008 -0.107440735259331 -0.107440735259331 -1.05832030521008 -0.977913313831265 -0.107440735259331 -0.836648431145041 -0.306111108288004 -0.306111108288004 -0.107440735259331 -0.306111108288004 -0.107440735259331 0.462116538294092 -0.758608275642983 -0.107440735259331 2.34657553423154 0.613698711208573 1.05812774208321 0.613698711208573 0.830754595648943 -0.107440735259331 0.830754595648943 -0.107440735259331 0.830754595648943 -1.05832030521008 -3.16445109050947 0.830754595648943 0.613698711208573 0.830754595648943 -0.107440735259331 -0.694486512564376 -1.05832030521008 -0.107440735259331 -0.107440735259331 -0.107440735259331 -1.05832030521008 -0.107440735259331 -0.107440735259331 -3.16445109050947 
-3.01514948335123 -3.01514948335123 -3.31375264204853 -6.42583311896709 -0.107440735259331 -9.34945045804849 -1.05832030521008 -2.9404987075817 -1.5084506366883 -0.107440735259331 -0.306111108288004 -0.306111108288004 -0.306111108288004 -0.107440735259331 -0.107440735259331 -0.386463184236351 0.224426186334667 0.0129330477527669 0 0 0 0 0 0 0 0 0 0 0 0 0 0 0 0 0 0 0 0 0 0 
0 0 0 0 0 0 0 0 0 0 0 0 0 0 0 0 0 0 0 0 0 0 0 0 0 0 0 0 0 0 0 0 0 0 0 0 0 0 0 0 
0 0 0 0 0 0 0 0 0 0 0 0 0 0 0 0 0 0 0 0 0 0 0 0 0 0 0 0 0 0 0 0 0 0 0 0 0 0 0 0 
0 0 0 0 0 0 0 0 0 0 0 0 0 0 0 0 0 0 0 0 0 0 0 0 0 
<B>
2.05154371387527e-08 1.54036120272976e-07 9.8319773080982e-10 1.24528317042904 0.0199251403563692 3.23595056378708 0.00017137607289278 0.534948232424367 109.155790475505 0.00209716088566867 0.0142414202856896 8.10610338931579e-05 9.8319773080982e-10 3.21182461933301 57.6948996422466 0.236516355069333 0.000169259214308609 0.000363779148888708 0 
<U>
-225.440935538228 -243.132032444822 -62.3110350638535 -11.9078211344607 -228.903436342279 -51.7866389494235 -123.185685341095 -41.9256169090337 -11.0916631382086 -120.994487780311 -189.70883946303 -102.158126048426 -10.62084852092 -105.37461608707 -73.6039380073522 -11.757472807052 -198.21964895001 -237.508547378704 0.401139213534759 
<Uc>
-225.440935538228 -225.440935500747 -243.132032444822 -243.132032426536 -62.3110350638535 -62.3110350889398 -11.9078211344607 -11.9078211368669 -228.903436342279 -228.90343632724 -51.7866389494235 -51.7866389734272 -123.185685341095 -123.185685356143 -41.9256169090337 -41.9256168948743 -11.0916631382086 -11.0916631345975 -120.994487780311 -120.994487775828 -189.70883946303 -189.708839450178 -102.158126048426 -102.158126041445 -10.62084852092 -10.6208485263883 -105.37461608707 -105.374616079473 -73.6039380073522 -73.6039380116055 -11.757472807052 -11.7574728141335 -198.21964895001 -198.220642093291 -237.508547378704 -237.508547394155 0.401139213534759 0.401139200508537 
<Uefd>
-0.230284943024347 5.91859362830393e-05 2.00619199084984e-06 -2.59046887725725e-08 -1.24060575586426e-08 6.53755369365809e-09 9.15852335149288e-05 -1.29569455889243e-08 -6.4965070668891e-09 -6.54816446497344e-09 -1.45508993482143e-08 -1.69017295296569e-08 1.3700921602511e-06 -6.54033843964872e-09 1.29527729871415e-08 6.4823119548074e-09 -0.0175371911560026 0.000442928162556624 6.5375530267972e-09 
<U_r>
-558861.576693643 -602717.295651935 -154467.258654953 -29519.1451290893 -567445.016316244 -128377.5842477 -305373.760854259 -103932.395035963 -27495.9129972333 -299941.845302882 -470282.741161941 -253247.047876138 -26328.7771409163 -261220.633907107 -182462.03932504 -29146.4359620151 -491380.792398631 -588776.838374021 994.412540093762 
<C>
-1.62718647661784e-25 -2.90095983702635e-24 0 0 -3.74150833654484e-19 -7.46590652334526e-17 -8.7632194756892e-21 -1.16808071503478e-16 8.77595460872706e-15 -1.09317449730631e-19 6.85813172144178e-19 -2.37646629849199e-21 0 1.94680119172463e-16 -2.51462454322112e-15 7.78720476689854e-17 9.50586519396794e-21 -2.13881966864279e-20 5.37711147028289e-16 
<XF>
61.1206274364745 0.825011569006329 0 0 0 0 0 0 0 0 0 0 0 0 0 0 0 0 0 0 0 0 0 0 0 0 0 0 0 0 0 0 0 0 0 0 0 0 0 0 
0 0 0.412834556062775 0 0 0 0 0 0 0 0 0 0 0 0 0 0 0 0 0 0 0 0.091701322026034 0 0 0 0 0 0 0 0 0 0 0 0 0 0 0 0 0 
0 0 0 0 0 0 0 0 0 0 0 0 0 0 0 0 0 0 0 0 0 0 0 0 0 0 0 0 0 0 0 0 0 0 0 0 0 0 0 4.72446926759868e-05 
0 0 
<YF>
61.1206281204991 0.825011569003307 0 0 0 0 0 0 0 0 0 0 0 0 0 0 0 0 0 0 0 0 0 0 0 0 0 0 0 0 0 0 0 0 0 0 0 0 0 0 
0 0 0.412834556065997 0 0 0 0 0 0 0 0 0 0 0 0 0 0 0 0 0 0 0 0.0917013220256657 0 0 0 0 0 0 0 0 0 0 0 0 0 0 0 0 0 
0 0 0 0 0 0 0 0 0 0 0 0 0 0 0 0 0 0 0 0 0 0 0 0 0 0 0 0 0 0 0 0 0 0 0 0 0 0 0 4.72449159088766e-05 
0 0 
<Falp>
1.29410898339139e-06 -6.248718787169e-09 -14.5149362848971 -5.92675362356147 -6.37100820665607 -6.17000820711122 -5.00706926048802 -5.72906925893157 -6.51906925739107 -11.2319734732829 -7.90965417087001 -0.560575809030795 -5.1769723899437 -13.903496105335 -21.1892277963594 -15.2850368445371 -26.1833903068544 -27.2600093096397 -21.0472281280652 -12.1817032996403 -23.7861836144282 -27.3914297906902 -2.82993180540732 -2.69225165219355 -3.23993180443708 -0.461527501377746 -10.0945309285908 -14.7792557963726 -12.185389031731 -12.5264441000802 -12.97622265175 -20.3514286578146 -25.8061383187279 -5.06564867075551 -17.2890219700255 -15.7433283755366 -0.73534773341976 -1.34334668713209 -0.690826455881515 -9.95270084982883 
-18.2080640361607 -20.1471434355817 -5.55896983187055e-10 -7.04577049661816 -15.4299359992723 -5.06768424991885 -10.3653689027432 -14.5706935242174 -4.04068929111564 -4.34602125798592 -20.9161178052372 -7.43028487508336 -2.71387420256513 -5.21348707035351 -5.05057509448367 -4.57922329844503 -17.7297939525781 -1.19399728176534 -2.88564564869013 -6.37734912360153 -5.57734912539213 -0.67999999858194 1.16645050354129e-12 -13.336677335162 -17.9977399018958 -14.5022345537136 -18.0586547625388 -9.52771215841791 -16.1258362129241 -11.7371322244812 -11.5854834711946 -19.7846098876416 -25.2277666054913 -16.7204512856366 -11.3630416651037 -20.2375477448695 -13.3660812171398 -3.28947891859244 -9.55711604039564 -12.0205636677723 
-12.0829772082019 -19.8140137696192 -24.3223058148889 -16.7498551676144 -10.1401495771638 -2.10620575150865 -36.280269026866 -30.094419844857 -12.7555274918348 -26.8342674034906 -10.0416413441148 -15.4046511049677 -6.08645645637388 -22.8519328270544 -11.0004626095822 -17.940522134582 -21.9337419321973 -20.4348504055226 -77.7380162181194 -23.3316986952068 -22.1138891177161 -21.2480415575006 -10.8696155264271 -19.0406660414072 -24.8126834790523 -53.9525455136798 -8.94341164879136 -27.4915725413929 -21.2078144397279 -12.0923296451224 -11.2351716830045 -10.6967852451744 -19.2003093780152 -23.4355160012209 -15.9627112686306 -5.10620555062348 -18.5531900064411 -33.3067220980708 -1.05742421945718 -0.00312582643530306 
-3.67981729879044 -0.410738928625003 
<X>
1.51259292583358e-11 1.75891658126116e-09 1.31571419203471e-08 5.3730224436781e-09 1.99764805156597e-10 7.28682533856758e-13 8.43868057471381e-16 4.33645921016021e-14 1.2854042584101e-14 8.02249598772092e-17 0 2.85155808894239e-20 1.50374883944785e-27 1.35508216786678e-12 3.55047908998211e-12 5.83291591260624e-14 1.01339041640748e-16 8.3534945982678e-13 4.78449708299594e-12 9.57954339873426e-14 1.48904250470264e-07 1.40007537387127e-14 6.36060794352762e-12 1.68366533946283e-10 5.67556438901152e-17 4.95712860331284e-09 9.8319773080982e-10 3.39344136840211e-19 0.028843773531704 1.88312877941214e-08 0.0187163062530263 1.06138709321509e-08 4.25248533599335e-06 4.32492040135877e-05 6.81916919177514e-11 0.00116132163966882 9.22617680772311e-11 9.82375292872586e-17 3.23486761674971 0 
6.01399127909398e-05 0.0265097135777493 7.23075971677217e-16 3.98965428122575e-12 2.01956908464872e-15 4.00372103416911e-06 0.0010640702288025 6.96790189959153e-15 3.08133422927449e-14 1.18227864849557e-13 6.44035098962569e-15 2.58912315159111e-05 2.13645563267653e-14 5.36310594412029e-14 3.28345104357514e-07 1.98556513663769e-20 4.31748344429253e-14 2.53641991770141e-13 4.0418719841811e-14 2.99254951069608e-21 1.85094360724614e-18 1.7707168667509e-23 2.81066300122098e-30 1.6736440747289e-07 4.03274754692532e-13 2.86521662341176e-09 3.70217118398846e-12 7.02276063337536e-16 2.27970404194276e-05 0.00278537995258986 2.05410186889531e-15 4.40504980519689e-14 1.60956818013654e-13 0.000884628029599318 1.33754584929425e-06 6.68546492917947e-10 1.1195886542303e-10 4.93617030319711e-13 9.66437789126013e-14 3.97742300904689e-06 
0.00207476000001601 2.78832147140082e-11 2.99367048132776e-07 1.42546750659034e-13 2.21014905787686e-05 0.0131227996796485 6.11305402121554e-09 3.83720304695253e-05 4.42957998355325e-05 5.17744930114351e-10 0.00103594599857925 1.46354564463845e-10 3.33166962895192e-15 4.6893273534561e-05 8.42206279727487e-30 3.84360752494287e-09 1.88768081091588e-05 2.83571496259149e-29 2.56805858470428e-08 3.77375032849097e-28 2.69057799262457e-27 7.66720634303644e-28 3.39710498881675e-07 8.20661803759344e-18 8.14453269170272e-20 5.68819989216107e-25 2.0773251438123e-33 3.30264751698719e-11 1.31003671734215e-24 5.89326380545826e-23 1.4921684530701e-05 3.18619996507121 5.46458424840133e-08 4.12725320912804e-05 0.00065829143085237 2.73005658127225e-10 0.0249250353800147 0 1.54739139782498e-12 4.70296651550151e-26 
5.32337425855045e-15 1.8107105715079e-15 0.0231015169195283 1.42250646984226e-32 0.000122012105629176 1.07958922232534e-29 2.17724381028424e-09 2.74703292084983e-17 0.00034527557064344 6.10925086031749e-11 3.83120289783076e-08 8.83267554603138e-07 2.84345014927555e-13 1.75819372848324e-05 3.42458940439767e-13 4.50333232984224e-10 1.44159127832802e-05 54.553782285188 2.13397282336161e-16 0.801968753125901 1.91586070931639e-10 0.0230428141134464 1.0841393853009e-09 4.9125640646447e-10 0 0 0 0 0 0 0 0 0 0 0 0 0 0 0 0 
0 0 0 0 0 0 0 0 0 0 0 0 0 0 0 0 0 0 0 0 0 0 0 0 0 0.412834556062775 0 0 0 0 0 0 0 0 0 0 0 0 0 0 
0 0 0 0 0 0.091701322026034 0 0 0 0 0 0 0 0 0 0 0 0 0 0 0 0 0 0 0 0 0 0 0 0 0 0 0 0 0 0 0 0 0 0 
0 0 0 0 0 0 0 0 0 0 0 0 0 0 0 0 0 0 0 0 0 0 4.72446926759868e-05 0 0 
<Y>
1.51259292583358e-11 1.75891658126116e-09 1.31571419203471e-08 5.3730224436781e-09 1.99764805156597e-10 7.28682533856758e-13 8.43868057471381e-16 4.33645921016021e-14 1.2854042584101e-14 8.02249598772092e-17 0 2.85155808894239e-20 1.50374883944785e-27 1.35508216786678e-12 3.55047908998211e-12 5.83291591260624e-14 1.01339041640748e-16 8.3534945982678e-13 4.78449708299594e-12 9.57954339873426e-14 1.48904250470264e-07 1.40007537387127e-14 6.36060794352762e-12 1.68366533946283e-10 5.67556438901152e-17 4.95712860331284e-09 9.8319773080982e-10 3.39344136840211e-19 0.028843773531704 1.88312877941214e-08 0.0187163062530263 1.06138709321509e-08 4.25248533599335e-06 4.32492040135877e-05 6.81916919177514e-11 0.00116132163966882 9.22617680772311e-11 9.82375292872586e-17 3.23486761674971 0 
6.01399127909398e-05 0.0265097135777493 7.23075971677217e-16 3.98965428122575e-12 2.01956908464872e-15 4.00372103416911e-06 0.0010640702288025 6.96790189959153e-15 3.08133422927449e-14 1.18227864849557e-13 6.44035098962569e-15 2.58912315159111e-05 2.13645563267653e-14 5.36310594412029e-14 3.28345104357514e-07 1.98556513663769e-20 4.31748344429253e-14 2.53641991770141e-13 4.0418719841811e-14 2.99254951069608e-21 1.85094360724614e-18 1.7707168667509e-23 2.81066300122098e-30 1.6736440747289e-07 4.03274754692532e-13 2.86521662341176e-09 3.70217118398846e-12 7.02276063337536e-16 2.27970404194276e-05 0.00278537995258986 2.05410186889531e-15 4.40504980519689e-14 1.60956818013654e-13 0.000884628029599318 1.33754584929425e-06 6.68546492917947e-10 1.1195886542303e-10 4.93617030319711e-13 9.66437789126013e-14 3.97742300904689e-06 
0.00207476000001601 2.78832147140082e-11 2.99367048132776e-07 1.42546750659034e-13 2.21014905787686e-05 0.0131227996796485 6.11305402121554e-09 3.83720304695253e-05 4.42957998355325e-05 5.17744930114351e-10 0.00103594599857925 1.46354564463845e-10 3.33166962895192e-15 4.6893273534561e-05 8.42206279727487e-30 3.84360752494287e-09 1.88768081091588e-05 2.83571496259149e-29 2.56805858470428e-08 3.77375032849097e-28 2.69057799262457e-27 7.66720634303644e-28 3.39710498881675e-07 8.20661803759344e-18 8.14453269170272e-20 5.68819989216107e-25 2.0773251438123e-33 3.30264751698719e-11 1.31003671734215e-24 5.89326380545826e-23 1.4921684530701e-05 3.18619996507121 5.46458424840133e-08 4.12725320912804e-05 0.00065829143085237 2.73005658127225e-10 0.0249250353800147 0 1.54739139782498e-12 4.70296651550151e-26 
5.32337425855045e-15 1.8107105715079e-15 0.0231015169195283 1.42250646984226e-32 0.000122012105629176 1.07958922232534e-29 2.17724381028424e-09 2.74703292084983e-17 0.00034527557064344 6.10925086031749e-11 3.83120289783076e-08 8.83267554603138e-07 2.84345014927555e-13 1.75819372848324e-05 3.42458940439767e-13 4.50333232984224e-10 1.44159127832802e-05 54.553782285188 2.13397282336161e-16 0.801968753125901 1.91586070931639e-10 0.0230428141134464 1.0841393853009e-09 4.9125640646447e-10 0 0 0 0 0 0 0 0 0 0 0 0 0 0 0 0 
0 0 0 0 0 0 0 0 0 0 0 0 0 0 0 0 0 0 0 0 0 0 0 0 0 0.412834556062775 0 0 0 0 0 0 0 0 0 0 0 0 0 0 
0 0 0 0 0 0.091701322026034 0 0 0 0 0 0 0 0 0 0 0 0 0 0 0 0 0 0 0 0 0 0 0 0 0 0 0 0 0 0 0 0 0 0 
0 0 0 0 0 0 0 0 0 0 0 0 0 0 0 0 0 0 0 0 0 0 4.72446926759868e-05 0 0 
<XY>
1.51259292586363e-11 1.75891658532252e-09 1.3157142147507e-08 5.37302248154615e-09 1.99764805208921e-10 7.28682533857454e-13 8.43868057471382e-16 4.33645921016046e-14 1.28540425841013e-14 8.02249598772092e-17 0 2.85155808894239e-20 1.50374883944785e-27 1.35508216786919e-12 3.55047908999866e-12 5.83291591260668e-14 1.01339041640748e-16 8.35349459827696e-13 4.784497083026e-12 9.55262166847008e-14 1.48904250462778e-07 1.40007537387127e-14 6.36060794352759e-12 1.68366533946273e-10 5.67556438901152e-17 4.95712860330454e-09 9.83197730809809e-10 3.39344136840211e-19 0.0288437735317 1.88312877941214e-08 0.0187163062516898 1.06138709321509e-08 4.252485326549e-06 4.32492040135814e-05 6.81916919177514e-11 0.00116132163931589 9.20025604412055e-11 9.79615145959641e-17 3.23486761674967 0 
6.01399109020412e-05 0.0265097135772757 7.23075971677217e-16 3.98965428122575e-12 2.01956908464872e-15 4.00372103416911e-06 0.00106407022880174 6.96790189959153e-15 3.08133422927449e-14 1.18227864849557e-13 6.44035098962569e-15 2.58912311658136e-05 2.13645563267653e-14 5.36310594412029e-14 3.28345104357486e-07 1.98556513663769e-20 4.31748344429253e-14 2.53641991770141e-13 4.0418719841811e-14 2.99254951069608e-21 1.85094360724614e-18 1.7707168667509e-23 2.81066300122098e-30 1.6736440747289e-07 4.03274754692532e-13 2.86521662341176e-09 3.70217118398846e-12 7.02276063337536e-16 2.27970404191592e-05 0.00278537995058398 2.05410186889531e-15 4.39267267936881e-14 1.60956818013654e-13 0.000884628029599677 1.33754584835992e-06 6.6854649291748e-10 1.1195886542303e-10 4.93617030319711e-13 9.66437789126013e-14 3.9774230090428e-06 
0.00207476000001627 2.78832147140082e-11 2.99367048132777e-07 1.42546750659034e-13 2.21014905786426e-05 0.0131227996810978 6.11305402121554e-09 3.8372029700562e-05 4.42957998355499e-05 5.17744930114351e-10 0.00103594599831154 1.45943351867055e-10 3.32230780914433e-15 4.6893273534609e-05 8.42206279727487e-30 3.84360752494287e-09 1.88768081091665e-05 2.83571496259149e-29 2.56805858466983e-08 3.77375032849097e-28 2.69057799262457e-27 7.66720634303644e-28 3.39710498881677e-07 8.20661803759344e-18 8.14453269170272e-20 5.68819989216107e-25 2.0773251438123e-33 3.30264751698719e-11 1.31003671734215e-24 5.89326380545826e-23 1.49216845306484e-05 3.18619996523247 5.46458424840133e-08 4.12725312016588e-05 0.000658291430852576 2.73005658127225e-10 0.0249250352198202 0 1.54739139782498e-12 4.70296651550151e-26 
5.32337425855045e-15 1.8107105715079e-15 0.0231015167819076 1.41849769592556e-32 0.000121670618112419 1.06742387732451e-29 2.17112366248659e-09 2.7393087259624e-17 0.000345275269505353 6.10925086031655e-11 3.83120289738333e-08 8.83267552632444e-07 2.84345014927555e-13 1.75819365039017e-05 3.42458940439767e-13 4.50333232984224e-10 1.44159127832801e-05 54.5537829681692 2.13397282336161e-16 0.801968753122757 1.91586070931639e-10 0.0230428141135682 1.0841393853009e-09 4.91256406464466e-10 0 0 0 0 0 0 0 0 0 0 7.50586753674274e-18 0 0 0 0 0 
0 0 0 0 0 0 0 0 1.95368665691513e-12 0 0 0 0 0 0 0 0 0 0 0 0 7.93158127251493e-17 0 0 0 0.412834556065997 0 0 0 0 0 0 0 0 0 0 0 0 0 0 
0 0 0 0 0 0.0917013220256657 0 0 0 0 0 0 0 0 0 0 0 0 0 0 0 0 0 0 0 0 0 0 0 0 0 0 0 0 0 0 0 0 0 0 
0 0 0 0 0 0 0 0 0 0 0 0 0 0 0 0 0 0 0 0 0 0 4.75861869837142e-05 0 3.01921002958018e-10 
<XU>
0 0 0 0 0 0 0 0 0 0 0 0 0 0 0 0 0 0 0 0 0 0 0 0 0 0 0 0 0 0 0 0 0 0 0 0 0 0 0 0 
0 0 0 0 0 0 0 0 0 0 0 0 0 0 0 0 0 0 0 0 0 0 0 0 0 0 0 0 0 0 0 0 0 0 0 0 0 0 0 0 
0 0 0 0 0 0 0 0 0 0 0 0 0 0 0 0 0 0 0 0 0 0 0 0 0 0 0 0 0 0 0 0 0 0 0 0 0 0 0 0 
0 0 0 0 0 0 0 0 0 0 0 0 0 0 0 0 0 0 0 0 0 0 0 0 0 0 0 0 0 0 0 0 0 0 0 0 0 0 0 0 
0 0 0 0 0 0 0 0 0 0 0 0 0 0 0 0 0 0 0 0 0 0 0 0 0 0 0 0 0 0 0 0 0 0 0 0 0 0 0 0 
0 0 0 0 0 0 0 0 0 0 0 0 0 0 0 0 0 0 0 0 0 0 0 0 0 0 0 0 0 0 0 0 0 0 0 0 0 0 0 0 
0 0 0 0 0 0 0 0 0 0 0 0 0 0 0 0 0 0 0 0 0 0 0 0 0 
<MU>
-1.71351096784876e-21 -2.31611705237122e-17 -1.29544905388002e-15 -2.15954192554552e-16 -2.9839347879394e-19 -3.96876219511137e-24 -5.3205235112689e-30 -1.40835873052485e-26 -1.23743452216938e-27 -4.82016357436133e-32 0 -1.21797170872565e-38 -5.08059555583257e-53 -1.37522582533197e-23 -9.437216860057e-23 -2.54606001386258e-26 -7.68512242986413e-32 -5.22611522019798e-24 -1.7144122520251e-22 -7.39616999404151e-26 4.26880087192955e-17 3.77392833929453e-31 1.98386284001198e-25 5.4576120351704e-23 6.20167810675753e-36 4.73460423003946e-20 6.28657265540301e-23 -1.94333478513033e-43 2.31934009459542e-14 -1.40096502531403e-24 7.62210867472894e-12 2.00616472316155e-24 5.38592781081112e-14 3.58069611111105e-17 8.88876116975721e-29 2.01268232625668e-12 -4.85489877880625e-21 -5.50416566719697e-33 2.26947563844479e-13 0 
1.07720229140083e-11 2.70059533953744e-12 1.13172192888844e-37 -6.4599918095051e-32 8.34514913097297e-37 -1.72838629812786e-21 4.3510340180975e-15 1.05093527663741e-35 2.05517862859378e-34 3.02560127731107e-33 8.97823809364362e-36 1.99653842395951e-12 1.35953698552889e-30 1.71336636633361e-29 1.59103212892239e-19 6.65639166141919e-46 -2.69250205091939e-36 1.35854579076238e-32 3.4066370247664e-34 -3.66098688546149e-50 7.05352328166421e-43 1.34079803112054e-52 5.04638449420658e-66 3.35904755869429e-23 3.47726021028875e-32 1.72286207940482e-24 -2.88606058731691e-30 1.55731983473593e-36 1.53054272263296e-15 1.14391494276866e-11 7.11821400812245e-36 -1.10672095071978e-27 -1.09472722622776e-32 -2.04699225521881e-15 5.32830722492591e-15 2.66234927790093e-21 -2.6541291997893e-27 -5.19176129725056e-32 9.81331910829275e-33 2.32856877439815e-17 
-1.48554986396781e-15 -3.33982730713463e-30 -2.65352936806015e-22 -6.07296154289648e-35 7.18178936689801e-16 -8.26524600458661e-12 -1.94120690007941e-24 4.38524894785972e-12 -9.93057130372186e-17 -1.35743799434777e-26 1.52670501705249e-12 -1.22165683712076e-20 -6.33082847975828e-30 -2.73661741616139e-16 6.25363363895917e-66 -1.89689544828061e-24 -4.43455484781486e-17 7.0895838074892e-65 1.96409918048409e-18 4.24161153454818e-58 4.31220404570648e-56 5.25256639206112e-57 -1.46637327159726e-20 -8.73758175675696e-42 5.49755495750207e-46 -4.28324670234953e-56 -5.82666022997064e-73 -1.38626519926067e-28 1.46771215171795e-55 1.03441769895426e-47 2.99727061320491e-16 -9.19629480377754e-10 -1.20677781917932e-23 5.07333924412711e-12 -1.17278102822884e-15 -2.03786124832152e-28 9.1355830748121e-10 0 5.04786273088586e-31 -4.742316535184e-58 
3.57107289424524e-35 3.44044057763897e-36 7.84824322446952e-10 -1.63089412077465e-63 -8.49088760991477e-09 -2.65897173627239e-58 -2.70365192936422e-18 -4.30392187405725e-34 1.7173322016769e-09 5.3764940040197e-23 2.55159336123007e-17 1.12384868576798e-14 1.16470120635248e-27 4.4534965016079e-12 1.04513898315776e-29 -5.36126053598107e-28 2.77416291429497e-19 -3.89490924860798e-06 -7.68501453567321e-38 1.79297889002752e-11 -1.55101152732336e-26 -6.94894113291071e-13 -2.48871592368449e-25 2.15066854749889e-23 0 0 0 0 0 0 0 0 0 0 0 0 0 0 0 0 
0 0 0 0 0 0 0 0 0 0 0 0 0 0 0 0 0 0 0 0 0 0 0 0 0 -1.83766049999636e-11 0 0 0 0 0 0 0 0 0 0 0 0 0 0 
0 0 0 0 0 2.09988104402314e-12 0 0 0 0 0 0 0 0 0 0 0 0 0 0 0 0 0 0 0 0 0 0 0 0 0 0 0 0 0 0 0 0 0 0 
0 0 0 0 0 0 0 0 0 0 0 0 0 0 0 0 0 0 0 0 0 0 -1.27305394698631e-09 0 0 
<EMU>
2.47484331336358e-13 2.87785908373286e-11 2.15271119104465e-10 8.79109686437714e-11 3.26846291989865e-12 1.19223890675338e-14 1.38070933141834e-17 7.09511178967705e-16 2.1031193128453e-16 1.31260443796149e-18 3.38787922762769e-87 4.66565949518368e-22 2.46042625299603e-29 2.21712299251219e-14 5.80913168049956e-14 9.54355458467288e-16 1.6580626527676e-18 1.36675824775091e-14 7.82816270531408e-14 1.56736120664073e-15 2.43630347875084e-09 2.29073869531135e-16 1.04069282288942e-13 2.75473489272341e-12 9.28608945862594e-19 8.11061744689706e-11 1.60866325560622e-11 5.55219823726642e-21 0.000471929009042662 3.08109495650146e-10 0.000306227673240323 1.73659247923901e-10 6.95771695147049e-08 7.0762338183311e-07 1.11572002163036e-12 1.90009923193338e-05 1.50954495184194e-12 1.60731767536374e-18 0.0529274252735868 2.89217177784059e-95 
9.83982536872723e-07 0.000433739884518333 1.18306346030897e-17 6.52770081161583e-14 3.30434369677061e-17 6.55070570147116e-08 1.74098398060663e-05 1.14005568369517e-16 5.04154403106501e-16 1.93439662439109e-15 1.05374618245705e-16 4.23620269836536e-07 3.4955650303301e-16 8.77485781398611e-16 5.37222260110769e-09 3.2486816171871e-22 7.06406413188086e-16 4.14996824444376e-15 6.61312041093745e-16 4.89627086766066e-23 3.02842781657635e-20 2.89719379815142e-25 4.59877058863354e-32 2.73833785519521e-09 6.5981880852707e-15 4.68793438840924e-11 6.05732111427339e-14 1.1490312184352e-17 3.72994460203228e-07 4.5573049723172e-05 3.36081929259632e-17 7.20734163801203e-16 2.63350134797423e-15 1.44738959522263e-05 2.18843130064199e-08 1.09384547304007e-11 1.8318194921952e-12 8.07633956659815e-15 1.58124008090385e-15 6.50767370620898e-08 
3.39462753174339e-05 4.56212775271476e-13 4.89810964467458e-09 2.33228465931496e-15 3.61614475818473e-07 0.000214709275812005 1.00018978529541e-10 6.27825354020386e-07 7.24747412175132e-07 8.47109833784898e-12 1.69496518152496e-05 2.39458660243686e-12 5.45112594213394e-17 7.67246133027086e-07 1.37798184520431e-31 6.28873750559433e-11 3.08854050446829e-07 4.63966765809352e-31 4.20173905951055e-10 6.17443010122908e-30 4.40219668699554e-29 1.25447276892989e-29 5.55818798630764e-09 1.34272903782888e-19 1.33256994405965e-21 9.306774327561e-27 3.3988282302987e-35 5.40363840166745e-13 2.14341943571893e-26 9.6422797385645e-25 2.44141628529277e-07 0.0521311477444831 8.94090455751546e-10 6.75282146759074e-07 1.07706650160016e-05 4.4667903792223e-12 0.000407811834169777 2.15699535727515e-69 2.53176955889609e-14 7.69478579580668e-28 
8.70986471003302e-17 2.96260316015254e-17 0.000377976786488789 2.32744045184262e-34 1.99633070165698e-06 1.76637481890425e-31 3.56230696146139e-11 4.49457008761747e-19 5.64924103622024e-06 9.99568186301092e-13 6.26843940878132e-10 1.44516249752246e-08 4.65232168331966e-15 2.87667494664222e-07 5.60315594573255e-15 7.36814891129937e-12 2.35866466860203e-07 0.892559260267303 2.5865995017368e-16 0.972069678014894 2.32222249617158e-10 0.0279303054551337 1.31408963476259e-09 5.95453987145649e-10 1.17066298562129e-64 3.05536933187842e-15 1.18371288881778e-06 4.25590370879133e-07 6.76070199186035e-07 9.83854189986086e-06 1.86608207444276e-06 3.02643076156692e-07 5.86173966940228e-12 1.23124882522153e-08 0.275057943089259 6.65315451957154e-06 1.24883164380952e-14 6.46803265185205e-22 5.18756027003232e-16 6.55555843778515e-27 
5.4952909389513e-28 8.96957513049787e-22 6.58107288116536e-13 1.63612464156708e-24 4.06041299764073e-28 0.00147934066170137 0.00203117970159741 0.000575530303513326 0.345519449120801 8.04394460987828e-11 1.66243320057812e-15 6.52545754197299e-13 2.97547222012375e-13 1.05627584458015e-13 4.45216593289854e-21 1.5626498740179e-26 8.59708714947914e-06 5.1401764787537e-18 1.80580821531231e-16 0.183929871138711 0.0453579390267417 0.203785624258343 1.11506234494236e-10 6.19349746023272e-19 7.12617633154562e-21 0.99999999872 8.99973047604901e-08 3.71589985208948e-16 8.55688607854654e-06 4.31152687229948e-11 2.68724012596451e-15 9.10564488124835e-05 4.50794638360529e-05 1.21305975538812e-21 3.71291600803097e-08 0.00193252801066022 6.1166401290681e-06 8.90071521156355e-06 2.63497622841878e-05 1.86297079809715e-18 
0.0639738839574145 0.00130123085055303 4.19421680879314e-07 2.64637188893931e-06 0.208929613767602 1.00000000000269 4.60598654360267e-14 1.00521763288657e-18 3.14604873755078e-15 8.73665602953577e-19 2.96679707102518e-10 7.48451713640433e-17 1.83175664428243e-12 2.59726658884023e-12 1.64206412277176e-20 5.91879631176968e-26 1.90348173718218e-17 4.33469290455748e-12 5.78698364706882e-21 4.30446105507001e-14 0.000513477101967325 2.77257919223921e-10 9.53753911826771e-13 8.26081301231464e-13 1.53456832743445e-20 4.76095618963731e-25 1.77887254536549e-17 7.24186497043144e-11 0.00783058572765291 5.24482465133743e-37 8.04600235116876e-31 1.75578974517133e-13 1.4646457526229e-27 9.08570550430575e-11 3.93866365071572e-16 8.19489783487214e-07 1.40626501632101e-23 9.98935369194102e-12 1.14677407257572e-18 1.16481798552778e-22 
3.67408834151873e-21 1.82803194957431e-78 4.65909219884415e-24 7.6932683658308e-23 5.64882918759542e-22 1.35015762542255e-11 9.10613235982335e-20 1.53927608126749e-25 1.11546124586743e-54 1.13916950659251e-09 3.22424072060608e-28 6.19705799172097e-22 8.0848199932357e-13 5.81873149274014e-12 2.01008653711884e-11 6.30508029955656e-20 3.66846178048436e-24 1.08965428585037e-16 7.83058934973195e-06 2.79775701635597e-19 4.93489483330478e-34 0.0876144583770272 0.992828358484617 0.000209017525147085 0.388383768482001 
<NMU>
-29.0274291226378 -24.2713893789298 -22.2591228631271 -23.1546965335416 -26.4467012966068 -32.0603583282272 -38.8213492055125 -34.8819554212961 -36.0979398582023 -41.1745183897947 -199.104698961427 -49.1166428506755 -65.8746330883176 -31.4399808958198 -30.4767601948038 -34.5854954738678 -40.9408818297347 -31.9237496085701 -30.1784634675561 -34.0893829497139 -19.8327839140903 -36.0124871479827 -29.8937195417107 -26.6176999056405 -41.5205992436261 -23.2352620236859 -24.8530324648292 -46.6400930247484 -7.65868198826125 -21.9005658907744 -8.09118170246801 -22.4739260820442 -16.4808293476318 -14.1613538313499 -27.5215211601195 -10.8710193528283 -27.2192128669147 -40.9719649244315 -2.93883363828582 -217.683576134308 
-13.8316576871322 -7.74306554797034 -38.9758393538003 -30.3601365168591 -37.9487087062039 -16.5411079594262 -10.9584750054863 -36.7102843813446 -35.2236490973686 -33.8789809390756 -36.7890098803939 -14.674428373003 -35.5898664570941 -34.6694709222184 -19.0420241218566 -49.4786227880782 -34.8863409459522 -33.1156757126386 -34.9523058711612 -51.3709832709063 -44.9436582474376 -56.5008847121497 -72.1569339713762 -19.7159147228076 -32.651981316104 -23.7834439664042 -30.4349236599238 -39.0050274123097 -14.801702269415 -9.99619403100477 -37.9317617995649 -34.8662613094489 -33.570462123113 -11.1431638101446 -17.6374957578669 -25.2387365784177 -27.0257113849922 -32.4498376489599 -34.0805669943828 -16.5476986931898 
-10.2907314208049 -28.4158170817886 -19.1344164930658 -33.6919280672703 -14.8326871765458 -8.44622565041705 -23.025661162652 -14.2810038078485 -14.1374426397959 -25.4943609417814 -10.985263266222 -26.7578105085501 -37.4481243986744 -14.0804581835022 -71.0595178850536 -23.4896756868999 -14.990397000282 -69.8454951445534 -21.5903524285628 -67.2571362028654 -65.292864033441 -66.5482523169505 -19.0079936835447 -43.4544126285783 -48.0671775863432 -59.9390549535324 -79.3670475207183 -28.2465337041523 -59.1048099968845 -55.2984697567845 -15.225517335254 -2.95399266347762 -20.8352141649433 -14.2081352382109 -11.4386843216269 -26.1343510011825 -7.80470468070163 -158.109655201584 -31.3072728132709 -62.4318396737321 
-36.9794903228722 -38.0578782530514 -7.88067777563576 -77.4431240165561 -13.1241997116059 -70.8112085614186 -24.0580276650643 -42.2462467458916 -12.0839893517015 -27.6314530228858 -21.1903235043969 -18.0524589736777 -33.0014100131782 -15.0614605562123 -32.8154463941729 -25.6338546066343 -15.2600000104454 -0.113662369473994 -35.8910174085382 -0.0283277918904513 -22.1833262303373 -3.57804296263181 -20.4501217040183 -21.2416969977161 -147.20787570892 -33.4218759153624 -13.6468545434611 -14.669788523989 -14.2069689213452 -11.5292030387884 -13.1916694723463 -15.0107116922645 -25.8625746844857 -18.2126517845835 -1.29077350136738 -11.9204194519261 -32.0139828726452 -48.7900000559523 -35.1950979840959 -60.2894842046077 
-62.7684910712553 -48.4630337365279 -28.049408425028 -54.7697118098017 -63.0710979118363 -6.51615878932063 -6.19913852092946 -7.46021867521411 -1.06270634467919 -23.2435164369406 -34.0304940822734 -28.0578951367971 -28.8432034530678 -29.8788568412911 -46.8608962486157 -59.4208294004453 -11.6640871156268 -39.8094442606273 -36.2503532316206 -1.6932007291393 -3.09317005651328 -1.59068669915868 -22.916940611845 -41.9256168219446 -46.3905121411833 -1.28000010672688e-09 -16.2234861141702 -35.5287406177766 -11.6687742098638 -23.8671439188406 -33.5502617034479 -9.30403092714355 -10.0070837624736 -48.1611410616465 -17.1088631900661 -6.24892628308757 -12.0044976107132 -11.6293789236051 -10.5440513044905 -40.8243592570623 
-2.74928034206829 -6.64444465433702 -14.6843890248235 -12.8423209545513 -1.56575785997075 2.68585154116957e-12 -30.7088344220155 -41.4413276056895 -33.392629098484 -41.5815892557478 -21.9383679863112 -37.1311100759425 -27.0257456945905 -26.6765615359017 -45.555747797986 -58.0890793153373 -38.50026187844 -26.1643703491379 -46.5986757560918 -30.7765393623339 -7.57430512166913 -22.0060729266293 -27.6783707107983 -27.8220831985924 -45.6234527383039 -56.0041787966056 -38.5679668187583 -23.3485572571071 -4.84971796620214 -83.5384066310751 -69.294962517072 -29.3706874559745 -61.7881841046936 -23.1217336681514 -35.470519997073 -14.0145839056039 -52.6185198736768 -25.3295012208623 -41.3095788276183 -50.5043072066559 
-47.0529819213197 -178.998397302771 -53.7232216098119 -50.9191114305763 -48.9254237456188 -25.0282146777278 -43.8427537876222 -57.1333150960455 -124.230327028882 -20.5929663430163 -63.3016851167758 -48.8327973839014 -27.8436179804289 -25.869938834515 -24.6302582484973 -44.2103461546916 -53.9622697910346 -36.755501010917 -11.7574727826291 -42.7202987363174 -76.6915617995131 -2.43480924469297 -0.00719748135321554 -8.47309245713648 -0.945761334164277 
<W>
7.44083000512134e-21 1.00616160525035e-16 5.62989618153886e-15 9.38889686005678e-16 1.29782221880499e-18 1.72684744535389e-23 2.31593490801958e-29 6.11572268243035e-26 5.37349342078633e-27 2.09313032574798e-31 0 2.64448859754122e-38 7.3540717562285e-53 5.97184481064789e-23 4.09969144201207e-22 1.10649303397568e-25 3.33987981060917e-31 2.26941355741098e-23 7.44474524543189e-22 2.98446761963084e-25 7.2109327026972e-13 6.37499849207685e-27 1.31575341929941e-21 9.21910572833299e-19 1.0475996941285e-31 7.99167151815117e-16 3.14382952198831e-17 3.74505286490352e-36 0.0270571099717108 1.15328672760087e-14 0.0113924606844499 3.66374178051013e-15 5.88115871976144e-10 6.08321954357073e-08 1.51230777405241e-19 4.38613798047139e-05 2.76834873883196e-19 3.13857213953906e-31 340.32219800431 0 
1.17625860478398e-07 0.0228553209153132 1.70037657170688e-29 5.17663781922804e-22 1.32646159581373e-28 5.21320582844324e-10 3.68228872026054e-05 1.57899701164659e-27 3.08784057396178e-26 4.54586930725187e-25 1.34895146957602e-27 2.18013133615353e-08 1.48444807019741e-26 9.35427224084086e-26 3.50621338560809e-12 1.28216976103987e-38 6.06231661755693e-26 2.09227883850633e-24 5.31303113900804e-26 2.91245981302072e-40 1.11420121409705e-34 1.01970723574871e-44 2.56918161957165e-58 9.10968712771785e-13 5.28907011304191e-24 2.66988267462614e-16 4.45748864014381e-22 1.60395797330555e-29 1.69018479808748e-08 0.000252316785496252 1.3722119851685e-28 6.31071981855837e-26 8.42550631405667e-25 2.54506362954483e-05 5.8182798748016e-11 1.45358516699698e-17 4.07656367444051e-19 7.92423821428971e-24 3.03756135623172e-25 5.14494594572483e-10 
0.000139995148564695 2.52849988858387e-20 2.91464216180217e-12 6.60833265785565e-25 1.58862130247276e-08 0.00560054449001623 1.21532860551456e-15 4.78858054414167e-08 6.38119988649673e-08 8.71784137371675e-18 3.49020942577106e-05 6.96610146738457e-19 3.60994938343929e-28 7.15151995820954e-08 2.30682263110241e-57 4.80457882271484e-16 1.15886907827744e-08 2.6151849138253e-56 2.14480151014524e-14 4.63152039100641e-54 2.35433589440546e-52 1.91184005124559e-53 3.75314368308077e-12 2.19031054302402e-33 2.15729528621481e-37 1.05226942669765e-47 1.4034153048785e-64 3.54733090728954e-20 5.58141337793207e-47 1.1295072353759e-43 7.24124031838674e-09 330.159128789401 9.71161606048898e-14 5.53986857439628e-08 1.40933311419262e-05 2.42393265118439e-18 0.0202045328747642 0 7.78713330379337e-23 7.19318162242704e-50 
9.21618647015023e-28 1.06628997739408e-28 0.0173563437760139 6.58090699918688e-63 4.84165339704884e-07 3.79048108114061e-57 1.5416698605598e-16 2.45417191016471e-32 3.87711067666438e-06 1.21381687261386e-19 4.77361684891286e-14 2.53724149904945e-11 2.62947163429747e-24 1.0053346872539e-08 3.81411927415969e-24 6.59546238495326e-18 6.7586747161149e-09 96789.2213352682 1.48099987320085e-30 20.9166508687002 1.19372726863366e-18 0.0172682483320869 3.82250002422611e-17 7.8486273036725e-18 0 0 0 0 0 0 0 0 0 0 0 0 0 0 0 0 
0 0 0 0 0 0 0 0 0 0 0 0 0 0 0 0 0 0 0 0 0 0 0 0 0 5.5428016524187 0 0 0 0 0 0 0 0 0 0 0 0 0 0 
0 0 0 0 0 0.273481810498085 0 0 0 0 0 0 0 0 0 0 0 0 0 0 0 0 0 0 0 0 0 0 0 0 0 0 0 0 0 0 0 0 0 0 
0 0 0 0 0 0 0 0 0 0 0 0 0 0 0 0 0 0 0 0 0 0 7.25917746001261e-08 0 0 
<F>
-224.237521034363 -347.824342464397 -471.411166843748 -594.997991870878 -718.584816827926 -842.171642158992 -965.758473097616 -394.430997908599 -479.527738726751 -564.624479493699 0 -618.668531514283 -1013.09953078393 -309.334257966061 -518.017823128917 -641.604648097409 -556.507907031926 -838.188522640641 -531.213019479827 -750.551861797045 -242.329754060643 -475.851667256781 -365.916577772668 -486.542190978039 -327.426493267195 -549.305256033765 -62.7121742761185 -56.2744744231233 -159.115697926407 -233.521915397308 -228.101157986322 -461.623071132801 -351.687981701543 -472.313594941324 -313.197897084458 -535.076660031483 -754.415500957272 -743.724977219099 -52.1877781624458 0 
-123.586825349756 -41.1233386288198 -40.7221988636624 -508.167167248695 -741.287945100445 -274.645252092456 -93.3111171536859 -92.9099768631933 -145.097756688171 -197.285536972314 -249.473316966225 -164.710162494273 -164.309022036833 -287.895847061268 -358.789363792561 -358.388223502741 -211.316818437146 -210.915678464094 -296.012419406759 -296.41355907926 -381.109160118874 -251.637888736854 -462.553571278146 -126.220078047985 -125.818938184848 -359.340852724642 -53.6830893048062 -654.673205049199 -655.074344189086 -348.098840331101 -347.697699997927 -567.036542589221 -22.1833260105332 -244.212438630582 -134.277348414381 -257.864173223835 -33.9407988774077 -23.2502755130826 -244.062088322169 -317.666026542794 
-120.593348567993 -354.115262888842 -364.805786622885 -205.690088812788 -427.568851775658 -188.90656114406 -422.428474407867 -312.49338515852 -433.118998221859 -274.003300457721 -495.882062922102 -715.220904299384 -704.530380622602 -101.355847373989 -100.954710027546 -334.877761570958 -153.543626881511 -153.142486532657 -224.942671900002 -224.541531586089 -348.128356473085 -471.715181552969 -345.568285114426 -271.549328038049 -271.14818808485 -356.646068758777 -441.742810007007 -186.45258746778 -186.051447365253 -309.638272269917 -408.331350233334 -104.973476879423 -338.495390597423 -228.560301193759 -349.185914507035 -190.070216422345 -411.948979638246 0 -11.7574721506408 -12.5597520090445 
-245.129038340958 -233.371565613727 -306.975504116886 -984.461042817408 -537.004868459292 -1722.10839376005 -526.314344527133 -515.623821475464 -236.706269798335 -470.228182970959 -360.293093525049 -480.918706776397 -321.803008931331 -543.681771795601 -21.2416968557903 -85.0967406380697 -10.6905234402963 -95.7872642710048 -56.2744744046673 -159.115697120573 -22.1833260820096 -95.7872647542608 -33.9407988252291 -21.2416970419696 0 0 0 0 0 0 0 0 0 0 -548.014483777234 0 0 0 0 0 
0 0 0 0 0 0 0 0 -474.212100677582 0 0 0 0 0 0 0 0 0 0 0 0 -725.060503043816 0 0 0 -274.645252064271 0 0 0 0 0 0 0 0 0 0 0 0 0 0 
0 0 0 0 0 -65.4405625231404 0 0 0 0 0 0 0 0 0 0 0 0 0 0 0 0 0 0 0 0 0 0 0 0 0 0 0 0 0 0 0 0 0 0 
0 0 0 0 0 0 0 0 0 0 0 0 0 0 0 0 0 0 0 0 0 0 -345.420327483346 0 -542.736010879036 
<F0>
-2.69752585829201 -1.17363669852598 -0.198670373028673 0 -0.950879569950745 -3.05701035525014 -6.31839238370776 -0.198670373028673 0 -0.950879569950745 -19.1329379451515 -6.51353196557801 -10.5752969283505 -1.17363669852598 0 -0.950879569950745 0 -0.950879569950745 -0.198670373028673 -1.17363669852598 -1.77996510784025 0 -0.198670373028673 -0.198670373028673 -0.198670373028673 0 -0.2043716453979 0 0 -2.9077087480919 -1.24942778498322 0 0.180284861616976 -0.198670373028673 -0.198670373028673 0 -0.198670373028673 0 -0.554513579344464 -0.554060837845247 
-0.428324028325671 -1.02205463854896 0.561488939432525 -2.68375639297371 -6.91559870110236 0 0.635031098016772 2.54012439206709 3.363508629353 0 -0.950879569950745 -0.198670373028673 1.17588573933643 0.180284861616976 -0.198670373028673 2.08537809919856 0 2.68138941592513 0 -0.950879569950745 -0.950879569950745 -1.66290514281363 -6.86153561188254 -0.198670373028673 -0.264144112788927 0 0 1.2139933445095 -3.05701035525014 0 2.45401626949087 -2.00733825427452 0 -0.577625607674323 0 -1.3987843079967 0 0.0195807097202838 -0.950879569950745 -0.652276397348648 
-0.577625607674323 -0.950879569950745 0 0 -0.950879569950745 -0.870472578571933 0 -0.729207695885709 -0.198670373028673 -0.198670373028673 0 -0.198670373028673 0 0.569557273553424 -0.651167540383652 0 2.45401626949087 0.721139446467904 1.16556847734254 0.721139446467904 0.938195330908275 0 0.938195330908275 0 0.938195330908275 -0.950879569950745 -3.05701035525014 0.938195330908275 0.721139446467904 0.938195330908275 0 -0.587045777305045 -0.950879569950745 0 0 0 -0.950879569950745 0 0 -3.05701035525014 
-2.9077087480919 -2.9077087480919 -3.2063119067892 -6.31839238370776 0 -9.24200972278916 -0.950879569950745 -2.83305797232236 -1.40100990142897 0 -0.198670373028673 -0.198670373028673 -0.198670373028673 0 0 -0.279022448977019 0.331866921593998 0 0 0 0 0 0 0 0 0 0 0 0 0 0 0 0 0 0 0 0 0 0 0 
0 0 0 0 0 0 0 0 0 0 0 0 0 0 0 0 0 0 0 0 0 0 0 0 0 0 0 0 0 0 0 0 0 0 0 0 0 0 0 0 
0 0 0 0 0 0 0 0 0 0 0 0 0 0 0 0 0 0 0 0 0 0 0 0 0 0 0 0 0 0 0 0 0 0 0 0 0 0 0 0 
0 0 0 0 0 0 0 0 0 0 0 0 0 0 0 0 0 0 0 0 0 0 0 0 0 
<YOF>
0 0 0 0 0 0 0 0 0 0 0 0 0 0 0 0 0 0 0 0 0 0 0 0 0 0 0 0 0 0 0 0 0 0 0 0 0 0 0 0 
0 0 0 0 0 0 0 0 0 0 0 0 0 0 0 0 0 0 0 0 0 0 0 0 0 0 0 0 0 0 0 0 0 0 0 0 0 0 0 0 
0 0 0 0 0 0 0 0 0 0 0 0 0 0 0 0 0 0 0 0 0 0 0 0 0 0 0 0 0 0 0 0 0 0 0 0 0 0 0 0 
0 0 
<lnGmM>
0 0 0 0 0 0 0 0 0 0 0 0 0 0 0 0 0 0 0 0 0 0 0 0 0 0 0 0 0 0 0 0 0 0 0 0 0 0 0 0 
0 0 0 0 0 0 0 0 0 0 0 0 0 0 0 0 0 0 0 0 0 0 0 0 0 0 0 0 0 0 0 0 0 0 0 0 0 0 0 0 
0 0 0 0 0 0 0 0 0 0 0 0 0 0 0 0 0 0 0 0 0 0 0 0 0 0 0 0 0 0 0 0 0 0 0 0 0 0 0 0 
0 0 0 0 0 0 0 0 0 0 0 0 0 0 0 0 0 0 0 0 0 0 0 0 0 0 0 0 0 0 0 0 0 0 0 0 0 0 0 0 
0 0 0 0 0 0 0 0 0 0 0 0 0 0 0 0 0 0 0 0 0 0 0 0 0 0 0 0 0 0 0 0 0 0 0 0 0 0 0 0 
0 0 0 0 0 0 0 0 0 0 0 0 0 0 0 0 0 0 0 0 0 0 0 0 0 0 0 0 0 0 0 0 0 0 0 0 0 0 0 0 
0 0 0 0 0 0 0 0 0 0 0 0 0 0 0 0 0 0 0 0 0 0 0 0 0 
<fDQF>
0 0 0 0 0 0 0 0 0 0 0 0 0 0 0 0 0 0 0 0 0 0 0 0 0 0 0 0 0 0 0 0 0 0 0 0 0 0 0 0 
0 0 0 0 0 0 0 0 0 0 0 0 0 0 0 0 0 0 0 0 0 0 0 0 0 0 0 0 0 0 0 0 0 0 0 0 0 0 0 0 
0 0 0 0 0 0 0 0 0 0 0 0 0 0 0 0 0 0 0 0 0 0 0 0 0 0 0 0 0 0 0 0 0 0 0 0 0 0 0 0 
0 0 0 0 0 0 0 0 0 0 0 0 0 0 0 0 0 0 0 0 0 0 0 0 0 0 0 0 0 0 0 0 0 0 0 0 0 0 0 0 
0 0 0 0 0 0 0 0 0 0 0 0 0 0 0 0 0 0 0 0 0 0 0 0 0 0 0 0 0 0 0 0 0 0 0 0 0 0 0 0 
0 0 0 0 0 0 0 0 0 0 0 0 0 0 0 0 0 0 0 0 0 0 0 0 0 0 0 0 0 0 0 0 0 0 0 0 0 0 0 0 
0 0 0 0 0 0 0 0 0 0 0 0 0 0 0 0 0 0 0 0 0 0 0 0 0 
<FVOL>
1037.02854096003 20451.798833455 0 0 0 0 0 0 0 0 0 0 0 0 0 0 0 0 0 0 0 0 0 0 0 0 0 0 0 0 0 0 0 0 0 0 0 0 0 0 
0 0 12.1290791075146 0 0 0 0 0 0 0 0 0 0 0 0 0 0 0 0 0 0 0 2.19532969827704 0 0 0 0 0 0 0 0 0 0 0 0 0 0 0 0 0 
0 0 0 0 0 0 0 0 0 0 0 0 0 0 0 0 0 0 0 0 0 0 0 0 0 0 0 0 0 0 0 0 0 0 0 0 0 0 0 0.00107198210204953 
0 0 
<FWGT>
1180.78655585992 35.7091142917963 0 0 0 0 0 0 0 0 0 0 0 0 0 0 0 0 0 0 0 0 0 0 0 0 0 0 0 0 0 0 0 0 0 0 0 0 0 0 
0 0 47.8282043734436 0 0 0 0 0 0 0 0 0 0 0 0 0 0 0 0 0 0 0 11.0016826682503 0 0 0 0 0 0 0 0 0 0 0 0 0 0 0 0 0 
0 0 0 0 0 0 0 0 0 0 0 0 0 0 0 0 0 0 0 0 0 0 0 0 0 0 0 0 0 0 0 0 0 0 0 0 0 0 0 0.00283865009744247 
0 0 
<Y_la>
-11.9375905422097 -9.21025206824919 -7.91291332667486 -8.21557458186553 -10.0582358337455 -13.4108970825396 -17.7635583292681 -13.3949398526622 -13.8367537356822 -16.4544455277808 -108.407656146392 -22.3194956053131 -31.3614004065017 -12.323531807045 -11.3955064260878 -13.5928692342671 -15.940016710091 -12.4368876927425 -11.3522392514818 -13.4741524993913 -7.54591528765983 -13.7996420951703 -11.228576535732 -9.80581928518369 -16.2780662320137 -8.25056372966693 -9.04190998413972 -18.4151526832803 -1.48574097337516 -8.93371442602374 -2.21619280867531 -7.9199197313382 -5.23885417219898 -4.39609692045605 -10.1983438686298 -2.88084136481464 -10.0670530450577 -15.9535159265982 0.32324093319242 -149.14572778847 
-4.35264901862174 -1.96626098173235 -14.8427580783318 -12.5103979968601 -17.6439387820603 -5.34332955855625 -2.64303237485376 -12.9995295938202 -11.9963008596454 -12.873072121538 -14.5498433818132 -4.61892236270045 -13.1054195856996 -13.1380808413376 -6.51574509560677 -18.7422423108909 -13.3105630138134 -11.3770602585152 -13.3392112168308 -20.8827139605564 -18.0913621694725 -23.4198306539262 -32.476902980629 -6.80841206500553 -12.4549092937029 -8.4886361224679 -11.3773370498475 -14.5720552137514 -5.91555799115067 -2.50090955491844 -13.5674067724166 -14.1736184662481 -12.7390841022025 -3.24989181479991 -5.81948472944385 -9.72814597704814 -9.89673497121172 -12.2438992843596 -13.3735815818716 -5.62947191754477 
-2.87968513191505 -10.9134119534763 -6.46958914458563 -12.791836091489 -5.01433358866959 -2.20580828247897 -8.15953523231799 -4.67846967479624 -4.38571242190845 -9.31795937187407 -2.93045686599243 -9.86666854688334 -14.4231314311589 -4.02732736815369 -29.3031726366947 -8.3610541797213 -3.60409863278428 -28.1799439027186 -7.02998861764452 -27.0558338971615 -26.1084951548905 -27.0611564087122 -6.00723136637506 -17.0316292661198 -18.6274745839396 -24.6037802128628 -33.9559311558975 -10.019478318157 -23.5153236112379 -21.7679848705843 -4.77197581003609 0.302528897371197 -7.62119793719923 -4.33013237930426 -3.12737512833302 -9.50962207513702 -1.9621195718197 -66.825768436726 -11.7561934734382 -26.6010638380858 
-15.482408099903 -15.9507460273297 -2.97463608389689 -34.536782010971 -3.85938516136203 -32.9262886045556 -9.02084805650145 -17.7373109321909 -4.0160784141978 -10.1598052220073 -7.44873966291779 -6.08598241227003 -12.5782293589502 -4.70072685617965 -12.4111849373745 -9.41343716350223 -4.642823476075 -0.0549796906880081 -15.5872708103814 -0.0123026037024949 -9.63409617207024 -1.55392431467974 -8.88137501028211 -9.2251517923451 -63.9315681129184 -14.5149362848595 -5.92675362354614 -6.37100820663959 -6.17000820709526 -5.00706926047507 -5.72906925891676 -6.51906925737422 -11.2319734732538 -7.90965417084956 -0.560575809029345 -5.17697238993032 -13.9034961052991 -21.1892277963046 -15.2850368444976 -26.1833903067867 
-27.2600093095692 -21.0472281280108 -12.1817032996088 -23.7861836143667 -27.3914297906194 -2.82993180540001 -2.69225165218659 -3.2399318044287 -0.461527501376553 -10.0945309285647 -14.7792557963344 -12.1853890316995 -12.5264441000478 -12.9762226517164 -20.351428657762 -25.8061383186612 -5.06564867074242 -17.2890219699808 -15.7433283754958 -0.735347733417859 -1.34334668712861 -0.690826455879728 -9.9527008498031 -18.2080640361136 -20.1471434355296 -5.55896981675119e-10 -7.04577049659994 -15.4299359992324 -5.06768424990574 -10.3653689027164 -14.5706935241798 -4.04068929110519 -4.34602125797468 -20.9161178051831 -7.43028487506415 -2.71387420255811 -5.21348707034003 -5.05057509447061 -4.57922329843319 -17.7297939525322 
-1.19399728176226 -2.88564564868266 -6.37734912358504 -5.5773491253777 -0.679999998580181 1.16645050111686e-12 -13.3366773351275 -17.9977399018493 -14.5022345536761 -18.0586547624921 -9.52771215839327 -16.1258362128824 -11.7371322244509 -11.5854834711647 -19.7846098875904 -25.2277666054261 -16.7204512855934 -11.3630416650743 -20.2375477448172 -13.3660812171053 -3.28947891858393 -9.55711604037093 -12.0205636677412 -12.0829772081706 -19.8140137695679 -24.322305814826 -16.7498551675711 -10.1401495771375 -2.1062057515032 -36.2802690267721 -30.0944198447792 -12.7555274918018 -26.8342674034213 -10.0416413440888 -15.4046511049279 -6.08645645635814 -22.8519328269953 -11.0004626095537 -17.9405221345356 -21.9337419321406 
-20.4348504054698 -77.7380162179184 -23.3316986951465 -22.1138891176589 -21.2480415574456 -10.869615526399 -19.040666041358 -24.8126834789882 -53.9525455135403 -8.94341164876823 -27.4915725413218 -21.2078144396731 -12.0923296450911 -11.2351716829755 -10.6967852451468 -19.2003093779656 -23.4355160011603 -15.9627112685894 -5.10620555061027 -18.5531900063931 -33.3067220979846 -1.05742421945445 -0.00312582643529497 -3.67981729878092 -0.410738928623941 
<Y_w>
3.45634245005024e-07 6.8492318740224e-05 0.000724033240253996 0.00038212553377116 1.74212694057331e-05 7.52718246077796e-08 1.007478294907e-10 2.24006301859967e-09 8.4913195184323e-10 6.45510496198668e-12 0 2.12460885241212e-15 1.89718134713808e-22 5.04815171179514e-08 2.40531157960197e-07 4.8900674578057e-09 7.03624336173584e-12 1.55003726293864e-07 4.98558936183902e-07 9.90475052203705e-09 0.0173177559355147 2.33983140279861e-09 8.42086614208814e-07 2.82814359649683e-05 7.41820743687606e-12 0.000979795488798096 6.65331345725806e-05 4.61051159025785e-15 1075.03880957742 0.000957016028710629 635.264774757195 0.000899656234084376 0.212757774522411 3.7028193121806 3.29671421705049e-06 133.893802172449 1.05626939307248e-05 1.11629818397653e-11 97126.5790456238 0 
0.967627974361536 1253.77019221883 3.41976950199675e-11 5.94202380380651e-07 4.03421723108416e-10 0.392826198137947 82.2735350638065 5.38755719067872e-10 3.30764430932831e-09 1.6240896650889e-08 1.07807836590081e-09 1.64109915712755 1.35417874420968e-09 4.2622734531335e-09 0.0425209801534438 2.57132433673849e-15 3.28563940005998e-09 1.930235824694e-08 3.65804875387958e-09 2.70837177707958e-16 1.94176665721635e-13 2.18498574377391e-18 5.60716995589315e-25 0.0103260112107713 2.48811542481077e-08 0.00032238931239627 2.75624892972281e-07 1.47477866011831e-10 4.78737500530006 358.331602098828 2.6425465325514e-10 5.63137637810999e-09 2.74780189543091e-10 45.7123693798113 0.0226623033911622 2.20839701363885e-05 3.23135085724988e-06 1.38254052581294e-08 6.6352420871502e-09 0.326968567919266 
68.6996226740058 2.34031103775051e-06 0.0253821930445606 6.77312422876646e-09 2.52983898397913 270.11626160186 0.000436498144304903 1.40723094915852 3.20071930544572 1.81142193910446e-05 105.600489171529 1.48005588111021e-05 3.34081555963618e-10 2.18178521408209 3.91850060747464e-25 0.00037416421383279 1.44504824469442 2.17078274327446e-24 0.00160802140245141 2.36298008614952e-23 2.11764204309697e-22 7.2681631456966e-23 0.0333598180304261 6.18226413433105e-13 6.13549358824136e-15 5.10434552674567e-20 2.16329977253412e-28 2.01229123012872e-06 7.98200650809703e-20 4.53894778874808e-18 1.90817253893754 62035.0037005572 0.00384107992733524 1.46763129351406 46.8334964318345 9.24750125676423e-06 2513.00320869242 0 4.20190730141876e-08 1.27708021174154e-21 
5.05496374893079e-10 1.22771803809551e-10 1879.36731484345 2.06116520781754e-27 9.93153463160712 2.81935811460661e-24 0.00017536471181818 2.18913189574416e-12 25.6210966308588 7.63810963506941e-06 0.00345936130895494 0.11118473972476 2.51951870222212e-08 2.73499916629024 8.12479163907056e-09 6.48616131320552e-06 0.0123051862478121 832.305762741866 0 0 0 0 0 0 0 0 0 0 0 0 0 0 0 0 0 0 0 0 0 0 
0 0 0 0 0 0 0 0 0 0 0 0 0 0 0 0 0 0 0 0 0 0 0 0 0 3750.2657769813 0 0 0 0 0 0 0 0 0 0 0 0 0 0 
0 0 0 0 0 862.654881997966 0 0 0 0 0 0 0 0 0 0 0 0 0 0 0 0 0 0 0 0 0 0 0 0 0 0 0 0 0 0 0 0 0 0 
0 0 0 0 0 0 0 0 0 0 0 0 0 0 0 0 0 0 0 0 0 0 0.222581893941519 0 0 
<Fx>
-224.237517897624 -347.824342452253 -471.411167006883 -594.997991561512 -718.584816116142 -842.171640670771 -965.758465225401 -394.430998615815 -479.527738974911 -564.624479334006 -5638.18342416017 -618.668516513439 -1013.09951512925 -309.334258256719 -518.017823170444 -641.604647725074 -556.507907365978 -838.188524424685 -531.213021161154 -750.549047505203 -242.329754017752 -475.851667601339 -365.916578572382 -486.542191526013 -327.426494376848 -549.305257281282 -62.7121742773882 -56.274473687295 -159.115697149165 -233.521913583587 -228.10115791521 -461.623071498797 -351.687982469839 -472.31359542347 -313.197898274305 -535.07666117874 -754.412687522789 -743.722163598115 -52.1877781629583 -346.603530192367 
-123.586824554629 -41.1233384819642 -40.7221992684294 -508.167165649138 -741.28794001919 -274.645252065551 -93.3111166449225 -92.9099774313877 -145.097755594346 -197.285533757304 -249.473311920263 -164.710163036594 -164.309023823059 -287.895848377688 -358.789365670168 -358.388226456634 -211.316819200155 -210.915679986621 -296.012420345716 -296.413559559251 -381.109160704812 -251.63787925505 -462.55355924167 -126.22007884106 -125.818939627525 -359.340853211112 -53.6830897160857 -654.67320579549 -655.074345009025 -348.098841745495 -347.69770253196 -567.033728876009 -22.1833262764171 -244.212437508261 -134.277348479303 -257.864173033933 -33.9407990834692 -23.2502751587953 -244.062089180852 -317.666027188204 
-120.593348566776 -354.115262150363 -364.805786075037 -205.690088925871 -427.568851830306 -188.906561035961 -422.428474619548 -312.49338559059 -433.118998544222 -274.003301395056 -495.882064299491 -715.21809064354 -704.527566718867 -101.355847621356 -100.954708407821 -334.877761204943 -153.543625784314 -153.14248657078 -224.942672175985 -224.541532962451 -348.12835751708 -471.71518207171 -345.568285129617 -271.549328339547 -271.148189126012 -356.646068698643 -441.742809057738 -186.452587980452 -186.051448766917 -309.638273321546 -408.331350884886 -104.973476873535 -338.495390457122 -228.560301428165 -349.185914381796 -190.070217232631 -411.948980137066 -147.207876014704 -11.757472807052 -12.5597512341215 
-245.12903806323 -233.371565256178 -306.97550326353 -984.458220733142 -537.002053532253 -1722.09706129524 -526.311529607579 -515.621005682906 -236.706268951634 -470.228182535221 -360.293093506264 -480.918706459895 -321.80300931073 -543.681772215165 -21.2416970418399 -85.0967403590955 -10.6905239246738 -95.7872642837693 -56.274473687295 -159.115697149165 -22.1833262764171 -95.7872642837693 -33.9407990834692 -21.2416970418399 -147.207876014704 -671.693685098513 -479.527738974911 -479.527738974911 -479.527738974911 -383.740474691141 -383.740474691141 -383.740474691141 -1554.12326359548 -475.851667601339 -549.305257281282 -11.9078211344607 -2197.35987085932 -2930.63474500962 -2516.8455940177 -3833.49191771604 
-3843.07064414442 -2096.09879865454 -2446.68585944758 -2297.8454271936 -4074.71519237784 -461.623071498797 -461.623071498797 -461.623071498797 -475.274807024469 -1890.88928874857 -2195.10444854449 -1917.91449466213 -2175.95572075376 -2196.42282249871 -2315.60451817196 -2389.27448064682 -884.051546118344 -2167.82129561796 -398.294638633401 -535.07666117874 -582.970293320625 -726.651189746279 -647.934899314346 -41.9256169090337 -1439.75484846354 -274.645252065551 -389.724676204173 -1307.54434754198 -420.19260275651 -897.053915750045 -1574.07414003739 -48.4423876024565 -49.4905280251824 -172.806741955309 -1072.72421120515 -304.663047840124 -304.663047840124 -211.316819200155 -296.012420345716 -1500.62055035745 
-200.225156061947 -200.225156061947 -53.6830897160857 -53.6830897160857 -65.4405625231378 -65.4405625231378 -2199.58441252644 -2275.17445745439 -2222.49030615004 -2229.29562779709 -1893.11383041569 -2259.43611178854 -2178.18026242088 -2200.34848426421 -2317.82905983908 -2394.90126251071 -2170.04583728508 -1962.53623476084 -2195.01818692113 -2190.69678938985 -422.428474619548 -1884.2262072791 -2169.29263928429 -2184.66444343493 -2308.94143670248 -2372.42080398875 -2161.15821414849 -359.100041754152 -334.877761204943 -600.890130174685 -425.128066118908 -175.762064055778 -249.36600206313 -271.549328339547 -260.457665201339 -732.926389072937 -2529.3314837064 -2194.27365615074 -2912.48054084148 -2413.49670625116 
-3104.05506940902 -5512.4206786611 -2152.88036050274 -2010.89350948776 -2077.9445944864 -2427.61768592351 -2183.90395874169 -3573.84627782478 -5255.02822570129 -1887.80307403998 -3589.46614951802 -2316.89065094508 -2163.07620681647 -2172.86950604518 -2190.97656124826 -2312.51830346337 -2381.46817285452 -2164.73508090938 -11.757472807052 -1439.24320346741 -3139.84136105573 -345.427524964715 -345.427524964715 -470.228182535221 -543.681772215165 
<Wx>
2.47476668560984e-13 2.87777900036985e-11 2.15265164514581e-10 8.79084961826108e-11 3.26836967379338e-12 1.19220394884544e-14 1.38066000442887e-17 7.09491932926783e-16 2.10306129423505e-16 1.31256767546424e-18 0 4.66545945050409e-22 2.46029679752676e-29 2.21706193915496e-14 5.80897029185817e-14 9.54328539684685e-16 1.65801703763716e-18 1.36672265135857e-14 7.82795806206127e-14 1.56731758172652e-15 2.43623563297066e-09 2.29067572208161e-16 1.0406647003319e-13 2.75465977703311e-12 9.28584117515875e-19 8.11040202174792e-11 1.60861851726196e-11 5.55203948442622e-21 0.000471915533944456 3.0810036781271e-10 0.000306219144632948 1.73654482575172e-10 6.95752892984149e-08 7.0760405819686e-07 1.11569031238474e-12 1.90004862249792e-05 1.50950296073323e-12 1.60727291926709e-18 0.0529259556458556 0 
9.83954440805536e-07 0.000433727772269715 1.18303100279647e-17 6.52750871278667e-14 3.3042348702126e-17 6.55052345189087e-08 1.74093472765548e-05 1.14002460246888e-16 5.04139822922639e-16 1.93433657029186e-15 1.05371153074622e-16 4.2360873246632e-07 3.49547398690737e-16 8.77462514548696e-16 5.37208333960213e-09 3.24860070963993e-22 7.06387291063052e-16 4.14985909681249e-15 6.61294255917449e-16 4.89613676464034e-23 3.02834523282653e-20 2.89708555199518e-25 4.59855063520451e-32 2.73826389702624e-09 6.59801398654936e-15 4.6878062997467e-11 6.05715507066137e-14 1.14900008850113e-17 3.72984397830694e-07 4.55718481536342e-05 3.36073426443509e-17 7.20714100943296e-16 2.63342875825258e-15 1.44734775590901e-05 2.18837061298892e-08 1.09381483953645e-11 1.83176891532067e-12 8.07611196126464e-15 1.58119742820127e-15 6.50749702002128e-08 
3.39453321576648e-05 4.56199746034816e-13 4.89797079462122e-09 2.33222001536535e-15 3.61604445270783e-07 0.000214703288072224 1.00016218380106e-10 6.27808189786781e-07 7.24727505154805e-07 8.47087066723043e-12 1.69492042544223e-05 2.39451999434984e-12 5.45097419429255e-17 7.67225002447813e-07 1.37794115514084e-31 6.28856032104335e-11 3.08845129719558e-07 4.63953837113139e-31 4.20162340017432e-10 6.1742663430823e-30 4.40207848883915e-29 1.25443842195588e-29 5.55803356624164e-09 1.34269204715265e-19 1.33253420871173e-21 9.30651423379623e-27 3.39873007025552e-35 5.40349085980798e-13 2.14336267850609e-26 9.64202111894777e-25 2.44135002478661e-07 0.0521296998854073 8.94065469809014e-10 6.75263553767946e-07 1.07703644164413e-05 4.46666975745582e-12 0.000407800711894203 0 2.53170077390527e-14 7.69456517832628e-28 
8.70961978275383e-17 2.96251960664156e-17 0.000377965964821594 2.32737543691078e-34 1.99625086892291e-06 1.76632549043678e-31 3.56220788562282e-11 4.49444489702751e-19 5.6490841983306e-06 9.99539945277414e-13 6.26826500073597e-10 1.44512187071567e-08 4.65219397858911e-15 2.87659633453634e-07 5.60300106205062e-15 7.36794191866364e-12 2.35860026114151e-07 0.892559264740669 2.58659745333248e-16 0.972069705751906 2.3222228406129e-10 0.0279302921063275 1.31408991828644e-09 5.9545396079252e-10 0 0 0 0 0 0 0 0 0 0 0 0 0 0 0 0 
0 0 0 0 0 0 0 0 0 0 0 0 0 0 0 0 0 0 0 0 0 0 0 0 0 1 0 0 0 0 0 0 0 0 0 0 0 0 0 0 
0 0 0 0 0 1 0 0 0 0 0 0 0 0 0 0 0 0 0 0 0 0 0 0 0 0 0 0 0 0 0 0 0 0 0 0 0 0 0 0 
0 0 0 0 0 0 0 0 0 0 0 0 0 0 0 0 0 0 0 0 0 0 1 0 0 
<VL>
-29.027460085786 -24.2714172067264 -22.2591505243957 -23.1547246585409 -26.4467298260525 -32.0603876498844 -38.8213849319826 -34.8819825474394 -36.0979674455152 -41.17454639748 -54.7552246294886 -49.1166857275654 -65.8746857047595 -31.4400084333981 -30.476787977077 -34.5855236805093 -40.9409093412149 -31.9237756533048 -30.1784896098242 -34.089410783452 -19.8328117623142 -36.0125146387199 -29.8937465649945 -26.6177271738595 -41.5206259811228 -23.2352885849201 -24.8530602760981 -46.6401216179475 -7.65871054190032 -21.9005955165171 -8.09120955340013 -22.4739535232209 -16.4808563714631 -14.1613811395206 -27.5215477883422 -10.8710459883369 -27.2192406843658 -40.9719927700282 -2.93886140551855 -54.7552246294886 
-13.8316862409604 -7.74309347350399 -38.9758667893174 -30.3601659455448 -37.9487416411405 -16.5411357811791 -10.958503296182 -36.7103116446181 -35.2236780178632 -33.8790119849484 -36.7890427652396 -14.6744556085442 -35.5898925028428 -34.6694974379283 -19.0420500447047 -49.478647693121 -34.8863680158988 -33.1157020138198 -34.9523327652964 -51.3710106600889 -44.9436855173218 -56.5009220752624 -72.1569818012657 -19.7159417315888 -32.65200770229 -23.7834712898268 -30.4349510723533 -39.0050545050077 -14.8017292470496 -9.99622039714409 -37.9317870997162 -34.8662891465325 -33.5704896874513 -11.1431927173017 -17.6375234893723 -25.23876458414 -27.0257389955581 -32.4498658311009 -34.080593968957 -16.5477258439958 
-10.2907592050865 -28.4158456417576 -19.1344448411494 -33.6919557846612 -14.8327149151666 -8.44625353846824 -23.0256887592898 -14.2810311474074 -14.1374701077018 -25.4943878183055 -10.9852896718816 -26.7578383250481 -37.4481522369514 -14.0804857246905 -71.0595474142266 -23.4897038621969 -14.9904258840091 -69.8455230105069 -21.5903799554812 -67.2571627252028 -65.2928908836141 -66.5482796969344 -19.0080214663781 -43.4544401778341 -48.0672044035675 -59.9390829006374 -79.3670764016896 -28.2465610086947 -59.1048364769861 -55.2984965785623 -15.2255444758141 -2.95402043726056 -20.8352421109878 -14.2081627722531 -11.4387122311157 -26.1343780056723 -7.80473195413098 -54.7552246294886 -31.3072999823808 -62.4318683451791 
-36.9795184439431 -38.0579064561838 -7.88070640655306 -77.4431519510366 -13.1242397021397 -70.8112364881959 -24.0580554777198 -42.2462746000203 -12.0840171147348 -27.6314812765088 -21.1903513279843 -18.0524870863487 -33.0014374632326 -15.0614878840062 -32.8154740367772 -25.6338826999241 -15.2600273175657 -0.113662364462152 -35.891018200468 -0.0283277633564761 -22.1833260820133 -3.57804344056461 -20.4501214882615 -21.2416970419733 -54.7552246294886 0 0 0 0 0 0 0 0 0 0 0 0 0 0 0 
0 0 0 0 0 0 0 0 0 0 0 0 0 0 0 0 0 0 0 0 0 0 0 0 0 0 0 0 0 0 0 0 0 0 0 0 0 0 0 0 
0 0 0 0 0 0 0 0 0 0 0 0 0 0 0 0 0 0 0 0 0 0 0 0 0 0 0 0 0 0 0 0 0 0 0 0 0 0 0 0 
0 0 0 0 0 0 0 0 0 0 0 0 0 0 0 0 0 0 0 0 0 0 0 0 0 
<Gamma>
0.0750136544237901 0.34431581935465 0.912808071620234 1.11342487195486 0.430228491995507 0.0523622367596174 0.00200732628588397 0.912808071620234 1.11342487195486 0.430228491995507 5.46174659094142e-09 0.00165146710709613 2.84359549803268e-05 0.34431581935465 1.11342487195486 0.430228491995507 1.11342487195486 0.430228491995507 0.912808071620234 0.34431581935465 0.187772459201582 1.11342487195486 0.912808071620234 0.912808071620234 0.912808071620234 1.11342487195486 0.907618711218095 1.11342487195486 1.11342487195486 0.0607937669319103 0.319184156480695 1.11342487195486 1.3333913671623 0.912808071620234 0.912808071620234 1.11342487195486 0.912808071620234 1.11342487195486 0.639497322980652 0.639786915507735 
0.725507917853879 0.400671294099086 1.95214676995777 0.076053696314699 0.00110472596986131 1.11342487195486 2.10112272596348 14.1196172862766 32.1672664176832 1.11342487195486 0.430228491995507 0.912808071620234 3.60862377751795 1.3333913671623 0.912808071620234 8.96043553352565 1.11342487195486 16.2619846063789 1.11342487195486 0.430228491995507 0.430228491995507 0.211091327466828 0.00116609481648104 0.912808071620234 0.854957620851315 1.11342487195486 1.11342487195486 3.74879359329665 0.0523622367596174 1.11342487195486 12.9546785999734 0.149583947947468 1.11342487195486 0.624886733283934 1.11342487195486 0.274901185116678 1.11342487195486 1.13544136703737 0.430228491995507 0.579937081157355 
0.624886733283934 0.430228491995507 1.11342487195486 1.11342487195486 0.430228491995507 0.466250682922241 1.11342487195486 0.536994750231443 0.912808071620234 0.912808071620234 1.11342487195486 0.912808071620234 1.11342487195486 1.96796105402491 0.580580505095686 1.11342487195486 12.9546785999734 2.29006495485008 3.57158406334543 2.29006495485008 2.84520768856699 1.11342487195486 2.84520768856699 1.11342487195486 2.84520768856699 0.430228491995507 0.0523622367596174 2.84520768856699 2.29006495485008 2.84520768856699 1.11342487195486 0.619027833497632 0.430228491995507 1.11342487195486 1.11342487195486 1.11342487195486 0.430228491995507 1.11342487195486 1.11342487195486 0.0523622367596174 
0.0607937669319103 0.0607937669319103 0.0451000839286361 0.00200732628588397 1.11342487195486 0.000107871593472491 0.430228491995507 0.0655057576557455 0.274290047169122 1.11342487195486 0.912808071620234 0.912808071620234 0.912808071620234 1.11342487195486 1.11342487195486 0.842331435174675 1.55163258436053 0.987150224733738 1 1 1 1 1 1 1 1 1 1 1 1 1 1 1 1 1 1 1 1 1 1 
1 1 1 1 1 1 1 1 1 1 1 1 1 1 1 1 1 1 1 1 1 1 1 1 1 1 1 1 1 1 1 1 1 1 1 1 1 1 1 1 
1 1 1 1 1 1 1 1 1 1 1 1 1 1 1 1 1 1 1 1 1 1 1 1 1 1 1 1 1 1 1 1 1 1 1 1 1 1 1 1 
1 1 1 1 1 1 1 1 1 1 1 1 1 1 1 1 1 1 1 1 1 1 1 1 1 
<lnGmf>
0 0 0 0 0 0 0 0 0 0 0 0 0 0 0 0 0 0 0 0 0 0 0 0 0 0 0 0 0 0 0 0 0 0 0 0 0 0 0 0 
0 0 0 0 0 0 0 0 0 0 0 0 0 0 0 0 0 0 0 0 0 0 0 0 0 0 0 0 0 0 0 0 0 0 0 0 0 0 0 0 
0 0 0 0 0 0 0 0 0 0 0 0 0 0 0 0 0 0 0 0 0 0 0 0 0 0 0 0 0 0 0 0 0 0 0 0 0 0 0 0 
0 0 0 0 0 0 0 0 0 0 0 0 0 0 0 0 0 0 0 0 0 0 0 0 0 0 0 0 0 0 0 0 0 0 0 0 0 0 0 0 
0 0 0 0 0 0 0 0 0 0 0 0 0 0 0 0 0 0 0 0 0 0 0 0 0 0 0 0 0 0 0 0 0 0 0 0 0 0 0 0 
0 0 0 0 0 0 0 0 0 0 0 0 0 0 0 0 0 0 0 0 0 0 0 0 0 0 0 0 0 0 0 0 0 0 0 0 0 0 0 0 
0 0 0 0 0 0 0 0 0 0 0 0 0 0 0 0 0 0 0 0 0 0 0 0 0 
<BF>
2.05154371386956e-08 1.54036120272976e-07 9.8319773080982e-10 0.0304798612403616 0.0199251403563692 3.23595056378708 0.00017137607289278 0.030412354335559 109.109704844727 0.00209716088566867 0.0142414202856896 8.10610338931496e-05 6.84917880879534e-13 3.21182461933301 54.8293211643077 0.0531137099331259 0.000122014521632622 0.000363779148888708 -5.37711147028289e-16 0 0 0 0.801968753125901 0 0 0 0 0.0460856307783445 0 0 0 9.82512812928941e-10 0 1.62698032036525 1.0841393853009e-09 0 0 0 
<BFC>
0 0 0 0.412834556062775 0 0 0 0.504535878088809 0 0 0 0 0 0 1.23859815757368 0.183402644052068 4.72446926759868e-05 0 0 
<XFA>
54.553782285188 0 
<YFA>
54.5537829681692 0 
<PUL>
1000000 1000000 
<PLL>
0 0 
<Y_m>
1.53910327951534e-11 1.7897441091899e-09 1.33877396441578e-08 5.46719234417756e-09 2.03265968984234e-10 7.41453737109357e-13 8.58658051713868e-16 4.41246185794763e-14 1.30793280586825e-14 8.16310170021146e-17 0 2.90153572151679e-20 1.53010418787071e-27 1.37883192031138e-12 3.61270631239441e-12 5.9351461036895e-14 1.03115153236792e-16 8.4999015346593e-13 4.86835223509489e-12 9.74743859331892e-14 1.51514010358244e-07 1.42461369658093e-14 6.47208669192981e-12 1.71317398178725e-10 5.77503676966766e-17 5.04400936962832e-09 1.00042967678663e-09 3.45291628021626e-19 0.0293493019027432 1.91613330370807e-08 0.019044336280081 1.07998941956068e-08 4.32701622157286e-06 4.40072081502413e-05 6.93868488168893e-11 0.0011816754618242 9.38787874756816e-11 9.99592824448652e-17 3.29156329684252 0 
6.11939507487065e-05 0.0269743342109319 7.35748911911537e-16 4.05957867678311e-12 2.05496492037186e-15 4.07389196968398e-06 0.00108271958093552 7.09002434286303e-15 3.13533901723471e-14 1.20299977219429e-13 6.55322734892478e-15 2.63450123666743e-05 2.17390007227447e-14 5.45710204378671e-14 3.34099821768607e-07 2.02036500455419e-20 4.39315351465218e-14 2.58087430325043e-13 4.11271156964193e-14 3.04499821952169e-21 1.88338404038253e-18 1.80175121155451e-23 2.85992388891258e-30 1.70297708006078e-07 4.10342721357741e-13 2.91543364133126e-09 3.76705702723268e-12 7.14584455439166e-16 2.31965911472504e-05 0.00283419771870532 2.09010294103623e-15 4.48225460123094e-14 1.63777816380204e-13 0.000900132400630639 1.360988252683e-06 6.80263726072523e-10 1.13921104614739e-10 5.02268374533756e-13 9.83375993161992e-14 4.04713303407143e-06 
0.00211112313544114 2.83719079183913e-11 3.04613883676643e-07 1.45045086273075e-13 2.24888508011591e-05 0.0133527955065896 6.2201940331846e-09 3.90445551665939e-05 4.50721470603546e-05 5.26819150269589e-10 0.00105410243336649 1.48919637459105e-10 3.39006190271296e-15 4.77151451997426e-05 8.56967148939057e-30 3.91097224228343e-09 1.92076511607225e-05 2.8854149217246e-29 2.61306748312846e-08 3.83989069858415e-28 2.73773421884685e-27 7.80158509652223e-28 3.45664411081679e-07 8.35045075225976e-18 8.28727727191468e-20 5.78789372807573e-25 2.11373323705003e-33 3.36053113674117e-11 1.33299698386177e-24 5.99655167964722e-23 1.51832083866443e-05 3.24204267498491 5.56035890044068e-08 4.19958922263138e-05 0.000669828929381891 2.7779047262058e-10 0.0253618822620602 0 1.57451164448212e-12 4.78539272783534e-26 
5.41667400362018e-15 1.84244586316909e-15 0.023506404033346 1.44743792958007e-32 0.000124150542229296 1.09851056700841e-29 2.21540312101237e-09 2.79517860040669e-17 0.000351327018682829 6.21632421645418e-11 3.89835020634544e-08 8.98748081364988e-07 2.89328567861482e-13 1.78900858738353e-05 3.48461023007709e-13 4.58225966764188e-10 1.46685722662138e-05 55.50837344 0 0 0 0 0 0 0 0 0 0 0 0 0 0 0 0 0 0 0 0 0 0 
0 0 0 0 0 0 0 0 0 0 0 0 0 0 0 0 0 0 0 0 0 0 0 0 0 0.420058870101407 0 0 0 0 0 0 0 0 0 0 0 0 0 0 
0 0 0 0 0 0.0933060305911113 0 0 0 0 0 0 0 0 0 0 0 0 0 0 0 0 0 0 0 0 0 0 0 0 0 0 0 0 0 0 0 0 0 0 
0 0 0 0 0 0 0 0 0 0 0 0 0 0 0 0 0 0 0 0 0 0 4.80714415310369e-05 0 0 
<IC_m>
2.08749995069189e-08 1.56735823516631e-07 1.00042967678663e-09 0.0310140643877204 0.0202743569294369 3.29266522407508 0.000174379683598201 0.0309453743278919 0.00217778571867371 0.00213391662864293 0.0144910215381192 8.24817444105844e-05 6.96922046015419e-13 3.26811643794996 0.280368091932816 0.0540446036399714 0.000124153000576657 0.000370154898592663 -1.71317156966687e-15 
<IC_lm>
-7.68037351012893 -6.80483171575069 -8.99981341510333 -1.50844131267978 -1.69305290851178 0.517547575755207 -3.75850410685688 -1.50940425639661 -2.66198484896841 -2.67082254675487 -1.83890099422872 -4.08364215421823 -12.1568157717668 0.514297520309188 -0.55227141283073 -1.26724766126529 -3.9060427716655 -3.43161649169717 0 
<IC_wm>
4.68786909240177e-07 1.79145989971166e-05 6.65331345725806e-08 0.310047320597533 0.676294757596612 97.159094422909 0.00275737483763458 1.43834459883132 0.00182690301344661 0.0694413626303813 0.293141654325277 0.00377149539487689 8.12479163907056e-12 62.5339132289556 3.73339821133766 1.44229110932852 0.00290221792546593 0.0269941505233053 -0 
<Aalp>
0 0 0 0 0 0 0 0 0 0 0 0 0 0 0 0 0 0 0 0 0 0 0 0 0 0 0 0 0 0 0 0 0 0 0 0 0 0 0 0 
0 0 0 0 0 0 0 0 0 0 0 0 0 0 0 0 0 0 0 0 0 0 0 0 0 0 0 0 0 0 0 0 0 0 0 0 0 0 0 0 
0 0 0 0 0 0 0 0 0 0 0 0 0 0 0 0 0 0 0 0 0 0 0 0 0 0 0 0 0 0 0 0 0 0 0 0 0 0 0 0 
0 0 
<Xr0h0>
0 0 0 0 0 0 0 0 0 0 0 0 0 0 0 0 0 0 0 0 0 0 0 0 0 0 0 0 0 0 0 0 0 0 0 0 0 0 0 0 
0 0 0 0 0 0 0 0 0 0 0 0 0 0 0 0 0 0 0 0 0 0 0 0 0 0 0 0 0 0 0 0 0 0 0 0 0 0 0 0 
0 0 0 0 0 0 0 0 0 0 0 0 0 0 0 0 0 0 0 0 0 0 0 0 0 0 0 0 0 0 0 0 0 0 0 0 0 0 0 0 
0 0 0 0 0 0 0 0 0 0 0 0 0 0 0 0 0 0 0 0 0 0 0 0 0 0 0 0 0 0 0 0 0 0 0 0 0 0 0 0 
0 0 0 0 0 0 0 0 0 0 0 0 0 0 0 0 0 0 0 0 0 0 0 0 0 0 0 0 0 0 0 0 0 0 0 0 0 0 0 0 
0 0 0 0 0 0 0 0 0 0 0 0 0 0 0 0 0 0 0 0 0 0 0 0 0 0 0 0 0 0 0 0 0 0 0 0 0 0 0 0 
0 0 0 0 
<Sigw>
0 0 0 0 0 0 0 0 0 0 0 0 0 0 0 0 0 0 0 0 0 0 0 0 0 0 0 0 0 0 0 0 0 0 0 0 0 0 0 0 
0 0 0 0 0 0 0 0 0 0 0 0 0 0 0 0 0 0 0 0 0 0 0 0 0 0 0 0 0 0 0 0 0 0 0 0 0 0 0 0 
0 0 0 0 0 0 0 0 0 0 0 0 0 0 0 0 0 0 0 0 0 0 0 0 0 0 0 0 0 0 0 0 0 0 0 0 0 0 0 0 
0 0 
<Sigg>
0 0 0 0 0 0 0 0 0 0 0 0 0 0 0 0 0 0 0 0 0 0 0 0 0 0 0 0 0 0 0 0 0 0 0 0 0 0 0 0 
0 0 0 0 0 0 0 0 0 0 0 0 0 0 0 0 0 0 0 0 0 0 0 0 0 0 0 0 0 0 0 0 0 0 0 0 0 0 0 0 
0 0 0 0 0 0 0 0 0 0 0 0 0 0 0 0 0 0 0 0 0 0 0 0 0 0 0 0 0 0 0 0 0 0 0 0 0 0 0 0 
0 0 
<EZ>
3 2 1 0 -1 -2 -3 1 0 -1 7 4 5 2 0 -1 0 -1 1 2 2 0 1 1 1 0 -1 0 0 -2 2 0 1 1 1 0 1 0 -1 -1 
-1 2 3 -2 -3 0 1 2 1 0 -1 1 2 1 1 2 0 1 0 -1 -1 4 5 1 2 0 0 -1 -2 0 1 2 0 -1 0 -1 0 -1 -1 -1 
1 -1 0 0 -1 2 0 1 1 1 0 1 0 2 3 0 1 2 1 2 1 0 1 0 1 -1 -2 1 2 1 0 1 -1 0 0 0 -1 0 0 -2 
-2 -2 -2 -3 0 -4 -1 -2 2 0 1 1 1 0 0 -1 1 0 0 0 0 0 0 0 0 0 0 0 0 0 0 0 0 0 0 0 0 0 0 0 
0 0 0 0 0 0 0 0 0 0 0 0 0 0 0 0 0 0 0 0 0 0 0 0 0 0 0 0 0 0 0 0 0 0 0 0 0 0 0 0 
0 0 0 0 0 0 0 0 0 0 0 0 0 0 0 0 0 0 0 0 0 0 0 0 0 0 0 0 0 0 0 0 0 0 0 0 0 0 0 0 
0 0 0 0 0 0 0 0 0 0 0 0 0 0 0 0 0 0 0 0 0 0 0 0 0 
<Xcond>
0 0 0 0 0 0 0 0 0 0 0 0 0 0 0 0 0 0 0 0 0 0 0 0 0 0 0 0 0 0 0 0 0 0 0 0 0 0 0 0 
0 0 0 0 0 0 0 0 0 0 0 0 0 0 0 0 0 0 0 0 0 0 0 0 0 0 0 0 0 0 0 0 0 0 0 0 0 0 0 0 
0 0 0 0 0 0 0 0 0 0 0 0 0 0 0 0 0 0 0 0 0 0 0 0 0 0 0 0 0 0 0 0 0 0 0 0 0 0 0 0 
0 0 
<Xeps>
0 0 0 0 0 0 0 0 0 0 0 0 0 0 0 0 0 0 0 0 0 0 0 0 0 0 0 0 0 0 0 0 0 0 0 0 0 0 0 0 
0 0 0 0 0 0 0 0 0 0 0 0 0 0 0 0 0 0 0 0 0 0 0 0 0 0 0 0 0 0 0 0 0 0 0 0 0 0 0 0 
0 0 0 0 0 0 0 0 0 0 0 0 0 0 0 0 0 0 0 0 0 0 0 0 0 0 0 0 0 0 0 0 0 0 0 0 0 0 0 0 
0 0 
<Fug>
2.58659930889587e-16 0.972069677957694 2.32222238916396e-10 0.0279303052475441 1.31408957894063e-09 5.95453960871924e-10 0 
<Fug_l>
-15.5872707744904 -0.0123026036741671 -9.63409614988691 -1.55392431110169 -8.88137498983199 -9.2251517711034 -63.9315679657105 
<Ppg_l>
-15.5872707744904 -0.0123026036741671 -9.63409614988691 -1.55392431110169 -8.88137498983199 -9.2251517711034 -63.9315679657105 
<sMod>
'SNNSNNNN' 'INNINNNN' 
<LsMod>
399 2 2 0 0 0 
<IPxPH>
38 7 7 39 7 111 38 14 14 39 14 111 15 38 39 15 111 15 38 8 39 8 8 111 38 9 39 9 111 9 38 17 39 17 111 17 38 0 39 0 
111 0 38 10 39 10 111 10 38 11 39 11 111 11 38 12 39 12 111 12 38 1 39 1 111 1 38 2 39 2 111 2 38 3 39 3 111 3 38 4 
39 4 111 4 38 5 39 5 111 5 38 6 39 6 111 6 38 13 39 13 111 13 38 16 39 16 111 16 38 19 39 19 111 19 38 18 39 18 111 18 
38 20 39 20 111 20 38 21 39 21 111 21 38 22 39 22 111 22 38 23 39 23 111 23 38 24 39 24 111 24 38 25 39 25 111 25 38 26 39 26 
111 26 38 30 39 30 111 30 38 31 39 31 111 31 38 32 39 32 111 32 38 33 39 33 111 33 38 34 39 34 111 34 38 36 39 36 111 36 38 37 
39 37 111 37 38 35 39 35 111 35 38 27 39 27 111 27 38 28 39 28 111 28 38 29 39 29 111 29 38 40 39 40 111 40 38 43 39 43 111 43 
38 44 39 44 111 44 38 56 39 56 111 56 38 57 39 57 111 57 38 59 39 59 111 59 38 58 39 58 111 58 38 60 39 60 111 60 38 65 39 65 
111 65 38 67 39 67 111 67 38 68 39 68 111 68 38 41 39 41 111 41 38 42 39 42 111 42 38 61 39 61 111 61 38 62 39 62 111 62 38 46 
39 46 111 46 38 47 39 47 111 47 38 48 39 48 111 48 38 49 39 49 111 49 38 50 39 50 111 50 38 45 39 45 111 45 38 51 39 51 111 51 
38 52 39 52 111 52 38 53 39 53 111 53 38 54 39 54 111 54 38 55 39 55 111 55 38 63 39 63 111 63 38 64 39 64 111 64 38 66 39 66 
111 66 38 71 39 71 111 71 38 69 39 69 111 69 38 70 39 70 111 70 38 136 39 136 111 136 38 72 39 72 111 72 38 76 39 76 111 76 38 73 
39 73 111 73 38 74 39 74 111 74 38 75 39 75 111 75 38 77 39 77 111 77 38 78 39 78 111 78 38 79 39 79 111 79 38 80 39 80 111 80 
38 81 39 81 111 81 38 82 39 82 111 82 38 83 39 83 111 83 38 84 39 84 111 84 38 85 39 85 111 85 38 86 39 86 111 86 38 87 39 87 
111 87 38 88 39 88 111 88 38 89 39 89 111 89 38 91 39 91 111 91 38 92 39 92 111 92 38 90 39 90 111 90 38 103 39 103 111 103 38 104 
39 104 111 104 38 105 39 105 111 105 38 106 39 106 111 106 38 93 39 93 111 93 38 94 39 94 111 94 38 96 39 96 111 96 38 97 39 97 111 97 
38 95 39 95 111 95 38 98 39 98 111 98 38 99 39 99 111 99 38 100 39 100 111 100 38 101 39 101 111 101 38 102 39 102 111 102 38 107 39 107 
111 107 38 108 39 108 111 108 38 109 39 109 111 109 38 110 39 110 111 110 38 112 39 112 111 112 38 113 39 113 111 113 38 114 39 114 111 114 38 115 
39 115 111 115 38 116 39 116 111 116 38 117 39 117 111 117 38 135 39 135 111 135 38 119 39 119 111 119 38 118 39 118 118 111 38 120 39 120 111 120 
38 124 39 124 111 124 38 125 39 125 111 125 38 123 39 123 111 123 38 126 39 126 111 126 38 127 39 127 111 127 38 121 39 121 111 121 38 122 39 122 
111 122 38 128 39 128 111 128 38 129 39 129 111 129 38 130 39 130 111 130 38 131 39 131 111 131 38 132 39 132 111 132 38 133 39 133 111 133 
<PMc>
0.0500000007450581 0 0 0 0 0 0 0 0 0 0 0 0 0 0 0 -0.0500000007450581 0 0 0 0 0 0 0 0 0 0 0 -0.0500000007450581 0 0 0 0 0 -0.0500000007450581 0 0.330000013113022 0 0 0 
0 0 1.21000003814697 0 0 0 0 0 0.360000014305115 0 0 0 0 0 0.509999990463257 0 0 0 0 0 0.150000005960464 0 0 0 0 0 0.0500000007450581 0 0 0 0 0 0 0 0 0 0 0 0 0 
0 0 -0.0500000007450581 0 0 0 0 0 -0.100000001490116 0 0 0 0 0 -0.150000005960464 0 0.150000005960464 0 0 0 0 0 0 0 0 0 0 0 0.150000005960464 0 0.400000005960464 0 0 0 0.0500000007450581 0 0 0 0 0 
0.0700000002980232 0 0 0 0 0 0 0 0 0 0 0 0.0500000007450581 0 0 0 0 0 0.0500000007450581 0 0 0 0 0 0.0500000007450581 0 0 0 0 0 0 0 0 0 0 0 0 0 0 0 
0.0500000007450581 0 0.140000000596046 0 0 0 0 0 0 0 0 0 0 0 0.100000001490116 0 0 0 0 0 0.0500000007450581 0 0 0 0 0 0.0500000007450581 0 0 0 0 0 0.0500000007450581 0 0.200000002980232 0 0 0 0 0 
0 0 0 0 0 0 0 0 0 0 0 0 0 0 0 0 0 0 0 0 0 0 0 0 0 0 -0.0799999982118607 0 0 0 0 0 0.0199999995529652 0 0 0 0 0 -0.0500000007450581 0 
0 0 0 0 -0.230000004172325 0 0 0 0 0 0 0 0.430000007152557 0 0.430000007152557 0 0 0 0 0 0 0 -0.0500000007450581 0 0 0 0 0 0 0 0 0 0 0 -0.0500000007450581 0 0 0 0 0 
0 0 0 0 0 0 0.239999994635582 0 0 0 0 0 -0.100000001490116 0 0.170000001788139 0 0.370000004768372 0 0 0 0.759999990463257 0 0.730000019073486 0 0 0 1 0 1 0 0 0 1 0 1 0 0 0 0.159999996423721 0 
0.200000002980232 0 0 0 0.639999985694885 0 0.629999995231628 0 0 0 0.519999980926514 0 0.519999980926514 0 0 0 0 0 0 0 0 0 0 0 0 0 -0.0500000007450581 0 0 0 0 0 0 0 0.0500000007450581 0 0.340000003576279 0 0 0 
0.46000000834465 0 0.46000000834465 0 0 0 0.100000001490116 0 0.100000001490116 0 0 0 0.0500000007450581 0 0.200000002980232 0 0 0 0.579999983310699 0 0.579999983310699 0 0 0 0.0500000007450581 0 0.200000002980232 0 0 0 0.270000010728836 0 0.270000010728836 0 0 0 0 0 0 0 
0 0 0.0399999991059303 0 0.0399999991059303 0 0 0 0 0 0 0 0 0 0.400000005960464 0 0.400000005960464 0 0 0 0.119999997317791 0 0.140000000596046 0 0 0 0 0 0 0 0 0 0 0 0 0 0 0 0 0 
0 0 0 0 0 0 0 0 0 0 0 0 0 0 -0.109999999403954 0 0 0 0 0 0.0799999982118607 0 0 0 0 0 -0.0500000007450581 0 0 0 0 0 -0.00999999977648258 0 0 0 0 0 0 0 
0 0 0 0 -0.0500000007450581 0 0 0 0 0 0 0 0 0 0 0 0 0 0 0 0 0 -0.0500000007450581 0 0.189999997615814 0 0 0 0 0 0 0 0 0 0 0 -0.0199999995529652 0 0 0 
0 0 0.0500000007450581 0 0 0 0 0 0.0500000007450581 0 0 0 0 0 0.0500000007450581 0 0.200000002980232 0 0 0 0 0 0 0 0 0 0 0 0 0 0 0 0 0 0 0 0 0 0.200000002980232 0 
0.200000002980232 0 0 0 0 0 0 0 -0.0500000007450581 0 0 0 0 0 -0.100000001490116 0 0.379999995231628 0 0.379999995231628 0 0 0 0.600000023841858 0 0.600000023841858 0 0 0 0.400000005960464 0 0.400000005960464 0 0 0 0.400000005960464 0 0.400000005960464 0 0 0 
0 0 0 0 0 0 0.230000004172325 0 0.230000004172325 0 0 0 0.400000005960464 0 0.400000005960464 0 0 0 0.200000002980232 0 0.200000002980232 0 0 0 0 0 0 0 0 0 0.200000002980232 0 0.200000002980232 0 0 0 0.200000002980232 0 0.200000002980232 0 
0 0 0.400000005960464 0 0.400000005960464 0 0 0 0.200000002980232 0 0.200000002980232 0 0 0 0 0 0 0 0 0 0 0 0 0 -0.0500000007450581 0 0 0 0 0 0 0 0 0 0 0 0 0 0 0 
0 0 0 0 0 0 0 0 -0.0500000007450581 0 0 0 0 0 0 0 0 0 0 0 0.0399999991059303 0 0 0 0 0 -0.100000001490116 0 0 0 0 0 0 0 0 0 0 0 -0.0799999982118607 0 
0 0 0 0 0 0 0 0 0 0 0 0 0 0 0 0 -0.150000005960464 0 0 0 0 0 -0.0500000007450581 0 0 0 0 0 -0.0700000002980232 0 0 0 0 0 -0.0799999982118607 0 0 0 0 0 
-0.119999997317791 0 0.119999997317791 0 0 0 0 0 0 0 0 0 0 0 0.0500000007450581 0 0 0 0 0 0.0500000007450581 0 0 0 0 0 0.0500000007450581 0 0 0 0 0 0 0 0 0 0 0 
<LsMdc>
0 0 0 0 0 0 
<DMc>

<MoiSN>

<SitFr>

<LsMdc2>
0 0 0 0 0 0 
<DQFc>

<LsPhl>
0 0 0 0 0 0 0 0 0 0 0 0 0 0 0 0 0 0 0 0 0 0 0 0 0 0 0 0 0 0 0 0 0 0 0 0 0 0 0 0 
0 0 0 0 0 0 0 0 0 0 0 0 0 0 0 0 0 0 0 0 0 0 0 0 0 0 0 0 0 0 0 0 0 0 0 0 0 0 0 0 
0 0 0 0 0 0 0 0 0 0 0 0 0 0 0 0 0 0 0 0 0 0 0 0 0 0 0 0 0 0 0 0 0 0 0 0 0 0 0 0 
0 0 0 0 0 0 0 0 0 0 0 0 0 0 0 0 0 0 0 0 0 0 0 0 0 0 0 0 0 0 0 0 0 0 0 0 0 0 0 0 
0 0 0 0 0 0 0 0 0 0 0 0 0 0 0 0 0 0 0 0 0 0 0 0 0 0 0 0 0 0 0 0 0 0 0 0 0 0 0 0 
0 0 0 0 0 0 0 0 0 0 0 0 0 0 0 0 0 0 0 0 0 0 0 0 0 0 0 0 0 0 0 0 0 0 0 0 0 0 0 0 
0 0 0 0 
<PhLin>

<lPhc>

<lnDQFt>
0 0 0 0 0 0 0 0 0 0 0 0 0 0 0 0 0 0 0 0 0 0 0 0 0 0 0 0 0 0 0 0 0 0 0 0 0 0 0 0 
0 0 0 0 0 0 0 0 0 0 0 0 0 0 0 0 0 0 0 0 0 0 0 0 0 0 0 0 0 0 0 0 0 0 0 0 0 0 0 0 
0 0 0 0 0 0 0 0 0 0 0 0 0 0 0 0 0 0 0 0 0 0 0 0 0 0 0 0 0 0 0 0 0 0 0 0 0 0 0 0 
0 0 0 0 0 0 0 0 0 0 0 0 0 0 0 0 0 0 0 0 0 0 0 0 0 
<lnRcpt>
0 0 0 0 0 0 0 0 0 0 0 0 0 0 0 0 0 0 0 0 0 0 0 0 0 0 0 0 0 0 0 0 0 0 0 0 0 0 0 0 
0 0 0 0 0 0 0 0 0 0 0 0 0 0 0 0 0 0 0 0 0 0 0 0 0 0 0 0 0 0 0 0 0 0 0 0 0 0 0 0 
0 0 0 0 0 0 0 0 0 0 0 0 0 0 0 0 0 0 0 0 0 0 0 0 0 0 0 0 0 0 0 0 0 0 0 0 0 0 0 0 
0 0 0 0 0 0 0 0 0 0 0 0 0 0 0 0 0 0 0 0 0 0 0 0 0 
<lnExet>
0 0 0 0 0 0 0 0 0 0 0 0 0 0 0 0 0 0 0 0 0 0 0 0 0 0 0 0 0 0 0 0 0 0 0 0 0 0 0 0 
0 0 0 0 0 0 0 0 0 0 0 0 0 0 0 0 0 0 0 0 0 0 0 0 0 0 0 0 0 0 0 0 0 0 0 0 0 0 0 0 
0 0 0 0 0 0 0 0 0 0 0 0 0 0 0 0 0 0 0 0 0 0 0 0 0 0 0 0 0 0 0 0 0 0 0 0 0 0 0 0 
0 0 0 0 0 0 0 0 0 0 0 0 0 0 0 0 0 0 0 0 0 0 0 0 0 
<lnCnft>
0 0 0 0 0 0 0 0 0 0 0 0 0 0 0 0 0 0 0 0 0 0 0 0 0 0 0 0 0 0 0 0 0 0 0 0 0 0 0 0 
0 0 0 0 0 0 0 0 0 0 0 0 0 0 0 0 0 0 0 0 0 0 0 0 0 0 0 0 0 0 0 0 0 0 0 0 0 0 0 0 
0 0 0 0 0 0 0 0 0 0 0 0 0 0 0 0 0 0 0 0 0 0 0 0 0 0 0 0 0 0 0 0 0 0 0 0 0 0 0 0 
0 0 0 0 0 0 0 0 0 0 0 0 0 0 0 0 0 0 0 0 0 0 0 0 0 
<SorMc>
0 0 0 0 0 0 0 0 0 0 0 0 0 0 0 0 
0 0 0 0 0 0 0 0 0 0 0 0 0 0 0 0 
<LsISmo>
0 0 0 0 0 0 0 0 
<xSMd>

<IsoPc>

<IsoSc>

<IsoCt>

<LsESmo>
0 0 0 0 0 0 0 0 
<EImc>

<mCDc>

<lnScalT>
0 0 0 0 0 0 0 0 0 0 0 0 0 0 0 0 0 0 0 0 0 0 0 0 0 0 0 0 0 0 0 0 0 0 0 0 0 0 0 0 
0 0 0 0 0 0 0 0 0 0 0 0 0 0 0 0 0 0 0 0 0 0 0 0 0 0 0 0 0 0 0 0 0 0 0 0 0 0 0 0 
0 0 0 0 0 0 0 0 0 0 0 0 0 0 0 0 0 0 0 0 0 0 0 0 0 0 0 0 0 0 0 0 0 0 0 0 0 0 0 0 
0 0 0 0 0 0 0 0 0 0 0 0 0 0 0 0 0 0 0 0 0 0 0 0 0 
<lnSACT>
0 0 0 0 0 0 0 0 0 0 0 0 0 0 0 0 0 0 0 0 0 0 0 0 0 0 0 0 0 0 0 0 0 0 0 0 0 0 0 0 
0 0 0 0 0 0 0 0 0 0 0 0 0 0 0 0 0 0 0 0 0 0 0 0 0 0 0 0 0 0 0 0 0 0 0 0 0 0 0 0 
0 0 0 0 0 0 0 0 0 0 0 0 0 0 0 0 0 0 0 0 0 0 0 0 0 0 0 0 0 0 0 0 0 0 0 0 0 0 0 0 
0 0 0 0 0 0 0 0 0 0 0 0 0 0 0 0 0 0 0 0 0 0 0 0 0 
<lnGammF>
0 0 0 0 0 0 0 0 0 0 0 0 0 0 0 0 0 0 0 0 0 0 0 0 0 0 0 0 0 0 0 0 0 0 0 0 0 0 0 0 
0 0 0 0 0 0 0 0 0 0 0 0 0 0 0 0 0 0 0 0 0 0 0 0 0 0 0 0 0 0 0 0 0 0 0 0 0 0 0 0 
0 0 0 0 0 0 0 0 0 0 0 0 0 0 0 0 0 0 0 0 0 0 0 0 0 0 0 0 0 0 0 0 0 0 0 0 0 0 0 0 
0 0 0 0 0 0 0 0 0 0 0 0 0 0 0 0 0 0 0 0 0 0 0 0 0 
<CTerms>
0 0 0 0 0 0 0 0 0 0 0 0 0 0 0 0 0 0 0 0 0 0 0 0 0 0 0 0 0 0 0 0 0 0 0 0 0 0 0 0 
0 0 0 0 0 0 0 0 0 0 0 0 0 0 0 0 0 0 0 0 0 0 0 0 0 0 0 0 0 0 0 0 0 0 0 0 0 0 0 0 
0 0 0 0 0 0 0 0 0 0 0 0 0 0 0 0 0 0 0 0 0 0 0 0 0 0 0 0 0 0 0 0 0 0 0 0 0 0 0 0 
0 0 0 0 0 0 0 0 0 0 0 0 0 0 0 0 0 0 0 0 0 0 0 0 0 
<kMod>
'NNNNNN' 'NNNNNN' 'NNNNNN' 'NNNNNN' 'NNNNNN' 'NNNNNN' 'NNNNNN' 'NNNNNN' 'NNNNNN' 'NNNNNN' 'NNNNNN' 'NNNNNN' 'NNNNNN' 'NNNNNN' 'NNNNNN' 'NNNNNN' 'NNNNNN' 'NNNNNN' 'NNNNNN' 'NNNNNN' 'NNNNNN' 'NNNNNN' 'NNNNNN' 'NNNNNN' 'NNNNNN' 'NNNNNN' 'NNNNNN' 'NNNNNN' 'NNNNNN' 'NNNNNN' 'NNNNNN' 'NNNNNN' 'NNNNNN' 'NNNNNN' 'NNNNNN' 'NNNNNN' 'NNNNNN' 'NNNNNN' 'NNNNNN' 'NNNNNN' 
'NNNNNN' 'NNNNNN' 'NNNNNN' 'NNNNNN' 'NNNNNN' 'NNNNNN' 'NNNNNN' 'NNNNNN' 'NNNNNN' 'NNNNNN' 'NNNNNN' 'NNNNNN' 'NNNNNN' 'NNNNNN' 'NNNNNN' 'NNNNNN' 'NNNNNN' 'NNNNNN' 'NNNNNN' 'NNNNNN' 'NNNNNN' 'NNNNNN' 'NNNNNN' 'NNNNNN' 'NNNNNN' 'NNNNNN' 'NNNNNN' 'NNNNNN' 'NNNNNN' 'NNNNNN' 'NNNNNN' 'NNNNNN' 'NNNNNN' 'NNNNNN' 'NNNNNN' 'NNNNNN' 'NNNNNN' 'NNNNNN' 'NNNNNN' 'NNNNNN' 
'NNNNNN' 'NNNNNN' 'NNNNNN' 'NNNNNN' 'NNNNNN' 'NNNNNN' 'NNNNNN' 'NNNNNN' 'NNNNNN' 'NNNNNN' 'NNNNNN' 'NNNNNN' 'NNNNNN' 'NNNNNN' 'NNNNNN' 'NNNNNN' 'NNNNNN' 'NNNNNN' 'NNNNNN' 'NNNNNN' 'NNNNNN' 'NNNNNN' 'NNNNNN' 'NNNNNN' 'NNNNNN' 'NNNNNN' 'NNNNNN' 'NNNNNN' 'NNNNNN' 'NNNNNN' 'NNNNNN' 'NNNNNN' 'NNNNNN' 'NNNNNN' 'NNNNNN' 'NNNNNN' 'NNNNNN' 'NNNNNN' 'NNNNNN' 'NNNNNN' 
'NNNNNN' 'NNNNNN' 
<LsKin>
0 0 0 0 0 0 0 0 0 0 0 0 0 0 0 0 0 0 0 0 0 0 0 0 0 0 0 0 0 0 0 0 0 0 0 0 0 0 0 0 
0 0 0 0 0 0 0 0 0 0 0 0 0 0 0 0 0 0 0 0 0 0 0 0 0 0 0 0 0 0 0 0 0 0 0 0 0 0 0 0 
0 0 0 0 0 0 0 0 0 0 0 0 0 0 0 0 0 0 0 0 0 0 0 0 0 0 0 0 0 0 0 0 0 0 0 0 0 0 0 0 
0 0 0 0 0 0 0 0 0 0 0 0 0 0 0 0 0 0 0 0 0 0 0 0 0 0 0 0 0 0 0 0 0 0 0 0 0 0 0 0 
0 0 0 0 0 0 0 0 0 0 0 0 0 0 0 0 0 0 0 0 0 0 0 0 0 0 0 0 0 0 0 0 0 0 0 0 0 0 0 0 
0 0 0 0 0 0 0 0 0 0 0 0 0 0 0 0 0 0 0 0 0 0 0 0 0 0 0 0 0 0 0 0 0 0 0 0 0 0 0 0 
0 0 0 0 0 0 0 0 0 0 0 0 0 0 0 0 0 0 0 0 0 0 0 0 0 0 0 0 0 0 0 0 0 0 0 0 0 0 0 0 
0 0 0 0 0 0 0 0 0 0 0 0 0 0 0 0 0 0 0 0 0 0 0 0 0 0 0 0 0 0 0 0 0 0 0 0 0 0 0 0 
0 0 0 0 0 0 0 0 0 0 0 0 0 0 0 0 0 0 0 0 0 0 0 0 0 0 0 0 0 0 0 0 0 0 0 0 0 0 0 0 
0 0 0 0 0 0 0 0 0 0 0 0 0 0 0 0 0 0 0 0 0 0 0 0 0 0 0 0 0 0 0 0 0 0 0 0 0 0 0 0 
0 0 0 0 0 0 0 0 0 0 0 0 0 0 0 0 0 0 0 0 0 0 0 0 0 0 0 0 0 0 0 0 0 0 0 0 0 0 0 0 
0 0 0 0 0 0 0 0 0 0 0 0 0 0 0 0 0 0 0 0 0 0 0 0 0 0 0 0 0 0 0 0 0 0 0 0 0 0 0 0 
0 0 0 0 0 0 0 0 0 0 0 0 0 0 0 0 0 0 0 0 0 0 0 0 0 0 0 0 0 0 0 0 0 0 0 0 0 0 0 0 
0 0 0 0 0 0 0 0 0 0 0 0 0 0 0 0 0 0 0 0 0 0 0 0 0 0 0 0 0 0 0 0 0 0 0 0 0 0 0 0 
0 0 0 0 0 0 0 0 0 0 0 0 0 0 0 0 0 0 0 0 0 0 0 0 0 0 0 0 0 0 0 0 0 0 0 0 0 0 0 0 
0 0 0 0 0 0 0 0 0 0 0 0 0 0 0 0 0 0 0 0 0 0 0 0 0 0 0 0 0 0 0 0 0 0 0 0 0 0 0 0 
0 0 0 0 0 0 0 0 0 0 0 0 0 0 0 0 0 0 0 0 0 0 0 0 0 0 0 0 0 0 0 0 0 0 0 0 0 0 0 0 
0 0 0 0 0 0 0 0 0 0 0 0 0 0 0 0 0 0 0 0 0 0 0 0 0 0 0 0 0 0 0 0 0 0 0 0 0 0 0 0 
0 0 0 0 0 0 0 0 0 0 0 0 
<xSKrC>

<ocPRkC>

<feSArC>

<rpConC>

<apConC>

<AscpC>

<LsUpt>
0 0 0 0 
<UMpcC>

<PfFact>
1 1 1 1 1 1 1 1 1 1 1 1 1 1 1 1 1 1 1 1 1 1 1 1 1 1 1 1 1 1 1 1 1 1 1 1 1 1 1 1 
1 1 1 1 1 1 1 1 1 1 1 1 1 1 1 1 1 1 1 1 1 1 1 1 1 1 1 1 1 1 1 1 1 1 1 1 1 1 1 1 
1 1 1 1 1 1 1 1 1 1 1 1 1 1 1 1 1 1 1 1 1 1 1 1 1 1 1 1 1 1 1 1 1 1 1 1 1 1 1 1 
1 1 
<PrT>
0 0 0 0 0 0 0 0 0 0 0 0 0 0 0 0 0 0 0 0 0 0 0 0 0 0 0 0 0 0 0 0 0 0 0 0 0 0 0 0 
0 0 0 0 0 0 0 0 0 0 0 0 0 0 0 0 0 0 0 0 0 0 0 0 0 0 0 0 0 0 0 0 0 0 0 0 0 0 0 0 
0 0 0 0 0 0 0 0 0 0 0 0 0 0 0 0 0 0 0 0 0 0 0 0 0 0 0 0 0 0 0 0 0 0 0 0 0 0 0 0 
0 0 
<PkT>
0 0 0 0 0 0 0 0 0 0 0 0 0 0 0 0 0 0 0 0 0 0 0 0 0 0 0 0 0 0 0 0 0 0 0 0 0 0 0 0 
0 0 0 0 0 0 0 0 0 0 0 0 0 0 0 0 0 0 0 0 0 0 0 0 0 0 0 0 0 0 0 0 0 0 0 0 0 0 0 0 
0 0 0 0 0 0 0 0 0 0 0 0 0 0 0 0 0 0 0 0 0 0 0 0 0 0 0 0 0 0 0 0 0 0 0 0 0 0 0 0 
0 0 
<PvT>
0 0 0 0 0 0 0 0 0 0 0 0 0 0 0 0 0 0 0 0 0 0 0 0 0 0 0 0 0 0 0 0 0 0 0 0 0 0 0 0 
0 0 0 0 0 0 0 0 0 0 0 0 0 0 0 0 0 0 0 0 0 0 0 0 0 0 0 0 0 0 0 0 0 0 0 0 0 0 0 0 
0 0 0 0 0 0 0 0 0 0 0 0 0 0 0 0 0 0 0 0 0 0 0 0 0 0 0 0 0 0 0 0 0 0 0 0 0 0 0 0 
0 0 
<emRd>
0 0 0 0 0 0 0 0 0 0 0 0 0 0 0 0 0 0 0 0 0 0 0 0 0 0 0 0 0 0 0 0 0 0 0 0 0 0 0 0 
0 0 0 0 0 0 0 0 0 0 0 0 0 0 0 0 0 0 0 0 0 0 0 0 0 0 0 0 0 0 0 0 0 0 0 0 0 0 0 0 
0 0 0 0 0 0 0 0 0 0 0 0 0 0 0 0 0 0 0 0 0 0 0 0 0 0 0 0 0 0 0 0 0 0 0 0 0 0 0 0 
0 0 0 0 0 0 0 0 0 0 0 0 0 0 0 0 0 0 0 0 0 0 0 0 0 
<emDf>
0 0 0 0 0 0 0 0 0 0 0 0 0 0 0 0 0 0 0 0 0 0 0 0 0 0 0 0 0 0 0 0 0 0 0 0 0 0 0 0 
0 0 0 0 0 0 0 0 0 0 0 0 0 0 0 0 0 0 0 0 0 0 0 0 0 0 0 0 0 0 0 0 0 0 0 0 0 0 0 0 
0 0 0 0 0 0 0 0 0 0 0 0 0 0 0 0 0 0 0 0 0 0 0 0 0 0 0 0 0 0 0 0 0 0 0 0 0 0 0 0 
0 0 0 0 0 0 0 0 0 0 0 0 0 0 0 0 0 0 0 0 0 0 0 0 0 
<Wb>
0 0 0 0 0 0 0 0 0 0 0 0 0 0 0 0 0 0 0 0 0 0 0 0 0 0 0 0 0 0 0 0 0 0 0 0 0 0 0 0 
0 0 0 0 0 0 0 0 0 0 0 0 0 0 0 0 0 0 0 0 0 0 0 0 0 0 0 0 0 0 0 0 0 0 0 0 0 0 0 0 
0 0 0 0 0 0 0 0 0 0 0 0 0 0 0 0 0 0 0 0 0 0 0 0 0 0 0 0 0 0 0 0 0 0 0 0 0 0 0 0 
0 0 0 0 0 0 0 0 0 0 0 0 0 0 0 0 0 0 0 0 0 0 0 0 0 
<Wabs>
0 0 0 0 0 0 0 0 0 0 0 0 0 0 0 0 0 0 0 0 0 0 0 0 0 0 0 0 0 0 0 0 0 0 0 0 0 0 0 0 
0 0 0 0 0 0 0 0 0 0 0 0 0 0 0 0 0 0 0 0 0 0 0 0 0 0 0 0 0 0 0 0 0 0 0 0 0 0 0 0 
0 0 0 0 0 0 0 0 0 0 0 0 0 0 0 0 0 0 0 0 0 0 0 0 0 0 0 0 0 0 0 0 0 0 0 0 0 0 0 0 
0 0 0 0 0 0 0 0 0 0 0 0 0 0 0 0 0 0 0 0 0 0 0 0 0 
<Rion>
0 0 0 0 0 0 0 0 0 0 0 0 0 0 0 0 0 0 0 0 0 0 0 0 0 0 0 0 0 0 0 0 0 0 0 0 0 0 0 0 
0 0 0 0 0 0 0 0 0 0 0 0 0 0 0 0 0 0 0 0 0 0 0 0 0 0 0 0 0 0 0 0 0 0 0 0 0 0 0 0 
0 0 0 0 0 0 0 0 0 0 0 0 0 0 0 0 0 0 0 0 0 0 0 0 0 0 0 0 0 0 0 0 0 0 0 0 0 0 0 0 
0 0 0 0 0 0 0 0 0 0 0 0 0 0 0 0 0 0 0 0 0 0 0 0 0 
<Qp>
0 0 0 0 0 0 0 0 0 0 0 0 0 0 0 0 0 0 0 0 0 0 0 0 0 0 0 0 0 0 0 0 0 0 0 0 0 0 0 0 
0 0 0 0 0 0 0 0 0 0 0 0 0 0 0 0 0 0 0 0 0 0 0 0 0 0 0 0 0 0 0 0 0 0 0 0 0 0 0 0 
0 0 0 0 0 0 0 0 0 0 0 0 0 0 0 0 0 0 0 0 0 0 0 0 0 0 0 0 0 0 0 0 0 0 0 0 0 0 0 0 
0 0 0 0 0 0 0 0 0 0 0 0 0 0 0 0 0 0 0 0 0 0 0 0 0 0 0 0 0 0 0 0 0 0 0 0 0 0 0 0 
0 0 0 0 0 0 0 0 0 0 0 0 0 0 0 0 0 0 0 0 0 0 0 0 0 0 0 0 0 0 0 0 0 0 0 0 0 0 0 0 
0 0 0 0 0 0 0 0 0 0 0 0 0 0 0 0 0 0 0 0 0 0 0 0 0 0 0 0 0 0 0 0 0 0 0 0 0 0 0 0 
0 0 0 0 0 0 0 0 0 0 0 0 0 0 0 0 0 0 0 0 0 0 0 0 0 0 0 0 0 0 0 0 0 0 0 0 0 0 0 0 
0 0 0 0 0 0 0 0 0 0 0 0 0 0 0 0 0 0 0 0 0 0 0 0 0 0 0 0 0 0 0 0 0 0 0 0 0 0 0 0 
0 0 0 0 0 0 0 0 0 0 0 0 0 0 0 0 0 0 0 0 0 0 0 0 0 0 0 0 0 0 0 0 0 0 0 0 0 0 0 0 
<Qd>
0 0 0 0 0 0 0 0 0 0 0 0 0 0 0 0 0 0 0 0 0 0 0 0 0 0 0 0 0 0 0 0 0 0 0 0 0 0 0 0 
0 0 0 0 0 0 0 0 0 0 0 0 0 0 0 0 0 0 0 0 0 0 0 0 0 0 0 0 0 0 0 0 0 0 0 0 0 0 0 0 
0 0 0 0 0 0 0 0 0 0 0 0 0 0 0 0 0 0 0 0 0 0 0 0 0 0 0 0 0 0 0 0 0 0 0 0 0 0 0 0 
<H0>
-539940.9985184 -870481 -1202571 -1537131 -1871311 -2209801 -2551651 -1000791 -1262249 -1502840 -14909993 -1567942 -2616843 -769811 -1323738 -1638310 -1353651 -2382121 -1459981 -1935241 -534800 -1197430 -858450 -1202730 -759730 -1440940 -121410 -88322 -413209 -675229.998250507 -542999.99936169 -1204330 -865550 -1224230 -774930 -1445440 `  -1886690.2594186 -167079.999248851 -128099.999499613 
-335349.99907803 -90294.9992677586 -50055.9986118262 `  `  `  -235825 -194656 `  `  `  `  -372606 -698756 `  `  -546555 -508616 -761246 -807485 -1046576 -641672 -1233688 -321525 -292586 `  `  `  `  -991235 `  `  -4039 -689929.99934328 -322043 -655500 -38600 -16299.9992565912 -514550 -893212 
-252139.999900574 -908770 -929570 -478970 -1148580 -466999.999206856 -1131230 -791850 -1153680 -682030 -1356040 `  `  -220800 -113000 -880030 -376380 -257580 -541050 -443550 -775600 -1110150 -906530 -675060 `  -906390 -1107720 -449330 -375930 `  -1117440 -240339.999829417 -897570 -562090 -918670 -474270 -1144980 -12059 48200 `  
-648500 -635500 -909339.998376946 `  -1461899.99993243 `  -1432583 -1406819 -550900 -1205530 -875350 -1215830 -775130 -1451540 -10437 -230014.999110029 0 -285830.098086332 -74600 -393510 0 -241826 -20600 0 0 -1675700 -1293130 -1275900 -1289000 -1001301 -996101 -982301 -4116712 -1213330 -1470240 285 -5737910 -7806740 -6642180 -10118600 
-10131200 -5527740 -6489110 -6011650 -10815600 -1207330 -1207500 -1202830 -1221500 -4982320 -5720690 -5035690 -5690290 -5734420 -5998440 -6148060 -2325421 -5633570 -985160 -1434510 -1576244 -2023000 -1634800 0 -3770460 -749871 `  -3458030 -1115780 -2774661 -4800592 -95528.375 -95887.7 `  -2914550 -821600.3861 `  `  -826700 -4661660 
-560460.02755 -549199.98055 `  -100915 -169435 -173635 -5749860 -5913650 -5796290 -5795390 -4994270 -5881390 -5703510 -5757740 -6010390 -6173410 -5645530 -5151130 -5711250 -5723810 -1112203 -4968220 -5676010 -5709220 -5984340 -6113110 -5619480 -923350 -891910 -1384500 -959000 -385220 -520000 -669460 -620660 -1948471 -6575840 -5747230 -7808310 -6456940 
-8352620 -14120100 -5701890 -5314820 -5486360 -6442400 -5707020 -9438720 -13473400 -4981640 -9461670 -5994060 -5656370 -5690410 -5734630 -5997760 -6143260 -5633890 0 -3774460 -8240140 -903684 -910700 -1224530 -1458940 
<A0>
0 0 0 0 0 0 0 0 0 0 0 0 0 0 0 0 0 0 0 0 0 0 0 0 0 0 0 0 0 0 0 0 0 0 0 0 0 0 0 0 
0 0 0 0 0 0 0 0 0 0 0 0 0 0 0 0 0 0 0 0 0 0 0 0 0 0 0 0 0 0 0 0 0 0 0 0 0 0 0 0 
0 0 0 0 0 0 0 0 0 0 0 0 0 0 0 0 0 0 0 0 0 0 0 0 0 0 0 0 0 0 0 0 0 0 0 0 0 0 0 0 
0 0 0 0 0 0 0 0 0 0 0 0 0 0 0 0 0 0 0 0 0 0 0 0 0 0 0 0 0 0 0 0 0 0 0 0 0 0 0 0 
0 0 0 0 0 0 0 0 0 0 0 0 0 0 0 0 0 0 0 0 0 0 0 0 0 0 0 0 0 0 0 0 0 0 0 0 0 0 0 0 
0 0 0 0 0 0 0 0 0 0 0 0 0 0 0 0 0 0 0 0 0 0 0 0 0 0 0 0 0 0 0 0 0 0 0 0 0 0 0 0 
0 0 0 0 0 0 0 0 0 0 0 0 0 0 0 0 0 0 0 0 0 0 0 0 0 
<U0>
0 0 0 0 0 0 0 0 0 0 0 0 0 0 0 0 0 0 0 0 0 0 0 0 0 0 0 0 0 0 0 0 0 0 0 0 0 0 0 0 
0 0 0 0 0 0 0 0 0 0 0 0 0 0 0 0 0 0 0 0 0 0 0 0 0 0 0 0 0 0 0 0 0 0 0 0 0 0 0 0 
0 0 0 0 0 0 0 0 0 0 0 0 0 0 0 0 0 0 0 0 0 0 0 0 0 0 0 0 0 0 0 0 0 0 0 0 0 0 0 0 
0 0 0 0 0 0 0 0 0 0 0 0 0 0 0 0 0 0 0 0 0 0 0 0 0 0 0 0 0 0 0 0 0 0 0 0 0 0 0 0 
0 0 0 0 0 0 0 0 0 0 0 0 0 0 0 0 0 0 0 0 0 0 0 0 0 0 0 0 0 0 0 0 0 0 0 0 0 0 0 0 
0 0 0 0 0 0 0 0 0 0 0 0 0 0 0 0 0 0 0 0 0 0 0 0 0 0 0 0 0 0 0 0 0 0 0 0 0 0 0 0 
0 0 0 0 0 0 0 0 0 0 0 0 0 0 0 0 0 0 0 0 0 0 0 0 0 
<S0>
-342.799977757872 -204.921524047852 -99.6189346313477 -33.232551574707 4.94526481628418 -0.241479992866516 -35.842586517334 -34.8097114562988 20.5921516418457 104.325386047363 78.9128112792969 -411.188110351562 -524.021057128906 -180.381790161133 114.601600646973 211.75569152832 180.774627685547 -280.279876708984 -292.032257080078 14.4214038848877 8.39999961853027 51.9688491821289 46.6690521240234 199.541778564453 27.5999755859375 81.0916976928711 82.5500030517578 86.2029647827148 119.506454467773 -49.9999881488755 -56.1999964393919 2.25874805450439 -1.60591697692871 91.8649520874023 -46.1194915771484 29.6673564910889 1.17549435082229e-38 151.650039672852 56.6000035625474 184.000003389837 
-13.7999939453354 -102.170992659902 -282.403982296846 1.17549435082229e-38 1.17549435082229e-38 1.17549435082229e-38 7.56318712234497 -121.305511474609 1.17549435082229e-38 1.17549435082229e-38 1.17549435082229e-38 1.17549435082229e-38 -136.68034362793 -36.9175758361816 1.17549435082229e-38 1.17549435082229e-38 31.9298305511475 127.51806640625 183.42253112793 -47.4067420959473 76.2364883422852 -379.663665771484 -487.454467773438 -29.6277961730957 -109.343795776367 1.17549435082229e-38 1.17549435082229e-38 1.17549435082229e-38 1.17549435082229e-38 -8.78378677368164 1.17549435082229e-38 1.17549435082229e-38 57.6883163452148 98.4000059746893 91.6359939575195 92.6854705810547 126.028053283691 67.0000050359977 517.874450683594 110.65357208252 
101.19999762173 130.815078735352 235.01594543457 91.4364013671875 179.048492431641 -135.899988524283 -91.9541168212891 -78.490478515625 -6.11443901062012 -52.4805793762207 -6.23751592636108 1.17549435082229e-38 1.17549435082229e-38 -73.5999984741211 1.17549435082229e-38 18.1306495666504 23.4856758117676 1.17549435082229e-38 -10.9087820053101 1.17549435082229e-38 1.17549435082229e-38 1.17549435082229e-38 63.2008514404297 35.4283828735352 1.17549435082229e-38 55.3707008361816 141.855651855469 -14.0175485610962 1.17549435082229e-38 1.17549435082229e-38 30.1890621185303 58.4500019184082 88.1586074829102 84.9040603637695 192.310516357422 26.7873706817627 106.306732177734 109.298728942871 66.4042282104492 1.17549435082229e-38 
69.1533279418945 -26.0197696685791 18.500010994752 1.17549435082229e-38 178.259994964611 1.17549435082229e-38 88.8862762451172 -80.4642639160156 -31.5 41.0069160461426 8.87205696105957 173.341354370117 -6.69758605957031 60.0216865539551 95.6077194213867 -10.8999935898519 0 69.949401641441 186.371002197266 213.785003662109 130.679992675781 188.835006713867 205.809997558594 191.608993530273 205.151992797852 50.9199981689453 68.4400024414062 117.724510192871 77.6493453979492 35.1781692504883 38.7964630126953 69.9574432373047 178.006225585938 111.403251647949 130.043045043945 6.58874893188477 262.470001220703 581 454 541 
581 491 386 367 748 89.6440734863281 91.7099990844727 96.8877487182617 90.2939758300781 319.470001220703 293.529998779297 332.75 268.850006103516 288.959991455078 289.779998779297 311.779998779297 155.169998168945 337.850006103516 83.4000015258789 107.400001525879 135.224563598633 193.811859130859 81.6999969482422 27.0849990844727 253.070007324219 109.011817932129 1.17549435082229e-38 287.970001220703 145.889999389648 -482.923889160156 -672.699951171875 60.7942047119141 63.1354026794434 1.17549435082229e-38 313.160003662109 87.4039993286133 1.17549435082229e-38 1.17549435082229e-38 131.597229003906 -1006.81945800781 
59.7000007629395 65.0800018310547 1.17549435082229e-38 60.2678298950195 54.0512237548828 52.9828643798828 266.649993896484 294.410003662109 314.230010986328 308.100006103516 323.660003662109 306.279998779297 273.040008544922 296.339996337891 293.959991455078 322.359985351562 342.040008544922 366.579986572266 324.920013427734 263.130004882812 65.0999984741211 320.140014648438 269.519989013672 290.130004882812 290.440002441406 313.459991455078 338.519989013672 63.1800003051758 98.0299987792969 164.100006103516 113.699996948242 59.7099990844727 52.7999992370605 188.033493041992 1.17549435082229e-38 171.10791015625 469 271.489990234375 548 566 
734 943 584 374 536 388 360 692 848 328.489990234375 707 314.549987792969 301.920013427734 277.880004882812 304.899993896484 298.799987792969 334.600006103516 346.869995117188 32.0540008544922 257 469.399993896484 44.806583404541 41.4599990844727 101.339340209961 117.333442687988 
<Cp0>
-133.194180860683 1.17549435082229e-38 1.17549435082229e-38 1.17549435082229e-38 1.17549435082229e-38 1.17549435082229e-38 1.17549435082229e-38 16.2019996643066 91.5530014038086 166.904006958008 662.731994628906 -118.297996520996 -102.096000671387 -59.148998260498 58.1500015258789 -2.61400008201599 22.2679996490479 1610.60595703125 778.052978515625 60.5 1.17549435082229e-38 1.17549435082229e-38 1.17549435082229e-38 1.17549435082229e-38 1.17549435082229e-38 1.17549435082229e-38 1.17549435082229e-38 272.752014160156 190.707000732422 -289.321970259243 -30.9377620198967 124.752998352051 -145.356002807617 -77.0690002441406 -402.917999267578 -298.915985107422 1.17549435082229e-38 161.544021606445 -122.490362897996 -24.0069711776597 
-113.119989576071 -22.3909317346647 -106.853925071497 1.17549435082229e-38 1.17549435082229e-38 1.17549435082229e-38 -146.115005493164 -231.115005493164 1.17549435082229e-38 1.17549435082229e-38 1.17549435082229e-38 1.17549435082229e-38 -221.886993408203 -335.773986816406 1.17549435082229e-38 1.17549435082229e-38 127.702003479004 42.7019996643066 -31.94700050354 203.052993774414 193.404006958008 -65.2979965209961 1.17549435082229e-38 52.351001739502 -32.648998260498 1.17549435082229e-38 1.17549435082229e-38 1.17549435082229e-38 1.17549435082229e-38 -290.446990966797 1.17549435082229e-38 1.17549435082229e-38 173.022994995117 -45.0449206245417 30.4689998626709 45.826000213623 1.17549435082229e-38 -92.0643272141769 1.17549435082229e-38 -28.2099990844727 
8.38880171518843 1.17549435082229e-38 1.17549435082229e-38 83.6569976806641 -259.140991210938 -21.6544671818126 -223.091995239258 -166.70100402832 107.786003112793 53.0369987487793 -289.760986328125 1.17549435082229e-38 1.17549435082229e-38 1.17549435082229e-38 1.17549435082229e-38 1.17549435082229e-38 1.17549435082229e-38 1.17549435082229e-38 1.17549435082229e-38 1.17549435082229e-38 1.17549435082229e-38 1.17549435082229e-38 1.17549435082229e-38 1.17549435082229e-38 1.17549435082229e-38 1.17549435082229e-38 1.17549435082229e-38 1.17549435082229e-38 1.17549435082229e-38 1.17549435082229e-38 1.17549435082229e-38 38.118227155453 -252.802001953125 -75.911003112793 -7.62400007247925 113.327003479004 1.17549435082229e-38 229.162002563477 22.75 1.17549435082229e-38 
1.17549435082229e-38 1.17549435082229e-38 -266.096290727899 1.17549435082229e-38 195.074612763665 1.17549435082229e-38 -17.4790000915527 -229.957992553711 1.17549435082229e-38 1.17549435082229e-38 1.17549435082229e-38 1.17549435082229e-38 1.17549435082229e-38 1.17549435082229e-38 246.901992797852 -136.387340459613 0 75.3605258482016 35.6483488393139 37.0747465986246 28.8373256652201 33.5905479988852 34.1973003517897 29.1244101905586 29.3825885202285 79.0962338387918 91.7192011785173 130 91.6999969482422 53.3320007324219 54.2019996643066 77.0019989013672 1.17549435082229e-38 1.17549435082229e-38 1.17549435082229e-38 1.17549435082229e-38 304.899993896484 617 449 611 
619 435 404 383 782 43.7529983520508 83.4720684808875 -1.24699997901917 -89.2429962158203 328.779998779297 318.579986572266 335.149993896484 305.880004882812 310.339996337891 329.089996337891 336.399993896484 157.510938244045 339.5 87.4875620641478 101.228159861773 121.652496337891 187.182006835938 86.1947163957418 25.0839996337891 283.5 92.0770034790039 1.17549435082229e-38 297.410003662109 150.889820956559 302.692993164062 328.764984130859 1.17549435082229e-38 1.17549435082229e-38 1.17549435082229e-38 257.019989013672 104.080200553224 1.17549435082229e-38 1.17549435082229e-38 153.259994506836 691.776000976562 
74.3193103049382 69.2112519094491 1.17549435082229e-38 1.17549435082229e-38 1.17549435082229e-38 1.17549435082229e-38 310.350006103516 325.700012207031 329 329.279998779297 334.230010986328 326.410003662109 311.329986572266 319.959991455078 334.540008544922 350.190002441406 344.950012207031 344.540008544922 328.209991455078 303.739990234375 76.1075733223843 327.619995117188 304.709991455078 308.290008544922 327.929992675781 333.459991455078 338.329986572266 76.8834991093719 1.17549435082229e-38 1.17549435082229e-38 1.17549435082229e-38 1.17549435082229e-38 1.17549435082229e-38 1.17549435082229e-38 1.17549435082229e-38 12.0780000686646 425 309.619995117188 578 586 
739 895 513 384 475 405 359 620 812 333.5 626 346.869995117188 322.739990234375 310.600006103516 318.670013427734 333.809997558594 348.339996337891 344.230010986328 22.75 263.570007324219 547.02001953125 44.2980003356934 44.5867514197975 1.17549435082229e-38 1.17549435082229e-38 
<VPh>
0 0 0.00877365932962405 0 0 0 0 0 0 0 
<GPh>
0 -1066.64718045376 -162.417370994568 0 0 0 -316.000449573056 0 0 0 
<HPh>
0 0 77.8785737371636 0 0 0 0 0 0 0 
<SPh>
0 3.57755217324755 0.805956547817311 0 0 0 1.05987070123446 0 0 0 
<CPh>
0 0 1.45892647665668 0 0 0 0 0 0 0 
<APh>
0 -1066.64718045376 -162.426144653897 0 0 0 -316.000449573056 0 0 0 
<UPh>
0 0 77.869800077834 0 0 0 0 0 0 0 