

Next record
07PSIna   G  complex     1    0       1       25      0   

<Short_PARAM>
2 2 -4 1 130 1 0 30000 1 9999 
<Double_PARAM>
1000 1e-13 1e-20 1e-05 0.01 0.01 1e-05 1e-05 1e-05 1e-05 1e-05 1e-05 1e-06 1e-17 0.7 -0.0065 1 1000 0.001 12.05 1e-13 1e-13 1e-33 1e-20 1e-05 1e-10 0.001 1e-10 
<Short_Const>
59 59 1392 1074 1063 10 0 0 320 2 0 18 1 0 469 1 2 1 1 0 2 0 0 2 1 2 0 2 0 2 469 0 0 0 0 0 1 0 0 
<Double_Const>
25 25 298.15 298.15 1 1 0 1000.4518314914 -13446364.6770515 0 0 0 0 0 0 0 0 0 0 0 
0 0 0 0 166.344553914059 1000 1.04000000535978 -5424.39200389725 0.343939432482409 8.99854032817287 -4.60937163796154 -0.272138934300222 1e-13 1e-20 55.50837344 0 9.99999e-06 0 0 0 
0 1e-05 0 2478.9711565 38.9215133653371 54.5257582538725 4.01653388216503 0.00969692356365748 1.66e-24 5.79236723429857 5.8021114791882 330.997717369759 35.9029204752187 
<Add_Double_Const>
1e-13 1e-13 1e-33 1e-20 1e-05 1e-05 1e-05 1e-05 1e-05 1e-05 1e-06 1 
<EpsW>
78.2451456494471 -0.355010888388417 0.00135076186526265 0.00406162824448407 0 
<EpsWg>
44.1020648929065 -0.203921304503049 0.000864734277252308 0.00370763636207359 0 
<DenW>
0.997061364306278 -0.00025866418191325 -9.46964566451448e-06 4.50858902637571e-05 0 
<DenWg>
0.000767104546309221 -7.87337651516304e-07 -3.78422904491598e-09 4.76763525268721e-08 0 
Error Code 
Error Message
<L1>
1064 10 1 1 1 1 1 1 1 1 1 1 1 1 1 1 1 1 1 1 1 1 1 1 1 1 1 1 1 1 1 1 1 1 1 1 1 1 1 1 
1 1 1 1 1 1 1 1 1 1 1 1 1 1 1 1 1 1 1 1 1 1 1 1 1 1 1 1 1 1 1 1 1 1 1 1 1 1 1 1 
1 1 1 1 1 1 1 1 1 1 1 1 1 1 1 1 1 1 1 1 1 1 1 1 1 1 1 1 1 1 1 1 1 1 1 1 1 1 1 1 
1 1 1 1 1 1 1 1 1 1 1 1 1 1 1 1 1 1 1 1 1 1 1 1 1 1 1 1 1 1 1 1 1 1 1 1 1 1 1 1 
1 1 1 1 1 1 1 1 1 1 1 1 1 1 1 1 1 1 1 1 1 1 1 1 1 1 1 1 1 1 1 1 1 1 1 1 1 1 1 1 
1 1 1 1 1 1 1 1 1 1 1 1 1 1 1 1 1 1 1 1 1 1 1 1 1 1 1 1 1 1 1 1 1 1 1 1 1 1 1 1 
1 1 1 1 1 1 1 1 1 1 1 1 1 1 1 1 1 1 1 1 1 1 1 1 1 1 1 1 1 1 1 1 1 1 1 1 1 1 1 1 
1 1 1 1 1 1 1 1 1 1 1 1 1 1 1 1 1 1 1 1 1 1 1 1 1 1 1 1 1 1 1 1 1 1 1 1 1 1 1 1 
<muk>
0 1 2 3 4 5 6 7 8 9 10 11 12 13 14 15 16 17 18 19 20 21 22 23 24 25 26 27 28 29 30 31 32 33 34 35 36 37 38 39 
40 41 42 43 44 45 46 47 48 49 50 51 52 53 54 55 56 57 58 59 60 61 62 63 64 65 66 67 68 70 71 72 73 74 75 76 77 78 79 80 
81 82 83 84 85 86 87 88 89 90 91 92 93 94 95 96 97 98 99 100 101 102 103 104 105 106 107 108 109 110 111 112 113 114 115 116 117 118 119 120 
121 122 123 124 125 126 127 128 129 130 131 132 133 134 135 136 137 138 139 140 141 142 143 144 145 146 147 148 149 150 151 152 153 154 155 156 157 158 159 160 
161 162 163 164 165 166 167 168 169 170 171 172 173 174 175 176 177 178 179 180 181 182 183 184 185 186 187 188 189 190 191 192 193 194 195 196 197 199 200 201 
202 203 204 205 206 207 208 209 210 211 212 213 214 215 216 217 218 219 220 221 222 223 224 225 226 227 228 229 230 231 232 233 234 235 236 237 238 239 240 241 
242 243 244 245 246 247 248 249 250 251 252 253 254 255 256 257 258 259 260 261 262 263 264 265 266 267 268 269 270 271 272 273 274 275 276 277 278 279 280 281 
282 326 327 328 329 330 354 355 356 357 358 359 360 361 362 363 366 367 370 371 391 392 393 394 397 398 399 400 401 402 403 404 405 406 407 408 409 419 420 421 
<mui>
0 1 2 3 4 5 6 7 8 9 10 11 12 13 14 15 16 17 18 20 21 22 23 24 25 26 28 29 30 31 32 33 34 35 36 37 38 39 40 41 
42 43 44 45 46 47 48 49 50 51 52 53 54 55 56 57 58 59 60 
<muj>
0 1 2 4 5 6 8 9 10 11 12 13 14 15 16 17 18 19 20 21 22 23 24 25 26 27 28 29 30 31 32 33 34 35 36 37 38 39 40 41 
42 43 44 45 46 47 48 49 50 51 52 53 54 55 56 57 58 59 60 61 62 63 64 65 66 67 68 69 70 71 72 75 76 77 78 79 81 82 84 85 
86 87 88 89 90 91 92 93 94 95 96 97 98 99 100 101 102 103 104 105 106 107 108 109 110 111 112 113 114 115 116 117 118 119 120 121 122 123 124 125 
126 127 128 129 130 131 132 133 134 135 136 137 138 139 140 142 143 144 145 149 150 151 152 153 154 155 156 157 158 159 160 161 162 163 164 165 166 167 168 169 
170 171 172 173 174 175 176 177 178 179 180 181 182 183 184 185 186 187 188 189 190 191 192 193 194 195 196 197 198 199 200 201 202 203 204 205 206 207 208 209 
210 211 212 213 214 215 216 217 218 219 220 221 222 223 224 225 226 227 228 229 230 231 232 233 234 235 236 237 238 239 240 241 242 243 244 245 246 247 248 249 
250 251 252 253 254 255 256 257 258 259 260 261 262 263 264 265 266 267 268 269 270 271 272 273 274 275 276 277 278 279 280 281 282 283 284 285 286 287 288 289 
290 291 292 293 294 295 296 297 298 299 300 301 302 303 304 305 307 308 309 310 311 312 313 314 315 316 317 318 319 320 321 322 323 324 325 326 327 328 329 330 
331 332 333 334 335 340 341 342 343 344 345 346 347 348 349 350 351 352 353 354 355 356 357 358 359 360 361 362 363 364 365 366 367 368 369 370 371 372 373 374 
375 376 377 378 379 380 381 382 383 384 391 392 393 394 395 398 399 400 401 402 403 404 405 406 407 408 409 410 411 412 413 414 415 416 417 418 419 420 421 422 
423 425 426 427 428 431 432 433 434 435 436 437 438 439 440 441 442 443 444 445 446 447 448 449 450 451 452 453 454 455 456 457 458 459 460 461 462 463 464 466 
467 468 469 470 471 472 473 474 475 476 477 478 479 480 481 482 483 484 486 487 488 489 491 492 493 494 495 496 497 498 499 500 501 502 503 504 505 506 507 508 
509 510 511 512 513 514 515 516 517 518 519 520 521 522 523 524 525 526 527 528 529 530 532 533 534 535 536 537 538 539 540 541 542 543 544 545 546 547 548 549 
550 551 554 555 556 557 558 561 562 563 564 565 566 567 568 569 570 571 572 573 574 575 576 577 578 579 580 581 582 583 584 585 586 587 588 589 590 591 592 593 
594 596 597 598 605 606 607 608 609 610 611 612 613 614 615 616 617 618 619 620 621 622 623 624 625 628 629 630 631 632 633 634 635 636 637 638 639 640 647 648 
649 650 651 652 653 654 655 656 657 658 659 660 661 662 663 664 665 666 667 668 669 670 671 672 673 674 675 676 677 678 679 680 681 682 683 684 685 686 687 688 
689 690 691 692 693 694 695 696 697 698 699 700 701 702 703 704 705 706 707 708 709 710 711 712 715 716 717 718 719 720 721 722 723 724 725 726 727 728 729 730 
731 732 733 734 735 736 737 738 739 740 741 742 743 744 745 746 747 748 749 750 751 752 753 754 755 756 757 758 759 760 761 762 763 764 765 766 767 768 769 770 
771 772 774 775 776 783 784 785 786 787 789 790 791 792 793 794 795 796 797 798 799 800 801 802 803 804 805 806 807 808 809 810 811 812 813 814 815 816 817 818 
819 820 821 822 823 824 825 826 827 828 829 830 831 832 833 834 835 836 837 838 839 840 841 842 843 844 845 846 847 848 849 850 851 852 853 854 855 856 857 858 
859 860 861 862 863 864 865 866 867 868 869 870 871 872 873 874 875 876 877 878 879 880 881 882 883 884 885 886 887 888 889 890 891 892 893 894 895 896 897 898 
899 900 901 902 903 904 905 906 907 908 909 910 911 912 913 914 915 916 917 918 919 920 921 922 923 924 925 926 927 928 929 930 931 932 933 934 935 936 937 938 
939 940 941 942 943 944 945 946 947 948 949 950 951 952 953 954 955 956 957 958 959 960 961 962 963 964 965 966 967 968 969 970 971 972 973 974 975 976 977 978 
979 980 981 982 983 984 985 987 993 994 995 996 997 998 999 1000 1001 1002 1003 1004 1005 1006 1007 1008 1009 1010 1011 1012 1013 1014 1015 1016 1017 1021 1022 1023 1024 1025 1026 1027 
1028 1029 1030 1031 1032 1037 1038 1039 1040 1041 1042 1043 1044 1045 1046 1047 1048 1049 1050 1051 1052 1053 1054 1055 1056 1057 1058 1059 1060 1061 1062 1063 1064 1065 1066 1067 1068 1069 1070 1071 
1072 1073 1074 1075 1076 1077 1078 1079 1080 1081 1082 1083 1084 1085 1086 1087 1088 1089 1090 1091 1092 1093 1094 1095 1096 1097 1098 1099 1100 1101 1102 1103 1104 1105 1106 1107 1108 1109 1110 1111 
1112 1113 1114 1115 1116 1117 1118 1119 1120 1121 1122 1123 1124 1125 1126 1127 1128 1129 1130 1131 1132 1133 1134 1135 1136 1137 1138 1139 1140 1141 1142 1143 1144 1145 1146 1147 1148 1149 1150 1151 
1152 1153 1154 1155 1156 1157 1158 1159 1160 1161 1162 1163 1164 1165 1166 1167 1168 1169 1170 1171 1172 1173 1174 1175 1176 1177 1178 1179 1180 1181 1182 1183 1184 1185 1186 1187 1188 1189 1190 1191 
1192 1193 1194 1195 1196 1197 1198 1199 1200 1201 1202 1203 1204 1205 1206 1207 1208 1209 1210 1211 1212 1214 1215 1216 1217 1218 1219 1220 1221 1222 1223 1224 1225 1226 1227 1228 1229 1230 1231 1232 
1233 1234 1235 1236 1237 1238 1239 1240 1241 1242 1243 1244 1245 1246 1247 1248 1249 1250 1251 1252 1253 1254 1255 1256 1257 1258 1259 1260 1261 1262 1263 1264 1265 1266 1267 1268 1269 1270 1271 1272 
1273 1274 1275 1276 1277 1278 1279 1280 1281 1282 1283 1284 1285 1286 1287 1288 1289 1290 1291 1292 1293 1294 1295 1296 1297 1298 1299 1300 1301 1302 1303 1304 1305 1306 1307 1308 1309 1310 1311 1312 
1313 1314 1315 1316 1317 1318 1319 1320 1321 1322 1323 1324 1325 1326 1327 1328 1329 1330 1331 1332 1333 1334 1335 1336 1337 1338 1339 1340 1341 1343 1344 1345 1346 1347 1348 1349 1350 1351 1352 1353 
1354 1355 1356 1357 1358 1359 1360 1361 1362 1363 1364 1365 1366 1367 1368 1369 1370 1371 1372 1373 1374 1375 1376 1377 1378 1379 1380 1381 1382 1383 1384 1385 1386 1387 1388 1389 1390 1391 1392 1393 
1394 1395 1396 1397 1398 1399 1400 1401 1402 1403 1404 1405 1406 1407 1408 1409 1410 1411 1412 1413 1414 1415 1416 1417 1418 1419 1420 1421 1422 1423 1424 1425 1426 1470 1471 1472 1473 1474 1498 1499 
1500 1501 1502 1503 1504 1505 1506 1507 1510 1511 1514 1515 1535 1536 1537 1538 1541 1542 1543 1544 1545 1546 1547 1548 1549 1550 1551 1552 1553 1563 1564 1565 
<DUL>
1000000 1000000 1000000 1000000 1000000 1000000 1000000 1000000 1000000 1000000 1000000 1000000 1000000 1000000 1000000 1000000 1000000 1000000 1000000 1000000 1000000 1000000 1000000 1000000 1000000 1000000 1000000 1000000 1000000 1000000 1000000 1000000 1000000 1000000 1000000 1000000 1000000 1000000 1000000 1000000 
1000000 1000000 1000000 1000000 1000000 1000000 1000000 1000000 1000000 1000000 1000000 1000000 1000000 1000000 1000000 1000000 1000000 1000000 1000000 1000000 1000000 1000000 1000000 1000000 1000000 1000000 1000000 1000000 1000000 1000000 1000000 1000000 1000000 1000000 1000000 1000000 1000000 1000000 1000000 1000000 
1000000 1000000 1000000 1000000 1000000 1000000 1000000 1000000 1000000 1000000 1000000 1000000 1000000 1000000 1000000 1000000 1000000 1000000 1000000 1000000 1000000 1000000 1000000 1000000 1000000 1000000 1000000 1000000 1000000 1000000 1000000 1000000 1000000 1000000 1000000 1000000 1000000 1000000 1000000 1000000 
1000000 1000000 1000000 1000000 1000000 1000000 1000000 1000000 1000000 1000000 1000000 1000000 1000000 1000000 1000000 1000000 1000000 1000000 1000000 1000000 1000000 1000000 1000000 1000000 1000000 1000000 1000000 1000000 1000000 1000000 1000000 1000000 1000000 1000000 1000000 1000000 1000000 1000000 1000000 1000000 
1000000 1000000 1000000 1000000 1000000 1000000 1000000 1000000 1000000 1000000 1000000 1000000 1000000 1000000 1000000 1000000 1000000 1000000 1000000 1000000 1000000 1000000 1000000 1000000 1000000 1000000 1000000 1000000 1000000 1000000 1000000 1000000 1000000 1000000 1000000 1000000 1000000 1000000 1000000 1000000 
1000000 1000000 1000000 1000000 1000000 1000000 1000000 1000000 1000000 1000000 1000000 1000000 1000000 1000000 1000000 1000000 1000000 1000000 1000000 1000000 1000000 1000000 1000000 1000000 1000000 1000000 1000000 1000000 1000000 1000000 1000000 1000000 1000000 1000000 1000000 1000000 1000000 1000000 1000000 1000000 
1000000 1000000 1000000 1000000 1000000 1000000 1000000 1000000 1000000 1000000 1000000 1000000 1000000 1000000 1000000 1000000 1000000 1000000 1000000 1000000 1000000 1000000 1000000 1000000 1000000 1000000 1000000 1000000 1000000 1000000 1000000 1000000 1000000 1000000 1000000 1000000 1000000 1000000 1000000 1000000 
1000000 1000000 1000000 1000000 1000000 1000000 1000000 1000000 1000000 1000000 1000000 1000000 1000000 1000000 1000000 1000000 1000000 1000000 1000000 1000000 1000000 1000000 1000000 1000000 1000000 1000000 1000000 1000000 1000000 1000000 1000000 1000000 1000000 1000000 1000000 1000000 1000000 1000000 1000000 1000000 
1000000 1000000 1000000 1000000 1000000 1000000 1000000 1000000 1000000 1000000 1000000 1000000 1000000 1000000 1000000 1000000 1000000 1000000 1000000 1000000 1000000 1000000 1000000 1000000 1000000 1000000 1000000 1000000 1000000 1000000 1000000 1000000 1000000 1000000 1000000 1000000 1000000 1000000 1000000 1000000 
1000000 1000000 1000000 1000000 1000000 1000000 1000000 1000000 1000000 1000000 1000000 1000000 1000000 1000000 1000000 1000000 1000000 1000000 1000000 1000000 1000000 1000000 1000000 1000000 1000000 1000000 1000000 1000000 1000000 1000000 1000000 1000000 1000000 1000000 1000000 1000000 1000000 1000000 1000000 1000000 
1000000 1000000 1000000 1000000 1000000 1000000 1000000 1000000 1000000 1000000 1000000 1000000 1000000 1000000 1000000 1000000 1000000 1000000 1000000 1000000 1000000 1000000 1000000 1000000 1000000 1000000 1000000 1000000 1000000 1000000 1000000 1000000 1000000 1000000 1000000 1000000 1000000 1000000 1000000 1000000 
1000000 1000000 1000000 1000000 1000000 1000000 1000000 1000000 1000000 1000000 1000000 1000000 1000000 1000000 1000000 1000000 1000000 1000000 1000000 1000000 1000000 1000000 1000000 1000000 1000000 1000000 1000000 1000000 1000000 1000000 1000000 1000000 1000000 1000000 1000000 1000000 1000000 1000000 1000000 1000000 
1000000 1000000 1000000 1000000 1000000 1000000 1000000 1000000 1000000 1000000 1000000 1000000 1000000 1000000 1000000 1000000 1000000 1000000 1000000 1000000 1000000 1000000 1000000 1000000 1000000 1000000 1000000 1000000 1000000 1000000 1000000 1000000 1000000 1000000 1000000 1000000 1000000 1000000 1000000 1000000 
1000000 1000000 1000000 1000000 1000000 1000000 1000000 1000000 1000000 1000000 1000000 1000000 1000000 1000000 1000000 1000000 1000000 1000000 1000000 1000000 1000000 1000000 1000000 1000000 1000000 1000000 1000000 1000000 1000000 1000000 1000000 1000000 1000000 1000000 1000000 1000000 1000000 1000000 1000000 1000000 
1000000 1000000 1000000 1000000 1000000 1000000 1000000 1000000 1000000 1000000 1000000 1000000 1000000 1000000 1000000 1000000 1000000 1000000 1000000 1000000 1000000 1000000 1000000 1000000 1000000 1000000 1000000 1000000 1000000 1000000 1000000 1000000 1000000 1000000 1000000 1000000 1000000 1000000 1000000 1000000 
1000000 1000000 1000000 1000000 1000000 1000000 1000000 1000000 1000000 1000000 1000000 1000000 1000000 1000000 1000000 1000000 1000000 1000000 1000000 1000000 1000000 1000000 1000000 1000000 1000000 1000000 1000000 1000000 1000000 1000000 1000000 1000000 1000000 1000000 1000000 1000000 1000000 1000000 1000000 1000000 
1000000 1000000 1000000 1000000 1000000 1000000 1000000 1000000 1000000 1000000 1000000 1000000 1000000 1000000 1000000 1000000 1000000 1000000 1000000 1000000 1000000 1000000 1000000 1000000 1000000 1000000 1000000 1000000 1000000 1000000 1000000 1000000 1000000 1000000 1000000 1000000 1000000 1000000 1000000 1000000 
1000000 1000000 1000000 1000000 1000000 1000000 1000000 1000000 1000000 1000000 1000000 1000000 1000000 1000000 1000000 1000000 1000000 1000000 1000000 1000000 1000000 1000000 1000000 1000000 1000000 1000000 1000000 1000000 1000000 1000000 1000000 1000000 1000000 1000000 1000000 1000000 1000000 1000000 1000000 1000000 
1000000 1000000 1000000 1000000 1000000 1000000 1000000 1000000 1000000 1000000 1000000 1000000 1000000 1000000 1000000 1000000 1000000 1000000 1000000 1000000 1000000 1000000 1000000 1000000 1000000 1000000 1000000 1000000 1000000 1000000 1000000 1000000 1000000 1000000 1000000 1000000 1000000 1000000 1000000 1000000 
1000000 1000000 1000000 1000000 1000000 1000000 1000000 1000000 1000000 1000000 1000000 1000000 1000000 1000000 1000000 1000000 1000000 1000000 1000000 1000000 1000000 1000000 1000000 1000000 1000000 1000000 1000000 1000000 1000000 1000000 1000000 1000000 1000000 1000000 1000000 1000000 1000000 1000000 1000000 1000000 
1000000 1000000 1000000 1000000 1000000 1000000 1000000 1000000 1000000 1000000 1000000 1000000 1000000 1000000 1000000 1000000 1000000 1000000 1000000 1000000 1000000 1000000 1000000 1000000 1000000 1000000 1000000 1000000 1000000 1000000 1000000 1000000 1000000 1000000 1000000 1000000 1000000 1000000 1000000 1000000 
1000000 1000000 1000000 1000000 1000000 1000000 1000000 1000000 1000000 1000000 1000000 1000000 1000000 1000000 1000000 1000000 1000000 1000000 1000000 1000000 1000000 1000000 1000000 1000000 1000000 1000000 1000000 1000000 1000000 1000000 1000000 1000000 1000000 1000000 1000000 1000000 1000000 1000000 1000000 1000000 
1000000 1000000 1000000 1000000 1000000 1000000 1000000 1000000 1000000 1000000 1000000 1000000 1000000 1000000 1000000 1000000 1000000 1000000 1000000 1000000 1000000 1000000 1000000 1000000 1000000 1000000 1000000 1000000 1000000 1000000 1000000 1000000 1000000 1000000 1000000 1000000 1000000 1000000 1000000 1000000 
1000000 1000000 1000000 1000000 1000000 1000000 1000000 1000000 1000000 1000000 1000000 1000000 1000000 1000000 1000000 1000000 1000000 1000000 1000000 1000000 1000000 1000000 1000000 1000000 1000000 1000000 1000000 1000000 1000000 1000000 1000000 1000000 1000000 1000000 1000000 1000000 1000000 1000000 1000000 1000000 
1000000 1000000 1000000 1000000 1000000 1000000 1000000 1000000 1000000 1000000 1000000 1000000 1000000 1000000 1000000 1000000 1000000 1000000 1000000 1000000 1000000 1000000 1000000 1000000 1000000 1000000 1000000 1000000 1000000 1000000 1000000 1000000 1000000 1000000 1000000 1000000 1000000 1000000 1000000 1000000 
1000000 1000000 1000000 1000000 1000000 1000000 1000000 1000000 1000000 1000000 1000000 1000000 1000000 1000000 1000000 1000000 1000000 1000000 1000000 1000000 1000000 1000000 1000000 1000000 1000000 1000000 1000000 1000000 1000000 1000000 1000000 1000000 1000000 1000000 1000000 1000000 1000000 1000000 1000000 1000000 
1000000 1000000 1000000 1000000 1000000 1000000 1000000 1000000 1000000 1000000 1000000 1000000 1000000 1000000 1000000 1000000 1000000 1000000 1000000 1000000 1000000 1000000 1000000 1000000 1000000 1000000 1000000 1000000 1000000 1000000 1000000 1000000 1000000 1000000 1000000 1000000 1000000 1000000 1000000 1000000 
1000000 1000000 1000000 1000000 1000000 1000000 1000000 1000000 1000000 1000000 1000000 1000000 1000000 1000000 1000000 1000000 1000000 1000000 1000000 1000000 1000000 1000000 1000000 1000000 1000000 1000000 1000000 1000000 1000000 1000000 1000000 1000000 1000000 1000000 1000000 1000000 1000000 1000000 1000000 1000000 
1000000 1000000 1000000 1000000 1000000 1000000 1000000 1000000 1000000 1000000 1000000 1000000 1000000 1000000 1000000 1000000 1000000 1000000 1000000 1000000 1000000 1000000 1000000 1000000 1000000 1000000 1000000 1000000 1000000 1000000 1000000 1000000 1000000 1000000 1000000 1000000 1000000 1000000 1000000 1000000 
1000000 1000000 1000000 1000000 1000000 1000000 1000000 1000000 1000000 1000000 1000000 1000000 1000000 1000000 1000000 1000000 1000000 1000000 1000000 1000000 1000000 1000000 1000000 1000000 1000000 1000000 1000000 1000000 1000000 1000000 1000000 1000000 1000000 1000000 1000000 1000000 1000000 1000000 1000000 1000000 
1000000 1000000 1000000 1000000 1000000 1000000 1000000 1000000 1000000 1000000 1000000 1000000 1000000 1000000 1000000 1000000 1000000 1000000 1000000 1000000 1000000 1000000 1000000 1000000 1000000 1000000 1000000 1000000 1000000 1000000 1000000 1000000 1000000 1000000 1000000 1000000 1000000 1000000 1000000 1000000 
1000000 1000000 1000000 1000000 1000000 1000000 1000000 1000000 1000000 1000000 1000000 1000000 1000000 1000000 1000000 1000000 1000000 1000000 1000000 1000000 1000000 1000000 1000000 1000000 1000000 1000000 1000000 1000000 1000000 1000000 1000000 1000000 1000000 1000000 1000000 1000000 1000000 1000000 1000000 1000000 
1000000 1000000 1000000 1000000 1000000 1000000 1000000 1000000 1000000 1000000 1000000 1000000 1000000 1000000 1000000 1000000 1000000 1000000 1000000 1000000 1000000 1000000 1000000 1000000 1000000 1000000 1000000 1000000 1000000 1000000 1000000 1000000 1000000 1000000 1000000 1000000 1000000 1000000 1000000 1000000 
1000000 1000000 1000000 1000000 1000000 1000000 1000000 1000000 1000000 1000000 1000000 1000000 1000000 1000000 1000000 1000000 1000000 1000000 1000000 1000000 1000000 1000000 1000000 1000000 1000000 1000000 1000000 1000000 1000000 1000000 1000000 1000000 1000000 1000000 1000000 1000000 1000000 1000000 1000000 1000000 
1000000 1000000 1000000 1000000 1000000 1000000 1000000 1000000 1000000 1000000 1000000 1000000 1000000 1000000 1000000 1000000 1000000 1000000 1000000 1000000 1000000 1000000 1000000 1000000 1000000 1000000 1000000 1000000 1000000 1000000 1000000 1000000 
<DLL>
0 0 0 0 0 0 0 0 0 0 0 0 0 0 0 0 0 0 0 0 0 0 0 0 0 0 0 0 0 0 0 0 0 0 0 0 0 0 0 0 
0 0 0 0 0 0 0 0 0 0 0 0 0 0 0 0 0 0 0 0 0 0 0 0 0 0 0 0 0 0 0 0 0 0 0 0 0 0 0 0 
0 0 0 0 0 0 0 0 0 0 0 0 0 0 0 0 0 0 0 0 0 0 0 0 0 0 0 0 0 0 0 0 0 0 0 0 0 0 0 0 
0 0 0 0 0 0 0 0 0 0 0 0 0 0 0 0 0 0 0 0 0 0 0 0 0 0 0 0 0 0 0 0 0 0 0 0 0 0 0 0 
0 0 0 0 0 0 0 0 0 0 0 0 0 0 0 0 0 0 0 0 0 0 0 0 0 0 0 0 0 0 0 0 0 0 0 0 0 0 0 0 
0 0 0 0 0 0 0 0 0 0 0 0 0 0 0 0 0 0 0 0 0 0 0 0 0 0 0 0 0 0 0 0 0 0 0 0 0 0 0 0 
0 0 0 0 0 0 0 0 0 0 0 0 0 0 0 0 0 0 0 0 0 0 0 0 0 0 0 0 0 0 0 0 0 0 0 0 0 0 0 0 
0 0 0 0 0 0 0 0 0 0 0 0 0 0 0 0 0 0 0 0 0 0 0 0 0 0 0 0 0 0 0 0 0 0 0 0 0 0 0 0 
0 0 0 0 0 0 0 0 0 0 0 0 0 0 0 0 0 0 0 0 0 0 0 0 0 0 0 0 0 0 0 0 0 0 0 0 0 0 0 0 
0 0 0 0 0 0 0 0 0 0 0 0 0 0 0 0 0 0 0 0 0 0 0 0 0 0 0 0 0 0 0 0 0 0 0 0 0 0 0 0 
0 0 0 0 0 0 0 0 0 0 0 0 0 0 0 0 0 0 0 0 0 0 0 0 0 0 0 0 0 0 0 0 0 0 0 0 0 0 0 0 
0 0 0 0 0 0 0 0 0 0 0 0 0 0 0 0 0 0 0 0 0 0 0 0 0 0 0 0 0 0 0 0 0 0 0 0 0 0 0 0 
0 0 0 0 0 0 0 0 0 0 0 0 0 0 0 0 0 0 0 0 0 0 0 0 0 0 0 0 0 0 0 0 0 0 0 0 0 0 0 0 
0 0 0 0 0 0 0 0 0 0 0 0 0 0 0 0 0 0 0 0 0 0 0 0 0 0 0 0 0 0 0 0 0 0 0 0 0 0 0 0 
0 0 0 0 0 0 0 0 0 0 0 0 0 0 0 0 0 0 0 0 0 0 0 0 0 0 0 0 0 0 0 0 0 0 0 0 0 0 0 0 
0 0 0 0 0 0 0 0 0 0 0 0 0 0 0 0 0 0 0 0 0 0 0 0 0 0 0 0 0 0 0 0 0 0 0 0 0 0 0 0 
0 0 0 0 0 0 0 0 0 0 0 0 0 0 0 0 0 0 0 0 0 0 0 0 0 0 0 0 0 0 0 0 0 0 0 0 0 0 0 0 
0 0 0 0 0 0 0 0 0 0 0 0 0 0 0 0 0 0 0 0 0 0 0 0 0 0 0 0 0 0 0 0 0 0 0 0 0 0 0 0 
0 0 0 0 0 0 0 0 0 0 0 0 0 0 0 0 0 0 0 0 0 0 0 0 0 0 0 0 0 0 0 0 0 0 0 0 0 0 0 0 
0 0 0 0 0 0 0 0 0 0 0 0 0 0 0 0 0 0 0 0 0 0 0 0 0 0 0 0 0 0 0 0 0 0 0 0 0 0 0 0 
0 0 0 0 0 0 0 0 0 0 0 0 0 0 0 0 0 0 0 0 0 0 0 0 0 0 0 0 0 0 0 0 0 0 0 0 0 0 0 0 
0 0 0 0 0 0 0 0 0 0 0 0 0 0 0 0 0 0 0 0 0 0 0 0 0 0 0 0 0 0 0 0 0 0 0 0 0 0 0 0 
0 0 0 0 0 0 0 0 0 0 0 0 0 0 0 0 0 0 0 0 0 0 0 0 0 0 0 0 0 0 0 0 0 0 0 0 0 0 0 0 
0 0 0 0 0 0 0 0 0 0 0 0 0 0 0 0 0 0 0 0 0 0 0 0 0 0 0 0 0 0 0 0 0 0 0 0 0 0 0 0 
0 0 0 0 0 0 0 0 0 0 0 0 0 0 0 0 0 0 0 0 0 0 0 0 0 0 0 0 0 0 0 0 0 0 0 0 0 0 0 0 
0 0 0 0 0 0 0 0 0 0 0 0 0 0 0 0 0 0 0 0 0 0 0 0 0 0 0 0 0 0 0 0 0 0 0 0 0 0 0 0 
0 0 0 0 0 0 0 0 0 0 0 0 0 0 0 0 0 0 0 0 0 0 0 0 0 0 0 0 0 0 0 0 0 0 0 0 0 0 0 0 
0 0 0 0 0 0 0 0 0 0 0 0 0 0 0 0 0 0 0 0 0 0 0 0 0 0 0 0 0 0 0 0 0 0 0 0 0 0 0 0 
0 0 0 0 0 0 0 0 0 0 0 0 0 0 0 0 0 0 0 0 0 0 0 0 0 0 0 0 0 0 0 0 0 0 0 0 0 0 0 0 
0 0 0 0 0 0 0 0 0 0 0 0 0 0 0 0 0 0 0 0 0 0 0 0 0 0 0 0 0 0 0 0 0 0 0 0 0 0 0 0 
0 0 0 0 0 0 0 0 0 0 0 0 0 0 0 0 0 0 0 0 0 0 0 0 0 0 0 0 0 0 0 0 0 0 0 0 0 0 0 0 
0 0 0 0 0 0 0 0 0 0 0 0 0 0 0 0 0 0 0 0 0 0 0 0 0 0 0 0 0 0 0 0 0 0 0 0 0 0 0 0 
0 0 0 0 0 0 0 0 0 0 0 0 0 0 0 0 0 0 0 0 0 0 0 0 0 0 0 0 0 0 0 0 0 0 0 0 0 0 0 0 
0 0 0 0 0 0 0 0 0 0 0 0 0 0 0 0 0 0 0 0 0 0 0 0 0 0 0 0 0 0 0 0 0 0 0 0 0 0 0 0 
0 0 0 0 0 0 0 0 0 0 0 0 0 0 0 0 0 0 0 0 0 0 0 0 0 0 0 0 0 0 0 0 
<Vol>
0 0 0 0 0 0 0 0 0 0 0 0 0 0 0 0 0 0 0 0 0 0 0 0 0 0 0 0 0 0 0 0 0 0 0 0 0 0 0 0 
0 0 0 -45.2778047471733 0 0 0 0 0 0 0 0 0 0 0 0 0 0 0 0 0 0 0 0 0 0 0 0 0 0 0 0 0 0 0 0 0 0 0 0 
0 0 0 0 0 0 0 0 0 0 0 0 0 0 0 0 0 0 0 0 0 0 0 0 0 0 0 0 0 0 0 0 0 0 0 0 0 0 0 0 
0 0 0 -6.05707529990948 -18.4391548951969 0 0 0 0 0 0 0 0 0 0 0 0 0 0 0 0 0 0 0 0 0 0 0 0 0 0 0 0 57.9680013656616 0 0 0 0 0 0 
0 0 0 0 0 0 0 0 0 0 0 0 0 0 0 0 0 0 0 0 0 0 0 0 0 0 0 17.3408992646168 43.9093530053012 0 0 0 0 0 0 0 0 0 0 0 
0 0 0 0 0 0 0 0 0 0 0 0 0 0 0 0 0 0 0 0 36.1400008201599 54.210000038147 72.2800016403198 18.07000041008 72.2800016403198 18.07000041008 0 0 0 0 0 0 0 0 0 0 0 0 0 0 
0 0 0 0 0 0 0 0 0 0 0 0 0 0 0 0 0 0 0 0 0 0 0 0 0 0 0 0 0 0 0 0 0 0 0 0 0 0 0 0 
0 0 0 0 0 0 0 0 0 0 0 0 0 0 0 0 0 0 0 0 0 0 0 0 0 0 0 0 0 -1.86596120817263 -22.6826674534294 -37.8176754453188 0 0 0 0 0 0 0 0 
0 0 0 0 0 0 0 0 0 0 0 0 0 0 0 0 0 0 0 0 0 0 0 0 0 0 0 0 0 0 0 0 0 0 0 0 0 0 0 0 
0 0 24.211436702952 0 0 0 0 0 0 0 0 0 0 0 0 0 0 0 0 0 0 0 30.9999990463257 48.0000019073486 0 4.35709652403444 0 0 0 20.2089929735168 0 0 0 0 0 0 0 0 0 0 
0 0 0 0 0 0 0 0 0 0 0 0 0 0 0 0 0 0 0 0 0 0 0 0 0 0 0 0 0 0 0 0 0 0 0 0 0 9.00922978931386 0 0 
0 0 0 0 0 0 0 0 0 0 0 0 0 0 -22.0144370793844 0 0 0 0 0 0 0 0 0 0 0 0 0 0 0 0 0 0 0 0 0 0 0 0 0 
0 0 0 0 0 0 0 0 0 0 0 0 0 0 0 0 18.085026112178 24.658344784564 28.6637171607501 -1.20796344838775 0 0 0 0 0 0 0 0 0 0 0 0 0 0 0 0 0 0 0 0 
0 0 0 0 0 0 0 0 0 0 0 0 0 0 0 0 0 0 0 0 0 0 0 0 0 0 0 0 0 0 0 0 0 0 0 0 0 0 0 0 
0 0 0 0 0 0 0 0 0 0 0 0 0 0 0 0 0 0 0 0 0 0 0 0 0 0 0 0 0 0 0 0 0 0 0 0 0 0 0 0 
0 0 0 0 0 0 0 0 0 0 0 0 0 0 0 0 0 0 0 0 0 0 0 0 0 0 0 0 0 0 0 0 0 0 0 0 -32.3171165985629 0 0 0 
0 0 0 0 0 0 0 0 0 0 0 0 0 0 0 0 0 0 0 0 0 0 0 0 0 0 0 0 0 0 0 0 0 0 0 0 0 0 0 0 
0 0 0 0 0 0 0 0 0 0 0 0 0 0 0 0 0 0 0 0 0 0 0 0 0 0 0 0 0 0 0 0 0 0 0 0 0 0 0 0 
0 0 0 0 0 0 0 0 0 0 0 0 0 0 0 0 0 0 0 0 0 0 0 0 0 0 0 0 0 0 0 0 0 0 0 0 0 0 0 0 
0 0 0 0 0 0 0 0 0 0 0 0 0 0 0 0 0 0 0 0 0 0 0 0 0 0 0 0 0 0 0 12.9162967386941 0 0 0 0 0 0 0 0 
0 55.8296924926911 0 0 0 0 0 0 0 0 0 0 0 0 0 0 0 0 0 0 0 0 0 0 0 0 0 0 0 0 0 0 0 0 0 0 0 0 0 0 
0 0 0 0 0 0 0 0 0 0 0 0 0 0 0 0 0 0 0 0 0 0 0 0 0 0 0 0 0 0 0 0 0 0 0 0 0 0 0 0 
0 0 0 0 0 0 0 0 0 0 0 0 0 0 0 0 0 0 0 0 0 0 0 0 0 0 0 0 0 0 0 0 0 0 0 0 0 0 0 0 
0 0 0 0 0 0 0 0 0 0 0 0 0 0 0 0 0 0 0 0 0 0 0 0 0 0 0 0 0 0 0 0 0 0 0 0 0 0 0 0 
0 0 0 0 0 0 0 0 0 0 0 0 0 0 0 0 0 0 0 0 0 0 0 0 0 0 0 0 0 0 0 0 0 0 0 0 0 0 0 0 
0 0 0 0 0 0 0 0 0 0 0 0 0 0 0 0 0 0 0 0 0 0 0 0 0 0 0 0 0 0 0 0 0 0 0 0 0 0 0 0 
0 0 0 0 0 0 0 0 0 0 0 0 0 0 0 0 0 0 0 0 0 -4.70764729114605 0 18.0678940764855 24789.711565 24789.711565 24789.711565 24789.711565 24789.711565 24789.711565 24789.711565 24789.711565 24789.711565 24789.711565 46.560001373291 46.560001373291 267.929992675781 10.2699995040894 28.989999294281 43.1899976730347 
45.3800010681152 25.7299995422363 41.3000011444092 34.1799998283386 34.1799998283386 65.5000019073486 34.1899991035461 57.4200010299683 36.340000629425 56.8200016021729 57.1199989318848 62.1700000762939 25.5900001525879 31.9600009918213 38.0399990081787 33.1800007820129 17.7600002288818 19.539999961853 29.1499996185303 99.3400001525879 168.06999206543 46.560001373291 46.560001373291 88.9599990844727 91.4700031280518 0 12.960000038147 0 0 0 0 45.8099985122681 58.4700012207031 116.429996490479 52.1000003814697 53.1799983978271 57.6700019836426 270.330009460449 251.660003662109 5.29999971389771 
0 0 134.099998474121 251.159992218018 200.020008087158 317.600002288818 317.600002288818 124.750003814697 209.799995422363 172.299995422363 333.400001525879 0 0 0 34.1499996185303 36.9300007820129 37.6300001144409 285.249996185303 0 24.539999961853 133.739995956421 130.950002670288 46.4499998092651 182.630004882812 73.9200019836426 137.980003356934 136.379995346069 135.579996109009 140.319995880127 142.569999694824 149.799995422363 64.3400001525879 145.150003433228 46.9999980926514 242.660007476807 282.600002288818 33.0599999427795 65.8199977874756 83.6499977111816 97.9300022125244 
97.6200008392334 163.880004882812 157.559995651245 159.60000038147 46.0099983215332 53.1500005722046 74.689998626709 58.1599998474121 148.360004425049 39.9000000953674 81.0000038146973 262.819995880127 386.349983215332 247.369995117188 278.050003051758 0 34.300000667572 248.419990539551 29.6700000762939 109.049997329712 29.9300003051758 282.740001678467 292.159996032715 0 0 0 108.420000076294 0 0 18.07000041008 36.1400008201599 36.1400008201599 36.1400008201599 0 0 0 0 0 18.07000041008 108.420000076294 
126.490001678467 0 0 0 0 0 0 0 0 0 0 0 0 0 0 134.860000610352 90.2499961853027 130.39999961853 7.11000025272369 54.8600006103516 91.0099983215332 23.9199995994568 23.4400010108948 12.2200000286102 28.970000743866 27.4799990653992 20.4200005531311 265 254.109992980957 168.06999206543 30.4999995231628 46.560001373291 46.560001373291 88.9599990844727 53.9599990844727 7.03999996185303 103.859996795654 29.3799996376038 65.1900005340576 0 
103.269996643066 44.520001411438 187.150001525879 286.140003204346 17.4899995326996 16.8799996376038 72.519998550415 25.8800005912781 27.7600002288818 69.0500020980835 370.629997253418 30.2699995040894 29.0869998931885 24.4799995422363 34.3600010871887 281.299991607666 20.8200001716614 22.2129988670349 64.4999980926514 185.100002288818 82.5699996948242 21.0820007324219 18.2000005245209 24.5799994468689 23.9400005340576 242.509994506836 29.9399995803833 265.76000213623 680.550003051758 0 48.9400005340576 32.9399991035461 19.32000041008 1.17549435082229e-37 0 28.4200000762939 168.06999206543 28.1299996376038 46.560001373291 40.1900005340576 
42.3299980163574 133.219995498657 138.979997634888 140.670003890991 138.920001983643 132.849998474121 0 0 140.059995651245 134.689998626709 138.75 144.270000457764 147.559995651245 144.270000457764 139.759998321533 139.180002212524 0 0 87.819995880127 138.159999847412 133.78999710083 391.529998779297 129.420003890991 101.510000228882 138.159999847412 92.5500011444092 133.129997253418 130.109996795654 28.0200004577637 0 129.739999771118 83.0200004577637 160.499992370605 303.199996948242 70.5000019073486 142.5 131.579999923706 133.269996643066 138.579998016357 139.689998626709 
141.160001754761 24.6300005912781 80.1900005340576 95.2499961853027 386.180000305176 128.059997558594 185.419998168945 124.429998397827 276.310005187988 279.88000869751 31.0700011253357 46.9500017166138 31.3700008392334 13.2200002670288 16.6100001335144 24.6300005912781 20.0799989700317 66.6400003433228 269.039993286133 256.690006256104 20.6399989128113 30.5599999427795 110.659999847412 149.390001296997 118.129997253418 59.2999982833862 97.3999977111816 132.489995956421 439.51000213623 241.679992675781 228.950004577637 294.839992523193 388.899993896484 24.0199995040894 56.4400005340576 0 231.079998016357 191.609992980957 0 24.0100002288818 
56.4400005340576 46.560001373291 0 0 238.419990539551 202.390003204346 267.929992675781 88.9999961853027 15.5099999904633 16.4199995994568 27.2699999809265 22.6900005340576 50.0099992752075 26.4000010490417 26.4000010490417 285.410003662109 75.5299997329712 24.6199989318848 271.690006256104 58.0800008773804 135.780000686646 39.235999584198 134.340000152588 71.9000005722046 98.4200000762939 238.419990539551 131.269998550415 202.390003204346 64.7300004959106 146.829996109009 21.1500000953674 49.0000009536743 
<Pparc>
1 1 1 1 1 1 1 1 1 1 1 1 1 1 1 1 1 1 1 1 1 1 1 1 1 1 1 1 1 1 1 1 1 1 1 1 1 1 1 1 
1 1 1 1 1 1 1 1 1 1 1 1 1 1 1 1 1 1 1 1 1 1 1 1 1 1 1 1 1 1 1 1 1 1 1 1 1 1 1 1 
1 1 1 1 1 1 1 1 1 1 1 1 1 1 1 1 1 1 1 1 1 1 1 1 1 1 1 1 1 1 1 1 1 1 1 1 1 1 1 1 
1 1 1 1 1 1 1 1 1 1 1 1 1 1 1 1 1 1 1 1 1 1 1 1 1 1 1 1 1 1 1 1 1 1 1 1 1 1 1 1 
1 1 1 1 1 1 1 1 1 1 1 1 1 1 1 1 1 1 1 1 1 1 1 1 1 1 1 1 1 1 1 1 1 1 1 1 1 1 1 1 
1 1 1 1 1 1 1 1 1 1 1 1 1 1 1 1 1 1 1 1 1 1 1 1 1 1 1 1 1 1 1 1 1 1 1 1 1 1 1 1 
1 1 1 1 1 1 1 1 1 1 1 1 1 1 1 1 1 1 1 1 1 1 1 1 1 1 1 1 1 1 1 1 1 1 1 1 1 1 1 1 
1 1 1 1 1 1 1 1 1 1 1 1 1 1 1 1 1 1 1 1 1 1 1 1 1 1 1 1 1 1 1 1 1 1 1 1 1 1 1 1 
1 1 1 1 1 1 1 1 1 1 1 1 1 1 1 1 1 1 1 1 1 1 1 1 1 1 1 1 1 1 1 1 1 1 1 1 1 1 1 1 
1 1 1 1 1 1 1 1 1 1 1 1 1 1 1 1 1 1 1 1 1 1 1 1 1 1 1 1 1 1 1 1 1 1 1 1 1 1 1 1 
1 1 1 1 1 1 1 1 1 1 1 1 1 1 1 1 1 1 1 1 1 1 1 1 1 1 1 1 1 1 1 1 1 1 1 1 1 1 1 1 
1 1 1 1 1 1 1 1 1 1 1 1 1 1 1 1 1 1 1 1 1 1 1 1 1 1 1 1 1 1 1 1 1 1 1 1 1 1 1 1 
1 1 1 1 1 1 1 1 1 1 1 1 1 1 1 1 1 1 1 1 1 1 1 1 1 1 1 1 1 1 1 1 1 1 1 1 1 1 1 1 
1 1 1 1 1 1 1 1 1 1 1 1 1 1 1 1 1 1 1 1 1 1 1 1 1 1 1 1 1 1 1 1 1 1 1 1 1 1 1 1 
1 1 1 1 1 1 1 1 1 1 1 1 1 1 1 1 1 1 1 1 1 1 1 1 1 1 1 1 1 1 1 1 1 1 1 1 1 1 1 1 
1 1 1 1 1 1 1 1 1 1 1 1 1 1 1 1 1 1 1 1 1 1 1 1 1 1 1 1 1 1 1 1 1 1 1 1 1 1 1 1 
1 1 1 1 1 1 1 1 1 1 1 1 1 1 1 1 1 1 1 1 1 1 1 1 1 1 1 1 1 1 1 1 1 1 1 1 1 1 1 1 
1 1 1 1 1 1 1 1 1 1 1 1 1 1 1 1 1 1 1 1 1 1 1 1 1 1 1 1 1 1 1 1 1 1 1 1 1 1 1 1 
1 1 1 1 1 1 1 1 1 1 1 1 1 1 1 1 1 1 1 1 1 1 1 1 1 1 1 1 1 1 1 1 1 1 1 1 1 1 1 1 
1 1 1 1 1 1 1 1 1 1 1 1 1 1 1 1 1 1 1 1 1 1 1 1 1 1 1 1 1 1 1 1 1 1 1 1 1 1 1 1 
1 1 1 1 1 1 1 1 1 1 1 1 1 1 1 1 1 1 1 1 1 1 1 1 1 1 1 1 1 1 1 1 1 1 1 1 1 1 1 1 
1 1 1 1 1 1 1 1 1 1 1 1 1 1 1 1 1 1 1 1 1 1 1 1 1 1 1 1 1 1 1 1 1 1 1 1 1 1 1 1 
1 1 1 1 1 1 1 1 1 1 1 1 1 1 1 1 1 1 1 1 1 1 1 1 1 1 1 1 1 1 1 1 1 1 1 1 1 1 1 1 
1 1 1 1 1 1 1 1 1 1 1 1 1 1 1 1 1 1 1 1 1 1 1 1 1 1 1 1 1 1 1 1 1 1 1 1 1 1 1 1 
1 1 1 1 1 1 1 1 1 1 1 1 1 1 1 1 1 1 1 1 1 1 1 1 1 1 1 1 1 1 1 1 1 1 1 1 1 1 1 1 
1 1 1 1 1 1 1 1 1 1 1 1 1 1 1 1 1 1 1 1 1 1 1 1 1 1 1 1 1 1 1 1 1 1 1 1 1 1 1 1 
1 1 1 1 1 1 1 1 1 1 1 1 1 1 1 1 1 1 1 1 1 1 1 1 1 1 1 1 1 1 1 1 1 1 1 1 1 1 1 1 
1 1 1 1 1 1 1 1 1 1 1 1 1 1 1 1 1 1 1 1 1 1 1 1 1 1 1 1 1 1 1 1 1 1 1 1 1 1 1 1 
1 1 1 1 1 1 1 1 1 1 1 1 1 1 1 1 1 1 1 1 1 1 1 1 1 1 1 1 1 1 1 1 1 1 1 1 1 1 1 1 
1 1 1 1 1 1 1 1 1 1 1 1 1 1 1 1 1 1 1 1 1 1 1 1 1 1 1 1 1 1 1 1 1 1 1 1 1 1 1 1 
1 1 1 1 1 1 1 1 1 1 1 1 1 1 1 1 1 1 1 1 1 1 1 1 1 1 1 1 1 1 1 1 1 1 1 1 1 1 1 1 
1 1 1 1 1 1 1 1 1 1 1 1 1 1 1 1 1 1 1 1 1 1 1 1 1 1 1 1 1 1 1 1 1 1 1 1 1 1 1 1 
1 1 1 1 1 1 1 1 1 1 1 1 1 1 1 1 1 1 1 1 1 1 1 1 1 1 1 1 1 1 1 1 1 1 1 1 1 1 1 1 
1 1 1 1 1 1 1 1 1 1 1 1 1 1 1 1 1 1 1 1 1 1 1 1 1 1 1 1 1 1 1 1 1 1 1 1 1 1 1 1 
1 1 1 1 1 1 1 1 1 1 1 1 1 1 1 1 1 1 1 1 1 1 1 1 1 1 1 1 1 1 1 1 
<MM>
227 416.099700927734 262.45299911499 245.998399734497 264.996799468994 283.995199203491 323.985599040985 278.020698785782 244.006899595261 315.018402099609 403.036804199219 285.08219909668 323.059997558594 107.868202209473 107.868202209473 187.772201538086 267.676200866699 347.580200195312 427.484199523926 159.904602050781 185.922801971436 167.876400947571 143.321201324463 178.774200439453 214.227199554443 249.680198669434 126.86660194397 203.845901250839 174.01200056076 140.940101385117 234.772705078125 361.677207946777 488.58171081543 615.486213684082 141.882001399994 124.875101804733 150.893301725388 313.944201946259 203.928199768066 294.707405090332 
422.835803985596 234.836201667786 250.835201263428 26.9815006256104 45.9799003601074 64.9783000946045 83.9766998291016 102.975099563599 121.973499298096 140.971899032593 60.9952998161316 78.0021994113922 95.0090990066528 894.980295181274 87.9768004417419 148.972100257874 43.988400220871 79.9936995506287 98.9920992851257 81.9851996898651 219.101495742798 123.041498184204 122.087199449539 243 363.016397476196 423.024596214294 303.008198738098 432.099700927734 621.199401855469 278.45299911499 313.90599822998 261.998399734497 280.996799468994 304.016098737717 433.107600927353 623.215201854706 339.985599040985 338.977699041367 367.007997512817 305.003998756409 
274.997999191284 395.01439666748 455.022595405579 335.006197929382 277.013799190521 294.020698785782 260.006899595261 309.011798381805 292.004898786545 331.018402099609 419.036804199219 507.055206298828 301.08219909668 435.119995117188 339.059997558594 338.105698823929 138.917598724365 125.942299127579 142.949198722839 86.803599357605 80.8290989398956 82.8205990791321 84.8120992183685 112.424999237061 155.232998847961 61.8306992053986 78.8375988006592 137.326995849609 216.164594650269 197.335194587708 156.325395584106 198.343094587326 234.312594890594 233.304694890976 154.33389544487 232.296794891357 233.386993408203 724.705487251282 587.378491401672 79.9039993286133 
16.042799949646 26.0181999206543 44.0091991424561 60.0081987380981 40.0779991149902 391.183596611023 465.275394916534 334.098697900772 118.915597915649 100.086197853088 229.177700042725 395.183596611023 469.275394916534 338.098697900772 156.069995880127 59.0763988494873 101.094097852707 231.193500041962 230.185600042343 137.063598155975 136.055698156357 200.033996582031 533.367193222046 474.266494512558 343.089797496796 57.0848987102509 128.0964012146 216.114803314209 135.047798156738 540.367193222046 136.137996673584 183.044998168945 135.183697938919 134.175797939301 528.404897689819 530.207493782043 490.129494667053 273.421394824982 313.499393939972 233.343395709991 
112.414001464844 232.43039894104 172.422200202942 147.867000579834 183.319999694824 218.772998809814 254.225997924805 173.43010020256 209.399600505829 208.39170050621 178.557799816132 211.629698991776 244.701598167419 145.485900640488 146.427800655365 163.434700250626 180.441599845886 241.834902524948 129.420901060104 177.549899816513 304.533996582031 208.473999023438 251 269.998399734497 309.08219909668 347.059997558594 189.099700927734 35.4529991149902 99.4489974975586 247 367.016397476196 427.024596214294 307.008198738098 282.45299911499 317.90599822998 265.998399734497 284.996799468994 308.016098737717 343.985599040985 342.977699041367 
371.007997512817 309.003998756409 281.013799190521 298.020698785782 264.006899595261 305.08219909668 439.119995117188 343.059997558594 342.105698823929 58.9332008361816 118.94139957428 94.3861999511719 129.839199066162 165.292198181152 200.745197296143 77.9316005706787 119.949299573898 154.910899877548 125.076999187469 92.0051000118256 92.9470000267029 109.953899621964 126.960799217224 134.873301267624 303.760401725769 75.9401004314423 171.058197975159 154.993198394775 51.9959983825684 51.9959983825684 131.899997711182 87.4489974975586 87.4489974975586 122.901996612549 70.9943981170654 89.9927978515625 108.99119758606 148.981597423553 147.973697423935 215.984993934631 
115.991996765137 135.445996284485 69.002897977829 69.002897977829 86.0097975730896 103.01669716835 120.023596763611 138.005795955658 224.015593528748 189.019295454025 180.031795501709 129.011096715927 139.908896207809 200.002296209335 296.98789525032 198.994396209717 312.986894845963 197.986496210098 148.055995941162 132.905395507812 63.5460014343262 63.5460014343262 142.383600234985 221.221199035645 300.058797836304 183.562398910522 123.554200172424 140.561099767685 268.903999328613 98.9990005493164 98.9990005493164 134.451999664307 134.451999664307 169.904998779297 124.562100172043 257.517199516296 257.517199516296 255.501399517059 160.531600475311 160.531600475311 
159.523700475693 256.509299516678 256.509299516678 129.689799785614 96.6179006099701 97.5598006248474 97.5598006248474 114.566700220108 131.573599815369 161.105802059174 144.098902463913 258.665602684021 80.5529010295868 80.5529010295868 225.299800395966 159.60599899292 151.964004516602 271.980401992798 211.9722032547 170.962404251099 189.960803985596 248.949603557587 185.977803707123 202.984703302383 219.991602897644 168.970904111862 344.083999633789 248.024002075195 247.06970334053 18.9983997344971 55.8450012207031 55.8450012207031 134.682600021362 213.520198822021 211.954200744629 211.954200744629 175.861398696899 235.869597434998 115.853199958801 91.2980003356934 
91.2980003356934 126.750999450684 162.203998565674 197.656997680664 171.83699798584 74.8434009552002 74.8434009552002 93.8418006896973 346.801798343658 152.830600261688 151.82270026207 152.912898778915 152.912898778915 343.79479932785 183.820900678635 312.804700136185 89.8588004112244 89.8588004112244 106.865700006485 106.865700006485 123.872599601746 145.703801631927 235.562602043152 72.8519008159637 72.8519008159637 132.860099554062 150.814800262451 87.9090003967285 172.009399414062 113.927200317383 247.964996337891 247.964996337891 151.904998779297 151.904998779297 182.813000679016 150.950700044632 2.01579999923706 140.933398723602 141.941298723221 139.925498723984 
86.6238992214203 27.0260999202728 61.0160987377167 191.115500926971 192.12340092659 190.107600927353 118.007796764374 116.999896764755 196.97859621048 195.970696210861 20.0062997341156 39.0046994686127 213.970000743866 212.962100744247 175.909401655197 161.971797466278 160.96389746666 863.435207843781 864.443107843399 862.427307844162 90.0342020988464 89.0263020992279 96.9855990409851 97.9934990406036 174.948498487473 95.9776990413666 211.015799999237 210.007899999619 34.0797991752625 33.0718991756439 81.0688979625702 97.0678975582123 80.9868006706238 79.9789006710052 128.98379945755 127.975899457932 143.974899053574 316.891902685165 200.591995239258 200.591995239258 
260.600193977356 236.044994354248 271.497993469238 306.950992584229 342.403991699219 261.608093976974 296.569694280624 266.735793590546 401.183990478516 418.190890073776 234.605794429779 251.61269402504 217.598894834518 277.607093572617 253.051893949509 295.561794281006 264.719993591309 265.727893590927 392.711990356445 296.651992797852 164.930297851562 284.946695327759 224.938496589661 183.92869758606 202.927097320557 261.915896892548 198.944097042084 215.950996637344 232.957896232605 181.937197446823 357.05029296875 260.990295410156 260.035996675491 126.904502868652 253.809005737305 380.713508605957 174.901501655579 39.0983009338379 99.106499671936 251.052501678467 
251.052501678467 100.114399671555 136.083899974823 135.075999975204 56.1052005290985 134.068099975586 135.158298492432 6.94099998474121 25.9393997192383 103.926599025726 102.918699026108 23.9478995800018 101.910799026489 103.000997543335 24.3050003051758 103.142599105835 84.3131990432739 213.40470123291 43.3034000396729 85.3210990428925 215.420501232147 214.412601232529 121.290599346161 120.282699346542 41.3118999004364 112.323402404785 200.341804504395 119.274799346924 120.36499786377 167.271999359131 119.410699129105 118.402799129486 498.661496162415 474.356495857239 54.9379997253418 54.9379997253418 114.94619846344 90.390998840332 90.390998840332 73.9363994598389 
73.9363994598389 92.9347991943359 111.933198928833 115.954098463058 88.951798915863 88.951798915863 105.958698511124 122.965598106384 71.9448993206024 71.9448993206024 90.9432990550995 150.997997283936 197.904998779297 159.955997467041 28.0139999389648 17.030699968338 18.0385999679565 46.0049991607666 62.0039987564087 22.9897994995117 101.827398300171 82.9979982376099 41.9881992340088 84.0058982372284 119.975398540497 118.967498540878 39.9966990947723 117.95959854126 119.049797058105 861.419407844543 160.934000968933 177.940900564194 194.947800159454 211.954699754715 58.6934013366699 162.766201019287 188.784400939941 178.709798812866 118.701600074768 247.793102264404 
436.892803192139 94.1464004516602 77.691801071167 198.618900060654 119.709500074387 249.808902263641 248.801002264023 233.641899824142 154.671100378036 124.837199687958 91.7653005123138 92.7548012733459 109.785501241684 126.816201210022 143.84690117836 160.877601146698 75.7241013050079 120.697400093079 92.7072005271912 109.714100122452 134.3937022686 302.801203727722 75.7003009319305 146.711803436279 234.730205535889 232.633999824524 174.857799530029 232.939998626709 116.77560043335 154.753398895264 268.671802520752 163.682601928711 201.660400390625 153.799100160599 237 237 357.016397476196 417.024596214294 477.032794952393 537.040993690491 
297.008198738098 272.45299911499 272.45299911499 307.90599822998 255.998399734497 255.998399734497 274.996799468994 274.996799468994 363.904502868652 299.003998756409 268.997999191284 268.997999191284 1167.04319000244 389.01439666748 389.01439666748 449.022595405579 449.022595405579 329.006197929382 329.006197929382 649.024895906448 406.021296262741 363.019997119904 346.013097524643 458.097700119019 304.450998306274 287.996398925781 287.996398925781 306.994798660278 306.994798660278 271.013799190521 271.013799190521 288.020698785782 288.020698785782 305.027598381042 254.006899595261 254.006899595261 391.030196666718 365.035797119141 460.953397274017 365.983598232269 
365.983598232269 364.975698232651 364.975698232651 443.899500846863 443.899500846863 572.00979757309 892.028495550156 286.004898786545 303.011798381805 303.011798381805 320.018697977066 337.025597572327 286.004898786545 445.034803390503 357.016401290894 327.080198287964 461.117994308472 365.057996749878 365.057996749878 364.103698015213 364.103698015213 325.018402099609 413.036804199219 501.055206298828 353.164398193359 411.246597290039 295.08219909668 429.119995117188 429.119995117188 333.059997558594 333.059997558594 332.105698823929 332.105698823929 31.9979991912842 88.0184020996094 173.940598487854 94.969799041748 207.199996948242 223.198996543884 242.197396278381 
261.195796012878 280.194195747375 241.213796138763 258.220695734024 224.206896543503 240.205896139145 257.212795734406 274.219695329666 291.226594924927 415.318991661072 511.378989219666 319.258994102478 207.199996948242 207.199996948242 286.037595748901 443.71279335022 327.216394424438 267.20819568634 302.661194801331 284.215095281601 242.652996063232 278.105995178223 313.558994293213 349.011993408203 268.216095685959 399.155395030975 304.185595989227 303.177695989609 273.34379529953 241.213796138763 258.220695734024 431.406893491745 689.627589225769 896.827586174011 1379.25517845154 224.206896543503 272.335895299911 399.31999206543 303.259994506836 106.419998168945 
106.419998168945 141.872997283936 177.325996398926 212.778995513916 248.231994628906 140.481398105621 157.512098073959 174.542798042297 123.450698137283 140.433797359467 157.440696954727 123.426897764206 209 209 209 209 244.45299911499 279.90599822998 315.358997344971 350.811996459961 421.717994689941 333.007997512817 395.011996269226 271.003998756409 243.013799190521 260.020698785782 277.027598381042 311.041397571564 226.006899595261 367.818896055222 401.119995117188 497.179992675781 305.059997558594 305.059997558594 244 244 364.016397476196 424.024596214294 484.032794952393 544.040993690491 
304.008198738098 355.02889752388 433.099700927734 279.45299911499 279.45299911499 262.998399734497 262.998399734497 281.996799468994 281.996799468994 434.107600927353 340.985599040985 341.993499040604 306.003998756409 275.997999191284 275.997999191284 1188.04319000244 396.01439666748 396.01439666748 456.022595405579 456.022595405579 336.006197929382 336.006197929382 311.450998306274 346.903997421265 294.996398925781 313.994798660278 278.013799190521 278.013799190521 295.020698785782 295.020698785782 312.027598381042 261.006899595261 261.006899595261 469.969197273254 372.983598232269 371.975698232651 586.00979757309 310.011798381805 327.018697977066 293.004898786545 
293.004898786545 370.967798233032 468.117994308472 372.057996749878 372.057996749878 371.103698015213 371.103698015213 332.018402099609 332.018402099609 420.036804199219 420.036804199219 508.055206298828 508.055206298828 302.08219909668 436.119995117188 436.119995117188 340.059997558594 340.059997558594 339.105698823929 339.105698823929 226 286.008198738098 244.998399734497 287.016098737717 243.006899595261 322.059997558594 32.0639991760254 32.0639991760254 58.0821990966797 112.124997138977 80.0609979629517 96.0599975585938 78.9710006713867 78.9710006713867 104.989200592041 126.967999458313 142.966999053955 157.942001342773 236.91300201416 315.884002685547 
171.092098236084 96.1135988235474 308.363596916199 95.1056988239288 94.0977988243103 150.360000610352 270.376398086548 210.36819934845 169.358400344849 188.356800079346 247.345599651337 184.373799800873 201.380699396133 218.387598991394 334.733800411224 536.114499807358 167.366900205612 342.479995727539 246.419998168945 245.46569943428 118.709999084473 118.709999084473 198.613998413086 278.517997741699 358.421997070312 154.162998199463 154.162998199463 189.615997314453 189.615997314453 225.068996429443 260.521995544434 260.521995544434 295.974994659424 331.427993774414 137.70839881897 156.706798553467 175.705198287964 232.700397491455 312.681197166443 310.665397167206 
406.643096208572 215.695598125458 214.687698125839 311.673297166824 242.71799659729 180.713997840881 152.723798274994 169.730697870255 186.737597465515 203.744497060776 220.751396656036 424.15759563446 135.716898679733 171.169897794724 213.679798126221 176.792198181152 214.769996643066 87.620002746582 166.457601547241 147.62820148468 106.618402481079 148.636101484299 184.605601787567 183.597701787949 104.626902341843 182.58980178833 183.680000305176 625.291501045227 537.671498298645 98 192.021997928619 209.02889752388 275.264995574951 310.717994689941 161.995998382568 566.528990745544 262.011798381805 148.012798786163 165.019698381424 232.037704467773 
532.078698158264 267.490703582764 251.036104202271 270.034503936768 289.032903671265 308.031303405762 346.028102874756 426.008902549744 329.023303508759 330.031203508377 427.016802549362 581.840707778931 756.742209434509 406.939206123352 356.045701980591 294.041703224182 266.051503658295 300.065302848816 498.089208126068 515.096107721329 1132.23361301422 1064.20601463318 1630.32282114029 1647.32972073555 249.044604063034 386.067901134491 326.059702396393 343.066601991653 360.073501586914 489.077399015427 568.375499725342 348.202102661133 290.119903564453 424.157699584961 520.217697143555 328.097702026367 47.867000579834 63.8660001754761 129.747800350189 64.8739001750946 
97.8797993659973 114.886698961258 80.8728997707367 238.028900146484 478.061695098877 538.069893836975 349.057797670364 273.481899261475 257.027299880981 276.025699615479 295.024099349976 314.022499084473 333.02089881897 352.019298553467 335.014499187469 364.933403015137 362.036897659302 300.032898902893 270.026899337769 270.026899337769 1170.12989044189 390.043296813965 450.051495552063 450.051495552063 330.035098075867 349.033497810364 368.031897544861 387.030297279358 651.082696199417 918.253200531006 459.126600265503 305.479898452759 340.932897567749 289.025299072266 308.023698806763 327.02209854126 346.020498275757 272.042699337006 289.049598932266 306.056498527527 
255.035799741745 551.893696784973 410.960298061371 409.952398061752 460.134500265121 463.998097419739 367.012498378754 368.020398378372 366.004598379135 465.005997419357 525.978698253632 398.0027987957 619.829902648926 444.928400993347 332.030898094177 1169.10099029541 574.067597866058 557.060698270798 878.108296394348 895.115195989609 929.12899518013 1199.1558945179 304.04069852829 321.04759812355 338.054497718811 287.033798933029 921.109595537186 446.063703536987 534.082105636597 358.045301437378 364.996698379517 1176.10099029541 386.191297531128 444.273496627808 328.109098434448 462.146894454956 558.20689201355 366.086896896362 555.960897445679 412.993898391724 
365.132598161697 414.065704345703 502.084106445312 590.102508544922 326.047302246094 354.193298339844 296.111099243164 430.148895263672 334.088897705078 65.379997253418 185.396394729614 190.768193244934 125.388195991516 100.832996368408 136.285995483398 171.738994598389 207.191993713379 126.396095991135 259.351195335388 257.335395336151 353.313094377518 162.365596294403 161.357696294785 258.34329533577 256.327495336533 131.523795604706 164.59569478035 99.3937964439392 116.4006960392 133.40759563446 147.766894102097 82.3868968486786 195.371495485306 130.515895605087 257.499992370605 161.439994812012 91.2239990234375 331.25679397583 126.676998138428 162.129997253418 
110.222398757935 129.220798492432 148.219198226929 167.217597961426 186.215997695923 205.21439743042 215.231996536255 153.227997779846 125.237798213959 159.25159740448 193.265396595001 341.699595451355 426.734093427658 619.999490022659 637.00638961792 500.951192855835 108.230898618698 283.343994140625 379.403991699219 187.283996582031 28.0139999389648 17.0068995952606 1.00789999961853 18.0147995948792 16.042799949646 44.0091991424561 2.01579999923706 18.0147995948792 34.0797991752625 80.9868006706238 200.591995239258 28.0139999389648 28.0139999389648 31.9979991912842 278.020698785782 278.020698785782 718.055206298828 107.868202209473 187.772201538086 133.886402130127 
275.744603157043 143.321201324463 234.772705078125 231.735404014587 231.735404014587 418.574405670166 247.800403594971 311.796401977539 294.707405090332 212.857402801514 342.704403877258 358.7034034729 101.960000038147 78.0021994113922 78.0021994113922 78.0021994113922 59.9873998165131 59.9873998165131 59.9873998165131 258.157598495483 666.024596214294 294.020698785782 294.020698785782 320.015098333359 329.022498130798 292.004898786545 74.9216003417969 10.8100004196167 69.6169996261597 69.6169996261597 61.8306992053986 197.335194587708 233.304694890976 601.920585632324 233.386993408203 264.294995307922 280.293994903564 1081.31958913803 975.409190177917 12.0111999511719 
696.482985973358 1314.87457084656 366.748528079987 506.46179485321 436.041756277084 660.540944366455 662.342424325943 359.271596193314 425.622376451492 392.333396434784 705.291223373413 237.847995758057 125.693998336792 195.310997962952 100.086197853088 100.086197853088 100.086197853088 570.492597579956 156.069995880127 78.0747985839844 414.950574073791 348.320399999619 136.055698156357 491.266292572021 172.085297346115 374.690502426147 419.796386070252 366.214047908783 370.728297710419 385.700527744293 395.546467609406 184.399396896362 417.240528659821 200.033996582031 346.470037412643 403.504736089706 74.0917983055115 146.111200809479 164.126000404358 182.140799999237 
310.173595428467 520.752391815186 504.297792434692 502.306292295456 136.137996673584 145.145396471024 172.167595863342 185.060798168182 403.428798938751 116.160998344421 260.829395771027 1038.11499118805 1970.39518785477 878.160193443298 856.385593414307 198.030000686646 172.422200202942 1016.02420186996 146.427800655365 527.181602478027 144.478000640869 1074.42139434814 1022.55539417267 58.9332008361816 118.94139957428 129.839199066162 237.927996635437 96.9300003051758 154.910899877548 74.9322004318237 92.9470000267029 92.9470000267029 92.9470000267029 366.739200592041 90.997200012207 90.997200012207 123.061199188232 154.993198394775 173.007997989655 263.08199596405 
281.096795558929 51.9959983825684 122.901996612549 158.354995727539 151.988995552063 83.9939975738525 99.9929971694946 86.0097975730896 103.01669716835 182.995396614075 146.965797424316 146.965797424316 200.183994293213 84.0599975585938 392.171989440918 586.886892557144 479.754093647003 542.939092874527 63.5460014343262 221.114000797272 344.668200969696 98.9990005493164 143.091002464294 79.5450010299683 97.5598006248474 159.156002044678 95.6100006103516 1025.55339431763 937.657794952393 483.952605247498 208.959203720093 202.984703302383 202.984703302383 228.97910284996 258.949674888134 55.8450012207031 341.761600494385 115.853199958801 198.163700342178 223.832996368408 
361.475675830841 231.531002044678 394.888200759888 635.21280002594 80.9283752441406 82.3245002746582 295.791000366211 127.835376739502 137.161491943359 483.419006347656 399.48860168457 159.687001228333 159.687001228333 89.8588004112244 106.865700006485 599.161001205444 88.8509004116058 88.8509004116058 150.814800262451 501.592998504639 186.844399452209 87.9090003967285 87.9090003967285 119.972999572754 119.972999572754 546.638399600983 213.787002563477 1017.852394104 1776.21298766136 693.782183647156 296.569694280624 472.089988708496 216.5909948349 747.766483545303 791.71558380127 232.655994415283 509.885191917419 221.925497055054 215.950996637344 241.945396184921 
259.900096893311 373.228690547943 392.605529117584 400.097529220581 399.821404266357 421.430736541748 362.956894874573 540.658695697784 392.212528991699 372.69421037674 382.163878536224 392.18069021225 411.93746679306 423.720691127777 431.984524726868 401.833021944046 506.309299468994 605.41579914093 368.10449886322 502.087197780609 385.946999073029 2008.51379060745 458.139398097992 420.229898691177 487.944696426392 362.797097921371 443.996896743774 364.067118282318 84.3131990432739 192.292995452881 412.269164276123 174.32709813118 246.386296510696 548.877793550491 176.387899875641 266.461897850037 363.532638111114 365.996398067474 383.019117946625 388.764078121185 
414.559118862152 58.318799495697 148.353001594543 262.854598999023 659.180190086365 334.91379737854 406.972995758057 259.361797332764 1022.34199237823 898.416793823242 114.94619846344 228.809997558594 157.87299823761 70.9369993209839 86.935998916626 88.951798915863 87.9438989162445 217.935598373413 1016.94539260864 965.079392433167 127.957998275757 143.956997871399 521.176995277405 481.027496814728 437.079697132111 143.993298053741 440.304196357727 367.751800060272 1094.36658859253 512.363394737244 425.840355205536 548.392993927002 968.342791080475 268.997999191284 329.006197929382 286.004898786545 321.026597976685 521.125601768494 435.955398082733 275.997999191284 
336.006197929382 295.020698785782 310.011798381805 293.004898786545 1089.99279403687 528.125601768494 932.20320224762 338.969799041748 32.0639991760254 78.9710006713867 60.0839996337891 60.0839996337891 308.031303405762 264.035703659058 264.035703659058 1075.99230957031 359.059498071671 270.026899337769 1304.09349060059 330.035098075867 482.011596441269 322.055498123169 438.063796758652 368.102696895599 412.089700222015 1072.07949447632 668.165396690369 522.154501914978 330.110898971558 301.19419670105 123.221998214722 159.25159740448 
<Awt>
227 107.868202209473 26.9815006256104 243 74.9216003417969 10.8100004196167 137.326995849609 79.9039993286133 12.0111999511719 40.0779991149902 112.414001464844 251 189.099700927734 35.4529991149902 247 58.9332008361816 51.9959983825684 132.905395507812 63.5460014343262 151.964004516602 18.9983997344971 55.8450012207031 1.00789999961853 200.591995239258 164.930297851562 126.904502868652 39.0983009338379 6.94099998474121 24.3050003051758 54.9379997253418 95.9599990844727 14.0069999694824 14.0069999694824 22.9897994995117 92.9064025878906 58.6934013366699 237 15.9989995956421 88.0184020996094 30.9738006591797 
207.199996948242 207.199996948242 106.419998168945 209 244 226 32.0639991760254 78.9710006713867 28.0860004425049 150.360000610352 118.709999084473 87.620002746582 98 232.037704467773 47.867000579834 238.028900146484 65.379997253418 91.2239990234375 0 
<A>
1 0 0 0 0 0 0 0 0 0 0 0 0 0 0 0 0 0 0 0 0 0 0 0 0 0 0 0 0 0 0 0 0 0 0 0 0 0 0 0 
0 0 0 0 0 0 0 0 0 0 0 0 0 0 0 0 0 0 3 1 0 0 0 0 0 0 0 0 0 0 0 1 0 0 0 0 0 0 0 0 
0 0 0 0 0 0 0 0 0 0 0 0 0 0 0 0 0 0 0 0 0 0 0 0 0 0 0 0 0 0 0 0 0 0 0 0 0 0 1 0 
0 0 0 0 0 0 0 0 0 0 0 1 0 0 0 0 0 0 0 0 0 0 0 0 0 0 0 0 0 0 0 0 0 0 0 0 0 0 0 0 
0 0 0 0 0 0 0 0 0 0 0 0 0 0 0 0 2 1 0 0 0 0 0 0 0 0 0 0 0 0 0 0 0 0 0 0 0 1 0 0 
0 0 0 0 0 0 0 0 0 0 0 0 0 0 0 0 0 0 0 0 0 0 0 0 0 0 0 0 0 0 0 0 0 0 0 2 1 0 0 0 
0 0 0 0 0 0 0 0 0 0 0 0 0 0 0 0 2 0 0 0 0 0 0 0 0 0 0 0 0 0 0 0 0 0 0 0 0 0 0 0 
0 0 0 0 0 0 0 0 0 0 0 0 0 0 1 1 0 0 0 0 0 0 0 0 0 0 0 0 0 0 0 0 0 0 0 3 0 0 0 0 
0 0 0 0 0 0 0 0 0 0 0 0 0 0 0 0 0 0 0 0 0 0 0 0 0 0 0 0 0 0 0 0 0 0 1 0 0 0 0 0 
0 0 0 0 0 0 0 0 0 0 0 0 0 0 0 0 2 0 0 0 0 0 0 0 0 0 0 0 0 0 0 4 0 1 0 0 0 0 0 0 
0 0 0 0 0 0 0 0 0 0 0 0 2 1 0 0 0 0 0 0 0 0 0 0 0 0 0 0 0 0 0 0 0 0 0 3 0 0 0 0 
0 0 0 0 0 0 0 0 0 0 3 0 0 0 0 0 0 0 0 0 0 0 0 0 0 0 0 0 0 0 0 0 1 0 0 0 0 0 0 0 
0 0 0 0 0 0 0 0 0 0 0 0 0 0 1 0 0 0 0 0 0 0 0 0 0 0 0 0 0 1 0 0 0 0 0 0 0 0 0 0 
0 0 0 0 0 0 0 0 0 0 2 1 0 0 0 0 0 0 0 0 0 0 0 0 0 0 0 0 0 0 0 0 0 0 0 0 0 0 0 0 
0 0 0 0 0 0 0 0 0 1 0 0 0 0 0 0 0 0 0 0 0 0 0 0 0 0 0 0 0 1 1 0 0 0 0 0 0 0 0 0 
0 0 0 0 0 0 0 0 0 0 0 0 0 0 0 0 0 0 0 0 0 0 0 0 0 0 0 0 2 0 0 0 0 0 0 0 0 0 0 0 
0 0 0 0 0 0 0 0 -1 1 0 0 0 0 0 0 0 1 0 0 0 0 0 0 0 0 0 0 0 0 0 0 0 0 0 0 0 0 0 0 
1 0 0 0 0 0 0 0 0 0 0 0 0 0 0 1 0 0 0 0 0 0 0 0 0 0 0 2 1 0 0 0 0 0 0 0 0 0 0 0 
0 0 0 0 0 0 0 0 0 0 0 0 0 0 0 0 0 0 0 0 0 0 0 0 0 4 0 0 0 0 0 0 0 0 1 0 0 0 0 0 
0 0 0 0 0 0 1 0 1 0 0 0 0 0 0 0 0 0 0 0 0 0 0 0 0 0 0 0 0 0 0 0 0 0 0 0 0 0 0 0 
0 0 0 0 0 0 0 0 0 0 0 0 0 0 0 0 0 0 0 0 0 0 0 0 0 0 0 1 0 0 0 0 0 0 0 0 0 0 0 0 
0 0 0 0 0 0 0 0 0 0 0 0 0 0 0 0 0 0 0 0 0 0 0 0 0 0 0 0 0 0 0 0 0 0 0 0 0 0 0 0 
0 0 0 0 1 0 1 0 0 0 0 0 1 0 0 0 0 0 0 0 0 0 0 0 0 0 0 0 0 0 0 0 0 0 0 0 0 0 0 0 
0 0 0 0 0 0 0 0 0 0 0 0 0 0 0 0 0 0 0 0 0 0 0 0 0 1 0 0 0 0 0 2 0 0 0 0 0 0 0 0 
0 0 0 0 0 0 0 0 0 0 0 0 0 0 0 0 0 0 0 0 0 0 0 0 0 0 0 0 0 0 0 0 0 0 0 0 0 0 0 0 
0 0 -1 0 1 0 0 0 0 0 3 0 0 0 0 0 0 0 0 0 0 0 0 0 0 0 0 0 0 0 0 0 0 0 0 0 0 0 0 0 
0 0 0 0 0 0 0 0 0 0 0 0 0 0 0 0 0 0 0 0 0 -2 0 1 0 0 0 0 0 4 0 0 0 0 0 0 0 0 0 0 
0 0 0 0 0 0 0 0 0 0 0 0 0 0 0 0 0 0 0 0 0 0 0 0 0 0 0 0 0 0 0 0 0 0 0 0 0 0 0 0 
-3 0 1 0 0 0 0 0 0 2 0 0 0 0 0 0 0 0 0 0 0 0 0 0 0 0 0 0 0 0 0 0 2 0 0 0 0 0 0 0 
0 0 0 0 0 0 0 0 0 0 0 0 0 0 0 0 0 0 0 -1 0 1 0 0 0 0 0 0 3 0 0 0 0 0 0 0 0 0 0 0 
0 0 0 0 0 0 0 0 0 0 0 3 0 0 0 0 0 0 0 0 0 0 0 0 0 0 0 0 0 0 0 0 0 0 0 0 0 0 -2 0 
1 0 0 0 0 0 0 1 0 0 0 0 0 0 0 0 0 0 0 0 0 0 0 0 0 0 0 0 0 0 0 0 0 0 0 0 3 0 0 0 
0 0 0 0 0 0 0 0 0 0 0 0 0 0 0 0 0 -1 0 1 0 0 0 0 0 0 0 0 0 0 0 1 0 0 0 0 0 0 0 0 
0 0 0 0 0 0 0 0 0 0 0 0 0 0 0 0 0 0 0 0 0 0 0 0 0 0 0 0 0 0 0 0 0 0 0 0 0 0 1 0 
0 0 0 0 0 0 0 0 0 0 2 0 0 0 0 0 0 0 0 0 0 0 0 0 0 0 0 0 0 0 0 0 0 0 0 0 0 0 0 0 
0 0 0 0 0 0 0 0 0 0 0 0 0 0 0 -1 0 1 0 0 0 0 0 0 0 0 0 0 0 3 0 0 0 0 0 0 0 0 0 0 
0 0 0 0 0 0 0 0 0 0 0 0 0 0 0 0 0 0 0 0 0 0 0 0 0 0 0 0 0 0 0 0 0 0 -2 0 1 0 0 0 
0 0 0 0 0 0 0 0 4 0 0 0 0 0 0 0 0 0 0 0 0 0 0 0 0 0 0 0 0 0 0 0 0 0 0 0 0 0 0 0 
0 0 0 0 0 0 0 0 0 0 0 0 0 -3 0 1 0 0 0 0 0 0 0 0 0 0 0 0 0 0 0 0 0 0 1 0 0 0 0 0 
0 0 0 0 0 0 0 0 0 0 0 0 0 0 0 0 0 0 0 0 0 0 0 0 0 0 0 0 0 0 0 0 0 0 1 0 0 0 0 0 
0 0 0 0 0 0 0 0 0 0 0 0 0 0 0 1 0 0 0 0 0 0 0 0 0 0 0 0 0 0 4 0 1 0 0 0 0 0 0 0 
0 0 0 0 0 0 0 0 0 0 0 -1 0 1 0 0 0 0 0 0 0 0 0 0 0 0 0 0 0 0 0 0 0 0 2 0 0 0 0 0 
0 0 0 0 0 0 0 0 0 0 0 0 0 0 0 0 0 0 2 0 0 0 0 0 0 0 0 0 0 0 -1 0 1 0 0 0 0 0 0 0 
0 0 0 0 0 0 0 0 0 0 0 0 0 1 0 0 0 0 0 0 0 0 0 0 0 0 0 0 0 0 0 0 0 0 0 0 0 1 0 0 
0 0 0 0 0 0 0 0 0 0 0 1 0 0 0 0 0 0 0 0 0 0 0 0 0 0 0 0 0 0 0 0 0 0 0 1 0 0 0 0 
0 0 0 0 0 0 0 0 0 0 0 0 0 0 0 0 0 0 0 0 0 0 0 0 0 0 0 0 0 0 1 0 0 0 0 0 0 0 0 0 
0 0 0 0 0 0 0 0 0 0 0 0 0 0 2 0 0 0 0 0 0 0 0 0 0 0 0 0 0 0 0 0 0 0 0 0 0 0 0 0 
0 0 0 0 0 0 0 -1 0 1 0 0 0 0 0 0 0 0 0 0 0 0 0 0 0 0 0 0 0 0 0 0 0 3 0 0 0 0 0 0 
0 0 0 0 0 0 0 0 0 0 0 0 0 0 0 0 0 0 0 0 0 0 0 0 0 0 -2 0 1 0 0 0 0 0 0 0 0 0 0 0 
0 0 0 0 0 0 0 0 0 0 0 0 4 0 0 0 0 0 0 0 0 0 0 0 0 0 0 0 0 0 0 0 0 0 0 0 0 0 0 0 
0 0 0 0 0 -3 0 1 0 0 0 0 0 0 0 0 0 0 0 0 0 0 0 0 0 0 0 0 2 0 0 0 0 0 0 0 0 0 0 0 
0 0 0 2 0 0 0 0 0 0 0 0 0 0 0 0 0 0 0 0 0 0 0 0 -1 0 1 0 0 0 0 0 0 0 0 0 0 0 0 0 
0 0 0 0 0 0 0 1 0 0 0 0 0 0 0 0 0 0 0 0 0 0 1 0 0 0 0 0 0 0 0 0 0 0 0 0 0 0 0 0 
0 0 0 0 0 1 0 0 0 0 0 0 1 0 0 0 0 0 0 0 0 0 0 0 0 0 1 0 0 0 0 0 0 0 0 1 0 0 0 0 
0 1 0 0 0 0 0 0 0 0 0 0 0 0 0 0 0 0 0 0 0 0 -1 0 2 0 0 0 0 0 0 0 0 0 0 0 0 0 0 0 
0 0 0 0 0 2 0 0 0 0 0 0 0 0 0 0 0 0 0 0 0 0 0 0 0 0 0 0 0 3 0 0 0 0 0 0 0 0 0 0 
0 -2 0 1 0 0 0 0 0 0 0 0 0 0 0 0 0 0 0 0 0 0 0 0 0 0 0 0 0 0 0 0 0 0 0 0 0 0 0 4 
0 0 0 0 0 0 0 0 1 0 0 0 0 0 0 0 0 0 0 0 -1 0 2 0 0 0 0 0 0 0 0 0 0 0 0 0 0 0 0 0 
0 0 0 0 0 0 0 0 0 0 0 0 0 0 0 0 0 0 0 0 0 0 0 0 0 0 0 0 1 0 0 0 0 0 0 0 0 0 0 0 
0 1 0 0 0 0 0 0 3 0 0 0 0 0 0 0 0 0 0 0 0 0 0 0 0 0 0 0 0 0 0 3 0 0 0 0 0 0 0 0 
0 0 0 0 0 0 0 3 0 0 0 0 0 0 0 0 0 0 -2 0 1 0 0 0 0 0 0 0 0 0 0 0 0 0 0 0 0 0 0 0 
0 0 0 0 0 0 0 0 0 0 0 0 0 0 0 0 3 0 0 0 0 0 0 0 0 0 1 0 0 0 0 0 0 0 0 0 0 -1 0 1 
0 0 0 0 0 0 0 0 0 0 0 0 0 0 0 0 0 0 0 0 0 0 0 0 0 0 0 0 0 0 0 0 0 0 0 4 0 0 0 0 
0 0 0 0 0 1 0 0 0 0 0 0 0 0 0 0 -1 0 0 1 0 0 0 0 0 0 0 0 0 0 0 0 0 0 0 0 0 0 0 0 
0 0 0 0 0 0 0 0 0 0 0 0 0 0 0 0 0 0 0 0 0 0 0 0 0 0 0 0 0 0 0 0 0 0 0 3 0 0 1 0 
0 0 0 0 0 0 0 0 0 0 0 0 0 0 0 0 1 0 0 0 0 0 0 0 0 0 0 0 0 0 0 0 0 0 0 0 0 0 0 0 
0 0 0 0 0 0 0 0 0 0 0 0 0 0 2 0 0 1 0 0 0 0 0 0 0 0 0 0 0 0 0 0 0 0 0 2 0 0 0 0 
0 0 0 0 0 0 0 0 0 0 0 0 0 0 0 0 0 0 0 0 0 0 0 0 0 0 0 0 0 0 0 0 0 1 0 0 1 0 0 0 
0 0 0 0 0 0 0 0 0 0 0 0 0 0 3 0 0 0 0 0 0 0 0 0 0 0 0 0 0 0 0 0 0 0 0 0 0 0 0 0 
0 0 0 0 0 0 0 0 0 0 0 0 0 0 0 1 0 0 0 0 0 0 0 0 0 0 0 0 0 0 0 0 0 4 0 0 0 0 0 0 
0 0 0 0 0 0 0 0 0 0 0 0 0 0 0 0 0 0 0 0 0 0 0 0 0 0 0 0 0 0 0 -1 0 0 1 0 0 0 0 0 
0 0 0 0 0 0 0 0 0 0 0 0 5 0 0 0 0 0 0 0 0 0 0 0 0 0 0 0 0 0 0 0 0 0 0 0 0 0 0 0 
0 0 0 0 0 0 0 0 0 0 -2 0 0 1 0 0 0 0 0 0 0 0 0 0 0 0 0 0 0 0 0 6 0 0 0 0 0 0 0 0 
0 0 0 0 0 0 0 0 0 0 0 0 0 0 0 0 0 0 0 0 0 0 0 0 0 0 0 0 0 -3 0 0 1 0 0 0 0 0 0 0 
0 0 0 0 0 0 0 0 0 0 0 0 2 0 0 0 0 0 0 0 0 0 0 0 0 0 0 2 0 0 0 0 0 0 0 0 0 0 0 0 
0 0 0 0 0 0 0 0 1 0 0 1 0 0 0 0 0 0 0 0 0 0 0 0 0 0 0 0 0 0 0 3 0 0 0 0 0 0 0 0 
0 0 0 0 0 0 3 0 0 0 0 0 0 0 0 0 0 0 0 0 0 0 0 0 0 0 0 0 0 0 1 0 0 0 0 0 0 0 0 0 
0 0 0 0 0 0 0 0 0 0 4 0 0 0 0 0 0 0 0 0 0 0 0 0 0 4 0 0 0 0 0 0 0 0 0 0 0 0 0 0 
0 0 0 0 0 0 -1 0 0 13 0 0 0 0 0 0 0 0 0 0 0 0 0 0 0 0 0 0 0 32 0 0 0 0 0 0 0 0 0 0 
0 0 0 0 32 0 0 0 0 0 0 0 0 0 0 0 0 0 0 0 0 0 0 0 0 7 0 0 2 0 0 0 0 0 0 0 0 0 0 0 
0 0 0 0 0 0 0 0 2 0 0 0 0 0 0 0 0 0 0 0 0 0 0 2 0 0 0 0 0 0 0 0 0 0 0 0 0 0 0 0 
0 0 0 0 4 0 0 3 0 0 0 0 0 0 0 0 0 0 0 0 0 0 0 0 0 0 0 4 0 0 0 0 0 0 0 0 0 0 0 0 
0 0 4 0 0 0 0 0 0 0 0 0 0 0 0 0 0 0 0 0 0 0 0 5 0 0 1 0 0 0 0 0 0 0 0 0 0 0 0 0 
0 0 0 0 0 0 1 0 0 0 0 0 0 0 0 0 0 0 0 0 0 1 0 0 0 0 0 0 0 0 0 0 0 0 0 0 0 0 0 0 
0 0 2 0 0 1 0 0 0 0 0 0 0 0 0 0 0 0 0 0 0 0 0 1 0 2 0 0 0 0 0 0 0 0 0 0 0 0 0 0 
2 0 0 0 0 0 0 0 0 0 0 0 0 0 0 0 0 0 0 0 0 0 0 0 1 0 0 0 0 0 0 0 0 0 0 0 0 0 0 0 
0 0 2 0 2 0 0 0 0 0 0 0 0 0 0 0 0 0 0 2 0 0 0 0 0 0 0 0 0 0 0 0 0 0 0 0 0 0 0 0 
-1 0 0 1 0 0 0 0 0 0 0 0 0 0 0 0 0 0 0 0 0 2 0 1 0 0 0 0 0 0 0 0 0 0 0 0 0 0 1 0 
0 0 0 0 0 0 0 0 0 0 0 0 0 0 0 0 0 0 0 0 0 0 1 0 0 0 0 0 0 0 0 0 0 0 0 0 0 0 0 0 
0 0 0 0 0 0 0 0 0 0 0 0 0 0 0 0 0 8 0 0 0 0 0 0 0 0 2 0 0 0 0 0 0 0 0 0 0 0 -1 0 
0 1 0 0 0 0 0 0 0 0 0 0 0 0 0 0 0 0 0 0 0 0 0 0 0 0 0 0 0 0 0 0 0 0 0 0 4 0 0 0 
0 0 0 0 0 1 0 0 0 0 0 0 0 0 0 0 0 1 0 0 1 0 0 0 0 0 0 0 0 0 0 0 0 0 0 0 0 0 0 0 
3 0 0 0 0 0 0 0 0 0 0 0 0 0 0 4 0 0 0 0 0 0 0 0 0 0 1 0 0 0 0 0 0 0 0 0 2 0 0 0 
1 0 0 0 0 0 0 0 0 0 0 0 0 0 0 0 0 0 0 0 0 0 0 0 0 0 0 0 0 0 0 0 0 0 0 0 0 0 0 0 
0 0 0 0 0 0 0 0 0 0 0 0 0 0 0 3 0 0 0 1 0 0 0 0 2 0 0 0 0 0 0 0 0 0 0 0 0 0 0 0 
0 0 0 0 0 0 0 0 0 0 0 0 0 6 0 0 0 0 0 0 0 0 0 0 0 0 0 0 0 0 0 0 0 0 -1 0 0 0 1 0 
0 0 0 3 0 0 0 0 0 0 0 0 0 0 0 0 0 0 0 0 0 0 0 0 0 0 0 0 0 0 0 0 9 0 0 0 0 0 0 0 
0 0 0 0 0 0 0 0 0 0 0 0 0 -3 0 0 0 1 0 0 0 0 1 0 0 0 0 0 0 0 0 0 0 0 0 0 0 0 0 0 
0 0 0 0 0 0 0 0 0 0 0 3 0 0 0 0 0 0 0 0 0 0 0 0 0 0 0 0 0 0 0 0 1 0 0 0 1 0 0 0 
0 0 0 0 0 1 0 0 0 0 0 0 0 0 0 0 0 0 0 0 0 0 0 0 0 0 0 0 0 0 0 0 0 0 0 0 0 0 0 0 
0 0 0 0 0 0 0 0 0 0 0 0 0 0 0 1 0 0 0 0 0 0 0 0 2 0 0 0 0 0 0 0 0 0 0 0 0 0 0 0 
0 0 0 0 0 0 0 0 0 0 0 0 0 0 0 0 0 0 0 0 0 0 0 0 0 0 0 0 0 0 -3 0 0 0 1 0 0 0 0 0 
0 0 0 0 1 0 0 0 0 0 0 0 0 0 0 0 0 0 0 0 0 0 0 0 0 0 0 0 0 0 0 0 0 0 0 0 0 0 0 0 
0 0 0 0 0 0 0 0 0 2 0 0 0 1 0 0 0 0 0 0 0 0 0 2 0 0 0 0 0 0 0 0 0 0 0 0 0 0 0 0 
0 0 0 0 0 0 0 0 0 0 0 0 0 0 0 0 0 0 0 0 0 0 0 0 0 0 0 0 1 0 0 0 1 0 0 0 0 0 0 0 
0 0 0 0 0 0 0 0 0 1 0 0 0 0 0 0 0 0 0 0 0 0 0 0 0 0 0 0 0 0 0 0 0 0 0 0 0 0 0 0 
0 0 0 0 0 0 0 2 0 0 0 1 0 0 0 0 0 0 0 0 0 0 0 0 0 0 0 0 2 0 0 0 0 0 0 0 0 0 0 0 
0 0 0 0 0 0 0 0 0 0 0 0 0 0 0 0 0 0 0 0 0 0 0 0 0 0 1 0 0 0 1 0 0 0 0 1 0 0 0 0 
0 0 0 0 0 0 0 0 0 1 0 0 0 0 0 0 0 0 0 0 0 0 0 0 3 0 0 0 0 0 0 0 0 0 0 0 0 0 0 0 
0 0 0 0 0 2 0 0 0 1 0 0 0 0 0 0 0 0 1 0 0 0 0 0 0 0 0 0 1 0 0 0 0 0 0 0 0 0 0 0 
0 0 0 0 0 0 0 0 0 0 0 0 0 0 0 0 0 0 0 0 0 0 0 0 1 0 0 0 1 0 0 0 0 0 0 0 0 2 0 0 
0 0 0 0 0 0 0 2 0 0 0 0 0 0 0 0 0 0 0 0 0 0 0 0 0 0 0 0 0 0 0 0 0 0 0 0 0 0 0 0 
0 0 0 -1 0 0 0 1 0 0 0 0 0 0 0 0 0 0 0 0 0 0 0 0 0 0 2 0 0 0 0 0 0 0 0 0 0 0 0 0 
0 4 0 1 0 0 0 0 0 0 0 0 0 0 0 0 0 0 0 0 0 0 2 0 0 0 1 0 0 0 0 0 0 0 0 0 0 0 0 0 
0 0 0 0 0 1 0 0 0 0 0 0 0 0 0 0 0 0 0 0 4 0 1 0 0 0 0 0 0 0 0 0 0 0 0 0 0 0 0 0 
0 1 0 0 0 1 0 0 0 0 0 0 0 0 0 0 0 0 0 0 0 0 0 0 0 0 0 0 0 0 0 0 0 2 0 0 0 0 0 6 
0 0 0 0 0 0 0 0 0 0 0 0 0 0 0 0 0 0 0 0 1 0 0 0 1 0 0 0 0 0 0 0 0 0 0 0 0 0 0 0 
0 0 0 0 0 0 0 0 0 0 0 0 1 0 0 0 0 0 3 0 0 0 0 0 0 0 0 0 0 0 0 0 0 0 0 0 0 0 0 2 
0 0 0 1 0 0 0 0 0 0 0 0 0 0 0 0 0 0 0 0 0 0 0 0 0 0 0 0 0 0 0 0 0 0 0 0 0 2 0 0 
0 0 0 0 0 0 0 0 0 0 0 0 0 0 0 0 0 0 1 0 0 0 1 0 0 0 0 2 0 0 0 0 0 0 0 0 0 0 0 0 
0 0 0 0 0 0 0 0 0 0 0 0 0 0 0 0 8 0 0 0 0 0 0 0 0 0 0 0 0 0 0 0 0 0 0 0 0 -3 0 0 
0 1 0 0 0 0 3 0 0 0 0 0 0 0 0 0 0 0 0 0 0 0 0 0 0 0 0 0 0 0 0 0 0 0 0 11 0 0 0 0 
0 0 0 0 0 0 0 0 0 0 0 0 0 0 0 0 -5 0 0 0 1 0 0 0 0 1 0 0 0 0 0 0 0 0 0 0 0 0 0 0 
0 0 0 0 0 0 0 0 0 0 0 0 0 0 5 0 0 0 0 0 0 0 0 0 0 0 0 0 0 0 0 0 0 0 0 -1 0 0 0 1 
0 0 0 0 0 0 0 0 0 0 0 0 0 0 0 0 0 0 2 0 0 0 0 0 0 0 0 0 0 0 0 0 0 2 0 0 0 0 0 0 
0 0 0 0 0 0 0 0 0 0 0 0 0 0 1 0 0 0 1 0 0 0 0 0 0 0 0 0 0 0 0 0 0 0 0 0 0 3 0 0 
0 0 0 0 0 0 0 0 0 0 0 0 3 0 0 0 0 0 0 0 0 0 0 0 0 0 0 0 0 0 0 0 0 0 0 0 0 1 0 0 
0 0 0 0 0 0 0 0 0 0 0 0 0 0 0 0 1 0 0 0 0 0 0 0 0 0 0 0 0 0 0 1 0 0 0 0 0 0 0 0 
0 0 0 0 0 0 0 0 0 0 0 0 2 0 0 0 1 0 0 0 0 0 0 0 0 0 0 0 0 0 0 0 0 0 0 2 0 0 0 0 
0 0 0 0 0 0 0 0 0 0 4 0 0 0 0 0 0 0 0 0 0 0 0 0 0 0 0 0 0 0 0 -1 0 0 0 1 0 0 0 0 
0 0 0 0 0 0 0 0 0 0 0 0 0 0 1 0 0 0 0 0 0 0 0 0 0 0 0 0 0 3 0 0 0 0 0 0 0 0 0 0 
0 0 0 0 0 0 0 0 0 0 0 0 0 0 1 0 0 0 0 0 0 0 0 0 0 0 0 0 0 0 0 0 0 0 0 0 0 0 0 0 
0 0 0 0 0 0 0 0 0 1 0 0 0 0 0 0 0 0 0 0 0 0 0 0 0 0 0 0 0 1 0 0 0 1 0 0 0 0 0 0 
0 0 0 0 0 0 0 0 0 0 0 0 0 0 0 0 0 0 0 0 0 0 0 0 0 0 0 0 2 0 0 0 0 0 0 0 0 0 0 0 
0 0 0 0 0 0 0 0 -1 0 0 0 1 0 0 0 0 0 0 0 0 0 0 0 0 0 0 0 0 0 0 0 0 0 0 0 0 0 0 0 
0 0 0 0 0 0 0 3 0 0 0 0 0 0 0 0 0 0 0 0 0 0 0 0 0 0 0 -3 0 0 0 1 0 0 0 0 1 0 0 0 
0 0 0 0 0 0 0 0 0 0 0 0 0 0 0 0 0 0 0 1 0 0 0 0 0 0 0 0 0 0 0 0 0 0 1 0 0 0 0 0 
0 0 0 0 0 0 2 0 0 0 1 0 0 0 0 0 0 0 0 0 0 0 0 0 0 0 0 0 0 0 0 0 0 0 0 0 0 0 0 0 
0 0 0 0 8 0 0 0 0 0 0 0 0 2 0 0 0 0 0 0 0 0 0 0 0 -1 0 0 0 1 0 0 0 0 0 0 0 0 0 0 
0 0 0 0 0 0 0 0 0 0 0 0 0 0 0 0 0 0 0 0 0 0 0 4 0 0 0 0 0 0 0 0 1 0 0 0 0 0 0 0 
0 0 0 0 1 0 0 0 1 0 0 0 0 0 0 0 0 0 0 0 0 0 0 0 0 0 0 3 0 0 0 0 0 0 0 0 0 0 0 0 
0 0 4 0 0 0 0 0 0 0 0 0 0 1 0 0 0 0 0 0 0 0 0 2 0 0 0 0 1 0 0 0 0 0 0 0 0 0 0 0 
0 0 0 0 0 0 0 0 0 0 0 0 0 0 0 0 0 0 0 0 0 4 0 0 0 0 0 0 0 0 0 0 0 0 0 0 0 0 0 0 
0 0 -3 0 0 0 0 1 0 0 0 0 0 0 0 0 0 0 0 0 0 0 0 0 0 3 0 0 0 0 0 0 0 0 0 0 0 0 0 0 
3 0 0 0 0 0 0 0 0 0 0 0 0 0 0 0 0 0 0 0 0 0 0 0 0 0 1 0 0 0 0 0 0 0 0 0 0 0 0 0 
0 0 0 0 4 0 0 0 0 0 0 0 0 0 0 0 0 0 0 4 0 0 0 0 0 0 0 0 0 0 0 0 0 0 0 0 0 0 0 0 
-1 0 0 0 0 0 1 0 0 0 0 0 0 0 0 0 0 0 0 0 0 4 0 0 0 0 0 0 0 0 0 0 0 0 0 0 0 0 0 0 
0 0 0 0 0 0 0 0 0 0 0 0 0 0 0 0 0 0 0 -1 0 0 0 0 0 1 0 0 0 0 0 0 0 0 0 0 0 0 0 0 
1 0 3 0 0 0 0 0 0 0 0 0 0 0 0 0 0 3 0 0 0 0 0 0 0 0 0 0 0 0 0 0 0 0 0 0 0 0 -1 0 
0 0 0 0 1 0 0 0 0 0 0 0 0 0 0 0 0 0 0 2 0 2 0 0 0 0 0 0 0 0 0 0 0 0 0 0 2 0 0 0 
0 0 0 0 0 0 0 0 0 0 0 0 0 0 0 0 0 -1 0 0 0 0 0 1 0 0 0 0 0 0 0 0 0 0 0 0 0 0 3 0 
1 0 0 0 0 0 0 0 0 0 0 0 0 0 0 1 0 0 0 0 0 0 0 0 0 0 0 0 0 0 0 0 0 0 0 0 -1 0 0 0 
0 0 3 0 0 0 0 0 0 0 0 0 0 0 0 0 0 0 0 0 0 0 0 0 0 0 0 0 0 0 0 0 0 0 5 0 0 0 0 0 
0 0 0 0 0 0 0 0 0 0 0 0 0 0 0 -1 0 0 0 0 0 4 0 0 0 0 0 0 0 0 0 0 0 0 0 0 0 0 0 0 
0 0 0 0 0 0 0 0 0 0 0 0 0 7 0 0 0 0 0 0 0 0 0 0 0 0 0 0 0 0 0 0 0 0 -2 0 0 0 0 0 
1 0 0 0 0 0 0 0 0 0 0 0 0 0 0 0 0 3 0 0 0 0 0 0 0 0 0 0 0 0 0 0 3 0 0 0 0 0 0 0 
0 0 0 0 0 0 0 0 0 0 0 0 0 0 0 0 0 0 0 1 0 0 0 0 0 0 0 0 0 0 0 0 0 0 0 0 4 0 0 0 
0 0 0 0 0 0 0 0 0 0 0 4 0 0 0 0 0 0 0 0 0 0 0 0 0 0 0 0 0 0 0 0 -1 0 0 0 0 0 0 1 
0 0 0 0 0 0 0 0 0 0 0 0 0 0 0 0 0 0 0 0 0 0 0 0 0 0 0 0 0 0 0 0 0 0 0 0 0 0 0 0 
0 0 0 0 0 0 0 0 0 0 0 2 0 0 0 0 0 1 1 0 0 0 0 0 0 0 0 0 0 0 0 0 0 0 4 0 0 0 0 0 
0 0 0 0 0 0 0 0 0 4 0 0 0 0 0 0 0 0 0 0 0 0 0 0 0 0 0 0 0 0 1 0 0 0 0 0 0 1 0 1 
0 0 0 0 0 0 0 0 0 0 0 0 0 0 0 0 0 0 0 0 0 0 0 0 0 0 0 0 3 0 0 0 0 0 0 0 0 0 0 0 
0 0 0 0 0 0 0 0 0 0 0 0 0 0 0 0 1 0 0 0 0 0 0 0 0 0 0 0 0 0 1 0 0 0 0 0 0 0 0 0 
0 0 0 0 0 0 0 0 0 0 0 0 0 0 0 0 0 0 0 0 0 0 0 0 0 0 0 0 1 0 0 0 0 0 0 1 0 1 0 0 
0 0 0 0 0 0 0 0 0 0 0 1 0 0 0 0 0 0 0 0 0 0 0 0 0 0 3 0 0 0 0 0 0 0 0 0 0 0 0 0 
0 0 0 0 0 0 0 1 0 0 0 0 0 0 1 0 0 0 0 0 0 0 0 0 0 0 0 0 0 0 2 0 0 0 0 0 0 0 0 0 
0 0 0 0 0 4 0 1 0 0 0 0 0 0 0 0 0 0 0 0 0 0 0 0 0 0 1 0 0 0 0 0 0 1 0 0 0 0 0 0 
0 0 0 0 0 0 0 0 0 1 0 0 0 0 0 0 0 0 0 0 0 0 0 0 4 0 1 0 0 0 0 0 0 0 0 0 0 0 0 0 
0 0 0 0 0 0 0 0 0 0 0 0 1 0 0 0 0 0 0 0 0 0 0 0 0 0 0 0 1 0 0 0 0 0 0 0 0 0 0 0 
0 0 0 1 0 0 0 0 0 0 0 0 0 0 0 0 0 0 0 0 0 0 0 0 1 0 0 0 0 0 0 1 0 0 0 0 0 0 0 0 
0 0 0 0 0 0 0 0 0 0 0 0 0 0 0 0 0 0 0 0 0 0 4 0 1 0 0 0 0 0 0 0 0 0 0 0 0 0 0 0 
0 0 0 -1 0 0 0 0 0 0 1 0 0 0 0 0 0 0 0 0 0 0 0 0 0 0 0 0 0 0 0 0 0 0 0 0 0 0 0 0 
0 4 0 0 0 0 0 0 0 0 1 0 0 0 0 0 0 0 0 0 0 0 0 0 0 0 0 0 0 2 0 3 0 0 0 0 0 0 0 0 
0 0 0 0 0 0 0 0 0 0 0 0 0 0 0 0 0 0 0 0 11 0 0 0 0 0 0 0 0 0 0 0 0 0 0 0 0 0 1 0 
0 0 0 0 0 0 0 0 1 0 3 0 0 0 0 0 0 0 0 0 0 0 0 0 0 0 0 0 0 0 0 0 0 0 0 0 0 0 0 11 
0 0 0 0 0 0 0 0 0 0 0 0 0 0 0 0 0 1 0 0 -2 0 0 0 0 0 0 0 1 0 0 0 0 0 0 0 0 0 0 0 
0 0 0 0 0 0 0 0 0 0 0 0 0 0 0 0 0 0 0 0 0 0 0 0 0 0 0 0 0 0 0 0 0 0 0 0 0 0 0 -1 
0 0 0 0 0 0 0 0 1 0 0 0 0 0 0 0 0 0 0 0 0 0 4 0 0 0 0 0 0 0 0 0 0 0 0 0 0 0 0 0 
0 0 0 0 0 0 0 0 0 0 0 0 0 0 0 0 0 0 0 0 0 0 0 0 0 0 0 1 0 0 0 0 0 0 0 0 0 0 0 0 
0 0 0 0 0 0 0 0 0 0 1 0 0 0 0 0 0 0 0 0 0 0 0 0 0 0 0 0 0 0 0 0 0 0 0 0 0 -1 0 0 
0 0 0 0 0 0 1 0 0 0 0 0 0 0 0 0 0 0 0 0 0 0 0 0 0 0 0 0 0 0 0 0 0 0 0 2 0 0 0 0 
0 0 0 0 0 0 0 0 0 0 0 0 0 0 0 0 0 0 0 0 0 0 0 0 0 1 0 0 0 0 0 0 0 0 0 0 0 0 0 0 
0 0 0 0 0 0 0 0 0 0 0 0 0 0 3 0 0 0 0 0 0 0 0 0 0 0 0 0 0 0 0 0 0 0 0 -2 0 0 0 0 
0 0 0 0 0 1 0 0 0 0 0 0 0 0 0 0 0 0 0 0 0 0 0 0 0 0 0 0 0 0 0 0 0 0 0 0 0 0 0 0 
0 0 0 0 0 0 0 0 0 0 0 0 0 0 2 0 0 0 1 0 0 0 0 0 2 0 0 0 0 0 0 0 0 0 0 0 0 4 0 0 
0 0 0 0 0 0 0 0 0 0 0 0 4 0 0 0 0 0 0 0 0 0 0 0 0 0 0 0 0 0 0 0 0 3 0 0 0 1 0 0 
0 0 0 3 0 0 0 0 0 0 0 0 0 0 0 0 6 0 0 0 0 0 0 0 0 0 0 0 0 0 0 6 0 0 0 0 0 0 0 0 
0 0 0 0 0 0 0 0 0 0 0 0 3 0 0 0 1 0 0 0 0 0 1 0 0 0 0 0 0 0 0 0 0 0 0 3 0 0 0 0 
0 0 0 0 0 0 0 0 0 0 3 0 0 0 0 0 0 0 0 0 0 0 0 0 0 0 0 0 0 0 0 2 0 0 0 0 0 1 0 0 
0 1 0 0 0 0 0 0 0 0 0 0 0 0 4 0 0 0 0 0 0 0 0 0 0 0 0 0 0 4 0 0 0 0 0 0 0 0 0 0 
0 0 0 0 0 0 0 0 0 0 1 0 0 0 0 0 0 0 0 1 1 0 0 0 0 0 0 0 0 0 0 0 0 0 0 0 0 0 0 0 
0 0 0 0 0 0 0 0 3 0 0 0 0 0 0 0 0 0 0 0 0 0 0 0 0 0 0 0 0 0 0 0 0 0 0 0 0 0 0 1 
0 0 1 0 0 0 0 0 0 0 0 0 0 0 0 0 0 0 0 0 0 0 0 0 0 0 0 0 0 0 0 0 0 0 0 0 0 0 0 0 
0 0 0 0 0 0 0 0 -1 0 0 0 0 0 0 0 0 0 2 0 0 0 0 1 0 0 0 0 0 0 0 4 0 0 0 0 0 0 0 0 
0 0 0 0 0 0 4 0 0 0 0 0 0 0 0 0 0 0 0 0 0 0 0 0 0 0 0 3 0 0 0 0 0 0 0 0 0 3 0 0 
0 0 1 0 0 0 0 0 0 0 6 0 0 0 0 0 0 0 0 0 0 0 0 0 0 6 0 0 0 0 0 0 0 0 0 0 0 0 0 0 
0 0 0 0 0 0 3 0 0 0 0 0 0 0 0 0 1 0 0 0 0 1 0 0 0 0 0 0 0 3 0 0 0 0 0 0 0 0 0 0 
0 0 0 0 3 0 0 0 0 0 0 0 0 0 0 0 0 0 0 0 0 0 0 0 0 2 0 0 0 0 0 0 0 0 0 1 0 0 0 0 
0 0 1 0 0 0 0 0 0 0 0 0 0 0 0 0 0 0 0 0 0 0 0 4 0 0 0 0 0 0 0 0 0 0 0 0 0 0 0 0 
0 0 0 0 0 0 0 0 0 0 0 0 0 0 1 0 0 0 0 0 0 0 0 0 0 1 0 0 0 0 0 0 0 0 0 0 0 0 0 0 
0 0 0 0 0 0 0 0 0 0 0 0 0 0 0 0 0 0 0 0 0 0 0 1 0 0 0 0 0 0 0 0 1 1 0 0 0 0 0 0 
0 0 0 0 0 0 1 0 0 0 0 0 0 0 0 0 0 0 0 0 0 3 0 0 0 0 0 0 0 0 0 0 0 0 0 0 0 0 0 0 
0 0 1 0 0 0 0 0 0 0 0 0 1 0 0 1 0 0 0 0 0 0 0 0 0 2 0 0 0 0 0 0 0 0 0 0 0 0 0 0 
0 0 0 0 0 0 0 0 0 0 0 0 0 0 0 0 0 0 0 0 0 1 0 0 0 0 0 0 0 0 0 1 0 0 1 0 0 0 0 0 
0 0 0 0 1 0 0 0 0 0 0 0 0 0 0 0 0 0 0 0 0 0 0 0 0 0 0 0 0 0 0 0 0 0 0 0 0 0 0 0 
0 0 0 0 0 0 0 0 0 0 1 0 0 0 0 0 0 0 0 0 0 0 0 2 0 0 0 0 0 0 0 0 0 0 0 0 0 0 4 0 
1 0 0 0 0 0 0 0 0 0 0 0 0 0 0 0 0 0 0 1 0 0 0 0 0 0 0 0 0 1 0 0 0 0 0 0 0 0 0 0 
0 0 1 0 0 0 0 0 0 0 0 0 0 0 0 0 0 4 0 1 0 0 0 0 0 0 0 0 0 0 0 0 0 0 0 0 0 0 0 0 
0 0 0 0 0 0 0 0 1 0 0 0 0 0 0 0 0 0 0 0 0 0 0 0 0 0 0 0 0 1 0 0 0 0 0 0 4 0 0 0 
0 0 0 0 0 0 0 0 0 0 0 0 0 0 0 0 0 0 0 0 0 0 0 0 0 0 0 4 0 0 0 0 0 0 0 0 0 0 0 0 
8 0 0 0 0 0 0 0 0 0 0 0 0 0 1 8 0 0 0 0 0 0 0 0 0 0 0 0 0 0 0 0 0 0 0 0 4 0 0 0 
0 0 0 0 0 0 3 0 0 0 0 0 0 0 0 0 0 0 0 5 0 0 0 0 0 0 0 0 0 0 0 0 0 1 7 0 0 0 0 0 
0 0 0 0 0 0 0 0 0 0 0 0 0 0 0 2 0 0 0 0 0 0 0 0 0 1 0 0 0 0 0 0 0 0 0 0 0 0 2 0 
0 0 0 0 0 0 0 0 0 0 0 0 1 4 0 0 0 0 0 0 0 0 0 0 0 0 0 0 0 0 0 0 0 0 1 0 0 0 0 0 
0 0 0 0 1 0 0 0 0 0 0 0 0 0 0 0 0 1 0 0 0 0 0 0 0 0 0 0 0 0 0 0 1 0 0 0 0 0 0 0 
0 0 0 0 0 0 0 0 0 0 0 0 0 1 0 0 0 0 0 0 0 0 0 1 0 0 0 0 0 0 0 0 0 0 0 0 0 0 0 0 
0 0 0 0 0 0 0 0 0 0 0 0 1 0 0 0 0 0 0 0 0 0 0 0 0 0 0 0 0 0 0 0 0 0 0 0 0 0 0 0 
0 0 1 0 0 0 0 0 0 0 0 0 0 0 0 0 0 0 0 0 0 0 0 0 0 0 0 0 0 0 0 2 0 0 0 0 0 0 0 0 
0 0 0 0 0 0 0 0 0 0 0 -2 0 0 0 0 0 0 0 0 0 1 0 0 0 0 0 0 0 0 0 0 0 0 0 0 0 0 0 0 
0 0 0 0 0 0 0 0 0 4 0 1 0 0 0 0 0 0 0 0 0 0 0 0 0 0 0 0 0 0 -1 0 0 0 0 0 0 0 0 0 
4 0 0 0 0 0 0 0 0 0 0 0 0 8 0 0 0 0 0 0 0 0 0 0 0 0 0 0 8 0 0 0 0 0 0 1 0 0 0 0 
0 0 0 0 0 0 0 0 0 4 0 0 0 0 0 0 0 0 0 1 0 0 0 0 0 0 0 0 0 0 0 0 0 0 0 0 0 0 0 0 
0 0 0 0 0 0 0 4 0 0 0 0 0 0 0 0 1 0 0 0 0 0 0 0 0 0 0 0 0 0 0 0 0 0 0 0 0 0 1 0 
0 0 0 0 0 0 0 0 0 0 0 0 0 0 0 0 0 0 0 0 0 0 0 0 0 0 4 0 0 0 0 0 0 0 0 0 1 0 0 0 
0 0 0 0 0 0 0 0 0 0 0 0 0 0 0 0 0 1 0 0 0 0 0 0 0 0 0 0 0 0 3 0 0 0 0 0 0 0 0 0 
0 0 0 0 0 4 0 0 0 0 0 0 0 0 0 0 1 0 0 0 0 0 0 0 0 0 1 0 0 0 0 0 0 0 0 0 1 0 0 0 
0 0 0 0 0 0 0 0 0 2 0 0 0 0 0 0 0 0 0 0 0 0 0 0 4 0 0 0 0 0 0 0 0 0 0 1 0 0 0 0 
0 0 0 0 0 0 0 0 0 0 0 0 0 0 0 4 0 0 0 0 0 0 0 0 0 0 0 0 8 0 0 0 0 0 0 0 0 0 0 0 
0 0 0 8 0 0 0 0 0 0 0 0 0 0 0 0 0 0 0 1 0 0 0 0 4 0 0 0 0 0 0 0 0 3 2 0 0 0 0 0 
0 0 0 0 0 0 0 0 0 0 0 0 0 0 0 0 0 0 0 0 0 0 11 0 0 0 0 0 0 0 0 0 0 0 0 0 0 0 0 0 
1 0 0 0 0 0 0 0 0 0 0 0 3 1 0 0 0 0 0 0 0 0 0 0 0 0 0 0 0 0 0 0 0 0 0 0 0 0 0 0 
0 11 0 0 0 0 0 0 0 0 0 0 0 0 0 0 0 0 0 1 0 0 -2 0 0 0 0 0 0 0 0 0 2 0 0 0 0 0 0 0 
0 0 0 0 0 6 0 0 0 0 0 0 0 0 0 0 0 0 0 0 6 0 0 0 0 0 0 0 0 0 0 0 0 0 0 0 0 0 0 0 
1 2 0 0 0 0 0 0 0 0 0 3 0 0 0 0 0 0 0 0 0 0 0 0 6 0 0 0 0 0 0 0 0 0 0 0 0 0 0 6 
0 0 0 0 0 0 0 0 0 0 0 0 0 0 0 0 0 0 0 1 4 0 0 0 0 0 0 0 0 0 1 0 0 0 0 0 0 0 0 0 
0 0 0 6 0 0 0 0 0 0 0 0 0 0 0 0 0 0 6 0 0 0 0 0 0 0 0 0 0 0 0 0 0 0 0 0 0 0 1 0 
0 0 0 0 0 0 0 0 0 0 1 0 0 0 0 0 0 0 0 0 0 0 0 0 0 0 0 0 0 0 0 0 0 0 0 0 0 0 0 0 
0 0 0 0 0 0 0 0 0 0 0 0 0 0 0 0 0 0 2 0 0 0 0 0 0 0 0 2 0 1 0 0 0 0 0 0 0 0 0 0 
0 0 0 0 0 0 0 0 0 0 0 0 0 0 0 0 6 0 0 0 0 0 0 0 0 0 0 0 0 0 0 0 0 0 0 0 0 -2 0 0 
0 0 0 0 0 0 1 0 1 0 0 0 0 0 0 0 0 0 0 0 0 0 0 0 0 0 0 0 0 0 0 0 0 0 0 3 0 0 0 0 
0 0 0 0 0 0 0 0 0 0 0 0 0 0 0 0 0 0 0 0 0 0 0 0 0 0 0 1 0 0 1 0 0 0 0 0 0 0 0 0 
0 0 0 0 0 0 0 0 0 0 0 0 0 0 0 0 0 0 0 0 0 0 0 0 0 0 0 0 0 0 0 0 0 0 0 1 0 0 0 0 
0 0 0 0 0 0 1 0 0 2 0 0 0 0 0 0 0 0 0 0 0 0 0 0 0 0 0 0 0 0 0 0 0 0 0 0 0 0 0 0 
0 0 0 0 0 0 0 0 0 0 0 0 0 0 0 0 0 0 0 0 0 0 0 0 0 1 0 0 3 0 0 0 0 0 0 0 0 0 0 0 
0 0 0 0 0 0 0 0 0 0 0 0 0 0 0 0 0 0 0 0 0 0 0 0 0 0 0 0 0 0 0 0 0 -1 0 0 0 0 0 0 
0 0 0 0 1 0 0 4 0 0 0 0 0 0 0 0 0 0 0 0 0 0 0 0 0 0 0 0 0 0 0 0 0 0 0 0 0 0 0 0 
0 0 0 0 0 0 0 0 0 0 0 0 -2 0 0 0 0 0 0 0 0 1 0 1 0 0 0 0 0 0 0 0 0 0 0 1 0 0 0 0 
0 0 0 0 0 0 0 0 0 0 3 0 0 0 0 0 0 0 0 0 0 0 0 0 0 0 0 0 0 0 0 1 0 0 0 0 0 0 0 0 
0 0 1 0 0 0 0 0 0 0 0 0 0 0 2 0 0 0 0 0 0 0 0 0 0 0 0 0 0 4 0 1 0 0 0 0 0 0 0 0 
0 0 0 0 0 0 0 0 0 0 1 0 0 0 0 0 0 0 0 0 0 1 0 0 0 0 0 0 0 0 0 0 0 1 0 0 0 0 0 0 
0 0 0 0 0 0 0 0 4 0 1 0 0 0 0 0 0 0 0 0 0 0 0 0 0 0 0 0 0 0 0 0 0 0 0 0 0 0 0 0 
1 0 0 0 0 0 0 0 0 0 0 0 2 0 0 0 0 0 0 0 0 0 0 0 0 0 0 0 0 0 0 0 0 0 0 0 2 0 0 0 
0 0 0 0 0 0 0 0 0 0 0 0 0 0 0 0 0 0 0 1 0 0 0 0 0 0 0 0 0 0 0 3 0 0 0 0 0 0 0 0 
0 0 0 0 0 0 0 0 0 0 0 0 0 0 0 3 0 0 0 0 0 0 0 0 0 0 0 -1 0 0 0 0 0 0 0 0 0 0 1 0 
0 0 0 0 0 0 0 0 0 0 4 0 0 0 0 0 0 0 0 0 0 0 0 0 0 0 0 0 0 0 0 0 0 0 4 0 0 0 0 0 
0 0 0 0 0 0 -2 0 0 0 0 0 0 0 0 0 0 1 0 0 0 0 0 0 0 0 0 0 0 1 0 0 0 0 0 0 0 0 0 0 
0 0 0 0 0 0 0 0 0 0 0 0 0 1 0 0 0 0 0 0 0 0 0 0 0 1 0 0 0 0 0 0 0 0 0 0 1 0 0 0 
0 0 0 0 0 0 0 0 2 0 0 0 0 0 0 0 0 0 0 0 0 0 0 2 0 0 0 0 0 0 0 0 0 0 0 0 0 0 0 0 
0 0 0 0 0 0 0 0 0 0 0 0 0 0 0 1 0 0 0 0 0 0 0 0 0 0 0 3 0 0 0 0 0 0 0 0 0 0 0 0 
0 0 3 0 0 0 0 0 0 0 0 0 0 0 0 0 0 0 0 0 0 0 0 -1 0 0 0 0 0 0 0 0 0 0 1 0 0 0 0 0 
0 0 0 0 0 0 4 0 0 0 0 0 0 0 0 0 0 0 0 0 0 4 0 0 0 0 0 0 0 0 0 0 0 0 0 0 0 0 0 0 
0 0 -2 0 0 0 0 0 0 0 0 0 0 2 0 0 0 0 0 0 0 0 0 0 0 1 0 0 0 0 0 0 0 0 0 0 0 0 0 0 
1 0 0 0 0 0 0 0 0 0 0 0 0 0 0 0 0 0 0 0 0 3 0 0 0 0 0 0 0 0 0 0 1 0 0 0 0 0 0 0 
0 0 0 0 1 0 0 0 0 0 0 0 0 0 0 0 0 0 0 1 0 0 0 0 0 0 0 0 0 0 0 0 0 0 0 0 0 0 0 0 
1 0 0 0 0 0 0 0 0 0 0 1 0 0 0 0 0 0 0 0 0 0 0 1 0 0 0 0 0 0 0 0 0 0 0 0 0 0 0 0 
0 0 0 0 0 0 0 2 0 0 0 0 0 0 0 0 0 0 0 -1 0 0 0 0 0 0 0 0 0 0 1 0 0 0 0 0 0 0 0 0 
0 0 0 0 0 0 0 0 0 0 0 0 0 0 0 0 0 8 0 0 0 0 0 0 0 0 2 0 0 0 0 0 0 0 0 0 0 0 -2 0 
0 0 0 0 0 0 0 0 0 1 0 0 0 0 0 0 0 0 0 0 0 0 0 0 0 0 0 0 0 0 0 0 0 0 0 0 4 0 0 0 
0 0 0 0 0 1 0 0 0 0 0 0 0 0 0 0 0 0 0 0 0 0 0 0 0 0 0 0 0 1 0 0 0 0 0 0 0 0 0 0 
0 0 0 0 0 0 0 0 0 0 0 0 0 0 0 0 0 0 0 0 0 0 0 0 0 0 0 0 0 0 0 0 0 0 0 0 3 0 0 0 
0 0 0 0 0 0 0 0 1 0 0 0 0 0 0 0 0 1 0 0 0 0 0 0 0 0 0 0 0 0 0 0 0 0 0 0 0 0 0 0 
0 0 0 0 0 0 0 0 0 0 0 0 0 0 0 2 0 0 0 0 0 0 0 0 1 0 0 1 0 0 0 0 0 0 0 0 0 0 0 0 
0 0 0 0 0 0 0 1 0 0 0 0 0 0 0 0 0 0 0 0 0 0 1 0 0 0 0 0 0 0 0 0 0 0 2 0 0 0 0 0 
0 0 0 0 0 0 1 0 0 0 0 0 0 0 0 0 0 0 0 0 0 0 0 0 0 0 0 0 0 0 0 0 4 0 0 0 0 0 0 0 
0 1 0 0 0 0 0 0 0 0 0 0 0 1 0 0 0 0 0 0 0 0 0 0 0 0 1 0 0 0 0 0 0 0 0 0 0 0 0 0 
0 0 0 0 0 0 0 0 0 0 0 0 0 0 0 0 0 0 0 0 0 0 0 0 0 0 0 0 0 0 0 0 -3 0 0 0 0 0 0 0 
0 0 0 0 0 0 1 0 0 0 0 0 0 0 0 0 0 0 0 0 0 0 0 0 0 0 0 0 0 0 0 0 0 0 0 0 0 0 0 0 
0 0 0 0 0 0 0 0 0 0 0 -1 0 0 0 0 0 0 0 0 0 0 0 0 0 1 0 0 0 0 0 0 0 0 0 0 0 0 0 0 
0 0 0 0 0 0 0 0 0 4 0 0 0 0 0 0 0 0 0 0 0 0 0 0 0 0 0 0 0 0 -1 0 0 0 0 0 0 0 0 0 
0 0 0 0 0 1 0 0 0 0 0 0 0 0 0 0 0 0 0 0 0 0 0 0 0 0 0 0 0 0 0 0 0 0 0 0 0 0 0 0 
0 0 0 0 0 0 0 0 0 3 0 0 0 0 0 0 0 0 2 0 0 0 0 0 1 0 0 0 0 0 0 0 0 0 0 0 0 0 0 0 
0 0 0 0 0 0 0 6 0 0 0 0 0 0 0 0 0 0 0 0 0 0 0 0 0 0 0 0 -1 0 0 0 0 0 0 0 0 3 0 0 
0 0 0 1 0 0 0 0 0 0 0 0 0 0 0 0 0 0 0 0 0 0 0 0 0 0 9 0 0 0 0 0 0 0 0 0 0 0 0 0 
0 0 0 0 0 0 0 -3 0 0 0 0 0 0 0 0 1 0 0 0 0 0 1 0 0 0 0 0 0 0 0 0 0 0 0 0 0 0 0 0 
0 0 0 0 0 3 0 0 0 0 0 0 0 0 0 0 0 0 0 0 0 0 0 0 0 0 1 0 0 0 0 0 0 0 0 0 0 0 0 0 
1 1 0 0 0 0 0 0 0 0 0 0 0 0 0 0 0 0 0 0 0 0 0 0 0 0 0 0 0 0 0 0 0 0 0 0 0 0 0 0 
0 0 0 0 0 2 0 0 0 0 0 0 0 0 0 0 0 0 0 2 1 0 0 0 0 0 0 0 0 0 0 0 0 0 0 0 0 0 0 0 
0 0 0 0 0 0 0 0 0 0 0 0 0 0 0 0 0 0 0 0 0 0 0 0 1 0 0 0 0 0 0 0 0 0 0 0 0 0 0 1 
0 0 0 0 0 1 0 0 0 0 0 0 0 0 0 0 0 0 0 0 0 0 0 0 0 0 0 0 0 0 0 0 0 0 0 0 0 0 0 0 
0 0 0 2 0 0 0 0 0 0 0 0 0 0 0 0 0 0 1 0 0 0 0 0 2 0 0 0 0 0 0 0 0 0 0 0 0 0 0 0 
0 0 0 0 0 0 0 0 0 0 0 0 0 0 0 0 0 0 0 0 0 0 1 0 0 0 0 0 0 0 0 1 0 0 0 0 0 1 0 0 
0 0 0 0 0 1 0 0 0 0 0 0 0 0 0 0 0 0 0 0 3 0 0 0 0 0 0 0 0 0 0 0 0 0 0 0 0 0 0 0 
0 2 0 0 0 0 0 0 0 0 0 0 0 0 0 0 1 0 0 0 0 0 0 0 2 0 0 0 0 0 0 0 0 0 0 0 0 0 0 4 
0 1 0 0 0 0 0 0 0 0 0 0 0 0 0 0 0 0 0 0 2 0 0 0 0 0 0 0 0 0 0 0 0 0 0 1 0 0 0 0 
0 0 0 1 0 0 0 0 0 0 0 0 0 0 0 0 0 0 4 0 1 0 0 0 0 0 0 0 0 0 0 0 0 0 0 0 0 0 0 1 
0 0 0 0 0 0 0 0 0 0 0 0 0 0 1 0 0 0 0 0 0 0 0 0 0 0 0 0 0 0 0 2 0 0 0 0 0 6 0 0 
0 0 0 0 0 0 0 0 0 0 0 0 0 0 0 0 0 0 1 0 0 0 0 0 0 0 0 0 0 0 0 0 0 1 0 0 0 0 0 0 
0 0 0 0 0 0 0 0 0 0 1 0 0 0 0 0 3 0 0 0 0 0 0 0 0 0 0 0 0 0 0 0 0 0 0 0 0 2 0 0 
0 0 0 0 0 0 0 0 0 0 0 0 1 0 0 0 0 0 0 0 2 0 0 0 0 0 0 0 0 0 0 0 0 0 0 2 0 0 0 0 
0 0 0 0 0 0 0 0 0 0 0 0 0 0 0 0 1 0 0 0 0 0 0 0 0 0 0 0 0 0 0 1 0 0 0 0 0 0 0 3 
0 0 0 0 0 0 0 0 0 0 0 0 0 0 3 0 0 0 0 0 0 0 0 0 0 0 0 0 0 0 0 0 0 0 0 0 0 0 0 0 
0 0 0 0 0 0 0 0 0 0 1 0 0 0 0 0 0 0 1 0 0 0 0 0 0 0 0 0 0 0 0 0 0 1 0 0 0 0 0 0 
0 0 0 0 0 0 0 0 0 0 0 0 0 0 2 0 0 0 0 0 0 0 0 1 0 0 0 0 0 1 0 0 0 0 0 0 0 0 0 0 
0 0 0 0 0 0 1 0 0 0 0 0 0 0 0 0 0 0 0 0 0 1 0 0 0 0 0 0 0 0 0 0 0 2 0 0 0 0 0 0 
0 0 0 0 0 0 0 0 1 0 0 0 0 0 0 0 0 0 0 0 0 0 0 0 0 0 0 0 0 0 0 8 0 0 0 0 0 0 0 0 
2 0 0 0 0 0 0 0 0 0 0 0 -1 0 0 0 0 0 0 0 0 0 0 0 0 0 0 1 0 0 0 0 0 0 0 0 0 0 0 0 
0 0 0 0 0 0 0 0 0 0 4 0 0 0 0 0 0 0 0 1 0 0 0 0 0 0 0 0 0 0 0 1 0 0 0 0 0 0 0 0 
0 0 0 0 0 0 1 0 0 0 0 0 0 0 3 0 0 0 0 0 0 0 0 0 0 0 0 0 0 4 0 0 0 0 0 0 0 0 0 0 
1 0 0 0 0 0 0 0 0 0 2 0 0 0 0 0 0 0 0 0 0 0 0 0 0 0 1 0 0 0 0 0 0 0 0 0 0 0 0 0 
0 0 0 0 0 0 0 0 0 0 0 0 0 0 0 0 0 0 0 0 0 0 0 0 0 0 0 0 0 2 0 0 0 0 0 0 0 0 1 0 
0 0 0 0 0 1 0 0 0 0 0 0 0 0 0 0 0 0 0 0 0 0 0 0 0 0 0 3 0 0 0 0 0 0 0 0 0 0 0 0 
0 0 0 0 0 0 0 0 0 0 0 0 0 0 0 0 0 0 0 0 0 0 1 0 1 0 0 0 0 0 0 0 0 0 0 0 0 0 0 0 
0 0 0 0 0 0 0 0 0 0 0 0 0 0 0 0 0 0 0 0 0 0 0 0 0 0 0 1 0 0 0 0 0 0 0 0 0 0 0 0 
0 2 0 1 0 0 0 0 0 0 0 0 0 0 0 0 0 0 0 0 0 0 0 0 0 0 0 0 0 0 0 0 0 0 0 0 0 0 0 0 
0 0 0 0 0 0 0 0 0 0 0 0 0 0 0 0 0 0 0 0 3 0 1 0 0 0 0 0 0 0 0 0 0 0 0 0 0 0 0 0 
0 0 0 0 0 0 0 0 0 0 0 0 0 0 0 0 0 0 0 0 0 0 0 0 0 -1 0 0 0 0 0 0 0 0 0 0 0 0 0 4 
0 1 0 0 0 0 0 0 0 0 0 0 0 0 0 0 0 0 0 0 0 0 0 0 0 0 0 0 0 0 0 0 0 0 0 0 0 0 0 0 
0 0 0 0 -2 0 0 0 0 0 0 0 0 0 0 0 0 0 0 0 1 0 0 0 0 1 0 0 0 0 0 0 0 0 0 0 0 0 0 0 
0 0 0 0 0 0 0 0 0 0 0 0 0 0 0 0 0 0 0 0 0 0 0 1 0 0 0 0 0 0 0 0 1 0 0 0 0 0 0 1 
0 0 0 0 0 0 1 0 0 0 0 0 0 0 0 0 0 0 0 0 0 3 0 0 0 0 0 0 0 0 0 0 0 0 0 0 0 0 0 0 
0 0 1 0 0 0 0 0 0 0 0 0 0 0 0 0 0 0 1 0 0 0 0 0 0 1 0 0 0 0 0 0 0 0 0 0 0 0 0 0 
4 0 1 0 0 0 0 0 0 0 0 0 0 0 0 0 0 0 0 0 0 0 0 0 0 0 0 0 0 0 0 0 0 0 0 0 0 1 0 0 
0 0 0 0 2 0 0 0 0 0 0 0 0 0 0 0 0 0 0 0 0 0 0 0 0 0 0 0 2 0 0 0 0 0 0 0 0 0 0 0 
0 0 0 0 0 0 0 0 0 0 0 0 0 0 0 0 1 0 0 0 0 0 0 1 0 0 0 0 0 0 0 0 0 0 0 0 0 0 0 0 
0 0 0 0 0 0 0 1 0 0 0 0 0 0 0 0 0 0 0 1 0 0 0 0 0 0 0 0 0 0 0 0 0 0 0 1 0 0 0 0 
0 0 2 0 0 0 0 0 0 0 0 0 0 0 0 0 0 2 0 0 0 0 0 0 0 0 0 0 0 0 0 0 0 0 0 0 0 0 0 0 
0 0 0 0 0 0 0 0 0 0 0 0 0 0 1 0 0 0 0 0 0 3 0 0 0 0 0 0 0 0 0 0 0 0 0 0 3 0 0 0 
0 0 0 0 0 0 0 0 0 0 0 0 0 0 0 0 0 -1 0 0 0 0 0 0 0 0 0 0 0 0 0 0 0 1 0 0 0 0 0 0 
4 0 0 0 0 0 0 0 0 0 0 0 0 0 0 4 0 0 0 0 0 0 0 0 0 0 0 0 0 0 0 0 0 0 0 0 -2 0 0 0 
0 0 0 0 0 0 0 0 0 0 0 0 2 0 0 0 0 0 0 1 0 0 0 0 0 0 0 0 0 0 0 0 0 0 1 0 0 0 0 0 
0 0 0 0 0 0 0 0 0 0 0 0 0 0 0 3 0 0 0 0 0 0 0 0 0 0 0 0 0 0 0 4 0 0 0 0 0 0 4 0 
0 0 0 0 0 0 0 0 0 0 0 0 0 4 0 0 0 0 0 0 0 0 0 0 0 0 0 0 0 0 0 0 0 0 4 0 0 0 0 0 
0 0 0 0 0 0 0 0 0 0 1 0 0 0 0 0 0 1 0 0 0 0 0 0 0 0 0 0 0 0 0 0 1 0 0 0 0 0 0 0 
0 0 0 0 0 0 0 0 0 0 0 0 0 1 0 0 0 0 0 0 0 0 0 0 0 0 0 0 0 1 0 0 0 0 0 0 0 0 0 0 
0 0 0 0 0 0 0 0 0 0 0 3 0 0 0 0 0 0 0 0 2 0 0 0 0 0 0 0 0 0 0 0 0 0 0 0 0 0 0 0 
0 0 0 0 0 0 0 0 1 0 0 0 0 0 0 0 0 0 0 0 0 0 0 0 0 0 0 0 0 0 4 0 0 0 0 0 0 0 0 1 
0 0 0 0 0 0 0 0 0 0 0 0 0 0 0 0 0 0 0 0 0 0 0 0 0 0 0 0 1 0 0 0 0 0 0 0 0 0 0 0 
0 0 0 0 0 0 0 0 0 0 0 0 0 0 0 0 0 0 0 0 0 0 0 0 0 0 0 0 0 0 2 0 0 0 0 0 0 0 0 0 
0 0 0 0 0 0 0 1 0 0 0 0 0 0 0 0 0 0 0 0 0 0 0 0 0 0 0 0 0 0 0 0 0 0 0 0 0 0 0 0 
0 0 0 0 0 0 0 0 0 3 0 0 0 0 0 0 0 1 0 0 0 0 0 0 0 0 1 0 0 0 0 0 0 0 0 0 0 0 0 0 
0 0 0 0 0 0 0 0 0 0 0 0 0 0 0 0 0 0 0 0 0 0 0 0 0 0 0 0 2 0 0 0 0 0 0 0 0 0 0 0 
0 0 1 0 0 1 0 0 0 0 0 0 0 0 0 0 0 0 0 0 0 0 0 0 0 0 0 0 0 0 0 0 0 0 0 0 0 0 0 0 
0 0 0 0 0 0 0 1 0 0 0 0 0 0 0 0 0 0 0 0 0 1 0 0 1 0 0 0 0 0 0 0 0 0 0 0 0 0 0 0 
0 0 0 0 0 0 0 0 0 0 0 0 0 0 0 0 0 0 0 0 0 0 0 0 0 0 2 0 0 0 0 0 0 0 0 0 0 0 0 0 
2 0 0 1 0 0 0 0 0 0 0 0 0 0 0 0 0 0 0 0 0 0 0 0 0 0 0 0 0 0 0 0 0 0 0 0 0 0 0 0 
0 0 0 0 0 1 0 0 0 0 0 0 0 0 0 0 0 0 0 0 0 0 1 0 0 0 1 0 0 0 0 0 0 0 0 0 0 0 0 0 
0 0 0 0 0 0 0 0 0 0 0 0 0 0 0 0 0 0 0 0 0 0 0 0 2 0 0 0 0 0 0 0 0 0 0 0 0 0 0 0 
0 1 0 0 0 2 0 0 0 0 0 0 0 0 0 0 0 0 0 0 0 0 0 0 0 0 0 0 0 0 0 0 0 0 0 0 0 0 0 0 
0 0 0 1 0 0 0 0 0 0 0 0 0 0 0 0 0 0 0 0 1 0 0 0 3 0 0 0 0 0 0 0 0 0 0 0 0 0 0 0 
0 0 0 0 0 0 0 0 0 0 0 0 0 0 0 0 0 0 0 0 0 0 0 0 0 0 0 0 0 0 0 0 0 0 0 0 0 0 0 1 
0 0 0 0 0 2 0 0 0 0 0 0 0 0 0 0 0 0 0 0 4 0 1 0 0 0 0 0 0 0 0 0 0 0 0 0 0 0 0 0 
0 2 0 0 0 0 0 0 0 0 0 0 0 0 0 0 0 0 1 0 0 0 0 0 1 0 0 0 0 0 0 0 0 0 0 0 0 0 0 4 
0 1 0 0 0 0 0 0 0 0 0 0 0 0 0 0 0 0 0 0 1 0 0 0 0 0 0 0 0 0 0 0 0 0 0 0 0 2 0 0 
0 0 0 0 0 0 0 0 0 0 0 0 0 0 0 0 0 0 7 0 0 0 0 0 0 0 0 0 0 0 0 0 0 0 0 0 0 0 0 -2 
0 0 0 0 0 0 0 0 0 0 0 0 0 0 0 0 1 0 0 0 0 0 0 0 0 0 0 0 0 0 0 0 0 0 0 0 0 4 0 0 
0 0 0 0 0 0 0 0 0 0 0 0 0 0 0 0 0 0 -2 0 0 0 0 0 0 0 0 0 0 0 0 0 1 0 0 1 0 0 0 0 
0 0 0 0 0 0 0 0 0 0 0 0 0 0 0 0 3 0 0 0 0 0 0 0 0 0 0 0 0 0 0 0 0 0 0 0 0 -1 0 0 
0 0 0 0 0 0 0 0 0 0 0 0 0 0 1 0 0 0 0 0 1 0 0 0 0 0 0 0 0 0 0 0 0 0 0 1 0 0 0 0 
0 0 0 0 0 0 0 0 0 0 0 0 0 0 0 0 1 0 0 0 0 0 0 0 0 0 0 0 0 0 0 0 0 1 0 0 0 0 0 1 
0 0 0 0 0 0 0 0 0 0 0 0 0 0 1 0 0 0 0 0 0 0 0 0 0 0 0 0 0 0 0 0 0 0 0 2 0 0 0 0 
0 0 0 0 0 0 0 0 0 0 0 0 1 0 0 0 0 0 2 0 0 0 0 0 0 0 0 0 0 0 0 0 0 2 0 0 0 0 0 0 
0 0 0 0 0 0 0 0 0 0 0 0 0 0 1 0 0 0 0 0 0 0 0 0 0 0 0 0 0 0 0 1 0 0 0 0 0 3 0 0 
0 0 0 0 0 0 0 0 0 0 0 0 3 0 0 0 0 0 0 0 0 0 0 0 0 0 0 0 0 0 0 0 0 0 0 0 0 0 0 0 
0 0 0 0 0 0 0 0 0 0 1 0 0 0 0 0 4 0 0 0 0 0 0 0 0 0 0 0 0 0 0 4 0 0 0 0 0 0 0 0 
0 0 0 0 0 0 0 0 0 0 0 0 -1 0 0 0 0 0 0 0 0 0 0 0 0 0 0 0 0 2 0 0 0 0 0 2 0 0 0 0 
0 0 0 0 0 0 0 0 0 0 2 0 0 0 0 0 0 0 0 0 0 0 0 0 0 0 0 0 0 0 0 4 0 0 0 0 0 0 0 0 
0 0 0 0 0 0 0 0 3 0 0 0 0 0 4 0 0 0 0 0 0 0 0 0 0 0 0 0 0 4 0 0 0 0 0 0 0 0 0 0 
0 0 0 0 0 0 0 0 0 0 5 0 0 0 0 0 0 0 0 2 0 0 0 0 0 0 0 1 0 0 0 0 0 1 0 0 0 0 0 0 
0 0 0 0 0 0 0 0 7 0 0 0 0 0 0 0 0 0 0 0 0 0 0 0 0 0 0 0 0 -2 0 0 0 0 0 0 0 0 1 0 
0 0 0 0 0 0 1 0 0 0 0 0 4 0 0 0 0 0 0 0 0 0 0 0 0 0 0 7 0 0 0 0 0 0 0 0 0 0 0 0 
0 0 0 0 0 0 0 0 -3 0 0 0 0 0 0 0 0 1 0 0 0 0 0 0 0 1 0 0 0 0 0 1 0 0 0 0 0 0 0 0 
0 0 0 0 0 0 4 0 0 0 0 0 0 0 0 0 0 0 0 0 0 0 0 0 0 0 0 0 0 0 0 0 0 0 0 0 0 0 0 0 
0 2 0 0 1 0 0 0 0 0 1 0 0 0 0 0 0 0 0 0 0 0 0 0 0 1 0 0 0 0 0 0 0 0 0 0 0 0 0 0 
0 0 0 0 0 0 0 0 0 0 0 0 0 0 0 0 0 0 0 0 0 0 0 1 0 0 0 0 0 5 0 0 0 0 0 0 0 0 0 0 
0 0 0 0 7 0 1 0 0 0 0 0 0 0 0 0 0 0 0 0 0 0 0 0 0 -1 0 0 0 0 0 0 0 0 0 0 0 0 0 0 
0 0 1 0 0 0 0 0 7 0 0 0 0 0 0 0 0 0 0 0 0 0 0 11 0 2 0 0 0 0 0 0 0 0 0 0 0 0 0 0 
0 0 0 0 -2 0 0 0 0 0 0 0 0 0 0 0 0 0 0 0 0 1 0 0 0 0 0 4 0 0 0 0 0 0 0 0 0 0 0 0 
0 0 7 0 1 0 0 0 0 0 0 0 0 0 0 0 0 0 0 0 0 0 0 -2 0 0 0 0 0 0 0 0 0 0 0 0 0 0 0 0 
1 0 0 0 0 0 7 0 0 0 0 0 0 0 0 0 0 0 0 0 0 12 0 2 0 0 0 0 0 0 0 0 0 0 0 0 0 0 0 0 
0 0 -4 0 0 0 0 0 0 0 0 0 0 0 0 0 0 0 0 1 0 0 0 0 0 3 0 0 0 0 0 0 0 0 0 0 0 0 0 0 
7 0 1 0 0 0 0 0 0 0 0 0 0 0 0 0 0 0 0 0 0 -3 0 0 0 0 0 0 0 0 0 0 0 0 0 0 0 0 1 0 
0 0 0 0 0 0 0 0 0 0 0 0 0 0 0 0 0 0 0 4 0 0 0 0 0 0 0 0 1 0 0 0 0 0 0 0 0 0 0 0 
1 0 0 0 0 0 0 0 0 0 0 0 0 0 0 0 0 0 1 0 0 0 0 0 0 0 0 0 0 0 0 0 0 0 0 0 0 0 0 0 
0 0 0 0 0 0 0 0 0 0 0 0 0 0 0 0 0 0 0 1 0 0 0 0 0 0 0 0 0 0 0 0 0 0 0 0 0 0 1 0 
0 0 0 0 0 0 0 0 0 0 0 0 0 0 0 0 0 0 0 0 0 0 0 0 0 0 0 0 0 0 0 0 0 0 0 0 0 0 1 0 
0 0 0 0 0 0 0 0 0 0 0 0 0 0 0 0 0 1 0 0 0 0 0 0 0 0 0 0 0 0 0 0 0 0 0 0 0 0 0 0 
0 0 0 0 0 0 0 0 0 0 0 0 0 0 0 0 0 2 0 0 0 0 0 1 0 0 0 0 0 0 0 0 0 0 0 0 1 0 0 0 
4 0 0 0 0 0 0 0 0 0 0 0 0 0 0 4 0 0 0 0 0 0 0 0 0 0 0 0 0 0 0 0 0 0 0 0 1 0 0 0 
0 0 2 0 0 0 0 0 0 0 0 0 0 0 0 1 0 0 0 8 0 0 0 0 0 0 0 0 0 0 0 0 0 0 8 0 0 0 0 0 
0 0 0 0 0 0 0 0 0 0 0 0 0 0 0 0 0 0 0 0 0 3 0 0 0 0 0 0 0 0 0 0 0 0 1 0 0 0 12 0 
0 0 0 0 0 0 0 0 0 0 0 0 0 12 0 0 0 0 0 0 0 0 0 0 0 0 0 0 0 0 0 0 0 0 -1 0 0 0 0 0 
0 0 0 2 0 0 0 0 0 0 0 0 0 1 0 0 0 0 0 0 0 0 0 0 0 0 0 0 0 0 0 0 6 0 0 0 0 0 0 0 
0 0 0 0 0 0 0 0 0 0 0 0 0 -2 0 0 0 0 0 0 0 0 1 0 0 0 0 0 0 0 0 0 1 0 0 0 0 0 0 0 
0 0 0 0 0 0 0 0 0 0 0 3 0 0 0 0 0 0 0 0 0 0 0 0 0 0 0 0 0 0 0 0 0 0 0 0 0 0 0 0 
0 1 0 0 0 0 0 0 0 0 0 1 0 0 0 1 0 0 0 0 0 0 0 0 0 0 0 0 0 0 4 0 0 0 0 0 0 0 0 0 
0 0 0 0 0 0 0 0 0 0 0 -1 0 0 0 0 0 0 0 0 0 0 0 0 0 4 0 0 0 0 2 0 0 0 0 0 0 0 0 0 
0 0 0 0 0 0 0 0 0 0 0 0 0 0 0 0 0 0 0 0 0 0 0 0 0 0 0 0 0 0 -2 0 0 0 0 0 0 0 0 0 
0 0 0 0 1 0 0 0 0 1 0 0 0 0 0 0 0 0 0 0 0 0 0 0 0 0 0 0 0 0 0 0 0 0 0 0 0 0 0 0 
0 0 0 0 0 0 0 0 0 0 0 0 0 0 0 0 0 0 0 0 0 0 0 1 0 0 0 0 1 0 0 0 0 0 0 0 0 0 0 0 
0 0 0 0 0 0 0 0 0 0 0 0 0 0 0 0 0 0 0 0 0 0 0 0 0 0 0 0 1 0 0 0 0 0 0 0 0 0 0 0 
0 0 2 0 0 0 0 1 0 0 0 0 0 0 0 0 0 0 0 0 0 0 0 0 0 0 0 0 0 0 0 0 0 0 0 0 0 0 0 0 
0 0 0 0 0 0 0 0 0 0 0 0 0 0 0 0 0 0 0 0 0 2 0 0 0 0 1 0 0 0 0 0 0 0 0 0 0 0 0 0 
0 0 0 0 0 0 0 0 0 0 0 0 0 0 0 0 0 0 0 0 0 0 0 0 0 0 -1 0 0 0 0 0 0 0 0 0 0 0 0 0 
3 0 0 0 0 1 0 0 0 0 0 0 0 0 0 0 0 0 0 0 0 0 0 0 0 0 0 0 0 0 0 0 0 0 0 0 0 0 0 0 
0 0 0 0 0 -2 0 0 0 0 0 0 0 0 1 0 0 0 0 0 0 0 0 0 1 0 0 0 1 0 0 0 0 0 0 0 0 0 0 0 
0 0 0 3 0 0 0 0 0 0 0 0 0 0 0 0 0 0 0 0 0 0 0 0 1 0 0 0 0 0 0 0 0 0 0 0 0 0 0 0 
0 0 0 1 0 0 0 4 0 0 0 0 0 0 0 0 0 0 0 0 0 0 8 0 2 0 0 0 0 0 0 0 0 0 0 0 0 0 0 0 
0 0 0 0 0 0 0 0 0 0 0 0 0 0 0 0 0 0 0 0 0 0 1 0 0 0 4 0 0 0 0 0 0 0 0 0 0 0 0 0 
0 8 0 2 0 0 0 0 0 0 0 0 0 0 0 0 0 0 0 0 0 0 -1 0 0 0 0 0 0 0 0 0 0 0 0 0 0 0 0 0 
0 1 0 0 0 2 0 0 0 0 0 0 0 0 0 0 0 0 0 0 8 0 2 0 0 0 0 0 0 0 0 0 0 0 0 0 0 0 0 0 
0 -2 0 0 0 0 0 0 0 0 0 0 0 0 0 0 0 0 0 0 1 0 0 0 2 0 0 0 0 0 0 0 0 0 0 0 0 0 0 4 
0 1 0 0 0 0 0 0 0 0 0 0 0 0 0 0 0 0 0 0 0 0 0 0 0 0 0 0 0 0 0 0 0 0 0 0 0 0 0 1 
0 0 0 2 0 0 0 0 0 0 0 0 0 0 0 0 0 0 4 0 1 0 0 0 0 0 0 0 0 0 0 0 0 0 0 0 0 0 0 1 
0 0 0 0 0 0 0 0 0 0 0 0 0 0 0 0 0 0 1 0 0 0 1 0 0 0 0 0 0 0 0 0 0 0 0 0 0 4 0 1 
0 0 0 0 0 0 0 0 0 0 0 0 0 0 0 0 0 0 0 0 0 0 0 0 0 0 0 0 0 0 0 0 0 0 0 0 0 1 0 0 
0 3 0 0 0 0 0 0 0 0 0 0 0 0 0 0 8 0 2 0 0 0 0 0 0 0 0 0 0 0 0 0 0 0 0 0 0 -2 0 0 
0 0 0 0 0 0 0 0 0 0 0 0 0 0 0 0 1 0 0 0 3 0 0 0 0 0 0 0 0 0 0 0 0 0 0 8 0 2 0 0 
0 0 0 0 0 0 0 0 0 0 0 0 0 0 0 0 -1 0 0 0 0 0 0 0 0 0 0 0 0 0 0 0 0 0 0 1 0 0 0 2 
0 0 0 0 0 0 0 0 0 0 0 0 0 0 0 0 0 0 0 0 0 0 0 2 0 0 0 0 0 0 0 0 0 0 0 -1 0 0 0 0 
0 0 0 0 0 0 0 0 0 0 0 0 0 0 1 0 0 0 1 0 0 0 0 0 0 0 0 0 0 0 0 0 0 0 0 0 0 0 0 0 
0 0 1 0 0 0 0 0 0 0 0 0 0 0 0 0 0 0 0 0 0 0 0 0 0 0 0 0 0 0 0 0 0 1 0 0 0 2 0 0 
0 0 0 0 0 0 0 0 0 0 0 0 2 0 0 0 0 0 0 0 0 0 0 0 0 0 0 0 0 0 0 0 0 0 0 0 0 0 0 0 
0 0 0 0 0 0 0 0 0 0 0 0 1 0 0 0 2 0 0 0 0 0 0 0 0 0 0 0 0 0 0 2 0 0 0 0 0 0 0 0 
0 0 0 0 0 0 0 0 0 0 0 0 -1 0 0 0 0 0 0 0 0 0 0 0 0 0 0 0 0 0 0 1 0 0 0 3 0 0 0 0 
0 0 0 0 0 0 0 0 0 0 3 0 0 0 0 0 0 0 0 0 0 0 0 0 0 0 0 0 0 0 0 -1 0 0 0 0 0 0 0 0 
0 0 0 0 0 0 0 0 0 0 1 0 0 0 4 0 0 0 0 0 0 0 0 0 0 0 0 0 0 4 0 0 0 0 0 0 0 0 0 0 
0 0 0 0 0 0 0 0 0 0 -2 0 0 0 0 0 0 0 0 0 0 0 0 0 0 0 0 0 0 2 0 0 0 2 0 0 0 0 0 0 
0 0 0 0 0 0 0 0 2 0 0 0 0 0 0 0 0 0 0 0 0 0 0 0 0 0 0 0 0 2 0 0 0 0 0 0 0 0 0 0 
0 0 0 0 0 0 0 0 2 0 0 0 1 0 0 0 0 0 0 0 0 0 0 0 0 0 0 1 0 0 0 0 0 0 0 0 0 0 0 0 
0 0 0 0 0 0 0 0 3 0 0 0 0 0 0 0 0 0 0 0 0 0 0 0 0 0 0 3 0 0 0 4 0 0 0 0 0 0 0 0 
0 0 0 0 0 0 4 0 0 0 0 0 0 0 0 0 0 0 0 0 0 0 0 0 0 0 0 2 0 0 0 0 0 0 0 0 0 0 0 0 
0 0 0 0 0 0 1 0 0 0 1 0 0 0 0 0 0 0 0 0 0 0 0 0 0 1 0 0 0 0 0 0 0 0 0 0 0 0 0 0 
0 0 0 0 0 0 0 0 0 0 0 0 0 0 0 0 0 0 0 0 0 0 0 0 0 1 0 0 0 1 0 0 0 0 0 0 0 0 0 0 
0 0 0 0 1 0 0 0 0 0 0 0 0 0 0 0 0 0 0 0 0 0 0 0 0 1 0 0 0 0 0 0 0 0 0 0 0 0 0 0 
0 0 0 0 2 0 0 0 2 0 0 0 0 0 0 0 0 0 0 0 0 0 0 0 0 0 0 0 0 0 0 0 3 0 0 0 0 0 0 0 
0 0 0 0 -2 0 0 0 0 0 0 0 0 0 0 0 0 0 0 0 0 0 0 1 0 0 0 0 0 0 0 0 0 0 0 0 0 0 0 0 
0 0 4 0 0 0 0 0 0 0 0 1 0 0 0 0 0 0 0 0 0 0 0 0 0 0 0 0 0 0 0 0 0 0 0 0 0 0 0 0 
0 0 0 1 0 0 0 0 0 0 0 0 0 0 0 0 0 0 0 0 0 0 0 0 0 0 0 0 0 0 0 0 0 0 0 0 0 0 0 0 
0 0 3 0 0 0 0 0 0 0 0 2 0 0 0 0 0 0 0 0 0 0 1 0 0 0 0 0 0 0 0 0 0 0 0 0 0 0 0 0 
6 0 0 0 0 0 0 0 0 0 0 0 0 0 0 0 0 0 0 0 0 -1 0 0 0 0 0 0 0 0 1 0 0 0 0 0 0 0 0 0 
0 1 0 0 0 0 0 0 0 0 0 0 0 0 0 0 0 0 0 3 0 0 0 0 0 0 0 0 0 0 0 0 0 0 0 0 0 0 0 0 
1 0 0 0 0 0 0 0 0 0 0 0 0 0 0 0 0 0 0 0 1 1 0 0 0 0 0 0 0 0 0 0 0 0 0 0 0 0 0 0 
0 0 0 0 0 0 0 0 0 0 0 0 0 0 0 0 0 0 0 2 0 0 0 0 0 0 0 0 0 0 0 0 0 0 0 0 0 0 0 1 
2 0 0 0 0 0 0 0 0 0 0 0 0 0 0 0 0 0 0 0 0 0 0 0 0 0 0 0 0 0 0 0 0 0 0 0 0 0 1 0 
0 0 0 0 0 0 0 0 0 0 0 0 0 0 0 0 0 0 1 0 0 2 0 0 0 0 0 0 0 0 0 0 0 0 0 0 4 0 1 0 
0 0 0 0 0 0 0 0 0 0 0 0 0 0 0 0 0 2 0 0 0 0 0 0 0 0 0 0 0 0 0 0 0 0 0 0 0 1 0 0 
2 0 0 0 0 0 0 0 0 0 0 0 0 0 0 2 0 0 0 0 0 0 0 0 0 0 0 0 0 0 0 0 0 0 0 0 1 0 0 0 
0 0 0 0 0 0 0 0 0 0 0 0 0 0 0 0 1 0 0 3 0 0 0 0 0 0 0 0 0 0 0 0 0 0 3 0 0 0 0 0 
0 0 0 0 0 0 0 0 0 0 0 0 0 0 0 0 0 0 0 0 0 0 0 0 0 0 0 0 0 0 0 0 0 0 0 1 0 0 4 0 
0 0 0 0 0 0 0 0 0 0 0 0 0 4 0 0 0 0 0 0 0 0 0 0 0 0 0 0 0 0 0 0 0 0 -1 0 0 0 0 0 
0 0 0 0 0 0 0 0 0 0 0 0 0 0 1 0 0 1 0 0 0 0 0 0 0 0 0 0 0 0 0 0 1 0 0 0 0 0 0 0 
0 0 0 0 0 0 0 0 0 0 0 0 0 2 0 0 0 0 0 0 0 0 0 0 0 0 0 0 0 0 0 0 0 1 0 0 0 0 0 0 
0 0 0 0 0 0 0 0 0 0 0 8 0 0 0 0 0 0 0 0 2 0 0 0 0 0 0 0 0 0 0 0 -1 0 0 0 0 0 0 0 
0 0 0 0 0 0 0 0 0 0 0 0 1 0 0 0 0 0 0 0 0 0 0 0 0 0 0 0 0 0 4 0 0 0 0 0 0 0 0 1 
0 0 0 0 0 0 0 0 0 0 0 1 0 0 0 0 0 0 0 0 0 0 0 0 0 0 0 0 0 0 0 1 0 0 3 0 0 0 0 0 
0 0 0 0 0 0 0 0 0 4 0 0 0 0 0 0 0 0 0 0 1 0 0 0 0 0 0 0 0 0 2 0 0 0 0 0 0 0 0 0 
0 0 0 0 0 0 0 0 0 0 0 1 0 0 0 0 0 0 0 0 0 0 0 0 0 0 0 0 0 0 0 0 0 0 0 0 0 0 0 0 
0 0 0 0 0 0 0 0 0 -1 0 0 0 0 0 0 0 0 0 0 0 0 0 0 0 0 0 0 0 0 0 1 0 0 0 0 0 0 0 0 
0 0 0 0 0 0 0 0 0 0 0 0 0 0 0 0 0 0 0 0 0 0 0 0 0 0 0 0 2 0 0 0 0 0 0 0 0 0 0 0 
0 0 0 0 0 0 0 0 0 0 1 0 0 0 0 0 0 0 0 0 0 0 0 0 0 0 0 0 0 0 0 0 0 0 0 0 0 0 0 0 
0 0 0 0 0 0 0 3 0 0 0 0 0 1 0 0 0 0 0 0 0 0 0 0 0 0 0 0 0 1 4 0 0 0 0 0 0 0 0 0 
0 0 0 0 0 4 0 0 0 0 0 0 0 0 0 0 0 0 0 0 0 0 0 0 0 0 2 0 0 0 0 0 2 0 0 0 0 0 0 0 
0 0 0 0 0 0 0 0 1 8 0 0 0 0 0 0 0 0 0 0 0 0 0 0 8 0 0 0 0 0 0 0 0 0 0 0 0 0 0 0 
0 0 0 0 0 1 0 0 0 0 0 0 0 0 6 0 0 0 0 0 0 0 0 0 0 0 0 1 0 0 0 0 0 0 0 0 0 6 0 0 
0 0 0 0 0 0 0 0 0 0 0 0 0 0 0 0 0 0 0 0 0 0 0 0 -3 0 0 0 0 0 0 0 0 6 0 0 0 0 0 0 
0 0 0 0 0 0 1 0 0 0 0 0 0 0 0 0 6 0 0 0 0 0 0 0 0 0 0 0 0 0 0 0 0 0 0 0 0 0 0 0 
0 0 0 -4 0 0 0 0 0 0 0 0 2 0 0 0 0 0 0 0 0 0 0 0 0 1 0 0 0 0 0 0 0 0 0 0 0 0 0 0 
0 6 0 0 0 0 0 0 0 0 0 0 0 0 0 0 0 0 0 0 0 0 -2 0 0 0 0 0 0 0 0 3 0 0 0 0 0 0 0 0 
0 0 0 0 1 0 0 0 0 0 0 0 0 0 0 0 0 0 0 0 9 0 0 0 0 0 0 0 0 0 0 0 0 0 0 0 0 0 0 0 
0 -3 0 0 0 0 0 0 0 0 1 0 0 0 0 0 0 0 0 0 0 0 0 1 0 0 0 0 0 0 0 0 0 0 0 0 0 0 0 3 
0 0 0 0 0 0 0 0 0 0 0 0 0 0 0 0 0 0 0 0 0 0 0 0 0 0 0 0 0 0 0 0 0 0 1 0 0 0 0 0 
0 0 1 0 0 0 0 0 0 0 0 0 0 0 0 0 0 0 0 0 0 0 0 0 0 0 0 0 0 0 0 0 0 0 0 0 0 0 0 1 
0 0 0 0 0 0 0 0 0 0 0 0 0 1 0 0 0 0 0 0 0 1 0 0 0 0 0 0 0 0 0 0 0 0 0 0 0 0 0 0 
0 0 0 0 0 0 0 0 0 0 0 0 0 0 0 0 0 0 2 0 0 0 0 0 0 0 0 0 0 0 0 0 2 0 0 0 0 0 0 0 
1 0 0 0 0 0 0 0 0 0 0 0 0 0 0 0 0 0 0 0 0 0 0 0 0 0 0 0 0 0 0 0 0 0 0 0 0 1 0 0 
0 0 0 0 0 0 0 0 0 0 0 3 0 0 0 0 0 0 0 1 0 0 0 0 0 0 0 0 0 0 0 0 0 0 0 0 0 0 0 0 
0 0 0 0 0 0 0 0 0 0 0 0 0 0 0 0 0 0 0 0 0 0 0 0 0 0 0 0 0 0 4 0 0 0 0 0 0 0 1 0 
0 0 0 0 0 0 0 0 0 0 0 0 0 0 0 0 0 0 0 0 0 0 0 0 0 0 0 0 0 0 0 0 0 0 0 -1 0 0 0 0 
0 0 0 0 0 0 0 0 0 0 0 0 1 0 0 0 0 1 0 0 0 0 0 0 0 0 0 0 0 0 0 0 0 4 0 0 0 0 0 0 
0 0 0 0 0 0 0 0 0 0 0 0 0 0 1 0 0 0 0 0 0 0 0 0 0 0 0 0 0 0 0 0 0 0 0 1 1 0 0 0 
0 0 0 0 0 0 0 0 0 0 0 0 0 0 0 0 0 0 0 0 0 0 0 0 0 0 0 0 0 0 0 0 0 1 0 0 0 0 0 0 
0 0 0 0 0 0 0 0 0 0 0 0 0 0 1 1 0 0 0 0 0 0 0 0 0 0 0 0 0 0 0 0 0 0 0 0 0 0 0 0 
0 0 0 0 0 0 0 0 0 0 0 0 2 0 0 0 0 0 0 0 0 0 0 0 0 0 0 0 0 0 0 0 0 2 1 0 0 0 0 0 
0 0 0 0 0 0 0 0 0 0 0 0 0 0 0 0 0 0 0 0 0 0 0 0 0 0 0 0 0 0 0 1 0 0 0 0 0 0 0 0 
0 0 0 0 0 0 0 0 0 0 0 0 0 1 6 0 0 0 0 0 0 0 0 0 0 0 0 0 0 12 0 3 0 0 0 0 0 0 0 0 
0 0 0 0 0 0 0 0 0 0 0 0 0 0 0 0 0 0 0 0 0 0 0 0 0 0 0 0 0 0 0 0 1 2 0 0 0 0 0 0 
0 0 0 0 0 0 0 0 4 0 1 0 0 0 0 0 0 0 0 0 0 0 0 0 0 0 0 0 0 1 0 0 0 0 0 0 0 0 0 0 
0 0 0 0 0 0 0 0 0 0 0 1 1 0 0 0 0 0 0 0 0 0 0 0 0 0 0 4 0 1 0 0 0 0 0 0 0 0 0 0 
0 0 0 0 0 0 0 0 0 0 0 0 0 0 0 0 0 0 0 0 0 0 0 0 0 0 0 0 0 0 1 1 0 0 0 0 0 0 0 0 
0 0 0 0 0 0 4 0 0 0 0 0 0 0 0 1 0 0 0 0 0 0 0 0 0 0 0 1 0 0 0 0 0 0 0 0 0 0 0 0 
0 0 0 0 0 0 0 0 0 1 1 0 0 0 0 0 0 0 0 0 0 0 0 0 0 4 0 0 0 0 0 0 0 0 1 0 0 0 0 0 
0 0 0 0 0 0 2 0 0 0 0 0 0 0 0 0 0 0 0 0 0 0 0 0 0 0 0 0 1 2 0 0 0 0 0 0 0 0 0 0 
0 0 0 0 8 0 0 0 0 0 0 0 0 0 2 0 0 0 0 0 0 0 0 0 0 0 0 0 0 0 0 0 0 0 0 0 0 0 0 0 
0 0 0 0 0 0 0 1 1 0 0 0 0 0 0 0 0 0 0 0 0 0 0 3 0 0 0 0 0 0 0 0 0 1 0 0 0 0 0 0 
0 0 0 0 1 0 0 0 0 0 0 0 0 0 0 0 0 0 0 0 0 0 0 0 0 0 1 3 0 0 0 0 0 0 0 0 0 0 0 0 
0 0 6 0 0 0 0 0 0 0 0 0 2 0 0 0 0 0 0 0 0 0 0 1 0 0 0 0 0 0 0 0 0 0 0 0 0 0 0 0 
0 0 0 0 0 1 2 0 0 0 0 0 0 0 0 0 0 0 0 0 0 2 0 0 0 0 0 0 0 0 0 0 0 0 0 0 0 0 0 0 
0 0 0 0 0 0 0 0 0 0 0 0 0 0 0 0 0 0 0 0 0 0 0 0 1 2 0 0 0 0 0 0 0 0 0 0 0 0 0 0 
2 0 0 0 0 0 0 0 0 0 0 0 0 0 0 0 0 0 0 0 0 1 0 0 0 0 0 0 0 0 0 0 0 0 0 0 0 0 0 0 
0 0 0 1 3 0 0 0 0 0 0 0 0 0 0 0 0 0 0 3 0 0 0 0 0 0 0 0 0 0 0 0 0 0 0 0 0 0 0 0 
0 0 0 0 0 0 0 0 0 0 0 0 0 0 0 0 0 0 0 0 0 0 1 3 0 0 0 0 0 0 0 0 0 0 0 0 0 0 3 0 
0 0 0 0 0 0 0 0 0 0 0 0 0 0 0 0 0 0 0 -1 0 0 0 0 0 0 0 0 0 0 0 0 0 0 0 0 0 0 0 0 
0 1 4 0 0 0 0 0 0 0 0 0 0 0 0 0 0 4 0 0 0 0 0 0 0 0 0 0 0 0 0 0 0 0 0 0 0 0 -1 0 
0 0 0 0 0 0 0 0 0 0 0 0 0 0 0 0 0 0 0 0 2 2 0 0 0 0 0 0 0 0 0 0 0 0 0 0 2 0 0 0 
0 0 0 0 0 0 0 0 0 0 0 0 0 0 0 0 0 4 0 0 0 0 0 0 0 0 0 0 0 0 0 0 0 0 0 0 0 0 0 3 
4 0 0 0 0 0 0 0 0 0 0 0 0 0 0 4 0 0 0 0 0 0 0 0 0 0 0 0 0 0 0 0 0 0 0 0 5 0 0 0 
0 0 0 0 0 0 0 0 0 0 0 0 0 0 0 0 0 0 1 1 0 0 0 0 0 0 0 0 0 0 0 0 0 0 1 0 0 0 0 0 
0 0 0 0 0 0 0 0 0 0 0 0 0 0 0 1 0 0 0 0 0 0 0 0 0 0 0 0 0 0 0 0 0 0 0 0 0 1 1 0 
0 0 0 0 0 0 0 0 0 0 0 0 0 1 0 0 0 0 0 0 0 0 0 0 0 0 0 0 0 0 0 0 0 0 2 0 0 0 0 0 
0 0 0 1 0 0 0 0 0 0 0 0 0 0 0 0 1 1 0 0 0 0 0 0 0 0 0 0 0 0 0 0 4 0 0 0 0 0 0 0 
0 0 0 0 0 0 0 0 0 0 0 0 0 0 0 0 0 0 0 0 0 0 0 0 0 0 0 0 0 0 0 0 0 0 0 1 0 0 0 0 
0 0 0 0 0 0 0 0 0 0 0 4 0 1 0 0 0 0 0 0 0 0 0 0 0 0 0 0 0 0 0 0 0 0 0 0 0 0 0 0 
0 0 0 0 0 0 0 0 0 0 0 0 0 0 1 0 0 0 0 0 0 0 0 0 0 0 0 0 0 0 0 0 0 0 0 0 0 0 0 1 
0 0 0 0 0 0 0 0 0 0 0 0 0 0 0 0 0 0 0 0 2 0 0 0 0 0 0 0 0 0 0 0 0 1 0 0 0 0 0 0 
0 0 0 2 0 0 0 0 0 0 0 0 0 0 0 0 0 0 2 0 0 0 0 0 0 0 0 0 0 0 1 0 0 0 0 0 0 0 0 1 
0 0 0 0 0 0 0 0 0 0 0 0 1 0 0 0 0 0 0 0 0 0 1 0 0 0 0 0 0 0 0 0 0 0 0 0 0 1 0 0 
0 0 0 0 0 0 0 0 0 2 0 0 0 0 0 0 0 0 0 0 0 0 0 0 0 0 0 0 0 0 0 1 0 0 0 0 0 0 0 0 
0 0 0 0 0 0 0 8 0 0 0 0 0 0 0 0 2 0 0 0 0 0 0 0 0 0 0 0 -1 0 0 0 0 0 0 0 0 0 0 0 
0 0 0 0 0 0 0 0 0 0 1 0 0 0 0 0 0 0 0 0 0 0 0 0 0 0 8 0 0 0 0 0 0 0 0 2 0 0 0 0 
0 0 0 0 0 0 0 -2 0 0 0 0 0 0 0 0 0 0 0 0 0 0 0 0 0 0 0 0 0 1 0 0 0 0 0 0 0 0 0 0 
0 0 0 0 0 4 0 0 0 0 0 0 0 0 1 0 0 0 0 0 0 0 0 0 0 0 0 0 0 0 0 0 0 0 0 0 0 0 0 0 
0 0 0 0 0 0 0 0 1 0 0 0 0 0 0 0 0 0 0 0 0 0 0 0 4 0 0 0 0 0 0 0 0 1 0 0 0 0 0 0 
0 0 0 0 0 1 0 0 0 0 0 0 0 0 0 0 0 0 0 0 0 0 0 0 0 0 0 1 0 0 0 0 0 0 0 0 0 0 0 0 
0 0 0 3 0 0 0 0 0 0 0 0 0 1 0 0 0 0 0 0 0 0 0 0 1 0 0 0 0 0 0 0 0 0 0 0 0 0 0 0 
0 0 0 0 0 0 1 3 0 0 0 0 0 0 0 0 0 0 0 0 0 0 4 0 0 0 0 0 0 0 0 0 0 1 0 0 0 0 0 0 
0 0 0 2 0 0 0 0 0 0 0 0 0 0 0 0 0 0 0 0 0 0 0 0 0 0 2 0 0 0 0 0 0 0 0 0 0 0 0 0 
0 0 0 0 0 0 0 0 0 0 0 0 0 0 0 0 0 0 0 0 0 0 0 0 0 0 0 1 0 0 0 0 0 0 0 0 0 0 0 0 
0 0 0 0 0 2 0 0 0 0 0 0 0 0 0 0 0 0 0 0 4 0 0 0 0 0 0 0 0 0 0 0 0 0 0 0 0 0 0 0 
0 -1 0 0 0 0 1 0 0 0 0 0 0 0 0 0 0 0 0 0 0 0 0 0 3 0 0 0 0 0 0 0 0 0 0 0 0 0 0 4 
0 0 0 0 0 0 0 0 0 0 0 0 0 0 0 0 0 0 0 0 0 0 0 0 0 1 0 0 0 0 0 0 0 0 0 0 0 0 0 0 
0 0 0 1 0 0 0 0 0 0 0 0 0 0 0 0 0 0 4 0 0 0 0 0 0 0 0 0 0 0 0 0 0 0 0 0 0 0 0 -2 
0 0 0 0 0 2 0 0 0 0 0 0 0 0 0 0 0 0 0 0 0 0 1 0 0 0 0 0 0 0 0 0 0 0 0 0 0 4 0 0 
0 0 0 0 0 0 0 0 0 0 0 0 0 0 0 0 0 0 -1 0 0 0 0 0 0 0 0 1 0 0 0 0 0 0 0 0 0 0 0 0 
0 1 0 0 0 0 0 0 0 0 1 0 0 0 0 0 0 0 0 0 0 0 0 0 0 0 0 0 0 0 0 0 0 0 0 0 0 0 0 0 
0 0 0 0 0 0 1 0 0 0 0 0 0 0 0 0 0 0 0 0 1 0 0 0 0 0 0 0 0 0 0 0 0 0 0 3 0 0 0 0 
0 0 0 0 0 0 0 0 0 0 0 0 0 0 0 0 -1 0 0 0 0 0 0 0 0 0 0 0 0 1 0 0 0 0 0 0 0 0 0 2 
0 0 0 0 0 0 0 0 0 0 0 0 0 0 0 0 0 0 0 0 0 0 0 0 0 0 0 0 0 0 0 0 0 0 0 -1 0 0 0 0 
0 0 0 0 0 0 0 0 1 0 0 0 0 0 0 0 0 0 3 0 0 0 0 0 0 0 0 0 0 0 0 0 0 0 0 0 0 0 0 0 
0 0 0 0 0 0 0 0 0 0 0 0 0 0 0 0 0 0 0 0 0 0 0 0 0 0 0 1 0 0 0 0 0 0 0 0 0 1 0 0 
0 0 0 0 0 0 0 0 0 0 0 0 0 0 0 0 0 0 0 0 0 0 0 0 0 0 0 0 0 0 0 0 0 -2 0 0 0 0 0 0 
0 0 0 0 0 0 0 0 0 0 1 0 0 0 0 0 2 0 0 0 0 0 0 0 0 0 0 0 0 0 0 4 0 0 0 0 0 0 0 0 
0 0 0 0 0 0 0 0 0 0 0 0 0 0 0 0 0 0 0 0 0 0 0 0 0 0 0 0 0 1 0 0 0 0 0 1 0 0 0 0 
0 0 0 0 0 0 0 0 0 0 4 0 0 0 0 0 0 0 0 0 0 0 0 0 0 0 0 0 0 0 0 -1 0 0 0 0 0 0 0 0 
0 0 0 0 0 0 0 0 1 0 0 0 0 0 2 0 0 0 0 0 0 0 0 0 0 0 0 0 0 7 0 1 0 0 0 0 0 0 0 0 
0 0 0 0 0 0 0 0 0 0 -1 0 0 0 0 0 0 0 0 0 0 0 0 0 0 0 0 1 0 0 0 0 0 1 0 0 0 0 0 0 
0 0 0 0 0 0 0 0 7 0 1 0 0 0 0 0 0 0 0 0 0 0 0 0 0 0 0 0 0 -2 0 0 0 0 0 0 0 0 0 0 
0 0 0 0 0 0 0 0 0 0 1 0 1 0 0 0 0 0 0 0 0 0 0 0 0 0 0 0 0 0 0 0 0 0 0 0 0 0 0 0 
0 0 0 0 0 0 0 0 0 0 0 0 0 0 0 0 0 0 0 0 0 0 0 0 0 0 0 0 0 2 0 1 0 0 0 0 0 0 0 0 
0 0 0 0 0 0 0 0 0 0 0 0 0 0 0 0 0 0 0 0 0 0 0 0 0 0 0 -1 0 0 0 0 0 0 0 0 6 0 0 0 
0 0 0 0 0 0 0 0 0 1 2 0 0 0 0 0 0 0 0 6 0 0 0 0 0 0 0 0 0 0 0 0 0 0 0 0 0 0 0 0 
0 0 0 0 0 0 -2 0 0 0 0 0 0 0 0 6 0 0 0 0 0 0 0 0 0 0 0 0 1 1 0 0 0 0 0 0 0 0 6 0 
0 0 0 0 0 0 0 0 0 0 0 0 0 0 0 0 0 0 0 0 0 0 0 0 0 -3 0 0 0 0 0 0 0 0 0 0 0 0 0 0 
0 0 0 0 0 0 0 0 1 0 0 1 0 0 0 0 0 0 0 0 0 0 0 3 0 0 0 0 0 0 0 0 0 0 0 0 0 0 0 0 
0 0 0 0 0 0 0 0 0 0 0 0 0 0 0 0 0 0 0 0 0 0 0 0 0 0 0 2 0 0 0 0 0 0 0 1 0 0 0 0 
0 0 4 0 0 0 0 0 0 0 0 0 0 0 0 0 0 0 0 0 0 0 0 0 0 0 0 0 0 0 0 0 0 0 0 0 0 0 0 0 
0 0 0 0 0 0 1 0 0 0 0 0 0 0 1 0 0 0 0 0 0 4 0 0 0 0 0 0 0 0 0 0 0 0 0 0 0 0 0 0 
0 0 -1 0 0 0 0 0 0 0 0 0 0 0 0 0 0 0 0 0 0 0 0 0 0 2 0 0 0 0 0 0 0 0 0 0 0 6 0 0 
19 0 0 0 0 0 0 0 0 0 0 0 0 0 0 0 0 0 0 0 0 -6 0 0 0 0 0 0 0 0 0 0 0 0 0 0 0 0 0 0 
0 0 0 0 3 0 0 0 0 0 0 0 0 0 0 0 6 0 0 19 0 0 0 0 0 0 0 0 0 0 0 0 0 0 0 0 0 0 0 0 
-5 0 0 0 0 0 0 0 0 0 0 0 0 0 0 0 0 0 0 0 0 0 0 1 0 0 0 0 0 0 0 0 0 0 0 6 0 0 19 0 
0 0 0 0 0 0 0 0 0 0 0 0 0 0 0 0 0 0 0 -7 0 0 0 0 0 0 0 0 0 0 0 0 0 0 0 0 0 0 0 0 
0 0 2 0 0 0 0 0 0 0 0 0 0 0 0 0 0 0 1 0 0 0 0 0 0 0 0 0 0 0 0 0 0 0 0 0 0 0 0 0 
0 0 0 0 0 0 0 0 0 0 0 0 0 0 0 0 0 0 0 0 0 1 0 0 0 0 0 0 0 0 0 0 0 0 0 0 0 1 0 0 
0 0 0 0 0 0 0 0 0 0 0 0 0 0 0 0 0 -1 0 0 0 0 0 0 0 0 0 0 0 0 0 0 0 0 0 0 0 0 0 0 
2 0 0 0 0 0 0 0 0 0 0 0 0 0 0 4 0 1 0 0 0 0 0 0 0 0 0 0 0 0 0 0 0 0 0 0 -1 0 0 0 
0 0 0 0 0 0 0 0 0 0 0 0 0 0 0 0 0 0 0 3 0 0 0 0 0 0 0 0 0 0 0 0 0 0 4 0 1 0 0 0 
0 0 0 0 0 0 0 0 0 0 0 0 0 0 0 0 0 0 0 0 0 0 0 0 0 0 0 0 0 0 0 0 0 0 0 0 0 0 1 0 
0 0 0 0 0 0 0 0 0 0 0 0 0 7 0 2 0 0 0 0 0 0 0 0 0 0 0 0 0 0 0 0 0 0 -3 0 0 0 0 0 
0 0 0 0 0 0 0 0 0 0 0 0 0 0 0 0 0 1 0 0 0 0 0 0 0 0 0 0 0 0 0 0 4 0 1 0 0 0 0 0 
0 0 0 0 0 0 0 0 0 0 0 0 0 -2 0 0 0 0 0 0 0 0 0 0 0 0 0 0 0 0 0 0 0 0 0 0 2 0 0 0 
0 0 0 0 0 0 0 0 0 0 0 0 0 0 0 0 0 1 0 0 0 0 0 0 0 0 0 0 0 0 0 0 0 0 0 0 0 0 0 0 
0 0 0 0 0 0 0 0 0 0 0 0 0 0 0 1 0 0 0 0 0 0 0 0 0 0 0 0 0 0 0 0 0 0 0 0 1 0 0 0 
0 0 0 0 0 0 0 0 0 0 0 -1 0 0 0 0 0 0 0 0 0 0 0 0 0 0 0 0 0 0 0 0 0 0 2 0 0 0 0 0 
0 0 0 0 0 0 0 0 0 0 0 0 0 0 0 0 0 0 1 0 0 0 0 0 0 0 0 0 0 0 0 0 0 0 0 0 0 0 0 0 
0 0 0 0 0 0 0 0 0 0 0 0 0 1 0 0 0 0 0 0 0 0 0 0 0 0 0 0 0 0 0 0 0 0 0 0 0 1 0 0 
0 0 0 0 0 0 0 0 0 -1 0 0 0 0 0 0 0 0 0 0 0 0 0 0 0 0 0 0 0 0 0 0 1 0 0 0 0 0 0 0 
0 0 0 0 0 0 0 3 0 0 0 0 0 0 0 0 1 0 0 0 0 0 0 0 0 0 0 0 -1 0 0 0 0 0 0 0 0 0 0 0 
0 0 0 0 0 0 0 0 0 0 0 1 0 0 0 0 0 0 0 0 0 0 0 0 0 0 4 0 0 0 0 0 0 0 0 1 0 0 0 0 
0 0 0 0 0 0 0 -1 0 0 0 0 0 0 0 0 0 0 0 0 0 0 0 0 0 0 0 0 0 0 2 0 0 0 0 0 0 0 0 0 
0 0 0 0 0 0 0 0 0 0 0 0 0 0 0 1 0 0 0 0 0 0 0 0 0 0 0 0 0 0 0 0 0 0 0 0 0 0 0 0 
0 0 0 0 0 0 0 0 0 1 0 0 0 0 0 0 0 0 0 0 0 0 0 0 0 0 0 0 0 0 0 0 0 0 1 0 0 0 0 0 
0 0 0 0 0 -1 0 0 0 0 0 0 0 0 0 0 0 0 0 0 0 0 0 0 0 0 0 0 2 0 0 0 0 0 0 0 0 0 0 0 
0 0 0 3 0 0 0 0 0 0 0 0 0 1 0 0 0 0 0 0 0 0 0 0 0 0 0 0 0 0 0 0 0 0 0 0 0 0 0 0 
0 0 0 0 0 0 0 1 0 0 0 0 0 0 0 0 0 0 0 0 0 0 3 0 0 0 0 0 0 0 0 0 1 0 0 0 0 0 0 0 
0 0 0 -1 0 0 0 0 0 0 0 0 0 0 0 0 0 0 0 0 0 0 0 0 0 0 1 0 0 0 0 0 0 0 0 0 0 0 0 0 
0 4 0 0 0 0 0 0 0 0 0 1 0 0 0 0 0 0 0 0 0 0 -1 0 0 0 0 0 0 0 0 0 0 0 0 0 0 0 0 0 
0 0 0 0 0 1 0 0 0 0 0 0 0 0 0 0 0 0 0 0 0 0 0 0 0 0 0 0 0 0 4 0 0 0 0 0 0 0 0 0 
0 -1 0 0 0 0 0 0 0 0 0 0 0 0 0 0 0 0 0 0 0 0 0 0 0 1 0 0 0 0 0 0 0 0 0 0 0 0 0 0 
0 0 0 0 0 0 0 0 0 0 0 0 0 0 0 0 0 0 0 0 0 0 0 0 0 0 0 0 0 0 0 0 0 0 0 0 0 0 0 0 
0 0 0 0 1 0 0 0 0 0 0 0 0 0 0 0 0 0 0 0 0 0 0 0 0 0 0 0 0 0 0 0 0 0 0 0 0 0 0 2 
0 0 0 0 0 0 0 0 1 0 0 0 0 0 0 0 0 0 0 0 0 0 0 1 0 0 0 0 0 0 0 0 0 0 0 0 0 3 0 0 
0 0 0 0 0 0 0 0 0 0 0 0 0 0 0 0 0 0 0 0 0 0 0 0 0 0 0 0 0 0 0 0 1 0 0 0 0 0 0 0 
0 0 1 0 0 0 0 0 0 0 0 0 0 0 0 0 0 0 0 0 0 0 0 0 0 0 0 0 0 0 0 0 0 0 0 0 0 1 0 0 
0 0 0 0 0 0 0 0 0 0 0 2 0 0 0 0 0 0 0 0 0 1 0 0 0 0 0 0 0 0 0 0 0 0 0 0 0 0 0 0 
0 0 0 0 0 0 0 0 0 0 0 0 0 0 0 0 0 0 0 0 0 0 0 0 0 0 0 0 0 0 3 0 0 0 0 0 0 0 0 0 
1 0 0 0 0 0 0 0 0 0 0 0 0 0 0 0 0 0 0 0 0 0 0 0 0 0 0 0 0 0 0 0 0 0 0 -1 0 0 0 0 
0 0 0 0 0 0 0 0 0 4 0 0 0 0 0 0 0 0 0 1 0 0 0 0 0 0 0 0 0 0 0 0 0 0 0 0 0 0 0 0 
0 0 0 0 0 0 0 0 0 0 0 0 0 0 -2 0 0 0 0 0 0 0 0 1 0 0 0 0 0 0 0 0 0 0 0 0 0 1 1 0 
0 0 0 0 0 0 0 0 0 0 0 0 3 0 0 0 0 0 0 0 0 0 0 0 0 0 0 0 0 0 0 0 0 1 0 0 0 0 0 0 
0 0 0 0 0 0 0 0 0 0 0 0 0 0 0 0 1 1 0 0 0 0 0 0 0 0 0 0 0 0 0 4 0 1 0 0 0 0 0 0 
0 0 0 0 0 0 0 0 0 0 0 0 0 0 0 0 0 0 0 0 0 0 0 0 0 0 0 0 0 0 0 0 0 0 0 2 1 0 0 0 
0 0 0 0 0 0 0 0 0 0 0 0 0 0 0 0 0 0 0 2 0 0 0 0 0 0 0 0 0 0 0 0 0 0 0 0 0 0 0 0 
0 0 0 0 0 0 0 0 0 0 0 0 0 0 0 2 0 0 0 0 0 0 0 0 0 0 0 0 0 0 0 0 0 0 0 0 0 0 0 0 
0 0 0 0 0 0 0 0 0 0 2 0 0 0 0 0 0 0 0 0 0 0 0 0 0 0 0 0 0 0 0 0 0 1 2 0 0 0 0 0 
0 0 0 0 0 0 0 0 1 0 0 0 0 0 0 0 0 0 0 0 0 0 0 0 0 0 0 0 0 1 0 0 0 0 0 0 0 0 0 0 
0 0 0 0 0 0 0 0 0 0 0 0 2 1 0 0 0 0 0 0 0 0 0 0 0 0 0 2 0 0 0 0 0 0 0 0 0 0 0 0 
0 0 0 0 0 0 0 0 0 0 0 0 0 0 0 0 0 0 0 0 0 0 0 0 0 0 0 0 0 0 0 3 1 0 0 0 0 0 0 0 
0 0 0 0 0 0 3 0 0 0 0 0 0 0 0 0 0 0 0 0 0 0 0 0 0 0 0 -1 0 0 0 0 0 0 0 0 0 0 0 0 
0 0 0 0 0 0 0 0 0 0 1 1 0 0 0 0 0 0 0 0 0 0 0 0 0 1 0 0 0 0 0 0 0 0 0 0 0 0 0 0 
0 0 0 0 0 0 1 0 0 0 0 0 0 0 0 1 0 0 0 0 0 0 0 0 0 0 0 0 0 1 1 0 0 0 0 0 0 0 0 0 
0 0 0 0 4 0 0 0 0 0 0 0 0 0 0 0 0 0 0 0 0 0 0 0 0 -1 0 0 0 0 0 0 0 0 0 0 0 0 0 1 
0 0 0 0 0 0 0 0 1 1 0 0 0 0 0 0 0 0 0 0 0 0 0 1 0 0 0 0 0 0 0 0 0 0 0 0 0 0 0 0 
0 0 0 0 0 0 0 0 0 0 0 0 0 0 0 0 0 0 0 0 0 0 0 0 0 0 0 0 1 0 0 0 0 0 0 0 0 0 0 0 
0 0 4 0 1 0 0 0 0 0 0 0 0 0 0 0 0 0 0 0 0 0 0 -1 0 0 0 0 0 0 0 0 0 0 0 0 0 0 0 0 
0 0 0 0 0 0 0 1 0 0 0 0 0 0 0 0 0 0 0 0 0 0 0 0 0 0 0 0 0 0 2 0 0 0 0 0 0 0 0 0 
0 0 -2 0 0 0 0 0 0 0 0 0 0 0 0 0 0 0 0 0 0 0 0 0 0 1 1 0 0 0 0 0 0 0 0 0 0 0 0 0 
0 0 0 0 0 0 0 0 0 2 0 0 0 0 0 0 0 0 0 0 0 -1 0 0 0 0 0 0 0 0 0 0 0 0 0 0 0 0 0 0 
0 0 0 0 0 1 0 0 0 0 0 0 0 0 0 0 0 0 0 8 0 0 0 0 0 0 0 0 2 0 0 0 0 0 0 0 0 0 0 0 
-2 0 0 0 0 0 0 0 0 0 0 0 0 0 0 0 0 0 0 0 0 0 0 0 1 0 0 0 0 0 0 0 0 0 0 0 0 0 4 0 
0 0 0 0 0 0 0 1 0 0 0 0 0 0 0 0 0 0 0 0 0 0 0 0 0 0 0 0 0 0 0 0 0 0 0 0 0 0 0 0 
0 0 0 0 1 0 0 0 0 0 0 0 0 0 0 0 0 0 0 0 0 0 0 0 0 0 0 0 0 0 0 0 0 0 0 0 0 0 3 0 
0 0 0 0 0 0 0 2 0 0 0 0 0 0 0 0 0 0 0 0 0 0 0 1 0 0 0 0 0 0 0 0 0 0 0 0 6 0 0 0 
0 0 0 0 0 0 0 0 0 0 0 0 0 0 0 0 0 -1 0 0 0 0 0 0 0 0 1 0 0 0 0 0 0 0 0 0 0 0 0 0 
0 0 1 0 0 0 0 0 0 0 0 0 0 0 0 3 0 0 0 0 0 0 0 0 0 0 0 0 0 0 0 0 0 0 0 0 1 0 0 0 
0 0 0 0 0 0 0 0 0 0 0 0 0 0 0 0 0 1 0 0 0 1 0 0 0 0 0 0 0 0 0 0 0 0 0 0 0 0 0 0 
0 0 0 0 0 0 0 0 0 0 0 0 0 0 0 2 0 0 0 0 0 0 0 0 0 0 0 0 0 0 0 0 0 0 0 0 2 0 0 0 
1 0 0 0 0 0 0 0 0 0 0 0 0 0 0 0 0 0 0 0 0 0 0 0 0 0 0 0 0 0 0 0 0 0 1 0 0 0 0 0 
0 0 0 0 0 0 0 0 0 0 0 0 0 0 0 0 0 2 0 1 0 0 0 0 0 0 0 0 0 0 0 0 4 0 1 0 0 0 0 0 
0 0 0 0 0 0 0 0 0 0 0 0 0 2 0 0 0 0 0 0 0 0 0 0 0 0 0 0 0 0 0 0 0 0 0 0 2 0 1 0 
0 0 0 0 0 0 0 0 0 0 0 2 0 0 0 0 0 0 0 0 0 0 0 0 0 0 0 0 0 0 0 0 1 0 0 0 0 0 0 0 
0 0 0 0 0 0 0 0 0 0 0 0 0 0 0 3 0 1 0 0 0 0 0 0 0 0 0 0 0 0 3 0 0 0 0 0 0 0 0 0 
0 0 0 0 0 0 0 0 0 0 0 0 0 0 0 0 0 0 0 0 0 0 0 0 0 0 0 0 0 0 0 0 0 0 4 0 1 0 0 0 
0 0 0 0 0 0 0 0 0 4 0 0 0 0 0 0 0 0 0 0 0 0 0 0 0 0 0 0 0 0 -1 0 0 0 0 0 0 0 0 0 
0 0 0 0 0 0 0 0 0 0 0 0 0 1 0 1 0 0 0 0 0 0 0 0 0 0 0 0 1 0 0 0 0 0 0 0 0 0 0 0 
0 0 0 0 0 0 0 0 0 2 0 0 0 0 0 0 0 0 0 0 0 0 0 0 0 0 0 0 0 0 0 0 0 0 1 0 0 0 0 0 
0 0 0 0 0 0 0 8 0 0 0 0 0 0 0 0 2 0 0 0 0 0 0 0 0 0 0 0 -1 0 0 0 0 0 0 0 0 0 0 0 
0 0 0 0 0 0 0 0 0 0 0 0 0 1 0 0 0 0 0 0 0 0 0 0 0 0 4 0 0 0 0 0 0 0 0 1 0 0 0 0 
0 0 0 0 0 0 0 1 0 0 0 0 0 0 0 0 0 0 0 0 0 0 0 0 0 0 0 0 0 0 3 0 1 0 0 0 0 0 0 0 
0 0 0 0 0 4 0 0 0 0 0 0 0 0 0 0 1 0 0 0 0 0 0 0 0 0 2 0 0 0 0 0 0 0 0 0 0 0 0 0 
0 0 0 0 0 0 0 0 0 0 0 0 1 0 0 0 0 0 0 0 0 0 0 0 0 0 0 0 0 0 0 0 0 0 0 0 0 0 0 0 
0 0 0 0 0 -1 0 0 0 0 0 0 0 0 0 0 0 0 0 0 0 0 0 0 0 0 0 0 0 0 0 2 0 0 0 0 0 0 0 0 
0 0 0 0 0 0 0 0 0 0 0 0 0 0 0 0 0 0 0 0 0 0 0 0 0 0 0 0 0 0 0 0 0 0 0 0 0 0 0 0 
0 0 0 0 0 0 0 0 0 0 3 0 0 0 0 0 0 0 0 0 0 0 0 0 0 0 0 0 0 0 0 0 0 0 0 0 0 0 0 0 
0 0 0 -1 0 0 0 0 0 0 0 0 0 0 0 0 0 0 0 0 0 0 0 0 0 0 0 0 0 1 0 0 0 0 0 0 0 0 0 0 
0 3 0 0 0 0 0 0 0 0 0 0 0 0 0 0 0 0 0 0 0 0 -1 0 0 0 0 0 0 0 0 0 0 0 0 0 0 0 0 0 
0 0 0 0 0 0 0 0 0 1 0 0 0 0 0 0 0 0 0 0 0 0 0 0 0 0 0 0 0 0 0 0 0 0 0 0 0 0 0 0 
0 1 0 0 0 0 0 0 0 0 1 0 0 0 0 0 0 0 0 0 0 0 0 0 0 0 0 0 1 0 0 0 0 0 0 0 0 0 0 3 
0 0 0 0 0 0 0 0 0 0 0 0 0 0 0 0 0 0 0 0 -1 0 0 0 0 0 0 0 0 6 0 0 0 0 0 0 0 0 0 0 
0 0 1 0 0 0 0 1 0 0 0 0 6 0 0 0 0 0 0 0 0 0 0 0 0 0 0 0 0 0 0 0 0 0 0 0 0 0 0 -2 
0 0 0 0 0 0 0 0 6 0 0 0 0 0 0 0 0 0 0 0 0 1 0 0 0 0 1 0 0 0 0 6 0 0 0 0 0 0 0 0 
0 0 0 0 0 0 0 0 0 0 0 0 0 0 0 0 0 0 -3 0 0 0 0 0 0 0 0 1 0 0 0 0 0 0 0 0 0 0 0 0 
0 1 0 0 0 1 0 0 0 0 0 0 0 0 0 0 3 0 0 0 0 0 0 0 0 0 0 0 0 0 0 0 0 0 0 0 0 0 0 0 
0 0 0 0 0 0 0 0 0 0 0 0 0 0 0 0 0 0 0 0 2 0 0 0 1 0 0 0 0 0 0 0 0 0 0 4 0 1 0 0 
0 0 0 0 0 0 0 0 0 0 0 0 0 0 0 0 0 0 0 0 0 0 0 0 0 0 0 0 0 0 0 0 0 0 0 0 0 0 0 1 
0 0 0 1 0 0 0 0 0 0 0 0 0 0 4 0 1 0 0 0 0 0 0 0 0 0 0 0 0 0 0 0 0 0 0 -1 0 0 0 0 
0 0 0 0 0 0 0 0 0 0 0 0 0 0 0 0 0 0 1 0 0 0 1 0 0 0 0 0 0 0 0 0 0 1 0 0 0 0 0 0 
0 0 0 0 0 0 0 0 0 0 0 0 0 0 0 0 0 0 0 0 0 0 0 0 0 0 0 0 0 0 0 0 0 0 0 0 0 0 0 0 
0 1 0 0 0 0 0 0 0 0 0 0 4 0 1 0 0 0 0 0 0 0 0 0 0 0 0 0 0 0 0 0 0 -2 0 0 0 0 0 0 
0 0 0 0 0 0 0 0 0 0 0 0 0 0 0 0 0 0 0 0 1 0 0 0 0 0 0 0 0 0 0 4 0 0 0 0 0 0 0 0 
1 0 0 0 0 0 0 0 0 0 0 0 -1 0 0 0 0 0 0 0 0 0 0 0 0 0 0 0 0 0 0 0 0 0 0 0 0 0 0 0 
1 0 0 0 0 0 0 0 0 0 0 0 0 0 0 0 0 0 0 0 0 0 0 0 0 0 0 0 0 0 0 1 0 0 0 0 0 0 0 0 
0 0 0 0 0 0 0 0 0 0 0 0 1 0 0 0 0 0 0 1 0 0 0 0 0 0 0 0 0 0 0 0 0 0 0 0 0 0 0 0 
0 0 0 0 0 0 0 0 0 0 0 0 0 0 0 0 0 0 0 0 0 0 0 0 0 0 0 0 0 0 0 0 0 2 0 0 0 0 1 0 
0 0 0 0 0 0 0 0 4 0 1 0 0 0 0 0 0 0 0 0 0 0 0 0 0 0 0 0 0 0 0 0 0 0 0 0 0 0 0 0 
0 0 0 0 0 0 0 0 0 0 0 0 1 0 0 0 0 1 0 0 0 0 0 0 0 0 0 4 0 1 0 0 0 0 0 0 0 0 0 0 
0 0 0 0 0 0 0 0 -1 0 0 0 0 0 0 0 0 0 0 0 0 0 0 0 0 0 0 0 0 0 0 1 0 0 0 0 1 0 0 0 
0 0 0 0 0 0 1 0 0 0 0 0 0 0 0 0 0 0 0 0 0 0 0 0 0 0 0 0 0 0 0 0 0 0 0 0 0 0 0 0 
0 0 0 0 0 0 0 0 0 0 0 0 0 0 0 1 0 0 0 0 0 0 0 0 0 4 0 1 0 0 0 0 0 0 0 0 0 0 0 0 
0 0 0 0 0 0 -2 0 0 0 0 0 0 0 0 0 0 0 0 0 0 0 0 0 0 0 0 0 0 0 0 0 0 0 1 0 0 0 0 0 
0 0 0 0 4 0 0 0 0 0 0 0 0 1 0 0 0 0 0 0 0 0 0 0 0 -1 0 0 0 0 0 0 0 0 0 0 0 0 0 0 
0 0 0 0 0 0 0 0 0 0 0 0 0 0 1 0 0 0 0 0 0 0 0 0 0 0 0 0 0 0 0 0 0 0 0 0 0 0 0 0 
0 0 0 0 2 0 0 0 0 0 1 0 0 0 0 0 0 0 0 0 0 0 0 0 0 0 0 4 0 0 0 0 0 1 0 0 0 0 0 0 
0 0 4 0 0 0 0 0 0 0 0 0 0 0 0 0 0 0 0 0 0 0 0 1 0 0 0 0 0 0 0 0 1 0 0 0 0 0 0 0 
0 0 0 0 0 0 0 0 0 0 0 0 1 0 0 0 0 0 0 0 0 3 0 0 0 0 0 0 0 0 0 0 0 0 0 0 0 0 0 0 
0 0 0 0 0 0 0 0 0 0 0 0 0 0 0 1 0 0 0 0 0 0 0 0 0 0 0 0 0 0 0 1 0 0 0 0 0 0 0 0 
0 0 0 0 0 0 0 0 0 0 0 0 0 0 0 0 0 0 0 0 0 -1 0 0 0 0 0 0 0 0 0 0 0 0 0 0 0 0 0 0 
0 0 1 0 0 0 0 0 0 0 1 0 0 0 0 0 0 0 0 0 0 0 0 0 0 0 0 0 0 0 0 0 0 0 0 0 0 0 0 0 
1 0 0 0 0 0 0 0 0 1 0 0 0 0 0 0 0 0 0 0 0 0 0 1 0 0 0 0 0 1 0 0 0 0 0 0 0 0 3 0 
0 0 0 0 0 0 0 0 0 0 0 0 0 0 0 0 0 0 0 1 0 0 0 0 0 0 0 0 0 0 0 0 1 0 0 0 0 0 0 0 
0 0 2 0 0 0 0 0 1 0 0 0 0 0 0 0 0 0 0 0 0 0 0 0 0 0 0 0 0 0 0 0 0 0 0 0 0 0 1 0 
0 0 0 0 0 0 0 0 0 0 0 1 0 0 0 0 0 0 0 0 0 1 0 0 0 0 0 1 0 0 0 0 0 0 0 0 0 0 0 0 
0 0 0 0 0 0 0 0 0 0 0 0 0 0 0 0 0 0 0 0 0 0 0 0 0 0 0 0 0 0 0 0 0 0 0 0 0 0 0 0 
2 0 0 0 0 0 1 0 0 0 0 0 0 0 0 4 0 1 0 0 0 0 0 0 0 0 0 0 0 0 0 0 0 0 0 0 1 0 0 0 
0 0 0 0 0 0 0 0 0 0 0 0 0 0 0 0 0 0 0 1 0 0 0 0 0 1 0 0 0 0 0 0 0 0 4 0 1 0 0 0 
0 0 0 0 0 0 0 0 0 0 0 0 0 0 0 0 0 0 0 0 0 0 0 0 0 0 0 0 0 0 0 0 0 0 0 0 0 0 1 0 
0 0 0 0 1 0 0 0 0 0 0 0 0 1 0 0 0 0 0 0 0 0 0 0 0 0 0 0 0 0 0 0 0 0 1 0 0 0 0 0 
0 0 0 0 0 0 0 0 0 0 0 0 0 0 0 0 0 0 0 0 0 0 0 1 0 0 0 0 0 0 0 0 0 1 0 0 0 0 0 0 
0 0 0 0 0 0 0 0 0 0 0 0 0 0 0 0 0 0 0 0 0 0 0 0 0 0 0 0 0 0 0 0 0 0 0 0 0 0 0 0 
0 0 1 0 0 0 0 0 0 0 0 0 2 0 0 0 0 0 0 0 0 0 0 0 0 0 0 0 0 0 0 0 -2 0 0 0 0 0 0 0 
0 0 0 0 0 0 0 0 0 0 0 0 0 0 0 0 0 0 0 0 0 1 0 0 0 0 0 0 0 0 4 0 1 0 0 0 0 0 0 0 
0 0 0 0 0 0 0 0 0 0 0 -1 0 0 0 0 0 0 0 0 0 0 0 0 0 0 0 0 0 0 0 0 0 0 0 0 0 0 0 0 
1 0 0 0 0 0 0 0 0 4 0 0 0 0 0 0 0 0 1 0 0 0 0 0 0 0 0 0 0 0 0 0 0 0 0 0 0 0 0 0 
0 0 0 0 0 0 0 0 0 0 0 0 0 0 0 0 0 0 0 1 0 0 0 0 0 0 0 0 4 0 0 0 0 0 0 0 0 0 1 0 
0 0 0 0 0 0 0 0 0 0 0 0 0 0 0 0 0 0 0 0 0 0 0 0 0 0 0 0 0 0 0 0 3 0 0 0 0 0 1 0 
0 0 0 0 0 0 0 4 0 0 0 0 0 0 0 0 0 0 1 0 0 0 0 0 0 0 0 0 1 0 0 0 0 0 0 0 0 0 0 0 
0 0 0 0 0 0 0 0 0 0 0 2 0 0 0 0 0 1 0 0 0 0 0 0 0 0 4 0 0 0 0 0 0 0 0 0 0 1 0 0 
0 0 0 0 0 0 0 0 0 0 0 0 0 0 0 0 3 0 0 0 0 0 0 0 0 0 0 0 0 0 0 0 0 0 0 0 2 0 0 0 
0 0 0 0 0 11 0 0 0 0 0 0 0 0 0 0 0 0 0 0 0 0 0 1 0 0 0 0 0 0 0 0 0 0 0 3 0 0 0 0 
0 0 0 0 0 0 0 0 0 0 0 0 0 0 0 1 0 0 0 0 0 0 0 0 11 0 0 0 0 0 0 0 0 0 0 0 0 0 0 0 
0 0 1 0 0 -2 0 0 0 0 0 0 0 0 0 0 0 0 0 0 0 0 0 0 0 0 0 0 0 0 0 0 0 0 0 1 0 0 0 0 
0 0 0 0 0 0 0 0 0 0 0 0 0 0 0 0 0 0 0 0 0 0 0 0 2 0 0 0 0 0 0 0 0 0 0 0 0 0 0 0 
0 0 0 0 0 0 0 0 0 0 0 0 0 0 1 0 0 0 0 0 0 0 0 0 0 0 0 0 0 0 0 0 0 0 0 0 0 0 0 0 
0 0 0 3 0 0 0 0 0 0 0 0 1 0 0 0 0 0 0 0 0 0 0 0 0 0 0 0 0 0 0 0 0 1 0 0 0 0 0 0 
0 3 0 0 0 0 0 0 0 0 0 0 0 0 0 0 0 0 0 0 0 0 0 0 0 0 0 0 0 0 0 0 0 0 0 0 1 0 0 0 
0 0 0 0 0 0 0 0 0 0 0 0 1 0 0 0 0 0 0 0 0 0 0 0 0 0 0 0 0 0 0 0 0 0 0 0 0 0 0 0 
0 1 0 0 0 0 0 0 0 0 0 0 0 0 0 1 0 0 0 0 0 0 0 0 0 0 0 0 0 0 0 1 0 0 0 0 0 0 0 0 
0 0 0 0 0 0 0 0 0 0 0 0 0 0 0 0 0 0 0 0 2 0 0 0 0 0 0 0 0 0 0 0 0 0 0 0 0 0 0 0 
0 1 0 0 0 0 0 0 0 0 1 0 0 0 0 0 0 0 0 0 0 0 0 0 0 0 0 0 0 0 0 0 0 0 0 0 0 0 0 1 
0 0 0 0 0 0 0 0 0 0 0 0 0 0 0 0 0 0 0 0 1 0 0 0 0 0 0 0 0 1 0 0 0 0 0 0 0 0 0 0 
0 0 0 0 0 0 0 0 0 0 0 0 0 0 0 0 0 0 2 0 0 0 0 0 0 0 0 0 0 0 0 0 0 0 0 0 0 0 0 2 
0 0 0 0 0 0 0 0 1 0 0 0 0 0 0 0 0 0 0 0 0 0 0 0 0 0 0 0 0 0 0 0 0 0 0 0 0 1 0 0 
0 0 0 0 0 0 0 0 0 0 0 0 0 0 0 0 0 0 3 0 0 0 0 0 0 0 0 1 0 0 0 0 0 0 0 0 0 0 0 0 
0 0 0 0 0 0 0 0 0 0 0 0 0 0 0 0 0 0 0 0 0 0 0 0 0 1 0 0 0 0 0 0 0 0 0 0 0 0 0 1 
0 0 0 0 0 0 1 0 0 0 0 0 0 0 3 0 0 0 0 0 0 0 0 0 0 0 0 0 0 0 0 0 0 0 0 1 0 0 0 0 
0 0 0 0 0 0 0 0 0 0 0 0 0 0 0 0 0 0 2 0 0 0 0 0 0 1 0 0 0 0 0 0 0 2 0 0 0 0 0 0 
0 0 0 0 0 0 0 0 0 0 0 0 0 0 0 0 0 0 0 0 0 0 0 0 0 0 0 0 0 0 0 0 0 0 0 0 0 2 0 0 
0 0 0 0 1 0 0 0 0 0 0 0 2 0 0 0 0 0 0 0 0 0 0 0 0 0 0 0 0 0 0 0 0 1 0 0 0 0 0 0 
0 0 0 0 0 0 0 0 0 0 0 0 0 0 0 0 3 0 0 0 0 0 0 1 0 0 0 0 0 0 0 3 0 0 0 0 0 0 0 0 
0 0 0 0 0 0 0 0 0 0 0 0 -1 0 0 0 0 0 0 0 0 0 0 0 0 0 0 0 0 0 0 0 0 0 0 4 0 0 0 0 
0 0 1 0 0 0 0 0 0 0 4 0 0 0 0 0 0 0 0 0 0 0 0 0 0 0 0 0 0 0 0 -2 0 0 0 0 0 0 0 0 
0 0 0 0 0 0 0 0 0 0 0 0 0 0 1 0 0 0 0 0 0 1 0 0 0 0 0 0 0 1 0 0 0 0 0 0 0 0 0 0 
0 0 0 0 0 0 0 0 0 0 1 0 0 0 0 0 0 0 0 0 0 0 0 0 0 0 0 0 0 0 0 0 0 1 0 0 0 0 0 0 
1 0 0 0 0 0 0 0 1 0 0 0 0 0 0 0 0 0 0 0 0 0 0 0 0 0 0 0 0 2 0 0 0 0 0 0 0 0 0 0 
0 0 0 0 0 0 0 0 0 0 1 0 1 0 0 0 0 0 0 1 0 0 0 0 0 0 0 1 0 0 0 0 0 0 0 0 0 0 0 0 
0 0 0 0 0 0 0 0 1 0 0 0 0 0 0 0 0 0 0 0 0 0 0 0 0 0 0 0 0 0 0 0 0 0 0 0 0 0 1 0 
0 0 0 0 0 0 4 0 0 0 0 0 0 0 0 1 0 0 0 0 0 0 0 0 0 0 0 0 0 0 0 0 0 0 0 0 0 0 0 0 
0 0 0 0 0 0 0 0 0 0 0 0 0 0 0 0 0 1 0 0 0 0 0 0 0 4 0 0 0 0 0 0 0 0 0 1 0 0 0 0 
0 0 0 0 0 0 0 0 0 0 0 0 0 0 0 0 0 0 0 0 0 0 0 0 0 0 0 0 0 0 0 0 0 0 0 0 0 1 0 0 
0 0 0 0 4 0 0 0 0 0 0 0 0 0 0 0 0 0 0 0 0 0 0 0 0 -2 0 0 0 0 0 0 0 0 0 0 0 0 0 0 
0 0 0 0 0 0 0 0 0 0 0 0 0 0 0 0 0 2 0 0 0 0 0 0 0 0 0 0 0 0 0 0 0 0 0 0 0 0 0 0 
0 0 0 0 0 0 0 0 0 0 0 0 0 0 0 0 0 0 0 0 0 0 0 0 0 0 0 3 0 0 0 0 0 0 0 0 1 0 0 0 
0 0 0 0 0 0 0 0 0 0 0 0 0 0 0 0 0 0 0 0 0 0 0 0 0 0 0 0 0 0 0 0 0 0 0 0 0 0 0 0 
0 0 0 0 0 0 4 0 0 0 0 0 0 0 0 1 0 0 0 0 0 0 0 0 0 0 0 0 0 0 0 0 0 0 0 0 0 0 0 0 
0 0 1 0 0 0 0 0 0 0 0 0 0 0 0 0 0 0 0 0 0 0 0 0 0 0 0 0 0 0 0 0 0 0 1 0 0 0 0 0 
2 0 0 0 0 0 0 0 0 0 0 0 0 0 0 0 0 0 0 0 0 -1 0 0 0 0 0 0 0 0 0 0 0 0 0 0 0 0 0 0 
0 0 0 0 0 0 0 0 0 0 0 0 0 1 0 0 0 0 0 3 0 0 0 0 0 0 0 0 0 0 0 0 0 0 0 0 0 0 0 0 
-1 0 0 0 0 0 0 0 0 0 0 0 0 0 0 0 0 0 0 0 0 0 0 0 0 0 0 0 0 0 0 0 0 0 1 0 0 0 0 0 
0 0 0 0 0 0 0 0 0 0 0 0 0 0 0 0 0 0 0 1 0 0 0 0 0 1 0 0 0 0 0 0 0 0 0 0 0 0 0 0 
0 0 4 0 0 0 0 0 0 0 0 0 0 1 0 0 0 4 0 0 0 0 0 0 0 0 0 0 0 0 0 0 0 0 0 0 0 0 0 0 
0 0 0 0 0 0 0 1 0 0 0 0 0 0 0 0 0 0 0 0 0 0 0 0 0 0 0 0 0 0 0 0 1 0 0 0 3 0 0 0 
0 0 0 0 0 0 0 0 0 0 0 0 0 0 0 0 0 -1 0 0 0 0 0 0 0 0 0 0 0 0 0 0 0 0 0 0 0 0 1 0 
0 0 0 0 0 0 0 0 0 0 0 1 0 0 0 0 0 0 0 0 0 0 0 0 0 0 0 0 0 0 0 0 0 0 0 0 0 0 0 0 
0 0 0 0 0 1 0 0 0 0 0 0 0 0 0 0 0 0 0 1 0 0 0 0 0 0 0 0 0 0 1 0 0 0 3 0 0 0 0 0 
0 0 0 0 0 0 0 0 0 0 0 0 0 0 0 0 0 0 0 0 0 0 0 0 0 0 0 0 0 0 0 0 0 0 0 0 0 0 2 0 
0 0 0 0 0 0 0 0 0 1 0 0 0 4 0 1 0 0 0 0 0 0 0 0 0 0 0 0 0 0 0 0 0 0 0 0 0 0 0 0 
0 0 0 0 0 0 0 0 0 0 0 0 0 0 0 0 0 1 0 0 0 0 0 0 0 0 0 0 1 0 0 0 4 0 1 0 0 0 0 0 
0 0 0 0 0 0 0 0 0 0 0 0 0 -1 0 0 0 0 0 0 0 0 0 0 0 0 0 0 0 0 0 0 0 0 0 0 1 0 0 0 
0 0 0 0 0 0 0 1 0 0 0 1 0 0 0 0 0 0 0 0 0 0 0 0 0 0 0 0 0 0 0 0 0 0 0 0 0 0 0 0 
0 0 0 0 0 0 0 0 0 0 0 0 0 0 0 0 0 0 0 0 0 0 0 0 0 0 1 0 0 0 4 0 1 0 0 0 0 0 0 0 
0 0 0 0 0 0 0 0 0 0 0 -2 0 0 0 0 0 0 0 0 0 0 0 0 0 0 0 0 0 0 0 0 0 0 0 0 0 0 0 0 
0 0 0 0 0 1 0 0 0 4 0 0 0 0 0 0 0 0 1 0 0 0 0 0 0 0 0 0 0 0 -1 0 0 0 0 0 0 0 0 0 
0 0 0 0 0 0 0 0 0 0 0 0 0 0 0 0 0 0 0 0 0 0 0 0 0 6 0 0 19 0 0 0 0 0 0 0 0 0 0 0 
0 0 0 0 0 0 0 0 0 -8 0 0 0 0 0 0 0 0 0 0 0 0 0 0 0 0 0 0 0 0 0 0 4 0 0 0 0 0 0 0 
0 0 0 0 1 0 0 4 0 0 0 0 0 0 0 0 0 0 0 0 0 0 0 0 0 0 0 0 1 0 0 0 0 0 0 0 0 0 0 0 
0 0 0 0 0 0 0 0 0 0 0 5 0 0 0 0 0 0 0 0 0 0 0 1 0 0 5 0 0 0 0 0 0 0 0 0 0 0 0 0 
0 0 0 0 0 0 0 0 0 0 0 0 0 0 0 0 0 0 0 0 0 0 0 0 0 0 0 0 0 0 6 0 0 0 0 0 0 0 0 0 
0 0 1 0 0 6 0 0 0 0 0 0 0 0 0 0 0 0 0 0 0 0 0 0 0 0 -1 0 0 0 0 0 0 0 0 0 0 0 0 0 
0 0 0 0 0 0 0 0 0 7 0 0 0 0 0 0 0 0 0 0 0 1 0 0 7 0 0 0 0 0 0 0 0 0 0 0 0 0 0 0 
0 0 0 0 0 -2 0 0 0 0 0 0 0 0 0 0 0 0 0 0 0 0 0 0 0 0 0 0 0 0 0 0 0 0 0 0 0 0 0 0 
0 1 0 0 0 0 0 0 0 0 0 0 0 0 0 0 0 0 0 0 0 0 0 0 2 0 0 0 0 0 0 0 0 4 0 0 0 0 0 0 
0 0 0 0 0 0 0 0 0 0 0 0 0 0 0 0 4 0 0 0 1 0 0 0 0 0 0 0 0 0 0 0 0 0 0 0 0 0 0 0 
0 0 0 -2 0 0 0 0 0 0 0 0 5 0 0 0 0 0 0 0 0 0 0 0 0 0 0 0 0 0 0 0 0 0 0 5 0 0 0 1 
0 0 0 0 0 0 0 0 0 0 0 0 0 0 0 0 0 0 0 0 0 0 -3 0 0 0 0 0 0 0 0 2 0 0 0 0 0 0 0 0 
0 0 0 0 0 0 0 0 0 0 0 0 0 0 0 0 0 0 1 0 6 0 0 0 0 0 0 0 0 0 0 0 0 0 0 0 0 0 0 0 
0 -2 0 0 0 0 0 0 0 0 1 0 0 0 0 0 0 0 0 0 0 0 0 0 0 0 0 0 0 0 0 0 0 0 0 0 0 1 0 3 
0 0 0 0 0 0 0 0 0 0 0 0 0 0 0 0 0 0 0 0 0 0 0 0 0 0 0 0 0 0 0 0 0 1 0 0 0 0 0 0 
0 0 0 0 0 0 0 0 0 0 0 0 0 0 0 0 1 0 0 0 0 0 0 0 0 0 0 0 0 0 0 0 0 0 0 0 0 0 0 -1 
0 0 0 0 0 0 0 0 0 0 0 0 2 0 0 0 0 0 0 0 0 0 0 0 0 0 0 0 0 0 0 0 0 0 0 1 0 0 0 0 
0 0 0 0 0 0 0 0 0 0 0 0 0 0 0 0 0 0 -4 0 0 0 0 0 0 0 0 0 0 0 0 0 1 0 0 0 0 0 0 0 
0 0 0 0 0 0 0 0 0 0 0 0 0 0 1 0 0 0 0 0 0 0 0 0 0 0 0 0 0 0 0 0 0 0 0 0 0 1 0 0 
0 0 0 0 0 0 0 0 0 0 0 0 0 0 0 0 0 0 1 0 0 0 0 0 0 0 0 0 0 0 0 0 0 1 0 0 0 0 0 0 
0 0 0 0 0 0 0 0 0 0 0 0 0 0 0 0 1 0 0 0 0 1 0 0 0 0 0 0 0 0 0 0 0 0 0 0 0 0 0 1 
0 0 0 0 0 0 0 0 0 0 0 0 1 0 4 0 0 0 0 0 0 0 0 0 0 0 0 0 0 0 0 0 0 0 0 0 0 0 0 0 
0 0 0 0 1 0 0 0 0 0 0 0 0 0 0 0 0 0 1 0 0 0 0 0 0 0 0 0 0 0 0 1 0 3 0 0 0 0 0 0 
0 0 0 0 0 0 0 0 0 0 0 0 0 0 1 0 0 0 0 0 0 0 0 0 0 0 0 1 0 0 0 0 0 0 0 0 0 2 0 0 
0 0 0 0 0 0 0 0 0 0 1 0 0 0 0 0 0 0 0 0 0 0 0 0 0 0 0 0 0 0 0 0 0 1 0 0 0 0 0 0 
0 0 0 0 0 0 1 0 0 0 0 0 0 0 0 0 1 0 0 0 0 0 0 0 0 0 0 0 0 1 0 0 0 0 0 0 0 0 0 0 
0 0 0 0 0 0 0 0 0 0 0 0 0 0 0 0 0 0 0 0 0 0 0 0 0 0 0 0 0 0 0 0 0 0 0 1 0 0 0 0 
0 0 0 0 0 0 0 0 1 0 7 0 2 0 0 0 0 0 0 0 0 0 0 0 0 0 0 0 0 0 0 -1 0 0 0 0 0 0 0 0 
0 0 0 0 0 0 0 0 0 0 0 0 0 0 1 0 0 0 0 0 0 0 0 0 0 0 0 1 0 4 0 1 0 0 0 0 0 0 0 0 
0 0 0 0 0 0 0 0 0 0 0 0 0 0 0 0 0 0 0 0 0 0 0 0 0 0 0 0 0 0 0 0 0 2 0 0 0 0 0 0 
0 0 0 0 0 0 1 0 0 0 0 0 0 0 0 0 0 2 0 0 0 0 0 0 0 0 0 0 0 0 0 0 0 0 0 0 0 0 0 0 
0 0 0 0 0 0 0 0 0 0 0 0 1 0 0 0 0 0 0 0 0 0 0 0 0 1 0 0 0 0 0 0 0 0 0 0 1 0 0 0 
0 0 0 0 0 0 0 0 1 0 0 0 0 0 0 0 0 0 0 0 0 0 0 0 0 0 0 0 0 0 0 6 0 0 0 0 0 0 0 0 
2 0 0 0 1 0 0 0 0 0 0 0 0 0 0 0 0 0 0 0 0 0 0 0 0 0 0 2 0 0 0 0 0 0 0 0 0 0 0 0 
0 0 0 0 0 0 0 0 0 0 9 0 0 0 0 0 0 0 0 3 0 0 0 1 0 0 0 0 0 0 0 0 0 0 0 0 0 0 0 0 
0 0 0 0 0 0 2 0 0 0 0 0 0 0 0 0 0 0 0 0 0 0 0 0 0 0 0 0 0 12 0 0 0 0 0 0 0 0 4 0 
0 0 1 0 0 0 0 0 0 0 0 0 0 0 0 0 0 0 0 0 0 0 0 0 0 2 0 0 0 0 0 0 0 0 0 0 0 0 0 0 
0 0 0 0 0 0 0 0 15 0 0 0 0 0 0 0 0 5 0 0 0 1 0 0 0 0 0 0 0 0 0 0 0 0 0 0 0 0 0 0 
0 0 0 0 2 0 0 0 0 0 0 0 0 0 0 0 0 0 0 0 0 0 0 0 0 0 0 18 0 0 0 0 0 0 0 0 6 0 0 0 
1 0 0 0 0 0 0 0 0 0 0 0 0 0 0 0 0 0 0 0 0 0 0 2 0 0 0 0 0 0 0 0 0 0 0 0 0 0 0 0 
0 0 0 0 0 0 3 0 0 0 0 0 0 0 0 1 0 0 0 1 0 0 0 0 0 0 0 0 0 0 0 0 0 0 0 0 0 0 0 0 
0 0 2 0 0 0 0 0 0 0 0 0 0 0 0 0 0 0 0 0 0 0 0 0 0 0 0 0 0 0 0 0 0 0 1 0 0 0 1 0 
3 0 0 0 0 0 0 0 0 0 0 0 0 0 0 0 0 0 0 0 0 1 0 0 0 0 0 0 0 0 0 0 0 0 0 0 0 0 0 0 
0 0 0 0 2 0 0 0 0 0 0 0 0 0 0 0 0 1 0 2 0 0 0 0 0 0 0 0 0 0 0 0 0 0 0 0 0 0 0 0 
0 0 0 0 0 0 0 0 0 0 0 0 0 0 0 0 0 0 0 0 0 0 0 3 0 0 0 0 0 0 0 0 0 0 0 0 1 0 3 0 
0 0 0 0 0 0 0 0 0 0 0 0 0 0 0 0 0 0 0 -1 0 0 0 0 0 0 0 0 0 0 0 0 0 0 0 0 0 0 0 0 
0 0 1 0 0 0 0 0 0 0 0 0 0 0 0 2 0 1 0 0 0 0 0 0 0 0 0 0 0 0 0 0 0 0 0 0 0 0 3 0 
0 0 0 0 0 0 0 0 0 0 0 0 0 0 0 0 0 0 0 0 0 4 0 0 0 0 0 0 0 0 0 0 0 0 4 0 4 0 0 0 
0 0 0 0 0 0 0 0 0 0 0 0 0 0 0 0 0 4 0 0 0 0 0 0 0 0 0 0 0 0 0 0 0 0 0 0 0 0 0 0 
1 0 0 0 0 0 0 0 0 0 0 0 0 1 0 1 0 0 0 0 0 0 0 0 0 0 0 0 0 0 0 0 0 0 0 0 1 0 0 0 
0 0 0 0 0 0 0 0 0 0 0 0 0 0 0 0 0 0 0 0 0 0 0 0 0 0 0 0 0 0 0 0 1 0 0 1 0 0 0 0 
0 0 0 0 0 0 0 0 0 0 0 0 0 0 0 0 0 0 0 0 0 0 0 0 0 0 0 0 0 0 0 0 0 0 0 0 0 0 0 0 
0 0 0 0 0 0 0 0 0 0 0 1 0 0 2 0 0 0 0 0 0 0 0 0 0 0 0 0 0 0 0 0 0 0 -2 0 0 0 0 0 
0 0 0 0 0 0 0 0 0 0 0 0 0 0 0 0 0 0 0 0 0 0 0 0 0 0 0 0 0 0 1 0 7 0 2 0 0 0 0 0 
0 0 0 0 0 0 0 0 0 0 0 0 0 -2 0 0 0 0 0 0 0 0 2 0 0 0 0 0 0 0 0 0 0 0 0 0 0 0 0 0 
0 0 0 0 0 2 0 0 0 1 0 0 0 0 0 0 0 0 0 0 2 0 0 0 0 0 0 0 0 0 0 0 0 0 0 0 0 0 0 0 
0 3 0 0 0 0 0 0 0 0 0 0 0 0 0 0 0 0 0 0 0 0 0 0 3 0 0 0 1 0 0 0 0 0 0 0 0 0 0 3 
0 0 0 0 0 0 0 0 0 0 0 -1 0 0 0 0 0 0 0 0 1 0 0 0 0 0 0 0 0 0 0 0 0 0 0 0 0 0 0 0 
0 0 0 1 0 0 0 1 0 0 0 0 0 0 0 0 0 0 1 0 0 0 0 0 0 0 0 0 0 0 1 0 0 0 0 0 0 0 0 0 
0 0 0 0 0 0 0 0 0 0 0 0 0 0 0 0 0 0 0 0 0 0 0 0 0 0 1 0 4 0 0 0 0 0 0 0 0 1 0 0 
0 0 0 0 0 0 0 0 0 0 0 0 0 0 0 0 0 0 2 0 0 0 0 0 0 0 0 0 0 0 0 0 0 0 0 0 0 0 0 0 
0 2 0 0 0 1 0 0 0 0 0 0 0 0 0 0 0 2 0 0 0 0 0 0 0 0 0 0 0 0 0 0 0 0 0 0 0 1 0 0 
0 0 0 0 0 0 0 0 0 0 0 0 0 0 0 0 0 0 0 0 1 0 0 0 1 0 0 0 0 0 0 0 0 0 0 0 1 0 0 0 
0 0 0 0 0 0 0 1 0 0 0 0 0 0 0 0 0 0 0 0 0 0 0 0 0 0 0 0 0 0 0 0 0 0 0 0 0 0 0 0 
0 0 0 1 0 4 0 0 0 0 0 0 0 0 0 1 0 0 0 0 0 0 0 0 0 0 0 0 0 0 0 0 0 0 0 0 0 0 0 0 
0 0 0 0 0 0 0 0 0 3 0 0 0 0 0 0 0 0 0 0 0 0 1 0 4 0 0 0 0 0 0 0 0 0 0 1 0 0 0 0 
0 0 0 0 0 1 0 0 0 0 0 0 0 0 0 0 0 0 0 0 0 0 0 0 0 0 0 0 0 0 0 0 0 0 0 0 0 0 0 0 
0 0 1 0 0 0 0 0 0 0 0 0 0 0 0 0 0 0 0 0 0 0 0 0 3 0 0 0 0 0 0 0 0 0 0 0 0 0 0 0 
0 0 0 0 0 0 0 0 0 0 0 0 0 0 0 0 0 0 0 0 0 1 0 0 0 0 0 0 0 0 0 0 0 0 0 0 0 0 0 0 
0 0 0 4 0 0 0 0 0 0 0 0 2 0 0 0 0 0 0 0 0 0 0 0 0 0 0 0 0 0 0 0 0 0 0 0 0 0 0 0 
1 6 0 0 0 0 0 0 0 0 0 0 0 0 0 0 0 0 0 0 0 0 -1 0 0 0 0 0 0 0 0 3 0 0 0 0 0 0 0 0 
0 0 0 0 0 0 0 0 0 0 0 0 0 0 0 0 0 0 0 1 9 0 0 0 0 0 0 0 0 0 0 0 0 0 0 0 0 0 0 0 
0 -3 0 0 0 0 0 0 0 0 4 0 0 0 0 0 0 0 0 0 0 0 0 0 0 0 0 0 0 0 0 0 0 0 0 0 0 0 1 12 
0 0 0 0 0 0 0 0 0 0 0 0 0 0 0 0 0 0 0 0 -4 0 0 0 0 0 0 0 0 5 0 0 0 0 0 0 0 0 0 0 
0 0 0 0 0 0 0 0 0 0 0 0 0 0 0 0 0 1 15 0 0 0 0 0 0 0 0 0 0 0 0 0 0 0 0 0 0 0 0 -6 
0 0 0 0 0 0 0 0 1 0 0 0 0 0 0 0 0 0 0 0 0 0 0 0 0 0 0 0 0 0 0 0 0 0 0 0 1 3 0 0 
0 0 0 0 0 0 0 0 0 0 0 0 0 0 0 0 0 0 1 0 0 0 0 0 0 0 0 0 0 0 0 0 1 0 0 0 0 0 0 0 
0 0 0 0 0 0 0 0 0 0 0 0 0 0 0 1 0 0 0 0 0 0 0 0 0 0 0 0 0 0 0 0 0 0 0 0 0 2 0 0 
0 0 0 0 0 0 0 0 0 0 0 1 0 0 0 0 0 0 0 0 0 0 0 0 0 0 0 0 0 0 0 0 0 0 1 0 0 0 0 0 
0 0 0 0 0 0 0 0 0 0 0 0 0 0 0 0 3 0 0 0 0 0 0 0 0 0 0 0 0 0 2 0 0 0 0 0 0 0 0 0 
0 0 0 0 0 0 0 0 0 0 0 0 0 1 0 0 0 0 0 0 0 0 0 0 0 0 0 0 0 0 0 0 0 0 0 1 0 0 0 0 
0 0 0 0 0 0 0 0 0 0 0 0 0 0 0 0 1 0 0 0 0 0 0 0 0 0 0 0 0 0 0 0 1 0 0 0 0 0 0 0 
0 0 0 0 0 0 0 0 0 0 0 0 0 0 2 0 0 0 0 0 0 0 0 0 0 0 0 0 0 0 0 0 0 0 0 1 0 0 0 0 
0 0 0 0 0 0 0 0 0 0 0 1 0 0 0 0 0 0 0 0 0 0 0 0 0 0 0 0 0 0 0 0 0 3 0 0 0 0 0 0 
0 0 0 0 0 0 0 0 0 0 0 0 0 0 2 0 0 0 0 0 0 0 0 0 0 0 0 0 0 0 1 0 0 0 0 0 0 0 0 0 
0 0 0 0 0 0 0 0 0 0 0 0 1 0 0 0 0 0 0 0 0 0 0 0 0 0 0 0 0 0 0 0 0 2 0 0 0 0 0 0 
0 0 0 0 0 0 0 0 0 1 0 0 0 0 0 0 0 0 0 0 0 0 0 0 0 0 0 0 0 0 0 2 0 0 0 0 0 0 0 0 
0 0 0 0 0 0 0 0 0 0 0 0 0 0 0 0 0 1 0 0 0 0 0 0 0 0 0 0 1 0 0 0 0 0 0 0 0 0 0 0 
0 0 0 0 0 0 0 0 0 0 3 0 0 0 0 0 0 0 0 0 0 0 0 0 0 0 0 0 0 0 0 0 0 0 0 0 0 0 0 0 
0 0 1 0 0 0 0 1 3 0 0 0 0 0 0 0 0 0 0 0 0 0 0 0 0 0 0 0 0 3 0 0 0 0 0 0 0 0 0 0 
0 0 0 0 0 0 0 0 0 0 0 0 0 0 0 0 0 0 0 0 0 0 0 0 0 0 1 2 0 0 0 0 0 0 0 0 0 0 0 0 
0 0 0 0 0 0 0 0 1 0 0 0 0 0 0 0 0 0 0 0 0 0 0 0 0 0 0 0 0 0 0 0 0 0 0 0 0 0 0 0 
0 0 0 0 0 1 2 0 0 0 0 0 0 0 0 0 0 0 0 0 0 0 0 0 0 0 0 2 0 0 0 0 0 0 0 0 6 0 0 0 
0 0 0 0 0 0 0 0 0 0 0 0 0 0 0 0 0 0 0 0 0 0 0 0 3 24 0 0 0 0 0 0 0 0 0 0 0 0 0 0 
0 0 0 0 0 0 -6 0 0 0 0 0 0 0 0 2 0 0 0 0 0 0 0 0 0 0 0 0 0 0 0 0 0 0 0 0 0 0 0 0 
0 0 0 1 8 0 0 0 0 0 0 0 0 0 0 0 0 0 0 0 0 0 0 0 0 -2 0 0 0 0 0 0 0 0 2 0 0 0 0 0 
0 0 0 0 0 0 0 0 0 0 0 0 0 0 0 0 0 0 0 0 0 0 1 8 0 0 0 0 0 0 0 0 0 0 0 0 0 0 0 0 
0 0 0 0 -3 0 0 0 0 0 0 0 0 3 0 0 0 0 0 0 0 0 0 0 0 0 0 0 0 0 0 0 0 0 0 0 0 0 0 0 
0 1 11 0 0 0 0 0 0 0 0 0 0 0 0 0 0 0 0 0 0 0 0 -4 0 0 0 0 0 0 0 0 3 0 0 0 0 0 0 0 
0 0 0 0 0 0 0 0 0 0 0 0 0 0 0 0 0 0 0 0 1 11 0 0 0 0 0 0 0 0 0 0 0 0 0 0 0 0 0 0 
0 0 -5 0 0 0 0 0 0 0 0 1 0 0 0 0 0 0 0 0 0 0 0 0 0 0 0 0 0 0 0 0 0 0 0 0 0 0 0 1 
5 0 0 0 0 0 0 0 0 0 0 0 0 0 0 0 0 0 0 0 0 0 0 0 0 0 0 0 0 0 1 0 0 0 0 0 0 0 0 0 
0 0 0 0 0 0 0 0 0 0 0 0 0 0 0 0 0 0 1 5 0 0 0 0 0 0 0 0 0 0 0 0 0 0 0 0 0 0 0 0 
-1 0 0 0 0 0 0 0 0 1 0 0 0 0 0 0 0 0 0 0 0 0 0 3 0 0 0 0 0 0 0 0 0 0 0 0 0 2 10 0 
0 0 0 0 0 0 0 0 0 0 0 0 0 0 0 0 0 0 0 -1 0 0 0 0 0 0 0 0 2 0 0 0 0 0 0 0 0 0 0 0 
0 0 1 0 0 0 0 0 0 0 0 0 0 0 0 0 1 9 0 0 0 0 0 0 0 0 0 0 0 0 0 0 0 0 0 0 0 0 -4 0 
0 0 0 0 0 0 0 1 0 0 0 0 0 0 0 0 0 0 0 0 0 2 0 0 0 0 0 0 0 0 0 0 0 0 0 1 7 0 0 0 
0 0 0 0 0 0 0 0 0 0 0 0 0 0 0 0 0 -3 0 0 0 0 0 0 0 0 1 0 0 0 0 0 0 0 0 0 0 0 0 0 
1 0 0 0 0 0 0 0 0 0 0 0 0 0 1 6 0 0 0 0 0 0 0 0 0 0 0 0 0 0 0 0 0 0 0 0 -2 0 0 0 
0 0 0 0 0 0 0 0 0 1 0 0 0 0 0 0 0 0 0 0 0 0 0 0 0 0 0 0 0 0 0 0 0 1 2 0 0 0 0 0 
0 0 0 0 0 0 0 0 0 0 0 0 0 0 0 -2 0 0 0 0 0 0 0 0 0 0 0 0 0 1 0 0 0 0 0 0 0 0 0 0 
0 0 0 0 0 0 0 0 0 0 0 0 1 2 0 0 0 0 0 0 0 0 0 0 0 0 0 0 0 0 0 0 0 0 1 0 0 0 0 0 
0 0 0 0 0 0 0 0 0 0 0 0 0 0 0 1 0 0 0 0 0 0 0 0 0 0 0 0 0 0 0 1 2 0 0 0 0 0 0 0 
0 0 0 0 0 0 0 0 0 0 0 0 0 0 0 0 0 0 0 0 0 0 0 0 0 0 0 0 0 0 0 0 0 0 1 0 0 0 0 0 
0 0 0 0 0 0 0 0 0 0 1 2 0 0 0 0 0 0 0 0 0 0 0 0 0 0 0 0 0 0 0 0 1 0 0 0 0 0 0 0 
0 0 0 0 0 0 0 0 0 0 0 0 0 2 0 0 0 0 0 0 0 0 0 0 0 0 0 0 0 1 2 0 0 0 0 0 0 0 0 0 
0 0 0 0 0 0 0 0 0 0 0 0 0 0 0 0 0 0 0 0 0 0 0 0 0 0 0 0 0 0 0 0 2 0 0 0 0 0 0 0 
0 0 0 0 0 0 0 0 1 2 0 0 0 0 0 0 0 0 0 0 0 0 0 0 0 0 0 0 0 0 -1 0 0 0 0 0 0 0 0 0 
0 0 0 0 0 0 0 0 0 0 0 0 0 2 0 0 0 0 0 0 0 0 0 0 0 0 0 1 2 0 0 0 0 0 0 0 0 0 0 0 
0 0 0 0 0 0 0 0 0 1 0 0 0 0 0 0 0 0 0 0 0 0 0 0 0 0 0 0 0 0 0 0 2 0 0 0 0 0 0 0 
0 0 0 0 0 0 1 2 0 0 0 0 0 0 0 0 0 0 0 0 0 0 0 0 0 0 0 0 2 0 0 0 0 0 0 0 0 0 0 0 
0 0 0 0 0 0 0 0 0 0 0 3 0 0 0 0 0 0 0 0 0 0 0 0 0 1 3 0 0 0 0 0 0 0 0 0 0 0 0 0 
0 0 0 0 0 0 0 0 0 0 0 0 0 0 0 0 0 0 0 0 0 0 0 0 0 0 0 0 0 0 3 0 0 0 0 0 0 0 0 0 
0 0 0 0 1 3 0 0 0 0 0 0 0 0 0 0 0 0 0 0 0 0 0 0 0 0 1 0 0 0 0 0 0 0 0 0 0 0 0 0 
0 0 0 0 0 0 0 0 0 4 0 0 0 0 0 0 0 0 0 0 0 0 0 1 4 0 0 0 0 0 0 0 0 0 0 0 0 0 0 0 
0 0 0 0 0 0 0 0 0 0 0 0 0 0 0 0 0 0 0 0 0 0 0 0 0 0 0 0 1 0 0 0 0 0 0 0 0 0 0 0 
0 0 1 1 0 0 0 0 0 0 0 0 0 0 0 0 0 0 0 0 0 0 0 0 2 0 0 0 0 0 0 0 0 0 0 0 0 0 0 0 
0 0 0 0 0 0 0 1 0 0 0 0 0 0 0 0 0 0 0 0 0 1 1 0 0 0 0 0 0 0 0 0 0 0 0 0 0 0 0 0 
0 0 0 3 0 0 0 0 0 0 0 0 2 0 0 0 0 0 0 0 0 0 0 0 0 0 2 0 0 0 0 0 0 0 0 0 0 0 0 0 
1 8 0 0 0 0 0 0 0 0 0 0 0 0 0 0 0 0 0 0 0 0 -2 0 0 0 0 0 0 0 0 1 0 0 0 0 0 0 0 0 
0 0 0 0 0 4 0 0 0 0 0 0 0 0 0 0 0 0 0 1 7 0 0 0 0 0 0 0 0 0 0 0 0 0 0 0 0 0 0 0 
0 -2 0 0 0 0 0 0 0 0 0 0 0 0 0 0 0 0 0 0 0 0 0 0 2 0 0 0 0 0 0 0 0 0 0 0 0 0 1 10 
0 2 0 0 0 0 0 0 0 0 0 0 0 0 0 0 0 0 0 0 -2 0 0 0 0 0 0 0 0 0 0 0 0 0 0 0 0 0 0 0 
0 0 0 2 0 0 0 0 0 0 0 0 0 0 0 0 0 1 6 0 1 0 0 0 0 0 0 0 0 0 0 0 0 0 0 0 0 0 0 0 
0 0 0 0 0 0 0 0 0 0 0 0 0 0 0 0 0 0 0 0 0 0 2 0 0 0 0 0 0 0 0 0 0 0 0 0 1 6 0 1 
0 0 0 0 0 0 0 0 0 0 0 0 0 0 0 0 0 0 1 0 0 0 0 0 0 0 0 0 0 0 0 0 0 0 0 0 0 0 0 0 
0 1 0 0 0 0 0 0 0 0 0 0 0 0 0 1 6 0 1 0 0 0 0 0 0 0 0 0 0 0 0 0 0 0 0 0 0 0 0 0 
0 0 0 0 0 0 0 0 0 0 0 0 0 0 0 0 0 0 0 0 1 0 0 0 0 0 0 0 0 0 0 0 0 0 1 6 0 1 0 0 
0 0 0 0 0 0 0 0 0 0 0 0 0 0 0 0 -1 0 0 0 0 0 0 0 0 0 0 0 0 0 0 0 0 0 0 0 0 0 0 0 
0 0 1 0 0 0 0 0 0 0 0 0 0 1 5 0 0 0 0 0 0 0 0 0 0 0 0 0 0 0 0 0 0 0 0 0 0 0 0 0 
0 0 0 0 0 0 0 0 0 0 0 0 0 0 0 0 0 0 0 0 0 1 0 0 0 0 0 0 0 0 0 0 1 5 0 0 0 0 0 0 
0 0 0 0 0 0 0 0 0 0 0 0 0 0 1 0 0 0 0 0 0 0 0 0 0 0 0 0 0 0 0 0 0 0 0 0 0 2 0 0 
0 0 0 0 0 0 0 0 0 0 0 2 6 0 0 0 0 0 0 0 0 0 0 0 0 0 0 0 0 0 0 0 0 2 0 0 0 0 0 0 
0 0 0 0 0 0 0 0 0 0 0 0 0 0 0 0 5 0 0 0 0 0 0 0 0 0 0 0 0 0 3 11 0 0 0 0 0 0 0 0 
0 0 0 0 0 0 0 0 0 0 0 0 1 0 0 0 0 0 0 0 0 0 0 0 0 0 0 0 0 0 0 0 0 0 0 1 0 0 0 0 
0 0 0 0 0 0 0 0 0 1 3 0 0 0 0 0 0 0 0 0 0 0 0 0 0 0 0 0 0 0 0 0 0 0 0 0 0 0 0 0 
0 0 0 0 0 0 0 0 0 0 0 0 0 0 2 0 0 0 0 0 0 0 0 0 0 0 0 0 1 4 0 0 0 0 0 0 0 0 0 0 
0 0 0 0 0 0 0 0 0 0 0 0 0 0 0 0 0 0 0 0 0 0 0 0 0 0 0 0 0 0 0 0 0 2 0 0 0 0 0 0 
0 0 0 0 0 0 0 1 4 0 0 0 0 0 0 0 0 0 0 0 0 0 0 0 0 0 0 0 0 -1 0 0 0 0 0 0 0 0 0 0 
0 0 0 0 0 0 0 0 0 0 0 0 3 0 0 0 0 0 0 0 0 0 0 0 0 0 1 5 0 0 0 0 0 0 0 0 0 0 0 0 
0 0 0 0 0 0 0 0 -1 0 0 0 0 0 0 0 0 0 0 0 0 0 0 0 0 0 0 0 0 0 0 4 0 0 0 0 0 0 0 0 
0 0 0 0 0 1 6 0 0 0 0 0 0 0 0 0 0 0 0 0 0 0 0 0 0 0 0 -2 0 0 0 0 0 0 0 0 0 0 0 0 
0 0 0 0 0 0 0 0 0 0 1 0 0 0 0 0 0 0 0 0 0 0 0 0 1 3 0 0 0 0 0 0 0 0 0 0 0 0 0 0 
0 0 0 0 0 0 1 0 0 0 0 0 0 0 0 0 0 0 0 0 0 0 0 0 0 0 0 0 0 0 0 0 0 0 0 0 0 0 0 0 
0 0 0 1 2 2 0 0 0 0 0 0 0 0 0 0 0 0 0 0 0 0 0 0 0 -3 0 0 0 0 0 0 0 0 0 0 0 0 0 0 
0 0 0 0 0 0 0 0 0 0 0 0 0 0 0 0 0 0 0 0 0 0 1 2 1 0 0 0 0 0 0 0 0 0 0 0 0 0 0 0 
0 0 0 0 -1 0 0 0 0 0 0 0 0 1 0 0 0 0 0 0 0 0 0 0 0 0 0 0 0 0 0 0 0 0 0 0 1 0 0 0 
0 1 2 0 0 0 0 0 0 0 0 1 0 0 0 0 0 0 0 0 0 0 0 0 0 0 0 0 0 0 0 0 0 0 0 0 0 0 0 0 
0 0 0 0 0 0 0 0 0 0 0 0 0 0 0 0 0 0 0 0 1 10 0 0 0 0 0 0 0 0 2 0 0 0 0 0 0 0 0 0 
0 0 -2 0 0 0 0 0 0 0 0 0 0 0 0 0 0 0 0 0 0 0 0 0 0 0 0 0 0 0 0 0 0 0 0 0 0 0 0 1 
6 0 0 0 0 0 0 0 0 1 0 0 0 0 0 0 0 0 0 0 0 0 0 0 0 0 0 0 0 0 0 0 0 0 0 0 0 0 0 0 
0 0 0 0 0 0 0 0 0 0 0 0 0 0 0 0 0 0 1 6 0 0 0 0 0 0 0 0 1 0 0 0 0 0 0 0 0 0 0 0 
-1 0 0 0 0 0 0 0 0 0 0 0 0 0 0 0 0 0 0 0 0 0 0 3 0 0 0 0 0 0 0 0 0 0 0 0 0 1 6 0 
0 0 0 0 0 0 0 0 0 1 0 0 0 0 0 0 0 0 0 0 0 0 0 0 0 0 0 0 0 0 0 0 0 0 0 0 0 0 0 0 
0 0 3 0 0 0 0 0 0 0 0 0 0 0 0 0 1 6 0 0 0 0 0 0 0 0 0 0 1 0 0 0 0 0 0 0 0 0 1 0 
0 0 0 0 0 0 0 0 0 0 0 0 0 0 0 0 0 0 0 0 0 0 0 0 0 0 0 0 0 0 0 0 0 0 0 1 0 1 0 0 
0 0 0 0 0 0 0 0 0 0 0 0 0 0 0 0 0 2 0 0 0 0 0 0 0 0 0 0 0 0 0 0 0 0 0 0 0 0 0 0 
0 0 0 0 0 0 0 0 0 0 0 0 0 0 1 0 2 0 0 0 0 0 0 0 0 0 0 0 0 0 0 0 0 0 0 0 0 0 0 0 
0 0 0 0 0 0 0 0 0 0 0 0 0 0 0 0 0 0 0 0 0 0 0 0 0 0 0 0 0 0 0 0 0 1 0 3 0 0 0 0 
0 0 0 0 0 0 0 0 0 0 0 0 0 0 0 -2 0 0 0 0 0 0 0 0 2 0 0 0 0 0 0 0 0 0 0 0 0 0 0 0 
0 0 0 0 0 0 0 2 0 0 0 0 1 0 0 0 0 0 0 0 0 0 2 0 0 0 0 0 0 0 0 0 0 0 2 0 0 0 0 0 
0 0 0 3 0 0 0 0 0 0 0 0 0 0 0 0 0 0 0 0 0 0 0 0 0 0 3 0 0 0 0 1 0 0 0 0 0 0 0 0 
0 3 0 0 0 0 0 0 0 0 0 0 0 1 0 0 0 0 0 0 0 0 1 0 0 0 0 0 0 0 0 0 0 0 0 0 0 0 0 0 
0 0 0 0 0 1 0 0 0 0 1 0 0 0 0 0 0 0 0 0 1 0 0 0 0 0 0 0 0 0 0 0 3 0 0 0 0 0 0 0 
0 0 0 0 0 0 0 0 0 0 0 0 0 0 0 0 0 0 0 0 0 0 0 0 0 0 0 0 0 1 8 0 0 0 0 0 0 0 0 2 
0 0 0 0 0 0 0 0 0 0 0 0 0 0 0 0 0 0 0 0 0 0 0 0 0 0 0 0 0 0 0 0 0 0 0 0 0 0 0 0 
0 0 0 0 0 0 0 0 1 8 0 0 0 0 0 0 0 0 2 0 0 0 0 0 0 0 0 0 0 0 -1 0 0 0 0 0 0 0 0 0 
0 0 0 0 0 0 0 0 0 0 0 0 0 0 0 0 0 0 0 0 0 0 0 0 0 0 0 1 4 0 0 0 0 0 0 0 0 1 0 0 
0 0 0 0 0 0 0 0 0 1 0 0 0 0 0 0 0 0 0 0 0 0 0 0 0 0 0 0 0 0 0 0 0 0 0 0 0 0 0 0 
0 0 0 0 0 0 1 4 0 0 0 0 0 0 0 0 1 0 0 0 0 0 0 0 0 0 0 0 2 0 0 0 0 0 0 0 0 0 0 0 
0 0 0 0 0 0 0 0 0 0 0 3 0 0 0 0 0 0 0 0 0 0 0 0 0 1 4 0 0 0 0 0 0 0 0 0 0 1 0 0 
0 0 0 0 0 0 0 2 0 0 0 0 0 0 0 0 0 0 0 0 0 0 0 0 0 0 0 0 0 0 3 0 0 0 0 0 0 0 0 0 
0 0 0 0 1 4 0 0 0 0 0 0 0 0 0 0 1 0 0 0 0 0 0 0 0 0 3 0 0 0 0 0 0 0 0 0 0 0 0 0 
0 0 0 0 0 0 0 0 0 0 0 0 0 0 0 0 0 0 0 0 0 0 0 0 2 0 0 0 0 0 0 0 0 0 0 0 0 0 0 0 
0 0 0 0 0 0 0 0 0 0 0 0 0 0 0 0 0 0 0 0 0 0 0 0 0 0 0 0 0 0 0 0 0 0 0 0 0 0 0 0 
0 0 0 0 1 0 0 0 0 0 0 0 0 0 0 0 0 0 0 0 0 0 0 0 -2 0 0 0 0 0 0 0 0 0 0 0 0 0 0 0 
0 0 0 0 0 0 0 0 0 0 0 0 0 0 0 0 0 0 0 0 0 0 7 0 2 0 0 0 0 0 0 0 0 0 0 0 0 0 0 0 
0 0 0 -4 0 0 0 0 0 0 0 0 0 0 0 0 0 0 0 0 0 0 0 0 0 0 0 0 0 0 0 0 0 0 0 0 0 0 0 0 
0 4 0 1 0 0 0 0 0 0 0 0 0 0 0 0 0 0 0 0 0 0 -3 0 0 0 0 0 0 0 0 0 0 0 0 0 0 0 0 0 
0 0 0 0 0 0 0 0 0 0 0 0 0 0 0 0 0 0 0 0 0 0 0 1 0 0 0 0 0 0 0 0 0 0 0 0 0 0 0 0 
0 4 0 0 0 0 0 0 0 0 0 0 0 0 0 0 0 0 0 0 0 0 0 0 0 0 0 0 0 0 0 0 0 0 0 0 0 0 0 1 
0 0 1 0 0 0 0 0 0 0 0 0 0 0 0 0 0 0 0 0 3 0 0 0 0 0 0 0 0 0 0 0 0 0 0 0 0 0 0 0 
0 1 0 0 0 0 0 0 0 0 0 0 0 0 0 0 0 0 1 0 0 1 0 0 0 0 0 0 0 0 0 0 0 0 0 0 0 0 0 2 
0 0 0 0 0 0 0 0 0 0 0 0 0 0 0 0 0 0 0 0 2 0 0 0 0 0 0 0 0 0 0 0 0 0 0 0 0 1 0 0 
1 0 0 0 0 0 0 0 0 0 0 0 0 0 0 0 0 0 1 0 0 0 0 0 0 0 0 0 0 0 0 0 0 0 0 0 0 0 0 3 
0 0 0 0 0 0 0 0 0 0 0 0 0 0 0 0 1 0 0 1 0 0 0 0 0 0 0 0 0 0 0 0 0 0 0 0 0 0 0 0 
0 0 0 0 0 0 0 0 0 0 0 0 0 0 0 0 0 0 0 0 2 0 0 0 0 0 0 0 0 0 0 0 0 0 0 2 0 0 1 0 
0 0 0 0 0 0 0 0 0 0 0 0 0 0 0 0 2 0 0 0 0 0 0 0 0 0 0 0 0 0 0 0 0 0 0 0 0 0 0 3 
0 0 0 0 0 0 0 0 0 0 0 0 0 0 3 0 0 1 0 0 0 0 0 0 0 0 0 0 0 0 0 0 0 0 0 1 0 0 0 0 
0 0 0 0 0 0 0 0 0 0 0 0 0 0 0 0 0 0 1 0 0 0 0 0 0 0 0 0 0 0 0 0 0 1 0 0 1 0 0 0 
0 0 0 0 0 0 0 0 0 0 0 0 0 0 3 0 0 0 0 0 0 0 0 0 0 0 0 0 0 0 0 0 0 0 0 0 0 1 0 0 
0 0 0 0 0 0 0 0 0 0 0 0 2 0 0 1 0 0 0 0 0 0 0 0 0 0 0 0 0 0 0 0 0 2 0 0 0 0 0 0 
0 0 0 0 0 0 0 0 0 0 0 0 0 0 0 0 2 0 0 0 0 0 0 0 0 0 0 0 0 0 0 3 0 0 1 0 0 0 0 0 
0 0 0 0 0 0 0 0 0 0 0 0 1 0 0 0 0 0 0 0 0 0 0 0 0 0 0 0 0 0 0 0 0 0 0 3 0 0 0 0 
0 0 0 0 0 0 0 0 0 0 4 0 0 1 0 0 0 0 0 0 0 0 0 0 0 0 0 0 0 0 0 0 0 0 0 0 0 0 0 0 
0 0 0 0 0 0 0 0 0 0 0 0 0 0 4 0 0 0 0 0 0 0 0 0 0 0 0 0 0 5 0 0 1 0 0 0 0 0 0 0 
0 0 0 0 0 0 0 0 0 0 -1 0 0 0 0 0 0 0 0 0 0 0 0 0 0 0 0 0 0 0 0 0 0 0 0 0 0 0 0 0 
0 0 0 0 0 0 0 0 9 0 0 1 0 0 0 0 0 2 0 0 0 0 0 0 0 0 0 0 0 -1 0 0 0 0 0 0 0 0 0 0 
0 0 0 0 0 0 0 0 0 0 0 0 0 0 0 0 0 0 0 0 0 0 0 0 0 0 0 13 0 0 1 0 0 0 0 0 3 0 0 0 
0 0 0 0 0 0 0 0 -3 0 0 0 0 0 0 0 0 0 0 0 0 0 0 0 0 0 0 0 0 0 0 0 0 0 0 0 0 0 0 0 
0 0 0 0 0 0 5 0 0 1 0 0 0 0 0 1 0 0 0 0 0 0 0 0 0 0 0 1 0 0 0 0 0 0 0 0 0 0 0 0 
0 0 0 0 0 0 0 0 0 0 0 0 0 0 0 0 0 0 0 0 0 0 0 0 0 0 0 0 0 1 0 0 0 0 0 0 0 0 0 0 
0 0 0 0 0 0 0 0 0 0 0 0 0 0 0 0 0 0 0 0 0 0 0 0 0 0 0 0 0 0 0 0 0 0 0 0 0 0 0 0 
0 0 0 0 0 0 0 0 1 0 0 0 0 0 0 0 0 0 0 0 0 0 0 0 0 2 0 0 0 0 0 1 0 0 0 0 0 0 0 0 
0 0 0 0 0 0 0 0 4 0 0 0 0 0 0 0 0 0 0 0 0 0 0 4 0 0 0 1 0 0 0 0 0 0 0 0 0 0 0 0 
0 0 0 0 1 0 0 0 0 0 3 0 0 0 0 0 0 0 0 0 0 0 0 0 0 0 0 12 0 0 0 0 0 0 0 0 0 0 0 0 
0 0 12 0 0 0 1 0 0 0 0 0 0 0 0 0 0 0 0 0 0 0 0 -1 0 0 0 0 0 0 0 0 2 0 0 0 0 0 0 0 
0 0 0 0 0 0 0 0 0 0 0 0 0 0 0 0 0 0 0 0 0 6 0 0 0 1 0 0 0 0 0 0 0 0 0 0 0 0 0 0 
0 0 -2 0 0 0 0 0 0 0 0 1 0 0 0 0 0 0 0 0 0 0 0 0 0 0 0 0 0 0 0 0 0 0 0 0 0 0 0 0 
3 0 0 0 1 0 0 0 0 0 0 0 0 0 0 0 0 0 0 0 0 0 0 0 0 0 0 0 0 0 1 0 0 0 0 1 0 0 0 0 
0 0 0 0 0 0 0 0 0 0 0 0 0 0 0 0 0 0 0 3 0 0 0 1 0 0 0 0 0 0 0 0 0 0 0 0 0 0 0 0 
-1 0 0 0 0 0 0 0 0 1 0 0 0 0 0 0 0 0 0 0 0 0 0 1 0 0 0 0 0 0 0 0 0 0 0 0 0 0 4 0 
0 0 1 0 0 0 0 0 0 0 0 0 0 0 0 0 0 0 0 -1 0 0 0 0 0 0 0 0 0 0 0 0 0 1 0 0 0 0 0 0 
0 0 0 0 0 0 0 0 0 0 0 0 0 0 0 0 0 0 0 0 0 1 0 0 0 0 0 0 0 0 0 0 0 0 0 0 0 0 1 0 
0 0 0 0 0 0 0 0 0 0 0 0 2 0 0 0 0 0 0 0 0 0 0 0 0 0 0 0 0 0 0 0 0 0 0 0 0 0 0 0 
1 0 0 0 0 0 0 0 0 0 0 0 0 0 0 0 0 0 0 0 0 0 0 0 0 0 0 0 0 0 0 3 0 0 0 0 0 0 0 0 
0 0 0 0 0 0 0 0 0 0 0 0 0 0 0 0 0 0 0 1 0 0 0 0 0 0 0 0 0 0 0 0 0 0 0 0 -1 0 0 0 
0 0 0 0 0 0 0 0 0 0 4 0 0 0 0 0 0 0 0 0 0 0 0 0 0 0 0 0 0 0 0 0 0 0 0 0 0 0 1 0 
0 0 0 0 0 0 0 0 0 0 0 0 0 0 0 -2 0 0 0 0 0 0 0 0 1 0 0 0 0 0 0 0 0 0 0 0 0 0 1 0 
0 0 0 0 0 0 0 0 0 0 0 0 0 3 0 0 0 1 0 0 0 0 0 0 0 0 0 0 0 0 0 0 0 0 1 0 0 0 0 0 
0 0 0 0 0 0 0 0 0 0 0 0 0 0 0 0 0 2 0 0 0 0 0 0 0 0 0 0 0 0 0 0 8 0 2 0 1 0 0 0 
0 0 0 0 0 0 0 0 0 0 0 0 0 -2 0 0 0 0 0 0 0 0 0 0 0 0 0 0 0 0 0 0 0 0 0 0 2 0 0 0 
0 0 0 0 0 0 0 0 0 0 0 4 0 1 0 1 0 0 0 0 0 0 0 0 0 0 0 0 0 0 0 0 1 0 0 0 0 0 0 0 
0 0 0 0 0 0 0 0 0 0 0 0 0 0 0 1 0 0 0 0 0 0 0 0 0 0 0 0 0 0 4 0 1 0 1 0 0 0 0 0 
0 0 0 0 0 0 0 0 0 0 0 0 0 0 0 0 0 0 0 0 0 0 0 0 0 0 0 0 0 0 0 0 0 0 2 0 0 0 0 0 
0 0 0 0 0 0 0 0 0 0 0 0 0 1 0 0 0 0 2 0 0 0 0 0 0 0 0 0 0 0 0 0 0 0 0 0 0 0 0 0 
0 0 0 0 0 0 0 0 0 0 0 0 0 2 0 0 0 0 0 0 0 0 0 0 0 0 0 0 2 0 0 0 1 0 0 0 0 0 0 0 
0 0 0 0 0 0 0 0 0 0 0 0 0 0 0 0 0 0 0 0 0 0 0 0 0 0 0 0 0 0 0 0 3 0 0 0 0 0 0 0 
0 0 0 0 0 0 0 3 0 0 0 1 0 0 0 0 0 0 0 0 0 0 0 0 0 0 0 0 -1 0 0 0 0 0 0 0 0 0 0 0 
0 0 0 0 0 0 0 0 0 0 0 1 0 0 0 0 0 0 0 0 0 0 0 0 0 0 1 0 0 0 2 0 0 0 0 0 0 0 0 0 
0 0 0 0 0 0 0 3 0 0 0 0 0 0 0 0 0 0 0 0 0 0 0 0 0 0 0 0 0 0 4 0 0 0 0 0 0 0 0 0 
0 0 0 0 0 4 0 0 0 3 0 0 0 0 0 0 0 0 0 0 0 0 0 0 0 0 2 0 0 0 0 0 0 0 0 0 0 0 0 0 
0 0 0 0 0 0 0 0 0 4 0 0 0 0 0 0 0 0 0 0 0 0 0 0 4 0 0 0 4 0 0 0 0 0 0 0 0 0 0 0 
0 0 0 0 0 4 0 0 0 0 0 0 0 0 0 0 0 0 0 0 0 0 0 0 0 0 0 0 8 0 0 0 0 0 0 0 0 0 0 0 
0 0 0 8 0 0 0 6 0 0 0 0 0 0 0 0 0 0 0 0 0 0 0 0 4 0 0 0 0 0 0 0 0 0 0 0 0 0 0 0 
0 0 0 0 0 0 0 1 0 0 0 0 0 0 0 0 0 0 0 0 0 0 1 0 0 0 1 0 0 0 0 0 0 0 0 0 0 0 0 0 
0 0 0 1 0 0 0 0 0 0 0 0 0 0 0 0 0 0 0 0 0 0 0 0 0 0 1 0 0 0 0 0 0 0 0 0 0 0 0 0 
0 0 0 0 0 1 0 0 0 0 2 0 0 0 0 0 0 0 0 0 0 0 -1 0 0 0 0 0 0 0 0 0 0 0 0 0 0 0 0 0 
0 0 0 0 0 0 0 0 0 0 0 0 0 0 0 0 0 0 0 0 8 0 0 0 1 0 0 0 0 2 0 0 0 0 0 0 0 0 0 0 
0 -2 0 0 0 0 0 0 0 0 0 0 0 0 0 0 0 0 0 0 0 0 0 0 0 0 0 0 0 0 0 0 0 0 0 0 0 0 0 4 
0 0 0 1 0 0 0 0 1 0 0 0 0 0 0 0 0 0 0 0 0 0 0 0 0 0 0 0 0 0 0 0 0 0 0 0 0 0 0 0 
0 0 0 0 0 0 0 0 0 0 0 0 0 0 0 0 0 0 0 0 0 0 0 1 0 0 0 0 0 0 0 0 0 0 0 0 0 0 0 0 
0 0 0 0 0 0 0 0 0 0 0 0 0 0 0 0 0 0 0 0 0 0 0 0 0 0 0 0 0 0 0 0 0 0 0 0 0 0 0 0 
0 0 1 0 0 0 0 0 0 0 0 0 0 0 0 0 0 0 2 0 0 0 0 0 0 0 0 0 0 0 0 0 1 0 0 0 0 0 0 0 
0 0 0 0 0 0 0 0 0 0 0 0 0 0 0 0 0 0 0 0 0 1 0 0 0 0 0 0 0 0 0 0 0 0 0 0 0 1 0 0 
0 0 0 0 0 0 0 0 0 0 0 2 0 0 0 0 0 0 0 0 0 0 0 0 0 0 0 0 0 0 0 0 0 0 0 0 0 0 0 0 
1 0 0 0 0 0 0 0 0 0 0 0 0 0 0 0 0 0 0 0 0 0 0 0 0 0 0 0 0 0 3 0 0 0 0 0 0 0 0 0 
0 0 0 0 0 0 0 0 0 0 0 0 0 0 0 0 0 0 0 1 0 0 0 0 0 0 0 0 0 0 0 0 0 0 0 -1 0 0 0 0 
0 0 0 0 0 0 0 0 0 4 0 0 0 0 0 0 0 0 0 0 0 0 0 0 0 0 0 0 0 0 0 0 0 0 0 0 0 0 1 0 
0 0 0 0 0 0 0 0 0 0 0 0 0 0 -2 0 0 0 0 0 0 0 0 0 0 0 0 0 0 0 0 0 0 0 0 0 0 6 0 0 
0 0 0 0 0 0 2 0 0 0 0 0 0 0 0 0 0 1 0 0 0 0 0 0 0 0 0 0 0 0 0 0 0 2 0 0 0 0 0 0 
0 0 0 0 0 0 0 0 0 0 0 0 0 0 0 0 9 0 0 0 0 0 0 0 0 3 0 0 0 0 0 0 0 0 0 0 1 0 0 0 
0 0 0 0 0 0 0 0 0 0 0 0 2 0 0 0 0 0 0 0 0 0 0 0 0 0 0 0 0 0 0 0 0 0 0 12 0 0 0 0 
0 0 0 0 4 0 0 0 0 0 0 0 0 0 0 1 0 0 0 0 0 0 0 0 0 0 0 0 0 0 0 2 0 0 0 0 0 0 0 0 
0 0 0 0 0 0 0 0 0 0 0 0 0 0 3 0 0 0 0 0 0 0 0 1 0 0 0 0 0 0 0 0 0 0 1 0 0 0 0 0 
0 0 0 0 0 0 0 0 0 0 2 0 0 0 0 0 0 0 0 0 0 0 0 0 0 0 0 0 0 0 0 0 0 2 0 0 0 0 0 0 
0 0 0 0 0 0 0 0 2 0 0 0 0 1 0 0 0 0 0 0 0 0 0 0 0 0 0 0 0 0 0 0 0 0 0 0 0 0 0 0 
0 0 0 0 0 0 0 0 0 0 0 0 3 0 0 0 0 0 0 0 0 0 0 0 0 0 0 3 0 0 0 0 1 0 0 0 0 0 0 0 
0 0 0 0 0 0 0 0 -1 0 0 0 0 0 0 0 0 0 0 0 0 0 0 0 0 0 0 0 0 0 0 1 0 0 0 0 0 0 0 0 
0 0 0 0 0 0 1 0 0 0 0 1 0 0 0 0 0 0 0 0 0 0 0 0 0 0 0 1 0 0 0 0 0 0 0 0 0 0 0 0 
0 0 0 0 0 0 0 0 0 0 0 0 0 0 0 0 0 0 0 0 0 0 0 0 0 0 0 0 0 0 0 1 0 0 0 0 0 0 0 0 
0 0 0 0 0 0 0 0 0 0 0 0 0 0 0 0 0 0 0 0 0 0 0 0 0 0 0 0 0 0 0 0 0 0 0 0 0 0 0 0 
0 0 0 0 0 0 0 0 0 0 1 0 0 0 0 0 0 0 0 0 0 0 0 0 0 2 0 0 0 0 0 0 0 0 0 0 0 0 0 0 
0 0 0 0 0 0 0 0 0 0 0 0 0 0 0 0 0 0 0 0 0 0 0 0 0 0 0 0 0 1 0 0 0 0 0 0 0 0 0 0 
0 0 0 0 4 0 0 0 0 0 0 0 0 0 0 0 0 0 0 0 0 0 0 0 0 0 0 0 0 0 0 0 0 0 0 0 0 0 0 0 
0 0 0 0 0 0 0 0 1 0 0 0 0 0 0 0 0 0 0 0 0 0 0 -2 0 0 0 0 0 0 0 0 0 0 0 0 0 1 0 0 
0 0 0 0 0 0 0 0 0 0 0 0 0 0 0 0 0 0 0 0 0 0 0 0 0 0 0 1 0 0 0 0 0 0 0 0 0 0 0 0 
0 0 1 0 0 0 0 0 0 0 0 0 0 0 0 0 2 0 0 0 0 0 0 0 0 0 0 0 0 0 0 0 0 0 0 0 0 0 0 0 
0 0 0 0 0 0 1 0 0 0 0 0 0 0 0 0 0 0 0 0 0 0 0 0 0 0 0 0 0 0 0 0 0 0 0 3 0 0 0 0 
0 0 0 0 0 0 0 0 0 0 0 0 0 0 0 0 0 0 0 0 0 0 0 0 0 1 0 0 0 0 0 0 0 0 0 0 0 0 0 0 
-1 0 0 0 0 0 0 0 0 0 0 0 0 0 4 0 0 0 0 0 0 0 0 0 0 0 0 0 0 0 0 0 0 0 0 0 0 0 0 0 
0 0 0 0 1 0 0 0 0 0 0 0 0 0 0 0 0 0 0 -2 0 0 0 0 0 0 0 0 0 0 0 0 0 6 0 0 0 0 0 0 
0 0 0 0 0 0 0 0 0 0 0 0 0 0 0 0 0 0 0 0 0 0 0 1 0 0 0 0 0 0 0 0 0 0 0 0 0 0 -2 0 
0 0 0 0 0 0 0 0 0 0 0 0 0 0 0 0 0 0 0 0 0 0 0 0 0 0 0 0 0 0 2 0 0 0 0 0 6 0 0 0 
0 0 1 0 0 0 0 0 0 0 0 0 0 0 0 0 0 2 0 0 0 0 0 0 0 0 0 0 0 0 0 0 0 0 0 0 0 0 0 0 
0 0 0 0 0 0 0 0 0 3 0 0 0 0 0 9 0 0 0 0 0 1 0 0 0 0 0 0 0 0 0 0 0 0 0 0 1 0 0 0 
0 0 0 0 0 0 0 0 0 0 0 0 0 0 0 0 0 0 0 0 0 0 0 0 0 0 0 0 1 0 0 0 0 0 3 0 0 0 0 0 
1 0 0 0 0 0 0 0 0 0 0 0 0 0 0 3 0 0 0 0 0 0 0 0 0 0 0 0 0 0 0 0 0 0 0 0 0 0 2 0 
0 0 0 0 0 0 0 0 0 0 0 0 0 2 0 0 0 0 0 1 0 0 0 0 0 0 0 0 0 0 0 0 0 0 2 0 0 0 0 0 
0 0 0 0 0 0 0 0 0 0 0 0 0 0 0 0 0 3 0 0 0 0 0 0 0 0 0 0 0 0 0 0 3 0 0 0 0 0 1 0 
0 0 0 0 0 0 0 0 0 0 0 0 0 1 0 0 0 0 0 0 0 0 0 0 0 0 0 0 0 0 0 0 0 0 0 0 4 0 0 0 
0 0 0 0 0 0 0 0 0 0 0 4 0 0 0 0 0 1 0 0 0 0 0 0 0 0 0 0 0 0 0 0 0 0 0 0 0 0 0 0 
0 0 0 0 0 0 0 0 0 0 0 0 0 0 0 6 0 0 0 0 0 0 0 0 0 0 0 0 0 0 6 0 0 0 0 0 1 0 0 0 
0 0 0 0 0 0 0 0 0 0 0 -2 0 0 0 0 0 0 0 0 0 0 0 0 0 0 0 0 0 0 0 0 0 0 1 0 0 0 0 0 
0 0 0 0 0 0 0 0 0 1 0 0 0 0 0 1 0 0 0 0 0 0 0 0 0 0 0 0 0 0 3 0 0 0 0 0 0 0 0 0 
0 0 0 0 4 0 0 0 0 0 0 0 0 1 0 0 0 0 0 0 0 0 0 0 0 0 0 0 1 0 0 0 0 0 1 0 0 0 0 0 
0 0 0 0 0 0 0 0 0 -1 0 0 0 0 0 0 0 0 0 0 0 0 0 0 0 0 0 0 0 0 0 0 0 0 0 0 0 0 0 0 
0 0 0 0 0 0 0 8 0 0 0 0 0 1 0 0 2 0 0 0 0 0 0 0 0 0 0 0 0 0 0 0 0 0 0 0 0 0 0 0 
0 0 0 0 0 0 0 0 0 0 0 0 0 0 0 0 0 0 0 0 0 0 0 0 0 0 12 0 0 0 0 0 1 0 0 3 0 0 0 0 
0 0 0 0 0 0 0 -2 0 0 0 0 0 0 0 0 0 0 0 0 0 0 0 0 0 0 0 0 0 0 0 0 0 0 0 0 0 0 0 0 
0 0 0 0 0 4 0 0 0 0 0 1 0 0 1 0 0 0 0 0 0 0 0 0 0 0 0 0 0 0 0 0 0 0 0 0 0 0 0 0 
0 0 0 0 0 0 0 0 0 0 0 0 0 0 0 0 0 0 0 0 0 0 0 0 4 0 0 0 0 0 1 0 0 1 0 0 0 0 0 0 
0 0 0 0 0 2 0 0 0 0 0 0 0 0 0 0 0 0 0 0 0 0 0 0 0 0 0 0 0 0 0 0 0 0 0 0 0 0 0 0 
0 0 0 0 0 0 0 0 0 0 1 0 0 0 0 0 0 0 0 0 0 0 0 0 3 0 0 0 0 0 0 0 0 0 0 0 0 0 0 0 
0 0 0 0 0 0 0 0 0 0 0 0 0 0 0 0 0 0 0 0 0 0 0 0 0 0 0 0 0 1 0 0 0 0 0 0 0 0 0 0 
0 0 0 4 0 0 0 0 0 0 0 0 2 0 0 0 0 0 0 0 0 0 0 0 0 0 0 0 0 0 0 0 0 0 0 0 0 0 0 0 
0 6 0 0 0 0 0 0 1 0 0 0 0 0 0 0 0 0 0 0 0 0 -1 0 0 0 0 0 0 0 0 3 0 0 0 0 0 0 0 0 
0 0 0 0 0 0 0 0 0 0 0 0 0 0 0 0 0 0 0 0 9 0 0 0 0 0 0 1 0 0 0 0 0 0 0 0 0 0 0 0 
0 -3 0 0 0 0 0 0 0 0 4 0 0 0 0 0 0 0 0 0 0 0 0 0 0 0 0 0 0 0 0 0 0 0 0 0 0 0 0 12 
0 0 0 0 0 0 1 0 0 0 0 0 0 0 0 0 0 0 0 0 -4 0 0 0 0 0 0 0 0 5 0 0 0 0 0 0 0 0 0 0 
0 0 0 0 0 0 0 0 0 0 0 0 0 0 0 0 0 0 15 0 0 0 0 0 0 1 0 0 0 0 0 0 0 0 0 0 0 0 0 -6 
0 0 0 0 0 0 0 0 1 0 0 0 0 0 0 0 0 0 0 0 0 0 0 0 0 0 0 0 0 0 0 0 0 0 0 0 0 3 0 0 
0 0 0 0 1 0 0 0 0 0 0 0 0 0 0 0 0 0 1 0 0 0 0 0 0 0 0 1 0 0 0 0 0 0 0 0 0 0 0 0 
0 3 0 0 0 0 0 0 0 0 0 0 0 0 0 0 6 0 0 0 0 0 0 1 0 0 0 0 0 0 0 0 0 0 0 0 0 -1 0 0 
0 0 0 0 0 0 0 0 0 0 1 0 0 0 0 0 0 0 0 0 0 0 0 0 0 0 0 0 0 0 0 0 0 0 0 0 0 0 0 0 
0 0 1 0 0 0 0 0 0 0 0 0 0 0 0 0 0 0 0 0 0 0 0 0 0 0 0 0 0 0 1 0 0 0 0 0 0 0 0 0 
0 0 0 0 0 0 0 0 0 0 0 0 0 0 0 0 0 0 0 0 0 1 0 0 0 0 0 0 0 0 0 0 0 0 0 2 0 0 0 0 
0 0 0 0 0 0 0 0 0 1 0 0 0 0 0 0 0 0 0 0 0 0 0 0 0 0 0 0 0 0 0 0 0 0 0 0 0 0 0 0 
1 0 0 0 0 0 0 0 0 0 0 0 0 0 3 0 0 0 0 0 0 0 0 0 0 0 0 0 0 0 0 0 0 0 0 1 0 0 0 0 
0 0 0 0 0 0 0 0 0 0 0 0 0 0 0 0 0 0 0 1 0 0 0 0 0 0 0 0 0 0 0 0 0 2 0 0 0 0 0 0 
0 0 0 0 0 0 0 0 0 0 0 0 0 0 1 0 0 0 0 0 0 0 0 0 0 0 0 0 0 0 0 0 0 0 0 0 0 0 1 0 
0 0 0 0 0 0 0 0 0 0 0 0 3 0 0 0 0 0 0 0 0 0 0 0 0 0 0 0 0 0 0 0 0 2 0 0 0 0 0 0 
0 0 0 0 0 0 0 0 0 0 0 0 0 0 0 0 0 1 0 0 0 0 0 0 0 0 0 0 0 0 0 1 0 0 0 0 0 0 0 0 
0 0 0 0 0 0 0 0 0 0 0 0 2 0 0 0 0 0 0 0 0 0 0 0 0 0 0 0 0 0 0 0 0 0 0 0 1 0 0 0 
0 0 0 0 0 0 0 0 0 0 2 0 0 0 0 0 0 0 0 0 0 0 0 1 0 0 0 0 0 0 0 0 0 1 0 0 0 0 0 0 
0 0 0 0 0 0 0 0 0 0 0 0 0 0 0 1 0 0 0 0 0 0 0 0 0 0 0 0 0 1 0 0 0 0 0 0 0 0 0 0 
0 0 0 0 0 0 0 0 0 0 0 0 2 0 0 0 0 0 0 0 0 0 0 0 0 0 0 4 0 1 0 0 0 0 1 0 0 0 0 0 
0 0 0 0 0 0 0 0 2 0 0 0 0 0 0 0 0 0 0 0 0 0 0 0 0 0 0 0 0 0 0 3 0 0 0 0 0 0 0 0 
0 0 0 0 0 0 4 0 1 0 0 0 0 1 0 0 0 0 0 0 0 0 0 0 0 0 0 4 0 0 0 0 0 0 0 0 0 0 0 0 
0 0 0 0 0 0 0 0 0 0 0 0 0 0 0 0 0 0 0 1 0 0 0 0 0 3 0 0 0 0 0 0 1 0 0 0 0 0 0 0 
0 0 0 0 0 0 3 0 0 0 0 0 0 0 0 0 0 0 0 0 0 0 0 0 0 0 0 0 0 0 0 0 0 0 0 0 0 0 0 0 
0 0 0 0 2 0 0 0 0 0 0 1 0 0 0 0 0 0 0 0 0 0 0 0 0 1 0 0 0 0 0 0 0 0 0 0 0 0 0 0 
0 0 0 0 0 0 0 0 0 0 0 0 0 0 0 0 0 0 0 0 0 0 0 2 0 0 0 0 0 0 1 0 0 0 0 0 0 0 0 0 
0 0 0 0 2 0 0 0 0 0 0 0 0 6 0 0 0 0 0 0 0 0 0 0 0 0 0 0 0 0 0 0 0 0 0 0 0 0 0 0 
0 0 24 0 0 0 0 0 0 3 0 0 0 0 0 0 0 0 0 0 0 0 0 -6 0 0 0 0 0 0 0 0 2 0 0 0 0 0 0 0 
0 0 0 0 0 0 0 0 0 0 0 0 0 0 0 0 0 0 0 0 0 8 0 0 0 0 0 0 1 0 0 0 0 0 0 0 0 0 0 0 
0 0 -2 0 0 0 0 0 0 0 0 2 0 0 0 0 0 0 0 0 0 0 0 0 0 0 0 0 0 0 0 0 0 0 0 0 0 0 0 0 
8 0 0 0 0 0 0 1 0 0 0 0 0 0 0 0 0 0 0 0 0 -3 0 0 0 0 0 0 0 0 3 0 0 0 0 0 0 0 0 0 
0 0 0 0 0 0 0 0 0 0 0 0 0 0 0 0 0 0 0 11 0 0 0 0 0 0 1 0 0 0 0 0 0 0 0 0 0 0 0 0 
-4 0 0 0 0 0 0 0 0 3 0 0 0 0 0 0 0 0 0 0 0 0 0 0 0 0 0 0 0 0 0 0 0 0 0 0 0 0 11 0 
0 0 0 0 0 1 0 0 0 0 0 0 0 0 0 0 0 0 0 -5 0 0 0 0 0 0 0 0 1 0 0 0 0 0 0 0 0 0 0 0 
0 0 0 0 0 0 0 0 0 0 0 0 0 0 0 0 0 5 0 0 0 0 0 0 1 0 0 0 0 0 0 0 0 0 0 0 0 0 0 0 
0 0 0 0 0 0 0 1 0 0 0 0 0 0 0 0 0 0 0 0 0 0 0 0 0 0 0 0 0 0 0 0 0 0 0 0 5 0 0 0 
0 0 0 1 0 0 0 0 0 0 0 0 0 0 0 0 0 -1 0 0 0 0 0 0 0 0 0 0 0 0 0 1 0 0 0 0 0 0 0 0 
0 0 0 0 0 0 0 0 0 0 0 0 0 0 0 2 0 0 0 0 0 0 1 0 0 0 0 0 0 0 0 0 0 0 0 0 1 0 0 0 
0 0 0 0 0 0 0 0 0 0 2 0 0 0 0 0 0 0 0 0 0 0 0 0 0 0 0 0 0 0 0 0 0 0 2 0 0 0 0 0 
0 1 0 0 0 0 0 0 0 0 0 0 0 0 0 0 0 0 0 0 0 0 0 0 0 0 0 0 0 0 0 0 0 0 0 0 1 0 0 0 
0 0 0 0 0 0 0 0 0 0 0 0 0 2 0 0 0 0 0 0 1 0 0 0 0 0 0 0 0 0 0 0 0 0 1 0 0 0 0 0 
0 0 0 0 0 0 0 0 0 0 0 0 0 0 0 2 0 0 0 0 0 0 0 0 0 0 0 0 0 0 0 0 2 0 0 0 0 0 0 1 
0 0 0 0 0 0 0 0 0 0 0 0 0 0 0 0 0 0 0 0 0 0 0 0 0 0 0 0 0 0 0 0 0 0 0 0 2 0 0 0 
0 0 0 0 0 0 0 0 0 0 0 2 0 0 0 0 0 0 1 0 0 0 0 0 0 0 0 0 0 0 0 0 1 0 0 0 0 0 0 0 
0 0 0 0 0 0 0 0 0 0 0 0 0 0 0 2 0 0 0 0 0 0 0 0 0 0 0 0 0 0 2 0 0 0 0 0 0 1 0 0 
0 0 0 0 0 0 0 0 0 0 0 2 0 0 0 0 0 0 0 0 0 0 0 0 0 0 0 0 0 0 0 0 0 0 3 0 0 0 0 0 
0 0 0 0 0 0 0 0 0 3 0 0 0 0 0 0 1 0 0 0 0 0 0 0 0 0 0 0 0 0 0 0 0 0 0 0 0 0 0 0 
0 0 0 0 0 0 0 0 0 0 0 0 0 3 0 0 0 0 0 0 0 0 0 0 0 0 0 0 3 0 0 0 0 0 0 1 0 0 0 0 
0 0 0 0 0 0 0 0 0 1 0 0 0 0 0 0 0 0 0 0 0 0 0 0 0 0 0 0 0 0 0 0 4 0 0 0 0 0 0 0 
0 0 0 0 0 0 0 4 0 0 0 0 0 0 1 0 0 0 0 0 0 0 0 0 0 0 0 0 0 0 0 0 0 0 0 0 0 0 0 0 
0 0 0 0 0 0 0 0 0 0 0 1 0 0 0 0 0 0 0 0 0 0 0 0 0 0 1 0 0 0 0 0 0 1 0 0 0 0 0 0 
0 0 0 0 0 0 0 2 0 0 0 0 0 0 0 0 0 0 0 0 0 0 0 0 0 0 0 0 0 0 1 0 0 0 0 0 0 0 0 0 
0 0 0 0 0 1 0 0 0 0 0 0 1 0 0 0 0 0 0 0 0 0 0 0 0 0 3 0 0 0 0 0 0 0 0 0 0 0 0 0 
0 0 0 0 0 0 0 0 0 4 0 0 0 0 0 0 0 0 0 0 0 0 0 0 10 0 2 0 0 0 0 1 0 0 0 0 0 0 0 0 
0 0 0 0 0 0 0 0 0 0 0 0 0 0 0 0 0 0 0 0 0 0 0 0 0 0 0 0 2 0 0 0 0 0 0 0 0 0 0 0 
0 0 0 6 0 1 0 0 0 0 1 0 0 0 0 0 0 0 0 0 0 0 0 0 1 0 0 0 0 0 0 0 0 0 0 0 0 0 0 0 
0 0 0 0 0 0 0 1 0 0 0 0 0 0 0 0 0 0 0 0 0 0 6 0 1 0 0 0 0 1 0 0 0 0 0 0 0 0 0 0 
0 0 0 0 0 0 0 0 0 0 0 0 0 0 0 0 0 0 0 0 0 0 0 0 0 0 2 0 0 0 0 0 0 0 0 0 0 0 0 0 
0 6 0 0 0 0 0 0 2 0 0 0 0 0 0 0 0 0 0 0 0 0 2 0 0 0 0 0 0 0 0 0 0 0 0 0 0 0 0 0 
0 0 0 0 0 2 0 0 0 0 0 0 0 0 0 0 0 0 0 0 4 0 0 0 0 0 0 1 0 0 0 0 0 0 0 0 0 0 0 0 
0 0 0 0 0 0 0 0 0 0 0 0 0 0 0 0 0 0 0 0 0 0 0 0 3 0 0 0 0 0 0 0 0 0 0 0 0 0 0 5 
0 0 0 0 0 0 1 0 0 0 0 0 0 0 0 0 0 0 0 0 -1 0 0 0 0 0 0 0 0 0 0 0 0 0 0 0 0 0 0 0 
0 0 0 1 0 0 0 0 0 0 0 0 0 0 0 0 0 0 3 0 0 0 0 0 0 1 0 0 0 0 0 0 0 0 0 0 0 0 0 0 
0 0 0 0 0 0 0 0 0 0 0 0 0 0 0 0 0 0 0 0 0 0 1 0 0 0 0 0 0 0 0 0 0 0 0 0 0 3 0 0 
0 0 0 0 1 0 0 0 0 0 0 0 0 0 0 0 0 0 1 0 0 0 0 0 0 0 0 0 0 0 0 0 0 0 0 0 0 0 0 0 
0 0 0 0 0 0 0 0 0 0 0 0 0 0 0 0 6 0 1 0 0 0 0 1 0 0 0 0 0 0 0 0 0 0 0 0 0 -1 0 0 
0 0 0 0 0 0 0 0 0 0 0 0 0 0 0 0 0 0 0 0 0 0 0 0 0 0 0 0 0 0 0 0 0 0 0 10 0 0 0 0 
0 0 1 0 2 0 0 0 0 0 0 0 0 0 0 0 -2 0 0 0 0 0 0 0 0 0 0 0 0 0 0 0 0 0 0 0 0 0 0 0 
0 0 0 0 0 0 0 0 0 0 0 0 0 0 6 0 0 0 0 0 0 1 0 1 0 0 0 0 0 0 0 0 0 0 0 0 0 0 0 0 
0 0 0 0 0 0 0 0 0 0 0 0 0 0 0 0 0 0 0 0 0 0 0 0 0 0 0 0 0 0 0 0 0 6 0 0 0 0 0 0 
1 0 1 0 0 0 0 0 0 0 0 0 0 0 -1 0 0 0 0 0 0 0 0 0 0 0 0 0 0 0 0 0 0 0 0 0 0 3 0 0 
0 0 0 0 0 0 0 0 0 0 0 0 6 0 0 0 0 0 0 1 0 0 0 1 0 0 0 0 0 0 0 0 0 0 0 0 0 0 0 0 
0 0 0 0 0 0 0 0 0 0 0 0 0 0 0 0 3 0 0 0 0 0 0 0 0 0 0 0 0 0 0 6 0 0 0 0 0 0 1 0 
0 0 1 0 0 0 0 0 0 0 0 0 1 0 0 0 0 0 0 0 0 0 0 0 0 0 0 0 0 0 0 0 0 0 0 0 0 0 0 0 
0 0 0 0 0 0 0 0 0 0 0 1 0 0 0 0 0 1 0 0 0 0 0 0 0 0 0 0 0 0 0 1 0 0 0 0 0 0 0 0 
0 0 0 0 0 0 0 0 0 0 0 0 0 0 0 0 0 0 0 0 0 0 0 0 0 0 0 0 0 0 1 0 0 0 0 0 1 0 0 0 
0 0 0 0 0 0 0 0 0 0 2 0 0 0 0 0 0 0 0 0 0 0 0 0 0 0 0 0 0 0 0 0 0 0 0 0 0 0 0 0 
0 0 0 0 0 0 0 0 0 2 0 0 0 0 0 1 0 0 0 0 0 0 0 0 0 0 0 0 0 0 0 0 0 0 0 0 0 0 0 0 
0 0 0 0 0 0 0 0 0 0 0 0 0 0 0 0 0 0 0 0 0 0 0 0 0 0 0 0 2 0 0 0 0 0 1 0 0 0 0 0 
0 0 0 0 0 0 0 0 -1 0 0 0 0 0 0 0 0 0 0 0 0 0 0 0 0 0 0 0 0 0 0 0 0 0 0 0 0 0 0 0 
0 0 0 0 0 0 0 3 0 0 0 0 0 1 0 0 0 0 0 0 0 0 0 0 0 0 0 -2 0 0 0 0 0 0 0 0 0 0 0 0 
0 0 0 0 0 0 0 0 0 0 0 0 0 0 0 0 0 0 0 0 0 0 0 0 0 0 3 0 0 0 0 0 1 0 0 0 0 0 0 0 
0 0 0 0 0 0 -3 0 0 0 0 0 0 0 0 1 0 0 0 0 0 0 0 0 0 0 0 0 0 0 0 0 0 0 0 0 0 0 1 0 
0 0 0 0 0 0 0 0 0 0 0 1 0 1 0 0 0 0 0 0 0 0 0 0 0 2 0 0 0 0 0 0 0 0 0 0 0 0 0 0 
0 0 0 0 0 0 0 0 0 0 0 0 0 0 0 0 0 0 0 0 0 0 0 8 0 0 0 0 0 0 1 0 2 0 0 0 0 0 0 0 
0 0 0 0 0 0 0 0 0 0 0 0 0 0 0 0 0 0 0 0 0 0 0 0 0 0 0 0 0 0 0 0 0 0 0 0 0 0 0 0 
0 0 8 0 0 0 0 0 0 1 0 2 0 0 0 0 0 0 0 0 0 0 0 -1 0 0 0 0 0 0 0 0 0 0 0 0 0 0 0 0 
0 0 0 0 0 0 0 0 0 0 0 0 0 0 0 0 0 0 0 0 0 4 0 0 0 0 0 0 1 0 1 0 0 0 0 0 0 0 0 0 
0 0 1 0 0 0 0 0 0 0 0 0 0 0 0 0 0 0 0 0 0 0 0 0 0 0 0 0 0 0 0 0 0 0 0 0 0 0 0 0 
4 0 0 0 0 0 0 1 0 1 0 0 0 0 0 0 0 0 0 0 0 2 0 0 0 0 0 0 0 0 0 0 0 0 0 0 0 0 0 0 
0 0 0 0 3 0 0 0 0 0 0 0 0 0 0 0 0 0 0 4 0 0 0 0 0 0 1 0 0 0 1 0 0 0 0 0 0 0 0 0 
2 0 0 0 0 0 0 0 0 0 0 0 0 0 0 0 0 0 0 0 0 0 0 3 0 0 0 0 0 0 0 0 0 0 0 0 0 0 4 0 
0 0 0 0 0 1 0 0 0 1 0 0 0 0 0 0 0 0 0 3 0 0 0 0 0 0 0 0 0 0 0 0 0 0 0 0 0 0 0 0 
0 0 0 0 0 0 0 0 0 0 0 0 0 0 0 0 0 0 0 0 0 0 0 0 0 1 0 0 0 0 0 0 0 0 0 0 0 0 2 0 
0 0 0 0 0 0 0 1 0 0 0 0 0 0 0 0 0 0 0 0 0 0 0 0 0 0 0 0 0 0 0 0 0 0 0 0 3 0 0 0 
0 0 0 0 1 0 0 0 0 0 0 0 0 0 0 0 0 0 0 0 0 0 0 0 0 0 0 0 0 0 0 0 0 0 0 0 0 0 1 0 
0 0 0 0 0 0 0 0 0 0 0 0 0 0 0 0 0 0 0 0 0 0 0 1 0 0 0 0 0 0 0 0 0 0 0 0 1 0 0 0 
0 0 0 0 0 1 0 0 0 0 0 0 0 0 0 0 0 0 0 1 0 0 0 0 0 0 0 0 0 0 0 0 0 0 3 0 0 0 0 0 
0 0 1 0 0 0 0 0 0 0 0 0 0 0 0 1 0 0 0 0 0 0 0 0 0 0 0 0 0 0 0 0 0 0 0 0 0 0 1 0 
0 0 0 0 0 0 0 0 0 0 0 0 0 1 0 0 0 0 0 0 0 1 0 0 0 0 0 0 0 0 0 0 0 0 1 0 0 0 0 0 
0 0 0 0 0 0 0 0 0 0 0 0 0 0 0 0 0 0 0 0 0 0 0 0 0 0 0 0 0 0 0 0 4 0 0 0 0 0 0 0 
1 1 0 0 0 0 0 0 0 0 0 0 0 0 0 0 0 0 0 0 0 0 0 0 0 0 0 0 0 0 0 0 0 0 0 0 0 0 0 0 
0 0 0 0 0 0 0 0 0 0 0 0 0 0 0 0 0 0 0 0 1 0 0 0 0 0 0 0 0 0 0 0 0 0 0 0 0 0 0 0 
0 0 0 0 0 0 0 0 0 0 0 0 0 0 0 0 0 0 0 0 0 0 0 0 0 0 0 0 0 0 0 0 0 0 0 0 0 0 0 1 
0 0 0 0 0 0 0 0 0 0 0 -2 0 0 0 0 0 0 0 0 1 0 0 0 0 0 0 0 0 0 0 0 0 0 0 0 0 0 0 0 
0 0 0 1 0 0 0 0 0 0 0 0 0 0 0 0 0 0 1 0 0 0 0 0 0 0 0 0 0 0 -1 0 0 0 0 0 0 0 0 0 
0 0 0 0 0 0 0 0 0 0 0 0 0 0 0 0 0 0 0 0 0 0 0 0 0 0 0 0 3 0 0 0 0 0 0 0 0 2 0 0 
0 0 0 0 0 0 0 0 0 -2 0 0 0 0 0 0 0 0 0 0 0 0 0 0 0 0 0 0 0 0 0 0 0 0 0 0 0 0 0 0 
0 0 0 0 0 0 0 3 0 0 0 0 0 0 0 0 1 0 0 0 0 0 0 0 0 0 0 0 -2 0 0 0 0 0 0 0 0 0 0 0 
0 0 0 0 0 0 0 0 0 0 0 0 0 0 0 0 0 0 0 0 0 0 0 0 0 0 4 0 0 0 0 0 0 0 0 1 0 0 0 0 
0 0 0 0 0 0 0 -2 0 0 0 0 0 0 0 0 0 0 0 0 0 0 0 0 0 0 0 0 0 0 0 0 0 0 0 0 0 0 0 0 
0 0 0 0 0 0 0 0 0 0 0 0 0 0 0 1 0 0 0 0 0 0 0 0 0 0 0 0 0 0 0 0 0 0 0 0 0 0 0 0 
0 0 0 0 0 0 0 0 0 0 0 0 0 0 0 0 0 0 0 0 0 0 0 0 0 0 0 0 0 0 0 0 0 0 1 0 0 0 0 0 
0 0 0 0 0 -2 0 0 0 0 0 0 0 0 1 0 0 0 0 0 0 0 0 0 0 0 0 0 0 0 0 0 0 0 0 0 0 1 0 0 
0 0 0 0 0 0 0 0 0 0 0 0 0 1 0 0 0 0 0 0 0 0 0 0 -1 0 0 0 0 0 0 0 0 0 0 0 0 0 0 0 
0 0 0 0 0 0 0 0 0 0 0 0 0 0 0 0 0 0 0 0 0 0 3 0 0 0 0 0 0 0 0 0 1 0 0 0 0 0 0 0 
0 0 0 -2 0 0 0 0 0 0 0 0 0 0 0 0 0 0 0 0 0 0 0 0 0 0 0 0 0 0 0 0 0 0 0 0 0 0 0 0 
0 4 0 0 0 0 0 0 0 0 0 1 0 0 0 0 0 0 0 0 0 0 -2 0 0 0 0 0 0 0 0 0 0 0 0 0 0 0 0 0 
0 0 0 0 0 0 0 0 0 0 0 0 0 0 0 0 0 0 0 0 0 0 0 0 0 0 0 0 0 0 2 0 0 0 0 0 0 0 0 0 
0 -2 0 0 0 0 0 0 0 0 0 0 0 0 0 0 0 0 0 0 0 0 0 0 0 0 0 0 0 0 0 0 0 0 0 0 0 0 0 0 
0 0 0 0 0 0 0 0 0 3 0 0 0 0 0 0 0 0 0 0 -2 0 0 0 0 0 0 0 0 0 0 0 0 0 0 0 0 0 0 0 
0 0 0 0 0 0 0 0 0 0 0 0 0 0 0 0 0 0 0 0 0 0 0 0 0 0 0 0 4 0 0 0 0 0 0 0 0 0 0 -2 
0 0 1 0 0 0 0 0 0 0 0 0 0 0 0 0 0 0 0 0 0 0 4 0 0 0 0 0 0 0 0 0 0 0 0 0 0 7 0 0 
0 0 0 0 0 0 0 0 1 0 0 0 0 0 0 0 0 0 -3 0 0 0 0 0 0 0 0 0 0 0 0 0 0 0 0 0 0 0 0 0 
0 4 0 0 0 0 0 0 0 0 0 0 0 0 0 0 4 0 0 0 0 0 0 0 0 0 0 1 0 0 0 0 0 0 0 0 0 0 0 0 
0 0 0 0 0 0 0 0 0 0 0 0 0 0 0 0 0 0 0 0 4 0 0 0 0 0 0 0 0 0 0 0 0 0 0 12 0 0 0 0 
0 0 0 0 0 0 4 0 0 0 0 0 0 0 0 0 -4 0 0 0 0 0 0 0 0 0 0 0 0 0 0 0 0 0 0 0 0 0 0 3 
0 0 0 0 0 0 0 0 0 0 0 0 0 0 4 0 0 0 0 0 0 0 0 0 0 1 0 0 0 0 0 0 0 0 0 -1 0 0 0 0 
0 0 0 0 0 0 0 0 0 0 0 0 0 0 0 0 0 0 2 0 0 0 0 0 0 0 0 0 0 0 0 0 0 4 0 0 0 0 0 0 
0 0 0 0 1 0 0 0 0 0 0 0 0 0 -2 0 0 0 0 0 0 0 0 0 0 0 0 0 0 0 0 0 0 0 0 0 0 0 0 0 
0 0 0 0 0 0 0 0 0 0 0 0 0 0 0 0 0 0 0 0 0 0 0 0 1 0 0 0 0 0 0 0 0 3 0 0 0 0 0 0 
0 0 2 0 0 0 0 0 0 0 0 0 0 0 0 0 0 0 0 0 0 0 0 0 0 0 0 0 0 0 0 6 0 0 0 0 0 0 0 0 
0 0 0 1 0 0 0 0 0 0 0 0 -1 0 0 0 0 0 0 0 0 1 0 0 0 0 0 0 0 0 0 0 0 0 0 0 0 0 0 0 
0 0 0 0 0 0 0 0 0 0 3 0 0 0 0 0 0 0 0 0 0 0 1 0 0 0 0 0 0 0 0 1 0 0 0 0 0 0 0 0 
0 0 0 0 0 0 0 0 0 0 0 0 1 0 0 0 0 0 0 0 0 0 0 0 0 0 0 0 0 0 0 0 0 0 0 0 0 0 0 0 
0 1 0 0 0 0 0 0 0 0 2 0 0 0 0 0 0 0 0 0 0 0 0 0 0 0 0 0 0 0 0 2 0 0 0 0 0 0 0 0 
0 0 0 0 0 0 0 0 0 0 0 0 0 0 0 0 0 0 0 0 1 0 0 0 0 0 0 0 0 1 0 0 0 0 0 0 0 0 0 0 
0 0 0 0 0 0 0 0 0 0 0 0 2 0 0 0 0 0 0 0 0 0 0 0 0 0 0 4 0 1 0 0 0 0 0 0 0 0 0 1 
0 0 0 0 0 0 0 0 2 0 0 0 0 0 0 0 0 0 0 0 0 0 0 0 0 0 0 0 0 0 0 2 0 0 0 0 0 0 0 0 
0 0 0 0 0 0 2 0 0 0 0 0 0 0 0 0 0 0 1 0 0 0 0 0 0 0 0 1 0 0 0 0 0 0 0 0 0 0 0 0 
0 0 0 0 0 0 0 0 0 0 3 0 0 0 0 0 0 0 0 0 0 0 0 0 0 3 0 0 0 0 0 0 0 0 0 0 0 1 0 0 
0 0 0 0 0 0 0 0 0 0 0 0 0 0 0 0 0 0 0 0 0 0 0 0 0 0 0 0 0 4 0 0 0 0 0 0 0 0 0 0 
0 0 0 0 4 0 0 0 0 0 0 0 0 0 0 0 1 0 0 0 0 0 0 0 0 -1 0 0 0 0 0 0 0 0 0 0 0 0 0 0 
0 0 0 0 0 0 0 0 2 0 0 0 0 0 0 0 0 0 0 0 0 0 0 2 0 0 0 0 0 0 0 0 0 0 0 2 0 0 0 0 
0 0 0 0 4 0 0 0 0 0 0 0 0 0 0 0 0 0 0 0 0 0 0 0 0 0 0 5 0 0 0 0 0 0 0 0 0 0 0 0 
0 0 5 0 0 0 0 0 0 0 0 0 0 0 3 0 0 0 0 0 0 0 0 4 0 0 0 0 0 0 0 0 0 0 0 0 0 0 0 0 
0 0 0 0 0 0 1 0 0 0 0 0 0 0 0 0 0 0 0 0 0 1 0 0 0 0 0 0 0 0 0 0 0 1 0 0 0 0 0 0 
0 0 2 0 0 0 0 0 0 0 0 0 0 0 0 0 0 0 0 0 0 0 0 0 0 0 0 0 0 0 0 0 0 0 0 0 0 0 0 0 
8 0 0 0 0 0 0 0 0 2 0 0 1 0 0 0 0 0 0 0 0 -1 0 0 0 0 0 0 0 0 0 0 0 0 0 0 0 0 0 0 
0 0 0 0 0 0 0 0 0 0 0 0 0 0 0 0 0 0 0 4 0 0 0 0 0 0 0 0 1 0 0 1 0 0 0 0 0 0 0 0 
1 0 0 0 0 0 0 0 0 0 0 0 0 0 0 0 0 0 0 0 0 0 0 3 0 0 0 0 0 0 0 0 0 0 0 0 0 0 4 0 
0 0 0 0 0 0 0 0 0 1 1 0 0 0 0 0 0 0 0 2 0 0 0 0 0 0 0 0 0 0 0 0 0 0 0 0 0 0 0 0 
0 0 0 0 0 0 0 0 0 0 0 0 0 0 0 0 0 0 0 0 0 0 0 0 0 0 0 0 0 0 1 0 0 0 0 0 0 0 2 0 
0 0 0 0 0 0 0 0 0 0 0 0 0 0 0 0 0 0 0 0 0 0 0 0 0 0 0 0 0 0 0 0 0 0 0 0 0 0 0 0 
0 0 0 0 0 0 0 0 0 1 0 0 0 0 0 0 0 4 0 0 0 0 0 0 0 1 0 0 0 0 0 0 0 0 0 0 0 0 0 0 
0 0 0 0 0 0 0 0 0 0 0 0 0 0 0 0 0 0 0 0 0 0 0 0 0 0 0 0 1 0 0 0 0 0 0 0 1 0 0 0 
0 0 0 0 2 0 0 0 0 0 0 0 0 0 0 0 0 0 0 0 0 0 0 0 0 0 0 0 0 0 0 0 0 0 0 0 0 0 0 0 
0 0 0 0 0 0 0 1 0 0 0 0 0 0 0 0 0 0 0 0 0 0 0 3 0 0 0 0 0 0 0 0 0 0 0 0 0 0 0 0 
0 0 0 0 0 0 0 0 0 0 0 0 0 0 0 0 0 0 0 0 0 0 0 0 0 0 1 0 0 0 0 0 0 0 -1 0 0 0 0 0 
0 0 0 0 0 0 0 0 1 0 0 0 0 0 0 0 0 0 0 0 0 0 0 0 0 0 0 0 0 0 0 0 0 0 0 0 0 0 0 0 
0 0 0 0 0 1 0 0 0 0 0 0 0 1 0 0 0 0 0 0 0 0 0 0 0 0 0 1 0 0 0 0 0 0 0 0 0 0 0 0 
0 0 0 0 0 0 0 0 0 0 0 0 0 0 0 0 0 0 0 0 0 0 0 0 1 0 0 0 0 0 0 0 3 0 0 0 0 0 0 0 
0 0 0 0 0 0 2 0 0 0 0 0 0 0 0 0 0 0 0 0 0 0 0 0 0 0 0 0 0 0 0 0 0 0 0 0 0 0 0 0 
0 0 0 1 0 0 0 0 0 0 0 0 0 0 0 0 0 0 0 0 0 0 0 0 0 2 0 0 0 0 0 0 0 0 0 0 0 0 0 0 
0 0 0 0 0 0 0 0 0 0 0 0 0 0 0 0 0 0 0 0 0 0 1 0 0 0 0 0 0 0 2 0 0 0 0 0 0 0 0 0 
0 0 0 0 3 0 0 0 0 0 0 0 0 0 0 0 0 0 0 0 0 0 0 0 0 0 0 0 0 0 0 0 0 0 0 0 0 0 0 0 
0 1 0 0 0 0 0 0 0 -1 0 0 0 0 0 0 0 0 0 0 0 0 0 4 0 0 0 0 0 0 0 0 0 0 0 0 0 0 0 0 
0 0 0 0 0 0 0 0 0 0 0 0 0 0 0 0 0 0 0 0 1 0 0 0 0 0 0 0 0 0 0 0 0 0 0 0 0 0 0 0 
0 0 4 0 0 0 0 0 0 0 0 0 0 0 0 0 0 0 0 0 0 0 0 0 0 0 0 0 0 0 0 0 0 0 0 0 0 0 0 1 
0 0 0 0 0 0 0 -2 0 0 0 0 0 0 0 0 0 0 0 0 0 5 0 0 0 0 0 0 0 0 0 0 0 0 0 0 0 0 0 0 
0 0 0 0 0 0 0 0 0 0 0 0 0 0 0 0 0 0 1 0 0 0 0 0 0 0 -1 0 0 0 0 0 0 0 0 0 0 0 0 0 
6 0 0 0 0 0 0 0 0 0 0 0 0 0 0 0 0 0 0 0 0 0 0 0 0 0 0 0 0 0 0 0 0 0 0 0 0 1 0 0 
0 0 0 0 0 -2 0 0 0 0 0 0 0 0 0 0 0 0 0 0 0 0 0 0 0 0 1 0 0 0 0 0 0 0 0 0 0 0 0 0 
0 0 0 0 0 0 0 0 0 0 0 0 0 0 0 0 1 0 0 0 0 0 0 0 1 0 0 0 0 0 0 0 0 0 0 0 0 0 0 0 
0 0 0 0 0 2 0 0 0 0 0 0 0 0 0 0 0 0 0 0 0 0 0 0 0 0 0 0 0 0 0 0 0 0 0 1 0 0 0 0 
0 0 0 0 0 0 0 0 0 0 0 0 0 0 0 0 0 0 0 0 0 0 0 0 3 0 0 0 0 0 0 0 0 0 0 0 0 0 0 0 
0 0 0 0 0 0 0 0 0 0 0 0 0 0 1 0 0 0 0 0 0 0 -1 0 0 0 0 0 0 0 0 0 0 0 0 0 0 0 0 0 
0 0 0 6 0 0 0 0 0 0 0 0 0 0 0 0 0 0 0 0 0 0 0 0 0 0 0 0 0 0 0 0 0 1 0 0 0 0 0 0 
0 -2 0 0 0 0 0 0 0 0 0 0 0 0 0 0 0 0 0 0 0 0 0 0 4 0 0 0 0 0 0 0 0 0 0 0 0 0 0 8 
0 2 0 0 0 0 0 0 0 0 0 0 1 0 0 0 0 0 0 0 0 0 0 0 0 0 0 0 0 0 0 0 0 0 0 0 0 0 0 0 
0 0 0 2 0 0 0 0 0 0 0 0 0 0 0 0 0 0 8 0 2 0 0 0 0 0 0 0 0 0 0 1 0 0 0 0 0 0 0 -2 
0 0 0 0 0 0 0 0 0 0 0 0 0 0 0 0 0 0 0 0 0 0 3 0 0 0 0 0 0 0 0 0 0 0 0 0 0 12 0 3 
0 0 0 0 0 0 0 0 0 0 1 0 0 0 0 0 0 0 -4 0 0 0 0 0 0 0 0 0 0 0 0 0 0 0 0 0 0 0 0 0 
0 2 0 0 0 0 0 0 0 0 0 0 0 0 0 0 4 0 1 0 0 0 0 0 0 0 0 0 0 1 0 0 0 0 0 0 0 1 0 0 
0 0 0 0 0 0 0 0 0 0 0 0 0 0 0 0 0 0 0 0 1 0 0 0 0 0 0 0 0 0 0 0 0 0 0 4 0 1 0 0 
0 0 0 0 0 0 0 0 1 0 0 0 0 0 0 0 0 0 0 0 0 0 0 0 0 0 0 0 0 0 0 0 0 0 0 0 0 0 0 3 
0 0 0 0 0 0 0 0 0 0 0 0 0 0 8 0 2 0 0 0 0 0 0 0 0 0 0 1 0 0 0 0 0 0 0 -1 0 0 0 0 
0 0 0 0 0 0 0 0 0 0 0 0 0 0 0 0 0 0 0 0 0 0 0 0 0 0 0 2 0 0 0 0 0 6 0 0 0 0 0 0 
0 0 0 0 0 0 1 0 0 0 0 0 0 0 0 0 0 0 0 0 0 0 0 0 0 0 0 0 0 0 0 0 0 0 0 0 0 0 0 0 
0 0 0 0 0 0 1 0 0 0 0 0 3 0 0 0 0 0 0 0 0 0 0 0 0 1 0 0 0 0 0 0 0 1 0 0 0 0 0 0 
0 0 0 0 0 0 0 0 0 0 0 0 0 0 0 0 2 0 0 0 0 0 0 0 0 0 0 0 0 0 0 2 0 0 0 0 0 0 0 0 
0 0 0 0 1 0 0 0 0 0 0 0 0 0 0 0 0 0 0 0 0 0 0 0 0 0 0 0 0 0 0 0 0 0 0 3 0 0 0 0 
0 0 0 0 0 0 0 0 0 0 3 0 0 0 0 0 0 0 0 0 0 0 0 1 0 0 0 0 0 0 0 -1 0 0 0 0 0 0 0 0 
0 0 0 0 0 0 0 0 0 0 0 0 0 0 4 0 0 0 0 0 0 0 0 0 0 0 0 0 0 4 0 0 0 0 0 0 0 0 0 0 
0 0 1 0 0 0 0 0 0 0 0 0 0 0 0 0 0 0 0 0 0 0 0 0 0 0 0 0 0 0 0 0 0 5 0 0 0 0 0 0 
0 0 0 0 0 0 0 0 5 0 0 0 0 0 0 0 0 0 0 0 0 1 0 0 0 0 0 0 0 -1 0 0 0 0 0 0 0 0 0 0 
0 0 0 0 0 0 0 0 0 0 0 0 6 0 0 0 0 0 0 0 0 0 0 0 0 0 0 6 0 0 0 0 0 0 0 0 0 0 0 0 
1 0 0 0 0 0 0 0 -2 0 0 0 0 0 0 0 0 0 0 0 0 0 0 0 0 0 0 0 0 0 0 4 0 0 0 0 0 0 0 0 
0 0 0 0 0 0 4 0 0 0 0 0 0 0 0 0 0 0 0 3 0 0 0 0 0 0 0 2 0 0 0 0 0 0 0 0 0 0 0 0 
0 0 0 0 0 0 0 0 0 0 1 0 0 0 0 0 0 0 0 0 0 0 0 0 0 1 0 0 0 0 0 0 0 0 0 0 0 0 1 0 
0 0 0 0 0 0 1 0 0 0 0 0 0 0 0 0 0 0 0 0 1 0 0 0 0 0 0 0 0 1 0 0 0 0 0 0 0 0 0 0 
0 0 0 0 1 0 0 0 0 0 0 0 0 0 0 0 0 1 0 0 0 0 0 0 0 0 0 0 0 0 0 0 0 0 0 0 0 0 0 0 
0 0 0 0 0 0 0 0 0 0 0 0 0 0 0 0 0 0 0 0 0 0 0 4 0 1 0 0 0 0 0 0 0 0 0 0 1 0 0 0 
0 0 0 0 -1 0 0 0 0 0 0 0 0 1 0 0 0 0 0 0 0 0 0 0 0 0 0 0 0 0 0 0 0 0 0 0 1 0 0 0 
0 0 0 0 0 0 0 0 0 0 0 1 0 0 0 1 0 0 0 0 0 0 0 1 0 0 0 0 0 0 0 0 0 0 0 0 0 0 0 0 
0 0 0 0 0 0 0 0 0 0 0 0 0 0 0 0 0 0 0 0 0 4 0 0 0 0 0 0 0 0 1 0 0 0 1 0 0 0 0 0 
0 0 0 0 0 0 0 0 0 0 0 0 0 0 0 0 0 0 0 0 0 0 0 0 0 0 0 0 0 0 0 0 0 0 0 0 0 0 0 0 
0 0 0 0 0 0 0 0 0 0 0 0 0 0 1 0 0 0 0 0 0 2 0 0 0 0 0 1 0 0 0 0 0 0 0 0 0 0 0 0 
0 0 0 0 4 0 0 0 0 0 0 0 0 0 0 0 0 0 0 4 0 0 0 0 0 0 0 0 0 0 0 0 0 1 0 0 0 0 0 0 
1 0 0 0 0 0 0 0 0 1 0 0 0 0 0 0 0 0 0 0 0 0 0 0 0 0 0 0 0 0 0 0 0 0 0 0 0 0 3 0 
0 0 0 0 0 0 0 0 0 0 0 0 1 0 0 0 0 0 0 0 0 0 0 0 0 0 0 0 0 0 0 0 0 0 0 0 0 0 0 0 
1 0 0 0 0 0 0 0 0 0 0 0 0 0 0 0 0 0 0 0 0 0 0 0 0 0 0 0 0 0 0 1 0 0 0 0 0 0 1 0 
0 0 0 0 0 0 0 1 0 0 0 0 0 0 0 0 0 0 0 0 0 1 0 0 0 0 0 0 0 0 0 0 0 0 0 0 3 0 0 0 
0 0 0 0 0 0 0 0 0 0 1 0 0 0 0 0 0 1 0 0 0 0 0 0 0 0 0 0 0 0 0 0 0 0 0 0 0 0 0 0 
2 0 0 0 0 0 0 0 0 0 0 0 0 0 0 4 0 1 0 0 0 0 0 0 0 0 0 0 0 1 0 0 0 0 0 0 1 0 0 0 
0 0 0 0 0 0 0 0 0 0 0 0 0 0 0 0 0 0 0 1 0 0 0 0 0 0 0 0 0 0 0 0 0 0 4 0 1 0 0 0 
0 0 0 0 0 0 0 0 1 0 0 0 0 0 0 0 0 0 0 0 0 0 0 0 0 0 0 0 0 0 0 0 0 0 0 0 0 0 1 0 
0 0 0 0 0 0 0 0 0 0 0 0 0 1 0 0 0 0 0 0 0 0 0 0 0 0 0 1 0 0 0 0 0 0 1 0 0 0 0 0 
0 0 0 0 0 0 0 0 0 0 0 0 0 0 0 0 0 0 0 0 0 0 0 0 0 0 0 0 0 0 0 0 4 0 1 0 0 0 0 0 
0 0 0 0 0 0 1 0 0 0 0 0 0 -1 0 0 0 0 0 0 0 0 0 0 0 0 0 0 0 0 0 0 0 0 0 0 0 0 0 0 
0 0 0 0 0 0 0 0 0 0 0 4 0 0 0 0 0 0 0 0 1 0 0 0 0 1 0 0 0 0 0 0 0 0 0 0 0 0 0 0 
0 3 0 0 0 0 0 0 0 0 0 0 0 0 0 0 0 0 0 0 0 0 0 0 0 0 0 0 0 0 11 0 0 0 0 0 0 0 0 0 
0 0 0 0 2 0 0 0 1 0 0 0 0 0 0 0 0 0 0 0 3 0 0 0 0 0 0 0 0 0 0 0 0 0 0 0 0 0 0 0 
0 0 0 0 0 0 0 0 0 11 0 0 0 0 0 0 0 0 0 0 0 0 0 1 0 0 0 1 0 0 -2 0 0 0 0 0 0 0 0 0 
0 0 0 0 0 0 0 0 0 0 0 0 0 0 0 0 0 0 0 0 0 0 0 0 0 0 0 0 0 0 0 0 0 0 0 0 0 0 0 0 
0 0 0 1 0 0 0 0 0 3 0 0 0 0 0 0 0 0 1 0 0 0 0 0 0 0 0 0 0 0 0 0 2 0 0 0 0 0 0 0 
0 0 0 0 0 0 0 5 0 0 0 0 0 0 0 0 0 0 0 0 0 0 1 0 0 0 0 0 0 0 0 0 0 0 0 0 0 1 0 0 
0 0 0 0 0 0 0 0 0 0 0 3 0 0 0 0 0 0 0 0 0 0 0 0 0 0 6 0 0 0 0 0 0 0 0 0 0 0 0 0 
0 1 0 0 0 0 0 -1 0 0 0 0 0 0 0 0 0 0 0 0 0 5 0 0 0 0 0 0 0 0 0 0 0 0 0 0 0 0 0 0 
0 0 0 0 0 0 0 0 0 0 0 0 0 0 0 0 0 0 0 0 1 0 0 0 0 0 -1 0 0 0 0 0 0 0 0 0 0 0 0 0 
6 0 0 0 0 0 0 0 0 0 0 0 0 0 0 0 0 0 0 0 0 0 0 0 0 0 0 0 0 0 0 0 0 0 0 0 0 0 0 1 
0 0 0 0 0 -2 0 0 0 0 0 0 0 0 0 0 0 0 0 0 0 0 0 0 0 0 0 0 0 0 0 0 0 0 0 0 0 0 0 0 
0 0 0 4 0 0 0 0 0 0 0 0 0 0 0 0 0 0 1 0 0 0 0 0 -1 0 0 0 0 0 0 0 0 0 0 0 0 0 10 0 
0 0 0 0 0 0 0 0 0 0 0 0 0 0 0 0 0 0 0 0 0 0 1 0 0 0 0 0 0 0 0 0 0 0 0 0 0 2 0 0 
0 0 0 -4 0 0 0 0 0 0 0 0 0 0 0 0 0 0 0 0 0 0 0 0 0 0 2 0 0 0 0 0 0 0 0 0 0 0 0 0 
0 4 0 0 0 0 0 0 0 0 0 0 0 0 0 0 2 0 0 0 0 0 2 0 0 0 0 0 0 0 0 0 0 0 0 0 0 0 0 0 
0 0 0 0 0 2 0 0 0 0 0 0 0 0 0 0 0 0 0 0 3 0 0 0 0 0 0 0 0 0 0 0 0 0 0 1 0 0 0 0 
0 0 0 0 0 0 0 0 0 0 0 0 0 0 0 0 0 0 0 0 0 0 0 0 3 0 0 0 0 0 0 0 0 0 0 0 0 0 0 4 
0 0 0 0 0 0 0 0 0 0 0 0 0 0 1 0 0 0 0 0 -1 0 0 0 0 0 0 0 0 0 0 0 0 0 0 0 0 0 0 0 
0 0 0 0 0 0 0 0 0 0 0 0 0 0 0 0 0 0 0 0 0 0 0 0 0 0 0 0 0 0 0 0 0 0 1 0 0 0 0 4 
0 0 0 0 0 0 0 0 5 0 0 0 0 0 0 0 0 0 0 0 0 0 0 0 0 0 0 0 0 0 0 0 0 0 0 0 0 15 0 0 
0 0 0 0 0 0 0 0 0 0 0 0 0 1 0 0 0 0 -6 0 0 0 0 0 0 0 0 0 0 0 0 0 1 0 0 0 0 0 0 0 
0 0 0 0 0 0 0 0 0 0 0 0 0 0 0 0 0 0 0 0 0 0 0 0 0 0 0 0 0 0 0 0 1 0 0 0 0 3 0 0 
0 0 0 0 0 0 0 0 0 0 0 0 0 0 0 0 0 0 1 0 0 0 0 0 0 0 0 0 0 0 0 0 0 0 0 0 0 0 0 0 
0 0 0 0 0 0 0 0 0 0 0 1 0 0 0 0 3 0 0 0 0 0 0 0 0 0 0 0 0 0 0 0 0 0 0 0 0 2 0 0 
0 0 0 0 0 0 0 0 0 0 0 0 0 0 0 0 0 0 0 0 0 0 0 0 0 0 0 0 0 0 1 0 0 0 0 2 0 0 0 0 
0 0 0 0 0 0 0 0 0 0 0 0 0 0 0 0 3 0 0 0 0 0 0 0 0 0 0 0 0 0 0 0 0 0 0 0 0 0 0 0 
0 0 0 0 0 0 0 0 0 1 0 0 0 0 1 0 0 0 0 0 0 0 0 0 0 0 0 0 0 0 0 0 0 0 0 4 0 0 0 0 
0 0 0 0 0 0 0 0 0 0 0 0 0 0 0 0 0 0 0 0 0 0 0 0 0 0 0 0 1 0 0 0 0 0 0 0 0 0 0 0 
0 0 0 0 0 0 0 0 0 0 0 0 0 0 6 0 0 0 0 0 0 0 0 0 0 0 0 0 0 0 0 0 0 0 0 0 0 0 0 0 
0 0 0 0 0 0 0 1 0 0 0 0 -2 0 0 0 0 0 0 0 0 0 0 0 0 0 0 0 0 0 0 0 0 0 0 4 0 0 0 0 
0 0 0 0 0 0 0 0 0 0 8 0 2 0 0 0 0 0 0 0 0 0 0 0 0 0 1 0 0 0 0 2 0 0 0 0 0 0 0 0 
0 0 0 0 0 0 0 0 0 0 0 0 0 0 2 0 0 0 0 0 0 0 0 0 0 0 0 0 0 4 0 1 0 0 0 0 0 0 0 0 
0 0 0 0 0 1 0 0 0 0 3 0 0 0 0 0 0 0 0 0 0 0 0 0 0 0 0 0 0 0 0 0 0 3 0 0 0 0 0 0 
0 0 0 0 0 0 0 0 4 0 1 0 0 0 0 0 0 0 0 0 0 0 0 0 1 0 0 0 0 4 0 0 0 0 0 0 0 0 0 0 
0 0 0 0 0 0 0 0 0 0 0 0 5 0 0 0 0 0 0 0 0 0 0 0 0 0 0 8 0 2 0 0 0 0 0 0 0 0 0 0 
0 0 0 1 0 0 0 0 3 0 0 0 0 0 0 0 0 0 0 0 0 0 0 0 0 0 0 0 0 0 0 0 0 0 2 0 0 0 0 0 
0 0 0 0 0 0 6 0 0 0 0 0 0 0 0 0 0 0 0 0 0 0 1 0 0 0 0 2 0 0 0 0 0 0 0 0 0 0 0 0 
0 0 0 0 0 0 0 0 0 0 0 0 0 3 0 0 0 0 0 0 0 0 0 0 0 9 0 0 0 0 0 0 0 0 0 0 0 0 0 0 
0 1 0 0 0 0 1 0 0 0 0 0 0 0 0 0 0 0 0 0 0 0 0 0 0 0 0 0 0 0 0 0 1 0 0 0 0 0 0 0 
0 0 0 0 3 0 0 0 0 0 0 0 0 0 0 0 0 0 0 0 1 0 0 0 0 3 0 0 0 0 0 0 0 0 0 0 0 0 0 0 
0 0 0 0 0 0 0 0 0 0 0 0 0 0 0 0 0 2 0 0 0 0 0 6 0 0 0 0 0 0 0 0 0 0 0 0 0 0 0 1 
0 0 0 0 2 0 0 0 0 0 0 0 0 0 0 0 0 0 0 0 0 0 0 0 0 0 0 0 0 0 0 0 0 0 0 0 1 0 0 0 
0 0 3 0 0 0 0 0 0 0 0 0 0 0 0 0 0 0 1 0 0 0 0 3 0 0 0 0 0 0 0 0 0 0 0 0 0 0 0 0 
0 0 0 0 0 0 2 0 0 0 0 0 0 0 0 0 0 0 0 0 0 2 0 0 0 0 0 0 0 0 0 0 0 0 0 0 0 1 0 0 
0 0 2 0 0 0 0 0 0 0 0 0 0 0 0 0 0 0 0 0 0 0 0 0 0 4 0 0 0 0 0 0 0 0 0 0 0 0 0 0 
4 0 0 0 0 0 0 0 0 0 0 0 0 0 0 0 1 0 0 0 0 0 0 0 0 0 0 0 0 0 0 0 0 0 0 0 0 0 0 0 
0 0 0 0 2 0 0 0 0 0 0 0 0 0 0 0 0 0 0 2 0 0 0 0 0 0 0 0 0 0 0 0 0 0 0 2 0 0 0 0 
6 0 0 0 0 0 0 0 0 0 0 0 0 0 0 0 0 0 0 0 0 0 0 3 0 0 0 0 0 0 0 0 0 0 0 0 0 0 3 0 
0 0 0 0 0 0 0 0 0 0 0 0 0 0 2 0 0 0 0 5 0 0 0 0 0 0 0 0 0 0 0 0 0 0 0 0 0 0 0 0 
0 0 12 0 0 0 0 0 0 0 0 0 0 0 0 0 0 12 0 0 0 0 0 0 0 0 0 0 0 0 0 0 0 4 0 0 0 0 4 0 
0 0 0 0 0 0 0 0 0 0 0 0 0 0 0 0 0 0 0 0 0 8 0 0 0 0 0 0 0 0 0 0 0 0 0 0 8 0 0 0 
0 0 0 0 0 0 0 0 0 0 0 0 4 0 0 0 0 8 0 0 0 0 0 0 0 0 0 0 0 0 0 0 0 0 0 0 0 0 0 0 
14 0 0 0 0 0 0 0 0 0 0 0 0 0 0 14 0 0 0 0 0 0 0 0 0 0 0 0 0 0 0 6 0 0 0 0 10 0 0 0 
0 0 0 0 0 0 0 0 0 0 0 0 0 0 0 0 0 0 0 15 0 0 0 0 0 0 0 0 0 0 0 0 0 0 15 0 0 0 0 0 
0 0 0 0 0 0 0 0 0 0 6 0 0 0 0 9 0 0 0 0 0 0 0 0 0 0 0 0 0 0 0 0 0 0 0 0 0 0 1 0 
0 0 0 0 0 0 0 0 0 0 0 0 0 1 0 0 0 0 0 0 0 0 0 0 0 0 0 0 0 1 0 0 0 0 3 0 0 0 0 0 
0 0 0 2 0 0 0 0 0 0 0 0 0 0 0 0 0 2 0 0 0 0 0 0 0 0 0 0 0 0 0 0 8 0 0 0 0 0 0 0 
0 0 0 0 0 0 0 0 1 0 0 0 0 -2 0 0 0 0 0 0 0 0 1 0 0 0 0 0 0 0 0 0 0 0 0 0 2 0 0 0 
0 0 0 0 0 0 0 0 0 0 0 5 0 0 0 0 0 0 0 0 0 0 0 0 0 0 0 1 0 0 0 0 0 0 0 0 0 0 0 0 
0 1 0 0 0 0 0 0 0 0 0 0 0 0 0 3 0 0 0 0 0 0 0 0 0 0 0 0 0 0 6 0 0 0 0 0 0 0 0 0 
0 0 0 0 0 0 1 0 0 0 0 -1 0 0 0 0 0 0 0 0 1 0 0 0 0 0 0 0 0 0 0 0 0 0 4 0 0 0 0 0 
0 0 0 0 0 0 0 0 0 7 0 0 0 0 0 0 0 0 0 0 0 0 0 0 0 1 0 0 0 0 -2 0 0 0 0 0 0 0 0 4 
0 0 0 0 0 0 0 0 0 0 0 0 0 1 0 0 0 0 0 0 0 0 0 0 0 0 0 0 13 0 0 0 0 0 0 0 0 0 0 0 
0 0 0 0 1 0 0 0 0 -5 0 0 0 0 0 0 0 0 0 0 0 0 0 0 0 0 0 0 0 0 0 0 12 0 0 0 0 0 0 0 
0 0 0 0 0 0 0 15 0 0 0 0 0 0 0 0 0 0 3 0 0 0 0 1 0 0 0 0 -2 0 0 0 0 0 0 0 0 2 0 0 
0 0 0 0 0 0 0 0 0 0 0 0 0 0 0 0 0 0 0 0 2 0 0 0 0 0 0 0 0 0 0 0 0 0 0 2 0 0 0 0 
0 0 1 0 0 0 0 2 0 0 0 0 0 0 0 0 1 0 0 0 0 0 0 0 0 0 0 0 0 0 0 0 0 0 0 0 0 0 0 1 
0 0 0 0 0 0 0 0 0 0 0 0 0 0 1 0 0 0 0 0 0 1 0 0 0 0 3 0 0 0 0 0 0 0 0 0 0 0 0 0 
0 0 0 0 0 0 0 0 0 0 0 0 0 0 0 0 0 0 0 0 0 0 0 0 8 0 0 0 0 0 0 0 0 2 0 0 0 0 0 0 
1 0 0 0 0 0 0 0 0 0 0 0 0 0 0 0 0 0 0 0 0 0 0 0 0 0 0 0 0 0 0 0 0 0 0 0 0 0 0 0 
0 0 0 12 0 0 0 0 0 0 0 0 3 0 0 0 0 0 0 1 0 0 0 0 -2 0 0 0 0 0 0 0 0 0 0 0 0 0 0 0 
0 0 0 0 0 0 0 0 0 0 0 0 0 0 0 0 0 0 0 0 0 0 4 0 0 0 0 0 0 0 0 1 0 0 0 0 0 0 1 0 
0 0 0 2 0 0 0 0 0 0 0 0 0 0 0 0 0 0 0 0 0 0 0 0 0 0 0 0 0 0 0 0 0 0 0 0 0 0 0 0 
0 0 0 0 0 0 0 0 0 0 0 0 0 0 0 0 0 0 1 0 0 0 3 0 0 0 0 0 0 0 0 0 0 0 0 0 0 0 0 0 
0 0 0 0 0 0 0 0 0 0 0 0 0 0 0 0 0 0 0 0 1 0 0 0 0 0 0 0 0 0 0 0 0 0 0 0 0 1 0 0 
0 2 0 0 0 0 0 0 0 0 0 0 0 0 0 0 0 0 0 0 0 0 0 0 2 0 0 0 0 0 0 0 0 0 0 0 0 0 0 2 
0 0 0 0 0 0 0 0 0 0 0 0 0 0 0 0 2 0 0 0 4 0 0 0 0 0 0 0 0 0 0 0 0 0 0 0 0 0 0 0 
0 0 0 1 0 0 0 0 0 0 0 0 0 0 0 0 0 0 1 0 0 0 0 0 0 0 0 0 0 0 0 0 0 0 0 1 0 0 0 2 
0 0 0 0 0 0 0 0 0 0 0 0 0 0 0 0 0 0 0 0 0 0 2 0 0 0 0 0 0 0 0 0 0 0 0 0 0 3 0 0 
0 0 0 0 0 0 0 0 0 0 0 0 0 0 1 0 0 0 0 0 0 0 0 0 0 0 0 0 0 0 0 0 0 0 0 0 0 0 0 0 
0 3 0 0 0 0 0 0 0 0 0 0 0 0 0 0 4 0 0 0 0 0 0 0 0 0 0 0 0 0 0 0 0 1 0 0 0 -1 0 0 
0 0 0 0 0 0 0 0 0 0 0 0 0 0 0 0 0 0 0 0 1 0 0 0 0 0 0 0 0 0 0 0 0 0 0 2 0 0 0 0 
0 0 0 0 0 0 0 0 0 0 0 0 1 0 0 0 1 0 0 0 0 0 0 0 0 0 0 0 0 0 0 0 0 0 0 0 0 0 0 0 
0 0 0 0 0 0 0 0 0 0 0 0 0 0 0 0 0 0 0 0 0 0 0 0 0 0 0 0 0 0 0 0 1 0 0 4 0 0 0 0 
0 0 0 0 4 0 0 0 0 0 0 0 0 0 0 0 0 0 0 0 0 0 0 0 0 0 0 0 0 0 0 0 0 12 0 0 0 0 0 0 
0 0 0 0 0 0 0 0 0 0 0 1 0 0 -4 0 0 0 0 0 0 0 0 5 0 0 0 0 0 0 0 0 0 0 0 0 0 0 0 0 
0 0 0 0 0 0 0 0 0 0 0 0 15 0 0 0 0 0 0 0 0 0 0 0 0 0 0 0 0 0 1 0 0 -6 0 0 0 0 0 0 
0 0 1 0 0 0 0 0 0 0 0 0 0 0 0 0 3 0 0 0 0 0 0 0 0 0 0 0 0 0 0 6 0 0 0 0 0 0 0 0 
0 0 0 0 0 0 0 0 0 1 0 0 -1 0 0 0 0 0 0 0 0 0 0 0 0 0 1 0 0 0 0 0 0 0 0 0 0 0 0 0 
0 0 0 0 0 0 0 0 0 0 0 0 0 0 0 0 0 0 0 0 0 0 0 0 0 0 0 0 1 0 0 3 0 0 0 0 0 0 0 0 
0 0 0 0 0 0 0 0 0 0 0 0 1 0 0 0 0 0 0 0 0 0 0 0 0 0 0 0 0 0 0 0 0 0 0 0 0 0 0 0 
0 0 0 0 0 0 0 1 0 0 3 0 0 0 0 0 0 0 0 0 0 0 0 0 0 0 0 0 0 0 0 2 0 0 0 0 0 0 0 0 
0 0 0 0 0 0 0 0 0 0 0 0 0 0 0 0 0 0 0 0 0 0 0 0 0 0 1 0 0 2 0 0 0 0 0 0 0 0 0 0 
0 0 0 0 0 0 0 0 0 0 3 0 0 0 0 0 0 0 0 0 0 0 0 0 0 0 0 0 0 0 0 0 0 0 0 0 0 0 0 0 
0 0 0 0 0 1 0 0 1 0 0 0 0 0 0 0 0 0 0 0 0 0 0 0 0 0 0 0 0 4 0 0 0 0 0 0 0 0 0 0 
0 0 0 0 0 0 0 0 0 0 0 0 0 0 0 0 0 0 0 0 0 0 0 0 1 0 0 0 0 0 0 0 0 0 0 0 0 0 0 0 
0 0 0 0 0 0 0 0 5 0 0 0 0 0 0 0 0 0 0 0 0 0 0 0 0 0 0 0 0 0 0 0 0 0 0 0 0 0 0 0 
0 0 0 1 0 0 -1 0 0 0 0 0 0 0 0 0 0 0 0 0 0 0 0 0 0 0 0 6 0 0 0 0 0 0 0 0 0 0 0 0 
0 0 0 0 0 0 0 0 0 0 0 0 0 0 0 0 0 0 0 0 0 0 1 0 0 -2 0 0 0 0 0 0 0 0 0 0 0 0 0 0 
0 0 0 0 0 0 0 0 2 0 0 0 0 0 0 0 0 0 0 0 0 0 0 4 0 1 0 0 0 0 0 0 0 0 0 0 0 0 0 0 
0 1 0 0 3 0 0 0 0 0 0 0 0 0 0 0 0 0 0 0 0 0 0 0 0 0 0 0 0 0 1 0 0 0 0 0 0 0 0 0 
0 0 0 0 0 0 0 0 0 0 0 0 0 0 0 0 0 0 0 0 1 0 0 3 0 0 0 0 0 0 0 0 0 0 0 0 0 0 0 0 
0 0 0 0 0 0 0 0 0 0 0 0 0 0 0 2 0 0 0 0 0 6 0 0 0 0 0 0 0 0 0 0 0 0 0 0 0 0 0 1 
0 0 2 0 0 0 0 0 0 0 0 0 0 0 0 0 0 0 0 0 0 0 0 0 0 0 0 0 0 0 0 0 0 0 1 0 0 0 0 0 
3 0 0 0 0 0 0 0 0 0 0 0 0 0 0 0 0 0 1 0 0 3 0 0 0 0 0 0 0 0 0 0 0 0 0 0 0 0 0 0 
0 0 0 0 0 0 0 0 0 0 0 0 0 0 0 0 0 0 0 2 0 0 0 0 0 0 0 0 0 0 0 0 0 0 0 0 0 1 0 0 
1 0 0 0 0 0 0 0 0 0 0 0 0 0 0 0 0 0 0 0 0 0 0 0 0 0 0 0 0 0 0 0 0 0 0 0 0 0 2 0 
0 0 0 0 0 0 0 0 0 0 0 0 0 0 0 0 1 0 0 2 0 0 0 0 0 0 0 0 6 0 0 0 0 0 0 0 0 0 0 0 
0 0 0 0 0 0 0 0 0 0 0 0 0 0 0 0 0 24 0 0 0 0 0 0 0 0 0 0 0 0 0 0 0 0 0 3 0 0 -6 0 
0 0 0 0 0 0 0 2 0 0 0 0 0 0 0 0 0 0 0 0 0 0 0 0 0 0 0 0 0 0 0 0 0 0 0 0 8 0 0 0 
0 0 0 0 0 0 0 0 0 0 0 0 0 0 1 0 0 -2 0 0 0 0 0 0 0 0 3 0 0 0 0 0 0 0 0 0 0 0 0 0 
0 0 0 0 0 0 0 0 0 0 0 0 0 0 0 11 0 0 0 0 0 0 0 0 0 0 0 0 0 0 0 0 0 1 0 0 -4 0 0 0 
0 0 0 0 0 3 0 0 0 0 0 0 0 0 0 0 0 0 0 0 0 0 0 0 0 0 0 0 0 0 0 0 0 0 11 0 0 0 0 0 
0 0 0 0 0 0 0 0 0 0 0 0 1 0 0 -5 0 0 0 0 0 0 0 0 1 0 0 0 0 0 0 0 0 0 0 0 0 0 0 0 
0 0 0 0 0 0 0 0 0 0 0 0 0 5 0 0 0 0 0 0 0 0 0 0 0 0 0 0 0 0 0 1 0 0 0 0 0 0 0 0 
0 0 0 1 0 0 0 0 0 0 0 0 0 0 0 1 0 0 0 0 0 0 0 0 0 0 0 0 0 0 0 0 5 0 0 0 0 0 0 0 
0 0 0 0 0 0 0 0 0 0 1 0 0 -1 0 0 0 0 0 0 0 0 1 0 0 0 0 0 0 0 0 0 0 0 2 0 0 0 0 0 
0 0 0 0 0 0 0 0 0 0 0 5 0 0 0 0 0 0 0 0 0 0 0 0 0 0 0 0 0 1 0 0 -2 0 0 0 0 0 0 0 
0 1 0 0 0 0 0 0 0 0 0 0 0 3 0 0 0 0 0 0 0 0 0 0 0 0 0 0 0 0 5 0 0 0 0 0 0 0 0 0 
0 0 0 0 0 0 0 0 1 0 0 -3 0 0 0 0 0 0 0 0 1 0 0 0 0 0 0 0 0 0 0 0 0 0 3 0 0 0 0 0 
0 0 0 0 0 0 0 0 0 10 0 0 0 0 0 0 0 0 0 0 0 0 0 0 0 0 0 2 0 0 -1 0 0 0 0 0 0 0 0 0 
0 0 0 2 0 0 0 0 0 0 0 0 0 0 0 0 0 0 0 0 0 0 0 0 0 0 0 0 4 0 0 0 0 0 0 0 0 0 0 0 
0 0 0 0 0 0 2 0 0 -2 0 0 0 0 0 0 0 0 0 0 0 0 1 0 0 0 0 0 0 0 0 0 0 0 0 0 0 0 0 0 
0 0 0 0 0 0 0 2 0 0 0 0 0 0 0 0 0 0 0 0 0 0 0 0 0 1 0 0 -1 0 0 0 0 0 0 0 0 0 0 0 
0 0 1 0 0 0 0 0 0 0 0 0 0 0 0 0 0 0 0 0 0 0 0 0 0 0 2 0 0 0 0 0 0 0 0 0 0 0 0 0 
0 0 0 0 1 0 0 1 0 0 0 0 0 0 0 0 0 0 0 0 0 2 0 0 0 0 0 0 0 0 0 0 0 0 0 0 0 0 0 0 
0 0 0 0 0 2 0 0 0 0 0 0 0 0 0 0 0 0 0 0 0 0 0 1 0 0 0 0 0 0 0 0 0 0 0 0 0 0 0 0 
0 0 0 0 0 0 0 1 0 0 0 0 0 0 0 0 0 0 0 0 0 0 0 0 2 0 0 0 0 0 0 0 0 0 0 0 0 0 0 0 
0 0 1 0 0 1 0 0 0 0 0 0 0 0 0 0 0 0 0 0 0 0 0 0 0 0 2 0 0 0 0 0 0 0 0 0 0 0 0 0 
0 0 0 2 0 0 0 0 0 0 0 0 0 0 0 0 0 0 0 0 0 1 0 0 0 0 0 0 0 0 0 0 0 0 0 0 0 0 0 0 
0 0 0 0 0 3 0 0 0 0 0 0 0 0 0 0 0 0 0 0 0 0 2 0 0 0 0 0 0 0 0 0 0 0 0 0 0 0 0 0 
1 0 0 -1 0 0 0 0 0 0 0 0 0 0 0 0 0 0 0 0 0 0 0 0 4 0 0 0 0 0 0 0 0 0 0 0 0 0 0 0 
0 2 0 0 0 0 0 0 0 0 0 0 0 0 0 0 0 0 0 1 0 0 -2 0 0 0 0 0 0 0 0 0 0 0 0 0 0 0 0 0 
0 0 0 0 0 2 0 0 0 0 0 0 0 0 0 0 0 0 0 0 2 0 0 0 0 0 0 0 0 0 0 0 0 0 0 0 0 0 1 0 
0 2 0 0 0 0 0 0 0 0 0 0 0 0 0 0 0 0 0 0 0 0 0 0 3 0 0 0 0 0 0 0 0 0 0 0 0 0 0 3 
0 0 0 0 0 0 0 0 0 0 0 0 0 0 0 0 0 1 0 0 1 0 0 0 0 0 0 0 0 0 0 0 0 0 0 0 0 0 0 0 
0 0 0 4 0 0 0 0 0 0 0 0 0 0 0 0 0 0 4 0 0 0 0 0 0 0 0 0 0 0 0 0 0 0 0 0 1 0 0 0 
0 0 0 0 0 0 0 0 0 0 0 0 0 0 0 0 0 0 0 0 0 0 1 0 0 0 0 0 0 0 0 0 0 0 0 0 0 1 0 0 
0 0 0 0 0 0 0 0 0 0 0 0 0 0 0 1 0 0 3 0 0 0 0 2 0 0 0 0 0 0 0 0 0 0 0 0 0 0 0 0 
0 4 0 0 0 0 0 0 0 0 0 0 0 0 0 0 10 0 0 0 0 0 0 0 0 0 0 0 0 0 0 0 0 0 1 0 0 0 0 0 
0 0 1 0 0 0 0 0 0 0 0 0 0 0 0 0 0 0 0 0 2 0 0 0 0 0 0 0 0 0 0 0 0 0 0 6 0 0 0 0 
0 0 0 0 0 0 0 0 0 0 0 0 0 1 0 0 1 0 0 0 0 1 0 0 0 0 0 0 0 0 0 0 0 0 0 0 0 0 0 1 
0 0 0 0 0 0 0 0 0 0 0 0 0 0 6 0 0 0 0 0 0 0 0 0 0 0 0 0 0 0 0 0 1 0 0 0 0 0 0 0 
0 0 0 0 0 0 0 0 1 0 0 0 0 0 0 0 0 0 1 0 0 0 0 0 0 0 0 0 0 0 0 0 0 2 0 0 0 0 0 0 
0 0 0 0 0 0 0 0 0 0 0 1 0 0 0 0 0 0 0 0 0 0 0 0 0 0 0 0 0 0 0 0 0 0 0 0 0 4 0 0 
0 0 0 0 0 0 0 0 0 0 0 0 10 0 2 0 0 0 0 0 0 0 0 0 0 0 0 0 0 0 1 0 0 0 0 0 0 0 0 0 
0 0 0 0 0 0 0 0 0 0 0 0 0 0 0 0 2 0 0 0 0 0 0 0 0 0 0 0 0 0 0 6 0 1 0 0 0 0 0 0 
0 0 0 0 0 0 0 0 0 1 0 0 1 0 0 0 0 0 0 0 0 0 0 0 0 0 0 0 0 0 0 0 0 0 0 3 0 0 0 0 
0 0 0 0 0 0 0 0 0 0 6 0 1 0 0 0 0 0 0 0 0 0 0 0 0 0 0 0 1 0 0 2 0 0 0 0 0 0 0 0 
0 0 0 0 0 0 0 0 0 0 0 0 0 0 1 0 0 0 0 0 0 0 0 0 0 0 0 0 0 6 0 1 0 0 0 0 0 0 0 0 
0 0 0 0 0 0 0 1 0 0 0 0 0 0 0 0 0 0 0 0 0 0 0 0 0 0 0 0 0 0 0 0 0 5 0 0 0 0 0 0 
0 0 0 0 0 0 0 0 10 0 2 0 0 0 0 0 0 0 0 0 0 0 0 0 0 0 1 0 0 1 0 0 0 0 0 0 0 0 0 0 
0 0 0 0 0 0 0 0 0 0 0 0 2 0 0 0 0 0 0 0 0 0 0 0 0 0 0 8 0 0 0 0 0 0 0 0 0 2 0 0 
0 0 0 0 0 1 0 0 0 0 0 0 0 0 0 0 0 0 0 0 0 0 0 0 0 0 0 0 0 0 0 1 0 0 0 0 0 0 0 0 
0 0 0 0 0 0 5 0 0 0 0 0 0 0 0 0 1 0 0 0 0 0 0 0 1 0 0 1 0 0 0 0 0 0 0 0 0 0 0 0 
0 0 0 0 0 0 0 0 0 0 0 0 0 2 0 0 0 0 0 0 0 0 0 0 0 8 0 0 0 0 0 0 0 0 0 0 0 0 0 0 
0 0 0 1 0 0 0 0 0 0 0 0 0 0 0 0 0 0 0 0 0 0 0 0 0 0 0 0 0 0 0 0 1 0 0 0 0 0 0 0 
0 0 0 0 5 0 0 0 0 0 0 0 0 0 0 0 0 0 0 0 0 0 1 0 0 1 0 0 0 0 0 0 0 0 0 0 0 0 0 0 
0 0 0 0 0 0 0 0 0 0 0 0 0 0 0 0 0 1 0 0 0 0 0 5 0 0 0 0 0 0 0 0 0 0 0 0 0 0 0 0 
0 1 0 0 1 0 0 0 0 0 0 0 0 6 0 0 0 0 0 0 0 0 0 0 0 0 0 0 0 0 0 0 0 0 0 0 0 0 0 0 
0 1 24 0 0 0 0 0 0 0 0 0 0 0 0 0 0 0 0 0 2 0 0 -6 0 0 0 0 0 0 0 0 0 0 0 0 0 0 0 0 
0 0 0 0 0 0 2 0 0 0 0 0 0 0 0 0 0 0 0 0 0 6 0 0 0 0 0 0 0 0 0 0 0 0 0 0 0 0 0 2 
0 0 2 0 0 0 0 0 0 0 0 0 0 0 0 0 0 0 0 0 0 0 0 0 0 1 0 0 0 0 0 0 0 0 0 0 0 0 0 0 
5 0 0 0 0 0 0 0 0 0 0 0 0 0 0 0 0 0 2 0 0 3 0 0 0 0 0 0 0 0 0 0 0 0 0 0 0 0 0 0 
0 0 0 0 4 0 0 0 0 0 0 0 0 0 0 0 0 0 0 10 0 0 0 0 0 0 0 0 0 0 0 0 0 0 0 0 0 3 0 0 
2 0 0 0 0 0 0 0 0 0 0 0 0 0 0 0 0 0 0 0 0 0 0 5 0 0 0 0 0 0 0 0 0 0 0 0 0 0 11 0 
0 0 0 0 0 0 0 0 0 0 0 0 0 0 0 0 3 0 0 1 0 0 0 0 0 0 0 0 0 0 0 0 0 0 0 0 0 0 0 0 
0 0 7 0 0 0 0 0 0 0 0 0 0 0 0 0 0 13 0 0 0 0 0 0 0 0 0 0 0 0 0 0 0 0 0 3 0 0 -1 0 
0 0 0 0 0 0 0 0 0 0 0 0 0 0 0 0 0 0 0 0 0 7 0 0 0 0 0 0 0 0 0 0 0 0 0 0 15 0 0 0 
0 0 0 0 0 0 0 0 0 0 0 0 0 0 4 0 0 1 0 0 0 0 0 0 0 0 0 0 0 0 0 0 0 0 0 0 0 0 0 0 
2 0 0 0 0 0 0 0 0 0 0 0 0 0 0 4 0 0 0 0 0 0 0 0 0 0 0 0 0 0 0 0 0 1 0 0 0 0 0 0 
0 0 0 0 0 0 0 0 0 0 0 0 0 0 0 0 0 0 0 3 0 0 0 0 0 0 0 0 0 0 0 0 0 0 5 0 0 0 0 0 
0 0 0 0 0 0 0 0 0 0 0 0 1 0 0 -1 0 0 0 0 0 0 0 0 0 0 0 0 0 0 0 0 0 0 0 0 0 0 4 0 
0 0 0 0 0 0 0 0 0 0 0 0 0 6 0 0 0 0 0 0 0 0 0 0 0 0 0 0 0 0 0 1 0 0 -2 0 0 0 0 0 
0 0 0 0 0 0 0 0 0 0 0 0 0 0 0 0 0 1 0 0 0 0 0 0 0 0 0 0 0 0 0 0 3 0 0 0 0 0 0 0 
0 0 0 0 0 0 0 0 0 0 1 0 0 1 0 0 0 0 0 0 0 0 1 0 0 0 0 0 0 0 0 0 0 0 0 0 3 0 0 0 
0 0 0 0 0 0 0 0 0 0 0 12 0 0 0 0 0 0 0 0 0 0 0 0 0 0 0 0 0 3 0 0 1 0 0 0 0 0 0 0 
0 0 0 0 0 0 0 0 0 0 0 0 0 0 0 0 0 0 0 0 0 0 0 0 0 0 0 0 0 0 2 2 0 0 0 0 0 0 0 0 
0 0 0 0 0 0 0 0 1 0 0 -2 0 0 0 0 0 0 0 0 0 0 0 0 0 0 0 0 0 0 0 0 0 0 0 0 0 0 0 0 
0 0 0 0 0 0 0 0 0 2 3 0 0 0 0 0 0 0 0 0 0 0 0 0 0 0 0 1 0 0 -4 0 0 0 0 0 0 0 0 0 
0 0 0 0 0 0 0 0 0 0 0 0 0 0 0 0 0 0 0 0 0 0 0 0 0 0 0 0 2 1 0 0 0 0 0 0 0 0 0 0 
0 0 0 0 0 0 1 0 0 0 0 0 0 0 0 0 0 0 0 0 0 0 0 0 0 0 0 0 0 0 0 0 0 0 0 0 0 0 0 0 
0 0 0 0 0 0 0 6 0 1 0 0 0 0 0 0 0 0 0 0 0 0 0 0 0 1 0 0 -1 0 0 0 0 0 0 0 0 6 0 0 
0 0 0 0 0 0 0 0 0 0 0 0 0 0 0 0 0 0 0 0 0 0 0 0 0 0 24 0 0 0 0 0 0 1 0 0 0 0 0 0 
0 0 0 0 2 0 0 -6 0 0 0 0 0 0 0 0 2 0 0 0 0 0 0 0 0 0 0 0 0 0 0 0 0 0 0 0 0 0 0 2 
0 0 0 0 0 2 0 0 0 0 0 0 0 0 2 0 0 0 0 0 0 0 0 1 0 0 0 0 0 0 0 0 0 0 0 3 0 0 0 0 
0 0 0 0 0 0 0 0 0 0 0 0 0 0 0 0 0 0 3 0 0 0 0 0 2 0 0 0 0 0 0 0 0 3 0 0 0 0 0 0 
0 0 1 0 0 -1 0 0 0 0 0 0 0 0 1 0 0 0 0 0 0 0 0 0 0 0 0 0 0 0 0 0 0 0 0 0 0 1 0 0 
0 0 0 2 0 0 0 0 0 0 0 0 1 0 0 0 0 0 0 0 0 1 0 0 1 0 0 0 0 0 0 0 0 0 0 0 0 0 0 0 
0 0 0 0 0 0 0 0 0 0 0 0 0 0 0 0 0 0 0 0 0 0 10 0 0 0 0 0 0 0 0 2 0 0 0 0 0 0 0 0 
1 0 0 -2 0 0 0 0 0 0 0 0 0 0 0 0 0 0 0 0 0 0 0 0 0 0 0 0 0 0 0 0 0 0 0 0 0 0 0 0 
0 14 0 0 0 0 0 0 0 0 3 0 0 0 0 0 0 0 0 1 0 0 -4 0 0 0 0 0 0 0 0 0 0 0 0 0 0 0 0 0 
0 0 0 0 0 0 0 0 0 0 0 0 0 0 0 0 0 0 0 0 6 0 0 0 0 0 0 0 0 1 0 0 0 0 0 0 0 0 1 0 
0 0 0 0 0 0 0 0 0 0 0 0 0 0 0 0 0 0 0 0 0 0 0 0 0 0 0 0 0 0 0 0 0 0 0 0 0 0 0 10 
0 0 0 0 0 0 0 0 0 2 0 0 0 0 0 0 0 1 0 0 -2 0 0 0 0 0 0 0 0 0 0 0 0 0 0 0 0 0 0 0 
0 0 0 0 0 0 0 0 0 0 0 0 0 0 0 0 0 0 6 0 0 0 0 0 0 0 0 0 1 0 0 0 0 0 0 0 1 0 0 0 
0 0 0 0 0 0 0 0 0 0 0 0 0 0 0 0 0 0 0 0 0 0 3 0 0 0 0 0 0 0 0 0 0 0 0 0 0 6 0 0 
0 0 0 0 0 0 0 0 1 0 0 0 0 0 0 1 0 0 1 0 0 0 0 0 0 0 0 0 0 0 0 0 0 0 0 0 0 0 0 0 
0 0 0 0 0 0 0 0 0 0 0 0 0 0 0 0 0 2 0 0 0 0 0 0 0 0 0 0 0 0 0 0 0 0 1 0 0 0 0 0 
0 0 0 0 0 0 0 0 0 0 0 0 0 0 0 0 0 0 0 0 0 0 0 0 0 0 0 0 0 0 0 0 0 0 0 0 3 0 0 0 
0 0 0 0 0 0 0 0 0 0 0 0 0 1 0 0 -2 0 0 0 0 0 0 0 0 0 0 0 0 0 0 0 0 0 0 0 0 0 0 0 
0 0 0 0 0 0 0 0 0 0 0 0 0 0 0 4 0 0 0 0 0 0 0 0 0 0 0 0 0 0 0 0 1 0 0 -4 0 0 0 0 
0 0 0 0 0 0 0 0 0 0 0 0 0 0 0 0 0 0 0 0 0 0 0 0 0 0 0 0 0 0 0 0 0 0 1 0 0 0 0 0 
0 0 0 0 0 0 0 0 0 0 0 1 0 0 2 0 0 0 0 0 0 0 0 2 0 0 0 0 0 0 0 0 0 0 0 0 0 0 0 0 
0 0 0 0 0 0 2 0 0 0 0 0 0 0 0 0 0 0 0 0 0 2 0 0 0 0 0 0 0 0 1 0 0 2 0 0 0 0 0 0 
0 0 1 0 0 0 0 0 0 0 0 0 0 0 0 0 0 0 0 0 0 0 0 0 0 1 0 0 0 0 0 0 0 0 0 0 0 0 0 0 
1 0 0 0 0 0 0 0 0 1 0 0 3 0 0 0 0 0 0 0 0 0 0 0 0 0 0 0 0 0 0 0 0 0 0 0 0 0 0 0 
0 0 0 0 0 0 0 0 0 0 8 0 0 0 0 0 0 0 0 2 0 0 0 0 0 0 0 0 1 0 0 0 0 0 0 0 0 0 0 0 
0 0 0 0 0 0 0 0 0 0 0 0 0 0 0 0 0 0 0 0 0 0 0 0 0 0 0 0 0 4 0 0 0 0 0 0 0 0 1 0 
0 0 0 0 0 0 0 1 0 0 2 0 0 0 0 0 0 0 0 0 0 0 0 0 0 0 0 0 0 0 0 0 0 0 0 0 0 0 0 0 
0 0 0 0 0 0 0 0 0 0 0 0 0 0 0 0 0 0 0 0 0 0 0 0 0 0 0 1 0 2 0 0 0 0 0 0 0 0 2 0 
0 0 0 0 0 0 0 0 0 0 0 0 0 0 0 0 0 0 0 0 0 0 0 0 0 0 0 6 0 0 0 0 0 0 0 0 0 0 0 0 
0 0 0 0 0 0 1 0 -2 0 0 0 0 0 0 0 0 1 0 0 0 0 0 0 0 0 0 0 0 0 0 0 0 0 0 0 0 0 0 0 
0 0 0 0 0 0 3 0 0 0 0 0 0 0 0 0 0 0 0 0 0 0 0 0 0 2 0 2 0 0 0 0 0 0 0 0 1 0 0 0 
0 0 0 0 0 0 0 0 0 0 0 0 0 0 0 0 0 0 0 0 0 0 0 0 0 3 0 0 0 0 0 0 0 0 0 0 0 0 0 0 
0 0 0 0 1 0 0 0 0 0 0 0 0 0 0 0 0 0 0 0 1 0 0 0 0 0 0 0 0 0 0 0 0 0 0 0 0 0 0 0 
0 0 0 0 0 0 0 0 0 0 0 0 0 0 0 0 0 0 0 0 0 0 0 1 0 1 0 0 0 0 0 0 0 0 0 0 0 0 0 2 
0 0 0 0 0 0 0 0 0 0 0 0 0 0 0 0 0 0 0 0 0 0 0 0 0 0 0 0 0 0 0 0 0 0 0 0 0 0 0 0 
0 0 1 0 0 0 0 0 0 0 0 0 0 0 0 0 0 0 3 0 0 0 0 0 0 0 0 0 0 0 0 0 0 0 0 0 0 0 0 0 
0 0 0 0 0 0 0 0 0 0 0 0 0 0 0 0 0 0 0 0 0 1 0 -1 0 0 0 0 0 0 0 0 0 0 0 0 0 4 0 0 
0 0 0 0 0 0 0 0 0 0 0 0 0 0 0 0 0 0 0 0 0 0 0 0 0 0 0 0 0 0 0 0 0 0 0 0 0 0 0 0 
1 0 -2 0 0 0 0 0 0 0 0 1 0 0 0 0 0 0 0 0 0 0 0 0 0 1 0 0 0 0 0 0 0 0 0 0 0 0 0 0 
3 0 0 0 0 0 0 0 0 0 0 0 0 0 0 0 0 0 0 1 0 1 0 0 0 0 0 0 0 0 0 0 0 0 0 0 0 0 0 0 
0 0 0 0 4 0 0 0 0 0 0 0 0 0 0 0 0 0 0 8 0 2 0 0 0 0 0 0 0 0 0 0 0 0 0 0 0 0 1 0 
0 0 0 0 0 0 0 0 0 0 0 0 0 0 0 0 0 0 0 0 0 0 0 2 0 0 0 0 0 0 0 0 0 0 0 0 0 0 8 0 
2 0 0 0 0 0 0 0 0 0 0 0 0 0 0 0 0 1 0 -2 0 0 0 0 0 0 0 0 0 0 0 0 0 0 0 0 0 0 0 0 
0 0 3 0 0 0 0 0 0 0 0 0 0 0 0 0 0 12 0 3 0 0 0 0 0 0 0 0 0 0 0 0 0 0 0 0 1 0 -4 0 
0 0 0 0 0 0 0 0 0 0 0 0 0 0 0 0 0 0 0 0 0 2 0 0 0 0 0 0 0 0 0 0 0 0 0 0 4 0 1 0 
0 0 0 0 0 0 0 0 0 0 0 0 0 0 0 1 0 1 0 0 0 0 0 0 0 0 0 0 0 0 0 0 0 0 0 0 0 0 0 0 
1 0 0 0 0 0 0 0 0 0 0 0 0 0 0 4 0 1 0 0 0 0 0 0 0 0 0 0 0 0 0 0 0 0 1 0 0 0 0 0 
0 0 0 0 0 0 0 0 0 0 0 0 0 0 0 0 0 0 0 3 0 0 0 0 0 0 0 0 0 0 0 0 0 0 8 0 2 0 0 0 
0 0 0 0 0 0 0 0 0 0 0 0 0 1 0 -1 0 0 0 0 0 0 0 0 0 0 0 0 0 0 0 0 0 0 0 0 0 0 1 0 
0 0 0 0 0 0 0 0 0 0 0 0 0 8 0 2 0 0 0 0 0 0 0 0 0 0 0 0 0 0 0 0 1 0 -3 0 0 0 0 0 
0 0 0 0 0 0 0 0 0 0 0 0 0 0 0 0 0 2 0 0 0 0 0 0 0 0 0 0 0 0 0 0 0 0 0 0 0 0 0 0 
0 2 0 0 0 0 0 0 0 0 0 1 0 0 0 0 0 0 0 0 0 0 0 0 0 0 0 0 0 0 0 0 0 0 0 0 3 0 0 0 
0 0 0 0 0 0 0 0 0 0 0 0 0 0 0 0 0 0 0 0 3 0 0 0 0 0 0 0 0 0 1 0 -1 0 0 0 0 0 0 0 
0 0 0 0 0 0 0 0 0 0 0 0 0 0 0 2 0 0 0 0 0 0 0 0 0 0 0 0 0 0 2 0 0 0 0 0 0 0 0 0 
0 0 0 0 0 0 0 0 0 1 0 0 0 0 0 0 0 0 0 0 0 0 0 0 0 0 0 0 0 0 0 0 0 0 3 0 0 0 0 0 
0 0 0 0 0 0 0 0 0 3 0 0 0 0 0 0 0 0 0 0 0 0 0 0 0 0 0 0 1 0 -1 0 0 0 0 0 0 0 0 0 
0 0 0 0 0 0 0 0 0 0 0 0 0 4 0 0 0 0 0 0 0 0 0 0 0 0 0 0 4 0 0 0 0 0 0 0 0 0 0 0 
0 0 0 0 0 0 0 1 0 -2 0 0 0 0 0 0 0 0 0 0 0 0 0 0 0 0 0 0 0 0 0 0 1 0 0 0 0 0 0 0 
0 0 0 0 0 0 0 1 0 0 0 0 0 0 0 0 0 0 0 0 0 0 0 0 0 0 2 0 3 0 0 0 0 0 0 0 0 0 0 0 
0 0 0 0 0 0 0 0 0 0 0 1 0 0 0 0 0 0 0 0 0 0 0 0 0 0 1 0 0 0 0 0 0 0 0 0 0 0 0 0 
0 0 0 0 0 1 0 1 0 0 0 0 0 0 0 0 0 0 0 0 0 0 0 0 0 0 0 0 0 0 3 0 0 0 0 0 0 0 0 0 
0 0 0 0 0 6 0 1 0 0 0 0 0 0 0 0 0 0 0 0 0 0 0 0 1 0 -2 0 0 0 0 0 0 0 0 0 0 0 0 0 
0 0 0 0 0 0 0 0 0 1 0 0 0 0 0 0 0 0 0 0 0 0 0 0 0 0 0 0 0 0 0 0 0 2 0 0 0 0 0 0 
0 0 0 1 0 -1 0 0 0 0 0 0 0 0 0 0 0 0 0 0 0 0 0 0 0 0 0 0 0 0 0 0 0 0 0 0 0 0 0 0 
0 0 0 8 0 0 0 0 0 0 0 0 2 0 0 0 0 0 0 0 0 0 1 0 -2 0 0 0 0 0 0 0 0 0 0 0 0 0 0 0 
0 0 0 0 0 0 0 0 0 0 0 0 0 0 0 0 0 0 0 0 0 0 4 0 0 0 0 0 0 0 0 1 0 0 0 0 0 0 0 0 
0 1 0 0 0 0 0 0 0 0 0 0 0 0 0 0 0 0 0 0 0 0 0 0 0 0 0 0 0 0 0 0 0 0 0 0 0 0 0 0 
0 0 0 0 0 0 0 0 0 0 0 0 0 0 0 0 0 0 0 0 0 1 4 0 0 0 0 0 0 0 0 4 0 0 0 0 0 0 0 0 
0 0 0 0 0 0 0 0 0 0 0 0 0 0 0 0 0 0 0 0 12 0 0 0 0 0 0 0 0 0 0 0 0 0 0 0 0 0 0 0 
1 -4 0 0 0 0 0 0 0 0 0 0 0 0 0 1 0 0 0 0 0 0 0 0 0 0 0 0 0 0 0 0 0 0 0 0 0 0 0 0 
0 0 0 0 0 0 0 0 0 0 0 0 0 0 0 0 0 0 0 1 3 0 0 0 0 0 0 0 0 0 0 0 0 0 2 0 0 0 0 0 
0 0 0 0 0 0 0 0 0 0 0 0 0 0 0 0 0 0 0 0 0 0 0 0 0 0 0 0 0 0 0 0 0 0 0 0 0 0 1 2 
0 0 0 0 0 0 0 0 0 0 0 0 0 0 0 0 0 0 0 0 1 0 0 0 0 0 0 0 0 0 0 0 0 0 0 0 0 0 0 0 
0 0 0 0 0 0 0 0 0 0 0 0 0 0 0 0 0 1 3 0 0 0 0 0 0 0 0 0 0 0 0 0 0 0 0 0 0 0 0 2 
0 0 0 0 0 0 0 0 0 0 0 0 0 0 0 0 0 0 0 0 0 0 0 0 0 0 0 0 0 0 0 0 0 0 0 0 1 2 0 0 
0 0 0 0 0 0 0 0 0 0 0 0 0 0 0 0 0 0 3 0 0 0 0 0 0 0 0 0 0 0 0 0 0 0 0 0 0 0 0 0 
0 0 0 0 0 0 0 0 0 0 0 0 0 0 0 1 1 0 0 0 0 0 0 0 0 0 0 0 0 0 0 0 0 0 0 0 0 4 0 0 
0 0 0 0 0 0 0 0 0 0 0 0 0 0 0 0 0 0 0 0 0 0 0 0 0 0 0 0 0 0 0 0 0 0 1 0 0 0 0 0 
0 0 0 0 0 0 0 0 0 0 0 0 0 0 0 0 5 0 0 0 0 0 0 0 0 0 0 0 0 0 0 0 0 0 0 0 0 0 0 0 
0 0 0 0 0 0 0 0 0 0 0 0 0 1 -1 0 0 0 0 0 0 0 0 0 0 0 0 0 0 0 0 0 0 0 0 6 0 0 0 0 
0 0 0 0 0 0 0 0 0 0 0 0 0 0 0 0 0 0 0 0 0 0 0 0 0 0 0 0 0 0 0 0 1 -2 0 0 0 0 0 0 
0 0 0 0 0 0 0 0 0 0 0 0 0 0 0 0 0 0 0 0 0 0 0 0 0 2 0 0 0 0 0 6 0 0 0 0 0 0 0 0 
0 0 0 0 0 0 0 0 0 0 0 1 2 0 0 0 0 0 0 0 0 0 0 0 0 0 0 0 0 0 0 0 0 0 0 0 0 0 0 0 
0 0 0 0 1 0 0 0 0 0 3 0 0 0 0 0 0 0 0 0 0 0 0 0 0 0 0 0 0 0 1 3 0 0 0 0 0 0 0 0 
0 0 0 0 0 0 0 0 0 0 0 0 0 0 2 0 0 0 0 0 0 0 0 0 0 0 0 0 0 2 0 0 0 0 0 0 0 0 0 0 
0 0 0 0 0 0 0 0 0 1 2 0 0 0 0 0 0 0 0 0 0 0 0 0 0 0 0 0 0 0 0 0 0 4 0 0 0 0 0 0 
0 0 0 0 0 0 0 0 4 0 0 0 0 0 0 0 0 0 0 0 0 0 0 0 0 0 0 0 1 0 0 0 0 0 0 0 0 0 0 0 
0 0 0 0 0 0 0 0 0 0 0 0 6 0 0 0 0 0 0 0 0 0 0 0 0 0 0 6 0 0 0 0 0 0 0 0 0 0 0 0 
0 0 0 0 0 0 0 1 -2 0 0 0 0 0 0 0 0 0 0 0 0 0 0 0 0 0 0 0 0 0 0 4 0 0 0 0 0 0 0 0 
0 0 0 0 0 0 4 0 0 0 0 0 0 0 0 0 0 0 0 0 0 0 0 0 0 0 3 8 0 0 0 0 0 0 0 0 0 0 0 0 
0 0 0 0 0 0 0 0 0 0 9 0 0 0 0 0 0 0 0 0 0 0 0 0 0 9 0 0 0 0 0 0 0 0 0 0 0 0 0 0 
0 0 0 0 0 3 3 0 0 0 0 0 0 0 0 0 0 0 0 0 0 0 0 0 0 0 0 0 0 15 0 0 0 0 0 0 0 0 0 0 
0 0 0 0 15 0 0 0 0 0 0 0 0 0 0 0 0 0 0 0 0 0 0 0 4 1 0 0 0 0 0 0 0 0 0 0 0 0 0 0 
0 0 0 0 0 0 0 0 16 0 0 0 0 0 0 0 0 0 0 0 0 0 0 16 0 0 0 0 0 0 0 0 0 0 0 0 0 0 0 0 
0 0 0 4 0 0 0 0 0 0 0 0 0 0 0 0 0 0 0 0 0 0 0 0 0 0 0 8 0 0 0 0 0 0 0 0 0 0 0 0 
0 0 8 0 0 0 0 0 0 0 0 0 0 0 0 0 0 0 0 0 0 0 4 8 0 0 0 0 0 0 0 0 0 0 0 0 0 0 0 0 
0 0 0 0 0 0 1 0 0 0 0 0 0 0 0 0 0 0 0 0 0 1 0 0 0 0 0 0 0 0 0 0 0 0 0 0 0 0 0 0 
0 1 3 0 0 0 0 0 0 0 0 0 0 0 0 0 0 0 0 0 0 0 0 0 0 0 0 0 0 0 0 0 0 0 0 0 0 0 0 0 
8 0 0 0 0 0 0 0 0 2 0 0 0 0 0 0 0 0 0 0 1 0 0 0 0 0 0 0 0 0 0 0 0 0 0 0 0 0 0 0 
0 0 0 0 0 0 0 0 0 0 0 0 0 0 0 0 0 0 0 12 0 0 0 0 0 0 0 0 3 0 0 0 0 0 0 0 0 0 0 1 
-2 0 0 0 0 0 0 0 0 0 0 0 0 0 0 0 0 0 0 0 0 0 0 0 0 0 0 0 0 0 0 0 0 0 0 0 0 0 4 0 
0 0 0 0 0 0 0 1 0 0 0 0 0 0 0 0 0 0 1 2 0 0 0 0 0 0 0 0 0 0 0 0 0 0 0 0 0 0 0 0 
0 0 0 0 0 0 0 0 0 0 0 0 2 0 0 0 0 0 0 0 0 0 0 0 0 0 0 0 0 0 0 0 0 0 0 0 0 0 0 0 
0 0 0 0 0 0 0 0 0 0 0 0 0 0 0 0 0 0 0 0 0 1 0 0 0 0 0 0 0 0 0 0 0 0 0 0 1 0 0 0 
0 0 0 0 0 0 0 0 0 0 0 0 0 0 0 0 0 -1 0 0 0 0 0 0 0 0 0 0 0 0 0 0 0 0 0 0 0 0 0 0 
1 0 0 0 0 0 0 0 0 0 0 0 0 0 0 0 0 0 0 0 0 0 0 0 0 0 0 0 0 0 0 0 0 0 0 0 1 0 0 0 
0 0 0 0 0 0 0 0 0 0 0 0 0 0 0 0 0 0 0 2 0 0 0 0 0 0 0 0 0 0 0 0 0 0 1 0 0 0 0 0 
0 0 0 0 0 0 0 0 0 0 0 0 0 0 0 0 0 0 0 0 0 0 0 0 1 0 0 0 0 0 0 0 0 0 0 0 0 0 4 0 
0 0 0 0 0 0 0 0 0 0 0 0 0 0 0 0 0 0 0 0 0 0 0 0 0 0 0 0 0 0 0 0 0 0 0 0 0 0 0 0 
0 0 0 1 0 0 0 0 0 0 0 0 0 0 0 0 0 0 0 0 0 0 0 0 0 0 0 0 0 0 0 0 2 0 0 0 0 0 0 0 
0 0 0 0 0 0 0 0 0 0 0 0 0 0 0 0 0 0 0 0 0 0 0 0 0 0 0 0 0 0 0 0 0 0 0 0 2 0 0 0 
0 0 0 0 0 0 0 0 0 0 0 0 0 0 0 0 0 0 0 0 0 0 0 0 0 0 0 0 0 0 0 0 0 0 0 0 0 0 0 0 
0 0 0 0 0 0 0 0 0 0 0 0 0 0 0 2 0 0 0 0 0 0 0 0 0 0 0 0 0 0 1 0 0 0 0 0 0 0 0 0 
0 0 0 0 0 0 0 0 0 0 0 0 0 0 0 0 0 0 0 0 0 0 0 0 0 0 0 0 0 0 0 0 0 0 2 0 0 0 0 0 
0 0 0 0 0 0 0 0 0 0 0 0 0 0 0 0 0 0 1 0 0 0 0 0 0 0 0 0 0 0 0 0 0 0 0 0 0 0 0 0 
0 0 0 0 0 0 0 0 0 0 0 0 0 2 0 0 0 0 0 0 0 0 0 0 0 0 0 0 0 0 0 0 0 0 0 0 0 0 1 0 
0 0 0 0 0 0 0 0 0 0 0 0 0 0 0 0 0 0 0 0 0 0 0 0 0 0 0 0 0 0 0 0 0 1 0 0 0 0 0 0 
0 0 0 0 0 0 0 0 0 0 0 0 0 0 0 0 0 0 0 0 0 0 0 0 0 0 0 0 0 0 0 0 0 0 0 0 0 0 0 0 
0 0 0 0 0 0 0 0 0 0 0 0 0 0 0 0 0 0 0 0 2 0 0 0 0 0 0 0 0 0 0 0 0 0 0 0 0 0 0 0 
0 0 0 0 0 0 0 0 0 0 0 0 0 0 0 0 0 0 0 0 0 0 0 0 0 0 0 0 0 0 0 0 0 0 0 0 0 0 0 0 
2 0 0 0 0 0 0 0 0 0 0 0 0 0 0 0 0 0 0 0 0 0 0 0 0 0 0 0 0 0 0 0 0 0 0 0 0 0 0 0 
0 0 0 0 0 0 0 0 0 0 0 0 0 0 0 0 0 0 0 0 0 0 0 0 2 0 0 0 0 0 0 0 0 0 0 0 0 0 0 0 
0 0 0 0 0 0 1 0 0 0 0 0 0 0 0 0 0 0 0 0 0 0 0 0 0 0 0 0 3 0 0 0 0 0 0 0 0 0 0 0 
0 0 0 3 0 0 0 0 0 0 0 0 0 0 0 0 0 0 0 0 0 0 0 0 0 1 0 0 0 0 0 0 0 0 0 0 0 0 0 0 
0 0 0 0 0 0 0 3 0 0 0 0 0 0 0 0 0 0 0 0 0 0 3 0 0 0 0 0 0 0 0 0 0 0 0 0 0 0 0 0 
0 0 0 0 2 0 0 0 0 0 0 0 0 0 0 0 0 0 0 0 0 0 0 0 0 0 0 0 0 0 0 0 0 0 0 0 0 0 0 0 
0 0 3 0 0 0 0 0 0 0 0 0 0 0 0 0 0 0 0 0 0 0 0 0 1 0 0 0 0 0 0 0 0 0 0 0 0 0 0 0 
0 0 0 0 0 0 0 0 0 0 0 0 0 0 0 0 0 0 0 0 0 0 0 0 0 0 0 0 0 0 0 0 0 0 0 0 0 0 0 0 
0 0 0 1 0 0 0 0 0 1 0 0 0 0 0 0 0 0 0 0 0 0 0 0 0 0 0 0 0 0 0 0 0 0 0 0 0 0 0 0 
0 0 0 0 0 0 0 0 0 0 0 0 0 0 0 0 0 0 0 0 0 0 1 0 0 0 0 0 0 1 0 0 0 0 0 0 0 0 0 0 
0 0 0 0 0 0 0 0 0 0 0 0 1 0 0 0 0 0 0 0 0 0 0 0 0 0 0 0 0 0 0 0 0 0 0 0 0 0 0 0 
0 2 0 0 0 0 0 0 1 0 0 0 0 0 0 0 0 0 0 0 0 0 0 0 0 0 0 0 0 0 0 0 0 0 0 0 0 3 0 0 
0 0 0 0 0 0 0 0 0 0 0 0 0 0 0 0 0 0 0 0 1 0 0 0 0 0 0 0 0 0 0 0 1 0 0 0 0 0 0 0 
0 0 0 0 0 0 0 0 0 0 0 0 0 0 0 0 0 0 0 0 0 0 0 0 0 0 0 0 0 0 0 0 0 0 0 0 0 0 0 1 
0 0 0 0 0 0 0 0 0 0 0 0 0 0 0 0 0 0 0 0 0 0 0 1 0 0 0 0 0 0 0 0 0 0 0 0 0 0 0 0 
0 0 0 0 0 0 0 0 0 0 0 0 0 0 0 0 0 0 2 0 0 0 0 0 0 0 0 0 0 0 0 0 0 0 0 0 0 0 0 0 
0 0 0 0 0 0 0 0 0 0 0 0 0 0 1 0 0 0 0 0 0 0 0 0 0 0 0 0 0 0 0 0 0 0 0 0 0 2 0 0 
0 0 0 0 0 0 0 0 0 0 0 0 0 0 0 0 0 0 0 0 0 0 0 0 0 0 0 0 0 0 0 0 0 1 0 0 0 0 0 0 
0 0 0 0 0 0 0 0 0 0 0 0 0 0 0 0 3 0 0 0 0 0 0 0 0 0 0 0 0 0 0 0 0 0 0 0 0 0 0 0 
0 0 0 0 0 0 0 0 0 0 0 0 4 0 1 0 0 0 0 0 0 0 0 0 0 0 0 0 0 0 0 0 0 0 0 2 0 0 0 0 
0 0 0 0 0 0 0 0 0 0 0 0 0 0 0 0 0 0 0 0 0 0 0 0 0 0 0 0 0 0 0 0 0 0 0 0 0 0 0 0 
1 0 0 0 0 0 0 0 0 0 0 0 0 0 2 0 0 0 0 0 0 0 0 0 0 0 0 0 0 0 0 0 0 0 0 0 0 0 0 0 
0 0 0 0 0 0 0 0 0 0 4 0 0 0 0 0 0 0 0 1 0 0 0 0 0 0 0 0 0 0 0 0 0 2 0 0 0 0 0 0 
0 0 0 0 0 0 0 0 0 0 0 0 0 0 0 0 0 0 0 0 0 0 0 0 0 0 0 0 0 0 0 0 0 0 0 0 0 0 0 1 
0 0 0 0 0 0 0 0 0 0 0 0 1 0 0 0 0 0 0 1 0 0 0 0 0 0 0 0 0 0 0 0 0 0 0 0 0 0 0 0 
0 0 1 0 0 0 0 0 0 0 0 0 0 0 0 0 0 0 1 0 0 0 0 0 0 0 0 0 0 0 0 2 0 0 0 0 0 0 0 0 
0 0 0 0 0 0 0 0 0 0 0 0 0 0 0 0 0 0 0 0 0 0 0 0 0 0 0 3 0 0 0 0 0 0 0 0 0 1 0 0 
0 0 0 0 0 0 0 0 0 0 2 0 0 0 0 0 0 0 0 0 0 0 0 0 0 0 0 0 0 0 0 0 0 0 0 0 0 0 0 0 
0 0 0 0 0 0 4 0 0 0 0 0 0 0 0 0 1 0 0 0 0 0 0 0 0 0 0 0 0 0 2 0 0 0 0 0 0 0 0 0 
0 0 0 0 0 0 0 0 0 0 0 0 0 0 0 0 0 0 0 0 0 0 0 0 0 3 0 0 0 0 0 0 0 0 0 0 0 0 0 0 
0 0 0 0 0 0 0 0 0 1 0 0 0 0 0 0 0 0 0 0 0 0 0 0 0 0 0 0 0 3 0 0 0 0 0 0 0 0 0 0 
0 0 0 0 3 0 0 0 0 0 0 0 0 0 0 0 0 0 0 0 0 0 0 0 0 0 0 0 1 0 0 0 0 0 0 0 0 0 0 0 
0 0 0 0 0 0 0 0 3 0 0 0 0 0 0 0 0 0 0 0 0 0 0 3 0 0 0 0 0 0 0 0 0 0 0 0 0 0 0 0 
0 0 0 0 0 0 0 1 0 0 0 0 0 0 0 0 0 0 0 0 0 0 0 0 0 0 0 3 0 0 0 0 0 0 0 0 0 0 0 0 
0 0 3 0 0 0 0 0 0 0 0 0 0 0 0 0 0 0 0 0 0 0 0 0 0 0 1 0 0 0 0 0 0 0 0 0 0 0 0 0 
0 0 0 0 0 0 1 0 0 0 0 0 0 0 0 0 0 0 0 0 0 2 0 0 0 0 0 0 0 0 0 0 0 0 0 0 0 0 0 0 
0 0 0 0 0 1 0 0 0 0 0 0 0 0 0 0 0 0 0 0 0 0 0 0 0 1 0 0 0 0 0 0 0 0 0 0 0 0 0 0 
2 0 0 0 0 0 0 0 0 0 0 0 0 0 0 0 0 0 0 0 0 0 0 0 1 0 0 0 0 0 0 0 0 0 0 0 0 0 0 0 
0 0 0 0 1 0 0 0 0 0 0 0 0 0 0 0 0 0 0 2 0 0 0 0 0 0 0 0 0 0 0 0 0 0 0 0 0 0 0 0 
0 0 0 2 0 0 0 0 0 0 0 0 0 0 0 0 0 0 0 0 0 0 0 4 0 0 0 0 0 0 0 0 0 0 0 0 0 0 9 0 
0 0 0 0 0 0 0 0 0 2 0 0 0 0 0 0 0 0 0 0 0 0 0 2 0 0 0 0 3 0 0 0 0 0 0 0 0 0 0 0 
0 0 0 0 0 0 0 0 0 0 0 0 0 0 0 0 0 9 0 0 0 0 0 0 0 0 0 0 0 0 0 0 0 0 0 0 0 0 0 0 
0 0 1 0 0 0 0 0 0 0 0 0 0 0 0 0 0 0 0 0 0 3 0 0 0 0 0 0 0 0 0 0 0 0 0 0 3 0 0 0 
0 0 0 0 0 0 0 0 0 0 0 0 0 0 0 0 0 0 0 0 0 1 0 0 0 0 0 0 0 0 0 0 0 0 0 0 0 0 0 0 
3 0 0 0 0 0 0 0 0 0 0 0 0 0 0 3 0 0 0 0 0 0 0 0 0 0 0 0 0 0 0 0 0 0 0 0 0 0 0 0 
1 0 0 0 0 1 0 0 0 0 0 0 0 0 0 0 0 0 0 1 0 0 0 0 0 0 0 0 0 0 0 0 0 0 4 0 0 0 0 0 
0 0 0 0 0 0 0 0 0 0 0 0 0 0 0 0 0 0 0 1 0 0 0 0 1 0 0 0 0 0 0 0 0 0 0 0 0 0 2 0 
0 0 0 0 0 0 0 0 0 0 0 0 0 4.5 0 0 0 0 0 0 0 0 0 0 0 0 0 0 0 0 0 0 0 0 0 0 0 0 1 0 
0 0 0 0 0 0 0 0 0 0 0 0 0 0 0 0 0 1 0 0 0 0 0 0 0 0 0 0 0 0 0 0 3 0 0 0 0 0 0 0 
0 0 0 0 0 0 0 0 0 0 0 0 0 0 0 0 0 0 1 0 0 0 0 0 0 0 0 0 0 0 0 0 0 0 0 0 0 0 0 0 
0 0 0 0 0 0 0 0 0 0 0 0 0 0 0 0 0 0 0 0 0 0 0 0 0 0 0 0 0 0 0 0 0 0 0 0 0 0 1 0 
0 0 0 0 0 0 0 0 0 0 0 0 0 0 0 0 0 0 0 0 0 0 0 0 0 0 0 0 0 0 0 0 0 0 0 0 0 0 0 0 
0 0 0 0 0 0 0 0 0 0 0 0 0 0 0 0 0 2 0 0 0 0 0 0 0 0 0 0 0 0 0 0 0 0 0 0 0 0 0 0 
0 0 0 0 0 0 0 0 0 3 0 0 0 0 0 0 0 0 0 0 0 0 0 0 0 0 0 0 0 0 0 0 0 0 0 0 2 0 0 0 
0 0 0 0 0 0 0 0 0 0 0 0 0 0 0 0 0 0 0 0 0 0 0 0 0 0 0 0 3 0 0 0 0 0 0 0 0 0 0 0 
0 0 0 0 0 0 0 0 0 0 0 0 0 0 0 1 0 0 0 0 0 0 0 0 0 0 0 0 0 0 0 0 3 0 0 0 0 0 0 0 
0 0 0 0 0 0 0 3 0 0 0 0 0 0 0 0 0 0 0 0 0 0 0 0 0 0 0 0 0 0 0 0 0 0 0 1 0 1 0 0 
0 0 0 0 0 0 0 0 0 0 0 0 0 0 0 0 0 0 0 0 0 0 0 0 0 0 3 0 0 0 0 0 0 0 0 0 0 0 0 0 
0 0 0 0 0 0 0 0 0 0 0 0 0 0 1 0 0 0 0 0 0 0 0 0 0 0 0 0 0 0 1 0 0 0 0 0 0 0 0 0 
0 0 0 0 0 4 0 1 0 0 0 0 0 0 0 0 0 0 0 0 0 0 0 0 0 0 0 0 0 0 0 0 0 3 0 0 0 0 0 0 
0 0 0 0 0 0 0 0 0 0 0 0 0 0 0 0 0 0 0 0 0 0 0 0 8 0 2 0 0 0 0 0 0 0 0 0 0 0 0 0 
0 0 0 0 0 0 0 0 0 0 0 0 1 0 0 0 0 0 0 0 0 0 0 0 0 0 0 0 0 0 0 0 0 0 0 0 0 0 0 0 
0 0 0 4 0 0 0 0 0 0 0 0 1 0 0 0 0 0 0 0 0 0 0 0 0 0 0 0 0 0 0 1 0 0 0 0 0 0 0 0 
0 0 0 0 0 0 0 0 0 0 0 0 0 0 0 0 0 0 0 0 0 0 3 0 0 0 0 0 0 0 0 0 1 0 0 0 0 0 0 0 
0 0 0 0 0 0 0 0 0 0 1 0 0 0 0 0 0 0 0 0 0 0 0 0 0 0 0 0 0 0 0 0 0 0 0 0 0 0 0 0 
0 4 0 0 0 0 0 0 0 0 0 1 0 0 0 0 0 0 0 0 0 0 0 0 0 0 0 2 0 1 0 0 0 0 0 0 0 0 0 0 
0 0 0 0 0 14 0 0 0 0 0 0 0 0 0 0 0 0 0 0 19 0 0 0 0 0 0 0 0 0 0 0 0 0 0 0 0 0 2 0 
0 0 0 0 0 0 0 0 1 0 0 0 0 0 0 0 0 0 0 0 0 0 0 0 12 0 0 0 0 0 0 0 0 0 0 0 0 0 0 18 
0 2 0 0 0 0 0 0 0 0 0 0 0 0 0 0 0 2 0 0 0 0 0 0 0 0 0 0 0 1 0 0 0 0 0 0 0 0 0 0 
0 0 0 0 0 0 0 0 0 0 0 0 0 0 0 0 0 0 0 0 0 0 0 0 0 0 0 0 0 0 0 0 0 0 0 0 0 0 0 0 
0 0 2 0 0 0 0 0 0 4 0 0 0 0 0 0 1 0 0 0 0 0 30 0 0 0 0 0 0 0 0 0 0 0 0 0 0 25 0 0 
0 0 0 0 0 0 0 0 0 0 0 0 0 0 0 0 0 0 0 0 0 2 0 0 0 0 0 0 6 0 0 0 0 0 0 3 0 0 0 0 
0 64 0 0 0 0 0 0 0 0 0 0 0 0 0 0 50 0 0 0 0 0 0 0 0 0 0 0 0 0 0 0 0 0 0 0 0 0 0 0 
2.34 0 0 0 0 0 0 0.17 0 0 0 0 0 0 0 0 0 0 0 0 2 0 0 0 0 0 0 0 0 0 0 0 0 0 0 12 0 0 0 0 
0 0 0 0 0 0 3.66 0 0 0 0 0 0 0 0 0 0 0 0 2 0 0 0 0 0 0 1 0 0 0 0 0 0 0 0 0 0 0 0 12 
0 0 0 0 0 0 0 0 0 0 0 0 0 0 18 0 0 0 0 0 0 0 0 0 0 4 0 0 0 0 0 0 0 0 0 0 0 0 1.04 0 
0 0 0 0 0 0.52 0 0 0 0 0 0 0 0 0 0 0 0 6.2 0 0 0 0 0 0 0 0 0 0 0 0 0 0 15.1 0 0 0 0 0 0 
0 0 0 0 4.96 0 0 0 0 0 0 0 0 0 0 0 0 2.14 0 0 0 0 0 0 1.07 0 0 0 0 0 0 0 0 0 0 0 0 8.8 0 0 
0 0 0 0 0 0 0 0 0 0 0 0 22.4 0 0 0 0 0 0 0 0 0 0 6.86 0 0 0 0 0 0 0 0 0 0 0 0 2.14 0 0 0 
0 0 0 1.07 0 0 0 0 0 0 0 0 0 0 0 0 9 0 0 0 0 0 0 0 0 0 0 0 0 0 0 22.5 0 0 0 0 0 0 0 0 
0 0 6.86 0 0 0 0 0 0 0 0 0 0 0 0 2 0 0 0 0 0 0 1 0 0 0 0 0 0 0 0 0 0 0 0 9 0 0 0 0 
0 0 0 0 0 0 0 0 0 0 12.5 0 0 0 0 0 0 0 0 0 0 2 0 0 0 0 0 0 0 0 0 0 0 0 0.68 0 0 0 0 0 
0 0.34 0 0 0 0 0 0 0 0 0 0 0 0 5.8 0 0 0 0 0 0 0 0 0 0 0 0 0 0 14.9 0 0 0 0 0 0 0 0 0 0 
5.32 0 0 0 0 0 0 0 0 0 0 0 0 2 0 0 0 0 0 0 1 0 0 0 0 0 0 0 0 0 0 0 0 6 0 0 0 0 0 0 
0 0 0 0 0 0 0 0 13 0 0 0 0 0 0 0 0 0 0 3 0 0 0 0 0 0 0 0 0 0 0 0 2.22 0 0 0 0 0 0 1.11 
0 0 0 0 0 0 0 0 0 0 0 0 13.6 0 0 0 0 0 0 0 0 0 0 0 0 0 0 24.8 0 0 0 0 0 0 0 0 0 0 6.78 0 
0 0 0 0 0 0 0 0 0 0 0 0 0 0 2 0 0 0 3 0 0 0 0 0 0 0 0 0 0 0 0 0 0 0 0 0 0 0 0 0 
0 0 0 0 0 0 6 0 0 0 0 0 0 0 0 0 0 0 0 0 0 0 0 0 0 0 0 0 0 0 0 0 0 2 0 0 0 1 0 0 
0 0 0 0 0 0 0 0 0 0 0 0 0 0 0 0 0 0 0 0 0 0 0 0 0 4 0 0 0 0 0 0 0 0 0 0 0 0 0 0 
0 0 0 0 0 0 0 0 0 0 0 0 4 0 0 0 1 0 0 0 0 0 0 0 0 0 0 0 0 0 0 0 0 0 0 0 0 0 0 0 
0 0 0 0 7 0 0 0 0 0 0 0 0 0 0 0 0 0 0 0 0 0 0 0 0 0 0 0 0 0 0 0 0 0 1 1 0 0 0 0 
0 0 0 0 0 0 0 0 0 0 0 0 0 0 0 0 0 0 0 0 0 0 0 3 0 0 0 0 0 0 0 0 0 0 0 0 0 0 0 0 
0 0 0 0 0 0 0 0 0 0 0 0 0 1 1 0 0 0 0 0 0 0 0 0 0 0 0 0 0 0 0 0 0 0 0 0 0 0 0 0 
0 0 3 0 0 0 0 0 0 0 0 0 0 0 0 0 0 0 0 0 0 0 0 0 0 0 0 0 0 0 0 0 1 1 0 0 0 0 0 0 
0 0 0 0 0 0 0 0 0 0 0 0 0 0 0 0 0 0 0 0 0 3 0 0 0 0 0 0 0 0 0 0 0 0 0 0 0 0 0 0 
0 0 0 0 0 0 0 0 0 0 0 0 3 0 0 2 0 0 0 0 0 0 0 0 0 8 0 0 0 0 0 0 0 0 0 0 0 0 0 0 
4 0 0 0 0 0 0 0 0 0 0 0 0 0 0 0 0 0 0 0 0 0 0 0 0 0 0 0 0 0 0 1 0 0 0 0 0 0 1 0 
0 0 0 0 0 0 0 0 0 0 0 0 0 0 0 0 0 0 0 4 0 0 0 0 0 0 0 0 0 0 0 0 0 0 0 0 0 0 0 0 
0 0 0 0 0 0 0 0 0 0 1 0 0 0 0 0 0 0 0 0 0 2 0 0 0 0 0 0 0 0 0 0 0 0 0 0 0 0 0 0 
0 0 0 0 0 0 0 0 0 0 0 0 0 0 0 0 0 0 0 0 0 0 0.67 0 0 0 0 0 0 0.17 0 0 0 0 0 0 0 0 0 0 
0 1.67 2 0 0 0 0 0 0 0 0 0 0 0 0 0 0 12 0 0 0 0 0 0 0 0 0 0 3.66 0 0 0 0 0 0 0 0 0 0 0 
0 0 0 0 0 0 0 0 1 0 0 0 0 0 0 0 0 0 0 0 0 1 0 0 0 3 0 0 0 0 0 0 0 0 0 0 8 0 2 0 
0 0 0 0 0 0 0 0 0 0 0 0 0 0 0 0 0 0 0 0 0 0 0 0 0 0 0 1 0 0 0 0 0 0 0 0 0 0 0 0 
1 0 0 0 0 0 0 0 0 0 0 0 0 0 0 4 0 1 0 0 0 0 0 0 0 0 0 0 0 0 0 0 0 0 0 0 0 0 0 0 
0 0 0 0 0 0 4 0 0 0 0 0 0 0 0 0 0 0 0 6 0 0 0 0 0 0 0 0 0 0 0 0 0 0 14.5 0 3 0 0 0 
0 0 0 0 0 0 0 0 0 0 0 0 0 0 0 0 0 0 0 0 0 0 0 0 0 1 0 0 0 0 0 0 0 0 0 0 0 0 5 0 
0 0 0 0 0 0 0 0 0 0 0 0 0 6 0 1 0 0 0 0 0 0 0 0 0 0 0 0 0 0 0 0 0 0 0 0 0 2.238 0 0 
0 0 0 0 0.185 0 0 0 0 0 0 0 0 0 0 0 0.112 2 0 0 0 0.104 0 0.09 0 0 0 0 0 0 0 0 12 0 0 0 0 0 0 0 
0 0 0 3.574 0 0 0 0 0 0 0 0 0 0 0 0 0.818 0 0 0 0 0 0 0.247 0 0 0 0 0 0 0 0 0 0 0 1.688 2 0 0 0 
0.02 0 0.068 0 0 0 0 0 0 0 0 12 0 0 0 0 0 0 0 0 0 0 3.458 0 0 0 0 0 0 0 0 0 0 0 0 1.66 0 0 0 0 
0 0 0.17 0 0 0 0 0 0 0 0 0 0 0 0 2 0 0 0 0 0 0.34 0 0 0 0 0 0 0 0 12 0 0 0 0 0 0 0 0 0 
0 4 0 0 0 0 0 0 0 0 0 0 0 0 1.4 0 0 0 0 0 0 0.3 0 0 0 0 0 0 0 0 0 0 0 0 2 0 0 0 0 0 
0.6 0 0 0 0 0 0 0 0 12 0 0 0 0 0 0 0 0 0 0 4 0 0 0 0 0 0 0 0 0 0 0 0 0.34 0 0 0 0 0 0 
0.17 0 0 0 0 0 0 0 0 0 0 0 0 2 0 0 0 0 0 3 0 0 0 0 0 0 0 0 12 0 0 0 0 0 0 0 0 0 0 3.66 
0 0 0 0 0 0 0 0 0 0 0 0 0.86 0 0 0 0 0 0 0.43 0 0 0 0 0 0 0 0 0 0 0 0 2 0 0 0 0 0 3 0 
0 0 0 0 0 0 0 12 0 0 0 0 0 0 0 0 0 0 3.14 0 0 0 0 0 0 0 0 0 0 0 0 0 0 0 0 0 0 2 1 0 
0 0 0 0 0 0 0 0 0 0 0 0 0 0 0 0 0 1 0 0 0 0 0 0 0 0 6 0 0 0 0 0 0 0 0 0 0 0 0 0 
0 0 0 0 0 0 0 0 0 0 0.34 0 0 0 0 0 0 0.17 0 0 0 0 0 0 0 0 0 0 0 1 2 0 0 0 0 0 2 0 0 0 
0 0 0 0 0 12 0 0 0 0 0 0 0 0 0 0 3.66 0 0 0 0 0 0 0 0 0 0 0 0 0 0 0 0 0 0 0 1 0 0 0 
0 0 0 0 0 0 0 0 0 0 0 0 0 0 0 0 0 1 0 0 0 0 0 0 4 0 0 0 0 0 0 0 0 0 0 0 0 0 0 0 
0 0 0 0 0 0 0 0 0 0 0 0 0 0 0 0.5 0 0 0 0 0 0 0 0 0 0 0 0 4.6 0 0 0 0 0 0 0 0 0 0 0 
0 0 1 5.3 0 0 0 0 0 0 0 0 0 0 0 0 0 0 0 0 0 0 0 0 0 0 0 0 0 0 0 0 0 0 1 0 0 0 0.4 0 
0 0 0 0 0 0 0 6.6 0 0 0 0 0 0 0 0 0 0 0 0 0 1 6.6 0 0 0 0 0 0 0 0 0 0 0 0 0 0 0 0 0 
0 0 0 0 0 0 0 0 0 0 0 0 0 1 0 0 0 0 0 0 0 0 0 0 0 0 2 0 0 0 0 0 0 0 0 0 0 0 0 0 
0 2 0 0 0 0 0 0 0 0 0 0 0 0 0 0 0 0 0 0 0 0 0 0 0 0 0 0 0 0 0 0 1 0 0 0 0 0 0 0 
0 0 0 0 0 2 0 0 0 0 0 0 0 0 0 0 0 0 0 0 1 1 0 0 0 0 0 0 0 0 0 0 0 0 0 0 0 0 0 0 
0 0 0 0 0 0 0 0 0 0 0 1 0 0 0 0 0 0 0 0 0 0 0 0 4 0 0 0 0 0 0 0 0 0 0 0 0 0 0 2 
1 0 0 0 0 0 0 0 0 0 0 0 0 0 0 0 0 0 0 0 0 0 0 0 0 0 0 0 0 0 1 0 0 0 0 0 0 0 0 0 
0 0 0 6 0 0 0 0 0 0 0 0 0 0 0 0 0 0 3 1 0 0 0 0 0 0 0 0 0 0 0 0 0 0 0 0 0 0 0 0 
0 0 0 0 0 0 0 0 0 3 0 0 0 0 0 0 0 0 0 0 0 0 0 0 0 0 0 0 0 0 0 0 0 0 0 0 0 8 0 2 
0 0 0 0 0 0 0 0 0 0 0 0 0 0 0 0 0 0 0 0 0 0 0 0 0 0 0 0 5 0 0 0 1 0 0 0 0 0 0 0 
0 0 0 0 0 0 0 0 0 0 0 0 0 0 0 0 12 0 3 0 0 0 0 0 0 0 0 0 0 0 0 0 0 0 0 0 0 0 0 0 
0 0 0 0 0 0 0 5 0 0 0 0 0 0 0 0 0 0 1 0 0 0 0 0 0 0 0 0 0 0 0 0 0 0 0 12 0 3 0 0 
0 0 0 0 0 0 0 0 0 0 0 0 0 0 0 0 0 0 0 0 0 0 0 0 0 0 5 0 0 0 0 0 0 0 0 0 0 0 0 1 
0 0 0 0 0 0 0 0 0 0 0 0 0 0 13 0 3 0 0 0 0 0 0 0 0 0 0 0 0 0 0 0 0 0 0 0 0 0 0 0 
0 0 0 0 0 1 0 0 0 0 0 0 0 0 0 0 0 0 0 0 0 0 0 0 0 0 0 0 0 0 0 0 0 4 0 0 0 0 0 0 
0 0 1 0 0 0 0 0 0 0 0 0 0 0 0 0 0 0 0 0 0 0 0 0 1 0 0 0 0 0 0 0 0 0 0 0 0 1 0 0 
0 0 0 0 0 0 0 0 0 0 0 0 4.5 0 0 0 0 0 0 0 0 1 0 0 0 0 0 0 0 0 0 0 0 0 0 0 0 0 0 0 
0 0 0 1 0 0 0 0 0 0 0 0 0 0 0 0 4 0 0 0 0 0 0 0 0 0 0 0 0 0 0 6 0 0 0 0 0 0 0 0 
1 0 0 0 0 0 0 0 0 0 0 0 0 0 0 0 0 0 0 0 0 0 1 0 0 0 0 0 0 0 0 0 0 0 0 2 0 0 0 0 
0 0 0 0 0 0 0 0 0 0 4 0 0 0 0 0 0 0 0 0 1 0 0 0 0 0 0 0 0 0 0 0 0 0 1.414 0 0 0 0 0 
0 0.445 0 0 0 0 0 0 0 0 0 0 0 0.254 2 0 0 0 0 0 2.468 0.007 0 0 0 0 0 0 0 12 0 0 0 0 0 0 0 0 0 0 
2.778 0 0 0 0 0 0.018 0 0 0 0 0 0 0 0 0 0 0 0 0 1 0 0 0 0 0 0 0 0 0 0 0 0 0 0 0 0 0 0 0 
0 0 0 0 0 0 0 0 3 0 0 0 0 0 0 0 0 0 0 1 0 0 0 0 0 0 0 0 0 0 0 0 0 0 0 0 0 0 0 1 
0 0 0 0 0 0 0 0 0 0 0 0 6 0 0 0 0 0 0 0 0 0 0 0 0 0 0 6 0 0 0 0 0 0 0 0 0 0 0 0 
1 0 0 0 0 0 0 0 0 0 0 0 0 2 0 0 0 0 1 0 0 0 0 0 0 0 0 0 0 0 0 20 0 0 0 0 0 0 0 0 
0 0 0 0 0 0 22 0 0 0 0 0 0 0 0 0 0 0 0 0 0 0 0 0 2 0 0 0 0 0 0 0 0 0 0 0 0 1 0 0 
0 0 0 0 0 0 0 0 0 0 22 0 0 0 0 0 0 0 0 0 0 0 0 0 0 30 0 0 0 0 0 0 0 0 0 0 0 0 0 0 
0 0 0 6 0 0 0 0 0 0 0 0 0 0 0 0 1 0 0 0 0 0 0 0 0 0 0 0 0 12 0 0 0 0 0 0 0 0 0 0 
0 0 0 0 18 0 2 0 0 0 0 0 0 0 0 0 0 0 0 0 0 0 2 0 0 0 0 0 0 0 0 0 0 0 0 1 0 0 0 0 
0 0 0 0 0 0 0 0 12 0 0 0 0 0 0 0 0 0 0 0 0 0 0 17 0 0 0 0 0 0 0 0 0 0 2 0 0 0 0 0 
0 2 0 0 0 0 0 0 0 0 2 0 0 0 0 1 0 0 0 0 0 0 0 0 0 0 0 0 0 0 0 0 0 0 0 0 0 0 0 0 
0 0 4 0 0 0 0 0 0 0 0 0 0 0 0 0 0 0 0 0 0 0 0 0 0 0 0 0 0 0 0 0 1 0 1 0 0 0 0 0 
0 0 0 0 0 0 0 0 0 0 0 0 0 0 0 0 0 0 0 0 0 3 0 0 0 0 0 0 0 0 0 0 0 0 0 0 0 0 0 0 
0 0 0 0 0 0 0 0 0 0 0 0 0 5 0 0 0 0 0 0 0 0 0 0 0 10 0 0 0 0 0 0 0 0 0 0 0 0 0 0 
20 0 4 0 0 0 0 0 0 0 0 0 0 0 0 0 0 0 0 0 0 0 0 0 0 0 0 0 0 0 0 0 1 0 0 0 0 0 0 0 
0 0 0 0 2 0 0 0 0 0 0 0 0 0 0 0 0 0 0 2 0 0 0 0 0 0 0 0 0 0 0 0 0 0 0 0 0 0 0 0 
0 0 0 0 0 0 0 0 0 0 0 3 0 0 0 0 0 0 0 0 0 0 0 0 0 0 0 0 0 0 0 0 0 0 0 0 0 0 8 0 
2 0 0 0 0 0 0 0 0 0 0 0 0 0 0 0 0 0 0 0 0 0 0 0 0 0 0 0 0 0 1 0 0 0 0 0 0 0 0 0 
0 0 0 0 0 0 0 0 0 0 0 0 0 0 0 0 0 0 0 0 0 0 0 0 0 0 1 0 0 0 0 0 0 0 0 0 0 0 0 0 
0 0 0 2 0 0 0 0 0 1 0 0 0 0 0 0 0 0 0 0 0 16 0 0 0 0 0 0 0 0 0 0 0 0 0 0 20 0 0 0 
0 0 0 0 0 0 0 0 0 0 0 0 0 0 2 0 0 0 0 0 0 0 0 0 0 0 0 0 1 0 0 0 0 0 0 0 0 0 0 0 
20 0 0 0 0 0 0 0 0 0 0 0 0 0 0 22 0 2 0 0 0 0 0 0 0 0 0 0 0 0 0 0 0 2 0 0 0 0 0 0 
0 0 0 0 0 0 0 0 0 0 0 0 1 0 0 0 0 0 0 0 0 0 0 0 0 0 0 0 0 0 0 0 0 0 0 0 0 0 0 0 
0 0 0 0 0 0 0 0 0 0 0 0 0 0 0 0 0 0 0 0 0 0 0 0 1 0 0 0 0 0 0 1 0 0 0 0 0 0 0 0 
0 0 0 0 0 0 0 0 0 0 0 0 0 3 0 0 0 0 0 0 0 0 0 0 0 0 0 0 0 0 0 0 0 0 0 0 0 0 0 0 
0 0 0 0 0 0 0 0 2 0 1 0 0 0 0 0 0 0 0 0 0 0 0 0 0 0 0 0 0 0 0 0 0 0 0 0 0 0 0 0 
0 0 0 0 0 0 0 0 0 0 0 0 0 0 0 0 0 0 0 0 0 0 0 0 0 0 0 2 0 1 0 0 0 0 0 0 12 0 0 0 
0 0 0 0 0 0 0 0 0 0 0 6 0 0 0 0 0 0 0 0 0 0 0 0 0 0 0 0 0 0 0 0 0 0 0 0 0 0 0 0 
0 0 0 0 0 0 0 0 1 0 0 0 0 2 0 0 0 0 0 0 0 0 0 0 0 0 0 0 0 0 0 0 0 0 0 0 0 0 0 0 
0 0 0 0 0 0 0 0 0 0 0 0 0 0 0 0 0 0 0 0 0 0 0 0 0 0 0 1 0 0 0 0 0 0 1 0 0 0 0 0 
0 0 0 0 0 0 0 0 0 4 0 1 0 0 0 0 0 0 0 0 0 0 0 0 0 0 0 0 0 0 0 0 0 0 0 0 0 0 0 0 
0 0 0 0 0 0 1 0 0 0 0 0 0 0 0 0 0 0 0 0 0 0 0 0 0 0 0 0 1 0 0 0 0 0 0 0 0 0 0 0 
0 0 0 0 0 0 0 0 0 0 0 0 0 0 0 0 0 0 0 0 0 0 0 0 0 1 0 0 0 0 0 0 2 0 0 0 0 0 0 0 
0 0 0 0 0 0 0 2 0 0 0 0 0 0 0 0 0 0 0 0 0 0 0 0 0 0 0 0 0 0 0 0 0 0 0 0 0 0 0 0 
0 0 0 0 1 0 0 0 0 0 0 2 0 0 0 0 0 0 0 0 0 0 0 0 0 0 2 0 0 0 0 0 0 0 0 0 0 0 0 0 
0 0 0 0 0 0 0 0 0 0 0 0 0 0 0 0 0 0 0 0 0 0 0 1 0 0 0 0 0 0 2 0 0 0 0 0 0 0 0 0 
0 0 0 0 0 2 0 0 0 0 0 0 0 0 0 0 0 0 0 0 0 0 0 0 0 0 0 0 0 0 0 0 0 0 0 0 0 0 0 0 
0 0 3 0 0 0 0 0 0 0 0 0 0 0 0 0 0 0 0 0 0 0 0 0 8 0 2 0 0 0 0 0 0 0 0 0 0 0 0 0 
0 0 0 0 0 0 0 0 0 0 0 0 0 0 0 0 0 0 0 0 0 1 0 0 0 0 0 0 0 0 0 0 0 0 0 0 0 0 0 0 
0 0 0 0 0 0 0 0 0 0 0 0 1 0 0 0 0 0 0 0 0 0 0 0 0 0 0 0 0 0 0 0 0 0 0 0 0 0 0 0 
1 0 0 0 0 0 0 0 0 0 0 0 0 0 0 0 0 0 0 0 0 0 0 0 0 0 0 0 0 0 0 1 0 0 0 0 0 0 0 0 
0 0 0 0 0 0 0 0 0 0 0 0 0 0 0 0 0 0 0 1 0 0 0 0 0 0 0 0 0 0 0 0 0 0 0 0 0 0 0 0 
0 0 0 0 0 0 0 0 0 0 2 0 0 0 0 0 0 0 0 0 0 0 0 0 0 0 0 0 0 0 0 0 0 0 0 0 0 0 1 0 
0 0 0 0 0 0 0 0 0 0 0 0 0 0 0 0 0 0 0 0 4 0 0 0 0 0 0 0 0 1 0 0 0 0 0 0 0 0 0 0 
0 0 0 0 0 0 0 0 0 0 0 0 0 0 0 0 0 1 0 0 0 0 0 0 2 0 0 0 0 0 0 0 0 0 0 0 0 0 0 5 
0 0 0 0 0 0 0 0 1 0 0 0 0 0 0 0 0 0 0 0 0 0 0 0 0 0 0 0 0 0 0 0 0 0 0 0 1 0 0 0 
0 0 0 12 0 0 0 0 0 0 0 0 0 0 0 0 0 0 10 0 0 0 0 0 0 0 0 1 0 0 0 0 0 0 0 0 0 0 0 0 
0 0 0 0 0 0 0 0 0 0 0 0 0 0 0 1 0 0 0 0 0 0 14 0 0 0 0 0 0 0 0 0 0 0 0 0 0 11 0 0 
0 0 0 0 0 0 1 0 0 0 0 0 0 0 0 0 0 0 0 0 0 0 0 0 0 0 0 0 0 0 0 0 0 0 0 1 0 0 0 0 
0 0 0 0 0 0 0 0 0 0 0 0 0 0 0 0 0 0 0 0 0 0 0 0 0 0 0 0 0 0 0 0 0 0 0 0 0 0 0 0 
0 0 0 0 0 0 0 0 0 0 0 2 0 0 1 0 0 0 0 0 0 0 0 0 0 0 0 0 0 0 0 0 0 0 0 0 0 0 0 0 
0 0 0 0 0 0 0 0 0 0 0 0 0 0 0 0 0 0 0 0 0 0 0 0 0 0 0 0 0 0 3 0 0 1 0 0 0 0 0 0 
0 0 0 0 0 0 0 0 0 0 0 0 0 0 0 0 0 0 0 0 0 0 0 0 0 0 0 0 0 0 0 0 0 0 0 0 0 0 0 0 
0 0 0 0 0 0 0 0 0 0 0 0 2 0 0 0 0 0 0 0 0 0 0 0 0 0 0 0 0 0 0 0 0 3 0 0 0 0 0 0 
0 0 0 0 0 0 0 0 0 0 0 0 0 0 0 0 0 0 0 0 0 0 0 0 0 0 0 0 0 0 0 1 0 0 0 0 0 0 0 0 
0 0 0 0 0 0 0 0 0 0 0 0 2 0 0 0 0 0 0 0 0 0 0 0 0 0 0 0 0 0 0 0 0 0 0 0 0 0 0 0 
0 0 0 0 0 0 0 0 0 0 1 0 0 0 0 0 0 0 0 0 0 0 0 0 0 0 0 0 0 0 0 3 0 0 0 0 0 0 0 0 
0 0 0 0 0 0 0 0 0 0 0 0 0 0 0 0 0 0 0 0 0 0 0 0 0 0 0 0 0 1 0 0 0 0 0 2 0 0 0 0 
0 0 0 0 0 0 0 0 0 0 2 0 0 0 0 0 0 0 0 0 0 0 0 0 0 0 0 0 0 0 0 0 0 0 0 0 0 0 0 0 
0 0 0 0 0 0 0 0 1 0 0 0 0 0 3 0 0 0 0 0 0 0 0 0 0 0 0 0 0 3 0 0 0 0 0 0 0 0 0 0 
0 0 0 0 0 0 0 0 0 0 0 0 0 0 0 0 0 0 0 0 0 0 0 0 0 0 0 1 0 0 0 0 0 4 0 0 0 0 0 0 
0 0 0 0 0 0 0 0 6 0 1 0 0 0 0 0 0 0 0 0 0 0 0 0 0 0 0 0 0 0 0 0 0 0 0 0 0 0 0 0 
0 0 0 0 0 0 1 0 0 0 0 0 0 0 0 0 0 0 0 0 0 0 0 0 0 0 0 4 0 1 0 0 0 0 0 0 0 0 0 0 
0 0 0 0 0 0 0 0 0 0 0 0 0 0 0 0 0 0 0 0 0 0 0 0 0 1 0 0 0 0 0 0 0 0 0 0 0 0 0 0 
0 0 0 0 0 0 4 0 1 0 0 0 0 0 0 0 0 0 0 0 0 0 0 0 0 0 0 0 0 0 0 0 0 0 0 0 0 0 0 0 
0 0 0 0 2 0 0 0 0 0 0 0 0 0 0 0 0 0 0 0 0 0 0 0 0 0 0 0 0 0 0 0 0 0 3 0 0 0 0 0 
0 0 0 0 0 0 0 0 0 0 0 0 0 0 0 0 0 0 0 0 0 0 0 1 0 0 0 0 0 0 0 0 0 0 0 0 0 0 0 0 
0 0 0 0 0 0 0 0 0 0 0 0 0 1 0 0 0 0 0 0 0 0 0 0 0 0 0 0 0 0 0 0 0 0 0 0 0 0 0 0 
0 0 2 0 0 0 0 0 0 0 0 0 0 0 0 0 0 0 0 0 0 0 0 12 0 0 0 0 0 0 0 0 3 0 0 0 0 0 0 0 
0 0 0 0 0 0 0 0 0 1 0 0 0 0 0 0 0 0 0 0 0 0 1 0 0 0 0 5 0 0 0 0 0 0 0 0 0 0 0 0 
0 0 8.5 0 0 0 0 0 0 0 0 0 0 0 0 0 0 0 0 0 1 0 0 0 0 0 0 0 0 1 0 0 0 0 0 0 0 0 0 0 
0 1 0 0 0 0 2 0 0 0 0 0 0 0 0 0 0 0 0 0 0 6 0 0 0 0 0 0 0 0 0 0 0 0 0 0 0 0 0 1 
0 0 0 0 0 0 0 0 0 0 0 0 0 0 0 0 0 0 0 0 1 0 0 0 0 5 0 0 0 0 0 0 0 0 0 0 0 0 0 0 
8.5 0 1 0 0 0 0 0 0 0 0 0 0 0 0 0 0 0 1 0 0 0 0 0 0 0 0 0 0 0 0 0 0 0 0 0 0 0 0 0 
1 0 0 0 0 0 0 0 0 0 0 0 0 0 0 0 0 0 0 0 0 0 0 0 0 0 0 0 0 0 0 0 0 0 0 0 0 0 0 0 
0 0 0 0 0 0 0 0 0 1 0 0 0 0 0 0 0 0 0 2 0 0 0 2 0 0 0 0 0 0 0 0 0 0 0 0 0 0 5 0 
0 0 0 0 0 0 0 0 0 0 0 0 0 0 0 0 0 0 0 0 0 0 0 0 0 0 0 0 2 0 0 0 0 0 0 0 0 0 3 0 
0 0 2 0 0 0 0 0 0 0 0 0 0 0 0 0 0 8 0 0 0 0 0 0 0 0 0 0 0 0 0 0 0 0 0 0 0 0 0 0 
0 0 0 0 0 0 0 0 0 0 0 0 1 0 0 0 0 1 0 0 0 0 0 0 0 0 0 0 0 0 0 0 0 0 0 0 0 0 0 0 
0 0 0 0 0 0 0 0 0 0 0 0 0 0 0 0 0 0 0 0 0 0 0 0 0 0 0 0 0 0 0 0 0 0 0 0 2 0 0 0 
0 0 0 0 0 0 0 0 0 0 0 0 0 0 0 1 0 0 0 0 0 0 0 0 0 0 0 0 0 0 0 0 0 0 0 0 0 0 0 0 
0 0 0 0 0 0 0 0 0 0 0 0 0 0 0 1 0 0 0 0 0 0 0 0 0 0 0 0 0 0 0 0 0 0 1 0 0 0 0 0 
0 0 0 0 0 0 0 0 0 0 0 0 0 0 0 0 0 0 0 0 0 0 0 0 0 0 0 0 0 0 0 0 0 0 1 0 0 0 2 0 
0 0 0 0 0 0 0 0 0 0 0 0 0 2 0 0 0 0 0 0 0 0 0 0 0 0 0 0 0 0 0 0 0 0 0 0 0 0 0 0 
0 0 0 0 0 0 0 0 0 0 0 0 0 2 0 0 0 0 0 0 0 0 0 0 0 0 0 0 0 0 0 0 0 0 0 0 0 0 0 0 
0 1 0 0 0 0 0 0 0 0 0 0 0 0 0 0 0 0 0 0 0 0 0 0 0 0 0 0 0 0 0 0 1 0 0 0 0 0 0 0 
0 0 0 0 0 0 0 0 0 0 0 0 0 0 0 0 0 0 0 0 1 0 0 0 0 0 0 0 0 0 0 0 0 0 0 0 0 2 0 0 
0 0 0 0 0 0 0 0 0 0 0 1 0 0 0 16 0 0 0 0 0 0 0 0 0 0 0 0 0 0 20 0 0 0 0 0 0 0 0 0 
0 0 0 0 0 0 0 0 2 0 0 0 0 0 0 0 0 0 0 0 0 0 0 0 0 0 0 0 0 0 1 0 0 0 16 0 0 0 0 0 
0 0 0 0 0 0 0 0 0 20 0 2 0 0 0 0 0 0 0 0 0 0 0 0 0 0 0 2 0 0 0 0 0 0 0 0 0 0 0 3 
0 0 0 0 0 0 0 0 0 0 2 0 0 0 0 0 0 0 0 0 0 0 0 0 0 0 0 0 9 0 0 0 0 0 0 0 0 0 0 0 
0 0 0 0 0 0 0 0 0 0 0 0 0 0 0 0 0 0 0 0 0 0 0 0 0 0 0 0 0 1 3 0 0 0 0 0 0 0 0 0 
0 0 0 0 0 0 0 0 0 0 0 0 0 0 0 0 0 0 0 0 0 0 0 0 0 0 0 0 0 0 0 0 0 0 0 0 0 0 0 0 
0 0 0 0 0 0 0 0 1 0 0 3 0 0 0 0 0 0 0 0 0 0 0 0 0 0 3 0 0 0 0 0 0 0 0 0 0 0 0 0 
0 0 0 0 0 0 0 0 0 0 0 0 0 0 0 0 0 0 0 0 0 0 0 0 0 0 0 1 0 0 3 0 0 0 0 0 0 0 0 0 
0 0 0 0 0 3 0 0 0 0 0 0 0 0 0 0 0 0 0 0 0 0 0 0 0 0 0 0 0 0 0 0 0 0 0 1 0 0 0 0 
0 0 0 0 0 0 1 0 0 1 0 0 0 0 0 0 0 0 0 0 0 0 0 0 4 0 0 0 0 0 0 0 0 0 0 0 0 0 0 0 
0 0 0 0 0 0 0 0 0 0 0 0 0 0 0 0 0 0 0 0 0 0 0 0 0 1 0 0 1.334 0 0 0 0 0 0 0 0 0 0 0 
0 0 0 4.667 0 1 0 0 0 0 0 0 0 0 0 0 0 0 0 0 0 0 0 0 0 0 0 0 0 0 0 0 0 0 0 0 0 0 0 0 
0 0 0 0 0 0 1 0 0 0 0 0 0 0 0 0 0 0 0 0 0 0 0 0 0 0 0 0 0 0 0 0 0 0 0 0 0 0 0 0 
0 0 0 0 0 0 2 0 0 0 0 0 0 0 0 0 0 0 0 0 0 0 0 0 0 2 4 0 0 0 0 0 0 0 0 0 0 0 0 0 
0 9 0 0 0 0 0 0 0 0 0 0 1 0 0 0 0 0 0 0 0 0 0 0 0 0 0 0 0 0 0 1 0 0 0 0 0 0 0 0 
0 0 0 0 1 0 0 0 0 0 0 0 0 0 0 0 0 0 0 0 3 0 0 0 0 0 0 0 0 0 0 0 0 0 0 0 0 0 0 0 
0 0 0 0 0 0 0 0 0 0 0 0 0 0 0 1 0 0 0 0 0 0 0 2 3 0 0 0 0 0 0 0 0 0 0 0 0 0 0 3 
0 0 0 0 0 0 0 0 0 0 0 0 0 0 0 0 0 0 0 0 0 0 0 0 0 0 0 0 0 0 0 0 0 0 0 0 0 2 0 0 
0 0 1 0 0 0 0 0 0 0 0 0 0 0 0 0 0 0 4 0 0 0 0 0 0 0 0 0 0 0 0 0 0 0 0 0 0 0 0 0 
0 0 0.99 0 0 0 0 0 0 0 0 0 0 0 0 0 0 0 0 0 0 2.67 4 0 0 0 0 0 0 0 0 0 0 0 0 0 0 9 0 0 
0 0 0 0 0 0 0 0 1.34 0 0 0 0 0 0 0 0 0 0 0 0 0 0 0 0 0 0 0 0 0 0 0 0 0 0 0 0 0 0 0 
3 0 0 0 0 0 0 0 0 0 0 0 0 0 0 0 4 0 0 0 0 0 0 0 0 0 0 0 0 0 0 0 0 0 0 0 0 0 0 0 
0 0 0 0 0 0 0 0 0 0 0 1 0 0 0 0 0 0 0 4 8 0 0 0 0 0 0 0 0 0 0 0 0 0 0 8 0 0 0 0 
0 0 0 0 0 0 0 0 0 0 0 0 0 0 0 0 0 0 0 0 0 0 0 0 0 0 0 0 0 0 0 0 0 0 0 0 0 0 6 12 
0 0 0 0 0 0 0 0 0 0 0 0 0 0 16 0 0 0 0 0 0 0 0 1 0 0 0 0 0 0 0 0 0 0 0 0 0 0 0 0 
0 0 0 0 0 0 0 0 0 0 0 0 0 0 0 0 0 0.875 0 0 0 0 0 0 0 0 0 0 0 0 0 0 0 0 0 0 0 0 0 0 
0 0 1 0 0 0 0 0 0 0 0 0 0 0 0 0 0 0 0 0 0 0 0 0 0 0 0 0 0 0 0 0 0 0 0 0 0.9 0 0 0 
0 0 0 0 0 0 0 0 0 0 0 0 0 0 0 0 0 0 0 0 0 1 0 0 0 0 0 0 0 0 0 0 0 0 0 0 0 0 0 0 
0 0 0 0 0 0 0 0 0 0 0 0 0 0 0 3 0 0 0 0 0 0 0 0 0 0 0 0 0 0 0 0 0 0 0 0 0 0 0 0 
4 0 0 0 0 0 0 0 0 0 0 0 0 0 0 0 0 0 0 0 0 0 0 0 0 0 0 0 0 0 0 0 0 0 0.875 0 0 0 0 0 
0 0 0 0 0 0 0 0 0 0 0 0 0 0 0 0 0 0 0 0 1 0 0 0 0 0 0 0 0 0 0 0 0 0 0 0 0 0 0 0 
0 0 0 0 0 0 0 0 0 0 0 0 0 1.042 0 0 0 0 0 0 0 0 0 0 0 0 0 0 0 0 0 0 0 0 0 0 0 0 0 1 
0 0 0 0 0 0 0 0 0 0 0 0 0 0 0 0 0 0 0 0 0 0 0 0 0 0 0 0 0 0 0 0 3 0 0 0 0 0 0 0 
0 0 0 0 0 0 0 0 0 0 0 0 0 0 0 0 0 0 4 0 0 0 0 0 0 0 0 0 0 0 0 0 0 0 0 0 0 0 0 0 
0 0 0 0 0 0 0 0 0 0 0 4 4 0 0 0 0 0 0 0 0 0 0 0 0 0 0 9 0 0 0 0 0 0 0 0 0 0 1 0 
0 0 0 0 0 0 0 0 0 0 0 0 0 0 0 0 0 0 0 0 0 0 0 0 0 0 0 0 0 0 2 0 0 0 0 0 0 0 0 0 
0 0 0 0 0 0 3 0 0 0 0 0 0 0 0 0 0 0 0 0 0 0 0 0 0 0 0 0 0 0 0 0 0 0 0 0 0 0 0 0 
0 0 0 0 0 0 0 0 0 2 0 0 0 0 0 0 0 0 0 0 0 0 0 0 0 3 0 0 0 0 0 0 0 0 0 0 0 0 0 0 
0 0 0 0 0 0 0 0 0 0 0 0 0 0 0 0 0 0 0 0 0 0 0 0 0 0 0 0 1 2 0 0 0 0 0 0 0 0 0 0 
0 0 0 0 2 0 0 0 0 0 0 0 0 0 0 0 0 0 0 0 0 0 0 0 0 0 0 0 0 0 0 0 0 0 0 0 0 0 0 0 
0 0 0 0 0 0 0 1 3 0 0 0 0 0 0 0 0 0 0 0 0 0 0 3 0 0 0 0 0 0 0 0 0 0 0 0 0 0 0 0 
0 0 0 0 0 0 0 0 0 0 0 0 0 1 0 0 0 0 0 0 0 0 0 0 0 0 6 12 0 0 0 0 0 0 0 0 0 0 0 0 
0 0 15 0 0 0 0 0 0 0 0 0 0 0 0 0 0 0 0 0 0 0 0 0 0 0 0 0 0 0 0 0 0 0 0 0 0 0 0 0 
0 0 0 0 0 1 1 0 0 0 0 0 0 0 0 0 0 0 0 0 0 2 0 0 0 0 0 0 0 0 0 0 0 0 0 0 0 0 0 0 
0 0 0 0 0 0 0 0 0 0 0 0 0 0 0 0 0 0 0 0 0 0 0 0 1 1 0 0 0 0 0 0 0 0 0 0 0 0 0 0 
2 0 0 0 0 0 0 0 0 0 0 0 0 0 0 0 0 0 0 0 0 0 0 0 0 0 0 0 0 0 0 0 0 0 0 0 0 0 0 0 
0 0 0 1 0 0 0 0 0 0 0 0 0 0 0 0 0 0 0 4 0 1 0 0 0 0 0 0 0 0 0 0 0 0 0 0 0 0 0 0 
0 0 0 0 0 0 0 0 0 0 0 0 0 0 0 0 0 0 0 0 0 0 3 16 0 0 0 0 0 0 0 0 0 0 0 0 0 0 16 0 
2 0 0 0 0 0 0 0 0 0 0 0 0 0 0 0 0 0 0 0 0 0 0 0 0 0 0 0 0 0 0 0 0 0 0 0 0 0 0 0 
0 1 4 0 0 0 0 0 0 0 0 0 0 0 0 0 0 6 0 1 0 0 0 0 0 0 0 0 0 0 0 0 0 0 0 0 0 0 0 0 
0 0 0 0 0 0 0 0 0 0 0 0 0 0 0 0 0 0 0 0 1 0 0 0 0 0 0 0 0 0 0 0 0 0 0 0 0 0 0 0 
0 0 0 0 0 1 0 0 0 0 0 0 0 0 0 0 0 0 0 0 0 0 0 0 0 0 0 0 0 0 0 0 0 0 0 0 0 0 0 1 
0 0 0 0 0 0 0 0 0 0 0 0 0 0 0 0 0 0 0 0 0 0 0 0 1 0 0 0 0 0 0 0 0 0 0 0 0 0 0 0 
0 0 0 0 0 0 0 0 0 0 0 0 0 0 0 0 0 0 1 0 0 0 0 0 0 0 0 0 0 0 0 0 0 0 0 0 0 0 0 0 
0 0 0 2 0 0 0 0 0 0 0 0 0 0 0 0 0 0 0 0 0 0 0 0 0 0 0 0 0 0 0 0 0 0 0 0 0 1 0 0 
0 0 0 0 0 0 0 0 0 0 0 0 0 0 0 0 0 0 0 0 0 0 2 0 0 0 0 0 0 0 0 0 0 0 0 0 0 0 0 0 
0 0 0 0 0 0 0 0 0 0 0 0 0 0 0 0 2 6 0 0 0 0 0 0 0 0 0 0 0 0 0 0 12 0 0 0 0 0 0 0 
0 0 3 0 0 0 0 0 0 0 0 0 0 0 0 0 0 0 0 0 0 0 0 0 0 0 0 0 0 0 0 0 0 0 0 1 0 0 0 0 
0 0 0 0 0 0 0 0 0 0 0 0 0 0 0 0 0 0 0 0 0 2 0 0 0 0 0 0 0 0 0 0 0 0 0 0 0 2 0 0 
0 0 0 0 0 0 0 0 0 0 0 0 0 0 1 16 0 0 0 0 0 0 0 0 0 0 0 0 0 0 20 0 0 0 0 0 0 0 0 0 
0 0 0 0 0 0 0 0 2 0 0 0 0 0 1 0 0 0 0 0 0 0 0 0 0 0 0 0 0 0 0 0 0 0 33 0 0 0 0 0 
0 0 0 0 0 0 0 0 0 40 0 4 0 0 0 0 0 0 0 0 0 0 0 0 0 0 0 4 0 0 0 0 0 0 0 0 0 0 0 1 
0 0 0 0 0 0 0 0 0 0 0 0 0 0 3 0 0 0 0 0 0 0 0 0 0 0 0 0 5 0 0 0 0 0 0 0 0 0 0 0 
0 0 0 0 0 0 0 0 0 0 0 0 0 0 0 0 0 0 0 0 0 0 0 0 0 0 0 0 0 0 0 0 1 1 0 0 0 0 0 0 
0 0 0 0 0 0 0 4 0 1 0 0 0 0 0 0 0 0 0 0 0 0 0 0 0 0 0 0 0 0 0 0 0 0 0 0 0 0 0 0 
0 0 2 0 0 0 0 0 0 0 0 0 2 0 0 0 0 0 0 0 0 0 0 0 0 0 0 0 0 0 0 0 0 0 0 0 0 0 0 0 
0 0 0 0 0 0 0 0 0 0 0 0 0 0 0 0 0 0 0 0 0 0 0 0 0 0 0 0 0 0 0 1 0 0 0 0 0 0 0 0 
0 0 0 0 0 1 0 0 0 0 0 0 0 0 0 0 0 0 0 0 0 0 0 0 0 0 0 0 0 0 0 0 0 0 0 0 0 0 0 0 
0 0 0 0 0 0 0 0 0 3 3 0 0 0 0 0 0 0 0 0 0 0 0 0 7 0 1 0 0 0 0 0 0 0 0 0 0 0 0 0 
0 0 0 0 0 0 0 0 0 0 0 0 0 0 0 0 0 0 0 0 0 0 0 0 0 0 0 0 0 3 0 0 0 0 0 0 0 0 0 0 
0 0 0 8 0 2 0 0 0 0 0 0 0 0 0 0 0 0 0 0 0 0 0 0 0 0 0 0 0 0 0 0 0 0 0 0 0 0 0 0 
0 0 0 0 0 0 0 0 1 0 0 0 0 0 0 0 0 0 0 0 0 0 0 0 0 0 0 0 0 0 0 1 0 0 0 0 0 0 0 0 
0 0 0 0 0 0 0 0 0 0 0 0 3 0 0 0 0 0 0 0 0 0 0 0 0 0 0 0 2 0 0 0 0 0 0 0 0 0 0 0 
0 9 0 0 0 0 0 0 0 0 0 0 0 0 0 0 0 0 0 0 0 0 0 0 0 0 0 0 0 0 0 0 0 0 0 0 0 0 0 0 
0 0 0 3 0 0 0 1 0 0 0 0 0 0 0 0 0 0 0 0 0 0 0 0 0 0 0 0 0 0 0 0 0 0 0 0 0 0 0 0 
0 0 0 0 0 0 0 0 0 0 0 0 0 0 0 0 0 0 0 0 0 0 0 0 3 0 1 0 0 0 0 0 0 0 0 0 0 0 0 3 
0 0 0 0 0 0 0 0 0 0 0 0 0 0 0 0 0 0 0 0 0 0 0 0 0 0 0 0 0 1 0 0 0 0 0 0 0 0 0 0 
0 0 0 1 0 1 0 0 0 0 0 0 0 0 0 0 0 0 4 0 0 0 0 0 0 0 0 0 0 0 0 0 0 0 0 0 0 0 0 0 
0 0 0 0 0 0 0 0 0 0 0 0 0 0 0 0 0 0 0 0 0 0 0 0 1 0 0 0 0 0 0 0 0 0 0 0 0 4 0 1 
0 0 0 0 0 0 0 0 0 0 0 0 0 0 0 0 0 0 0 0 0 2.34 0 0 0 0 0 0 0 0 0 0 0 0 0 0 0 0 0 0 
0 2 0 0 0 0.34 0 0 0 0 0 0 0 0 0 0 12 0 0 0 0 0 0 0 0 0 0 3.66 0 0 0 0 0 0 0 0 0 0 0 0 
2.85 0 0 0 0 0 0 0 0 0 0 0 0 0 0 0 0 0 0 0 2 0 0 0 0.85 0 0 0 0 0 0 0 0 0 0 12 0 0 0 0 
0 0 0 0 0 0 3.15 0 0 0 0 0 0 0 0 0 0 0 0 2.35 0 0 0 0 0 0 0 0 0 0 0 0 0 0 0 0 0 0 0.25 2 
0 0 0 0.85 0 0 0 0 0 0 0 0 0 0 12 0 0 0 0 0 0 0 0 0 0 3.4 0 0 0 0 0 0 0 0 0 0 0 0 2.6 0 
0 0 0 0 0 0 0 0 0 0 0 0 0 0 0 0 0 0.25 2 0 0 0 0.85 0 0 0 0 0 0 0 0 0 0 12 0 0 0 0 0 0 
0 0 0 0 3.15 0 0 0 0 0 0 0 0 0 0 0 0 0.67 0 0 0 0 0 0 0 0 0 0 0 0 0 0 0 0 0 0 1.67 2 0 0 
0 0.34 0 0 0 0 0 0 0 0 0 0 12 0 0 0 0 0 0 0 0 0 0 3.66 0 0 0 0 0 0 0 0 0 0 0 0 0 0 0 0 
0 0 0 0 0 0 0 0 0 0 2 0 0 0 0 1 4 0 0 0 1 0 0 0 0 0 0 0 0 0 0 10 0 0 0 0 0 0 0 0 
0 0 0 0 0 0 0 0 0 0 0 0 0 0 0 0 0 0 0 0 0 0 0 0 0 0 0 0 0 2 0 0 0 0 3 6 0 0 0 1 
0 0 0 0 0 0 0 0 0 0 14 0 0 0 0 0 0 0 0 0 0 0 0 0 0 0 0 0 0 0 0 0 0 0 2.35 0 0 0 0 0 
0 0 0 0 0 0 0 0 0 0 0 0 0 0 2 0 0 0 0.85 0 0.25 0 0 0 0 0 0 0 0 12 0 0 0 0 0 0 0 0 0 0 
3.4 0 0 0 0 0 0 0 0 0 0 0 0 1.66 0 0 0 0 0 0 0 0 0 0 0 0 0 0 0 0 0 0 0 2 0 0 0 0.34 0 0.34 
0 0 0 0 0 0 0 0 12 0 0 0 0 0 0 0 0 0 0 4 0 0 0 0 0 0 0 0 0 0 0 0 1.4 0 0 0 0 0 0 0 
0 0 0 0 0 0 0 0 0 0 0 0 2 0 0 0 0.6 0 0.6 0 0 0 0 0 0 0 0 12 0 0 0 0 0 0 0 0 0 0 4 0 
0 0 0 0 0 0 0 0 0 0 0 0.34 0 0 0 0 0 0 0 0 0 0 0 0 0 0 0 0 0 0 0 2 0 0 0 0.34 0 3 0 0 
0 0 0 0 0 0 12 0 0 0 0 0 0 0 0 0 0 3.66 0 0 0 0 0 0 0 0 0 0 0 0 0.86 0 0 0 0 0 0 0 0 0 
0 0 0 0 0 0 0 0 0 0 2 0 0 0 0.86 0 3 0 0 0 0 0 0 0 0 12 0 0 0 0 0 0 0 0 0 0 3.14 0 0 0 
0 0 0 0 0 0 0 0 0 0.34 0 0 0 0 0 0 0 0 0 0 0 0 0 0 0 0 0 0 1 2 0 0 0 0.34 0 2 0 0 0 0 
0 0 0 0 12 0 0 0 0 0 0 0 0 0 0 3.66 0 0 0 0 0 0 0 0 0 0 0 0 0.5 0 0 0 0 0 0 0 0 0 0 0 
0 0 0 0 0 0 0 1.5 2 0 0 0 0.75 0 0.25 0 0 0 0 0 0 0 0 12 0 0 0 0 0 0 0 0 0 0 3.75 0 0 0 0 0 
0 0 0 0 0 0 0 2.04 0 0 0 0 0 0 0 0 0 0 0 0 0 0 0 0 0 0 0.376 2 0 0 0 0.762 0 0.241 0 0 0 0 0.044 0 
0 0 12 0 0 0 0 0 0 0 0 0 0 3.387 0 0 0 0 0 0 0 0 0 0 0 0 0 0 0 0 0 0 2 0 0 0 0 0 0 0 
0 0 0 0 0 0 0 0 0 0 3 0 0 0 0 0 0 0 0 0 1 8 0 0 0 0 0 0 0 0 0 0 0 0 0 0 0 0 0 0 
0 0 0 0 0 0 0 0 0 0 0 3 0 0 0 0 0 0 0 0 0 0 0 0 0 0 0 0 0 4 0 0 0 0 0 0 0 0 0 1 
11 0 0 0 0 0 0 0 0 0 0 0 0 0 0 0 0 0 0 0 0 0 0 0 0 0 0 0 0 0 1 0 0 0 0 0 0 0 0 0 
0 0 0 0 0 0 0 0 1 0 0 0 0 0 0 0 0 0 1 5 0 0 0 0 0 0 0 0 0 0 0 0 0 0 0 0 0 0 0 0 
0 0 0 0 0 1 0 0 0 0 0 0 0 0 0 0 0 0 0 0 0 0 0 6 0 0 0 1 0 0 0 0 0 0 0 0 0 0 9 0 
0 0 0 0 0 0 0 0 0 0 0 0 0 0 0 0 1 0 0 0 0 0 0 0 0 1 0 0 0 0 0 0 0 0 0 0 0 0 0 0 
0 0 2 0 0 0 1 0 0 0 0 0 0 0 0 0 0 6 0 0 0 0 0 0 0 0 0 0 0 0 0 0 0 0 0 1 0 0 0 0 
0 0 0 0 0 0 0 0 0 0 0 0 0 0 0 0 0 0 0 0 0 22 0 0 0 2 0 0 0 0 0 0 0 0 0 0 30 0 0 0 
0 0 0 0 0 0 0 0 0 0 0 0 0 0 6 0 0 0 0 0 0 0 0 0 0 0 0 0 0 0 0 0 0 0 0 0 0 0 0 0 
6 0 0 0 1 0 0 0 0 0 0 0 0 0 0 9 0 1 0 0 0 0 0 0 0 0 0 0 0 0 0 0 0 1 0 0 0 0 0 0 
0 0 0 0 0 0 0 0 0 0 0 0 0 0 0 0 0 0 0 3 0 0 0 1 0 0 0 0 0 0 0 0 0 0 7 0 0 0 0 0 
0 0 0 0 0 1 0 0 0 0 0 0 1 0 0 0 0 0 0 0 1 0 0 0 0 0 0 0 0 0 0 0 0 0 0 0 0 0 8 0 
0 0 0 1 0 0 0 0 0 0 0 0 0 10 0 0 0 0 0 0 0 0 0 0 0 0 0 0 0 0 0 1 0 0 0 0 0 0 0 0 
1 0 0 0 0 0 0 0 0 0 0 0 0 0 0 0 0 3 0 0 0 0 1 0 0 0 0 0 0 0 0 0 6.5 0 0 0 0 0 0 0 
0 0 0 0 0 0 0 0 0 0 1 0 0 0 0 0 0 0 0 0 0 0 0 0 0 0 0 0 0 0 0 0 0 0 0 0 8 0 0 0 
0 1 0 0 0 0 0 0 0 0 0 10 0 1 0 0 0 0 0 0 0 0 0 0 0 0 0 0 0 1 0 0 0 0 0 2.34 0 0 0 0 
0 0 0 0 0 0 0 0 0 0 0 0 0 0 0 2 0 0 0 0 0 0.17 0 0 0 0 0 0 0 0 12 0 0 0 0 0 0 0 0 0 
0 3.66 0 0 0 0 0 0 0 0 0 0 0 0 0 0 0 0 0 0 1 0 0 0 0 0 0 0 0 0 0 0 0 0 0 0 0 0 0 0 
1 0 0 0 0 0 0 0 0 3 0 0 0 0 0 0 0 0 0 0 0 0 0 0 0 0 0 0 0 0 0 0 0 0 0 0 0 0 0 0 
0 0 0 0 0 0 0 2 0 0 0 0 0 0 0 0 0 0 0 1 0 0 0 0 0 0 0 0 4 0 0 0 0 0 0 0 0 0 0 0 
0 0 0 0 0 0 0 0 0 0 0 0 0.67 0 0 0 0 0 0 0 0 0 0 0 0 0 0 0 0 0 0 1.67 2 0 0 0 0 0 0.17 0 
0 0 0 0 0 0 0 12 0 0 0 0 0 0 0 0 0 0 3.66 0 0 0 0 0 0 0 0 0 0 0 0 0 0 0 0 0 0 0 0 0 
0 0 0 0 0 0 0 0 0 0 0 7 0 0 0 0 0 1 0 0 0 0 0 0 0 0 7 0 1 0 0 0 0 0 0 0 0 0 0 0 
0 0 0 0 0 0 0 0 0 0 0 0 0 0 0 0 0 0 0 0 0 0 0 0 0 0 0 0 0 0 15 0 0 0 0 0 1 0 0 0 
0 0 0 0 0 11 0 1 0 0 0 0 0 0 0 0 0 0 0 0 0 0 0 0 0 0 0 0 0 0 0 0 0 0 0 0 0 0 0 0 
0 0 0 0 0 0 0 0 0 31 0 0 0 1 0 2 0 0 0 0 0 0 0 0 23 0 2 0 0 0 0 0 0 0 0 0 0 0 0 0 
0 0 0 0 0 0 0 0 0 0 0 0 0 0 0 0 0 0 0 0 0 0 0 0 0 0 0 0 2 0 0 0 1 0 1 0 0 0 0 0 
0 0 0 5 0 1 0 0 0 0 0 0 0 0 0 0 0 0 0 0 0 0 0 0 0 0 0 0 0 0 0 0 0 0 0 0 0 0 0 0 
0 0 0 0 0 0 0 12 0 0 0 1 0 1 0 0 0 0 0 0 0 0 10 0 1 0 0 0 0 0 0 0 0 0 0 0 0 0 0 0 
0 0 0 0 0 0 1.66 0 0 0 0 0 0 0 0 0 0 0 0 0 0 0 0 0 0 0 2 0 0 0 0 0 0.51 0 0 0 0 0 0 0 
0 12 0 0 0 0 0 0 0 0 0 0 4 0 0 0 0 0 0 0 0 0 0 0 0 1.4 0 0 0 0 0 0 0 0 0 0 0 0 0 0 
0 0 0 0 0 2 0 0 0 0 0 0.9 0 0 0 0 0 0 0 0 12 0 0 0 0 0 0 0 0 0 0 4 0 0 0 0 0 0 0 0 
0 0 0 0 0.34 0 0 0 0 0 0 0 0 0 0 0 0 0 0 0 0 0 0 0 2 0 0 0 0 0 3.17 0 0 0 0 0 0 0 0 12 
0 0 0 0 0 0 0 0 0 0 3.66 0 0 0 0 0 0 0 0 0 0 0 0 0.86 0 0 0 0 0 0 0 0 0 0 0 0 0 0 0 0 
0 0 0 2 0 0 0 0 0 3.43 0 0 0 0 0 0 0 0 12 0 0 0 0 0 0 0 0 0 0 3.14 0 0 0 0 0 0 0 0 0 0 
0 0 0.34 0 0 0 0 0 0 0 0 0 0 0 0 0 0 0 0 0 0 1 2 0 0 0 0 0 2.17 0 0 0 0 0 0 0 0 12 0 0 
0 0 0 0 0 0 0 0 3.66 0 0 0 0 0 0 0 0 0 0 0 0 0 0 0 0 0 0 0 0 0 0 0 0 0 0 0 0 0 0 0 
0 2 0 0 0 0 0 1 0 0 0 0 0 0 0 0 2 0 0 0 0 0 0 0 0 0 0 0 0 0 0 0 0 0 0 0 0 0 0 0 
0 0 0 0 0 0 0 0 0 0 0 0 0 0 0 0 0 0 0 0 4 0 0 0 0 0 1 0 0 0 0 0 0 0 0 2 1 0 0 0 
0 0 0 0 0 0 0 0 0 0 0 0 0 0 0 0 0 0 0 0 0 0 0 0 0 0 0 0 0 0 0 0 0 0 0 0 0 0 0 0 
0 0 0 0 0 3 0 0 0 0 0 0 0 0 8 0 2 0 0 0 0 0 0 0 0 0 0 0 0 0 0 0 0 0 0 0 0 0 0 0 
0 0 0 0 0 0 0 0 0 0 0 0 0 0 0 0 0 0 44 0 0 0 0 0 3 0 0 0 0 0 0 0 0 30 0 2 0 0 0 0 
0 0 0 0 0 0 0 0 0 0 0 0 0 0 0 0 0 0 0 0 0 0 0 0 0 0 0 0 0 0 0 0 0 0 0 0 0 8 0 0 
0 0 0 3 0 0 0 0 0 0 0 0 12 0 2 0 0 0 0 0 0 0 0 0 0 0 0 0 0 0 0 0 0 0 0 0 0 0 0 0 
0 0 0 0 0 0 0 0 0 0 0 0 0 0 0 0 16 0 0 0 0 0 3 0 0 0 0 0 0 0 0 16 0 2 0 0 0 0 0 0 
0 0 0 0 0 0 0 0 0 0 0 0 0 0 0 0 0 0 0 0 0 0 0 0 0 0 0 0 0 0 0 0 0 0 0 12 0 0 0 0 
0 1 0 0 0 0 0 0 0 0 9 0 0 0 0 0 0 0 0 0 1 0 0 0 0 0 0 0 0 0 0 0 0 0 0 0 2 0 0 0 
0 0 0 0 0 0 0 0 0 0 0 0 0 0 20 0 0 0 0 0 1 0 0 0 0 0 0 0 0 22 0 0 0 0 0 0 0 0 0 0 
0 0 0 0 0 0 0 2 0 0 0 0 0 0 0 0 0 0 0 0 0 0 0 0 0 0 0 0 0 0 0 0 0 16 0 0 0 0 0 1 
0 0 0 0 0 0 0 0 20 0 2 0 0 0 0 0 0 0 0 0 0 0 0 0 0 0 2 0 0 0 0 0 0 0 0 0 0 0 1 0 
0 0 0 0 0 0 0 0 0 0 0 0 0 0 0 0 0 0 0 1 0 0 0 0 0 0 0 3 0 0 0 0 0 0 0 0 0 0 0 0 
0 0 0 0 0 0 0 0 0 0 0 0 0 0 0 0 0 0 0 0 0 0 0 0 0 0 0 0 0 0 0 0 0 0 0 0 0 0 3 0 
0 0 0 0 0 0 4 0 0 0 0 0 0 0 0 0 0 0 0 0 0 0 0 0 0 0 0 0 0 0 0 0 0 0 0 0 0 0 0 0 
0 0 0 0 0 0 0 0 0 0 0 0 0 0 0 0 0 2 0 0 0 0 0 0 0 3 0 0 0 0 0 0 0 0 0 0 0 0 0 0 
0 0 0 0 0 0 0 0 0 0 0 0 0 0 0 0 0 0 0 0 0 0 0 0 0 0 0 0 0 0 0 0 0 0 0 0 1 0 0 0 
0 0 0 0 1 0 0 0 0 0 0 0 0 0 0 0 0 0 0 0 0 0 0 0 0 0 0 0 0 0 0 0 0 0 0 0 0 0 0 0 
0 0 0 0 0 0 0 0 0 0 0 0 0 0 0 1 0 0 0 0 0 0 0 2 0 0 0 0 0 0 0 0 0 0 0 0 0 0 0 0 
0 0 0 0 0 0 0 0 0 0 0 0 0 0 0 0 0 0 0 0 0 0 0 0 0 0 0 2 0 0 0 0 0 0 1 0 0 0 0 0 
0 0 2 0 0 0 0 0 0 0 0 0 0 0 0 0 0 0 0 0 0 0 0 0 0 0 0 0 0 0 0 0 0 0 0 0 0 0 0 0 
0 0 0 0 0 0 1 0 0 0 0 0 0 1 0 0 0 0 0 0 0 2 0 0 0 0 0 0 0 0 0 0 0 0 0 0 0 0 0 0 
0 0 0 0 0 0 0 0 0 0 0 0 0 0 0 0 0 0 0 0 0 0 0 0 0 4 0 0 0 0 0 0 1 0 0 0 0 0 0 0 
5 0 0 0 0 0 0 0 0 0 1 0 0 0 0 0 0 0 0 0 0 0 0 0 0 0 2 0 0 0 0 0 0 0 0 0 0 0 0 0 
0 0 0 0 16 0 0 0 0 0 0 1 0 0 0 0 0 0 0 20 0 0 0 0 0 0 0 0 0 0 0 0 0 0 0 0 0 2 0 0 
0 0 0 0 0 0 0 0 0 0 0 0 0 0 0 0 0 0 0 0 0 0 0 20 0 0 0 0 0 0 1 0 0 0 0 0 0 0 22 0 
2 0 0 0 0 0 0 0 0 0 0 0 0 0 0 0 2 0 0 0 0 0 0 0 0 0 0 0 0 0 0 0 0 0 0 0 0 0 0 0 
0 0 0 0 0 0 0 0 0 0 1 0 0 0 0 0 0 2 0 0 0 0 0 0 0 0 0 0 0 0 0 0 0 0 0 0 0 0 0 0 
0 0 0 0 0 0 0 0 0 0 0 0 0 0 0 0 0 0 0 0 0 0 0 0 0 0 0 0 0 1 0 0 0 0 0 0 3 0 0 0 
0 0 0 0 0 0 0 0 0 0 0 0 0 0 0 0 0 0 0 0 0 0 0 0 0 0 3 0 0 0 0 0 0 0 0 0 0 0 0 0 
16 0 0 0 0 0 0 0 0 4 0 0 0 0 1 11 0 0 0 0 0 0 0 0 0 0 0 0 0 0 0 0 0 0 0 0 0 0 0 0 
0 1 0 0 0 0 0 0 0 0 0 0 0 0 0 0 0 0 0 10 0 0 0 0 0 0 0 0 1 0 0 0 0 0 9 0 0 0 0 0 
0 0 0 0 0 0 0 0 0 0 0 0 1 0 0 0 0 0 0 0 0 0 0 0 0 0 0 0 0 0 0 0 0 0 0 0 0 0 10 0 
0 0 0 0 0 0 0 1 0 0 0 0 0 9 0 1 0 0 0 0 0 0 0 0 0 0 0 0 0 0 0 1 0 0 0 0 0 1 0 0 
0 0 0 1 0 0 0 0 0 0 0 0 0 0 0 0 0 2 0 0 0 0 0 0 0 0 0 0 1 0 0 0 5 0 0 0 0 0 0 0 
0 0 0 0 0 0 0 0 0 0 0 0 0 0 0 0 2 0 0 0 0 0 0 0 0 0 0 0 0 0 0 0 0 0 0 0 4 0 0 0 
0 0 0 0 0 0 0 2 0 0 0 14 0 0 0 0 0 0 0 0 0 0 4 0 0 0 0 0 0 0 0 0 0 0 0 2.34 0 0 0 0 
0 0 0 0 0 0 0 0 0 0 0 0 0 0 0 2 0 0 0 0 0 0 0 0 0 0 0.34 0 0 0 12 0 0 0 0 0 0 0 0 0 
0 3.66 0 0 0 0 0 0 0 0 0 0 0 0 6 0 0 0 0 0 0 0 0 0 0 0 0 0 0 0 0 0 0 0 8 0 0 0 0 0 
0 0 0 2 0 8 0 0 0 34 0 0 0 0 0 0 0 0 0 0 6 0 0 0 0 0 0 0 0 0 0 0 0 2 0 0 0 0 0 0 
0 0 0 0 0 0 0 0 0 0 0 0 0 12 0 0 0 0 0 0 0 0 0 0 2 0 0 0 18 0 0 0 0 0 0 0 0 0 0 4 
0 0 0 0 0 0 0 0 0 0 0 0 2 0 0 0 0 0 0 0 0 0 0 0 0 0 0 0 0 0 0 0 12.4 0 0 0 0 0 0 0 
0 0 0 2 0 0 0 15.2 0 0 0 0 0 0 0 0 0 0 2.5 0 0 0 0 0 0 0 0 0 0 0 0 2 0 0 0 0 0 0 0 0 
0 0 0 0 0 0 0 0 0 0 0 16 0 0 0 0 0 0 0 0 0 0 2 0 0 0 20 0 0 0 0 0 0 0 0 0 0 4 0 0 
0 0 0 0 0 0 0 0 0 0 6 0 0 0 0 0 0 0 0 0 0 0 0 0 0 0 0 0 0 0 6 0 0 0 0 0 0 0 0 0 
0 8 0 0 0 28 0 0 0 0 0 0 0 0 0 0 6 0 0 0 0 0 0 0 0 0 0 0 0 0 0 0 0 0 0 0 0 0 0 0 
0 0 0 0 0 0 0 0 0 0 0 0 0 0 0 0 0 0 0 0 0 0 0 1 2 0 0 0 0 0 0 0 0 0 0 0 0 0 0 0 
0 0 0 0 0 0 0 0 0 0 0 0 0 0 1 0 0 0 0 0 0 0 0 0 0 0 0 0 0 0 0 0 0 0 0 0 0 0 0 0 
0 0 1 5 0 0 0 0 0 0 0 0 0 0 0 0 0 0 0 0 0 0 0 0 0 0 0 0 0 0 0 0 0 0 0 0 0 0 0 0 
0 0 0 0 0 0 0 1 0 0 0 0 0 0 0 0 0 0 0 0 0 1 3 0 0 0 0 0 0 0 0 0 0 0 0 0 0 0 0 0 
0 0 0 0 0 0 0 0 0 0 0 0 0 0 0 0 0 0 0 0 0 0 0 0 0 0 4 0 0 0 0 0 0 0 0 0 0 0 0 0 
1 5 0 0 0 0 0 0 0 0 0 0 0 0 0 0 0 0 0 0 0 0 0 0 0 0 0 0 0 0 0 0 0 0 0 0 0 0 0 0 
0 0 0 0 0 12 0 0 0 0 0 0 0 0 0 0 0 0 0 1 6 2 0 0 0 0 0 0 0 0 0 0 0 0 0 0 0 0 0 0 
0 0 0 0 0 0 0 0 0 0 0 0 0 0 0 0 0 0 0 0 0 0 0 0 2 0 0 0 0 0 0 0 0 0 0 0 0 0 0 8 
0 2 0 0 0 0 1 0 0 0 0 0 0 0 0 0 0 0 0 0 0 0 0 0 0 0 0 0 0 0 0 0 0 0 0 0 0 0 0 0 
0 0 0 0 0 0 0 0 0 0 0 0 0 0 0 0 0 0 2 0 0 0 0 0 0 1 0 0 0 0 0 0 0 0 0 0 0 0 0 0 
0 0 0 0 0 0 0 0 1 0 0 0 0 0 0 0 0 0 0 0 0 0 0 0 0 0 0 0 0 0 0 0 0 0 0 0 0 5 0 0 
0 0 0 0 1 0 0 0 0 0 0 0 0 0 0 0 0 0 0 0 0 0 0 0 0 0 0 0 0 0 0 0 0 0 0 0 0 0 0 0 
0 3 0 0 0 0 0 0 0 0 0 0 0 0 0 0 3 0 0 0 0 0 0 1 0 0 0 0 0 0 0 0 0 0 0 0 0 0 0 0 
0 0 0 0 0 0 0 0 0 0 0 0 0 0 0 0 0 0 0 0 2 0 0 0 0 0 0 0 0 0 0 0 0 0 0 4 0 0 0 0 
0 0 1 0 0 0 0 0 0 0 0 0 0 0 0 0 0 0 0 0 0 0 0 0 0 0 0 0 0 0 0 0 0 0 0 0 0 0 0 1 
0 0 0 0 0 0 0 0 0 0 0 0 0 0 3 0 0 0 0 0 0 1 0 0 0 0 0 0 0 0 0 0 0 0 0 0 0 0 0 0 
0 0 0 0 0 0 0 0 0 0 0 0 0 0 0 0 0 0 8 0 0 0 0 0 0 0 0 0 0 0 0 0 0 18 0 2 0 0 0 0 
3 0 0 0 0 0 0 0 0 0 0 0 0 0 0 0 0 0 0 0 0 0 0 0 0 0 0 0 0 0 0 0 0 0 0 0 0 12 0 0 
0 0 0 0 0 0 0 0 0 0 0 0 6 2 0 0 0 0 0 1 0 0 0 0 0 0 0 0 0 0 0 0 0 0 0 0 0 0 0 0 
0 0 0 0 0 0 0 0 0 0 0 0 0 0 0 0 20 0 0 0 0 0 0 0 0 0 0 0 0 0 0 10 3 0 0 0 0 0 2 0 
0 0 0 0 0 0 0 0 0 0 0 0 0 0 0 0 0 0 0 0 0 0 0 0 0 0 0 0 0 0 0 0 0 0 0 0 0 0 0 0 
0 0 0 0 0 0 0 0 0 0 4 0 1 0 0 0 0 1 0 0 0 0 0 0 0 0 0 0 0 0 0 0 0 0 0 0 0 0 0 0 
0 0 0 0 0 0 0 0 0 0 0 0 0 0 0 0 0 0 0 0 0 0 0 0 0 0 0 0 0 0 0 0 0 0 0 0 0 0 1 0 
0 0 0 0 0 0 0 0 0 0 0 0 0 0 0 0 0 0 0 0 0 0 0 0 0 0 0 0 0 0 0 0 0 0 0 0 0 0 0 0 
0 0 0 0 0 0 0 0 0 0 0 0 0 0 0 0 0 0 1 0 0 0 0 0 0 0 0 0 0 0 0 0 0 0 0 0 0 0 0 0 
0 0 0 0 0 0 0 0 0 0 0 0 0 0 0 0 0 0 0 0 0 0 0 0 0 0 0 2 0 0 0 0 0 0 0 0 0 0 1 0 
0 0 0 0 0 0 0 0 0 0 0 0 0 0 0 0 0 0 0 0 0 0 0 0 0 0 0 0 0 0 0 0 0 0 0 0 0 0 0 0 
0 0 0 0 0 0 2 0 0 0 0 0 0 0 0 0 0 1 0 0 0 0 0 0 0 0 0 0 0 0 0 0 0 0 0 0 0 0 0 0 
0 0 0 0 0 0 0 0 4 0 0 0 0 0 0 0 0 0 0 0 0 0 0 0 0 0 0 0 0 0 0 0 0 0 0 0 0 0 0 0 
0 1 0 0 0 0 0 0 0 0 0 0 0 0 0 0 0 0 0 0 0 0 0 0 0 0 0 0 0 0 0 0 0 0 0 0 0 0 0 0 
0 0 0 0 2 0 0 0 0 0 0 0 0 0 0 0 0 0 0 0 1 0 0 0 0 0 0 0 0 0 0 0 0 0 0 0 0 0 0 0 
0 0 0 0 0 0 0 0 0 0 0 0 0 0 0 0 0 0 0 0 0 0 0 2 0 0 0 0 0 0 0 0 0 0 0 0 0 0 0 1 
0 0 0 0 0 0 0 0 0 0 0 0 0 0 0 0 0 0 0 0 0 0 0 0 0 0 0 0 0 0 0 0 0 0 0 0 0 0 0 0 
0 0 16 0 4 0 0 0 0 0 0 0 0 0 0 0 0 0 3 0 0 0 0 0 0 0 0 0 0 0 0 0 0 0 0 0 0 0 0 0 
0 0 0 0 4 0 5 0 0 0 0 0 0 0 0 0 0 0 0 0 0 2.5 0 0 0 0 0 0 0 0 0 0 0 0 0 0 0 0 0 1 
0 0 0 0 0 0 0 0 0 0 0 0 0 0 0 0 0 0 0 0 0 0 0 0 0 0 0 0 0 0 0 0 0 0 0 0 0 0 0 0 
2 0 0 0 0 0 0 0 0 0 0 0 0 0 0 0 0 0 1 0 0 0 0 0 0 0 2 0 0 0 0 0 0 0 0 0 0 0 0 0 
0 0 0 0 24 0 0 0 0 0 0 0 0 0 0 0 0 0 0 26 0 0 0 0 0 0 0 0 0 0 0 0 0 0 0 0 0 3 0 0 
0 0 0 0 0 0 0 0 0 1 0 0 0 0 0 0 0 0 0 0 0 0 0 0 0 0 0 0 0 0 0 0 0 0 0 0 0 0 5 0 
0 0 0 0 0 0 0 0 0 0 0 0 0 0 0 0 1 0 0 0 0 0 0 0 1 0 0 0 0 0 0 0 0 0 0 0 0 0 0 0 
0 0 9 0 0 0 0 0 0 0 0 0 0 0 0 0 0 10 0 0 0 0 0 0 0 0 0 0 0 0 0 0 0 0 0 1 0 0 0 0 
0 0 0 0 0 0 0 0 0 0 0 0 0 0 0 0 0 0 0 0 0 4 0 0 0 0 0 0 0 0 0 0 0 0 0 0 5 0 0 0 
0 0 0 0 0 0 0 0 0 0 0 0 0 0 1 0 0 0 0 0 0 0 0 0 0 0 0 0 0 0 0 0 0 0 0 0 0 0 0 0 
9 0 0 0 0 0 0 0 0 0 0 0 0 0 0 10 0 1 0 0 0 0 0 0 0 0 0 0 0 0 0 0 0 1 0 0 0 0 0 0 
0 0 0 0 0 0 0 0 0 0 0 0 0 0 0 0 0 0 0 2 0 0 0 0 0 0 0 0 0 0 0 0 0 0 6 0 0 0 0 0 
0 0 0 1 0 0 0 0 0 0 0 0 1 0 0 0 0 0 0 0 0 0 0 0 0 0 0 0 0 0 0 0 0 0 0 0 0 0 6 0 
0 0 0 0 0 0 0 0 0 0 0 0 0 5 1 0 0 0 0 0 0 0 0 0 0 0 0 0 0 0 0 1 0 0 0 0 0 0 0 0 
0 0 0 0 0 0 0 0 0 0 0 0 0 0 0 0 0 8 0 0 0 0 0 0 0 0 0 0 0 0 0 0 18 0 2 0 0 0 0 0 
0 0 0 0 0 0 0 0 0 0 3 0 0 0 0 0 0 0 0 0 0 0 0 0 0 0 0 0 0 0 0 0 0 0 0 0 4 0 0 0 
0 0 0 0 0 0 0 0 0 0 0 10 0 0 0 0 0 0 0 0 0 0 1 0 0 0 0 0 0 2 0 0 0 0 0 0 0 0 0 0 
0 0 0 0 0 0 0 0 0 0 0 0 0 0 0 12 0 0 0 0 0 0 0 0 0 0 0 0 0 0 6 2 0 0 0 0 0 0 0 0 
0 0 0 0 0 0 0 0 1 0 0 0 0 0 0 0 0 0 0 0 0 0 0 0 0 0 0 0 0 0 0 0 0 0 0 0 0 0 0 0 
0 0 0 0 0 0 0 0 0 4 0 0 0 0 0 0 0 0 0 0 1 0 0 0 0 0 0 1 0 0 0 0 0 0 0 0 0 0 0 0 
0 0 0 0 0 0 0 0 0 0 0 0 0 4 0 0 0 0 0 0 0 0 0 0 0 0 0 0 9 0 2 0 0 0 0 0 0 0 0 0 
0 0 0 0 0 0 0 0 1 0 0 0 0 0 0 0 0 0 0 0 0 0 0 0 0 0 0 0 0 0 0 0 0 0 0 0 0 0 0 0 
0 0 0 0 0 0 0 2 0 0 0 0 0 0 0 0 0 0 0 0 0 0 0 0 0 0 0 1 0 0 0 0 0 0 0 0 0 0 0 0 
0 0 0 0 0 0 0 0 0 0 0 4 0 0 0 0 0 0 0 0 0 0 0 0 0 0 4 0 0 0 0 0 0 0 0 0 0 0 0 0 
0 0 0 0 0 0 1 0 
<XFs>
55.0596676424442 0 0 0 0 0 0 0 0 0 0 0 0 0 0 0 0 0 0 0 0 0 0 0 0 0 0 0 0 0 0 0 0 0 0 0 0 0 0 0 
0 0 0.0214236187731772 0 0 0 0 0 0 0 0 0 0 0 0 0 0 0 0 0 0 0 0 0 0 0 0 3.08597738681317e-05 0 0 0 0 0 0 0 0 0 0 0 0 
0 0 0 0 0 0 0 0 0 0 3.16036796778657e-10 0 0 0 0.0518416225671838 0 0 0 0 0 0 0 0 0 0 0 0 0 0 0 0 0 0 0 0 0 0 0 0 0 
0 0 0 0 0 0 0 0 0 0 0 0 0 0 0 0 0 0 0 0 0 0 0 0 0 0 0 0 0 0 0 0 0 4.96629796958036e-10 0 0 0 0 0 0 
0 0 0 0 0 0 0 4.96934974841642e-10 0 0 0 0 0 0 0 0 0 0 0 0 0 0 0 0 0.0535177523877344 0 0 0 0 0 0 0 0 0 0 0 0 0 0 0 
0 0 0 0 0 0 0 0 0 0 0 0 0 0 0 0 0 0 0.000146834746781245 0.00471044401657901 0 0 0 0 0 0 0 0 0 0 0 0 0 0 0 0 0 0 0 0 
0 0 0 0 0 0 0 0 0 0 0 0 0 0 0 0 0 0 0.012869927455018 0 0 0 0 0.0381000611034553 0 0 0 0 0 0 0 0 0 0 0 0.0266212105284371 0 0 0 0 
0 3.01028401887587e-11 0 0 0 0 0 9.96782711349746e-10 0 0 0 0 0 0 0 0 0 0 0 0.010952860946585 0 0 0 0 0 0 0 0 0 0 0 0 0 0 0 0 9.82113885460294e-10 0 3.84153005331837e-10 0 
<Falps>
-5.91396494788859e-08 -1.50319586938385 -4.7378099770633 -6.93780997248956 -26.3023606004912 -3.34289402340861 -18.3035830785196 -44.7588973298649 -39.9039629044053 -12.4789939699305 -14.5101134696584 -37.5448221223786 -36.744822123994 -58.0395746127817 -11.0485451414419 -40.5322299084519 -1.71305466012314 -44.4292571955307 -55.9674651932794 -83.167352578351 -6.10430637055689 -1.64537879478569 -2.08963337788029 -1.88863337833544 -0.776401012782746 -1.4984010112263 -2.2884010096858 -2.71367795143564 -16.5069621799172 -2.78618981683578 -1.4861898193951 -5.73234910993489 -3.53448907973037 -42.0745227005553 -2.33885735480661 -67.701399179242 -26.5678027992082 -24.4578028035805 -9.2957458035563 -6.89173298007817 
-11.9170735807295 -23.342347638849 1.64858337802767e-10 -29.7552352549585 -48.2651226580264 -12.7833657032636 -23.3923500714271 -11.4516455856941 -52.9118410341113 -92.9390191272959 -2.48255747275153 -3.53036481830546 -6.09443870624333 -7.38276855957661 -8.45431690425515 -3.47067746698316 -6.12170238555624 -6.28256660226856 -7.77567760262203 -29.9407468891439 -19.0721175137398 -35.0099203350062 -1.78317248212049 -1.64549232890671 -2.19317248115024 -12.0774050550547 -38.2085769425141 -3.51113894844577e-07 -3.7448328091249 -29.4093214746427 -6.89851308262289 -13.9058231553159 -7.17707294288783 -2.62543712873918 -4.044874448865 -2.03403395749746 -0.940201107183891 -0.311507305782574 -1.25889176625747 -6.22708116614439 
-1.35448012947805 -3.42647076643402 -10.8529258593494 -14.3900547901579 -6.76113310790732 -3.57483844615114 -4.00911837564973 -4.12339830596949 -7.3666661461679 -10.1915979662484 5.82210327500019e-07 -2.14045349560181 -0.145933791729058 -0.728579454906144 6.47950144648874e-07 -24.5009546876923 -6.88916028197975 -1.01808594058703 -2.76554937682431 -7.03764499800327 -30.7496326650559 -20.2337895693675 -5.14181453380221 -21.1676002887607 -6.59865525143881 -50.0783376709701 -6.33379439558042 -25.0331144476865 -0.463237441371446 -15.2845678992257 -28.4663920535502 -10.3251234306111 -6.65891534169795 -19.8162014975755 -13.9074468651147 -16.8283257770418 -14.7951680590274 -5.58657625023965 -5.61695970250075 -4.01693644907034 
-5.01692908353665 -24.7787005860201 -6.32638113604239 -2.69641488058692 -6.96845959953538 -15.3696974827638 -11.314266600578 -10.1879872499238 -10.0384491122065 -44.3382580158812 -39.9058092211653 -46.3390843058618 -1.461520427629 -14.4055938879336 -54.2842622101764 -18.6514884046009 -4.36260460196033 -20.2448029669262 -16.2856771142315 -21.9056771025811 -62.9188778171182 -31.2893826202593 -59.7328946834512 -8.97028601331317 -17.2578756785799 -17.326918156228 -2.14725753344216 -30.422369425774 -49.4946861158257 -9.39772155133218 -12.1662773252978 -12.4031759170235 -13.4374558453542 -3.14582093884761e-07 -4.66689889711062 -27.1382293391563 -38.1514936368679 -15.067694744378 -6.86908917147808 -3.56655609579634 
-0.866556101489245 -4.31271539364448 -3.11527644704583 -15.8318779192882 -8.48965807019405 -6.31357133071601 -9.29986388594153 -9.37944697071018e-09 -7.09890957654962 -1.15923823434415 -9.75289381504713 -13.9866086677526 -7.88851693243805 -8.13444424638652 -37.4955214289631 -5.1192354341863 -6.55628951379668 -15.4483954587753 -1.84614144157289 -0.376586220102279 -2.87619908789066 -3.42871048030139 -3.33451943560787 -16.6883637145169 1.32074289818937e-12 -1.69164836692346 -20.928440936186 -21.6322139352431 -14.2270008110929 -9.92815350031487 -9.12815350210547 -10.1577948688812 -9.47779487029807 -92.9390191272959 -2.74923187623032 -13.1394839824561 -74.9172600071284 -82.1690707787095 -37.0366774977053 -24.7301211666895 
-24.9761164610976 -83.3053496853051 -92.9390191272959 -7.71591912461997 -15.2519104875569 -8.06119704078056 -0.758663973526297 -4.40482326523387 -2.80452960592476 -2.17105003861289 -2.79443373973721 -1.00801480619117 -3.61451634186485 -3.43332537498617 -89.5646323708833 -90.1338238625607 -1.60527158753054 -1.50003341793289 -1.13431595256093e-05 1.28356065029242e-07 -1.3263075500486 -1.04122078112335 -3.13910390012457 -6.78336562452404 -26.8029265173584 -51.1484728422564 -13.9647332191707 -5.28277305396619 -11.6482227580633 -32.3946535006609 -12.1394052000632 -3.80699778825616 -13.7750374774467 -17.9183472210457 -17.7316696296842 -2.49848427869003 -5.49767073726815 -3.23786455947753 -3.76075961506331 -11.4358636143542 
-12.3729833341386 -24.6476329027783 -12.9546900538943 -12.9660897061862 -2.08149521932325 -1.02344100622436 -0.327434111721075 -1.17468825346255 -1.36865502120069 -4.41290545149708 -9.1536850151623 -23.5903660629903 -23.0645245340626 -22.5174857869758 -20.734605512603 -28.3469209821312 -10.782211640299 -24.2869160720539 1.14398553073136e-10 -7.11249176594183 -10.9175776988279 -2.76459237693984 -17.6483603723564 3.51850622481158e-07 -5.79087674141792 -24.0569226377857 -8.48077315268901 -20.7825973087027 -6.68540250800241 -15.9040055032899 -81.7941768037845 -11.6466990468889 -19.3033311913704 -6.48611402305253 -7.86928434313577 3.41262189537107e-08 -92.9390191272959 -2.75504732638147 -6.74281514180734 -5.14796243518093 
-26.5028473289676 0.00704908187282512 -32.9520862304703 -11.8182061331377 -27.211505316515 -33.2116840804879 -31.2889627025367 2.85416489484682e-08 -38.0504062858747 -3.60912703930432 -31.9955454420472 -20.4081800377326 -92.9390191272959 -32.3487331356087 -38.3777939999278 -6.63499266961444 -11.0331960442094 -3.24374428612821 -1.05429799677413 3.96247752911204e-07 -12.5921239489418 -0.0801866707162172 -0.880186669100818 -30.9497020777213 -23.4563391934638 -2.25370210705088 -23.7869267575327 -12.3138943938391 -11.0396666686694 -6.38331348008141 -18.8943547131475 -18.1353897968714 -20.354120205806 -37.8320634063973 -11.5543651008833 -33.4524352735124 -1.10745600164502e-07 -24.9092426664437 8.23173379735823e-09 -3.76855984479987 
<G>
-253.872711147459 -743.212641906351 -308.186302036148 -375.749494965537 -496.498012087705 -617.01627070061 -718.808783351412 -469.014015731251 -329.731132509451 -541.819364383156 -824.700330414679 -218.769575600751 -562.057881073619 18.7530784773744 35.116532685237 -17.2295829521919 -65.8915624410203 -109.672061532922 -149.03159724602 121.738184801261 186.969620944838 -183.360918919594 -25.2528569978978 -82.6058602090104 -135.284615681654 -184.993036384289 -78.7012033070454 -417.357948995567 4.93629797704831 8.97400688493734 -0.2318351827132 -32.9092043431397 -57.9650168454906 -78.5077625658159 -100.159852474672 -33.4887456339825 8.42049329305783 9.43325396089257 -267.726639825068 2.73519664890545 
167.880837575204 -118.207127132021 -144.481752397512 -192.733638152505 -322.600391633886 -449.174449041641 -572.064370300392 -691.408310516181 -807.275347241422 -920.839798873637 -359.571448066184 -443.650874362244 -522.720156610264 -5384.54900897271 -563.25941688342 -936.870660248446 -276.941715906571 -487.762138232853 -606.289347930946 -515.788100771719 -805.534970501383 -501.056962575034 -715.507103095658 -237.494948988531 -693.100791451669 -910.887467528712 -468.866877114069 -726.028974964803 -1207.19472864387 -290.979609243391 -341.493934728646 -358.888189936876 -477.978845792193 -481.362219775794 -735.953116715906 -1229.3455972387 -701.878400770335 -693.883825327601 -328.908306660246 -285.135799302717 
-291.428614029139 -732.758428915592 -942.025540148719 -516.123045385263 -394.04722040783 -464.149179037456 -316.576989480599 -428.408912157913 -361.070055640241 -526.846179131011 -810.878437708845 -1090.51275875908 -203.08258896961 -849.2601186552 -545.680118914691 -760.995344240105 -257.528093861873 -254.072158163898 -328.475345747335 -601.184806410154 -499.85399638086 -536.24820477967 -568.060268843434 -770.630392138977 -1046.99394360118 -386.979544252316 -461.375824080109 -220.938080268062 -689.749901486241 -440.060255699069 -336.045263912698 -459.946896509204 -681.038723777103 -668.231745489858 -285.928299991097 -645.436281784349 -526.291070529851 -1537.50049442215 -1302.99015213613 -37.8758454332213 
-9.85545588618386 71.3663483111172 -151.678090465514 -208.934714219184 -218.981623720949 -980.477710857548 -1340.68642483619 -686.917077868795 -688.50724605545 -439.370220690588 -698.880955335959 -979.146513440689 -1339.35522741933 -685.585880451937 -517.497108193041 -335.608513264284 -458.174646506827 -717.002300018091 -709.196536552767 -679.980275153721 -667.035141760839 -562.193404219227 -1722.47505148494 -1383.29984843573 -729.069984449417 -285.69878200114 -500.688271092439 -776.960817906559 -647.532374738628 -1716.67796741426 -524.42671712385 -400.882493634213 -727.215879543457 -702.971273909095 -1793.88465007661 -1536.00529515036 -1304.25731445658 -1177.09855994366 -1398.71516622868 -949.495232417 
-27.3404263616764 -467.518948701817 -250.42304815256 -84.831584678427 -139.283330672754 -191.43249157365 -242.982980350787 -267.984078018863 -490.43443049153 -478.018891669992 -50.6819833436041 -50.0454445126207 -50.0075778058001 -39.4371830949571 -172.172539657788 -237.185785231627 -301.116815811975 -134.233446054623 -100.435745612116 -33.1132590840243 -635.237253072092 -332.900649281922 -218.898524468172 -341.673316472494 -184.946681467775 -527.313952903594 -464.830389549152 -48.9155062595291 0.833761670554423 -236.163751571673 -691.76959403481 -909.556270111854 -467.535679697211 -289.648411826533 -340.162737311788 -357.556992520017 -476.647648375334 -480.031022358936 -700.547203353476 -692.552627910743 
-327.577109243388 -283.804601885858 -392.716022990971 -462.817981620597 -315.24579206374 -201.751391552751 -847.928921238341 -544.348921497832 -759.664146823246 -18.4068815150847 -241.104766649788 -72.6515626794498 -124.316948000362 -173.265480411413 -225.322560487407 -135.425185354313 -259.502318343932 -467.570396874082 -28.715542016163 -26.5198988728814 -166.900339793045 -232.397269668276 -294.164023024206 -113.856560055949 -399.519020525969 -92.8147662201361 -232.606432958684 -323.82874897601 -60.2258609259006 -74.9722306516913 -115.437007209417 -126.052377279412 -129.331873242063 -179.201474901085 -200.533150618438 -323.538201131949 -443.089374005957 -539.585940942878 -538.872139564044 -518.561242763378 
-288.120790144824 -263.997715998777 -143.682161463196 -162.757391163828 -245.799226384387 -328.933165008662 -398.067386267501 -336.07065787394 -598.090119133384 -618.95229987284 -611.416783101328 -392.800529921909 -263.302499264419 -794.053444020299 -1254.38434603852 -775.586711574435 -1308.82807440402 -751.041154483077 -385.713270031191 -113.554821974795 23.7666628304685 30.2532247889799 -451.545176353732 -929.17589847807 -1400.81989936066 -419.488662751211 -198.278829278911 -271.931473569772 -191.974045711737 -36.7639078091097 -24.5899606710523 -76.9924059324197 -94.715583144385 -146.104890965079 -210.712788781094 -891.559871793937 -897.816175243186 -871.011602424027 -436.95567865354 -431.090814669996 
-421.32324870558 -886.763766796577 -883.012675928651 -5.90700315718172 -1.22457042351954 -123.766203028029 -124.634457359814 -195.479971222896 -260.884656262441 -110.815428108031 -24.4341928707745 -251.331460582489 -53.818697351192 -47.1018768834182 -10.4343060842741 -275.283972280461 -228.297585017508 -682.061359406143 -459.899771652308 -351.717100847602 -471.107092765405 -693.99351030247 -384.849856436806 -460.708277798797 -527.586617298348 -306.366488068901 -841.674564249013 -537.518918235549 -751.797980269081 -109.54791812928 -32.5792935878836 -2.5289240480729 -487.7609619969 -969.167923673786 292.450455539615 278.472129679252 -475.344347995042 -696.644707854231 -258.325219392285 -83.2087480264347 
-58.9608926512768 -113.458690347214 -163.627628068374 -211.954497715031 -312.721300221763 -150.058139577231 -130.116118325642 -253.627737559765 -1401.52784495861 -497.515365490703 -482.98144838379 -339.76974645288 -311.216056953347 -408.354476121557 -206.534115536817 -385.64672839549 -176.651553502256 -180.702468919593 -261.28118972247 -244.312771933217 -335.435698115598 -193.695164539527 -383.756164757138 -106.526569021421 -93.1238894344142 -335.778484515823 -467.787357594456 -23.469241313461 60.1018426601415 27.8308867778035 -617.103246957044 -637.436707674339 -338.323723014245 -312.441032223042 -176.115332112783 -530.381204554773 11.16606059591 -299.819674264939 -305.030424330396 -284.244988695982 
-565.220104159049 50.1595396045473 -232.712723386904 -490.481187485332 -497.688278826494 -479.474830740738 -302.673127932583 -303.133644951184 -671.949198606583 -665.847348110122 -116.860928005319 -231.447727418933 263.090861258269 268.617065481372 -48.7570643894291 -352.089723399332 -342.879383027629 -2312.17493729399 -2338.88492437246 -2282.24133108505 -283.354473080174 -280.130853950098 -454.702558570898 -459.630090669838 -798.387046889792 -438.09631558987 87.3172207249891 88.4467215635359 -7.13616296285775 8.95890653131852 -209.251717867258 -300.687127383286 12.6894867495777 21.5544393575892 -167.49754816964 -161.418723523985 -177.308690020254 20.5030431478488 19.0524145394558 70.4420748039438 
-168.912129200995 0.678137941453725 -67.6581961634486 -122.72012720734 -177.056743946834 -178.882322653688 -396.768951472069 -6.71089580142436 65.9644107654191 -19.1043509686789 -107.109772663467 -167.955339219377 -17.3897890417056 -250.434909891622 -87.9826565376207 -383.874474951362 28.9791731402874 7.79539028452269 -538.55999275077 -236.131285557379 -268.515882732905 -722.27965712154 -500.118069367705 -391.958424414208 -511.14118367315 -734.211808017867 -425.597748723547 -501.456170085538 -568.334509585089 -347.114380355642 -881.89286196441 -577.737215950947 -792.016277984478 -16.8485737510468 10.5254763140654 -16.948050536145 -46.9426273362967 -109.94606683653 -324.96964076113 175.126080626099 
159.098454032776 -345.892444862744 -569.332908925682 -554.085190439773 -172.219236109135 -526.983892610696 -412.006360374531 -114.144582769779 -228.238628973337 -574.245226278819 -559.204740451367 -177.937458244488 -531.965287516651 -416.343031454311 -179.810938096967 -648.743730393826 -399.623888729586 -659.733295499523 -297.704249377783 -419.003960819182 -677.325045610311 -669.289023635321 -641.085899676949 -628.209843836885 -248.53134534444 -462.369541889024 -740.438105076035 -604.769656306006 -485.11787633097 -362.172324965092 -688.482685023531 -667.300517562923 -1449.14435893115 -1263.24456069443 -88.0660219803602 -29.4650981176142 -311.609160789769 -141.228320322334 -84.2392060248273 -204.738963488222 
-158.226611363563 -283.994763988698 -405.388004937043 -327.719562047275 -228.315990941223 -224.24028208051 -295.977209372185 -359.539826337632 -159.365324858312 -127.888853390944 -255.499074090582 -393.326908838525 -270.957003746005 -333.43878414626 11.3526759338041 -6.74309746330763 -28.0120759992872 -8.97272601259729 -40.6770077458293 -101.653513745079 -566.804224595224 -316.930372000481 -214.57324148096 -337.968305356928 -561.063381655771 -546.138025083152 -164.156941497681 -518.921597999242 -403.414471191734 -2250.00513978308 -478.441681439954 -569.750448776151 -654.358693491321 -728.375046779213 -14.4467708965084 185.414417010782 256.678626098001 -454.164776218125 -237.068875668868 -498.85916955646 
-971.712591049669 -67.563017536468 -131.303919211618 -309.385790244473 -253.478612988456 -513.664791704489 -507.516889506418 -828.685639046486 -463.582504192403 -30.1207195187501 -22.1686159529981 -47.2487005433248 -61.6924680373981 -74.9849429851597 -87.3563838958721 -97.8857567320824 -31.4233819928707 -60.2916048378024 -164.321545545989 -234.193245666353 -104.16332685112 -389.112156120405 -88.1407622711111 -300.75858871616 -580.761323381299 -815.307619656045 54.1707164828774 90.8165840420064 18.7912707248928 -319.983967965949 90.3978251955075 36.478846838891 -197.890373084705 -534.493288508743 -202.883816150205 -194.372220545442 -658.489658613343 -876.276334690386 -1135.74777018992 -1346.16617396936 
-434.255744275743 -256.368476405065 -250.758138017492 -307.043982846764 -324.27705709855 -328.56783461087 -443.367712953867 -457.651709769705 -218.691205817992 -243.440673617216 -362.183773700962 -317.044079474754 -2355.29474181158 -777.485350633207 -803.122149121709 -1001.7192649704 -1013.70173385759 -552.698815873458 -586.555843143796 -1133.8702206804 -871.543220633276 -719.621746614706 -654.677578593685 -839.504210274585 -370.897153344514 -478.971844463253 -441.13134498183 -561.672629445944 -593.687588642183 -360.357121606553 -386.499431651619 -430.459080236179 -474.906941770223 -557.903376920557 -282.886890679725 -291.299295508365 -854.086353662263 -777.30186256284 -1223.14433538308 -824.126485284101 
-783.407754436697 -773.432955813824 -811.089248487595 -414.294227465735 -370.766342804767 -814.988790622102 -1398.04831520556 -431.825215312064 -480.27384766387 -499.164071829735 -555.211234988812 -623.701384053198 -400.961548662137 -924.261569614599 -645.525256751009 -324.962259868475 -928.118473613232 -624.722680680374 -665.303256422543 -873.480467959615 -839.162923670753 -496.710030612253 -786.383622667619 -1074.90592217627 -129.001378147341 -93.2074670724423 -163.874255184787 -820.0680300247 -811.655625195657 -510.60846905784 -510.271050533301 -726.384211401779 -725.586275858715 10.6807041947896 -270.344867305038 -776.742747015503 -409.659518887915 -224.142635504282 -324.663499180979 -454.198681018017 
-584.51674178687 -712.301958953433 -419.83885350463 -513.196921573383 -322.796649286874 -420.232048939133 -512.991444883723 -597.047069176744 -671.063422464233 -940.941735629673 -1244.72896802864 -633.654573889758 20.8254050611387 -5.76090944808374 -483.115321361307 -1427.64671907662 -454.988591203485 -233.563830679451 -286.541922214176 -307.231806427841 -62.1468269201332 -116.460417808822 -169.162199132271 -220.850843014642 -249.397921726084 -904.953410077326 -470.927240161702 -457.5446156011 -24.6584772004014 -158.076424296229 -228.201408776661 -95.7026082642959 -354.975925766084 -370.37167672306 -721.175476755091 -84.2442778159884 -9.92193260559542 -613.266296692391 -312.150063001755 25.8910922657168 
74.7716935539875 10.2806765545326 -50.5952818491408 -108.362750377168 -163.321065091629 10.6546066426538 -17.3744129003172 -43.7916228780486 41.9072453157008 -105.957721341889 -173.987353387751 -16.2837894217378 20.1346295329484 54.0776246191843 115.554741688658 114.546258797099 -7.48910931227607 -65.9013016664795 -120.882642231746 -175.04968834316 -219.987685991056 17.6480940547773 -28.6572569054447 66.2560301076226 -72.3239989589641 -162.228189387974 -247.527209631335 -381.445069586475 21.0340691101914 -204.810675686459 -505.651026858976 -810.842836164322 -248.628600111349 -196.544822895767 -229.548103803042 -188.805394984033 -685.153946266179 -902.940622343223 -1125.80603295172 -1335.6487904578 
-460.92003192858 -702.554112409258 -718.427517543409 -285.243245747304 -245.882087984273 -350.941344751386 -322.724698838184 -470.032000606703 -452.084884208296 -727.085237493367 -693.332883460683 -657.978223759139 -237.988977310236 -339.916471455326 -303.530408727855 -2308.23741375791 -763.280904358521 -780.417355708353 -983.830682547116 -991.687715972022 -538.356214493135 -564.449721855006 -356.99204313191 -406.746515536155 -427.594648384126 -547.353053916425 -386.791150750127 -377.363599196039 -456.893109379753 -468.649340681027 -550.033966266121 -309.320919823299 -284.466048145812 -1232.29731229146 -769.755928584161 -762.313973563576 -785.129269463934 -464.457591823944 -535.250325981358 -413.172971662209 
-386.526843878189 -744.284861000967 -913.914027338546 -611.439268443141 -642.943850773283 -851.213165713979 -823.807184849352 -523.481478280769 -492.985273125346 -787.954810894553 -807.513736858603 -1076.01659338468 -1080.49358698983 -195.13574378412 -814.708437121345 -842.925083034546 -538.654307766653 -504.796328375517 -753.048499054615 -721.700337414962 -222.488723562124 -441.587873142326 -337.15841603904 -461.70477246132 -286.60396094972 -527.864739674718 19.3287247507319 52.7080236038205 41.4222545219001 -205.462914235407 -192.627053495936 -296.10958888623 17.8320444403251 55.8859830941289 59.0177272322741 -142.16911214675 -173.279166107558 49.4539777514318 44.5647044211553 42.4927307862334 
-900.917779490109 -524.098929113905 -1642.2649181699 -501.523697644123 -470.762776196508 -264.360933219679 -718.124707608315 -495.96311985448 -387.527164689707 -506.917156607106 -730.056858504641 -420.636894427702 -496.495315790096 -563.373655289243 -690.6722227968 -1201.36149857983 -342.153526059797 -877.737912451184 -573.582266437721 -787.861328471253 -7.0324046777621 22.8549942964986 -51.9872221667812 -95.3532559417691 -137.153531853531 -63.2110894917579 -37.422291983012 -118.008223249776 -96.7094666722509 -171.285650846179 -210.908904374341 -223.434811747479 -266.972459933504 -317.371656163926 -132.685428048064 -254.631289418961 -374.205488144012 -716.096342821651 -938.51635865131 -922.57325946705 
-1364.45584972017 -473.580286446955 -471.250070332962 -932.041489369789 -99.6200807469976 -54.6502291407391 -180.66985748731 -254.870417582048 -377.149109951739 -453.00753131373 -525.481152589202 -398.878417924024 -94.5649324613301 -149.868634939887 -462.385246440445 26.9194383226347 -315.056393647478 -223.442344984383 -692.392321308119 -442.817804775458 -339.125174901973 -462.888652392841 -683.750221151477 -670.966268715442 -288.824004173123 -650.058924786448 -528.841386948186 -1542.39389459996 -1306.18519238024 32.7381266337828 -388.644433005128 -465.193629894906 -215.022896639745 -263.165559479154 -253.106264149874 -537.851105702047 -296.433700897321 -226.913946490288 -297.430370436425 -280.288105222659 
-1416.42448001392 -337.134539713636 -414.276486629629 -543.406413490478 -668.575893991451 -793.446038430342 -1028.97937728426 -1221.85738190335 -751.878648345624 -748.286615600244 -1220.06136553086 -398.25544575795 -455.892103745826 -340.779968726114 -374.971133726464 -327.975007238455 -457.333383969531 -622.865737251674 -742.328798602546 -835.91712518056 -2219.88109700501 -1851.51451193418 -2956.32531358943 -3051.98596675121 -370.192295652072 -917.768675577169 -690.311142109494 -771.69277791918 -839.949678698897 -1277.48659614467 -2087.60458802741 -213.305453259318 -247.487554768977 -902.852398975465 -1205.41465610433 -594.621177347292 -137.171070936181 -228.902674752443 -463.601157432429 -229.032458694526 
-407.582788915361 -475.81965361968 -318.852916883468 -209.741499812811 -1142.64353631499 -1352.55537137389 -718.885047051982 -266.633986005399 -344.996303020925 -475.001212217214 -600.838442395168 -724.649397690968 -841.414442602454 -959.745245377165 -684.118170898132 -233.484838812407 -304.424528316616 -257.819841294312 -383.644289633351 -380.235617459879 -2550.78699945616 -844.384050618141 -1069.37781803594 -1039.05361859704 -616.074560665832 -738.411861502435 -856.167018003788 -971.596563561311 -1262.44075248885 -1751.2266781455 -869.713703324409 -433.559096758296 -483.566853523012 -505.681408172128 -627.69634709544 -746.027149870151 -861.756031489755 -396.687894459577 -484.750016814489 -569.358261530062 
-304.15875702425 -998.997283561983 -692.368039696878 -684.98364930371 -875.239907547915 -1309.00252102349 -846.461137316185 -845.632206682356 -839.0191822956 -1311.32813196732 -723.79337613443 -553.200328120078 -490.420220380651 -435.799948864394 -424.491667687142 -2486.65140158278 -942.868546902759 -853.931442212812 -1503.98177018443 -1591.23798775672 -1744.22125228185 -2152.19003008194 -543.580514903425 -620.590228812131 -688.274473093898 -463.80769888357 -1650.19283317224 -955.783536167581 -1235.09549530493 -671.014450359946 -819.263130912918 -2472.93049817742 -308.279381695584 -272.853884235989 -346.05351595022 -990.020563946407 -1287.56779074287 -687.614882603418 -744.10643536425 -564.277891772238 
-904.035348773534 -802.213418953916 -1088.08774560625 -1369.35690207253 -509.431337022903 -144.73907102961 -178.85209498645 -834.19391334173 -525.018631825299 -55.3641489523349 -496.80909309362 -339.899780161483 -279.252675525839 -109.217222822095 -162.817012331788 -215.26550929517 -262.487138097126 -295.82359380187 -977.407504044514 -955.938200637555 -1398.74182492773 -516.155567989162 -505.075528521587 -965.40643053989 -939.935362956293 -66.8934444074513 -71.1614118241992 -205.492207962287 -277.919777535745 -345.097453096973 -192.215062714066 -130.439691382915 -649.654357457228 -53.2160889549293 -662.984665451475 -360.786216766943 -209.176749393537 -1159.76263940972 -265.769899524044 -320.037438710719 
-346.043362166892 -479.018606133188 -606.790007788866 -732.765393072458 -856.668451772286 -978.314977080698 -304.642656829157 -257.531401086315 -402.754589108108 -586.77670068688 -716.365700667243 -1019.12696262911 -1524.57770668459 -2312.63291711721 -2398.64573873916 -1629.05467932136 -305.574229785117 -836.000825568302 -1142.4820825256 -525.513070549116 11.3526740999788 -59.4049385683072 4.01653388216503 -95.6606688673104 -20.3834562042029 -159.087369357216 0 -92.2092213137051 -13.4906773369713 6.13843366434506 12.8448448932165 0 0 0 -496.286659052945 -491.220971848367 -1398.03913051096 0 -39.1141771560181 61.9768653589012 
-176.240866754917 -44.277640515984 -26.7906771254117 -4.40203168213022 -6.24409975663224 -369.651247444839 -15.3592533209452 -249.300894854119 -18.9191390456584 53.7488436437159 -120.36649289227 -133.194021214502 -638.271809113726 -465.880884403102 -464.857950420449 -465.320770024054 -372.211271628404 -370.548805191393 -368.729762967696 -1528.26068885727 -1198.7830499927 -489.579754284245 -492.573114905462 -564.39642121548 -617.292435000948 -378.902100080163 0.000429692373469937 0.0180895867701884 -476.938410746813 -481.796865293055 -391.158035115238 -457.639015778924 -683.646075582324 -1568.99091330634 -548.014483777234 -386.107063283614 -418.944056064091 -2289.09829811164 -2514.96988081797 0.0125983422268189 
-3421.74380740392 -6103.74744128533 -2165.34588792018 -2881.84474485232 -2481.6504959605 -3773.2024333862 -3780.30215294278 -2047.63576481734 -2418.63645096429 -2243.07571527003 -4011.64409433499 -1314.99750474668 -776.139725581757 -1277.55461586715 -455.10691269594 -455.42393296499 -454.162852808086 -2030.54720469597 -522.388624410524 -474.212100677582 -1867.64577226335 -1443.81596861593 -680.906739840884 -2483.80174231325 -871.606348189473 -2161.07395439153 -1889.85659946705 -2147.11251724078 -2166.54396559535 -2268.743621826 -2329.85365112295 -872.387458978489 -2128.01185127464 -579.933345255927 -765.057745043594 -1004.58884205053 -362.04428532648 -613.121779551452 -707.792321123362 -803.19968992467 
-1562.8912843682 -2514.86989555136 -2606.88654216861 -2553.65809859595 -533.383460446084 -579.877123257686 -725.060503043816 -479.581001126505 -2287.72326984515 -625.017958654897 -774.830919214045 -2575.0448348244 -4157.14812603871 -2507.94773680377 -2499.51087149892 -599.373228185763 -272.077383847124 -2381.10101487298 -191.086799091605 -1006.38837382173 -58.8810371001184 -2192.77310693228 -2699.73203128554 -2.93507150944675e-15 -261.170297268233 -108.774561290463 -696.403020048612 -252.753646752646 -480.014217191276 -86.3684917989485 -181.96903938039 -185.653229079836 -183.350660941827 -974.669185609058 -34.6123172095738 -42.9706234148191 -58.5387497001803 -315.619646460376 -420.628129240599 -901.574023618536 
-997.58885597183 0.0401005110696055 -140.794566239597 -191.295691004322 -427.112499187564 -219.797573199331 -203.431129477654 -230.233964148046 -348.699380926948 -726.978559314593 -544.753767371557 -531.813239148876 -135.44357126158 -55.410918309888 -1048.27057266267 -1060.54491219087 -972.983840819448 -1214.28814559142 0.0102466976807683 -363.674531420471 -577.421436887138 -48.609231007404 -57.3116878114834 -51.8322121445789 -145.121202660512 -35.2728650677223 -19.5929374388427 -2135.87023130941 -2456.48143314047 -1184.07245819925 -616.06581503523 -478.770580748385 -484.987560499274 -558.652934883795 -767.130194953521 0 -1393.36433622599 -274.645252064271 -373.501190056303 -542.389604165812 
-1272.01560685041 -408.523828522407 -873.186771781626 -1540.52387826425 -39.1383566559864 -39.4834442419217 -124.645600793621 -27.5789874273997 -30.3579072288411 -103.667482349345 -1055.61534797954 -298.414121544056 -292.658550204475 -199.687440252393 -285.468369019323 -1459.79619101559 -197.475875714168 -193.580711393808 -468.465143091712 -1785.31761587642 -675.236795389071 -38.9987006607594 -40.840768734858 -63.8748046599146 -65.4405625231404 -840.634331910187 -45.0619003267132 -2199.62378342219 -5129.3694619125 -231.42191341409 -410.686601254128 -85.0050229295599 -23.6077777050973 -562.054376784396 -754.026627549428 -13.298139992699 -1264.50905363005 -653.751269148339 -525.666375233197 -598.871232599192 
-744.463871047061 -2168.87557804064 -2233.73312976262 -2189.09767698219 -2187.71403845497 -1871.1754623838 -940.844723096963 -1334.48586267877 -2222.30500163546 -2151.15451667015 -2173.67192267289 -2272.27331194646 -2336.81218307471 -2131.54557532667 -1936.37186435735 -2148.41951106824 -1169.58856991768 -1477.77337476778 -723.393149615696 -1100.39157191581 -969.421137341902 -4169.90395936985 -1257.5886829557 -1111.67528693309 -1193.57324428232 -1019.88422203371 -1357.44785209162 -2159.92024996359 -414.854169482145 -673.264382374269 -1862.22013430675 -925.770833434867 -1306.29506779661 -2809.89455918504 -832.340083840342 -1310.66637550004 -2141.614268516 -2156.84236017855 -2263.31798386941 -2316.41662507581 
-2122.59024724962 -335.751484448544 -664.246723758926 -1430.43545005159 -3536.39742236831 -1815.58788045019 -2202.37514626443 -917.37808189379 -2534.72285659045 -2658.25628936518 -330.028043228667 -517.351723370082 -355.833103457894 -146.391376538794 -187.577817830088 -248.427594623367 -224.987145130585 -447.089154921759 -2251.19611745793 -2760.18131669335 -215.029932317811 -269.260898114851 -1150.98147134291 -1021.68120021811 -1177.03624318349 -718.911805138222 -2476.71296372342 -2168.94415487726 -5486.4696446096 -2871.17096192805 -2362.9923989396 -3057.00208738996 -5333.42228098651 -391.321870316404 -568.159197667938 -449.657259751985 -595.447432383629 -1376.33751800412 -1147.16134247244 -389.508258456415 
-554.62250106983 -486.974906514609 -486.963884002738 -428.080733034136 -2245.39313563974 -1376.52715517507 -2303.11821607272 -703.515868937461 0 0 -342.992715714964 -345.420327483346 -811.784651590802 -456.053972137856 -454.211904063354 -2765.5076540472 -976.521336129148 -401.625462379195 -2928.14972972115 -631.189554696217 -1081.398848872 -658.91528058003 -1236.29785127353 -712.504656864086 -966.157596894976 -2476.41572293139 -1474.70120769112 -1391.29233195497 -752.23512958167 -1288.64612566177 -420.632685250043 -603.296271624046 
<G0>
-253.872711147459 -743.212641906351 -308.186302036148 -375.749494965537 -496.498012087705 -617.01627070061 -718.808783351412 -469.014015731251 -329.731132509451 -541.819364383156 -824.700330414679 -218.769575600751 -562.057881073619 18.7530784773744 35.116532685237 -17.2295829521919 -65.8915624410203 -109.672061532922 -149.03159724602 121.738184801261 186.969620944838 -183.360918919594 -25.2528569978978 -82.6058602090104 -135.284615681654 -184.993036384289 -78.7012033070454 -417.357948995567 4.93629797704831 8.97400688493734 -0.2318351827132 -32.9092043431397 -57.9650168454906 -78.5077625658159 -100.159852474672 -33.4887456339825 8.42049329305783 9.43325396089257 -267.726639825068 2.73519664890545 
167.880837575204 -118.207127132021 -144.481752397512 -192.733638152505 -322.600391633886 -449.174449041641 -572.064370300392 -691.408310516181 -807.275347241422 -920.839798873637 -359.571448066184 -443.650874362244 -522.720156610264 -5384.54900897271 -563.25941688342 -936.870660248446 -276.941715906571 -487.762138232853 -606.289347930946 -515.788100771719 -805.534970501383 -501.056962575034 -715.507103095658 -237.494948988531 -693.100791451669 -910.887467528712 -468.866877114069 -726.028974964803 -1207.19472864387 -290.979609243391 -341.493934728646 -358.888189936876 -477.978845792193 -481.362219775794 -735.953116715906 -1229.3455972387 -701.878400770335 -693.883825327601 -328.908306660246 -285.135799302717 
-291.428614029139 -732.758428915592 -942.025540148719 -516.123045385263 -394.04722040783 -464.149179037456 -316.576989480599 -428.408912157913 -361.070055640241 -526.846179131011 -810.878437708845 -1090.51275875908 -203.08258896961 -849.2601186552 -545.680118914691 -760.995344240105 -257.528093861873 -254.072158163898 -328.475345747335 -601.184806410154 -499.85399638086 -536.24820477967 -568.060268843434 -770.630392138977 -1046.99394360118 -386.979544252316 -461.375824080109 -220.938080268062 -689.749901486241 -440.060255699069 -336.045263912698 -459.946896509204 -681.038723777103 -668.231745489858 -285.928299991097 -645.436281784349 -526.291070529851 -1537.50049442215 -1302.99015213613 -37.8758454332213 
-9.85545588618386 71.3663483111172 -151.678090465514 -208.934714219184 -218.981623720949 -980.477710857548 -1340.68642483619 -686.917077868795 -688.50724605545 -439.370220690588 -698.880955335959 -979.146513440689 -1339.35522741933 -685.585880451937 -517.497108193041 -335.608513264284 -458.174646506827 -717.002300018091 -709.196536552767 -679.980275153721 -667.035141760839 -562.193404219227 -1722.47505148494 -1383.29984843573 -729.069984449417 -285.69878200114 -500.688271092439 -776.960817906559 -647.532374738628 -1716.67796741426 -524.42671712385 -400.882493634213 -727.215879543457 -702.971273909095 -1793.88465007661 -1536.00529515036 -1304.25731445658 -1177.09855994366 -1398.71516622868 -949.495232417 
-27.3404263616764 -467.518948701817 -250.42304815256 -84.831584678427 -139.283330672754 -191.43249157365 -242.982980350787 -267.984078018863 -490.43443049153 -478.018891669992 -50.6819833436041 -50.0454445126207 -50.0075778058001 -39.4371830949571 -172.172539657788 -237.185785231627 -301.116815811975 -134.233446054623 -100.435745612116 -33.1132590840243 -635.237253072092 -332.900649281922 -218.898524468172 -341.673316472494 -184.946681467775 -527.313952903594 -464.830389549152 -48.9155062595291 0.833761670554423 -236.163751571673 -691.76959403481 -909.556270111854 -467.535679697211 -289.648411826533 -340.162737311788 -357.556992520017 -476.647648375334 -480.031022358936 -700.547203353476 -692.552627910743 
-327.577109243388 -283.804601885858 -392.716022990971 -462.817981620597 -315.24579206374 -201.751391552751 -847.928921238341 -544.348921497832 -759.664146823246 -18.4068815150847 -241.104766649788 -72.6515626794498 -124.316948000362 -173.265480411413 -225.322560487407 -135.425185354313 -259.502318343932 -467.570396874082 -28.715542016163 -26.5198988728814 -166.900339793045 -232.397269668276 -294.164023024206 -113.856560055949 -399.519020525969 -92.8147662201361 -232.606432958684 -323.82874897601 -60.2258609259006 -74.9722306516913 -115.437007209417 -126.052377279412 -129.331873242063 -179.201474901085 -200.533150618438 -323.538201131949 -443.089374005957 -539.585940942878 -538.872139564044 -518.561242763378 
-288.120790144824 -263.997715998777 -143.682161463196 -162.757391163828 -245.799226384387 -328.933165008662 -398.067386267501 -336.07065787394 -598.090119133384 -618.95229987284 -611.416783101328 -392.800529921909 -263.302499264419 -794.053444020299 -1254.38434603852 -775.586711574435 -1308.82807440402 -751.041154483077 -385.713270031191 -113.554821974795 23.7666628304685 30.2532247889799 -451.545176353732 -929.17589847807 -1400.81989936066 -419.488662751211 -198.278829278911 -271.931473569772 -191.974045711737 -36.7639078091097 -24.5899606710523 -76.9924059324197 -94.715583144385 -146.104890965079 -210.712788781094 -891.559871793937 -897.816175243186 -871.011602424027 -436.95567865354 -431.090814669996 
-421.32324870558 -886.763766796577 -883.012675928651 -5.90700315718172 -1.22457042351954 -123.766203028029 -124.634457359814 -195.479971222896 -260.884656262441 -110.815428108031 -24.4341928707745 -251.331460582489 -53.818697351192 -47.1018768834182 -10.4343060842741 -275.283972280461 -228.297585017508 -682.061359406143 -459.899771652308 -351.717100847602 -471.107092765405 -693.99351030247 -384.849856436806 -460.708277798797 -527.586617298348 -306.366488068901 -841.674564249013 -537.518918235549 -751.797980269081 -109.54791812928 -32.5792935878836 -2.5289240480729 -487.7609619969 -969.167923673786 292.450455539615 278.472129679252 -475.344347995042 -696.644707854231 -258.325219392285 -83.2087480264347 
-58.9608926512768 -113.458690347214 -163.627628068374 -211.954497715031 -312.721300221763 -150.058139577231 -130.116118325642 -253.627737559765 -1401.52784495861 -497.515365490703 -482.98144838379 -339.76974645288 -311.216056953347 -408.354476121557 -206.534115536817 -385.64672839549 -176.651553502256 -180.702468919593 -261.28118972247 -244.312771933217 -335.435698115598 -193.695164539527 -383.756164757138 -106.526569021421 -93.1238894344142 -335.778484515823 -467.787357594456 -23.469241313461 60.1018426601415 27.8308867778035 -617.103246957044 -637.436707674339 -338.323723014245 -312.441032223042 -176.115332112783 -530.381204554773 11.16606059591 -299.819674264939 -305.030424330396 -284.244988695982 
-565.220104159049 50.1595396045473 -232.712723386904 -490.481187485332 -497.688278826494 -479.474830740738 -302.673127932583 -303.133644951184 -671.949198606583 -665.847348110122 -116.860928005319 -231.447727418933 263.090861258269 268.617065481372 -48.7570643894291 -352.089723399332 -342.879383027629 -2312.17493729399 -2338.88492437246 -2282.24133108505 -283.354473080174 -280.130853950098 -454.702558570898 -459.630090669838 -798.387046889792 -438.09631558987 87.3172207249891 88.4467215635359 -7.13616296285775 8.95890653131852 -209.251717867258 -300.687127383286 12.6894867495777 21.5544393575892 -167.49754816964 -161.418723523985 -177.308690020254 20.5030431478488 19.0524145394558 70.4420748039438 
-168.912129200995 0.678137941453725 -67.6581961634486 -122.72012720734 -177.056743946834 -178.882322653688 -396.768951472069 -6.71089580142436 65.9644107654191 -19.1043509686789 -107.109772663467 -167.955339219377 -17.3897890417056 -250.434909891622 -87.9826565376207 -383.874474951362 28.9791731402874 7.79539028452269 -538.55999275077 -236.131285557379 -268.515882732905 -722.27965712154 -500.118069367705 -391.958424414208 -511.14118367315 -734.211808017867 -425.597748723547 -501.456170085538 -568.334509585089 -347.114380355642 -881.89286196441 -577.737215950947 -792.016277984478 -16.8485737510468 10.5254763140654 -16.948050536145 -46.9426273362967 -109.94606683653 -324.96964076113 175.126080626099 
159.098454032776 -345.892444862744 -569.332908925682 -554.085190439773 -172.219236109135 -526.983892610696 -412.006360374531 -114.144582769779 -228.238628973337 -574.245226278819 -559.204740451367 -177.937458244488 -531.965287516651 -416.343031454311 -179.810938096967 -648.743730393826 -399.623888729586 -659.733295499523 -297.704249377783 -419.003960819182 -677.325045610311 -669.289023635321 -641.085899676949 -628.209843836885 -248.53134534444 -462.369541889024 -740.438105076035 -604.769656306006 -485.11787633097 -362.172324965092 -688.482685023531 -667.300517562923 -1449.14435893115 -1263.24456069443 -88.0660219803602 -29.4650981176142 -311.609160789769 -141.228320322334 -84.2392060248273 -204.738963488222 
-158.226611363563 -283.994763988698 -405.388004937043 -327.719562047275 -228.315990941223 -224.24028208051 -295.977209372185 -359.539826337632 -159.365324858312 -127.888853390944 -255.499074090582 -393.326908838525 -270.957003746005 -333.43878414626 11.3526759338041 -6.74309746330763 -28.0120759992872 -8.97272601259729 -40.6770077458293 -101.653513745079 -566.804224595224 -316.930372000481 -214.57324148096 -337.968305356928 -561.063381655771 -546.138025083152 -164.156941497681 -518.921597999242 -403.414471191734 -2250.00513978308 -478.441681439954 -569.750448776151 -654.358693491321 -728.375046779213 -14.4467708965084 185.414417010782 256.678626098001 -454.164776218125 -237.068875668868 -498.85916955646 
-971.712591049669 -67.563017536468 -131.303919211618 -309.385790244473 -253.478612988456 -513.664791704489 -507.516889506418 -828.685639046486 -463.582504192403 -30.1207195187501 -22.1686159529981 -47.2487005433248 -61.6924680373981 -74.9849429851597 -87.3563838958721 -97.8857567320824 -31.4233819928707 -60.2916048378024 -164.321545545989 -234.193245666353 -104.16332685112 -389.112156120405 -88.1407622711111 -300.75858871616 -580.761323381299 -815.307619656045 54.1707164828774 90.8165840420064 18.7912707248928 -319.983967965949 90.3978251955075 36.478846838891 -197.890373084705 -534.493288508743 -202.883816150205 -194.372220545442 -658.489658613343 -876.276334690386 -1135.74777018992 -1346.16617396936 
-434.255744275743 -256.368476405065 -250.758138017492 -307.043982846764 -324.27705709855 -328.56783461087 -443.367712953867 -457.651709769705 -218.691205817992 -243.440673617216 -362.183773700962 -317.044079474754 -2355.29474181158 -777.485350633207 -803.122149121709 -1001.7192649704 -1013.70173385759 -552.698815873458 -586.555843143796 -1133.8702206804 -871.543220633276 -719.621746614706 -654.677578593685 -839.504210274585 -370.897153344514 -478.971844463253 -441.13134498183 -561.672629445944 -593.687588642183 -360.357121606553 -386.499431651619 -430.459080236179 -474.906941770223 -557.903376920557 -282.886890679725 -291.299295508365 -854.086353662263 -777.30186256284 -1223.14433538308 -824.126485284101 
-783.407754436697 -773.432955813824 -811.089248487595 -414.294227465735 -370.766342804767 -814.988790622102 -1398.04831520556 -431.825215312064 -480.27384766387 -499.164071829735 -555.211234988812 -623.701384053198 -400.961548662137 -924.261569614599 -645.525256751009 -324.962259868475 -928.118473613232 -624.722680680374 -665.303256422543 -873.480467959615 -839.162923670753 -496.710030612253 -786.383622667619 -1074.90592217627 -129.001378147341 -93.2074670724423 -163.874255184787 -820.0680300247 -811.655625195657 -510.60846905784 -510.271050533301 -726.384211401779 -725.586275858715 10.6807041947896 -270.344867305038 -776.742747015503 -409.659518887915 -224.142635504282 -324.663499180979 -454.198681018017 
-584.51674178687 -712.301958953433 -419.83885350463 -513.196921573383 -322.796649286874 -420.232048939133 -512.991444883723 -597.047069176744 -671.063422464233 -940.941735629673 -1244.72896802864 -633.654573889758 20.8254050611387 -5.76090944808374 -483.115321361307 -1427.64671907662 -454.988591203485 -233.563830679451 -286.541922214176 -307.231806427841 -62.1468269201332 -116.460417808822 -169.162199132271 -220.850843014642 -249.397921726084 -904.953410077326 -470.927240161702 -457.5446156011 -24.6584772004014 -158.076424296229 -228.201408776661 -95.7026082642959 -354.975925766084 -370.37167672306 -721.175476755091 -84.2442778159884 -9.92193260559542 -613.266296692391 -312.150063001755 25.8910922657168 
74.7716935539875 10.2806765545326 -50.5952818491408 -108.362750377168 -163.321065091629 10.6546066426538 -17.3744129003172 -43.7916228780486 41.9072453157008 -105.957721341889 -173.987353387751 -16.2837894217378 20.1346295329484 54.0776246191843 115.554741688658 114.546258797099 -7.48910931227607 -65.9013016664795 -120.882642231746 -175.04968834316 -219.987685991056 17.6480940547773 -28.6572569054447 66.2560301076226 -72.3239989589641 -162.228189387974 -247.527209631335 -381.445069586475 21.0340691101914 -204.810675686459 -505.651026858976 -810.842836164322 -248.628600111349 -196.544822895767 -229.548103803042 -188.805394984033 -685.153946266179 -902.940622343223 -1125.80603295172 -1335.6487904578 
-460.92003192858 -702.554112409258 -718.427517543409 -285.243245747304 -245.882087984273 -350.941344751386 -322.724698838184 -470.032000606703 -452.084884208296 -727.085237493367 -693.332883460683 -657.978223759139 -237.988977310236 -339.916471455326 -303.530408727855 -2308.23741375791 -763.280904358521 -780.417355708353 -983.830682547116 -991.687715972022 -538.356214493135 -564.449721855006 -356.99204313191 -406.746515536155 -427.594648384126 -547.353053916425 -386.791150750127 -377.363599196039 -456.893109379753 -468.649340681027 -550.033966266121 -309.320919823299 -284.466048145812 -1232.29731229146 -769.755928584161 -762.313973563576 -785.129269463934 -464.457591823944 -535.250325981358 -413.172971662209 
-386.526843878189 -744.284861000967 -913.914027338546 -611.439268443141 -642.943850773283 -851.213165713979 -823.807184849352 -523.481478280769 -492.985273125346 -787.954810894553 -807.513736858603 -1076.01659338468 -1080.49358698983 -195.13574378412 -814.708437121345 -842.925083034546 -538.654307766653 -504.796328375517 -753.048499054615 -721.700337414962 -222.488723562124 -441.587873142326 -337.15841603904 -461.70477246132 -286.60396094972 -527.864739674718 19.3287247507319 52.7080236038205 41.4222545219001 -205.462914235407 -192.627053495936 -296.10958888623 17.8320444403251 55.8859830941289 59.0177272322741 -142.16911214675 -173.279166107558 49.4539777514318 44.5647044211553 42.4927307862334 
-900.917779490109 -524.098929113905 -1642.2649181699 -501.523697644123 -470.762776196508 -264.360933219679 -718.124707608315 -495.96311985448 -387.527164689707 -506.917156607106 -730.056858504641 -420.636894427702 -496.495315790096 -563.373655289243 -690.6722227968 -1201.36149857983 -342.153526059797 -877.737912451184 -573.582266437721 -787.861328471253 -7.0324046777621 22.8549942964986 -51.9872221667812 -95.3532559417691 -137.153531853531 -63.2110894917579 -37.422291983012 -118.008223249776 -96.7094666722509 -171.285650846179 -210.908904374341 -223.434811747479 -266.972459933504 -317.371656163926 -132.685428048064 -254.631289418961 -374.205488144012 -716.096342821651 -938.51635865131 -922.57325946705 
-1364.45584972017 -473.580286446955 -471.250070332962 -932.041489369789 -99.6200807469976 -54.6502291407391 -180.66985748731 -254.870417582048 -377.149109951739 -453.00753131373 -525.481152589202 -398.878417924024 -94.5649324613301 -149.868634939887 -462.385246440445 26.9194383226347 -315.056393647478 -223.442344984383 -692.392321308119 -442.817804775458 -339.125174901973 -462.888652392841 -683.750221151477 -670.966268715442 -288.824004173123 -650.058924786448 -528.841386948186 -1542.39389459996 -1306.18519238024 32.7381266337828 -388.644433005128 -465.193629894906 -215.022896639745 -263.165559479154 -253.106264149874 -537.851105702047 -296.433700897321 -226.913946490288 -297.430370436425 -280.288105222659 
-1416.42448001392 -337.134539713636 -414.276486629629 -543.406413490478 -668.575893991451 -793.446038430342 -1028.97937728426 -1221.85738190335 -751.878648345624 -748.286615600244 -1220.06136553086 -398.25544575795 -455.892103745826 -340.779968726114 -374.971133726464 -327.975007238455 -457.333383969531 -622.865737251674 -742.328798602546 -835.91712518056 -2219.88109700501 -1851.51451193418 -2956.32531358943 -3051.98596675121 -370.192295652072 -917.768675577169 -690.311142109494 -771.69277791918 -839.949678698897 -1277.48659614467 -2087.60458802741 -213.305453259318 -247.487554768977 -902.852398975465 -1205.41465610433 -594.621177347292 -137.171070936181 -228.902674752443 -463.601157432429 -229.032458694526 
-407.582788915361 -475.81965361968 -318.852916883468 -209.741499812811 -1142.64353631499 -1352.55537137389 -718.885047051982 -266.633986005399 -344.996303020925 -475.001212217214 -600.838442395168 -724.649397690968 -841.414442602454 -959.745245377165 -684.118170898132 -233.484838812407 -304.424528316616 -257.819841294312 -383.644289633351 -380.235617459879 -2550.78699945616 -844.384050618141 -1069.37781803594 -1039.05361859704 -616.074560665832 -738.411861502435 -856.167018003788 -971.596563561311 -1262.44075248885 -1751.2266781455 -869.713703324409 -433.559096758296 -483.566853523012 -505.681408172128 -627.69634709544 -746.027149870151 -861.756031489755 -396.687894459577 -484.750016814489 -569.358261530062 
-304.15875702425 -998.997283561983 -692.368039696878 -684.98364930371 -875.239907547915 -1309.00252102349 -846.461137316185 -845.632206682356 -839.0191822956 -1311.32813196732 -723.79337613443 -553.200328120078 -490.420220380651 -435.799948864394 -424.491667687142 -2486.65140158278 -942.868546902759 -853.931442212812 -1503.98177018443 -1591.23798775672 -1744.22125228185 -2152.19003008194 -543.580514903425 -620.590228812131 -688.274473093898 -463.80769888357 -1650.19283317224 -955.783536167581 -1235.09549530493 -671.014450359946 -819.263130912918 -2472.93049817742 -308.279381695584 -272.853884235989 -346.05351595022 -990.020563946407 -1287.56779074287 -687.614882603418 -744.10643536425 -564.277891772238 
-904.035348773534 -802.213418953916 -1088.08774560625 -1369.35690207253 -509.431337022903 -144.73907102961 -178.85209498645 -834.19391334173 -525.018631825299 -55.3641489523349 -496.80909309362 -339.899780161483 -279.252675525839 -109.217222822095 -162.817012331788 -215.26550929517 -262.487138097126 -295.82359380187 -977.407504044514 -955.938200637555 -1398.74182492773 -516.155567989162 -505.075528521587 -965.40643053989 -939.935362956293 -66.8934444074513 -71.1614118241992 -205.492207962287 -277.919777535745 -345.097453096973 -192.215062714066 -130.439691382915 -649.654357457228 -53.2160889549293 -662.984665451475 -360.786216766943 -209.176749393537 -1159.76263940972 -265.769899524044 -320.037438710719 
-346.043362166892 -479.018606133188 -606.790007788866 -732.765393072458 -856.668451772286 -978.314977080698 -304.642656829157 -257.531401086315 -402.754589108108 -586.77670068688 -716.365700667243 -1019.12696262911 -1524.57770668459 -2312.63291711721 -2398.64573873916 -1629.05467932136 -305.574229785117 -836.000825568302 -1142.4820825256 -525.513070549116 11.3526740999788 -59.4049385683072 4.01653388216503 -95.6606688673104 -20.3834562042029 -159.087369357216 0 -92.2092213137051 -13.4906773369713 6.13843366434506 12.8448448932165 0 0 0 -496.286659052945 -491.220971848367 -1398.03913051096 0 -39.1141771560181 61.9768653589012 
-176.240866754917 -44.277640515984 -26.7906771254117 -4.40203168213022 -6.24409975663224 -369.651247444839 -15.3592533209452 -249.300894854119 -18.9191390456584 53.7488436437159 -120.36649289227 -133.194021214502 -638.271809113726 -465.880884403102 -464.857950420449 -465.320770024054 -372.211271628404 -370.548805191393 -368.729762967696 -1528.26068885727 -1198.7830499927 -489.579754284245 -492.573114905462 -564.39642121548 -617.292435000948 -378.902100080163 0.000429692373469937 0.0180895867701884 -476.938410746813 -481.796865293055 -391.158035115238 -457.639015778924 -683.646075582324 -1568.99091330634 -548.014483777234 -386.107063283614 -418.944056064091 -2289.09829811164 -2514.96988081797 0.0125983422268189 
-3421.74380740392 -6103.74744128533 -2165.34588792018 -2881.84474485232 -2481.6504959605 -3773.2024333862 -3780.30215294278 -2047.63576481734 -2418.63645096429 -2243.07571527003 -4011.64409433499 -1314.99750474668 -776.139725581757 -1277.55461586715 -455.10691269594 -455.42393296499 -454.162852808086 -2030.54720469597 -522.388624410524 -474.212100677582 -1867.64577226335 -1443.81596861593 -680.906739840884 -2483.80174231325 -871.606348189473 -2161.07395439153 -1889.85659946705 -2147.11251724078 -2166.54396559535 -2268.743621826 -2329.85365112295 -872.387458978489 -2128.01185127464 -579.933345255927 -765.057745043594 -1004.58884205053 -362.04428532648 -613.121779551452 -707.792321123362 -803.19968992467 
-1562.8912843682 -2514.86989555136 -2606.88654216861 -2553.65809859595 -533.383460446084 -579.877123257686 -725.060503043816 -479.581001126505 -2287.72326984515 -625.017958654897 -774.830919214045 -2575.0448348244 -4157.14812603871 -2507.94773680377 -2499.51087149892 -599.373228185763 -272.077383847124 -2381.10101487298 -191.086799091605 -1006.38837382173 -58.8810371001184 -2192.77310693228 -2699.73203128554 -2.93507150944675e-15 -261.170297268233 -108.774561290463 -696.403020048612 -252.753646752646 -480.014217191276 -86.3684917989485 -181.96903938039 -185.653229079836 -183.350660941827 -974.669185609058 -34.6123172095738 -42.9706234148191 -58.5387497001803 -315.619646460376 -420.628129240599 -901.574023618536 
-997.58885597183 0.0401005110696055 -140.794566239597 -191.295691004322 -427.112499187564 -219.797573199331 -203.431129477654 -230.233964148046 -348.699380926948 -726.978559314593 -544.753767371557 -531.813239148876 -135.44357126158 -55.410918309888 -1048.27057266267 -1060.54491219087 -972.983840819448 -1214.28814559142 0.0102466976807683 -363.674531420471 -577.421436887138 -48.609231007404 -57.3116878114834 -51.8322121445789 -145.121202660512 -35.2728650677223 -19.5929374388427 -2135.87023130941 -2456.48143314047 -1184.07245819925 -616.06581503523 -478.770580748385 -484.987560499274 -558.652934883795 -767.130194953521 0 -1393.36433622599 -274.645252064271 -373.501190056303 -542.389604165812 
-1272.01560685041 -408.523828522407 -873.186771781626 -1540.52387826425 -39.1383566559864 -39.4834442419217 -124.645600793621 -27.5789874273997 -30.3579072288411 -103.667482349345 -1055.61534797954 -298.414121544056 -292.658550204475 -199.687440252393 -285.468369019323 -1459.79619101559 -197.475875714168 -193.580711393808 -468.465143091712 -1785.31761587642 -675.236795389071 -38.9987006607594 -40.840768734858 -63.8748046599146 -65.4405625231404 -840.634331910187 -45.0619003267132 -2199.62378342219 -5129.3694619125 -231.42191341409 -410.686601254128 -85.0050229295599 -23.6077777050973 -562.054376784396 -754.026627549428 -13.298139992699 -1264.50905363005 -653.751269148339 -525.666375233197 -598.871232599192 
-744.463871047061 -2168.87557804064 -2233.73312976262 -2189.09767698219 -2187.71403845497 -1871.1754623838 -940.844723096963 -1334.48586267877 -2222.30500163546 -2151.15451667015 -2173.67192267289 -2272.27331194646 -2336.81218307471 -2131.54557532667 -1936.37186435735 -2148.41951106824 -1169.58856991768 -1477.77337476778 -723.393149615696 -1100.39157191581 -969.421137341902 -4169.90395936985 -1257.5886829557 -1111.67528693309 -1193.57324428232 -1019.88422203371 -1357.44785209162 -2159.92024996359 -414.854169482145 -673.264382374269 -1862.22013430675 -925.770833434867 -1306.29506779661 -2809.89455918504 -832.340083840342 -1310.66637550004 -2141.614268516 -2156.84236017855 -2263.31798386941 -2316.41662507581 
-2122.59024724962 -335.751484448544 -664.246723758926 -1430.43545005159 -3536.39742236831 -1815.58788045019 -2202.37514626443 -917.37808189379 -2534.72285659045 -2658.25628936518 -330.028043228667 -517.351723370082 -355.833103457894 -146.391376538794 -187.577817830088 -248.427594623367 -224.987145130585 -447.089154921759 -2251.19611745793 -2760.18131669335 -215.029932317811 -269.260898114851 -1150.98147134291 -1021.68120021811 -1177.03624318349 -718.911805138222 -2476.71296372342 -2168.94415487726 -5486.4696446096 -2871.17096192805 -2362.9923989396 -3057.00208738996 -5333.42228098651 -391.321870316404 -568.159197667938 -449.657259751985 -595.447432383629 -1376.33751800412 -1147.16134247244 -389.508258456415 
-554.62250106983 -486.974906514609 -486.963884002738 -428.080733034136 -2245.39313563974 -1376.52715517507 -2303.11821607272 -703.515868937461 0 0 -342.992715714964 -345.420327483346 -811.784651590802 -456.053972137856 -454.211904063354 -2765.5076540472 -976.521336129148 -401.625462379195 -2928.14972972115 -631.189554696217 -1081.398848872 -658.91528058003 -1236.29785127353 -712.504656864086 -966.157596894976 -2476.41572293139 -1474.70120769112 -1391.29233195497 -752.23512958167 -1288.64612566177 -420.632685250043 -603.296271624046 
<lnGam>
-2.97508984819394 0 -1.24863534921063 -1.24863534921063 -0.256938730403173 0 -1.24863534921063 0 -1.24863534921063 -0.323202860328242 -0.268993847756996 -1.24863534921063 -0.256938730403173 0 -0.367378944202142 0 -0.390803968245696 -1.51636582489568 -3.37668557169524 -0.259623833252734 -1.32896562905664 -0.390803968245696 0 -0.390803968245696 -1.51636582489568 -3.37668557169524 0 -0.390803968245696 -0.320528896115034 0 0 -0.390803968245696 -1.51636582489568 -3.37668557169524 -0.390803968245696 0 -0.343953920158588 -1.42266572872146 -0.418913996050781 0 
-1.51636582489568 -0.390803968245696 -0.390803968245696 -3.12418414052534 -1.38668561440223 -0.3397688907524 0 -0.390803968245696 -1.51636582489568 -3.37668557169524 -0.3397688907524 0 -0.390803968245696 -17.3334049613128 -5.67927071745907 -8.90285106932889 -1.38668561440223 0 -0.390803968245696 0 -0.390803968245696 -0.3397688907524 -1.38668561440223 -3.17940425153904 -0.432969010825974 -3.41416560876869 -0.361856933717905 0 -3.37668557169524 -1.38668561440223 -0.3397688907524 -1.38668561440223 -0.3397688907524 -1.38116360906077 -0.256938730403173 -0.390803968245696 -1.38668561440223 -0.3397688907524 -0.3397688907524 -1.38668561440223 
-0.31768084675834 -3.4610156603464 -9.43277884281129 -0.451709032853297 -0.516473236533548 0 -1.49160381874552 -0.372063948836323 0 -0.323202860328242 -0.465764040647289 -3.41416560876869 -1.38668561440223 -0.390803968245696 -0.3397688907524 -1.2375913385277 -3.37668557169524 0 -0.390803968245696 -0.367378944202142 -0.367378944202142 -0.367378944202142 -0.367378944202142 -0.367378944202142 -1.46951577680857 0 -0.400173977514058 -1.43086170239035 -0.367378944202142 0 -0.3397688907524 -0.3397688907524 -0.3397688907524 0 -0.3397688907524 -0.390803968245696 0 0 -1.51636582489568 -0.343953920158588 
0 -0.334583910890227 0 -1.50699581388202 -1.39220762797213 -3.14627219480495 -3.30641049781928 -1.44190572335883 -0.367378944202142 0 -0.3533239302996 -3.14627219480495 -3.30641049781928 -1.44190572335883 0 -0.312158837302657 -0.3397688907524 -0.3397688907524 0 -0.3397688907524 0 0 -5.88358511771852 -1.57995599060754 -0.40603301862036 -0.3397688907524 0 -1.53979085068453 -0.390803968245696 -5.88358511771852 0 0 -0.3397688907524 0 -5.88358511771852 0 -1.51636582489568 -1.41429566990908 -5.65718267963634 0 
-1.34250953052833 -1.51636582489568 0 -0.301114818391292 0 -0.404858981275589 -1.51636582489568 -0.256938730403173 -0.256938730403173 0 0 -0.390803968245696 -1.51636582489568 -0.256938730403173 0 -0.390803968245696 -1.37581568063435 -2.99717790247354 -0.345290902265192 -0.390803968245696 -1.42266572872146 0 -3.16836023262768 -1.38668561440223 -1.38668561440223 -0.3397688907524 -3.34201653269 -0.350499680966627 -0.362133553857598 -3.17940425153904 -0.432969010825974 -3.41416560876869 -0.361856933717905 -1.38668561440223 -0.3397688907524 -1.38668561440223 -0.3397688907524 -1.38116360906077 -1.38668561440223 -0.3397688907524 
-0.3397688907524 -1.38668561440223 -0.516473236533548 0 -1.49160381874552 -1.38668561440223 -0.390803968245696 -0.3397688907524 -1.2375913385277 -1.38116360906077 0 -0.367378944202142 0 -0.367378944202142 -1.46951577680857 -0.367378944202142 -0.367378944202142 0 0 -0.367378944202142 0 -0.367378944202142 -1.46951577680857 -3.30641049781928 -5.87806310723428 -0.367378944202142 0 0 -1.46951577680857 -3.14075017300661 -1.46951577680857 -0.367378944202142 -1.46951577680857 -0.367378944202142 -1.46951577680857 -0.367378944202142 0 -1.46951577680857 -0.367378944202142 -1.46951577680857 
-1.46951577680857 -0.367378944202142 -0.367378944202142 -1.46951577680857 -0.367378944202142 0 -0.367378944202142 -5.87806310723428 -9.18447360505356 -1.46951577680857 -3.30641049781928 0 0 -0.367378944202142 -1.46951577680857 -1.46951577680857 -5.87806310723428 -3.30641049781928 -0.367378944202142 -0.3397688907524 -0.306636827846975 -1.29281144131297 -0.367378944202142 0 -0.367378944202142 -1.31022561401052 0 -0.320528896115034 -1.51636582489568 0 -0.201718619389469 0 -0.390803968245696 -1.51636582489568 -0.113366451641668 0 -0.386118962738866 -1.47888578607693 0 -0.312158837302657 
0 -1.49762580461365 -0.364099440783686 -0.390803968245696 0 0 -0.390803968245696 -0.17997875185371 -1.38050068788648 -1.30937747379423 -3.00822191315647 -1.28728941951463 0 -0.450209106608479 -1.51636582489568 0 -3.16283822728621 -0.915524478547444 -0.3397688907524 -1.38668561440223 -0.3397688907524 -1.38668561440223 -0.3397688907524 0 -0.390803968245696 -1.38668561440223 -0.264308840504865 -0.3397688907524 -1.2375913385277 -0.358008934933781 -1.37564159549087 -2.88673769690301 -1.46951577680857 -0.367378944202142 -3.37668557169524 -5.97176320340849 -1.49294080085212 -3.41416560876869 0 -0.279026776454341 
-1.11610710581737 -0.0802344031360075 0 -0.390803968245696 -0.367378944202142 -0.3397688907524 -1.2155032842481 -0.312158837302657 0 -0.3397688907524 0 -0.3397688907524 -1.1492391707799 0 -0.3397688907524 -0.3397688907524 0 -0.129932484122936 0 -0.390803968245696 -0.390803968245696 -5.32586204646787 -8.63227254428715 -0.3397688907524 -1.32042148447716 0 0 0 -0.256938730403173 -1.19893725176683 -0.254938832981803 -1.51636582489568 0 -0.146498516604203 -0.256938730403173 -1.44742773487162 0 -0.372063948836323 0 -1.51636582489568 
-0.367378944202142 0 -0.367378944202142 -0.390803968245696 0 -1.48825579534529 0 -0.367378944202142 -0.367378944202142 -1.46951577680857 0 -0.418913996050781 -1.51636582489568 -3.37668557169524 0 0 -0.390803968245696 -13.0850918435252 -9.06734848658109 -17.837593102836 0 -0.400173977514058 -0.404858981275589 0 -3.37668557169524 -1.53979085068453 0 -0.390803968245696 0 -0.329898907128696 -0.390803968245696 -0.372063948836323 0 -0.390803968245696 0 -0.390803968245696 -0.372063948836323 -0.381433958104685 0 -1.28176741417316 
0 -0.284548781795806 0 -0.343953920158588 -1.43203573973512 -0.256938730403173 0 0 -1.41981767936477 -0.439165079468676 0 -0.390803968245696 -0.334246881296717 -0.390803968245696 0 -0.390803968245696 -1.51636582489568 -0.329898907128696 -1.51636582489568 0 -3.14627219480495 -0.915524478547444 -0.3397688907524 -1.37011958192097 -0.3397688907524 -1.38668561440223 -0.3397688907524 0 -0.390803968245696 -1.38668561440223 -0.264308840504865 -0.3397688907524 -1.2375913385277 -0.329898907128696 0 -0.390803968245696 -0.395488972007227 -0.367378944202142 -0.390803968245696 -1.51636582489568 
-3.37668557169524 0 0 -0.390803968245696 0 -1.51636582489568 -0.390803968245696 -0.312158837302657 0 0 -0.390803968245696 0 -1.51636582489568 -0.390803968245696 -1.3645975765795 -0.367378944202142 0 -0.3533239302996 -0.378422965170617 -0.3397688907524 -0.3397688907524 0 -0.3397688907524 0 -0.3397688907524 0 -1.53979085068453 -0.390803968245696 0 0 -0.3397688907524 0 0 -1.51636582489568 -1.25967937635043 -2.97508984819394 0 -0.146498516604203 -1.24863534921063 -0.240372697921905 
-1.24863534921063 -0.256938730403173 0 -0.256938730403173 0 -0.256938730403173 -0.390803968245696 -1.51636582489568 -0.256938730403173 -1.24863534921063 -0.256938730403173 0 0 -1.45077575827185 0 0 -0.37290095468638 -0.386118962738866 -0.386118962738866 -0.373458075333542 0 -0.390803968245696 0 0 0 -0.390803968245696 0 -1.51636582489568 -0.390803968245696 -23.3248522365887 -0.3397688907524 0 0.368166824378798 -0.541884829570668 -1.37564159549087 -1.38284318802195 -3.18928537934681 -1.51636582489568 0 -0.264308840504865 
-5.97176320340849 -0.107844446300204 -0.3397688907524 0 -0.3397688907524 -0.301114818391292 0 -0.390803968245696 0 0 -0.3397688907524 -1.38668561440223 -1.38668561440223 -1.38668561440223 -1.38668561440223 -1.38668561440223 -1.38668561440223 -0.3397688907524 0 -0.390803968245696 -3.16836023262768 -5.64061664715507 -0.37290095468638 0 -1.59132589555197 -1.51636582489568 0 -0.0581686191479073 -0.3397688907524 0 0 -0.3397688907524 0 -0.0912784138189364 -3.16836023262768 -5.68479273925741 -0.432969010825974 -3.41416560876869 -5.97176320340849 -13.366192139029 
-0.361856933717905 -1.38668561440223 -3.16836023262768 -0.3397688907524 -1.38668561440223 -3.16836023262768 -0.3397688907524 -1.38668561440223 -3.16836023262768 -3.16836023262768 -0.31768084675834 -1.38668561440223 -13.4411522131759 -1.47888578607693 -3.4610156603464 -6.06546329958271 -9.43277884281129 0 -0.451709032853297 -0.367378944202142 -6.06546329958271 -3.37668557169524 -1.51636582489568 -1.49762580461365 -0.3397688907524 0 -0.3397688907524 0 -0.372063948836323 -0.3397688907524 -1.38668561440223 0 -0.3397688907524 0 -1.38668561440223 -3.16836023262768 -1.61006592456049 -1.46951577680857 -1.51636582489568 0 
-0.3397688907524 0 -0.390803968245696 0 -0.3397688907524 -1.38668561440223 -0.3397688907524 0 0 -0.372063948836323 -0.461079040376359 -1.52573583241874 -0.3397688907524 -3.44696064557121 -0.554779136550575 0 -1.51636582489568 0 -0.334583910890227 0 -0.256938730403173 -1.24863534921063 0 -1.51636582489568 -1.38668561440223 -0.3397688907524 -3.16836023262768 0 -0.390803968245696 -0.3397688907524 -1.38668561440223 -1.38668561440223 -3.06344203239861 0 -1.50699581388202 -5.99987322597768 -3.42353561629175 -5.68479273925741 -3.16836023262768 -1.38668561440223 
-0.3397688907524 0 -1.38668561440223 -0.3397688907524 -3.16836023262768 -1.38668561440223 -0.3397688907524 0 -0.390803968245696 -0.264308840504865 -3.29235548391674 -0.3397688907524 0 -1.38668561440223 -0.367378944202142 -0.367378944202142 -1.56321587298279 0 -0.390803968245696 -0.390803968245696 -0.345290902265192 0 -0.404858981275589 -1.51636582489568 -0.256938730403173 -1.51636582489568 -0.256938730403173 0 0 0 -0.372063948836323 -3.11866213518388 -1.74561630719178 -5.96089326964062 -6.22594977288402 -0.394988997651885 -0.329898907128696 -1.52105082865721 0 0 
-1.01671091092976 -0.256938730403173 0 -0.376748953470504 -1.51636582489568 -1.01671091092976 -1.01671091092976 -1.01671091092976 -1.01671091092976 0 -0.390803968245696 -0.256938730403173 0 -1.24863534921063 -5.4363022520384 -1.51636582489568 -0.256938730403173 0 -0.390803968245696 -1.51636582489568 -1.51636582489568 -1.08297504085483 -0.0912784138189364 -2.91986976186554 -1.24863534921063 -0.256938730403173 0 -1.51636582489568 -2.97508984819394 -0.390803968245696 0 -1.51636582489568 0 -1.24863534921063 -3.17940425153904 -5.67374871211761 -0.414228992289251 -3.37668557169524 -5.97176320340849 -13.366192139029 
-0.3397688907524 -0.390803968245696 0 -1.25415737100897 -2.83703958300233 -1.38668561440223 -3.16836023262768 -0.3397688907524 -1.38668561440223 -0.3397688907524 -1.38668561440223 -5.68479273925741 -3.16836023262768 -0.3397688907524 -1.3645975765795 -13.0522968137039 -1.51636582489568 -3.37668557169524 -5.97176320340849 -9.30159872352603 0 -0.451709032853297 -0.168586554426935 0 -0.3397688907524 0 -0.3397688907524 -1.41429566990908 0 -0.3397688907524 0 -1.38668561440223 -3.19597028402031 0 -0.3397688907524 0 -1.38668561440223 0 -0.390803968245696 0 
-0.3397688907524 -0.390803968245696 -1.51636582489568 0 -0.334583910890227 0 -0.256938730403173 -0.3397688907524 -1.24863534921063 0 -0.390803968245696 -1.51636582489568 -3.37668557169524 -1.38668561440223 0 -0.390803968245696 -0.3397688907524 -1.38668561440223 -1.38668561440223 -3.00269990781501 -1.43638371390314 0 -0.3397688907524 -0.3397688907524 -0.3397688907524 0 0 -1.51636582489568 -0.343953920158588 -1.50699581388202 -1.50699581388202 -1.52573583241874 0 -1.51636582489568 -0.343953920158588 -1.51636582489568 -1.52573583241874 -1.51636582489568 -1.51636582489568 -1.49294080085212 
-3.37668557169524 0 -5.87806310723428 -0.390803968245696 -1.50231081012049 -3.16836023262768 -0.915524478547444 -0.3397688907524 -1.38668561440223 -0.3397688907524 -1.38668561440223 -0.3397688907524 0 -0.390803968245696 -5.68479273925741 -5.68479273925741 -1.38668561440223 -0.264308840504865 -0.3397688907524 -1.2375913385277 -1.39220762797213 -5.49152237128054 -0.284548781795806 0 -0.29241887005525 -0.345290902265192 -2.99717790247354 0 -1.19893725176683 -0.334583910890227 0 -1.51636582489568 -0.390803968245696 -1.51636582489568 -0.290070795365707 0 -0.390803968245696 -1.51636582489568 0 -1.51636582489568 
-5.97176320340849 -0.256938730403173 0 -0.390803968245696 0 -0.27350476288444 0 -0.264308840504865 0 -0.390803968245696 -1.51636582489568 -1.48055979777704 -0.40603301862036 0 -0.390803968245696 -0.461253125519845 0 -1.40325165099772 -0.367378944202142 0 -0.3397688907524 -0.3397688907524 -0.3397688907524 0 -0.3397688907524 -0.390803968245696 0 0 -1.51636582489568 -3.16836023262768 0 -0.390803968245696 -0.390803968245696 -1.51636582489568 -0.390803968245696 -5.46109769217424 -1.70696223688778 0 -0.404858981275589 -5.74001284204268 
-13.366192139029 -2.96404583751101 -3.16836023262768 -1.38668561440223 -0.3397688907524 0 -1.61006592456049 -1.38668561440223 -3.16836023262768 -5.68479273925741 -3.16836023262768 -1.38668561440223 -0.3397688907524 -3.16836023262768 -1.38668561440223 -3.16836023262768 -1.39772964154204 0 -13.0047615636792 -9.02433530203923 -5.74001284204268 -23.1257116929834 -36.279567548994 -29.3601097008231 -3.20149229759021 -1.51636582489568 0 -0.390803968245696 -1.51636582489568 -9.28754370875084 -1.51636582489568 -1.38668561440223 -3.16836023262768 0 -1.51214931906688 -1.39220762797213 -3.16836023262768 -1.38668561440223 -5.54674245760893 -1.39220762797213 
0 -0.390803968245696 -0.3397688907524 -5.68479273925741 -5.92022815155986 -13.366192139029 -0.390803968245696 -2.98061188644915 -3.16836023262768 -1.3038554519959 -0.312158837302657 0 -0.390803968245696 -1.51636582489568 -3.16836023262768 -3.16836023262768 -1.38668561440223 -3.16836023262768 -0.3397688907524 -1.35355355766814 -13.0522968137039 -1.53979085068453 -5.88274811186846 -9.6154940488512 0 -0.367378944202142 -1.47888578607693 -3.42353561629175 -0.367378944202142 -1.51636582489568 -0.418913996050781 -0.185152586908202 0 -0.3397688907524 0 -0.432969010825974 -1.61006592456049 -1.38668561440223 -0.3397688907524 0 
-3.16836023262768 0 -0.3397688907524 0 0 0 -0.3397688907524 -1.38668561440223 0 -0.3397688907524 0 -0.3397688907524 0 -0.3397688907524 -0.3397688907524 -13.1834769469515 -1.0884970461963 -3.16836023262768 -1.19341524642536 0.0799039163352012 -0.390803968245696 -0.3397688907524 0 -0.479819055422481 -1.46483077217439 -0.3397688907524 -0.3397688907524 -1.55384586545972 -5.88274811186846 0 -0.40954398852772 -13.0522968137039 0 -0.367378944202142 -0.3397688907524 -1.52573583241874 -5.99987322597768 0 -1.51636582489568 0 
-0.201718619389469 0 -1.51636582489568 -5.97176320340849 -1.24863534921063 -1.38668561440223 -3.16836023262768 0 -1.38668561440223 -1.2762454088317 -1.51636582489568 -1.24863534921063 0 -0.234850692580441 0 -0.287733862803119 -1.51636582489568 -0.118888473440007 0 -1.51636582489568 -5.97176320340849 -0.256938730403173 0 -0.390803968245696 -3.37668557169524 0 -0.390803968245696 0 -0.334583910890227 -1.40861071743687 -2.83151757766087 -0.262460743973074 -1.51636582489568 -0.390803968245696 -1.2914855989644 0 -5.69583674994034 -5.92022815155986 -2.8259955723194 -1.00566690024683 
-3.16836023262768 -1.38668561440223 -0.3397688907524 0 -0.432969010825974 -1.53979085068453 -1.38668561440223 -3.16836023262768 -1.38668561440223 0 -1.51636582489568 -23.3300260716432 -3.16836023262768 -0.3397688907524 0 -23.0981016333623 -3.16836023262768 0 -1.51636582489568 -1.38668561440223 0 -0.348638925665419 -0.301114818391292 0 0 0 0 0 0 0 0 0 0 0 0 0 0 0 0 0 
0 0 0 0 0 0 0 0 0 0 0 0 0 0 0 0 0 0 0 0 0 0 0 0 0 0 0 0 0 0 0 0 0 0 0 0 0 0 0 0 
0 0 0 0 0 0 0 0 0 0 0 0 0 0 0 0 0 0 0 0 0 0 0 0 0 0 0 0 0 0 0 0 0 0 0 0 0 0 0 0 
0 0 0 0 0 0 0 0 0 0 0 0 0 0 0 0 0 0 0 0 0 0 0 0 0 0 0 0 0 0 0 0 0 0 0 0 0 0 0 0 
0 0 0 0 0 0 0 0 0 0 0 0 0 0 0 0 0 0 0 0 0 0 0 0 0 0 0 0 0 0 0 0 0 0 0 0 0 0 0 0 
0 0 0 0 0 0 0 0 0 0 0 0 0 0 0 0 0 0 0 0 0 0 0 0 0 0 0 0 0 0 0 0 0 0 0 0 0 0 0 0 
0 0 0 0 0 0 0 0 0 0 0 0 0 0 0 0 0 0 0 0 0 0 0 0 0 0 0 0 0 0 0 0 0 0 0 0 0 0 0 0 
0 0 0 0 0 0 0 0 0 0 0 0 0 0 0 0 0 0 0 0 0 0 0 0 0 0 0 0 0 0 0 0 0 0 0 0 0 0 0 0 
0 0 0 0 0 0 0 0 0 0 0 0 0 0 0 0 0 0 0 0 0 0 0 0 0 0 0 0 0 0 0 0 
<lnGmo>
-2.98478677175764 -0.00969692356370444 -1.25833227277433 -1.25833227277433 -0.266635653966877 -0.00969692356370444 -1.25833227277433 -0.00969692356370444 -1.25833227277433 -0.332899783891946 -0.2786907713207 -1.25833227277433 -0.266635653966877 -0.00969692356370444 -0.377075867765847 -0.00969692356370444 -0.400500891809401 -1.52606274845938 -3.38638249525895 -0.269320756816438 -1.33866255262035 -0.400500891809401 -0.00969692356370444 -0.400500891809401 -1.52606274845938 -3.38638249525895 -0.00969692356370444 -0.400500891809401 -0.330225819678739 -0.00969692356370444 -0.00969692356370444 -0.400500891809401 -1.52606274845938 -3.38638249525895 -0.400500891809401 -0.00969692356370444 -0.353650843722293 -1.43236265228517 -0.428610919614486 -0.00969692356370444 
-1.52606274845938 -0.400500891809401 -0.400500891809401 -3.13388106408905 -1.39638253796594 -0.349465814316104 -0.00969692356370444 -0.400500891809401 -1.52606274845938 -3.38638249525895 -0.349465814316104 -0.00969692356370444 -0.400500891809401 -17.3431018848765 -5.68896764102278 -8.91254799289259 -1.39638253796594 -0.00969692356370444 -0.400500891809401 -0.00969692356370444 -0.400500891809401 -0.349465814316104 -1.39638253796594 -3.18910117510275 -0.442665934389678 -3.4238625323324 -0.371553857281609 -0.00969692356370444 -3.38638249525895 -1.39638253796594 -0.349465814316104 -1.39638253796594 -0.349465814316104 -1.39086053262447 -0.266635653966877 -0.400500891809401 -1.39638253796594 -0.349465814316104 -0.349465814316104 -1.39638253796594 
-0.327377770322045 -3.4707125839101 -9.442475766375 -0.461405956417002 -0.526170160097253 -0.00969692356370444 -1.50130074230922 -0.381760872400028 -0.00969692356370444 -0.332899783891946 -0.475460964210993 -3.4238625323324 -1.39638253796594 -0.400500891809401 -0.349465814316104 -1.24728826209141 -3.38638249525895 -0.00969692356370444 -0.400500891809401 -0.377075867765847 -0.377075867765847 -0.377075867765847 -0.377075867765847 -0.377075867765847 -1.47921270037227 -0.00969692356370444 -0.409870901077763 -1.44055862595406 -0.377075867765847 -0.00969692356370444 -0.349465814316104 -0.349465814316104 -0.349465814316104 -0.00969692356370444 -0.349465814316104 -0.400500891809401 -0.00969692356370444 -0.00969692356370444 -1.52606274845938 -0.353650843722293 
-0.00969692356370444 -0.344280834453931 -0.00969692356370444 -1.51669273744572 -1.40190455153584 -3.15596911836865 -3.31610742138299 -1.45160264692253 -0.377075867765847 -0.00969692356370444 -0.363020853863304 -3.15596911836865 -3.31610742138299 -1.45160264692253 -0.00969692356370444 -0.321855760866362 -0.349465814316104 -0.349465814316104 -0.00969692356370444 -0.349465814316104 -0.00969692356370444 -0.00969692356370444 -5.89328204128222 -1.58965291417124 -0.415729942184064 -0.349465814316104 -0.00969692356370444 -1.54948777424824 -0.400500891809401 -5.89328204128222 -0.00969692356370444 -0.00969692356370444 -0.349465814316104 -0.00969692356370444 -5.89328204128222 -0.00969692356370444 -1.52606274845938 -1.42399259347279 -5.66687960320004 -0.00969692356370444 
-1.35220645409204 -1.52606274845938 -0.00969692356370444 -0.310811741954996 -0.00969692356370444 -0.414555904839293 -1.52606274845938 -0.266635653966877 -0.266635653966877 -0.00969692356370444 -0.00969692356370444 -0.400500891809401 -1.52606274845938 -0.266635653966877 -0.00969692356370444 -0.400500891809401 -1.38551260419806 -3.00687482603725 -0.354987825828897 -0.400500891809401 -1.43236265228517 -0.00969692356370444 -3.17805715619138 -1.39638253796594 -1.39638253796594 -0.349465814316104 -3.3517134562537 -0.360196604530331 -0.371830477421302 -3.18910117510275 -0.442665934389678 -3.4238625323324 -0.371553857281609 -1.39638253796594 -0.349465814316104 -1.39638253796594 -0.349465814316104 -1.39086053262447 -1.39638253796594 -0.349465814316104 
-0.349465814316104 -1.39638253796594 -0.526170160097253 -0.00969692356370444 -1.50130074230922 -1.39638253796594 -0.400500891809401 -0.349465814316104 -1.24728826209141 -1.39086053262447 -0.00969692356370444 -0.377075867765847 -0.00969692356370444 -0.377075867765847 -1.47921270037227 -0.377075867765847 -0.377075867765847 -0.00969692356370444 -0.00969692356370444 -0.377075867765847 -0.00969692356370444 -0.377075867765847 -1.47921270037227 -3.31610742138299 -5.88776003079798 -0.377075867765847 -0.00969692356370444 -0.00969692356370444 -1.47921270037227 -3.15044709657031 -1.47921270037227 -0.377075867765847 -1.47921270037227 -0.377075867765847 -1.47921270037227 -0.377075867765847 -0.00969692356370444 -1.47921270037227 -0.377075867765847 -1.47921270037227 
-1.47921270037227 -0.377075867765847 -0.377075867765847 -1.47921270037227 -0.377075867765847 -0.00969692356370444 -0.377075867765847 -5.88776003079798 -9.19417052861727 -1.47921270037227 -3.31610742138299 -0.00969692356370444 -0.00969692356370444 -0.377075867765847 -1.47921270037227 -1.47921270037227 -5.88776003079798 -3.31610742138299 -0.377075867765847 -0.349465814316104 -0.316333751410679 -1.30250836487667 -0.377075867765847 -0.00969692356370444 -0.377075867765847 -1.31992253757423 -0.00969692356370444 -0.330225819678739 -1.52606274845938 -0.00969692356370444 -0.211415542953174 -0.00969692356370444 -0.400500891809401 -1.52606274845938 -0.123063375205373 -0.00969692356370444 -0.39581588630257 -1.48858270964064 -0.00969692356370444 -0.321855760866362 
-0.00969692356370444 -1.50732272817736 -0.37379636434739 -0.400500891809401 -0.00969692356370444 -0.00969692356370444 -0.400500891809401 -0.189675675417414 -1.39019761145019 -1.31907439735794 -3.01791883672017 -1.29698634307833 -0.00969692356370444 -0.459906030172183 -1.52606274845938 -0.00969692356370444 -3.17253515084992 -0.925221402111148 -0.349465814316104 -1.39638253796594 -0.349465814316104 -1.39638253796594 -0.349465814316104 -0.00969692356370444 -0.400500891809401 -1.39638253796594 -0.274005764068569 -0.349465814316104 -1.24728826209141 -0.367705858497485 -1.38533851905457 -2.89643462046671 -1.47921270037227 -0.377075867765847 -3.38638249525895 -5.9814601269722 -1.50263772441583 -3.4238625323324 -0.00969692356370444 -0.288723700018046 
-1.12580402938107 -0.089931326699712 -0.00969692356370444 -0.400500891809401 -0.377075867765847 -0.349465814316104 -1.2252002078118 -0.321855760866362 -0.00969692356370444 -0.349465814316104 -0.00969692356370444 -0.349465814316104 -1.1589360943436 -0.00969692356370444 -0.349465814316104 -0.349465814316104 -0.00969692356370444 -0.13962940768664 -0.00969692356370444 -0.400500891809401 -0.400500891809401 -5.33555897003157 -8.64196946785085 -0.349465814316104 -1.33011840804087 -0.00969692356370444 -0.00969692356370444 -0.00969692356370444 -0.266635653966877 -1.20863417533053 -0.264635756545508 -1.52606274845938 -0.00969692356370444 -0.156195440167907 -0.266635653966877 -1.45712465843532 -0.00969692356370444 -0.381760872400028 -0.00969692356370444 -1.52606274845938 
-0.377075867765847 -0.00969692356370444 -0.377075867765847 -0.400500891809401 -0.00969692356370444 -1.497952718909 -0.00969692356370444 -0.377075867765847 -0.377075867765847 -1.47921270037227 -0.00969692356370444 -0.428610919614486 -1.52606274845938 -3.38638249525895 -0.00969692356370444 -0.00969692356370444 -0.400500891809401 -13.0947887670889 -9.07704541014479 -17.8472900263997 -0.00969692356370444 -0.409870901077763 -0.414555904839293 -0.00969692356370444 -3.38638249525895 -1.54948777424824 -0.00969692356370444 -0.400500891809401 -0.00969692356370444 -0.339595830692401 -0.400500891809401 -0.381760872400028 -0.00969692356370444 -0.400500891809401 -0.00969692356370444 -0.400500891809401 -0.381760872400028 -0.391130881668389 -0.00969692356370444 -1.29146433773687 
-0.00969692356370444 -0.29424570535951 -0.00969692356370444 -0.353650843722293 -1.44173266329883 -0.266635653966877 -0.00969692356370444 -0.00969692356370444 -1.42951460292847 -0.448862003032381 -0.00969692356370444 -0.400500891809401 -0.343943804860421 -0.400500891809401 -0.00969692356370444 -0.400500891809401 -1.52606274845938 -0.339595830692401 -1.52606274845938 -0.00969692356370444 -3.15596911836865 -0.925221402111148 -0.349465814316104 -1.37981650548467 -0.349465814316104 -1.39638253796594 -0.349465814316104 -0.00969692356370444 -0.400500891809401 -1.39638253796594 -0.274005764068569 -0.349465814316104 -1.24728826209141 -0.339595830692401 -0.00969692356370444 -0.400500891809401 -0.405185895570932 -0.377075867765847 -0.400500891809401 -1.52606274845938 
-3.38638249525895 -0.00969692356370444 -0.00969692356370444 -0.400500891809401 -0.00969692356370444 -1.52606274845938 -0.400500891809401 -0.321855760866362 -0.00969692356370444 -0.00969692356370444 -0.400500891809401 -0.00969692356370444 -1.52606274845938 -0.400500891809401 -1.37429450014321 -0.377075867765847 -0.00969692356370444 -0.363020853863304 -0.388119888734322 -0.349465814316104 -0.349465814316104 -0.00969692356370444 -0.349465814316104 -0.00969692356370444 -0.349465814316104 -0.00969692356370444 -1.54948777424824 -0.400500891809401 -0.00969692356370444 -0.00969692356370444 -0.349465814316104 -0.00969692356370444 -0.00969692356370444 -1.52606274845938 -1.26937629991414 -2.98478677175764 -0.00969692356370444 -0.156195440167907 -1.25833227277433 -0.25006962148561 
-1.25833227277433 -0.266635653966877 -0.00969692356370444 -0.266635653966877 -0.00969692356370444 -0.266635653966877 -0.400500891809401 -1.52606274845938 -0.266635653966877 -1.25833227277433 -0.266635653966877 -0.00969692356370444 -0.00969692356370444 -1.46047268183555 -0.00969692356370444 -0.00969692356370444 -0.382597878250084 -0.39581588630257 -0.39581588630257 -0.383154998897247 -0.00969692356370444 -0.400500891809401 -0.00969692356370444 -0.00969692356370444 -0.00969692356370444 -0.400500891809401 -0.00969692356370444 -1.52606274845938 -0.400500891809401 -23.3345491601524 -0.349465814316104 -0.00969692356370444 0.358469900815094 -0.551581753134373 -1.38533851905457 -1.39254011158565 -3.19898230291052 -1.52606274845938 -0.00969692356370444 -0.274005764068569 
-5.9814601269722 -0.117541369863908 -0.349465814316104 -0.00969692356370444 -0.349465814316104 -0.310811741954996 -0.00969692356370444 -0.400500891809401 -0.00969692356370444 -0.00969692356370444 -0.349465814316104 -1.39638253796594 -1.39638253796594 -1.39638253796594 -1.39638253796594 -1.39638253796594 -1.39638253796594 -0.349465814316104 -0.00969692356370444 -0.400500891809401 -3.17805715619138 -5.65031357071878 -0.382597878250084 -0.00969692356370444 -1.60102281911567 -1.52606274845938 -0.00969692356370444 -0.0678655427116117 -0.349465814316104 -0.00969692356370444 -0.00969692356370444 -0.349465814316104 -0.00969692356370444 -0.100975337382641 -3.17805715619138 -5.69448966282111 -0.442665934389678 -3.4238625323324 -5.9814601269722 -13.3758890625928 
-0.371553857281609 -1.39638253796594 -3.17805715619138 -0.349465814316104 -1.39638253796594 -3.17805715619138 -0.349465814316104 -1.39638253796594 -3.17805715619138 -3.17805715619138 -0.327377770322045 -1.39638253796594 -13.4508491367396 -1.48858270964064 -3.4707125839101 -6.07516022314642 -9.442475766375 -0.00969692356370444 -0.461405956417002 -0.377075867765847 -6.07516022314642 -3.38638249525895 -1.52606274845938 -1.50732272817736 -0.349465814316104 -0.00969692356370444 -0.349465814316104 -0.00969692356370444 -0.381760872400028 -0.349465814316104 -1.39638253796594 -0.00969692356370444 -0.349465814316104 -0.00969692356370444 -1.39638253796594 -3.17805715619138 -1.6197628481242 -1.47921270037227 -1.52606274845938 -0.00969692356370444 
-0.349465814316104 -0.00969692356370444 -0.400500891809401 -0.00969692356370444 -0.349465814316104 -1.39638253796594 -0.349465814316104 -0.00969692356370444 -0.00969692356370444 -0.381760872400028 -0.470775963940063 -1.53543275598244 -0.349465814316104 -3.45665756913491 -0.56447606011428 -0.00969692356370444 -1.52606274845938 -0.00969692356370444 -0.344280834453931 -0.00969692356370444 -0.266635653966877 -1.25833227277433 -0.00969692356370444 -1.52606274845938 -1.39638253796594 -0.349465814316104 -3.17805715619138 -0.00969692356370444 -0.400500891809401 -0.349465814316104 -1.39638253796594 -1.39638253796594 -3.07313895596231 -0.00969692356370444 -1.51669273744572 -6.00957014954138 -3.43323253985546 -5.69448966282111 -3.17805715619138 -1.39638253796594 
-0.349465814316104 -0.00969692356370444 -1.39638253796594 -0.349465814316104 -3.17805715619138 -1.39638253796594 -0.349465814316104 -0.00969692356370444 -0.400500891809401 -0.274005764068569 -3.30205240748044 -0.349465814316104 -0.00969692356370444 -1.39638253796594 -0.377075867765847 -0.377075867765847 -1.57291279654649 -0.00969692356370444 -0.400500891809401 -0.400500891809401 -0.354987825828897 -0.00969692356370444 -0.414555904839293 -1.52606274845938 -0.266635653966877 -1.52606274845938 -0.266635653966877 -0.00969692356370444 -0.00969692356370444 -0.00969692356370444 -0.381760872400028 -3.12835905874758 -1.75531323075548 -5.97059019320432 -6.23564669644772 -0.404685921215589 -0.339595830692401 -1.53074775222091 -0.00969692356370444 -0.00969692356370444 
-1.02640783449347 -0.266635653966877 -0.00969692356370444 -0.386445877034208 -1.52606274845938 -1.02640783449347 -1.02640783449347 -1.02640783449347 -1.02640783449347 -0.00969692356370444 -0.400500891809401 -0.266635653966877 -0.00969692356370444 -1.25833227277433 -5.4459991756021 -1.52606274845938 -0.266635653966877 -0.00969692356370444 -0.400500891809401 -1.52606274845938 -1.52606274845938 -1.09267196441854 -0.100975337382641 -2.92956668542925 -1.25833227277433 -0.266635653966877 -0.00969692356370444 -1.52606274845938 -2.98478677175764 -0.400500891809401 -0.00969692356370444 -1.52606274845938 -0.00969692356370444 -1.25833227277433 -3.18910117510275 -5.68344563568131 -0.423925915852955 -3.38638249525895 -5.9814601269722 -13.3758890625928 
-0.349465814316104 -0.400500891809401 -0.00969692356370444 -1.26385429457267 -2.84673650656604 -1.39638253796594 -3.17805715619138 -0.349465814316104 -1.39638253796594 -0.349465814316104 -1.39638253796594 -5.69448966282111 -3.17805715619138 -0.349465814316104 -1.37429450014321 -13.0619937372676 -1.52606274845938 -3.38638249525895 -5.9814601269722 -9.31129564708973 -0.00969692356370444 -0.461405956417002 -0.178283477990639 -0.00969692356370444 -0.349465814316104 -0.00969692356370444 -0.349465814316104 -1.42399259347279 -0.00969692356370444 -0.349465814316104 -0.00969692356370444 -1.39638253796594 -3.20566720758402 -0.00969692356370444 -0.349465814316104 -0.00969692356370444 -1.39638253796594 -0.00969692356370444 -0.400500891809401 -0.00969692356370444 
-0.349465814316104 -0.400500891809401 -1.52606274845938 -0.00969692356370444 -0.344280834453931 -0.00969692356370444 -0.266635653966877 -0.349465814316104 -1.25833227277433 -0.00969692356370444 -0.400500891809401 -1.52606274845938 -3.38638249525895 -1.39638253796594 -0.00969692356370444 -0.400500891809401 -0.349465814316104 -1.39638253796594 -1.39638253796594 -3.01239683137871 -1.44608063746685 -0.00969692356370444 -0.349465814316104 -0.349465814316104 -0.349465814316104 -0.00969692356370444 -0.00969692356370444 -1.52606274845938 -0.353650843722293 -1.51669273744572 -1.51669273744572 -1.53543275598244 -0.00969692356370444 -1.52606274845938 -0.353650843722293 -1.52606274845938 -1.53543275598244 -1.52606274845938 -1.52606274845938 -1.50263772441583 
-3.38638249525895 -0.00969692356370444 -5.88776003079798 -0.400500891809401 -1.51200773368419 -3.17805715619138 -0.925221402111148 -0.349465814316104 -1.39638253796594 -0.349465814316104 -1.39638253796594 -0.349465814316104 -0.00969692356370444 -0.400500891809401 -5.69448966282111 -5.69448966282111 -1.39638253796594 -0.274005764068569 -0.349465814316104 -1.24728826209141 -1.40190455153584 -5.50121929484424 -0.29424570535951 -0.00969692356370444 -0.302115793618954 -0.354987825828897 -3.00687482603725 -0.00969692356370444 -1.20863417533053 -0.344280834453931 -0.00969692356370444 -1.52606274845938 -0.400500891809401 -1.52606274845938 -0.299767718929412 -0.00969692356370444 -0.400500891809401 -1.52606274845938 -0.00969692356370444 -1.52606274845938 
-5.9814601269722 -0.266635653966877 -0.00969692356370444 -0.400500891809401 -0.00969692356370444 -0.283201686448144 -0.00969692356370444 -0.274005764068569 -0.00969692356370444 -0.400500891809401 -1.52606274845938 -1.49025672134075 -0.415729942184064 -0.00969692356370444 -0.400500891809401 -0.470950049083549 -0.00969692356370444 -1.41294857456142 -0.377075867765847 -0.00969692356370444 -0.349465814316104 -0.349465814316104 -0.349465814316104 -0.00969692356370444 -0.349465814316104 -0.400500891809401 -0.00969692356370444 -0.00969692356370444 -1.52606274845938 -3.17805715619138 -0.00969692356370444 -0.400500891809401 -0.400500891809401 -1.52606274845938 -0.400500891809401 -5.47079461573794 -1.71665916045148 -0.00969692356370444 -0.414555904839293 -5.74970976560638 
-13.3758890625928 -2.97374276107471 -3.17805715619138 -1.39638253796594 -0.349465814316104 -0.00969692356370444 -1.6197628481242 -1.39638253796594 -3.17805715619138 -5.69448966282111 -3.17805715619138 -1.39638253796594 -0.349465814316104 -3.17805715619138 -1.39638253796594 -3.17805715619138 -1.40742656510574 -0.00969692356370444 -13.0144584872429 -9.03403222560293 -5.74970976560638 -23.1354086165471 -36.2892644725577 -29.3698066243868 -3.21118922115392 -1.52606274845938 -0.00969692356370444 -0.400500891809401 -1.52606274845938 -9.29724063231454 -1.52606274845938 -1.39638253796594 -3.17805715619138 -0.00969692356370444 -1.52184624263058 -1.40190455153584 -3.17805715619138 -1.39638253796594 -5.55643938117264 -1.40190455153584 
-0.00969692356370444 -0.400500891809401 -0.349465814316104 -5.69448966282111 -5.92992507512356 -13.3758890625928 -0.400500891809401 -2.99030881001285 -3.17805715619138 -1.3135523755596 -0.321855760866362 -0.00969692356370444 -0.400500891809401 -1.52606274845938 -3.17805715619138 -3.17805715619138 -1.39638253796594 -3.17805715619138 -0.349465814316104 -1.36325048123184 -13.0619937372676 -1.54948777424824 -5.89244503543216 -9.6251909724149 -0.00969692356370444 -0.377075867765847 -1.48858270964064 -3.43323253985546 -0.377075867765847 -1.52606274845938 -0.428610919614486 -0.194849510471906 -0.00969692356370444 -0.349465814316104 -0.00969692356370444 -0.442665934389678 -1.6197628481242 -1.39638253796594 -0.349465814316104 -0.00969692356370444 
-3.17805715619138 -0.00969692356370444 -0.349465814316104 -0.00969692356370444 -0.00969692356370444 -0.00969692356370444 -0.349465814316104 -1.39638253796594 -0.00969692356370444 -0.349465814316104 -0.00969692356370444 -0.349465814316104 -0.00969692356370444 -0.349465814316104 -0.349465814316104 -13.1931738705153 -1.09819396976 -3.17805715619138 -1.20311216998907 0.0702069927714968 -0.400500891809401 -0.349465814316104 -0.00969692356370444 -0.489515978986186 -1.47452769573809 -0.349465814316104 -0.349465814316104 -1.56354278902343 -5.89244503543216 -0.00969692356370444 -0.419240912091424 -13.0619937372676 -0.00969692356370444 -0.377075867765847 -0.349465814316104 -1.53543275598244 -6.00957014954138 -0.00969692356370444 -1.52606274845938 -0.00969692356370444 
-0.211415542953174 -0.00969692356370444 -1.52606274845938 -5.9814601269722 -1.25833227277433 -1.39638253796594 -3.17805715619138 -0.00969692356370444 -1.39638253796594 -1.2859423323954 -1.52606274845938 -1.25833227277433 -0.00969692356370444 -0.244547616144145 -0.00969692356370444 -0.297430786366823 -1.52606274845938 -0.128585397003711 -0.00969692356370444 -1.52606274845938 -5.9814601269722 -0.266635653966877 -0.00969692356370444 -0.400500891809401 -3.38638249525895 -0.00969692356370444 -0.400500891809401 -0.00969692356370444 -0.344280834453931 -1.41830764100057 -2.84121450122457 -0.272157667536779 -1.52606274845938 -0.400500891809401 -1.3011825225281 -0.00969692356370444 -5.70553367350404 -5.92992507512356 -2.83569249588311 -1.01536382381054 
-3.17805715619138 -1.39638253796594 -0.349465814316104 -0.00969692356370444 -0.442665934389678 -1.54948777424824 -1.39638253796594 -3.17805715619138 -1.39638253796594 -0.00969692356370444 -1.52606274845938 -23.3397229952069 -3.17805715619138 -0.349465814316104 -0.00969692356370444 -23.107798556926 -3.17805715619138 -0.00969692356370444 -1.52606274845938 -1.39638253796594 -0.00969692356370444 -0.358335849229124 -0.310811741954996 9.49510597689773e-05 0 0 0 0 0 0 0 0 0 0 0 0 0 0 0 0 
0 0 0 0 0 0 0 0 0 0 0 0 0 0 0 0 0 0 0 0 0 0 0 0 0 0 0 0 0 0 0 0 0 0 0 0 0 0 0 0 
0 0 0 0 0 0 0 0 0 0 0 0 0 0 0 0 0 0 0 0 0 0 0 0 0 0 0 0 0 0 0 0 0 0 0 0 0 0 0 0 
0 0 0 0 0 0 0 0 0 0 0 0 0 0 0 0 0 0 0 0 0 0 0 0 0 0 0 0 0 0 0 0 0 0 0 0 0 0 0 0 
0 0 0 0 0 0 0 0 0 0 0 0 0 0 0 0 0 0 0 0 0 0 0 0 0 0 0 0 0 0 0 0 0 0 0 0 0 0 0 0 
0 0 0 0 0 0 0 0 0 0 0 0 0 0 0 0 0 0 0 0 0 0 0 0 0 0 0 0 0 0 0 0 0 0 0 0 0 0 0 0 
0 0 0 0 0 0 0 0 0 0 0 0 0 0 0 0 0 0 0 0 0 0 0 0 0 0 0 0 0 0 0 0 0 0 0 0 0 0 0 0 
0 0 0 0 0 0 0 0 0 0 0 0 0 0 0 0 0 0 0 0 0 0 0 0 0 0 0 0 0 0 0 0 0 0 0 0 0 0 0 0 
0 0 0 0 0 0 0 0 0 0 0 0 0 0 0 0 0 0 0 0 0 0 0 0 0 0 0 0 0 0 0 0 
<B>
1e-09 1e-09 0.0641007771316634 1e-09 0.0352258305857203 1e-09 0.0214237986316646 9.8319773080982e-10 0.012870970370047 0.092010317141549 1e-09 1e-09 1e-09 0.235950563787076 1e-09 1e-09 1e-09 1e-09 1e-09 1e-09 0.00017137607289278 0.0535177564604719 109.569936112479 1e-09 1e-09 1e-09 0.00209716088566867 1e-09 0.0142414202856896 0.0575946349538885 1e-09 1e-09 9.8319773080982e-10 0.211824619333013 1e-09 1e-09 1e-09 55.7523856802678 1e-09 1e-09 
1e-09 1e-09 1e-09 1e-09 1e-09 1e-09 0.0944092788713601 1e-09 0.126429796686306 1e-09 1e-09 0.000363779148888708 1e-09 1e-09 1e-09 1e-09 1e-09 1e-09 0 
<U>
-250.503732089007 -7.69729796174859 -212.97737148295 -239.303055822846 -5.38498839863045 -155.870143262007 -220.779276279358 -73.5624368267927 -26.3557901284167 -206.484277922685 -34.5428079371036 -215.504470008747 -528.110795782073 -65.314288104647 -237.971858315755 -23.7744753440337 -102.052511657692 -127.993362553737 -4.93399649991264 -230.290742051728 -133.863911781683 -36.4542461667783 -10.1064621947628 -5.65982759245277 -270.721125979635 -52.5041502059526 -111.513955857708 -128.579281666264 -174.784483036912 -77.2995020710516 -79.508473152755 -7.03121653561294 -7.03483012059328 -97.0126302477342 -176.61228117966 -22.1314746855933 -240.390471852908 -75.4575836763117 -319.198363295997 -178.370078439056 
-290.067604935712 -13.6257621011724 1.17885013380823 -4.57761259896016 -238.593091038072 -227.529475910883 -25.4048727922491 -7.46899725423823 -194.505159218329 -266.268747205742 -61.3302788471554 -215.652239231738 -5.05814601216008 -305.323441418264 -185.711150244972 -255.899635913096 -60.898167199613 -269.717517878466 -10.6134704437138 
<Uc>
-250.503732089007 -250.503738817791 -7.69729796174859 -7.69729793909697 -212.97737148295 -212.977362693982 -239.303055822846 -239.30305853908 -5.38498839863045 -5.3849869193683 -155.870143262007 -155.870141191722 -220.779276279358 -220.779280084426 -73.5624368267927 -73.5624326354309 -26.3557901284167 -26.3557821249926 -206.484277922685 -206.484281348594 -34.5428079371036 -34.5428021248733 -215.504470008747 -215.504477811968 -528.110795782073 -528.110788118559 -65.314288104647 -65.3142931361294 -237.971858315755 -237.97186103199 -23.7744753440337 -23.7744783976732 -102.052511657692 -102.052510176649 -127.993362553737 -127.993362404497 -4.93399649991264 -4.93399823839419 -230.290742051728 -230.290742299453 
-133.863911781683 -133.863907465292 -36.4542461667783 -36.4542445151334 -10.1064621947628 -10.1064616162226 -5.65982759245277 -5.65982764239674 -270.721125979635 -270.721125936713 -52.5041502059526 -52.5041445105059 -111.513955857708 -111.513961749854 -128.579281666264 -128.579281645887 -174.784483036912 -174.784477202047 -77.2995020710516 -77.2995067307415 -79.508473152755 -79.5084655613475 -7.03121653561294 -7.03121657024938 -7.03483012059328 -7.03483014556527 -97.0126302477342 -97.0126338475884 -176.61228117966 -176.612187009109 -22.1314746855933 -22.1314708438911 -240.390471852908 -240.389894096262 -75.4575836763117 -75.457584791414 -319.198363295997 -319.198361085531 -178.370078439056 -178.370072995583 
-290.067604935712 -290.067602325022 -13.6257621011724 -13.6257607640626 1.17885013380823 1.17885008386426 -4.57761259896016 -4.57761264890414 -238.593091038072 -238.593089273437 -227.529475910883 -227.529481792171 -25.4048727922491 -25.4048645294283 -7.46899725423823 -7.4689973649727 -194.505159218329 -194.505161150535 -266.268747205742 -266.268747588536 -61.3302788471554 -61.3302770765431 -215.652239231738 -215.65224502608 -5.05814601216008 -5.05814390305086 -305.323441418264 -305.323439314519 -185.711150244972 -185.711148107002 -255.899635913096 -255.89962682095 -60.898167199613 -60.8981690112729 -269.717517878466 -269.717515781706 -10.6134704437138 -10.6134682349455 
<Uefd>
-0.00112485763193787 -1.37149089574184e-05 -6.13715627857715e-07 0.00057278596614574 -6.14317538794689e-07 0.000969086884247694 -4.24655640557572e-07 -4.45854451742596e-05 -8.20048119045136e-07 -4.24694074918172e-07 -0.000386733328852053 -0.000496873902424357 0.00182408957174615 2.12379487790813e-07 -0.00185170328313356 1.13846355804723e-05 0.000366559960031591 -8.24624561618411e-06 0.000288581852616792 -0.00342335022475597 2.07878184656309e-07 -6.15237584229496e-07 -2.0507952898359e-07 -3.08244067467227e-08 -0.00104764465660829 -6.71256175559691e-05 -2.3927332861891e-07 -0.000259824889529513 -4.06028947427327e-07 -4.10457444856063e-07 -6.27954848608567e-05 5.61302609616936e-06 -8.95009376286164e-06 -2.12376973066903e-07 0.000820178322706171 -2.19983253722299e-05 -85617.0948458182 4.10159061525845e-07 1.86234954289108e-05 0.0047427911659115 
-0.000288274811442956 -0.000122918637397408 -7.5677589976237e-07 -9.16007271536376e-08 2.99332420299151e-05 0.000364171575029632 -1.21594707534758e-06 4.48536012505194e-05 -8.2059162678979e-07 0.00123362459153105 -0.000323518005188823 -4.23639191529198e-07 -0.000687221518029749 0.000259724607300255 0.000613335770190574 -0.000309548727254677 -0.000454214852193434 7.61423639894613e-05 2.12378633662816e-07 
<U_r>
-620991.526444252 -19081.379630161 -527964.760893419 -593225.373047143 -13349.230918292 -386397.589306039 -547305.457849474 -182359.159095472 -65335.2435351125 -511868.569241067 -85630.6245405992 -534229.365248502 -1309171.43018002 -161912.236318751 -589925.372823462 -58936.23863878 -252985.232847798 -317291.853994161 -12231.2350095554 -570884.107155215 -331844.776203053 -90369.0247793941 -25053.6282750746 -14030.5493524533 -671109.862758718 -130156.2739571 -276439.880118471 -318744.330574158 -433285.692052268 -191623.236045949 -197099.211643034 -17430.1829868903 -17439.1409598282 -240491.512200333 -437816.750928045 -54863.2873963958 -595921.046020783 -187057.173472762 -791283.535812785 -442174.279633063 
-719069.226070667 -33777.8712341372 2922.33547954677 -11347.7695984532 -591465.390823559 -564039.008036641 -62977.946886537 -18515.4287612343 -482172.679492678 -660072.544200424 -152035.9922822 -534595.680890116 -12538.9980695103 -756888.004679195 -460372.584897724 -634367.816387416 -150964.799971555 -668621.947223489 -26310.4871003318 
<C>
0 -1.37596990001491e-25 9.23397768881944e-18 -9.61558067030075e-26 4.50555761580345e-19 -5.92580787018141e-26 0 -1.03979157460928e-33 0 -9.23397768881944e-18 -3.00993415628262e-26 0 2.8640783541894e-26 7.46014779431451e-18 -1.37596990001491e-25 -1.71996237501864e-26 1.37596990001491e-25 0 0 0 -5.68193010512158e-21 0 -4.75549850974201e-15 -4.77075842777961e-26 6.87984950007457e-26 0 -2.88561802775608e-19 1.28997178126398e-26 0 1.38509665332292e-17 0 -6.65503504383696e-26 0 -4.61698884440972e-18 0 0 -1.46196801876585e-25 -1.39395546401229e-14 1.91517217451437e-26 0 
-6.92695030925662e-26 -1.95645720158371e-25 -8.74733985293843e-27 -2.8066723964202e-28 0 5.15988712505593e-26 -3.03929301964376e-18 -3.26144415999556e-27 4.36491088353301e-19 0 -4.86980834034011e-26 6.74309917834864e-21 3.65492004691461e-26 -2.54281487238963e-26 5.09587668449394e-26 0 -3.43992475003728e-26 0 -2.21923591525645e-17 
<XF>
55.0596676424442 0 0 0 0 0 0 0 0 0 0 0 0 0 0 0 0 0 0 0 0 0 0 0 0 0 0 0 0 0 0 0 0 0 0 0 0 0 0 0 
0 0 0.0214236187731772 0 0 0 0 0 0 0 0 0 0 0 0 0 0 0 0 0 0 0 0 0 0 0 0 3.08597738681317e-05 0 0 0 0 0 0 0 0 0 0 0 0 
0 0 0 0 0 0 0 0 0 0 3.16036796778657e-10 0 0 0 0.0518416225671838 0 0 0 0 0 0 0 0 0 0 0 0 0 0 0 0 0 0 0 0 0 0 0 0 0 
0 0 0 0 0 0 0 0 0 0 0 0 0 0 0 0 0 0 0 0 0 0 0 0 0 0 0 0 0 0 0 0 0 4.96629796958036e-10 0 0 0 0 0 0 
0 0 0 0 0 0 0 4.96934974841642e-10 0 0 0 0 0 0 0 0 0 0 0 0 0 0 0 0 0.0535177523877344 0 0 0 0 0 0 0 0 0 0 0 0 0 0 0 
0 0 0 0 0 0 0 0 0 0 0 0 0 0 0 0 0 0 0.000146834746781245 0.00471044401657901 0 0 0 0 0 0 0 0 0 0 0 0 0 0 0 0 0 0 0 0 
0 0 0 0 0 0 0 0 0 0 0 0 0 0 0 0 0 0 0.012869927455018 0 0 0 0 0.0381000611034553 0 0 0 0 0 0 0 0 0 0 0 0.0266212105284371 0 0 0 0 
0 3.01028401887587e-11 0 0 0 0 0 9.96782711349746e-10 0 0 0 0 0 0 0 0 0 0 0 0.010952860946585 0 0 0 0 0 0 0 0 0 0 0 0 0 0 0 0 9.82113885460294e-10 0 3.84153005331837e-10 0 
<YF>
55.0596676423774 0 0 0 0 0 0 0 0 0 0 0 0 0 0 0 0 0 0 0 0 0 0 0 0 0 0 0 0 0 0 0 0 0 0 0 0 0 0 0 
0 0 0.0214236187730847 0 0 0 0 0 0 0 0 0 0 0 0 0 0 0 0 0 0 0 0 0 0 0 0 3.08597738681828e-05 0 0 0 0 0 0 0 0 0 0 0 0 
0 0 0 0 0 0 0 0 0 0 3.16036796770112e-10 0 0 0 0.0518416225672629 0 0 0 0 0 0 0 0 0 0 0 0 0 0 0 0 0 0 0 0 0 0 0 0 0 
0 0 0 0 0 0 0 0 0 0 0 0 0 0 0 0 0 0 0 0 0 0 0 0 0 0 0 0 0 0 0 0 0 4.96629796957183e-10 0 0 0 0 0 0 
0 0 0 0 0 0 0 4.96934974840552e-10 0 0 0 0 0 0 0 0 0 0 0 0 0 0 0 0 0.0535177523877171 0 0 0 0 0 0 0 0 0 0 0 0 0 0 0 
0 0 0 0 0 0 0 0 0 0 0 0 0 0 0 0 0 0 0.000146834746783449 0.0047104440165415 0 0 0 0 0 0 0 0 0 0 0 0 0 0 0 0 0 0 0 0 
0 0 0 0 0 0 0 0 0 0 0 0 0 0 0 0 0 0 0.0128699274550463 0 0 0 0 0.0381000611060592 0 0 0 0 0 0 0 0 0 0 0 0.0266212105280896 0 0 0 0 
0 3.01033066121311e-11 0 0 0 0 0 9.96782711349562e-10 0 0 0 0 0 0 0 0 0 0 0 0.0109528609467822 0 0 0 0 0 0 0 0 0 0 0 0 0 0 0 0 9.82113885462084e-10 0 3.84153005331768e-10 0 
<Falp>
-6.6106217822242e-08 -1.50319586938385 -4.7378099770633 -6.93780997248956 -26.3023606004912 -3.34289402340861 -18.3035830785196 -44.7588973298649 -39.9039629044053 -12.4789939699305 -14.5101134696584 -37.5448221223786 -36.744822123994 -58.0395746127817 -11.0485451414419 -40.5322299084519 -1.71305466012314 -44.4292571955307 -55.9674651932794 -83.167352578351 -6.10430637055689 -1.64537879478569 -2.08963337788029 -1.88863337833544 -0.776401012782746 -1.4984010112263 -2.2884010096858 -2.71367795143564 -16.5069621799172 -2.78618981683578 -1.4861898193951 -5.73234910993489 -3.53448907973037 -42.0745227005553 -2.33885735480661 -67.701399179242 -26.5678027992082 -24.4578028035805 -9.2957458035563 -6.89173298007817 
-11.9170735807295 -23.342347638849 1.64858337802767e-10 -29.7552352549585 -48.2651226580264 -12.7833657032636 -23.3923500714271 -11.4516455856941 -52.9118410341113 -92.9390191272959 -2.48255747275153 -3.53036481830546 -6.09443870624333 -7.38276855957661 -8.45431690425515 -3.47067746698316 -6.12170238555624 -6.28256660226856 -7.77567760262203 -29.9407468891439 -19.0721175137398 -35.0099203350062 -1.78317248212049 -1.64549232890671 -2.19317248115024 -12.0774050550547 -38.2085769425141 -3.51113894844577e-07 -3.7448328091249 -29.4093214746427 -6.89851308262289 -13.9058231553159 -7.17707294288783 -2.62543712873918 -4.044874448865 -2.03403395749746 -0.940201107183891 -0.311507305782574 -1.25889176625747 -6.22708116614439 
-1.35448012947805 -3.42647076643402 -10.8529258593494 -14.3900547901579 -6.76113310790732 -3.57483844615114 -4.00911837564973 -4.12339830596949 -7.3666661461679 -10.1915979662484 5.82210327500019e-07 -2.14045349560181 -0.145933791729058 -0.728579454906144 6.47950144648874e-07 -24.5009546876923 -6.88916028197975 -1.01808594058703 -2.76554937682431 -7.03764499800327 -30.7496326650559 -20.2337895693675 -5.14181453380221 -21.1676002887607 -6.59865525143881 -50.0783376709701 -6.33379439558042 -25.0331144476865 -0.463237441371446 -15.2845678992257 -28.4663920535502 -10.3251234306111 -6.65891534169795 -19.8162014975755 -13.9074468651147 -16.8283257770418 -14.7951680590274 -5.58657625023965 -5.61695970250075 -4.01693644907034 
-5.01692908353665 -24.7787005860201 -6.32638113604239 -2.69641488058692 -6.96845959953538 -15.3696974827638 -11.314266600578 -10.1879872499238 -10.0384491122065 -44.3382580158812 -39.9058092211653 -46.3390843058618 -1.461520427629 -14.4055938879336 -54.2842622101764 -18.6514884046009 -4.36260460196033 -20.2448029669262 -16.2856771142315 -21.9056771025811 -62.9188778171182 -31.2893826202593 -59.7328946834512 -8.97028601331317 -17.2578756785799 -17.326918156228 -2.14725753344216 -30.422369425774 -49.4946861158257 -9.39772155133218 -12.1662773252978 -12.4031759170235 -13.4374558453542 -3.14582093884761e-07 -4.66689889711062 -27.1382293391563 -38.1514936368679 -15.067694744378 -6.86908917147808 -3.56655609579634 
-0.866556101489245 -4.31271539364448 -3.11527644704583 -15.8318779192882 -8.48965807019405 -6.31357133071601 -9.29986388594153 -9.37944697071018e-09 -7.09890957654962 -1.15923823434415 -9.75289381504713 -13.9866086677526 -7.88851693243805 -8.13444424638652 -37.4955214289631 -5.1192354341863 -6.55628951379668 -15.4483954587753 -1.84614144157289 -0.376586220102279 -2.87619908789066 -3.42871048030139 -3.33451943560787 -16.6883637145169 1.32074289818937e-12 -1.69164836692346 -20.928440936186 -21.6322139352431 -14.2270008110929 -9.92815350031487 -9.12815350210547 -10.1577948688812 -9.47779487029807 -92.9390191272959 -2.74923187623032 -13.1394839824561 -74.9172600071284 -82.1690707787095 -37.0366774977053 -24.7301211666895 
-24.9761164610976 -83.3053496853051 -92.9390191272959 -7.71591912461997 -15.2519104875569 -8.06119704078056 -0.758663973526297 -4.40482326523387 -2.80452960592476 -2.17105003861289 -2.79443373973721 -1.00801480619117 -3.61451634186485 -3.43332537498617 -89.5646323708833 -90.1338238625607 -1.60527158753054 -1.50003341793289 -1.13431595256093e-05 1.28356065029242e-07 -1.3263075500486 -1.04122078112335 -3.13910390012457 -6.78336562452404 -26.8029265173584 -51.1484728422564 -13.9647332191707 -5.28277305396619 -11.6482227580633 -32.3946535006609 -12.1394052000632 -3.80699778825616 -13.7750374774467 -17.9183472210457 -17.7316696296842 -2.49848427869003 -5.49767073726815 -3.23786455947753 -3.76075961506331 -11.4358636143542 
-12.3729833341386 -24.6476329027783 -12.9546900538943 -12.9660897061862 -2.08149521932325 -1.02344100622436 -0.327434111721075 -1.17468825346255 -1.36865502120069 -4.41290545149708 -9.1536850151623 -23.5903660629903 -23.0645245340626 -22.5174857869758 -20.734605512603 -28.3469209821312 -10.782211640299 -24.2869160720539 1.14398553073136e-10 -7.11249176594183 -10.9175776988279 -2.76459237693984 -17.6483603723564 3.51850622481158e-07 -5.79087674141792 -24.0569226377857 -8.48077315268901 -20.7825973087027 -6.68540250800241 -15.9040055032899 -81.7941768037845 -11.6466990468889 -19.3033311913704 -6.48611402305253 -7.86928434313577 3.41262189537107e-08 -92.9390191272959 -2.75504732638147 -6.74281514180734 -5.14796243518093 
-26.5028473289676 0.00704908187282512 -32.9520862304703 -11.8182061331377 -27.211505316515 -33.2116840804879 -31.2889627025367 2.85416489484682e-08 -38.0504062858747 -3.60912703930432 -31.9955454420472 -20.4081800377326 -92.9390191272959 -32.3487331356087 -38.3777939999278 -6.63499266961444 -11.0331960442094 -3.24374428612821 -1.05429799677413 3.96247752911204e-07 -12.5921239489418 -0.0801866707162172 -0.880186669100818 -30.9497020777213 -23.4563391934638 -2.25370210705088 -23.7869267575327 -12.3138943938391 -11.0396666686694 -6.38331348008141 -18.8943547131475 -18.1353897968714 -20.354120205806 -37.8320634063973 -11.5543651008833 -33.4524352735124 -1.10745600164502e-07 -24.9092426664437 8.23173379735823e-09 -3.76855984479987 
<X>
4.56558014382403e-10 2.27800457568832e-14 5.51435079833677e-11 2.05648646396661e-11 6.24968496366532e-13 3.1456441264377e-14 1.29268960190923e-21 1.41319149854744e-15 2.01352169805107e-10 1.42581126068663e-15 3.77341029494215e-22 0 2.6569939920164e-10 1.75848307215749e-10 4.8838463101603e-22 8.40352896174323e-27 7.75279727278517e-33 0 0 0 0 1.10316953196197e-27 9.79524728827885e-20 2.05383642957992e-18 8.37962211324013e-19 3.65587187444679e-20 2.70798878963886e-26 3.07119518129901e-29 1.41099607449199e-30 1.17431826934906e-21 4.87458147265377e-25 7.18471690992417e-29 0 0 2.22581796179627e-28 5.93577277843992e-25 0 0 2.17067170647829e-23 4.12075844878128e-10 
0 0 0 2.94701145335816e-20 3.87449283935508e-18 3.77540287445085e-17 1.87430961203061e-17 5.57215570738037e-19 1.06736574368568e-21 4.26295915371228e-25 4.12645315546695e-14 2.70783651909039e-10 2.46090034461497e-08 0 1.18059510368437e-29 0 5.43569642451407e-17 4.10723588929437e-12 5.39547947872293e-14 6.437529933503e-21 4.19844173082007e-21 1.84287432923704e-20 4.34992517231083e-18 3.16113996598604e-12 1.24302253675987e-16 2.70983017423291e-21 1.65901732955358e-13 5.74335363343209e-17 4.63319433865605e-22 1.5597773147623e-13 8.32107428629592e-16 8.21663709346927e-14 4.5023840468864e-16 1.23213255851522e-16 1.52126157063796e-21 9.81684854849042e-32 4.82017235151328e-24 5.687496806834e-19 0 0 
0 0 0 0 1.70551360131123e-10 7.97649074412149e-13 3.63992184139247e-11 0 0 3.27848340166788e-17 3.34175968353448e-23 6.93072310888281e-30 0 1.51205421899111e-13 1.62920205311569e-12 7.8688049020525e-10 2.80640240770241e-05 0.0180250090638684 0.015413024765366 2.25749525650562e-33 1.88481638314258e-14 1.27268706364323e-19 8.7937523172456e-27 1.76660078312585e-26 0 4.18744311468521e-10 3.5895415109068e-10 1.59977661619477e-07 4.17268929190189e-16 1.60810002819299e-13 1.56178573603229e-11 9.81709757256182e-14 6.79187731073238e-21 1.32122893456245e-17 2.53776806096122e-12 2.45090303718849e-18 1.98624107944007e-08 5.50424051942046e-29 4.51545938645976e-25 9.8319773080982e-10 
1.02260893210847e-23 0 4.1453685766519e-10 3.8569165772895e-08 0.03514097117846 1.47501196108156e-17 4.78648734451305e-25 2.40534956078974e-14 1.94517358332857e-10 1.30273291313333e-07 9.65523760102804e-10 1.4750120941734e-17 4.78648777638902e-25 2.40534977782368e-14 0 1.58552129968751e-05 2.69479318661656e-08 7.10866963877122e-20 2.05483320399977e-14 3.80655558640426e-15 6.4494163253931e-12 3.99543139964623e-10 3.40104807144072e-27 1.55845287849002e-31 9.85778754891413e-21 3.25832380129363e-06 7.54167202848753e-10 1.32604883034918e-18 3.22009344577939e-11 6.22815471421314e-29 0.0049724938962698 0 4.99036509160426e-06 1.04669993879195e-07 2.20888470455919e-24 3.21945251846566e-17 2.58966914776916e-18 7.73602211540662e-16 1.21439201186797e-16 2.09480132431002e-16 
9.30644514541591e-11 1.3542409548884e-20 5.36303032143099e-15 5.34932727695164e-10 3.08555851118518e-10 3.60579258588169e-11 4.69399700819397e-12 2.94514603084267e-16 7.92708450969248e-23 2.47785105562533e-19 7.88635320423314e-23 9.48854086400617e-34 0 8.66731234308363e-17 1.52847259095687e-13 1.09211941756854e-17 4.78879598122082e-22 2.18459625621986e-20 5.36979297557198e-12 2.72375985120944e-21 1.63816441953011e-12 1.55284867633272e-11 5.67967533216904e-10 5.94251755656558e-11 0 3.7260729121744e-10 3.38578770675802e-11 0.235566048430463 0 3.16114025121332e-12 1.24302264891702e-16 2.70983041873847e-21 1.65901747924559e-13 1.55977745549998e-13 8.32107503710216e-16 8.21663783485163e-14 4.5023844531335e-16 1.23213266968955e-16 4.82017278643588e-24 5.68749732001475e-19 
0 0 1.70551375519448e-10 7.97649146383344e-13 3.63992216981838e-11 0 1.51205435542245e-13 1.62920220011746e-12 7.86880561196444e-10 6.05868601325986e-10 2.28627122062702e-14 1.39302767219432e-10 4.63566445744154e-12 2.12543667030659e-14 4.54911662312171e-15 4.32023412561793e-13 3.23659071033863e-15 3.41151589482284e-19 1.08035814834136e-27 1.12860394260973e-17 3.72534117446439e-11 4.2173639262421e-15 2.38802416780926e-20 9.49069586720394e-20 2.60731632651885e-31 1.27758180826476e-10 1.11724378474149e-28 8.46932190224051e-11 9.7005838335098e-26 3.21750081059952e-23 1.03979157460928e-33 2.18742765806364e-21 4.3003134969901e-24 1.13929419117666e-26 6.09721457494529e-23 1.58452364557734e-23 2.71508600981014e-25 0 1.13077817742274e-26 0 
0 0 1.5926213850269e-22 2.26818705821785e-18 2.46033081855601e-15 6.10134803123224e-12 2.62395477092311e-14 6.91445268396592e-32 0 2.50535939302511e-21 6.48617633017355e-21 1.21355237901097e-19 7.43135591678036e-23 1.6856885002911e-22 0 4.83045743672126e-21 8.21040422151758e-33 6.61153650387078e-22 2.28260733674064e-22 1e-09 6.18933596332956e-16 6.21588873658442e-23 8.1248833871219e-26 2.87410984345703e-30 0 1.10054523870236e-28 8.75734084576714e-25 3.29492606456679e-25 1.71687355942259e-23 1.54981727389169e-13 2.40677776259124e-23 1.97532104184476e-24 5.91331393605208e-12 6.64491622503705e-13 2.47205476781435e-28 0 0 0 1.07221182041638e-28 0 
4.26952362012848e-31 0 0 1.22849179539218e-24 5.00092833951876e-16 1.04848267002187e-21 1.50229295968964e-16 4.9297676744486e-23 1.17103085142519e-26 0 0 0 6.34954072604141e-15 2.96361078730155e-22 9.50149985890689e-31 1.06520474426924e-23 2.58398315007274e-12 2.65531229746972e-17 1.69784029692759e-13 5.180061708606e-13 3.82898239449426e-15 1.48834429659933e-23 1.18780240961712e-10 2.09629640023011e-10 9.67086129642338e-14 9.8892953867898e-12 5.54830185044064e-13 3.81606528891393e-12 6.53957590655407e-10 8.64850531451051e-05 2.68065968523351e-09 2.65726792718126e-26 6.58234254740744e-28 4.87471383757563e-31 0 0 4.89650709039919e-18 3.05240676264733e-26 2.14356422369671e-12 1.52677281289063e-11 
2.55411430686384e-26 7.3986848938065e-27 7.34728736096872e-29 1.85215540683134e-31 0 2.96337476449716e-12 3.81986405411244e-25 2.00979461873875e-25 0 1.51410157323914e-20 5.23773148654735e-18 3.11321311876067e-18 0 0 0 0 1.99216598587015e-12 3.20385424236014e-15 7.82551009188347e-13 2.0106568181122e-15 5.21825210915314e-13 0 0 3.48832568154366e-10 3.45498237689808e-20 6.43672969281337e-16 3.23303385482556e-20 1.14792655674621e-15 0 0 2.46684991027948e-26 2.39994636190342e-12 5.2023203157398e-10 8.50626583408929e-26 0 8.48681120993539e-22 1.27256082383938e-12 3.25901293582686e-06 4.12999214462828e-13 0.00175647371433644 
1.29944781459341e-19 0 2.62649656653104e-07 2.45945230563863e-19 2.25188557185173e-25 1.21900581903715e-14 0 0 0 0 9.09749302343431e-11 2.38966212672762e-14 0 0 0 1.78374750311061e-20 2.62800084821983e-15 0 0 0 2.43914356806928e-23 1.44413288970375e-15 4.63125534117804e-14 4.2784865696805e-21 1.11436794836633e-25 8.81407707991121e-12 0 0 1.04727522844607e-15 1.48541887852293e-13 4.50362744123674e-17 3.84132339024318e-10 1.58240635123408e-16 3.29314055269524e-11 0 4.67073046029623e-30 0 1.73345809851041e-20 1e-09 0 
0 0 8.44548071339391e-29 1.70917595635696e-28 3.52479676426194e-28 0 0 2.20884647494165e-29 0 0 2.96174751090686e-29 0 0 0 9.10093888003537e-29 0 3.16124843496167e-26 1.53445325203247e-26 0 0 2.05584774865363e-12 2.14788776757637e-17 1.37338716282582e-13 4.21731663314726e-13 2.57619967580948e-15 1.20392536007353e-23 1.63170014717326e-10 2.87971054719939e-10 1.32849918846069e-13 1.35850580124559e-11 4.48803545842139e-13 3.08682464157661e-12 5.28987878637198e-10 9.99999999999999e-10 0 0 0 0.000399615159946915 2.85450390413232e-11 0 
0 2.36533151793049e-11 1.71351212833709e-17 6.02815014799163e-15 8.63695899672455e-10 3.14517852818617e-17 7.89299611581315e-06 9.76511905847295e-10 7.54305502155485e-14 9.03474019319533e-23 3.91027940311107e-20 1.01947771452449e-14 1.77690408732619e-22 2.34024687859736e-11 1.94666787053801e-05 6.12301147442299e-14 4.17180621427946e-11 5.62642602055229e-13 3.42312747589823e-08 1.53459787957186e-11 2.43926363062645e-23 5.60075500075361e-18 2.85760805165943e-18 5.18788677318637e-15 1.37550896403163e-08 1.00678639625364e-12 1.06666686164092e-20 5.05054189113156e-16 2.46628886250969e-06 0 4.40150698537059e-09 1.97374418593144e-09 2.08318084948107e-27 2.3372910584746e-22 0.0054521881093015 2.6433405233403e-32 5.40967852311962e-07 0.000384513505734348 5.06001286894127e-33 2.73723450362754e-06 
1.1635445717074e-30 5.35199025570795e-30 6.46199748937231e-31 6.96415009447667e-09 9.95448576567779e-08 5.37249510629069e-14 1.00468804575054e-10 3.5087451371196e-15 5.19202681403794e-05 7.35551999343026e-23 2.13474331623189e-21 0.000732639700349136 0 6.00454232016691e-10 4.951635071854e-10 2.75252792910256e-12 6.92045761495207e-12 0 0 0.199859821292019 2.67152730182994e-11 1.82790538426076e-08 4.48702209146068e-06 1.69949485020096e-08 8.71618855072897e-15 4.23271216288436e-12 5.40491233431847e-07 1.96822585254869e-14 0.0029085236430212 0 5.17378984731973e-21 4.6829293852914e-14 5.06115258227447e-10 4.93837912473527e-10 5.93836607601629e-11 0 0 5.27459616953994e-21 2.08883199270234e-15 1.38378610369239e-16 
2.81939462100649e-24 3.42654358050032e-12 3.52542903709065e-14 4.72310512742918e-12 3.94070204804747e-17 3.89088630769087e-28 6.13514456225231e-22 1.19784008962533e-32 3.27015722112025e-20 2.27703383483968e-26 7.31730550173522e-19 3.81823976372019e-29 0 0 0 0 8.5145808421059e-20 0 1.46133866641189e-11 1.34512712223507e-13 1.36365668854584e-22 4.44208659664854e-33 6.20060146404316e-12 1.29573391223961e-16 1.00007982996974e-23 5.69900507112919e-29 0 0 0 9.36747270543178e-12 0 0 0 9.02113065648953e-10 9.80884622058713e-28 0 3.89978051888756e-32 0 3.78472137862258e-28 4.2971190922822e-34 
5.20496293603255e-29 4.89367015271817e-29 0 3.06727464151754e-31 2.57789646103017e-29 2.74884545971485e-31 1.41258416284984e-31 1.58051230603574e-29 0 0 4.10902893912308e-16 0 0 0 2.49112120821174e-24 0 8.01142558570334e-31 0 3.76448094940482e-19 0 4.9181960457581e-26 3.42408592278442e-25 1.18118809237593e-21 7.87720193526178e-24 0 4.66886311981404e-19 0 0 1.33118370795133e-22 1.12634111211077e-25 1.78013700667764e-18 6.28602593295822e-28 4.3654595048858e-13 9.69436586689185e-10 2.58281486338725e-26 1.6981580304576e-26 2.17901839323707e-16 2.33683984491751e-14 0 2.38552648161087e-28 
0 0 7.65373784183041e-25 0 0 0 0 1.47924088879369e-18 0 1.06143534697259e-21 1.75927825656468e-34 0 0 1.84294642091941e-29 2.30767399167253e-22 0 0 0 2.32519763564109e-17 2.60122079892565e-18 0 0 0 0 0 0 0 1.780280962389e-31 2.37759524852117e-30 3.22512105810184e-28 1.61186848088353e-32 2.86570518186116e-25 1.69648025378373e-29 0 2.44822973433976e-10 6.09364979430758e-25 2.58187523920681e-14 0 3.42232099031013e-29 3.09006583879614e-27 
1.27267112123282e-24 8.44489414729071e-23 1.42842921839173e-25 4.9480901520699e-18 2.15940515090683e-34 5.18558935720347e-21 9.87135951551236e-14 6.32536253726666e-10 3.67365027724817e-10 1.32982094857668e-28 2.98100652772101e-28 3.99253441907609e-29 5.89445658736556e-14 5.01464093420049e-11 7.01104674272357e-16 4.0017841516088e-29 6.22807210791062e-17 3.10227174538751e-13 8.18898949940395e-14 1.27172682313344e-13 9.54476679335114e-11 4.58778806828612e-11 9.31687527836115e-12 1.39255483974419e-12 3.02953846392574e-15 6.81232670823526e-28 3.24625981029224e-22 3.85784639739699e-19 4.77689382299153e-25 1.40128740542401e-10 1.63073874570385e-12 6.70923528242422e-19 1.10438188299496e-19 2.65334210091752e-26 2.60556466270431e-34 6.3650697944493e-10 2.63592956514665e-22 6.30147254154451e-13 1.83399766352134e-11 1e-09 
0 0 3.06404290712211e-33 9.58801608628987e-32 3.87707159229176e-31 0 0 0 0 8.73410684429414e-27 1.27418017749835e-29 4.55550629858255e-33 1e-09 3.82202890699973e-33 0 0 1.35954884206362e-30 4.30144910893301e-29 8.41715275593413e-29 1.52117850122379e-28 0 0 0 0 0 0 0 0 0 0 0 0 0 0 2.2747836951186e-15 0 8.77849480375238e-20 1.87813896557742e-24 1.09844942708085e-31 0 
1.16775692255997e-16 5.86998047117764e-14 5.83797173378541e-20 8.96602977622942e-16 0 5.91276356819234e-17 4.8070266190572e-33 3.23995491311236e-19 3.64353987133526e-31 4.73449608646159e-25 1.90615838341416e-27 0 0 5.4092717544529e-25 0 0 0 1.90332914587142e-33 0 0 0 5.69530286880303e-28 0 0 0 0 2.05210624571828e-13 1.18898334754113e-21 1.14527119354849e-15 5.04386177202893e-15 2.23599918973184e-12 4.70566439845935e-14 1.13422280783434e-28 0 0 0 0 0 0 7.07696807943291e-26 
0 0 0 0 2.73064769424276e-26 3.34954112724126e-27 0 2.34403895788136e-18 0 0 2.17997039071342e-24 0 6.04733997182544e-34 0 5.04911187863738e-33 5.45335638047875e-16 2.944906185707e-15 4.07416841495887e-34 6.57292907070747e-13 1.9764970488362e-30 8.87767770048249e-10 8.67270890766157e-16 5.56497455711324e-14 6.6653787374618e-16 5.83839712054531e-15 1.12169208000294e-10 2.01771298711806e-18 4.85013386256842e-23 0 2.87247513190557e-20 8.25819630169286e-15 0.0124771197023489 5.54992368495712e-10 1.24454526644134e-16 0 6.263038271465e-29 0 4.4121488584553e-17 3.34417977506767e-18 1.47978031148369e-20 
2.34878078216566e-16 0.000171075840658635 1.7898582883425e-13 3.95532713264017e-05 5.23802821793284e-09 2.82976331169098e-12 2.89186376750678e-17 1.84909396682364e-13 4.3792231623263e-13 3.23702096036083e-15 1.620934807206e-23 9.81310271310356e-11 1.73186817808557e-10 7.98964168246427e-14 1.32088065734143e-20 6.18509519175609e-26 8.17010227240367e-12 6.04257710269904e-13 4.15602291875701e-12 7.12216014751514e-10 3.44381519147664e-31 0 0 0 0 5.29867215903119e-31 0 4.13052372060603e-31 0 1.39024027099006e-31 0 3.53357336421688e-32 0 0 1.26417033377041e-30 2.56606711864666e-31 9.60394991815633e-33 0 0 0 
0 0 6.61830306118896e-34 0 0 0 1.74152181976005e-21 1.07125619034132e-21 1.78151854181317e-10 6.52833920749606e-10 1.69014225066264e-10 0 3.74111784364681e-26 4.55477591068624e-26 1.37750967884885e-28 0 6.4239255847652e-31 0.000320834382938586 9.87709050304502e-13 4.27096534108426e-10 5.72577739548687e-08 3.13470090077574e-10 1.72267305788729e-17 3.42918639211698e-14 7.73864472788079e-09 4.2028041338407e-14 4.28790279007679e-05 2.08508282231658e-22 1.85744059392578e-21 7.33870302805792e-28 1.75071247022409e-16 1.28005085098965e-15 0 0 1.42616519338837e-17 0 5.48865081551523e-23 9.82521369353848e-10 1.74771612622925e-11 8.22496816772174e-26 
8.82558400178607e-32 4.37846727463719e-26 2.89527740908885e-22 1.74315971638696e-20 4.16951600093609e-20 1.49955934904378e-19 1.29482549635421e-23 0 0 0 0 0 0 0 0 0 6.57346803756979e-16 9.9835568913457e-10 0 9.08899148109783e-32 3.53911015069969e-27 0 0 0 2.02726407001337e-20 5.67710068977901e-17 7.10953222480565e-16 6.52461638224093e-13 2.49101943613764e-15 6.66229016850936e-26 9.87932907060813e-13 0 0 1.00699809629248e-23 1.4561232566344e-24 4.38801385664164e-24 1.58359281006902e-32 1.26745712150925e-21 0 5.92269323141992e-26 
9.98206979382609e-10 1.79156679111156e-12 1.45382501177275e-15 0 6.52595346075408e-32 0 2.21272462449592e-14 0 6.88917627963633e-31 9.15882831644145e-29 4.51409852923102e-28 5.78683040731821e-28 1.30503638892209e-30 2.93705841014366e-32 0 0 0 0 1.61341029780802e-13 3.61664412690654e-19 0 1.36966669606146e-18 1.57181377989476e-19 1.80989338798595e-26 7.14718988689214e-18 4.14112586340323e-18 5.16769418021818e-20 1.45008477680731e-22 1.50973060450009e-20 0 1.59434312947934e-22 2.83571611937511e-20 2.15803718818706e-22 1.17881040605166e-18 2.43961895078573e-19 2.74696547086795e-21 4.82580773497045e-24 8.69911437765023e-21 1.51026749280076e-15 1.68175345559822e-11 
1.19949288593639e-27 3.26119756035217e-26 1.21470690961257e-21 5.35130392266715e-16 2.6427547549645e-29 0 7.58250282530451e-30 0 3.15355710992882e-24 0 0 0 0 0 0 0 6.22485495322265e-26 4.19922522118851e-31 3.39357159116125e-33 2.09853778041836e-28 7.32649614319558e-27 0 6.44143584398221e-14 8.16079734038308e-13 1.52647093359421e-15 7.2823959897708e-16 0 6.13700058287063e-28 3.66638569495646e-34 7.02664173191563e-23 1.2453858686654e-23 0 0 0 0 4.61250136230548e-20 8.56107338025726e-22 3.68005587336967e-19 0 0 
2.6758222012009e-16 0 0 0 0 0 0 4.46175457342326e-32 7.5222327373123e-33 4.61889780383454e-10 2.54817859349861e-19 1.04341984154493e-22 6.36713679479977e-14 6.9832085714022e-11 1.83597873606376e-11 2.57373551363967e-12 4.96679908141025e-15 1.13158312997731e-15 0 2.78971470460542e-26 0 4.20385363207981e-23 4.99584839389111e-19 1.17532939850023e-31 2.00504374649922e-23 3.10034525465803e-27 0 1.61730362134868e-10 1.81275208103599e-11 2.23373613801004e-14 3.60155917578587e-18 1.89892490908392e-10 1.11107176274181e-20 5.24448237755044e-24 5.77835359514784e-12 7.17237684990323e-11 0 1.77155075437556e-30 0 0 
0 5.51472570669141e-33 1.77939505771573e-31 1.93263746246759e-30 5.72375976834968e-30 3.4818984634544e-30 0 0 3.74269737333381e-24 6.15845885825756e-10 4.23257860450109e-18 0 0 4.86501083008489e-25 2.2069489531144e-20 0 4.92841550085598e-33 0 0 0 4.9159886540491e-10 1.35642886581014e-05 1.31903297155328e-09 54.5257582538725 0 0 0 0 0 0 0 0 0 0 0 0 0 0 0 0 
0 0 0 0 0 0 0 0 0 0 0 0 0 0 0 0 0 0 0 0 0 0 0 0 0 0 0 0 0 0 0 0 0 0 0.0214236187731772 0 0 0 0 0 
0 0 0 0 0 0 0 0 0 0 0 0 0 0 0 0 0 0 0 3.08597738681317e-05 0 0 0 0 0 0 0 0 0 0 0 0 0 0 0 0 0 0 0 0 
0 0 3.16036796778657e-10 0 0 0 0.0518416225671838 0 0 0 0 0 0 0 0 0 0 0 0 0 0 0 0 0 0 0 0 0 0 0 0 0 0 0 0 0 0 0 0 0 
0 0 0 0 0 0 0 0 0 0 0 0 0 0 0 0 0 0 0 0 0 0 0 0 0 4.96629796958036e-10 0 0 0 0 0 0 0 0 0 0 0 0 0 4.96934974841642e-10 
0 0 0 0 0 0 0 0 0 0 0 0 0 0 0 0 0.0535177523877344 0 0 0 0 0 0 0 0 0 0 0 0 0 0 0 0 0 0 0 0 0 0 0 
0 0 0 0 0 0 0 0 0 0 0.000146834746781245 0.00471044401657901 0 0 0 0 0 0 0 0 0 0 0 0 0 0 0 0 0 0 0 0 0 0 0 0 0 0 0 0 
0 0 0 0 0 0 0 0 0 0 0.012869927455018 0 0 0 0 0.0381000611034553 0 0 0 0 0 0 0 0 0 0 0 0.0266212105284371 0 0 0 0 0 3.01028401887587e-11 0 0 0 0 0 9.96782711349746e-10 
0 0 0 0 0 0 0 0 0 0 0 0.010952860946585 0 0 0 0 0 0 0 0 0 0 0 0 0 0 0 0 9.82113885460294e-10 0 3.84153005331837e-10 0 
<Y>
4.56558014382403e-10 2.27800457568832e-14 5.51435079833677e-11 2.05648646396661e-11 6.24968496366532e-13 3.1456441264377e-14 1.29268960190923e-21 1.41319149854744e-15 2.01352169805107e-10 1.42581126068663e-15 3.77341029494215e-22 0 2.6569939920164e-10 1.75848307215749e-10 4.8838463101603e-22 8.40352896174323e-27 7.75279727278517e-33 0 0 0 0 1.10316953196197e-27 9.79524728827885e-20 2.05383642957992e-18 8.37962211324013e-19 3.65587187444679e-20 2.70798878963886e-26 3.07119518129901e-29 1.41099607449199e-30 1.17431826934906e-21 4.87458147265377e-25 7.18471690992417e-29 0 0 2.22581796179627e-28 5.93577277843992e-25 0 0 2.17067170647829e-23 4.12075844878128e-10 
0 0 0 2.94701145335816e-20 3.87449283935508e-18 3.77540287445085e-17 1.87430961203061e-17 5.57215570738037e-19 1.06736574368568e-21 4.26295915371228e-25 4.12645315546695e-14 2.70783651909039e-10 2.46090034461497e-08 0 1.18059510368437e-29 0 5.43569642451407e-17 4.10723588929437e-12 5.39547947872293e-14 6.437529933503e-21 4.19844173082007e-21 1.84287432923704e-20 4.34992517231083e-18 3.16113996598604e-12 1.24302253675987e-16 2.70983017423291e-21 1.65901732955358e-13 5.74335363343209e-17 4.63319433865605e-22 1.5597773147623e-13 8.32107428629592e-16 8.21663709346927e-14 4.5023840468864e-16 1.23213255851522e-16 1.52126157063796e-21 9.81684854849042e-32 4.82017235151328e-24 5.687496806834e-19 0 0 
0 0 0 0 1.70551360131123e-10 7.97649074412149e-13 3.63992184139247e-11 0 0 3.27848340166788e-17 3.34175968353448e-23 6.93072310888281e-30 0 1.51205421899111e-13 1.62920205311569e-12 7.8688049020525e-10 2.80640240770241e-05 0.0180250090638684 0.015413024765366 2.25749525650562e-33 1.88481638314258e-14 1.27268706364323e-19 8.7937523172456e-27 1.76660078312585e-26 0 4.18744311468521e-10 3.5895415109068e-10 1.59977661619477e-07 4.17268929190189e-16 1.60810002819299e-13 1.56178573603229e-11 9.81709757256182e-14 6.79187731073238e-21 1.32122893456245e-17 2.53776806096122e-12 2.45090303718849e-18 1.98624107944007e-08 5.50424051942046e-29 4.51545938645976e-25 9.8319773080982e-10 
1.02260893210847e-23 0 4.1453685766519e-10 3.8569165772895e-08 0.03514097117846 1.47501196108156e-17 4.78648734451305e-25 2.40534956078974e-14 1.94517358332857e-10 1.30273291313333e-07 9.65523760102804e-10 1.4750120941734e-17 4.78648777638902e-25 2.40534977782368e-14 0 1.58552129968751e-05 2.69479318661656e-08 7.10866963877122e-20 2.05483320399977e-14 3.80655558640426e-15 6.4494163253931e-12 3.99543139964623e-10 3.40104807144072e-27 1.55845287849002e-31 9.85778754891413e-21 3.25832380129363e-06 7.54167202848753e-10 1.32604883034918e-18 3.22009344577939e-11 6.22815471421314e-29 0.0049724938962698 0 4.99036509160426e-06 1.04669993879195e-07 2.20888470455919e-24 3.21945251846566e-17 2.58966914776916e-18 7.73602211540662e-16 1.21439201186797e-16 2.09480132431002e-16 
9.30644514541591e-11 1.3542409548884e-20 5.36303032143099e-15 5.34932727695164e-10 3.08555851118518e-10 3.60579258588169e-11 4.69399700819397e-12 2.94514603084267e-16 7.92708450969248e-23 2.47785105562533e-19 7.88635320423314e-23 9.48854086400617e-34 0 8.66731234308363e-17 1.52847259095687e-13 1.09211941756854e-17 4.78879598122082e-22 2.18459625621986e-20 5.36979297557198e-12 2.72375985120944e-21 1.63816441953011e-12 1.55284867633272e-11 5.67967533216904e-10 5.94251755656558e-11 0 3.7260729121744e-10 3.38578770675802e-11 0.235566048430463 0 3.16114025121332e-12 1.24302264891702e-16 2.70983041873847e-21 1.65901747924559e-13 1.55977745549998e-13 8.32107503710216e-16 8.21663783485163e-14 4.5023844531335e-16 1.23213266968955e-16 4.82017278643588e-24 5.68749732001475e-19 
0 0 1.70551375519448e-10 7.97649146383344e-13 3.63992216981838e-11 0 1.51205435542245e-13 1.62920220011746e-12 7.86880561196444e-10 6.05868601325986e-10 2.28627122062702e-14 1.39302767219432e-10 4.63566445744154e-12 2.12543667030659e-14 4.54911662312171e-15 4.32023412561793e-13 3.23659071033863e-15 3.41151589482284e-19 1.08035814834136e-27 1.12860394260973e-17 3.72534117446439e-11 4.2173639262421e-15 2.38802416780926e-20 9.49069586720394e-20 2.60731632651885e-31 1.27758180826476e-10 1.11724378474149e-28 8.46932190224051e-11 9.7005838335098e-26 3.21750081059952e-23 1.03979157460928e-33 2.18742765806364e-21 4.3003134969901e-24 1.13929419117666e-26 6.09721457494529e-23 1.58452364557734e-23 2.71508600981014e-25 0 1.13077817742274e-26 0 
0 0 1.5926213850269e-22 2.26818705821785e-18 2.46033081855601e-15 6.10134803123224e-12 2.62395477092311e-14 6.91445268396592e-32 0 2.50535939302511e-21 6.48617633017355e-21 1.21355237901097e-19 7.43135591678036e-23 1.6856885002911e-22 0 4.83045743672126e-21 8.21040422151758e-33 6.61153650387078e-22 2.28260733674064e-22 1e-09 6.18933596332956e-16 6.21588873658442e-23 8.1248833871219e-26 2.87410984345703e-30 0 1.10054523870236e-28 8.75734084576714e-25 3.29492606456679e-25 1.71687355942259e-23 1.54981727389169e-13 2.40677776259124e-23 1.97532104184476e-24 5.91331393605208e-12 6.64491622503705e-13 2.47205476781435e-28 0 0 0 1.07221182041638e-28 0 
4.26952362012848e-31 0 0 1.22849179539218e-24 5.00092833951876e-16 1.04848267002187e-21 1.50229295968964e-16 4.9297676744486e-23 1.17103085142519e-26 0 0 0 6.34954072604141e-15 2.96361078730155e-22 9.50149985890689e-31 1.06520474426924e-23 2.58398315007274e-12 2.65531229746972e-17 1.69784029692759e-13 5.180061708606e-13 3.82898239449426e-15 1.48834429659933e-23 1.18780240961712e-10 2.09629640023011e-10 9.67086129642338e-14 9.8892953867898e-12 5.54830185044064e-13 3.81606528891393e-12 6.53957590655407e-10 8.64850531451051e-05 2.68065968523351e-09 2.65726792718126e-26 6.58234254740744e-28 4.87471383757563e-31 0 0 4.89650709039919e-18 3.05240676264733e-26 2.14356422369671e-12 1.52677281289063e-11 
2.55411430686384e-26 7.3986848938065e-27 7.34728736096872e-29 1.85215540683134e-31 0 2.96337476449716e-12 3.81986405411244e-25 2.00979461873875e-25 0 1.51410157323914e-20 5.23773148654735e-18 3.11321311876067e-18 0 0 0 0 1.99216598587015e-12 3.20385424236014e-15 7.82551009188347e-13 2.0106568181122e-15 5.21825210915314e-13 0 0 3.48832568154366e-10 3.45498237689808e-20 6.43672969281337e-16 3.23303385482556e-20 1.14792655674621e-15 0 0 2.46684991027948e-26 2.39994636190342e-12 5.2023203157398e-10 8.50626583408929e-26 0 8.48681120993539e-22 1.27256082383938e-12 3.25901293582686e-06 4.12999214462828e-13 0.00175647371433644 
1.29944781459341e-19 0 2.62649656653104e-07 2.45945230563863e-19 2.25188557185173e-25 1.21900581903715e-14 0 0 0 0 9.09749302343431e-11 2.38966212672762e-14 0 0 0 1.78374750311061e-20 2.62800084821983e-15 0 0 0 2.43914356806928e-23 1.44413288970375e-15 4.63125534117804e-14 4.2784865696805e-21 1.11436794836633e-25 8.81407707991121e-12 0 0 1.04727522844607e-15 1.48541887852293e-13 4.50362744123674e-17 3.84132339024318e-10 1.58240635123408e-16 3.29314055269524e-11 0 4.67073046029623e-30 0 1.73345809851041e-20 1e-09 0 
0 0 8.44548071339391e-29 1.70917595635696e-28 3.52479676426194e-28 0 0 2.20884647494165e-29 0 0 2.96174751090686e-29 0 0 0 9.10093888003537e-29 0 3.16124843496167e-26 1.53445325203247e-26 0 0 2.05584774865363e-12 2.14788776757637e-17 1.37338716282582e-13 4.21731663314726e-13 2.57619967580948e-15 1.20392536007353e-23 1.63170014717326e-10 2.87971054719939e-10 1.32849918846069e-13 1.35850580124559e-11 4.48803545842139e-13 3.08682464157661e-12 5.28987878637198e-10 9.99999999999999e-10 0 0 0 0.000399615159946915 2.85450390413232e-11 0 
0 2.36533151793049e-11 1.71351212833709e-17 6.02815014799163e-15 8.63695899672455e-10 3.14517852818617e-17 7.89299611581315e-06 9.76511905847295e-10 7.54305502155485e-14 9.03474019319533e-23 3.91027940311107e-20 1.01947771452449e-14 1.77690408732619e-22 2.34024687859736e-11 1.94666787053801e-05 6.12301147442299e-14 4.17180621427946e-11 5.62642602055229e-13 3.42312747589823e-08 1.53459787957186e-11 2.43926363062645e-23 5.60075500075361e-18 2.85760805165943e-18 5.18788677318637e-15 1.37550896403163e-08 1.00678639625364e-12 1.06666686164092e-20 5.05054189113156e-16 2.46628886250969e-06 0 4.40150698537059e-09 1.97374418593144e-09 2.08318084948107e-27 2.3372910584746e-22 0.0054521881093015 2.6433405233403e-32 5.40967852311962e-07 0.000384513505734348 5.06001286894127e-33 2.73723450362754e-06 
1.1635445717074e-30 5.35199025570795e-30 6.46199748937231e-31 6.96415009447667e-09 9.95448576567779e-08 5.37249510629069e-14 1.00468804575054e-10 3.5087451371196e-15 5.19202681403794e-05 7.35551999343026e-23 2.13474331623189e-21 0.000732639700349136 0 6.00454232016691e-10 4.951635071854e-10 2.75252792910256e-12 6.92045761495207e-12 0 0 0.199859821292019 2.67152730182994e-11 1.82790538426076e-08 4.48702209146068e-06 1.69949485020096e-08 8.71618855072897e-15 4.23271216288436e-12 5.40491233431847e-07 1.96822585254869e-14 0.0029085236430212 0 5.17378984731973e-21 4.6829293852914e-14 5.06115258227447e-10 4.93837912473527e-10 5.93836607601629e-11 0 0 5.27459616953994e-21 2.08883199270234e-15 1.38378610369239e-16 
2.81939462100649e-24 3.42654358050032e-12 3.52542903709065e-14 4.72310512742918e-12 3.94070204804747e-17 3.89088630769087e-28 6.13514456225231e-22 1.19784008962533e-32 3.27015722112025e-20 2.27703383483968e-26 7.31730550173522e-19 3.81823976372019e-29 0 0 0 0 8.5145808421059e-20 0 1.46133866641189e-11 1.34512712223507e-13 1.36365668854584e-22 4.44208659664854e-33 6.20060146404316e-12 1.29573391223961e-16 1.00007982996974e-23 5.69900507112919e-29 0 0 0 9.36747270543178e-12 0 0 0 9.02113065648953e-10 9.80884622058713e-28 0 3.89978051888756e-32 0 3.78472137862258e-28 4.2971190922822e-34 
5.20496293603255e-29 4.89367015271817e-29 0 3.06727464151754e-31 2.57789646103017e-29 2.74884545971485e-31 1.41258416284984e-31 1.58051230603574e-29 0 0 4.10902893912308e-16 0 0 0 2.49112120821174e-24 0 8.01142558570334e-31 0 3.76448094940482e-19 0 4.9181960457581e-26 3.42408592278442e-25 1.18118809237593e-21 7.87720193526178e-24 0 4.66886311981404e-19 0 0 1.33118370795133e-22 1.12634111211077e-25 1.78013700667764e-18 6.28602593295822e-28 4.3654595048858e-13 9.69436586689185e-10 2.58281486338725e-26 1.6981580304576e-26 2.17901839323707e-16 2.33683984491751e-14 0 2.38552648161087e-28 
0 0 7.65373784183041e-25 0 0 0 0 1.47924088879369e-18 0 1.06143534697259e-21 1.75927825656468e-34 0 0 1.84294642091941e-29 2.30767399167253e-22 0 0 0 2.32519763564109e-17 2.60122079892565e-18 0 0 0 0 0 0 0 1.780280962389e-31 2.37759524852117e-30 3.22512105810184e-28 1.61186848088353e-32 2.86570518186116e-25 1.69648025378373e-29 0 2.44822973433976e-10 6.09364979430758e-25 2.58187523920681e-14 0 3.42232099031013e-29 3.09006583879614e-27 
1.27267112123282e-24 8.44489414729071e-23 1.42842921839173e-25 4.9480901520699e-18 2.15940515090683e-34 5.18558935720347e-21 9.87135951551236e-14 6.32536253726666e-10 3.67365027724817e-10 1.32982094857668e-28 2.98100652772101e-28 3.99253441907609e-29 5.89445658736556e-14 5.01464093420049e-11 7.01104674272357e-16 4.0017841516088e-29 6.22807210791062e-17 3.10227174538751e-13 8.18898949940395e-14 1.27172682313344e-13 9.54476679335114e-11 4.58778806828612e-11 9.31687527836115e-12 1.39255483974419e-12 3.02953846392574e-15 6.81232670823526e-28 3.24625981029224e-22 3.85784639739699e-19 4.77689382299153e-25 1.40128740542401e-10 1.63073874570385e-12 6.70923528242422e-19 1.10438188299496e-19 2.65334210091752e-26 2.60556466270431e-34 6.3650697944493e-10 2.63592956514665e-22 6.30147254154451e-13 1.83399766352134e-11 1e-09 
0 0 3.06404290712211e-33 9.58801608628987e-32 3.87707159229176e-31 0 0 0 0 8.73410684429414e-27 1.27418017749835e-29 4.55550629858255e-33 1e-09 3.82202890699973e-33 0 0 1.35954884206362e-30 4.30144910893301e-29 8.41715275593413e-29 1.52117850122379e-28 0 0 0 0 0 0 0 0 0 0 0 0 0 0 2.2747836951186e-15 0 8.77849480375238e-20 1.87813896557742e-24 1.09844942708085e-31 0 
1.16775692255997e-16 5.86998047117764e-14 5.83797173378541e-20 8.96602977622942e-16 0 5.91276356819234e-17 4.8070266190572e-33 3.23995491311236e-19 3.64353987133526e-31 4.73449608646159e-25 1.90615838341416e-27 0 0 5.4092717544529e-25 0 0 0 1.90332914587142e-33 0 0 0 5.69530286880303e-28 0 0 0 0 2.05210624571828e-13 1.18898334754113e-21 1.14527119354849e-15 5.04386177202893e-15 2.23599918973184e-12 4.70566439845935e-14 1.13422280783434e-28 0 0 0 0 0 0 7.07696807943291e-26 
0 0 0 0 2.73064769424276e-26 3.34954112724126e-27 0 2.34403895788136e-18 0 0 2.17997039071342e-24 0 6.04733997182544e-34 0 5.04911187863738e-33 5.45335638047875e-16 2.944906185707e-15 4.07416841495887e-34 6.57292907070747e-13 1.9764970488362e-30 8.87767770048249e-10 8.67270890766157e-16 5.56497455711324e-14 6.6653787374618e-16 5.83839712054531e-15 1.12169208000294e-10 2.01771298711806e-18 4.85013386256842e-23 0 2.87247513190557e-20 8.25819630169286e-15 0.0124771197023489 5.54992368495712e-10 1.24454526644134e-16 0 6.263038271465e-29 0 4.4121488584553e-17 3.34417977506767e-18 1.47978031148369e-20 
2.34878078216566e-16 0.000171075840658635 1.7898582883425e-13 3.95532713264017e-05 5.23802821793284e-09 2.82976331169098e-12 2.89186376750678e-17 1.84909396682364e-13 4.3792231623263e-13 3.23702096036083e-15 1.620934807206e-23 9.81310271310356e-11 1.73186817808557e-10 7.98964168246427e-14 1.32088065734143e-20 6.18509519175609e-26 8.17010227240367e-12 6.04257710269904e-13 4.15602291875701e-12 7.12216014751514e-10 3.44381519147664e-31 0 0 0 0 5.29867215903119e-31 0 4.13052372060603e-31 0 1.39024027099006e-31 0 3.53357336421688e-32 0 0 1.26417033377041e-30 2.56606711864666e-31 9.60394991815633e-33 0 0 0 
0 0 6.61830306118896e-34 0 0 0 1.74152181976005e-21 1.07125619034132e-21 1.78151854181317e-10 6.52833920749606e-10 1.69014225066264e-10 0 3.74111784364681e-26 4.55477591068624e-26 1.37750967884885e-28 0 6.4239255847652e-31 0.000320834382938586 9.87709050304502e-13 4.27096534108426e-10 5.72577739548687e-08 3.13470090077574e-10 1.72267305788729e-17 3.42918639211698e-14 7.73864472788079e-09 4.2028041338407e-14 4.28790279007679e-05 2.08508282231658e-22 1.85744059392578e-21 7.33870302805792e-28 1.75071247022409e-16 1.28005085098965e-15 0 0 1.42616519338837e-17 0 5.48865081551523e-23 9.82521369353848e-10 1.74771612622925e-11 8.22496816772174e-26 
8.82558400178607e-32 4.37846727463719e-26 2.89527740908885e-22 1.74315971638696e-20 4.16951600093609e-20 1.49955934904378e-19 1.29482549635421e-23 0 0 0 0 0 0 0 0 0 6.57346803756979e-16 9.9835568913457e-10 0 9.08899148109783e-32 3.53911015069969e-27 0 0 0 2.02726407001337e-20 5.67710068977901e-17 7.10953222480565e-16 6.52461638224093e-13 2.49101943613764e-15 6.66229016850936e-26 9.87932907060813e-13 0 0 1.00699809629248e-23 1.4561232566344e-24 4.38801385664164e-24 1.58359281006902e-32 1.26745712150925e-21 0 5.92269323141992e-26 
9.98206979382609e-10 1.79156679111156e-12 1.45382501177275e-15 0 6.52595346075408e-32 0 2.21272462449592e-14 0 6.88917627963633e-31 9.15882831644145e-29 4.51409852923102e-28 5.78683040731821e-28 1.30503638892209e-30 2.93705841014366e-32 0 0 0 0 1.61341029780802e-13 3.61664412690654e-19 0 1.36966669606146e-18 1.57181377989476e-19 1.80989338798595e-26 7.14718988689214e-18 4.14112586340323e-18 5.16769418021818e-20 1.45008477680731e-22 1.50973060450009e-20 0 1.59434312947934e-22 2.83571611937511e-20 2.15803718818706e-22 1.17881040605166e-18 2.43961895078573e-19 2.74696547086795e-21 4.82580773497045e-24 8.69911437765023e-21 1.51026749280076e-15 1.68175345559822e-11 
1.19949288593639e-27 3.26119756035217e-26 1.21470690961257e-21 5.35130392266715e-16 2.6427547549645e-29 0 7.58250282530451e-30 0 3.15355710992882e-24 0 0 0 0 0 0 0 6.22485495322265e-26 4.19922522118851e-31 3.39357159116125e-33 2.09853778041836e-28 7.32649614319558e-27 0 6.44143584398221e-14 8.16079734038308e-13 1.52647093359421e-15 7.2823959897708e-16 0 6.13700058287063e-28 3.66638569495646e-34 7.02664173191563e-23 1.2453858686654e-23 0 0 0 0 4.61250136230548e-20 8.56107338025726e-22 3.68005587336967e-19 0 0 
2.6758222012009e-16 0 0 0 0 0 0 4.46175457342326e-32 7.5222327373123e-33 4.61889780383454e-10 2.54817859349861e-19 1.04341984154493e-22 6.36713679479977e-14 6.9832085714022e-11 1.83597873606376e-11 2.57373551363967e-12 4.96679908141025e-15 1.13158312997731e-15 0 2.78971470460542e-26 0 4.20385363207981e-23 4.99584839389111e-19 1.17532939850023e-31 2.00504374649922e-23 3.10034525465803e-27 0 1.61730362134868e-10 1.81275208103599e-11 2.23373613801004e-14 3.60155917578587e-18 1.89892490908392e-10 1.11107176274181e-20 5.24448237755044e-24 5.77835359514784e-12 7.17237684990323e-11 0 1.77155075437556e-30 0 0 
0 5.51472570669141e-33 1.77939505771573e-31 1.93263746246759e-30 5.72375976834968e-30 3.4818984634544e-30 0 0 3.74269737333381e-24 6.15845885825756e-10 4.23257860450109e-18 0 0 4.86501083008489e-25 2.2069489531144e-20 0 4.92841550085598e-33 0 0 0 4.9159886540491e-10 1.35642886581014e-05 1.31903297155328e-09 54.5257582538725 0 0 0 0 0 0 0 0 0 0 0 0 0 0 0 0 
0 0 0 0 0 0 0 0 0 0 0 0 0 0 0 0 0 0 0 0 0 0 0 0 0 0 0 0 0 0 0 0 0 0 0.0214236187731772 0 0 0 0 0 
0 0 0 0 0 0 0 0 0 0 0 0 0 0 0 0 0 0 0 3.08597738681317e-05 0 0 0 0 0 0 0 0 0 0 0 0 0 0 0 0 0 0 0 0 
0 0 3.16036796778657e-10 0 0 0 0.0518416225671838 0 0 0 0 0 0 0 0 0 0 0 0 0 0 0 0 0 0 0 0 0 0 0 0 0 0 0 0 0 0 0 0 0 
0 0 0 0 0 0 0 0 0 0 0 0 0 0 0 0 0 0 0 0 0 0 0 0 0 4.96629796958036e-10 0 0 0 0 0 0 0 0 0 0 0 0 0 4.96934974841642e-10 
0 0 0 0 0 0 0 0 0 0 0 0 0 0 0 0 0.0535177523877344 0 0 0 0 0 0 0 0 0 0 0 0 0 0 0 0 0 0 0 0 0 0 0 
0 0 0 0 0 0 0 0 0 0 0.000146834746781245 0.00471044401657901 0 0 0 0 0 0 0 0 0 0 0 0 0 0 0 0 0 0 0 0 0 0 0 0 0 0 0 0 
0 0 0 0 0 0 0 0 0 0 0.012869927455018 0 0 0 0 0.0381000611034553 0 0 0 0 0 0 0 0 0 0 0 0.0266212105284371 0 0 0 0 0 3.01028401887587e-11 0 0 0 0 0 9.96782711349746e-10 
0 0 0 0 0 0 0 0 0 0 0 0.010952860946585 0 0 0 0 0 0 0 0 0 0 0 0 0 0 0 0 9.82113885460294e-10 0 3.84153005331837e-10 0 
<XY>
4.56558014383812e-10 2.27800457568832e-14 5.51435079833883e-11 2.05648646396689e-11 6.24968496366534e-13 3.1456441264377e-14 1.29268960190923e-21 1.41319149854744e-15 2.01352169805381e-10 1.42581126068663e-15 3.77341029494215e-22 0 2.65699399202117e-10 1.75848307215752e-10 4.8838463101603e-22 8.40352896174323e-27 7.75279727278517e-33 0 0 0 0 1.10316953196197e-27 9.79524728827885e-20 2.05383642957992e-18 8.37962211324013e-19 3.65587187444679e-20 2.70798878963886e-26 3.07119518129901e-29 1.41099607449199e-30 1.17431826934906e-21 4.87458147265377e-25 7.18471690992417e-29 0 0 2.22581796179627e-28 5.93577277843992e-25 0 0 2.17067170647829e-23 4.1207584487811e-10 
0 0 0 2.94701145335816e-20 3.87449283935508e-18 3.77540287445085e-17 1.87430961203061e-17 5.57215570738037e-19 1.06736574368568e-21 4.26295915371228e-25 4.12645315546695e-14 2.70783651909039e-10 2.46090034461497e-08 0 1.18059510368437e-29 0 5.43569642451407e-17 4.10723588929437e-12 5.39547947872293e-14 6.437529933503e-21 4.19844173082007e-21 1.84287432923704e-20 4.34992517231083e-18 3.16113996598601e-12 1.24302253675987e-16 2.70983017423291e-21 1.65901732955358e-13 5.74335363343209e-17 4.63319433865605e-22 1.55977731476229e-13 8.32107428629592e-16 8.21663709346927e-14 4.5023840468864e-16 1.23213255851522e-16 1.52126157063796e-21 9.81684854849042e-32 4.82017235151328e-24 5.687496806834e-19 0 0 
0 0 0 0 1.70551360131023e-10 7.97649074412146e-13 3.63992184139201e-11 0 0 3.27848340166788e-17 3.34175968353448e-23 6.93072310888281e-30 0 1.51205421899111e-13 1.62920205311568e-12 7.86880490203115e-10 2.80640240751814e-05 0.0180250090620694 0.0154130247744747 2.25749525650562e-33 1.88481638314258e-14 1.27268706364323e-19 8.7937523172456e-27 1.76660078312585e-26 0 4.18744311467499e-10 3.58954151089929e-10 1.59977661619477e-07 4.17268929190189e-16 1.60810002819299e-13 1.56178573603229e-11 9.81709757256182e-14 6.79187731073238e-21 1.32122893456245e-17 2.53776806096122e-12 2.45090303718849e-18 1.98624107944007e-08 5.50424051942046e-29 4.51545938645976e-25 9.8319773081008e-10 
1.02260893210847e-23 0 4.1453685766519e-10 3.85691657728951e-08 0.0351409711779909 1.47501196108156e-17 4.78648734451305e-25 2.40534956078974e-14 1.94517358332637e-10 1.30273291313334e-07 9.65523760092585e-10 1.4750120941734e-17 4.78648777638902e-25 2.40534977782368e-14 0 1.58552129968818e-05 2.69479318661657e-08 7.10866963877122e-20 2.05483320399977e-14 3.80655558640426e-15 6.44941632539191e-12 3.99543139964682e-10 3.40104807144072e-27 1.55845287849002e-31 9.85778754891418e-21 3.2583238012941e-06 7.54167202848691e-10 1.32604883034918e-18 3.22009344577643e-11 6.22815471421314e-29 0.00497249389627053 0 4.99036509160538e-06 1.04669993879196e-07 2.20888470455919e-24 3.21945251846566e-17 2.58966914776916e-18 7.73602211540662e-16 1.21439201186797e-16 2.09480132431002e-16 
9.30644514541792e-11 1.3542409548884e-20 5.36303032143099e-15 5.34932727695829e-10 3.0855585111874e-10 3.60579258588199e-11 4.69399700819402e-12 2.94514603084267e-16 7.92708450969248e-23 2.47785105562533e-19 7.88635320423314e-23 9.48854086400617e-34 0 8.66731234308363e-17 1.52847259095687e-13 1.09211941756854e-17 4.78879598122082e-22 2.18459625621986e-20 5.36979297557205e-12 2.72375985120944e-21 1.63816441953012e-12 1.55284867633278e-11 5.67967533217866e-10 5.94251755656663e-11 0 3.72607291217854e-10 3.38578770675676e-11 0.235566048430178 0 3.16114025121343e-12 1.24302264891702e-16 2.70983041873847e-21 1.6590174792456e-13 1.55977745549999e-13 8.32107503710216e-16 8.21663783485164e-14 4.5023844531335e-16 1.23213266968955e-16 4.82017278643588e-24 5.68749732001475e-19 
0 0 1.70551375519771e-10 7.97649146383351e-13 3.63992216981985e-11 0 1.51205435542245e-13 1.62920220011749e-12 7.86880561203334e-10 6.0586860132596e-10 2.28627122062702e-14 1.39302767219431e-10 4.63566445744154e-12 2.12543667030659e-14 4.54911662312171e-15 4.32023412561793e-13 3.23659071033863e-15 3.41151589482284e-19 1.08035814834136e-27 1.12860394260973e-17 3.72534117446438e-11 4.2173639262421e-15 2.38802416780926e-20 9.49069586720394e-20 2.60731632651885e-31 1.27758180826475e-10 1.11724378474149e-28 8.46932190224046e-11 9.7005838335098e-26 3.21750081059952e-23 1.03979157460928e-33 2.18742765806364e-21 4.3003134969901e-24 1.13929419117666e-26 6.09721457494529e-23 1.58452364557734e-23 2.71508600981014e-25 0 1.13077817742274e-26 0 
0 0 1.5926213850269e-22 2.26818705821785e-18 2.46033081855601e-15 6.10134803123216e-12 2.62395477092311e-14 6.91445268396592e-32 0 2.50535939302511e-21 6.48617633017355e-21 1.21355237901097e-19 7.43135591678036e-23 1.6856885002911e-22 0 4.83045743672126e-21 0 6.61153650387078e-22 2.28260733674064e-22 1.00000000000005e-09 6.18933596332956e-16 6.21588873658442e-23 8.1248833871219e-26 2.87410984345703e-30 0 1.10054523870236e-28 8.75734084576714e-25 3.29492606456679e-25 1.71687355942259e-23 1.54981727389169e-13 2.40677776259124e-23 1.97532104184476e-24 5.91331393605202e-12 6.64491622503704e-13 2.47205476781435e-28 0 0 0 1.07221182041638e-28 0 
4.26952362012848e-31 0 0 1.22849179539218e-24 5.00092833951876e-16 1.04848267002187e-21 1.50229295968964e-16 4.9297676744486e-23 1.17103085142519e-26 0 0 0 6.34954072604141e-15 2.96361078730155e-22 9.50149985890689e-31 1.06520474426924e-23 2.58398315007288e-12 2.65531229746972e-17 1.69784029692759e-13 5.18006170860605e-13 3.82898239449427e-15 1.48834429659933e-23 1.18780240962002e-10 2.09629640023915e-10 9.67086129642339e-14 9.88929538679181e-12 5.5483018504407e-13 3.81606528891423e-12 6.53957590664206e-10 8.64850531453075e-05 2.68065968523352e-09 2.65726792718126e-26 6.58234254740744e-28 4.87471383757563e-31 0 0 4.89650709039919e-18 3.05240676264733e-26 2.14356422369671e-12 1.52677281289063e-11 
2.55411430686384e-26 7.3986848938065e-27 7.34728736096872e-29 1.85215540683134e-31 0 2.96337476449716e-12 3.81986405411244e-25 2.00979461873875e-25 0 1.51410157323914e-20 5.23773148654735e-18 3.11321311876067e-18 0 0 0 0 1.99216598587015e-12 3.20385424236014e-15 7.82551009188347e-13 2.0106568181122e-15 5.21825210915314e-13 0 0 3.48832568154366e-10 3.45498237689808e-20 6.43672969281337e-16 3.23303385482556e-20 1.14792655674621e-15 0 0 2.46684991027948e-26 2.39994636190342e-12 5.20232031573981e-10 8.50626583408929e-26 0 8.48681120993539e-22 1.27256082383938e-12 3.25901293580108e-06 4.12999214462828e-13 0.00175647370698287 
1.29944781459341e-19 0 2.62649656653106e-07 2.45945230563863e-19 2.25188557185173e-25 1.21900581903715e-14 0 0 0 0 9.09749302343431e-11 2.38966212672762e-14 0 0 0 1.78374750311061e-20 2.62800084821983e-15 0 0 0 2.43914356806928e-23 1.44413288970375e-15 4.63125534117804e-14 4.2784865696805e-21 1.11436794836633e-25 8.81407707990899e-12 0 0 1.04727522844607e-15 1.48541887852293e-13 4.50362744123674e-17 3.84132339024318e-10 1.58240635123408e-16 3.29314055269522e-11 0 4.67073046029623e-30 0 1.73345809851041e-20 1e-09 0 
0 0 8.44548071339391e-29 1.70917595635696e-28 3.52479676426194e-28 0 0 2.20884647494165e-29 0 0 2.96174751090686e-29 0 0 0 9.10093888003537e-29 0 3.16124843496167e-26 1.53445325203247e-26 0 0 2.05584774865366e-12 2.14788776757637e-17 1.37338716282582e-13 4.21731663314727e-13 2.57619967580948e-15 1.20392536007353e-23 1.63170014717493e-10 2.87971054720461e-10 1.32849918846069e-13 1.35850580124571e-11 4.4880354584214e-13 3.08682464157667e-12 5.2898787863896e-10 1.0000000000004e-09 0 0 0 0.000399615159972734 2.85450390413232e-11 0 
0 2.36533151793049e-11 1.71351212833709e-17 6.02815014799163e-15 8.63695899672455e-10 3.14517852818617e-17 7.89299611582325e-06 9.76511905848783e-10 7.54305502155485e-14 9.03474019319533e-23 3.91027940311107e-20 1.01947771452449e-14 1.77690408732619e-22 2.34024687859744e-11 1.94666787053374e-05 6.12301147442298e-14 4.17180621427946e-11 5.62642602055225e-13 3.42312747589822e-08 1.53459787957186e-11 2.43926363062645e-23 5.60075500075361e-18 2.85760805165943e-18 5.18788677318637e-15 1.37550896403163e-08 1.00678639625364e-12 1.06666686164092e-20 5.05054189113156e-16 2.466288862509e-06 0 4.40150698537059e-09 1.97374418593144e-09 2.08318084948107e-27 2.3372910584746e-22 0.00545218810674607 2.6433405233403e-32 5.40967852311962e-07 0.000384513505721638 5.06001286894127e-33 2.7372345036271e-06 
1.1635445717074e-30 5.35199025570795e-30 6.46199748937231e-31 6.96415009447666e-09 9.95448576567779e-08 5.37249510629069e-14 1.00468804575054e-10 3.5087451371196e-15 5.19202681402659e-05 7.35551999343026e-23 2.13474331623189e-21 0.000732639700303213 0 6.00454232016825e-10 4.95163507185383e-10 2.75252792910256e-12 6.92045761495207e-12 0 0 0.199859821291621 2.67152730182952e-11 1.82790538426076e-08 4.48702209146123e-06 1.69949485020096e-08 8.71618855072897e-15 4.23271216288385e-12 5.40491233431859e-07 1.96822585254869e-14 0.00290852364302458 0 5.17378984731973e-21 4.6829293852914e-14 5.06115258226182e-10 4.93837912472323e-10 5.93836607601633e-11 0 0 5.27459616953994e-21 2.08883199270234e-15 1.38378610369239e-16 
2.81939462100649e-24 3.42654358050032e-12 3.52542903709065e-14 4.72310512742918e-12 3.94070204804747e-17 3.89088630769087e-28 6.13514456225231e-22 1.19784008962533e-32 3.27015722112025e-20 2.27703383483968e-26 7.31730550173522e-19 3.81823976372019e-29 0 0 0 0 8.5145808421059e-20 0 1.46133866641189e-11 1.34512712223507e-13 1.36365668854584e-22 4.44208659664854e-33 6.20060146404316e-12 1.29573391223961e-16 1.00007982996974e-23 5.69900507112919e-29 0 0 0 9.36747270543179e-12 0 0 0 9.02113065649059e-10 9.80884622058713e-28 0 3.89978051888756e-32 0 3.78472137862258e-28 4.2971190922822e-34 
5.20496293603255e-29 4.89367015271817e-29 0 3.06727464151754e-31 2.57789646103017e-29 2.74884545971485e-31 1.41258416284984e-31 1.58051230603574e-29 0 0 4.10902893999211e-16 0 0 0 2.49112120821174e-24 0 8.01142558570334e-31 0 3.76448094940555e-19 0 4.9181960457581e-26 3.42408592278442e-25 1.18118809237593e-21 7.87720193526178e-24 0 4.66886311981516e-19 0 0 1.33118370795133e-22 1.12634111211077e-25 1.78013700667927e-18 6.28602593295822e-28 4.36546048575709e-13 9.69920786297831e-10 2.58281486338725e-26 1.6981580304576e-26 2.17901839348145e-16 2.33683987302421e-14 0 2.38552648161087e-28 
0 0 7.65373784183041e-25 0 0 0 0 1.47924088879482e-18 0 1.06143534697259e-21 0 0 0 1.84294642091941e-29 2.30767399167253e-22 0 0 0 2.32519763566891e-17 2.60122079892913e-18 0 0 0 0 0 0 0 1.780280962389e-31 2.37759524852117e-30 3.22512105810184e-28 1.61186848088353e-32 2.86570518186116e-25 1.69648025378373e-29 0 2.4482297343397e-10 6.09364979430758e-25 2.58187523920681e-14 0 3.42232099031013e-29 3.09006583879614e-27 
1.27267112123282e-24 8.44489414729071e-23 1.42842921839173e-25 4.9480901520699e-18 0 5.18558935720347e-21 9.87135951551236e-14 6.32536253727357e-10 3.6736502772505e-10 1.32982094857668e-28 2.98100652772101e-28 3.99253441907609e-29 5.89445658736556e-14 5.01464093420067e-11 7.01104674272357e-16 4.0017841516088e-29 6.22807210791062e-17 3.10227174538751e-13 8.18898949940395e-14 1.27172682313344e-13 9.54476679335181e-11 4.58778806828628e-11 9.31687527836121e-12 1.39255483974419e-12 3.02953846392574e-15 6.81232670823526e-28 3.24625981029224e-22 3.85784639739699e-19 4.77689382299153e-25 1.40128740542416e-10 1.63073874570385e-12 6.70923528242422e-19 1.10438188299496e-19 2.65334210091752e-26 2.60556466270431e-34 6.36506979445228e-10 2.63592956514665e-22 6.30147254154451e-13 1.83399766352137e-11 1e-09 
0 0 3.06404290712211e-33 9.58801608628987e-32 3.87707159229176e-31 0 0 0 0 8.73410684429414e-27 1.27418017749835e-29 4.55550629858255e-33 1e-09 3.82202890699973e-33 0 0 1.35954884206362e-30 4.30144910893301e-29 8.41715275593413e-29 1.52117850122379e-28 0 0 0 0 0 0 0 0 0 0 0 0 0 0 2.2747836951186e-15 0 8.77849480375238e-20 1.87813896557742e-24 1.09844942708085e-31 0 
1.16775692255997e-16 5.86998047117764e-14 5.83797173378541e-20 8.96602977622942e-16 0 5.91276356819234e-17 4.8070266190572e-33 3.23995491311236e-19 3.64353987133526e-31 4.73449608646159e-25 1.90615838341416e-27 0 0 5.4092717544529e-25 0 0 0 1.90332914587142e-33 0 0 0 5.69530286880303e-28 0 0 0 0 2.05210624571828e-13 1.18898334754113e-21 1.14527119354849e-15 5.04386177202893e-15 2.23599918973184e-12 4.70566439845935e-14 1.13422280783434e-28 0 0 0 0 0 0 7.07696807943291e-26 
0 0 0 0 2.73064769424276e-26 3.34954112724126e-27 0 2.34403895788136e-18 0 0 2.17997039071342e-24 0 6.04733997182544e-34 0 5.04911187863738e-33 5.45335638047875e-16 2.944906185707e-15 0 6.57292907070747e-13 1.9764970488362e-30 8.87767770046522e-10 8.67270890766157e-16 5.56497455711324e-14 6.6653787374618e-16 5.83839712054531e-15 1.12169208000267e-10 2.01771298711806e-18 4.85013386256842e-23 0 2.87247513190557e-20 8.25819630169286e-15 0.0124771197024126 5.54992368495629e-10 1.24454526644134e-16 0 6.263038271465e-29 0 4.4121488584553e-17 3.34417977506767e-18 1.47978031148369e-20 
2.34878078216566e-16 0.000171075840658683 1.7898582883425e-13 3.95532713264729e-05 5.23802821793285e-09 2.82976331169092e-12 2.89186376750678e-17 1.84909396682364e-13 4.37922316232629e-13 3.23702096036083e-15 1.620934807206e-23 9.81310271309641e-11 1.73186817808334e-10 7.98964168246427e-14 1.32088065734143e-20 6.18509519175609e-26 8.17010227240317e-12 6.04257710269901e-13 4.15602291875688e-12 7.12216014747751e-10 3.44381519147664e-31 0 0 0 0 5.29867215903119e-31 0 4.13052372060603e-31 0 1.39024027099006e-31 0 3.53357336421688e-32 0 0 1.26417033377041e-30 2.56606711864666e-31 9.60394991815633e-33 0 0 0 
0 0 6.61830306118896e-34 0 0 0 1.74152181976005e-21 1.07125619034132e-21 1.78151854181379e-10 6.52833920750433e-10 1.69014225066319e-10 0 3.74111784364681e-26 4.55477591068624e-26 1.37750967884885e-28 0 6.4239255847652e-31 0.000320834382937895 9.87709050304497e-13 4.27096534108426e-10 5.72577739548688e-08 3.13470090077574e-10 1.72267305788729e-17 3.42918639211698e-14 7.73864472788079e-09 4.20280413384069e-14 4.28790279007563e-05 2.08508282231658e-22 1.85744059392578e-21 7.33870302805792e-28 1.75071247022409e-16 1.28005085098965e-15 0 0 1.42616519338837e-17 0 5.48865081551523e-23 9.82521369357831e-10 1.74771612622937e-11 8.22496816772174e-26 
8.82558400178607e-32 4.37846727463719e-26 2.89527740908885e-22 1.74315971638696e-20 4.16951600093609e-20 1.49955934904378e-19 1.29482549635421e-23 0 0 0 0 0 0 0 0 0 6.57346803756979e-16 9.98355689133009e-10 0 9.08899148109783e-32 3.53911015069969e-27 0 0 0 2.02726407001337e-20 5.67710068977901e-17 7.10953222480565e-16 6.52461638224093e-13 2.49101943613764e-15 6.66229016850936e-26 9.87932907060812e-13 0 0 1.00699809629248e-23 1.4561232566344e-24 4.38801385664164e-24 1.58359281006902e-32 1.26745712150925e-21 0 5.92269323141992e-26 
9.9820697937893e-10 1.79156679111155e-12 1.45382501177275e-15 0 6.52595346075408e-32 0 2.21272462449592e-14 0 6.88917627963633e-31 9.15882831644145e-29 4.51409852923102e-28 5.78683040731821e-28 1.30503638892209e-30 2.93705841014366e-32 0 0 0 0 1.61341029780802e-13 3.61664412690654e-19 0 1.36966669606146e-18 1.57181377989476e-19 1.80989338798595e-26 7.14718988689214e-18 4.14112586340323e-18 5.16769418021818e-20 1.45008477680731e-22 1.50973060450009e-20 0 1.59434312947934e-22 2.83571611937511e-20 2.15803718818706e-22 1.17881040605166e-18 2.43961895078573e-19 2.74696547086795e-21 4.82580773497045e-24 8.69911437765023e-21 1.51026749280076e-15 1.68175345559827e-11 
1.19949288593639e-27 3.26119756035217e-26 1.21470690961257e-21 5.35130392266715e-16 2.6427547549645e-29 0 7.58250282530451e-30 0 3.15355710992882e-24 0 0 0 0 0 0 0 6.22485495322265e-26 4.19922522118851e-31 3.39357159116125e-33 2.09853778041836e-28 7.32649614319558e-27 0 6.44143584398221e-14 8.16079734038309e-13 1.52647093359421e-15 7.2823959897708e-16 0 6.13700058287063e-28 3.66638569495646e-34 7.02664173191563e-23 1.2453858686654e-23 0 0 0 0 4.61250136230548e-20 8.56107338025726e-22 3.68005587336967e-19 0 0 
2.6758222012009e-16 0 0 0 0 0 0 4.46175457342326e-32 7.5222327373123e-33 4.61889780384036e-10 2.54817859349861e-19 1.04341984154493e-22 6.36713679479977e-14 6.98320857140353e-11 1.83597873606385e-11 2.57373551363969e-12 4.96679908141025e-15 1.13158312997731e-15 0 2.78971470460542e-26 0 4.20385363207981e-23 4.99584839389111e-19 1.17532939850023e-31 2.00504374649922e-23 3.10034525465803e-27 0 1.61730362134939e-10 1.81275208103608e-11 2.23373613801004e-14 3.60155917578587e-18 1.8989249090849e-10 1.11107176274181e-20 5.24448237755044e-24 5.77835359514793e-12 7.17237684990464e-11 0 1.77155075437556e-30 0 0 
0 5.51472570669141e-33 1.77939505771573e-31 1.93263746246759e-30 5.72375976834968e-30 3.4818984634544e-30 0 0 3.74269737333381e-24 6.15845885825581e-10 4.23257860450109e-18 0 0 4.86501083008489e-25 2.2069489531144e-20 0 4.92841550085598e-33 0 0 0 4.91598865404936e-10 1.35642886581095e-05 1.31903297155328e-09 54.5257582538089 0 0 0 0 0 0 0 0 0 0 0 0 0 0 0 0 
0 0 0 0 0 0 0 0 0 0 0 0 0 0 0 0 0 0 0 0 0 0 0 0 0 0 0 0 0 0 0 0 0 0 0.0214236187730847 0 0 0 0 0 
0 0 0 0 0 0 0 0 0 0 0 0 0 0 0 0 0 0 0 3.08597738681828e-05 0 0 0 0 0 0 0 0 0 0 0 0 0 0 0 0 0 0 0 0 
0 0 3.16036796770112e-10 0 0 0 0.0518416225672629 0 0 0 0 0 0 0 0 0 0 0 0 0 0 0 0 0 0 0 0 0 0 0 0 0 0 0 0 0 0 0 0 0 
0 0 0 0 0 0 0 0 0 0 0 0 0 0 0 0 0 0 0 0 0 0 0 0 0 4.96629796957183e-10 0 0 0 0 0 0 0 0 0 0 0 0 0 4.96934974840552e-10 
0 0 0 0 0 0 0 0 0 0 0 0 0 0 0 0 0.0535177523877171 0 0 0 0 0 0 0 0 0 0 0 0 0 0 0 0 0 0 0 0 0 0 0 
0 0 0 0 0 0 0 0 0 0 0.000146834746783449 0.0047104440165415 0 0 0 0 0 0 0 0 0 0 0 0 0 0 0 0 0 0 0 0 0 0 0 0 0 0 0 0 
0 0 0 0 0 0 0 0 0 0 0.0128699274550463 0 0 0 0 0.0381000611060592 0 0 0 0 0 0 0 0 0 0 0 0.0266212105280896 0 0 0 0 0 2.96186404800697e-11 0 0 0 0 0 9.96782711349562e-10 
0 0 0 0 0 0 0 0 0 0 0 0.0109528609467822 0 0 0 0 0 0 0 0 0 0 0 0 0 0 0 0 9.82113885462084e-10 0 3.84153005331768e-10 0 
<XU>
0 0 0 0 0 0 0 0 0 0 0 0 0 0 0 0 0 0 0 0 0 0 0 0 0 0 0 0 0 0 0 0 0 0 0 0 0 0 0 0 
0 0 0 0 0 0 0 0 0 0 0 0 0 0 0 0 0 0 0 0 0 0 0 0 0 0 0 0 0 0 0 0 0 0 0 0 0 0 0 0 
0 0 0 0 0 0 0 0 0 0 0 0 0 0 0 0 0 0 0 0 0 0 0 0 0 0 0 0 0 0 0 0 0 0 0 0 0 0 0 0 
0 0 0 0 0 0 0 0 0 0 0 0 0 0 0 0 0 0 0 0 0 0 0 0 0 0 0 0 0 0 0 0 0 0 0 0 0 0 0 0 
0 0 0 0 0 0 0 0 0 0 0 0 0 0 0 0 0 0 0 0 0 0 0 0 0 0 0 0 0 0 0 0 0 0 0 0 0 0 0 0 
0 0 0 0 0 0 0 0 0 0 0 0 0 0 0 0 0 0 0 0 0 0 0 0 0 0 0 0 0 0 0 0 0 0 0 0 0 0 0 0 
0 0 0 0 0 0 0 0 0 0 0 0 0 0 0 0 0 0 0 0 0 0 0 0 0 0 0 0 0 0 0 0 0 0 0 0 0 0 0 0 
0 0 0 0 0 0 0 0 0 0 0 0 0 0 0 0 0 0 0 0 0 0 0 0 0 0 0 0 0 0 0 0 0 0 0 0 0 0 0 0 
0 0 0 0 0 0 0 0 0 0 0 0 0 0 0 0 0 0 0 0 0 0 0 0 0 0 0 0 0 0 0 0 0 0 0 0 0 0 0 0 
0 0 0 0 0 0 0 0 0 0 0 0 0 0 0 0 0 0 0 0 0 0 0 0 0 0 0 0 0 0 0 0 0 0 0 0 0 0 0 0 
0 0 0 0 0 0 0 0 0 0 0 0 0 0 0 0 0 0 0 0 0 0 0 0 0 0 0 0 0 0 0 0 0 0 0 0 0 0 0 0 
0 0 0 0 0 0 0 0 0 0 0 0 0 0 0 0 0 0 0 0 0 0 0 0 0 0 0 0 0 0 0 0 0 0 0 0 0 0 0 0 
0 0 0 0 0 0 0 0 0 0 0 0 0 0 0 0 0 0 0 0 0 0 0 0 0 0 0 0 0 0 0 0 0 0 0 0 0 0 0 0 
0 0 0 0 0 0 0 0 0 0 0 0 0 0 0 0 0 0 0 0 0 0 0 0 0 0 0 0 0 0 0 0 0 0 0 0 0 0 0 0 
0 0 0 0 0 0 0 0 0 0 0 0 0 0 0 0 0 0 0 0 0 0 0 0 0 0 0 0 0 0 0 0 0 0 0 0 0 0 0 0 
0 0 0 0 0 0 0 0 0 0 0 0 0 0 0 0 0 0 0 0 0 0 0 0 0 0 0 0 0 0 0 0 0 0 0 0 0 0 0 0 
0 0 0 0 0 0 0 0 0 0 0 0 0 0 0 0 0 0 0 0 0 0 0 0 0 0 0 0 0 0 0 0 0 0 0 0 0 0 0 0 
0 0 0 0 0 0 0 0 0 0 0 0 0 0 0 0 0 0 0 0 0 0 0 0 0 0 0 0 0 0 0 0 0 0 0 0 0 0 0 0 
0 0 0 0 0 0 0 0 0 0 0 0 0 0 0 0 0 0 0 0 0 0 0 0 0 0 0 0 0 0 0 0 0 0 0 0 0 0 0 0 
0 0 0 0 0 0 0 0 0 0 0 0 0 0 0 0 0 0 0 0 0 0 0 0 0 0 0 0 0 0 0 0 0 0 0 0 0 0 0 0 
0 0 0 0 0 0 0 0 0 0 0 0 0 0 0 0 0 0 0 0 0 0 0 0 0 0 0 0 0 0 0 0 0 0 0 0 0 0 0 0 
0 0 0 0 0 0 0 0 0 0 0 0 0 0 0 0 0 0 0 0 0 0 0 0 0 0 0 0 0 0 0 0 0 0 0 0 0 0 0 0 
0 0 0 0 0 0 0 0 0 0 0 0 0 0 0 0 0 0 0 0 0 0 0 0 0 0 0 0 0 0 0 0 0 0 0 0 0 0 0 0 
0 0 0 0 0 0 0 0 0 0 0 0 0 0 0 0 0 0 0 0 0 0 0 0 0 0 0 0 0 0 0 0 0 0 0 0 0 0 0 0 
0 0 0 0 0 0 0 0 0 0 0 0 0 0 0 0 0 0 0 0 0 0 0 0 0 0 0 0 0 0 0 0 0 0 0 0 0 0 0 0 
0 0 0 0 0 0 0 0 0 0 0 0 0 0 0 0 0 0 0 0 0 0 0 0 0 0 0 0 0 0 0 0 0 0 0 0 0 0 0 0 
0 0 0 0 0 0 0 0 0 0 0 0 0 0 0 0 0 0 0 0 0 0 0 0 0 0 0 0 0 0 0 0 0 0 0 0 0 0 0 0 
0 0 0 0 0 0 0 0 0 0 0 0 0 0 0 0 0 0 0 0 0 0 0 0 0 0 0 0 0 0 0 0 0 0 0 0 0 0 0 0 
0 0 0 0 0 0 0 0 0 0 0 0 0 0 0 0 0 0 0 0 0 0 0 0 0 0 0 0 0 0 0 0 0 0 0 0 0 0 0 0 
0 0 0 0 0 0 0 0 0 0 0 0 0 0 0 0 0 0 0 0 0 0 0 0 0 0 0 0 0 0 0 0 0 0 0 0 0 0 0 0 
0 0 0 0 0 0 0 0 0 0 0 0 0 0 0 0 0 0 0 0 0 0 0 0 0 0 0 0 0 0 0 0 0 0 0 0 0 0 0 0 
0 0 0 0 0 0 0 0 0 0 0 0 0 0 0 0 0 0 0 0 0 0 0 0 0 0 0 0 0 0 0 0 0 0 0 0 0 0 0 0 
0 0 0 0 0 0 0 0 0 0 0 0 0 0 0 0 0 0 0 0 0 0 0 0 0 0 0 0 0 0 0 0 0 0 0 0 0 0 0 0 
0 0 0 0 0 0 0 0 0 0 0 0 0 0 0 0 0 0 0 0 0 0 0 0 0 0 0 0 0 0 0 0 0 0 0 0 0 0 0 0 
0 0 0 0 0 0 0 0 0 0 0 0 0 0 0 0 0 0 0 0 0 0 0 0 0 0 0 0 0 0 0 0 
<MU>
-8.46888561001226e-21 1.31133384004573e-29 -1.23544411805166e-22 -1.71825562551501e-23 -1.5869164208549e-26 -4.02030236834126e-29 2.18590140587973e-43 -8.11418334523759e-32 -1.64721304514084e-21 -8.12588324175315e-32 -5.59769370895154e-45 0 -2.86824005490232e-21 -1.53268229114925e-23 -1.16391687589088e-46 -1.48791260048311e-55 -2.2394979651043e-67 0 0 0 0 -5.94488026852981e-58 -4.6819715402093e-42 -2.05839936164678e-39 -3.42646873747348e-40 -6.52198523962035e-43 -3.57961599633318e-55 1.61245014274595e-58 -1.20656418126035e-63 -7.54334084222386e-46 -6.9420322503615e-52 -2.76431422719026e-59 0 0 -2.42017380096801e-59 -1.72023281419473e-52 0 0 -2.29926203864174e-49 1.0692508496211e-22 
0 0 0 7.35086470570854e-46 1.0264307321258e-41 7.42772593418193e-40 1.25930273451445e-40 6.08004168366769e-44 3.77976954228962e-50 -2.35278249489625e-56 5.428842075765e-34 4.03570108233916e-27 -1.26417716523144e-22 0 1.6240948511491e-64 0 1.7214318200569e-39 2.63468612892457e-30 -1.8813790656913e-35 1.06639489068149e-47 1.48326302034757e-47 2.86616793518225e-46 1.08370697458155e-41 2.07083484212208e-25 3.20180083635918e-34 1.52163190060472e-43 5.70359928013407e-28 2.85732357966675e-34 3.27408585153515e-44 5.04177212068255e-28 1.43488406308757e-32 1.39908086031182e-28 4.20084124331266e-33 3.14606402170781e-34 2.00464475075835e-43 1.46985574121063e-63 4.46471355425451e-48 6.21598849158774e-38 0 0 
0 0 0 0 6.02777912809045e-22 1.31845453626547e-26 2.74559579361234e-23 0 0 2.29812159118824e-35 2.4611344098704e-47 1.09021693931616e-60 0 4.73797361422353e-28 5.50057205602041e-26 1.28312755725259e-20 1.10773623070984e-14 1.08148669623626e-11 -5.47577978245396e-11 1.78598007906944e-67 1.24496531905825e-29 5.67627816895299e-40 2.71000518987875e-54 3.28109024165721e-53 0 6.14495933897816e-21 4.51539620868356e-21 9.3996055667172e-23 6.10168866266222e-33 -1.32956417371791e-32 -3.87759228501518e-29 -2.41281329326729e-33 7.90841987881443e-42 2.99271622832307e-35 -1.67520055062051e-30 1.02981918513792e-36 4.78060506134116e-25 -3.3761097936523e-59 -2.27209130484812e-51 -1.56502571895658e-21 
-6.19930225454331e-51 0 1.67679255543399e-27 -7.7029132481624e-22 2.820169732425e-12 4.5084481475675e-36 4.74743268867437e-51 1.19894117403156e-29 1.32597293039325e-21 -8.7491459126876e-21 6.14332104981811e-20 -1.45546828936235e-35 -1.53267087152273e-50 -3.87049370518317e-29 0 -4.03126670669585e-17 -1.82814751659345e-22 3.33010112026888e-40 2.78248075438295e-29 2.48413047906548e-30 7.13099625252798e-24 -3.55260270898872e-22 -3.57905897518371e-47 -7.5150290673109e-56 -3.00678394200684e-34 -2.77628717885234e-18 3.74076903854174e-22 2.31299069879715e-39 1.77764757460908e-22 4.30713101559501e-60 -4.38224026362363e-15 0 -6.75854512930423e-18 -5.86325377428331e-21 4.59370702345154e-50 -1.15501044760142e-35 -7.47326734132562e-38 1.66424306172956e-33 4.10109198260467e-35 1.22030017265812e-34 
-1.20916290358227e-22 -2.56059724016002e-42 -4.01563086427038e-31 -3.99498827173192e-21 -1.32918288900457e-21 -1.81517562517949e-23 -3.07611653513795e-25 -1.21098493470382e-33 9.89571702274834e-46 9.66874170416247e-39 -8.75642393551019e-47 -1.2728882936967e-68 0 -1.05321854124054e-34 -3.26173664452821e-28 -1.66525998094807e-36 -3.20186239144841e-45 -1.33258107050931e-41 -4.02569123176134e-25 -1.04452802492116e-43 -3.74655663585551e-26 -3.36647597970003e-24 -5.78520544729863e-21 -6.33310444569641e-23 0 -2.4898576730852e-21 7.55434323878525e-23 1.71289672058653e-12 0 -6.68485966265245e-25 -1.03364062994442e-33 -4.91246056346093e-43 -1.84123851150962e-27 -1.62753389727346e-27 -4.63194763840471e-32 -4.51641780436173e-28 -1.35610097736e-32 -1.01559688457276e-33 2.42894627222022e-48 3.38169168534625e-38 
0 0 -1.94589159743449e-21 -4.25631451342983e-26 -8.86320251196274e-23 0 -1.5294652139836e-27 -1.7756393329997e-25 -4.14213429368408e-20 1.56663306602351e-22 2.22812038030484e-31 8.28189872168119e-24 9.17137487258144e-27 1.92799911038671e-31 8.8321139504091e-33 7.96268298307245e-29 4.46814634026295e-33 2.00024862403569e-38 3.6033587733825e-58 4.68427649835275e-38 5.91568874566928e-25 7.57681225379709e-33 2.42779937162201e-43 7.68603346299982e-42 1.15981661545719e-64 6.96176444966523e-24 4.59371226128628e-60 3.06129492792448e-24 1.24803438789527e-52 1.37378697459386e-47 1.25970678126513e-68 6.34597277503717e-44 2.45404374363909e-49 1.72247859047241e-54 4.93332468955776e-47 3.33172285155708e-48 9.78212660817256e-52 0 2.36180188493303e-53 0 
0 0 3.36393235002242e-46 6.82701988265922e-38 8.03251992881768e-32 4.9397817603842e-25 9.13608688815635e-30 1.26887559730873e-64 0 8.32874575342559e-44 5.58223461666667e-43 1.954220371994e-40 7.32840660021441e-47 5.24858258933306e-45 0 4.30986122611027e-42 2.40081557589487e-65 8.07404093778598e-44 6.9142392238797e-46 -2.90340395006113e-22 3.99815341770825e-33 4.03549734862014e-47 3.0028927839115e-52 6.65245539259466e-61 0 1.26492080608216e-58 8.0096507008255e-51 1.13383392958461e-51 6.15287317447671e-48 2.50687301768801e-28 6.05010042919821e-48 4.07536005911124e-50 3.64949871682831e-25 4.60840208265892e-27 6.38257924696968e-58 0 0 0 2.09091665963293e-57 0 
3.31552326550431e-62 0 0 1.55731034841309e-50 2.59542977889368e-33 1.14813029839536e-44 2.35536735068713e-34 2.53811093973399e-47 1.43213315787414e-54 0 0 0 4.20770215023658e-31 9.17322334039535e-46 1.86844317418851e-62 1.18510460033588e-48 -8.25909909373115e-25 -8.72143948840765e-35 -3.56573295009715e-27 -3.319126158359e-26 -1.81351521365966e-30 1.05760641650716e-47 -1.7451934664508e-21 -5.43577507321154e-21 -1.15687739661255e-27 -1.20972023930371e-23 -3.80779448370711e-26 -1.80129533249898e-24 -5.28997297416624e-20 -1.21652429053605e-15 -4.94670825478215e-23 5.58810105747005e-58 1.51840865322057e-56 1.66552461552982e-62 0 0 -1.89876299815432e-40 -7.10015430786217e-58 -3.40097816020537e-29 -1.60464815044715e-27 
5.16286963061503e-58 4.33247933725365e-59 4.27266090635425e-63 2.7152896218326e-68 0 -6.18796366578304e-29 9.17433651078585e-56 1.88273408505374e-56 0 3.93009119612364e-41 4.70303704207016e-36 -6.41863788933651e-41 0 0 0 0 -2.94139967930406e-29 2.70805823472377e-36 2.24278616196231e-35 -3.10289784993386e-35 -7.18194409946055e-32 0 0 -8.69757078230817e-25 6.29801981772702e-46 4.05793277090621e-39 1.79197199627091e-40 -8.72053590217071e-35 0 0 4.78596538092476e-58 -3.96776928669097e-29 -1.86372719153766e-24 5.70845845509425e-57 0 3.72896433881629e-49 -2.40044761037703e-29 1.54989005380263e-16 2.53400666469752e-30 4.4206843975234e-11 
1.18349716020897e-39 0 -1.7524112999234e-20 3.98618593857463e-39 3.34175893471423e-51 9.79243194268101e-30 0 0 0 0 8.37096947238218e-28 -3.51206581485128e-35 0 0 0 -7.07918922182291e-43 -1.53680672815516e-32 0 0 0 3.9160394862685e-49 1.37218469803245e-33 3.67711741657747e-28 3.13827545271814e-42 4.25791445352613e-51 1.33187376853433e-23 0 0 -6.44545197325418e-35 -1.30249075328717e-30 -2.95348823779541e-38 3.85605674797313e-26 4.02185630118383e-35 1.74156511597787e-24 0 3.60040460943919e-62 0 1.94381597206007e-42 -1.11398040945196e-24 0 
0 0 1.01544327683562e-61 4.15892808551979e-61 1.76879281356988e-60 0 0 -5.06560141938759e-62 0 0 1.20254521659408e-62 0 0 0 1.15732664999826e-61 0 -1.04284181794136e-55 -2.45080798244459e-56 0 0 -1.59924324550646e-25 -1.74569224861101e-35 -7.13714530120986e-28 -6.72987367234327e-27 -2.51128153748168e-31 1.93645813563436e-47 -1.00744045951338e-21 -3.13790206291628e-21 -6.6783215392537e-28 -6.98326704504323e-24 -7.62158404803518e-27 -3.60542589006886e-25 -1.05883237066637e-20 -2.43356536213101e-21 0 0 0 -1.55214882424282e-13 -1.21389917362782e-27 0 
0 -6.8591651043631e-28 5.03363764296777e-35 6.2298133810322e-30 -9.21832168980068e-25 1.69588676555719e-34 -6.07059777676635e-17 -8.94671348495941e-21 -5.33839277275402e-29 1.32281412333545e-45 2.47789192432132e-40 -9.75160558974062e-31 5.11674819848819e-45 -5.13844730693773e-24 2.56487005644617e-16 1.31388222780064e-28 2.76754960365297e-28 2.08615682120174e-26 6.02516419963919e-22 9.95701187954714e-29 3.92105274442276e-47 2.06717200809364e-36 1.39996468934846e-36 4.61415383461358e-30 7.81495033837624e-23 6.6733742786009e-28 1.49739063780691e-43 4.37306949375743e-32 4.10192341017104e-18 0 7.81057789760527e-24 5.4296360330073e-25 -4.83529785028953e-56 -6.08725168092547e-46 1.53622608276865e-11 5.72399572090773e-69 -3.00142698229482e-22 7.64121833758021e-14 2.09748059580963e-70 2.65341480145127e-18 
1.08705105602309e-65 2.2533419999646e-64 3.21704373370134e-66 1.27437373424907e-23 -1.06853773445484e-22 2.21225465865924e-32 -2.77150019023179e-27 -6.62785663817413e-36 6.82023708141938e-16 4.28948686644344e-50 3.53889710686191e-47 2.7607132162364e-13 0 -8.02378996353722e-22 9.94734416526788e-23 1.36843471338343e-27 8.66291494093199e-27 0 0 2.39716418705726e-12 2.50113502699337e-23 -1.7299422429826e-22 -3.27336782834761e-18 -7.33532673967409e-23 1.30245665306443e-29 3.07147404467341e-24 -7.70425589157056e-20 6.64138371688614e-29 -2.0311001088329e-14 0 7.94429135457262e-43 6.50832082002736e-29 7.6020152347754e-21 7.23760488934271e-21 -2.74940513682437e-24 0 0 -2.17199955512576e-44 -3.40408323732111e-33 1.24694227342776e-33 
1.04145920115354e-48 -9.15413491727355e-27 -9.69213265314702e-31 -1.70727804438609e-26 -1.2111375928586e-36 9.85845863797587e-57 2.45109293776305e-44 4.90849940535249e-65 1.82501770074236e-40 -4.65457470274046e-55 -4.49059310150164e-40 -6.10017795837557e-61 0 0 0 0 -4.34293533277473e-42 0 -1.66609719409878e-25 -1.41212146244446e-29 -2.90013596177924e-47 -6.15581772275034e-68 -2.99860565686446e-26 -2.04770019210673e-36 5.35815016293462e-50 1.11108889388377e-57 0 0 0 -6.84149557067911e-26 0 0 0 -6.34715594401925e-22 -2.97700226861239e-48 0 -4.70569358959189e-57 0 -4.43211622562405e-49 -5.71344556521171e-61 
-8.38259717017353e-51 -7.40990603070551e-51 0 -2.911043144142e-55 -2.05624213643884e-51 -2.33799707106658e-55 -6.17407611966373e-56 -7.72928065590316e-52 0 0 -5.22422308438082e-25 0 0 0 -1.9201406066956e-41 0 -1.98592535216723e-54 0 -4.3848376812398e-31 0 -7.48436546988033e-45 -3.627710501244e-43 -4.31699389185384e-36 -1.91993825664819e-40 0 -6.74474596614942e-31 0 0 -5.48301332515719e-38 -3.9253933883984e-44 -9.80505809509285e-30 -1.22263169639163e-48 -5.89662401564294e-19 -2.91082333177155e-12 -2.06409588393623e-45 -8.92276633891058e-46 -1.46914650490431e-25 -1.68966739011025e-21 0 -1.76080707181595e-49 
0 0 -1.81255191677862e-42 0 0 0 0 -6.77050588283533e-30 0 -3.486024265966e-36 -9.57662284844599e-62 0 0 -1.050917762244e-51 -1.64775343094916e-37 0 0 0 -1.67287333683783e-27 -2.09361947566358e-29 0 0 0 0 0 0 0 -9.8066439855748e-56 -1.74911821380842e-53 -3.2183654382341e-49 -8.03900909202587e-58 -2.54100975208807e-43 -8.90514369885642e-52 0 3.94210728566558e-23 1.27319333294428e-49 1.14282363649439e-28 0 -1.21576700164591e-59 -9.91176827239458e-56 
-1.68133733910976e-50 -7.40316968949349e-47 -2.11956784494681e-52 -2.54340843790016e-37 -4.84381011555613e-70 -2.79136192705855e-43 -1.01154423746917e-28 -4.15348667746929e-21 -1.40103386619083e-21 -1.83567340405256e-58 -9.2243342731589e-58 -1.65465063475613e-59 -1.54343416974536e-29 -1.11320949284511e-23 1.50499474151779e-32 1.61273611992523e-58 -1.71753687525581e-35 -4.26096228173326e-28 -2.96898935427076e-29 -7.16080014022971e-29 -4.03299662604442e-23 -9.31759666993344e-24 -3.84271143430974e-25 -8.58463471146762e-27 -4.06326437317513e-32 1.57067614357159e-55 1.7600093902673e-44 2.48563647172352e-38 -1.03709589826051e-51 -8.69367517397583e-23 -1.17745312520728e-26 -3.98553105287593e-39 -1.61991237579969e-40 -1.24672188568558e-53 -1.80337765025682e-69 -1.79361586294397e-21 -3.1580612458106e-46 -1.7578499355085e-27 -1.48900109010956e-24 -2.73495458844574e-23 
0 0 -1.12650398846017e-70 -1.10306076977644e-67 -1.80363417279161e-66 0 0 0 0 -9.55585341584426e-58 -2.07656071449605e-63 -2.5448529178335e-70 -3.31040971458619e-24 1.75881072272218e-70 0 0 2.22547085912862e-65 2.22773216175782e-62 8.53031223386191e-62 2.78609538775066e-61 0 0 0 0 0 0 0 0 0 0 0 0 0 0 5.71694281050052e-33 0 8.50582517906005e-42 3.89159821004811e-51 1.33980354905572e-65 0 
1.50586117328812e-35 3.82870815625558e-30 2.28360968477308e-40 8.88145255487499e-34 0 3.86189730791179e-36 2.57027676270152e-68 1.15940102132581e-40 1.47642156713144e-64 1.50192115312244e-50 6.26928110232726e-55 0 0 3.27449761313426e-52 0 0 0 4.05035215278695e-69 0 0 0 3.62827108486145e-58 0 0 0 0 4.65024550374213e-29 1.57193966579798e-45 1.44806853179245e-33 2.82818387330613e-32 5.55675832697893e-27 2.44580500534262e-30 1.43081701524775e-59 0 0 0 0 0 0 5.60349733410357e-54 
0 0 0 0 8.34444517073354e-55 1.25525363796809e-56 0 9.68405754938544e-39 0 0 1.15013918502423e-50 0 1.12559166097762e-69 0 2.83607950091915e-68 3.28556043160518e-34 9.58132552273398e-33 1.84657660425551e-70 4.77192856028252e-28 4.34486037496799e-63 1.03846979783015e-20 9.91031809129936e-33 4.08052579345757e-29 5.85378021774278e-33 4.49131681653057e-31 1.65783898389072e-22 -1.78902445739072e-40 -1.39482783186183e-49 0 -4.84911470088689e-44 -1.01106165316706e-33 -3.83121695431083e-13 4.99291493590216e-22 2.48696248696068e-35 0 6.47265423701219e-60 0 6.2812953601069e-36 5.42135142771818e-38 1.41646298267526e-42 
-4.11663574869502e-38 -2.89275835632045e-16 -3.5069163591739e-32 -4.28146832232849e-16 -1.47461716383552e-23 3.57182614694238e-25 3.73023047261946e-35 1.52511646779776e-27 8.55426420441139e-27 4.67388416563926e-31 5.6764261370848e-47 4.29534094111549e-22 1.33786424998302e-21 2.84730781964283e-28 1.55648405970236e-41 5.11917338447195e-52 2.97743649063083e-24 1.62867504616318e-26 7.70452613452376e-25 2.26261621001089e-20 -1.38481061417011e-63 0 0 0 0 -3.27827065825318e-63 0 -1.99214500800458e-63 0 -2.25678628729848e-64 0 -1.45793757568368e-65 0 0 -1.86607006937225e-62 -7.68880471722042e-64 -1.07703205677813e-66 0 0 0 
0 0 6.9979047509355e-68 0 0 0 -3.54150754288098e-44 -1.34006798142987e-44 -3.70134334180903e-22 -4.97042959194229e-21 -3.3315385452467e-22 0 -1.6342680746197e-53 -2.42244847724912e-53 3.03154017150277e-57 0 -4.81849933079793e-63 4.1592581973811e-15 3.41882185090376e-26 -8.70847041395193e-26 -4.00749760747163e-22 -2.09912146456181e-26 5.08763411585075e-35 2.01600526940817e-28 -1.33774448065127e-23 3.02821783445719e-28 6.97675376479047e-17 -4.84468464989754e-46 -3.84459266119101e-44 -1.33633509508963e-56 -7.60309365503885e-34 -4.06461816103961e-32 0 0 -5.04098848368189e-36 0 -1.49457406657503e-46 -2.39466557119077e-20 -7.57717409450288e-24 6.37063261969161e-53 
7.33299849581957e-65 1.80533718253062e-53 7.89381550611529e-46 2.86136637626425e-42 1.63705358777665e-41 2.11744150978199e-40 1.57867083996461e-48 0 0 0 0 0 0 0 0 0 4.06891754634447e-33 9.38503809243623e-21 0 1.55581247489848e-64 4.71765049045918e-55 0 0 0 3.87010359572002e-42 3.0345563440367e-35 4.759353352144e-33 4.00833206747019e-27 5.84246062048082e-32 4.17881838147069e-53 9.18955850293475e-27 0 0 9.54929217489085e-49 1.99668725355009e-50 1.8132178114898e-49 5.56440940185887e-66 3.56564796107221e-44 0 7.78332826949209e-53 
2.21158070479132e-20 7.1239757730118e-26 4.69127640618345e-32 0 -4.75211471998176e-65 0 -5.46291002091163e-30 0 -5.2949184420869e-63 -9.35859918675107e-59 -2.27341861028169e-57 -3.7361575632531e-57 -1.90018220909983e-62 -9.62457370558585e-66 0 0 0 0 -2.9023528529073e-28 -1.45738081858881e-39 0 -2.09041085764148e-38 -2.75311419503567e-40 -3.65280974755884e-54 -5.69183523521764e-37 -1.91084244131376e-37 -2.97569192289256e-41 -2.34308197273299e-46 -5.07944103317727e-42 0 1.39187968873752e-45 -8.95956651866391e-42 -5.18894827850373e-46 -1.54830229315805e-38 -6.63159768196884e-40 -8.40788793840192e-44 -2.59493738871718e-49 -8.44284794281937e-43 -2.54481902571551e-32 -3.15561548846785e-24 
-1.60518085108014e-56 -1.18188886674536e-53 -1.64185703085349e-44 -3.18655825689797e-33 3.82431737071252e-59 0 9.21618367069928e-60 0 1.5941406845001e-48 0 0 0 0 0 0 0 -8.63495831953363e-53 -3.9294789674125e-63 -3.8495546583016e-67 -1.47208697844692e-57 -1.79431790736019e-54 0 -4.62325055177272e-29 -7.42091618131371e-27 -2.59644841982621e-32 -5.90908665037135e-33 0 -3.70095860034303e-57 -1.23251531582369e-69 -5.17646798922768e-47 2.486179020179e-47 0 0 0 0 -2.3704713038174e-41 -8.16616634845445e-45 -1.50893459795346e-39 0 0 
-7.97786472646317e-34 0 0 0 0 0 0 -2.22090455592864e-65 -6.31265386695081e-67 -3.49876316212717e-21 -1.0649396304655e-39 -3.57102485113674e-46 -6.64874860517415e-29 -7.9973824435399e-23 -5.52806487379174e-24 -1.08633973899456e-25 -4.04567525954328e-31 -2.09999129354808e-32 0 2.54081793514377e-52 0 2.73991589874995e-46 3.86954428815836e-38 4.50996854236905e-63 1.31250606049284e-46 -1.58771745942275e-55 0 -4.28977908489843e-22 -5.38934045218084e-24 -8.18331974591486e-30 -4.25453829275281e-37 -5.91371522005018e-22 1.91392124553509e-41 -4.54323600843667e-49 -5.47578259823186e-25 -8.43653483491969e-23 0 8.72592612070229e-63 0 0 
0 8.46106049182606e-68 8.80838599551511e-65 1.03902733670341e-62 9.11304656194001e-62 3.37215558828834e-62 0 0 3.89686009766325e-50 1.05488984055833e-21 4.98185061869984e-38 0 0 2.63330359414352e-51 5.41885572443152e-42 0 6.7577356307854e-68 0 0 0 -1.56337135772522e-22 -4.85340187420673e-17 4.58948253905554e-25 3.82360814974775e-10 0 0 0 0 0 0 0 0 0 0 0 0 0 0 0 0 
0 0 0 0 0 0 0 0 0 0 0 0 0 0 0 0 0 0 0 0 0 0 0 0 0 0 0 0 0 0 0 0 0 0 5.56166224094802e-13 0 0 0 0 0 
0 0 0 0 0 0 0 0 0 0 0 0 0 0 0 0 0 0 0 -3.07605680189771e-16 0 0 0 0 0 0 0 0 0 0 0 0 0 0 0 0 0 0 0 0 
0 0 5.13694763488281e-20 0 0 0 -4.75635319595236e-13 0 0 0 0 0 0 0 0 0 0 0 0 0 0 0 0 0 0 0 0 0 0 0 0 0 0 0 0 0 0 0 0 0 
0 0 0 0 0 0 0 0 0 0 0 0 0 0 0 0 0 0 0 0 0 0 0 0 0 5.13371156711603e-21 0 0 0 0 0 0 0 0 0 0 0 0 0 6.55185063833631e-21 
0 0 0 0 0 0 0 0 0 0 0 0 0 0 0 0 1.04527491240626e-13 0 0 0 0 0 0 0 0 0 0 0 0 0 0 0 0 0 0 0 0 0 0 0 
0 0 0 0 0 0 0 0 0 0 -1.32461982406334e-14 2.25518289434069e-13 0 0 0 0 0 0 0 0 0 0 0 0 0 0 0 0 0 0 0 0 0 0 0 0 0 0 0 0 
0 0 0 0 0 0 0 0 0 0 -1.69877971104709e-13 0 0 0 0 -1.56532149161314e-11 0 0 0 0 0 0 0 0 0 0 0 2.08956297799349e-12 0 0 0 0 0 -2.80395938054367e-15 0 0 0 0 0 1.10428003098388e-21 
0 0 0 0 0 0 0 0 0 0 0 -1.18577213679002e-12 0 0 0 0 0 0 0 0 0 0 0 0 0 0 0 0 -1.07617651133684e-20 0 4.10460614577527e-22 0 
<EMU>
8.29168678319818e-12 4.13737788131528e-16 1.00158006428077e-12 3.73494526809828e-13 1.13507804927967e-14 5.71304099690548e-16 2.34772500704442e-23 2.5668496187807e-17 3.65703065423837e-12 2.58967757028841e-17 6.85490020920036e-24 1.00032460291215e-48 4.82599179810183e-12 3.19386365239243e-12 8.8702722063883e-24 1.52625577306745e-28 1.40796278521413e-34 2.05425885926134e-42 7.51310222703385e-52 3.16950841145457e-81 7.67961350358957e-95 2.0035233619994e-29 1.77916581651049e-21 3.73052012565464e-20 1.52202745062394e-20 6.64011680055114e-22 4.91829992202173e-28 5.57768267716782e-31 2.56265002671145e-32 2.13273254397735e-23 8.85313185983833e-27 1.30475929995052e-30 1.96364966707245e-37 6.75612618805633e-46 4.04254877609273e-30 1.07810079678845e-26 1.23215068359027e-54 1.4710177168927e-43 3.94217059454753e-25 7.4843784194243e-12 
9.26245588245169e-95 1.61544482827443e-49 7.05350101495729e-71 5.35208527044515e-22 7.03667912351627e-20 6.85689416493205e-19 3.4040535975061e-19 1.01192407065141e-20 1.93820450587272e-23 7.7401861599093e-27 7.49495513709106e-16 4.9183497841166e-12 4.46965978375477e-10 1.51434423026295e-78 2.14400248666426e-31 3.66648413214756e-39 9.87238463165079e-19 7.45989410592289e-14 9.79901998561224e-16 1.16919868964007e-22 7.6255232655515e-23 3.34725125344134e-22 7.90012892387848e-20 5.74110707733189e-14 2.25739106304423e-18 4.92043470545558e-23 3.01327756586844e-15 1.04314662709821e-18 8.41314195543949e-24 2.83308947398309e-15 1.51154620289659e-17 1.49230935218754e-15 8.17746259345214e-18 2.23780702200224e-18 2.7629909582384e-23 1.78281462360399e-33 8.75430845538684e-26 1.03301309389239e-20 2.85586955988755e-95 8.20173593610236e-91 
4.13410661842919e-48 3.70576718433229e-56 3.20668792215128e-63 5.22725203225131e-51 3.09776860614391e-12 1.44884052398379e-14 6.61102194313231e-13 1.06793523662867e-53 1.48829044686288e-50 5.95478194832106e-19 6.06844508685081e-25 1.25847727831205e-31 1.29334851271069e-50 2.74638081864356e-15 2.95923475283993e-14 1.42914416416699e-11 5.09641749897914e-07 0.000327382546824609 0.000279931272140905 4.09976279541696e-35 3.42328276125239e-16 2.31143360510303e-21 1.59705575134054e-28 3.20868560138537e-28 2.41183114630267e-36 7.60549623413754e-12 6.51917725506511e-12 2.90540258196772e-09 7.57856604403899e-18 2.92063586690516e-15 2.83648572477954e-13 1.78296389246907e-15 1.23351258432858e-22 2.3995887195227e-19 4.60919375316508e-14 4.45111216718659e-20 3.60753371173928e-10 9.9965474701174e-31 8.2000043859194e-27 1.78577832551253e-11 
1.85712770639852e-25 1.78831477300122e-41 7.52883851342376e-12 7.00442413369594e-10 0.000638233629050795 2.67906551685905e-19 8.69398486399398e-27 4.36891277618028e-16 3.53303171919651e-12 2.36612623330721e-09 1.75364658437301e-11 2.67906575859557e-19 8.69398564846471e-27 4.36891317039401e-16 4.55652167347539e-41 2.87971963942656e-07 4.89444041115141e-10 1.29107179350112e-21 3.73201701938278e-16 6.91359732925231e-17 1.17137866151597e-13 7.25670766399186e-12 6.17394080240813e-29 2.82936037064785e-33 1.78960617236064e-22 5.91814307776442e-08 1.36978333414461e-11 2.4080764669701e-20 5.84829178540663e-13 1.13113231908574e-30 9.03172894976033e-05 1.23210645404741e-50 9.06377441172899e-08 1.90109527458554e-09 4.01168387330536e-26 5.84751070243424e-19 4.7029956733098e-20 1.40507927449369e-17 2.20546259693644e-18 3.80486219956437e-18 
1.69010312827583e-12 2.45915681674664e-22 9.73991454507912e-17 9.71566459559563e-12 5.60441300787763e-12 6.54918271624224e-13 8.52582074881505e-14 5.34869227610612e-18 1.43962257278118e-24 4.50002104053506e-21 1.43208927117787e-24 1.7228324550769e-35 7.86350431465884e-46 1.57400848450987e-18 2.77597787217284e-15 1.98340728089128e-19 8.69897031911173e-24 3.96695063652529e-22 9.75216120339072e-14 4.94590662607758e-23 2.97549210666596e-14 2.82025341586483e-13 1.03149999731681e-11 1.07926675279158e-12 3.72379278985065e-48 6.76782869658188e-12 6.14846485125523e-13 0.00427818687220772 2.92046009443677e-95 5.74110759536083e-14 2.25739126673185e-18 4.9204351494334e-23 3.01327783776095e-15 2.83308972961712e-15 1.51154633928565e-17 1.49230948684091e-15 8.1774633313172e-18 2.23780722392302e-18 8.75430924530265e-26 1.03301318710287e-20 
2.85586955988755e-95 8.20173667615717e-91 3.09776888566018e-12 1.4488406547149e-14 6.61102253965501e-13 1.29334862941152e-50 2.74638106645373e-15 2.95923501985624e-14 1.42914429312087e-11 1.10036975644384e-11 4.15244923930457e-16 2.53024007949424e-12 8.42054404772324e-14 3.86104160003919e-16 8.26407094189987e-17 7.84650712171137e-15 5.87837342633029e-17 6.19609880456435e-21 1.96197410082985e-29 2.04971177819156e-19 6.76637574033426e-13 7.66019963619657e-17 4.33739647496337e-22 1.72361578739308e-21 4.73504113296539e-33 2.32044729289535e-12 2.02911667214933e-30 1.53829388489209e-12 1.76174195332284e-27 5.84309077973383e-25 1.88833087616896e-35 3.97302811066232e-23 7.81029063560848e-26 2.06941003518534e-28 1.10730117877272e-24 2.87768785123175e-25 4.93084941480106e-27 1.26656869574523e-36 2.05367134767106e-28 1.04575045123796e-83 
3.74705696162139e-41 2.59613802693162e-52 2.89255463387979e-24 4.11933501591315e-20 4.46854759406458e-17 1.10816848280506e-13 4.76590460757607e-16 1.25557993723901e-33 1.19729423343858e-41 4.55012729146469e-23 1.17799678060535e-22 2.20406837927962e-21 1.34985138446412e-24 3.06158953342031e-24 1.46685866662293e-36 8.77302912019176e-23 1.49118303344031e-34 1.20074922472371e-23 4.14576366333189e-24 1.81625963333295e-11 1.12416329786567e-17 1.1289329979328e-24 1.47571783003436e-27 5.22031758145756e-32 9.67142930781658e-39 1.99947530710341e-30 1.59056737357902e-26 5.98509584669413e-27 3.11869819613042e-25 2.81506766183709e-15 4.37163475481595e-25 3.58813436231333e-26 1.07409278373197e-13 1.20696561563231e-14 4.4898677038733e-30 2.48194305109477e-50 7.74337432595007e-43 1.28874269750514e-40 1.94737863828133e-30 1.85596161495228e-37 
7.75448757261053e-33 3.71708243794499e-38 6.90987210040497e-45 2.23090849823021e-26 9.08257116447402e-18 1.90438412420163e-23 2.72852331525668e-18 8.95757212942257e-25 2.12736037099377e-28 7.28461929652344e-40 4.32444386740187e-44 2.60230563219382e-55 1.15327206108685e-16 5.38275745393769e-24 1.72526623972294e-32 1.93475819438537e-25 4.69283014965479e-14 4.81738646182812e-19 3.08375697907306e-15 9.40789752637661e-15 6.95428177759875e-17 2.70305923610049e-25 2.1574512737849e-12 3.807626133255e-12 1.75650827685707e-15 1.79612656647979e-13 1.00799503881545e-14 6.93127511582738e-14 1.18770821320072e-11 1.57079460642646e-06 4.86840077737471e-11 4.82572839320261e-28 1.19543851681492e-29 8.85361655353767e-33 5.95182059519296e-94 7.97395245601972e-93 8.89228812804047e-20 5.54209368914338e-28 3.89311676841251e-14 2.77308847920795e-13 
4.63895309493729e-28 1.34393254051335e-28 1.33463406917236e-30 3.36445850647156e-33 1.31496144689935e-60 5.3819821659076e-14 6.93722445578246e-27 3.65004379714688e-27 7.16550601034804e-60 2.74982612822928e-22 9.51258308294635e-20 5.65429984525572e-20 1.24120696926747e-36 2.03319574138479e-95 2.81283044503365e-37 7.98400098711115e-70 3.61826123259829e-14 5.81898049588749e-17 1.42131704614776e-14 3.65170612456642e-17 9.47734869418027e-15 1.00940375907655e-38 1.66426935027278e-49 6.33558337757863e-12 6.27473628434483e-22 1.16904200109827e-17 5.87177550542446e-22 2.08476396694605e-17 2.6288493404451e-95 6.94780981180557e-63 4.48152418530557e-28 4.35849063557103e-14 9.44869982187855e-12 1.54494703731406e-27 3.90518738577108e-46 1.54126460567718e-23 2.31126041545713e-14 5.91935343905389e-08 7.50131045883726e-15 3.18998692598584e-05 
2.36019079979327e-21 2.08249599610597e-41 4.77035434410837e-09 4.46653991647905e-21 4.08973724866306e-27 2.21380390515413e-16 1.81294752840051e-53 4.13511595045293e-44 4.2100701802658e-64 2.8280815639498e-57 1.65228938054165e-12 4.33955973197854e-16 9.26245588245169e-95 5.95182059519296e-94 2.03319574138479e-95 3.23960020567953e-22 4.77273402167442e-17 7.26355511787409e-55 5.22058828777756e-54 8.38840072460002e-57 4.42999946996185e-25 2.62270124558804e-17 8.41063749380402e-16 7.7705023459894e-23 2.02346446477955e-27 1.60056942676981e-13 2.01274347542552e-49 9.58359060487376e-41 1.90198688814762e-17 2.69794298033257e-15 8.17931479934548e-19 6.97685705568898e-12 2.87401495983873e-18 5.98087655205423e-13 2.5135493526241e-38 8.48326880239465e-32 1.12340709366e-57 3.14831524052055e-22 1.81626205071447e-11 1.90042883777892e-42 
1.35685007529594e-39 2.44116047970779e-36 1.53408164104296e-30 3.1049509185484e-30 6.40369264358096e-30 3.76327511340311e-44 8.13828497520419e-44 4.01133013808402e-31 6.68958157461525e-43 6.21986762130589e-39 5.3794061383924e-31 5.95292267466316e-37 2.89482867749159e-37 1.4339293411417e-36 1.65307060328402e-30 3.01167921045674e-40 5.74037392204124e-28 2.78684952874946e-28 1.17915408222908e-43 9.28125055349635e-43 3.73363990861218e-14 3.89675961996217e-19 2.49443547223079e-15 7.65931926370484e-15 4.6789069906424e-17 2.18649098739837e-25 2.96369238207368e-12 5.23053878529308e-12 2.41291669593009e-15 2.46734036916517e-13 8.15362104639363e-15 5.6066734940655e-14 9.60731185295371e-12 1.81632330668783e-11 6.54466284836232e-51 5.30054775463975e-57 3.01951558188269e-95 7.25808014131002e-06 5.18416968411457e-13 9.26245588245169e-95 
5.95182059519296e-94 4.29597504981558e-13 3.11216622152185e-19 1.09480961905987e-16 1.56871542433155e-11 5.7117667970839e-19 1.43354784201668e-07 1.77359911033041e-11 1.3699833956667e-15 1.64088552891959e-24 7.10156562353881e-22 1.85165326861475e-16 3.22690342302651e-24 4.25037934109792e-13 3.53526667086575e-07 1.11203410597326e-15 7.57654605803602e-13 1.02182242700654e-14 6.21672561553895e-10 2.78699636330077e-13 4.42979624049769e-25 1.01713119196137e-19 5.18964245060007e-20 9.42173022000439e-17 2.4981517458954e-10 1.82845903027601e-14 1.93688407239252e-22 9.17196507506005e-18 4.47923917093089e-08 1.11194060216399e-53 7.99360058327185e-11 3.58457140365927e-11 3.78301223839105e-29 4.24431821505183e-24 9.90228183071286e-05 4.80060792448257e-34 9.825392096858e-09 6.98422588426563e-06 9.19049748495796e-35 4.97148206401997e-08 
2.11318532030318e-32 9.7202864570612e-32 1.17360156094924e-32 1.26485970627552e-10 1.80805129954508e-09 9.75815589626171e-16 1.82476376901552e-12 6.37239496875025e-17 9.43028393993658e-07 1.33592454649204e-24 3.87724644797323e-23 1.33070833968974e-05 5.87435535289468e-51 1.09058069008702e-11 8.99347030323903e-12 4.99917219319234e-14 1.2568803688591e-13 1.1754166340233e-60 1.17050769446877e-79 0.00362992281959141 4.85233725651672e-13 3.31982226782832e-10 8.14958379478498e-08 3.08672099538464e-10 1.58306377277456e-16 7.68730708381774e-14 9.81702263639757e-09 3.57442421175231e-16 5.28260109987771e-05 2.01980400893838e-59 9.38917814323602e-23 8.49847239856646e-16 9.1985687619772e-12 8.97886597813774e-12 1.07853041905376e-12 8.10472095169886e-95 4.93472601148142e-94 9.57891564902793e-23 3.79389468864717e-17 2.51379992717297e-18 
5.11894014619767e-26 6.22395455434891e-14 6.40307311545701e-16 8.57892190131391e-14 7.15731956831788e-19 7.06660001397147e-30 1.11427138067376e-23 2.17539999564556e-34 5.93942865999143e-22 4.13523526292539e-28 1.32895375174205e-20 6.93432466066099e-31 7.81073460851051e-41 2.78214392685013e-51 3.94518438779807e-62 8.86655719643257e-74 1.54638084579487e-21 5.45048790523155e-90 2.6542762422556e-13 2.44310436009582e-15 2.4766267916188e-24 8.06757104922349e-35 1.12621649820638e-13 2.35341889824202e-18 1.81592953407625e-25 1.03493976393902e-30 6.13720762600455e-85 2.15496913874326e-95 1.67588866348538e-48 1.70144634629345e-13 4.30170828249154e-85 2.14822730651738e-48 9.90137693817683e-59 1.63846976553827e-11 1.78039570833984e-29 1.09012070705486e-36 7.07821985543158e-34 1.54283939542766e-38 6.86816325477182e-30 7.79601653247599e-36 
9.44835896882375e-31 8.88336562293268e-31 4.74717730804564e-37 5.56850575937989e-33 4.67924847405742e-31 4.9892356196848e-33 2.56410504336678e-33 2.86875576685403e-31 2.05738688186431e-45 4.83253865586254e-94 7.45930285496472e-18 1.32943667544979e-41 1.39822278511825e-89 1.12480664842596e-42 4.52058561792459e-26 7.70336055045283e-44 1.45336019872391e-32 2.11409335857989e-40 6.83266310555864e-21 1.17956347398572e-64 8.92401585453552e-28 6.21486217495312e-27 2.14405209627575e-23 1.42982300486092e-25 1.99907362153941e-42 8.47539409729166e-21 1.0775250034785e-41 5.10853416293244e-43 2.41642190552926e-24 2.04467610785174e-27 3.23133715806831e-20 1.14113711405198e-29 7.92476376858949e-15 1.76075780278757e-11 4.68835471098234e-28 3.08232454837045e-28 3.95439433124529e-18 4.24213026191953e-16 1.80581824511116e-55 4.33034884498939e-30 
3.09592435994946e-52 1.02278315328251e-47 1.38930852807844e-26 2.03319574138479e-95 2.85586955988755e-95 1.30750172684202e-69 1.17171216855614e-93 2.68537079566635e-20 2.04166747382237e-36 1.92691023593576e-23 3.19522135148274e-36 1.44925989770126e-38 3.65823592258973e-38 3.34440316425222e-31 4.1876146395141e-24 4.4260529711616e-55 5.89958170058162e-42 1.7654570583767e-41 4.22139756845918e-19 4.72202072158297e-20 1.87250363912868e-39 1.01667224087594e-36 7.26450279211962e-41 2.60645919524539e-44 8.13592215638015e-95 2.85586955988755e-95 5.96885088830153e-72 3.23179603094582e-33 4.31596591765387e-32 5.85459241554309e-30 2.92586606604783e-34 5.20168546154005e-27 3.07919092528752e-31 6.47699727382473e-71 4.44617027029483e-12 1.10631759207313e-26 4.68791867629754e-16 2.46658890207655e-45 6.21503969722999e-31 5.61181658458701e-29 
2.31133642552769e-26 1.53367063586131e-24 2.59420597593339e-27 8.9868708689026e-20 3.92193640712211e-36 9.41776428128213e-23 1.79288264277774e-15 1.14885484027385e-11 6.67207705719412e-12 2.41584622827277e-30 5.41434143136662e-30 7.25143624280561e-31 1.07057504851174e-15 9.10733047685371e-13 1.27337768524737e-17 7.26849634540211e-31 1.13090306122458e-18 5.63439914337633e-15 1.48730683899995e-15 2.30964409259663e-15 1.7336060147391e-12 8.33340714429467e-13 1.69230865215377e-13 2.52946494546252e-14 5.50224693238723e-17 1.2370791386635e-29 5.89577787406575e-24 7.00659493123213e-21 8.67486175012902e-27 2.54512115178826e-12 2.96186786676318e-14 1.21843296767348e-20 2.00571304591451e-21 4.81821838112724e-28 4.73145977680154e-36 1.15605084494792e-11 4.78726729150405e-24 1.14440390951599e-14 3.3310457712549e-13 1.81626205071448e-11 
1.79229518451064e-41 1.49718653274687e-37 5.56568918991073e-35 1.74167814386173e-33 7.04247002156725e-33 4.53716869919416e-46 4.05950074720081e-50 7.24703444338363e-55 2.01881829585137e-43 1.58637112865112e-28 2.31419898003282e-31 8.27406325287752e-35 1.81626205071448e-11 6.94149383603426e-35 5.52345331663736e-69 1.36150491684539e-42 2.46942503987373e-32 7.8133789432221e-31 1.52894495907501e-30 2.76313026582272e-30 1.68444182656459e-67 6.00491688611921e-95 2.22751357318273e-95 3.76927072107572e-94 2.612129260327e-54 3.02399098541036e-48 7.29905198433291e-44 3.80503268647807e-50 1.48767809120828e-61 1.28305665540839e-59 2.35558108611882e-67 4.7430982206747e-67 7.33029130754728e-37 3.70641553646772e-68 4.1310307646363e-17 2.48673313273003e-38 1.59415631988735e-21 3.41027105161212e-26 1.99430493402814e-33 1.27298623013179e-39 
2.12084636136338e-18 1.06606973832204e-15 1.06024965596047e-21 1.62842141303581e-17 1.56854043543651e-38 1.0737956566917e-18 8.72941146325594e-35 5.88411766148685e-21 6.61674695270618e-33 8.59834599380629e-27 3.46166173657707e-29 2.77756510962478e-56 4.83253865586254e-94 9.82464912211317e-27 1.06109652046524e-46 9.47760907231842e-90 4.77567954886524e-48 3.45618308401466e-35 7.20554409623233e-51 2.11557591395161e-41 7.53015832179091e-46 1.03422755327177e-29 9.29319849421959e-48 5.58186220866594e-50 8.59225784571221e-47 1.86198529759267e-48 3.72709152813021e-15 2.15935535962906e-23 2.08009593983406e-17 9.16088172124815e-17 4.06116443093633e-14 8.54606118644968e-16 2.05977700532405e-30 2.27353799541382e-69 2.20024116713504e-57 9.1508936578751e-52 5.12627810188189e-81 1.66596148478152e-42 3.85177451023947e-44 1.28537649586133e-27 
1.18836993428581e-43 1.99432177557121e-50 2.41268800585868e-47 1.81358160959052e-46 4.96000771319062e-28 6.08350661508628e-29 2.42160116407471e-45 4.25719138572772e-20 1.47955772653065e-37 2.10938978589576e-39 3.95899990812414e-26 4.77531334760193e-43 1.09807197114457e-35 9.30632789710521e-54 9.17053965231235e-35 9.90429432946224e-18 5.34862561923184e-17 7.39955141288055e-36 1.19368468826678e-14 3.58928220342757e-32 1.61237433070616e-11 1.57521120827784e-17 1.01074588429523e-15 1.21060907971711e-17 1.06044059408917e-16 2.03737877332731e-12 3.66449684084341e-20 8.80763517095255e-25 1.68994250925004e-39 5.21640101090013e-22 1.4997661130211e-16 0.000226591740163401 1.00801294254306e-11 2.26016844673337e-18 2.37523727341169e-39 1.13746799041723e-30 6.31133337549707e-50 8.01273802141552e-19 6.07324891029728e-20 2.68751044493468e-22 
4.26532097162533e-18 3.107080763159e-06 3.25019482391291e-15 7.18339773763952e-07 9.51269182148365e-11 5.13921783359543e-14 5.24657037456793e-19 3.3584907785522e-15 7.95346901322748e-15 5.87917379520751e-17 2.94387644030612e-25 1.78239933280398e-12 3.14570732821825e-12 1.45115638011254e-15 2.3988393366372e-22 1.12333446730553e-27 1.48388741503714e-13 1.09779793468201e-14 7.54878666447611e-14 1.29352186592987e-11 6.25438043578871e-33 2.38677468047458e-53 3.16501929647535e-41 7.44799563665288e-50 6.52041463906367e-59 9.62377419924747e-33 5.20433198359865e-52 7.50270066360501e-33 8.4572944529028e-51 2.52554172960289e-33 3.09172604555872e-49 6.41835424576121e-34 1.78547579626629e-48 7.45430343648571e-50 2.29594887515004e-32 4.66030949099248e-33 1.74407957464035e-34 2.58225124669018e-55 1.97306198558961e-54 1.06363467649668e-42 
1.41280913354013e-52 1.60300962810082e-43 1.20199322177915e-35 4.48142921590241e-48 2.03319574138479e-95 2.67276165208339e-95 3.16303108797068e-23 1.94609158493643e-23 3.23573278344291e-12 1.18568286195681e-11 3.06947832708362e-12 1.25991509242899e-64 6.7946689593423e-28 8.27295266694128e-28 2.50169138578621e-30 5.2864294599921e-69 1.1667441125333e-32 5.82703555375031e-06 1.79398694557047e-14 7.75728330905857e-12 1.03995091295234e-09 5.6934405027982e-12 3.12878573688839e-19 6.2282932194169e-16 1.40558528903183e-10 7.6330969003079e-16 7.78829937679396e-07 3.78716747279279e-24 3.37323286486009e-23 1.33271565320083e-29 3.17965429772182e-18 2.32474754340905e-17 1.34592872753876e-46 5.88403388193507e-49 2.59026442550513e-19 3.68067287701006e-67 9.96799799743244e-25 1.78451695013089e-11 3.17409984685183e-13 1.49355285332228e-27 
1.60190587370909e-33 7.95183015312206e-28 5.25772954907871e-24 3.16561288144353e-22 7.57212029104132e-22 2.72324331449759e-21 2.35062337371707e-25 5.85037600904824e-46 1.40981209395499e-36 4.82478013589036e-46 5.78628660927934e-55 8.13592215638015e-95 2.85586955988755e-95 4.83253865586254e-94 8.13592215638015e-95 4.83253865586254e-94 1.19383106374733e-17 1.81327581467249e-11 7.11144387373658e-40 1.6502870216467e-33 6.42659606128586e-29 3.8139615525811e-51 5.34520528960833e-63 5.21393415665828e-57 3.68155818189439e-22 1.03094906106864e-18 1.29123752707529e-17 1.1849597122436e-14 4.52377685620533e-17 1.20948037290133e-27 1.79399822553728e-14 8.13592215638015e-95 7.7384674485556e-64 1.82897670672833e-25 2.64448454344762e-26 7.96923899028259e-26 2.87581907536492e-34 2.30187521363515e-23 4.73997169525789e-51 1.07563184622811e-27 
1.81300548050886e-11 3.25383118633637e-14 2.64049789454131e-17 9.47814603290686e-37 1.18497191632865e-33 8.53338943777789e-40 4.01868046773111e-16 5.67735713548227e-37 1.25107348474915e-32 1.66329663827034e-30 8.19806184358243e-30 1.05092330407653e-29 2.36985929704994e-32 5.33303251981698e-34 1.53336592269073e-44 1.00592308182182e-45 8.13592215638015e-95 4.83253865586254e-94 2.93042240024747e-15 6.56856387358345e-21 3.35041913627425e-48 2.48725558540848e-20 2.85443356847653e-21 3.28370895460443e-28 1.29812345881346e-19 7.52132203931536e-20 9.38516355581814e-22 2.63279899759926e-24 2.74223700479503e-22 2.24328674969952e-42 2.8953798100248e-24 5.15076385729682e-22 3.92004455666616e-24 2.14101244688729e-20 4.43086110267472e-21 4.98829008186214e-23 8.76162661927995e-26 1.57990540849314e-22 2.74305892252092e-17 3.05455839272269e-13 
2.17834756140038e-29 5.92366101199029e-28 2.20632873756231e-23 9.71993686457665e-18 4.79978421461026e-31 1.42303017234021e-43 1.37715295437102e-31 1.71829689118494e-40 5.72763587206468e-26 2.05220570586485e-51 5.79282956536475e-75 1.44151942806099e-47 2.03319574138479e-95 2.85586955988755e-95 2.85586955988755e-95 2.90989993759193e-69 1.1306399708924e-27 7.62644298666251e-33 6.16390828161102e-35 3.81184226239135e-30 1.33077809016316e-28 2.42305291918021e-37 1.16997571280731e-15 1.48194286844939e-14 2.77260119098995e-17 1.32270668077251e-17 8.48272935265753e-40 1.1144289068519e-29 6.65827699445866e-36 1.27623300339775e-24 2.26175627444309e-25 1.69272827849824e-74 1.35581850696767e-94 2.93581886900216e-95 4.05953137913992e-57 8.37688196744641e-22 1.55448189415349e-23 6.68419321895734e-21 9.26245588245169e-95 1.12182814677724e-66 
4.8599603222063e-18 1.00104753661272e-40 2.54272702687392e-45 1.22052115050271e-50 6.25791665500605e-38 8.13592215638015e-95 3.50864586795361e-72 8.10387532248032e-34 1.36616529607775e-34 8.38872694311711e-12 4.62750832260029e-21 1.89500741547111e-24 1.15642143117158e-15 1.2683974717002e-12 3.33496378388749e-13 4.67607378347668e-14 9.02188300448277e-17 2.05520029086982e-17 2.36055561552218e-37 5.06600950965716e-28 1.69027359060536e-37 7.63501044286387e-25 9.0735143618744e-21 2.13446999398595e-33 3.64080975734069e-25 5.63029418662092e-29 9.13700865732974e-38 2.93749395041363e-12 3.29273546560194e-13 4.05762127951502e-16 6.5408384700214e-20 3.44896817051714e-12 2.0177504668025e-22 9.52372630310584e-26 1.04990266820079e-13 1.30271411784217e-12 5.43527947901985e-43 3.21669715385393e-32 2.04502846465745e-43 2.14769753299113e-44 
3.55618995949306e-38 1.00148514022972e-34 3.23150035005891e-33 3.50972547420089e-32 1.03928990216606e-31 6.32193020619306e-32 8.13592215638015e-95 4.83253865586254e-94 6.79724952297761e-26 1.11853749935493e-11 7.68674524014349e-20 6.30108777008311e-85 6.3783684731461e-37 8.83604092504317e-27 4.00839962135656e-22 2.18534531449912e-85 8.95012921166684e-35 4.92487125547077e-39 3.60046787409738e-38 2.23462874644083e-40 8.92872364726283e-12 2.46374624827501e-07 2.39568614691968e-11 0.990303073353909 7.07172434343982e-21 1.26755856164806e-08 1.66585997135977e-09 0.0313893459392243 1.11524211389709e-14 2.0511921425042e-15 9.19438884391871e-09 7.81201246740639e-07 7.75575725354219e-07 2.87326524321258e-66 1.82890026540526e-05 1.15395806693204e-07 4.98470428950094e-27 0.000454052401054027 4.97069277583049e-19 1.74221869692305e-45 
1.24749006500838e-40 3.31899065855518e-13 3.08948812554234e-15 2.85218622205694e-38 1.79960783793817e-37 9.12904582731964e-59 8.94241577833623e-12 2.93609491946352e-41 0.019361782620188 3.72171235740437e-45 1.07779163031315e-56 6.80216906053193e-84 7.86490768538103e-07 0.022626699296203 0.00813516980022004 0.0129230975218868 0.167339700444207 0.0317394201823719 0.00514753123186785 0.00193340148827667 3.11198732948257e-17 0.0016361012753034 0.0326445119884784 1.85204225083674e-06 0.000292086120390083 8.42320362235776e-43 0.00458292389367473 1.98884446381797e-68 2.70518643361354e-27 3.48495517526383e-25 5.06120812362122e-10 1.2831192482047e-07 1.2103930442573e-12 4.54624002480906e-24 1.0000000003796 1.75697161416918e-30 5.43096922670919e-49 1.64677511931728e-13 4.05181799191217e-24 3.53471509299029e-12 
1.22506453062331e-53 1.15074970624928e-93 0.003291868872075 0.000294873117752727 8.04565292130187e-07 4.14220358708972e-08 3.51304000794838e-09 0.000338315996593226 7.55609856557376e-07 5.21715089238918e-07 1.67618672713751e-08 1.14618075160701e-30 8.46998197796886e-20 9.77416497325198e-36 0.0164750794595407 0.0226207849528974 0.00640954969144877 8.36748504728597e-13 6.18618719215688e-39 0.999999191530707 0.000179956356196963 3.89653449562505e-30 1.26324304948697e-07 1.24215801128366e-14 6.65161428164127e-08 0.00236898805690034 9.01831812441917e-05 0.00924625874589209 0.114762207320903 0.488081890574146 0.0550944984375131 5.92814521961819e-07 0.0442099344035133 0.000374566759314872 1.40305320656621e-11 4.07328886357144e-15 1.73327268163462e-07 0.000266171501097787 9.79223042199085e-05 7.52664952932855e-05 
4.29866749900086e-08 6.43282939674509e-11 1.00000134058972 0.00723679890015818 0.714605259470639 0.186818785787685 1.00000149196146 3.15533381935655e-25 1.29074282041344e-07 0.0959210798811479 0.00171573662948843 9.16969735370698e-08 1.77978415054989e-31 5.83727872018919e-21 7.21415495124109e-06 6.7982903843908e-22 2.5196762856297e-07 8.34953575904905e-51 4.63666377495648e-07 9.26585612231843e-26 0.344161716138888 5.19316475277162e-16 3.41670864437218e-29 4.73016803993354e-11 2.19323242693753e-07 1.52685748496228e-20 1.23752258858572e-14 1.48482141629353e-17 1.6026251025067e-15 2.59073951837963e-06 2.4156849716404e-06 9.61753002772952e-05 9.61769314019149e-06 1.66455984598546e-25 4.71648941335886e-07 0.00201180146197009 1.07532662854551e-07 4.26876765527782e-16 4.84990687278425e-12 6.4865347652524e-11 
9.15273498774563e-11 4.58925282703188e-45 1.24219786602557e-40 4.58052960192235e-47 0.0345525076955773 3.93012272381992e-15 5.19682137861519e-55 2.23106177468223e-19 4.33905742727472e-05 5.6911106967639e-21 5.1799180120418e-17 1.24257581784437e-22 1.20537500863823e-63 5.13590970490981e-32 1.84971712158029e-60 1.07081386709377e-09 5.52235499948789e-18 4.71066091497233e-18 0.00712430438817683 3.78120805359103e-31 3.20120793089322e-50 4.0020125725931e-10 6.81903115554882e-13 3.95206503747615e-13 3.65211256333377e-14 0.999999275648222 2.15328295635889e-05 7.27395585185279e-28 7.05515180938586e-39 8.55667930915347e-16 1.35179497750723e-07 0.000271296320869134 0.135970250767305 4.86726067565101e-05 0.000766873186324298 1.47272642945897e-16 3.23848529808589e-09 4.85767739441562e-07 5.01344337442138e-10 0.999999978403025 
7.96325134173796e-08 0.0693045528239067 1.76646966952966e-10 1.03131499486904e-14 1.2926563012499e-08 7.33762906975161e-09 3.1950567103953e-38 7.59914210257057e-06 2.77786084458903e-07 3.5612670478224e-16 0.0142514337552641 0.420159105578303 0.00132984465508244 0.000372640041621583 0.000462892947863617 2.04944508320914e-17 1.00000000000304 0.0203400320578188 1.17912287241088e-21 2.33230887433939e-22 5.92924217227522e-15 1.17990352794761e-10 7.44468793667188e-10 6.95352677256175e-11 3.32816715026096e-10 1.15074970624928e-93 0.00178142738313332 7.25297227834682e-14 1.2098735792367e-75 6.77531078661502e-83 9.19014793410824e-38 1.86156769312367e-25 1.0565341493478e-25 4.95051424696325e-84 1.15074970624928e-93 1.92344988510014e-08 5.59872985034412e-16 8.68566268612849e-09 0.174315508234585 3.93710262006034e-05 
0.00156844897261677 0.00674450314294015 0.00160533716553381 0.0981714473333986 0.000242931402877407 0.000368701262756465 2.72500704321078e-90 7.3481182642349e-91 0.0248158075500167 0.0316203433974562 0.999973881751056 1.00000029555081 0.0471728863365761 0.0909450820015134 0.000725932265438356 1.64677541788509e-07 1.57424920495402e-27 7.10439594544125e-52 1.08459295922341e-14 5.21467139118777e-06 2.24790131790306e-12 4.03038467990691e-33 7.25428810980668e-13 0.00015595604452245 1.67865915196376e-14 1.20684856661447e-18 1.85494215203575e-18 0.00317333353533293 3.17928354832981e-06 0.000578276362478352 0.000173476393564944 3.66552668611765e-12 4.23659223475555e-13 2.25095647373333e-25 1.10996669066853e-13 1.08121059755752e-13 0.00828905040739128 0.0947455876453221 0.470506782480475 0.0668823842387632 
0.0427902652682382 3.86451100609665e-05 7.01964234030135e-10 2.56823013165501e-24 8.61936884992877e-24 3.03748549718912e-23 1.84244480940569e-21 4.49861697699173e-29 1.65115696066249e-11 5.16516177018239e-25 1.00000000026341 7.71806148597267e-08 1.20898886561649e-11 0.00171952155019059 2.247189141354e-18 1.00000081016633 1.6185393355718e-06 8.77157057917351e-25 3.30542149765107e-09 1.64969132748108e-21 2.06346682982698e-07 1.24736770775705e-16 1.60628719112039e-82 2.25580187400767e-12 4.97357657206903e-20 3.26502098516773e-07 1.35118761820723e-08 1.00000007857853 1.15074970624928e-93 0.00175773205815012 1.80794351651831e-07 7.11275033574832e-06 3.14161289623084e-27 1.01636355089872 1.11664151325092e-33 1.51982598968573e-12 6.14461509588878e-28 6.14208637444707e-34 5.14087799846645e-32 1.00000006571958 
8.90417555809318e-39 0.000245964800560115 1.01030978206125e-32 3.90678905418581e-21 1.15074970624928e-93 4.47988498680163e-33 4.18992259718393e-39 2.31743376522404e-07 9.26411538958753e-12 0.00057050008554005 0.0882474171564895 1.00000091239459 2.55785576304895e-13 0.831406334889418 0.131769024523656 1.12278841337218e-31 3.49671958924078e-24 0.00557568067039348 1.6333273804527e-24 4.85406520742988e-13 9.12711098036111e-12 4.1370095164995e-07 1.27539669385197e-19 7.32167088552018e-19 4.42465887891281e-21 1.47209756252226e-38 2.79019720358526e-12 3.52829367770427e-34 0.999999744998864 1.23241601586451e-25 1.00000001895427 0.000170388451169606 
<NMU>
-25.5157676954406 -35.4212992627271 -27.629442298636 -28.6158730442341 -32.1094898874624 -35.0986100321151 -52.1060103617099 -38.2012672632031 -26.3343695944507 -38.192413203173 -53.3370784763229 -110.523759913474 -26.0570048482502 -26.4697897557155 -53.0793367475749 -64.0495650748801 -77.9457493353669 -95.98865877528 -117.71777637571 -185.355816031905 -216.707014613595 -66.0800603852076 -47.778142340828 -44.7351541920713 -45.6316585647145 -48.7637424920909 -62.8794196773478 -69.6613644835095 -72.7416810860494 -52.2020530968385 -59.9890262319534 -68.8115342105411 -84.5208436240129 -104.008464601031 -67.6806774116012 -59.7920114462152 -124.130833855937 -98.6252045130825 -56.1928958409161 -25.6182031450023 
-216.519614606852 -112.347059202495 -161.530017511151 -48.9793857907251 -44.1005655164133 -41.8238621733061 -42.5241498108514 -46.039848320831 -52.2976951067756 -60.123371771859 -34.8271313420798 -26.0380480514192 -21.5285386352284 -179.186654759593 -70.6174634797828 -88.5015854260183 -41.4593753386057 -30.2266500827182 -34.5590791086968 -50.5005534123467 -50.9279561937338 -49.4487325582047 -43.9848227810628 -30.488539239567 -40.632321924321 -51.3660602574945 -33.435748016248 -41.4042899256857 -53.1322472300872 -33.4974085917926 -38.730813478549 -34.1384515740129 -39.3451497677985 -40.641035295602 -51.9431433653707 -75.407114704142 -57.6976664437609 -46.0192219942261 -217.696207463308 -207.430897631068 
-109.104813212166 -127.634874903058 -143.897622254108 -115.777954026747 -26.5003390680908 -31.8654277039975 -28.0448679613916 -121.971282829846 -114.731626539555 -41.9649221813208 -55.7615249162113 -71.1502354019644 -114.872020048172 -33.5284924159554 -31.1512605964511 -24.9713602444238 -14.489557809243 -8.02438120286416 -8.18096644156406 -79.1795491375313 -35.6107615255013 -47.5164190125692 -64.0042208251656 -63.3065212205205 -82.01267707705 -25.6021499413089 -25.7562729358258 -19.6566938738112 -39.4212076683828 -33.4669750396986 -28.8910403438391 -33.9604993072336 -50.4470061868028 -42.8738194110835 -30.7081383510568 -44.5585478697184 -21.7428265734148 -69.0778981024232 -60.0656628217009 -24.7485816660376 
-56.9455962745713 -93.8247151039593 -25.6122803338995 -21.0793089614257 -7.35680615191579 -42.763648720909 -60.0071661192456 -35.3668473023873 -26.3688647696138 -19.8620117197673 -24.7667386405221 -42.7636486306773 -60.0071660290142 -35.3668472121558 -92.8894292712071 -15.0604027089704 -21.4377509789502 -48.098814231789 -35.5244126445381 -37.2104564810068 -29.7754248106383 -25.6490948797577 -64.9546303590006 -74.9452574001331 -50.0748764656643 -16.6426580135575 -25.013783445861 -45.1728735775523 -28.1674565928145 -68.9543336065281 -9.31218164856428 -114.920529380818 -16.2163951089158 -20.0808356565553 -58.4780013461378 -41.9831007171542 -44.5035021769036 -38.8038528565776 -40.6555943924688 -40.1102518988554 
-27.106231566207 -49.7570535120995 -36.8677142368887 -25.3572816262165 -25.9074667914047 -28.0542659432068 -30.0930920078604 -39.7696795772365 -54.8976612548593 -46.8502048804352 -54.9029078250537 -80.0465085422079 -103.856681929083 -40.9929061334993 -33.5177733234172 -43.0643005522095 -53.0988375673261 -49.278874347942 -29.958702379584 -51.3608968486162 -31.1457818625931 -28.8967794642282 -25.2974219720066 -27.5547392379719 -109.209341747671 -25.7188408047337 -28.1174037759459 -5.45422598713297 -217.673842663979 -30.4885391493355 -40.6323218340896 -51.3660601672631 -33.4357479260165 -33.497408501561 -38.7308133883175 -34.1384514837814 -39.345149677567 -40.6410352053704 -57.6976663535292 -46.0192219039944 
-217.696207463308 -207.430897540837 -26.5003389778593 -31.865427613766 -28.0448678711601 -114.872019957941 -33.5284923257238 -31.1512605062196 -24.9713601541923 -25.2327897573916 -35.4176631496031 -26.7027069246105 -30.1055168620059 -35.4904244962597 -37.0320292646677 -32.4787079147854 -37.372666485432 -46.5303670839394 -66.1010165361638 -43.0314175796252 -28.0216406065065 -37.1079085353192 -49.1895977683245 -47.8098626666116 -74.4303176551989 -26.7892611501718 -68.3699522283394 -27.2003471805944 -61.6034944450588 -55.7993674249056 -79.954784950215 -51.5799285866309 -57.8117702414199 -63.7451190443351 -55.1601165475889 -56.5076401825768 -60.5742862425342 -82.656751918177 -63.7527535111316 -191.069827955669 
-93.0850180911326 -118.780399869182 -54.1999021638323 -44.6360101134511 -37.6468831481003 -29.8308975718641 -35.2798741246244 -75.7577105015701 -94.2259246073314 -51.4443019301454 -50.493056693576 -47.5639820369841 -54.9620477310487 -54.1431079953969 -82.5099401950363 -50.7877749964254 -77.8883233747026 -52.7765114229605 -53.8399552230062 -24.7316567830776 -39.0269075571812 -55.1407692948343 -61.7806529750001 -72.0301647364059 -87.5316425197643 -68.3846679901286 -59.4031216265359 -60.3805251574723 -56.4272116549306 -33.5037900974313 -56.089490299926 -58.5895800266593 -29.8621298257555 -32.0480818476699 -67.5757295531175 -114.220212907947 -96.9643214467199 -91.8497366297682 -68.4110686096723 -84.5772454882285 
-73.937036351391 -86.1852944640807 -101.683378056472 -59.0648035170278 -39.2401743534705 -52.3152984769376 -40.442771121203 -55.3721281022811 -63.7175006550769 -90.1176385400219 -99.8494605451938 -125.685782280991 -36.6987583151397 -53.5788414510795 -73.1373415953672 -56.90464497032 -30.690155458034 -42.1768852137195 -33.4126277428745 -32.2972268959931 -37.2045890279156 -56.5702431428504 -26.8620935567806 -26.2940151831116 -33.9754484900676 -29.3479737702117 -32.2282280540896 -30.3001475062427 -25.1564104439455 -13.363928947896 -23.7456705222386 -62.8984209181142 -66.5964546190793 -73.8044820431411 -214.6593015863 -212.06423336188 -43.8665174612404 -62.7600102522407 -30.8769812392834 -28.9136445354024 
-62.9378938891436 -64.1767825560625 -68.7888956410318 -74.7720410379807 -137.88129823239 -30.5531345632726 -60.2328957506409 -60.8750583440985 -136.185826898337 -49.6453343622878 -43.7990864026502 -44.319285569604 -82.6769790792661 -218.035975022384 -84.1614571885832 -159.103516846938 -30.9501977139574 -37.3828215070278 -31.8846073628762 -37.8487520911283 -32.2898717913694 -87.4888737147864 -112.317283358254 -25.7848392183797 -48.8203405881335 -38.9877619699711 -48.8867149866527 -38.4092909373579 -217.77903759712 -143.124434383706 -62.9724193953338 -30.7640654889934 -25.385143968875 -61.7348078811327 -104.556608509473 -52.5268538868975 -31.3983982917902 -16.642453517397 -32.5236986617866 -10.3529086466189 
-47.4955444897354 -93.672421640337 -19.1608452488286 -46.8576729118965 -60.7613167852288 -36.046649227932 -121.442055939195 -99.8942287224335 -145.927966634167 -130.207751711476 -27.1288592863508 -35.3735885891828 -216.519614606852 -214.6593015863 -218.035975022384 -49.4814221169871 -37.5810272700354 -124.659310720035 -122.686984927326 -129.120500415205 -56.0762278604415 -38.1797417844849 -34.7118642149135 -50.9091223245799 -61.464986386925 -29.4632467512602 -112.127170852137 -92.145936488815 -38.5010475105177 -33.5462867713986 -41.6475083851419 -25.6884225791147 -40.3908216810169 -28.1450390710909 -86.5765376947955 -71.5446271283004 -131.130984185108 -49.5100045803909 -24.7316554521116 -96.0664943409507 
-89.495652734483 -82.0005898151078 -68.6496208672736 -67.9445548817917 -67.2206779902826 -99.9884544726734 -99.2171646249289 -69.9910149912411 -97.1106076714604 -87.9730700029914 -69.6975598979328 -83.4117661359985 -84.1327225102652 -82.532644880782 -68.5749182596841 -91.0009059193285 -62.7248582524108 -63.4474708471931 -98.8463616968142 -96.783162703105 -30.918807697277 -42.3889714257887 -33.6247139549436 -32.5028532840753 -37.6008820472541 -56.7823293549196 -26.5445851986062 -25.9765068249373 -33.6579401318931 -29.0304654120372 -32.440314266159 -30.512233718312 -25.3684966560146 -24.7316217262842 -115.553189857517 -129.579540135511 -217.640487419264 -11.8333952074446 -28.2879965181331 -216.519614606852 
-214.6593015863 -28.4759276595039 -42.6137977489117 -36.7507810036246 -24.8781789395462 -42.0065883695241 -15.7579432709035 -24.7554251452326 -34.2239777750954 -54.7668061790868 -48.696556775773 -36.225282589179 -54.0905192470236 -28.4865979732405 -14.8553069171521 -34.4325855287134 -27.908548778282 -32.2146035757143 -21.1986075901714 -28.9086417653032 -56.0762737372249 -43.7321306591614 -44.4050370570609 -36.900927834017 -22.1102997731264 -31.6327177497534 -49.995791512284 -39.2303801166824 -16.9212275398651 -121.930903149603 -23.2497947284581 -24.0517971087051 -65.4444471160796 -53.8164610339323 -9.22016024643716 -76.7191506009694 -18.4382957719102 -11.8718563968421 -78.3723081865967 -16.8169627462811 
-72.9345265361926 -71.4085078868803 -73.5226456979115 -22.7908897180413 -20.1310162017368 -34.5632580503872 -27.0295705789077 -37.2919712057201 -13.8741694444867 -54.9724186355142 -51.6043319155262 -11.2272140782774 -115.661243415853 -25.2417257253516 -25.434522323773 -30.6269189645509 -29.7049734557934 -137.993482912749 -181.746784764943 -5.61854389275196 -28.3541457114937 -21.8259396822317 -16.3227138861282 -21.8987415690088 -36.3819994217942 -30.1966207638868 -18.4391479544021 -35.56755738438 -9.84850685600304 -135.149520005221 -50.7198993741554 -34.7014750583754 -25.411973213326 -25.436147524647 -27.5554217245151 -216.653137108994 -214.846701589553 -50.6998927423234 -37.8105534671125 -40.5247361503551 
-58.2342650029176 -30.4077858167464 -34.9845834384957 -30.0868830488392 -41.780981217972 -67.1221733288412 -52.8512564178035 -77.5106806081216 -48.8752591023072 -63.0528383814682 -45.7673098800465 -69.4436542150939 -92.3504897933391 -116.408617915504 -141.387780072806 -168.209010300783 -47.9183696903596 -205.5369532409 -28.9574341931783 -33.6455068855385 -54.3551447622137 -78.5026258030412 -29.8147424257453 -40.5906625526904 -56.9680298482463 -69.0432095638904 -193.905363049819 -217.97780743175 -110.007740893762 -29.4021275276414 -194.260720685689 -109.759441470265 -133.559846654515 -24.8346732864727 -66.198132049174 -82.8067749172586 -76.3308707185551 -87.0646090517286 -67.1506560767175 -80.8394504455069 
-69.1342968104821 -69.1959573860266 -83.638098250308 -74.2681813166745 -69.837000368247 -74.3780253532016 -75.0436985620325 -70.3262594777584 -102.894892511112 -214.867626810228 -39.4370697151211 -94.1212335125392 -204.594871285471 -96.5909627529304 -58.3585708709057 -99.2720874229647 -73.308844721927 -91.354777671236 -46.4325724423224 -147.200301518885 -62.283636550647 -60.3428539623166 -52.1967595973136 -57.2070766610643 -96.0158900217255 -46.2171197995342 -94.3313220649449 -97.3802464922486 -54.3797543372585 -61.4545581163569 -44.8788058274867 -66.6429424630954 -32.4687838839715 -24.7626917367873 -62.9273008908155 -63.3466985680115 -40.0717042244142 -35.3962959245676 -126.051166304216 -67.6119046863895 
-118.604338311802 -108.198971877596 -59.5384062562918 -218.035975022384 -217.696207463308 -158.610253178913 -213.981947577423 -45.0638830425102 -82.1792964846815 -52.3035393328013 -81.7314069817667 -87.127180523026 -86.2012524909177 -70.1728496313876 -53.8299109584803 -125.154671904936 -94.9336924555581 -93.8375791993067 -42.3089505163061 -44.4994650329208 -89.1735422469005 -82.8765285630207 -92.4229889568754 -100.355751421633 -216.649294743534 -217.696207463308 -163.999572267715 -74.8122700393732 -72.2204018251885 -67.3103264082532 -77.2143026339835 -60.5208148105505 -70.2554710069331 -161.615284583277 -26.1389780037076 -59.7661754021926 -35.2963727829866 -102.713492999872 -69.5531657705473 -65.0500932178391 
-59.0293865214113 -54.8343782613126 -61.2165170233428 -43.8559371399623 -81.5264778345432 -50.7168594158873 -33.9549516554261 -25.1896703677549 -25.7330899015992 -68.1955031590125 -67.3885015360875 -69.3989383311126 -34.4705804622842 -27.7245265727716 -38.9022736162089 -69.3965884427308 -41.323515191109 -32.8098858824962 -34.1418094010396 -33.7016829547164 -27.0808174751865 -27.8133338154464 -29.4075125458442 -31.30818350555 -37.438790038926 -66.5622146291792 -53.4878057516849 -46.4074351143153 -60.0093681217178 -26.696842863213 -31.1503711965316 -45.8541362794789 -47.6582873214666 -62.8999783745725 -81.3388295720072 -25.1834262701326 -53.6960824860505 -32.1013074035141 -28.7303199088103 -24.7316554521116 
-93.8224917882693 -84.7920607387314 -78.8738574340824 -75.4304589698654 -74.0333491048326 -104.406611094752 -113.72819465232 -124.661587771778 -98.3086466605651 -64.0109335050624 -70.5410742680983 -78.4773525420055 -24.7316554521116 -78.6529612532868 -157.169368151067 -96.3999832612804 -72.7787376296455 -69.3243003693486 -68.6529748615113 -68.0611885984758 -153.751766981875 -216.953005219778 -217.94469786063 -215.116117201378 -123.37942932438 -109.417506986416 -99.3259996171767 -113.792930068024 -140.060474096184 -135.603275243449 -153.416413787871 -152.716510675365 -83.2036331838499 -155.265721076689 -37.7254196252506 -86.5872636796035 -47.8879423096318 -58.6404206424324 -75.2950124831644 -89.5594531241153 
-40.6947164378206 -34.4747976507421 -48.2957825479915 -38.656335493599 -87.0480880057721 -41.3753319596966 -78.4237803026472 -46.5820301534821 -74.0957042165018 -60.0182276523784 -65.5332189523637 -127.923190523601 -214.867626810228 -59.8849030664836 -105.859611451011 -204.983726292568 -108.960548186009 -79.3503134295543 -115.456988999617 -93.6566617375838 -103.899998210665 -66.7413128740907 -108.294801675826 -113.409732199833 -106.070637823428 -109.90244118092 -33.2231482165906 -52.1896474063266 -38.411532563329 -36.929004149067 -30.8347215637745 -34.6958909910491 -68.354955062722 -158.057034210146 -130.458783324879 -117.520573293645 -184.875012652852 -96.1981714806509 -99.965210137875 -61.9187458425179 
-98.8385764337796 -114.43895061928 -107.340757889636 -105.323610597845 -62.8709753080189 -64.9693864212009 -102.731900225302 -44.6030922161578 -84.8039052310885 -89.0544199221037 -58.491220972928 -97.4476994044299 -80.4969223663619 -122.108900433856 -78.3744821204934 -39.1535632401508 -37.4671069465952 -80.891643969294 -32.0591464020001 -72.4047707366355 -24.8507281907295 -38.689557217118 -34.5280878373117 -38.9528229762721 -36.7826770113402 -26.9193570493192 -44.7530108215951 -55.3890083464802 -89.2761241166067 -49.0050643432757 -36.4360523166067 -8.39236066121125 -25.3204550135433 -40.6310923294333 -88.9357212896769 -68.9487480586669 -113.286907683983 -41.6680842388204 -44.2478081574235 -49.6682567659355 
-39.9960142386589 -12.6818269339552 -33.3600614545464 -14.1463231573202 -23.0758091347481 -30.5992904064812 -42.091542165739 -33.3272846948939 -32.465168207554 -37.37253033988 -56.48490009487 -27.0530607195023 -26.4849823454298 -34.1664156527893 -49.7818870352265 -62.0534960456728 -29.5389409329333 -32.1428850061092 -30.2148044582623 -25.071067395965 -74.1520259808235 -121.167066980222 -93.2538296603457 -113.121309695569 -133.977582517784 -73.7210715526625 -118.084933483147 -73.9700450245969 -115.296810424848 -75.0588524827106 -111.697940030957 -76.4287314249707 -109.944399531471 -113.120463141601 -72.8515767645208 -74.4462262084952 -77.7316662096909 -125.693518519976 -123.660008378208 -96.6468819229455 
-119.388844819994 -98.5392761188334 -80.4064970578133 -109.024142446757 -218.035975022384 -217.762471569946 -51.8079263659534 -52.2936340930328 -26.4567656963338 -25.1581171595026 -26.5095134947999 -147.134401619887 -62.5562442756889 -62.3593911250315 -68.1605857323924 -157.213228358911 -73.528505916014 -12.0530021682688 -31.6517508150231 -25.5823889320677 -20.6840923239913 -25.8917063927369 -42.6084717810905 -35.01225915421 -22.685397138075 -34.8088678402511 -14.0654731234073 -53.9304238608382 -51.7435855472596 -66.487748991813 -40.2897591944185 -38.300335131235 -105.621829999214 -111.054426995669 -42.7973568015971 -152.970105648121 -55.2652475637057 -24.7492882604992 -28.7785821295779 -61.7686397638913 
-75.514113977371 -62.3989804937209 -53.6023429429547 -49.5045253655933 -48.6323989263511 -47.3524633878695 -56.7099467664602 -104.152408343497 -82.549606918975 -104.345149111665 -124.886689374385 -216.649294743534 -217.696207463308 -214.867626810228 -216.649294743534 -214.867626810228 -38.9667790635875 -24.7333009710876 -90.141698420089 -75.4843588435058 -64.9145226826878 -116.093171316172 -143.386660907101 -129.596015613411 -49.3535359643117 -41.4160518773835 -38.8883454990675 -32.0664825260142 -37.6345993483076 -61.9796066873512 -31.6517445273902 -216.649294743534 -145.319242287685 -56.9608706910466 -58.8947362511303 -57.7916234138827 -77.2315556323442 -52.1257330378367 -115.875808578472 -62.096889257992 
-24.7334500682712 -31.0563581732804 -38.1729790851055 -82.9466597097874 -75.815588993798 -89.9594170822264 -35.4504078810149 -83.4591626093779 -73.4587210052432 -68.5687512301295 -66.9736550240275 -66.7252985818326 -72.8198923907582 -76.6139731323509 -100.886278823208 -103.610423575399 -216.649294743534 -214.867626810228 -33.4636298183653 -46.4719917327681 -109.314999010398 -45.1405219317801 -47.3054135292839 -63.2834090414433 -43.4881970384798 -44.0339599342703 -48.4177419486176 -54.2939946939458 -49.648098033455 -95.9006318163412 -54.1989259342648 -49.0177270203867 -53.8959392116229 -45.2904230367044 -46.8656930078709 -51.3523639567896 -57.6968308430022 -50.1995070686646 -38.1348728881237 -28.816971179048 
-65.9964011068107 -62.6934279318891 -52.1681272093869 -39.1723525508555 -69.8115669212016 -98.6583704765299 -71.060119591263 -91.5620700990317 -58.1219095600286 -116.712924573889 -170.937261103662 -107.855801655045 -218.035975022384 -217.696207463308 -217.696207463308 -157.810252721704 -62.0470136925058 -73.953686520062 -78.7717672171312 -67.7394401841113 -64.1866188024652 -84.3106201588288 -34.3817934046008 -31.8428373260899 -38.1241606432197 -38.8642664280017 -89.9653714641184 -66.6666256142942 -80.9972026062452 -55.018129459061 -56.7484857007772 -169.864955288337 -216.138593405299 -217.668597418704 -129.846282757566 -48.531396280871 -52.5183148357905 -46.454541434876 -216.519614606852 -151.855656509103 
-39.8655014001688 -92.1023567314327 -102.683092047005 -114.929976709626 -85.6643862067675 -216.649294743534 -164.530896525136 -76.1955507796585 -77.9758854005922 -25.5041323419901 -46.8222683889021 -54.622819480153 -34.3934461312593 -27.393266845547 -28.729144389018 -30.6937324792447 -36.9442935097995 -38.4235732725565 -84.3367514191455 -62.8498291751025 -84.670758037015 -55.5318830184194 -46.148927292806 -75.2270896993178 -56.2724212071353 -65.0468060026446 -85.2859004822553 -26.5534642958941 -28.7418875410959 -35.4407645777378 -44.1736364962043 -26.3929460106284 -49.9548887852986 -57.6134262272326 -29.8849087460014 -27.3665712448957 -97.3182480574101 -72.5143678712895 -98.2957472901982 -100.549347738325 
-86.2295437981189 -78.2864091232979 -74.8123615347556 -72.4271851538688 -71.3416001892457 -71.8386984019072 -216.649294743534 -214.867626810228 -57.9506943694031 -25.21641399508 -44.0122044117122 -193.879010624083 -83.3427361013385 -59.9909585936666 -49.2684799811295 -194.937959049761 -78.3988102855513 -88.2065204935066 -86.2171697317293 -91.2993286144689 -25.4417476598934 -15.2164125942448 -24.4547663416955 -0.0097442480022493 -46.3981826068853 -18.1835880860528 -20.2129243475387 -3.46128674494223 -32.127119778068 -33.8203552378562 -18.5046724472308 -14.062433042015 -14.0696602119607 -150.915167039138 -10.9092106266244 -15.9748978206799 -60.5634234292449 -7.69729794575955 -42.1455575449772 -103.061169770598 
-91.8822701350711 -28.7339454907247 -33.4107709728877 -86.4501477381019 -84.6080796674263 -133.641059307107 -25.4402153419559 -93.3289083730086 -3.94445412388353 -102.302145311227 -128.869851046708 -191.499906270691 -14.0556848519129 -3.78862468520204 -4.81155866572995 -4.34873906308616 -1.78772939821903 -3.45019583177688 -5.26923805169504 -6.24847439816233 -38.008685046094 -6.41543913849788 -3.42207852349867 -13.1992216083738 -8.13846186633738 -96.8801687651383 -5.38541807981718 -155.888232524962 -61.1746266790624 -56.3161721429125 -21.4042457155307 -15.8688016248234 -27.440075979101 -53.7477417086985 3.79600351080428e-10 -68.5139611365983 -111.134551943901 -29.4347873066261 -53.8628765645663 -26.3683884158704 
-121.834016408015 -214 -5.71629982925864 -8.12896540346079 -14.0329637151618 -16.9994528303062 -19.4667840751855 -7.99153019806577 -14.0957406567279 -14.4661442041258 -17.9041593357252 -68.9411174600506 -43.9151734789679 -80.6133206702944 -4.10590637556782 -3.78888610717665 -5.0499662614613 -27.8092528418198 -87.978499692349 -8.08469620212202e-07 -8.62279620204602 -67.717465222582 -15.8844133878719 -32.0193411032418 -16.5258211696244 -6.04529239522793 -9.31366760898906 -4.68353626917733 -2.16489305381812 -0.717272078653692 -2.89870541467739 -14.338384266028 -3.11880575489281 -7.88974050837085 -24.9897852991076 -33.1343256471851 -15.5680843060159 -8.23136971596962 -9.23133620781956 -9.49447547180225 
-16.9623756532301 -23.4670215508721 1.34058882108872e-06 -4.92857631121973 -0.336024973399426 -1.67761619192861 1.49196034407183e-06 -56.4155330280029 -15.8628777685332 -2.34422951018251 -6.36791276901462 -16.2047764621864 -70.8036457896005 -46.5900222372041 -11.8394654964731 -48.7402008793569 -15.1939652157699 -115.309633803098 -14.5841005573527 -57.6408761584569 -1.06664362701859 -35.1940181976125 -65.5462899938288 -23.7744752946487 -15.332719201303 -45.6284901680836 -32.0230798332199 -38.7486520742639 -34.0671334210582 -12.8635671946764 -12.9335276789265 -9.2493379871338 -11.5519061203598 -57.0550665931326 -14.5670308964499 -6.20872470856677 -16.0454711950214 -35.3900363076401 -26.0520616126513 -23.458707569288 
-23.114383282546 -102.092611956692 -91.8865214365195 -106.699684745672 -3.36527514976483 -33.170105742082 -124.994132949332 -42.9466391625853 -10.0452683231011 -46.6153815222458 -37.4991573525438 -50.4396855483441 -144.87607012961 -72.0464659903961 -137.540072859498 -20.6548468541479 -39.7377272742427 -39.8967034540585 -4.94424318732308 -70.0500943333451 -113.96572643272 -21.6390535522064 -28.0138888064623 -28.5593679723211 -30.9408855172784 -7.24352039901905e-07 -10.7459318309973 -62.488082326595 -87.8470605237093 -34.6946493041895 -15.8166623286922 -8.21229889950769 -1.99531916153217 -9.93039417573173 -7.17318910752318 -36.4542460910545 -19.5481601170454 -14.5375352296613 -21.4137279506426 -2.15969747752854e-08 
-16.3458433674758 -2.66924467762958 -22.4568679120813 -32.2053566199083 -18.163981494463 -18.7302500615208 -86.3366286963693 -11.7874751982843 -15.0964144998214 -35.5712450940529 -4.25089776292427 -0.867121816634482 -6.6226931442601 -7.89489764013444 -7.6780147447296 -38.4263775155094 3.0411229090486e-12 -3.89516431226568 -48.1895161192683 -49.8100133357487 -32.7588799856367 -22.8604182507817 -21.0183501805095 -23.3891870427772 -21.8234291828038 -214 -6.33034033539198 -30.2547799476374 -172.503366100373 -189.201277480229 -85.2801015002443 -56.9432083463557 -57.5096334442065 -191.81765635204 -214 -17.7665603550976 -35.118821728328 -18.561592137789 -1.74688835603328 -10.1424803878009 
-6.45766806346282 -4.99902745505418 -6.43442147247851 -2.32103986625306 -8.32273144716138 -7.90552382784134 -206.230187356688 -207.540799200483 -3.69627442765472 -3.45395458712518 -2.61185900311214e-05 2.95550761931706e-07 -3.05393599346735 -2.39749944913025 -7.22805384578631 -15.6192765673573 -61.7160190474842 -117.77371109599 -32.1549865381011 -12.1640344837332 -26.8210240825906 -74.5914462433292 -27.9520134514799 -8.76593635629993 -31.718195951003 -41.2585192022712 -40.8286781632061 -5.75297265519164 -12.6588546858232 -7.45545866778669 -8.65946902797879 -26.332049083925 -28.4898469810514 -56.7532720995269 -29.8292762024553 -29.8555248718879 -4.79281986315209 -2.35656000449104 -0.753944904586695 -2.70481966133808 
-3.15144464926816 -10.1610903094093 -21.0771386618757 -54.3188252349141 -53.108030369128 -51.8484271047957 -47.7431935624318 -65.2711976857355 -24.8269597924594 -55.9226909023088 2.63412402966291e-10 -16.3771175143006 -25.1386516609253 -6.36570919534665 -40.6368515091747 8.10165998285791e-07 -13.3339864601548 -55.3931114490764 -19.5277018384458 -47.8536987567169 -15.3937081555913 -36.6203259907706 -188.338052202113 -26.8175156079544 -44.4475626463764 -14.9348294609404 -18.1196968210359 7.85785230430651e-08 -214 -6.34373090421906 -15.5259056303401 -11.8536215625409 -61.0250611815778 0.0162311108396617 -75.8749825373353 -27.2124252680937 -62.6568064997358 -76.472728676959 -72.0454990941077 6.57195753982121e-08 
-87.6142982962219 -8.31032211942386 -73.6724659770716 -46.9915711300216 -214 -74.4857106952951 -88.3681363662302 -15.277635213179 -25.4048727394773 -7.46899723872342 -2.42761085094559 9.12394168985727e-07 -28.9944368939668 -0.184636632647984 -2.02670470332363 -71.264322636768 -54.0102169630816 -5.18934087574462 -54.7714229600361 -28.3537896679569 -25.4197719029015 -14.6981224631434 -43.5058595042352 -41.7582782019125 -46.8670937668978 -87.111545236776 -26.6049088403045 -77.0270787851378 -2.55001168053462e-07 -57.3556508415246 1.89542675312923e-08 -8.67742972069213 
<W>
7.53311796028172e-18 1.87539179117774e-26 1.09893399323842e-19 1.52839123030172e-20 1.41155913910947e-23 3.57603699736578e-26 6.03908771334933e-41 7.21746786396259e-29 1.46519508970034e-18 7.34694700524087e-29 5.145776112023e-42 0 2.55131434738801e-18 1.11753005135351e-18 8.61999083122334e-42 2.55215019298594e-51 2.17219936361659e-63 0 0 0 0 4.3981227274763e-53 3.46747737210341e-37 1.52445473011917e-34 2.53764983714829e-35 4.83019606953833e-38 2.65018719254844e-50 3.40876970874711e-56 7.19506029288164e-59 4.98372949029119e-41 8.58731696807031e-48 1.86552961708932e-55 0 0 1.79044964787709e-54 1.2733194181025e-47 0 0 1.70282931260154e-44 6.13673178219192e-18 
0 0 0 3.13867590897658e-38 5.42516000881567e-34 5.15121208342395e-32 1.26959584172215e-32 1.12209419107593e-35 4.11726999392344e-41 6.56757694060824e-48 6.15370488822261e-26 2.64988916021302e-18 2.18862260620318e-14 0 5.03714881934226e-57 0 1.06780810909446e-31 6.09652163051324e-22 1.05206583313193e-25 1.49768799783136e-39 6.37028828674615e-40 1.22736650594754e-38 6.83827243620476e-34 3.6113557942305e-22 5.58394114328734e-31 2.6537925789873e-40 9.94682945272908e-25 1.19210344237558e-31 7.75789434354314e-42 8.79241191221111e-25 2.50231295825267e-29 2.43989444432662e-25 7.3260166342215e-30 5.48652918904882e-31 8.36354918903874e-41 3.4827877504094e-61 8.39668693505431e-46 1.16902865926979e-35 0 0 
0 0 0 0 1.05121899791797e-18 2.29935780629475e-23 4.78814113512106e-20 0 0 3.88444346540529e-32 4.03583364872536e-44 1.73596083849357e-57 0 8.26261572410281e-25 9.59252023436944e-23 2.23769237378965e-17 2.84631338466254e-08 0.0117417765138614 0.00858536136133893 1.84177477015505e-64 1.28386962111106e-26 5.85364102741738e-37 2.79467483949949e-51 1.12787160676336e-50 0 6.33695564257144e-18 4.65651264513164e-18 9.2491434551392e-13 6.2923796990357e-30 9.34563780365492e-25 8.81506929542189e-21 3.48296444845695e-25 1.66710322201e-39 6.30868696893841e-33 2.32748387639404e-22 2.17087634589515e-34 1.42576104947278e-14 1.09490800929282e-55 7.36862927941008e-48 3.49353068056803e-17 
3.77921839790905e-45 0 6.21025064344784e-18 5.37605022550712e-14 0.0446283002301963 7.86273992359015e-33 8.27973918385807e-48 2.0909287109666e-26 1.36741252146041e-18 6.13329138178738e-13 3.36906009510015e-17 7.86274134251638e-33 8.27974067798947e-48 2.09092908829431e-26 0 9.0850430141051e-09 2.62442223028887e-14 1.82624689268958e-37 1.52593479561093e-26 5.2365731999007e-28 1.5032238296635e-21 5.76912811271102e-18 4.1803088292847e-52 8.77748664671657e-61 3.51189671578707e-39 3.83681896625643e-10 2.05550297834371e-17 6.35479960893293e-35 3.74731133194617e-20 1.40185021090756e-55 0.000893575687518232 0 9.00010270585064e-10 3.95938035635403e-13 1.76331102291308e-46 3.74581975091444e-32 2.4236583082133e-34 2.16280931706333e-29 5.3296738137885e-31 1.58587336861651e-30 
3.13004419917996e-19 6.62788117389887e-39 1.03944934832737e-27 1.03414435361257e-17 3.4407284555701e-18 4.69877132100194e-20 7.96284832543108e-22 3.13470367897763e-30 2.270961663624e-43 2.2188769621479e-36 2.24768410395745e-43 3.25373134505995e-65 0 2.71488677215726e-31 8.44302620090544e-25 4.31045468854918e-33 8.28772814036094e-42 1.72474619958067e-38 1.04207244310577e-21 2.68114594261883e-40 9.69834891221202e-23 8.71447240340615e-21 1.1658155617589e-17 1.27621479050612e-19 0 5.01747854931437e-18 4.14287923846166e-20 2.0054332911075 0 3.6113564459307e-22 5.58394215095849e-31 2.653793057886e-40 9.94683124772066e-25 8.79241349887838e-25 2.50231340981751e-29 2.43989488462714e-25 7.32601795626471e-30 5.48653017913908e-31 8.39668845031511e-46 1.16902887023186e-35 
0 0 1.05121918761972e-18 2.29935822123301e-23 4.78814199918299e-20 0 8.26261721516024e-25 9.59252196542287e-23 2.2376927776036e-17 1.326599162391e-17 1.88902769690165e-26 7.01297537428236e-19 7.76616856101217e-22 1.63259764231826e-26 7.47888694115659e-28 6.74523978201414e-24 3.78580633053614e-28 4.20608092918038e-36 4.2181141679984e-53 4.60326474242139e-33 5.01550804693132e-20 6.42783891220503e-28 2.06091586273978e-38 3.25520946436223e-37 2.45680266644151e-60 5.89875372886709e-19 4.51106122263818e-55 2.59226923843051e-19 3.40078027521436e-49 3.74127951939493e-44 3.90728791961433e-65 1.72921989966642e-40 6.68317850308211e-46 4.6908829114908e-51 1.34352510106061e-43 9.07361348750546e-45 2.66409685847039e-48 0 4.62101803700024e-51 0 
0 0 9.16659222941425e-43 1.85926186990235e-34 2.18760969775766e-28 1.34534733795365e-21 2.48825861408323e-26 1.72781979273126e-61 0 2.26841700723547e-40 1.5204086389522e-39 5.32230646913133e-37 1.99580887850341e-43 1.02692203962493e-42 0 8.43255817395446e-40 2.43619420017576e-63 1.57974731826488e-41 1.88297799266709e-42 3.61395571569439e-17 1.38442980678547e-29 1.39633392822339e-43 2.38570697044127e-49 2.98531079047786e-58 0 4.37722252112004e-55 2.77157945333299e-47 3.92350467300149e-48 1.06526939811786e-44 8.68048159902369e-25 2.09341247030429e-44 1.41012692985006e-46 1.26370207584792e-21 1.5957389528925e-23 2.20850813332969e-54 0 0 0 4.15474149992671e-55 0 
6.58781913902347e-60 0 0 5.45415338459972e-47 9.03824457860088e-30 3.97287901389891e-41 8.15627932560564e-31 8.78285538728878e-44 4.95586537587672e-51 0 0 0 1.45702650702378e-27 3.17413329310093e-42 3.26262499520975e-59 4.10061513834889e-45 2.41302699914416e-22 2.54808575624767e-32 1.04178116326989e-24 9.69734157656271e-24 5.29845884680205e-28 8.00552174801375e-45 5.09883819577619e-19 1.58813787663784e-18 3.37997225673346e-25 3.53438231051676e-21 1.11250760240177e-23 5.26277035176185e-22 1.54554621817005e-17 2.70311759732661e-07 2.59696557375992e-16 2.55184045375799e-50 1.56582702832376e-53 8.58778333630249e-60 0 0 8.66474132635432e-34 3.3671901374222e-50 1.66056479576187e-22 8.42425806468861e-21 
2.35756397229257e-50 1.97829880755696e-51 1.95090839891275e-55 1.23976015425007e-60 0 3.17362773548009e-22 5.27325339020154e-48 1.45977588395098e-48 0 8.28500639481433e-39 9.91446507981914e-34 3.5026805457343e-34 0 0 0 0 1.43427975370963e-22 3.709610620641e-28 2.21313618118925e-23 1.46102863665868e-28 9.84085745713794e-24 0 0 4.39761167728487e-18 4.31394396365056e-38 1.49731566981238e-29 3.77749006918456e-38 4.76223730717839e-29 0 0 2.19921799207291e-50 2.08154544734077e-22 9.78085914000499e-18 2.61493397942892e-49 0 2.60298646130439e-41 5.85247982154551e-23 3.83844211000731e-10 6.16426467543893e-24 0.000111497757523907 
6.10239777007329e-37 0 2.49308164548085e-12 2.18604771247839e-36 1.83263283389604e-48 5.37024851988321e-27 0 0 0 0 2.99106801668434e-19 2.06374401939493e-26 0 0 0 1.14987222278211e-38 2.49593820434748e-28 0 0 0 2.15009452771975e-44 7.53697621269346e-29 7.75140232580877e-26 6.61550759955181e-40 4.48786775763075e-49 2.80760828183707e-21 0 0 3.96373388009757e-29 7.97408213828664e-25 7.33006355043436e-32 5.33266826649544e-18 9.0493807472406e-31 3.91925355117771e-20 0 7.88410569461655e-58 0 1.08594923342674e-38 3.61395571569404e-17 0 
0 0 2.5776952752303e-55 1.05573854065707e-54 4.4900480520146e-54 0 0 1.76324998747512e-56 0 0 3.17014327629206e-56 0 0 0 2.99333429892147e-55 0 3.61160363316746e-50 8.50922780311015e-51 0 0 1.52744198477781e-22 1.66727023074593e-32 6.81661543992244e-25 6.42769475073542e-24 2.39851185311892e-28 5.23819850199891e-45 9.6219596636852e-19 2.99695692302346e-18 6.37830692096037e-25 6.66969264706397e-21 7.27939666706746e-24 3.44355277709859e-22 1.01128663515292e-17 3.61395571569696e-17 0 0 0 5.77120813891628e-06 2.94472069978345e-20 0 
0 2.02193348260979e-20 1.061102143944e-32 1.31326070233704e-27 2.6959047393086e-17 3.57497847117188e-32 2.2514722820628e-09 3.44617963675433e-17 2.05625692442121e-25 2.94994665941516e-43 5.52584129079066e-38 3.75610997860848e-27 1.14106608991591e-42 1.97927516720511e-20 1.36951422785034e-08 1.35491787755669e-25 6.28971663388522e-20 1.14405802636148e-23 4.23476164878086e-14 8.51083192715247e-21 2.15030620218117e-44 1.1336421294425e-33 2.95112869074815e-34 9.72666155101451e-28 6.83769423820475e-15 3.66317362811334e-23 4.11188000639686e-39 9.21846862432881e-30 2.19821774796891e-10 0 7.00141172330107e-16 1.40787648100844e-16 1.56832756421898e-52 1.97427852621384e-42 0.00107429731105948 2.52516089026334e-62 1.05761046945273e-11 5.34325651338787e-06 9.25307472217153e-64 2.70773923603689e-10 
4.89270324315766e-59 1.03517423634865e-57 1.50909436153302e-59 1.75274635188103e-15 3.58113329497714e-13 1.04312146843878e-25 3.64791992186343e-19 4.44924656712181e-28 9.74219189910385e-08 1.95528283243071e-43 1.64692624913789e-40 1.93983023259855e-05 0 1.30299469257765e-17 8.86094594505493e-18 2.73808102257109e-22 1.7308221833519e-21 0 0 1.44355659784499 2.57930120019902e-20 1.20750865066175e-14 7.27610976466343e-10 1.04381259379397e-14 2.74559237101856e-27 6.47470966542403e-22 1.05574767831938e-11 1.40001500524517e-26 0.000305722937287477 0 9.67387329958108e-40 7.9253425899043e-26 9.2572435021568e-18 8.81356644160954e-18 1.274432269829e-19 0 0 1.00545180162907e-39 1.57684805826356e-28 6.92023362808821e-31 
2.87272834933333e-46 4.24321801344382e-22 4.4916590328426e-26 8.06191195877304e-22 5.61215976333281e-32 5.47116620614436e-54 1.36029288801016e-41 5.18537912140657e-63 3.8647383125363e-38 1.87379378602581e-50 1.93501885625074e-35 5.26876973653211e-56 0 0 0 0 2.62004875589696e-37 0 7.71764109278391e-21 6.53897212098956e-25 6.72036591577127e-43 7.13110560384685e-64 1.38947412457426e-21 6.06756555588948e-31 3.61453274267597e-45 1.17376434611069e-55 0 0 0 3.17122969293959e-21 0 0 0 2.94106601241636e-17 3.47711198796878e-53 0 5.49620796886356e-62 0 5.17667205789515e-54 6.67325325106226e-66 
9.79079842095803e-56 8.65470388139733e-56 0 3.40007232131148e-60 2.40167239983671e-56 2.73075964011625e-60 7.21126561328376e-61 9.02773058335856e-57 0 0 6.10184577490251e-30 0 0 0 2.24270703201967e-46 0 2.31954302556809e-59 0 5.12145114149026e-36 0 8.74167183953803e-50 4.23713337601494e-48 5.04221020308969e-41 2.24247073673688e-45 0 7.87780288314683e-36 0 0 6.4041104584274e-43 4.5848243221706e-49 1.14522200418569e-34 1.42802287160311e-53 6.8872040406402e-24 3.39981558243869e-17 2.41084550657611e-50 1.04217111723619e-50 1.71594996018474e-30 1.97351637914012e-26 0 2.05660700420823e-54 
0 0 2.11704452305113e-47 0 0 0 0 7.9078902351323e-35 0 4.07164512213968e-41 1.11854097196695e-66 0 0 1.22746253490143e-56 1.92456125063179e-42 0 0 0 1.95390107532913e-32 2.44532879731425e-34 0 0 0 0 0 0 0 1.14540723477387e-60 2.04295440877934e-58 3.75902200845961e-54 9.3894906228511e-63 2.96787663337875e-48 1.04011280866054e-56 0 2.16614319666777e-18 1.34195455695818e-47 2.40909170167816e-26 0 4.23276647217987e-56 3.45078810445744e-52 
5.85349437618503e-47 2.5773372290236e-43 7.37395149734398e-49 8.84826322579193e-34 1.68519861101532e-66 9.71804870313822e-40 3.52157356377432e-25 1.44595131553354e-17 4.87728851353977e-18 6.39100513813932e-55 3.21150557767385e-54 5.76076506437522e-56 1.25565512474345e-25 9.08787844472674e-20 1.77643185228e-29 5.78748857142718e-56 1.40181302464616e-31 3.47810349996328e-24 2.42350240477566e-25 5.84481123268904e-25 3.29240664911827e-19 7.60658147980824e-20 3.13706408076274e-21 7.00821538332177e-23 3.31692588961866e-28 1.67715716642563e-53 3.80845980828947e-42 5.37864263944471e-36 8.24658240394918e-48 7.09638654591146e-19 9.61062444261045e-23 1.62678017396205e-35 4.40779485559629e-37 2.54430588650208e-50 2.45350268577807e-66 1.46416212007134e-17 2.51102148732261e-42 1.43504963611456e-23 1.21557114589404e-20 3.61395571569407e-17 
0 0 3.39291134402211e-64 3.32231138571455e-61 5.4323840784466e-60 0 0 0 0 2.75689247024754e-51 5.867384043647e-57 7.49991134018866e-64 3.61395571569404e-17 5.27923216459799e-64 0 0 6.67993836308101e-59 6.68670871055842e-56 2.56043198832558e-55 8.3626358205869e-55 0 0 0 0 0 0 0 0 0 0 0 0 0 0 1.87009229111337e-28 0 2.78498550628598e-37 1.27478889813837e-46 4.36056696083786e-61 0 
4.92819322732514e-31 1.24524882135724e-25 1.23170527773716e-37 2.90524779471287e-29 0 1.26346685456652e-31 8.35094994677792e-64 3.79368056641572e-36 4.7976645526438e-60 8.10084551857032e-48 1.31310904701745e-52 0 0 1.05745142612893e-47 0 0 0 1.30921394537452e-64 0 0 0 1.17223983382596e-53 0 0 0 0 1.52188736305755e-24 5.10898197833894e-41 4.74023094453642e-29 9.19409906365331e-28 1.8068666840697e-22 8.00248240357003e-26 4.64921444936192e-55 0 0 0 0 0 0 1.80999468679059e-49 
0 0 0 0 2.6947232500755e-50 4.05465078632903e-52 0 1.98569470297965e-34 0 0 1.71744965974367e-46 0 1.32163519644431e-65 0 9.21324912141553e-64 1.07475775291187e-29 3.13419313531887e-28 5.99875025917672e-66 1.56135161966312e-23 1.41180646723479e-58 2.8482727494481e-17 2.71826858703441e-29 1.11920384304147e-25 1.60558199770719e-29 1.23188478193146e-27 4.54705422593015e-19 1.47130125452156e-34 8.50139659890965e-44 0 2.98191583728355e-38 2.46463851359945e-27 0.00562615262955918 1.11315809582722e-17 5.59763042203264e-31 0 1.4175975620025e-55 0 7.03530838975619e-32 4.04168124066147e-34 7.91365869815188e-39 
1.99373666755099e-30 1.05769436864799e-06 1.15776421212679e-24 5.65389375818721e-08 9.91558847314364e-16 2.8938968677039e-22 3.02230636998825e-32 1.23566512576726e-24 6.93069808902076e-24 3.78681291534534e-28 9.49541439835353e-45 3.48013038830877e-19 1.08395809090324e-18 2.30694601549054e-25 6.30536145536537e-39 1.38253330633388e-49 2.41233608102765e-21 1.31955418342751e-23 6.24221458736058e-22 1.83318500582335e-17 4.28610199401807e-60 0 0 0 0 1.01465155586171e-59 0 6.16585159656902e-60 0 6.98493800076227e-61 0 4.5124359623099e-62 0 0 5.77555887895691e-59 2.37968158541524e-60 3.33336291865284e-63 0 0 0 
0 0 1.58298254832503e-65 0 0 0 1.09607599610091e-40 4.14733880857643e-41 1.14700026998838e-18 1.54023947726713e-17 1.0323556608802e-18 0 5.05807894687746e-50 7.49750659965107e-50 6.85759992504648e-55 0 1.49136459713344e-59 3.72001452016549e-06 3.5256637709415e-23 6.59226900338575e-18 1.18481827952549e-13 3.55119927976115e-18 1.07247838880203e-32 4.24976592398411e-26 2.16427600681325e-15 6.38353329723563e-26 6.64465885422824e-08 1.57119268094371e-42 1.24684564290631e-40 1.94635230551896e-53 1.1076753139242e-30 5.92157551339337e-29 0 0 7.35059496008231e-33 0 1.08871455940146e-43 3.48872579408179e-17 1.10388698646575e-20 2.44484470477383e-49 
2.81494382417005e-61 6.92830571163464e-50 3.02944582109389e-42 1.09813867872103e-38 6.28281274703501e-38 8.1266235829196e-37 6.05906081468162e-45 0 0 0 0 0 0 0 0 0 1.56160768549792e-29 3.60208055364426e-17 0 2.98548036526338e-61 4.52658819066044e-52 0 0 0 1.48526337893524e-38 1.16475885422378e-31 1.82669012348253e-29 1.53848331622246e-23 2.24252378900192e-28 1.60409436977863e-49 3.52726208188827e-23 0 0 3.66471432340874e-45 7.66265201199104e-47 6.95855088208667e-46 9.06295594911649e-63 5.80563032286535e-41 0 1.26771405122262e-49 
3.60100754003946e-17 1.15997554633386e-22 7.63848269416332e-29 0 1.53911393835889e-61 0 1.76944702309398e-26 0 1.71521048053855e-59 3.0315355322325e-55 7.36418847261327e-54 1.21022002906768e-53 6.1550001732625e-59 3.1175109935764e-62 0 0 0 0 9.40746206355219e-25 4.72709554290417e-36 0 6.77973342911987e-35 8.92863378228024e-37 1.18382856074889e-50 1.84609254186133e-33 6.19754497992299e-34 9.6510915573716e-38 7.59923041913987e-43 8.23724046774481e-39 0 9.18642250486144e-43 2.90608511748318e-38 1.68306417257058e-42 5.02193108271961e-35 2.15093270501659e-36 2.72702567821103e-40 8.41633196342411e-46 2.73484620516224e-39 8.24310014149251e-29 1.02213317440288e-20 
5.19969870933634e-53 3.84358990511865e-50 5.3324381927419e-41 1.03490875427853e-29 2.52404185509686e-56 0 2.07782031534698e-57 0 3.59405093143473e-46 0 0 0 0 0 0 0 1.40036516583255e-49 6.37266608571972e-60 4.16194999210338e-64 1.59153579665375e-54 1.93988273217984e-51 0 1.49950596527287e-25 2.4068443894276e-23 8.42092704168457e-29 1.91659966403013e-29 0 1.36111605151212e-53 4.85801807213028e-66 1.78434343739943e-43 5.60519458186666e-45 0 0 0 0 7.68875179495283e-38 2.64873960719296e-41 4.8943120055281e-36 0 0 
2.58760112944033e-30 0 0 0 0 0 0 7.19439339197751e-62 2.04492017287895e-63 7.71009151862797e-18 2.34661883702517e-36 3.93460381271742e-43 1.46511322197938e-25 1.76235280320406e-19 1.21819866859408e-20 2.3939256437618e-22 8.91530100642959e-28 4.62759938831303e-29 0 2.81256397500221e-50 0 6.38672180815412e-44 9.01989179756239e-36 4.99231551634921e-61 1.45288263055219e-44 3.47378508158836e-52 0 9.45291917394328e-19 1.18757118464505e-20 1.80321108032263e-26 4.68774453651767e-34 1.30316200531009e-18 4.46135772142088e-39 9.94003897841734e-46 1.20667705532712e-21 1.85912686575757e-19 0 1.13420099787227e-58 0 0 
0 1.09908342643683e-63 1.14426756168826e-60 1.34984410408977e-58 1.18398342334195e-57 4.38142146260787e-58 0 0 5.06235097079162e-46 1.37065108895064e-17 6.47430106778009e-34 0 0 8.55362978463277e-48 1.76022182933038e-38 0 8.77803799336878e-64 0 0 0 8.73382670141637e-18 6.64931447590861e-09 6.28773355192118e-17 107445.010839103 0 0 0 0 0 0 0 0 0 0 0 0 0 0 0 0 
0 0 0 0 0 0 0 0 0 0 0 0 0 0 0 0 0 0 0 0 0 0 0 0 0 0 0 0 0 0 0 0 0 0 0.0165870246375103 0 0 0 0 0 
0 0 0 0 0 0 0 0 0 0 0 0 0 0 0 0 0 0 0 3.44166270142795e-08 0 0 0 0 0 0 0 0 0 0 0 0 0 0 0 0 0 0 0 0 
0 0 3.60959211398973e-18 0 0 0 0.0971270052663314 0 0 0 0 0 0 0 0 0 0 0 0 0 0 0 0 0 0 0 0 0 0 0 0 0 0 0 0 0 0 0 0 0 
0 0 0 0 0 0 0 0 0 0 0 0 0 0 0 0 0 0 0 0 0 0 0 0 0 8.91350212653417e-18 0 0 0 0 0 0 0 0 0 0 0 0 0 8.92446014600282e-18 
0 0 0 0 0 0 0 0 0 0 0 0 0 0 0 0 0.103509106148807 0 0 0 0 0 0 0 0 0 0 0 0 0 0 0 0 0 0 0 0 0 0 0 
0 0 0 0 0 0 0 0 0 0 7.79184857174872e-07 0.000801874715656536 0 0 0 0 0 0 0 0 0 0 0 0 0 0 0 0 0 0 0 0 0 0 0 0 0 0 0 0 
0 0 0 0 0 0 0 0 0 0 0.00598597673138664 0 0 0 0 0.0524607108406801 0 0 0 0 0 0 0 0 0 0 0 0.0256117012003699 0 0 0 0 0 3.27499944446841e-20 0 0 0 0 0 3.59073884614087e-17 
0 0 0 0 0 0 0 0 0 0 0 0.00433548786217262 0 0 0 0 0 0 0 0 0 0 0 0 0 0 0 0 3.48583261571424e-17 0 5.33324207669202e-18 0 
<F>
-282.34410973033 -778.614509629564 -337.045006113854 -405.594554046802 -528.845000960189 -652.095419618629 -772.143967278636 -507.195917800385 -357.294720146778 -580.315577649516 -878.287103144389 0 -588.352450318199 -7.69729720093916 -18.3107601715468 -81.2597050258742 -144.208623209565 0 0 0 0 -249.812335417599 -73.0116378552844 -127.712488826039 -182.413331945395 -237.114167420526 -141.561185804531 -487.390656313095 -68.1064232351709 -43.2085685799813 -60.2014045535254 -102.09202233777 0 0 -168.211917023573 -93.261352027228 0 0 -324.319003684384 -22.8635933400681 
0 0 0 -244.817739331575 -368.068183904301 -491.318632377863 -614.569052791553 -737.819451699336 -861.069842819571 -984.320226426386 -394.718964984275 -469.669551603531 -544.620116493894 0 -639.536670224275 0 -319.768350208716 -517.969385374506 -641.219784179862 -566.269219103713 -856.834350430692 -550.826081800741 -760.859151496961 -271.143449662832 -734.146618827272 -965.64814821093 -502.645089755982 -767.413854544249 -1263.68411792163 -325.844347758784 -380.545248703142 -394.393895596745 -517.644344089451 -523.364988048613 -788.133777417709 -1305.1240264818 -760.943308687789 -740.223415725685 0 0 
0 0 0 0 -421.044653183162 -495.995262982976 -346.094059240762 0 0 -569.114922602905 -867.086235630594 -1165.05762709236 0 -883.160062144295 -577.151793527667 -787.184866698639 -275.374879729832 -262.077129551921 -337.027694526186 -680.712212472508 -535.812711174737 -584.112544981733 -632.412378747524 -834.28490121684 0 -412.562281164715 -487.51283598032 -242.006164371537 -729.51905613072 -473.507784827544 -365.256613920496 -494.227706149355 -731.806027198961 -711.086106051211 -316.956779982487 -690.366163331397 -548.014483621064 -1606.55891961524 -1364.55267484901 -62.9489681054468 
-66.7815321816793 0 -177.270925984998 -231.501550254406 -227.711208789145 -1026.36827080284 -1403.98067673883 -723.706470657938 -715.224099665018 -459.212828337786 -723.981604640137 -1025.03707329575 -1402.64947923174 -722.375273150849 0 -350.961659289731 -479.932749643061 -765.421430616987 -744.701509470929 -717.51107066799 -696.791149537204 -587.823079885848 -1793.2933886634 -1459.80524284942 -779.531017606052 -302.661823521378 -525.682654405464 -823.653995616502 -676.071206798408 -1791.49647832376 -533.719527193546 0 -743.752624883722 -723.032703555614 -1858.22682788694 -1577.96900670644 -1350.25771832154 -1217.29731986485 -1445.00849990926 -989.586111484255 
-55.7696534862625 -518.772811761666 -287.27127166863 -110.470554592051 -165.171425215781 -219.872260926148 -274.573119323101 -307.991194825095 -545.569516035828 -524.849593057129 -105.565282954208 -130.463059245136 0 -80.6674846483786 -205.670853231472 -280.621418000842 -355.572126588279 -186.489898680851 -130.720243236084 -84.845339229255 -667.786310529375 -361.77797049998 -247.344849327727 -370.595294991368 0 -553.353192847098 -496.270300548538 -54.7008109359004 0 -269.812252155745 -732.815421320184 -964.316950703842 -501.313892248894 -324.513150251696 -379.214051196054 -393.062698089657 -516.313146582363 -522.033790541525 -759.6121111807 -738.892218218597 
0 0 -419.713455676074 -494.664065475888 -344.762861733674 0 -881.828864637207 -575.820596020579 -785.85366919155 -45.0013927383845 -276.503012044138 -99.7022879482529 -154.403165865996 -209.104048338797 -263.804911222257 -168.251835865345 -297.222928111579 -514.08133319948 -94.797023216967 -69.8992179325122 -194.902593672844 -269.853189690991 -344.803765973373 -164.953371368732 -479.807937949791 -119.952001969893 -300.95692711166 -351.009710847215 -123.279394676315 -133.892840194772 -196.84180239947 -177.980291862825 -188.59373495289 -243.294632277453 -257.143283122755 -380.393728346364 -503.644153993398 0 -602.972799832233 0 
0 0 -198.23000607921 -208.843449383377 -283.794060857949 -358.744652684061 -433.695248833817 -417.686868042832 0 -671.846662036488 -665.196818249613 -440.34507107492 -318.245224364 -848.544495878948 0 -827.824564762023 0 -807.104631839877 -439.901177617366 -138.606831665779 -15.5474826539558 -26.1609227120783 -513.673811294461 -1001.18668455621 0 -489.164304522291 -257.662540596278 -332.613181478785 -249.898400228248 -70.2483532768243 -80.8618226119065 -135.562693521263 -124.949204268775 -179.650047405579 -278.382463177775 0 0 0 -505.347313915534 0 
-495.240860626713 0 0 -65.3430645710472 -40.4452846432827 -176.062122232996 -165.448632683406 -251.012916022664 -325.963391564619 0 0 0 -90.4980675573836 -101.111524578313 -85.0683966175053 -332.169238685462 -262.131119939026 -725.133773288083 -493.632764685438 -385.381565458061 -508.632013939807 -751.930978520159 -412.032346335546 -486.982932854911 -561.933497642257 -337.081731657345 -874.147868924522 -568.139463342822 -778.172536606338 -123.250440983074 -57.6811276114364 -68.2945770599837 -555.807461313797 -1043.3203540525 0 0 -520.684312375977 -762.799269586063 -289.182746834498 -112.382029573435 
-122.995477708414 -177.696395040261 -232.397240881595 -287.098091968575 0 -180.931575805168 -191.545019987484 -314.795466156931 0 -547.480988962531 -526.761067870464 -384.409366630802 0 0 0 0 -207.582328431215 -218.195798293365 -293.146383304592 -282.532893300664 -368.096948240096 0 0 -132.631741931709 -143.245183680682 -374.746801699229 -516.654614778967 -61.8590366824426 0 0 -680.311328781186 -669.697684718816 -363.689445498519 -374.302915133816 0 -584.335982128594 -20.2129055479855 -316.81480891401 -337.534731329337 -296.09483806778 
-613.063635408351 0 -252.221522082334 -537.710171983455 -558.430114549109 -516.990251754329 0 0 0 0 -143.970341439578 -267.220710116733 0 0 0 -401.551685064165 -380.831742415563 0 0 0 -339.411259533001 -318.691306731666 -489.799796842985 -510.519754575829 -863.209150616962 -469.079836346686 0 0 -45.6177238819909 -24.897846133728 -251.270587694458 -326.728209833333 -27.6819043377392 -6.96196139700565 0 -233.334767255284 0 -29.3689678665813 -5.65982759245277 0 
0 0 -136.288508683757 -190.989410260258 -245.690294971144 0 0 -76.6823693709911 0 0 -176.787937185817 0 0 0 -156.538222947579 0 -35.2424745700708 -55.9624912650171 0 0 -302.561495019558 -765.564148351873 -534.063139360509 -425.811940529912 -549.06238860296 -792.361353175655 -452.462721001213 -527.413307525787 -602.36387233507 -377.512106328965 -914.578243479058 -608.569837982456 -818.602911307141 -41.8906828496756 0 0 0 -122.127429309211 -353.62898513634 0 
0 -374.348938991805 -611.927286661128 -591.207333062212 -197.078012781148 -570.48737085378 -428.135701550281 -139.192750752529 -262.443169294985 -628.992582544609 -608.272639897615 -214.143335389794 -587.552689305743 -445.201017466174 -196.011331268836 -683.524221547904 -427.512951960541 -692.281726176641 -319.261773437966 -448.23287231714 -733.721550400182 -713.001630193959 -685.811190275553 -665.091270085294 -270.961946124143 -493.982775827592 -791.954117984427 -644.371328667614 -502.019648647933 0 -712.052747735555 -691.332827353945 -1514.5692367568 -1318.55784246531 -98.5264265054683 -109.139870870476 -330.02804306731 -153.227325508365 -163.84076705199 -221.776873633775 
-232.390315126982 -355.640761996604 -478.89118063594 -350.747966029863 -248.42762469984 -259.041094664 -323.378189627445 -398.328746586224 -173.477039899631 -184.090481463867 -307.340928350819 -404.534741651607 0 -360.111865550086 -14.0624334515145 -37.3505751378222 -58.0704911258014 0 0 -107.626098997179 -595.138986581094 -339.127688448306 -230.876539083467 -359.847631335877 -597.425952296082 -576.706009654636 -182.576705212009 -555.986059063085 -413.634387273847 0 -529.481106780991 -604.431692521889 -679.383059095333 -754.333848806822 -43.3584039973306 0 0 -506.361563366551 -274.860023304148 -539.628898123101 
-1035.89900195971 -98.0593060856606 -166.608852226065 -339.453321206085 -295.579944531172 -581.068627128111 -560.348704205835 -906.567648429033 -512.43834428364 -93.1540345851924 -68.2562344145713 -118.059554089165 0 0 0 0 -80.708979136268 0 -193.259604953454 -268.210169768423 -161.667397064748 -473.235989140398 -118.309012996721 -341.329849236807 -639.301134877967 -885.847698058638 0 0 0 -349.36672203891 0 0 0 -559.399823219238 -272.230282100844 0 -735.233473145812 0 -1208.85007138825 -1440.35156419296 
-503.731931281295 -326.931176908039 0 -381.632075155211 -395.480726424779 -406.094159503878 -518.731173924139 -529.344603798318 0 0 -401.918604273037 0 0 0 -864.921633121084 0 -1096.42309237362 0 -633.420119769565 0 -939.872171980525 -783.321303171373 -708.370747073124 -898.188924051011 0 -525.169021926353 0 0 -648.41944059587 -422.131518360118 -432.744948364721 -497.082110071098 -507.695568154437 -582.646159926895 -347.180898631655 -357.794331774953 -895.748032804005 -814.147761735012 0 -891.718424335911 
0 0 -870.998488093569 0 0 0 0 -476.869194237704 0 -551.819785149746 0 0 0 -997.861277894421 -699.889827365459 0 0 0 -707.926930776298 -917.959995055591 0 0 0 0 0 0 0 -894.860373006591 -884.246894824782 -578.238625028772 -588.852054826491 -788.27169964057 -798.885135316837 0 -297.971376370354 -842.489154931386 -448.359852950488 0 -397.36551590566 -520.615961501715 
-643.866409935952 -767.116830371442 -482.422580808219 -557.373195427048 0 -472.316127761576 -547.266742453518 -622.217329050529 -697.167894016874 -1009.3822643001 -1315.39044255718 -703.37385921862 -13.6257501879563 -34.8526590211275 -522.365549736596 -1497.39130037252 -497.855768208375 -266.354278519134 -321.055129424493 -341.304843373005 -89.5535357823062 -144.254432121132 -198.955267879802 -253.656126372751 -287.074201555439 -973.012461275263 -524.652522421769 -503.932599563308 -84.648290312767 -184.753860131758 -259.704445222429 -144.655908832663 -404.360370913048 -439.213002168535 -808.720716049861 -109.803267491876 -63.9284120172181 -646.869211360721 -340.860977219798 1.17885013380823 
0 0 -129.449830957496 -184.150697274672 -238.851525166472 0 0 0 0 -169.949259459556 -244.899824527228 -94.9986745339641 -4.57761259896016 -25.8045240254369 0 0 -80.5054229113882 -135.206293690264 -189.907144726415 -244.607987899241 0 0 0 0 0 0 0 0 0 0 0 0 0 0 -270.433407498785 0 -733.436597068276 -964.938146984503 -1207.0531621276 0 
-501.935052522022 -737.400258820634 -766.703812267595 -325.134308400008 0 -393.683853371925 -404.297296181416 -516.934301813627 -527.547741760497 -787.423733374415 -760.233266443058 0 0 -400.121728161424 0 0 0 -863.124823026278 0 0 0 -631.623232530413 0 0 0 0 -420.334634110454 -430.948073586934 -495.285220610404 -505.898688916684 -580.849275484093 -345.384019521593 -355.997461760971 0 0 0 0 0 0 -475.072314796399 
0 0 0 0 -706.130057172304 -916.163116160268 0 -568.404878316867 0 0 -866.376274212401 0 -1164.3476254344 0 -893.063509122906 -882.450019670112 -576.441751054454 0 -786.474821075917 -797.088268022482 -248.756409082949 -480.258029737105 -372.006858782225 -500.977951026421 -323.707024905161 -554.764728568686 -25.4048185327101 -4.17782954639003 0 -255.955465363235 -230.550647033922 -306.008228910031 -7.46899860737202 13.7579895051378 0 -212.614816745774 0 6.28899069436002 -1.18000811491884 -8.64903225435026 
-944.271008384641 -536.761308996027 -1681.48348910313 -516.041366214011 -495.321430684744 -298.109129263781 -761.111782567681 -529.610774145979 -421.359574920766 -544.610023405888 -787.908987989795 -448.010355800461 -522.960942317407 -597.911507094544 -746.119452241325 -1269.08039486464 -373.059741119485 -910.125878441159 -604.117472819847 -814.150546054887 -82.5571601454475 0 0 0 0 -137.258036985218 0 -191.958933219757 0 -246.659844952834 0 -301.360627396323 0 0 -205.807610568084 -329.058029173971 -452.308428165564 0 0 0 
0 0 -551.6371007878 0 0 0 -232.458361395111 -307.409062940027 -403.586471062653 -478.537036081833 -553.487593138206 0 -157.507768384408 -212.208647319529 -530.917158172278 0 -388.565478432619 -236.879172275012 -724.39206343079 -468.380792123476 -360.129621170137 -489.100713413737 -726.679034398535 -705.959113282744 -311.829787291595 -685.239170551348 -542.887490954831 -1596.3049343634 -1359.42568213419 -36.8984618430977 -428.91474795707 -503.865312901746 0 0 -296.275027988007 0 -353.386434796551 -251.643821807689 -326.594371528019 -347.777190994833 
-1505.28499022678 -402.47810238918 -471.02764574643 -594.278091325575 -717.528539743217 -840.778960194545 -1087.27965063991 0 0 0 0 0 0 0 0 0 -497.678423551982 -647.579625047813 0 -920.406188512931 -2290.51606680626 0 0 0 -422.72781119209 -960.681583814041 -729.180043441876 -804.130608385024 -879.081165371459 -1348.73406049173 -2120.75315195115 0 0 -959.79385868603 -1265.8021025125 -653.785540387876 -217.551465716881 -282.395624449187 0 -292.502077338173 
-432.296825677276 -507.24739061272 -357.346239110085 0 -1224.35977869761 0 -754.706820152364 0 -421.603857379776 -544.85430499249 -668.104753302801 -791.355171873404 -914.605570884066 -1037.85596212971 0 0 0 0 -417.428289560136 -428.041730232605 0 -891.044864621776 -1122.54649524015 -1111.93254261481 -659.543349378048 -782.793779376421 -906.044179645128 -1029.29447231817 -1312.43687702008 0 -924.312056932177 -482.742631713198 -537.443502764447 -551.292177900551 -674.54259829789 -797.792951816756 -921.043287745634 -448.254635558241 -523.205250280749 -598.155836875274 
-373.304023663553 -1061.67137779707 -744.856567682755 -724.136646831502 -945.032029698791 0 -917.841590626855 0 -897.121669765448 0 0 0 0 0 0 0 -1005.98467728035 -931.034048059387 -1583.92759595368 -1658.87820073479 -1808.77935882342 0 -577.942931027898 -652.89339990696 -727.844108919673 -502.992344297978 0 -1023.98450093272 -1321.95597277787 -726.013174907362 -876.401707053979 0 0 0 0 -1040.05827678962 -1346.06646501421 -734.050047730221 0 0 
-944.083147190287 0 0 0 0 0 0 -910.370070521719 -604.361752264246 -82.1250764448832 -545.128233350059 -395.751770564612 -313.626693236944 -136.82597604264 -191.526846939218 -246.227809925601 -300.928541223868 -334.346616052053 0 -1020.28487603765 0 -571.924937212189 -551.205014337132 -1041.00482639166 -999.564917999984 -131.920704735493 0 -232.026274855915 -306.976900194282 -381.927513025209 -239.200745257374 -157.07569015618 -701.106136532056 -111.200761054957 -694.141874723017 -388.133391985872 0 -1238.17764337772 0 0 
0 -558.672167656986 -681.922616074395 -805.173036526355 -928.423390501489 -1051.67380194244 0 0 -462.072500136273 -611.973701350886 -761.87482325108 0 0 -2372.94421935434 -2447.89480589653 0 -387.121888317832 0 0 0 -14.0696602411866 -74.9506099549291 -20.7199228780328 -95.6705080632598 0 0 0 0 0 0 0 0 0 0 0 0 0 0 0 0 
0 0 0 0 0 0 0 0 0 0 0 0 0 0 0 0 0 0 0 0 0 0 0 0 0 0 0 0 0 0 0 0 0 0 -548.014483777234 0 0 0 0 0 
0 0 0 0 0 0 0 0 0 0 0 0 0 0 0 0 0 0 0 -474.212100677582 0 0 0 0 0 0 0 0 0 0 0 0 0 0 0 0 0 0 0 0 
0 0 -2606.88654216861 0 0 0 -725.060503043816 0 0 0 0 0 0 0 0 0 0 0 0 0 0 0 0 0 0 0 0 0 0 0 0 0 0 0 0 0 0 0 0 0 
0 0 0 0 0 0 0 0 0 0 0 0 0 0 0 0 0 0 0 0 0 0 0 0 0 -35.2728650677223 0 0 0 0 0 0 0 0 0 0 0 0 0 -542.389604165812 
0 0 0 0 0 0 0 0 0 0 0 0 0 0 0 0 -197.475875714168 0 0 0 0 0 0 0 0 0 0 0 0 0 0 0 0 0 0 0 0 0 0 0 
0 0 0 0 0 0 0 0 0 0 -2173.67192267289 -2272.27331194646 0 0 0 0 0 0 0 0 0 0 0 0 0 0 0 0 0 0 0 0 0 0 0 0 0 0 0 0 
0 0 0 0 0 0 0 0 0 0 -330.028043228667 0 0 0 0 -248.427594623367 0 0 0 0 0 0 0 0 0 0 0 -2168.94415487726 0 0 0 0 0 -391.321870316404 0 0 0 0 0 -389.508258456415 
0 0 0 0 0 0 0 0 0 0 0 -345.420327483346 0 0 0 0 0 0 0 0 0 0 0 0 0 0 0 0 -752.23512958167 0 -420.632685250043 0 
<F0>
-2.97511221422829 0 -1.24863534921063 -1.24863534921063 -0.256938730403173 0 -1.24863534921063 0 -1.24863534921063 -0.323202860328242 -0.26891934186284 -1.24863534921063 -0.256938730403173 0 -0.367378944202142 0 -0.39082555213588 -1.51636582489568 -3.37668557169524 -0.259623833252734 -1.32896562905664 -0.39082555213588 0 -0.39082555213588 -1.51641550434387 -3.37676968277359 0 -0.39082555213588 -0.320495160134672 0 0 -0.39082555213588 -1.51636582489568 -3.37668557169524 -0.39082555213588 0 -0.343953920158588 -1.42266572872146 -0.418957811557891 0 
-1.51636582489568 -0.390803968245696 -0.390803968245696 -3.12420929022945 -1.38669672377803 -0.3397688907524 0 -0.39082555213588 -1.51641550434387 -3.37676968277359 -0.3397688907524 0 -0.39082555213588 -17.3334049613128 -5.67931798007388 -8.90285106932889 -1.38669672377803 0 -0.39082555213588 0 -0.39082555213588 -0.3397688907524 -1.38669672377803 -3.17943043223201 -0.433023913207129 -3.41427932685412 -0.361856933717905 0 -3.37676968277359 -1.38669672377803 -0.3397688907524 -1.38669672377803 -0.3397688907524 -1.38117461542507 -0.256938730403173 -0.39082555213588 -1.38669672377803 -0.3397688907524 -0.3397688907524 -1.38668561440223 
-0.31768084675834 -3.4610156603464 -9.43277884281129 -0.451709032853297 -0.516473236533548 0 -1.49161688534168 -0.372063948836323 0 -0.323202860328242 -0.465844891423034 -3.41427932685412 -1.38668561440223 -0.39082555213588 -0.3397688907524 -1.2375913385277 -3.37676968277359 0 -0.39082555213588 -0.367378944202142 -0.367378944202142 -0.367378944202142 -0.367378944202142 -0.367378944202142 -1.46951577680857 0 -0.400203010523359 -1.43087363585897 -0.367378944202142 0 -0.3397688907524 -0.3397688907524 -0.3397688907524 0 -0.3397688907524 -0.39082555213588 0 0 -1.51641550434387 -0.343938727835172 
0 -0.334583910890227 0 -1.5070380953921 -1.39221884035958 -3.14629775690478 -3.30643904978643 -1.44191786285063 -0.367378944202142 0 -0.3533239302996 -3.14629775690478 -3.30643904978643 -1.44191786285063 0 -0.312158837302657 -0.3397688907524 -0.3397688907524 0 -0.3397688907524 0 0 -5.883636199149 -1.57997070538926 -0.40603301862036 -0.3397688907524 0 -1.53985902497661 -0.39082555213588 -5.883636199149 0 0 -0.3397688907524 0 -5.883636199149 0 -1.51641550434387 -1.4143072943429 -5.65722952940631 0 
-1.34251981581139 -1.51641550434387 0 -0.301114818391292 0 -0.404891709908653 -1.51641550434387 -0.256938730403173 -0.256938730403173 0 0 -0.39082555213588 -1.51636582489568 -0.256938730403173 0 -0.39082555213588 -1.37575442269234 -2.99720068090362 -0.345290902265192 -0.39082555213588 -1.42264152824934 0 -3.16838620712293 -1.38669672377803 -1.38668561440223 -0.3397688907524 -3.34207325728306 -0.350553123254531 -0.362133553857598 -3.17943043223201 -0.433023913207129 -3.41427932685412 -0.361856933717905 -1.38669672377803 -0.3397688907524 -1.38669672377803 -0.3397688907524 -1.38117461542507 -1.38669672377803 -0.3397688907524 
-0.3397688907524 -1.38668561440223 -0.516473236533548 0 -1.49161688534168 -1.38668561440223 -0.39082555213588 -0.3397688907524 -1.2375913385277 -1.38117461542507 0 -0.367378944202142 0 -0.367378944202142 -1.46952843135836 -0.367378944202142 -0.367378944202142 0 0 -0.367378944202142 0 -0.367378944202142 -1.46952843135836 -3.30643904978643 -5.87811394801047 -0.367378944202142 0 0 -1.46952843135836 -3.14077563200736 -1.46952843135836 -0.367378944202142 -1.46952843135836 -0.367378944202142 -1.46952843135836 -0.367378944202142 0 -1.46951577680857 -0.367378944202142 -1.46951577680857 
-1.46951577680857 -0.367378944202142 -0.367378944202142 -1.46952843135836 -0.367378944202142 0 -0.367378944202142 -5.87811394801047 -9.18447360505356 -1.46952843135836 -3.30643904978643 0 0 -0.367378944202142 -1.46951577680857 -1.46952843135836 -5.87804540618927 -3.30643904978643 -0.367378944202142 -0.3397688907524 -0.306636827846975 -1.29282079949178 -0.367378944202142 0 -0.367378944202142 -1.3101125388452 0 -0.320495160134672 -1.51641550434387 0 -0.201718619389469 0 -0.39082555213588 -1.51641550434387 -0.113366451641668 0 -0.386118962738866 -1.47888578607693 0 -0.312158837302657 
0 -1.49762580461365 -0.364099440783686 -0.39082555213588 0 0 -0.39082555213588 -0.179833894361268 -1.38044319178572 -1.30937747379423 -3.00822191315647 -1.28728941951463 0 -0.450209106608479 -1.51641550434387 0 -3.16286409868269 -0.915960891414487 -0.3397688907524 -1.38669672377803 -0.3397688907524 -1.38669672377803 -0.3397688907524 0 -0.39082555213588 -1.38669672377803 -0.264230635640278 -0.3397688907524 -1.2375913385277 -0.358008934933781 -1.37565249884352 -2.88675841335569 -1.46952843135836 -0.367378944202142 -3.37668557169524 -5.97176320340849 -1.49297193352486 -3.41427932685412 0 -0.279026776454341 
-1.11610710581737 -0.0802344031360075 0 -0.39082555213588 -0.367378944202142 -0.3397688907524 -1.2155032842481 -0.312158837302657 0 -0.3397688907524 0 -0.3397688907524 -1.1492391707799 0 -0.3397688907524 -0.3397688907524 0 -0.129932484122936 0 -0.39082555213588 -0.39082555213588 -5.32586204646787 -8.63227254428715 -0.3397688907524 -1.32043135771377 0 0 0 -0.256938730403173 -1.19893725176683 -0.254853230181867 -1.51641550434387 0 -0.146498516604203 -0.256938730403173 -1.44743997737503 0 -0.372063948836323 0 -1.51641550434387 
-0.367378944202142 0 -0.367378944202142 -0.39082555213588 0 -1.48828323239289 0 -0.367378944202142 -0.367378944202142 -1.46951577680857 0 -0.418957811557891 -1.51636582489568 -3.37668557169524 0 0 -0.39082555213588 -13.0850918435252 -9.06734848658109 -17.837593102836 0 -0.400203010523359 -0.404891709908653 0 -3.37676968277359 -1.53985902497661 0 -0.390803968245696 0 -0.329872547132172 -0.39082555213588 -0.372063948836323 0 -0.39082555213588 0 -0.39082555213588 -0.372063948836323 -0.381448166011717 0 -1.28176741417316 
0 -0.284548781795806 0 -0.343938727835172 -1.4320185447636 -0.256938730403173 0 0 -1.41981767936477 -0.439165079468676 0 -0.390803968245696 -0.334246881296717 -0.390803968245696 0 -0.390803968245696 -1.51641550434387 -0.329872547132172 -1.51636582489568 0 -3.14629775690478 -0.915960891414487 -0.3397688907524 -1.37013038226197 -0.3397688907524 -1.38669672377803 -0.3397688907524 0 -0.39082555213588 -1.38669672377803 -0.264230635640278 -0.3397688907524 -1.2375913385277 -0.329872547132172 0 -0.390803968245696 -0.395488972007227 -0.367378944202142 -0.39082555213588 -1.51636582489568 
-3.37668557169524 0 0 -0.39082555213588 0 -1.51641550434387 -0.39082555213588 -0.312158837302657 0 0 -0.39082555213588 0 -1.51641550434387 -0.39082555213588 -1.364608273909 -0.367378944202142 0 -0.3533239302996 -0.378422965170617 -0.3397688907524 -0.3397688907524 0 -0.3397688907524 0 -0.3397688907524 0 -1.53985902497661 -0.39082555213588 0 0 -0.3397688907524 0 0 -1.51641550434387 -1.25967937635043 -2.97511221422829 0 -0.146498516604203 -1.24863534921063 -0.240372697921905 
-1.24863534921063 -0.256938730403173 0 -0.256938730403173 0 -0.256938730403173 -0.39082555213588 -1.51641550434387 -0.256938730403173 -1.24863534921063 -0.256938730403173 0 0 -1.45077575827185 0 0 -0.37290095468638 -0.386118962738866 -0.386118962738866 -0.373467838548455 0 -0.39082555213588 0 0 0 -0.39082555213588 0 -1.51641550434387 -0.39082555213588 -23.3248522365887 -0.3397688907524 0 0.368744984064116 -0.541164468173644 -1.37565249884352 -1.38284318802195 -3.18928537934681 -1.51641550434387 0 -0.264230635640278 
-5.97188812567787 -0.107844446300204 -0.3397688907524 0 -0.3397688907524 -0.301114818391292 0 -0.39082555213588 0 0 -0.3397688907524 -1.38669672377803 -1.38668561440223 -1.38668561440223 -1.38668561440223 -1.38668561440223 -1.38669672377803 -0.3397688907524 0 -0.39082555213588 -3.16838620712293 -5.64066305247223 -0.37290095468638 0 -1.59143482851767 -1.51641550434387 0 -0.0581686191479073 -0.3397688907524 0 0 -0.3397688907524 0 -0.0912784138189364 -3.16838620712293 -5.68479273925741 -0.433023913207129 -3.41416560876869 -5.97188812567787 -13.3664178115811 
-0.361856933717905 -1.38669672377803 -3.16836023262768 -0.3397688907524 -1.38669672377803 -3.16838620712293 -0.3397688907524 -1.38669672377803 -3.16836023262768 -3.16836023262768 -0.31768084675834 -1.38668561440223 -13.4411522131759 -1.47888578607693 -3.46116644499602 -6.06546329958271 -9.43305466720894 0 -0.451778786728774 -0.367378944202142 -6.06566230986542 -3.37676968277359 -1.51641550434387 -1.49766063291015 -0.3397688907524 0 -0.3397688907524 0 -0.372063948836323 -0.3397688907524 -1.38669672377803 0 -0.3397688907524 0 -1.38669672377803 -3.16838620712293 -1.61018966103801 -1.46952843135836 -1.51636582489568 0 
-0.3397688907524 0 -0.39082555213588 0 -0.3397688907524 -1.38668561440223 -0.3397688907524 0 0 -0.372063948836323 -0.461079040376359 -1.52573583241874 -0.3397688907524 -3.4471003245833 -0.55493034914004 0 -1.51636582489568 0 -0.334561303825275 0 -0.256938730403173 -1.24863534921063 0 -1.51636582489568 -1.38668561440223 -0.3397688907524 -3.16836023262768 0 -0.39082555213588 -0.3397688907524 -1.38669672377803 -1.38669672377803 -3.06346604801525 0 -1.5070380953921 -6.00002035951659 -3.42365678590429 -5.68479273925741 -3.16838620712293 -1.38669672377803 
-0.3397688907524 0 -1.38669672377803 -0.3397688907524 -3.16835031229135 -1.38669672377803 -0.3397688907524 0 -0.39082555213588 -0.264230635640278 -3.2923729389788 -0.3397688907524 0 -1.38669672377803 -0.367378944202142 -0.367378944202142 -1.56330260069731 0 -0.39082555213588 -0.39082555213588 -0.345290902265192 0 -0.404891709908653 -1.51641550434387 -0.256938730403173 -1.51641550434387 -0.256938730403173 0 0 0 -0.372063948836323 -3.11868718178921 -1.74563411232132 -5.96094565766999 -6.22600711212329 -0.394988997651885 -0.329872547132172 -1.52110420707308 0 0 
-1.01671091092976 -0.256938730403173 0 -0.376759407861058 -1.51641550434387 -1.01671091092976 -1.01671091092976 -1.01671091092976 -1.01671091092976 0 -0.39082555213588 -0.256938730403173 0 -1.24863534921063 -5.4363022520384 -1.51636582489568 -0.256938730403173 0 -0.39082555213588 -1.51641550434387 -1.51636582489568 -1.08297504085483 -0.0912784138189364 -2.91986976186554 -1.24863534921063 -0.256938730403173 0 -1.51636582489568 -2.97508984819394 -0.390803968245696 0 -1.51636582489568 0 -1.24863534921063 -3.17943043223201 -5.67374871211761 -0.414269112172596 -3.37676968277359 -5.97188812567787 -13.366192139029 
-0.3397688907524 -0.39082555213588 0 -1.25415737100897 -2.83703958300233 -1.38669672377803 -3.16838620712293 -0.3397688907524 -1.38669672377803 -0.3397688907524 -1.38669672377803 -5.68479273925741 -3.16836023262768 -0.3397688907524 -1.3645975765795 -13.0522968137039 -1.51636582489568 -3.37676968277359 -5.97176320340849 -9.30159872352603 0 -0.451778786728774 -0.168586554426935 0 -0.3397688907524 0 -0.3397688907524 -1.4143072943429 0 -0.3397688907524 0 -1.38669672377803 -3.19599677400991 0 -0.3397688907524 0 -1.38668561440223 0 -0.390803968245696 0 
-0.3397688907524 -0.390803968245696 -1.51636582489568 0 -0.334561303825275 0 -0.256938730403173 -0.3397688907524 -1.24863534921063 0 -0.39082555213588 -1.51636582489568 -3.37676968277359 -1.38668561440223 0 -0.39082555213588 -0.3397688907524 -1.38668561440223 -1.38669672377803 -3.00272278934386 -1.43639575038337 0 -0.3397688907524 -0.3397688907524 -0.3397688907524 0 0 -1.51641550434387 -0.343953920158588 -1.5070380953921 -1.5070380953921 -1.52579290980228 0 -1.51641550434387 -0.343953920158588 -1.51641550434387 -1.52573583241874 -1.51641550434387 -1.51641550434387 -1.49297193352486 
-3.37676968277359 0 -5.87811408545353 -0.39082555213588 -1.50234933404213 -3.16838620712293 -0.915960891414487 -0.3397688907524 -1.38669672377803 -0.3397688907524 -1.38669672377803 -0.3397688907524 0 -0.39082555213588 -5.68483996977637 -5.68483996977637 -1.38669672377803 -0.264230635640278 -0.3397688907524 -1.2375913385277 -1.39221884035958 -5.49152237128054 -0.284548781795806 0 -0.29241887005525 -0.345290902265192 -2.99717790247354 0 -1.19893725176683 -0.334561303825275 0 -1.51641550434387 -0.390803968245696 -1.51636582489568 -0.290070795365707 0 -0.39082555213588 -1.51636582489568 0 -1.51636582489568 
-5.97176320340849 -0.256938730403173 0 -0.390803968245696 0 -0.27350476288444 0 -0.264230635640278 0 -0.39082555213588 -1.51641550434387 -1.48055979777704 -0.40603301862036 0 -0.39082555213588 -0.461253125519845 0 -1.40326306940839 -0.367378944202142 0 -0.3397688907524 -0.3397688907524 -0.3397688907524 0 -0.3397688907524 -0.39082555213588 0 0 -1.51641550434387 -3.16838620712293 0 -0.39082555213588 -0.390803968245696 -1.51636582489568 -0.39082555213588 -5.46109769217424 -1.70697932093623 0 -0.404891709908653 -5.74006123998117 
-13.3664179206056 -2.96406799734781 -3.16838620712293 -1.38669672377803 -0.3397688907524 0 -1.61018966103801 -1.38668561440223 -3.16836023262768 -5.68479273925741 -3.16836023262768 -1.38668561440223 -0.3397688907524 -3.16836023262768 -1.38668561440223 -3.16836023262768 -1.39774095694113 0 -13.0047615636792 -9.02441181719954 -5.74006110406366 -23.1257116929834 -36.279567548994 -29.3601097008231 -3.20151889067875 -1.51641550434387 0 -0.39082555213588 -1.51641550434387 -9.28770482130911 -1.51641550434387 -1.38668561440223 -3.16836023262768 0 -1.51219566944224 -1.39221884035958 -3.16838620712293 -1.38669672377803 -5.54674245760893 -1.39221884035958 
0 -0.39082555213588 -0.3397688907524 -5.68479273925741 -5.92031235316014 -13.366192139029 -0.39082555213588 -2.98061188644915 -3.16838620712293 -1.3038650161977 -0.312158837302657 0 -0.39082555213588 -1.51641550434387 -3.16836023262768 -3.16836023262768 -1.38668561440223 -3.16836023262768 -0.3397688907524 -1.35356404897449 -13.0522968137039 -1.53985902497661 -5.88280279277359 -9.61591428322695 0 -0.367378944202142 -1.47890583187562 -3.42365678590429 -0.367378944202142 -1.51636582489568 -0.418957811557891 -0.185152586908202 0 -0.3397688907524 0 -0.433023913207129 -1.61018966103801 -1.38669672377803 -0.3397688907524 0 
-3.16838620712293 0 -0.3397688907524 0 0 0 -0.3397688907524 -1.38668561440223 0 -0.3397688907524 0 -0.3397688907524 0 -0.3397688907524 -0.3397688907524 -13.1834769469515 -1.0884970461963 -3.16838620712293 -1.19341524642536 0.0799039163352012 -0.39082555213588 -0.3397688907524 0 -0.479911003104007 -1.46483077217439 -0.3397688907524 -0.3397688907524 -1.55392519142386 -5.88280279277359 0 -0.409580412787302 -13.0522968137039 0 -0.367378944202142 -0.3397688907524 -1.52579290980228 -6.00002035951659 0 -1.51636582489568 0 
-0.201718619389469 0 -1.51636582489568 -5.97176320340849 -1.24863534921063 -1.38668561440223 -3.16836023262768 0 -1.38669672377803 -1.2762454088317 -1.51641550434387 -1.24863534921063 0 -0.234850692580441 0 -0.287674200822812 -1.51641550434387 -0.118888473440007 0 -1.51641550434387 -5.97176320340849 -0.256938730403173 0 -0.39082555213588 -3.37676968277359 0 -0.390803968245696 0 -0.334561303825275 -1.40857539160519 -2.83153726312455 -0.262460743973074 -1.51641550434387 -0.39082555213588 -1.29135772792838 0 -5.69583674994034 -5.92031235316014 -2.8259955723194 -1.00566690024683 
-3.16836023262768 -1.38669672377803 -0.3397688907524 0 -0.433023913207129 -1.53985902497661 -1.38668561440223 -3.16836023262768 -1.38669672377803 0 -1.51641550434387 -23.3300260716432 -3.16836023262768 -0.3397688907524 0 -23.0981016333623 -3.16838620712293 0 -1.51636582489568 -1.38668561440223 0 -0.348627465122954 -0.301114818391292 0 0 0 0 0 0 0 0 0 0 0 0 0 0 0 0 0 
0 0 0 0 0 0 0 0 0 0 0 0 0 0 0 0 0 0 0 0 0 0 0 0 0 0 0 0 0 0 0 0 0 0 0 0 0 0 0 0 
0 0 0 0 0 0 0 0 0 0 0 0 0 0 0 0 0 0 0 0 0 0 0 0 0 0 0 0 0 0 0 0 0 0 0 0 0 0 0 0 
0 0 0 0 0 0 0 0 0 0 0 0 0 0 0 0 0 0 0 0 0 0 0 0 0 0 0 0 0 0 0 0 0 0 0 0 0 0 0 0 
0 0 0 0 0 0 0 0 0 0 0 0 0 0 0 0 0 0 0 0 0 0 0 0 0 0 0 0 0 0 0 0 0 0 0 0 0 0 0 0 
0 0 0 0 0 0 0 0 0 0 0 0 0 0 0 0 0 0 0 0 0 0 0 0 0 0 0 0 0 0 0 0 0 0 0 0 0 0 0 0 
0 0 0 0 0 0 0 0 0 0 0 0 0 0 0 0 0 0 0 0 0 0 0 0 0 0 0 0 0 0 0 0 0 0 0 0 0 0 0 0 
0 0 0 0 0 0 0 0 0 0 0 0 0 0 0 0 0 0 0 0 0 0 0 0 0 0 0 0 0 0 0 0 0 0 0 0 0 0 0 0 
0 0 0 0 0 0 0 0 0 0 0 0 0 0 0 0 0 0 0 0 0 0 0 0 0 0 0 0 0 0 0 0 
<YOF>
0 0 0 0 0 0 0 0 0 0 0 0 0 0 0 0 0 0 0 0 0 0 0 0 0 0 0 0 0 0 0 0 0 0 0 0 0 0 0 0 
0 0 0 0 0 0 0 0 0 0 0 0 0 0 0 0 0 0 0 0 0 0 0 0 0 0 0 0 0 0 0 0 0 0 0 0 0 0 0 0 
0 0 0 0 0 0 0 0 0 0 0 0 0 0 0 0 0 0 0 0 0 0 0 0 0 0 0 0 0 0 0 0 0 0 0 0 0 0 0 0 
0 0 0 0 0 0 0 0 0 0 0 0 0 0 0 0 0 0 0 0 0 0 0 0 0 0 0 0 0 0 0 0 0 0 0 0 0 0 0 0 
0 0 0 0 0 0 0 0 0 0 0 0 0 0 0 0 0 0 0 0 0 0 0 0 0 0 0 0 0 0 0 0 0 0 0 0 0 0 0 0 
0 0 0 0 0 0 0 0 0 0 0 0 0 0 0 0 0 0 0 0 0 0 0 0 0 0 0 0 0 0 0 0 0 0 0 0 0 0 0 0 
0 0 0 0 0 0 0 0 0 0 0 0 0 0 0 0 0 0 0 0 0 0 0 0 0 0 0 0 0 0 0 0 0 0 0 0 0 0 0 0 
0 0 0 0 0 0 0 0 0 0 0 0 0 0 0 0 0 0 0 0 0 0 0 0 0 0 0 0 0 0 0 0 0 0 0 0 0 0 0 0 
<lnGmM>
0 0 0 0 0 0 0 0 0 0 0 0 0 0 0 0 0 0 0 0 0 0 0 0 0 0 0 0 0 0 0 0 0 0 0 0 0 0 0 0 
0 0 0 0 0 0 0 0 0 0 0 0 0 0 0 0 0 0 0 0 0 0 0 0 0 0 0 0 0 0 0 0 0 0 0 0 0 0 0 0 
0 0 0 0 0 0 0 0 0 0 0 0 0 0 0 0 0 0 0 0 0 0 0 0 0 0 0 0 0 0 0 0 0 0 0 0 0 0 0 0 
0 0 0 0 0 0 0 0 0 0 0 0 0 0 0 0 0 0 0 0 0 0 0 0 0 0 0 0 0 0 0 0 0 0 0 0 0 0 0 0 
0 0 0 0 0 0 0 0 0 0 0 0 0 0 0 0 0 0 0 0 0 0 0 0 0 0 0 0 0 0 0 0 0 0 0 0 0 0 0 0 
0 0 0 0 0 0 0 0 0 0 0 0 0 0 0 0 0 0 0 0 0 0 0 0 0 0 0 0 0 0 0 0 0 0 0 0 0 0 0 0 
0 0 0 0 0 0 0 0 0 0 0 0 0 0 0 0 0 0 0 0 0 0 0 0 0 0 0 0 0 0 0 0 0 0 0 0 0 0 0 0 
0 0 0 0 0 0 0 0 0 0 0 0 0 0 0 0 0 0 0 0 0 0 0 0 0 0 0 0 0 0 0 0 0 0 0 0 0 0 0 0 
0 0 0 0 0 0 0 0 0 0 0 0 0 0 0 0 0 0 0 0 0 0 0 0 0 0 0 0 0 0 0 0 0 0 0 0 0 0 0 0 
0 0 0 0 0 0 0 0 0 0 0 0 0 0 0 0 0 0 0 0 0 0 0 0 0 0 0 0 0 0 0 0 0 0 0 0 0 0 0 0 
0 0 0 0 0 0 0 0 0 0 0 0 0 0 0 0 0 0 0 0 0 0 0 0 0 0 0 0 0 0 0 0 0 0 0 0 0 0 0 0 
0 0 0 0 0 0 0 0 0 0 0 0 0 0 0 0 0 0 0 0 0 0 0 0 0 0 0 0 0 0 0 0 0 0 0 0 0 0 0 0 
0 0 0 0 0 0 0 0 0 0 0 0 0 0 0 0 0 0 0 0 0 0 0 0 0 0 0 0 0 0 0 0 0 0 0 0 0 0 0 0 
0 0 0 0 0 0 0 0 0 0 0 0 0 0 0 0 0 0 0 0 0 0 0 0 0 0 0 0 0 0 0 0 0 0 0 0 0 0 0 0 
0 0 0 0 0 0 0 0 0 0 0 0 0 0 0 0 0 0 0 0 0 0 0 0 0 0 0 0 0 0 0 0 0 0 0 0 0 0 0 0 
0 0 0 0 0 0 0 0 0 0 0 0 0 0 0 0 0 0 0 0 0 0 0 0 0 0 0 0 0 0 0 0 0 0 0 0 0 0 0 0 
0 0 0 0 0 0 0 0 0 0 0 0 0 0 0 0 0 0 0 0 0 0 0 0 0 0 0 0 0 0 0 0 0 0 0 0 0 0 0 0 
0 0 0 0 0 0 0 0 0 0 0 0 0 0 0 0 0 0 0 0 0 0 0 0 0 0 0 0 0 0 0 0 0 0 0 0 0 0 0 0 
0 0 0 0 0 0 0 0 0 0 0 0 0 0 0 0 0 0 0 0 0 0 0 0 0 0 0 0 0 0 0 0 0 0 0 0 0 0 0 0 
0 0 0 0 0 0 0 0 0 0 0 0 0 0 0 0 0 0 0 0 0 0 0 0 0 0 0 0 0 0 0 0 0 0 0 0 0 0 0 0 
0 0 0 0 0 0 0 0 0 0 0 0 0 0 0 0 0 0 0 0 0 0 0 0 0 0 0 0 0 0 0 0 0 0 0 0 0 0 0 0 
0 0 0 0 0 0 0 0 0 0 0 0 0 0 0 0 0 0 0 0 0 0 0 0 0 0 0 0 0 0 0 0 0 0 0 0 0 0 0 0 
0 0 0 0 0 0 0 0 0 0 0 0 0 0 0 0 0 0 0 0 0 0 0 0 0 0 0 0 0 0 0 0 0 0 0 0 0 0 0 0 
0 0 0 0 0 0 0 0 0 0 0 0 0 0 0 0 0 0 0 0 0 0 0 0 0 0 0 0 0 0 0 0 0 0 0 0 0 0 0 0 
0 0 0 0 0 0 0 0 0 0 0 0 0 0 0 0 0 0 0 0 0 0 0 0 0 0 0 0 0 0 0 0 0 0 0 0 0 0 0 0 
0 0 0 0 0 0 0 0 0 0 0 0 0 0 0 0 0 0 0 0 0 0 0 0 0 0 0 0 0 0 0 0 0 0 0 0 0 0 0 0 
0 0 0 0 0 0 0 0 0 0 0 0 0 0 0 0 0 0 0 0 0 0 0 0 0 0 0 0 0 0 0 0 0 0 0 0 0 0 0 0 
0 0 0 0 0 0 0 0 0 0 0 0 0 0 0 0 0 0 0 0 0 0 0 0 0 0 0 0 0 0 0 0 0 0 0 0 0 0 0 0 
0 0 0 0 0 0 0 0 0 0 0 0 0 0 0 0 0 0 0 0 0 0 0 0 0 0 0 0 0 0 0 0 0 0 0 0 0 0 0 0 
0 0 0 0 0 0 0 0 0 0 0 0 0 0 0 0 0 0 0 0 0 0 0 0 0 0 0 0 0 0 0 0 0 0 0 0 0 0 0 0 
0 0 0 0 0 0 0 0 0 0 0 0 0 0 0 0 0 0 0 0 0 0 0 0 0 0 0 0 0 0 0 0 0 0 0 0 0 0 0 0 
0 0 0 0 0 0 0 0 0 0 0 0 0 0 0 0 0 0 0 0 0 0 0 0 0 0 0 0 0 0 0 0 0 0 0 0 0 0 0 0 
0 0 0 0 0 0 0 0 0 0 0 0 0 0 0 0 0 0 0 0 0 0 0 0 0 0 0 0 0 0 0 0 0 0 0 0 0 0 0 0 
0 0 0 0 0 0 0 0 0 0 0 0 0 0 0 0 0 0 0 0 0 0 0 0 0 0 0 0 0 0 0 0 0 0 0 0 0 0 0 0 
0 0 0 0 0 0 0 0 0 0 0 0 0 0 0 0 0 0 0 0 0 0 0 0 0 0 0 0 0 0 0 0 
<fDQF>
0 0 0 0 0 0 0 0 0 0 0 0 0 0 0 0 0 0 0 0 0 0 0 0 0 0 0 0 0 0 0 0 0 0 0 0 0 0 0 0 
0 0 0 0 0 0 0 0 0 0 0 0 0 0 0 0 0 0 0 0 0 0 0 0 0 0 0 0 0 0 0 0 0 0 0 0 0 0 0 0 
0 0 0 0 0 0 0 0 0 0 0 0 0 0 0 0 0 0 0 0 0 0 0 0 0 0 0 0 0 0 0 0 0 0 0 0 0 0 0 0 
0 0 0 0 0 0 0 0 0 0 0 0 0 0 0 0 0 0 0 0 0 0 0 0 0 0 0 0 0 0 0 0 0 0 0 0 0 0 0 0 
0 0 0 0 0 0 0 0 0 0 0 0 0 0 0 0 0 0 0 0 0 0 0 0 0 0 0 0 0 0 0 0 0 0 0 0 0 0 0 0 
0 0 0 0 0 0 0 0 0 0 0 0 0 0 0 0 0 0 0 0 0 0 0 0 0 0 0 0 0 0 0 0 0 0 0 0 0 0 0 0 
0 0 0 0 0 0 0 0 0 0 0 0 0 0 0 0 0 0 0 0 0 0 0 0 0 0 0 0 0 0 0 0 0 0 0 0 0 0 0 0 
0 0 0 0 0 0 0 0 0 0 0 0 0 0 0 0 0 0 0 0 0 0 0 0 0 0 0 0 0 0 0 0 0 0 0 0 0 0 0 0 
0 0 0 0 0 0 0 0 0 0 0 0 0 0 0 0 0 0 0 0 0 0 0 0 0 0 0 0 0 0 0 0 0 0 0 0 0 0 0 0 
0 0 0 0 0 0 0 0 0 0 0 0 0 0 0 0 0 0 0 0 0 0 0 0 0 0 0 0 0 0 0 0 0 0 0 0 0 0 0 0 
0 0 0 0 0 0 0 0 0 0 0 0 0 0 0 0 0 0 0 0 0 0 0 0 0 0 0 0 0 0 0 0 0 0 0 0 0 0 0 0 
0 0 0 0 0 0 0 0 0 0 0 0 0 0 0 0 0 0 0 0 0 0 0 0 0 0 0 0 0 0 0 0 0 0 0 0 0 0 0 0 
0 0 0 0 0 0 0 0 0 0 0 0 0 0 0 0 0 0 0 0 0 0 0 0 0 0 0 0 0 0 0 0 0 0 0 0 0 0 0 0 
0 0 0 0 0 0 0 0 0 0 0 0 0 0 0 0 0 0 0 0 0 0 0 0 0 0 0 0 0 0 0 0 0 0 0 0 0 0 0 0 
0 0 0 0 0 0 0 0 0 0 0 0 0 0 0 0 0 0 0 0 0 0 0 0 0 0 0 0 0 0 0 0 0 0 0 0 0 0 0 0 
0 0 0 0 0 0 0 0 0 0 0 0 0 0 0 0 0 0 0 0 0 0 0 0 0 0 0 0 0 0 0 0 0 0 0 0 0 0 0 0 
0 0 0 0 0 0 0 0 0 0 0 0 0 0 0 0 0 0 0 0 0 0 0 0 0 0 0 0 0 0 0 0 0 0 0 0 0 0 0 0 
0 0 0 0 0 0 0 0 0 0 0 0 0 0 0 0 0 0 0 0 0 0 0 0 0 0 0 0 0 0 0 0 0 0 0 0 0 0 0 0 
0 0 0 0 0 0 0 0 0 0 0 0 0 0 0 0 0 0 0 0 0 0 0 0 0 0 0 0 0 0 0 0 0 0 0 0 0 0 0 0 
0 0 0 0 0 0 0 0 0 0 0 0 0 0 0 0 0 0 0 0 0 0 0 0 0 0 0 0 0 0 0 0 0 0 0 0 0 0 0 0 
0 0 0 0 0 0 0 0 0 0 0 0 0 0 0 0 0 0 0 0 0 0 0 0 0 0 0 0 0 0 0 0 0 0 0 0 0 0 0 0 
0 0 0 0 0 0 0 0 0 0 0 0 0 0 0 0 0 0 0 0 0 0 0 0 0 0 0 0 0 0 0 0 0 0 0 0 0 0 0 0 
0 0 0 0 0 0 0 0 0 0 0 0 0 0 0 0 0 0 0 0 0 0 0 0 0 0 0 0 0 0 0 0 0 0 0 0 0 0 0 0 
0 0 0 0 0 0 0 0 0 0 0 0 0 0 0 0 0 0 0 0 0 0 0 0 0 0 0 0 0 0 0 0 0 0 0 0 0 0 0 0 
0 0 0 0 0 0 0 0 0 0 0 0 0 0 0 0 0 0 0 0 0 0 0 0 0 0 0 0 0 0 0 0 0 0 0 0 0 0 0 0 
0 0 0 0 0 0 0 0 0 0 0 0 0 0 0 0 0 0 0 0 0 0 0 0 0 0 0 0 0 0 0 0 0 0 0 0 0 0 0 0 
0 0 0 0 0 0 0 0 0 0 0 0 0 0 0 0 0 0 0 0 0 0 0 0 0 0 0 0 0 0 0 0 0 0 0 0 0 0 0 0 
0 0 0 0 0 0 0 0 0 0 0 0 0 0 0 0 0 0 0 0 0 0 0 0 0 0 0 0 0 0 0 0 0 0 0 0 0 0 0 0 
0 0 0 0 0 0 0 0 0 0 0 0 0 0 0 0 0 0 0 0 0 0 0 0 0 0 0 0 0 0 0 0 0 0 0 0 0 0 0 0 
0 0 0 0 0 0 0 0 0 0 0 0 0 0 0 0 0 0 0 0 0 0 0 0 0 0 0 0 0 0 0 0 0 0 0 0 0 0 0 0 
0 0 0 0 0 0 0 0 0 0 0 0 0 0 0 0 0 0 0 0 0 0 0 0 0 0 0 0 0 0 0 0 0 0 0 0 0 0 0 0 
0 0 0 0 0 0 0 0 0 0 0 0 0 0 0 0 0 0 0 0 0 0 0 0 0 0 0 0 0 0 0 0 0 0 0 0 0 0 0 0 
0 0 0 0 0 0 0 0 0 0 0 0 0 0 0 0 0 0 0 0 0 0 0 0 0 0 0 0 0 0 0 0 0 0 0 0 0 0 0 0 
0 0 0 0 0 0 0 0 0 0 0 0 0 0 0 0 0 0 0 0 0 0 0 0 0 0 0 0 0 0 0 0 0 0 0 0 0 0 0 0 
0 0 0 0 0 0 0 0 0 0 0 0 0 0 0 0 0 0 0 0 0 0 0 0 0 0 0 0 0 0 0 0 
<FVOL>
988.534826388695 0 0 0 0 0 0 0 0 0 0 0 0 0 0 0 0 0 0 0 0 0 0 0 0 0 0 0 0 0 0 0 0 0 0 0 0 0 0 0 
0 0 1.11617054625499 0 0 0 0 0 0 0 0 0 0 0 0 0 0 0 0 0 0 0 0 0 0 0 0 0.000757298849546744 0 0 0 0 0 0 0 0 0 0 0 0 
0 0 0 0 0 0 0 0 0 0 4.97947563260787e-08 0 0 0 3.87205071834932 0 0 0 0 0 0 0 0 0 0 0 0 0 0 0 0 0 0 0 0 0 0 0 0 0 
0 0 0 0 0 0 0 0 0 0 0 0 0 0 0 0 0 0 0 0 0 0 0 0 0 0 0 0 0 0 0 0 0 1.36473863562562e-08 0 0 0 0 0 0 
0 0 0 0 0 0 0 0 0 0 0 0 0 0 0 0 0 0 0 0 0 0 0 0 1.11423961389956 0 0 0 0 0 0 0 0 0 0 0 0 0 0 0 
0 0 0 0 0 0 0 0 0 0 0 0 0 0 0 0 0 0 0.0203733211158978 0.679575760428124 0 0 0 0 0 0 0 0 0 0 0 0 0 0 0 0 0 0 0 0 
0 0 0 0 0 0 0 0 0 0 0 0 0 0 0 0 0 0 0.399868660510399 0 0 0 0 0.938404527505836 0 0 0 0 0 0 0 0 0 0 0 3.52704407526767 0 0 0 0 
0 7.23070206405666e-10 0 0 0 0 0 2.39327531276529e-08 0 0 0 0 0 0 0 0 0 0 0 0.248520420727471 0 0 0 0 0 0 0 0 0 0 0 0 0 0 0 0 6.35722322928855e-08 0 8.12483609940403e-09 0 
<FWGT>
1004.09708488457 0 0 0 0 0 0 0 0 0 0 0 0 0 0 0 0 0 0 0 0 0 0 0 0 0 0 0 0 0 0 0 0 0 0 0 0 0 0 0 
0 0 4.99999397339536 0 0 0 0 0 0 0 0 0 0 0 0 0 0 0 0 0 0 0 0 0 0 0 0 0.00240937062910168 0 0 0 0 0 0 0 0 0 0 0 0 
0 0 0 0 0 0 0 0 0 0 1.59376658943608e-07 0 0 0 8.92544752304683 0 0 0 0 0 0 0 0 0 0 0 0 0 0 0 0 0 0 0 0 0 0 0 0 0 
0 0 0 0 0 0 0 0 0 0 0 0 0 0 0 0 0 0 0 0 0 0 0 0 0 0 0 0 0 0 0 0 0 7.90416129801012e-08 0 0 0 0 0 0 
0 0 0 0 0 0 0 1.11230444419064e-07 0 0 0 0 0 0 0 0 0 0 0 0 0 0 0 0 4.75510048765557 0 0 0 0 0 0 0 0 0 0 0 0 0 0 0 
0 0 0 0 0 0 0 0 0 0 0 0 0 0 0 0 0 0 0.056114936333805 1.84734518562812 0 0 0 0 0 0 0 0 0 0 0 0 0 0 0 0 0 0 0 0 
0 0 0 0 0 0 0 0 0 0 0 0 0 0 0 0 0 0 1.47934923545458 0 0 0 0 3.38906897395665 0 0 0 0 0 0 0 0 0 0 0 9.78999809161623 0 0 0 0 
0 8.09760378075108e-09 0 0 0 0 0 2.75110033960993e-07 0 0 0 0 0 0 0 0 0 0 0 0.658091693103553 0 0 0 0 0 0 0 0 0 0 0 0 0 0 0 0 3.24206497621747e-07 0 4.73361009371796e-08 0 
<Y_la>
-10.620615341011 -13.63047313029 -10.7887857910924 -11.2171872206842 -12.3037590994871 -13.490330978066 -21.4188242367872 -14.8377978927613 -10.2263428620026 -14.9743172660886 -21.5280191864114 -46.789330512259 -9.67519824516209 -9.74288194670048 -21.458811437233 -26.0635709989355 -32.2683305572278 -40.5930901110148 -50.8378496609199 -78.8589590729976 -117.079032871194 -27.1151273222066 -18.9969818928398 -17.8451523458089 -18.7233227944219 -20.8914932403719 -25.555383309764 -28.6704679301125 -29.9777123878618 -20.9182619226026 -24.3001013859032 -28.301391332009 -35.6126812713459 -44.8839712065009 -27.8102664644079 -24.2145389516039 -52.3059112138647 -41.6974339825645 -22.8333943366057 -9.37304258080601 
-118.520112463117 -47.2086296027268 -68.5685169997984 -20.8754860129497 -18.0020581644926 -16.5586300484217 -16.7152019291159 -18.4117738064993 -21.618345680797 -25.824917553029 -13.5199884570657 -9.55537890691754 -7.76664726584792 -83.5947474046285 -31.3824396804565 -40.5493930860487 -16.8550038446167 -11.3744656559948 -13.4257390896776 -20.1793099986696 -20.5346520826434 -19.8700691818022 -17.9517917332096 -12.8689951719026 -16.081626958599 -22.0379428429003 -12.9253110685489 -16.2288529604849 -22.7887107422469 -13.3971656213875 -15.2153360680342 -13.6755670512279 -15.4821389284875 -16.4972051039401 -20.9174053609017 -31.1658155453212 -23.907204067106 -18.3806516682412 -166.682045083047 -88.9355201291294 
-45.7687831091765 -55.1814148830309 -64.8377307595667 -48.7250989996748 -9.98045021824116 -12.0861777339811 -11.0747226958562 -51.3802381378695 -48.0745106244682 -16.6126970982244 -22.6663990196677 -30.6301009371288 -48.7377103438228 -12.9781609758982 -11.9235780760537 -9.62959907114394 -6.00640396091655 -1.7321427957668 -1.9698703153492 -32.7939896546646 -13.8723056115942 -19.0428669616445 -26.203428307551 -25.9004212192284 -34.5030516834781 -9.36607076302509 -9.60679828276017 -7.40540501888518 -15.5271613450328 -12.7817209043811 -10.9419768924609 -13.1436149464924 -20.3036139101307 -16.8670615069857 -11.7311325300709 -17.768453194542 -7.68998792047273 -28.2473482859636 -24.9919311949829 -9.14474748878552 
-22.9783565493565 -39.1400617327956 -9.37047033662668 -8.05630350400918 -2.04684440740571 -18.1856184195903 -25.7439300333298 -14.2330343185795 -9.85860084820303 -6.87316040805407 -9.1567023022056 -18.1856183804032 -25.7439299941428 -14.2330342793925 -38.5885648782071 -4.92341639643287 -7.70505444926976 -19.2838071016213 -13.6752547030208 -14.5550534134803 -11.1785010102357 -9.38645869074665 -29.0118350923457 -31.4816738765729 -20.1707781615496 -5.62257203419201 -9.11054644071595 -18.5342483552909 -10.6498927006285 -30.7488841419929 -2.29142742312546 -48.1565500860444 -5.43744840686655 -6.96819443630919 -26.1990708507321 -16.4802272932851 -18.2333707004729 -15.7137159750148 -18.360572558493 -15.666859386061 
-10.6023272830042 -20.5149590557381 -14.258643172109 -9.39049773607269 -9.49866818625342 -10.6068386345437 -11.9750090821112 -15.6305372120796 -22.2005361769877 -18.5939837742409 -22.0912282274858 -33.1806786885639 -44.0101291501897 -16.1617777555807 -12.8037823186902 -17.1195098299508 -21.9052373401408 -20.9503941500604 -11.4080548014819 -20.7226758200499 -12.3914930835155 -10.7969101847408 -10.6097252327597 -10.8162971132543 -46.2784404051281 -9.56430813713489 -11.9098457073278 -0.768158251313081 -153.45723930801 -12.8689951327156 -16.081626919412 -22.0379428037133 -12.9253110293619 -13.3971655822004 -15.2153360288471 -13.6755670120408 -15.4821388893004 -16.497205064753 -23.9072040279189 -18.3806516290541 
-166.68204504386 -88.9355200899423 -9.98045017905413 -12.086177694794 -11.0747226566691 -48.7377103046358 -12.9781609367112 -11.9235780368666 -9.62959903195688 -9.80548909090223 -13.6288939864247 -10.0035866539444 -11.3218581666644 -13.8200439038261 -14.9682045461774 -12.5120720114386 -14.6374912133281 -18.455079984119 -26.954505048461 -17.0950555879938 -10.4168422079341 -14.5225082965544 -20.2481694606627 -20.4467084497651 -33.1246756194007 -10.041176676491 -27.9398912993637 -10.060159005038 -25.6394562862716 -23.8445609375368 -33.6093204884439 -20.807626746816 -23.9927313877365 -26.0909018338854 -22.8411328205903 -22.9477047013404 -24.5542765789764 -34.7827698329116 -26.0942174406874 -81.8659705220302 
-39.3117082876328 -49.9924206060504 -21.9454668141239 -18.2705714692935 -14.7565819967705 -11.2025925243319 -13.7286030392624 -33.7011550078961 -43.1577490790886 -21.2273750364633 -21.6120048095485 -18.9039732546379 -22.1169123623196 -21.9208014201682 -34.719010311673 -20.9422490119286 -34.6264684217672 -22.6036965981935 -21.7891438439456 -9.13557956390771 -15.3295390250242 -22.7559887222318 -25.2377450600892 -29.5295013942061 -36.4212577228997 -28.5153037687965 -24.0456462488493 -24.609330578149 -23.4117719305842 -12.7977094808053 -22.6941591728109 -23.6923296212251 -11.385879934322 -12.8240503817152 -27.644198651656 -47.8524065062916 -40.5259568088599 -38.7793017045807 -27.9577479168924 -35.1141976147225 
-30.3576452142899 -36.3274044073978 -42.5658541070292 -24.0684399752301 -15.2889895092734 -20.9674437662806 -15.9809940639207 -22.3731712834139 -26.518898795073 -37.9534445638176 -42.9177170334439 -53.3909004050058 -14.1852665476088 -21.7117162445923 -30.6688891555834 -22.9605716238934 -12.9493614524298 -16.9619932375087 -12.9056773493001 -12.8759333336218 -14.55250521098 -23.4175703487527 -10.0608164987683 -9.66654401975989 -13.1722715325378 -11.5950889753623 -12.3585272579939 -11.5539443575015 -9.7099653516711 -4.20655964412522 -9.15724323389069 -26.8173245150025 -27.8078713382058 -30.4596276757173 -214.26776763876 -203.587686226023 -17.9465584049893 -26.9862724526873 -11.6569008887 -10.9254138115176 
-26.0654952149964 -26.1536656653271 -28.1218361117252 -30.890006556506 -58.2878353645651 -11.6638152403623 -24.9338966478738 -24.8204685290153 -57.3919514539101 -19.9554522604475 -17.2688998557093 -17.6423786594434 -34.6524600592399 -114.173759288049 -34.9456139405637 -67.4925369125672 -11.6886983996353 -14.5387798288495 -12.0945073539968 -14.8544259132101 -12.4402348734704 -38.5561166609312 -50.7749085579683 -9.59297088399566 -20.0230522972054 -15.1793682039558 -19.4784288757091 -14.9281414265517 -95.8647551122138 -60.9260399384023 -25.706490569583 -12.2664091624699 -9.27182626665723 -25.1219076686677 -43.7671429467352 -21.6879286659972 -11.8833494373735 -5.63650878226175 -12.3720611785453 -3.40195637658777 
-19.0338012715655 -38.9286141434917 -6.72819774488322 -18.7669505135629 -24.6355029116158 -14.5483981120755 -50.9888130839256 -41.7902606927583 -61.7824590491529 -55.4339066520705 -10.0291122070452 -13.791684080153 -214.904791023175 -208.306238626565 -102.584585303041 -19.7367069007612 -14.7381545007413 -58.0688113680046 -55.4673637838283 -62.0702589493939 -22.6007946443599 -15.0022422498158 -13.498196826667 -20.3567492227292 -26.4075733771914 -11.7116441118905 -46.9434098910642 -38.4353934799478 -14.9679907999533 -12.9594382610033 -16.5042048097912 -9.56512322922311 -15.7887092942422 -10.640156894646 -35.8469109017251 -29.4883585047176 -55.3582458923314 -19.9147741817709 -8.98801980984048 -40.5250089190957 
-37.1146664554989 -33.9831793832144 -28.0613498460139 -27.9045202967797 -28.0626907469359 -41.7832188560743 -41.3366654252654 -28.6439099121089 -41.038416026206 -36.6441435554602 -28.5164639843991 -34.6421914917264 -34.9307364508637 -34.260393981663 -28.0289069157541 -37.9381130220106 -26.1468050968395 -25.9453575074606 -41.8341747207527 -40.2795918216782 -13.0414693240189 -17.0541011090979 -12.9977852208893 -12.9580412051108 -14.724613082495 -23.5096782203418 -9.92292437085534 -9.52865189184696 -13.0343794046248 -11.4571968474494 -12.4506351295831 -11.6460522290907 -9.80207322326025 -9.13127787209454 -48.4313110399922 -54.6926009814192 -94.3740329097558 -3.54592662549661 -10.7022425250433 -216.353706348487 
-204.783624937516 -10.6141365682505 -16.7541355339294 -14.3775831286192 -9.05165415190239 -17.1489748121428 -5.26050954183161 -9.1339111424189 -13.1104830151488 -22.0321200336646 -19.5655676285034 -13.9796386525094 -22.3969593119276 -10.7884940410941 -5.29141102316356 -13.3606302774796 -10.367727050988 -12.391268945512 -7.61798304098429 -10.9496210926763 -22.7483737444298 -17.2398213457804 -17.6796200572608 -14.273067654066 -7.99713867939042 -11.9851130849692 -20.6288150010116 -15.4544593407496 -5.59599406625746 -51.2011167298991 -8.49201505064629 -8.69276108282395 -26.6693605723328 -22.2779373422621 -2.79853253855065 -32.857961991604 -6.2548484281037 -3.46670298768672 -32.8261324421335 -5.65510441354495 
-30.4645338775743 -29.3711057608068 -30.177677640132 -8.25674246685533 -6.98998757018035 -13.3694170725125 -10.1557150837552 -15.1014425936217 -4.3842600553857 -22.663689532979 -20.7702614178289 -3.12311544001349 -48.4782381041278 -9.83960210067242 -9.29327101371486 -11.5483002226518 -11.3098526195506 -58.3446952306276 -77.3465127900337 -0.849490986917499 -10.5612473402343 -7.89580689947336 -5.33606288909644 -7.75770094270503 -14.0476999081354 -11.5311475029987 -6.25521852625749 -14.3525391864979 -2.69407391568884 -67.0717065287177 -20.4221299155467 -13.3178574504005 -9.12358497938171 -9.52931249858054 -10.8117971584594 -137.172092406047 -178.012166198793 -20.9244289307452 -14.6681130471161 -15.9616549432583 
-26.1315127175791 -11.4999676076207 -13.588369033703 -11.3137656044293 -16.5400070861415 -27.5287597397626 -21.2002073425302 -32.079382609737 -19.4734536483525 -25.6306980960221 -18.2712476271287 -29.0084217406858 -38.956734030157 -49.4050463185079 -60.2533586059624 -71.9016708917994 -19.6601094502204 -87.6583221142186 -10.8232521988251 -13.0289797143409 -23.2293338971884 -34.7901349222925 -11.3575246774848 -15.8754990820685 -23.6792009998532 -28.8908302061342 -82.459227502449 -119.297942672353 -46.1705123313998 -11.0163800601211 -82.6135573628092 -46.0626772619157 -56.2515027244342 -9.07240105451465 -28.3726779251523 -36.6785885587664 -31.5853097118487 -37.5416255961501 -30.0038521594118 -39.160168037068 
-28.4289938217987 -28.9008483746372 -35.9467590108644 -30.6490188214583 -29.1792498044776 -31.9251604496397 -30.9858216817372 -29.3917323359587 -44.3098784974562 -112.125113517312 -15.5124665418371 -39.7257582562685 -116.085194282294 -40.8383900473203 -25.095098315293 -43.9947059375455 -34.1814141931236 -37.9220741566973 -18.6087824321618 -62.3350270687177 -27.9308258295899 -25.9202374572205 -21.5745099460096 -23.7423243201898 -40.0939287060768 -18.3190384170311 -39.3623301380578 -40.5389020165364 -22.0256102902083 -25.0841329723872 -18.3400436371855 -27.1898604881271 -12.4957711696013 -9.00149869701391 -26.1784054498271 -27.1343160987724 -16.349358699978 -14.2578145827086 -53.6490712429727 -27.6106754348753 
-49.9039671531887 -45.2374147526071 -24.2741230315062 -109.386511516123 -132.899803231947 -67.7329836406523 -91.325936554265 -17.8181940571288 -33.9372133085799 -21.1239215705301 -33.9429408286752 -36.7486683430216 -35.8314857845774 -30.2198703794232 -21.8661684626082 -52.6011817112688 -40.134924059767 -39.0003411599966 -16.7670494414087 -17.573070430078 -37.0863621541653 -34.7822904968855 -38.3859924235561 -42.4896943492814 -106.916018905618 -143.384734076369 -70.8473037341457 -30.7377543753555 -29.7818437265853 -27.6272608288552 -32.383171469811 -25.1332818243937 -30.0891924649014 -68.4358246042433 -10.2536898493233 -26.8090209661221 -15.0630355852863 -45.3239663748268 -29.8297505569403 -27.1003224436776 
-24.0308943310366 -22.0614662161059 -25.4354214564565 -17.441148993252 -35.0296939164259 -20.8754780956769 -13.1412056319248 -9.18693316033323 -9.59266067970734 -27.9789163651177 -28.9434992651113 -28.5343334617881 -13.2175812014171 -10.8900348158546 -15.3017911497026 -28.5453038082473 -16.872666596852 -12.4963507092904 -13.2445211581771 -13.0533766711998 -10.1582052679527 -10.326375718034 -11.1945461667219 -12.502716614564 -14.618244747668 -27.813347796362 -21.5882437116797 -18.4016913080619 -24.3089357563793 -9.84148985838537 -11.9372173742002 -19.5158092199676 -19.7030386818922 -28.1530855663084 -36.2760894338396 -9.3557623392606 -21.7103833513318 -12.8492006161427 -10.7246177183629 -8.98801980984048 
-39.435338453221 -35.1835089126112 -32.5016793686409 -31.1698498219083 -31.0580202726871 -44.0319630638205 -48.0802753654615 -52.8285876657092 -41.3836507592175 -26.0467935213364 -29.0525210352348 -32.441065987951 -8.98801980984048 -32.9480185203259 -68.8659344473125 -40.771726065556 -29.9661889770279 -28.3543594308176 -28.2325298816713 -28.4643439197425 -65.6792892626544 -219.858984364356 -296.505509320388 -144.212459406083 -52.3724767985736 -45.8782043323583 -41.3839318618365 -48.325386887742 -60.3667492619532 -57.3086758992369 -64.8751002599699 -65.2296831613831 -34.3820770846386 -66.2205173549225 -16.0119323895908 -38.3156376086377 -19.2245641762871 -25.1808800605885 -33.5409012053759 -42.9472170825594 
-16.0682482862371 -13.3891361175612 -19.2217901784216 -15.5801028410166 -37.2838080612328 -16.818504268916 -33.6822094993121 -18.6250761461756 -31.02878138583 -24.4603425776935 -27.3101412842466 -56.2723988998038 -113.712162567383 -24.4024404457375 -44.8140783115594 -134.180154442194 -46.2267101019389 -34.1750722188202 -50.9830259887541 -42.9613880973231 -43.3703942112166 -27.4287563360614 -45.3522487609693 -47.5004192070692 -44.4606501932738 -45.9772220711307 -12.8233874366016 -21.5270926838463 -14.9291149523415 -14.4328202188004 -11.6385477448196 -13.9176599140414 -29.3213651474989 -66.8904961019661 -55.0522872083803 -49.2857348100883 -79.1396237486707 -40.0255333618052 -41.8312608782173 -25.1381679643896 
-41.319805838972 -48.1171265017751 -45.5232441143856 -43.9886612153364 -25.6970233451844 -26.4630443339784 -42.9746822078387 -17.7656343199689 -35.6193395483743 -36.9230414798484 -23.8193362414121 -41.2267434051256 -34.6730381529754 -51.880647561511 -32.284803425551 -15.421098195155 -14.666515294463 -33.980220519807 -12.7725362888321 -30.9962415163909 -9.66354363989377 -15.0498595253147 -13.3901155130962 -15.3117535678252 -14.3692711503331 -9.93812654155622 -17.6831839670087 -22.9608859626316 -37.1687031057731 -20.1843049692953 -14.7256524031515 -2.55457054347736 -9.24373221031667 -16.5516044720531 -37.0208680364136 -28.8498060956635 -48.1096934970905 -17.0019643360771 -18.1223241987574 -20.4662217704531 
-17.0837172410889 -3.75484577653828 -15.2880899811506 -4.56059181957989 -8.92133784317149 -12.9122974376231 -16.9249292227021 -12.8686133344935 -12.9488693185161 -14.6254411960495 -23.3805063339461 -10.1437524837628 -9.74948000457921 -13.2552075175323 -22.3360619861634 -27.6655540634606 -11.6780249603568 -12.3214632431873 -11.5168803426949 -9.67290133686449 -31.05563979654 -53.2543154984296 -38.8703993515224 -47.3751589050112 -56.5599184570813 -30.4138102483137 -50.8324859539117 -30.3719806989182 -48.840656408623 -30.9901511482539 -46.7569973139631 -32.0983215963689 -46.1651677657124 -48.0333382123347 -30.012211679748 -30.5787835594708 -32.1753554370784 -53.4937467838129 -51.9520575893106 -40.8789527919062 
-52.6906092751785 -41.1538486937096 -33.1672962999718 -45.7655051918897 -184.358689708705 -107.132164753867 -20.7470948582091 -21.0728223778325 -9.73722566957904 -9.34295319057067 -10.418680708426 -62.7898536602107 -25.5913673280342 -25.3295377790615 -28.0186879999464 -66.7243549689084 -30.1802227005166 -4.09117277995992 -12.1529291062421 -9.35748866575484 -7.37774465418336 -9.63938270811545 -16.8993816715299 -13.4528292682844 -8.24690029154406 -13.534220957433 -4.35575568152221 -21.6688838080887 -21.3776989567299 -28.4984569652058 -15.7448184139852 -15.0505459356491 -44.2878996702148 -47.1360701147462 -17.0035776320816 -67.0529865583099 -22.9899122950878 -8.99567764122368 -10.921405157437 -27.5658243303942 
-36.8474037946844 -26.6339947827652 -22.9023962211183 -20.3489681074121 -19.515539990097 -18.812111872508 -23.5752556245379 -44.0822421323489 -35.4740332320682 -46.0325856205401 -53.8607945222883 -209.343914291134 -300.817959270447 -117.799869312171 -179.958874244475 -103.612349287771 -15.7772793952746 -8.98873444965163 -43.043115789575 -34.9488433265947 -28.9320639227376 -58.7091537803099 -76.2751917669621 -67.2809193058235 -21.0715518640036 -16.8925080722443 -15.1361921792323 -12.3432181482104 -15.2502441052918 -29.1981138768965 -12.6519232705458 -98.5032546758521 -62.7345395037078 -22.984990144146 -24.4815730433049 -23.9504072400202 -33.164432903812 -21.4873441353869 -50.9803329433304 -25.8201604392386 
-8.98879920173575 -11.9045267157832 -14.9730716691464 -36.7393397522637 -33.7446033452935 -43.1209192225268 -13.8128382570559 -35.7875102047847 -31.5259116441327 -28.5924835311729 -27.4690554144551 -27.2256272960456 -30.0421991711645 -32.1787710477023 -43.4375486565265 -44.6206296903058 -189.132389666345 -112.615864710039 -12.9278272692513 -19.0175664196898 -51.3906187778093 -18.5201982140515 -21.3465141049988 -29.9067749240972 -17.133882320368 -17.5304542004893 -19.9170260765544 -23.3135979504788 -19.9686433976018 -40.5548604884891 -21.9674242090682 -19.6157368690003 -21.6539073152241 -18.0641383025735 -18.6007101825213 -20.7372820590589 -24.0038539332571 -20.6507948260789 -14.956522358071 -10.762249886877 
-28.285067290055 -25.4746081210319 -21.0510872729248 -15.259534874645 -28.5659766055028 -41.0939842100966 -29.2557753165106 -38.6143277074964 -23.4892229182187 -49.0825366038192 -72.4843075674673 -45.2359369946362 -204.175656373486 -111.391611396986 -96.5540913739554 -72.5088106135917 -25.666599968864 -31.7408724359504 -32.9756335165942 -27.6313610478895 -26.2928160910175 -35.0103945954455 -13.1790214722009 -12.2847489941377 -15.4404765077875 -15.273293947575 -37.4662218838616 -27.8749702694212 -35.9786721865335 -22.1412683473309 -23.0706146084877 -77.6871306687335 -92.114996760693 -128.423711931592 -54.7862815918342 -19.9867322219686 -23.6613151165377 -18.4221493231442 -111.206977549002 -64.1972719862122 
-15.648170319205 -38.2467436173264 -43.5004455403872 -50.7541474593165 -35.9930416878935 -106.816770099439 -71.0780549272445 -31.3385055677829 -32.7139226628609 -9.87776629728617 -19.240398071165 -22.5118605489281 -13.1840821870878 -10.2459367470945 -10.7241071966038 -11.7022776449926 -14.9504480888029 -14.9859762262875 -34.8741840815702 -26.2010792789628 -37.6127357631316 -22.4759751892041 -18.2894227876519 -31.0876316791216 -24.1524709726916 -26.4966672309906 -35.456117696649 -9.77922133777571 -10.8749488556563 -14.2506763688831 -18.6612721803666 -9.82349381748082 -20.6008778232141 -23.438114827114 -11.7869320975986 -10.1323491989234 -42.9856376191661 -32.3109012282493 -42.1638080714133 -42.3519785215199 
-37.0722095124285 -32.8487814021317 -30.8853532873312 -29.7019251707127 -29.4184970522527 -30.115068931877 -195.038687533869 -118.74216257714 -24.0170926989795 -9.1985477701066 -18.0200027920795 -92.5798471406583 -35.8184848594042 -24.4484997759682 -19.6442273061938 -93.4684069912712 -33.6713651586744 -36.5548034368007 -36.3493863394336 -38.500220530584 -9.29640893732183 -5.00701373033401 -8.99854032817287 -0.00427310961766098 -20.1504746764576 -7.89703196695402 -8.77836150724124 -1.50321773360939 -13.9526308390237 -14.6879936557707 -8.03647713323871 -6.10723707226528 -6.11037579229245 -65.5416242804357 -4.73780997705105 -6.93780997247162 -26.3023606004232 -3.34289402339996 -18.3035830784722 -44.7588973297491 
-39.9039629043022 -12.4789939698983 -14.5101134696209 -37.5448221222815 -36.744822123899 -58.0395746126316 -11.0485451414133 -40.532229908347 -1.71305466011871 -44.4292571954158 -55.9674651931346 -83.1673525781359 -6.10430637054111 -1.64537879478144 -2.08963337787489 -1.88863337833055 -0.776401012780738 -1.49840101122243 -2.28840100967988 -2.71367795142863 -16.5069621798746 -2.78618981682858 -1.48618981939126 -5.73234910992007 -3.53448907972123 -42.0745227004466 -2.33885735480056 -67.7013991790669 -26.5678027991395 -24.4578028035173 -9.29574580353226 -6.89173298006035 -11.9170735806987 -23.3423476387886 1.64858337491182e-10 -29.7552352548815 -48.2651226579016 -12.7833657032305 -23.3923500713667 -11.4516455856645 
-52.9118410339745 -124.626563746314 -2.48255747274511 -3.53036481829633 -6.09443870622757 -7.38276855955752 -8.45431690423329 -3.47067746697419 -6.12170238554041 -6.28256660225231 -7.77567760260192 -29.9407468890665 -19.0721175136905 -35.0099203349157 -1.78317248211587 -1.64549232890246 -2.19317248114457 -12.0774050550234 -38.2085769424153 -3.51113894854154e-07 -3.74483280911522 -29.4093214745667 -6.89851308260505 -13.9058231552799 -7.17707294286927 -2.62543712873239 -4.04487444885454 -2.0340339574922 -0.94020110718146 -0.311507305781768 -1.25889176625421 -6.22708116612829 -1.35448012947455 -3.42647076642516 -10.8529258593214 -14.3900547901207 -6.76113310788984 -3.5748384461419 -4.00911837563936 -4.12339830595883 
-7.36666614614885 -10.1915979662221 5.82210327531932e-07 -2.14045349559628 -0.14593379172868 -0.72857945490426 6.47950144688591e-07 -24.500954687629 -6.88916028196194 -1.01808594058439 -2.76554937681715 -7.03764499798507 -30.7496326649764 -20.2337895693152 -5.14181453378891 -21.167600288706 -6.59865525142175 -50.0783376708406 -6.33379439556404 -25.0331144476218 -0.463237441370248 -15.2845678991862 -28.4663920534766 -10.3251234305844 -6.65891534168073 -19.8162014975242 -13.9074468650788 -16.8283257769983 -14.7951680589892 -5.5865762502252 -5.61695970248623 -4.01693644905995 -5.01692908352368 -24.778700585956 -6.32638113602603 -2.69641488057995 -6.96845959951736 -15.3696974827241 -11.3142666005487 -10.1879872498975 
-10.0384491121805 -44.3382580157666 -39.9058092210621 -46.3390843057419 -1.46152042762523 -14.4055938878963 -54.284262210036 -18.6514884045527 -4.36260460194905 -20.2448029668738 -16.2856771141894 -21.9056771025244 -62.9188778169555 -31.2893826201784 -59.7328946832967 -8.97028601328997 -17.2578756785353 -17.3269181561832 -2.14725753343661 -30.4223694256954 -49.4946861156977 -9.39772155130788 -12.1662773252664 -12.4031759169915 -13.4374558453195 -3.14582093906745e-07 -4.66689889709855 -27.1382293390862 -38.1514936367693 -15.067694744339 -6.86908917146032 -3.56655609578711 -0.866556101487004 -4.31271539363333 -3.11527644703778 -15.8318779192472 -8.4896580701721 -6.31357133069969 -9.29986388591748 -9.37944699456796e-09 
-7.09890957653126 -1.15923823434115 -9.75289381502191 -13.9866086677164 -7.88851693241766 -8.13444424636549 -37.4955214288662 -5.11923543417306 -6.55628951377972 -15.4483954587353 -1.84614144156811 -0.376586220101305 -2.87619908788322 -3.42871048029252 -3.33451943559925 -16.6883637144738 1.32074289544448e-12 -1.69164836691909 -20.9284409361319 -21.6322139351871 -14.2270008110561 -9.9281535002892 -9.12815350208187 -10.1577948688549 -9.47779487027356 -95.8969680134756 -2.74923187622321 -13.1394839824221 -74.9172600069347 -82.169070778497 -37.0366774976095 -24.7301211666255 -24.976116461033 -83.3053496850897 -97.0012711936634 -7.71591912460002 -15.2519104875174 -8.06119704075972 -0.758663973524335 -4.40482326522248 
-2.80452960591751 -2.17105003860727 -2.79443373972999 -1.00801480618856 -3.6145163418555 -3.43332537497729 -89.5646323706517 -90.1338238623276 -1.60527158752639 -1.50003341792901 -1.13431595255857e-05 1.283560650222e-07 -1.32630755004517 -1.04122078112066 -3.13910390011646 -6.7833656245065 -26.8029265172891 -51.1484728421242 -13.9647332191345 -5.28277305395253 -11.6482227580332 -32.3946535005771 -12.1394052000318 -3.80699778824631 -13.775037477411 -17.9183472209994 -17.7316696296383 -2.49848427868357 -5.49767073725394 -3.23786455946916 -3.76075961505358 -11.4358636143246 -12.3729833341066 -24.6476329027146 -12.9546900538608 -12.9660897061527 -2.08149521931787 -1.02344100622172 -0.327434111720228 -1.17468825345951 
-1.36865502119715 -4.41290545148567 -9.15368501513863 -23.5903660629293 -23.0645245340029 -22.5174857869176 -20.7346055125494 -28.3469209820579 -10.7822116402711 -24.2869160719911 1.14398552850275e-10 -7.11249176592344 -10.9175776987997 -2.76459237693269 -17.6483603723108 3.51850622521981e-07 -5.79087674140295 -24.0569226377235 -8.48077315266708 -20.7825973086489 -6.68540250798512 -15.9040055032488 -81.794176803573 -11.6466990468588 -19.3033311913205 -6.48611402303576 -7.86928434311542 3.41262189699028e-08 -171.545693396606 -2.75504732637434 -6.7428151417899 -5.14796243516762 -26.5028473288991 0.00704908187280693 -32.9520862303851 -11.8182061331071 -27.2115053164447 -33.211684080402 -31.2889627024558 2.85416489590847e-08 
-38.0504062857763 -3.60912703929499 -31.9955454419645 -20.4081800376798 -115.615487280199 -32.348733135525 -38.3777939998286 -6.63499266959728 -11.0331960441808 -3.24374428611982 -1.0542979967714 3.96247752910702e-07 -12.5921239489093 -0.0801866707160099 -0.880186669098542 -30.9497020776413 -23.4563391934031 -2.25370210704505 -23.7869267574712 -12.3138943938073 -11.0396666686409 -6.38331348006491 -18.8943547130986 -18.1353897968245 -20.3541202057534 -37.8320634062995 -11.5543651008534 -33.4524352734259 -1.10745600182524e-07 -24.9092426663793 8.23173376181825e-09 -3.76855984479012 
<Y_w>
0.00010321578543047 9.44009336273386e-09 1.44135256140297e-05 5.03828152503399e-06 1.64938882702881e-07 8.89702643060325e-09 4.17103904944374e-16 3.91293325973009e-10 4.89308448560737e-05 4.47324060390801e-10 1.51461770888495e-16 0 8.54866013949932e-05 1.88910425560319e-05 5.24662136037296e-17 1.57151052183066e-21 2.06677158146258e-27 0 0 0 0 1.84440462430066e-22 1.39813831726013e-14 3.65674764979307e-13 1.78781813598263e-13 9.09074261506104e-15 3.42151512055571e-21 6.23496033474794e-24 2.44528396110181e-25 1.64833200326917e-16 1.13974902993589e-19 2.58794532021583e-23 0 0 3.14514912876195e-23 7.38205738424849e-20 0 0 4.40854953224453e-18 0.000120946275786072 
0 0 0 7.91903418199898e-16 1.77421882187793e-13 2.44318268270147e-12 1.56756092658499e-12 5.71452001394201e-14 1.29659110406862e-16 5.98505320296077e-20 2.50667242424934e-09 2.10355360368187e-05 0.00232853902283671 0 1.0344117257474e-24 0 2.38131943016418e-12 3.27212376828626e-07 5.31930475936002e-09 5.25628631984728e-16 9.16131394921251e-16 2.25824795080053e-15 5.28903220711509e-13 7.65022649003027e-07 4.49396348290531e-11 1.1416473890032e-15 5.00644668997431e-08 2.4715751342048e-11 2.86639369357811e-16 4.32552467072463e-08 2.60137706752314e-10 2.14396177630129e-08 1.25999320802807e-10 3.73059676406275e-11 6.56181517863614e-16 6.09304552500307e-26 1.63210232265383e-18 1.92006789971644e-13 0 0 
0 0 0 0 4.70523029478415e-05 2.33568388729516e-07 9.42543113605722e-06 0 0 1.08081016593625e-11 1.39460647707295e-17 3.49991976739843e-24 0 6.55240448646429e-08 5.50143260514859e-07 0.00026496320130473 3.88267916918726 2260.84819632756 2194.28935037457 1.95159130274674e-28 1.51726374082724e-09 1.04974615142231e-14 7.42773388409681e-22 1.97799689576778e-21 0 2.57856077426601e-05 2.8183612697941e-05 0.0218796090576976 8.98307248336633e-11 3.1603988972485e-08 2.43150564500374e-06 1.93920841093916e-08 1.58492880898983e-15 3.06991144680655e-12 3.90065499123271e-07 5.67013816391901e-13 0.00461671327098489 3.97267691304316e-23 2.64146143070336e-19 7.82408713312355e-05 
1.63385700162881e-19 0 1.81689952052521e-05 0.00230502229286784 1402.63310489755 5.74646110088545e-12 2.21794766960939e-19 8.00345074548675e-09 2.30367643919448e-05 0.0129853563023322 0.000220373625228085 5.80522135951838e-12 2.23701569832398e-19 8.09927287032797e-09 0 0.932846933774987 0.00271316081085866 1.6367722197087e-14 4.71063028834502e-09 5.19611313594519e-10 8.73899400826606e-07 7.95960991194846e-05 1.80660564718812e-21 7.36106094391696e-26 3.36830609792299e-15 0.185242131425399 9.62119162113815e-05 2.85409435471965e-13 4.33092114555282e-06 3.35175804465055e-23 674.183171827074 0 0.671863326070618 0.0139868745367957 1.16242295081993e-18 1.7000127546055e-11 1.26409412979909e-12 2.10656318899138e-10 3.79157718369355e-11 4.86813537964291e-11 
1.04190596104513e-05 3.13482401398657e-15 9.20932349766287e-10 7.87761454016835e-05 5.6333654767443e-05 7.85631259142856e-06 1.18846682420291e-06 5.08692813602719e-11 1.6531552122735e-17 5.14256641968275e-14 1.40242402644029e-17 1.99986343666324e-28 0 1.2558265145356e-11 2.22897649266209e-08 1.77761904038116e-12 8.60572170953345e-17 5.26155917223914e-15 6.92127739305847e-07 4.81630009673889e-16 4.96841157342212e-07 3.22407641956805e-06 0.000141978154287573 1.59792340284636e-05 0 0.000128789424376335 6.37638981718931e-06 8317.4456257754 0 7.77615684582387e-07 4.54348191479205e-11 1.15244258527455e-15 5.07253706484731e-08 4.38766158063856e-08 2.63452579022341e-10 2.17669441348863e-08 1.27792937400025e-10 3.77968130530619e-11 1.65130448876248e-18 1.94272523393179e-13 
0 0 4.77317290462995e-05 2.36745987583835e-07 9.57043478452365e-06 0 6.61264046241467e-08 5.56633527981017e-07 0.000268097904407344 3.55600832825699e-05 2.70822715135197e-09 1.30946091154487e-05 5.99435024117095e-07 3.49884592454717e-09 9.09487068311444e-10 3.35308970933003e-08 3.86642680829152e-10 5.26324600647875e-14 1.34576583555965e-22 1.03413624216911e-12 3.44846421182695e-06 4.61823479816819e-10 3.01948348878999e-15 1.27481844356111e-14 7.88767806113662e-26 9.6623814857667e-06 1.90333894395078e-23 1.3073310436053e-05 5.02333438578931e-21 1.666145330589e-18 1.36588890034311e-28 1.90507829049308e-16 3.74523649055547e-19 1.3945019155273e-21 4.31101818195801e-18 1.42013873234036e-18 2.94713011533524e-20 0 1.666426786796e-21 0 
0 0 1.09447076983551e-17 1.55872855851216e-13 2.10749098720035e-10 6.25976045458214e-07 3.13651432806853e-09 9.50340918834711e-27 0 4.71628963431532e-16 1.16295325246968e-15 1.55922894006238e-14 1.0354703935463e-17 3.35765909320064e-17 0 9.57311773440305e-16 2.55926340331762e-27 1.30365376682378e-16 3.36574727355763e-17 0.000132363092681513 3.91702712739658e-11 3.93383150411213e-18 1.15212977466301e-20 6.33219670987102e-25 0 2.01194413535204e-23 1.077591260969e-19 4.61248656390594e-20 4.59790366310408e-18 1.5280430892495e-08 2.37296369671509e-18 2.64502176187019e-19 7.91812759257653e-07 1.12439773015898e-07 3.06667889245657e-23 0 0 0 1.71421550934765e-23 0 
6.78311108959719e-26 0 0 1.58672759219291e-19 4.81207648681456e-11 1.01872380455821e-16 1.45965369119942e-11 5.62482676043484e-18 1.53448054910529e-21 0 0 0 5.09386924220525e-10 2.37753350779982e-17 2.13195123648837e-25 1.69319351585046e-18 3.91070179367785e-07 7.19246093783114e-12 3.58426444944544e-08 8.81982247736678e-08 7.2438869214369e-10 3.69010853804237e-18 2.20003510321929e-05 4.23779840854216e-05 2.11882726284934e-08 1.66418487583523e-06 1.90129213660116e-07 9.42613816317851e-07 0.000160913830298685 1.63637325059939 0.000149090606523736 1.47789624002576e-21 8.82909652723461e-23 1.03660281806243e-25 0 0 8.5759295451583e-13 7.17032212474016e-21 2.4732546122372e-07 1.38822537065568e-06 
2.32234046244902e-21 9.33964174408952e-22 1.18689657255321e-23 3.64597689270633e-26 0 2.20884064916174e-07 2.84725074198538e-20 1.87833177566281e-20 0 2.30456851014468e-15 7.91961802803862e-13 4.74107981860111e-13 0 0 0 0 1.78283204288872e-07 2.86719783619321e-10 8.3286628998936e-08 2.13993498810999e-10 6.43760911040195e-08 0 0 2.53094208111174e-05 2.50674996702752e-15 8.51695080748178e-11 4.85599811409983e-15 1.005013137191e-10 0 0 6.09196499199975e-21 5.92674453296446e-07 7.87033916449241e-05 1.2868718778247e-20 0 1.27586277519534e-16 2.55476103490475e-09 0.457429641460485 5.8382447031268e-08 244.77260632855 
1.1210393718828e-14 0 0.0159604659997748 4.68121525770746e-14 4.30874584813091e-20 2.30796678192008e-09 0 0 0 0 1.8126451614664e-06 9.28277299951052e-10 0 0 0 2.8773790269297e-15 4.21287209616571e-10 0 0 0 2.18710270412644e-18 1.2804121518287e-10 4.47332315109302e-09 4.17553118988909e-16 1.94161503169454e-20 8.42503030870146e-07 0 0 3.5545297366113e-11 4.89251727981623e-09 3.63614354618932e-12 3.71347742110969e-05 1.27631112246538e-11 2.62307066841003e-06 0 5.95301929245903e-25 0 5.47077412464677e-15 0.00019977350622656 0 
0 0 2.28357506668113e-23 5.22492559935259e-23 1.20197986846115e-22 0 0 5.86774353080582e-24 0 0 6.92007912538264e-24 0 0 0 2.29361269441035e-23 0 8.33431027777354e-21 4.06083272837319e-21 0 0 3.37688044938293e-07 6.09536199755191e-12 3.07667105394589e-08 7.7252047368704e-08 5.20647584979572e-10 3.14040539726887e-18 3.23292555380875e-05 6.19338878736286e-05 3.0822156617067e-08 2.46154223445723e-06 1.59591577289334e-07 8.02344003595077e-07 0.000136994611697824 0.000126386685888289 0 0 0 15.5605210059189 2.81745554784628e-06 0 
0 2.35837498690718e-06 2.32229947271561e-12 8.1093593587542e-10 4.82601058968856e-05 4.19947548604233e-12 1.0624509731978 6.75031252019311e-06 1.94863945183959e-09 9.35118561237302e-18 4.00798762445408e-15 2.43147304170183e-10 1.80346819106307e-17 2.40064199589739e-06 0.471207056566064 6.28966389140988e-09 3.50303106153274e-06 1.19580644342083e-07 0.00147628213154964 1.30399320588622e-06 5.23323293989353e-18 1.19597244793887e-12 3.45186733932241e-13 6.21466822657711e-10 0.000565930222183251 1.12624242440721e-07 2.12825997688011e-15 5.99944347739247e-11 0.295643576837537 0 0.000523442438243074 0.00023274326745675 1.03456338517161e-21 1.10418525557609e-16 298.310107020929 1.446272906588e-27 0.0619284719080131 34.6147403215708 4.55513340546266e-28 0.201555473790391 
8.56772691985011e-26 4.95356621577526e-25 7.20360671636333e-26 0.000804226760462412 0.00881856375712103 4.75943124987926e-09 1.06021060453183e-05 4.29694449753711e-10 3.7201566664121 5.27032847066632e-18 1.93348434864016e-16 110.175728172879 0 9.56543516173814e-05 1.38149096027543e-05 4.66861999907166e-08 1.24325992367233e-07 0 0 4575.989004131 2.70924673249591e-06 0.00151093445190943 0.187633228280221 0.00142185047232846 1.04146124002346e-09 5.01500487992945e-07 0.0215296563971413 2.31223787918738e-09 344.846284938854 0 8.29241228598261e-16 8.29884564591755e-09 9.82634624717767e-05 0.00010424416925566 3.47120720327317e-06 0 0 9.3877577623479e-16 2.46935982141248e-10 3.41493523550793e-11 
1.22674713214407e-18 3.21280430897711e-07 2.72779331364806e-09 9.34270161125569e-07 4.6981460181025e-12 9.6801200998271e-23 1.52020172063195e-16 2.78723679650716e-27 5.03734970864894e-15 2.8309864834315e-21 6.68734874759979e-14 3.52714967336619e-24 0 0 0 0 6.42128128806818e-15 0 1.34923822431732e-06 1.46977233564312e-08 1.82519074854285e-17 1.33958079231212e-27 4.674721238146e-07 1.89323783426853e-11 2.33791082132342e-18 1.32037266582588e-23 0 0 0 1.4437331429867e-06 0 0 0 0.000138178050537691 2.31521093853828e-22 0 1.38660455523696e-26 0 1.79806937450472e-22 2.29831272500001e-28 
1.53960875835758e-23 1.3278547760557e-23 0 9.40578629854841e-26 6.57244581863133e-24 7.0082868419575e-26 3.86871080109701e-26 4.32862351882193e-24 0 0 1.10081044939023e-10 0 0 0 9.65127803303466e-19 0 3.58263275886786e-25 0 1.23348387619675e-13 0 1.98874427964559e-20 1.23793971772202e-19 4.07038877768684e-16 3.59380396999295e-18 0 1.33912923941853e-13 0 0 4.0699896509444e-17 3.04008435611293e-20 4.80473153962808e-13 1.80311805407175e-22 1.25221227712536e-07 0.000294498329167555 6.53375859320391e-21 4.29583814984304e-21 8.48585264985448e-11 8.49549519036101e-09 0 8.69501145418305e-23 
0 0 2.78203009944288e-19 0 0 0 0 4.21343859123938e-13 0 3.20315075298874e-16 5.60704682366362e-29 0 0 8.16828681648241e-24 8.20515741218622e-17 0 0 0 8.45368444638271e-12 9.43249538815064e-13 0 0 0 0 0 0 0 7.60836944343301e-26 1.01611057017793e-24 1.06977584927563e-22 5.34658371575254e-27 9.4783366705498e-20 5.61111837396295e-24 0 2.14609993827549e-05 1.05560817589576e-19 2.44199665858531e-09 0 7.60741787210853e-24 7.45352129541573e-22 
3.31059965791281e-19 2.35655531660453e-17 3.43150915853328e-20 1.27248579928808e-12 4.8217800305688e-29 1.24052659579215e-15 2.52867976304926e-08 0.000172746143169847 0.000106549922043743 5.5004630903408e-23 1.51820389477423e-22 1.26945147211566e-23 1.21634790629245e-08 1.03479394762143e-05 1.99724009178093e-10 1.76839754942533e-23 2.02961180750785e-11 8.25570005224157e-08 2.46837619928962e-08 3.59969136102602e-08 2.30661585816452e-05 1.27068526102152e-05 2.90946969791678e-06 4.84035207218269e-07 8.09255390496442e-10 2.70808171763422e-22 9.83436253321204e-17 1.16484053170924e-13 1.30040641186554e-19 3.36630650195168e-05 4.19372289607321e-07 2.88260009362401e-13 7.58504557994996e-14 2.3698807889013e-20 3.57907478064076e-28 0.000142126948317984 7.14929112810089e-17 2.50603652093996e-07 5.53908710360386e-06 0.000105985765491172 
0 0 5.41117457359168e-28 2.03180395852515e-26 9.58486215288927e-26 0 0 0 0 1.22155895993717e-21 1.99789261627326e-24 5.59977733870212e-28 0.000208147203239841 7.95544627693822e-28 0 0 3.30989698993072e-25 1.19908863873434e-23 2.64359382530824e-23 5.31470188510344e-23 0 0 0 0 0 0 0 0 0 0 0 0 0 0 5.52782425090645e-10 0 3.18247717459793e-14 7.93127605389724e-19 5.29516074000874e-26 0 
3.53559116877841e-11 2.07550915797001e-08 2.51810691415134e-14 2.4953602085297e-10 0 1.54870219210107e-11 1.25908174351339e-27 9.09928860142608e-14 1.02327414143657e-25 2.04689443743387e-19 6.47320431480184e-22 0 0 1.4868564044109e-19 0 0 0 7.50670183898157e-28 0 0 0 1.90584863935026e-22 0 0 0 0 5.68185947656969e-08 3.29204996807829e-16 3.36500038598105e-10 1.48197186005568e-09 6.94846611604486e-07 1.22319932371766e-08 2.94832026683063e-23 0 0 0 0 0 0 2.06512532208799e-20 
0 0 0 0 1.01181382382604e-20 1.23795509187857e-21 0 7.75088466016685e-13 0 0 9.11931535255333e-19 0 3.05984610770793e-28 0 2.19303360303115e-27 2.36861334808087e-10 9.97358527773176e-10 1.37980850865979e-28 2.21982290298016e-07 6.67506581842219e-25 0.000199816849437393 2.47034464117113e-10 1.35784664807853e-08 1.90526496952787e-10 1.41298167699861e-09 3.59778107102834e-05 6.44319643292729e-14 1.54880131128839e-18 0 3.20762076491559e-15 6.58461663957022e-10 1193.66155542988 4.36494671330791e-05 9.78819543958827e-12 0 7.91960709606265e-24 0 6.94020161413751e-12 7.89046877750276e-13 4.65531605383029e-15 
4.00218104769731e-11 16.3756224024447 5.49675074325123e-08 3.74639222332008 0.000490875765806819 4.23747085494149e-07 7.78701303873786e-12 3.87403343842483e-08 7.38631991556828e-08 6.07227049118891e-10 3.99295145777845e-18 1.80189651208793e-05 3.4734173638685e-05 1.73771908125351e-08 4.40339294852552e-15 3.30238904674284e-20 1.36182517834143e-06 2.06101761619356e-07 1.01994834508252e-06 0.000174111253623821 4.07147181663498e-26 0 0 0 0 8.13526101020578e-26 0 7.8001757649138e-26 0 3.11623235738706e-26 0 9.16817305922435e-27 0 0 1.73376534120682e-25 4.00479365083175e-26 1.68057845214373e-27 0 0 0 
0 0 1.41507058539982e-28 0 0 0 2.64886564353597e-16 1.81083147756938e-16 3.31319050066463e-05 0.000132468583814915 3.71578872200438e-05 0 5.05661174580073e-21 7.7645930741813e-21 2.93144950348279e-23 0 1.37403693033721e-25 27.9968042308466 1.63740819503616e-07 6.27942199414073e-05 0.00607982283843864 4.64028556824453e-05 3.16717478142137e-12 6.27021779141571e-09 0.000806366673492814 7.64257944082537e-09 7.84388280422519 1.29846464788795e-16 9.94617833445473e-16 7.16258325590455e-23 3.34803587612871e-11 2.66475844004299e-10 0 0 2.30090354647308e-12 0 1.43222333030499e-17 0.000144832347324258 2.87230779123173e-06 1.90071534086574e-20 
4.67674422807093e-26 1.16642036864538e-20 7.23853472242742e-17 4.68792586277875e-15 1.2002099545911e-14 4.6002645339156e-14 4.46217817780857e-18 0 0 0 0 0 0 0 0 0 1.74174497862051e-10 0.000298349538825165 0 4.66260106268911e-26 3.99074903523167e-21 0 0 0 5.02819085174156e-15 2.18280321776268e-11 2.30867313160679e-10 2.22924456733365e-07 8.93290205094319e-10 3.24508017815349e-20 5.59225664727782e-07 0 0 4.25383165074078e-18 7.54410204677176e-19 1.43382276922902e-18 7.54925386189214e-28 8.061712155456e-17 0 3.82660417251402e-21 
9.73056294441293e-05 2.04987344050584e-07 1.17095295097689e-10 0 3.10707840959736e-26 0 7.69217235967102e-09 0 1.76348124520508e-25 2.51775653147568e-23 1.32633375100032e-22 1.80978012349572e-22 4.32831045695406e-25 1.02968254456011e-26 0 0 0 0 4.3388651021411e-08 9.72606348826315e-14 0 5.32049461860074e-13 7.04510702221889e-14 8.11221582369708e-21 2.34919864901158e-12 1.43949391621106e-12 1.89411594128458e-14 5.5893673101593e-17 9.78948636849892e-15 0 7.29018490058324e-17 8.62719636604808e-15 7.32743758251381e-17 3.39315824423242e-13 7.48394218260761e-14 8.94652943850435e-16 1.66301488389387e-18 2.35687424330028e-15 4.34760960514774e-10 5.12611361745096e-06 
3.04665387495365e-22 1.79249039223713e-20 4.97159409330403e-16 2.18482844824399e-10 1.21106081952092e-23 0 2.7715181607154e-24 0 1.14950677664586e-18 0 0 0 0 0 0 0 3.55890638849129e-20 2.32967844357455e-25 2.9677641868161e-27 1.87076835984115e-22 6.77948387879345e-21 0 1.95046742293318e-08 2.6093138047545e-07 5.1392477132615e-10 2.08176461992107e-10 0 2.72632323090414e-22 1.95016101681379e-28 2.50559044027642e-17 4.527069514634e-18 0 0 0 0 2.12295525238358e-14 4.7593507000797e-16 1.34172308172971e-13 0 0 
9.73043271662878e-11 0 0 0 0 0 0 1.91138768311063e-26 2.50284009516732e-27 3.00751322033006e-05 4.70495464505938e-14 1.98239115483862e-17 7.95106178824261e-09 7.01264703503233e-06 2.49197207618193e-06 4.40207183277959e-07 1.02488197560047e-09 1.42444084413414e-10 0 7.14963071989438e-21 0 6.79776101317434e-18 8.0282932797175e-14 3.02399513437952e-26 5.11850745627261e-18 4.06105327578499e-22 0 1.60094028105715e-05 2.10144623618099e-06 2.96781428747981e-09 5.30019677720672e-13 1.55808171304539e-05 2.16186019405999e-15 6.8169535077356e-19 1.48185472208226e-06 1.15318378956482e-05 0 5.84443707778891e-25 0 0 
0 7.09709519142094e-28 2.62664350642852e-26 3.21852337855605e-25 1.0615065533803e-24 7.1162012702571e-25 0 0 4.66814599378484e-19 9.767426133301e-05 8.14673197375591e-13 0 0 3.00399660452566e-19 1.40010423878093e-14 0 5.31230342617005e-28 0 0 0 1.37154571930976e-05 0.229745209663649 1.3240286736598e-06 978.262582860965 0 0 0 0 0 0 0 0 0 0 0 0 0 0 0 0 
0 0 0 0 0 0 0 0 0 0 0 0 0 0 0 0 0 0 0 0 0 0 0 0 0 0 0 0 0 0 0 0 0 0 480.768648810308 0 0 0 0 0 
0 0 0 0 0 0 0 0 0 0 0 0 0 0 0 0 0 0 0 0.231670251604294 0 0 0 0 0 0 0 0 0 0 0 0 0 0 0 0 0 0 0 0 
0 0 1.53246786655999e-05 0 0 0 858.216103562337 0 0 0 0 0 0 0 0 0 0 0 0 0 0 0 0 0 0 0 0 0 0 0 0 0 0 0 0 0 0 0 0 0 
0 0 0 0 0 0 0 0 0 0 0 0 0 0 0 0 0 0 0 0 0 0 0 0 0 7.60015505507205e-06 0 0 0 0 0 0 0 0 0 0 0 0 0 1.06952349851753e-05 
0 0 0 0 0 0 0 0 0 0 0 0 0 0 0 0 457.22119837976 0 0 0 0 0 0 0 0 0 0 0 0 0 0 0 0 0 0 0 0 0 0 0 
0 0 0 0 0 0 0 0 0 0 5.39566692736625 177.629343856497 0 0 0 0 0 0 0 0 0 0 0 0 0 0 0 0 0 0 0 0 0 0 0 0 0 0 0 0 
0 0 0 0 0 0 0 0 0 0 142.24511806063 0 0 0 0 325.872015047175 0 0 0 0 0 0 0 0 0 0 0 941.345965496358 0 0 0 0 0 7.78615744136439e-07 0 0 0 0 0 2.64528877445361e-05 
0 0 0 0 0 0 0 0 0 0 0 63.278047087691 0 0 0 0 0 0 0 0 0 0 0 0 0 0 0 0 3.11737015337408e-05 0 4.55154814357947e-06 0 
<Fx>
-282.344143420148 -778.61452787108 -337.044961081082 -405.594584758118 -528.845026096087 -652.095467434056 -772.144010510263 -507.19586970223 -357.294718847509 -580.315565828718 -878.286988237287 -330.522552432713 -588.352410030217 -7.69729796174859 -18.3107684054624 -81.2597347885413 -144.20870117162 -207.157667554699 -270.106633937778 -63.8578408460941 -86.63137706641 -249.812368675387 -73.0115860663956 -127.712403727329 -182.413221388262 -237.114039049195 -141.561209743432 -487.390702857101 -68.1064974920584 -43.2086329487604 -60.2014481677012 -102.09212792994 -143.982807692179 -185.873487454417 -168.211919260184 -93.2613438328231 -116.034880053139 -90.5951978023423 -324.319035015531 -22.8635931777354 
-109.038368829125 -230.925575801208 -306.38315947752 -244.817782814092 -368.068224152061 -491.31866549003 -614.569106828 -737.819548165969 -861.069989503938 -984.320430841908 -394.718933668813 -469.669509096174 -544.620084523534 -5581.04959025873 -639.536716482905 -1034.25565015172 -319.768358241452 -517.969375006782 -641.219816344752 -566.269240917391 -856.834316034228 -550.82604942416 -760.859192878242 -271.143467153987 -734.146667693835 -965.64826796376 -502.645067423911 -767.413851604919 -1263.68423605585 -325.84428481492 -380.545102475853 -394.393908491956 -517.644349829926 -523.365000062388 -788.133784243395 -1305.1241013328 -760.943334244102 -740.223401605625 -716.724461395655 -493.933964274821 
-400.831693619183 -863.834894159031 -1095.33649442896 -632.333293889107 -421.044618008708 -495.995193436069 -346.094042581348 -550.732844473904 -475.782269046543 -569.114889562557 -867.086311971126 -1165.0577343797 -319.321876166552 -883.160000374123 -577.151733764055 -787.184877218137 -275.374911772736 -262.077126011854 -337.027701439214 -680.712319945026 -535.8127222132 -584.112588123809 -632.412454034417 -834.284877723866 -1130.45671789478 -412.562280875231 -487.512856302591 -242.006217166786 -729.519073469377 -473.50781743671 -365.256658504755 -494.227750075187 -731.806084256901 -711.086151618424 -316.956792594147 -690.366218979948 -548.014483776854 -1606.55897929649 -1364.55276212971 -62.9489663830788 
-66.7816389074678 -22.7735362203159 -177.27095748104 -231.501600269924 -227.711218810113 -1026.36820648366 -1403.98057614849 -723.706412246182 -715.224075112704 -459.212819080037 -723.981603261045 -1025.03700897657 -1402.6493786414 -722.375214739092 -610.367124285624 -350.961660148082 -479.932751718514 -765.421468537998 -744.701535899521 -717.511085900228 -696.791153261751 -587.823085780687 -1793.2938322871 -1459.80564321639 -779.531479314079 -302.661794237474 -525.682641218683 -823.654063627252 -676.071220623274 -1791.49645147226 -533.719485420181 -515.78360988217 -743.752628874263 -723.032696235787 -1858.22680185246 -1577.96898258315 -1350.25776377303 -1217.29728983771 -1445.00850864782 -989.586071027598 
-55.7697488245313 -518.77294936438 -287.271349094455 -110.470566485464 -165.171384146398 -219.872201807331 -274.573019468264 -307.991281732932 -545.569615914646 -524.849683276169 -105.565477911127 -130.463342454425 -155.361206997723 -80.6676133678293 -205.670899679253 -280.621475106613 -355.572050533974 -186.490073076423 -130.720324251892 -84.8455452726507 -667.786282044668 -361.778015434599 -247.344881339888 -370.595322677858 -295.523290352453 -553.353147949956 -496.270384450932 -54.7008176609332 -356.53115236618 -269.812269646897 -732.815470186745 -964.317070456669 -501.313869916821 -324.51308730783 -379.213904968763 -393.062710984866 -516.313152322836 -522.033802555298 -759.612136737011 -738.892204098535 
-715.393263888565 -492.602766767731 -419.713420501618 -494.663995928979 -344.762845074257 -317.990678659462 -881.828802867033 -575.820536256965 -785.853679711047 -45.0014162314614 -276.503016501386 -99.7022338923946 -154.403051553328 -209.103869214261 -263.804686875194 -168.251857569431 -297.222949139862 -514.0813506831 -94.7971453180574 -69.8992807747594 -194.902567086183 -269.853142513543 -344.803717940904 -164.953407890283 -479.807966635288 -119.951991658822 -300.956971957467 -351.00968284153 -123.27945254512 -133.892922988833 -196.841889371912 -177.980270206053 -188.593740649767 -243.2945583107 -257.143364326803 -380.393805664772 -503.644247002741 -623.692790078948 -602.972857440472 -711.081168162138 
-382.655905475511 -383.12608034756 -198.23002797248 -208.843498416194 -283.794073843555 -358.744649270915 -433.695224698276 -417.686996832388 -701.481070675943 -671.846698956042 -665.1968249682 -440.345098686118 -318.24513373806 -848.54451636103 -1338.34438345114 -827.824583722553 -1392.57502624003 -807.104651084077 -439.901189598902 -138.606832997451 -15.5474669436265 -26.1609373873403 -513.673793689931 -1001.18664999252 -1488.69950629511 -489.164137927189 -257.662537657264 -332.613113084625 -249.898204530986 -70.2482846045596 -80.8617550482735 -135.562572709207 -124.949102265493 -179.649919926426 -278.382470295741 -1005.76067156757 -995.147201123856 -964.320806290617 -505.347334033741 -515.960804477455 
-495.240871838978 -974.427268485379 -985.040738929093 -65.3431960302225 -40.4453314869245 -176.062088242062 -165.448617798348 -251.012663669422 -325.963239096783 -202.223025629402 -127.272450202041 -378.285113871463 -90.4980423709871 -101.111512814701 -85.0685948786704 -332.169203997408 -262.131153382869 -725.134353922718 -493.632753652794 -385.381594720839 -508.632036058808 -751.931020472984 -412.032304237591 -486.982879664951 -561.933455092312 -337.08172881023 -874.147686603006 -568.139419992938 -778.17256344702 -123.250441337969 -57.681187054206 -68.2946574979198 -555.807513800511 -1043.3203701031 -204.935874819815 -194.322404376101 -520.684387594054 -762.799458307692 -289.18278732413 -112.382004715139 
-122.995475158853 -177.696292819786 -232.397110480719 -287.097928141653 -450.950562973431 -180.931628392175 -191.545098835889 -314.795540173858 -1537.69425876826 -547.481054144321 -526.761121505844 -384.409386302751 -395.022856746465 -675.265834475274 -291.015927088428 -545.070599761127 -207.582337908927 -218.195808352641 -293.146383780002 -282.532913336288 -368.096959207362 -286.490465850561 -504.686274203202 -132.631762481567 -143.24523292528 -374.746833195205 -516.654659311081 -61.8591189590274 -164.65147552305 -116.473066510485 -680.311190718056 -669.697720274342 -363.689453664274 -374.302924107988 -280.909464893665 -584.33606756207 -20.2129243895255 -316.814777049689 -337.534709688166 -296.094844411212 
-613.06361298031 -43.4934688587925 -252.221532908401 -537.710249727885 -558.430182366361 -516.990317089408 -424.095770752464 -403.375838113988 -818.225129776742 -797.505197138265 -143.970373976446 -267.220815314415 -235.762269653054 -215.042337014578 -288.98336342965 -401.551732247527 -380.831799609051 -2449.89987865513 -2470.6198112936 -2429.17994601665 -339.411287685523 -318.691355047046 -489.799867090115 -510.519799728591 -863.209293475916 -469.079934451638 -24.7905369884857 -4.0706043500091 -45.6177971817746 -24.897864543298 -251.270615572233 -326.728199248545 -27.6819216437638 -6.96198900528717 -254.054672672699 -233.334740034222 -308.792323710534 -29.3689807680019 -5.65982759245277 -26.8867684798804 
-258.388368749805 -81.5875861408136 -136.288403801747 -190.98922146268 -245.690039123613 -279.108301388281 -495.966702931519 -76.6824975664765 -32.5465960723332 -107.497171499694 -176.787919334602 -251.738494761962 -101.837343907241 -333.338944177165 -156.538161568174 -475.246770293042 -35.2426322895232 -55.9625649279998 -638.903301700017 -332.895035089949 -302.561537310777 -765.564737850625 -534.063137580701 -425.811978648746 -549.062419986715 -792.361404400891 -452.462688165498 -527.413263592858 -602.363839020219 -377.512112738137 -914.578070530913 -608.569803920845 -818.602947374927 -41.8906797622388 -105.008300411905 -146.898980174144 -268.263430791174 -122.127426301421 -353.629026571346 -327.063301121236 
-316.449830677523 -374.348959209822 -611.927293391536 -591.20736075306 -197.078001728782 -570.487428114583 -428.13569291149 -139.192752109978 -262.443193447947 -628.992619200093 -608.272686561616 -214.143327537339 -587.552753923139 -445.201018720046 -196.01142392434 -683.524280226931 -427.513024194264 -692.281808375271 -319.261865262309 -448.23295683274 -733.721673652224 -713.001741013748 -685.811291014454 -665.091358375978 -270.9619993517 -493.982846332909 -791.954268741479 -644.371425737501 -502.019690534408 -484.083814996397 -712.05283398849 -691.332901350013 -1514.5693928116 -1318.55796888726 -98.5264429584792 -109.139913402193 -330.028043228403 -153.227260619412 -163.840731063126 -221.776884296449 
-232.390354740162 -355.640796078132 -478.891237416101 -350.74797586688 -248.427593813201 -259.041064256914 -323.378169240561 -398.328744667922 -173.47701838584 -184.090488829554 -307.340930167523 -404.534709568547 -386.598834030537 -360.111866970574 -14.0624330712259 -37.3506031199013 -58.0705357583779 -147.332913444522 -222.790497120834 -107.626100691448 -595.138956994039 -339.127700961372 -230.876542029417 -359.847633599849 -597.425967781563 -576.706035143086 -182.576676118809 -555.98610250461 -413.634367301516 -2408.46001337817 -529.481935107672 -604.432510535032 -679.383085962393 -754.333661389754 -43.358415573021 -134.452560454284 -157.2260966746 -506.361616112869 -274.860015842945 -539.628800023953 
-1035.89918447488 -98.0592332339542 -166.60885691099 -339.453259984233 -295.579948481422 -581.068665300906 -560.348732662429 -906.567709048937 -512.438350024659 -93.154144659617 -68.256280116319 -118.059621812824 -155.410224932725 -192.760828052626 -230.111431172527 -267.462034292429 -80.7090186929223 -266.148912693855 -193.259566427742 -268.210141855103 -161.667406573403 -473.235964001527 -118.308991000382 -341.329837981591 -639.30126039016 -885.84777641046 -139.715233598151 -187.893642610716 -91.5368245855859 -349.366682183089 -103.843482522129 -73.6009490475751 -331.430806645078 -559.399825637171 -272.230883184049 -282.844353627763 -735.234083723897 -966.735683993822 -1208.85075470746 -1440.35235497738 
-503.732483453973 -326.931700844982 -337.545171288696 -381.632518505916 -395.481324522018 -406.094794965732 -518.731765859988 -529.345236303702 -324.735033390002 -505.634850748597 -401.919109649245 -412.532580092959 -2626.60734189842 -875.535780632807 -864.922310189093 -1107.03738090273 -1096.42391045902 -644.034180362883 -633.420709919169 -1281.41848673792 -939.872885616454 -783.32186077389 -708.37128534653 -898.189494100177 -467.233397753892 -525.169550987214 -535.783021430928 -659.033462768897 -648.419992325184 -422.13203403877 -432.745504482484 -497.082609466131 -507.696079909845 -582.646655337206 -347.18145861141 -357.794929055124 -895.748705022333 -814.14825560713 -1350.69244899623 -891.71897673936 
-902.332447183073 -881.612514544597 -870.999044100883 -670.182540440419 -680.796010884133 -974.966311040639 -1612.35061741568 -476.869685076605 -562.43373094768 -551.820260503966 -637.384306375041 -712.334881802401 -487.483155520319 -997.861954466384 -699.890532057814 -450.09751866181 -1024.54911331309 -718.540846703027 -707.927376259313 -917.960519713395 -928.573990157109 -580.815776036333 -878.787198444902 -1176.75862085347 -379.201171652893 -427.379580665458 -331.022762640328 -894.860886847899 -884.247416404186 -578.239149794117 -588.852620237831 -788.272293248199 -798.885763691913 -150.915167352623 -297.97142240857 -842.489360837439 -448.360001813161 -332.521486710567 -397.365599943165 -520.616041281134 
-643.866482619104 -767.116923957073 -482.422637565288 -557.373212992649 -407.472062137928 -472.316175370526 -547.266750797886 -622.217326225247 -697.167901652608 -1009.3821331633 -1315.39039977337 -703.373866553233 -13.6257621011724 -34.8527029886001 -522.365559291191 -1497.39127189637 -497.855903528448 -266.354303258524 -321.055120919457 -341.304878685885 -89.5535206495332 -144.254338310466 -198.9551559714 -253.655973632333 -287.074235897001 -973.012571891876 -524.652570078715 -503.932637440238 -84.6484320751961 -184.753853843321 -259.704429270682 -144.655981404561 -404.360410675243 -439.213113663843 -808.720821350485 -109.803278415961 -63.9284994367195 -646.869236208736 -340.860969598668 1.17885013380823 
-20.0480907536194 -74.7489084145526 -129.449726075486 -184.150543736419 -238.851361397352 -94.749296993422 -132.099900113323 -169.450503233225 -57.3986938735207 -169.949241608341 -244.899817035701 -94.9986661809801 -4.57761259896016 -25.8045534863878 -47.0314943738155 16.6493282884675 -80.505371147321 -135.206188808254 -189.907006469187 -244.607824130121 -375.236400339415 -492.612488615484 -715.402985736318 -269.82199149465 -196.932645228537 -271.883220655897 -346.833796083258 -496.734946937979 -121.982069801176 -340.785340444909 -659.048027593952 -965.05629420402 -331.812820096456 -353.039760983884 -270.433502369214 -281.046972812927 -733.436702909062 -964.938303178986 -1207.05337389262 -1438.55497416255 
-501.935102639138 -737.400299364934 -766.703886820145 -325.134320030147 -335.747790473861 -393.683943707183 -404.297414150897 -516.934385045152 -527.547855488866 -787.423819458622 -760.233369459328 -791.566772541519 -503.837469933762 -400.121728834409 -410.735199278123 -2621.21519945391 -873.738399817971 -863.124929374258 -1105.2400000879 -1094.62652964418 -642.236799548047 -631.623329104333 -465.436016939056 -520.136834599989 -533.985640616092 -657.236081954062 -420.334653223935 -430.948123667649 -495.285228651295 -505.898699095009 -580.84927452237 -345.384077796574 -355.997548240288 -1390.33493345835 -900.535066368238 -879.815133729761 -971.371549410968 -560.636350132844 -635.586925560205 -475.07230426177 
-485.685774705484 -859.095201091285 -1022.75173249826 -716.743465888191 -706.129995444477 -916.16313889856 -926.776609342273 -568.404924777783 -579.018395221497 -876.989817630066 -866.376347186353 -1174.96124003864 -1164.34776959492 -318.611911381779 -893.063506033064 -882.45003558935 -576.441768979282 -587.055239422996 -786.474912433364 -797.088382877078 -248.756416798311 -480.258017068235 -372.00685813628 -500.977949706711 -323.706992225671 -554.764683408379 -25.4048727922491 -4.1779319048214 -48.1784090125649 -255.955555726005 -230.550682933756 -306.008266610068 -7.46899725423823 13.7579436331894 -30.2425334745541 -212.614807395746 -288.072391072057 6.2889463789512 -1.18005087528703 -8.64904812952526 
-944.271053883371 -536.761342702627 -1681.48360799325 -516.04141006415 -495.321477425674 -298.109158536883 -761.112359076732 -529.610758806808 -421.359599874853 -544.610041212822 -787.909025626998 -448.010309391605 -522.960884818965 -597.911460246326 -746.119467928488 -1269.08035274745 -373.059733964244 -910.12569175702 -604.117425146952 -814.150568601034 -82.5572197345831 -103.784160622011 -145.506186117662 -208.455152500741 -271.40411888382 -137.258037395516 -158.484978282944 -191.958855056449 -213.185795943877 -246.659672717383 -322.587431265743 -301.360490378316 -377.288248926677 -431.98906658761 -205.807661072552 -329.058102410522 -452.308543748491 -843.286808649827 -1062.15695391481 -1020.71708863786 
-1489.7970230895 -572.357086824698 -551.637154186221 -1041.43702127634 -528.138213976251 -305.347716855417 -232.458370589304 -307.408946016665 -403.586462331453 -478.537037758814 -553.487613186175 -547.473960913192 -157.507795161944 -212.208612822877 -530.917221547745 -130.735628747148 -388.565486344651 -236.879180119166 -724.392036421757 -468.38078038909 -360.129621457135 -489.100713027566 -726.67904720928 -705.959114570804 -311.829755546526 -685.239181932327 -542.887446729234 -1596.30490520125 -1359.42572508208 -36.8985573433016 -428.914778911661 -503.865354339021 -321.016116091681 -375.716933752614 -296.275010273693 -696.262874972247 -353.38649200652 -251.643821430621 -326.594396857981 -347.77732319312 
-1505.28532454274 -402.478140854053 -471.027764531089 -594.278205869058 -717.528647207028 -840.779088544997 -1087.27997122094 -1327.37705737335 -837.577190283234 -858.297122921711 -1348.09699001183 -884.304184775467 -1152.56761556664 -616.040753984293 -793.358317434788 -570.567820313954 -497.678474047841 -647.579624902562 -845.45579724096 -920.406372668321 -2290.51619790081 -1990.71389619136 -3135.97199514177 -3210.92257056913 -422.72789862048 -960.681674587689 -729.180074317765 -804.130649745126 -879.081225172486 -1348.73429970018 -2120.75327966765 -444.13414121825 -395.955732205685 -959.793856413256 -1265.80212302332 -653.785589803188 -217.551561576114 -282.395674808712 -585.004274006949 -292.502137003474 
-432.296825663433 -507.247401090794 -357.346250236072 -298.353517687951 -1224.35991876765 -1455.86151903757 -754.706844239957 -353.054335348884 -421.60395902592 -544.85440036389 -668.104841701859 -791.355283039828 -914.605724377798 -1037.85616571577 -788.153384778066 -340.24419745019 -743.934511929619 -521.144014808785 -417.428273709433 -428.041744153147 -2673.13483407899 -891.044944692995 -1122.54654496292 -1111.93307451921 -659.543344423071 -782.79378576104 -906.04422709901 -1029.29466843698 -1312.4368148583 -1848.62425720816 -924.312128604078 -482.74256181408 -537.443379475013 -551.292185491116 -674.542626829085 -797.793068167055 -921.043509505024 -448.254668542672 -523.205243970033 -598.155819397393 
-373.304093115312 -1061.67129825252 -744.856521202836 -724.136588564359 -945.032061242555 -1407.64147833338 -917.841611243261 -938.561543881738 -897.121678604785 -1428.36141097185 -894.711224221591 -661.376484187369 -964.568605735494 -696.30517494432 -650.832241273981 -2657.6256700188 -1005.98463916101 -931.034063733654 -1583.92753416888 -1658.87810959624 -1808.77926045096 -2236.82100460411 -577.942895007868 -652.893470435229 -727.844045862589 -502.992319580507 -1740.47855901145 -1023.98458897029 -1321.95601137886 -726.013166561716 -876.401745966308 -2655.82828920396 -524.398562178277 -572.576971190841 -476.220153165712 -1040.05827737328 -1346.06654398335 -734.050010763215 -1004.18652629726 -716.114135225204 
-944.083154217297 -894.29636250509 -1192.26778491366 -1490.23920732223 -596.32494009652 -394.710335713081 -346.531926700516 -910.370050908087 -604.361784298019 -82.1251080870406 -545.128308626889 -395.751816444005 -313.626708356965 -136.825925747974 -191.526743408907 -246.22756106984 -300.928378730773 -334.346640995441 -1061.72484226727 -1020.28497699032 -1489.36491144195 -571.924975177155 -551.205042538679 -1041.00490962879 -999.56504435184 -131.920837173637 -156.818701716935 -232.026258941762 -306.976834369123 -381.927409796483 -239.200791601442 -157.075683514401 -701.1061933934 -111.20090453516 -694.141641307177 -388.133374697109 -312.171399653321 -1238.17780073302 -366.872217314254 -421.573034975187 
-435.42184099129 -558.67228232926 -681.922723667229 -805.173165005198 -928.423606343167 -1051.67404768114 -757.752393894989 -534.961896774155 -462.072550508042 -611.973701362763 -761.874852217485 -1236.31650066941 -1611.06937780621 -2372.94423002369 -2447.89480545105 -1848.29020203217 -387.121975080682 -924.187932873457 -1230.19619948353 -618.179666263389 -14.0696602411866 -74.9505754273606 -20.7199326384766 -95.6705080658372 -66.7816389074678 -177.27095748104 -20.2129243895255 -95.6705080658372 -45.6177971817746 -27.6819216437638 -5.65982759245277 -14.0624330712259 -14.0696602411866 -150.915167352623 -507.19586970223 -507.19586970223 -1458.60255406601 -7.69729796174859 -81.2597347885413 -41.0843046257783 
-268.123137080849 -73.0115860663956 -60.2014481677012 -90.8521795998089 -90.8521795998089 -503.292307029549 -40.7994687157463 -342.629803420993 -22.8635931777354 -48.5533018800165 -249.23634420667 -324.693927882982 -652.327493994836 -469.669509096174 -469.669509096174 -469.669509096174 -373.999001030336 -373.999001030336 -373.999001030336 -1534.50916326841 -1236.79173511775 -495.995193436069 -495.995193436069 -577.595642851272 -625.43089688419 -475.782269046543 -5.38498839863045 -155.870143262007 -538.113037552949 -538.113037552949 -412.562280875231 -473.50781743671 -711.086151618424 -1622.73865512668 -548.014483776854 -454.621024562532 -530.078608238843 -2318.53308547941 -2568.83275749443 -26.3557901284167 
-3543.57782406501 -6390.71070975549 -2171.06218776131 -2889.97371027267 -2495.68345970481 -3790.20188625182 -3799.7689370584 -2055.627295032 -2432.7321916503 -2257.5418595042 -4029.5482537079 -1383.93862234994 -820.054899151947 -1358.1679367049 -459.212819080037 -459.212819080037 -459.212819080037 -2058.35645759555 -610.367124285624 -474.212101486052 -1876.2685684833 -1511.53343397918 -696.791153261751 -2515.82108348301 -888.132169393426 -2167.11924679932 -1899.17026709539 -2151.79605351969 -2168.70885865366 -2269.46089390614 -2332.75235654365 -886.725843274301 -2131.13065703601 -587.823085780687 -790.047530394611 -1037.72316776654 -377.612369664834 -621.35314928452 -717.023657350357 -812.694165416194 
-1579.85366005666 -2538.33691715098 -2606.88654082802 -2558.58667491741 -533.719485420181 -581.5547394531 -725.060501551856 -535.996534271696 -2303.58614764664 -627.362188169949 -781.198831996288 -2591.24961132025 -4227.95177197539 -2554.53775913775 -2511.35033701999 -648.113429166365 -287.271349094455 -2496.4106489156 -205.670899679253 -1064.02925009992 -59.9476807293527 -2227.96712520299 -2765.27832141552 -23.7744753440337 -276.503016501386 -154.403051553328 -728.426099948351 -291.5022989074 -514.0813506831 -99.2320590203454 -194.902567086183 -194.902567086183 -194.902567086183 -1031.72425232071 -49.1793481362828 -49.1793481362828 -74.5842209285318 -351.00968284153 -446.680190907367 -925.032731236553 
-1020.70323930239 -102.052511657692 -232.681087866986 -297.995375971633 -430.477774344319 -252.967679010315 -328.425262686627 -273.180603399841 -358.744649270915 -773.59394093367 -582.252924801995 -582.252924801995 -280.319641692131 -127.457384449941 -1185.81064580787 -1081.19975908793 -1012.72156817624 -1254.18484912835 -4.93399649991264 -433.724625899326 -691.38716355659 -70.2482846045596 -85.325576676137 -80.3915801762243 -176.062088242062 -35.2728657920743 -30.3388692921617 -2198.3583137658 -2544.32849384665 -1218.76710757551 -631.882477396777 -486.982879664951 -486.982879664951 -568.583329080154 -774.303384075944 -36.4542461667783 -1412.91249638364 -289.18278732413 -394.914918051427 -542.389604187409 
-1288.36145025184 -411.193073205582 -895.643639740356 -1572.72923495106 -57.3023381881801 -58.2136943423495 -210.982229669331 -39.3664626501693 -45.4543217600212 -139.238727517288 -1059.8662457513 -299.281243362492 -299.281243362492 -207.582337908927 -293.146383780002 -1498.22256861092 -197.475875714164 -197.475875714164 -516.654659311081 -1835.12762931564 -707.995675442756 -61.8591189590274 -61.8591189590274 -87.2639917512764 -87.2639917512764 -1061.44526138059 -51.3922406752548 -2229.87856343267 -5301.8728283712 -420.623191287333 -495.966702931519 -141.9482313942 -81.1174112687645 -753.872033534885 -977.380309065964 -31.0647003847018 -1299.62787543133 -672.312861324684 -527.413263592858 -609.013713008061 
-750.921539123938 -2173.87460550607 -2240.16755124846 -2191.41871685326 -2196.03676991942 -1879.08098622807 -1147.07491088204 -1542.02666231037 -2226.0012760708 -2154.60847126445 -2173.67194879148 -2272.27331165091 -2339.86611907452 -2133.94307478078 -1943.59991821815 -2164.03878766804 -1231.30458909336 -1595.54708610842 -755.548136220591 -1112.55560642482 -996.242161480206 -4244.49540576812 -1285.54069646524 -1120.4412233076 -1225.29144029921 -1061.14274132168 -1398.27653033963 -2165.67322263073 -427.513024194264 -680.719841057542 -1870.87960335272 -952.102882573489 -1334.78491483684 -2866.64783140246 -862.16936010476 -1340.52190043395 -2146.4070883891 -2159.19892018793 -2264.07192877556 -2319.12144474276 
-2125.74169190543 -345.912574779061 -685.323862464583 -1484.75427539934 -3589.50545284776 -1867.43630766269 -2250.11833992604 -982.649279715109 -2559.54981643448 -2714.17898038365 -330.028043228403 -533.728840918401 -380.971755171038 -152.757085747363 -228.214669423675 -248.427593813201 -238.321131618438 -502.482266485899 -2270.72381933694 -2808.03501554947 -230.423640505378 -305.88122418169 -1339.31952393624 -1048.49871588177 -1221.4838059222 -733.846634630185 -2494.8326605821 -2168.94415479868 -5881.46820181348 -2877.51469284545 -2378.51830460219 -3068.85570897712 -5394.44734229485 -391.305639205531 -644.034180362883 -476.869685076605 -658.104239013517 -1452.81024683993 -1219.2068417162 -389.508258390695 
-642.236799548047 -495.285228651295 -560.636350132844 -475.07230426177 -2511.60763372404 -1451.01286602509 -2391.48635262251 -718.793504182375 -25.4048727922491 -7.46899725423823 -345.420326570952 -345.420326570952 -840.779088544997 -456.238608770888 -456.238608770888 -2836.771976832 -1030.53155320442 -406.814803265719 -2982.92115279496 -659.543344423071 -1106.81862082771 -673.613403073705 -1279.80371086813 -754.26293515274 -1013.02469075923 -2563.52726834911 -1501.30611658669 -1468.31941090011 -752.235129836671 -1346.00177662243 -420.632685231089 -611.973701362763 
<Wx>
8.29205903216264e-12 4.13733804294209e-16 1.00152271788976e-12 3.73501430724458e-13 1.13507495254976e-14 5.71315494831065e-16 2.34779768433024e-23 2.56665461136572e-17 3.65698120651003e-12 2.589574768133e-17 6.85331106509135e-24 0 4.82566296852867e-12 3.19377712843642e-12 8.87009769451542e-24 1.52625857030513e-28 1.40807193445692e-34 0 0 0 0 2.0035891591753e-29 1.77902404930754e-21 3.73020128439109e-20 1.52191658105478e-20 6.63983643742259e-22 4.91828030496743e-28 5.57793992009406e-31 2.56266725701099e-32 2.13281031221446e-23 8.85327079035265e-27 1.30489652726956e-30 0 0 4.04255611612236e-30 1.0780618613586e-26 0 0 3.94239885459274e-25 7.48416876676655e-12 
0 0 0 5.35239600880986e-22 7.03689834184237e-20 6.85693001085331e-19 3.40414261888088e-19 1.0120213117823e-20 1.93856190817772e-23 7.74243531834555e-27 7.49451155837701e-16 4.91800374945051e-12 4.46951543659141e-10 0 2.14421037074019e-31 0 9.87237420286173e-19 7.45960893909973e-14 9.79933172455927e-16 1.16919157146173e-22 7.62525803476443e-23 3.34704949765518e-22 7.90038399897201e-20 5.74129866986191e-14 2.25759179084047e-18 4.92162464879095e-23 3.01312630567838e-15 1.04311447550487e-18 8.41486070846608e-24 2.83288545236314e-15 1.51128305756088e-17 1.49231505479253e-15 8.17728155593809e-18 2.23781328742602e-18 2.7629327160436e-23 1.78294729496748e-33 8.75445232037238e-26 1.03296969458087e-20 0 0 
0 0 0 0 3.09757336783575e-12 1.44869939933538e-14 6.61086780441539e-13 0 0 5.95441916387554e-19 6.06934227288797e-25 1.25876588175045e-31 0 2.74621021835864e-15 2.95897545858009e-14 1.42914137316489e-11 5.09702024706559e-07 0.000327372282392299 0.00027993312392399 4.10008878216578e-35 3.42322513710493e-16 2.31146884486848e-21 1.59713138378385e-28 3.20852060822107e-28 0 7.60528222196752e-12 6.51936647023947e-12 2.90553264248463e-09 7.57848615977708e-18 2.92064971883946e-15 2.8365331701137e-13 1.782992523005e-15 1.23354854861069e-22 2.39963114768957e-19 4.60912346482258e-14 4.45135821215737e-20 3.60743383403375e-10 9.99686477434776e-31 8.20102913766754e-27 1.78569499764269e-11 
1.85727407355464e-25 0 7.52886596332508e-12 7.00497613304932e-10 0.000638234349808727 2.67893364460578e-19 8.6932732242344e-27 4.36862346574629e-16 3.53284657648221e-12 2.36603846138926e-09 1.75359532929419e-11 2.67893388632871e-19 8.69327400861248e-27 4.36862385992582e-16 0 2.8796419731115e-07 4.89431429938238e-10 1.29108473464364e-21 3.73201163752711e-16 6.91350992367755e-17 1.17135039159252e-13 7.25654834241361e-12 6.17702252314165e-29 2.83047999601189e-33 1.79038268318841e-22 5.91780506641102e-08 1.36972712539111e-11 2.40838509770981e-20 5.84837065615902e-13 1.13116460394541e-30 9.0311004573457e-05 0 9.06355832732506e-08 1.9010284362579e-09 4.01180174007518e-26 5.8472065966193e-19 4.70338681407667e-20 1.40502521112988e-17 2.20559270309112e-18 3.80460219613673e-18 
1.69024724338179e-12 2.45958795770943e-22 9.74039719283876e-17 9.7155095662582e-12 5.60402676460509e-12 6.54888185903626e-13 8.52529121439061e-14 5.34900800703767e-18 1.43972618236106e-24 4.50030151238183e-21 1.43232851593781e-24 1.72331967668684e-35 0 1.57416721062846e-18 2.77602945386944e-15 1.98351981465041e-19 8.69746619670702e-24 3.96768878157159e-22 9.75267960286875e-14 4.94692388791275e-23 2.97525301127552e-14 2.82030157976411e-13 1.03154914937966e-11 1.07928685569918e-12 0 6.76733636746848e-12 6.14930647374267e-13 0.00427837759501604 0 5.74129918789497e-14 2.25759199454158e-18 4.92162509286475e-23 3.01312657755074e-15 2.83288570797254e-15 1.51128319392318e-17 1.49231518944325e-15 8.17728229376873e-18 2.23781348934211e-18 8.7544531102838e-26 1.03296978778535e-20 
0 0 3.09757364732027e-12 1.4486995300503e-14 6.61086840090631e-13 0 2.74621046614681e-15 2.95897572556639e-14 1.42914150209991e-11 1.10038550406893e-11 4.15235201831219e-16 2.5300328386299e-12 8.41934696654074e-14 3.8602424629751e-16 8.26215779699859e-17 7.84645877936169e-15 5.87833317730313e-17 6.19603430405195e-21 1.9621588625583e-29 2.0497834275696e-19 6.76600737704527e-13 7.6596247431596e-17 4.33715688826351e-22 1.72371107083977e-21 4.73543782256493e-33 2.32035873620112e-12 2.02915097852902e-30 1.53820795963391e-12 1.76183116405734e-27 5.84366188240341e-25 1.88848138597868e-35 3.97283120608124e-23 7.81027870512442e-26 2.06919917965215e-28 1.10738310564103e-24 2.87783002227181e-25 4.93117035765967e-27 0 2.05373229777917e-28 0 
0 0 2.89253722955491e-24 4.11950735508863e-20 4.4684810568297e-17 1.10813382871364e-13 4.76565675616313e-16 1.25581082851211e-33 0 4.55026247033461e-23 1.17802678583071e-22 2.20406775226423e-21 1.34969138663156e-24 3.06156679193545e-24 0 8.77313221011449e-23 1.4911830334385e-34 1.20079484438698e-23 4.14569763036679e-24 1.81621147169643e-11 1.12411429787824e-17 1.12893684301733e-24 1.47565064138866e-27 5.21999126860229e-32 0 1.99882288765211e-30 1.5905182905638e-26 5.98428251685778e-27 3.1182054540756e-25 2.81479591187537e-15 4.37121738224208e-25 3.5876007364818e-26 1.07398286064002e-13 1.2068573076374e-14 4.48977422796628e-30 0 0 0 1.94736340832874e-30 0 
7.75435777755622e-33 0 0 2.23120089167621e-26 9.08274341936575e-18 1.90426625316862e-23 2.72848170723711e-18 8.95350060313179e-25 2.12683966606888e-28 0 0 0 1.15321087066401e-16 5.38254390954036e-24 1.72567330420687e-32 1.93463707624725e-25 4.6930598398324e-14 4.82260865560112e-19 3.08363702438836e-15 9.40808749926563e-15 6.95424174980415e-17 2.70314798531766e-25 2.15730036245528e-12 3.80731757017386e-12 1.75643292277492e-15 1.79610517284822e-13 1.00768894692048e-14 6.93078155446804e-14 1.18772527815131e-11 1.57075145652415e-06 4.86864487203525e-11 4.8261604927176e-28 1.19549260452369e-29 8.8535111930422e-33 0 0 8.89309234882592e-20 5.54381617860385e-28 3.89316593339602e-14 2.77294229744618e-13 
4.63881170415008e-28 1.34375763795985e-28 1.33442275908416e-30 3.36390589725165e-33 0 5.38211524221546e-14 6.93768091539984e-27 3.65021204230707e-27 0 2.74992864663053e-22 9.5128280115329e-20 5.65425338012895e-20 0 0 0 0 3.6181947170608e-14 5.81887682861775e-17 1.4212781200755e-14 3.65177797870003e-17 9.47744934284804e-15 0 0 6.33553711983286e-12 6.2749786274313e-22 1.16904623082967e-17 5.87187317551711e-22 2.08487738102745e-17 0 0 4.4803211060029e-28 4.3588101139451e-14 9.44851383688603e-12 1.54491775891724e-27 0 1.54138438776065e-23 2.31123956668854e-14 5.91905668045581e-08 7.50093911109002e-15 3.19012770971108e-05 
2.36007202773542e-21 0 4.77027319450495e-09 4.46688549159111e-21 4.08990040854478e-27 2.21397235259998e-16 0 0 0 0 1.65229711928396e-12 4.3401317680412e-16 0 0 0 3.23966267775935e-22 4.77300528816481e-17 0 0 0 4.430000529442e-25 2.62285072093407e-17 8.41133907900293e-16 7.77063638935284e-23 2.02392785151374e-27 1.60082279049513e-13 0 0 1.90207328392725e-17 2.69783480744779e-15 8.17953982302101e-19 6.97665560785548e-12 2.87398456799663e-18 5.98103964971383e-13 0 8.48303424319197e-32 0 3.14832648421969e-22 1.81621147169643e-11 0 
0 0 1.5338778955657e-30 3.10422497908323e-30 6.40177631865099e-30 0 0 4.01173230700524e-31 0 0 5.37915980557739e-31 0 0 0 1.65292295971283e-30 0 5.74149567245978e-28 2.78689159912326e-28 0 0 3.73385426516601e-14 3.90101840338864e-19 2.49436152020486e-15 7.65953884889822e-15 4.67892340458581e-17 2.18658305003181e-25 2.96351252566482e-12 5.23016333098873e-12 2.4128354662217e-15 2.4673338205884e-13 8.15122148496528e-15 5.60632632514665e-14 9.60753853569239e-12 1.81621147169643e-11 0 0 0 7.2578563775939e-06 5.18438273668737e-13 0 
0 4.29594223723049e-13 3.11210038437679e-19 1.09483954518909e-16 1.56865440104228e-11 5.71230932342502e-19 1.43353500915952e-07 1.773552125648e-11 1.36997830617853e-15 1.64089987826782e-24 7.10189430946859e-22 1.85158712025823e-16 3.22723358750611e-24 4.25038322751028e-13 3.53556051805399e-07 1.11206836811759e-15 7.57688230406882e-13 1.02187794831784e-14 6.21712339080561e-10 2.78715427331943e-13 4.43021858843565e-25 1.01721554825299e-19 5.19002052503595e-20 9.42229947132327e-17 2.49821515989552e-10 1.82853700242376e-14 1.93729259059066e-22 9.17285212095653e-18 4.47930212460723e-08 0 7.99406747958204e-11 3.58473683268282e-11 3.78349695644584e-29 4.24501483309506e-24 9.90232658996026e-05 4.80086538209069e-34 9.82512019187966e-09 6.98357840136935e-06 9.19005341950271e-35 4.97139670621162e-08 
2.11324299896508e-32 9.7203460988243e-32 1.17363539702715e-32 1.26483692922043e-10 1.80794512424628e-09 9.75758724367808e-16 1.8247259541684e-12 6.37262316929568e-17 9.42981866101117e-07 1.33591797923605e-24 3.87714530006764e-23 1.33062862839434e-05 0 1.09055186441738e-11 8.99321642115561e-12 4.99917280100088e-14 1.25690145096649e-13 0 0 0.00362987700161764 4.85205853253375e-13 3.31986272807006e-10 8.1493809962662e-08 3.08664204302398e-10 1.5830441635303e-16 7.68750038661958e-14 9.81646378510273e-09 3.57471437228841e-16 5.2824940061554e-05 0 9.39669647284862e-23 8.50519007071056e-16 9.1921233799329e-12 8.96914081793037e-12 1.07853285903937e-12 0 0 9.57978207168449e-23 3.79376062759251e-17 2.51324819590023e-18 
5.1206168539112e-26 6.22332775917244e-14 6.40292465981573e-16 8.57815771446511e-14 7.15714826620144e-19 7.06667234709472e-30 1.11427199344786e-23 2.17553091203541e-34 5.93929705924952e-22 4.13557497227675e-28 1.32897741941589e-20 6.93473086055609e-31 0 0 0 0 1.54642794021194e-21 0 2.65410004997083e-13 2.44303531029334e-15 2.47668892119253e-24 8.06776863510203e-35 1.12616035104129e-13 2.35332679567568e-18 1.81635645980325e-25 1.0350598387441e-30 0 0 0 1.70133113884084e-13 0 0 0 1.63842809859886e-11 1.78149390299365e-29 0 7.08282611550185e-34 0 6.87385438502905e-30 7.80447699064868e-36 
9.45331339417706e-31 8.88793987006517e-31 0 5.57081939076772e-33 4.68200512536863e-31 4.99248465785475e-33 2.56555156130458e-33 2.87054458137949e-31 0 0 7.46286549676796e-18 0 0 0 4.52440291574043e-26 0 1.45504430533967e-32 0 6.8370934852917e-21 0 8.93248407835789e-28 6.21886413303532e-27 2.14528736360439e-23 1.43066645196918e-25 0 8.47964275798665e-21 0 0 2.4177111213166e-24 2.0456736488589e-27 3.23310525271927e-20 1.141675241082e-29 7.92859763199982e-15 1.76070184982713e-11 4.69093798415198e-28 3.08421409567052e-28 3.95755820283468e-18 4.2441953338565e-16 0 4.33262056193728e-30 
0 0 1.39008064696895e-26 0 0 0 0 2.68661427162953e-20 0 1.92779105363569e-23 3.19522135147886e-36 0 0 3.34718043139572e-31 4.19122397661114e-24 0 0 0 4.22305061981276e-19 4.72436705542412e-20 0 0 0 0 0 0 0 3.23336670673366e-33 4.31821576541508e-32 5.85750186333429e-30 2.92749402584656e-34 5.20472662579614e-27 3.08116689842848e-31 0 4.44650292885618e-12 1.1067356660922e-26 4.68923142793638e-16 0 6.21565864242874e-31 5.6122130247188e-29 
2.31143989007981e-26 1.53377136275714e-24 2.59432953294943e-27 8.98677809717749e-20 3.92193640711734e-36 9.41812687805986e-23 1.79284763933133e-15 1.14881960028226e-11 6.6721257765389e-12 2.41523606210719e-30 5.41413825284884e-30 7.25128681306884e-31 1.07055796733899e-15 9.10764839113344e-13 1.27335435227344e-17 7.26808628340487e-31 1.13114960089398e-18 5.63438153229251e-15 1.48729366704191e-15 2.30972484503901e-15 1.73353149447515e-12 8.33239331933327e-13 1.69214157609244e-13 2.52917407490978e-14 5.50228251212751e-17 1.23726259164409e-29 5.89589430755984e-24 7.00666488299517e-21 8.67584936039304e-27 2.54503426087482e-12 2.96176641728718e-14 1.21853900862493e-20 2.00579104502916e-21 4.8190303620215e-28 4.73225643065041e-36 1.15603127788273e-11 4.78740551480313e-24 1.14448067185332e-14 3.33092759555191e-13 1.81621147169643e-11 
0 0 5.56494987768525e-35 1.74138648067296e-33 7.04158190250863e-33 0 0 0 0 1.58629850456293e-28 2.31418065538069e-31 8.27376279887098e-35 1.81621147169643e-11 6.94161274604829e-35 0 0 2.46922820328754e-32 7.81234121656252e-31 1.52873293943488e-30 2.76278184442062e-30 0 0 0 0 0 0 0 0 0 0 0 0 0 0 4.13148824270239e-17 0 1.59436029668026e-21 3.41109753472178e-26 1.99501645054261e-33 0 
2.12089351890634e-18 1.06611258703868e-15 1.06029912343406e-21 1.62842061351597e-17 0 1.07388290219797e-18 8.7305768902818e-35 5.88444328097388e-21 6.61743891190244e-33 8.5988461049334e-27 3.46198672282711e-29 0 0 9.82438141396083e-27 0 0 0 3.45684822914584e-35 0 0 0 1.03438744051057e-29 0 0 0 0 3.72705890461344e-15 2.15944519546022e-23 2.08005467992623e-17 9.16071961201003e-17 4.06104737909489e-14 8.54648166243535e-16 2.05998847504847e-30 0 0 0 0 0 0 1.28532706106955e-27 
0 0 0 0 4.95943366744511e-28 6.08347502021457e-29 0 4.25727044540748e-20 0 0 3.95928723157226e-26 0 1.09832482300777e-35 0 9.17025491585993e-35 9.90444841747443e-18 5.34857239755083e-17 7.39955141287156e-36 1.19378291808659e-14 3.58973661387045e-32 1.61237400816399e-11 1.57514734087788e-17 1.01071706303278e-15 1.21057373261796e-17 1.06037638266538e-16 2.03723002341238e-12 3.6645934737947e-20 8.80886876046008e-25 0 5.21702228672961e-22 1.49986308586556e-16 0.000226610879371356 1.00798350636588e-11 2.26035738995624e-18 0 1.13750019563085e-30 0 8.01339537155882e-19 6.07373767089309e-20 2.68759397730719e-22 
4.26588260106938e-18 3.10709904334323e-06 3.25076115599858e-15 7.18371051261323e-07 9.51336693847925e-11 5.13944858887884e-14 5.25223614912908e-19 3.35834567478975e-15 7.95359534453575e-15 5.87911460232913e-17 2.94396039171958e-25 1.7822669720474e-12 3.14543885250501e-12 1.45108788784356e-15 2.39899860260543e-22 1.12334408408018e-27 1.48386334720726e-13 1.09745978525322e-14 7.54821650167976e-14 1.29353489631761e-11 6.25469665716231e-33 0 0 0 0 9.62350915999094e-33 0 7.5019045654789e-33 0 2.5249703285865e-33 0 6.41771648017164e-34 0 0 2.29600066237213e-32 4.66052053802908e-33 1.74428040149535e-34 0 0 0 
0 0 1.2020237942895e-35 0 0 0 3.16297190725785e-23 1.94562778202372e-23 3.23561441268098e-12 1.18568445597799e-11 3.06965574445231e-12 0 6.79466114459955e-28 8.27243625999492e-28 2.50184888109815e-30 0 1.16672073403748e-32 5.82703086807706e-06 1.79388850786142e-14 7.7569762476951e-12 1.03992225900634e-09 5.69327973632603e-12 3.12873856971726e-19 6.22812766394816e-16 1.40550153301602e-10 7.63318108117465e-16 7.78773823685659e-07 3.78695134132855e-24 3.37350491468264e-23 1.33286366269321e-29 3.17966407206299e-18 2.32484303992218e-17 0 0 2.59021758476612e-19 0 9.96855057527473e-25 1.78446658220734e-11 3.1742220777264e-13 1.49382815405542e-27 
1.60291269084644e-33 7.95222249264348e-28 5.25843604413069e-24 3.1659466739011e-22 7.57272279232196e-22 2.72351689222295e-21 2.35167692032354e-25 0 0 0 0 0 0 0 0 0 1.19388080586641e-17 1.8132250554396e-11 0 1.6507530594121e-33 6.42777245529805e-29 0 0 0 3.68194026011628e-22 1.03108153987524e-18 1.29124139850875e-17 1.18500831218444e-14 4.52421807613196e-17 1.2100127831817e-27 1.79429507907025e-14 0 0 1.82892149446286e-25 2.64462776290336e-26 7.96956110439544e-26 2.87613942814333e-34 2.30197016396844e-23 0 1.07568633902437e-27 
1.81295496708214e-11 3.25386415832718e-14 2.64045366422086e-17 0 1.18525115391786e-33 0 4.01877584671467e-16 0 1.25122009896144e-32 1.66343690556191e-30 8.19855753315737e-30 1.05101077705331e-29 2.37022206054158e-32 5.3343191775454e-34 0 0 0 0 2.93029429143208e-15 6.56859055233118e-21 0 2.48760436578737e-20 2.85474621841539e-21 3.28714913380761e-28 1.29808082629662e-19 7.52116029885173e-20 9.38562545233114e-22 2.63366060656979e-24 2.74199004306425e-22 0 2.89566428158076e-24 5.15026014648356e-22 3.91945189753285e-24 2.14096898242616e-20 4.43086392498505e-21 4.98907020054436e-23 8.7646873684547e-26 1.57994313262877e-22 2.74296514575494e-17 3.05441991862259e-13 
2.17853273965594e-29 5.92302442058002e-28 2.20616462398728e-23 9.71909957288219e-18 4.79980150284682e-31 0 1.37714286154887e-31 0 5.72752659970257e-26 0 0 0 0 0 0 0 1.13056529756893e-27 7.62668101895956e-33 6.16344365389017e-35 3.81138839058418e-30 1.33064663426115e-28 0 1.16990096740371e-15 1.48217337477935e-14 2.77239402080496e-17 1.32263711380578e-17 0 1.11460908604173e-29 6.65893175884362e-36 1.2761867321006e-24 2.26188410135873e-25 0 0 0 0 8.37727788743464e-22 1.55487196832582e-23 6.68375969369782e-21 0 0 
4.85985897804107e-18 0 0 0 0 0 0 8.10348984014533e-34 1.3661965390277e-34 8.38889517791775e-12 4.62803119344345e-21 1.89507108600957e-24 1.15640668885758e-15 1.26829835166295e-12 3.33452564222971e-13 4.67444796498488e-14 9.02075746926859e-17 2.05519426184294e-17 0 5.06671184926458e-28 0 7.63508719191606e-25 9.07351716384122e-21 2.13464673657819e-33 3.64158345364508e-25 5.63088261772951e-29 0 2.93736539030965e-12 3.29234112491915e-13 4.05693719859671e-16 6.54119309105583e-20 3.44884920376831e-12 2.01794128136965e-22 9.52508905721688e-26 1.04947120870258e-13 1.30265531141242e-12 0 3.21751080278936e-32 0 0 
0 1.00159080917521e-34 3.23175771650324e-33 3.51007832996392e-32 1.03955581525112e-31 6.32386393260806e-32 0 0 6.79752990453696e-26 1.11850636263379e-11 7.68725781635175e-20 0 0 8.83588847952756e-27 4.00828600609481e-22 0 8.95104476994114e-35 0 0 0 8.92847498821347e-12 2.46356166662456e-07 2.3956428144809e-11 0.990303076436296 0 0 0 0 0 0 0 0 0 0 0 0 0 0 0 0 
0 0 0 0 0 0 0 0 0 0 0 0 0 0 0 0 0 0 0 0 0 0 0 0 0 0 0 0 0 0 0 0 0 0 1 0 0 0 0 0 
0 0 0 0 0 0 0 0 0 0 0 0 0 0 0 0 0 0 0 1 0 0 0 0 0 0 0 0 0 0 0 0 0 0 0 0 0 0 0 0 
0 0 1 0 0 0 1 0 0 0 0 0 0 0 0 0 0 0 0 0 0 0 0 0 0 0 0 0 0 0 0 0 0 0 0 0 0 0 0 0 
0 0 0 0 0 0 0 0 0 0 0 0 0 0 0 0 0 0 0 0 0 0 0 0 0 1 0 0 0 0 0 0 0 0 0 0 0 0 0 1 
0 0 0 0 0 0 0 0 0 0 0 0 0 0 0 0 1 0 0 0 0 0 0 0 0 0 0 0 0 0 0 0 0 0 0 0 0 0 0 0 
0 0 0 0 0 0 0 0 0 0 1 1 0 0 0 0 0 0 0 0 0 0 0 0 0 0 0 0 0 0 0 0 0 0 0 0 0 0 0 0 
0 0 0 0 0 0 0 0 0 0 1 0 0 0 0 1 0 0 0 0 0 0 0 0 0 0 0 1 0 0 0 0 0 1 0 0 0 0 0 1 
0 0 0 0 0 0 0 0 0 0 0 1 0 0 0 0 0 0 0 0 0 0 0 0 0 0 0 0 1 0 1 0 
<VL>
-25.5157228022098 -35.4213088916675 -27.6294995561981 -28.6158545597576 -32.1094926156749 -35.0985900864734 -52.105979405716 -38.2013432375888 -26.3343831158202 -38.1924529008547 -53.3373103292006 -54.7552246294886 -26.0570729877726 -26.4698168467681 -53.0793564215584 -64.0495632421367 -77.9456718155536 -54.7552246294886 -54.7552246294886 -54.7552246294886 -54.7552246294886 -66.0800275450138 -47.7782220258411 -44.7352396640375 -45.6317314107117 -48.7637847156023 -62.8794236659401 -69.6613183645369 -72.7416743624463 -52.2020166333731 -59.9890105392668 -68.8114290416389 -54.7552246294886 -54.7552246294886 -67.6806755959094 -59.7920475617 -54.7552246294886 -54.7552246294886 -56.1928379404697 -25.618231157428 
-54.7552246294886 -54.7552246294886 -54.7552246294886 -48.9793277331029 -44.1005343632361 -41.8238569455999 -42.5241236596149 -46.039752230164 -52.2975107251195 -60.1230812321135 -34.8271905274695 -26.0381184097415 -21.5285709306382 -54.7552246294886 -70.6173665237393 -54.7552246294886 -41.459376394966 -30.2266883101072 -34.5590472959248 -50.500559500448 -50.9279909763173 -49.4487928350861 -43.9847904941244 -30.4885058680708 -40.632233008016 -51.3658184496983 -33.4357982154027 -41.4043207478999 -53.1320429571183 -33.4974806082143 -38.7309875838746 -34.1384477526912 -39.3451719066363 -40.6410324958007 -51.943164444994 -75.4070402901084 -57.6976500102751 -46.0192640074624 -54.7552246294886 -54.7552246294886 
-54.7552246294886 -54.7552246294886 -54.7552246294886 -54.7552246294886 -26.5004020955424 -31.8655251139744 -28.0448912770779 -54.7552246294886 -54.7552246294886 -41.9649831063891 -55.7613770826709 -71.1500061007636 -54.7552246294886 -33.5285545361037 -31.1513482223552 -24.9713621973442 -14.4894395472588 -8.02441255637804 -8.1809598264512 -79.179469627129 -35.6107783586513 -47.5164037668374 -64.0041734688648 -63.3065726426375 -54.7552246294886 -25.602178080851 -25.7562439118522 -19.6566491097545 -39.4212182092532 -33.4669702969295 -28.8910236171773 -33.9604832495298 -50.4469770312366 -42.8738017298069 -30.7081536007691 -44.5584925940566 -21.742854259667 -69.0778663615451 -60.0655378598505 -24.74862832906 
-56.9455174639499 -54.7552246294886 -25.6122766879385 -21.079230157288 -7.35680502261534 -42.7636979453487 -60.007247976863 -35.3669135248158 -26.3689171743416 -19.862048815652 -24.7667678686621 -42.7636978551176 -60.0072478866349 -35.3669134345861 -54.7552246294886 -15.06042967943 -21.4377767456126 -48.0988042082738 -35.5244140866161 -37.2104691236475 -29.7754489448193 -25.6491168350761 -64.9541313338289 -74.9448617616323 -50.0744426593753 -16.642715129616 -25.0138244814798 -45.1727454209228 -28.1674431067875 -68.9543050648638 -9.3122512381508 -54.7552246294886 -16.2164189496437 -20.0808708149734 -58.4779719656976 -41.9831527245363 -44.5034190119318 -38.8038913344094 -40.6555354015263 -40.1103202357091 
-27.106146299835 -49.75687820682 -36.8676646845236 -25.3572975829813 -25.9075357114828 -28.0543118823919 -30.0931541192847 -39.7696205494225 -54.8975892874884 -46.8501425555918 -54.9027407790581 -80.0462257795239 -54.7552246294886 -40.9928052966121 -33.5177547421389 -43.064243816224 -53.0990104903735 -49.2786882915859 -29.9586492236026 -51.3606911922396 -31.1458622207283 -28.8967623865118 -25.2973743220871 -27.5547206116959 -54.7552246294886 -25.7189135528843 -28.1172669019601 -5.45418140783737 -54.7552246294886 -30.4885057778415 -40.6322329177866 -51.3658183594692 -33.4357981251734 -33.497480517985 -38.7309874936451 -34.1384476624618 -39.345171816407 -40.6410324055715 -57.6976499200455 -46.0192639172327 
-54.7552246294886 -54.7552246294886 -26.5004020053155 -31.8655250237453 -28.0448911868491 -54.7552246294886 -33.5285544458746 -31.1513481321259 -24.9713621071257 -25.2327754462818 -35.4176865628045 -26.7027888335777 -30.1056590340881 -35.4906314921585 -37.0322607929782 -32.4787140758068 -37.3726733324221 -46.5303774938521 -66.1009223692585 -43.0313826244054 -28.0216950482535 -37.1079835874899 -49.1896530072953 -47.8098073869989 -74.4302338812733 -26.7892993145311 -68.3699353214311 -27.2004030396594 -61.6034438085421 -55.799269689857 -79.954705248181 -51.5799781481883 -57.811771768955 -63.7452209411427 -55.1600425624444 -56.5075907791893 -60.5742211558956 -54.7552246294886 -63.7527238329634 -54.7552246294886 
-54.7552246294886 -54.7552246294886 -54.1999081807894 -44.6359682776766 -37.6468980383367 -29.8309288438537 -35.2799261310909 -75.7575266263429 -54.7552246294886 -51.4442722217761 -50.4930312225019 -47.563982321465 -54.9621662680354 -54.1431154234238 -54.7552246294886 -50.7877632457159 -77.8883233747038 -52.776473431017 -53.83997115095 -24.731683300363 -39.0269511460934 -55.1407658888944 -61.7806985055032 -72.0302272465979 -54.7552246294886 -68.3849943387025 -59.4031524858213 -60.3806610592398 -56.4273696634821 -33.5038866361692 -56.089585777367 -58.5897287572981 -29.862232171399 -32.0481715874714 -67.5757503726352 -54.7552246294886 -54.7552246294886 -54.7552246294886 -68.4110764304484 -54.7552246294886 
-73.937053089588 -54.7552246294886 -54.7552246294886 -59.0646724608744 -39.2401553882177 -52.3153603734213 -40.4427863706006 -55.3725827401938 -63.7177454507719 -54.7552246294886 -54.7552246294886 -54.7552246294886 -36.6988113746461 -53.5788811238002 -73.1371056802023 -56.9047075734555 -30.6901065143158 -42.1758017703733 -33.4126666425085 -32.2972067032805 -37.204594783781 -56.5702103105103 -26.8621635081208 -26.2940962245725 -33.9754913909179 -29.3479856812648 -32.2285317642937 -30.3002187166513 -25.1563960760832 -13.3639564183844 -23.745620384924 -62.8983313813364 -66.596409375025 -73.8044939434896 -54.7552246294886 -54.7552246294886 -43.8664270250772 -62.7596994993129 -30.8769686106683 -28.9136972512158 
-62.9379243686374 -64.1769127068925 -68.7890539816759 -74.7722053005527 -54.7552246294886 -30.5531098373151 -60.2328299542112 -60.8750122511494 -54.7552246294886 -49.645297081207 -43.7990606551291 -44.3192937873001 -54.7552246294886 -54.7552246294886 -54.7552246294886 -54.7552246294886 -30.9502160974142 -37.382839322553 -31.8846347505765 -37.8487324144555 -32.2898611715076 -54.7552246294886 -54.7552246294886 -25.784846519667 -48.820301966844 -38.9877583518601 -48.8866983529649 -38.4092365374362 -54.7552246294886 -54.7552246294886 -62.9726878845279 -30.7639921914479 -25.3851636527285 -61.7348268323806 -54.7552246294886 -52.5267761731625 -31.39840731235 -16.6425036522707 -32.5237481673951 -10.3528645145826 
-47.4955948140763 -54.7552246294886 -19.1608622602051 -46.8575955451315 -60.76127689107 -36.0465731412301 -54.7552246294886 -54.7552246294886 -54.7552246294886 -54.7552246294886 -27.1288546027135 -35.3734567789535 -54.7552246294886 -54.7552246294886 -54.7552246294886 -49.4814028332874 -37.5809704349425 -54.7552246294886 -54.7552246294886 -54.7552246294886 -56.0762276212812 -38.1796847932104 -34.7117808019809 -50.9091050744458 -61.4647574065347 -29.4630884677956 -54.7552246294886 -54.7552246294886 -38.5010020875876 -33.5463268667803 -41.6474808742091 -25.6884514532539 -40.3908322557714 -28.1450118016038 -54.7552246294886 -71.5446547783078 -54.7552246294886 -49.5100010090588 -24.731683300363 -54.7552246294886 
-54.7552246294886 -54.7552246294886 -68.649753688763 -67.9447887097522 -67.2209772881763 -54.7552246294886 -54.7552246294886 -69.9909147380213 -54.7552246294886 -54.7552246294886 -69.6976056908046 -54.7552246294886 -54.7552246294886 -54.7552246294886 -68.5750075784129 -54.7552246294886 -62.7246628573294 -63.4474557512735 -54.7552246294886 -54.7552246294886 -30.9187502867055 -42.3878791187655 -33.6247436021817 -32.5028246154641 -37.6008785391881 -56.7822872506091 -26.5446458870459 -25.9765786087048 -33.6579737969906 -29.0304680661443 -32.4406086034323 -30.5122956408884 -25.3684730614787 -24.731683300363 -54.7552246294886 -54.7552246294886 -54.7552246294886 -11.833426037521 -28.2879554222184 -54.7552246294886 
-54.7552246294886 -28.4759352975163 -42.6138189039005 -36.7507536694473 -24.8782178404681 -42.0064933900551 -15.75795222276 -24.7554516367348 -34.2239814901022 -54.7667974342444 -48.6965104932571 -36.2253183137605 -54.0904169360626 -28.4865970588726 -14.855223801788 -34.4325547188521 -27.9085043994095 -32.2145492416133 -21.1985436075275 -28.9085851073371 -56.0761783992494 -43.7320477270928 -44.4049642079834 -36.9008674168633 -22.1102743890818 -31.6326751070231 -49.9955806193716 -39.2302834086163 -16.9212134854171 -54.7552246294886 -23.2497363214023 -24.0517509594762 -65.4443189941034 -53.816296917849 -9.2201557263531 -76.7190969721981 -18.4383234459957 -11.8719491076051 -78.372356505655 -16.8169799159179 
-72.9344992419112 -71.4085017510961 -73.5226168673516 -22.7909077257777 -20.1310749270707 -34.5633163266804 -27.0295913022691 -37.2919353955639 -13.8742187845073 -54.9724235514146 -51.6043580034281 -11.2272739814737 -54.7552246294886 -25.2417521571882 -25.4345505537731 -30.626918842969 -29.7049566825737 -54.7552246294886 -54.7552246294886 -5.61855651513134 -28.3542031543246 -21.8259274948337 -16.3227387709624 -21.8987671474043 -36.3820118087656 -30.196595618492 -18.4392048827828 -35.567476210814 -9.84852712912339 -54.7552246294886 -50.7190989504149 -34.7006849141925 -25.4126741529381 -25.4372312283997 -27.5554194621934 -54.7552246294886 -54.7552246294886 -50.6998022953974 -37.8105888037347 -40.5249556554251 
-58.2339375067713 -30.4078865287189 -34.9846066238256 -30.0869721300659 -41.781005152095 -67.1221630929777 -52.8512558678711 -77.5106204295563 -48.8752812596909 -63.0527562348968 -45.7672920709519 -69.4435956386617 -54.7552246294886 -54.7552246294886 -54.7552246294886 -54.7552246294886 -47.9183392362188 -54.7552246294886 -28.9575005759195 -33.6455351490787 -54.3551196761592 -78.5026013119698 -29.8147922816698 -40.5907016891011 -56.9677947754962 -69.0430935495636 -54.7552246294886 -54.7552246294886 -54.7552246294886 -29.4021952414153 -54.7552246294886 -54.7552246294886 -54.7552246294886 -24.8346987171948 -66.1975154131699 -54.7552246294886 -76.3302201648824 -54.7552246294886 -67.1498277950587 -80.8383658055896 
-69.1337725790415 -69.1954425957952 -54.7552246294886 -74.2677659178259 -69.8364114190509 -74.377374355539 -75.0431345796502 -70.3256361214345 -54.7552246294886 -54.7552246294886 -39.4365922185821 -54.7552246294886 -54.7552246294886 -54.7552246294886 -58.3577268017223 -54.7552246294886 -73.3076866252443 -54.7552246294886 -46.4319242405994 -54.7552246294886 -62.2826880753591 -60.342210236032 -52.1961836264098 -57.206486938819 -54.7552246294886 -46.2166186315545 -54.7552246294886 -54.7552246294886 -54.379220956894 -61.454070362944 -44.8782588059239 -66.6424710033727 -32.4683002182822 -24.7627235150645 -62.9267500447509 -63.3460857291181 -40.0709044542577 -35.395809242327 -54.7552246294886 -67.611380220264 
-54.7552246294886 -54.7552246294886 -59.5378506529835 -54.7552246294886 -54.7552246294886 -54.7552246294886 -54.7552246294886 -45.0634200940955 -54.7552246294886 -52.3030823232179 -81.7314069817679 -54.7552246294886 -54.7552246294886 -70.1720195536449 -53.8290494220584 -54.7552246294886 -54.7552246294886 -54.7552246294886 -42.308559004312 -44.4989682644322 -54.7552246294886 -54.7552246294886 -54.7552246294886 -54.7552246294886 -54.7552246294886 -54.7552246294886 -54.7552246294886 -74.8117841503453 -72.2198806761336 -67.3098295803108 -77.2137463860113 -60.5202303316125 -70.2548294944543 -54.7552246294886 -26.1389031873832 -59.76579757665 -35.2960927935159 -54.7552246294886 -69.5530661872122 -65.0500225765194 
-59.0293417584615 -54.8343125864631 -61.21646939641 -43.8559474630442 -81.5264778345444 -50.7168209152637 -33.9549711791736 -25.1897010422412 -25.7330825996501 -68.1957557592093 -67.3885390627808 -69.3989589382408 -34.4705964175496 -27.7244916658653 -38.9022919400636 -69.3966448606672 -41.3232972123903 -32.8098890081376 -34.1418182573267 -33.7016479921734 -27.0808604618081 -27.8134554807651 -29.4076112774255 -31.3082985050793 -37.4387835725449 -66.5620663449073 -53.487786003257 -46.4074251306621 -60.0092542808201 -26.6968770039833 -31.1504054489756 -45.8540492526664 -47.6582484337512 -62.8998098657132 -81.3386612123832 -25.1834431960584 -53.6960536133564 -32.1012403295008 -28.7303553864973 -24.731683300363 
-54.7552246294886 -54.7552246294886 -78.8739902768099 -75.430626444903 -74.0334752218144 -54.7552246294886 -54.7552246294886 -54.7552246294886 -54.7552246294886 -64.0109792861217 -70.541082186486 -78.4773888554168 -24.731683300363 -78.6529441231131 -54.7552246294886 -54.7552246294886 -72.7788173423026 -69.3244331922394 -68.6531135416781 -68.0613147030521 -54.7552246294886 -54.7552246294886 -54.7552246294886 -54.7552246294886 -54.7552246294886 -54.7552246294886 -54.7552246294886 -54.7552246294886 -54.7552246294886 -54.7552246294886 -54.7552246294886 -54.7552246294886 -54.7552246294886 -54.7552246294886 -37.7253088895134 -54.7552246294886 -47.8878143649995 -58.6401783206452 -75.2946557726097 -54.7552246294886 
-40.6946942028207 -34.4747574583851 -48.2957358926407 -38.6563359845776 -54.7552246294886 -41.3752507133611 -78.4236468057623 -46.5819748163021 -74.0955996450224 -60.0181694904268 -65.533125075197 -54.7552246294886 -54.7552246294886 -59.8849303154771 -54.7552246294886 -54.7552246294886 -54.7552246294886 -79.3501209972903 -54.7552246294886 -54.7552246294886 -54.7552246294886 -66.7411582902367 -54.7552246294886 -54.7552246294886 -54.7552246294886 -54.7552246294886 -33.2231569697052 -52.1896058041132 -38.411552399105 -36.9290218450353 -30.8347503864263 -34.6958417911156 -68.3548524016722 -54.7552246294886 -54.7552246294886 -54.7552246294886 -54.7552246294886 -54.7552246294886 -54.7552246294886 -61.9187843026442 
-54.7552246294886 -54.7552246294886 -54.7552246294886 -54.7552246294886 -62.8710910495661 -64.969391614744 -54.7552246294886 -44.6030736454762 -54.7552246294886 -54.7552246294886 -58.4911484008065 -54.7552246294886 -80.4966921239349 -54.7552246294886 -78.3745131700154 -39.1535476825746 -37.4671168971787 -80.8916439692952 -32.0590641141235 -72.4046441426106 -24.8507283907713 -38.689597763233 -34.5281163525635 -38.9528521744797 -36.7827375648198 -26.9194300624218 -44.7529844518965 -55.3888682971816 -54.7552246294886 -49.0049452498943 -36.4359876600521 -8.39227619917532 -25.3204842161515 -40.6310087359622 -54.7552246294886 -68.9487197459952 -54.7552246294886 -41.6680022040429 -44.2477276830453 -49.6682256847263 
-39.9958825738967 -12.6818210505773 -33.3598872241443 -14.1462796168988 -23.0757381671342 -30.5992455066325 -42.0904628477997 -33.3273279008774 -32.4651523238805 -37.3725404081614 -56.4848715779746 -27.0531349821375 -26.4850676957637 -34.1664628523098 -49.7818206445021 -62.0534874847911 -29.5389571525095 -32.1431930787591 -30.2148799915043 -25.0710573224422 -74.1519754221178 -54.7552246294886 -54.7552246294886 -54.7552246294886 -54.7552246294886 -73.7210990930952 -54.7552246294886 -73.9701511384352 -54.7552246294886 -75.0590787572001 -54.7552246294886 -76.4288307958146 -54.7552246294886 -54.7552246294886 -72.8515542088626 -74.4461809234646 -77.7315510685606 -54.7552246294886 -54.7552246294886 -54.7552246294886 
-54.7552246294886 -54.7552246294886 -80.4064716232926 -54.7552246294886 -54.7552246294886 -54.7552246294886 -51.8079450762553 -52.2938724467634 -26.4568022793693 -25.1581158151126 -26.5094556959746 -54.7552246294886 -62.5562454258181 -62.3594535480968 -68.1605227788421 -54.7552246294886 -73.5285259535953 -12.0530029723955 -31.6518056874457 -25.5824285164723 -20.6841198775426 -25.8917346302748 -42.6084868564362 -35.012285735757 -22.6854567278502 -34.8088568119092 -14.0655451751 -53.9304809318902 -51.743504900929 -66.4876379394113 -40.2897561203968 -38.3002940538492 -54.7552246294886 -54.7552246294886 -42.7973748851418 -54.7552246294886 -55.2651921300542 -24.7493164858598 -28.7785436214883 -61.7684554548037 
-75.5134856627565 -62.3989311554132 -53.602208579332 -49.5044199279187 -48.6323193611449 -47.3523629326575 -56.7094986680581 -54.7552246294886 -54.7552246294886 -54.7552246294886 -54.7552246294886 -54.7552246294886 -54.7552246294886 -54.7552246294886 -54.7552246294886 -54.7552246294886 -38.966737398494 -24.7333289645913 -54.7552246294886 -75.484076485366 -64.9143396485677 -54.7552246294886 -54.7552246294886 -54.7552246294886 -49.3534321880359 -41.4159233838425 -38.8883425008371 -32.0664415128525 -37.6345018195335 -61.9791665866734 -31.6515790707185 -54.7552246294886 -54.7552246294886 -56.9609008790192 -58.8946820948003 -57.7915829950167 -77.2314442432309 -52.1256917895646 -54.7552246294886 -62.0968385980788 
-24.733477930366 -31.0563480400492 -38.1729958359959 -54.7552246294886 -75.8153533724389 -54.7552246294886 -35.4503841473908 -54.7552246294886 -73.4586038213816 -68.5686669027917 -66.9735945616158 -66.7252153508906 -72.8197393286206 -76.613731899518 -54.7552246294886 -54.7552246294886 -54.7552246294886 -54.7552246294886 -33.4636735361637 -46.4719876711963 -54.7552246294886 -45.140381714615 -47.3053040039402 -63.2823619393841 -43.4882298806695 -44.0339814387614 -48.4176927342226 -54.2936674877986 -49.6481880960031 -54.7552246294886 -54.198827688922 -49.0178248185888 -53.8960904098887 -45.2904433378019 -46.8656923709046 -51.3522075790179 -57.6964815682821 -50.199483191485 -38.1349070756391 -28.8170165136663 
-65.9963161018334 -62.6935354035383 -52.1682015952552 -39.1724386962463 -69.8115633193302 -54.7552246294886 -71.0601269200489 -54.7552246294886 -58.1219286383022 -54.7552246294886 -54.7552246294886 -54.7552246294886 -54.7552246294886 -54.7552246294886 -54.7552246294886 -54.7552246294886 -62.0470797398696 -73.9536553091052 -78.7718425987254 -67.7395592600854 -64.1867175885785 -54.7552246294886 -34.3818572929282 -31.8426817948546 -38.124235366525 -38.8643190237867 -54.7552246294886 -66.6664639488665 -80.9971042726683 -55.0181657158698 -56.7484291857118 -54.7552246294886 -54.7552246294886 -54.7552246294886 -54.7552246294886 -48.5313490185802 -52.5180639321034 -46.454606295257 -54.7552246294886 -54.7552246294886 
-39.8655222532654 -54.7552246294886 -54.7552246294886 -54.7552246294886 -54.7552246294886 -54.7552246294886 -54.7552246294886 -76.1955983484436 -77.9758625317689 -25.5041122873245 -46.8221554034099 -54.6227858816202 -34.3934588795598 -27.393344994481 -28.7292757758845 -30.6940802285044 -36.9444182737128 -38.4235762061079 -54.7552246294886 -62.8496905470709 -54.7552246294886 -55.5318729662175 -46.1489269839988 -75.2270068987745 -56.2722087230563 -65.0467014964959 -54.7552246294886 -26.5535080620837 -28.7420073090828 -35.4409331835644 -44.1735822812251 -26.3929805046553 -49.9547942217992 -57.6132831470371 -29.8853197823671 -27.3666163873842 -54.7552246294886 -72.5141149578167 -54.7552246294886 -54.7552246294886 
-54.7552246294886 -78.2863036166189 -74.8122818949078 -72.4270846223517 -71.3413443616157 -71.8383925727266 -54.7552246294886 -54.7552246294886 -57.9506531209869 -25.216441832461 -44.0121377308085 -54.7552246294886 -54.7552246294886 -59.99097584651 -49.2685083258263 -54.7552246294886 -78.3987079952461 -54.7552246294886 -54.7552246294886 -54.7552246294886 -25.4417755096199 -15.216487516151 -24.4547844295534 -0.00974424488968061 0 0 0 0 0 0 0 0 0 0 0 0 0 0 0 0 
0 0 0 0 0 0 0 0 0 0 0 0 0 0 0 0 0 0 0 0 0 0 0 0 0 0 0 0 0 0 0 0 0 0 0 0 0 0 0 0 
0 0 0 0 0 0 0 0 0 0 0 0 0 0 0 0 0 0 0 0 0 0 0 0 0 0 0 0 0 0 0 0 0 0 0 0 0 0 0 0 
0 0 0 0 0 0 0 0 0 0 0 0 0 0 0 0 0 0 0 0 0 0 0 0 0 0 0 0 0 0 0 0 0 0 0 0 0 0 0 0 
0 0 0 0 0 0 0 0 0 0 0 0 0 0 0 0 0 0 0 0 0 0 0 0 0 0 0 0 0 0 0 0 0 0 0 0 0 0 0 0 
0 0 0 0 0 0 0 0 0 0 0 0 0 0 0 0 0 0 0 0 0 0 0 0 0 0 0 0 0 0 0 0 0 0 0 0 0 0 0 0 
0 0 0 0 0 0 0 0 0 0 0 0 0 0 0 0 0 0 0 0 0 0 0 0 0 0 0 0 0 0 0 0 0 0 0 0 0 0 0 0 
0 0 0 0 0 0 0 0 0 0 0 0 0 0 0 0 0 0 0 0 0 0 0 0 0 0 0 0 0 0 0 0 0 0 0 0 0 0 0 0 
0 0 0 0 0 0 0 0 0 0 0 0 0 0 0 0 0 0 0 0 0 0 0 0 0 0 0 0 0 0 0 0 
<Gamma>
0.0515402138464846 1.00974409106361 0.289691583920055 0.289691583920055 0.780951831204115 1.00974409106361 0.289691583920055 1.00974409106361 0.289691583920055 0.730880039928022 0.771593884135349 0.289691583920055 0.780951831204115 1.00974409106361 0.699295401162293 1.00974409106361 0.68310476297394 0.221647077887422 0.0344933527255211 0.778857707943127 0.267330727993101 0.68310476297394 1.00974409106361 0.68310476297394 0.221647077887422 0.0344933527255211 1.00974409106361 0.68310476297394 0.732837002256517 1.00974409106361 1.00974409106361 0.68310476297394 0.221647077887422 0.0344933527255211 0.68310476297394 1.00974409106361 0.715869782488088 0.243419544166772 0.664170043629871 1.00974409106361 
0.221647077887422 0.68310476297394 0.68310476297394 0.0444012695288046 0.252337275662237 0.718871996373652 1.00974409106361 0.68310476297394 0.221647077887422 0.0344933527255211 0.718871996373652 1.00974409106361 0.68310476297394 2.99508528274852e-08 0.00344933509053145 0.00013732582848016 0.252337275662237 1.00974409106361 0.68310476297394 1.00974409106361 0.68310476297394 0.718871996373652 0.252337275662237 0.0420158929806118 0.654900418805972 0.0332244680446923 0.703167599018225 1.00974409106361 0.0344933527255211 0.252337275662237 0.718871996373652 0.252337275662237 0.718871996373652 0.253734537740119 0.780951831204115 0.68310476297394 0.252337275662237 0.718871996373652 0.718871996373652 0.252337275662237 
0.73492713319457 0.0317037998314456 8.08365034369138e-05 0.642741852261184 0.602434512199414 1.00974409106361 0.227204020783373 0.696026861507403 1.00974409106361 0.730880039928022 0.633771298789807 0.0332244680446923 0.252337275662237 0.68310476297394 0.718871996373652 0.292908672951429 0.0344933527255211 1.00974409106361 0.68310476297394 0.699295401162293 0.699295401162293 0.699295401162293 0.699295401162293 0.699295401162293 0.232278347387898 1.00974409106361 0.676733958871783 0.241432637432285 0.699295401162293 1.00974409106361 0.718871996373652 0.718871996373652 0.718871996373652 1.00974409106361 0.718871996373652 0.68310476297394 1.00974409106361 1.00974409106361 0.221647077887422 0.715869782488088 
1.00974409106361 0.722609013004153 1.00974409106361 0.22373367389576 0.250947705944226 0.0434312838616387 0.037004580590561 0.238780920085529 0.699295401162293 1.00974409106361 0.709193403085039 0.0434312838616387 0.037004580590561 0.238780920085529 1.00974409106361 0.738996633341661 0.718871996373652 0.718871996373652 1.00974409106361 0.718871996373652 1.00974409106361 1.00974409106361 0.0028119187649649 0.207991291687593 0.672780539720908 0.718871996373652 1.00974409106361 0.216515329699361 0.68310476297394 0.0028119187649649 1.00974409106361 1.00974409106361 0.718871996373652 1.00974409106361 0.0028119187649649 1.00974409106361 0.221647077887422 0.245465530636293 0.00352637179728127 1.00974409106361 
0.263734435840429 0.221647077887422 1.00974409106361 0.747203360345222 1.00974409106361 0.673570873049016 0.221647077887422 0.780951831204115 0.780951831204115 1.00974409106361 1.00974409106361 0.68310476297394 0.221647077887422 0.780951831204115 1.00974409106361 0.68310476297394 0.255095126810973 0.0504142715199636 0.714913316929387 0.68310476297394 0.243419544166772 1.00974409106361 0.042482489102902 0.252337275662237 0.252337275662237 0.718871996373652 0.0357101752740194 0.711199173144795 0.702973115599013 0.0420158929806118 0.654900418805972 0.0332244680446923 0.703167599018225 0.252337275662237 0.718871996373652 0.252337275662237 0.718871996373652 0.253734537740119 0.252337275662237 0.718871996373652 
0.718871996373652 0.252337275662237 0.602434512199414 1.00974409106361 0.227204020783373 0.252337275662237 0.68310476297394 0.718871996373652 0.292908672951429 0.253734537740119 1.00974409106361 0.699295401162293 1.00974409106361 0.699295401162293 0.232278347387898 0.699295401162293 0.699295401162293 1.00974409106361 1.00974409106361 0.699295401162293 1.00974409106361 0.699295401162293 0.232278347387898 0.037004580590561 0.00282748916024371 0.699295401162293 1.00974409106361 1.00974409106361 0.232278347387898 0.0436717757474663 0.232278347387898 0.699295401162293 0.232278347387898 0.699295401162293 0.232278347387898 0.699295401162293 1.00974409106361 0.232278347387898 0.699295401162293 0.232278347387898 
0.232278347387898 0.699295401162293 0.699295401162293 0.232278347387898 0.699295401162293 1.00974409106361 0.699295401162293 0.00282748916024371 0.000103620364234035 0.232278347387898 0.037004580590561 1.00974409106361 1.00974409106361 0.699295401162293 0.232278347387898 0.232278347387898 0.00282748916024371 0.037004580590561 0.699295401162293 0.718871996373652 0.743088667466201 0.277172695458681 0.699295401162293 1.00974409106361 0.699295401162293 0.27238774616004 1.00974409106361 0.732837002256517 0.221647077887422 1.00974409106361 0.825288962971899 1.00974409106361 0.68310476297394 0.221647077887422 0.901523176295022 1.00974409106361 0.686312621099195 0.230112062026428 1.00974409106361 0.738996633341661 
1.00974409106361 0.22583991282283 0.701592507446062 0.68310476297394 1.00974409106361 1.00974409106361 0.68310476297394 0.843427081485598 0.253902799503815 0.272618867159635 0.0498605589982504 0.278707482789471 1.00974409106361 0.643706641009136 0.221647077887422 1.00974409106361 0.0427177265280574 0.404207242936365 0.718871996373652 0.252337275662237 0.718871996373652 0.252337275662237 0.718871996373652 1.00974409106361 0.68310476297394 0.252337275662237 0.775217288287995 0.718871996373652 0.292908672951429 0.705878599702782 0.255139538948361 0.0563011243502186 0.232278347387898 0.699295401162293 0.0344933527255211 0.00257458665560975 0.226900456048566 0.0332244680446923 1.00974409106361 0.763891242352405 
0.330744143704172 0.931892811927245 1.00974409106361 0.68310476297394 0.699295401162293 0.718871996373652 0.299450437073728 0.738996633341661 1.00974409106361 0.718871996373652 1.00974409106361 0.718871996373652 0.319965453376024 1.00974409106361 0.718871996373652 0.718871996373652 1.00974409106361 0.886711537848224 1.00974409106361 0.68310476297394 0.68310476297394 0.00491155285757822 0.00017999605558633 0.718871996373652 0.269624626127276 1.00974409106361 1.00974409106361 1.00974409106361 0.780951831204115 0.304452460186493 0.782515217542632 0.221647077887422 1.00974409106361 0.872143248257282 0.780951831204115 0.237466002930884 1.00974409106361 0.696026861507403 1.00974409106361 0.221647077887422 
0.699295401162293 1.00974409106361 0.699295401162293 0.68310476297394 1.00974409106361 0.227965979978439 1.00974409106361 0.699295401162293 0.699295401162293 0.232278347387898 1.00974409106361 0.664170043629871 0.221647077887422 0.0344933527255211 1.00974409106361 1.00974409106361 0.68310476297394 2.09617789830533e-06 0.00011649623966683 1.80901873820189e-08 1.00974409106361 0.676733958871783 0.673570873049016 1.00974409106361 0.0344933527255211 0.216515329699361 1.00974409106361 0.68310476297394 1.00974409106361 0.726002381713952 0.68310476297394 0.696026861507403 1.00974409106361 0.68310476297394 1.00974409106361 0.68310476297394 0.696026861507403 0.689535542715834 1.00974409106361 0.280250764080361 
1.00974409106361 0.75968465591734 1.00974409106361 0.715869782488088 0.241149352825585 0.780951831204115 1.00974409106361 1.00974409106361 0.244113803215678 0.650855156161316 1.00974409106361 0.68310476297394 0.722852594670881 0.68310476297394 1.00974409106361 0.68310476297394 0.221647077887422 0.726002381713952 0.221647077887422 1.00974409106361 0.0434312838616387 0.404207242936365 0.718871996373652 0.256552320052918 0.718871996373652 0.252337275662237 0.718871996373652 1.00974409106361 0.68310476297394 0.252337275662237 0.775217288287995 0.718871996373652 0.292908672951429 0.726002381713952 1.00974409106361 0.68310476297394 0.67991189971815 0.699295401162293 0.68310476297394 0.221647077887422 
0.0344933527255211 1.00974409106361 1.00974409106361 0.68310476297394 1.00974409106361 0.221647077887422 0.68310476297394 0.738996633341661 1.00974409106361 1.00974409106361 0.68310476297394 1.00974409106361 0.221647077887422 0.68310476297394 0.257972922010602 0.699295401162293 1.00974409106361 0.709193403085039 0.69161485819391 0.718871996373652 0.718871996373652 1.00974409106361 0.718871996373652 1.00974409106361 0.718871996373652 1.00974409106361 0.216515329699361 0.68310476297394 1.00974409106361 1.00974409106361 0.718871996373652 1.00974409106361 1.00974409106361 0.221647077887422 0.286509824265072 0.0515402138464846 1.00974409106361 0.872143248257282 0.289691583920055 0.793996858447395 
0.289691583920055 0.780951831204115 1.00974409106361 0.780951831204115 1.00974409106361 0.780951831204115 0.68310476297394 0.221647077887422 0.780951831204115 0.289691583920055 0.780951831204115 1.00974409106361 1.00974409106361 0.236672290621417 1.00974409106361 1.00974409106361 0.695444526695345 0.686312621099195 0.686312621099195 0.695057188097751 1.00974409106361 0.68310476297394 1.00974409106361 1.00974409106361 1.00974409106361 0.68310476297394 1.00974409106361 0.221647077887422 0.68310476297394 7.48784253451364e-11 0.718871996373652 1.00974409106361 1.45916411521784 0.587318565108771 0.255139538948361 0.253308728239245 0.0416027729791801 0.221647077887422 1.00974409106361 0.775217288287995 
0.00257458665560975 0.906515162291791 0.718871996373652 1.00974409106361 0.718871996373652 0.747203360345222 1.00974409106361 0.68310476297394 1.00974409106361 1.00974409106361 0.718871996373652 0.252337275662237 0.252337275662237 0.252337275662237 0.252337275662237 0.252337275662237 0.252337275662237 0.718871996373652 1.00974409106361 0.68310476297394 0.042482489102902 0.00358527634725146 0.695444526695345 1.00974409106361 0.205639843673882 0.221647077887422 1.00974409106361 0.952684304096888 0.718871996373652 1.00974409106361 1.00974409106361 0.718871996373652 1.00974409106361 0.92165760068048 0.042482489102902 0.00343034028011728 0.654900418805972 0.0332244680446923 0.00257458665560975 1.5825149823307e-06 
0.703167599018225 0.252337275662237 0.042482489102902 0.718871996373652 0.252337275662237 0.042482489102902 0.718871996373652 0.252337275662237 0.042482489102902 0.042482489102902 0.73492713319457 0.252337275662237 1.46822658590343e-06 0.230112062026428 0.0317037998314456 0.00234430481306335 8.08365034369138e-05 1.00974409106361 0.642741852261184 0.699295401162293 0.00234430481306335 0.0344933527255211 0.221647077887422 0.22583991282283 0.718871996373652 1.00974409106361 0.718871996373652 1.00974409106361 0.696026861507403 0.718871996373652 0.252337275662237 1.00974409106361 0.718871996373652 1.00974409106361 0.252337275662237 0.042482489102902 0.201822031721867 0.232278347387898 0.221647077887422 1.00974409106361 
0.718871996373652 1.00974409106361 0.68310476297394 1.00974409106361 0.718871996373652 0.252337275662237 0.718871996373652 1.00974409106361 1.00974409106361 0.696026861507403 0.636747483766311 0.219579942760006 0.718871996373652 0.0321525433678527 0.57979411477444 1.00974409106361 0.221647077887422 1.00974409106361 0.722609013004153 1.00974409106361 0.780951831204115 0.289691583920055 1.00974409106361 0.221647077887422 0.252337275662237 0.718871996373652 0.042482489102902 1.00974409106361 0.68310476297394 0.718871996373652 0.252337275662237 0.252337275662237 0.0471818917751184 1.00974409106361 0.22373367389576 0.0025032226870941 0.0329146084894053 0.00343034028011728 0.042482489102902 0.252337275662237 
0.718871996373652 1.00974409106361 0.252337275662237 0.718871996373652 0.042482489102902 0.252337275662237 0.718871996373652 1.00974409106361 0.68310476297394 0.775217288287995 0.0375283526749005 0.718871996373652 1.00974409106361 0.252337275662237 0.699295401162293 0.699295401162293 0.211502396536305 1.00974409106361 0.68310476297394 0.68310476297394 0.714913316929387 1.00974409106361 0.673570873049016 0.221647077887422 0.780951831204115 0.221647077887422 0.780951831204115 1.00974409106361 1.00974409106361 1.00974409106361 0.696026861507403 0.04464713177789 0.176238095359934 0.00260272489538054 0.00199671320192676 0.680251923226335 0.726002381713952 0.220611089194181 1.00974409106361 1.00974409106361 
0.365308167401064 0.780951831204115 1.00974409106361 0.69277359916087 0.221647077887422 0.365308167401064 0.365308167401064 0.365308167401064 0.365308167401064 1.00974409106361 0.68310476297394 0.780951831204115 1.00974409106361 0.289691583920055 0.0043980002567327 0.221647077887422 0.780951831204115 1.00974409106361 0.68310476297394 0.221647077887422 0.221647077887422 0.341885936248402 0.92165760068048 0.0544663151901799 0.289691583920055 0.780951831204115 1.00974409106361 0.221647077887422 0.0515402138464846 0.68310476297394 1.00974409106361 0.221647077887422 1.00974409106361 0.289691583920055 0.0420158929806118 0.00346843502375875 0.667288983199515 0.0344933527255211 0.00257458665560975 1.5825149823307e-06 
0.718871996373652 0.68310476297394 1.00974409106361 0.288096309303145 0.0591698794622476 0.252337275662237 0.042482489102902 0.718871996373652 0.252337275662237 0.718871996373652 0.252337275662237 0.00343034028011728 0.042482489102902 0.718871996373652 0.257972922010602 2.16606177356617e-06 0.221647077887422 0.0344933527255211 0.00257458665560975 9.21676091408754e-05 1.00974409106361 0.642741852261184 0.853090508636452 1.00974409106361 0.718871996373652 1.00974409106361 0.718871996373652 0.245465530636293 1.00974409106361 0.718871996373652 1.00974409106361 0.252337275662237 0.0413255899110825 1.00974409106361 0.718871996373652 1.00974409106361 0.252337275662237 1.00974409106361 0.68310476297394 1.00974409106361 
0.718871996373652 0.68310476297394 0.221647077887422 1.00974409106361 0.722609013004153 1.00974409106361 0.780951831204115 0.718871996373652 0.289691583920055 1.00974409106361 0.68310476297394 0.221647077887422 0.0344933527255211 0.252337275662237 1.00974409106361 0.68310476297394 0.718871996373652 0.252337275662237 0.252337275662237 0.0501366508601737 0.240103117818502 1.00974409106361 0.718871996373652 0.718871996373652 0.718871996373652 1.00974409106361 1.00974409106361 0.221647077887422 0.715869782488088 0.22373367389576 0.22373367389576 0.219579942760006 1.00974409106361 0.221647077887422 0.715869782488088 0.221647077887422 0.219579942760006 0.221647077887422 0.221647077887422 0.226900456048566 
0.0344933527255211 1.00974409106361 0.00282748916024371 0.68310476297394 0.224784326232866 0.042482489102902 0.404207242936365 0.718871996373652 0.252337275662237 0.718871996373652 0.252337275662237 0.718871996373652 1.00974409106361 0.68310476297394 0.00343034028011728 0.00343034028011728 0.252337275662237 0.775217288287995 0.718871996373652 0.292908672951429 0.250947705944226 0.00416172574694533 0.75968465591734 1.00974409106361 0.753729335811843 0.714913316929387 0.0504142715199636 1.00974409106361 0.304452460186493 0.722609013004153 1.00974409106361 0.221647077887422 0.68310476297394 0.221647077887422 0.755501228041573 1.00974409106361 0.68310476297394 0.221647077887422 1.00974409106361 0.221647077887422 
0.00257458665560975 0.780951831204115 1.00974409106361 0.68310476297394 1.00974409106361 0.768121128153643 1.00974409106361 0.775217288287995 1.00974409106361 0.68310476297394 0.221647077887422 0.229727173985682 0.672780539720908 1.00974409106361 0.68310476297394 0.636636645137194 1.00974409106361 0.248191481618786 0.699295401162293 1.00974409106361 0.718871996373652 0.718871996373652 0.718871996373652 1.00974409106361 0.718871996373652 0.68310476297394 1.00974409106361 1.00974409106361 0.221647077887422 0.042482489102902 1.00974409106361 0.68310476297394 0.68310476297394 0.221647077887422 0.68310476297394 0.00429029077503578 0.183183789975379 1.00974409106361 0.673570873049016 0.00324605158392922 
1.5825149823307e-06 0.0521125793063178 0.042482489102902 0.252337275662237 0.718871996373652 1.00974409106361 0.201822031721867 0.252337275662237 0.042482489102902 0.00343034028011728 0.042482489102902 0.252337275662237 0.718871996373652 0.042482489102902 0.252337275662237 0.042482489102902 0.249565788302176 1.00974409106361 2.27151251970539e-06 0.000121616442642312 0.00324605158392922 9.13781459527625e-11 1.77090526054036e-16 1.79175113914357e-13 0.041098018347711 0.221647077887422 1.00974409106361 0.68310476297394 0.221647077887422 9.34721726029195e-05 0.221647077887422 0.252337275662237 0.042482489102902 1.00974409106361 0.222583627178473 0.250947705944226 0.042482489102902 0.252337275662237 0.00393814478212868 0.250947705944226 
1.00974409106361 0.68310476297394 0.718871996373652 0.00343034028011728 0.0027107464804074 1.5825149823307e-06 0.68310476297394 0.0512563911749819 0.042482489102902 0.274128438594002 0.738996633341661 1.00974409106361 0.68310476297394 0.221647077887422 0.042482489102902 0.042482489102902 0.252337275662237 0.042482489102902 0.718871996373652 0.260837770441208 2.16606177356617e-06 0.216515329699361 0.00281427334268126 6.73372403922252e-05 1.00974409106361 0.699295401162293 0.230112062026428 0.0329146084894053 0.699295401162293 0.221647077887422 0.664170043629871 0.839074598110173 1.00974409106361 0.718871996373652 1.00974409106361 0.654900418805972 0.201822031721867 0.252337275662237 0.718871996373652 1.00974409106361 
0.042482489102902 1.00974409106361 0.718871996373652 1.00974409106361 1.00974409106361 1.00974409106361 0.718871996373652 0.252337275662237 1.00974409106361 0.718871996373652 1.00974409106361 0.718871996373652 1.00974409106361 0.718871996373652 0.718871996373652 1.89976564642191e-06 0.340003243186843 0.042482489102902 0.306138298618488 1.09373762014265 0.68310476297394 0.718871996373652 1.00974409106361 0.624925940255072 0.233369125677353 0.718871996373652 0.718871996373652 0.213493489292397 0.00281427334268126 1.00974409106361 0.6704225692955 2.16606177356617e-06 1.00974409106361 0.699295401162293 0.718871996373652 0.219579942760006 0.0025032226870941 1.00974409106361 0.221647077887422 1.00974409106361 
0.825288962971899 1.00974409106361 0.221647077887422 0.00257458665560975 0.289691583920055 0.252337275662237 0.042482489102902 1.00974409106361 0.252337275662237 0.281802590951437 0.221647077887422 0.289691583920055 1.00974409106361 0.798393441145509 1.00974409106361 0.7572688480624 0.221647077887422 0.896558665347764 1.00974409106361 0.221647077887422 0.00257458665560975 0.780951831204115 1.00974409106361 0.68310476297394 0.0344933527255211 1.00974409106361 0.68310476297394 1.00974409106361 0.722609013004153 0.246864964600328 0.0594975196355374 0.776651289347909 0.221647077887422 0.68310476297394 0.277540426478999 1.00974409106361 0.00339266399700197 0.0027107464804074 0.0598269740441125 0.369364995295456 
0.042482489102902 0.252337275662237 0.718871996373652 1.00974409106361 0.654900418805972 0.216515329699361 0.252337275662237 0.042482489102902 0.252337275662237 1.00974409106361 0.221647077887422 7.44920171912523e-11 0.042482489102902 0.718871996373652 1.00974409106361 9.39362542670716e-11 0.042482489102902 1.00974409106361 0.221647077887422 0.252337275662237 1.00974409106361 0.712523772772136 0.747203360345222 0.99990505344794 1 1 1 1 1 1 1 1 1 1 1 1 1 1 1 1 
1 1 1 1 1 1 1 1 1 1 1 1 1 1 1 1 1 1 1 1 1 1 1 1 1 1 1 1 1 1 1 1 1 1 1 1 1 1 1 1 
1 1 1 1 1 1 1 1 1 1 1 1 1 1 1 1 1 1 1 1 1 1 1 1 1 1 1 1 1 1 1 1 1 1 1 1 1 1 1 1 
1 1 1 1 1 1 1 1 1 1 1 1 1 1 1 1 1 1 1 1 1 1 1 1 1 1 1 1 1 1 1 1 1 1 1 1 1 1 1 1 
1 1 1 1 1 1 1 1 1 1 1 1 1 1 1 1 1 1 1 1 1 1 1 1 1 1 1 1 1 1 1 1 1 1 1 1 1 1 1 1 
1 1 1 1 1 1 1 1 1 1 1 1 1 1 1 1 1 1 1 1 1 1 1 1 1 1 1 1 1 1 1 1 1 1 1 1 1 1 1 1 
1 1 1 1 1 1 1 1 1 1 1 1 1 1 1 1 1 1 1 1 1 1 1 1 1 1 1 1 1 1 1 1 1 1 1 1 1 1 1 1 
1 1 1 1 1 1 1 1 1 1 1 1 1 1 1 1 1 1 1 1 1 1 1 1 1 1 1 1 1 1 1 1 1 1 1 1 1 1 1 1 
1 1 1 1 1 1 1 1 1 1 1 1 1 1 1 1 1 1 1 1 1 1 1 1 1 1 1 1 1 1 1 1 
<lnGmf>
0 0 0 0 0 0 0 0 0 0 0 0 0 0 0 0 0 0 0 0 0 0 0 0 0 0 0 0 0 0 0 0 0 0 0 0 0 0 0 0 
0 0 0 0 0 0 0 0 0 0 0 0 0 0 0 0 0 0 0 0 0 0 0 0 0 0 0 0 0 0 0 0 0 0 0 0 0 0 0 0 
0 0 0 0 0 0 0 0 0 0 0 0 0 0 0 0 0 0 0 0 0 0 0 0 0 0 0 0 0 0 0 0 0 0 0 0 0 0 0 0 
0 0 0 0 0 0 0 0 0 0 0 0 0 0 0 0 0 0 0 0 0 0 0 0 0 0 0 0 0 0 0 0 0 0 0 0 0 0 0 0 
0 0 0 0 0 0 0 0 0 0 0 0 0 0 0 0 0 0 0 0 0 0 0 0 0 0 0 0 0 0 0 0 0 0 0 0 0 0 0 0 
0 0 0 0 0 0 0 0 0 0 0 0 0 0 0 0 0 0 0 0 0 0 0 0 0 0 0 0 0 0 0 0 0 0 0 0 0 0 0 0 
0 0 0 0 0 0 0 0 0 0 0 0 0 0 0 0 0 0 0 0 0 0 0 0 0 0 0 0 0 0 0 0 0 0 0 0 0 0 0 0 
0 0 0 0 0 0 0 0 0 0 0 0 0 0 0 0 0 0 0 0 0 0 0 0 0 0 0 0 0 0 0 0 0 0 0 0 0 0 0 0 
0 0 0 0 0 0 0 0 0 0 0 0 0 0 0 0 0 0 0 0 0 0 0 0 0 0 0 0 0 0 0 0 0 0 0 0 0 0 0 0 
0 0 0 0 0 0 0 0 0 0 0 0 0 0 0 0 0 0 0 0 0 0 0 0 0 0 0 0 0 0 0 0 0 0 0 0 0 0 0 0 
0 0 0 0 0 0 0 0 0 0 0 0 0 0 0 0 0 0 0 0 0 0 0 0 0 0 0 0 0 0 0 0 0 0 0 0 0 0 0 0 
0 0 0 0 0 0 0 0 0 0 0 0 0 0 0 0 0 0 0 0 0 0 0 0 0 0 0 0 0 0 0 0 0 0 0 0 0 0 0 0 
0 0 0 0 0 0 0 0 0 0 0 0 0 0 0 0 0 0 0 0 0 0 0 0 0 0 0 0 0 0 0 0 0 0 0 0 0 0 0 0 
0 0 0 0 0 0 0 0 0 0 0 0 0 0 0 0 0 0 0 0 0 0 0 0 0 0 0 0 0 0 0 0 0 0 0 0 0 0 0 0 
0 0 0 0 0 0 0 0 0 0 0 0 0 0 0 0 0 0 0 0 0 0 0 0 0 0 0 0 0 0 0 0 0 0 0 0 0 0 0 0 
0 0 0 0 0 0 0 0 0 0 0 0 0 0 0 0 0 0 0 0 0 0 0 0 0 0 0 0 0 0 0 0 0 0 0 0 0 0 0 0 
0 0 0 0 0 0 0 0 0 0 0 0 0 0 0 0 0 0 0 0 0 0 0 0 0 0 0 0 0 0 0 0 0 0 0 0 0 0 0 0 
0 0 0 0 0 0 0 0 0 0 0 0 0 0 0 0 0 0 0 0 0 0 0 0 0 0 0 0 0 0 0 0 0 0 0 0 0 0 0 0 
0 0 0 0 0 0 0 0 0 0 0 0 0 0 0 0 0 0 0 0 0 0 0 0 0 0 0 0 0 0 0 0 0 0 0 0 0 0 0 0 
0 0 0 0 0 0 0 0 0 0 0 0 0 0 0 0 0 0 0 0 0 0 0 0 0 0 0 0 0 0 0 0 0 0 0 0 0 0 0 0 
0 0 0 0 0 0 0 0 0 0 0 0 0 0 0 0 0 0 0 0 0 0 0 0 0 0 0 0 0 0 0 0 0 0 0 0 0 0 0 0 
0 0 0 0 0 0 0 0 0 0 0 0 0 0 0 0 0 0 0 0 0 0 0 0 0 0 0 0 0 0 0 0 0 0 0 0 0 0 0 0 
0 0 0 0 0 0 0 0 0 0 0 0 0 0 0 0 0 0 0 0 0 0 0 0 0 0 0 0 0 0 0 0 0 0 0 0 0 0 0 0 
0 0 0 0 0 0 0 0 0 0 0 0 0 0 0 0 0 0 0 0 0 0 0 0 0 0 0 0 0 0 0 0 0 0 0 0 0 0 0 0 
0 0 0 0 0 0 0 0 0 0 0 0 0 0 0 0 0 0 0 0 0 0 0 0 0 0 0 0 0 0 0 0 0 0 0 0 0 0 0 0 
0 0 0 0 0 0 0 0 0 0 0 0 0 0 0 0 0 0 0 0 0 0 0 0 0 0 0 0 0 0 0 0 0 0 0 0 0 0 0 0 
0 0 0 0 0 0 0 0 0 0 0 0 0 0 0 0 0 0 0 0 0 0 0 0 0 0 0 0 0 0 0 0 0 0 0 0 0 0 0 0 
0 0 0 0 0 0 0 0 0 0 0 0 0 0 0 0 0 0 0 0 0 0 0 0 0 0 0 0 0 0 0 0 0 0 0 0 0 0 0 0 
0 0 0 0 0 0 0 0 0 0 0 0 0 0 0 0 0 0 0 0 0 0 0 0 0 0 0 0 0 0 0 0 0 0 0 0 0 0 0 0 
0 0 0 0 0 0 0 0 0 0 0 0 0 0 0 0 0 0 0 0 0 0 0 0 0 0 0 0 0 0 0 0 0 0 0 0 0 0 0 0 
0 0 0 0 0 0 0 0 0 0 0 0 0 0 0 0 0 0 0 0 0 0 0 0 0 0 0 0 0 0 0 0 0 0 0 0 0 0 0 0 
0 0 0 0 0 0 0 0 0 0 0 0 0 0 0 0 0 0 0 0 0 0 0 0 0 0 0 0 0 0 0 0 0 0 0 0 0 0 0 0 
0 0 0 0 0 0 0 0 0 0 0 0 0 0 0 0 0 0 0 0 0 0 0 0 0 0 0 0 0 0 0 0 0 0 0 0 0 0 0 0 
0 0 0 0 0 0 0 0 0 0 0 0 0 0 0 0 0 0 0 0 0 0 0 0 0 0 0 0 0 0 0 0 0 0 0 0 0 0 0 0 
0 0 0 0 0 0 0 0 0 0 0 0 0 0 0 0 0 0 0 0 0 0 0 0 0 0 0 0 0 0 0 0 
<BF>
9.9999999999833e-10 9.99999996972005e-10 2.48839898990065e-08 9.99999984676398e-10 0.0352258305857203 9.99999999612842e-10 1.79858487437546e-07 9.8319773080982e-10 1.04291502889818e-06 0.0401378332203131 9.99999988770426e-10 1e-09 9.99999994020574e-10 0.235950563787076 9.99999984678414e-10 9.99999988159115e-10 6.13004790976002e-12 1e-09 6.74040608239725e-12 9.99999999999985e-10 0.000109656209119705 3.57580244675742e-09 109.169894769032 1e-09 9.99999999999988e-10 9.99999999999999e-10 0.000407509071963058 9.99999999960629e-10 2.19873878838534e-05 0.00662464639541509 9.99999999982163e-10 9.99999999914854e-10 9.8319773080982e-10 0.202773407753344 9.99999999994826e-10 9.99999999144248e-10 9.69897153094832e-10 54.7341484544992 9.99999994981359e-10 5.1889583144456e-11 
9.99999995046638e-10 9.99999997940465e-10 1e-09 1e-09 3.2172858348608e-12 1e-09 0.0211440370343694 9.99999989838931e-10 0.000215740135723048 9.99999999973566e-10 9.99999999997187e-10 0.000363779148888708 9.99999985738238e-10 9.99999999770324e-10 9.99999999998733e-10 1.7886096809649e-11 9.99999992031092e-10 6.15846990347301e-10 -7.77334370039106e-17 0 0 0 0 0 0 0 0 0 0 0 0 0 0 0 0 0 0 0 0 0 
0 0 0 0 0 0 0 0 0 0 0 0 0 0 0 0 0 0 0 0 0 0 0 0 0 0 0 0 0 0 0 0 0 0 0 0 0 0 
<BFC>
0 0 0.0641007522476735 0 0 0 0.0214236187731772 0 0.012869927455018 0.0518724839212359 0 0 0 0 0 0 9.93869949683283e-10 0 9.93259593916073e-10 0 6.17198637730601e-05 0.0535177528846694 0.400041343446975 0 0 0 0.00168965181370561 0 0.0142194328978058 0.0509699885584734 0 0 0 0.00905121157966863 0 0 3.01028401887587e-11 1.0182372257687 0 9.48110390335972e-10 
0 0 0 0 9.96782711349746e-10 0 0.0732652418369908 0 0.126214056550583 0 0 0 0 0 0 9.82113885460294e-10 0 3.84153005331837e-10 0 
<XFA>
54.5257582538725 0 
<YFA>
54.5257582538089 0 
<PUL>
1000000 1000000 
<PLL>
0 0 
<Y_m>
4.64798611301576e-10 2.31912118496233e-14 5.61388150586686e-11 2.09360480486838e-11 6.36248800957625e-13 3.20242110653781e-14 1.31602186991322e-21 1.43869875314001e-15 2.0498645508298e-10 1.45154629437786e-15 3.84151807592885e-22 0 2.70495113177768e-10 1.79022263149135e-10 4.97199679178455e-22 8.55520759335371e-27 7.89273058970988e-33 0 0 0 0 1.12308107695742e-27 9.9720455966724e-20 2.09090693895862e-18 8.53086924064761e-19 3.72185815780272e-20 2.75686635475452e-26 3.12662840282164e-29 1.4364637030039e-30 1.19551400616165e-21 4.96256472954642e-25 7.314396718772e-29 0 0 2.26599263415074e-28 6.04290989865254e-25 0 0 2.20985102216972e-23 4.19513565454256e-10 
0 0 0 3.00020323345682e-20 3.94442509932983e-18 3.84354662029643e-17 1.90813977058202e-17 5.67272975867044e-19 1.08663105188741e-21 4.33990299647049e-25 4.2009331472508e-14 2.75671133581445e-10 2.50531811225762e-08 0 1.20190413357266e-29 0 5.53380746801421e-17 4.18136902100912e-12 5.49286463059672e-14 6.55372346787534e-21 4.27422107299004e-21 1.87613709988509e-20 4.42843869927644e-18 3.21819663664818e-12 1.26545834418019e-16 2.7587409752304e-21 1.68896159219732e-13 5.84701770407907e-17 4.71682070330262e-22 1.58793035496686e-13 8.47126466072318e-16 8.36494243952699e-14 4.58364936462679e-16 1.25437180839335e-16 1.54871942488068e-21 9.99403674660827e-32 4.90717355657042e-24 5.79015269543471e-19 0 0 
0 0 0 0 1.73629709362947e-10 8.12046159334803e-13 3.7056202362674e-11 0 0 3.33765805060245e-17 3.40207643121003e-23 7.05581848274446e-30 0 1.53934588608734e-13 1.65860816799416e-12 8.01083208674915e-10 2.85705627929451e-05 0.0183503496109196 0.0156912205704893 2.29824168493262e-33 1.91883618257846e-14 1.29565829789024e-19 8.95247424517296e-27 1.79848686224885e-26 0 4.26302393846456e-10 3.65433057118874e-10 1.62865161967622e-07 4.24800381807449e-16 1.63712526424317e-13 1.58997502702999e-11 9.99429026541403e-14 6.91446660164196e-21 1.34507632031562e-17 2.58357324454347e-12 2.49514035945907e-18 2.02209153349925e-08 5.60358874251119e-29 4.59696070619685e-25 1.00094385712064e-09 
1.04106640684331e-23 0 4.22018998038479e-10 3.92653159632999e-08 0.0357752445231557 1.50163503775381e-17 4.87288055550117e-25 2.44876467027367e-14 1.98028279384088e-10 1.3262464568502e-07 9.82950881897292e-10 1.50163517324788e-17 4.87288099517224e-25 2.44876489122494e-14 0 1.61413900329997e-05 2.74343257905277e-08 7.23697684022057e-20 2.09192170455583e-14 3.87526161991988e-15 6.56582440197323e-12 4.06754652772525e-10 3.46243493877539e-27 1.58658201341832e-31 1.00357146713091e-20 3.31713458159486e-06 7.67779466203157e-10 1.34998321231558e-18 3.27821419121113e-11 6.34056915210118e-29 0.00506224441338127 0 5.08043817301769e-06 1.06559224167393e-07 2.2487537418289e-24 3.27756169554577e-17 2.63641111467922e-18 7.87565265085371e-16 1.23631105557418e-16 2.13261122534251e-16 
9.4744208698099e-11 1.37868418770683e-20 5.45982978557795e-15 5.44587940940676e-10 3.14125098215319e-10 3.6708749682698e-11 4.77872082437022e-12 2.99830414118952e-16 8.07016360617261e-23 2.52257477338281e-19 8.02869712520499e-23 9.65980330634255e-34 0 8.82375210570294e-17 1.55606059976911e-13 1.11183151466087e-17 4.87523086170973e-22 2.22402690163958e-20 5.46671450154926e-12 2.77292207447871e-21 1.66773229971932e-12 1.58087665879064e-11 5.7821900478673e-10 6.04977641595721e-11 0 3.79332628193994e-10 3.44689913371003e-11 0.239817873591355 0 3.21819692702365e-12 1.26545845836171e-16 2.75874122414913e-21 1.68896174459119e-13 1.58793049824478e-13 8.47126542508103e-16 8.36494319429085e-14 4.5836497782064e-16 1.25437192157431e-16 4.90717399934311e-24 5.79015321787807e-19 
0 0 1.73629725029022e-10 8.12046232605035e-13 3.7056205706212e-11 0 1.53934602498119e-13 1.65860831764922e-12 8.01083280947458e-10 6.16804164326154e-10 2.32753703785854e-14 1.41817098187718e-10 4.71933540624306e-12 2.16379952086551e-14 4.63122543568996e-15 4.39821174709027e-13 3.29500922145013e-15 3.47309170005893e-19 1.09985796161453e-27 1.14897456338399e-17 3.79258133680539e-11 4.293484802632e-15 2.43112656439468e-20 9.66199720604887e-20 2.65437681436656e-31 1.30064138970135e-10 1.13740936151481e-28 8.62218805676306e-11 9.87567352361355e-26 3.27557476052925e-23 1.05855918568254e-33 2.2269094085797e-21 4.37793156312505e-24 1.15985776449284e-26 6.20726562225808e-23 1.61312334213455e-23 2.76409167547127e-25 0 1.15118804182463e-26 0 
0 0 1.62136724089938e-22 2.3091264672201e-18 2.50473830659664e-15 6.21147368493911e-12 2.67131557266167e-14 7.03925438646661e-32 0 2.55057961968899e-21 6.60324790267884e-21 1.23545626785029e-19 7.56548741101321e-23 1.71611416148769e-22 0 4.91764428136594e-21 8.35859706799412e-33 6.7308707519367e-22 2.32380702307683e-22 1.0180493971403e-09 6.30104974616642e-16 6.32808178097093e-23 8.27153263409466e-26 2.92598579344642e-30 0 1.12040941678656e-28 8.91540556858533e-25 3.35439749365407e-25 1.74786209213629e-23 1.57779054136305e-13 2.45021865025668e-23 2.0109743958086e-24 6.02004568769913e-12 6.76485295694674e-13 2.5166738660712e-28 0 0 0 1.0915645973816e-28 0 
4.34658594754805e-31 0 0 1.2506653316908e-24 5.09119208118889e-16 1.06740715012781e-21 1.52940844194015e-16 5.01874700901412e-23 1.19216725232611e-26 0 0 0 6.46414610826421e-15 3.01710217537082e-22 9.67299620328877e-31 1.08443104773428e-23 2.63062248815224e-12 2.70323908365827e-17 1.72848529072763e-13 5.27355869959587e-13 3.89809321837569e-15 1.51520801389015e-23 1.2092415270325e-10 2.13413328648164e-10 9.84541451265124e-14 1.00677912066637e-11 5.64844535399348e-13 3.88494296682684e-12 6.65761130922057e-10 8.80460562160207e-05 2.72904397649027e-09 2.70523001130712e-26 6.70114986215906e-28 4.96269948357533e-31 0 0 4.98488609147408e-18 3.10750086454008e-26 2.18225426566594e-12 1.5543301417335e-11 
2.60021453033013e-26 7.53222669577073e-27 7.47990146845073e-29 1.88558569533478e-31 0 3.0168618924971e-12 3.88881029744705e-25 2.04607019998279e-25 0 1.54143019384528e-20 5.33226938226227e-18 3.16940473872356e-18 0 0 0 0 2.02812338091851e-12 3.26168187996012e-15 7.96675583135727e-13 2.04694796153516e-15 5.31243841384944e-13 0 0 3.55128785712453e-10 3.51734272593144e-20 6.55290878332369e-16 3.29138816683933e-20 1.16864593905681e-15 0 0 2.51137506399562e-26 2.44326394690482e-12 5.29621906116962e-10 8.6597988043097e-26 0 8.63999303591823e-22 1.29552977953404e-12 3.31783615459096e-06 4.20453601303297e-13 0.00178817700597299 
1.3229020642621e-19 0 2.67390324614798e-07 2.50384393705072e-19 2.29253074885258e-25 1.24100813918129e-14 0 0 0 0 9.26169728799535e-11 2.43279408748405e-14 0 0 0 1.81594307019226e-20 2.67543467921439e-15 0 0 0 2.48316863901156e-23 1.47019861775338e-15 4.71484670808908e-14 4.35571067293609e-21 1.13448161802681e-25 8.97316585755171e-12 0 0 1.06617791495949e-15 1.51222979378108e-13 4.58491520149555e-17 3.91065696165798e-10 1.61096783190483e-16 3.35257975436966e-11 0 4.7550343293094e-30 0 1.76474597215649e-20 1.0180493971403e-09 0 
0 0 8.59791654883067e-29 1.74002555197589e-28 3.58841722089893e-28 0 0 2.24871482218981e-29 0 0 3.0152052679605e-29 0 0 0 9.26520534023069e-29 0 3.21830706342344e-26 1.56214920817162e-26 0 0 2.09295456112907e-12 2.18665584690614e-17 1.39817597315504e-13 4.29343665592531e-13 2.62269852687087e-15 1.22565548702478e-23 1.66115135114347e-10 2.93168758651489e-10 1.35247779791378e-13 1.38302601196967e-11 4.56904179279017e-13 3.14253996543487e-12 5.38535790941124e-10 1.0180493971403e-09 0 0 0 0.000406827972672079 2.90602597873653e-11 0 
0 2.40802432586608e-11 1.74443998924616e-17 6.13695462403407e-15 8.79285089974089e-10 3.20194710451854e-17 8.03545993733428e-06 9.9413735704816e-10 7.67920261729e-14 9.19781180700171e-23 3.98085758898734e-20 1.03787867266962e-14 1.80897613487856e-22 2.3824869239155e-11 1.9818040520336e-05 6.23352814021944e-14 4.24710480143335e-11 5.72797961827773e-13 3.48491286317257e-08 1.56229644615091e-11 2.48329086862551e-23 5.70184525204772e-18 2.90918615425514e-18 5.2815250018745e-15 1.40033607159347e-08 1.02495828375507e-12 1.08591955544307e-20 5.1417011274983e-16 2.51080388965181e-06 0 4.48095153296533e-09 2.00936907859667e-09 2.12078100794842e-27 2.37947775302147e-22 0.00555059681776988 2.6910512262231e-32 5.50731995918474e-07 0.000391453742705155 5.1513430507478e-33 2.78663993624963e-06 
1.18454584977258e-30 5.44859045332422e-30 6.57863264837758e-31 7.08984880527651e-09 1.01341582325899e-07 5.46946540409843e-14 1.0228220592904e-10 3.57207587156355e-15 5.28573976796757e-05 7.48828269496507e-23 2.17327414613915e-21 0.000745863405261485 0 6.11292068914932e-10 5.04100909975971e-10 2.80220939883468e-12 7.04536770283693e-12 0 0 0.203467170578908 2.71974675907181e-11 1.86089797447617e-08 4.56801013516674e-06 1.73016970769012e-08 8.87351049943078e-15 4.30911006569282e-12 5.50246774354907e-07 2.00375114262314e-14 0.00296102074134603 0 5.26717363499443e-21 4.76745343754649e-14 5.15250333521957e-10 5.02751389078696e-10 6.04555000368677e-11 0 0 5.36979945055865e-21 2.12653415089798e-15 1.40876260863516e-16 
2.87028299421625e-24 3.4883906264033e-12 3.58906090587103e-14 4.80835432760952e-12 4.01182934432426e-17 3.96111445988612e-28 6.24588022296953e-22 1.21946038111355e-32 3.32918158751546e-20 2.31813292282659e-26 7.44937845473291e-19 3.88715668959245e-29 0 0 0 0 8.66826389320822e-20 0 1.48771494835843e-11 1.36940585586848e-13 1.38826986968043e-22 4.52226358176303e-33 6.31251858237638e-12 1.31912112820978e-16 1.01813066799286e-23 5.80186867696256e-29 0 0 0 9.536549940493e-12 0 0 0 9.18395662636301e-10 9.9858899815106e-28 0 3.97016920623296e-32 0 3.8530333178507e-28 4.37467950133795e-34 
5.29890937916553e-29 4.98199794877819e-29 0 3.12263709966065e-31 2.62442593804187e-29 2.79846046309454e-31 1.43808045539921e-31 1.6090396003325e-29 0 0 4.18319443430629e-16 0 0 0 2.53608444422337e-24 0 8.15602698775963e-31 0 3.83242756108771e-19 0 5.00696651940183e-26 3.48588860944725e-25 1.20250782535261e-21 8.01938068134563e-24 0 4.75313328445724e-19 0 0 1.35521077136284e-22 1.1466708901587e-25 1.8122674064753e-18 6.39948491145638e-28 4.44425341718937e-13 9.86934332644671e-10 2.62943311459639e-26 1.72880875915632e-26 2.21834836159261e-16 2.3790183953317e-14 0 2.42858379646616e-28 
0 0 7.79188319574532e-25 0 0 0 0 1.5059402950617e-18 0 1.08059361508884e-21 1.7910321684977e-34 0 0 1.87621049277887e-29 2.34932611601856e-22 0 0 0 2.36716605119645e-17 2.64817126617506e-18 0 0 0 0 0 0 0 1.81241396050046e-31 2.42050940940061e-30 3.28333254890505e-28 1.64096173523292e-32 2.91742943277557e-25 1.72710069962494e-29 0 2.49241880510554e-10 6.20363649947892e-25 2.62847653076595e-14 0 3.4840918210058e-29 3.14583966431023e-27 
1.29564206772894e-24 8.59731939556292e-23 1.45421150464128e-25 5.0374001963106e-18 2.19838111206235e-34 5.27918611891813e-21 1.00495316037225e-13 6.43953151775814e-10 3.73995745005678e-10 1.35382341500302e-28 3.03481189841766e-28 4.0645972584023e-29 6.00084797523716e-14 5.10515217993786e-11 7.13759190975217e-16 4.07401394303093e-29 6.3404850548047e-17 3.15826588015713e-13 8.3367958230564e-14 1.29468072561814e-13 9.71704407981584e-11 4.67059487712613e-11 9.48503926036689e-12 1.41768961508638e-12 3.08421980681293e-15 6.93528509844165e-28 3.30485284282879e-22 3.92747819912987e-19 4.86311387669973e-25 1.42657979831221e-10 1.66017259695712e-12 6.83033293454438e-19 1.12431531019569e-19 2.70123332624604e-26 2.65259353407618e-34 6.47995546699502e-10 2.68350650470183e-22 6.41521032201552e-13 1.86710021570462e-11 1.0180493971403e-09 
0 0 3.11934703440766e-33 9.76107399641887e-32 3.94705039720239e-31 0 0 0 0 8.89175220739259e-27 1.29717836155031e-29 4.63773044094079e-33 1.0180493971403e-09 3.89101422462386e-33 0 0 1.38408787904565e-30 4.37908767217891e-29 8.56907728881652e-29 1.54863485611365e-28 0 0 0 0 0 0 0 0 0 0 0 0 0 0 2.31584216944006e-15 0 8.93694134275933e-20 1.91203824165179e-24 1.11827577702876e-31 0 
1.18883423101859e-16 5.9759300799077e-14 5.94334360410233e-20 9.1278612084323e-16 0 6.01948538603132e-17 4.89379055156854e-33 3.29843414605578e-19 3.7093035694695e-31 4.81995088658532e-25 1.9405633930887e-27 0 0 5.5069058485888e-25 0 0 0 1.93768308951395e-33 0 0 0 5.79809965211632e-28 0 0 0 0 2.08914552632134e-13 1.2104437801741e-21 1.16594264815419e-15 5.13490043627304e-15 2.27635762711269e-12 4.79059880399609e-14 1.15469484573852e-28 0 0 0 0 0 0 7.20470308684779e-26 
0 0 0 0 2.77993423892638e-26 3.40999832528459e-27 0 2.38634744794449e-18 0 0 2.21931754204949e-24 0 6.1564908126193e-34 0 5.1402453041407e-33 5.55178617553758e-16 2.99805996699374e-15 4.14770469869691e-34 6.69156647787966e-13 2.01217162901727e-30 9.03791443098205e-10 8.82924607501814e-16 5.66541899297022e-14 6.78568480538473e-16 5.94377666883679e-15 1.14193794582404e-10 2.05413149013769e-18 4.93767585483751e-23 0 2.92432157633695e-20 8.40725176640464e-15 0.0127023241910236 5.65009646164525e-10 1.26700855821441e-16 0 6.37608233653155e-29 0 4.49178548544366e-17 3.40454020393641e-18 1.50648945400605e-20 
2.39117485929846e-16 0.000174163656447792 1.82216415141364e-13 4.02671840287698e-05 5.33257146947039e-09 2.88083883351673e-12 2.94406016512215e-17 1.88246899818056e-13 4.45826550034911e-13 3.29544723722584e-15 1.65019170327979e-23 9.99022330115088e-11 1.76312735462648e-10 8.13384989819974e-14 1.34472175690072e-20 6.29673243122263e-26 8.31756769299512e-12 6.15164197657652e-13 4.23103662694183e-12 7.25071084451443e-10 3.50597397954539e-31 0 0 0 0 5.39430999714577e-31 0 4.20507718363666e-31 0 1.41533326976159e-31 0 3.597352233192e-32 0 0 1.28698784617761e-30 2.61238308315977e-31 9.77729542434465e-33 0 0 0 
0 0 6.7377594415352e-34 0 0 0 1.77295523871339e-21 1.09059171875979e-21 1.81367387748716e-10 6.64617179451872e-10 1.72064829936844e-10 0 3.80864276535544e-26 4.63698686998327e-26 1.402372898107e-28 0 6.53987356884433e-31 0.000326625250132507 1.00553660321251e-12 4.34805369069793e-10 5.82912422563495e-08 3.19128036224988e-10 1.75376626805198e-17 3.4910811391764e-14 7.87832259990197e-09 4.27866221475526e-14 4.36529685043387e-05 2.12271731024699e-22 1.89096627687006e-21 7.47116219350603e-28 1.78231177487763e-16 1.30315499715893e-15 0 0 1.4519066153515e-17 0 5.58771765384887e-23 1.00025528774814e-09 1.77926134868006e-11 8.37342388464724e-26 
8.98488047242935e-32 4.45749596934291e-26 2.94753542087682e-22 1.774622698387e-20 4.24477325111981e-20 1.52662549127012e-19 1.31819631596529e-23 0 0 0 0 0 0 0 0 0 6.69211517276893e-16 1.01637540745503e-09 0 9.25304229794494e-32 3.60298895533292e-27 0 0 0 2.06385496432129e-20 5.77956893473428e-17 7.2378549954129e-16 6.64238177451208e-13 2.53598083522469e-15 6.78254048962468e-26 1.00576450044832e-12 0 0 1.02517380485198e-23 1.48240540357862e-24 4.46721486139728e-24 1.61217570560647e-32 1.29033395845367e-21 0 6.02959427369396e-26 
1.0162240135817e-09 1.8239034916277e-12 1.48006567678273e-15 0 6.64374298648632e-32 0 2.25266297000556e-14 0 7.01352175827699e-31 9.32413964606469e-29 4.59557528631554e-28 5.89127920752344e-28 1.32859150898828e-30 2.99007054381259e-32 0 0 0 0 1.6425313810234e-13 3.68192237306819e-19 0 1.39438835420851e-18 1.60018407103867e-19 1.84256087252731e-26 7.27619235559776e-18 4.21587068871975e-18 5.26096794477654e-20 1.476257932831e-22 1.53698033175557e-20 0 1.62312006180121e-22 2.88689908579085e-20 2.19698845844018e-22 1.2000872232236e-18 2.48365260209945e-19 2.79654654158233e-21 4.91291065530164e-24 8.8561281478213e-21 1.5375269105664e-15 1.71210809161037e-11 
1.22114300940162e-27 3.32006021027193e-26 1.23663163703323e-21 5.44789173238579e-16 2.69045488508126e-29 0 7.71936243011585e-30 0 3.21047691461053e-24 0 0 0 0 0 0 0 6.3372098324141e-26 4.27501870488729e-31 3.45482351253415e-33 2.13641512223104e-28 7.45873498173097e-27 0 6.55769987768398e-14 8.30809481256113e-13 1.55402281369777e-15 7.41383884712308e-16 0 6.24776974364109e-28 3.73256174643423e-34 7.15346837909756e-23 1.26786433280186e-23 0 0 0 0 4.69575423120389e-20 8.71559559364474e-22 3.7464786633266e-19 0 0 
2.72411917878719e-16 0 0 0 0 0 0 4.5422865536615e-32 7.65800450336979e-33 4.70226612464639e-10 2.59417168091707e-19 1.06225294064903e-22 6.4820597754557e-14 7.10925127622096e-11 1.86911704541211e-11 2.62018988805944e-12 5.05644681054668e-15 1.15200752328753e-15 0 2.84006737321696e-26 0 4.27973065580489e-23 5.08602044560516e-19 1.19654338558443e-31 2.04123357736346e-23 3.15630461743139e-27 0 1.64649497670684e-10 1.84547116326351e-11 2.27405372867161e-14 3.6665651476739e-18 1.93319935890757e-10 1.1311259382389e-20 5.33914212277813e-24 5.88264939400373e-12 7.301833928107e-11 0 1.80352617749548e-30 0 0 
0 5.61426318109128e-33 1.81151206578192e-31 1.96752040355588e-30 5.82707018154427e-30 3.54474463162348e-30 0 0 3.81025080460105e-24 6.26961532796242e-10 4.30897409666125e-18 0 0 4.95282134264894e-25 2.24678305123753e-20 0 5.01737042950332e-33 0 0 0 5.00471928560322e-10 1.38091158910171e-05 1.34284072149799e-09 55.50837344 0 0 0 0 0 0 0 0 0 0 0 0 0 0 0 0 
0 0 0 0 0 0 0 0 0 0 0 0 0 0 0 0 0 0 0 0 0 0 0 0 0 0 0 0 0 0 0 0 0 0 0.0218097205713785 0 0 0 0 0 
0 0 0 0 0 0 0 0 0 0 0 0 0 0 0 0 0 0 0 3.14159364057833e-05 0 0 0 0 0 0 0 0 0 0 0 0 0 0 0 0 0 0 0 0 
0 0 3.21732490714679e-10 0 0 0 0.0527759252126325 0 0 0 0 0 0 0 0 0 0 0 0 0 0 0 0 0 0 0 0 0 0 0 0 0 0 0 0 0 0 0 0 0 
0 0 0 0 0 0 0 0 0 0 0 0 0 0 0 0 0 0 0 0 0 0 0 0 0 5.05580182963128e-10 0 0 0 0 0 0 0 0 0 0 0 0 0 5.05890860838628e-10 
0 0 0 0 0 0 0 0 0 0 0 0 0 0 0 0 0.0544822626626497 0 0 0 0 0 0 0 0 0 0 0 0 0 0 0 0 0 0 0 0 0 0 0 
0 0 0 0 0 0 0 0 0 0 0.000149481039192014 0.00479533681290737 0 0 0 0 0 0 0 0 0 0 0 0 0 0 0 0 0 0 0 0 0 0 0 0 0 0 0 0 
0 0 0 0 0 0 0 0 0 0 0.0131018724959429 0 0 0 0 0.0387867099025855 0 0 0 0 0 0 0 0 0 0 0 0.0271009846209539 0 0 0 0 0 3.06453610789455e-11 0 0 0 0 0 1.01474697786059e-09 
0 0 0 0 0 0 0 0 0 0 0 0.0111502561369913 0 0 0 0 0 0 0 0 0 0 0 0 0 0 0 0 9.99813786734184e-10 0 3.91076306559021e-10 0 
<IC_m>
1.0180493971403e-09 1.0180493971403e-09 2.53331309241296e-08 1.0180493971403e-09 0.0358616355915588 1.0180493971403e-09 1.83104824722312e-07 1.00094385712064e-09 1.06173901647234e-06 0.0408622969124575 1.0180493971403e-09 1.0180493971403e-09 1.0180493971403e-09 0.240209329218345 1.0180493971403e-09 1.0180493971403e-09 6.24069402937341e-12 1.0180493971403e-09 6.86206635022278e-12 1.0180493971403e-09 0.000111635437587021 3.64034353878511e-09 0.120514917537758 1.0180493971403e-09 1.0180493971403e-09 1.0180493971403e-09 0.000414864365041193 1.0180493971403e-09 2.23842469798554e-05 0.00674421726911997 1.0180493971403e-09 1.0180493971403e-09 1.00094385712064e-09 0.206433345519375 1.0180493971403e-09 1.0180493971403e-09 9.8740321883392e-10 0.212151518117959 1.0180493971403e-09 5.28261858363089e-11 
1.0180493971403e-09 1.0180493971403e-09 1.0180493971403e-09 1.0180493971403e-09 3.27535877081747e-12 1.0180493971403e-09 0.0215256741559519 1.0180493971403e-09 0.000219634115111821 1.0180493971403e-09 1.0180493971403e-09 0.000370345143218359 1.0180493971403e-09 1.0180493971403e-09 1.0180493971403e-09 1.82089481243301e-11 1.0180493971403e-09 6.26962661652587e-10 -2.05660743790926e-16 
<IC_lm>
-8.99223113022736 -8.99223113022736 -7.59631111659593 -8.99223113022736 -1.44536990384275 -8.99223113022736 -6.73730019808864 -8.99959026267084 -5.97398221059923 -1.38867722198207 -8.99223113022736 -8.99223113022736 -8.99223113022736 -0.619410128245319 -8.99223113022736 -8.99223113022736 -11.204767086314 -8.99223113022736 -11.1635450637909 -8.99223113022736 -3.95219791272091 -8.43885761254732 -0.918959190154205 -8.99223113022736 -8.99223113022736 -8.99223113022736 -3.38209386045219 -8.99223113022736 -4.65005750130302 -2.17106844257787 -8.99223113022736 -8.99223113022736 -8.99959026267084 -0.685220147647964 -8.99223113022736 -8.99223113022736 -9.00550544262863 -0.673353854752896 -8.99223113022736 -10.2771507237977 
-8.99223113022736 -8.99223113022736 -8.99223113022736 -8.99223113022736 -11.4847410981517 -8.99223113022736 -1.6670432346592 -8.99223113022736 -3.65830019370766 -8.99223113022736 -8.99223113022736 -3.43139333926468 -8.99223113022736 -8.99223113022736 -8.99223113022736 -10.739715119018 -8.99223113022736 -9.20275830338029 0 
<IC_wm>
2.26073756628919e-07 1.07428060327327e-07 6.68667800527937e-07 2.42008470752543e-07 2.62840679510049 1.07658916476781e-08 2.45986430314598e-05 7.82408713312355e-08 1.2475547567215e-05 1.60208018576836 1.11955311052185e-07 2.49975827814355e-07 1.88328104696643e-07 8.33102222389813 2.45992149283449e-07 5.86927317321679e-08 3.1743751789671e-10 1.32363092681513e-07 4.2657812787736e-10 1.51343935565824e-07 0.00207479189571149 1.98875881381082e-07 0.118826606811369 1.9977350622656e-07 1.64257321661803e-07 1.26386685888289e-07 0.0158679001948426 6.9126781555582e-09 0.000532222906800608 0.362459793311362 9.55684470446446e-08 1.39498462652072e-08 1.37154571930976e-08 4.64269845840459 9.25273103432737e-08 5.84539107026862e-08 2.28927690694063e-07 3.32043064933872 8.76592546922176e-08 1.60066038454939e-09 
2.06354544861628e-07 2.06354544861628e-07 1.05985765491172e-07 2.08147203239841e-07 7.81815267148437e-10 2.25077836996192e-07 0.675196050515187 7.86487699846928e-08 0.00603455346957846 1.4974647658462e-07 1.18225618689173e-07 0.0317442710516804 9.76001240071984e-08 2.31090905412248e-07 4.76716856371881e-08 4.24004036648483e-09 6.51132228522845e-08 5.59507905021496e-08 0 
<Aalp>
0 0 0 0 0 0 0 0 0 0 0 0 0 0 0 0 0 0 0 0 0 0 0 0 0 0 0 0 0 0 0 0 0 0 0 0 0 0 0 0 
0 0 0 0 0 0 0 0 0 0 0 0 0 0 0 0 0 0 0 0 0 0 0 0 0 0 0 0 0 0 0 0 0 0 0 0 0 0 0 0 
0 0 0 0 0 0 0 0 0 0 0 0 0 0 0 0 0 0 0 0 0 0 0 0 0 0 0 0 0 0 0 0 0 0 0 0 0 0 0 0 
0 0 0 0 0 0 0 0 0 0 0 0 0 0 0 0 0 0 0 0 0 0 0 0 0 0 0 0 0 0 0 0 0 0 0 0 0 0 0 0 
0 0 0 0 0 0 0 0 0 0 0 0 0 0 0 0 0 0 0 0 0 0 0 0 0 0 0 0 0 0 0 0 0 0 0 0 0 0 0 0 
0 0 0 0 0 0 0 0 0 0 0 0 0 0 0 0 0 0 0 0 0 0 0 0 0 0 0 0 0 0 0 0 0 0 0 0 0 0 0 0 
0 0 0 0 0 0 0 0 0 0 0 0 0 0 0 0 0 0 0 0 0 0 0 0 0 0 0 0 0 0 0 0 0 0 0 0 0 0 0 0 
0 0 0 0 0 0 0 0 0 0 0 0 0 0 0 0 0 0 0 0 0 0 0 0 0 0 0 0 0 0 0 0 0 0 0 0 0 0 0 0 
<Xr0h0>
0 0 0 0 0 0 0 0 0 0 0 0 0 0 0 0 0 0 0 0 0 0 0 0 0 0 0 0 0 0 0 0 0 0 0 0 0 0 0 0 
0 0 0 0 0 0 0 0 0 0 0 0 0 0 0 0 0 0 0 0 0 0 0 0 0 0 0 0 0 0 0 0 0 0 0 0 0 0 0 0 
0 0 0 0 0 0 0 0 0 0 0 0 0 0 0 0 0 0 0 0 0 0 0 0 0 0 0 0 0 0 0 0 0 0 0 0 0 0 0 0 
0 0 0 0 0 0 0 0 0 0 0 0 0 0 0 0 0 0 0 0 0 0 0 0 0 0 0 0 0 0 0 0 0 0 0 0 0 0 0 0 
0 0 0 0 0 0 0 0 0 0 0 0 0 0 0 0 0 0 0 0 0 0 0 0 0 0 0 0 0 0 0 0 0 0 0 0 0 0 0 0 
0 0 0 0 0 0 0 0 0 0 0 0 0 0 0 0 0 0 0 0 0 0 0 0 0 0 0 0 0 0 0 0 0 0 0 0 0 0 0 0 
0 0 0 0 0 0 0 0 0 0 0 0 0 0 0 0 0 0 0 0 0 0 0 0 0 0 0 0 0 0 0 0 0 0 0 0 0 0 0 0 
0 0 0 0 0 0 0 0 0 0 0 0 0 0 0 0 0 0 0 0 0 0 0 0 0 0 0 0 0 0 0 0 0 0 0 0 0 0 0 0 
0 0 0 0 0 0 0 0 0 0 0 0 0 0 0 0 0 0 0 0 0 0 0 0 0 0 0 0 0 0 0 0 0 0 0 0 0 0 0 0 
0 0 0 0 0 0 0 0 0 0 0 0 0 0 0 0 0 0 0 0 0 0 0 0 0 0 0 0 0 0 0 0 0 0 0 0 0 0 0 0 
0 0 0 0 0 0 0 0 0 0 0 0 0 0 0 0 0 0 0 0 0 0 0 0 0 0 0 0 0 0 0 0 0 0 0 0 0 0 0 0 
0 0 0 0 0 0 0 0 0 0 0 0 0 0 0 0 0 0 0 0 0 0 0 0 0 0 0 0 0 0 0 0 0 0 0 0 0 0 0 0 
0 0 0 0 0 0 0 0 0 0 0 0 0 0 0 0 0 0 0 0 0 0 0 0 0 0 0 0 0 0 0 0 0 0 0 0 0 0 0 0 
0 0 0 0 0 0 0 0 0 0 0 0 0 0 0 0 0 0 0 0 0 0 0 0 0 0 0 0 0 0 0 0 0 0 0 0 0 0 0 0 
0 0 0 0 0 0 0 0 0 0 0 0 0 0 0 0 0 0 0 0 0 0 0 0 0 0 0 0 0 0 0 0 0 0 0 0 0 0 0 0 
0 0 0 0 0 0 0 0 0 0 0 0 0 0 0 0 0 0 0 0 0 0 0 0 0 0 0 0 0 0 0 0 0 0 0 0 0 0 0 0 
<Sigw>
0 0 0 0 0 0 0 0 0 0 0 0 0 0 0 0 0 0 0 0 0 0 0 0 0 0 0 0 0 0 0 0 0 0 0 0 0 0 0 0 
0 0 0 0 0 0 0 0 0 0 0 0 0 0 0 0 0 0 0 0 0 0 0 0 0 0 0 0 0 0 0 0 0 0 0 0 0 0 0 0 
0 0 0 0 0 0 0 0 0 0 0 0 0 0 0 0 0 0 0 0 0 0 0 0 0 0 0 0 0 0 0 0 0 0 0 0 0 0 0 0 
0 0 0 0 0 0 0 0 0 0 0 0 0 0 0 0 0 0 0 0 0 0 0 0 0 0 0 0 0 0 0 0 0 0 0 0 0 0 0 0 
0 0 0 0 0 0 0 0 0 0 0 0 0 0 0 0 0 0 0 0 0 0 0 0 0 0 0 0 0 0 0 0 0 0 0 0 0 0 0 0 
0 0 0 0 0 0 0 0 0 0 0 0 0 0 0 0 0 0 0 0 0 0 0 0 0 0 0 0 0 0 0 0 0 0 0 0 0 0 0 0 
0 0 0 0 0 0 0 0 0 0 0 0 0 0 0 0 0 0 0 0 0 0 0 0 0 0 0 0 0 0 0 0 0 0 0 0 0 0 0 0 
0 0 0 0 0 0 0 0 0 0 0 0 0 0 0 0 0 0 0 0 0 0 0 0 0 0 0 0 0 0 0 0 0 0 0 0 0 0 0 0 
<Sigg>
0 0 0 0 0 0 0 0 0 0 0 0 0 0 0 0 0 0 0 0 0 0 0 0 0 0 0 0 0 0 0 0 0 0 0 0 0 0 0 0 
0 0 0 0 0 0 0 0 0 0 0 0 0 0 0 0 0 0 0 0 0 0 0 0 0 0 0 0 0 0 0 0 0 0 0 0 0 0 0 0 
0 0 0 0 0 0 0 0 0 0 0 0 0 0 0 0 0 0 0 0 0 0 0 0 0 0 0 0 0 0 0 0 0 0 0 0 0 0 0 0 
0 0 0 0 0 0 0 0 0 0 0 0 0 0 0 0 0 0 0 0 0 0 0 0 0 0 0 0 0 0 0 0 0 0 0 0 0 0 0 0 
0 0 0 0 0 0 0 0 0 0 0 0 0 0 0 0 0 0 0 0 0 0 0 0 0 0 0 0 0 0 0 0 0 0 0 0 0 0 0 0 
0 0 0 0 0 0 0 0 0 0 0 0 0 0 0 0 0 0 0 0 0 0 0 0 0 0 0 0 0 0 0 0 0 0 0 0 0 0 0 0 
0 0 0 0 0 0 0 0 0 0 0 0 0 0 0 0 0 0 0 0 0 0 0 0 0 0 0 0 0 0 0 0 0 0 0 0 0 0 0 0 
0 0 0 0 0 0 0 0 0 0 0 0 0 0 0 0 0 0 0 0 0 0 0 0 0 0 0 0 0 0 0 0 0 0 0 0 0 0 0 0 
<EZ>
3 0 2 2 1 0 2 0 2 1 -1 2 1 0 1 0 -1 -2 -3 -1 -2 -1 0 -1 -2 -3 0 -1 -1 0 0 -1 -2 -3 -1 0 -1 -2 -1 0 
-2 -1 -1 3 2 1 0 -1 -2 -3 1 0 -1 7 4 5 2 0 -1 0 -1 1 2 3 -1 -3 1 0 -3 2 1 2 1 2 1 -1 2 1 1 2 
1 -3 -5 -1 1 0 2 -1 0 1 -1 -3 2 -1 1 2 -3 0 -1 -1 -1 -1 -1 -1 -2 0 -1 2 1 0 1 1 1 0 1 -1 0 0 -2 -1 
0 -1 0 -2 2 3 3 2 1 0 -1 3 3 2 0 1 1 1 0 1 0 0 4 2 1 1 0 -2 -1 4 0 0 1 0 4 0 -2 2 4 0 
2 -2 0 1 0 -1 -2 1 1 0 0 -1 -2 1 0 -1 -2 3 1 -1 -2 0 3 2 2 1 -3 -1 -1 3 -1 -3 1 2 1 2 1 2 2 1 
1 2 1 0 2 2 -1 1 2 2 0 1 0 -1 -2 1 1 0 0 1 0 -1 -2 3 4 1 0 0 2 3 2 1 2 1 2 1 0 2 1 -2 
-2 -1 1 2 1 0 -1 4 5 -2 -3 0 0 -1 -2 -2 -4 -3 1 1 1 2 1 0 -1 -2 0 -1 -2 0 1 0 -1 -2 1 0 -1 -2 0 1 
0 -2 -1 -1 0 0 -1 -1 -2 2 3 2 0 1 -2 0 3 -1 1 2 1 2 1 0 -1 2 -1 1 2 -1 2 3 2 1 -3 -4 -2 -3 0 1 
2 1 0 -1 1 1 2 1 0 1 0 1 2 0 1 1 0 1 0 -1 -1 4 5 1 2 0 0 0 1 2 -1 -2 0 1 1 2 0 -1 0 -2 
-1 0 -1 -1 0 -2 0 -1 -1 -2 0 -1 -2 -3 0 0 -1 -6 -5 -7 0 -1 -1 0 -3 -2 0 -1 0 -1 -1 -1 0 -1 0 -1 -1 -1 0 2 
0 1 0 -1 -2 1 0 0 2 1 0 -1 1 -1 0 -1 -2 -1 -2 0 3 -1 1 2 1 2 1 0 -1 2 -1 1 2 -1 0 -1 -1 1 -1 -2 
-3 0 0 -1 0 -2 -1 1 0 0 -1 0 -2 -1 2 1 0 -1 1 1 1 0 1 0 1 0 -2 -1 0 0 1 0 0 -2 2 3 0 1 2 1 
2 1 0 1 0 1 -1 -2 1 2 1 0 0 -2 0 0 1 -1 -1 1 0 -1 0 0 0 -1 0 -2 -1 -8 1 0 -1 -2 2 -2 -3 -2 0 -1 
-4 1 1 0 1 1 0 -1 0 0 1 2 2 2 2 2 2 1 0 -1 3 4 1 0 -2 -2 0 -1 1 0 0 1 0 1 3 4 -1 -3 -4 -6 
1 2 3 1 2 3 1 2 3 3 1 2 -6 -2 -3 -4 -5 0 -1 -1 -4 -3 -2 -2 1 0 1 0 -1 1 2 0 1 0 2 3 -2 -2 -2 0 
1 0 -1 0 1 2 1 0 0 -1 -1 -2 1 -3 -1 0 -2 0 -1 0 1 2 0 -2 2 1 3 0 -1 1 2 2 3 0 -2 -4 -3 4 3 2 
1 0 2 1 3 2 1 0 -1 -1 -3 1 0 2 1 -1 -2 0 -1 -1 1 0 -1 -2 1 -2 1 0 0 0 -1 3 2 4 4 1 -1 -2 0 0 
2 1 0 -1 -2 2 2 2 2 0 -1 1 0 2 4 -2 1 0 -1 -2 -2 2 1 3 2 1 0 -2 3 -1 0 -2 0 2 3 4 -1 -3 -4 -6 
1 -1 0 2 3 2 3 1 2 1 2 4 3 1 2 -6 -2 -3 -4 -5 0 -1 1 0 1 0 1 2 0 1 0 2 3 0 1 0 2 0 -1 0 
1 -1 -2 0 -1 0 1 1 2 0 -1 -2 -3 2 0 -1 1 2 2 3 2 0 1 1 1 0 0 -2 -1 -2 -2 -2 0 -2 -1 -2 -2 -2 -2 -2 
-3 0 -4 -1 -2 3 -1 1 2 1 2 1 0 -1 4 4 2 -1 1 2 2 4 1 0 -1 1 3 0 2 -1 0 -2 -1 -2 1 0 -1 -2 0 -2 
-4 1 0 -1 0 1 0 -1 0 -1 -2 2 1 0 -1 1 0 2 1 0 1 1 1 0 1 -1 0 0 -2 3 0 -1 -1 -2 -1 -4 2 0 -1 4 
-6 3 3 2 1 0 -2 2 3 4 3 2 1 3 2 3 2 0 6 5 4 8 10 9 3 -2 0 -1 -2 -5 -2 2 3 0 -2 2 3 2 4 2 
0 -1 1 4 -4 -6 -1 3 3 2 1 0 -1 -2 3 3 2 3 1 2 -6 -2 -4 -5 0 -1 -2 -3 -1 -2 -1 1 0 1 0 -1 -2 2 1 0 
3 0 1 0 0 0 1 2 0 1 0 1 0 1 1 -6 2 3 2 1 -1 1 0 -1 -2 1 1 -2 -4 0 -1 -6 0 -1 1 -2 -4 0 -2 0 
1 0 -2 -4 2 2 3 0 2 2 -2 2 0 1 0 -1 -2 1 0 -2 -4 1 0 -1 -3 0 -1 0 -1 -2 3 1 -2 -1 -2 0 4 -4 3 2 
3 2 1 0 -1 -2 2 3 2 0 -2 8 3 1 0 8 3 0 -2 2 0 -1 1 0 0 0 0 0 0 0 0 0 0 0 0 0 0 0 0 0 
0 0 0 0 0 0 0 0 0 0 0 0 0 0 0 0 0 0 0 0 0 0 0 0 0 0 0 0 0 0 0 0 0 0 0 0 0 0 0 0 
0 0 0 0 0 0 0 0 0 0 0 0 0 0 0 0 0 0 0 0 0 0 0 0 0 0 0 0 0 0 0 0 0 0 0 0 0 0 0 0 
0 0 0 0 0 0 0 0 0 0 0 0 0 0 0 0 0 0 0 0 0 0 0 0 0 0 0 0 0 0 0 0 0 0 0 0 0 0 0 0 
0 0 0 0 0 0 0 0 0 0 0 0 0 0 0 0 0 0 0 0 0 0 0 0 0 0 0 0 0 0 0 0 0 0 0 0 0 0 0 0 
0 0 0 0 0 0 0 0 0 0 0 0 0 0 0 0 0 0 0 0 0 0 0 0 0 0 0 0 0 0 0 0 0 0 0 0 0 0 0 0 
0 0 0 0 0 0 0 0 0 0 0 0 0 0 0 0 0 0 0 0 0 0 0 0 0 0 0 0 0 0 0 0 0 0 0 0 0 0 0 0 
0 0 0 0 0 0 0 0 0 0 0 0 0 0 0 0 0 0 0 0 0 0 0 0 0 0 0 0 0 0 0 0 0 0 0 0 0 0 0 0 
0 0 0 0 0 0 0 0 0 0 0 0 0 0 0 0 0 0 0 0 0 0 0 0 0 0 0 0 0 0 0 0 
<Xcond>
0 0 0 0 0 0 0 0 0 0 0 0 0 0 0 0 0 0 0 0 0 0 0 0 0 0 0 0 0 0 0 0 0 0 0 0 0 0 0 0 
0 0 0 0 0 0 0 0 0 0 0 0 0 0 0 0 0 0 0 0 0 0 0 0 0 0 0 0 0 0 0 0 0 0 0 0 0 0 0 0 
0 0 0 0 0 0 0 0 0 0 0 0 0 0 0 0 0 0 0 0 0 0 0 0 0 0 0 0 0 0 0 0 0 0 0 0 0 0 0 0 
0 0 0 0 0 0 0 0 0 0 0 0 0 0 0 0 0 0 0 0 0 0 0 0 0 0 0 0 0 0 0 0 0 0 0 0 0 0 0 0 
0 0 0 0 0 0 0 0 0 0 0 0 0 0 0 0 0 0 0 0 0 0 0 0 0 0 0 0 0 0 0 0 0 0 0 0 0 0 0 0 
0 0 0 0 0 0 0 0 0 0 0 0 0 0 0 0 0 0 0 0 0 0 0 0 0 0 0 0 0 0 0 0 0 0 0 0 0 0 0 0 
0 0 0 0 0 0 0 0 0 0 0 0 0 0 0 0 0 0 0 0 0 0 0 0 0 0 0 0 0 0 0 0 0 0 0 0 0 0 0 0 
0 0 0 0 0 0 0 0 0 0 0 0 0 0 0 0 0 0 0 0 0 0 0 0 0 0 0 0 0 0 0 0 0 0 0 0 0 0 0 0 
<Xeps>
0 0 0 0 0 0 0 0 0 0 0 0 0 0 0 0 0 0 0 0 0 0 0 0 0 0 0 0 0 0 0 0 0 0 0 0 0 0 0 0 
0 0 0 0 0 0 0 0 0 0 0 0 0 0 0 0 0 0 0 0 0 0 0 0 0 0 0 0 0 0 0 0 0 0 0 0 0 0 0 0 
0 0 0 0 0 0 0 0 0 0 0 0 0 0 0 0 0 0 0 0 0 0 0 0 0 0 0 0 0 0 0 0 0 0 0 0 0 0 0 0 
0 0 0 0 0 0 0 0 0 0 0 0 0 0 0 0 0 0 0 0 0 0 0 0 0 0 0 0 0 0 0 0 0 0 0 0 0 0 0 0 
0 0 0 0 0 0 0 0 0 0 0 0 0 0 0 0 0 0 0 0 0 0 0 0 0 0 0 0 0 0 0 0 0 0 0 0 0 0 0 0 
0 0 0 0 0 0 0 0 0 0 0 0 0 0 0 0 0 0 0 0 0 0 0 0 0 0 0 0 0 0 0 0 0 0 0 0 0 0 0 0 
0 0 0 0 0 0 0 0 0 0 0 0 0 0 0 0 0 0 0 0 0 0 0 0 0 0 0 0 0 0 0 0 0 0 0 0 0 0 0 0 
0 0 0 0 0 0 0 0 0 0 0 0 0 0 0 0 0 0 0 0 0 0 0 0 0 0 0 0 0 0 0 0 0 0 0 0 0 0 0 0 
<Fug>
0 1.26755851377052e-08 1.66585990141554e-09 0.0313893457135386 1.115242039471e-14 2.05119199840263e-15 9.19438849050085e-09 7.8120122392106e-07 7.75575702687324e-07 0 
<Fug_l>
-20.1504746300594 -7.89703194877043 -8.77836148702831 -1.5032177301481 -13.9526308068965 -14.6879936219504 -8.03647711473404 -6.10723705820285 -6.11037577822279 -65.5416241295205 
<Ppg_l>
-20.1504746300594 -7.89703194877043 -8.77836148702831 -1.5032177301481 -13.9526308068965 -14.6879936219504 -8.03647711473404 -6.10723705820285 -6.11037577822279 -65.5416241295205 
<sMod>
'SNNSNNNN' 'INNINNNN' 
<LsMod>
2955 2 2 0 0 0 
<IPxPH>
187 605 188 605 499 605 187 579 188 579 499 579 187 572 188 572 499 572 187 606 188 606 499 606 187 756 188 756 499 756 187 735 188 735 499 735 187 976 188 976 
499 976 187 948 188 948 499 948 187 975 188 975 499 975 187 977 188 977 499 977 187 991 188 991 499 991 187 940 188 940 499 940 187 978 188 978 499 978 187 979 
188 979 499 979 187 980 188 980 499 980 187 986 188 986 499 986 187 981 188 981 499 981 187 949 188 949 499 949 187 1 188 1 499 1 187 7 188 7 499 7 
187 9 188 9 499 9 187 10 188 10 499 10 187 0 188 0 499 0 187 2 188 2 499 2 187 3 188 3 499 3 187 4 188 4 499 4 187 5 188 5 
499 5 187 6 188 6 499 6 187 8 188 8 499 8 187 11 188 11 499 11 187 12 188 12 499 12 187 13 188 13 13 499 187 19 188 19 499 19 187 20 
188 20 499 20 187 28 188 28 499 28 187 34 188 34 499 34 187 36 188 36 499 36 187 40 188 40 499 40 187 14 188 14 499 14 187 37 188 37 499 37 
187 39 188 39 39 499 187 15 188 15 499 15 187 16 188 16 499 16 187 17 188 17 499 17 187 18 188 18 499 18 187 22 188 22 499 22 187 23 188 23 
499 23 187 24 188 24 499 24 187 25 188 25 499 25 187 21 188 21 499 21 187 26 188 26 499 26 187 27 188 27 499 27 187 29 188 29 499 29 187 30 
188 30 499 30 187 31 188 31 499 31 187 32 188 32 499 32 187 33 188 33 499 33 187 35 188 35 499 35 187 41 188 41 499 41 187 42 188 42 499 42 
187 38 188 38 499 38 187 50 50 188 50 499 187 57 57 188 57 499 58 187 188 58 499 58 187 51 188 51 51 499 187 52 188 52 499 52 187 60 188 60 
499 60 187 43 188 43 499 43 187 53 188 53 499 53 187 54 188 54 499 54 187 55 188 55 499 55 187 44 188 44 499 44 187 45 188 45 499 45 187 46 
188 46 499 46 187 47 188 47 499 47 187 48 188 48 499 48 187 49 188 49 499 49 187 56 188 56 499 56 187 59 188 59 499 59 187 62 188 62 499 62 
187 61 188 61 499 61 187 67 188 67 499 67 187 68 188 68 499 68 187 64 188 64 499 64 187 65 188 65 499 65 187 74 188 74 499 74 187 75 188 75 
499 75 187 78 188 78 499 78 187 84 188 84 499 84 187 85 188 85 499 85 187 89 188 89 499 89 187 90 188 90 499 90 187 91 188 91 499 91 187 93 
188 93 499 93 187 63 188 63 499 63 187 69 188 69 499 69 187 70 188 70 499 70 187 66 188 66 499 66 187 71 188 71 499 71 187 72 188 72 499 72 
187 76 188 76 499 76 187 73 188 73 499 73 187 77 188 77 499 77 187 79 188 79 499 79 187 81 188 81 499 81 187 82 188 82 499 82 187 87 188 87 
499 87 187 80 188 80 499 80 187 83 188 83 499 83 187 88 188 88 499 88 187 86 188 86 499 86 187 92 188 92 499 92 187 95 188 95 499 95 187 94 
188 94 499 94 187 97 188 97 499 97 187 98 188 98 499 98 187 96 188 96 499 96 187 105 188 105 499 105 187 106 188 106 499 106 187 107 188 107 499 107 
187 117 188 117 499 117 187 109 188 109 499 109 187 110 188 110 499 110 187 112 188 112 499 112 187 111 188 111 499 111 187 113 188 113 499 113 187 114 188 114 
499 114 187 115 188 115 499 115 187 116 188 116 499 116 187 118 188 118 499 118 187 119 188 119 499 119 187 130 188 130 499 130 187 137 188 137 499 137 187 138 
188 138 499 138 187 146 188 146 499 146 187 147 188 147 499 147 187 124 188 124 499 124 187 125 188 125 499 125 187 131 188 131 499 131 187 155 188 155 499 155 
187 157 188 157 499 157 187 126 188 126 499 126 187 132 188 132 499 132 187 143 188 143 499 143 187 158 188 158 499 158 187 142 188 142 499 142 187 149 188 149 
499 149 187 154 188 154 499 154 187 127 188 127 499 127 187 133 188 133 499 133 187 129 188 129 499 129 187 135 188 135 499 135 187 139 188 139 499 139 187 136 
188 136 499 136 187 140 188 140 499 140 187 141 188 141 499 141 187 144 188 144 499 144 187 145 188 145 499 145 187 148 188 148 499 148 187 151 188 151 499 151 
187 152 188 152 499 152 187 153 188 153 499 153 187 150 188 150 499 150 187 156 188 156 499 156 187 159 188 159 499 159 187 161 188 161 499 161 187 170 188 170 
499 170 187 171 188 171 499 171 187 172 188 172 499 172 187 174 188 174 499 174 187 175 188 175 499 175 187 176 188 176 499 176 187 180 188 180 499 180 187 160 
188 160 499 160 187 177 188 177 499 177 187 163 188 163 499 163 187 164 188 164 499 164 187 165 188 165 499 165 187 166 188 166 499 166 187 162 188 162 499 162 
187 168 188 168 499 168 187 167 188 167 499 167 187 169 188 169 499 169 187 173 188 173 499 173 187 178 188 178 499 178 187 179 188 179 499 179 187 181 188 181 
499 181 187 182 188 182 499 182 187 183 188 183 499 183 187 184 188 184 499 184 187 185 188 185 499 185 187 120 188 120 499 120 187 186 188 186 499 186 187 190 
188 190 499 190 187 191 188 191 499 191 187 200 188 200 499 200 187 202 188 202 499 202 187 203 188 203 499 203 187 206 188 206 499 206 187 189 188 189 499 189 
187 193 188 193 499 193 187 194 188 194 499 194 187 192 188 192 499 192 187 195 188 195 499 195 187 196 188 196 499 196 187 198 188 198 499 198 187 197 188 197 
499 197 187 199 188 199 499 199 187 201 188 201 499 201 187 204 188 204 499 204 187 205 188 205 499 205 187 208 188 208 499 208 187 207 188 207 499 207 187 121 
188 121 499 121 187 122 188 122 499 122 187 123 188 123 499 123 187 259 188 259 499 259 187 265 188 265 499 265 187 267 188 267 499 267 187 282 188 282 499 282 
187 281 188 281 499 281 187 276 188 276 499 276 187 275 188 275 499 275 187 277 188 277 499 277 187 283 188 283 499 283 187 286 188 286 499 286 187 285 188 285 
499 285 187 287 188 287 499 287 187 288 188 288 499 288 187 260 188 260 499 260 187 261 188 261 499 261 187 289 188 289 499 289 187 268 188 268 499 268 187 290 
188 290 499 290 187 294 188 294 499 294 187 291 188 291 499 291 187 269 188 269 499 269 187 270 188 270 499 270 187 272 188 272 499 272 187 271 188 271 499 271 
187 273 188 273 499 273 187 266 188 266 499 266 187 278 188 278 499 278 187 279 188 279 499 279 187 274 188 274 499 274 187 280 188 280 499 280 187 284 188 284 
499 284 187 292 188 292 499 292 187 293 188 293 499 293 187 295 188 295 499 295 187 297 188 297 499 297 187 302 188 302 499 302 187 303 188 303 499 303 187 304 
188 304 499 304 187 306 188 306 499 306 187 296 188 296 499 296 187 298 188 298 499 298 187 299 188 299 499 299 187 300 188 300 499 300 187 301 188 301 499 301 
187 305 188 305 499 305 187 308 188 308 499 308 187 307 188 307 499 307 187 309 188 309 499 309 187 314 188 314 499 314 187 315 188 315 499 315 187 316 188 316 
499 316 187 317 188 317 499 317 187 328 188 328 499 328 187 333 188 333 499 333 187 336 188 336 499 336 187 337 188 337 499 337 187 339 188 339 499 339 187 338 
188 338 499 338 187 340 188 340 499 340 187 345 188 345 499 345 187 348 188 348 499 348 187 350 188 350 499 350 187 351 188 351 499 351 187 310 188 310 499 310 
187 311 188 311 499 311 187 341 188 341 499 341 187 342 188 342 499 342 187 319 188 319 499 319 187 320 188 320 499 320 187 321 188 321 499 321 187 322 188 322 
499 322 187 323 188 323 499 323 187 318 188 318 499 318 187 325 188 325 499 325 187 326 188 326 499 326 187 327 188 327 499 327 187 329 188 329 499 329 187 330 
188 330 499 330 187 335 188 335 499 335 187 334 188 334 499 334 187 331 188 331 499 331 187 332 188 332 499 332 187 343 188 343 499 343 187 344 188 344 499 344 
187 346 188 346 499 346 187 347 188 347 499 347 187 349 188 349 499 349 187 354 188 354 499 354 187 355 188 355 499 355 187 352 188 352 499 352 187 353 188 353 
499 353 187 1062 188 1062 499 1062 187 356 188 356 499 356 187 357 188 357 499 357 187 363 188 363 499 363 187 372 188 372 499 372 187 375 188 375 499 375 187 377 
188 377 499 377 187 380 188 380 499 380 187 386 188 386 386 499 187 382 188 382 499 382 187 388 188 388 499 388 187 392 188 392 499 392 187 394 188 394 499 394 
187 358 188 358 499 358 187 364 188 364 499 364 187 378 188 378 499 378 187 383 188 383 499 383 187 359 188 359 499 359 187 365 188 365 499 365 187 361 188 361 
499 361 187 362 188 362 499 362 187 370 188 370 499 370 187 371 188 371 499 371 187 373 188 373 499 373 187 398 188 398 398 499 187 407 188 407 499 407 187 410 
188 410 499 410 187 411 188 411 499 411 187 418 188 418 499 418 187 399 188 399 499 399 187 408 188 408 499 408 187 409 188 409 499 409 187 401 188 401 499 401 
187 402 188 402 499 402 187 403 188 403 499 403 187 404 188 404 499 404 187 400 188 400 499 400 187 405 188 405 499 405 187 406 188 406 499 406 187 412 188 412 
499 412 187 414 188 414 499 414 187 413 188 413 499 413 187 415 188 415 499 415 187 417 188 417 499 417 187 416 188 416 499 416 187 419 188 419 499 419 187 374 
188 374 499 374 187 376 188 376 499 376 187 379 188 379 499 379 187 421 188 421 499 421 187 426 188 426 499 426 187 427 188 427 499 427 187 428 188 428 499 428 
187 430 188 430 499 430 187 420 188 420 499 420 187 422 188 422 499 422 187 423 188 423 499 423 187 424 188 424 499 424 187 425 188 425 499 425 187 429 188 429 
499 429 187 432 188 432 499 432 187 431 188 431 499 431 187 381 188 381 499 381 187 384 188 384 499 384 187 387 188 387 387 499 187 385 188 385 499 385 187 389 
188 389 499 389 187 393 188 393 499 393 187 397 188 397 499 397 187 395 188 395 499 395 187 396 188 396 499 396 187 390 188 390 499 390 187 391 188 391 499 391 
187 433 188 433 499 433 187 434 188 434 499 434 187 435 188 435 499 435 187 436 188 436 499 436 187 437 188 437 499 437 187 438 188 438 499 438 187 439 188 439 
499 439 187 440 188 440 499 440 187 442 188 442 499 442 187 441 188 441 499 441 187 443 188 443 499 443 187 444 188 444 499 444 187 445 188 445 499 445 187 446 
188 446 499 446 447 187 447 188 447 499 187 448 188 448 499 448 187 449 188 449 499 449 187 450 188 450 499 450 187 451 188 451 499 451 187 452 188 452 499 452 
187 453 188 453 499 453 187 457 188 457 499 457 187 460 188 460 499 460 187 461 188 461 499 461 187 465 188 465 499 465 187 466 188 466 499 466 187 454 188 454 
499 454 187 472 188 472 499 472 187 456 188 456 499 456 187 458 188 458 499 458 187 462 188 462 499 462 187 459 188 459 499 459 187 463 188 463 499 463 187 464 
188 464 499 464 187 467 188 467 499 467 187 469 188 469 499 469 187 470 188 470 499 470 187 471 188 471 499 471 187 468 188 468 499 468 187 473 188 473 499 473 
187 484 188 484 499 484 187 485 188 485 499 485 187 486 188 486 499 486 187 487 188 487 499 487 187 474 188 474 499 474 187 475 188 475 499 475 187 477 188 477 
499 477 187 478 188 478 499 478 187 476 188 476 499 476 187 479 188 479 499 479 187 480 188 480 499 480 187 481 188 481 499 481 187 482 188 482 499 482 187 483 
188 483 499 483 187 488 188 488 499 488 187 489 188 489 499 489 187 490 188 490 499 490 187 492 188 492 499 492 187 491 188 491 499 491 187 493 188 493 499 493 
187 494 188 494 499 494 187 501 188 501 499 501 187 502 188 502 499 502 187 504 188 504 499 504 187 503 188 503 499 503 187 505 188 505 499 505 187 506 188 506 
499 506 187 507 188 507 499 507 187 508 188 508 499 508 187 510 188 510 499 510 187 511 188 511 499 511 187 512 188 512 499 512 187 513 188 513 499 513 187 509 
188 509 499 509 187 495 188 495 499 495 187 496 188 496 499 496 187 519 188 519 499 519 187 520 188 520 499 520 187 515 188 515 499 515 187 516 188 516 499 516 
187 517 188 517 499 517 187 525 188 525 499 525 187 526 188 526 499 526 187 529 188 529 499 529 187 531 188 531 499 531 187 532 188 532 499 532 187 533 188 533 
499 533 187 534 188 534 499 534 187 535 188 535 499 535 187 538 188 538 499 538 187 539 188 539 499 539 187 543 188 543 499 543 187 544 188 544 499 544 187 546 
188 546 499 546 187 547 188 547 499 547 187 550 188 550 499 550 187 514 188 514 499 514 187 540 188 540 499 540 187 541 188 541 499 541 187 521 188 521 499 521 
187 518 188 518 499 518 187 522 188 522 499 522 187 523 188 523 499 523 187 524 188 524 499 524 187 527 188 527 499 527 187 528 188 528 499 528 187 530 188 530 
499 530 187 536 188 536 499 536 187 537 188 537 499 537 187 542 188 542 499 542 187 545 188 545 499 545 187 548 188 548 499 548 187 551 188 551 499 551 187 552 
188 552 499 552 187 553 188 553 499 553 187 549 188 549 499 549 187 497 188 497 497 499 187 498 188 498 499 498 187 556 188 556 499 556 187 557 188 557 499 557 
187 558 188 558 499 558 187 559 188 559 499 559 187 596 188 596 499 596 187 589 188 589 499 589 187 590 188 590 499 590 187 591 188 591 499 591 187 592 188 592 
499 592 187 593 188 593 499 593 187 597 188 597 499 597 187 621 188 621 499 621 187 622 188 622 499 622 187 623 188 623 499 623 187 624 188 624 499 624 187 625 
188 625 499 625 187 628 188 628 499 628 187 627 188 627 499 627 187 554 188 554 499 554 187 555 188 555 499 555 187 561 188 561 499 561 187 562 188 562 499 562 
187 563 188 563 499 563 187 560 188 560 499 560 187 564 188 564 499 564 187 565 188 565 499 565 187 566 188 566 499 566 187 567 188 567 499 567 187 568 188 568 
499 568 187 569 188 569 499 569 187 573 188 573 499 573 187 574 188 574 499 574 187 580 188 580 499 580 187 575 188 575 499 575 187 576 188 576 499 576 187 598 
188 598 499 598 187 607 188 607 499 607 187 609 188 609 499 609 187 608 188 608 499 608 187 610 188 610 499 610 187 611 188 611 499 611 187 613 188 613 499 613 
187 616 188 616 499 616 187 570 188 570 499 570 187 571 188 571 499 571 187 583 188 583 499 583 187 584 188 584 499 584 187 578 188 578 499 578 187 577 188 577 
499 577 187 581 188 581 499 581 187 582 188 582 499 582 187 585 188 585 499 585 187 586 188 586 499 586 187 588 188 588 499 588 187 587 188 587 499 587 187 599 
188 599 499 599 187 600 188 600 499 600 187 602 188 602 499 602 187 601 188 601 499 601 187 603 188 603 499 603 187 604 188 604 499 604 187 612 188 612 499 612 
187 614 188 614 499 614 187 615 188 615 499 615 187 619 188 619 499 619 187 620 188 620 499 620 187 618 188 618 499 618 187 617 188 617 499 617 187 594 188 594 
499 594 187 595 188 595 499 595 187 626 188 626 499 626 187 631 188 631 499 631 187 632 188 632 499 632 187 629 188 629 499 629 187 630 188 630 499 630 187 633 
188 633 499 633 187 1061 188 1061 499 1061 187 634 188 634 499 634 187 635 188 635 499 635 187 642 188 642 499 642 187 643 188 643 499 643 187 637 188 637 499 637 
187 645 188 645 499 645 187 646 188 646 499 646 187 647 188 647 499 647 187 648 188 648 499 648 187 649 188 649 499 649 187 650 188 650 499 650 187 638 188 638 
499 638 187 639 188 639 499 639 187 640 188 640 499 640 187 641 188 641 499 641 187 644 188 644 499 644 187 651 188 651 499 651 187 652 188 652 499 652 187 656 
188 656 499 656 187 658 188 658 499 658 187 659 188 659 499 659 187 665 188 665 499 665 187 668 188 668 499 668 187 669 188 669 499 669 187 670 188 670 499 670 
187 677 188 677 499 677 187 653 188 653 499 653 187 671 188 671 499 671 187 672 188 672 499 672 187 673 188 673 499 673 187 674 188 674 499 674 187 660 188 660 
499 660 187 661 188 661 499 661 187 662 188 662 499 662 187 663 188 663 499 663 187 657 188 657 499 657 187 666 188 666 499 666 187 664 188 664 499 664 187 667 
188 667 499 667 187 675 188 675 499 675 187 676 188 676 499 676 187 678 188 678 499 678 187 679 188 679 679 499 187 685 188 685 499 685 187 686 188 686 499 686 
187 687 188 687 499 687 187 689 188 689 499 689 187 690 188 690 499 690 187 680 188 680 499 680 187 681 188 681 499 681 187 682 188 682 499 682 187 683 188 683 
499 683 187 684 188 684 499 684 187 688 188 688 499 688 187 691 188 691 499 691 187 695 188 695 695 499 187 692 188 692 692 499 187 701 188 701 499 701 187 702 
188 702 499 702 187 704 188 704 499 704 187 705 188 705 499 705 187 706 188 706 499 706 187 707 188 707 499 707 187 709 188 709 499 709 187 710 188 710 499 710 
187 711 188 711 499 711 187 693 188 693 499 693 187 694 188 694 499 694 187 636 188 636 499 636 187 696 188 696 499 696 187 697 188 697 499 697 187 698 188 698 
499 698 187 699 188 699 699 499 187 700 188 700 499 700 187 703 188 703 499 703 187 708 188 708 499 708 187 712 188 712 712 499 187 713 188 713 499 713 187 722 
188 722 499 722 187 716 188 716 499 716 187 717 188 717 499 717 187 718 188 718 499 718 187 719 188 719 499 719 187 729 188 729 499 729 187 746 188 746 499 746 
187 747 188 747 499 747 187 748 188 748 499 748 187 749 188 749 499 749 187 750 188 750 499 750 187 767 188 767 499 767 187 768 188 768 499 768 187 770 188 770 
499 770 187 769 188 769 499 769 187 771 188 771 499 771 187 772 188 772 499 772 187 775 188 775 499 775 187 774 188 774 499 774 187 714 188 714 499 714 187 715 
188 715 499 715 187 723 188 723 499 723 187 724 188 724 499 724 187 721 188 721 499 721 187 720 188 720 499 720 187 725 188 725 499 725 187 726 188 726 499 726 
187 727 188 727 499 727 187 728 188 728 499 728 187 730 188 730 499 730 187 731 188 731 499 731 187 732 188 732 499 732 187 736 188 736 499 736 187 737 188 737 
499 737 187 738 188 738 499 738 187 739 188 739 499 739 187 753 188 753 499 753 187 757 188 757 499 757 187 758 188 758 499 758 187 762 188 762 499 762 187 733 
188 733 499 733 187 734 188 734 499 734 187 742 188 742 499 742 187 743 188 743 499 743 187 741 188 741 499 741 187 740 188 740 499 740 187 744 188 744 499 744 
187 745 188 745 499 745 187 754 188 754 499 754 187 755 188 755 499 755 187 759 188 759 499 759 187 760 188 760 499 760 187 761 188 761 499 761 187 765 188 765 
499 765 187 766 188 766 499 766 187 764 188 764 499 764 187 763 188 763 499 763 187 751 188 751 499 751 187 752 188 752 499 752 187 773 188 773 499 773 187 778 
188 778 499 778 187 779 188 779 499 779 187 776 188 776 499 776 187 777 188 777 499 777 187 780 188 780 499 780 187 781 188 781 499 781 187 782 188 782 499 782 
187 783 188 783 499 783 187 784 188 784 499 784 187 785 188 785 499 785 187 787 188 787 499 787 187 786 188 786 786 499 187 789 188 789 499 789 187 788 188 788 
499 788 187 793 188 793 499 793 187 792 188 792 499 792 187 797 188 797 499 797 187 798 188 798 499 798 187 799 188 799 499 799 187 794 188 794 499 794 187 795 
188 795 499 795 187 796 188 796 499 796 187 801 188 801 499 801 187 802 188 802 499 802 187 800 188 800 499 800 187 803 188 803 499 803 187 804 188 804 499 804 
187 806 188 806 499 806 187 811 188 811 499 811 187 812 188 812 499 812 187 813 188 813 499 813 187 817 188 817 499 817 187 805 188 805 499 805 187 814 188 814 
499 814 187 815 188 815 499 815 187 807 188 807 499 807 187 808 188 808 499 808 187 809 188 809 499 809 187 810 188 810 499 810 187 816 188 816 499 816 187 819 
188 819 499 819 187 818 188 818 499 818 187 838 188 838 499 838 187 839 188 839 499 839 187 840 188 840 499 840 187 844 188 844 499 844 187 846 188 846 499 846 
187 847 188 847 499 847 187 848 188 848 499 848 187 849 188 849 499 849 187 850 188 850 499 850 187 853 188 853 499 853 187 820 188 820 499 820 187 821 188 821 
499 821 187 851 188 851 499 851 187 822 188 822 499 822 187 823 188 823 499 823 187 824 188 824 499 824 187 825 188 825 499 825 187 826 188 826 499 826 187 827 
188 827 499 827 187 828 188 828 499 828 187 829 188 829 499 829 187 831 188 831 499 831 187 830 188 830 499 830 187 832 188 832 499 832 187 833 188 833 499 833 
187 834 188 834 499 834 187 835 188 835 499 835 187 836 188 836 499 836 187 837 188 837 499 837 187 841 188 841 499 841 187 843 188 843 499 843 187 842 188 842 
499 842 187 845 188 845 499 845 187 852 188 852 499 852 187 854 188 854 499 854 187 855 188 855 499 855 187 856 188 856 499 856 187 790 188 790 499 790 187 791 
188 791 499 791 187 857 188 857 499 857 187 867 188 867 499 867 187 859 188 859 499 859 187 860 188 860 499 860 187 862 188 862 499 862 187 861 188 861 499 861 
187 863 188 863 499 863 187 864 188 864 499 864 187 865 188 865 499 865 187 866 188 866 499 866 187 868 188 868 499 868 187 869 188 869 869 499 187 876 188 876 
499 876 187 875 188 875 499 875 187 872 188 872 499 872 187 873 188 873 499 873 187 870 188 870 499 870 187 871 188 871 499 871 187 877 188 877 499 877 187 878 
188 878 499 878 187 874 188 874 874 499 187 880 188 880 499 880 187 887 188 887 499 887 187 890 188 890 499 890 187 891 188 891 499 891 187 892 188 892 499 892 
187 894 188 894 499 894 187 905 188 905 499 905 187 896 188 896 499 896 187 906 188 906 499 906 187 910 188 910 499 910 187 907 188 907 499 907 187 897 188 897 
499 897 187 908 188 908 499 908 187 911 188 911 499 911 187 913 188 913 499 913 187 914 188 914 499 914 187 879 188 879 499 879 187 898 188 898 499 898 187 899 
188 899 499 899 187 900 188 900 499 900 187 901 188 901 499 901 187 902 188 902 499 902 187 903 188 903 499 903 187 881 188 881 499 881 187 882 188 882 499 882 
187 883 188 883 499 883 187 884 188 884 499 884 187 885 188 885 499 885 187 886 188 886 499 886 187 888 188 888 499 888 187 889 188 889 499 889 187 893 188 893 
499 893 187 895 188 895 499 895 187 909 188 909 499 909 187 904 188 904 499 904 187 912 188 912 499 912 187 915 188 915 499 915 187 916 188 916 499 916 187 918 
188 918 499 918 187 920 188 920 499 920 187 921 188 921 499 921 187 917 188 917 499 917 187 919 188 919 499 919 187 922 188 922 499 922 187 924 188 924 499 924 
187 925 188 925 499 925 187 936 188 936 499 936 187 957 188 957 499 957 187 958 188 958 499 958 187 959 188 959 499 959 187 1001 188 1001 499 1001 187 1002 188 1002 
499 1002 187 1003 188 1003 499 1003 187 1005 188 1005 499 1005 187 1007 188 1007 499 1007 187 923 188 923 499 923 187 927 188 927 499 927 187 926 188 926 499 926 187 928 
188 928 499 928 187 929 188 929 499 929 187 930 188 930 499 930 187 931 188 931 499 931 187 932 188 932 499 932 187 933 188 933 499 933 187 934 188 934 499 934 
187 935 188 935 499 935 187 937 188 937 499 937 187 941 188 941 499 941 187 942 188 942 499 942 187 943 188 943 499 943 187 961 188 961 499 961 187 969 188 969 
499 969 187 965 188 965 499 965 187 964 188 964 499 964 187 970 188 970 499 970 187 972 188 972 499 972 187 982 188 982 499 982 187 983 188 983 499 983 187 984 
188 984 499 984 187 987 188 987 499 987 187 988 188 988 499 988 187 992 188 992 499 992 187 993 188 993 499 993 187 998 188 998 499 998 187 995 188 995 499 995 
187 996 188 996 499 996 187 938 188 938 499 938 187 939 188 939 499 939 187 950 188 950 499 950 187 951 188 951 499 951 187 952 188 952 499 952 187 944 188 944 
499 944 187 945 188 945 499 945 187 946 188 946 499 946 187 947 188 947 499 947 187 953 188 953 499 953 187 954 188 954 499 954 187 955 188 955 499 955 187 956 
188 956 499 956 187 962 188 962 499 962 187 966 188 966 499 966 187 967 188 967 499 967 187 963 188 963 499 963 187 968 188 968 499 968 187 971 188 971 499 971 
187 973 188 973 499 973 187 974 188 974 499 974 187 985 188 985 499 985 187 989 188 989 499 989 187 990 188 990 499 990 187 994 188 994 499 994 187 999 188 999 
499 999 187 1000 188 1000 499 1000 187 997 188 997 499 997 187 960 188 960 499 960 187 1004 188 1004 499 1004 187 1006 188 1006 499 1006 187 1008 188 1008 499 1008 187 1010 
188 1010 499 1010 187 1023 188 1023 499 1023 187 1018 188 1018 499 1018 187 1024 188 1024 499 1024 187 1019 188 1019 499 1019 187 1020 188 1020 499 1020 187 1025 188 1025 499 1025 
187 1026 188 1026 499 1026 187 1027 188 1027 499 1027 187 1032 188 1032 499 1032 187 1028 188 1028 499 1028 187 1029 188 1029 499 1029 187 1034 188 1034 499 1034 187 1009 188 1009 
499 1009 187 1011 188 1011 499 1011 187 1030 188 1030 499 1030 187 1013 188 1013 499 1013 187 1014 188 1014 499 1014 187 1015 188 1015 499 1015 187 1016 188 1016 499 1016 187 1012 
188 1012 499 1012 187 1021 188 1021 499 1021 187 1017 188 1017 499 1017 187 1022 188 1022 499 1022 187 1031 188 1031 499 1031 187 1033 188 1033 499 1033 187 1035 188 1035 499 1035 
187 1037 188 1037 499 1037 187 1046 188 1046 499 1046 187 1048 188 1048 499 1048 187 1049 188 1049 499 1049 187 1050 188 1050 499 1050 187 1057 188 1057 499 1057 187 1058 188 1058 
499 1058 187 1036 188 1036 499 1036 187 1051 188 1051 499 1051 187 1052 188 1052 499 1052 187 1053 188 1053 499 1053 187 1054 188 1054 499 1054 187 1055 188 1055 499 1055 187 1038 
188 1038 499 1038 187 1039 188 1039 499 1039 187 1040 188 1040 499 1040 187 1041 188 1041 499 1041 187 1042 188 1042 499 1042 187 1043 188 1043 499 1043 187 1044 188 1044 499 1044 
187 1045 188 1045 499 1045 187 1047 188 1047 499 1047 187 1056 188 1056 499 1056 187 1059 188 1059 499 1059 229 187 209 187 209 188 
<PMc>
0.150000005960464 0 0.569999992847443 0 0 0 0 0 0 0 0 0 0 0 0 0 -0.46000000834465 0 0.0500000007450581 0 0.449999988079071 0 0 0 0.150000005960464 0 0.400000005960464 0 0 0 0 0 0 0 0.370000004768372 0 0.689999997615814 0 0.569999992847443 0 
0 0 0 0 0 0 0 0 0 0 0 0 0.0900000035762787 0 0.25 0 0.600000023841858 0 0 0 0 0 0 0 0.370000004768372 0 0 0 0 0 0.370000004768372 0 0.5 0 0.889999985694885 0 0 0 0.810000002384186 0 
0.449999988079071 0 0 0 0 0 0 0 -0.0500000007450581 0 0.0500000007450581 0 0 0 0 0 0.0500000007450581 0 0.200000002980232 0 0 0 0 0 0 0 -0.100000001490116 0 0 0 0 0 0 0 0 0 0 0 0 0 
0.0799999982118607 0 0.0799999982118607 0 0 0 0 0 0 0 0.209999993443489 0 0.600000023841858 0 0.600000023841858 0 0 0 0.400000005960464 0 0.400000005960464 0 0 0 0.400000005960464 0 0.400000005960464 0 0 0 0.200000002980232 0 0.200000002980232 0 0 0 0 0 0 0 
0 0 0.400000005960464 0 0.400000005960464 0 0 0 0.400000005960464 0 0.400000005960464 0 0 0 0.400000005960464 0 0.400000005960464 0 0 0 0.200000002980232 0 0.200000002980232 0 0 0 0 0 0 0 0 0 0 0 0 0 0.230000004172325 0 0 0 
0 0 0.300000011920929 0 0 0 0 0 0.100000001490116 0 0 0 0 0 -0.0500000007450581 0 0 0 0 0 0.0500000007450581 0 0 0 0 0 -0.100000001490116 0 0 0 0 0 0 0 0 0 0 0 0.100000001490116 0 
0 0 0 0 0 0 0 0 0 0 0 0 0 0 0 0 -0.0500000007450581 0 0 0 0 0 -0.100000001490116 0 0 0 0 0 -0.150000005960464 0 0 0 0 0 0 0 0 0 0 0 
-0.0500000007450581 0 0 0 0 0 -0.100000001490116 0 0 0 0 0 -0.150000005960464 0 0 0 0 0 -0.0500000007450581 0 0 0 0 0 0 0 0 0 0 0 -0.0500000007450581 0 0 0 0 0 0 0 0 0 
0 0 0 0 0 0 0 0 -0.0500000007450581 0 0 0 0 0 -0.100000001490116 0 0 0 0 0 -0.150000005960464 0 0 0 0 0 0 0 0 0 0 0 -0.0500000007450581 0 0 0 0 0 -0.0500000007450581 0 
0 0 0 0 -0.109999999403954 0 0.0500000007450581 0 0 0 0 0 0 0 0 0 0 0 0 0 0 0 -0.0500000007450581 0 0 0 0 0 0 0 0 0 0 0 -0.0500000007450581 0 0 0 0 0 
-0.0500000007450581 0 0.330000013113022 0 0 0 0 0 1.21000003814697 0 0 0 0 0 0.360000014305115 0 0 0 0 0 0.509999990463257 0 0 0 0 0 0.150000005960464 0 0 0 0 0 0.0500000007450581 0 0 0 0 0 0 0 
0 0 0 0 0 0 0 0 -0.0500000007450581 0 0 0 0 0 -0.100000001490116 0 0 0 0 0 -0.150000005960464 0 0.150000005960464 0 0 0 0 0 0 0 0 0 0 0 0.150000005960464 0 0.400000005960464 0 0 0 
0.0500000007450581 0 0 0 0 0 0 0 0 0 0 0 0 0 0 0 -0.150000005960464 0 0 0 0 0 -0.140000000596046 0 0 0 0 0 -0.230000004172325 0 0.200000002980232 0 0.200000002980232 0 0 0 0 0 0 0 
-0.0500000007450581 0 0.0500000007450581 0 0.200000002980232 0 0 0 -0.270000010728836 0 0.170000001788139 0 0 0 0 0 0 0 0 0 0.0799999982118607 0 0.0799999982118607 0 0 0 0 0 0 0 -0.209999993443489 0 0 0 0 0 -0.230000004172325 0 0 0 
0 0 -0.0500000007450581 0 0.230000004172325 0 0.490000009536743 0 0 0 0.150000005960464 0 0.389999985694885 0 0 0 0.0500000007450581 0 0.170000001788139 0 0 0 0.00999999977648258 0 0.170000001788139 0 0 0 0.150000005960464 0 0.389999985694885 0 0 0 0.0500000007450581 0 0.170000001788139 0 0 0 
0.150000005960464 0 0.389999985694885 0 0 0 0.159999996423721 0 0.400000005960464 0 0 0 0.0500000007450581 0 0.200000002980232 0 0 0 0.150000005960464 0 0.389999985694885 0 0 0 0 0 0 0 -0.330000013113022 0 0 0 0 0 -0.529999971389771 0 0 0 0 0 
-0.00999999977648258 0 0.0900000035762787 0 0.25 0 0 0 0 0 0 0 -0.180000007152557 0 0 0 0 0 0 0 -0.0399999991059303 0 0.389999985694885 0 0 0 0.150000005960464 0 0.389999985694885 0 0 0 0.419999986886978 0 0.419999986886978 0 0 0 0.0500000007450581 0 
0.219999998807907 0 0 0 0 0 0 0 0 0 0 0 0 0 -0.0500000007450581 0 0 0 0 0 -0.150000005960464 0 0 0 0 0 0 0 0 0 0 0 -0.0700000002980232 0 0.0700000002980232 0 0 0 0 0 
0 0 0 0 0 0 0 0 0 0 0 0 0.0500000007450581 0 0 0 0 0 0.0500000007450581 0 0 0 0 0 0.0500000007450581 0 0 0 0 0 0 0 0 0 0 0 0.0500000007450581 0 0 0 
0 0 0 0 0 0 -0.0500000007450581 0 0 0 0 0 0 0 0 0 0 0 -0.100000001490116 0 0 0 0 0 0.0500000007450581 0 0 0 0 0 0.0299999993294477 0 0.0500000007450581 0 0 0 0 0 0 0 
0 0 0 0 0 0 0 0 0 0 0 0 0 0 -0.150000005960464 0 0.140000000596046 0 0 0 0 0 0.28999999165535 0 0.600000023841858 0 0 0 0.28999999165535 0 0.600000023841858 0 0 0 0 0 0 0 0 0 
0.100000001490116 0 0.300000011920929 0 0 0 0 0 0.600000023841858 0 0 0 0 0 0.600000023841858 0 0 0 -0.200000002980232 0 0.400000005960464 0 0 0 0.400000005960464 0 0.889999985694885 0 0 0 -0.00999999977648258 0 0.800000011920929 0 0 0 -0.00999999977648258 0 0.209999993443489 0 
0 0 -0.00999999977648258 0 0.209999993443489 0 0 0 0.0500000007450581 0 0.400000005960464 0 0 0 0.0500000007450581 0 0.400000005960464 0 0 0 0 0 0 0 0 0 0.100000001490116 0 0 0 0 0 0.0500000007450581 0 0 0 0 0 0.0500000007450581 0 
0 0 0 0 0 0 0 0 0 0 0 0 0 0 0 0 -0.0700000002980232 0 0.200000002980232 0 0 0 0.0500000007450581 0 0 0 0 0 0 0 0 0 -0.0500000007450581 0 0 0 0 0 0 0 
0.0500000007450581 0 0.200000002980232 0 0 0 0 0 0 0 0 0 0 0 0 0 0 0 0 0 0 0 -0.100000001490116 0 0 0 0 0 0 0 0 0 0 0 -0.100000001490116 0 0 0 0 0 
0 0 0 0 0 0 -0.0500000007450581 0 0 0 0 0 -0.100000001490116 0 0 0 0 0 0 0 0 0 0 0 -0.0500000007450581 0 0 0 0 0 0.200000002980232 0 0 0 0 0 0.100000001490116 0 0.230000004172325 0 
0.230000004172325 0 0 0 0.560000002384186 0 0.560000002384186 0 0 0 0.119999997317791 0 0.119999997317791 0 0 0 0 0 0 0 0 0 0 0 0 0 -0.0799999982118607 0 0 0 0 0 -0.100000001490116 0 0 0 0 0 0 0 
0.200000002980232 0 0.200000002980232 0 0 0 0.200000002980232 0 0.200000002980232 0 0 0 0 0 0 0 0 0 0.200000002980232 0 0.200000002980232 0 0 0 0.0399999991059303 0 0.0399999991059303 0 0 0 0 0 0 0 -0.0500000007450581 0 0 0 0 0 
0 0 0.25 0 0.600000023841858 0 0 0 0.150000005960464 0 0.400000005960464 0 0 0 0.150000005960464 0 0.400000005960464 0 0 0 0.0500000007450581 0 0.200000002980232 0 0 0 0 0 0 0 0 0 0 0 0 0 -0.0759999975562096 0 0 0 
0 0 -0.140000000596046 0 0 0 0 0 -0.230000004172325 0 0.0500000007450581 0 0.200000002980232 0 0 0 -0.270000010728836 0 0.170000001788139 0 0 0 0 0 0 0 0 0 0 0 0 0 -0.0500000007450581 0 0.230000004172325 0 0.490000009536743 0 0 0 
0.150000005960464 0 0.389999985694885 0 0 0 0.0500000007450581 0 0.170000001788139 0 0 0 0.00999999977648258 0 0.170000001788139 0 0 0 0.150000005960464 0 0.389999985694885 0 0 0 0.0500000007450581 0 0.170000001788139 0 0 0 0.150000005960464 0 0.389999985694885 0 0 0 0.159999996423721 0 0.400000005960464 0 
0 0 0.0500000007450581 0 0.200000002980232 0 0 0 0.150000005960464 0 0.389999985694885 0 0 0 -0.0399999991059303 0 0.389999985694885 0 0 0 0.150000005960464 0 0.389999985694885 0 0 0 0.419999986886978 0 0.419999986886978 0 0 0 0.0500000007450581 0 0.219999998807907 0 0 0 0 0 
0 0 0.0700000002980232 0 0 0 0 0 0 0 0 0 0 0 -0.0799999982118607 0 0.0500000007450581 0 0.200000002980232 0 0 0 0 0 0 0 0.340000003576279 0 0 0 0 0 0.100000001490116 0 0 0 0 0 0.00700000021606684 0 
0 0 0 0 -0.0599999986588955 0 0 0 0 0 -0.0399999991059303 0 0 0 0 0 0 0 0 0 0 0 -0.0199999995529652 0 0 0 0 0 -0.0500000007450581 0 0 0 0 0 -0.0500000007450581 0 0 0 0 0 
0 0 0 0 0 0 0.400000005960464 0 0 0 0 0 0.189999997615814 0 0.109999999403954 0 0.109999999403954 0 0 0 0.319999992847443 0 0.319999992847443 0 0 0 0.28999999165535 0 0.28999999165535 0 0 0 0 0 0 0 -0.100000001490116 0 0.540000021457672 0 
0.540000021457672 0 0 0 0 0 0 0 -0.100000001490116 0 0.330000013113022 0 0.330000013113022 0 0 0 0 0 0 0 0 0 0.300000011920929 0 0.300000011920929 0 0 0 0 0 0 0 -0.0500000007450581 0 0 0 0 0 0 0 
0 0 0 0 -0.100000001490116 0 0 0 0 0 0 0 0 0 0 0 0 0 0.100000001490116 0 0.100000001490116 0 0 0 0.46000000834465 0 0.46000000834465 0 0 0 0 0 0 0 0 0 0 0 0 0 
0 0 0 0 0 0 0 0 -0.150000005960464 0 -0.150000005960464 0 0 0 0 0 0 0 0 0 0 0 0 0 -1.16999995708466 0 0.0500000007450581 0 0.200000002980232 0 0 0 0 0 0 0 0 0 0 0 
0 0 -0.0500000007450581 0 0 0 0 0 0.219999998807907 0 0.259999990463257 0 0.469999998807907 0 0 0 0.0500000007450581 0 0.150000005960464 0 0 0 0.150000005960464 0 0.319999992847443 0 0 0 0.0500000007450581 0 0.200000002980232 0 0 0 0.150000005960464 0 0.180000007152557 0 0 0 
0.150000005960464 0 0.400000005960464 0 0 0 0.419999986886978 0 0.419999986886978 0 0 0 0.0500000007450581 0 0.270000010728836 0 0 0 0 0 0 0 0.0199999995529652 0 0 0 0 0 -0.150000005960464 0 0 0 0 0 -0.200000002980232 0 0 0 0 0 
-0.0500000007450581 0 0 0 0 0 -0.230000004172325 0 0 0 0 0 0 0 0 0 0 0 0 0 0 0 0 0 0 0 0.430000007152557 0 0.430000007152557 0 0 0 0 0 0 0 -0.0500000007450581 0 0 0 
0 0 0 0 0 0 0 0 -0.0500000007450581 0 0 0 0 0 0 0 0.200000002980232 0 0.200000002980232 0 0 0 0 0 0 0 0.239999994635582 0 0 0 0 0 -0.100000001490116 0 0.170000001788139 0 0.370000004768372 0 0 0 
0.759999990463257 0 0.730000019073486 0 0 0 1 0 1 0 0 0 1 0 1 0 0 0 0.159999996423721 0 0.200000002980232 0 0 0 0.639999985694885 0 0.629999995231628 0 0 0 0.519999980926514 0 0.519999980926514 0 0 0 0 0 0 0 
0 0 0 0 0 0 -0.0500000007450581 0 0 0 0 0 0 0 0.0500000007450581 0 0.340000003576279 0 0 0 0.46000000834465 0 0.46000000834465 0 0 0 0.100000001490116 0 0.100000001490116 0 0 0 0.0500000007450581 0 0.200000002980232 0 0 0 0 0 
0 0 0 0 0.0500000007450581 0 0.200000002980232 0 0 0 0.0500000007450581 0 0.200000002980232 0 0 0 0.0500000007450581 0 0.200000002980232 0 0 0 0.579999983310699 0 0.579999983310699 0 0 0 0.0500000007450581 0 0.200000002980232 0 0 0 0.270000010728836 0 0.270000010728836 0 0 0 
0 0 0 0 0 0 0 0 0 0 0 0 0.490000009536743 0 0.490000009536743 0 0 0 0.200000002980232 0 0.200000002980232 0 0 0 0.0399999991059303 0 0.0399999991059303 0 0 0 0 0 0 0 0 0 0.400000005960464 0 0.400000005960464 0 
0 0 0.119999997317791 0 0.140000000596046 0 0 0 0 0 0 0 0 0 0 0 0 0 -0.00999999977648258 0 0 0 0 0 -0.0500000007450581 0 0 0 0 0 -0.100000001490116 0 0 0 0 0 0 0 0 0 
0 0 0.300000011920929 0 0 0 0 0 0 0 0 0 0 0 0 0 0 0 0 0 -0.0799999982118607 0 0 0 0 0 0 0 0 0 0 0 0 0 0 0 0 0 0 0 
0 0 0 0 0 0 0 0 0 0 0 0 0 0 0 0 0.25 0 0 0 0 0 0 0 0 0 0 0 -0.100000001490116 0 0 0 0 0 -0.0399999991059303 0 0 0 0 0 
0 0 0 0 0 0 0 0 0 0 0 0 0 0 0 0 0 0 -0.109999999403954 0 0 0 0 0 -0.150000005960464 0 0 0 0 0 0 0 0 0 0 0 0 0 0 0 
0 0 0 0 0 0 0 0 -0.0500000007450581 0 0 0 0 0 -0.100000001490116 0 0.340000003576279 0 0.340000003576279 0 0 0 0.0900000035762787 0 0.0900000035762787 0 0 0 -0.129999995231628 0 -0.129999995231628 0 0 0 0.150000005960464 0 0.150000005960464 0 0 0 
0 0 0 0 0 0 0 0 0 0 0.0500000007450581 0 0 0 0 0 0.0799999982118607 0 0 0 0 0 0 0 0.200000002980232 0 0.200000002980232 0 0 0 0 0 0 0 0 0 0.0599999986588955 0 0.0599999986588955 0 
0 0 0 0 0 0 0 0 0 0 0 0 -0.0500000007450581 0 0 0 0 0 -0.0500000007450581 0 0 0 0 0 0.0799999982118607 0 0 0 0 0 -0.100000001490116 0 0 0 0 0 0 0 0 0 
0 0 0 0 0 0 0 0 -0.0500000007450581 0 0 0 0 0 0.349999994039536 0 0 0 0 0 -1.16999995708466 0 0.0500000007450581 0 0.200000002980232 0 0 0 0 0 0 0 0 0 0 0 0 0 -0.0500000007450581 0 
0 0 0 0 0.219999998807907 0 0.28999999165535 0 0.490000009536743 0 0 0 0.0500000007450581 0 0.150000005960464 0 0 0 0.180000007152557 0 0.340000003576279 0 0 0 0.0500000007450581 0 0.200000002980232 0 0 0 0.150000005960464 0 0.180000007152557 0 0 0 0.150000005960464 0 -0.0500000007450581 0 
0 0 0.419999986886978 0 0.419999986886978 0 0 0 0.0500000007450581 0 0.270000010728836 0 0 0 0 0 0 0 -0.0700000002980232 0 0 0 0 0 -0.150000005960464 0 0 0 0 0 -0.0500000007450581 0 0 0 0 0 -0.150000005960464 0 0 0 
0 0 0.0799999982118607 0 0 0 0 0 -0.0500000007450581 0 0 0 0 0 -0.0299999993294477 0 0 0 0 0 -0.0500000007450581 0 0 0 0 0 -0.00999999977648258 0 0 0 0 0 -0.0500000007450581 0 0 0 0 0 -0.00999999977648258 0 
0 0 0 0 0.0799999982118607 0 0 0 0 0 0 0 0 0 0 0 -0.0500000007450581 0 0 0 0 0 -0.0599999986588955 0 0 0 0 0 0 0 0 0 0 0 -0.0500000007450581 0 0 0 0 0 
-0.100000001490116 0 0 0 0 0 -0.150000005960464 0 0 0 0 0 0 0 0 0 0 0 0 0 0 0 0 0 -0.0500000007450581 0 0 0 0 0 0 0 0 0 0 0 -0.100000001490116 0 0 0 
0 0 -0.0500000007450581 0 0.100000001490116 0 0 0 0 0 0 0 0 0 0 0 0 0 0 0 0 0 0 0 0 0 -0.0500000007450581 0 0 0 0 0 0 0 0 0 0 0 -0.100000001490116 0 
0 0 0 0 -0.0500000007450581 0 0 0 0 0 0.0299999993294477 0 0.0500000007450581 0 0 0 0 0 0 0 0 0 0 0 0 0 0 0 0 0 0 0 0 0 -0.150000005960464 0 0.189999997615814 0 0 0 
0 0 0 0 0 0 0 0 0 0 0 0 0 0 -0.0199999995529652 0 0 0 0 0 0.0500000007450581 0 0 0 0 0 0.0500000007450581 0 0 0 0 0 0 0 0 0 0 0 0.0500000007450581 0 
0 0 0 0 0 0 0 0 -0.0500000007450581 0 0 0 0 0 0 0 0.0500000007450581 0 0.200000002980232 0 0 0 0 0 0 0 0 0 0 0 0 0 0 0 0 0 0 0 -0.100000001490116 0 
0 0 0 0 0 0 0.200000002980232 0 0.200000002980232 0 0 0 0 0 0 0 -0.0500000007450581 0 0 0 0 0 -0.100000001490116 0 0.379999995231628 0 0.379999995231628 0 0 0 0.600000023841858 0 0.600000023841858 0 0 0 0.400000005960464 0 0.400000005960464 0 
0 0 0.400000005960464 0 0.400000005960464 0 0 0 0 0 0 0 0 0 0.230000004172325 0 0.230000004172325 0 0 0 0.400000005960464 0 0.400000005960464 0 0 0 0.200000002980232 0 0.200000002980232 0 0 0 0 0 0 0 0 0 0.200000002980232 0 
0.200000002980232 0 0 0 0.200000002980232 0 0.200000002980232 0 0 0 0.400000005960464 0 0.400000005960464 0 0 0 0.200000002980232 0 0.200000002980232 0 0 0 0 0 0 0 0 0 0 0 0 0 0 0 0 0 0 0 0.0399999991059303 0 
0 0 0 0 0 0 0 0 0 0 -0.0500000007450581 0 0 0 0 0 0 0 0 0 0 0 0 0 0 0 0 0 0 0 0 0 0 0 -0.0500000007450581 0 0 0 0 0 
0 0 0 0 0 0 -0.100000001490116 0 0 0 0 0 -0.0500000007450581 0 0.0500000007450581 0 0.209999993443489 0 0 0 0 0 0 0 0 0 0 0 0 0 1.57000005245209 0 0 0 0 0 1.98000001907349 0 0 0 
0 0 0.400000005960464 0 0 0 0 0 0 0 -0.00999999977648258 0 -0.0799999982118607 0 0 0 0 0 0 0 0.219999998807907 0 0 0 0 0 -0.200000002980232 0 0 0 0 0 0.185000002384186 0 0 0 0 0 0.25 0 
0 0 0 0 -0.100000001490116 0 0.119999997317791 0 0.119999997317791 0 0 0 0 0 0 0 0 0 0 0 0 0 0 0 0.150000005960464 0 0.400000005960464 0 0 0 0.150000005960464 0 0.400000005960464 0 0 0 0.150000005960464 0 0.400000005960464 0 
0 0 0.150000005960464 0 0.400000005960464 0 0 0 0.150000005960464 0 0.400000005960464 0 0 0 0 0 0 0 0 0 0 0 0 0 -0.0500000007450581 0 0 0 0 0 0 0 0 0 0 0 -0.259999990463257 0 0 0 
0 0 0 0 0 0 0 0 0.660000026226044 0 0 0 0 0 0 0 0.170000001788139 0 0.370000004768372 0 0 0 0.25 0 0.589999973773956 0 0 0 0.430000007152557 0 1.08000004291534 0 0 0 0.469999998807907 0 0.469999998807907 0 0 0 
0 0 0 0 0 0 0.0500000007450581 0 0.340000003576279 0 0 0 0 0 0 0 0 0 0.0500000007450581 0 0.200000002980232 0 0 0 0 0 0 0 -0.0500000007450581 0 0 0 0 0 0 0 0.0500000007450581 0 0.200000002980232 0 
0 0 0.150000005960464 0 0.400000005960464 0 0 0 0.0500000007450581 0 0.370000004768372 0 0 0 -0.00999999977648258 0 0.140000000596046 0 0 0 0 0 0 0 -0.100000001490116 0 0.0500000007450581 0 0.310000002384186 0 0 0 0.0500000007450581 0 0.200000002980232 0 0 0 0 0 
0 0 0 0 0.5 0 0.5 0 0 0 0 0 0 0 0 0 0 0 0 0 -0.0399999991059303 0 0 0 0 0 -0.0399999991059303 0 0 0 0 0 -0.140000000596046 0 0 0 0 0 -0.230000004172325 0 
0 0 0 0 -0.200000002980232 0 0 0 0 0 -0.300000011920929 0 0 0 0 0 -0.300000011920929 0 0.0500000007450581 0 0.200000002980232 0 0 0 0.150000005960464 0 0.400000005960464 0 0 0 0 0 0 0 0 0 0.0500000007450581 0 0.200000002980232 0 
0 0 0 0 0 0 0 0 0 0 0 0 0 0 0.400000005960464 0 0.400000005960464 0 0 0 0 0 0 0 0 0 0 0 0 0 -0.100000001490116 0 0.150000005960464 0 0.379999995231628 0 0 0 0.0500000007450581 0 
0.170000001788139 0 0 0 0 0 0 0 -0.0500000007450581 0 0 0 0 0 0 0 0.25 0 0.490000009536743 0 0 0 0.349999994039536 0 0.839999973773956 0 0 0 0.150000005960464 0 0.400000005960464 0 0 0 0.25 0 0.810000002384186 0 0 0 
0.0500000007450581 0 0.200000002980232 0 0 0 0.00999999977648258 0 0.170000001788139 0 0 0 0.150000005960464 0 0.400000005960464 0 0 0 0.25 0 0.579999983310699 0 0 0 0.0500000007450581 0 0.200000002980232 0 0 0 0.150000005960464 0 0.379999995231628 0 0 0 0.25 0 0.879999995231628 0 
0 0 0.25 0 0.600000023841858 0 0 0 0 0 0 0 -0.0199999995529652 0 0 0 0 0 -0.330000013113022 0 0 0 0 0 -0.400000005960464 0 0 0 0 0 -0.400000005960464 0 0 0 0 0 -0.529999971389771 0 0 0 
0 0 -0.100000001490116 0 0 0 0 0 0 0 0 0 0 0 -0.00999999977648258 0 0 0 0 0 0 0 0 0 0 0 -0.200000002980232 0 0 0 0 0 -0.119999997317791 0 0 0 0 0 -0.300000011920929 0 
0 0 0 0 -0.100000001490116 0 0.0900000035762787 0 0.25 0 0 0 0.150000005960464 0 0.46000000834465 0 0 0 0 0 0 0 -0.0599999986588955 0 0.0500000007450581 0 0.5 0 0 0 0 0 0 0 -0.180000007152557 0 0 0 0 0 
0 0 0 0 0 0 -0.150000005960464 0 0 0 0 0 -0.100000001490116 0 0 0 0 0 0 0 0.0500000007450581 0 0.28999999165535 0 0 0 0 0 0 0 -0.00999999977648258 0 0 0 0 0 0 0 0 0 
0 0 0 0 0.0500000007450581 0 0.200000002980232 0 0 0 0 0 0 0 -0.0500000007450581 0 0 0 0 0 0 0 0 0 0 0 0 0 0.0500000007450581 0 0.330000013113022 0 0 0 0.0500000007450581 0 -0.0599999986588955 0 0 0 
0 0 0 0 -0.400000005960464 0 0 0 0 0 0 0 0 0 0 0 0 0 0.200000002980232 0 0.200000002980232 0 0 0 0 0 0 0 0.0700000002980232 0 0 0 0 0 0 0 0.150000005960464 0 0.400000005960464 0 
0 0 0.25 0 0.5 0 0 0 0.25 0 0.759999990463257 0 0 0 0.150000005960464 0 0.400000005960464 0 0 0 0.439999997615814 0 0.439999997615814 0 0 0 0.0500000007450581 0 0.200000002980232 0 0 0 0.150000005960464 0 0.5 0 0 0 0 0 
0 0 0 0 0 0 0 0 0.0399999991059303 0 0 0 0 0 -0.0799999982118607 0 0 0 0 0 -0.259999990463257 0 0.150000005960464 0 0.400000005960464 0 0 0 0.0500000007450581 0 0.200000002980232 0 0 0 0.349999994039536 0 0.800000011920929 0 0 0 
0.150000005960464 0 0.389999985694885 0 0 0 0.0500000007450581 0 0.259999990463257 0 0 0 0 0 0 0 0 0 0 0 0 0 -0.0500000007450581 0 0 0 0 0 0.219999998807907 0 0 0 0 0 0.0299999993294477 0 0.25 0 0.600000023841858 0 
0 0 0.150000005960464 0 0.400000005960464 0 0 0 0.0500000007450581 0 0.200000002980232 0 0 0 0 0 0 0 0 0 0.25 0 0.600000023841858 0 0 0 0.0500000007450581 0 0.589999973773956 0 0 0 0 0 0 0 0 0 0 0 
0 0 -0.200000002980232 0 0 0 0 0 -0.0500000007450581 0 0 0 0 0 -0.0500000007450581 0 0 0 0 0 -0.100000001490116 0 0 0 0 0 0 0 0 0 0 0 0 0 0 0 0 0 -0.00999999977648258 0 
0 0 0 0 -0.109999999403954 0 0.150000005960464 0 0.150000005960464 0 0 0 0.340000003576279 0 0.340000003576279 0 0 0 -0.5 0 -0.5 0 0 0 -0.150000005960464 0 -0.150000005960464 0 0 0 -0.629999995231628 0 -0.629999995231628 0 0 0 0.0399999991059303 0 0.0399999991059303 0 
0 0 0 0 0 0 0 0 0 0 0 0 -0.0799999982118607 0 0 0 0 0 -0.100000001490116 0 0 0 0 0 0 0 0.200000002980232 0 0.200000002980232 0 0 0 0.200000002980232 0 0.200000002980232 0 0 0 0 0 
0 0 0 0 -0.0500000007450581 0 -0.0500000007450581 0 0 0 0 0 0 0 0.0799999982118607 0 0 0 0 0 0 0 0 0 0 0 0 0 0.819999992847443 0 0.819999992847443 0 0 0 0.819999992847443 0 0.819999992847443 0 0 0 
0.819999992847443 0 0.819999992847443 0 0 0 0 0 0 0 0 0 0 0 0 0 -0.0500000007450581 0 0.819999992847443 0 0.819999992847443 0 0 0 0.200000002980232 0 0.200000002980232 0 0 0 0 0 0 0 0 0 0 0 0 0 
-0.0199999995529652 0 0 0 0 0 -0.100000001490116 0 0.819999992847443 0 0.819999992847443 0 0 0 0.200000002980232 0 0.200000002980232 0 0 0 0 0 0 0 -0.100000001490116 0 0 0 0 0 0 0 0.699999988079071 0 0.699999988079071 0 0 0 0.5 0 
0.5 0 0 0 0.400000005960464 0 0.400000005960464 0 0 0 0.200000002980232 0 0.200000002980232 0 0 0 0 0 0 0 0 0 0 0 0 0 -0.100000001490116 0 0 0 0 0 -0.0500000007450581 0 0 0 0 0 0 0 
0 0 0 0 -0.100000001490116 0 0.400000005960464 0 0.400000005960464 0 0 0 0.800000011920929 0 0.800000011920929 0 0 0 0 0 0 0 -0.25 0 0.200000002980232 0 0.200000002980232 0 0 0 0 0 0 0 0 0 0 0 0 0 
-0.0500000007450581 0 0 0 0 0 -0.100000001490116 0 0 0 0 0 -0.100000001490116 0 0.699999988079071 0 0.699999988079071 0 0 0 0.600000023841858 0 0.600000023841858 0 0 0 0 0 0 0 0 0 0.400000005960464 0 0.400000005960464 0 0 0 0 0 
0 0 0 0 0 0 0 0 -0.100000001490116 0 0 0 0 0 -0.150000005960464 0 0 0 0 0 -0.200000002980232 0 0 0 0 0 -0.300000011920929 0 0.0500000007450581 0 0 0 0 0 0.0500000007450581 0 0.200000002980232 0 0 0 
0.100000001490116 0 0.400000005960464 0 0 0 0 0 0 0 0 0 0.0500000007450581 0 0.200000002980232 0 0 0 0 0 0 0 0 0 0.0500000007450581 0 0 0 0 0 0.400000005960464 0 0.400000005960464 0 0 0 0 0 0 0 
-0.0500000007450581 0 0 0 0 0 0 0 0 0 0 0 -0.100000001490116 0 0 0 0 0 -0.150000005960464 0 0 0 0 0 -0.0500000007450581 0 0 0 0 0 0 0 0.230000004172325 0 0.490000009536743 0 0 0 0.370000004768372 0 
0.819999992847443 0 0 0 0.389999985694885 0 0.389999985694885 0 0 0 0.850000023841858 0 0.850000023841858 0 0 0 0 0 0 0 -0.0500000007450581 0 0.0500000007450581 0 0.200000002980232 0 0 0 0.150000005960464 0 0.400000005960464 0 0 0 0.25 0 0.560000002384186 0 0 0 
0.0500000007450581 0 0.200000002980232 0 0 0 0.150000005960464 0 0.360000014305115 0 0 0 0.150000005960464 0 0.400000005960464 0 0 0 0.349999994039536 0 0.800000011920929 0 0 0 0.25 0 0.699999988079071 0 0 0 0 0 0 0 -0.100000001490116 0 0 0 0 0 
-0.150000005960464 0 0 0 0 0 -0.200000002980232 0 0 0 0 0 -0.25 0 0 0 0 0 0 0 0 0 0 0 0 0 0 0 0 0 -0.0500000007450581 0 0 0 0 0 -0.100000001490116 0 0.0500000007450581 0 
0.239999994635582 0 0 0 0.189999997615814 0 0.46000000834465 0 0 0 0.360000014305115 0 0.5 0 0 0 0 0 0 0 0 0 0 0 0 0 -0.180000007152557 0 0 0 0 0 0 0 0.0500000007450581 0 0.28999999165535 0 0 0 
0 0 0 0 0 0 0.0500000007450581 0 0.200000002980232 0 0 0 0 0 0 0 0 0 0 0 0 0 0 0 0.0500000007450581 0 0.200000002980232 0 0 0 0 0 0 0 -0.0500000007450581 0 0 0 0 0 
0 0 0.200000002980232 0 0.200000002980232 0 0 0 0 0 0 0 0.0700000002980232 0 0 0 0 0 0 0 0.150000005960464 0 0.389999985694885 0 0 0 0.200000002980232 0 0.5 0 0 0 0.150000005960464 0 0.389999985694885 0 0 0 0.150000005960464 0 
0.400000005960464 0 0 0 0.550000011920929 0 0.550000011920929 0 0 0 0.0500000007450581 0 0.200000002980232 0 0 0 0.150000005960464 0 0.360000014305115 0 0 0 0.0599999986588955 0 0 0 0 0 0 0 0 0 0 0 0.0500000007450581 0 0 0 0 0 
0.0500000007450581 0 0 0 0 0 0.0500000007450581 0 0 0 0 0 0 0 0 0 0 0 0 0 0 0 -0.100000001490116 0 0 0 0 0 0 0 0 0 0 0 -0.0799999982118607 0 0 0 0 0 
0.0500000007450581 0 0 0 0 0 -0.100000001490116 0 0 0 0 0 0 0 0 0 0 0 -0.100000001490116 0 0 0 0 0 -0.100000001490116 0 0 0 0 0 -0.0500000007450581 0 0 0 0 0 0.0500000007450581 0 0 0 
0 0 -0.100000001490116 0 0 0 0 0 -0.119999997317791 0 0 0 0 0 0 0 0 0 0 0 0 0 0 0 0 0 -0.150000005960464 0 0 0 0 0 -0.0500000007450581 0 0 0 0 0 -0.0700000002980232 0 
0 0 0 0 -1.16999995708466 0 0.0500000007450581 0 0.200000002980232 0 0 0 0 0 0 0 0 0 0 0 0 0 -0.0500000007450581 0 0 0 0 0 0.219999998807907 0 0.25 0 0.469999998807907 0 0 0 0.349999994039536 0 0.709999978542328 0 
0 0 0.349999994039536 0 0.479999989271164 0 0 0 0.0500000007450581 0 0.150000005960464 0 0 0 0.150000005960464 0 0.319999992847443 0 0 0 0.0500000007450581 0 0.200000002980232 0 0 0 0.150000005960464 0 0.180000007152557 0 0 0 0.150000005960464 0 -0.200000002980232 0 0 0 0.419999986886978 0 
0.419999986886978 0 0 0 0.0500000007450581 0 0.270000010728836 0 0 0 0 0 0 0 0 0 0 0 0 0 -0.100000001490116 0 0 0 0 0 -0.200000002980232 0 0 0 0 0 0 0 0 0 0 0 0 0 
0 0 0 0 0.219999998807907 0 0 0 0 0 0 0 0 0 0 0 -0.0500000007450581 0 0 0 0 0 -0.100000001490116 0 0 0 0 0 0 0 0.140000000596046 0 0.189999997615814 0 0 0 0.699999988079071 0 0.699999988079071 0 
0 0 -0.0199999995529652 0 -0.0199999995529652 0 0 0 0.150000005960464 0 0.150000005960464 0 0 0 0 0 0 0 0 0 0 0 0 0 0.159999996423721 0 0.0399999991059303 0 0.0399999991059303 0 0 0 0.560000002384186 0 0.560000002384186 0 0 0 0 0 
0 0 0 0 0.490000009536743 0 0.490000009536743 0 0 0 0 0 0 0 0.0700000002980232 0 0 0 0 0 -0.100000001490116 0 0 0 0 0 0 0 0 0 0 0 -0.0500000007450581 0 0 0 0 0 -0.100000001490116 0 
0.140000000596046 0 0.140000000596046 0 0 0 0 0 0 0 0 0 0 0 0 0 -0.0500000007450581 0 0 0 0 0 -0.100000001490116 0 0.200000002980232 0 0.200000002980232 0 0 0 0 0 0 0 -0.0500000007450581 0 0 0 0 0 
0 0 0.170000001788139 0 0.170000001788139 0 0 0 -0.0700000002980232 0 -0.0700000002980232 0 0 0 0 0 0 0 -0.0500000007450581 0 -0.170000001788139 0 -0.170000001788139 0 0 0 0 0 0 0 0 0 0 0 0 0 -0.0799999982118607 0 0 0 
0 0 -0.119999997317791 0 0.119999997317791 0 0 0 0 0 0 0 0 0 0 0 0 0 0 0 0 0 0.0500000007450581 0 0 0 0 0 0.0500000007450581 0 0 0 0 0 0.0500000007450581 0 0 0 0 0 
0 0 0 0 0 0 0.0500000007450581 0 0 0 0 0 0 0 0 0 -0.0500000007450581 0 0 0 0 0 0 0 0 0 0 0 -0.100000001490116 0 0.25 0 0.600000023841858 0 0 0 -0.430000007152557 0 0.400000005960464 0 
0 0 0 0 0 0 0.889999985694885 0 0 0 0 0 -0.0500000007450581 0 0 0 0 0 -0.100000001490116 0 0 0 0 0 0 0 0 0 0 0 -0.0500000007450581 0 0 0 0 0 0 0 0 0 
0 0 -0.0799999982118607 0 0 0 0 0 -0.0500000007450581 0 0 0 0 0 -0.300000011920929 0 0.150000005960464 0 0.400000005960464 0 0 0 0.25 0 0.5 0 0 0 0.150000005960464 0 0.430000007152557 0 0 0 0.0500000007450581 0 0.25 0 0 0 
0.150000005960464 0 0.430000007152557 0 0 0 0 0 0 0 -0.100000001490116 0 0.129999995231628 0 0.330000013113022 0 0 0 0 0 0 0 0 0 0 0 0 0 -0.100000001490116 0 0 0 0 0 -0.0500000007450581 0 0 0 0 0 
0 0 0 0 0 0 -0.100000001490116 0 0.150000005960464 0 0.379999995231628 0 0 0 0 0 0 0 0 0 0 0 0 0 -0.090999998152256 0 0.25 0 0.699999988079071 0 0 0 0.400000005960464 0 1.22000002861023 0 0 0 0.28999999165535 0 
0.910000026226044 0 0 0 0.25 0 0.560000002384186 0 0 0 0.699999988079071 0 1.69000005722046 0 0 0 0.829999983310699 0 2.20000004768372 0 0 0 0.720000028610229 0 1.85000002384186 0 0 0 0.620000004768372 0 0.620000004768372 0 0 0 0.25 0 0.479999989271164 0 0 0 
0.150000005960464 0 0.300000011920929 0 0 0 0.0500000007450581 0 0.100000001490116 0 0 0 0 0 0 0 0 0 0 0 0 0 -0.300000011920929 0 0.25 0 0.5 0 0 0 0.349999994039536 0 0.699999988079071 0 0 0 0.25 0 0.560000002384186 0 
0 0 0.25 0 0.560000002384186 0 0 0 0 0 0 0 -0.219999998807907 0 0.189999997615814 0 0.479999989271164 0 0 0 0.25 0 0.5 0 0 0 0.140000000596046 0 0.300000011920929 0 0 0 0.25 0 0.600000023841858 0 0 0 0.600000023841858 0 
0.800000011920929 0 0 0 0 0 0 0 0 0 0 0 0 0 -0.0500000007450581 0 0.150000005960464 0 0.400000005960464 0 0 0 0.140000000596046 0 0.400000005960464 0 0 0 0.0500000007450581 0 0.200000002980232 0 0 0 0 0 0 0 -0.0900000035762787 0 
0 0 0 0 -0.300000011920929 0 0.150000005960464 0 0.490000009536743 0 0 0 0.150000005960464 0 0.400000005960464 0 0 0 0.0500000007450581 0 0.200000002980232 0 0 0 0 0 0 0 0 0 0 0 0 0 0 0 0 0 0 0 
-0.100000001490116 0 0 0 0 0 -0.200000002980232 0 0.150000005960464 0 0.300000011920929 0 0 0 0 0 0 0 0 0 0.349999994039536 0 0.759999990463257 0 0 0 0.589999973773956 0 0.589999973773956 0 0 0 0 0 0 0 -0.0500000007450581 0 0.25 0 
0.479999989271164 0 0 0 0.300000011920929 0 0.300000011920929 0 0 0 0.100000001490116 0 0.100000001490116 0 0 0 0 0 0 0 0 0 0 0 0 0 -0.0500000007450581 0 0 0 0 0 -0.100000001490116 0 0.25 0 0.600000023841858 0 0 0 
0.25 0 0.550000011920929 0 0 0 0.25 0 0.620000004768372 0 0 0 0 0 0 0 -0.150000005960464 0 0 0 0 0 -0.00999999977648258 0 0 0 0 0 -0.920000016689301 0 0 0 0 0 0 0 0.0500000007450581 0 0.200000002980232 0 
0 0 0 0 0 0 0 0 0 0 0 0 0 0 0 0 0 0 0 0 0 0 0 0 0 0 0 0 0 0 0 0 0 0 0 0 -0.239999994635582 0 0 0 
0 0 0.00999999977648258 0 0 0 0 0 -0.180000007152557 0 0 0 0 0 -0.00999999977648258 0 0 0 0 0 0 0 0 0 0 0 0 0 0 0 0 0 -0.100000001490116 0 0 0 0 0 -0.119999997317791 0 
0 0 0 0 -0.259999990463257 0 0.0500000007450581 0 0.259999990463257 0 0 0 0.209999993443489 0 0.46000000834465 0 0 0 0 0 0 0 -0.109999999403954 0 0.330000013113022 0 0.330000013113022 0 0 0 0 0 0 0 0 0 0 0 0 0 
0 0 0 0 0 0 0 0 0 0 0 0 -0.0199999995529652 0 0 0 0 0 -0.25 0 0.0500000007450581 0 0.280000001192093 0 0 0 0 0 0 0 0 0 0 0 0 0 -0.140000000596046 0 0 0 
0 0 -0.300000011920929 0 0.0500000007450581 0 0.200000002980232 0 0 0 0.0500000007450581 0 0.200000002980232 0 0 0 0.150000005960464 0 0.400000005960464 0 0 0 0 0 0 0 0 0 0 0 0 0 0 0 0.0500000007450581 0 0.200000002980232 0 0 0 
0.0500000007450581 0 0.330000013113022 0 0 0 0.0500000007450581 0 0.330000013113022 0 0 0 0.0500000007450581 0 -0.0599999986588955 0 0 0 0 0 0 0 0 0 0 0 0 0 -0.0900000035762787 0 0.0500000007450581 0 0.259999990463257 0 0 0 0 0 0 0 
0 0 0.300000011920929 0 0.300000011920929 0 0 0 0 0 0 0 0 0 0.25 0 0.479999989271164 0 0 0 0.400000005960464 0 0.400000005960464 0 0 0 0.25 0 0.519999980926514 0 0 0 0.150000005960464 0 0.300000011920929 0 0 0 0 0 
0 0 -0.100000001490116 0 0 0 0 0 -0.0500000007450581 0 0 0 0 0 0 0 0 0 0 0 -0.150000005960464 0 0 0 0 0 -0.100000001490116 0 0 0 0 0 -0.200000002980232 0 0 0 0 0 0 0 
0 0 0 0 -0.0500000007450581 0 0 0 0 0 0 0 0 0 0 0 -0.100000001490116 0 0 0 0 0 0.0700000002980232 0 0 0 0 0 0.129999995231628 0 0 0 0 0 0.379999995231628 0 0.349999994039536 0 0.349999994039536 0 
0 0 0.400000005960464 0 0.400000005960464 0 0 0 0.860000014305115 0 0.860000014305115 0 0 0 0.239999994635582 0 0.239999994635582 0 0 0 0 0 0 0 0 0 0 0 0 0 0.170000001788139 0 0 0 0 0 -0.100000001490116 0 0 0 
0 0 0 0 0.200000002980232 0 0.200000002980232 0 0 0 0.449999988079071 0 0.449999988079071 0 0 0 0 0 0 0 0 0 0.189999997615814 0 0.189999997615814 0 0 0 0 0 0 0 -0.0500000007450581 0 0 0 0 0 0 0 
0 0 0 0 -0.0900000035762787 0 0.150000005960464 0 0.839999973773956 0 0 0 0.150000005960464 0 0.620000004768372 0 0 0 0 0 0 0 0 0 0 0 0 0 -0.100000001490116 0 0 0 0 0 0 0 0 0 0 0 
-0.100000001490116 0 0.330000013113022 0 0.889999985694885 0 0 0 0.330000013113022 0 1.88999998569489 0 0 0 0.25 0 0.930000007152557 0 0 0 0.0500000007450581 0 0.0900000035762787 0 0 0 0 0 0 0 0 0 0.75 0 3.60999989509583 0 0 0 0.870000004768372 0 
0.870000004768372 0 0 0 0.839999973773956 0 0.839999973773956 0 0 0 0.25 0 0.629999995231628 0 0 0 0.150000005960464 0 0.469999998807907 0 0 0 0.0500000007450581 0 0.200000002980232 0 0 0 0 0 0 0 0 0 0 0 0 0 -0.140000000596046 0 
0 0 0 0 -0.150000005960464 0 0.25 0 0.879999995231628 0 0 0 0.25 0 0.569999992847443 0 0 0 0.150000005960464 0 0.389999985694885 0 0 0 0.300000011920929 0 0.159999996423721 0 0.340000003576279 0 
<LsMdc>
0 0 0 0 0 0 
<DMc>

<MoiSN>

<SitFr>

<LsMdc2>
0 0 0 0 0 0 
<DQFc>

<LsPhl>
0 0 0 0 0 0 0 0 0 0 0 0 0 0 0 0 0 0 0 0 0 0 0 0 0 0 0 0 0 0 0 0 0 0 0 0 0 0 0 0 
0 0 0 0 0 0 0 0 0 0 0 0 0 0 0 0 0 0 0 0 0 0 0 0 0 0 0 0 0 0 0 0 0 0 0 0 0 0 0 0 
0 0 0 0 0 0 0 0 0 0 0 0 0 0 0 0 0 0 0 0 0 0 0 0 0 0 0 0 0 0 0 0 0 0 0 0 0 0 0 0 
0 0 0 0 0 0 0 0 0 0 0 0 0 0 0 0 0 0 0 0 0 0 0 0 0 0 0 0 0 0 0 0 0 0 0 0 0 0 0 0 
0 0 0 0 0 0 0 0 0 0 0 0 0 0 0 0 0 0 0 0 0 0 0 0 0 0 0 0 0 0 0 0 0 0 0 0 0 0 0 0 
0 0 0 0 0 0 0 0 0 0 0 0 0 0 0 0 0 0 0 0 0 0 0 0 0 0 0 0 0 0 0 0 0 0 0 0 0 0 0 0 
0 0 0 0 0 0 0 0 0 0 0 0 0 0 0 0 0 0 0 0 0 0 0 0 0 0 0 0 0 0 0 0 0 0 0 0 0 0 0 0 
0 0 0 0 0 0 0 0 0 0 0 0 0 0 0 0 0 0 0 0 0 0 0 0 0 0 0 0 0 0 0 0 0 0 0 0 0 0 0 0 
0 0 0 0 0 0 0 0 0 0 0 0 0 0 0 0 0 0 0 0 0 0 0 0 0 0 0 0 0 0 0 0 0 0 0 0 0 0 0 0 
0 0 0 0 0 0 0 0 0 0 0 0 0 0 0 0 0 0 0 0 0 0 0 0 0 0 0 0 0 0 0 0 0 0 0 0 0 0 0 0 
0 0 0 0 0 0 0 0 0 0 0 0 0 0 0 0 0 0 0 0 0 0 0 0 0 0 0 0 0 0 0 0 0 0 0 0 0 0 0 0 
0 0 0 0 0 0 0 0 0 0 0 0 0 0 0 0 0 0 0 0 0 0 0 0 0 0 0 0 0 0 0 0 0 0 0 0 0 0 0 0 
0 0 0 0 0 0 0 0 0 0 0 0 0 0 0 0 0 0 0 0 0 0 0 0 0 0 0 0 0 0 0 0 0 0 0 0 0 0 0 0 
0 0 0 0 0 0 0 0 0 0 0 0 0 0 0 0 0 0 0 0 0 0 0 0 0 0 0 0 0 0 0 0 0 0 0 0 0 0 0 0 
0 0 0 0 0 0 0 0 0 0 0 0 0 0 0 0 0 0 0 0 0 0 0 0 0 0 0 0 0 0 0 0 0 0 0 0 0 0 0 0 
0 0 0 0 0 0 0 0 0 0 0 0 0 0 0 0 0 0 0 0 0 0 0 0 0 0 0 0 0 0 0 0 0 0 0 0 0 0 0 0 
<PhLin>

<lPhc>

<lnDQFt>
0 0 0 0 0 0 0 0 0 0 0 0 0 0 0 0 0 0 0 0 0 0 0 0 0 0 0 0 0 0 0 0 0 0 0 0 0 0 0 0 
0 0 0 0 0 0 0 0 0 0 0 0 0 0 0 0 0 0 0 0 0 0 0 0 0 0 0 0 0 0 0 0 0 0 0 0 0 0 0 0 
0 0 0 0 0 0 0 0 0 0 0 0 0 0 0 0 0 0 0 0 0 0 0 0 0 0 0 0 0 0 0 0 0 0 0 0 0 0 0 0 
0 0 0 0 0 0 0 0 0 0 0 0 0 0 0 0 0 0 0 0 0 0 0 0 0 0 0 0 0 0 0 0 0 0 0 0 0 0 0 0 
0 0 0 0 0 0 0 0 0 0 0 0 0 0 0 0 0 0 0 0 0 0 0 0 0 0 0 0 0 0 0 0 0 0 0 0 0 0 0 0 
0 0 0 0 0 0 0 0 0 0 0 0 0 0 0 0 0 0 0 0 0 0 0 0 0 0 0 0 0 0 0 0 0 0 0 0 0 0 0 0 
0 0 0 0 0 0 0 0 0 0 0 0 0 0 0 0 0 0 0 0 0 0 0 0 0 0 0 0 0 0 0 0 0 0 0 0 0 0 0 0 
0 0 0 0 0 0 0 0 0 0 0 0 0 0 0 0 0 0 0 0 0 0 0 0 0 0 0 0 0 0 0 0 0 0 0 0 0 0 0 0 
0 0 0 0 0 0 0 0 0 0 0 0 0 0 0 0 0 0 0 0 0 0 0 0 0 0 0 0 0 0 0 0 0 0 0 0 0 0 0 0 
0 0 0 0 0 0 0 0 0 0 0 0 0 0 0 0 0 0 0 0 0 0 0 0 0 0 0 0 0 0 0 0 0 0 0 0 0 0 0 0 
0 0 0 0 0 0 0 0 0 0 0 0 0 0 0 0 0 0 0 0 0 0 0 0 0 0 0 0 0 0 0 0 0 0 0 0 0 0 0 0 
0 0 0 0 0 0 0 0 0 0 0 0 0 0 0 0 0 0 0 0 0 0 0 0 0 0 0 0 0 0 0 0 0 0 0 0 0 0 0 0 
0 0 0 0 0 0 0 0 0 0 0 0 0 0 0 0 0 0 0 0 0 0 0 0 0 0 0 0 0 0 0 0 0 0 0 0 0 0 0 0 
0 0 0 0 0 0 0 0 0 0 0 0 0 0 0 0 0 0 0 0 0 0 0 0 0 0 0 0 0 0 0 0 0 0 0 0 0 0 0 0 
0 0 0 0 0 0 0 0 0 0 0 0 0 0 0 0 0 0 0 0 0 0 0 0 0 0 0 0 0 0 0 0 0 0 0 0 0 0 0 0 
0 0 0 0 0 0 0 0 0 0 0 0 0 0 0 0 0 0 0 0 0 0 0 0 0 0 0 0 0 0 0 0 0 0 0 0 0 0 0 0 
0 0 0 0 0 0 0 0 0 0 0 0 0 0 0 0 0 0 0 0 0 0 0 0 0 0 0 0 0 0 0 0 0 0 0 0 0 0 0 0 
0 0 0 0 0 0 0 0 0 0 0 0 0 0 0 0 0 0 0 0 0 0 0 0 0 0 0 0 0 0 0 0 0 0 0 0 0 0 0 0 
0 0 0 0 0 0 0 0 0 0 0 0 0 0 0 0 0 0 0 0 0 0 0 0 0 0 0 0 0 0 0 0 0 0 0 0 0 0 0 0 
0 0 0 0 0 0 0 0 0 0 0 0 0 0 0 0 0 0 0 0 0 0 0 0 0 0 0 0 0 0 0 0 0 0 0 0 0 0 0 0 
0 0 0 0 0 0 0 0 0 0 0 0 0 0 0 0 0 0 0 0 0 0 0 0 0 0 0 0 0 0 0 0 0 0 0 0 0 0 0 0 
0 0 0 0 0 0 0 0 0 0 0 0 0 0 0 0 0 0 0 0 0 0 0 0 0 0 0 0 0 0 0 0 0 0 0 0 0 0 0 0 
0 0 0 0 0 0 0 0 0 0 0 0 0 0 0 0 0 0 0 0 0 0 0 0 0 0 0 0 0 0 0 0 0 0 0 0 0 0 0 0 
0 0 0 0 0 0 0 0 0 0 0 0 0 0 0 0 0 0 0 0 0 0 0 0 0 0 0 0 0 0 0 0 0 0 0 0 0 0 0 0 
0 0 0 0 0 0 0 0 0 0 0 0 0 0 0 0 0 0 0 0 0 0 0 0 0 0 0 0 0 0 0 0 0 0 0 0 0 0 0 0 
0 0 0 0 0 0 0 0 0 0 0 0 0 0 0 0 0 0 0 0 0 0 0 0 0 0 0 0 0 0 0 0 0 0 0 0 0 0 0 0 
0 0 0 0 0 0 0 0 0 0 0 0 0 0 0 0 0 0 0 0 0 0 0 0 0 0 0 0 0 0 0 0 0 0 
<lnRcpt>
0 0 0 0 0 0 0 0 0 0 0 0 0 0 0 0 0 0 0 0 0 0 0 0 0 0 0 0 0 0 0 0 0 0 0 0 0 0 0 0 
0 0 0 0 0 0 0 0 0 0 0 0 0 0 0 0 0 0 0 0 0 0 0 0 0 0 0 0 0 0 0 0 0 0 0 0 0 0 0 0 
0 0 0 0 0 0 0 0 0 0 0 0 0 0 0 0 0 0 0 0 0 0 0 0 0 0 0 0 0 0 0 0 0 0 0 0 0 0 0 0 
0 0 0 0 0 0 0 0 0 0 0 0 0 0 0 0 0 0 0 0 0 0 0 0 0 0 0 0 0 0 0 0 0 0 0 0 0 0 0 0 
0 0 0 0 0 0 0 0 0 0 0 0 0 0 0 0 0 0 0 0 0 0 0 0 0 0 0 0 0 0 0 0 0 0 0 0 0 0 0 0 
0 0 0 0 0 0 0 0 0 0 0 0 0 0 0 0 0 0 0 0 0 0 0 0 0 0 0 0 0 0 0 0 0 0 0 0 0 0 0 0 
0 0 0 0 0 0 0 0 0 0 0 0 0 0 0 0 0 0 0 0 0 0 0 0 0 0 0 0 0 0 0 0 0 0 0 0 0 0 0 0 
0 0 0 0 0 0 0 0 0 0 0 0 0 0 0 0 0 0 0 0 0 0 0 0 0 0 0 0 0 0 0 0 0 0 0 0 0 0 0 0 
0 0 0 0 0 0 0 0 0 0 0 0 0 0 0 0 0 0 0 0 0 0 0 0 0 0 0 0 0 0 0 0 0 0 0 0 0 0 0 0 
0 0 0 0 0 0 0 0 0 0 0 0 0 0 0 0 0 0 0 0 0 0 0 0 0 0 0 0 0 0 0 0 0 0 0 0 0 0 0 0 
0 0 0 0 0 0 0 0 0 0 0 0 0 0 0 0 0 0 0 0 0 0 0 0 0 0 0 0 0 0 0 0 0 0 0 0 0 0 0 0 
0 0 0 0 0 0 0 0 0 0 0 0 0 0 0 0 0 0 0 0 0 0 0 0 0 0 0 0 0 0 0 0 0 0 0 0 0 0 0 0 
0 0 0 0 0 0 0 0 0 0 0 0 0 0 0 0 0 0 0 0 0 0 0 0 0 0 0 0 0 0 0 0 0 0 0 0 0 0 0 0 
0 0 0 0 0 0 0 0 0 0 0 0 0 0 0 0 0 0 0 0 0 0 0 0 0 0 0 0 0 0 0 0 0 0 0 0 0 0 0 0 
0 0 0 0 0 0 0 0 0 0 0 0 0 0 0 0 0 0 0 0 0 0 0 0 0 0 0 0 0 0 0 0 0 0 0 0 0 0 0 0 
0 0 0 0 0 0 0 0 0 0 0 0 0 0 0 0 0 0 0 0 0 0 0 0 0 0 0 0 0 0 0 0 0 0 0 0 0 0 0 0 
0 0 0 0 0 0 0 0 0 0 0 0 0 0 0 0 0 0 0 0 0 0 0 0 0 0 0 0 0 0 0 0 0 0 0 0 0 0 0 0 
0 0 0 0 0 0 0 0 0 0 0 0 0 0 0 0 0 0 0 0 0 0 0 0 0 0 0 0 0 0 0 0 0 0 0 0 0 0 0 0 
0 0 0 0 0 0 0 0 0 0 0 0 0 0 0 0 0 0 0 0 0 0 0 0 0 0 0 0 0 0 0 0 0 0 0 0 0 0 0 0 
0 0 0 0 0 0 0 0 0 0 0 0 0 0 0 0 0 0 0 0 0 0 0 0 0 0 0 0 0 0 0 0 0 0 0 0 0 0 0 0 
0 0 0 0 0 0 0 0 0 0 0 0 0 0 0 0 0 0 0 0 0 0 0 0 0 0 0 0 0 0 0 0 0 0 0 0 0 0 0 0 
0 0 0 0 0 0 0 0 0 0 0 0 0 0 0 0 0 0 0 0 0 0 0 0 0 0 0 0 0 0 0 0 0 0 0 0 0 0 0 0 
0 0 0 0 0 0 0 0 0 0 0 0 0 0 0 0 0 0 0 0 0 0 0 0 0 0 0 0 0 0 0 0 0 0 0 0 0 0 0 0 
0 0 0 0 0 0 0 0 0 0 0 0 0 0 0 0 0 0 0 0 0 0 0 0 0 0 0 0 0 0 0 0 0 0 0 0 0 0 0 0 
0 0 0 0 0 0 0 0 0 0 0 0 0 0 0 0 0 0 0 0 0 0 0 0 0 0 0 0 0 0 0 0 0 0 0 0 0 0 0 0 
0 0 0 0 0 0 0 0 0 0 0 0 0 0 0 0 0 0 0 0 0 0 0 0 0 0 0 0 0 0 0 0 0 0 0 0 0 0 0 0 
0 0 0 0 0 0 0 0 0 0 0 0 0 0 0 0 0 0 0 0 0 0 0 0 0 0 0 0 0 0 0 0 0 0 
<lnExet>
0 0 0 0 0 0 0 0 0 0 0 0 0 0 0 0 0 0 0 0 0 0 0 0 0 0 0 0 0 0 0 0 0 0 0 0 0 0 0 0 
0 0 0 0 0 0 0 0 0 0 0 0 0 0 0 0 0 0 0 0 0 0 0 0 0 0 0 0 0 0 0 0 0 0 0 0 0 0 0 0 
0 0 0 0 0 0 0 0 0 0 0 0 0 0 0 0 0 0 0 0 0 0 0 0 0 0 0 0 0 0 0 0 0 0 0 0 0 0 0 0 
0 0 0 0 0 0 0 0 0 0 0 0 0 0 0 0 0 0 0 0 0 0 0 0 0 0 0 0 0 0 0 0 0 0 0 0 0 0 0 0 
0 0 0 0 0 0 0 0 0 0 0 0 0 0 0 0 0 0 0 0 0 0 0 0 0 0 0 0 0 0 0 0 0 0 0 0 0 0 0 0 
0 0 0 0 0 0 0 0 0 0 0 0 0 0 0 0 0 0 0 0 0 0 0 0 0 0 0 0 0 0 0 0 0 0 0 0 0 0 0 0 
0 0 0 0 0 0 0 0 0 0 0 0 0 0 0 0 0 0 0 0 0 0 0 0 0 0 0 0 0 0 0 0 0 0 0 0 0 0 0 0 
0 0 0 0 0 0 0 0 0 0 0 0 0 0 0 0 0 0 0 0 0 0 0 0 0 0 0 0 0 0 0 0 0 0 0 0 0 0 0 0 
0 0 0 0 0 0 0 0 0 0 0 0 0 0 0 0 0 0 0 0 0 0 0 0 0 0 0 0 0 0 0 0 0 0 0 0 0 0 0 0 
0 0 0 0 0 0 0 0 0 0 0 0 0 0 0 0 0 0 0 0 0 0 0 0 0 0 0 0 0 0 0 0 0 0 0 0 0 0 0 0 
0 0 0 0 0 0 0 0 0 0 0 0 0 0 0 0 0 0 0 0 0 0 0 0 0 0 0 0 0 0 0 0 0 0 0 0 0 0 0 0 
0 0 0 0 0 0 0 0 0 0 0 0 0 0 0 0 0 0 0 0 0 0 0 0 0 0 0 0 0 0 0 0 0 0 0 0 0 0 0 0 
0 0 0 0 0 0 0 0 0 0 0 0 0 0 0 0 0 0 0 0 0 0 0 0 0 0 0 0 0 0 0 0 0 0 0 0 0 0 0 0 
0 0 0 0 0 0 0 0 0 0 0 0 0 0 0 0 0 0 0 0 0 0 0 0 0 0 0 0 0 0 0 0 0 0 0 0 0 0 0 0 
0 0 0 0 0 0 0 0 0 0 0 0 0 0 0 0 0 0 0 0 0 0 0 0 0 0 0 0 0 0 0 0 0 0 0 0 0 0 0 0 
0 0 0 0 0 0 0 0 0 0 0 0 0 0 0 0 0 0 0 0 0 0 0 0 0 0 0 0 0 0 0 0 0 0 0 0 0 0 0 0 
0 0 0 0 0 0 0 0 0 0 0 0 0 0 0 0 0 0 0 0 0 0 0 0 0 0 0 0 0 0 0 0 0 0 0 0 0 0 0 0 
0 0 0 0 0 0 0 0 0 0 0 0 0 0 0 0 0 0 0 0 0 0 0 0 0 0 0 0 0 0 0 0 0 0 0 0 0 0 0 0 
0 0 0 0 0 0 0 0 0 0 0 0 0 0 0 0 0 0 0 0 0 0 0 0 0 0 0 0 0 0 0 0 0 0 0 0 0 0 0 0 
0 0 0 0 0 0 0 0 0 0 0 0 0 0 0 0 0 0 0 0 0 0 0 0 0 0 0 0 0 0 0 0 0 0 0 0 0 0 0 0 
0 0 0 0 0 0 0 0 0 0 0 0 0 0 0 0 0 0 0 0 0 0 0 0 0 0 0 0 0 0 0 0 0 0 0 0 0 0 0 0 
0 0 0 0 0 0 0 0 0 0 0 0 0 0 0 0 0 0 0 0 0 0 0 0 0 0 0 0 0 0 0 0 0 0 0 0 0 0 0 0 
0 0 0 0 0 0 0 0 0 0 0 0 0 0 0 0 0 0 0 0 0 0 0 0 0 0 0 0 0 0 0 0 0 0 0 0 0 0 0 0 
0 0 0 0 0 0 0 0 0 0 0 0 0 0 0 0 0 0 0 0 0 0 0 0 0 0 0 0 0 0 0 0 0 0 0 0 0 0 0 0 
0 0 0 0 0 0 0 0 0 0 0 0 0 0 0 0 0 0 0 0 0 0 0 0 0 0 0 0 0 0 0 0 0 0 0 0 0 0 0 0 
0 0 0 0 0 0 0 0 0 0 0 0 0 0 0 0 0 0 0 0 0 0 0 0 0 0 0 0 0 0 0 0 0 0 0 0 0 0 0 0 
0 0 0 0 0 0 0 0 0 0 0 0 0 0 0 0 0 0 0 0 0 0 0 0 0 0 0 0 0 0 0 0 0 0 
<lnCnft>
0 0 0 0 0 0 0 0 0 0 0 0 0 0 0 0 0 0 0 0 0 0 0 0 0 0 0 0 0 0 0 0 0 0 0 0 0 0 0 0 
0 0 0 0 0 0 0 0 0 0 0 0 0 0 0 0 0 0 0 0 0 0 0 0 0 0 0 0 0 0 0 0 0 0 0 0 0 0 0 0 
0 0 0 0 0 0 0 0 0 0 0 0 0 0 0 0 0 0 0 0 0 0 0 0 0 0 0 0 0 0 0 0 0 0 0 0 0 0 0 0 
0 0 0 0 0 0 0 0 0 0 0 0 0 0 0 0 0 0 0 0 0 0 0 0 0 0 0 0 0 0 0 0 0 0 0 0 0 0 0 0 
0 0 0 0 0 0 0 0 0 0 0 0 0 0 0 0 0 0 0 0 0 0 0 0 0 0 0 0 0 0 0 0 0 0 0 0 0 0 0 0 
0 0 0 0 0 0 0 0 0 0 0 0 0 0 0 0 0 0 0 0 0 0 0 0 0 0 0 0 0 0 0 0 0 0 0 0 0 0 0 0 
0 0 0 0 0 0 0 0 0 0 0 0 0 0 0 0 0 0 0 0 0 0 0 0 0 0 0 0 0 0 0 0 0 0 0 0 0 0 0 0 
0 0 0 0 0 0 0 0 0 0 0 0 0 0 0 0 0 0 0 0 0 0 0 0 0 0 0 0 0 0 0 0 0 0 0 0 0 0 0 0 
0 0 0 0 0 0 0 0 0 0 0 0 0 0 0 0 0 0 0 0 0 0 0 0 0 0 0 0 0 0 0 0 0 0 0 0 0 0 0 0 
0 0 0 0 0 0 0 0 0 0 0 0 0 0 0 0 0 0 0 0 0 0 0 0 0 0 0 0 0 0 0 0 0 0 0 0 0 0 0 0 
0 0 0 0 0 0 0 0 0 0 0 0 0 0 0 0 0 0 0 0 0 0 0 0 0 0 0 0 0 0 0 0 0 0 0 0 0 0 0 0 
0 0 0 0 0 0 0 0 0 0 0 0 0 0 0 0 0 0 0 0 0 0 0 0 0 0 0 0 0 0 0 0 0 0 0 0 0 0 0 0 
0 0 0 0 0 0 0 0 0 0 0 0 0 0 0 0 0 0 0 0 0 0 0 0 0 0 0 0 0 0 0 0 0 0 0 0 0 0 0 0 
0 0 0 0 0 0 0 0 0 0 0 0 0 0 0 0 0 0 0 0 0 0 0 0 0 0 0 0 0 0 0 0 0 0 0 0 0 0 0 0 
0 0 0 0 0 0 0 0 0 0 0 0 0 0 0 0 0 0 0 0 0 0 0 0 0 0 0 0 0 0 0 0 0 0 0 0 0 0 0 0 
0 0 0 0 0 0 0 0 0 0 0 0 0 0 0 0 0 0 0 0 0 0 0 0 0 0 0 0 0 0 0 0 0 0 0 0 0 0 0 0 
0 0 0 0 0 0 0 0 0 0 0 0 0 0 0 0 0 0 0 0 0 0 0 0 0 0 0 0 0 0 0 0 0 0 0 0 0 0 0 0 
0 0 0 0 0 0 0 0 0 0 0 0 0 0 0 0 0 0 0 0 0 0 0 0 0 0 0 0 0 0 0 0 0 0 0 0 0 0 0 0 
0 0 0 0 0 0 0 0 0 0 0 0 0 0 0 0 0 0 0 0 0 0 0 0 0 0 0 0 0 0 0 0 0 0 0 0 0 0 0 0 
0 0 0 0 0 0 0 0 0 0 0 0 0 0 0 0 0 0 0 0 0 0 0 0 0 0 0 0 0 0 0 0 0 0 0 0 0 0 0 0 
0 0 0 0 0 0 0 0 0 0 0 0 0 0 0 0 0 0 0 0 0 0 0 0 0 0 0 0 0 0 0 0 0 0 0 0 0 0 0 0 
0 0 0 0 0 0 0 0 0 0 0 0 0 0 0 0 0 0 0 0 0 0 0 0 0 0 0 0 0 0 0 0 0 0 0 0 0 0 0 0 
0 0 0 0 0 0 0 0 0 0 0 0 0 0 0 0 0 0 0 0 0 0 0 0 0 0 0 0 0 0 0 0 0 0 0 0 0 0 0 0 
0 0 0 0 0 0 0 0 0 0 0 0 0 0 0 0 0 0 0 0 0 0 0 0 0 0 0 0 0 0 0 0 0 0 0 0 0 0 0 0 
0 0 0 0 0 0 0 0 0 0 0 0 0 0 0 0 0 0 0 0 0 0 0 0 0 0 0 0 0 0 0 0 0 0 0 0 0 0 0 0 
0 0 0 0 0 0 0 0 0 0 0 0 0 0 0 0 0 0 0 0 0 0 0 0 0 0 0 0 0 0 0 0 0 0 0 0 0 0 0 0 
0 0 0 0 0 0 0 0 0 0 0 0 0 0 0 0 0 0 0 0 0 0 0 0 0 0 0 0 0 0 0 0 0 0 
<SorMc>
0 0 0 0 0 0 0 0 0 0 0 0 0 0 0 0 
0 0 0 0 0 0 0 0 0 0 0 0 0 0 0 0 
<LsISmo>
0 0 0 0 0 0 0 0 
<xSMd>

<IsoPc>

<IsoSc>

<IsoCt>

<LsESmo>
0 0 0 0 0 0 0 0 
<EImc>

<mCDc>

<lnScalT>
0 0 0 0 0 0 0 0 0 0 0 0 0 0 0 0 0 0 0 0 0 0 0 0 0 0 0 0 0 0 0 0 0 0 0 0 0 0 0 0 
0 0 0 0 0 0 0 0 0 0 0 0 0 0 0 0 0 0 0 0 0 0 0 0 0 0 0 0 0 0 0 0 0 0 0 0 0 0 0 0 
0 0 0 0 0 0 0 0 0 0 0 0 0 0 0 0 0 0 0 0 0 0 0 0 0 0 0 0 0 0 0 0 0 0 0 0 0 0 0 0 
0 0 0 0 0 0 0 0 0 0 0 0 0 0 0 0 0 0 0 0 0 0 0 0 0 0 0 0 0 0 0 0 0 0 0 0 0 0 0 0 
0 0 0 0 0 0 0 0 0 0 0 0 0 0 0 0 0 0 0 0 0 0 0 0 0 0 0 0 0 0 0 0 0 0 0 0 0 0 0 0 
0 0 0 0 0 0 0 0 0 0 0 0 0 0 0 0 0 0 0 0 0 0 0 0 0 0 0 0 0 0 0 0 0 0 0 0 0 0 0 0 
0 0 0 0 0 0 0 0 0 0 0 0 0 0 0 0 0 0 0 0 0 0 0 0 0 0 0 0 0 0 0 0 0 0 0 0 0 0 0 0 
0 0 0 0 0 0 0 0 0 0 0 0 0 0 0 0 0 0 0 0 0 0 0 0 0 0 0 0 0 0 0 0 0 0 0 0 0 0 0 0 
0 0 0 0 0 0 0 0 0 0 0 0 0 0 0 0 0 0 0 0 0 0 0 0 0 0 0 0 0 0 0 0 0 0 0 0 0 0 0 0 
0 0 0 0 0 0 0 0 0 0 0 0 0 0 0 0 0 0 0 0 0 0 0 0 0 0 0 0 0 0 0 0 0 0 0 0 0 0 0 0 
0 0 0 0 0 0 0 0 0 0 0 0 0 0 0 0 0 0 0 0 0 0 0 0 0 0 0 0 0 0 0 0 0 0 0 0 0 0 0 0 
0 0 0 0 0 0 0 0 0 0 0 0 0 0 0 0 0 0 0 0 0 0 0 0 0 0 0 0 0 0 0 0 0 0 0 0 0 0 0 0 
0 0 0 0 0 0 0 0 0 0 0 0 0 0 0 0 0 0 0 0 0 0 0 0 0 0 0 0 0 0 0 0 0 0 0 0 0 0 0 0 
0 0 0 0 0 0 0 0 0 0 0 0 0 0 0 0 0 0 0 0 0 0 0 0 0 0 0 0 0 0 0 0 0 0 0 0 0 0 0 0 
0 0 0 0 0 0 0 0 0 0 0 0 0 0 0 0 0 0 0 0 0 0 0 0 0 0 0 0 0 0 0 0 0 0 0 0 0 0 0 0 
0 0 0 0 0 0 0 0 0 0 0 0 0 0 0 0 0 0 0 0 0 0 0 0 0 0 0 0 0 0 0 0 0 0 0 0 0 0 0 0 
0 0 0 0 0 0 0 0 0 0 0 0 0 0 0 0 0 0 0 0 0 0 0 0 0 0 0 0 0 0 0 0 0 0 0 0 0 0 0 0 
0 0 0 0 0 0 0 0 0 0 0 0 0 0 0 0 0 0 0 0 0 0 0 0 0 0 0 0 0 0 0 0 0 0 0 0 0 0 0 0 
0 0 0 0 0 0 0 0 0 0 0 0 0 0 0 0 0 0 0 0 0 0 0 0 0 0 0 0 0 0 0 0 0 0 0 0 0 0 0 0 
0 0 0 0 0 0 0 0 0 0 0 0 0 0 0 0 0 0 0 0 0 0 0 0 0 0 0 0 0 0 0 0 0 0 0 0 0 0 0 0 
0 0 0 0 0 0 0 0 0 0 0 0 0 0 0 0 0 0 0 0 0 0 0 0 0 0 0 0 0 0 0 0 0 0 0 0 0 0 0 0 
0 0 0 0 0 0 0 0 0 0 0 0 0 0 0 0 0 0 0 0 0 0 0 0 0 0 0 0 0 0 0 0 0 0 0 0 0 0 0 0 
0 0 0 0 0 0 0 0 0 0 0 0 0 0 0 0 0 0 0 0 0 0 0 0 0 0 0 0 0 0 0 0 0 0 0 0 0 0 0 0 
0 0 0 0 0 0 0 0 0 0 0 0 0 0 0 0 0 0 0 0 0 0 0 0 0 0 0 0 0 0 0 0 0 0 0 0 0 0 0 0 
0 0 0 0 0 0 0 0 0 0 0 0 0 0 0 0 0 0 0 0 0 0 0 0 0 0 0 0 0 0 0 0 0 0 0 0 0 0 0 0 
0 0 0 0 0 0 0 0 0 0 0 0 0 0 0 0 0 0 0 0 0 0 0 0 0 0 0 0 0 0 0 0 0 0 0 0 0 0 0 0 
0 0 0 0 0 0 0 0 0 0 0 0 0 0 0 0 0 0 0 0 0 0 0 0 0 0 0 0 0 0 0 0 0 0 
<lnSACT>
0 0 0 0 0 0 0 0 0 0 0 0 0 0 0 0 0 0 0 0 0 0 0 0 0 0 0 0 0 0 0 0 0 0 0 0 0 0 0 0 
0 0 0 0 0 0 0 0 0 0 0 0 0 0 0 0 0 0 0 0 0 0 0 0 0 0 0 0 0 0 0 0 0 0 0 0 0 0 0 0 
0 0 0 0 0 0 0 0 0 0 0 0 0 0 0 0 0 0 0 0 0 0 0 0 0 0 0 0 0 0 0 0 0 0 0 0 0 0 0 0 
0 0 0 0 0 0 0 0 0 0 0 0 0 0 0 0 0 0 0 0 0 0 0 0 0 0 0 0 0 0 0 0 0 0 0 0 0 0 0 0 
0 0 0 0 0 0 0 0 0 0 0 0 0 0 0 0 0 0 0 0 0 0 0 0 0 0 0 0 0 0 0 0 0 0 0 0 0 0 0 0 
0 0 0 0 0 0 0 0 0 0 0 0 0 0 0 0 0 0 0 0 0 0 0 0 0 0 0 0 0 0 0 0 0 0 0 0 0 0 0 0 
0 0 0 0 0 0 0 0 0 0 0 0 0 0 0 0 0 0 0 0 0 0 0 0 0 0 0 0 0 0 0 0 0 0 0 0 0 0 0 0 
0 0 0 0 0 0 0 0 0 0 0 0 0 0 0 0 0 0 0 0 0 0 0 0 0 0 0 0 0 0 0 0 0 0 0 0 0 0 0 0 
0 0 0 0 0 0 0 0 0 0 0 0 0 0 0 0 0 0 0 0 0 0 0 0 0 0 0 0 0 0 0 0 0 0 0 0 0 0 0 0 
0 0 0 0 0 0 0 0 0 0 0 0 0 0 0 0 0 0 0 0 0 0 0 0 0 0 0 0 0 0 0 0 0 0 0 0 0 0 0 0 
0 0 0 0 0 0 0 0 0 0 0 0 0 0 0 0 0 0 0 0 0 0 0 0 0 0 0 0 0 0 0 0 0 0 0 0 0 0 0 0 
0 0 0 0 0 0 0 0 0 0 0 0 0 0 0 0 0 0 0 0 0 0 0 0 0 0 0 0 0 0 0 0 0 0 0 0 0 0 0 0 
0 0 0 0 0 0 0 0 0 0 0 0 0 0 0 0 0 0 0 0 0 0 0 0 0 0 0 0 0 0 0 0 0 0 0 0 0 0 0 0 
0 0 0 0 0 0 0 0 0 0 0 0 0 0 0 0 0 0 0 0 0 0 0 0 0 0 0 0 0 0 0 0 0 0 0 0 0 0 0 0 
0 0 0 0 0 0 0 0 0 0 0 0 0 0 0 0 0 0 0 0 0 0 0 0 0 0 0 0 0 0 0 0 0 0 0 0 0 0 0 0 
0 0 0 0 0 0 0 0 0 0 0 0 0 0 0 0 0 0 0 0 0 0 0 0 0 0 0 0 0 0 0 0 0 0 0 0 0 0 0 0 
0 0 0 0 0 0 0 0 0 0 0 0 0 0 0 0 0 0 0 0 0 0 0 0 0 0 0 0 0 0 0 0 0 0 0 0 0 0 0 0 
0 0 0 0 0 0 0 0 0 0 0 0 0 0 0 0 0 0 0 0 0 0 0 0 0 0 0 0 0 0 0 0 0 0 0 0 0 0 0 0 
0 0 0 0 0 0 0 0 0 0 0 0 0 0 0 0 0 0 0 0 0 0 0 0 0 0 0 0 0 0 0 0 0 0 0 0 0 0 0 0 
0 0 0 0 0 0 0 0 0 0 0 0 0 0 0 0 0 0 0 0 0 0 0 0 0 0 0 0 0 0 0 0 0 0 0 0 0 0 0 0 
0 0 0 0 0 0 0 0 0 0 0 0 0 0 0 0 0 0 0 0 0 0 0 0 0 0 0 0 0 0 0 0 0 0 0 0 0 0 0 0 
0 0 0 0 0 0 0 0 0 0 0 0 0 0 0 0 0 0 0 0 0 0 0 0 0 0 0 0 0 0 0 0 0 0 0 0 0 0 0 0 
0 0 0 0 0 0 0 0 0 0 0 0 0 0 0 0 0 0 0 0 0 0 0 0 0 0 0 0 0 0 0 0 0 0 0 0 0 0 0 0 
0 0 0 0 0 0 0 0 0 0 0 0 0 0 0 0 0 0 0 0 0 0 0 0 0 0 0 0 0 0 0 0 0 0 0 0 0 0 0 0 
0 0 0 0 0 0 0 0 0 0 0 0 0 0 0 0 0 0 0 0 0 0 0 0 0 0 0 0 0 0 0 0 0 0 0 0 0 0 0 0 
0 0 0 0 0 0 0 0 0 0 0 0 0 0 0 0 0 0 0 0 0 0 0 0 0 0 0 0 0 0 0 0 0 0 0 0 0 0 0 0 
0 0 0 0 0 0 0 0 0 0 0 0 0 0 0 0 0 0 0 0 0 0 0 0 0 0 0 0 0 0 0 0 0 0 
<lnGammF>
0 0 0 0 0 0 0 0 0 0 0 0 0 0 0 0 0 0 0 0 0 0 0 0 0 0 0 0 0 0 0 0 0 0 0 0 0 0 0 0 
0 0 0 0 0 0 0 0 0 0 0 0 0 0 0 0 0 0 0 0 0 0 0 0 0 0 0 0 0 0 0 0 0 0 0 0 0 0 0 0 
0 0 0 0 0 0 0 0 0 0 0 0 0 0 0 0 0 0 0 0 0 0 0 0 0 0 0 0 0 0 0 0 0 0 0 0 0 0 0 0 
0 0 0 0 0 0 0 0 0 0 0 0 0 0 0 0 0 0 0 0 0 0 0 0 0 0 0 0 0 0 0 0 0 0 0 0 0 0 0 0 
0 0 0 0 0 0 0 0 0 0 0 0 0 0 0 0 0 0 0 0 0 0 0 0 0 0 0 0 0 0 0 0 0 0 0 0 0 0 0 0 
0 0 0 0 0 0 0 0 0 0 0 0 0 0 0 0 0 0 0 0 0 0 0 0 0 0 0 0 0 0 0 0 0 0 0 0 0 0 0 0 
0 0 0 0 0 0 0 0 0 0 0 0 0 0 0 0 0 0 0 0 0 0 0 0 0 0 0 0 0 0 0 0 0 0 0 0 0 0 0 0 
0 0 0 0 0 0 0 0 0 0 0 0 0 0 0 0 0 0 0 0 0 0 0 0 0 0 0 0 0 0 0 0 0 0 0 0 0 0 0 0 
0 0 0 0 0 0 0 0 0 0 0 0 0 0 0 0 0 0 0 0 0 0 0 0 0 0 0 0 0 0 0 0 0 0 0 0 0 0 0 0 
0 0 0 0 0 0 0 0 0 0 0 0 0 0 0 0 0 0 0 0 0 0 0 0 0 0 0 0 0 0 0 0 0 0 0 0 0 0 0 0 
0 0 0 0 0 0 0 0 0 0 0 0 0 0 0 0 0 0 0 0 0 0 0 0 0 0 0 0 0 0 0 0 0 0 0 0 0 0 0 0 
0 0 0 0 0 0 0 0 0 0 0 0 0 0 0 0 0 0 0 0 0 0 0 0 0 0 0 0 0 0 0 0 0 0 0 0 0 0 0 0 
0 0 0 0 0 0 0 0 0 0 0 0 0 0 0 0 0 0 0 0 0 0 0 0 0 0 0 0 0 0 0 0 0 0 0 0 0 0 0 0 
0 0 0 0 0 0 0 0 0 0 0 0 0 0 0 0 0 0 0 0 0 0 0 0 0 0 0 0 0 0 0 0 0 0 0 0 0 0 0 0 
0 0 0 0 0 0 0 0 0 0 0 0 0 0 0 0 0 0 0 0 0 0 0 0 0 0 0 0 0 0 0 0 0 0 0 0 0 0 0 0 
0 0 0 0 0 0 0 0 0 0 0 0 0 0 0 0 0 0 0 0 0 0 0 0 0 0 0 0 0 0 0 0 0 0 0 0 0 0 0 0 
0 0 0 0 0 0 0 0 0 0 0 0 0 0 0 0 0 0 0 0 0 0 0 0 0 0 0 0 0 0 0 0 0 0 0 0 0 0 0 0 
0 0 0 0 0 0 0 0 0 0 0 0 0 0 0 0 0 0 0 0 0 0 0 0 0 0 0 0 0 0 0 0 0 0 0 0 0 0 0 0 
0 0 0 0 0 0 0 0 0 0 0 0 0 0 0 0 0 0 0 0 0 0 0 0 0 0 0 0 0 0 0 0 0 0 0 0 0 0 0 0 
0 0 0 0 0 0 0 0 0 0 0 0 0 0 0 0 0 0 0 0 0 0 0 0 0 0 0 0 0 0 0 0 0 0 0 0 0 0 0 0 
0 0 0 0 0 0 0 0 0 0 0 0 0 0 0 0 0 0 0 0 0 0 0 0 0 0 0 0 0 0 0 0 0 0 0 0 0 0 0 0 
0 0 0 0 0 0 0 0 0 0 0 0 0 0 0 0 0 0 0 0 0 0 0 0 0 0 0 0 0 0 0 0 0 0 0 0 0 0 0 0 
0 0 0 0 0 0 0 0 0 0 0 0 0 0 0 0 0 0 0 0 0 0 0 0 0 0 0 0 0 0 0 0 0 0 0 0 0 0 0 0 
0 0 0 0 0 0 0 0 0 0 0 0 0 0 0 0 0 0 0 0 0 0 0 0 0 0 0 0 0 0 0 0 0 0 0 0 0 0 0 0 
0 0 0 0 0 0 0 0 0 0 0 0 0 0 0 0 0 0 0 0 0 0 0 0 0 0 0 0 0 0 0 0 0 0 0 0 0 0 0 0 
0 0 0 0 0 0 0 0 0 0 0 0 0 0 0 0 0 0 0 0 0 0 0 0 0 0 0 0 0 0 0 0 0 0 0 0 0 0 0 0 
0 0 0 0 0 0 0 0 0 0 0 0 0 0 0 0 0 0 0 0 0 0 0 0 0 0 0 0 0 0 0 0 0 0 
<CTerms>
0 0 0 0 0 0 0 0 0 0 0 0 0 0 0 0 0 0 0 0 0 0 0 0 0 0 0 0 0 0 0 0 0 0 0 0 0 0 0 0 
0 0 0 0 0 0 0 0 0 0 0 0 0 0 0 0 0 0 0 0 0 0 0 0 0 0 0 0 0 0 0 0 0 0 0 0 0 0 0 0 
0 0 0 0 0 0 0 0 0 0 0 0 0 0 0 0 0 0 0 0 0 0 0 0 0 0 0 0 0 0 0 0 0 0 0 0 0 0 0 0 
0 0 0 0 0 0 0 0 0 0 0 0 0 0 0 0 0 0 0 0 0 0 0 0 0 0 0 0 0 0 0 0 0 0 0 0 0 0 0 0 
0 0 0 0 0 0 0 0 0 0 0 0 0 0 0 0 0 0 0 0 0 0 0 0 0 0 0 0 0 0 0 0 0 0 0 0 0 0 0 0 
0 0 0 0 0 0 0 0 0 0 0 0 0 0 0 0 0 0 0 0 0 0 0 0 0 0 0 0 0 0 0 0 0 0 0 0 0 0 0 0 
0 0 0 0 0 0 0 0 0 0 0 0 0 0 0 0 0 0 0 0 0 0 0 0 0 0 0 0 0 0 0 0 0 0 0 0 0 0 0 0 
0 0 0 0 0 0 0 0 0 0 0 0 0 0 0 0 0 0 0 0 0 0 0 0 0 0 0 0 0 0 0 0 0 0 0 0 0 0 0 0 
0 0 0 0 0 0 0 0 0 0 0 0 0 0 0 0 0 0 0 0 0 0 0 0 0 0 0 0 0 0 0 0 0 0 0 0 0 0 0 0 
0 0 0 0 0 0 0 0 0 0 0 0 0 0 0 0 0 0 0 0 0 0 0 0 0 0 0 0 0 0 0 0 0 0 0 0 0 0 0 0 
0 0 0 0 0 0 0 0 0 0 0 0 0 0 0 0 0 0 0 0 0 0 0 0 0 0 0 0 0 0 0 0 0 0 0 0 0 0 0 0 
0 0 0 0 0 0 0 0 0 0 0 0 0 0 0 0 0 0 0 0 0 0 0 0 0 0 0 0 0 0 0 0 0 0 0 0 0 0 0 0 
0 0 0 0 0 0 0 0 0 0 0 0 0 0 0 0 0 0 0 0 0 0 0 0 0 0 0 0 0 0 0 0 0 0 0 0 0 0 0 0 
0 0 0 0 0 0 0 0 0 0 0 0 0 0 0 0 0 0 0 0 0 0 0 0 0 0 0 0 0 0 0 0 0 0 0 0 0 0 0 0 
0 0 0 0 0 0 0 0 0 0 0 0 0 0 0 0 0 0 0 0 0 0 0 0 0 0 0 0 0 0 0 0 0 0 0 0 0 0 0 0 
0 0 0 0 0 0 0 0 0 0 0 0 0 0 0 0 0 0 0 0 0 0 0 0 0 0 0 0 0 0 0 0 0 0 0 0 0 0 0 0 
0 0 0 0 0 0 0 0 0 0 0 0 0 0 0 0 0 0 0 0 0 0 0 0 0 0 0 0 0 0 0 0 0 0 0 0 0 0 0 0 
0 0 0 0 0 0 0 0 0 0 0 0 0 0 0 0 0 0 0 0 0 0 0 0 0 0 0 0 0 0 0 0 0 0 0 0 0 0 0 0 
0 0 0 0 0 0 0 0 0 0 0 0 0 0 0 0 0 0 0 0 0 0 0 0 0 0 0 0 0 0 0 0 0 0 0 0 0 0 0 0 
0 0 0 0 0 0 0 0 0 0 0 0 0 0 0 0 0 0 0 0 0 0 0 0 0 0 0 0 0 0 0 0 0 0 0 0 0 0 0 0 
0 0 0 0 0 0 0 0 0 0 0 0 0 0 0 0 0 0 0 0 0 0 0 0 0 0 0 0 0 0 0 0 0 0 0 0 0 0 0 0 
0 0 0 0 0 0 0 0 0 0 0 0 0 0 0 0 0 0 0 0 0 0 0 0 0 0 0 0 0 0 0 0 0 0 0 0 0 0 0 0 
0 0 0 0 0 0 0 0 0 0 0 0 0 0 0 0 0 0 0 0 0 0 0 0 0 0 0 0 0 0 0 0 0 0 0 0 0 0 0 0 
0 0 0 0 0 0 0 0 0 0 0 0 0 0 0 0 0 0 0 0 0 0 0 0 0 0 0 0 0 0 0 0 0 0 0 0 0 0 0 0 
0 0 0 0 0 0 0 0 0 0 0 0 0 0 0 0 0 0 0 0 0 0 0 0 0 0 0 0 0 0 0 0 0 0 0 0 0 0 0 0 
0 0 0 0 0 0 0 0 0 0 0 0 0 0 0 0 0 0 0 0 0 0 0 0 0 0 0 0 0 0 0 0 0 0 0 0 0 0 0 0 
0 0 0 0 0 0 0 0 0 0 0 0 0 0 0 0 0 0 0 0 0 0 0 0 0 0 0 0 0 0 0 0 0 0 
<kMod>
'NNNNNN' 'NNNNNN' 'NNNNNN' 'NNNNNN' 'NNNNNN' 'NNNNNN' 'NNNNNN' 'NNNNNN' 'NNNNNN' 'NNNNNN' 'NNNNNN' 'NNNNNN' 'NNNNNN' 'NNNNNN' 'NNNNNN' 'NNNNNN' 'NNNNNN' 'NNNNNN' 'NNNNNN' 'NNNNNN' 'NNNNNN' 'NNNNNN' 'NNNNNN' 'NNNNNN' 'NNNNNN' 'NNNNNN' 'NNNNNN' 'NNNNNN' 'NNNNNN' 'NNNNNN' 'NNNNNN' 'NNNNNN' 'NNNNNN' 'NNNNNN' 'NNNNNN' 'NNNNNN' 'NNNNNN' 'NNNNNN' 'NNNNNN' 'NNNNNN' 
'NNNNNN' 'NNNNNN' 'NNNNNN' 'NNNNNN' 'NNNNNN' 'NNNNNN' 'NNNNNN' 'NNNNNN' 'NNNNNN' 'NNNNNN' 'NNNNNN' 'NNNNNN' 'NNNNNN' 'NNNNNN' 'NNNNNN' 'NNNNNN' 'NNNNNN' 'NNNNNN' 'NNNNNN' 'NNNNNN' 'NNNNNN' 'NNNNNN' 'NNNNNN' 'NNNNNN' 'NNNNNN' 'NNNNNN' 'NNNNNN' 'NNNNNN' 'NNNNNN' 'NNNNNN' 'NNNNNN' 'NNNNNN' 'NNNNNN' 'NNNNNN' 'NNNNNN' 'NNNNNN' 'NNNNNN' 'NNNNNN' 'NNNNNN' 'NNNNNN' 
'NNNNNN' 'NNNNNN' 'NNNNNN' 'NNNNNN' 'NNNNNN' 'NNNNNN' 'NNNNNN' 'NNNNNN' 'NNNNNN' 'NNNNNN' 'NNNNNN' 'NNNNNN' 'NNNNNN' 'NNNNNN' 'NNNNNN' 'NNNNNN' 'NNNNNN' 'NNNNNN' 'NNNNNN' 'NNNNNN' 'NNNNNN' 'NNNNNN' 'NNNNNN' 'NNNNNN' 'NNNNNN' 'NNNNNN' 'NNNNNN' 'NNNNNN' 'NNNNNN' 'NNNNNN' 'NNNNNN' 'NNNNNN' 'NNNNNN' 'NNNNNN' 'NNNNNN' 'NNNNNN' 'NNNNNN' 'NNNNNN' 'NNNNNN' 'NNNNNN' 
'NNNNNN' 'NNNNNN' 'NNNNNN' 'NNNNNN' 'NNNNNN' 'NNNNNN' 'NNNNNN' 'NNNNNN' 'NNNNNN' 'NNNNNN' 'NNNNNN' 'NNNNNN' 'NNNNNN' 'NNNNNN' 'NNNNNN' 'NNNNNN' 'NNNNNN' 'NNNNNN' 'NNNNNN' 'NNNNNN' 'NNNNNN' 'NNNNNN' 'NNNNNN' 'NNNNNN' 'NNNNNN' 'NNNNNN' 'NNNNNN' 'NNNNNN' 'NNNNNN' 'NNNNNN' 'NNNNNN' 'NNNNNN' 'NNNNNN' 'NNNNNN' 'NNNNNN' 'NNNNNN' 'NNNNNN' 'NNNNNN' 'NNNNNN' 'NNNNNN' 
'NNNNNN' 'NNNNNN' 'NNNNNN' 'NNNNNN' 'NNNNNN' 'NNNNNN' 'NNNNNN' 'NNNNNN' 'NNNNNN' 'NNNNNN' 'NNNNNN' 'NNNNNN' 'NNNNNN' 'NNNNNN' 'NNNNNN' 'NNNNNN' 'NNNNNN' 'NNNNNN' 'NNNNNN' 'NNNNNN' 'NNNNNN' 'NNNNNN' 'NNNNNN' 'NNNNNN' 'NNNNNN' 'NNNNNN' 'NNNNNN' 'NNNNNN' 'NNNNNN' 'NNNNNN' 'NNNNNN' 'NNNNNN' 'NNNNNN' 'NNNNNN' 'NNNNNN' 'NNNNNN' 'NNNNNN' 'NNNNNN' 'NNNNNN' 'NNNNNN' 
'NNNNNN' 'NNNNNN' 'NNNNNN' 'NNNNNN' 'NNNNNN' 'NNNNNN' 'NNNNNN' 'NNNNNN' 'NNNNNN' 'NNNNNN' 'NNNNNN' 'NNNNNN' 'NNNNNN' 'NNNNNN' 'NNNNNN' 'NNNNNN' 'NNNNNN' 'NNNNNN' 'NNNNNN' 'NNNNNN' 'NNNNNN' 'NNNNNN' 'NNNNNN' 'NNNNNN' 'NNNNNN' 'NNNNNN' 'NNNNNN' 'NNNNNN' 'NNNNNN' 'NNNNNN' 'NNNNNN' 'NNNNNN' 'NNNNNN' 'NNNNNN' 'NNNNNN' 'NNNNNN' 'NNNNNN' 'NNNNNN' 'NNNNNN' 'NNNNNN' 
'NNNNNN' 'NNNNNN' 'NNNNNN' 'NNNNNN' 'NNNNNN' 'NNNNNN' 'NNNNNN' 'NNNNNN' 'NNNNNN' 'NNNNNN' 'NNNNNN' 'NNNNNN' 'NNNNNN' 'NNNNNN' 'NNNNNN' 'NNNNNN' 'NNNNNN' 'NNNNNN' 'NNNNNN' 'NNNNNN' 'NNNNNN' 'NNNNNN' 'NNNNNN' 'NNNNNN' 'NNNNNN' 'NNNNNN' 'NNNNNN' 'NNNNNN' 'NNNNNN' 'NNNNNN' 'NNNNNN' 'NNNNNN' 'NNNNNN' 'NNNNNN' 'NNNNNN' 'NNNNNN' 'NNNNNN' 'NNNNNN' 'NNNNNN' 'NNNNNN' 
'NNNNNN' 'NNNNNN' 'NNNNNN' 'NNNNNN' 'NNNNNN' 'NNNNNN' 'NNNNNN' 'NNNNNN' 'NNNNNN' 'NNNNNN' 'NNNNNN' 'NNNNNN' 'NNNNNN' 'NNNNNN' 'NNNNNN' 'NNNNNN' 'NNNNNN' 'NNNNNN' 'NNNNNN' 'NNNNNN' 'NNNNNN' 'NNNNNN' 'NNNNNN' 'NNNNNN' 'NNNNNN' 'NNNNNN' 'NNNNNN' 'NNNNNN' 'NNNNNN' 'NNNNNN' 'NNNNNN' 'NNNNNN' 'NNNNNN' 'NNNNNN' 'NNNNNN' 'NNNNNN' 'NNNNNN' 'NNNNNN' 'NNNNNN' 'NNNNNN' 
<LsKin>
0 0 0 0 0 0 0 0 0 0 0 0 0 0 0 0 0 0 0 0 0 0 0 0 0 0 0 0 0 0 0 0 0 0 0 0 0 0 0 0 
0 0 0 0 0 0 0 0 0 0 0 0 0 0 0 0 0 0 0 0 0 0 0 0 0 0 0 0 0 0 0 0 0 0 0 0 0 0 0 0 
0 0 0 0 0 0 0 0 0 0 0 0 0 0 0 0 0 0 0 0 0 0 0 0 0 0 0 0 0 0 0 0 0 0 0 0 0 0 0 0 
0 0 0 0 0 0 0 0 0 0 0 0 0 0 0 0 0 0 0 0 0 0 0 0 0 0 0 0 0 0 0 0 0 0 0 0 0 0 0 0 
0 0 0 0 0 0 0 0 0 0 0 0 0 0 0 0 0 0 0 0 0 0 0 0 0 0 0 0 0 0 0 0 0 0 0 0 0 0 0 0 
0 0 0 0 0 0 0 0 0 0 0 0 0 0 0 0 0 0 0 0 0 0 0 0 0 0 0 0 0 0 0 0 0 0 0 0 0 0 0 0 
0 0 0 0 0 0 0 0 0 0 0 0 0 0 0 0 0 0 0 0 0 0 0 0 0 0 0 0 0 0 0 0 0 0 0 0 0 0 0 0 
0 0 0 0 0 0 0 0 0 0 0 0 0 0 0 0 0 0 0 0 0 0 0 0 0 0 0 0 0 0 0 0 0 0 0 0 0 0 0 0 
0 0 0 0 0 0 0 0 0 0 0 0 0 0 0 0 0 0 0 0 0 0 0 0 0 0 0 0 0 0 0 0 0 0 0 0 0 0 0 0 
0 0 0 0 0 0 0 0 0 0 0 0 0 0 0 0 0 0 0 0 0 0 0 0 0 0 0 0 0 0 0 0 0 0 0 0 0 0 0 0 
0 0 0 0 0 0 0 0 0 0 0 0 0 0 0 0 0 0 0 0 0 0 0 0 0 0 0 0 0 0 0 0 0 0 0 0 0 0 0 0 
0 0 0 0 0 0 0 0 0 0 0 0 0 0 0 0 0 0 0 0 0 0 0 0 0 0 0 0 0 0 0 0 0 0 0 0 0 0 0 0 
0 0 0 0 0 0 0 0 0 0 0 0 0 0 0 0 0 0 0 0 0 0 0 0 0 0 0 0 0 0 0 0 0 0 0 0 0 0 0 0 
0 0 0 0 0 0 0 0 0 0 0 0 0 0 0 0 0 0 0 0 0 0 0 0 0 0 0 0 0 0 0 0 0 0 0 0 0 0 0 0 
0 0 0 0 0 0 0 0 0 0 0 0 0 0 0 0 0 0 0 0 0 0 0 0 0 0 0 0 0 0 0 0 0 0 0 0 0 0 0 0 
0 0 0 0 0 0 0 0 0 0 0 0 0 0 0 0 0 0 0 0 0 0 0 0 0 0 0 0 0 0 0 0 0 0 0 0 0 0 0 0 
0 0 0 0 0 0 0 0 0 0 0 0 0 0 0 0 0 0 0 0 0 0 0 0 0 0 0 0 0 0 0 0 0 0 0 0 0 0 0 0 
0 0 0 0 0 0 0 0 0 0 0 0 0 0 0 0 0 0 0 0 0 0 0 0 0 0 0 0 0 0 0 0 0 0 0 0 0 0 0 0 
0 0 0 0 0 0 0 0 0 0 0 0 0 0 0 0 0 0 0 0 0 0 0 0 0 0 0 0 0 0 0 0 0 0 0 0 0 0 0 0 
0 0 0 0 0 0 0 0 0 0 0 0 0 0 0 0 0 0 0 0 0 0 0 0 0 0 0 0 0 0 0 0 0 0 0 0 0 0 0 0 
0 0 0 0 0 0 0 0 0 0 0 0 0 0 0 0 0 0 0 0 0 0 0 0 0 0 0 0 0 0 0 0 0 0 0 0 0 0 0 0 
0 0 0 0 0 0 0 0 0 0 0 0 0 0 0 0 0 0 0 0 0 0 0 0 0 0 0 0 0 0 0 0 0 0 0 0 0 0 0 0 
0 0 0 0 0 0 0 0 0 0 0 0 0 0 0 0 0 0 0 0 0 0 0 0 0 0 0 0 0 0 0 0 0 0 0 0 0 0 0 0 
0 0 0 0 0 0 0 0 0 0 0 0 0 0 0 0 0 0 0 0 0 0 0 0 0 0 0 0 0 0 0 0 0 0 0 0 0 0 0 0 
0 0 0 0 0 0 0 0 0 0 0 0 0 0 0 0 0 0 0 0 0 0 0 0 0 0 0 0 0 0 0 0 0 0 0 0 0 0 0 0 
0 0 0 0 0 0 0 0 0 0 0 0 0 0 0 0 0 0 0 0 0 0 0 0 0 0 0 0 0 0 0 0 0 0 0 0 0 0 0 0 
0 0 0 0 0 0 0 0 0 0 0 0 0 0 0 0 0 0 0 0 0 0 0 0 0 0 0 0 0 0 0 0 0 0 0 0 0 0 0 0 
0 0 0 0 0 0 0 0 0 0 0 0 0 0 0 0 0 0 0 0 0 0 0 0 0 0 0 0 0 0 0 0 0 0 0 0 0 0 0 0 
0 0 0 0 0 0 0 0 0 0 0 0 0 0 0 0 0 0 0 0 0 0 0 0 0 0 0 0 0 0 0 0 0 0 0 0 0 0 0 0 
0 0 0 0 0 0 0 0 0 0 0 0 0 0 0 0 0 0 0 0 0 0 0 0 0 0 0 0 0 0 0 0 0 0 0 0 0 0 0 0 
0 0 0 0 0 0 0 0 0 0 0 0 0 0 0 0 0 0 0 0 0 0 0 0 0 0 0 0 0 0 0 0 0 0 0 0 0 0 0 0 
0 0 0 0 0 0 0 0 0 0 0 0 0 0 0 0 0 0 0 0 0 0 0 0 0 0 0 0 0 0 0 0 0 0 0 0 0 0 0 0 
0 0 0 0 0 0 0 0 0 0 0 0 0 0 0 0 0 0 0 0 0 0 0 0 0 0 0 0 0 0 0 0 0 0 0 0 0 0 0 0 
0 0 0 0 0 0 0 0 0 0 0 0 0 0 0 0 0 0 0 0 0 0 0 0 0 0 0 0 0 0 0 0 0 0 0 0 0 0 0 0 
0 0 0 0 0 0 0 0 0 0 0 0 0 0 0 0 0 0 0 0 0 0 0 0 0 0 0 0 0 0 0 0 0 0 0 0 0 0 0 0 
0 0 0 0 0 0 0 0 0 0 0 0 0 0 0 0 0 0 0 0 0 0 0 0 0 0 0 0 0 0 0 0 0 0 0 0 0 0 0 0 
0 0 0 0 0 0 0 0 0 0 0 0 0 0 0 0 0 0 0 0 0 0 0 0 0 0 0 0 0 0 0 0 0 0 0 0 0 0 0 0 
0 0 0 0 0 0 0 0 0 0 0 0 0 0 0 0 0 0 0 0 0 0 0 0 0 0 0 0 0 0 0 0 0 0 0 0 0 0 0 0 
0 0 0 0 0 0 0 0 0 0 0 0 0 0 0 0 0 0 0 0 0 0 0 0 0 0 0 0 0 0 0 0 0 0 0 0 0 0 0 0 
0 0 0 0 0 0 0 0 0 0 0 0 0 0 0 0 0 0 0 0 0 0 0 0 0 0 0 0 0 0 0 0 0 0 0 0 0 0 0 0 
0 0 0 0 0 0 0 0 0 0 0 0 0 0 0 0 0 0 0 0 0 0 0 0 0 0 0 0 0 0 0 0 0 0 0 0 0 0 0 0 
0 0 0 0 0 0 0 0 0 0 0 0 0 0 0 0 0 0 0 0 0 0 0 0 0 0 0 0 0 0 0 0 0 0 0 0 0 0 0 0 
0 0 0 0 0 0 0 0 0 0 0 0 0 0 0 0 0 0 0 0 0 0 0 0 0 0 0 0 0 0 0 0 0 0 0 0 0 0 0 0 
0 0 0 0 0 0 0 0 0 0 0 0 0 0 0 0 0 0 0 0 0 0 0 0 0 0 0 0 0 0 0 0 0 0 0 0 0 0 0 0 
0 0 0 0 0 0 0 0 0 0 0 0 0 0 0 0 0 0 0 0 0 0 0 0 0 0 0 0 0 0 0 0 0 0 0 0 0 0 0 0 
0 0 0 0 0 0 0 0 0 0 0 0 0 0 0 0 0 0 0 0 0 0 0 0 0 0 0 0 0 0 0 0 0 0 0 0 0 0 0 0 
0 0 0 0 0 0 0 0 0 0 0 0 0 0 0 0 0 0 0 0 0 0 0 0 0 0 0 0 0 0 0 0 0 0 0 0 0 0 0 0 
0 0 0 0 0 0 0 0 0 0 0 0 0 0 0 0 0 0 0 0 0 0 0 0 0 0 0 0 0 0 0 0 0 0 0 0 0 0 0 0 
<xSKrC>

<ocPRkC>

<feSArC>

<rpConC>

<apConC>

<AscpC>

<LsUpt>
0 0 0 0 
<UMpcC>

<PfFact>
1 1 1 1 1 1 1 1 1 1 1 1 1 1 1 1 1 1 1 1 1 1 1 1 1 1 1 1 1 1 1 1 1 1 1 1 1 1 1 1 
1 1 1 1 1 1 1 1 1 1 1 1 1 1 1 1 1 1 1 1 1 1 1 1 1 1 1 1 1 1 1 1 1 1 1 1 1 1 1 1 
1 1 1 1 1 1 1 1 1 1 1 1 1 1 1 1 1 1 1 1 1 1 1 1 1 1 1 1 1 1 1 1 1 1 1 1 1 1 1 1 
1 1 1 1 1 1 1 1 1 1 1 1 1 1 1 1 1 1 1 1 1 1 1 1 1 1 1 1 1 1 1 1 1 1 1 1 1 1 1 1 
1 1 1 1 1 1 1 1 1 1 1 1 1 1 1 1 1 1 1 1 1 1 1 1 1 1 1 1 1 1 1 1 1 1 1 1 1 1 1 1 
1 1 1 1 1 1 1 1 1 1 1 1 1 1 1 1 1 1 1 1 1 1 1 1 1 1 1 1 1 1 1 1 1 1 1 1 1 1 1 1 
1 1 1 1 1 1 1 1 1 1 1 1 1 1 1 1 1 1 1 1 1 1 1 1 1 1 1 1 1 1 1 1 1 1 1 1 1 1 1 1 
1 1 1 1 1 1 1 1 1 1 1 1 1 1 1 1 1 1 1 1 1 1 1 1 1 1 1 1 1 1 1 1 1 1 1 1 1 1 1 1 
<PrT>
0 0 0 0 0 0 0 0 0 0 0 0 0 0 0 0 0 0 0 0 0 0 0 0 0 0 0 0 0 0 0 0 0 0 0 0 0 0 0 0 
0 0 0 0 0 0 0 0 0 0 0 0 0 0 0 0 0 0 0 0 0 0 0 0 0 0 0 0 0 0 0 0 0 0 0 0 0 0 0 0 
0 0 0 0 0 0 0 0 0 0 0 0 0 0 0 0 0 0 0 0 0 0 0 0 0 0 0 0 0 0 0 0 0 0 0 0 0 0 0 0 
0 0 0 0 0 0 0 0 0 0 0 0 0 0 0 0 0 0 0 0 0 0 0 0 0 0 0 0 0 0 0 0 0 0 0 0 0 0 0 0 
0 0 0 0 0 0 0 0 0 0 0 0 0 0 0 0 0 0 0 0 0 0 0 0 0 0 0 0 0 0 0 0 0 0 0 0 0 0 0 0 
0 0 0 0 0 0 0 0 0 0 0 0 0 0 0 0 0 0 0 0 0 0 0 0 0 0 0 0 0 0 0 0 0 0 0 0 0 0 0 0 
0 0 0 0 0 0 0 0 0 0 0 0 0 0 0 0 0 0 0 0 0 0 0 0 0 0 0 0 0 0 0 0 0 0 0 0 0 0 0 0 
0 0 0 0 0 0 0 0 0 0 0 0 0 0 0 0 0 0 0 0 0 0 0 0 0 0 0 0 0 0 0 0 0 0 0 0 0 0 0 0 
<PkT>
0 0 0 0 0 0 0 0 0 0 0 0 0 0 0 0 0 0 0 0 0 0 0 0 0 0 0 0 0 0 0 0 0 0 0 0 0 0 0 0 
0 0 0 0 0 0 0 0 0 0 0 0 0 0 0 0 0 0 0 0 0 0 0 0 0 0 0 0 0 0 0 0 0 0 0 0 0 0 0 0 
0 0 0 0 0 0 0 0 0 0 0 0 0 0 0 0 0 0 0 0 0 0 0 0 0 0 0 0 0 0 0 0 0 0 0 0 0 0 0 0 
0 0 0 0 0 0 0 0 0 0 0 0 0 0 0 0 0 0 0 0 0 0 0 0 0 0 0 0 0 0 0 0 0 0 0 0 0 0 0 0 
0 0 0 0 0 0 0 0 0 0 0 0 0 0 0 0 0 0 0 0 0 0 0 0 0 0 0 0 0 0 0 0 0 0 0 0 0 0 0 0 
0 0 0 0 0 0 0 0 0 0 0 0 0 0 0 0 0 0 0 0 0 0 0 0 0 0 0 0 0 0 0 0 0 0 0 0 0 0 0 0 
0 0 0 0 0 0 0 0 0 0 0 0 0 0 0 0 0 0 0 0 0 0 0 0 0 0 0 0 0 0 0 0 0 0 0 0 0 0 0 0 
0 0 0 0 0 0 0 0 0 0 0 0 0 0 0 0 0 0 0 0 0 0 0 0 0 0 0 0 0 0 0 0 0 0 0 0 0 0 0 0 
<PvT>
0 0 0 0 0 0 0 0 0 0 0 0 0 0 0 0 0 0 0 0 0 0 0 0 0 0 0 0 0 0 0 0 0 0 0 0 0 0 0 0 
0 0 0 0 0 0 0 0 0 0 0 0 0 0 0 0 0 0 0 0 0 0 0 0 0 0 0 0 0 0 0 0 0 0 0 0 0 0 0 0 
0 0 0 0 0 0 0 0 0 0 0 0 0 0 0 0 0 0 0 0 0 0 0 0 0 0 0 0 0 0 0 0 0 0 0 0 0 0 0 0 
0 0 0 0 0 0 0 0 0 0 0 0 0 0 0 0 0 0 0 0 0 0 0 0 0 0 0 0 0 0 0 0 0 0 0 0 0 0 0 0 
0 0 0 0 0 0 0 0 0 0 0 0 0 0 0 0 0 0 0 0 0 0 0 0 0 0 0 0 0 0 0 0 0 0 0 0 0 0 0 0 
0 0 0 0 0 0 0 0 0 0 0 0 0 0 0 0 0 0 0 0 0 0 0 0 0 0 0 0 0 0 0 0 0 0 0 0 0 0 0 0 
0 0 0 0 0 0 0 0 0 0 0 0 0 0 0 0 0 0 0 0 0 0 0 0 0 0 0 0 0 0 0 0 0 0 0 0 0 0 0 0 
0 0 0 0 0 0 0 0 0 0 0 0 0 0 0 0 0 0 0 0 0 0 0 0 0 0 0 0 0 0 0 0 0 0 0 0 0 0 0 0 
<emRd>
0 0 0 0 0 0 0 0 0 0 0 0 0 0 0 0 0 0 0 0 0 0 0 0 0 0 0 0 0 0 0 0 0 0 0 0 0 0 0 0 
0 0 0 0 0 0 0 0 0 0 0 0 0 0 0 0 0 0 0 0 0 0 0 0 0 0 0 0 0 0 0 0 0 0 0 0 0 0 0 0 
0 0 0 0 0 0 0 0 0 0 0 0 0 0 0 0 0 0 0 0 0 0 0 0 0 0 0 0 0 0 0 0 0 0 0 0 0 0 0 0 
0 0 0 0 0 0 0 0 0 0 0 0 0 0 0 0 0 0 0 0 0 0 0 0 0 0 0 0 0 0 0 0 0 0 0 0 0 0 0 0 
0 0 0 0 0 0 0 0 0 0 0 0 0 0 0 0 0 0 0 0 0 0 0 0 0 0 0 0 0 0 0 0 0 0 0 0 0 0 0 0 
0 0 0 0 0 0 0 0 0 0 0 0 0 0 0 0 0 0 0 0 0 0 0 0 0 0 0 0 0 0 0 0 0 0 0 0 0 0 0 0 
0 0 0 0 0 0 0 0 0 0 0 0 0 0 0 0 0 0 0 0 0 0 0 0 0 0 0 0 0 0 0 0 0 0 0 0 0 0 0 0 
0 0 0 0 0 0 0 0 0 0 0 0 0 0 0 0 0 0 0 0 0 0 0 0 0 0 0 0 0 0 0 0 0 0 0 0 0 0 0 0 
0 0 0 0 0 0 0 0 0 0 0 0 0 0 0 0 0 0 0 0 0 0 0 0 0 0 0 0 0 0 0 0 0 0 0 0 0 0 0 0 
0 0 0 0 0 0 0 0 0 0 0 0 0 0 0 0 0 0 0 0 0 0 0 0 0 0 0 0 0 0 0 0 0 0 0 0 0 0 0 0 
0 0 0 0 0 0 0 0 0 0 0 0 0 0 0 0 0 0 0 0 0 0 0 0 0 0 0 0 0 0 0 0 0 0 0 0 0 0 0 0 
0 0 0 0 0 0 0 0 0 0 0 0 0 0 0 0 0 0 0 0 0 0 0 0 0 0 0 0 0 0 0 0 0 0 0 0 0 0 0 0 
0 0 0 0 0 0 0 0 0 0 0 0 0 0 0 0 0 0 0 0 0 0 0 0 0 0 0 0 0 0 0 0 0 0 0 0 0 0 0 0 
0 0 0 0 0 0 0 0 0 0 0 0 0 0 0 0 0 0 0 0 0 0 0 0 0 0 0 0 0 0 0 0 0 0 0 0 0 0 0 0 
0 0 0 0 0 0 0 0 0 0 0 0 0 0 0 0 0 0 0 0 0 0 0 0 0 0 0 0 0 0 0 0 0 0 0 0 0 0 0 0 
0 0 0 0 0 0 0 0 0 0 0 0 0 0 0 0 0 0 0 0 0 0 0 0 0 0 0 0 0 0 0 0 0 0 0 0 0 0 0 0 
0 0 0 0 0 0 0 0 0 0 0 0 0 0 0 0 0 0 0 0 0 0 0 0 0 0 0 0 0 0 0 0 0 0 0 0 0 0 0 0 
0 0 0 0 0 0 0 0 0 0 0 0 0 0 0 0 0 0 0 0 0 0 0 0 0 0 0 0 0 0 0 0 0 0 0 0 0 0 0 0 
0 0 0 0 0 0 0 0 0 0 0 0 0 0 0 0 0 0 0 0 0 0 0 0 0 0 0 0 0 0 0 0 0 0 0 0 0 0 0 0 
0 0 0 0 0 0 0 0 0 0 0 0 0 0 0 0 0 0 0 0 0 0 0 0 0 0 0 0 0 0 0 0 0 0 0 0 0 0 0 0 
0 0 0 0 0 0 0 0 0 0 0 0 0 0 0 0 0 0 0 0 0 0 0 0 0 0 0 0 0 0 0 0 0 0 0 0 0 0 0 0 
0 0 0 0 0 0 0 0 0 0 0 0 0 0 0 0 0 0 0 0 0 0 0 0 0 0 0 0 0 0 0 0 0 0 0 0 0 0 0 0 
0 0 0 0 0 0 0 0 0 0 0 0 0 0 0 0 0 0 0 0 0 0 0 0 0 0 0 0 0 0 0 0 0 0 0 0 0 0 0 0 
0 0 0 0 0 0 0 0 0 0 0 0 0 0 0 0 0 0 0 0 0 0 0 0 0 0 0 0 0 0 0 0 0 0 0 0 0 0 0 0 
0 0 0 0 0 0 0 0 0 0 0 0 0 0 0 0 0 0 0 0 0 0 0 0 0 0 0 0 0 0 0 0 0 0 0 0 0 0 0 0 
0 0 0 0 0 0 0 0 0 0 0 0 0 0 0 0 0 0 0 0 0 0 0 0 0 0 0 0 0 0 0 0 0 0 0 0 0 0 0 0 
0 0 0 0 0 0 0 0 0 0 0 0 0 0 0 0 0 0 0 0 0 0 0 0 0 0 0 0 0 0 0 0 0 0 
<emDf>
0 0 0 0 0 0 0 0 0 0 0 0 0 0 0 0 0 0 0 0 0 0 0 0 0 0 0 0 0 0 0 0 0 0 0 0 0 0 0 0 
0 0 0 0 0 0 0 0 0 0 0 0 0 0 0 0 0 0 0 0 0 0 0 0 0 0 0 0 0 0 0 0 0 0 0 0 0 0 0 0 
0 0 0 0 0 0 0 0 0 0 0 0 0 0 0 0 0 0 0 0 0 0 0 0 0 0 0 0 0 0 0 0 0 0 0 0 0 0 0 0 
0 0 0 0 0 0 0 0 0 0 0 0 0 0 0 0 0 0 0 0 0 0 0 0 0 0 0 0 0 0 0 0 0 0 0 0 0 0 0 0 
0 0 0 0 0 0 0 0 0 0 0 0 0 0 0 0 0 0 0 0 0 0 0 0 0 0 0 0 0 0 0 0 0 0 0 0 0 0 0 0 
0 0 0 0 0 0 0 0 0 0 0 0 0 0 0 0 0 0 0 0 0 0 0 0 0 0 0 0 0 0 0 0 0 0 0 0 0 0 0 0 
0 0 0 0 0 0 0 0 0 0 0 0 0 0 0 0 0 0 0 0 0 0 0 0 0 0 0 0 0 0 0 0 0 0 0 0 0 0 0 0 
0 0 0 0 0 0 0 0 0 0 0 0 0 0 0 0 0 0 0 0 0 0 0 0 0 0 0 0 0 0 0 0 0 0 0 0 0 0 0 0 
0 0 0 0 0 0 0 0 0 0 0 0 0 0 0 0 0 0 0 0 0 0 0 0 0 0 0 0 0 0 0 0 0 0 0 0 0 0 0 0 
0 0 0 0 0 0 0 0 0 0 0 0 0 0 0 0 0 0 0 0 0 0 0 0 0 0 0 0 0 0 0 0 0 0 0 0 0 0 0 0 
0 0 0 0 0 0 0 0 0 0 0 0 0 0 0 0 0 0 0 0 0 0 0 0 0 0 0 0 0 0 0 0 0 0 0 0 0 0 0 0 
0 0 0 0 0 0 0 0 0 0 0 0 0 0 0 0 0 0 0 0 0 0 0 0 0 0 0 0 0 0 0 0 0 0 0 0 0 0 0 0 
0 0 0 0 0 0 0 0 0 0 0 0 0 0 0 0 0 0 0 0 0 0 0 0 0 0 0 0 0 0 0 0 0 0 0 0 0 0 0 0 
0 0 0 0 0 0 0 0 0 0 0 0 0 0 0 0 0 0 0 0 0 0 0 0 0 0 0 0 0 0 0 0 0 0 0 0 0 0 0 0 
0 0 0 0 0 0 0 0 0 0 0 0 0 0 0 0 0 0 0 0 0 0 0 0 0 0 0 0 0 0 0 0 0 0 0 0 0 0 0 0 
0 0 0 0 0 0 0 0 0 0 0 0 0 0 0 0 0 0 0 0 0 0 0 0 0 0 0 0 0 0 0 0 0 0 0 0 0 0 0 0 
0 0 0 0 0 0 0 0 0 0 0 0 0 0 0 0 0 0 0 0 0 0 0 0 0 0 0 0 0 0 0 0 0 0 0 0 0 0 0 0 
0 0 0 0 0 0 0 0 0 0 0 0 0 0 0 0 0 0 0 0 0 0 0 0 0 0 0 0 0 0 0 0 0 0 0 0 0 0 0 0 
0 0 0 0 0 0 0 0 0 0 0 0 0 0 0 0 0 0 0 0 0 0 0 0 0 0 0 0 0 0 0 0 0 0 0 0 0 0 0 0 
0 0 0 0 0 0 0 0 0 0 0 0 0 0 0 0 0 0 0 0 0 0 0 0 0 0 0 0 0 0 0 0 0 0 0 0 0 0 0 0 
0 0 0 0 0 0 0 0 0 0 0 0 0 0 0 0 0 0 0 0 0 0 0 0 0 0 0 0 0 0 0 0 0 0 0 0 0 0 0 0 
0 0 0 0 0 0 0 0 0 0 0 0 0 0 0 0 0 0 0 0 0 0 0 0 0 0 0 0 0 0 0 0 0 0 0 0 0 0 0 0 
0 0 0 0 0 0 0 0 0 0 0 0 0 0 0 0 0 0 0 0 0 0 0 0 0 0 0 0 0 0 0 0 0 0 0 0 0 0 0 0 
0 0 0 0 0 0 0 0 0 0 0 0 0 0 0 0 0 0 0 0 0 0 0 0 0 0 0 0 0 0 0 0 0 0 0 0 0 0 0 0 
0 0 0 0 0 0 0 0 0 0 0 0 0 0 0 0 0 0 0 0 0 0 0 0 0 0 0 0 0 0 0 0 0 0 0 0 0 0 0 0 
0 0 0 0 0 0 0 0 0 0 0 0 0 0 0 0 0 0 0 0 0 0 0 0 0 0 0 0 0 0 0 0 0 0 0 0 0 0 0 0 
0 0 0 0 0 0 0 0 0 0 0 0 0 0 0 0 0 0 0 0 0 0 0 0 0 0 0 0 0 0 0 0 0 0 
<Wb>
0 0 0 0 0 0 0 0 0 0 0 0 0 0 0 0 0 0 0 0 0 0 0 0 0 0 0 0 0 0 0 0 0 0 0 0 0 0 0 0 
0 0 0 0 0 0 0 0 0 0 0 0 0 0 0 0 0 0 0 0 0 0 0 0 0 0 0 0 0 0 0 0 0 0 0 0 0 0 0 0 
0 0 0 0 0 0 0 0 0 0 0 0 0 0 0 0 0 0 0 0 0 0 0 0 0 0 0 0 0 0 0 0 0 0 0 0 0 0 0 0 
0 0 0 0 0 0 0 0 0 0 0 0 0 0 0 0 0 0 0 0 0 0 0 0 0 0 0 0 0 0 0 0 0 0 0 0 0 0 0 0 
0 0 0 0 0 0 0 0 0 0 0 0 0 0 0 0 0 0 0 0 0 0 0 0 0 0 0 0 0 0 0 0 0 0 0 0 0 0 0 0 
0 0 0 0 0 0 0 0 0 0 0 0 0 0 0 0 0 0 0 0 0 0 0 0 0 0 0 0 0 0 0 0 0 0 0 0 0 0 0 0 
0 0 0 0 0 0 0 0 0 0 0 0 0 0 0 0 0 0 0 0 0 0 0 0 0 0 0 0 0 0 0 0 0 0 0 0 0 0 0 0 
0 0 0 0 0 0 0 0 0 0 0 0 0 0 0 0 0 0 0 0 0 0 0 0 0 0 0 0 0 0 0 0 0 0 0 0 0 0 0 0 
0 0 0 0 0 0 0 0 0 0 0 0 0 0 0 0 0 0 0 0 0 0 0 0 0 0 0 0 0 0 0 0 0 0 0 0 0 0 0 0 
0 0 0 0 0 0 0 0 0 0 0 0 0 0 0 0 0 0 0 0 0 0 0 0 0 0 0 0 0 0 0 0 0 0 0 0 0 0 0 0 
0 0 0 0 0 0 0 0 0 0 0 0 0 0 0 0 0 0 0 0 0 0 0 0 0 0 0 0 0 0 0 0 0 0 0 0 0 0 0 0 
0 0 0 0 0 0 0 0 0 0 0 0 0 0 0 0 0 0 0 0 0 0 0 0 0 0 0 0 0 0 0 0 0 0 0 0 0 0 0 0 
0 0 0 0 0 0 0 0 0 0 0 0 0 0 0 0 0 0 0 0 0 0 0 0 0 0 0 0 0 0 0 0 0 0 0 0 0 0 0 0 
0 0 0 0 0 0 0 0 0 0 0 0 0 0 0 0 0 0 0 0 0 0 0 0 0 0 0 0 0 0 0 0 0 0 0 0 0 0 0 0 
0 0 0 0 0 0 0 0 0 0 0 0 0 0 0 0 0 0 0 0 0 0 0 0 0 0 0 0 0 0 0 0 0 0 0 0 0 0 0 0 
0 0 0 0 0 0 0 0 0 0 0 0 0 0 0 0 0 0 0 0 0 0 0 0 0 0 0 0 0 0 0 0 0 0 0 0 0 0 0 0 
0 0 0 0 0 0 0 0 0 0 0 0 0 0 0 0 0 0 0 0 0 0 0 0 0 0 0 0 0 0 0 0 0 0 0 0 0 0 0 0 
0 0 0 0 0 0 0 0 0 0 0 0 0 0 0 0 0 0 0 0 0 0 0 0 0 0 0 0 0 0 0 0 0 0 0 0 0 0 0 0 
0 0 0 0 0 0 0 0 0 0 0 0 0 0 0 0 0 0 0 0 0 0 0 0 0 0 0 0 0 0 0 0 0 0 0 0 0 0 0 0 
0 0 0 0 0 0 0 0 0 0 0 0 0 0 0 0 0 0 0 0 0 0 0 0 0 0 0 0 0 0 0 0 0 0 0 0 0 0 0 0 
0 0 0 0 0 0 0 0 0 0 0 0 0 0 0 0 0 0 0 0 0 0 0 0 0 0 0 0 0 0 0 0 0 0 0 0 0 0 0 0 
0 0 0 0 0 0 0 0 0 0 0 0 0 0 0 0 0 0 0 0 0 0 0 0 0 0 0 0 0 0 0 0 0 0 0 0 0 0 0 0 
0 0 0 0 0 0 0 0 0 0 0 0 0 0 0 0 0 0 0 0 0 0 0 0 0 0 0 0 0 0 0 0 0 0 0 0 0 0 0 0 
0 0 0 0 0 0 0 0 0 0 0 0 0 0 0 0 0 0 0 0 0 0 0 0 0 0 0 0 0 0 0 0 0 0 0 0 0 0 0 0 
0 0 0 0 0 0 0 0 0 0 0 0 0 0 0 0 0 0 0 0 0 0 0 0 0 0 0 0 0 0 0 0 0 0 0 0 0 0 0 0 
0 0 0 0 0 0 0 0 0 0 0 0 0 0 0 0 0 0 0 0 0 0 0 0 0 0 0 0 0 0 0 0 0 0 0 0 0 0 0 0 
0 0 0 0 0 0 0 0 0 0 0 0 0 0 0 0 0 0 0 0 0 0 0 0 0 0 0 0 0 0 0 0 0 0 
<Wabs>
0 0 0 0 0 0 0 0 0 0 0 0 0 0 0 0 0 0 0 0 0 0 0 0 0 0 0 0 0 0 0 0 0 0 0 0 0 0 0 0 
0 0 0 0 0 0 0 0 0 0 0 0 0 0 0 0 0 0 0 0 0 0 0 0 0 0 0 0 0 0 0 0 0 0 0 0 0 0 0 0 
0 0 0 0 0 0 0 0 0 0 0 0 0 0 0 0 0 0 0 0 0 0 0 0 0 0 0 0 0 0 0 0 0 0 0 0 0 0 0 0 
0 0 0 0 0 0 0 0 0 0 0 0 0 0 0 0 0 0 0 0 0 0 0 0 0 0 0 0 0 0 0 0 0 0 0 0 0 0 0 0 
0 0 0 0 0 0 0 0 0 0 0 0 0 0 0 0 0 0 0 0 0 0 0 0 0 0 0 0 0 0 0 0 0 0 0 0 0 0 0 0 
0 0 0 0 0 0 0 0 0 0 0 0 0 0 0 0 0 0 0 0 0 0 0 0 0 0 0 0 0 0 0 0 0 0 0 0 0 0 0 0 
0 0 0 0 0 0 0 0 0 0 0 0 0 0 0 0 0 0 0 0 0 0 0 0 0 0 0 0 0 0 0 0 0 0 0 0 0 0 0 0 
0 0 0 0 0 0 0 0 0 0 0 0 0 0 0 0 0 0 0 0 0 0 0 0 0 0 0 0 0 0 0 0 0 0 0 0 0 0 0 0 
0 0 0 0 0 0 0 0 0 0 0 0 0 0 0 0 0 0 0 0 0 0 0 0 0 0 0 0 0 0 0 0 0 0 0 0 0 0 0 0 
0 0 0 0 0 0 0 0 0 0 0 0 0 0 0 0 0 0 0 0 0 0 0 0 0 0 0 0 0 0 0 0 0 0 0 0 0 0 0 0 
0 0 0 0 0 0 0 0 0 0 0 0 0 0 0 0 0 0 0 0 0 0 0 0 0 0 0 0 0 0 0 0 0 0 0 0 0 0 0 0 
0 0 0 0 0 0 0 0 0 0 0 0 0 0 0 0 0 0 0 0 0 0 0 0 0 0 0 0 0 0 0 0 0 0 0 0 0 0 0 0 
0 0 0 0 0 0 0 0 0 0 0 0 0 0 0 0 0 0 0 0 0 0 0 0 0 0 0 0 0 0 0 0 0 0 0 0 0 0 0 0 
0 0 0 0 0 0 0 0 0 0 0 0 0 0 0 0 0 0 0 0 0 0 0 0 0 0 0 0 0 0 0 0 0 0 0 0 0 0 0 0 
0 0 0 0 0 0 0 0 0 0 0 0 0 0 0 0 0 0 0 0 0 0 0 0 0 0 0 0 0 0 0 0 0 0 0 0 0 0 0 0 
0 0 0 0 0 0 0 0 0 0 0 0 0 0 0 0 0 0 0 0 0 0 0 0 0 0 0 0 0 0 0 0 0 0 0 0 0 0 0 0 
0 0 0 0 0 0 0 0 0 0 0 0 0 0 0 0 0 0 0 0 0 0 0 0 0 0 0 0 0 0 0 0 0 0 0 0 0 0 0 0 
0 0 0 0 0 0 0 0 0 0 0 0 0 0 0 0 0 0 0 0 0 0 0 0 0 0 0 0 0 0 0 0 0 0 0 0 0 0 0 0 
0 0 0 0 0 0 0 0 0 0 0 0 0 0 0 0 0 0 0 0 0 0 0 0 0 0 0 0 0 0 0 0 0 0 0 0 0 0 0 0 
0 0 0 0 0 0 0 0 0 0 0 0 0 0 0 0 0 0 0 0 0 0 0 0 0 0 0 0 0 0 0 0 0 0 0 0 0 0 0 0 
0 0 0 0 0 0 0 0 0 0 0 0 0 0 0 0 0 0 0 0 0 0 0 0 0 0 0 0 0 0 0 0 0 0 0 0 0 0 0 0 
0 0 0 0 0 0 0 0 0 0 0 0 0 0 0 0 0 0 0 0 0 0 0 0 0 0 0 0 0 0 0 0 0 0 0 0 0 0 0 0 
0 0 0 0 0 0 0 0 0 0 0 0 0 0 0 0 0 0 0 0 0 0 0 0 0 0 0 0 0 0 0 0 0 0 0 0 0 0 0 0 
0 0 0 0 0 0 0 0 0 0 0 0 0 0 0 0 0 0 0 0 0 0 0 0 0 0 0 0 0 0 0 0 0 0 0 0 0 0 0 0 
0 0 0 0 0 0 0 0 0 0 0 0 0 0 0 0 0 0 0 0 0 0 0 0 0 0 0 0 0 0 0 0 0 0 0 0 0 0 0 0 
0 0 0 0 0 0 0 0 0 0 0 0 0 0 0 0 0 0 0 0 0 0 0 0 0 0 0 0 0 0 0 0 0 0 0 0 0 0 0 0 
0 0 0 0 0 0 0 0 0 0 0 0 0 0 0 0 0 0 0 0 0 0 0 0 0 0 0 0 0 0 0 0 0 0 
<Rion>
0 0 0 0 0 0 0 0 0 0 0 0 0 0 0 0 0 0 0 0 0 0 0 0 0 0 0 0 0 0 0 0 0 0 0 0 0 0 0 0 
0 0 0 0 0 0 0 0 0 0 0 0 0 0 0 0 0 0 0 0 0 0 0 0 0 0 0 0 0 0 0 0 0 0 0 0 0 0 0 0 
0 0 0 0 0 0 0 0 0 0 0 0 0 0 0 0 0 0 0 0 0 0 0 0 0 0 0 0 0 0 0 0 0 0 0 0 0 0 0 0 
0 0 0 0 0 0 0 0 0 0 0 0 0 0 0 0 0 0 0 0 0 0 0 0 0 0 0 0 0 0 0 0 0 0 0 0 0 0 0 0 
0 0 0 0 0 0 0 0 0 0 0 0 0 0 0 0 0 0 0 0 0 0 0 0 0 0 0 0 0 0 0 0 0 0 0 0 0 0 0 0 
0 0 0 0 0 0 0 0 0 0 0 0 0 0 0 0 0 0 0 0 0 0 0 0 0 0 0 0 0 0 0 0 0 0 0 0 0 0 0 0 
0 0 0 0 0 0 0 0 0 0 0 0 0 0 0 0 0 0 0 0 0 0 0 0 0 0 0 0 0 0 0 0 0 0 0 0 0 0 0 0 
0 0 0 0 0 0 0 0 0 0 0 0 0 0 0 0 0 0 0 0 0 0 0 0 0 0 0 0 0 0 0 0 0 0 0 0 0 0 0 0 
0 0 0 0 0 0 0 0 0 0 0 0 0 0 0 0 0 0 0 0 0 0 0 0 0 0 0 0 0 0 0 0 0 0 0 0 0 0 0 0 
0 0 0 0 0 0 0 0 0 0 0 0 0 0 0 0 0 0 0 0 0 0 0 0 0 0 0 0 0 0 0 0 0 0 0 0 0 0 0 0 
0 0 0 0 0 0 0 0 0 0 0 0 0 0 0 0 0 0 0 0 0 0 0 0 0 0 0 0 0 0 0 0 0 0 0 0 0 0 0 0 
0 0 0 0 0 0 0 0 0 0 0 0 0 0 0 0 0 0 0 0 0 0 0 0 0 0 0 0 0 0 0 0 0 0 0 0 0 0 0 0 
0 0 0 0 0 0 0 0 0 0 0 0 0 0 0 0 0 0 0 0 0 0 0 0 0 0 0 0 0 0 0 0 0 0 0 0 0 0 0 0 
0 0 0 0 0 0 0 0 0 0 0 0 0 0 0 0 0 0 0 0 0 0 0 0 0 0 0 0 0 0 0 0 0 0 0 0 0 0 0 0 
0 0 0 0 0 0 0 0 0 0 0 0 0 0 0 0 0 0 0 0 0 0 0 0 0 0 0 0 0 0 0 0 0 0 0 0 0 0 0 0 
0 0 0 0 0 0 0 0 0 0 0 0 0 0 0 0 0 0 0 0 0 0 0 0 0 0 0 0 0 0 0 0 0 0 0 0 0 0 0 0 
0 0 0 0 0 0 0 0 0 0 0 0 0 0 0 0 0 0 0 0 0 0 0 0 0 0 0 0 0 0 0 0 0 0 0 0 0 0 0 0 
0 0 0 0 0 0 0 0 0 0 0 0 0 0 0 0 0 0 0 0 0 0 0 0 0 0 0 0 0 0 0 0 0 0 0 0 0 0 0 0 
0 0 0 0 0 0 0 0 0 0 0 0 0 0 0 0 0 0 0 0 0 0 0 0 0 0 0 0 0 0 0 0 0 0 0 0 0 0 0 0 
0 0 0 0 0 0 0 0 0 0 0 0 0 0 0 0 0 0 0 0 0 0 0 0 0 0 0 0 0 0 0 0 0 0 0 0 0 0 0 0 
0 0 0 0 0 0 0 0 0 0 0 0 0 0 0 0 0 0 0 0 0 0 0 0 0 0 0 0 0 0 0 0 0 0 0 0 0 0 0 0 
0 0 0 0 0 0 0 0 0 0 0 0 0 0 0 0 0 0 0 0 0 0 0 0 0 0 0 0 0 0 0 0 0 0 0 0 0 0 0 0 
0 0 0 0 0 0 0 0 0 0 0 0 0 0 0 0 0 0 0 0 0 0 0 0 0 0 0 0 0 0 0 0 0 0 0 0 0 0 0 0 
0 0 0 0 0 0 0 0 0 0 0 0 0 0 0 0 0 0 0 0 0 0 0 0 0 0 0 0 0 0 0 0 0 0 0 0 0 0 0 0 
0 0 0 0 0 0 0 0 0 0 0 0 0 0 0 0 0 0 0 0 0 0 0 0 0 0 0 0 0 0 0 0 0 0 0 0 0 0 0 0 
0 0 0 0 0 0 0 0 0 0 0 0 0 0 0 0 0 0 0 0 0 0 0 0 0 0 0 0 0 0 0 0 0 0 0 0 0 0 0 0 
0 0 0 0 0 0 0 0 0 0 0 0 0 0 0 0 0 0 0 0 0 0 0 0 0 0 0 0 0 0 0 0 0 0 
<Qp>
0 0 0 0 0 0 0 0 0 0 0 0 0 0 0 0 0 0 0 0 0 0 0 0 0 0 0 0 0 0 0 0 0 0 0 0 0 0 0 0 
0 0 0 0 0 0 0 0 0 0 0 0 0 0 0 0 0 0 0 0 0 0 0 0 0 0 0 0 0 0 0 0 0 0 0 0 0 0 0 0 
0 0 0 0 0 0 0 0 0 0 0 0 0 0 0 0 0 0 0 0 0 0 0 0 0 0 0 0 0 0 0 0 0 0 0 0 0 0 0 0 
0 0 0 0 0 0 0 0 0 0 0 0 0 0 0 0 0 0 0 0 0 0 0 0 0 0 0 0 0 0 0 0 0 0 0 0 0 0 0 0 
0 0 0 0 0 0 0 0 0 0 0 0 0 0 0 0 0 0 0 0 0 0 0 0 0 0 0 0 0 0 0 0 0 0 0 0 0 0 0 0 
0 0 0 0 0 0 0 0 0 0 0 0 0 0 0 0 0 0 0 0 0 0 0 0 0 0 0 0 0 0 0 0 0 0 0 0 0 0 0 0 
0 0 0 0 0 0 0 0 0 0 0 0 0 0 0 0 0 0 0 0 0 0 0 0 0 0 0 0 0 0 0 0 0 0 0 0 0 0 0 0 
0 0 0 0 0 0 0 0 0 0 0 0 0 0 0 0 0 0 0 0 0 0 0 0 0 0 0 0 0 0 0 0 0 0 0 0 0 0 0 0 
0 0 0 0 0 0 0 0 0 0 0 0 0 0 0 0 0 0 0 0 0 0 0 0 0 0 0 0 0 0 0 0 0 0 0 0 0 0 0 0 
<Qd>
0 0 0 0 0 0 0 0 0 0 0 0 0 0 0 0 0 0 0 0 0 0 0 0 0 0 0 0 0 0 0 0 0 0 0 0 0 0 0 0 
0 0 0 0 0 0 0 0 0 0 0 0 0 0 0 0 0 0 0 0 0 0 0 0 0 0 0 0 0 0 0 0 0 0 0 0 0 0 0 0 
0 0 0 0 0 0 0 0 0 0 0 0 0 0 0 0 0 0 0 0 0 0 0 0 0 0 0 0 0 0 0 0 0 0 0 0 0 0 0 0 
<H0>
-653000 `  `  `  `  `  `  `  `  `  `  `  `  33700 105790 -48520 -185030 -311140 `  `  `  `  -88890 -249670 -437250 -632430 -241260 `  12090 `  -19290 -87770 -165950 `  -396770 -101240 `  `  -797250 `  
`  `  `  -539940.9985184 -870481 -1202571 -1537131 -1871311 -2209801 -2551651 -1000791 -1262249 -1502840 -14909993 -1567942 -2616843 -769811 -1323738 -1638310 -1353651 -2382121 -1459981 -1935241 -616700 `  `  `  `  `  `  -895960 -939950 -1242300 `  `  `  `  `  -1019600 -821750 
-804300 `  `  `  `  `  `  `  `  `  `  `  `  -2365380 -1486040 -2034283 -888140 -742203 -1000690 -1469486.783 -1433706.696 -1482843.391 -1531980.087 -2153847.38607778 -2933014.6588605 -1072800 -1344577 -534800 -1888420.98262609 -1197430 -858450 -1202730 `  `  -759730 `  -1440940 `  `  -121410 
-88322 147434 -413209 -675229.998250507 -542999.99936169 `  `  `  -1898390.47565568 -1204330 -2062920 `  `  `  -1437811.27642569 -865550 -1224230 `  `  -1842600 -1828900 -1532807 `  `  `  -774930 `  `  -1828400 `  -1445440 `  `  -1886690.2594186 `  -4177690 -3634690 `  `  `  
-75920 `  `  -239700 -402180 `  `  `  `  `  `  `  `  `  `  `  `  -392070 -306950 `  -1888900 -976960 -577000 -900550 `  -1468240 -1519920 -167079.999248851 -128099.999499613 -615000 `  `  `  `  -894260 -938250 -1240600 `  `  `  
-1017900 -820050 `  `  `  `  -2363680 -1484340 -2031783 -57600 -757059 -226860 -387686 -552152 -703350 -393581 -802666 -1336512 -140259 -106264 -523553 -754793 -986437 -371000 -1224000 -297468 -717801 -964848 -157502.788456754 -240411.681399793 -339233.653747349 -344782.527116727 -386571.663839397 -553651.672479175 -578271.674274964 -911529.812168428 -1302918.4902927 -1583664.69643056 -1581895.20340097 -1475914.6957 
-879000 -754792.6957 -413011.765008072 -489025.745260168 -718885.957986534 -954216.056378817 -1190141.92396645 -1006596.02053303 -1786589.54817415 -1832766.61101433 -1856816.28228849 -1168802.8963146 -827687.738581919 -2360552.29682609 -3704714.32537484 -2314773.799738 -3974955.9924429 -2253926.07168825 -1164539.78346688 -258000 `  64900 -1320914.33968056 -2696397.12328513 -4057038.99760927 `  `  `  `  `  `  `  `  `  `  `  `  `  `  `  
`  `  `  `  `  -416860 `  `  -911420 -370460 `  `  `  -154930 `  -837140 -605400 `  `  -932650 -1257600 -1884820 `  `  `  `  `  `  -2023483 -335349.99907803 -90294.9992677586 -50055.9986118262 -1444382.22770004 -2829226.20023534 1121448 435409 `  `  `  -235825 
-194656 `  `  `  -909190.5 `  -372606 -698756 `  `  `  `  `  `  `  `  -546555 -508616 -761246 -807485 -1046576 -641672 -1233688 -321525 -292586 `  `  `  `  `  `  `  -991235 `  `  `  -4039 -909560 -902500 -906340 
-1599261.20692724 103834 -689929.99934328 -1519020 -1523520 -1516620 -839404 -872984 -1947252.696 -1932152.696 -322043 -655500 `  437509 `  -1031827 -981137 `  `  `  -820060 -823360 -1302600 -1294120 `  -1298999.99827476 `  `  -38600 -16299.9992565912 -514550 -893212 14300 `  `  `  -582700 `  23000 170210 
-519720 -18170 -213050 -379630 -557210 -519720 `  `  166870 `  -350450 `  `  `  `  `  `  `  `  `  -707700 `  `  -1033220 -1357400 -1987120 `  `  `  -944530 `  `  -2125283 -56780 `  `  `  -252139.999900574 -908770 871408 
186869 -929570 -1549740 -1533140 -478970 -1530540 -1148580 -278470 -607820 `  -1557470 -509000 `  -1187810 -466999.999206856 -1821248.86724949 -1131230 `  -791850 -1153680 `  `  `  -1752700 -682030 `  `  `  -1356040 `  `  `  `  `  -220800 -113000 -880030 -376380 -257580 -541050 
-443550 -775600 -1110150 -906530 -675060 `  -906390 -1107720 -449330 -375930 `  -1117440 `  -996807 -10437 -81170 -133259.999922607 -104599.999388686 -206849.999433574 -240339.999829417 -1584230 -897570 -562090 -918670 -1525940 -1516340 -474270 -1517740 -1144980 `  -1375000 -1651830 -1920660 -2169490 -55010 354026 491060 `  `  `  
`  `  -380860 `  `  `  `  `  `  `  `  `  `  `  `  `  `  `  -536670 -791300 -349950 -1173360 -287040 -885670 -1724130 `  76958 145442 9674 -958690 `  `  `  `  -527200 -556000 `  `  `  `  
`  `  `  `  `  -889850 `  `  `  `  -978200 -860700 `  `  `  -2928290 -3017190 `  `  `  `  `  `  `  `  `  `  `  `  `  `  `  `  `  `  `  `  `  `  `  
`  `  -2288200 `  `  `  `  -1199246 `  -1431250 `  `  `  `  `  `  -2653380 -1753340 -1865540 `  `  `  `  `  -412032 -339548 -486516 -2319280 `  `  -1435540 -1944783 `  -12059 -830660 `  -1284399.99710506 -621400 `  `  
`  `  `  `  `  -1115000 -1396130 -1624960 `  `  `  `  `  920 -1373877.81856086 -4098243.90990584 `  `  `  `  -155860 -316240 -485620 -653400 `  `  `  `  `  -480740 -720770 `  -1029160 -1054640 -2070220 -228910 `  -1799360 -899220 `  
176800 -8880 -186860 -357440 -538120 `  `  `  `  `  `  `  `  `  `  `  `  `  `  `  `  `  `  `  `  `  `  `  `  `  `  `  `  `  -591800 -539900 `  `  `  `  
`  `  `  `  `  `  -866150 `  -1199600 `  `  `  `  -910100 -822000 `  -2199460 `  -2886290 -2954900 `  `  `  `  `  `  `  `  `  `  `  `  `  `  `  `  -2150260 `  `  `  
-1079830 `  -2597680 -1715240 `  `  `  `  `  `  `  `  `  `  `  -2398480 -1483940 `  -2009383 `  -527600 -1189830 -851350 -1190530 -751430 -1435540 48200 `  76484 -648500 -635500 -909339.998376946 `  `  `  -507200 -603500 `  `  `  
`  -1461899.99993243 `  -1432583 -1406819 -690000 `  `  -1017280 -1342000 -1969420 `  `  `  `  `  -933130 `  `  -2107583 -9420 -31500 -125730 -239340 -366450 -174250 `  -348390 `  -527660 `  -677740 `  `  `  `  `  `  `  `  
`  `  `  `  `  `  `  `  `  `  `  `  `  `  `  `  `  -550900 -1904863.46514795 -1205530 -875350 -1215830 `  -1840900 -775130 `  -1451540 `  `  `  `  `  `  `  -729400 `  `  `  `  -768700 
`  `  -1104450 -1442700 `  `  `  `  `  `  `  `  `  `  `  `  -1254660 `  -2050760 `  `  -5118440 `  -8426850 -1010330 `  `  `  `  `  `  `  `  -2547000 `  -1657120 `  `  `  `  
`  `  `  -591200 `  -3987350 `  -777280 -932150 -1265400 -1596750 -1941030 `  `  `  `  `  `  -1025100 -1019000 -7171080 -2350960 -3083890 `  -1689230 `  `  `  `  `  `  -1178080 -1338160 -1354890 -1691040 -2026230 -2362520 `  `  `  
-830120 `  `  `  `  `  `  `  `  `  `  `  `  `  -1204950 `  -2561860 `  -4101120 -4365450 `  `  `  `  `  -1261530 `  `  `  -1824260 `  `  -857132 -783548 -939296 -2802580 `  -1908840 -2195000 -1602500 
-2441683 `  `  `  `  -456232 -541716 -2377180 -1492540 -153390 `  `  `  `  `  `  `  `  `  `  `  `  `  `  `  -199690 -252990 -617950 -867380 -1118410 `  -382520 `  -160090 -1962070 -1056690 -608500 `  `  `  
-949150 -1289100 -1623450 -1968600 `  `  `  `  `  `  `  -2970800 `  `  -6706160 `  `  -2359800 `  -1480900 -10437 -230014.999110029 0 -285830.098086332 -74600 -393510 0 -241826 -20600 29000 61380 0 0 0 `  `  `  0 -101120 `  
`  -127010 -61390 -42250 -35450 `  -34020 -715060 -40129 `  -363440 -422510 -1675700 -1293130 -1275900 -1289000 -1001301 -996101 -982301 -4116712 `  `  `  `  `  `  0 89.1910048144637 -1254333.4785 -1273463.478 -1094792.696 -1213330 `  `  -1470240 -1036700 -1144000 -6377867 -6900742 285 
-9586403.39 -17326027.56 -5737910 -7806740 -6642180 -10118600 -10131200 -5527740 -6489110 -6011650 -10815600 -3429251.39 -2030988.783 -3360299.2613 -1207330 -1207500 -1202830 `  -1399193 -1221500 -4982320 `  -1823200 -6718775 -2408260 -5720690 -5035690 -5690290 -5734420 -5998440 -6148060 -2325421 -5633570 -1544597 `  `  -985160 -1680990 -1970520 -2260850 
-4116600 -6615280 -6842550 -6730215 -1434510 -1576244 -2023000 `  -6034410 -1634800 `  -7248598 `  -6882789 -6847950 -1672155.94465085 -751150 `  -552980 `  `  -6213807 `  0 -723493 -312540 -2114800 -671530 -1357403 -237900 -550489 -540800 -535700 -2753113 -85736 -137088 -150900 -888260 -1200720 -2683490 
-2979590 153.191164353513 -388188.598044231 -544311.812844258 -1140341.58928765 -597885.3914 -583092.696 -653715.8264275 -993169.02198808 -2135628.72067205 -1586518.71744603 -1554439.52123218 -333933.596730993 -134835.298473546 -2931123.45238703 -2935299 -2596991 -3319403 0 `  `  `  `  -159230 `  `  `  -6071658 -6872698 `  `  `  -1587280 `  -2063448.61 0 -3770460 -749871 `  -1445621.67196459 
-3458030 -1115780 -2774661 -4800592 -95528.375 -95887.7 `  -65128.375 -74707.39 -248007 -2914550 -821600.3861 `  `  -826700 -4661660 -560460.02755 -549199.98055 -1267556 `  `  `  -100915 -169435 -173635 `  -120005 -6228489 `  -750960 `  -265370 -90790 `  `  `  `  `  `  `  
`  -5749860 -5913650 -5796290 -5795390 -4994270 -2658645.109 -3981011.96233771 -5881390 -5703510 -5757740 -6010390 -6173410 -5645530 -5151130 -5711250 `  `  `  -3061531 -2609761 `  -3453899 -2991170 -3345209 -2753065 -3762478 -5723810 -1112203 -1783447.79583686 -4968220 -2608090 -3724310 -8101290 -2253470 -3724720 -5676010 -5709220 -5984340 -6113110 
-5619480 -923350 `  -3785500 -10280460 -4881120 -6072540 -2707210 -7150126 -7367055 -891910 -1384500 -959000 -385220 -520000 -669460 -620660 `  -6357809 `  -587850 -744600 `  -2947650 -3339326 -1948471 -6575840 -5747230 -14717600 -7808310 -6456940 -8352620 -14120100 `  `  -1222930 `  `  `  `  
`  `  `  `  `  `  `  `  0 0 -903684 -910700 `  `  `  `  -2651921 `  `  -1691490 -3083297 -1823027 -3475335 `  -2701950 `  `  `  -1974100 -3466100 -1100600 `  
<A0>
0 0 0 0 0 0 0 0 0 0 0 0 0 0 0 0 0 0 0 0 0 0 0 0 0 0 0 0 0 0 0 0 0 0 0 0 0 0 0 0 
0 0 0 0 0 0 0 0 0 0 0 0 0 0 0 0 0 0 0 0 0 0 0 0 0 0 0 0 0 0 0 0 0 0 0 0 0 0 0 0 
0 0 0 0 0 0 0 0 0 0 0 0 0 0 0 0 0 0 0 0 0 0 0 0 0 0 0 0 0 0 0 0 0 0 0 0 0 0 0 0 
0 0 0 0 0 0 0 0 0 0 0 0 0 0 0 0 0 0 0 0 0 0 0 0 0 0 0 0 0 0 0 0 0 0 0 0 0 0 0 0 
0 0 0 0 0 0 0 0 0 0 0 0 0 0 0 0 0 0 0 0 0 0 0 0 0 0 0 0 0 0 0 0 0 0 0 0 0 0 0 0 
0 0 0 0 0 0 0 0 0 0 0 0 0 0 0 0 0 0 0 0 0 0 0 0 0 0 0 0 0 0 0 0 0 0 0 0 0 0 0 0 
0 0 0 0 0 0 0 0 0 0 0 0 0 0 0 0 0 0 0 0 0 0 0 0 0 0 0 0 0 0 0 0 0 0 0 0 0 0 0 0 
0 0 0 0 0 0 0 0 0 0 0 0 0 0 0 0 0 0 0 0 0 0 0 0 0 0 0 0 0 0 0 0 0 0 0 0 0 0 0 0 
0 0 0 0 0 0 0 0 0 0 0 0 0 0 0 0 0 0 0 0 0 0 0 0 0 0 0 0 0 0 0 0 0 0 0 0 0 0 0 0 
0 0 0 0 0 0 0 0 0 0 0 0 0 0 0 0 0 0 0 0 0 0 0 0 0 0 0 0 0 0 0 0 0 0 0 0 0 0 0 0 
0 0 0 0 0 0 0 0 0 0 0 0 0 0 0 0 0 0 0 0 0 0 0 0 0 0 0 0 0 0 0 0 0 0 0 0 0 0 0 0 
0 0 0 0 0 0 0 0 0 0 0 0 0 0 0 0 0 0 0 0 0 0 0 0 0 0 0 0 0 0 0 0 0 0 0 0 0 0 0 0 
0 0 0 0 0 0 0 0 0 0 0 0 0 0 0 0 0 0 0 0 0 0 0 0 0 0 0 0 0 0 0 0 0 0 0 0 0 0 0 0 
0 0 0 0 0 0 0 0 0 0 0 0 0 0 0 0 0 0 0 0 0 0 0 0 0 0 0 0 0 0 0 0 0 0 0 0 0 0 0 0 
0 0 0 0 0 0 0 0 0 0 0 0 0 0 0 0 0 0 0 0 0 0 0 0 0 0 0 0 0 0 0 0 0 0 0 0 0 0 0 0 
0 0 0 0 0 0 0 0 0 0 0 0 0 0 0 0 0 0 0 0 0 0 0 0 0 0 0 0 0 0 0 0 0 0 0 0 0 0 0 0 
0 0 0 0 0 0 0 0 0 0 0 0 0 0 0 0 0 0 0 0 0 0 0 0 0 0 0 0 0 0 0 0 0 0 0 0 0 0 0 0 
0 0 0 0 0 0 0 0 0 0 0 0 0 0 0 0 0 0 0 0 0 0 0 0 0 0 0 0 0 0 0 0 0 0 0 0 0 0 0 0 
0 0 0 0 0 0 0 0 0 0 0 0 0 0 0 0 0 0 0 0 0 0 0 0 0 0 0 0 0 0 0 0 0 0 0 0 0 0 0 0 
0 0 0 0 0 0 0 0 0 0 0 0 0 0 0 0 0 0 0 0 0 0 0 0 0 0 0 0 0 0 0 0 0 0 0 0 0 0 0 0 
0 0 0 0 0 0 0 0 0 0 0 0 0 0 0 0 0 0 0 0 0 0 0 0 0 0 0 0 0 0 0 0 0 0 0 0 0 0 0 0 
0 0 0 0 0 0 0 0 0 0 0 0 0 0 0 0 0 0 0 0 0 0 0 0 0 0 0 0 0 0 0 0 0 0 0 0 0 0 0 0 
0 0 0 0 0 0 0 0 0 0 0 0 0 0 0 0 0 0 0 0 0 0 0 0 0 0 0 0 0 0 0 0 0 0 0 0 0 0 0 0 
0 0 0 0 0 0 0 0 0 0 0 0 0 0 0 0 0 0 0 0 0 0 0 0 0 0 0 0 0 0 0 0 0 0 0 0 0 0 0 0 
0 0 0 0 0 0 0 0 0 0 0 0 0 0 0 0 0 0 0 0 0 0 0 0 0 0 0 0 0 0 0 0 0 0 0 0 0 0 0 0 
0 0 0 0 0 0 0 0 0 0 0 0 0 0 0 0 0 0 0 0 0 0 0 0 0 0 0 0 0 0 0 0 0 0 0 0 0 0 0 0 
0 0 0 0 0 0 0 0 0 0 0 0 0 0 0 0 0 0 0 0 0 0 0 0 0 0 0 0 0 0 0 0 0 0 0 0 0 0 0 0 
0 0 0 0 0 0 0 0 0 0 0 0 0 0 0 0 0 0 0 0 0 0 0 0 0 0 0 0 0 0 0 0 0 0 0 0 0 0 0 0 
0 0 0 0 0 0 0 0 0 0 0 0 0 0 0 0 0 0 0 0 0 0 0 0 0 0 0 0 0 0 0 0 0 0 0 0 0 0 0 0 
0 0 0 0 0 0 0 0 0 0 0 0 0 0 0 0 0 0 0 0 0 0 0 0 0 0 0 0 0 0 0 0 0 0 0 0 0 0 0 0 
0 0 0 0 0 0 0 0 0 0 0 0 0 0 0 0 0 0 0 0 0 0 0 0 0 0 0 0 0 0 0 0 0 0 0 0 0 0 0 0 
0 0 0 0 0 0 0 0 0 0 0 0 0 0 0 0 0 0 0 0 0 0 0 0 0 0 0 0 0 0 0 0 0 0 0 0 0 0 0 0 
0 0 0 0 0 0 0 0 0 0 0 0 0 0 0 0 0 0 0 0 0 0 0 0 0 0 0 0 0 0 0 0 0 0 0 0 0 0 0 0 
0 0 0 0 0 0 0 0 0 0 0 0 0 0 0 0 0 0 0 0 0 0 0 0 0 0 0 0 0 0 0 0 0 0 0 0 0 0 0 0 
0 0 0 0 0 0 0 0 0 0 0 0 0 0 0 0 0 0 0 0 0 0 0 0 0 0 0 0 0 0 0 0 
<U0>
0 0 0 0 0 0 0 0 0 0 0 0 0 0 0 0 0 0 0 0 0 0 0 0 0 0 0 0 0 0 0 0 0 0 0 0 0 0 0 0 
0 0 0 0 0 0 0 0 0 0 0 0 0 0 0 0 0 0 0 0 0 0 0 0 0 0 0 0 0 0 0 0 0 0 0 0 0 0 0 0 
0 0 0 0 0 0 0 0 0 0 0 0 0 0 0 0 0 0 0 0 0 0 0 0 0 0 0 0 0 0 0 0 0 0 0 0 0 0 0 0 
0 0 0 0 0 0 0 0 0 0 0 0 0 0 0 0 0 0 0 0 0 0 0 0 0 0 0 0 0 0 0 0 0 0 0 0 0 0 0 0 
0 0 0 0 0 0 0 0 0 0 0 0 0 0 0 0 0 0 0 0 0 0 0 0 0 0 0 0 0 0 0 0 0 0 0 0 0 0 0 0 
0 0 0 0 0 0 0 0 0 0 0 0 0 0 0 0 0 0 0 0 0 0 0 0 0 0 0 0 0 0 0 0 0 0 0 0 0 0 0 0 
0 0 0 0 0 0 0 0 0 0 0 0 0 0 0 0 0 0 0 0 0 0 0 0 0 0 0 0 0 0 0 0 0 0 0 0 0 0 0 0 
0 0 0 0 0 0 0 0 0 0 0 0 0 0 0 0 0 0 0 0 0 0 0 0 0 0 0 0 0 0 0 0 0 0 0 0 0 0 0 0 
0 0 0 0 0 0 0 0 0 0 0 0 0 0 0 0 0 0 0 0 0 0 0 0 0 0 0 0 0 0 0 0 0 0 0 0 0 0 0 0 
0 0 0 0 0 0 0 0 0 0 0 0 0 0 0 0 0 0 0 0 0 0 0 0 0 0 0 0 0 0 0 0 0 0 0 0 0 0 0 0 
0 0 0 0 0 0 0 0 0 0 0 0 0 0 0 0 0 0 0 0 0 0 0 0 0 0 0 0 0 0 0 0 0 0 0 0 0 0 0 0 
0 0 0 0 0 0 0 0 0 0 0 0 0 0 0 0 0 0 0 0 0 0 0 0 0 0 0 0 0 0 0 0 0 0 0 0 0 0 0 0 
0 0 0 0 0 0 0 0 0 0 0 0 0 0 0 0 0 0 0 0 0 0 0 0 0 0 0 0 0 0 0 0 0 0 0 0 0 0 0 0 
0 0 0 0 0 0 0 0 0 0 0 0 0 0 0 0 0 0 0 0 0 0 0 0 0 0 0 0 0 0 0 0 0 0 0 0 0 0 0 0 
0 0 0 0 0 0 0 0 0 0 0 0 0 0 0 0 0 0 0 0 0 0 0 0 0 0 0 0 0 0 0 0 0 0 0 0 0 0 0 0 
0 0 0 0 0 0 0 0 0 0 0 0 0 0 0 0 0 0 0 0 0 0 0 0 0 0 0 0 0 0 0 0 0 0 0 0 0 0 0 0 
0 0 0 0 0 0 0 0 0 0 0 0 0 0 0 0 0 0 0 0 0 0 0 0 0 0 0 0 0 0 0 0 0 0 0 0 0 0 0 0 
0 0 0 0 0 0 0 0 0 0 0 0 0 0 0 0 0 0 0 0 0 0 0 0 0 0 0 0 0 0 0 0 0 0 0 0 0 0 0 0 
0 0 0 0 0 0 0 0 0 0 0 0 0 0 0 0 0 0 0 0 0 0 0 0 0 0 0 0 0 0 0 0 0 0 0 0 0 0 0 0 
0 0 0 0 0 0 0 0 0 0 0 0 0 0 0 0 0 0 0 0 0 0 0 0 0 0 0 0 0 0 0 0 0 0 0 0 0 0 0 0 
0 0 0 0 0 0 0 0 0 0 0 0 0 0 0 0 0 0 0 0 0 0 0 0 0 0 0 0 0 0 0 0 0 0 0 0 0 0 0 0 
0 0 0 0 0 0 0 0 0 0 0 0 0 0 0 0 0 0 0 0 0 0 0 0 0 0 0 0 0 0 0 0 0 0 0 0 0 0 0 0 
0 0 0 0 0 0 0 0 0 0 0 0 0 0 0 0 0 0 0 0 0 0 0 0 0 0 0 0 0 0 0 0 0 0 0 0 0 0 0 0 
0 0 0 0 0 0 0 0 0 0 0 0 0 0 0 0 0 0 0 0 0 0 0 0 0 0 0 0 0 0 0 0 0 0 0 0 0 0 0 0 
0 0 0 0 0 0 0 0 0 0 0 0 0 0 0 0 0 0 0 0 0 0 0 0 0 0 0 0 0 0 0 0 0 0 0 0 0 0 0 0 
0 0 0 0 0 0 0 0 0 0 0 0 0 0 0 0 0 0 0 0 0 0 0 0 0 0 0 0 0 0 0 0 0 0 0 0 0 0 0 0 
0 0 0 0 0 0 0 0 0 0 0 0 0 0 0 0 0 0 0 0 0 0 0 0 0 0 0 0 0 0 0 0 0 0 0 0 0 0 0 0 
0 0 0 0 0 0 0 0 0 0 0 0 0 0 0 0 0 0 0 0 0 0 0 0 0 0 0 0 0 0 0 0 0 0 0 0 0 0 0 0 
0 0 0 0 0 0 0 0 0 0 0 0 0 0 0 0 0 0 0 0 0 0 0 0 0 0 0 0 0 0 0 0 0 0 0 0 0 0 0 0 
0 0 0 0 0 0 0 0 0 0 0 0 0 0 0 0 0 0 0 0 0 0 0 0 0 0 0 0 0 0 0 0 0 0 0 0 0 0 0 0 
0 0 0 0 0 0 0 0 0 0 0 0 0 0 0 0 0 0 0 0 0 0 0 0 0 0 0 0 0 0 0 0 0 0 0 0 0 0 0 0 
0 0 0 0 0 0 0 0 0 0 0 0 0 0 0 0 0 0 0 0 0 0 0 0 0 0 0 0 0 0 0 0 0 0 0 0 0 0 0 0 
0 0 0 0 0 0 0 0 0 0 0 0 0 0 0 0 0 0 0 0 0 0 0 0 0 0 0 0 0 0 0 0 0 0 0 0 0 0 0 0 
0 0 0 0 0 0 0 0 0 0 0 0 0 0 0 0 0 0 0 0 0 0 0 0 0 0 0 0 0 0 0 0 0 0 0 0 0 0 0 0 
0 0 0 0 0 0 0 0 0 0 0 0 0 0 0 0 0 0 0 0 0 0 0 0 0 0 0 0 0 0 0 0 
<S0>
-180 1.17549435082229e-38 1.17549435082229e-38 1.17549435082229e-38 1.17549435082229e-38 1.17549435082229e-38 1.17549435082229e-38 1.17549435082229e-38 1.17549435082229e-38 1.17549435082229e-38 1.17549435082229e-38 1.17549435082229e-38 1.17549435082229e-38 33.0532073974609 73.4499969482422 132.570556640625 220.760818481445 303.245727539062 1.17549435082229e-38 1.17549435082229e-38 1.17549435082229e-38 1.17549435082229e-38 99.3170623779297 213.805511474609 199.542236328125 135.091567993164 22.5139427185059 1.17549435082229e-38 335.640289306641 1.17549435082229e-38 71.2418899536133 236.663070678711 306.180755615234 1.17549435082229e-38 -20.8735218048096 182.74430847168 1.17549435082229e-38 1.17549435082229e-38 135.671249389648 1.17549435082229e-38 
1.17549435082229e-38 1.17549435082229e-38 1.17549435082229e-38 -342.799977757872 -204.921524047852 -99.6189346313477 -33.232551574707 4.94526481628418 -0.241479992866516 -35.842586517334 -34.8097114562988 20.5921516418457 104.325386047363 78.9128112792969 -411.188110351562 -524.021057128906 -180.381790161133 114.601600646973 211.75569152832 180.774627685547 -280.279876708984 -292.032257080078 14.4214038848877 -201 1.17549435082229e-38 1.17549435082229e-38 1.17549435082229e-38 1.17549435082229e-38 1.17549435082229e-38 1.17549435082229e-38 80.8281631469727 -109.12385559082 33.7063674926758 1.17549435082229e-38 1.17549435082229e-38 1.17549435082229e-38 1.17549435082229e-38 1.17549435082229e-38 145.470855712891 -23.7573413848877 
-45.9000015258789 1.17549435082229e-38 1.17549435082229e-38 1.17549435082229e-38 1.17549435082229e-38 1.17549435082229e-38 1.17549435082229e-38 1.17549435082229e-38 1.17549435082229e-38 1.17549435082229e-38 1.17549435082229e-38 1.17549435082229e-38 1.17549435082229e-38 166.505477905273 18.6676902770996 87.526481628418 -162.794784545898 195.368835449219 180.282287597656 580.075988769531 57.1407051086426 128.410995483398 161.5830078125 -187.315979003906 -226.437973022461 162.399993896484 102.681144714355 8.39999961853027 109.178001403809 51.9688491821289 46.6690521240234 199.541778564453 1.17549435082229e-38 1.17549435082229e-38 27.5999755859375 1.17549435082229e-38 81.0916976928711 1.17549435082229e-38 1.17549435082229e-38 82.5500030517578 
86.2029647827148 101.39363861084 119.506454467773 -49.9999881488755 -56.1999964393919 1.17549435082229e-38 1.17549435082229e-38 1.17549435082229e-38 44.5779991149902 2.25874805450439 111.282363891602 1.17549435082229e-38 1.17549435082229e-38 1.17549435082229e-38 -10.7999992370605 -1.60591697692871 91.8649520874023 1.17549435082229e-38 1.17549435082229e-38 65.3137893676758 3.63137197494507 47.170280456543 1.17549435082229e-38 1.17549435082229e-38 1.17549435082229e-38 -46.1194915771484 1.17549435082229e-38 1.17549435082229e-38 -156.848175048828 1.17549435082229e-38 29.6673564910889 1.17549435082229e-38 1.17549435082229e-38 151.650039672852 1.17549435082229e-38 71.4231262207031 54.872631072998 1.17549435082229e-38 1.17549435082229e-38 1.17549435082229e-38 
-72.8000030517578 1.17549435082229e-38 1.17549435082229e-38 32.775089263916 117.439178466797 1.17549435082229e-38 1.17549435082229e-38 1.17549435082229e-38 1.17549435082229e-38 1.17549435082229e-38 1.17549435082229e-38 1.17549435082229e-38 1.17549435082229e-38 1.17549435082229e-38 1.17549435082229e-38 1.17549435082229e-38 1.17549435082229e-38 -90.0329895019531 -6.66959381103516 1.17549435082229e-38 46.8788528442383 18.7202224731445 -197 -94.6431427001953 1.17549435082229e-38 -48.8707809448242 75.5869979858398 56.6000035625474 184.000003389837 -191 1.17549435082229e-38 1.17549435082229e-38 1.17549435082229e-38 1.17549435082229e-38 90.8281631469727 -99.1238555908203 43.7063674926758 1.17549435082229e-38 1.17549435082229e-38 1.17549435082229e-38 
155.470855712891 -13.7573413848877 1.17549435082229e-38 1.17549435082229e-38 1.17549435082229e-38 1.17549435082229e-38 176.505477905273 28.6676902770996 100.209701538086 -107.391624450684 -156.760620117188 -47.1894111633301 19.8549919128418 52.1014785766602 154.695098876953 -94.5909194946289 -156.760620117188 -14.8936233520508 26.5423355102539 -40.4246444702148 30.9588146209717 33.2079925537109 3.08754730224609 -232.305999755859 -219.647445678711 -59.9906806945801 -38.238639831543 -37.8434944152832 -101.189994812012 -321.998779296875 -175.557998657227 -5.12899780273438 -183.362899780273 -152.225601196289 -244.472595214844 -172.762496948242 -324.740509033203 -316.840484619141 -316.840484619141 290.678009033203 
45.4000015258789 205.046005249023 -31.015998840332 -192.706802368164 -39.9525032043457 95.2214965820312 111.996490478516 -426.781005859375 -570.221496582031 -16.5904960632324 94.8594970703125 -114.990493774414 -138.831207275391 -106.990509033203 -140.490509033203 -106.990509033203 -360.955505371094 -106.990509033203 -264.840484619141 132.100006103516 1.17549435082229e-38 -98 2.77799987792969 103.555999755859 204.333999633789 1.17549435082229e-38 1.17549435082229e-38 1.17549435082229e-38 1.17549435082229e-38 1.17549435082229e-38 1.17549435082229e-38 1.17549435082229e-38 1.17549435082229e-38 1.17549435082229e-38 1.17549435082229e-38 1.17549435082229e-38 1.17549435082229e-38 1.17549435082229e-38 1.17549435082229e-38 1.17549435082229e-38 
1.17549435082229e-38 1.17549435082229e-38 1.17549435082229e-38 1.17549435082229e-38 1.17549435082229e-38 33.2792358398438 1.17549435082229e-38 1.17549435082229e-38 -18.89626121521 -16.3041877746582 1.17549435082229e-38 1.17549435082229e-38 1.17549435082229e-38 41.113395690918 1.17549435082229e-38 -10.025242805481 -217.199996948242 1.17549435082229e-38 1.17549435082229e-38 -121.892440795898 -52.374153137207 11.0533666610718 1.17549435082229e-38 1.17549435082229e-38 1.17549435082229e-38 1.17549435082229e-38 1.17549435082229e-38 1.17549435082229e-38 69.6494750976562 -13.7999939453354 -102.170992659902 -282.403982296846 -181.621994018555 -80.843994140625 2195.50048828125 76.0783843994141 1.17549435082229e-38 1.17549435082229e-38 1.17549435082229e-38 7.56318712234497 
-121.305511474609 1.17549435082229e-38 1.17549435082229e-38 1.17549435082229e-38 -20.2699966430664 1.17549435082229e-38 -136.68034362793 -36.9175758361816 1.17549435082229e-38 1.17549435082229e-38 1.17549435082229e-38 1.17549435082229e-38 1.17549435082229e-38 1.17549435082229e-38 1.17549435082229e-38 1.17549435082229e-38 31.9298305511475 127.51806640625 183.42253112793 -47.4067420959473 76.2364883422852 -379.663665771484 -487.454467773438 -29.6277961730957 -109.343795776367 1.17549435082229e-38 1.17549435082229e-38 1.17549435082229e-38 1.17549435082229e-38 1.17549435082229e-38 1.17549435082229e-38 1.17549435082229e-38 -8.78378677368164 1.17549435082229e-38 1.17549435082229e-38 1.17549435082229e-38 57.6883163452148 116.995948791504 184.000137329102 -1.70000004768372 
-78.2439880371094 131.48274230957 98.4000059746893 291.879425048828 336.709777832031 208.416610717773 299.200988769531 190.402008056641 67.963005065918 67.8740081787109 91.6359939575195 92.6854705810547 1.17549435082229e-38 165.06184387207 1.17549435082229e-38 69.6457672119141 163.081390380859 1.17549435082229e-38 1.17549435082229e-38 1.17549435082229e-38 191.318069458008 153.447006225586 92.4983215332031 161.910400390625 1.17549435082229e-38 -33.4999883131611 1.17549435082229e-38 1.17549435082229e-38 126.028053283691 67.0000050359977 517.874450683594 110.65357208252 148.600006103516 1.17549435082229e-38 1.17549435082229e-38 1.17549435082229e-38 136.199996948242 1.17549435082229e-38 28.0263977050781 -36.189998626709 
84.0351486206055 88.9184265136719 180.355926513672 256.341949462891 289.403137207031 166.932418823242 1.17549435082229e-38 1.17549435082229e-38 65.7399978637695 1.17549435082229e-38 160.278533935547 1.17549435082229e-38 1.17549435082229e-38 1.17549435082229e-38 1.17549435082229e-38 1.17549435082229e-38 1.17549435082229e-38 1.17549435082229e-38 1.17549435082229e-38 1.17549435082229e-38 -228.699996948242 1.17549435082229e-38 1.17549435082229e-38 -127.398536682129 -57.0207023620605 -0.446633011102676 1.17549435082229e-38 1.17549435082229e-38 1.17549435082229e-38 -136.266662597656 1.17549435082229e-38 1.17549435082229e-38 59.8264846801758 106.449996948242 1.17549435082229e-38 1.17549435082229e-38 1.17549435082229e-38 101.19999762173 130.815078735352 2331.6953125 
234.343276977539 235.01594543457 216.020416259766 144.919784545898 91.4364013671875 -71.6943969726562 179.048492431641 12.2399997711182 22.9674186706543 1.17549435082229e-38 70.3257598876953 2.702152967453 1.17549435082229e-38 47.9703788757324 -135.899988524283 -36.2220001220703 -91.9541168212891 1.17549435082229e-38 -78.490478515625 -6.11443901062012 1.17549435082229e-38 1.17549435082229e-38 1.17549435082229e-38 -72.5260925292969 -52.4805793762207 1.17549435082229e-38 1.17549435082229e-38 1.17549435082229e-38 -6.23751592636108 1.17549435082229e-38 1.17549435082229e-38 1.17549435082229e-38 1.17549435082229e-38 1.17549435082229e-38 -73.5999984741211 1.17549435082229e-38 18.1306495666504 23.4856758117676 1.17549435082229e-38 -10.9087820053101 
1.17549435082229e-38 1.17549435082229e-38 1.17549435082229e-38 63.2008514404297 35.4283828735352 1.17549435082229e-38 55.3707008361816 141.855651855469 -14.0175485610962 1.17549435082229e-38 1.17549435082229e-38 30.1890621185303 1.17549435082229e-38 32.0299987792969 95.6021499633789 109.039581298828 111.169998693194 123.000004141246 146.700000785425 58.4500019184082 161.425537109375 88.1586074829102 84.9040603637695 192.310516357422 213.710052490234 121.811592102051 26.7873706817627 -109.175895690918 106.306732177734 1.17549435082229e-38 42.4000015258789 106.352348327637 141.425262451172 155.512130737305 -131.800003051758 245.878753662109 279.844329833984 1.17549435082229e-38 1.17549435082229e-38 1.17549435082229e-38 
1.17549435082229e-38 1.17549435082229e-38 -86.3596878051758 1.17549435082229e-38 1.17549435082229e-38 1.17549435082229e-38 1.17549435082229e-38 1.17549435082229e-38 1.17549435082229e-38 1.17549435082229e-38 1.17549435082229e-38 1.17549435082229e-38 1.17549435082229e-38 1.17549435082229e-38 1.17549435082229e-38 1.17549435082229e-38 1.17549435082229e-38 1.17549435082229e-38 -34.6461219787598 -74.4733200073242 -242.63623046875 -137.003616333008 -64.0459442138672 15.1588592529297 83.4994506835938 1.17549435082229e-38 138.226379394531 262.192565917969 7.75533008575439 -49.3258285522461 1.17549435082229e-38 1.17549435082229e-38 1.17549435082229e-38 1.17549435082229e-38 -193.600006103516 -426.399993896484 1.17549435082229e-38 1.17549435082229e-38 1.17549435082229e-38 1.17549435082229e-38 
1.17549435082229e-38 1.17549435082229e-38 1.17549435082229e-38 1.17549435082229e-38 1.17549435082229e-38 -263.630981445312 1.17549435082229e-38 1.17549435082229e-38 1.17549435082229e-38 1.17549435082229e-38 -45.9000015258789 -92.4000015258789 1.17549435082229e-38 1.17549435082229e-38 1.17549435082229e-38 -1.95044004917145 -135.211654663086 1.17549435082229e-38 1.17549435082229e-38 1.17549435082229e-38 1.17549435082229e-38 1.17549435082229e-38 1.17549435082229e-38 1.17549435082229e-38 1.17549435082229e-38 1.17549435082229e-38 1.17549435082229e-38 1.17549435082229e-38 1.17549435082229e-38 1.17549435082229e-38 1.17549435082229e-38 1.17549435082229e-38 1.17549435082229e-38 1.17549435082229e-38 1.17549435082229e-38 1.17549435082229e-38 1.17549435082229e-38 1.17549435082229e-38 1.17549435082229e-38 1.17549435082229e-38 
1.17549435082229e-38 1.17549435082229e-38 -59.8168258666992 1.17549435082229e-38 1.17549435082229e-38 1.17549435082229e-38 1.17549435082229e-38 24.999605178833 1.17549435082229e-38 40.001033782959 1.17549435082229e-38 1.17549435082229e-38 1.17549435082229e-38 1.17549435082229e-38 1.17549435082229e-38 1.17549435082229e-38 121.785301208496 44.9072380065918 71.2766876220703 1.17549435082229e-38 1.17549435082229e-38 1.17549435082229e-38 1.17549435082229e-38 1.17549435082229e-38 -89.1311645507812 55.3346900939941 -247.962997436523 7.96328783035278 1.17549435082229e-38 1.17549435082229e-38 -176.807968139648 94.9264831542969 1.17549435082229e-38 109.298728942871 47.5970001220703 1.17549435082229e-38 -220.969981610614 -397 1.17549435082229e-38 1.17549435082229e-38 
1.17549435082229e-38 1.17549435082229e-38 1.17549435082229e-38 1.17549435082229e-38 1.17549435082229e-38 -21 40.5913467407227 205.23014831543 1.17549435082229e-38 1.17549435082229e-38 1.17549435082229e-38 1.17549435082229e-38 1.17549435082229e-38 18.5 119.27799987793 320.833984375 1.17549435082229e-38 1.17549435082229e-38 1.17549435082229e-38 1.17549435082229e-38 138.363662719727 228.922500610352 275.893768310547 319.807739257812 1.17549435082229e-38 1.17549435082229e-38 1.17549435082229e-38 1.17549435082229e-38 1.17549435082229e-38 135.94743347168 147.194808959961 1.17549435082229e-38 268.414031982422 245.081481933594 556.838745117188 133.454208374023 1.17549435082229e-38 177.520233154297 119.930992126465 1.17549435082229e-38 
-88.3000030517578 2.02252602577209 88.1135406494141 173.178695678711 201.011566162109 1.17549435082229e-38 1.17549435082229e-38 1.17549435082229e-38 1.17549435082229e-38 1.17549435082229e-38 1.17549435082229e-38 1.17549435082229e-38 1.17549435082229e-38 1.17549435082229e-38 1.17549435082229e-38 1.17549435082229e-38 1.17549435082229e-38 1.17549435082229e-38 1.17549435082229e-38 1.17549435082229e-38 1.17549435082229e-38 1.17549435082229e-38 1.17549435082229e-38 1.17549435082229e-38 1.17549435082229e-38 1.17549435082229e-38 1.17549435082229e-38 1.17549435082229e-38 1.17549435082229e-38 1.17549435082229e-38 1.17549435082229e-38 1.17549435082229e-38 1.17549435082229e-38 1.17549435082229e-38 -184.5 -414.5 1.17549435082229e-38 1.17549435082229e-38 1.17549435082229e-38 1.17549435082229e-38 
1.17549435082229e-38 1.17549435082229e-38 1.17549435082229e-38 1.17549435082229e-38 1.17549435082229e-38 1.17549435082229e-38 -228.537826538086 1.17549435082229e-38 -104.631408691406 1.17549435082229e-38 1.17549435082229e-38 1.17549435082229e-38 1.17549435082229e-38 1 -71.1999969482422 1.17549435082229e-38 19.6710987091064 1.17549435082229e-38 -6.05743217468262 -105.69255065918 1.17549435082229e-38 1.17549435082229e-38 1.17549435082229e-38 1.17549435082229e-38 1.17549435082229e-38 1.17549435082229e-38 1.17549435082229e-38 1.17549435082229e-38 1.17549435082229e-38 1.17549435082229e-38 1.17549435082229e-38 1.17549435082229e-38 1.17549435082229e-38 1.17549435082229e-38 1.17549435082229e-38 1.17549435082229e-38 73.2661743164062 1.17549435082229e-38 1.17549435082229e-38 1.17549435082229e-38 
-12.6343069076538 1.17549435082229e-38 194.260116577148 66.0093154907227 1.17549435082229e-38 1.17549435082229e-38 1.17549435082229e-38 1.17549435082229e-38 1.17549435082229e-38 1.17549435082229e-38 1.17549435082229e-38 1.17549435082229e-38 1.17549435082229e-38 1.17549435082229e-38 1.17549435082229e-38 1.87393796443939 -33.645938873291 1.17549435082229e-38 104.026481628418 1.17549435082229e-38 54 98.7190093994141 88.2961273193359 263.634887695312 69.6143417358398 120.845916748047 66.4042282104492 1.17549435082229e-38 144.480514526367 69.1533279418945 -26.0197696685791 18.500010994752 1.17549435082229e-38 1.17549435082229e-38 1.17549435082229e-38 5.09999990463257 32.9329414367676 1.17549435082229e-38 1.17549435082229e-38 1.17549435082229e-38 
1.17549435082229e-38 178.259994964611 1.17549435082229e-38 88.8862762451172 -80.4642639160156 -209.300003051758 1.17549435082229e-38 1.17549435082229e-38 -116.198989868164 -45.9092864990234 18.9533672332764 1.17549435082229e-38 1.17549435082229e-38 1.17549435082229e-38 1.17549435082229e-38 1.17549435082229e-38 -144.697662353516 1.17549435082229e-38 1.17549435082229e-38 79.2264862060547 -19.2000007629395 -472.5 105.918159484863 226.882202148438 289.548522949219 71.9407958984375 1.17549435082229e-38 120.368782043457 1.17549435082229e-38 138.955047607422 1.17549435082229e-38 246.064086914062 1.17549435082229e-38 1.17549435082229e-38 1.17549435082229e-38 1.17549435082229e-38 1.17549435082229e-38 1.17549435082229e-38 1.17549435082229e-38 1.17549435082229e-38 
1.17549435082229e-38 1.17549435082229e-38 1.17549435082229e-38 1.17549435082229e-38 1.17549435082229e-38 1.17549435082229e-38 1.17549435082229e-38 1.17549435082229e-38 1.17549435082229e-38 1.17549435082229e-38 1.17549435082229e-38 1.17549435082229e-38 1.17549435082229e-38 1.17549435082229e-38 1.17549435082229e-38 1.17549435082229e-38 1.17549435082229e-38 -31.5 69.2779998779297 41.0069160461426 8.87205696105957 173.341354370117 1.17549435082229e-38 10.1765851974487 -6.69758605957031 1.17549435082229e-38 60.0216865539551 1.17549435082229e-38 1.17549435082229e-38 1.17549435082229e-38 1.17549435082229e-38 1.17549435082229e-38 1.17549435082229e-38 1.17549435082229e-38 199.600006103516 1.17549435082229e-38 1.17549435082229e-38 1.17549435082229e-38 1.17549435082229e-38 -423.100006103516 
1.17549435082229e-38 1.17549435082229e-38 -268.426635742188 -162.533981323242 1.17549435082229e-38 1.17549435082229e-38 1.17549435082229e-38 1.17549435082229e-38 1.17549435082229e-38 1.17549435082229e-38 1.17549435082229e-38 1.17549435082229e-38 1.17549435082229e-38 1.17549435082229e-38 1.17549435082229e-38 1.17549435082229e-38 -114.458969116211 1.17549435082229e-38 -623.715576171875 1.17549435082229e-38 1.17549435082229e-38 -708.329284667969 1.17549435082229e-38 -608.102111816406 -252.7646484375 1.17549435082229e-38 1.17549435082229e-38 1.17549435082229e-38 1.17549435082229e-38 1.17549435082229e-38 1.17549435082229e-38 1.17549435082229e-38 1.17549435082229e-38 -65.1510543823242 1.17549435082229e-38 -216.310150146484 1.17549435082229e-38 1.17549435082229e-38 1.17549435082229e-38 1.17549435082229e-38 
1.17549435082229e-38 1.17549435082229e-38 1.17549435082229e-38 -416.899993896484 1.17549435082229e-38 -84.9693450927734 1.17549435082229e-38 -391.097137451172 -269.137847900391 -139.200057983398 -37.5418586730957 3.90143203735352 1.17549435082229e-38 1.17549435082229e-38 1.17549435082229e-38 1.17549435082229e-38 1.17549435082229e-38 1.17549435082229e-38 -25 -98.1999969482422 228.925979614258 181.84553527832 38.4464454650879 1.17549435082229e-38 58.8700561523438 1.17549435082229e-38 1.17549435082229e-38 1.17549435082229e-38 1.17549435082229e-38 1.17549435082229e-38 1.17549435082229e-38 -11.513240814209 44.2508926391602 -15.0236558914185 38.7547912597656 65.1213073730469 66.1647109985352 1.17549435082229e-38 1.17549435082229e-38 1.17549435082229e-38 
-199.951324462891 1.17549435082229e-38 1.17549435082229e-38 1.17549435082229e-38 1.17549435082229e-38 1.17549435082229e-38 1.17549435082229e-38 1.17549435082229e-38 1.17549435082229e-38 1.17549435082229e-38 1.17549435082229e-38 1.17549435082229e-38 1.17549435082229e-38 1.17549435082229e-38 114.961418151855 1.17549435082229e-38 -3.77216601371765 1.17549435082229e-38 90.0945129394531 162.277099609375 1.17549435082229e-38 1.17549435082229e-38 1.17549435082229e-38 1.17549435082229e-38 1.17549435082229e-38 16.4683609008789 1.17549435082229e-38 1.17549435082229e-38 1.17549435082229e-38 171.091918945312 1.17549435082229e-38 1.17549435082229e-38 244.351409912109 395.569854736328 83.8832626342773 135.785720825195 1.17549435082229e-38 46.009651184082 148.794204711914 57.9077301025391 
175.709838867188 1.17549435082229e-38 1.17549435082229e-38 1.17549435082229e-38 1.17549435082229e-38 -106.754135131836 -308.797943115234 -69.011116027832 -245.594650268555 -109.800003051758 1.17549435082229e-38 1.17549435082229e-38 1.17549435082229e-38 1.17549435082229e-38 1.17549435082229e-38 1.17549435082229e-38 1.17549435082229e-38 1.17549435082229e-38 1.17549435082229e-38 1.17549435082229e-38 1.17549435082229e-38 1.17549435082229e-38 1.17549435082229e-38 1.17549435082229e-38 1.17549435082229e-38 156.297241210938 175.778091430664 46.8134918212891 45.6779861450195 -4.47424411773682 1.17549435082229e-38 -20.8323764801025 1.17549435082229e-38 175.395782470703 22.0037384033203 -27.0085468292236 -491 1.17549435082229e-38 1.17549435082229e-38 1.17549435082229e-38 
-328.830230712891 -196.66748046875 -88.9896392822266 -32.4681701660156 1.17549435082229e-38 1.17549435082229e-38 1.17549435082229e-38 1.17549435082229e-38 1.17549435082229e-38 1.17549435082229e-38 1.17549435082229e-38 -1192.18298339844 1.17549435082229e-38 1.17549435082229e-38 325.786865234375 1.17549435082229e-38 1.17549435082229e-38 -7.07461023330688 1.17549435082229e-38 -213.822769165039 95.6077194213867 -10.8999935898519 0 69.949401641441 186.371002197266 213.785003662109 130.679992675781 188.835006713867 205.809997558594 219 174.970993041992 191.608993530273 191.608993530273 205.151992797852 1.17549435082229e-38 1.17549435082229e-38 1.17549435082229e-38 42.5499992370605 104.713455200195 1.17549435082229e-38 
1.17549435082229e-38 96.2481994628906 117.466041564941 82.5703048706055 120.693511962891 1.17549435082229e-38 130.784606933594 201.951156616211 149.899993896484 1.17549435082229e-38 227.019500732422 227.71223449707 50.9199981689453 68.4400024414062 117.724510192871 77.6493453979492 35.1781692504883 38.7964630126953 69.9574432373047 178.006225585938 1.17549435082229e-38 1.17549435082229e-38 1.17549435082229e-38 1.17549435082229e-38 1.17549435082229e-38 1.17549435082229e-38 35.0941314697266 6.04450607299805 77.9570159912109 54.1910095214844 89.9780044555664 111.403251647949 1.17549435082229e-38 1.17549435082229e-38 130.043045043945 155.717926025391 161.015335083008 738.000671386719 641.001953125 6.58874893188477 
1068.45593261719 2325.63989257812 262.470001220703 581 454 541 581 491 386 367 748 183.81298828125 104.927017211914 134.920043945312 89.6440734863281 91.7099990844727 96.8877487182617 1.17549435082229e-38 126.000991821289 90.2939758300781 319.470001220703 1.17549435082229e-38 104.689292907715 285.742492675781 194.476364135742 293.529998779297 332.75 268.850006103516 288.959991455078 289.779998779297 311.779998779297 155.169998168945 337.850006103516 121.729835510254 1.17549435082229e-38 1.17549435082229e-38 83.4000015258789 156.370330810547 205.678176879883 258.429168701172 
215.092788696289 395.835845947266 388.493408203125 389.217407226562 107.400001525879 135.224563598633 193.811859130859 1.17549435082229e-38 325.769989013672 81.6999969482422 1.17549435082229e-38 874.0009765625 1.17549435082229e-38 622.000854492188 521.566528320312 -151.043991088867 108.087089538574 1.17549435082229e-38 121.722381591797 1.17549435082229e-38 1.17549435082229e-38 709.999450683594 1.17549435082229e-38 30.040002822876 89.2598419189453 109.273071289062 349.848449707031 82.0333709716797 -14.8936233520508 52.8082504272461 32.5083694458008 95.6376647949219 93.5984191894531 -137.178863525391 62.3155899047852 -40.4246444702148 74.7421035766602 117.383735656738 175.738891601562 367.618682861328 
406.067749023438 23.7929992675781 115.349983215332 123.147506713867 81.4640121459961 51.0950012207031 67.0683059692383 81.1559982299805 95.5234985351562 -176.940505981445 -316.840484619141 -316.840484619141 149.504943847656 64.1379623413086 259.125030517578 342.001190185547 267.000885009766 337.998809814453 33.0643653869629 1.17549435082229e-38 1.17549435082229e-38 1.17549435082229e-38 1.17549435082229e-38 32.626033782959 1.17549435082229e-38 1.17549435082229e-38 1.17549435082229e-38 695.000366210938 686.002319335938 1.17549435082229e-38 1.17549435082229e-38 1.17549435082229e-38 -709.814636230469 1.17549435082229e-38 142.212112426758 27.0849990844727 253.070007324219 109.011817932129 1.17549435082229e-38 145.685531616211 
287.970001220703 145.889999389648 -482.923889160156 -672.699951171875 60.7942047119141 63.1354026794434 1.17549435082229e-38 76.6308517456055 72.1312789916992 279.648742675781 313.160003662109 87.4039993286133 1.17549435082229e-38 1.17549435082229e-38 131.597229003906 -1006.81945800781 59.7000007629395 65.0800018310547 122.132484436035 1.17549435082229e-38 1.17549435082229e-38 1.17549435082229e-38 60.2678298950195 54.0512237548828 52.9828643798828 1.17549435082229e-38 83.3902587890625 693.000183105469 1.17549435082229e-38 151.746597290039 1.17549435082229e-38 191.600006103516 70.25 1.17549435082229e-38 1.17549435082229e-38 1.17549435082229e-38 1.17549435082229e-38 1.17549435082229e-38 1.17549435082229e-38 1.17549435082229e-38 
1.17549435082229e-38 266.649993896484 294.410003662109 314.230010986328 308.100006103516 323.660003662109 331.635986328125 -235.5 306.279998779297 273.040008544922 296.339996337891 293.959991455078 322.359985351562 342.040008544922 366.579986572266 324.920013427734 1.17549435082229e-38 1.17549435082229e-38 1.17549435082229e-38 346.00146484375 173.998458862305 1.17549435082229e-38 342.998809814453 258.347259521484 367.000457763672 194.001495361328 335.999542236328 263.130004882812 65.0999984741211 106.355018615723 320.140014648438 198.930679321289 552.01123046875 788.041748046875 144.325485229492 353.062835693359 269.519989013672 290.130004882812 290.440002441406 313.459991455078 
338.519989013672 63.1800003051758 1.17549435082229e-38 197.541687011719 1055.03625488281 658.196166992188 811.128723144531 339.850219726562 860.100036621094 705.100646972656 98.0299987792969 164.100006103516 113.699996948242 59.7099990844727 52.7999992370605 188.033493041992 1.17549435082229e-38 1.17549435082229e-38 692.999389648438 1.17549435082229e-38 50.0200004577637 77.6600036621094 1.17549435082229e-38 366.007568359375 350.009979248047 171.10791015625 469 271.489990234375 1149 548 566 734 943 1.17549435082229e-38 1.17549435082229e-38 60.4322814941406 1.17549435082229e-38 1.17549435082229e-38 1.17549435082229e-38 1.17549435082229e-38 
1.17549435082229e-38 1.17549435082229e-38 1.17549435082229e-38 1.17549435082229e-38 1.17549435082229e-38 1.17549435082229e-38 1.17549435082229e-38 1.17549435082229e-38 32.0540008544922 42.0900001525879 44.806583404541 41.4599990844727 1.17549435082229e-38 1.17549435082229e-38 1.17549435082229e-38 1.17549435082229e-38 263.500213623047 1.17549435082229e-38 1.17549435082229e-38 143.568237304688 349.001312255859 188.540740966797 327.998413085938 1.17549435082229e-38 347.651550292969 1.17549435082229e-38 1.17549435082229e-38 1.17549435082229e-38 112.479202270508 394.514404296875 49.7596168518066 1.17549435082229e-38 
<Cp0>
1.17549435082229e-38 1.17549435082229e-38 1.17549435082229e-38 1.17549435082229e-38 1.17549435082229e-38 1.17549435082229e-38 1.17549435082229e-38 1.17549435082229e-38 1.17549435082229e-38 1.17549435082229e-38 1.17549435082229e-38 1.17549435082229e-38 1.17549435082229e-38 25.3500003814697 1.17549435082229e-38 1.17549435082229e-38 1.17549435082229e-38 1.17549435082229e-38 1.17549435082229e-38 1.17549435082229e-38 1.17549435082229e-38 1.17549435082229e-38 1.17549435082229e-38 1.17549435082229e-38 1.17549435082229e-38 1.17549435082229e-38 1.17549435082229e-38 1.17549435082229e-38 1.17549435082229e-38 1.17549435082229e-38 1.17549435082229e-38 1.17549435082229e-38 1.17549435082229e-38 1.17549435082229e-38 1.17549435082229e-38 1.17549435082229e-38 1.17549435082229e-38 1.17549435082229e-38 1.17549435082229e-38 1.17549435082229e-38 
1.17549435082229e-38 1.17549435082229e-38 1.17549435082229e-38 -133.194180860683 1.17549435082229e-38 1.17549435082229e-38 1.17549435082229e-38 1.17549435082229e-38 1.17549435082229e-38 1.17549435082229e-38 16.2019996643066 91.5530014038086 166.904006958008 662.731994628906 -118.297996520996 -102.096000671387 -59.148998260498 58.1500015258789 -2.61400008201599 22.2679996490479 1610.60595703125 778.052978515625 60.5 1.17549435082229e-38 1.17549435082229e-38 1.17549435082229e-38 1.17549435082229e-38 1.17549435082229e-38 1.17549435082229e-38 1.17549435082229e-38 1.17549435082229e-38 1.17549435082229e-38 1.17549435082229e-38 1.17549435082229e-38 1.17549435082229e-38 1.17549435082229e-38 1.17549435082229e-38 1.17549435082229e-38 1.17549435082229e-38 1.17549435082229e-38 
1.17549435082229e-38 1.17549435082229e-38 1.17549435082229e-38 1.17549435082229e-38 1.17549435082229e-38 1.17549435082229e-38 1.17549435082229e-38 1.17549435082229e-38 1.17549435082229e-38 1.17549435082229e-38 1.17549435082229e-38 1.17549435082229e-38 1.17549435082229e-38 1.17549435082229e-38 1.17549435082229e-38 1.17549435082229e-38 1.17549435082229e-38 1.17549435082229e-38 1.17549435082229e-38 -301.403991699219 -75.3509979248047 -150.701995849609 -226.052993774414 -527.456970214844 -678.158996582031 1.17549435082229e-38 1.17549435082229e-38 1.17549435082229e-38 2.35098870164458e-38 1.17549435082229e-38 1.17549435082229e-38 1.17549435082229e-38 1.17549435082229e-38 1.17549435082229e-38 1.17549435082229e-38 1.17549435082229e-38 1.17549435082229e-38 1.17549435082229e-38 1.17549435082229e-38 1.17549435082229e-38 
272.752014160156 1.17549435082229e-38 190.707000732422 -289.321970259243 -30.9377620198967 1.17549435082229e-38 1.17549435082229e-38 1.17549435082229e-38 2.35098870164458e-38 124.752998352051 1.17549435082229e-38 1.17549435082229e-38 1.17549435082229e-38 1.17549435082229e-38 -261.920013427734 -145.356002807617 -77.0690002441406 1.17549435082229e-38 1.17549435082229e-38 -62.4690017700195 -275.690002441406 1.17549435082229e-38 1.17549435082229e-38 1.17549435082229e-38 1.17549435082229e-38 -402.917999267578 1.17549435082229e-38 1.17549435082229e-38 -512.218994140625 1.17549435082229e-38 -298.915985107422 1.17549435082229e-38 1.17549435082229e-38 161.544021606445 1.17549435082229e-38 1.17549435082229e-38 1.17549435082229e-38 1.17549435082229e-38 1.17549435082229e-38 1.17549435082229e-38 
1.17549435082229e-38 1.17549435082229e-38 1.17549435082229e-38 1.17549435082229e-38 1.17549435082229e-38 1.17549435082229e-38 1.17549435082229e-38 1.17549435082229e-38 1.17549435082229e-38 1.17549435082229e-38 1.17549435082229e-38 1.17549435082229e-38 1.17549435082229e-38 1.17549435082229e-38 1.17549435082229e-38 1.17549435082229e-38 1.17549435082229e-38 1.17549435082229e-38 1.17549435082229e-38 1.17549435082229e-38 1.17549435082229e-38 1.17549435082229e-38 1.17549435082229e-38 1.17549435082229e-38 1.17549435082229e-38 1.17549435082229e-38 1.17549435082229e-38 -122.490362897996 -24.0069711776597 1.17549435082229e-38 1.17549435082229e-38 1.17549435082229e-38 1.17549435082229e-38 1.17549435082229e-38 1.17549435082229e-38 1.17549435082229e-38 1.17549435082229e-38 1.17549435082229e-38 1.17549435082229e-38 1.17549435082229e-38 
1.17549435082229e-38 1.17549435082229e-38 1.17549435082229e-38 1.17549435082229e-38 1.17549435082229e-38 1.17549435082229e-38 1.17549435082229e-38 1.17549435082229e-38 1.17549435082229e-38 1.17549435082229e-38 -290.513000488281 2.35098870164458e-38 3.52648305246686e-38 4.70197740328915e-38 5.87747175411144e-38 2.35098870164458e-38 -290.513000488281 2.35098870164458e-38 -372.119995117188 -186.059997558594 150.701995849609 226.052993774414 301.403991699219 75.3509979248047 301.403991699219 75.3509979248047 -261.410980224609 2.35098870164458e-38 -441.996002197266 -472.328002929688 -472.328002929688 -441.996002197266 -472.328002929688 -472.328002929688 -472.328002929688 -472.328002929688 -472.328002929688 -472.328002929688 -472.328002929688 -599.191040039062 
-261.920013427734 -337.27099609375 -366.64501953125 -396.977020263672 -321.626007080078 -246.275009155273 -170.924011230469 -793.954040527344 -1115.580078125 -396.977020263672 -170.924011230469 -396.977020263672 -396.977020263672 -246.275009155273 -246.275009155273 -246.275009155273 -170.924011230469 -246.275009155273 -472.328002929688 1.17549435082229e-38 1.17549435082229e-38 1.17549435082229e-38 1.17549435082229e-38 1.17549435082229e-38 1.17549435082229e-38 1.17549435082229e-38 1.17549435082229e-38 1.17549435082229e-38 1.17549435082229e-38 1.17549435082229e-38 1.17549435082229e-38 1.17549435082229e-38 1.17549435082229e-38 1.17549435082229e-38 1.17549435082229e-38 1.17549435082229e-38 1.17549435082229e-38 1.17549435082229e-38 1.17549435082229e-38 1.17549435082229e-38 
1.17549435082229e-38 1.17549435082229e-38 1.17549435082229e-38 1.17549435082229e-38 1.17549435082229e-38 1.17549435082229e-38 1.17549435082229e-38 1.17549435082229e-38 1.17549435082229e-38 1.17549435082229e-38 1.17549435082229e-38 1.17549435082229e-38 1.17549435082229e-38 1.17549435082229e-38 1.17549435082229e-38 1.17549435082229e-38 -80.5999984741211 1.17549435082229e-38 1.17549435082229e-38 -194.486999511719 -308.373992919922 15.3999996185303 1.17549435082229e-38 1.17549435082229e-38 1.17549435082229e-38 1.17549435082229e-38 1.17549435082229e-38 1.17549435082229e-38 -98.0790023803711 -113.119989576071 -22.3909317346647 -106.853925071497 -108 -108 1.17549435082229e-38 1.17549435082229e-38 1.17549435082229e-38 1.17549435082229e-38 1.17549435082229e-38 -146.115005493164 
-231.115005493164 1.17549435082229e-38 1.17549435082229e-38 1.17549435082229e-38 -369.920013427734 1.17549435082229e-38 -221.886993408203 -335.773986816406 1.17549435082229e-38 1.17549435082229e-38 1.17549435082229e-38 1.17549435082229e-38 1.17549435082229e-38 1.17549435082229e-38 1.17549435082229e-38 1.17549435082229e-38 127.702003479004 42.7019996643066 -31.94700050354 203.052993774414 193.404006958008 -65.2979965209961 1.17549435082229e-38 52.351001739502 -32.648998260498 1.17549435082229e-38 1.17549435082229e-38 1.17549435082229e-38 1.17549435082229e-38 1.17549435082229e-38 1.17549435082229e-38 1.17549435082229e-38 -290.446990966797 1.17549435082229e-38 1.17549435082229e-38 1.17549435082229e-38 173.022994995117 1.17549435082229e-38 1.17549435082229e-38 1.17549435082229e-38 
-301.403991699219 1.17549435082229e-38 -45.0449206245417 1.17549435082229e-38 1.17549435082229e-38 1.17549435082229e-38 -261.920013427734 -261.920013427734 -337.27099609375 -337.27099609375 30.4689998626709 45.826000213623 1.17549435082229e-38 1.17549435082229e-38 1.17549435082229e-38 1.17549435082229e-38 1.17549435082229e-38 1.17549435082229e-38 1.17549435082229e-38 1.17549435082229e-38 1.17549435082229e-38 1.17549435082229e-38 -31 96 1.17549435082229e-38 -242.785729425506 1.17549435082229e-38 1.17549435082229e-38 1.17549435082229e-38 -92.0643272141769 1.17549435082229e-38 -28.2099990844727 1.17549435082229e-38 1.17549435082229e-38 1.17549435082229e-38 1.17549435082229e-38 1.17549435082229e-38 1.17549435082229e-38 1.17549435082229e-38 1.17549435082229e-38 
-45.5999984741211 1.17549435082229e-38 1.17549435082229e-38 1.17549435082229e-38 1.17549435082229e-38 -45.5999984741211 1.17549435082229e-38 1.17549435082229e-38 1.17549435082229e-38 1.17549435082229e-38 1.17549435082229e-38 1.17549435082229e-38 1.17549435082229e-38 1.17549435082229e-38 1.17549435082229e-38 1.17549435082229e-38 1.17549435082229e-38 1.17549435082229e-38 1.17549435082229e-38 1.17549435082229e-38 -48.7000007629395 1.17549435082229e-38 1.17549435082229e-38 -162.587005615234 -276.473999023438 47.2999992370605 1.17549435082229e-38 1.17549435082229e-38 1.17549435082229e-38 26.6509990692139 1.17549435082229e-38 1.17549435082229e-38 1.17549435082229e-38 1.17549435082229e-38 1.17549435082229e-38 1.17549435082229e-38 1.17549435082229e-38 8.38880171518843 1.17549435082229e-38 1.17549435082229e-38 
1.17549435082229e-38 1.17549435082229e-38 -22.6940002441406 -235.914993286133 83.6569976806641 -472.444000244141 -259.140991210938 1.17549435082229e-38 1.17549435082229e-38 1.17549435082229e-38 1.17549435082229e-38 1.17549435082229e-38 1.17549435082229e-38 1.17549435082229e-38 -21.6544671818126 1.17549435082229e-38 -223.091995239258 1.17549435082229e-38 -166.70100402832 107.786003112793 1.17549435082229e-38 1.17549435082229e-38 1.17549435082229e-38 -266.535003662109 53.0369987487793 1.17549435082229e-38 1.17549435082229e-38 1.17549435082229e-38 -289.760986328125 1.17549435082229e-38 1.17549435082229e-38 1.17549435082229e-38 1.17549435082229e-38 1.17549435082229e-38 1.17549435082229e-38 1.17549435082229e-38 1.17549435082229e-38 1.17549435082229e-38 1.17549435082229e-38 1.17549435082229e-38 
1.17549435082229e-38 1.17549435082229e-38 1.17549435082229e-38 1.17549435082229e-38 1.17549435082229e-38 1.17549435082229e-38 1.17549435082229e-38 1.17549435082229e-38 1.17549435082229e-38 1.17549435082229e-38 1.17549435082229e-38 1.17549435082229e-38 1.17549435082229e-38 1.17549435082229e-38 246.901992797852 1.17549435082229e-38 67.1146761482799 -96.9741332880025 -66.8138319304562 38.118227155453 1.17549435082229e-38 -252.802001953125 -75.911003112793 -7.62400007247925 6.97599983215332 -206.244995117188 113.327003479004 -442.773986816406 1.17549435082229e-38 1.17549435082229e-38 179 254.350997924805 329.701995849609 405.053009033203 -46.0999984741211 1.17549435082229e-38 1.17549435082229e-38 1.17549435082229e-38 1.17549435082229e-38 1.17549435082229e-38 
1.17549435082229e-38 1.17549435082229e-38 1.17549435082229e-38 1.17549435082229e-38 1.17549435082229e-38 1.17549435082229e-38 1.17549435082229e-38 1.17549435082229e-38 1.17549435082229e-38 1.17549435082229e-38 1.17549435082229e-38 1.17549435082229e-38 1.17549435082229e-38 1.17549435082229e-38 1.17549435082229e-38 1.17549435082229e-38 1.17549435082229e-38 1.17549435082229e-38 104.601997375488 179.953002929688 1.17549435082229e-38 1.17549435082229e-38 29.2509994506836 1.17549435082229e-38 1.17549435082229e-38 1.17549435082229e-38 1.17549435082229e-38 1.17549435082229e-38 1.17549435082229e-38 -313.546997070312 1.17549435082229e-38 1.17549435082229e-38 1.17549435082229e-38 1.17549435082229e-38 1.17549435082229e-38 1.17549435082229e-38 1.17549435082229e-38 1.17549435082229e-38 1.17549435082229e-38 1.17549435082229e-38 
1.17549435082229e-38 1.17549435082229e-38 1.17549435082229e-38 1.17549435082229e-38 1.17549435082229e-38 1.17549435082229e-38 1.17549435082229e-38 1.17549435082229e-38 1.17549435082229e-38 1.17549435082229e-38 -4 1.17549435082229e-38 1.17549435082229e-38 1.17549435082229e-38 1.17549435082229e-38 1.17549435082229e-38 1.17549435082229e-38 1.17549435082229e-38 1.17549435082229e-38 1.17549435082229e-38 1.17549435082229e-38 1.17549435082229e-38 1.17549435082229e-38 1.17549435082229e-38 1.17549435082229e-38 1.17549435082229e-38 1.17549435082229e-38 1.17549435082229e-38 1.17549435082229e-38 1.17549435082229e-38 1.17549435082229e-38 1.17549435082229e-38 1.17549435082229e-38 1.17549435082229e-38 1.17549435082229e-38 1.17549435082229e-38 1.17549435082229e-38 1.17549435082229e-38 1.17549435082229e-38 1.17549435082229e-38 
1.17549435082229e-38 1.17549435082229e-38 -248.220993041992 1.17549435082229e-38 1.17549435082229e-38 1.17549435082229e-38 1.17549435082229e-38 1.17549435082229e-38 1.17549435082229e-38 1.17549435082229e-38 1.17549435082229e-38 1.17549435082229e-38 1.17549435082229e-38 1.17549435082229e-38 1.17549435082229e-38 1.17549435082229e-38 1.17549435082229e-38 1.17549435082229e-38 1.17549435082229e-38 1.17549435082229e-38 1.17549435082229e-38 1.17549435082229e-38 1.17549435082229e-38 1.17549435082229e-38 1.17549435082229e-38 1.17549435082229e-38 1.17549435082229e-38 1.17549435082229e-38 1.17549435082229e-38 1.17549435082229e-38 1.17549435082229e-38 1.17549435082229e-38 1.17549435082229e-38 229.162002563477 1.17549435082229e-38 1.17549435082229e-38 -478.340642286346 1.17549435082229e-38 1.17549435082229e-38 1.17549435082229e-38 
1.17549435082229e-38 1.17549435082229e-38 1.17549435082229e-38 1.17549435082229e-38 1.17549435082229e-38 1.17549435082229e-38 1.17549435082229e-38 1.17549435082229e-38 1.17549435082229e-38 1.17549435082229e-38 1.17549435082229e-38 1.17549435082229e-38 1.17549435082229e-38 1.17549435082229e-38 1.17549435082229e-38 1.17549435082229e-38 1.17549435082229e-38 1.17549435082229e-38 1.17549435082229e-38 1.17549435082229e-38 1.17549435082229e-38 1.17549435082229e-38 1.17549435082229e-38 1.17549435082229e-38 1.17549435082229e-38 1.17549435082229e-38 1.17549435082229e-38 1.17549435082229e-38 1.17549435082229e-38 1.17549435082229e-38 1.17549435082229e-38 1.17549435082229e-38 1.17549435082229e-38 1.17549435082229e-38 1.17549435082229e-38 1.17549435082229e-38 1.17549435082229e-38 1.17549435082229e-38 1.17549435082229e-38 1.17549435082229e-38 
1.17549435082229e-38 1.17549435082229e-38 1.17549435082229e-38 1.17549435082229e-38 1.17549435082229e-38 1.17549435082229e-38 1.17549435082229e-38 1.17549435082229e-38 1.17549435082229e-38 1.17549435082229e-38 1.17549435082229e-38 1.17549435082229e-38 1.17549435082229e-38 1.17549435082229e-38 1.17549435082229e-38 1.17549435082229e-38 1.17549435082229e-38 1.17549435082229e-38 1.17549435082229e-38 1.17549435082229e-38 1.17549435082229e-38 1.17549435082229e-38 1.17549435082229e-38 1.17549435082229e-38 1.17549435082229e-38 1.17549435082229e-38 1.17549435082229e-38 1.17549435082229e-38 1.17549435082229e-38 1.17549435082229e-38 1.17549435082229e-38 1.17549435082229e-38 1.17549435082229e-38 1.17549435082229e-38 1.17549435082229e-38 1.17549435082229e-38 1.17549435082229e-38 1.17549435082229e-38 1.17549435082229e-38 1.17549435082229e-38 
1.17549435082229e-38 1.17549435082229e-38 1.17549435082229e-38 1.17549435082229e-38 1.17549435082229e-38 1.17549435082229e-38 1.17549435082229e-38 1.17549435082229e-38 1.17549435082229e-38 1.17549435082229e-38 1.17549435082229e-38 1.17549435082229e-38 1.17549435082229e-38 1.17549435082229e-38 1.17549435082229e-38 1.17549435082229e-38 1.17549435082229e-38 1.17549435082229e-38 1.17549435082229e-38 1.17549435082229e-38 1.17549435082229e-38 1.17549435082229e-38 1.17549435082229e-38 1.17549435082229e-38 1.17549435082229e-38 1.17549435082229e-38 1.17549435082229e-38 1.17549435082229e-38 1.17549435082229e-38 1.17549435082229e-38 1.17549435082229e-38 1.17549435082229e-38 1.17549435082229e-38 1.17549435082229e-38 1.17549435082229e-38 1.17549435082229e-38 1.17549435082229e-38 1.17549435082229e-38 1.17549435082229e-38 1.17549435082229e-38 
1.17549435082229e-38 1.17549435082229e-38 1.17549435082229e-38 1.17549435082229e-38 1.17549435082229e-38 1.17549435082229e-38 1.17549435082229e-38 1.17549435082229e-38 1.17549435082229e-38 1.17549435082229e-38 1.17549435082229e-38 1.17549435082229e-38 1.17549435082229e-38 1.17549435082229e-38 1.17549435082229e-38 1.17549435082229e-38 1.17549435082229e-38 1.17549435082229e-38 1.17549435082229e-38 1.17549435082229e-38 1.17549435082229e-38 1.17549435082229e-38 1.17549435082229e-38 1.17549435082229e-38 1.17549435082229e-38 1.17549435082229e-38 22.75 1.17549435082229e-38 1.17549435082229e-38 1.17549435082229e-38 1.17549435082229e-38 -266.096290727899 1.17549435082229e-38 1.17549435082229e-38 1.17549435082229e-38 1.17549435082229e-38 1.17549435082229e-38 1.17549435082229e-38 1.17549435082229e-38 1.17549435082229e-38 
1.17549435082229e-38 195.074612763665 1.17549435082229e-38 -17.4790000915527 -229.957992553711 -95.9000015258789 1.17549435082229e-38 1.17549435082229e-38 -209.787002563477 -323.674011230469 0.100000001490116 1.17549435082229e-38 1.17549435082229e-38 1.17549435082229e-38 1.17549435082229e-38 1.17549435082229e-38 -20.548999786377 1.17549435082229e-38 1.17549435082229e-38 1.17549435082229e-38 1.17549435082229e-38 1.17549435082229e-38 1.17549435082229e-38 1.17549435082229e-38 1.17549435082229e-38 1.17549435082229e-38 1.17549435082229e-38 1.17549435082229e-38 1.17549435082229e-38 1.17549435082229e-38 1.17549435082229e-38 1.17549435082229e-38 1.17549435082229e-38 1.17549435082229e-38 1.17549435082229e-38 1.17549435082229e-38 1.17549435082229e-38 1.17549435082229e-38 1.17549435082229e-38 1.17549435082229e-38 
1.17549435082229e-38 1.17549435082229e-38 1.17549435082229e-38 1.17549435082229e-38 1.17549435082229e-38 1.17549435082229e-38 1.17549435082229e-38 1.17549435082229e-38 1.17549435082229e-38 1.17549435082229e-38 1.17549435082229e-38 1.17549435082229e-38 1.17549435082229e-38 1.17549435082229e-38 1.17549435082229e-38 1.17549435082229e-38 1.17549435082229e-38 1.17549435082229e-38 1.17549435082229e-38 1.17549435082229e-38 1.17549435082229e-38 1.17549435082229e-38 1.17549435082229e-38 1.17549435082229e-38 1.17549435082229e-38 1.17549435082229e-38 1.17549435082229e-38 1.17549435082229e-38 1.17549435082229e-38 1.17549435082229e-38 1.17549435082229e-38 1.17549435082229e-38 1.17549435082229e-38 1.17549435082229e-38 -15 1.17549435082229e-38 1.17549435082229e-38 1.17549435082229e-38 1.17549435082229e-38 -224 
1.17549435082229e-38 1.17549435082229e-38 1.17549435082229e-38 1.17549435082229e-38 1.17549435082229e-38 1.17549435082229e-38 1.17549435082229e-38 1.17549435082229e-38 1.17549435082229e-38 1.17549435082229e-38 1.17549435082229e-38 1.17549435082229e-38 1.17549435082229e-38 1.17549435082229e-38 1.17549435082229e-38 1.17549435082229e-38 -73.2979965209961 1.17549435082229e-38 -297.298004150391 1.17549435082229e-38 1.17549435082229e-38 -293.191986083984 1.17549435082229e-38 -213.735000610352 -148.649002075195 1.17549435082229e-38 1.17549435082229e-38 1.17549435082229e-38 1.17549435082229e-38 1.17549435082229e-38 1.17549435082229e-38 1.17549435082229e-38 1.17549435082229e-38 1.17549435082229e-38 1.17549435082229e-38 1.17549435082229e-38 1.17549435082229e-38 1.17549435082229e-38 1.17549435082229e-38 1.17549435082229e-38 
1.17549435082229e-38 1.17549435082229e-38 1.17549435082229e-38 -220 1.17549435082229e-38 1.17549435082229e-38 1.17549435082229e-38 1.17549435082229e-38 1.17549435082229e-38 1.17549435082229e-38 1.17549435082229e-38 1.17549435082229e-38 1.17549435082229e-38 1.17549435082229e-38 1.17549435082229e-38 1.17549435082229e-38 1.17549435082229e-38 1.17549435082229e-38 1.17549435082229e-38 42.4000015258789 1.17549435082229e-38 1.17549435082229e-38 1.17549435082229e-38 1.17549435082229e-38 1.17549435082229e-38 1.17549435082229e-38 1.17549435082229e-38 1.17549435082229e-38 1.17549435082229e-38 1.17549435082229e-38 1.17549435082229e-38 1.17549435082229e-38 1.17549435082229e-38 1.17549435082229e-38 1.17549435082229e-38 1.17549435082229e-38 1.17549435082229e-38 1.17549435082229e-38 1.17549435082229e-38 1.17549435082229e-38 
1.17549435082229e-38 1.17549435082229e-38 1.17549435082229e-38 1.17549435082229e-38 1.17549435082229e-38 1.17549435082229e-38 1.17549435082229e-38 1.17549435082229e-38 1.17549435082229e-38 1.17549435082229e-38 1.17549435082229e-38 1.17549435082229e-38 1.17549435082229e-38 1.17549435082229e-38 1.17549435082229e-38 1.17549435082229e-38 1.17549435082229e-38 1.17549435082229e-38 1.17549435082229e-38 1.17549435082229e-38 1.17549435082229e-38 1.17549435082229e-38 1.17549435082229e-38 1.17549435082229e-38 1.17549435082229e-38 1.17549435082229e-38 1.17549435082229e-38 1.17549435082229e-38 1.17549435082229e-38 1.17549435082229e-38 1.17549435082229e-38 1.17549435082229e-38 1.17549435082229e-38 1.17549435082229e-38 1.17549435082229e-38 1.17549435082229e-38 1.17549435082229e-38 1.17549435082229e-38 1.17549435082229e-38 1.17549435082229e-38 
24.9209995269775 1.17549435082229e-38 1.17549435082229e-38 1.17549435082229e-38 1.17549435082229e-38 1.17549435082229e-38 1.17549435082229e-38 1.17549435082229e-38 1.17549435082229e-38 1.17549435082229e-38 1.17549435082229e-38 1.17549435082229e-38 1.17549435082229e-38 1.17549435082229e-38 1.17549435082229e-38 1.17549435082229e-38 1.17549435082229e-38 1.17549435082229e-38 1.17549435082229e-38 1.17549435082229e-38 1.17549435082229e-38 1.17549435082229e-38 1.17549435082229e-38 1.17549435082229e-38 1.17549435082229e-38 1.17549435082229e-38 1.17549435082229e-38 1.17549435082229e-38 1.17549435082229e-38 1.17549435082229e-38 1.17549435082229e-38 1.17549435082229e-38 1.17549435082229e-38 1.17549435082229e-38 1.17549435082229e-38 1.17549435082229e-38 1.17549435082229e-38 1.17549435082229e-38 1.17549435082229e-38 1.17549435082229e-38 
1.17549435082229e-38 1.17549435082229e-38 1.17549435082229e-38 1.17549435082229e-38 1.17549435082229e-38 1.17549435082229e-38 1.17549435082229e-38 1.17549435082229e-38 1.17549435082229e-38 1.17549435082229e-38 1.17549435082229e-38 1.17549435082229e-38 1.17549435082229e-38 1.17549435082229e-38 1.17549435082229e-38 1.17549435082229e-38 1.17549435082229e-38 1.17549435082229e-38 1.17549435082229e-38 1.17549435082229e-38 246.901992797852 -136.387340459613 0 75.3605258482016 35.6483488393139 37.0747465986246 28.8373256652201 33.5905479988852 34.1973003517897 34.7198153668295 20.7979232346319 29.1244109719064 29.1244101905586 29.3825885202285 1.17549435082229e-38 1.17549435082229e-38 1.17549435082229e-38 25.3500003814697 1.17549435082229e-38 1.17549435082229e-38 
1.17549435082229e-38 1.17549435082229e-38 1.17549435082229e-38 1.17549435082229e-38 1.17549435082229e-38 1.17549435082229e-38 1.17549435082229e-38 1.17549435082229e-38 81.1500015258789 1.17549435082229e-38 1.17549435082229e-38 1.17549435082229e-38 79.0962338387918 91.7192011785173 130 91.6999969482422 53.3320007324219 54.2019996643066 77.0019989013672 1.17549435082229e-38 1.17549435082229e-38 1.17549435082229e-38 1.17549435082229e-38 1.17549435082229e-38 1.17549435082229e-38 1.17549435082229e-38 1.17549435082229e-38 -210.407989501953 -376.755004882812 -376.755004882812 -75.3509979248047 1.17549435082229e-38 1.17549435082229e-38 1.17549435082229e-38 1.17549435082229e-38 1.17549435082229e-38 1.17549435082229e-38 1.17549435082229e-38 1.17549435082229e-38 1.17549435082229e-38 
1128.45092773438 1885.57788085938 304.899993896484 617 449 611 619 435 404 383 782 -150.701995849609 -301.403991699219 -678.158996582031 43.7529983520508 83.4720684808875 -1.24699997901917 1.17549435082229e-38 -261.920013427734 -89.2429962158203 328.779998779297 1.17549435082229e-38 69.3099975585938 -1379.74853515625 157.011993408203 318.579986572266 335.149993896484 305.880004882812 310.339996337891 329.089996337891 336.399993896484 157.510938244045 339.5 1.17549435082229e-38 1.17549435082229e-38 1.17549435082229e-38 87.4875620641478 1.17549435082229e-38 1.17549435082229e-38 1.17549435082229e-38 
4564.0927734375 197.289993286133 173.518005371094 201.276992797852 101.228159861773 121.652496337891 187.182006835938 1.17549435082229e-38 346.390014648438 86.1947163957418 1.17549435082229e-38 1.17549435082229e-38 1.17549435082229e-38 1.17549435082229e-38 1.17549435082229e-38 -301.403991699219 1.17549435082229e-38 1.17549435082229e-38 1.17549435082229e-38 1.17549435082229e-38 1.17549435082229e-38 1.17549435082229e-38 1.17549435082229e-38 28.8360004425049 -290.513000488281 3.52648305246686e-38 452.105987548828 3.52648305246686e-38 2.35098870164458e-38 75.3509979248047 150.701995849609 150.701995849609 150.701995849609 5.87747175411144e-38 -186.059997558594 -186.059997558594 -400.955993652344 2.35098870164458e-38 75.3509979248047 452.105987548828 
527.456970214844 -381.332000732422 -441.996002197266 -472.328002929688 -718.60302734375 -351.9580078125 -337.27099609375 -291.294006347656 -246.275009155273 -321.626007080078 -472.328002929688 -472.328002929688 -1120.90002441406 -500.744018554688 -944.656005859375 1.17549435082229e-38 1.17549435082229e-38 1.17549435082229e-38 1.17549435082229e-38 1.17549435082229e-38 1.17549435082229e-38 1.17549435082229e-38 1.17549435082229e-38 1.17549435082229e-38 1.17549435082229e-38 1.17549435082229e-38 1.17549435082229e-38 1.17549435082229e-38 1.17549435082229e-38 1.17549435082229e-38 1.17549435082229e-38 1.17549435082229e-38 1.17549435082229e-38 1.17549435082229e-38 -511.090881347656 25.0839996337891 283.5 92.0770034790039 1.17549435082229e-38 -720.920043945312 
297.410003662109 150.889820956559 302.692993164062 328.764984130859 1.17549435082229e-38 1.17549435082229e-38 1.17549435082229e-38 1.17549435082229e-38 1.17549435082229e-38 1.17549435082229e-38 257.019989013672 104.080200553224 1.17549435082229e-38 1.17549435082229e-38 153.259994506836 691.776000976562 74.3193103049382 69.2112519094491 1.17549435082229e-38 1.17549435082229e-38 1.17549435082229e-38 1.17549435082229e-38 1.17549435082229e-38 1.17549435082229e-38 1.17549435082229e-38 1.17549435082229e-38 1.17549435082229e-38 1.17549435082229e-38 1.17549435082229e-38 105.101997375488 1.17549435082229e-38 1.17549435082229e-38 1.17549435082229e-38 1.17549435082229e-38 1.17549435082229e-38 1.17549435082229e-38 1.17549435082229e-38 1.17549435082229e-38 1.17549435082229e-38 1.17549435082229e-38 
1.17549435082229e-38 310.350006103516 325.700012207031 329 329.279998779297 334.230010986328 -481.138031005859 -395.734039306641 326.410003662109 311.329986572266 319.959991455078 334.540008544922 350.190002441406 344.950012207031 344.540008544922 328.209991455078 1.17549435082229e-38 1.17549435082229e-38 1.17549435082229e-38 1.17549435082229e-38 1.17549435082229e-38 1.17549435082229e-38 1.17549435082229e-38 1.17549435082229e-38 1.17549435082229e-38 1.17549435082229e-38 1.17549435082229e-38 303.739990234375 76.1075733223843 -643.252014160156 327.619995117188 219.988998413086 380.393005371094 822.442993164062 161.593002319336 362.347991943359 304.709991455078 308.290008544922 327.929992675781 333.459991455078 
338.329986572266 76.8834991093719 1.17549435082229e-38 287.558013916016 1078.28002929688 447.962005615234 608.366027832031 1.17549435082229e-38 1.17549435082229e-38 1.17549435082229e-38 1.17549435082229e-38 1.17549435082229e-38 1.17549435082229e-38 1.17549435082229e-38 1.17549435082229e-38 1.17549435082229e-38 1.17549435082229e-38 1.17549435082229e-38 1.17549435082229e-38 1.17549435082229e-38 1.17549435082229e-38 1.17549435082229e-38 1.17549435082229e-38 1.17549435082229e-38 1.17549435082229e-38 12.0780000686646 425 309.619995117188 1119 578 586 739 895 1.17549435082229e-38 1.17549435082229e-38 1.17549435082229e-38 1.17549435082229e-38 1.17549435082229e-38 1.17549435082229e-38 1.17549435082229e-38 
1.17549435082229e-38 1.17549435082229e-38 1.17549435082229e-38 1.17549435082229e-38 1.17549435082229e-38 1.17549435082229e-38 1.17549435082229e-38 1.17549435082229e-38 22.75 25.0900001525879 44.2980003356934 44.5867514197975 1.17549435082229e-38 1.17549435082229e-38 1.17549435082229e-38 1.17549435082229e-38 1.17549435082229e-38 1.17549435082229e-38 1.17549435082229e-38 1.17549435082229e-38 1.17549435082229e-38 172.070007324219 1.17549435082229e-38 1.17549435082229e-38 1.17549435082229e-38 1.17549435082229e-38 1.17549435082229e-38 1.17549435082229e-38 1.17549435082229e-38 1.17549435082229e-38 1.17549435082229e-38 1.17549435082229e-38 
<VPh>
0 0 0.00061752209716467 0 0 0 0 0 0 0 
<GPh>
0 -168.597726448247 -11.4246687890688 0 0 0 0 0 0 0 
<HPh>
0 0 5.48137765230821 0 0 0 0 0 0 0 
<SPh>
0 0.565479545357191 0.0567031576098509 0 0 0 -0 0 0 0 
<CPh>
0 0 0.102684558817113 0 0 0 0 0 0 0 
<APh>
0 -168.597726448247 -11.425286311166 0 0 0 0 0 0 0 
<UPh>
0 0 5.48076013021105 0 0 0 0 0 0 0 