

Next record
07PSIna   G  vcomplex    2    0       1       80      0   

<Short_PARAM>
2 2 -4 1 130 1 0 30000 1 9999 
<Double_PARAM>
1000 1e-13 1e-20 1e-05 0.01 0.01 1e-05 1e-05 1e-05 1e-05 1e-05 1e-05 1e-06 1e-17 0.7 -0.0065 1 1000 0.001 12.05 1e-13 1e-13 1e-33 1e-20 1e-05 1e-10 0.001 1e-10 
<Short_Const>
61 61 1566 1146 1135 10 0 0 422 2 0 22 2 0 425 1 2 1 1 8 6 2 0 2 1 2 0 2 0 2 425 0 0 0 0 0 1 0 0 
<Double_Const>
80 80 353.15 353.15 1 1 0 67346.2647003412 -14957446.624815 0 0 0 0 0 0 0 0 0 0 0 
0 0 0 0 179.781103900653 1000 1.25176959499703 -5096.28240377168 3.06360603146997 7.71049952490546 -5.79816777800497 -0.405475043946071 1e-13 1e-20 55.50837344 0 9.99999e-06 0 0 0 
0 1e-05 0 2936.2692065 32.8598306948188 54.3970843496195 4.01653388216503 0.0523683223539753 1.66e-24 5.71232581348074 2.53022012163716 12.5562697391321 121.939960476172 
<Add_Double_Const>
1e-13 1e-13 1e-33 1e-20 1e-05 1e-05 1e-05 1e-05 1e-05 1e-05 1e-06 1 
<EpsW>
60.8287293347001 -0.279269679911241 0.00128239726868871 0.00352487885447098 0 
<EpsWg>
44.1020648929065 -0.203921304503049 0.000864734277252308 0.00370763636207359 0 
<DenW>
0.971817485715114 -0.000622189025703182 -5.08206904576192e-06 4.49232196760964e-05 0 
<DenWg>
0.000626036815654471 -6.42549126545584e-07 -3.0883231136938e-09 3.89088450349395e-08 0 
Error Code W08IPM: PSSC():
Error Message Computed phase assemblage remains inconsistent after 5 phase selection loops.
 Problematic phase(s): 348: s   Pd(cr)            -1: 

<L1>
1136 10 1 1 1 1 1 1 1 1 1 1 1 1 1 1 1 1 1 1 1 1 1 1 1 1 1 1 1 1 1 1 1 1 1 1 1 1 1 1 
1 1 1 1 1 1 1 1 1 1 1 1 1 1 1 1 1 1 1 1 1 1 1 1 1 1 1 1 1 1 1 1 1 1 1 1 1 1 1 1 
1 1 1 1 1 1 1 1 1 1 1 1 1 1 1 1 1 1 1 1 1 1 1 1 1 1 1 1 1 1 1 1 1 1 1 1 1 1 1 1 
1 1 1 1 1 1 1 1 1 1 1 1 1 1 1 1 1 1 1 1 1 1 1 1 1 1 1 1 1 1 1 1 1 1 1 1 1 1 1 1 
1 1 1 1 1 1 1 1 1 1 1 1 1 1 1 1 1 1 1 1 1 1 1 1 1 1 1 1 1 1 1 1 1 1 1 1 1 1 1 1 
1 1 1 1 1 1 1 1 1 1 1 1 1 1 1 1 1 1 1 1 1 1 1 1 1 1 1 1 1 1 1 1 1 1 1 1 1 1 1 1 
1 1 1 1 1 1 1 1 1 1 1 1 1 1 1 1 1 1 1 1 1 1 1 1 1 1 1 1 1 1 1 1 1 1 1 1 1 1 1 1 
1 1 1 1 1 1 1 1 1 1 1 1 1 1 1 1 1 1 1 1 1 1 1 1 1 1 1 1 1 1 1 1 1 1 1 1 1 1 1 1 
1 1 1 1 1 1 1 1 1 1 1 1 1 1 1 1 1 1 1 1 1 1 1 1 1 1 1 1 1 1 1 1 1 1 1 1 1 1 1 1 
1 1 1 1 1 1 1 1 1 1 1 1 1 1 1 1 1 1 1 1 1 1 1 1 1 1 1 1 1 1 1 1 1 1 1 1 1 1 1 1 
1 1 1 1 1 1 1 1 1 1 1 1 1 1 1 1 1 1 1 1 1 1 
<muk>
0 1 2 3 4 5 6 7 8 9 10 11 12 13 14 15 16 17 18 19 20 21 22 23 24 25 26 27 28 29 30 31 32 33 34 35 36 37 38 39 
40 41 42 43 44 45 46 47 48 49 50 51 52 53 54 55 56 57 58 59 60 61 62 63 64 65 66 67 68 69 70 71 72 73 74 75 76 77 78 79 
80 81 82 83 84 85 86 87 88 89 90 91 92 93 94 95 96 97 98 99 100 101 102 103 104 105 106 107 108 109 110 111 112 113 114 115 116 117 118 119 
120 121 122 123 124 125 126 127 128 129 130 131 132 133 134 135 136 137 138 139 140 141 142 143 144 145 146 147 148 149 150 151 152 153 154 155 156 157 158 159 
160 161 162 163 164 165 166 167 168 169 170 171 172 173 174 175 176 177 178 179 180 181 182 183 184 185 186 187 188 189 190 191 192 193 194 195 196 197 198 199 
200 201 202 203 204 205 206 207 208 209 210 211 212 213 214 215 216 217 218 219 220 221 222 223 224 225 226 227 228 229 230 231 232 233 234 235 236 237 238 239 
240 241 242 243 244 245 246 247 248 249 250 251 252 253 254 255 256 257 258 259 260 261 262 263 264 265 266 267 268 269 270 271 272 273 274 275 276 277 278 279 
280 281 282 283 284 285 286 287 288 289 290 291 292 293 294 295 296 297 298 299 300 301 302 303 304 305 306 307 308 309 310 311 312 313 314 315 316 317 318 319 
320 321 322 323 324 325 326 327 328 329 330 331 332 333 334 335 336 337 338 339 340 341 342 343 344 345 346 347 348 349 350 351 352 353 354 355 356 357 358 359 
360 361 362 363 364 365 366 367 368 369 370 371 372 373 374 375 376 377 378 379 380 381 382 383 384 385 386 387 388 389 390 391 392 393 394 395 396 397 398 399 
400 401 402 403 404 405 406 407 408 409 410 411 412 413 414 415 416 417 418 419 420 421 
<mui>
0 1 2 3 4 5 6 7 8 9 10 11 12 13 14 15 16 17 18 19 20 21 22 23 24 25 26 27 28 29 30 31 32 33 34 35 36 37 38 39 
40 41 42 43 44 45 46 47 48 49 50 51 52 53 54 55 56 57 58 59 60 
<muj>
0 1 2 3 4 5 6 7 8 9 10 11 12 13 14 15 16 17 18 19 20 21 22 23 24 25 26 27 28 29 30 31 32 33 34 35 36 37 38 39 
40 41 42 43 44 45 46 47 48 49 50 51 52 53 54 55 56 57 58 59 60 61 62 63 64 65 66 67 68 69 70 71 72 73 74 75 76 77 78 79 
80 81 82 83 84 85 86 87 88 89 90 91 92 93 94 95 96 97 98 99 100 101 102 103 104 105 106 107 108 109 110 111 112 113 114 115 116 117 118 119 
120 121 122 123 124 125 126 127 128 129 130 131 132 133 134 135 136 137 138 139 140 141 142 143 144 145 146 147 148 149 150 151 152 153 154 155 156 157 158 159 
160 161 162 163 164 165 166 167 168 169 170 171 172 173 174 175 176 177 178 179 180 181 182 183 184 185 186 187 188 189 190 191 192 193 194 195 196 197 198 199 
200 201 202 203 204 205 206 207 208 209 210 211 212 213 214 215 216 217 218 219 220 221 222 223 224 225 226 227 228 229 230 231 232 233 234 235 236 237 238 239 
240 241 242 243 244 245 246 247 248 249 250 251 252 253 254 255 256 257 258 259 260 261 262 263 264 265 266 267 268 269 270 271 272 273 274 275 276 277 278 279 
280 281 282 283 284 285 286 287 288 289 290 291 292 293 294 295 296 297 298 299 300 301 302 303 304 305 306 307 308 309 310 311 312 313 314 315 316 317 318 319 
320 321 322 323 324 325 326 327 328 329 330 331 332 333 334 335 336 337 338 339 340 341 342 343 344 345 346 347 348 349 350 351 352 353 354 355 356 357 358 359 
360 361 362 363 364 365 366 367 368 369 370 371 372 373 374 375 376 377 378 379 380 381 382 383 384 385 386 387 388 389 390 391 392 393 394 395 396 397 398 399 
400 401 402 403 404 405 406 407 408 409 410 411 412 413 414 415 416 417 418 419 420 421 422 423 424 425 426 427 428 429 430 431 432 433 434 435 436 437 438 439 
440 441 442 443 444 445 446 447 448 449 450 451 452 453 454 455 456 457 458 459 460 461 462 463 464 465 466 467 468 469 470 471 472 473 474 475 476 477 478 479 
480 481 482 483 484 485 486 487 488 489 490 491 492 493 494 495 496 497 498 499 500 501 502 503 504 505 506 507 508 509 510 511 512 513 514 515 516 517 518 519 
520 521 522 523 524 525 526 527 528 529 530 531 532 533 534 535 536 537 538 539 540 541 542 543 544 545 546 547 548 549 550 551 552 553 554 555 556 557 558 559 
560 561 562 563 564 565 566 567 568 569 570 571 572 573 574 575 576 577 578 579 580 581 582 583 584 585 586 587 588 589 590 591 592 593 594 595 596 597 598 599 
600 601 602 603 604 605 606 607 608 609 610 611 612 613 614 615 616 617 618 619 620 621 622 623 624 625 626 627 628 629 630 631 632 633 634 635 636 637 638 639 
640 641 642 643 644 645 646 647 648 649 650 651 652 653 654 655 656 657 658 659 660 661 662 663 664 665 666 667 668 669 670 671 672 673 674 675 676 677 678 679 
680 681 682 683 684 685 686 687 688 689 690 691 692 693 694 695 696 697 698 699 700 701 702 703 704 705 706 707 708 709 710 711 712 713 714 715 716 717 718 719 
720 721 722 723 724 725 726 727 728 729 730 731 732 733 734 735 736 737 738 739 740 741 742 743 744 745 746 747 748 749 750 751 752 753 754 755 756 757 758 759 
760 761 762 763 764 765 766 767 768 769 770 771 772 773 774 775 776 777 778 779 780 781 782 783 784 785 786 787 788 789 790 791 792 793 794 795 796 797 798 799 
800 801 802 803 804 805 806 807 808 809 810 811 812 813 814 815 816 817 818 819 820 821 822 823 824 825 826 827 828 829 830 831 832 833 834 835 836 837 838 839 
840 841 842 843 844 845 846 847 848 849 850 851 852 853 854 855 856 857 858 859 860 861 862 863 864 865 866 867 868 869 870 871 872 873 874 875 876 877 878 879 
880 881 882 883 884 885 886 887 888 889 890 891 892 893 894 895 896 897 898 899 900 901 902 903 904 905 906 907 908 909 910 911 912 913 914 915 916 917 918 919 
920 921 922 923 924 925 926 927 928 929 930 931 932 933 934 935 936 937 938 939 940 941 942 943 944 945 946 947 948 949 950 951 952 953 954 955 956 957 958 959 
960 961 962 963 964 965 966 967 968 969 970 971 972 973 974 975 976 977 978 979 980 981 982 983 984 985 986 987 988 989 990 991 992 993 994 995 996 997 998 999 
1000 1001 1002 1003 1004 1005 1006 1007 1008 1009 1010 1011 1012 1013 1014 1015 1016 1017 1018 1019 1020 1021 1022 1023 1024 1025 1026 1027 1028 1029 1030 1031 1032 1033 1034 1035 1036 1037 1038 1039 
1040 1041 1042 1043 1044 1045 1046 1047 1048 1049 1050 1051 1052 1053 1054 1055 1056 1057 1058 1059 1060 1061 1062 1063 1064 1065 1066 1067 1068 1069 1070 1071 1072 1073 1074 1075 1076 1077 1078 1079 
1080 1081 1082 1083 1084 1085 1086 1087 1088 1089 1090 1091 1092 1093 1094 1095 1096 1097 1098 1099 1100 1101 1102 1103 1104 1105 1106 1107 1108 1109 1110 1111 1112 1113 1114 1115 1116 1117 1118 1119 
1120 1121 1122 1123 1124 1125 1126 1127 1128 1129 1130 1131 1132 1133 1134 1135 1136 1137 1138 1139 1140 1141 1142 1143 1144 1145 1146 1147 1148 1149 1150 1151 1152 1153 1154 1155 1156 1157 1158 1159 
1160 1161 1162 1163 1164 1165 1166 1167 1168 1169 1170 1171 1172 1173 1174 1175 1176 1177 1178 1179 1180 1181 1182 1183 1184 1185 1186 1187 1188 1189 1190 1191 1192 1193 1194 1195 1196 1197 1198 1199 
1200 1201 1202 1203 1204 1205 1206 1207 1208 1209 1210 1211 1212 1213 1214 1215 1216 1217 1218 1219 1220 1221 1222 1223 1224 1225 1226 1227 1228 1229 1230 1231 1232 1233 1234 1235 1236 1237 1238 1239 
1240 1241 1242 1243 1244 1245 1246 1247 1248 1249 1250 1251 1252 1253 1254 1255 1256 1257 1258 1259 1260 1261 1262 1263 1264 1265 1266 1267 1268 1269 1270 1271 1272 1273 1274 1275 1276 1277 1278 1279 
1280 1281 1282 1283 1284 1285 1286 1287 1288 1289 1290 1291 1292 1293 1294 1295 1296 1297 1298 1299 1300 1301 1302 1303 1304 1305 1306 1307 1308 1309 1310 1311 1312 1313 1314 1315 1316 1317 1318 1319 
1320 1321 1322 1323 1324 1325 1326 1327 1328 1329 1330 1331 1332 1333 1334 1335 1336 1337 1338 1339 1340 1341 1342 1343 1344 1345 1346 1347 1348 1349 1350 1351 1352 1353 1354 1355 1356 1357 1358 1359 
1360 1361 1362 1363 1364 1365 1366 1367 1368 1369 1370 1371 1372 1373 1374 1375 1376 1377 1378 1379 1380 1381 1382 1383 1384 1385 1386 1387 1388 1389 1390 1391 1392 1393 1394 1395 1396 1397 1398 1399 
1400 1401 1402 1403 1404 1405 1406 1407 1408 1409 1410 1411 1412 1413 1414 1415 1416 1417 1418 1419 1420 1421 1422 1423 1424 1425 1426 1427 1428 1429 1430 1431 1432 1433 1434 1435 1436 1437 1438 1439 
1440 1441 1442 1443 1444 1445 1446 1447 1448 1449 1450 1451 1452 1453 1454 1455 1456 1457 1458 1459 1460 1461 1462 1463 1464 1465 1466 1467 1468 1469 1470 1471 1472 1473 1474 1475 1476 1477 1478 1479 
1480 1481 1482 1483 1484 1485 1486 1487 1488 1489 1490 1491 1492 1493 1494 1495 1496 1497 1498 1499 1500 1501 1502 1503 1504 1505 1506 1507 1508 1509 1510 1511 1512 1513 1514 1515 1516 1517 1518 1519 
1520 1521 1522 1523 1524 1525 1526 1527 1528 1529 1530 1531 1532 1533 1534 1535 1536 1537 1538 1539 1540 1541 1542 1543 1544 1545 1546 1547 1548 1549 1550 1551 1552 1553 1554 1555 1556 1557 1558 1559 
1560 1561 1562 1563 1564 1565 
<DUL>
1000000 1000000 1000000 1000000 1000000 1000000 1000000 1000000 1000000 1000000 1000000 1000000 1000000 1000000 1000000 1000000 1000000 1000000 1000000 1000000 1000000 1000000 1000000 1000000 1000000 1000000 1000000 1000000 1000000 1000000 1000000 1000000 1000000 1000000 1000000 1000000 1000000 1000000 1000000 1000000 
1000000 1000000 1000000 1000000 1000000 1000000 1000000 1000000 1000000 1000000 1000000 1000000 1000000 1000000 1000000 1000000 1000000 1000000 1000000 1000000 1000000 1000000 1000000 1000000 1000000 1000000 1000000 1000000 1000000 1000000 1000000 1000000 1000000 1000000 1000000 1000000 1000000 1000000 1000000 1000000 
1000000 1000000 1000000 1000000 1000000 1000000 1000000 1000000 1000000 1000000 1000000 1000000 1000000 1000000 1000000 1000000 1000000 1000000 1000000 1000000 1000000 1000000 1000000 1000000 1000000 1000000 1000000 1000000 1000000 1000000 1000000 1000000 1000000 1000000 1000000 1000000 1000000 1000000 1000000 1000000 
1000000 1000000 1000000 1000000 1000000 1000000 1000000 1000000 1000000 1000000 1000000 1000000 1000000 1000000 1000000 1000000 1000000 1000000 1000000 1000000 1000000 1000000 1000000 1000000 1000000 1000000 1000000 1000000 1000000 1000000 1000000 1000000 1000000 1000000 1000000 1000000 1000000 1000000 1000000 1000000 
1000000 1000000 1000000 1000000 1000000 1000000 1000000 1000000 1000000 1000000 1000000 1000000 1000000 1000000 1000000 1000000 1000000 1000000 1000000 1000000 1000000 1000000 1000000 1000000 1000000 1000000 1000000 1000000 1000000 1000000 1000000 1000000 1000000 1000000 1000000 1000000 1000000 1000000 1000000 1000000 
1000000 1000000 1000000 1000000 1000000 1000000 1000000 1000000 1000000 1000000 1000000 1000000 1000000 1000000 1000000 1000000 1000000 1000000 1000000 1000000 1000000 1000000 1000000 1000000 1000000 1000000 1000000 1000000 1000000 1000000 1000000 1000000 1000000 1000000 1000000 1000000 1000000 1000000 1000000 1000000 
1000000 1000000 1000000 1000000 1000000 1000000 1000000 1000000 1000000 1000000 1000000 1000000 1000000 1000000 1000000 1000000 1000000 1000000 1000000 1000000 1000000 1000000 1000000 1000000 1000000 1000000 1000000 1000000 1000000 1000000 1000000 1000000 1000000 1000000 1000000 1000000 1000000 1000000 1000000 1000000 
1000000 1000000 1000000 1000000 1000000 1000000 1000000 1000000 1000000 1000000 1000000 1000000 1000000 1000000 1000000 1000000 1000000 1000000 1000000 1000000 1000000 1000000 1000000 1000000 1000000 1000000 1000000 1000000 1000000 1000000 1000000 1000000 1000000 1000000 1000000 1000000 1000000 1000000 1000000 1000000 
1000000 1000000 1000000 1000000 1000000 1000000 1000000 1000000 1000000 1000000 1000000 1000000 1000000 1000000 1000000 1000000 1000000 1000000 1000000 1000000 1000000 1000000 1000000 1000000 1000000 1000000 1000000 1000000 1000000 1000000 1000000 1000000 1000000 1000000 1000000 1000000 1000000 1000000 1000000 1000000 
1000000 1000000 1000000 1000000 1000000 1000000 1000000 1000000 1000000 1000000 1000000 1000000 1000000 1000000 1000000 1000000 1000000 1000000 1000000 1000000 1000000 1000000 1000000 1000000 1000000 1000000 1000000 1000000 1000000 1000000 1000000 1000000 1000000 1000000 1000000 1000000 1000000 1000000 1000000 1000000 
1000000 1000000 1000000 1000000 1000000 1000000 1000000 1000000 1000000 1000000 1000000 1000000 1000000 1000000 1000000 1000000 1000000 1000000 1000000 1000000 1000000 1000000 1000000 1000000 1000000 1000000 1000000 1000000 1000000 1000000 1000000 1000000 1000000 1000000 1000000 1000000 1000000 1000000 1000000 1000000 
1000000 1000000 1000000 1000000 1000000 1000000 1000000 1000000 1000000 1000000 1000000 1000000 1000000 1000000 1000000 1000000 1000000 1000000 1000000 1000000 1000000 1000000 1000000 1000000 1000000 1000000 1000000 1000000 1000000 1000000 1000000 1000000 1000000 1000000 1000000 1000000 1000000 1000000 1000000 1000000 
1000000 1000000 1000000 1000000 1000000 1000000 1000000 1000000 1000000 1000000 1000000 1000000 1000000 1000000 1000000 1000000 1000000 1000000 1000000 1000000 1000000 1000000 1000000 1000000 1000000 1000000 1000000 1000000 1000000 1000000 1000000 1000000 1000000 1000000 1000000 1000000 1000000 1000000 1000000 1000000 
1000000 1000000 1000000 1000000 1000000 1000000 1000000 1000000 1000000 1000000 1000000 1000000 1000000 1000000 1000000 1000000 1000000 1000000 1000000 1000000 1000000 1000000 1000000 1000000 1000000 1000000 1000000 1000000 1000000 1000000 1000000 1000000 1000000 1000000 1000000 1000000 1000000 1000000 1000000 1000000 
1000000 1000000 1000000 1000000 1000000 1000000 1000000 1000000 1000000 1000000 1000000 1000000 1000000 1000000 1000000 1000000 1000000 1000000 1000000 1000000 1000000 1000000 1000000 1000000 1000000 1000000 1000000 1000000 1000000 1000000 1000000 1000000 1000000 1000000 1000000 1000000 1000000 1000000 1000000 1000000 
1000000 1000000 1000000 1000000 1000000 1000000 1000000 1000000 1000000 1000000 1000000 1000000 1000000 1000000 1000000 1000000 1000000 1000000 1000000 1000000 1000000 1000000 1000000 1000000 1000000 1000000 1000000 1000000 1000000 1000000 1000000 1000000 1000000 1000000 1000000 1000000 1000000 1000000 1000000 1000000 
1000000 1000000 1000000 1000000 1000000 1000000 1000000 1000000 1000000 1000000 1000000 1000000 1000000 1000000 1000000 1000000 1000000 1000000 1000000 1000000 1000000 1000000 1000000 1000000 1000000 1000000 1000000 1000000 1000000 1000000 1000000 1000000 1000000 1000000 1000000 1000000 1000000 1000000 1000000 1000000 
1000000 1000000 1000000 1000000 1000000 1000000 1000000 1000000 1000000 1000000 1000000 1000000 1000000 1000000 1000000 1000000 1000000 1000000 1000000 1000000 1000000 1000000 1000000 1000000 1000000 1000000 1000000 1000000 1000000 1000000 1000000 1000000 1000000 1000000 1000000 1000000 1000000 1000000 1000000 1000000 
1000000 1000000 1000000 1000000 1000000 1000000 1000000 1000000 1000000 1000000 1000000 1000000 1000000 1000000 1000000 1000000 1000000 1000000 1000000 1000000 1000000 1000000 1000000 1000000 1000000 1000000 1000000 1000000 1000000 1000000 1000000 1000000 1000000 1000000 1000000 1000000 1000000 1000000 1000000 1000000 
1000000 1000000 1000000 1000000 1000000 1000000 1000000 1000000 1000000 1000000 1000000 1000000 1000000 1000000 1000000 1000000 1000000 1000000 1000000 1000000 1000000 1000000 1000000 1000000 1000000 1000000 1000000 1000000 1000000 1000000 1000000 1000000 1000000 1000000 1000000 1000000 1000000 1000000 1000000 1000000 
1000000 1000000 1000000 1000000 1000000 1000000 1000000 1000000 1000000 1000000 1000000 1000000 1000000 1000000 1000000 1000000 1000000 1000000 1000000 1000000 1000000 1000000 1000000 1000000 1000000 1000000 1000000 1000000 1000000 1000000 1000000 1000000 1000000 1000000 1000000 1000000 1000000 1000000 1000000 1000000 
1000000 1000000 1000000 1000000 1000000 1000000 1000000 1000000 1000000 1000000 1000000 1000000 1000000 1000000 1000000 1000000 1000000 1000000 1000000 1000000 1000000 1000000 1000000 1000000 1000000 1000000 1000000 1000000 1000000 1000000 1000000 1000000 1000000 1000000 1000000 1000000 1000000 1000000 1000000 1000000 
1000000 1000000 1000000 1000000 1000000 1000000 1000000 1000000 1000000 1000000 1000000 1000000 1000000 1000000 1000000 1000000 1000000 1000000 1000000 1000000 1000000 1000000 1000000 1000000 1000000 1000000 1000000 1000000 1000000 1000000 1000000 1000000 1000000 1000000 1000000 1000000 1000000 1000000 1000000 1000000 
1000000 1000000 1000000 1000000 1000000 1000000 1000000 1000000 1000000 1000000 1000000 1000000 1000000 1000000 1000000 1000000 1000000 1000000 1000000 1000000 1000000 1000000 1000000 1000000 1000000 1000000 1000000 1000000 1000000 1000000 1000000 1000000 1000000 1000000 1000000 1000000 1000000 1000000 1000000 1000000 
1000000 1000000 1000000 1000000 1000000 1000000 1000000 1000000 1000000 1000000 1000000 1000000 1000000 1000000 1000000 1000000 1000000 1000000 1000000 1000000 1000000 1000000 1000000 1000000 1000000 1000000 1000000 1000000 1000000 1000000 1000000 1000000 1000000 1000000 1000000 1000000 1000000 1000000 1000000 1000000 
1000000 1000000 1000000 1000000 1000000 1000000 1000000 1000000 1000000 1000000 1000000 1000000 1000000 1000000 1000000 1000000 1000000 1000000 1000000 1000000 1000000 1000000 1000000 1000000 1000000 1000000 1000000 1000000 1000000 1000000 1000000 1000000 1000000 1000000 1000000 1000000 1000000 1000000 1000000 1000000 
1000000 1000000 1000000 1000000 1000000 1000000 1000000 1000000 1000000 1000000 1000000 1000000 1000000 1000000 1000000 1000000 1000000 1000000 1000000 1000000 1000000 1000000 1000000 1000000 1000000 1000000 1000000 1000000 1000000 1000000 1000000 1000000 1000000 1000000 1000000 1000000 1000000 1000000 1000000 1000000 
1000000 1000000 1000000 1000000 1000000 1000000 1000000 1000000 1000000 1000000 1000000 1000000 1000000 1000000 1000000 1000000 1000000 1000000 1000000 1000000 1000000 1000000 1000000 1000000 1000000 1000000 1000000 1000000 1000000 1000000 1000000 1000000 1000000 1000000 1000000 1000000 1000000 1000000 1000000 1000000 
1000000 1000000 1000000 1000000 1000000 1000000 1000000 1000000 1000000 1000000 1000000 1000000 1000000 1000000 1000000 1000000 1000000 1000000 1000000 1000000 1000000 1000000 1000000 1000000 1000000 1000000 1000000 1000000 1000000 1000000 1000000 1000000 1000000 1000000 1000000 1000000 1000000 1000000 1000000 1000000 
1000000 1000000 1000000 1000000 1000000 1000000 1000000 1000000 1000000 1000000 1000000 1000000 1000000 1000000 1000000 1000000 1000000 1000000 1000000 1000000 1000000 1000000 1000000 1000000 1000000 1000000 1000000 1000000 1000000 1000000 1000000 1000000 1000000 1000000 1000000 1000000 1000000 1000000 1000000 1000000 
1000000 1000000 1000000 1000000 1000000 1000000 1000000 1000000 1000000 1000000 1000000 1000000 1000000 1000000 1000000 1000000 1000000 1000000 1000000 1000000 1000000 1000000 1000000 1000000 1000000 1000000 1000000 1000000 1000000 1000000 1000000 1000000 1000000 1000000 1000000 1000000 1000000 1000000 1000000 1000000 
1000000 1000000 1000000 1000000 1000000 1000000 1000000 1000000 1000000 1000000 1000000 1000000 1000000 1000000 1000000 1000000 1000000 1000000 1000000 1000000 1000000 1000000 1000000 1000000 1000000 1000000 1000000 1000000 1000000 1000000 1000000 1000000 1000000 1000000 1000000 1000000 1000000 1000000 1000000 1000000 
1000000 1000000 1000000 1000000 1000000 1000000 1000000 1000000 1000000 1000000 1000000 1000000 1000000 1000000 1000000 1000000 1000000 1000000 1000000 1000000 1000000 1000000 1000000 1000000 1000000 1000000 1000000 1000000 1000000 1000000 1000000 1000000 1000000 1000000 1000000 1000000 1000000 1000000 1000000 1000000 
1000000 1000000 1000000 1000000 1000000 1000000 1000000 1000000 1000000 1000000 1000000 1000000 1000000 1000000 1000000 1000000 1000000 1000000 1000000 1000000 1000000 1000000 1000000 1000000 1000000 1000000 1000000 1000000 1000000 1000000 1000000 1000000 1000000 1000000 1000000 1000000 1000000 1000000 1000000 1000000 
1000000 1000000 1000000 1000000 1000000 1000000 1000000 1000000 1000000 1000000 1000000 1000000 1000000 1000000 1000000 1000000 1000000 1000000 1000000 1000000 1000000 1000000 1000000 1000000 1000000 1000000 1000000 1000000 1000000 1000000 1000000 1000000 1000000 1000000 1000000 1000000 1000000 1000000 1000000 1000000 
1000000 1000000 1000000 1000000 1000000 1000000 1000000 1000000 1000000 1000000 1000000 1000000 1000000 1000000 1000000 1000000 1000000 1000000 1000000 1000000 1000000 1000000 1000000 1000000 1000000 1000000 1000000 1000000 1000000 1000000 1000000 1000000 1000000 1000000 1000000 1000000 1000000 1000000 1000000 1000000 
1000000 1000000 1000000 1000000 1000000 1000000 1000000 1000000 1000000 1000000 1000000 1000000 1000000 1000000 1000000 1000000 1000000 1000000 1000000 1000000 1000000 1000000 1000000 1000000 1000000 1000000 1000000 1000000 1000000 1000000 1000000 1000000 1000000 1000000 1000000 1000000 1000000 1000000 1000000 1000000 
1000000 1000000 1000000 1000000 1000000 1000000 1000000 1000000 1000000 1000000 1000000 1000000 1000000 1000000 1000000 1000000 1000000 1000000 1000000 1000000 1000000 1000000 1000000 1000000 1000000 1000000 1000000 1000000 1000000 1000000 1000000 1000000 1000000 1000000 1000000 1000000 1000000 1000000 1000000 1000000 
1000000 1000000 1000000 1000000 1000000 1000000 1000000 1000000 1000000 1000000 1000000 1000000 1000000 1000000 1000000 1000000 1000000 1000000 1000000 1000000 1000000 1000000 1000000 1000000 1000000 1000000 1000000 1000000 1000000 1000000 1000000 1000000 1000000 1000000 1000000 1000000 1000000 1000000 1000000 1000000 
1000000 1000000 1000000 1000000 1000000 1000000 
<DLL>
0 0 0 0 0 0 0 0 0 0 0 0 0 0 0 0 0 0 0 0 0 0 0 0 0 0 0 0 0 0 0 0 0 0 0 0 0 0 0 0 
0 0 0 0 0 0 0 0 0 0 0 0 0 0 0 0 0 0 0 0 0 0 0 0 0 0 0 0 0 0 0 0 0 0 0 0 0 0 0 0 
0 0 0 0 0 0 0 0 0 0 0 0 0 0 0 0 0 0 0 0 0 0 0 0 0 0 0 0 0 0 0 0 0 0 0 0 0 0 0 0 
0 0 0 0 0 0 0 0 0 0 0 0 0 0 0 0 0 0 0 0 0 0 0 0 0 0 0 0 0 0 0 0 0 0 0 0 0 0 0 0 
0 0 0 0 0 0 0 0 0 0 0 0 0 0 0 0 0 0 0 0 0 0 0 0 0 0 0 0 0 0 0 0 0 0 0 0 0 0 0 0 
0 0 0 0 0 0 0 0 0 0 0 0 0 0 0 0 0 0 0 0 0 0 0 0 0 0 0 0 0 0 0 0 0 0 0 0 0 0 0 0 
0 0 0 0 0 0 0 0 0 0 0 0 0 0 0 0 0 0 0 0 0 0 0 0 0 0 0 0 0 0 0 0 0 0 0 0 0 0 0 0 
0 0 0 0 0 0 0 0 0 0 0 0 0 0 0 0 0 0 0 0 0 0 0 0 0 0 0 0 0 0 0 0 0 0 0 0 0 0 0 0 
0 0 0 0 0 0 0 0 0 0 0 0 0 0 0 0 0 0 0 0 0 0 0 0 0 0 0 0 0 0 0 0 0 0 0 0 0 0 0 0 
0 0 0 0 0 0 0 0 0 0 0 0 0 0 0 0 0 0 0 0 0 0 0 0 0 0 0 0 0 0 0 0 0 0 0 0 0 0 0 0 
0 0 0 0 0 0 0 0 0 0 0 0 0 0 0 0 0 0 0 0 0 0 0 0 0 0 0 0 0 0 0 0 0 0 0 0 0 0 0 0 
0 0 0 0 0 0 0 0 0 0 0 0 0 0 0 0 0 0 0 0 0 0 0 0 0 0 0 0 0 0 0 0 0 0 0 0 0 0 0 0 
0 0 0 0 0 0 0 0 0 0 0 0 0 0 0 0 0 0 0 0 0 0 0 0 0 0 0 0 0 0 0 0 0 0 0 0 0 0 0 0 
0 0 0 0 0 0 0 0 0 0 0 0 0 0 0 0 0 0 0 0 0 0 0 0 0 0 0 0 0 0 0 0 0 0 0 0 0 0 0 0 
0 0 0 0 0 0 0 0 0 0 0 0 0 0 0 0 0 0 0 0 0 0 0 0 0 0 0 0 0 0 0 0 0 0 0 0 0 0 0 0 
0 0 0 0 0 0 0 0 0 0 0 0 0 0 0 0 0 0 0 0 0 0 0 0 0 0 0 0 0 0 0 0 0 0 0 0 0 0 0 0 
0 0 0 0 0 0 0 0 0 0 0 0 0 0 0 0 0 0 0 0 0 0 0 0 0 0 0 0 0 0 0 0 0 0 0 0 0 0 0 0 
0 0 0 0 0 0 0 0 0 0 0 0 0 0 0 0 0 0 0 0 0 0 0 0 0 0 0 0 0 0 0 0 0 0 0 0 0 0 0 0 
0 0 0 0 0 0 0 0 0 0 0 0 0 0 0 0 0 0 0 0 0 0 0 0 0 0 0 0 0 0 0 0 0 0 0 0 0 0 0 0 
0 0 0 0 0 0 0 0 0 0 0 0 0 0 0 0 0 0 0 0 0 0 0 0 0 0 0 0 0 0 0 0 0 0 0 0 0 0 0 0 
0 0 0 0 0 0 0 0 0 0 0 0 0 0 0 0 0 0 0 0 0 0 0 0 0 0 0 0 0 0 0 0 0 0 0 0 0 0 0 0 
0 0 0 0 0 0 0 0 0 0 0 0 0 0 0 0 0 0 0 0 0 0 0 0 0 0 0 0 0 0 0 0 0 0 0 0 0 0 0 0 
0 0 0 0 0 0 0 0 0 0 0 0 0 0 0 0 0 0 0 0 0 0 0 0 0 0 0 0 0 0 0 0 0 0 0 0 0 0 0 0 
0 0 0 0 0 0 0 0 0 0 0 0 0 0 0 0 0 0 0 0 0 0 0 0 0 0 0 0 0 0 0 0 0 0 0 0 0 0 0 0 
0 0 0 0 0 0 0 0 0 0 0 0 0 0 0 0 0 0 0 0 0 0 0 0 0 0 0 0 0 0 0 0 0 0 0 0 0 0 0 0 
0 0 0 0 0 0 0 0 0 0 0 0 0 0 0 0 0 0 0 0 0 0 0 0 0 0 0 0 0 0 0 0 0 0 0 0 0 0 0 0 
0 0 0 0 0 0 0 0 0 0 0 0 0 0 0 0 0 0 0 0 0 0 0 0 0 0 0 0 0 0 0 0 0 0 0 0 0 0 0 0 
0 0 0 0 0 0 0 0 0 0 0 0 0 0 0 0 0 0 0 0 0 0 0 0 0 0 0 0 0 0 0 0 0 0 0 0 0 0 0 0 
0 0 0 0 0 0 0 0 0 0 0 0 0 0 0 0 0 0 0 0 0 0 0 0 0 0 0 0 0 0 0 0 0 0 0 0 0 0 0 0 
0 0 0 0 0 0 0 0 0 0 0 0 0 0 0 0 0 0 0 0 0 0 0 0 0 0 0 0 0 0 0 0 0 0 0 0 0 0 0 0 
0 0 0 0 0 0 0 0 0 0 0 0 0 0 0 0 0 0 0 0 0 0 0 0 0 0 0 0 0 0 0 0 0 0 0 0 0 0 0 0 
0 0 0 0 0 0 0 0 0 0 0 0 0 0 0 0 0 0 0 0 0 0 0 0 0 0 0 0 0 0 0 0 0 0 0 0 0 0 0 0 
0 0 0 0 0 0 0 0 0 0 0 0 0 0 0 0 0 0 0 0 0 0 0 0 0 0 0 0 0 0 0 0 0 0 0 0 0 0 0 0 
0 0 0 0 0 0 0 0 0 0 0 0 0 0 0 0 0 0 0 0 0 0 0 0 0 0 0 0 0 0 0 0 0 0 0 0 0 0 0 0 
0 0 0 0 0 0 0 0 0 0 0 0 0 0 0 0 0 0 0 0 0 0 0 0 0 0 0 0 0 0 0 0 0 0 0 0 0 0 0 0 
0 0 0 0 0 0 0 0 0 0 0 0 0 0 0 0 0 0 0 0 0 0 0 0 0 0 0 0 0 0 0 0 0 0 0 0 0 0 0 0 
0 0 0 0 0 0 0 0 0 0 0 0 0 0 0 0 0 0 0 0 0 0 0 0 0 0 0 0 0 0 0 0 0 0 0 0 0 0 0 0 
0 0 0 0 0 0 0 0 0 0 0 0 0 0 0 0 0 0 0 0 0 0 0 0 0 0 0 0 0 0 0 0 0 0 0 0 0 0 0 0 
0 0 0 0 0 0 0 0 0 0 0 0 0 0 0 0 0 0 0 0 0 0 0 0 0 0 0 0 0 0 0 0 0 0 0 0 0 0 0 0 
0 0 0 0 0 0 
<Vol>
0 0 -0.795868054956141 0 -1.84495022009415 -3.68990044018831 -5.53485051127085 0 -3.61822823042601 1.4076727287207 0.469224640271197 0 0 -4.44383445258219 -0.422968351917543 0 0 0 0 0 0 -8.7131557593376 -13.0697336390064 -4.18685547648102 -0.795868054956141 -1.59173610991228 -2.38760654905422 -3.18347221982457 -1.84495022009415 -3.61822942251891 -0.174513145826776 -0.0872565729133878 0 0 0 0 0.938449280542395 0.469224640271197 -4.65056754962349 -0.261769718740164 
-0.422968351917543 0 -13.0697336390064 0 0 -50.591974405709 -8.03792228238695 -9.8828725024811 -11.7278227225753 -13.5727729426694 -15.4177231627636 -17.2626733828577 -5.25452471890135 -4.78530007863015 -4.31607663045185 -65.4934762608052 -11.4474987183451 -16.7020222451536 -5.72374935917255 -6.33626152283929 -7.41799743270756 -8.65043638320464 -7.03891070327884 -6.61594235136129 -3.85609143402076 0 -8.37371095296204 -12.5605652373502 -4.18685547648102 0 0 -0.795868054956141 -1.59173610991228 0 -0.293989669954687 -1.84495022009415 -3.68990044018831 0.595351300296465 0 0 
0 -3.61822823042601 -3.61822942251891 0 5.29125802943617 2.64562901471808 0 -8.37371095296204 -12.5605652373502 -4.18685547648102 0.938449280542395 1.4076727287207 0.469224640271197 0.938449280542395 0.469224640271197 0 0 0 -4.44383445258219 -0.845936703835086 -0.422968351917543 1.57366914926678 0 -0.469224640271197 0 -86.8046996579455 -21.7011749144864 -43.4023498289727 -65.1035247434591 -129.760573029307 -166.835022466252 0 0.469224640271197 0 0 -4.18685547648102 -1.84495022009415 0.595351300296465 -3.61822823042601 -3.61822942251891 
0.469224640271197 -8.52327325450985 -0.422968351917543 -12.5605652373502 -12.5605652373502 0 -0.812323812610027 -4.3565778796688 0.12612606397882 -9.20685521898895 -18.8258610709688 0.34717663658502 0.52076376278464 0.642812958563712 -18.8258610709688 -4.9517164387309 -0.764860962249885 0.34717663658502 0.52076376278464 0.642812958563712 -18.8258610709688 -0.764860962249885 -2.60981162937887 -0.169510257999868 -0.764860962249885 -0.764860962249885 -0.764860962249885 -0.764860962249885 -0.764860962249885 -4.38309038476879 -4.38309038476879 -0.764860962249885 0.694353273170041 0.0515403146063242 0.17358831829251 -0.295636352246671 -0.764860962249885 -0.764860962249885 -9.28813540885263 0.694353273170041 
-1.18782961219065 -0.764860962249885 0.808808187016896 58.0135925602436 0.694353273170041 -14.0902895460357 -13.3254273916929 1.28562591712742 0.52076376278464 2.05048330309863 0 -8.37371095296204 -4.18685547648102 -0.795868054956141 -1.59173610991228 -2.38760654905422 -3.18347221982457 0.595351300296465 -3.61822823042601 -3.61822942251891 -0.174513145826776 -0.261769718740164 -0.349026291653551 -0.0872565729133878 0.938449280542395 1.4076727287207 1.87689856108479 0.469224640271197 0.469224640271197 -0.174513145826776 -0.845936703835086 -0.422968351917543 0 -1.84495022009415 -4.44383445258219 -0.422968351917543 0 16.9901317199767 48.2318138362904 0 
-8.37371095296204 -12.5605652373502 -4.18685547648102 -0.795868054956141 -1.59173610991228 -1.84495022009415 -3.68990044018831 0.595351300296465 -3.61822823042601 -3.61822942251891 5.29125802943617 2.64562901471808 0.938449280542395 1.4076727287207 0.469224640271197 -4.44383445258219 -0.845936703835086 -0.422968351917543 1.57366914926678 0 -9.20685521898895 16.9901317199767 33.9802634399534 50.9703951599302 67.9605268799069 -3.16395019601388 -9.20685521898895 27.3817708158997 41.1254879985824 20.5627439992912 37.074449436945 55.6116741554175 74.14889887389 18.5372247184725 74.14889887389 18.5372247184725 -3.19205871309817 13.456031596584 -29399.7665144369 -22068.3621105462 
-22068.3621105462 -29382.776382717 -22051.3719788262 -22034.3818471062 -22071.5260607422 -22074.6900109382 -22077.8539611342 -22066.6003400927 -22066.6003400927 -18.5372247184725 0 -1.54709299849577 -29381.2292897185 -22049.8248858277 -22031.2876611092 -22012.7504363908 -21994.2132116723 -44099.6497716554 -66130.9374327647 -21999.4321845165 -21969.0168610167 -22024.6285351721 -22015.8446223878 -22010.9886659373 -22009.2268954838 -22010.9886659373 -21990.6896707653 -22010.9886659373 -22054.9060789496 0 0 0 0 0 0 1.19070260059293 0.595351300296465 -4.48084484841248 -3.18347221982457 -0.795868054956141 
-0.795868054956141 -1.59173610991228 -1.59173610991228 -2.38760654905422 0.595351300296465 -7.23645646085203 -7.23645646085203 -7.23645884503781 -3.61822823042601 -3.61822823042601 -3.61822942251891 -7.23645646085203 -7.23645884503782 -0.174513145826776 -0.0872565729133878 0.938449280542395 0.938449280542395 1.4076727287207 1.87689856108479 0.938449280542395 0.469224640271197 1.87689856108479 0.469224640271197 0.469224640271197 -0.261769718740164 -0.422968351917543 0 0 -8.37371095296204 -4.18685547648102 -1.84495022009415 -3.68990044018831 -3.6182306146118 0.938449280542395 1.4076727287207 1.87689856108479 0.469224640271197 -0.845936703835086 -0.422968351917543 1.57366914926678 
-3.16395019601388 -24.5149706636217 -41.7505211462791 -41.7505211462791 -41.7505211462791 -30.8899879474548 -28.4054378691553 -1.07527037473531 -17.3110882909779 -1.67062003590404 -3.06183894412182 -5.54638991649102 -6.34225767342394 -7.1381260264033 -7.93399527345234 -41.7505211462791 -50.6985007389122 -46.2245109425957 -41.7505211462791 -24.5149706636217 -4.11092006617854 -6.59547252866387 -8.44042200369996 -15.60520536072 -5.88420001366136 -5.88420001366136 -2.68893894305999 -5.17348902135953 -2.26597059114245 -2.26597059114245 -2.26597059114245 -1.32752131060005 -3.81207168692281 -3.34284674862839 -0.858295478235958 -2.87362210835719 -8.56259205834157 -12.3746634472412 -1.79674595087125 -4.28129602917079 
-8.4681515056518 -8.36875009196089 -2.35322716405584 -13.6381895746064 -9.19435512202417 -5.59645796932352 -3.11190729497754 -2.68893894305999 -5.17349021345242 -4.75052066944198 -3.1768515201752 0 0 0 0 -74.14889887389 -4.3565778796688 25.1963506556126 0 0 0 0 0 -16.7754542649691 -16.7754542649691 0 0 0 0 0 0 -1.84495022009415 -3.68990044018831 -28.4054378691553 -28.4054378691553 1.4076727287207 0 0 0 0 
-2.34612677763465 -2.34612677763465 -2.34612677763465 0 0 27.3817708158997 44.3817712927368 -7.70568408135546 1.76177045350343 0 0 -0.0872565729133878 20.5627439992912 -0.892192992188741 -0.422968351917543 0 0 0 0 0 0 0 0 0.595351300296465 -27.7738406636018 -0.795868054956141 -1.59173610991228 -2.38760416486842 -3.18347221982457 -4.47398979631653 0 0.595351300296465 -3.61822942251891 -0.174513145826776 0 0.469224640271197 0.938449280542395 1.4076727287207 0.469224640271197 1.06457534452121 
-0.326644606777839 -3.61822942251891 -0.174513145826776 -0.174513145826776 -0.845936703835086 -0.422968351917543 0 -8.37371095296204 -4.18685547648102 -1.84495022009415 -3.68990044018831 -3.6182306146118 0.938449280542395 1.4076727287207 1.87689856108479 0.469224640271197 -0.845936703835086 -0.422968351917543 1.57366914926678 0 0 0 1.4076727287207 10.0845177133137 -3.17033748374074 1.01651799274027 -29.8734699547145 -27.388919876415 1.61186869699029 -2.60171321791798 -2.60171202582508 1.48574322905792 -7.50675585781602 0.593550236869178 0 -1.84495022009415 -3.61822823042601 -3.61822942251891 0.469224640271197 -8.52327325450985 
-0.422968351917543 -23.6644547179417 -23.6644547179417 -6.30731028406813 -2.12045361549422 -2.12045361549422 -3.9654054747161 -1.5251041033371 -2.12045361549422 -2.12045361549422 -2.12045361549422 -5.73868363405957 -5.73868423010602 -1.65122986929269 -2.12045361549422 -2.12045361549422 -10.6437292541899 -2.54342315950466 -2.12045361549422 -0.546784466227437 -1.31000026656944 -16.8014772367102 -14.6810212370302 0 0 -4.18685547648102 -0.795868054956141 -0.795868054956141 -1.84495022009415 -1.84495022009415 -3.68990044018831 -5.53485051127085 0.595351300296465 0.938449280542395 0.938449280542395 1.4076727287207 1.87689856108479 0.469224640271197 0.469224640271197 -1.37572602685779 
-0.422968351917543 0 0 2.47591257199477 0.426896747557948 18.557896551101 25.3636312134657 31.6456299683924 0.285756132188721 0.285756132188721 -2.79409923175873 1.39275609571068 -0.452194124383475 1.98810635292586 -2.22547317779662 -2.22547347581984 1.86198088499349 -7.13051820188045 0.969787892804748 -2.34612677763465 0 0.469224640271197 0.938449280542395 1.4076727287207 0 -17.4263115186752 -21.782889398344 -8.37371095296204 -4.18685547648102 0 0 -0.795868054956141 0 -4.47398979631653 -1.84495022009415 0 0.595351300296465 0 0 0 
0 -7.70568408135546 -3.61822942251891 -0.174513145826776 -0.0872565729133878 0.853793495115895 1.28069024267384 1.70758699023179 2.13448373778974 2.56138048534769 0.426896747557948 2.64562901471808 0.938449280542395 1.4076727287207 0.469224640271197 1.87689856108479 0.469224640271197 0 0 -7.70568408135546 -8.88766890516438 -13.3315033577466 -4.44383445258219 -0.422968351917543 -11.528501216779 -5.7642506083895 0 1.57366914926678 0 0 -8.37371095296204 -12.5605652373502 -16.7474219059241 -20.9342761903122 -4.18685547648102 55.3230378029212 -0.795868054956141 -0.795868054956141 -1.59173610991228 0 
37.074449436945 55.6116741554175 18.5372247184725 -4.47398979631653 0 -1.84495022009415 -1.84495022009415 -3.68990044018831 -3.68990044018831 0 2.64562901471808 0 0 -25.1211304747003 -8.37371095296204 -8.37371095296204 -12.5605652373502 -12.5605652373502 -4.18685547648102 -4.18685547648102 -2.77917917148163 -7.90448571664439 -3.24840500384573 -3.71763083620982 0 -0.795868054956141 0 0.469224640271197 -1.84495022009415 -1.84495022009415 -3.68990044018831 -3.68990044018831 0.938449280542395 0.938449280542395 1.4076727287207 1.4076727287207 1.87689856108479 0.469224640271197 0.469224640271197 2.12914949694953 
-2.30995810748913 0 0 -0.881969903933735 -0.881969903933735 -1.17595867981875 -1.17595867981875 -7.23645884503781 -3.61822823042601 -3.61822823042601 -3.61822942251891 -3.61822942251891 1.4076727287207 1.4076727287207 0.938449280542395 2.3461196250773 0.469224640271197 0.938449280542395 0.938449280542395 1.4076727287207 1.87689856108479 0.469224640271197 0 0 -4.44383445258219 -0.845936703835086 -0.422968351917543 -0.422968351917543 1.57366914926678 1.57366914926678 0 0 0 -8.88766890516438 -13.3315033577466 -4.44383445258219 -0.845936703835086 -0.845936703835086 -0.422968351917543 -0.422968351917543 
1.57366914926678 1.57366914926678 0.938449280542395 0 -7.70568408135546 -39.1242740403375 0 -0.469224640271197 -2.31417486036535 -4.1591250804595 -6.00407530055366 0.938449280542395 1.4076727287207 0.469224640271197 0 0.469224640271197 0.938449280542395 1.40767392081359 -1.31516134410628 -1.73812969602383 -0.892192992188741 0 0 0 0 -8.37371095296204 -4.18685547648102 -4.98272353143716 -4.48084484841248 -0.795868054956141 -1.59173610991228 -2.38760654905422 -3.18347221982457 -4.47398979631653 0 0.595351300296465 -7.23645884503781 -3.61822823042601 -3.61822942251891 -0.174513145826776 
0.938449280542395 1.4076727287207 0.469224640271197 1.87689856108479 1.87689856108479 3.75379712216958 0.469224640271197 -0.174513145826776 -0.845936703835086 -0.422968351917543 8.86099994182587 0 -0.795868054956141 -1.59173610991228 -2.38760416486842 -3.18347221982457 0.853793495115895 1.28069024267384 1.70758699023179 0.426896747557948 0.938449280542395 1.4076727287207 0.469224640271197 0 0 0 0 -0.795868054956141 -1.59173610991228 -2.38760654905422 0 0 5.29125802943617 7.93689181252583 2.64562901471808 0 0.469223448178298 0.938449280542395 1.87690094527058 -0.469225236317645 
2.06096075018348 -0.845936703835086 -1.26890505575263 0 -0.422968351917543 0 0 -8.37371095296204 -12.5605652373502 -16.7474219059241 -20.9342761903122 -4.18685547648102 -2.77917917148163 55.3230378029212 0 -0.795868054956141 -0.795868054956141 0 0 37.074449436945 -4.47398979631653 37.074449436945 18.5372247184725 -1.84495022009415 -1.84495022009415 -3.68990044018831 -3.68990044018831 0 0 -3.61822823042601 -3.6182306146118 2.64562901471808 0 0 -25.1211304747003 -8.37371095296204 -8.37371095296204 -12.5605652373502 -12.5605652373502 -4.18685547648102 
-4.18685547648102 -0.795868054956141 -1.59173610991228 -1.84495022009415 -3.68990044018831 0.938449280542395 0.938449280542395 1.4076727287207 1.4076727287207 1.87689856108479 0.469224640271197 0.469224640271197 -7.23645646085203 -3.61822823042601 -3.61822942251891 0.938449280542395 0.938449280542395 1.4076727287207 0.469224640271197 0.469224640271197 -8.52327325450985 -0.845936703835086 -0.422968351917543 -0.422968351917543 1.57366914926678 1.57366914926678 0 0 0 0 0 0 -4.44383445258219 -0.845936703835086 -0.845936703835086 -0.422968351917543 -0.422968351917543 1.57366914926678 1.57366914926678 0 
-4.18685547648102 -1.84495022009415 0.595351300296465 0.469224640271197 -0.422968351917543 0 -0.0872565729133878 -4.44383445258219 -3.19205871309817 -0.892192992188741 13.456031596584 0 0 -5.7642506083895 0 0 0 0 0 -3.97484792179827 58.2058825234613 7.4706269322356 1.57366914926678 0.810453348924778 0 -8.37371095296204 -4.18685547648102 -1.84495022009415 -3.68990044018831 -3.6182306146118 0.938449280542395 1.4076727287207 1.87689856108479 0.938449280542395 2.3461196250773 0.469224640271197 -0.845936703835086 -0.422968351917543 1.57366914926678 0 
0 0 0 0 -0.795868054956141 -0.795868054956141 -1.59173610991228 -1.59173610991228 -2.38760654905422 -3.18347221982457 -3.18347221982457 -3.97933789059492 -4.77521309810843 -1.84495022009415 -3.68990044018831 -5.53485051127085 -11.0697010225417 -7.23645646085203 -7.23645884503781 -10.8546882675567 -3.61822823042601 -3.61822942251891 -7.23645884503782 5.29125802943617 2.64562901471808 0.938449280542395 1.4076727287207 1.87689856108479 2.34612320135599 2.81534784162718 1.87689856108479 0.469224640271197 -0.326644606777839 -8.52327325450985 -4.44383445258219 -0.422968351917543 0 0 -4.18685547648102 -1.84495022009415 
0.595351300296465 -3.61822823042601 -3.61822942251891 0.469224640271197 -8.52327325450985 -0.422968351917543 -12.5605652373502 -12.5605652373502 0 -4.65608011675221 -4.18685547648102 -5.38701359954786 -6.182881654504 0 -10.3048025588245 -0.938449280542395 0 0.469224640271197 0 -20.9342761903122 -0.795868054956141 -1.84495022009415 -3.68990044018831 -5.53485051127085 -7.37980088037661 -11.0697010225417 -7.23646122922361 -3.6182306146118 -3.6182306146118 -7.23646122922361 2.8153454574414 4.2230181861621 1.4076727287207 5.29125802943617 2.64562901471808 0.938449280542395 1.87689856108479 0.938449280542395 1.4076727287207 5.63069091488281 
3.75379712216958 6.56914257961098 7.03837794871824 0.469224640271197 -8.96168969682496 -4.77483422034394 -5.06882418832186 -5.36281415629976 -17.0414094897162 8.41831327243227 -8.88766890516438 -4.44383445258219 -0.845936703835086 -1.26890624784552 -0.422968351917543 0 0 0.938449280542395 0.469224640271197 0.938449280542395 1.4076727287207 0.469224640271197 0 -16.7474219059241 -20.9342761903122 -2.77917917148163 55.3230378029212 -0.795868054956141 0 37.074449436945 37.074449436945 55.6116741554175 18.5372247184725 -1.84495022009415 -3.68990044018831 -5.53485051127085 -7.37980088037661 -9.22475095145915 -11.0697010225417 -3.61822823042601 
0 5.29125802943617 2.64562901471808 0 0 -25.1211304747003 -8.37371095296204 -12.5605652373502 -12.5605652373502 -4.18685547648102 -6.03180554756356 -7.8767556186461 -9.72170568972864 -2.77917917148163 0 0 -0.795868054956141 -1.59173610991228 0 -4.47398979631653 0 -1.84495022009415 -3.68990044018831 -5.53485051127085 -7.37980088037661 0.938449280542395 1.4076727287207 1.87689856108479 0.469224640271197 0 0 0 0 0 0 0 0 -7.23646122922361 -3.6182306146118 -3.6182306146118 
-3.61822942251891 -7.23646122922361 0 0 2.8153454574414 1.4076727287207 2.64562901471808 -25.1211304747003 0.938449280542395 0.469224640271197 1.87689856108479 2.3461196250773 3.28457128980549 3.28457128980549 0.938449280542395 1.4076727287207 1.87689856108479 0.469224640271197 -2.77917917148163 0 0 0 -8.52327325450985 -25.1211304747003 -8.88766890516438 -13.3315033577466 -4.44383445258219 -0.845936703835086 -1.26890624784552 -0.422968351917543 0 0 1.57366914926678 0 0 0 0 -8.88766890516438 -4.44383445258219 -0.845936703835086 
-0.422968351917543 0 -8.37371095296204 -4.18685547648102 -4.18685547648102 -0.795868054956141 -1.59173610991228 -2.38760654905422 -3.18347221982457 0.595351300296465 -7.23645646085203 -7.23645884503781 -10.8546882675567 -3.61822823042601 -3.61822942251891 -7.23645884503782 -12.1415038691216 -0.174513145826776 -0.261769718740164 0.938449280542395 1.4076727287207 1.87689856108479 0.469224640271197 0.469224640271197 -2.67977894988362 -0.174513145826776 -0.845936703835086 -0.422968351917543 0 -16.7474219059241 -0.795868054956141 -1.59173610991228 -1.84495022009415 -3.68990044018831 -5.53485051127085 -7.37980088037661 -9.22475095145915 -11.0697010225417 5.29125802943617 2.64562901471808 
0.938449280542395 1.87689856108479 2.8153454574414 1.87689856108479 4.22302295453367 7.03837794871824 7.50759424433916 3.75379712216958 0.469224640271197 -0.845936703835086 -1.26890624784552 -0.422968351917543 0 -4.47398979631653 0 18.5372247184725 29362.692065 29362.692065 29362.692065 29362.692065 29362.692065 29362.692065 29362.692065 29362.692065 29362.692065 29362.692065 46.560001373291 46.560001373291 267.929992675781 10.2699995040894 28.989999294281 43.1899976730347 45.3800010681152 25.7299995422363 41.3000011444092 34.1799998283386 34.1799998283386 65.5000019073486 34.1899991035461 57.4200010299683 
36.340000629425 56.8200016021729 57.1199989318848 62.1700000762939 25.5900001525879 31.9600009918213 38.0399990081787 33.1800007820129 17.7600002288818 19.539999961853 29.1499996185303 99.3400001525879 168.06999206543 46.560001373291 46.560001373291 88.9599990844727 91.4700031280518 0 12.960000038147 0 0 0 0 45.8099985122681 58.4700012207031 116.429996490479 52.1000003814697 53.1799983978271 57.6700019836426 270.330009460449 251.660003662109 5.29999971389771 0 0 134.099998474121 251.159992218018 200.020008087158 317.600002288818 317.600002288818 124.750003814697 
209.799995422363 172.299995422363 333.400001525879 0 0 0 34.1499996185303 36.9300007820129 37.6300001144409 285.249996185303 0 24.539999961853 133.739995956421 0 130.950002670288 46.4499998092651 182.630004882812 73.9200019836426 137.980003356934 136.379995346069 135.579996109009 140.319995880127 142.569999694824 149.799995422363 64.3400001525879 145.150003433228 46.9999980926514 242.660007476807 282.600002288818 33.0599999427795 65.8199977874756 83.6499977111816 97.9300022125244 97.6200008392334 163.880004882812 157.559995651245 159.60000038147 46.0099983215332 53.1500005722046 74.689998626709 
58.1599998474121 148.360004425049 39.9000000953674 81.0000038146973 262.819995880127 386.349983215332 247.369995117188 278.050003051758 0 34.300000667572 248.419990539551 29.6700000762939 109.049997329712 29.9300003051758 282.740001678467 292.159996032715 0 0 0 108.420000076294 0 0 18.07000041008 36.1400008201599 36.1400008201599 36.1400008201599 0 0 0 0 0 18.07000041008 108.420000076294 126.490001678467 0 0 0 0 0 0 
0 0 0 0 0 0 0 0 134.860000610352 90.2499961853027 130.39999961853 7.11000025272369 54.8600006103516 91.0099983215332 23.9199995994568 23.4400010108948 12.2200000286102 28.970000743866 27.4799990653992 20.4200005531311 265 254.109992980957 168.06999206543 30.4999995231628 46.560001373291 46.560001373291 88.9599990844727 53.9599990844727 7.03999996185303 103.859996795654 29.3799996376038 65.1900005340576 0 103.269996643066 44.520001411438 187.150001525879 286.140003204346 17.4899995326996 16.8799996376038 72.519998550415 
25.8800005912781 27.7600002288818 69.0500020980835 370.629997253418 30.2699995040894 29.0869998931885 24.4799995422363 34.3600010871887 281.299991607666 20.8200001716614 22.2129988670349 64.4999980926514 185.100002288818 82.5699996948242 21.0820007324219 18.2000005245209 24.5799994468689 23.9400005340576 242.509994506836 29.9399995803833 265.76000213623 680.550003051758 339.819984436035 0 48.9400005340576 32.9399991035461 19.32000041008 1.17549435082229e-37 0 28.4200000762939 168.06999206543 28.1299996376038 46.560001373291 40.1900005340576 42.3299980163574 133.219995498657 138.979997634888 140.670003890991 138.920001983643 132.849998474121 
0 0 140.059995651245 134.689998626709 138.75 144.270000457764 147.559995651245 144.270000457764 139.759998321533 139.180002212524 0 0 87.819995880127 138.159999847412 133.78999710083 391.529998779297 129.420003890991 101.510000228882 138.159999847412 92.5500011444092 133.129997253418 130.109996795654 28.0200004577637 0 129.739999771118 83.0200004577637 160.499992370605 303.199996948242 70.5000019073486 142.5 131.579999923706 133.269996643066 138.579998016357 139.689998626709 141.160001754761 24.6300005912781 80.1900005340576 95.2499961853027 386.180000305176 128.059997558594 
185.419998168945 124.429998397827 276.310005187988 279.88000869751 31.0700011253357 46.9500017166138 31.3700008392334 13.2200002670288 16.6100001335144 24.6300005912781 20.0799989700317 66.6400003433228 269.039993286133 256.690006256104 20.6399989128113 30.5599999427795 110.659999847412 149.390001296997 118.129997253418 59.2999982833862 97.3999977111816 132.489995956421 439.51000213623 241.679992675781 228.950004577637 294.839992523193 388.899993896484 0 122.419996261597 0 209.799995422363 169.200000762939 138.979997634888 417.760009765625 0 0 0 0 0 132.119998931885 
0 138.979997634888 141.660003662109 134.919996261597 133.959999084473 137.469997406006 143.540000915527 302.999992370605 143.540000915527 0 118.599996566772 99.040002822876 377.109985351562 133.369998931885 128.979997634888 101.879997253418 124.60000038147 98.5700035095215 61.8200016021729 0 0 0 27.0499992370605 110.76000213623 10.9700000286102 23.5899996757507 83.6499977111816 65.1999998092651 277.360000610352 266.520004272461 24.0199995040894 56.4400005340576 0 231.079998016357 191.609992980957 50.1000022888184 18.2700002193451 0 40.5900001525879 87.3999977111816 
41.9999980926514 0 53.769998550415 23.6700010299683 23.1500005722046 109.049997329712 191.030006408691 31.489999294281 47.9500007629395 317.169990539551 146.599998474121 280.130004882812 8.86099994182587 14.6800005435944 22.7300000190735 27.0799994468689 0 134.580001831055 0 24.0100002288818 56.4400005340576 46.560001373291 0 0 238.419990539551 202.390003204346 267.929992675781 88.9999961853027 46.3199996948242 55.6599998474121 15.5099999904633 16.4199995994568 101.160001754761 158.769998550415 27.2699999809265 22.6900005340576 168.06999206543 30.7599997520447 38.4299993515015 42.7400016784668 
53.9599990844727 16.2899994850159 21.1299991607666 28.9000010490417 21.5499997138977 39.0100002288818 0 53.2299995422363 99.980001449585 46.25 46.1499977111816 309.449996948242 283.190002441406 19.2700004577637 19.2700004577637 50.0099992752075 26.4000010490417 26.4000010490417 285.410003662109 10.6299996376038 20.5200004577637 75.5299997329712 24.6199989318848 271.690006256104 58.0800008773804 135.780000686646 39.235999584198 134.340000152588 71.9000005722046 98.4200000762939 238.419990539551 131.269998550415 202.390003204346 64.7300004959106 0 28.2800006866455 14.3400001525879 32.4799990653992 139.340000152588 109.049997329712 
23.8299989700317 256.21000289917 267.679996490479 146.829996109009 21.1500000953674 49.0000009536743 
<Pparc>
1 1 1 1 1 1 1 1 1 1 1 1 1 1 1 1 1 1 1 1 1 1 1 1 1 1 1 1 1 1 1 1 1 1 1 1 1 1 1 1 
1 1 1 1 1 1 1 1 1 1 1 1 1 1 1 1 1 1 1 1 1 1 1 1 1 1 1 1 1 1 1 1 1 1 1 1 1 1 1 1 
1 1 1 1 1 1 1 1 1 1 1 1 1 1 1 1 1 1 1 1 1 1 1 1 1 1 1 1 1 1 1 1 1 1 1 1 1 1 1 1 
1 1 1 1 1 1 1 1 1 1 1 1 1 1 1 1 1 1 1 1 1 1 1 1 1 1 1 1 1 1 1 1 1 1 1 1 1 1 1 1 
1 1 1 1 1 1 1 1 1 1 1 1 1 1 1 1 1 1 1 1 1 1 1 1 1 1 1 1 1 1 1 1 1 1 1 1 1 1 1 1 
1 1 1 1 1 1 1 1 1 1 1 1 1 1 1 1 1 1 1 1 1 1 1 1 1 1 1 1 1 1 1 1 1 1 1 1 1 1 1 1 
1 1 1 1 1 1 1 1 1 1 1 1 1 1 1 1 1 1 1 1 1 1 1 1 1 1 1 1 1 1 1 1 1 1 1 1 1 1 1 1 
1 1 1 1 1 1 1 1 1 1 1 1 1 1 1 1 1 1 1 1 1 1 1 1 1 1 1 1 1 1 1 1 1 1 1 1 1 1 1 1 
1 1 1 1 1 1 1 1 1 1 1 1 1 1 1 1 1 1 1 1 1 1 1 1 1 1 1 1 1 1 1 1 1 1 1 1 1 1 1 1 
1 1 1 1 1 1 1 1 1 1 1 1 1 1 1 1 1 1 1 1 1 1 1 1 1 1 1 1 1 1 1 1 1 1 1 1 1 1 1 1 
1 1 1 1 1 1 1 1 1 1 1 1 1 1 1 1 1 1 1 1 1 1 1 1 1 1 1 1 1 1 1 1 1 1 1 1 1 1 1 1 
1 1 1 1 1 1 1 1 1 1 1 1 1 1 1 1 1 1 1 1 1 1 1 1 1 1 1 1 1 1 1 1 1 1 1 1 1 1 1 1 
1 1 1 1 1 1 1 1 1 1 1 1 1 1 1 1 1 1 1 1 1 1 1 1 1 1 1 1 1 1 1 1 1 1 1 1 1 1 1 1 
1 1 1 1 1 1 1 1 1 1 1 1 1 1 1 1 1 1 1 1 1 1 1 1 1 1 1 1 1 1 1 1 1 1 1 1 1 1 1 1 
1 1 1 1 1 1 1 1 1 1 1 1 1 1 1 1 1 1 1 1 1 1 1 1 1 1 1 1 1 1 1 1 1 1 1 1 1 1 1 1 
1 1 1 1 1 1 1 1 1 1 1 1 1 1 1 1 1 1 1 1 1 1 1 1 1 1 1 1 1 1 1 1 1 1 1 1 1 1 1 1 
1 1 1 1 1 1 1 1 1 1 1 1 1 1 1 1 1 1 1 1 1 1 1 1 1 1 1 1 1 1 1 1 1 1 1 1 1 1 1 1 
1 1 1 1 1 1 1 1 1 1 1 1 1 1 1 1 1 1 1 1 1 1 1 1 1 1 1 1 1 1 1 1 1 1 1 1 1 1 1 1 
1 1 1 1 1 1 1 1 1 1 1 1 1 1 1 1 1 1 1 1 1 1 1 1 1 1 1 1 1 1 1 1 1 1 1 1 1 1 1 1 
1 1 1 1 1 1 1 1 1 1 1 1 1 1 1 1 1 1 1 1 1 1 1 1 1 1 1 1 1 1 1 1 1 1 1 1 1 1 1 1 
1 1 1 1 1 1 1 1 1 1 1 1 1 1 1 1 1 1 1 1 1 1 1 1 1 1 1 1 1 1 1 1 1 1 1 1 1 1 1 1 
1 1 1 1 1 1 1 1 1 1 1 1 1 1 1 1 1 1 1 1 1 1 1 1 1 1 1 1 1 1 1 1 1 1 1 1 1 1 1 1 
1 1 1 1 1 1 1 1 1 1 1 1 1 1 1 1 1 1 1 1 1 1 1 1 1 1 1 1 1 1 1 1 1 1 1 1 1 1 1 1 
1 1 1 1 1 1 1 1 1 1 1 1 1 1 1 1 1 1 1 1 1 1 1 1 1 1 1 1 1 1 1 1 1 1 1 1 1 1 1 1 
1 1 1 1 1 1 1 1 1 1 1 1 1 1 1 1 1 1 1 1 1 1 1 1 1 1 1 1 1 1 1 1 1 1 1 1 1 1 1 1 
1 1 1 1 1 1 1 1 1 1 1 1 1 1 1 1 1 1 1 1 1 1 1 1 1 1 1 1 1 1 1 1 1 1 1 1 1 1 1 1 
1 1 1 1 1 1 1 1 1 1 1 1 1 1 1 1 1 1 1 1 1 1 1 1 1 1 1 1 1 1 1 1 1 1 1 1 1 1 1 1 
1 1 1 1 1 1 1 1 1 1 1 1 1 1 1 1 1 1 1 1 1 1 1 1 1 1 1 1 1 1 1 1 1 1 1 1 1 1 1 1 
1 1 1 1 1 1 1 1 1 1 1 1 1 1 1 1 1 1 1 1 1 1 1 1 1 1 1 1 1 1 1 1 1 1 1 1 1 1 1 1 
1 1 1 1 1 1 1 1 1 1 1 1 1 1 1 1 1 1 1 1 1 1 1 1 1 1 1 1 1 1 1 1 1 1 1 1 1 1 1 1 
1 1 1 1 1 1 1 1 1 1 1 1 1 1 1 1 1 1 1 1 1 1 1 1 1 1 1 1 1 1 1 1 1 1 1 1 1 1 1 1 
1 1 1 1 1 1 1 1 1 1 1 1 1 1 1 1 1 1 1 1 1 1 1 1 1 1 1 1 1 1 1 1 1 1 1 1 1 1 1 1 
1 1 1 1 1 1 1 1 1 1 1 1 1 1 1 1 1 1 1 1 1 1 1 1 1 1 1 1 1 1 1 1 1 1 1 1 1 1 1 1 
1 1 1 1 1 1 1 1 1 1 1 1 1 1 1 1 1 1 1 1 1 1 1 1 1 1 1 1 1 1 1 1 1 1 1 1 1 1 1 1 
1 1 1 1 1 1 1 1 1 1 1 1 1 1 1 1 1 1 1 1 1 1 1 1 1 1 1 1 1 1 1 1 1 1 1 1 1 1 1 1 
1 1 1 1 1 1 1 1 1 1 1 1 1 1 1 1 1 1 1 1 1 1 1 1 1 1 1 1 1 1 1 1 1 1 1 1 1 1 1 1 
1 1 1 1 1 1 1 1 1 1 1 1 1 1 1 1 1 1 1 1 1 1 1 1 1 1 1 1 1 1 1 1 1 1 1 1 1 1 1 1 
1 1 1 1 1 1 1 1 1 1 1 1 1 1 1 1 1 1 1 1 1 1 1 1 1 1 1 1 1 1 1 1 1 1 1 1 1 1 1 1 
1 1 1 1 1 1 1 1 1 1 1 1 1 1 1 1 1 1 1 1 1 1 1 1 1 1 1 1 1 1 1 1 1 1 1 1 1 1 1 1 
1 1 1 1 1 1 
<MM>
227 416.099700927734 262.45299911499 515.212799072266 245.998399734497 264.996799468994 283.995199203491 516.220699071884 323.985599040985 278.020698785782 244.006899595261 315.018402099609 403.036804199219 285.08219909668 323.059997558594 107.868202209473 107.868202209473 187.772201538086 267.676200866699 347.580200195312 427.484199523926 159.904602050781 185.922801971436 167.876400947571 143.321201324463 178.774200439453 214.227199554443 249.680198669434 126.86660194397 203.845901250839 174.01200056076 140.940101385117 234.772705078125 361.677207946777 488.58171081543 615.486213684082 141.882001399994 124.875101804733 150.893301725388 313.944201946259 
203.928199768066 294.707405090332 422.835803985596 234.836201667786 250.835201263428 26.9815006256104 45.9799003601074 64.9783000946045 83.9766998291016 102.975099563599 121.973499298096 140.971899032593 60.9952998161316 78.0021994113922 95.0090990066528 894.980295181274 87.9768004417419 148.972100257874 43.988400220871 79.9936995506287 98.9920992851257 81.9851996898651 219.101495742798 123.041498184204 122.087199449539 243 363.016397476196 423.024596214294 303.008198738098 432.099700927734 621.199401855469 278.45299911499 313.90599822998 531.212799072266 548.219698667526 261.998399734497 280.996799468994 304.016098737717 433.107600927353 623.215201854706 
532.220699071884 339.985599040985 338.977699041367 421.167999267578 367.007997512817 305.003998756409 274.997999191284 395.01439666748 455.022595405579 335.006197929382 277.013799190521 294.020698785782 260.006899595261 309.011798381805 292.004898786545 331.018402099609 419.036804199219 507.055206298828 301.08219909668 435.119995117188 339.059997558594 338.105698823929 138.917598724365 125.942299127579 142.949198722839 86.803599357605 80.8290989398956 82.8205990791321 84.8120992183685 112.424999237061 155.232998847961 61.8306992053986 78.8375988006592 137.326995849609 216.164594650269 197.335194587708 156.325395584106 198.343094587326 234.312594890594 233.304694890976 
154.33389544487 232.296794891357 233.386993408203 724.705487251282 587.378491401672 79.9039993286133 16.042799949646 26.0181999206543 44.0091991424561 60.0081987380981 40.0779991149902 391.183596611023 465.275394916534 334.098697900772 118.915597915649 100.086197853088 229.177700042725 395.183596611023 469.275394916534 338.098697900772 156.069995880127 328.290798187256 59.0763988494873 101.094097852707 231.193500041962 230.185600042343 329.298698186874 220.261798381805 221.269698381424 137.063598155975 136.055698156357 200.033996582031 533.367193222046 474.266494512558 343.089797496796 57.0848987102509 128.0964012146 216.114803314209 135.047798156738 540.367193222046 
136.137996673584 183.044998168945 135.183697938919 134.175797939301 528.404897689819 530.207493782043 490.129494667053 273.421394824982 313.499393939972 233.343395709991 112.414001464844 232.43039894104 172.422200202942 147.867000579834 183.319999694824 218.772998809814 254.225997924805 173.43010020256 209.399600505829 208.39170050621 178.557799816132 211.629698991776 244.701598167419 145.485900640488 146.427800655365 163.434700250626 180.441599845886 241.834902524948 129.420901060104 177.549899816513 304.533996582031 208.473999023438 251 269.998399734497 309.08219909668 347.059997558594 189.099700927734 35.4529991149902 99.4489974975586 247 
367.016397476196 427.024596214294 307.008198738098 282.45299911499 317.90599822998 265.998399734497 284.996799468994 308.016098737717 343.985599040985 342.977699041367 371.007997512817 309.003998756409 281.013799190521 298.020698785782 264.006899595261 305.08219909668 439.119995117188 343.059997558594 342.105698823929 58.9332008361816 118.94139957428 94.3861999511719 129.839199066162 165.292198181152 200.745197296143 77.9316005706787 119.949299573898 154.910899877548 125.076999187469 92.0051000118256 92.9470000267029 109.953899621964 126.960799217224 134.873301267624 303.760401725769 75.9401004314423 171.058197975159 154.993198394775 51.9959983825684 51.9959983825684 
131.899997711182 87.4489974975586 87.4489974975586 122.901996612549 70.9943981170654 89.9927978515625 108.99119758606 148.981597423553 147.973697423935 215.984993934631 115.991996765137 135.445996284485 69.002897977829 69.002897977829 86.0097975730896 103.01669716835 120.023596763611 138.005795955658 224.015593528748 189.019295454025 180.031795501709 129.011096715927 139.908896207809 200.002296209335 296.98789525032 198.994396209717 312.986894845963 197.986496210098 148.055995941162 132.905395507812 63.5460014343262 63.5460014343262 142.383600234985 221.221199035645 300.058797836304 183.562398910522 123.554200172424 140.561099767685 268.903999328613 98.9990005493164 
98.9990005493164 134.451999664307 134.451999664307 169.904998779297 124.562100172043 257.517199516296 257.517199516296 255.501399517059 160.531600475311 160.531600475311 159.523700475693 256.509299516678 256.509299516678 129.689799785614 96.6179006099701 97.5598006248474 97.5598006248474 114.566700220108 131.573599815369 161.105802059174 144.098902463913 258.665602684021 80.5529010295868 80.5529010295868 225.299800395966 159.60599899292 288.212799072266 151.964004516602 271.980401992798 211.9722032547 170.962404251099 189.960803985596 248.949603557587 185.977803707123 202.984703302383 219.991602897644 168.970904111862 344.083999633789 248.024002075195 247.06970334053 
18.9983997344971 55.8450012207031 55.8450012207031 134.682600021362 213.520198822021 211.954200744629 211.954200744629 175.861398696899 235.869597434998 115.853199958801 91.2980003356934 91.2980003356934 126.750999450684 162.203998565674 197.656997680664 171.83699798584 378.07159948349 361.064699888229 344.057800292969 344.057800292969 74.8434009552002 74.8434009552002 93.8418006896973 346.801798343658 152.830600261688 151.82270026207 152.912898778915 152.912898778915 343.79479932785 183.820900678635 312.804700136185 89.8588004112244 89.8588004112244 106.865700006485 106.865700006485 123.872599601746 145.703801631927 235.562602043152 72.8519008159637 72.8519008159637 
132.860099554062 150.814800262451 87.9090003967285 172.009399414062 113.927200317383 247.964996337891 247.964996337891 151.904998779297 151.904998779297 182.813000679016 150.950700044632 2.01579999923706 140.933398723602 141.941298723221 139.925498723984 86.6238992214203 27.0260999202728 61.0160987377167 191.115500926971 192.12340092659 190.107600927353 118.007796764374 116.999896764755 196.97859621048 195.970696210861 290.228599071503 291.236499071121 292.24439907074 293.252299070358 294.260199069977 289.220699071884 20.0062997341156 39.0046994686127 213.970000743866 212.962100744247 175.909401655197 181.191699266434 182.199599266052 161.971797466278 160.96389746666 
863.435207843781 864.443107843399 862.427307844162 90.0342020988464 89.0263020992279 96.9855990409851 97.9934990406036 174.948498487473 95.9776990413666 211.015799999237 210.007899999619 34.0797991752625 33.0718991756439 81.0688979625702 97.0678975582123 80.9868006706238 79.9789006710052 128.98379945755 127.975899457932 143.974899053574 316.891902685165 200.591995239258 200.591995239258 260.600193977356 562.896592617035 236.044994354248 271.497993469238 306.950992584229 342.403991699219 505.811693906784 488.804794311523 261.608093976974 296.569694280624 266.735793590546 401.183990478516 418.190890073776 234.605794429779 251.61269402504 217.598894834518 277.607093572617 
253.051893949509 295.561794281006 264.719993591309 265.727893590927 392.711990356445 296.651992797852 164.930297851562 284.946695327759 224.938496589661 183.92869758606 202.927097320557 261.915896892548 198.944097042084 215.950996637344 232.957896232605 181.937197446823 357.05029296875 260.990295410156 260.035996675491 126.904502868652 253.809005737305 380.713508605957 174.901501655579 39.0983009338379 99.106499671936 327.311100006104 251.052501678467 251.052501678467 100.114399671555 136.083899974823 135.075999975204 56.1052005290985 134.068099975586 135.158298492432 6.94099998474121 25.9393997192383 103.926599025726 102.918699026108 23.9478995800018 101.910799026489 
103.000997543335 24.3050003051758 103.142599105835 84.3131990432739 213.40470123291 312.517799377441 43.3034000396729 85.3210990428925 215.420501232147 214.412601232529 313.52569937706 121.290599346161 120.282699346542 41.3118999004364 112.323402404785 200.341804504395 119.274799346924 120.36499786377 167.271999359131 119.410699129105 118.402799129486 498.661496162415 474.356495857239 54.9379997253418 54.9379997253418 114.94619846344 90.390998840332 90.390998840332 73.9363994598389 73.9363994598389 92.9347991943359 111.933198928833 115.954098463058 88.951798915863 88.951798915863 105.958698511124 122.965598106384 71.9448993206024 71.9448993206024 90.9432990550995 
150.997997283936 197.904998779297 159.955997467041 28.0139999389648 17.030699968338 18.0385999679565 46.0049991607666 62.0039987564087 22.9897994995117 101.827398300171 82.9979982376099 311.202598571777 41.9881992340088 84.0058982372284 119.975398540497 118.967498540878 39.9966990947723 117.95959854126 119.049797058105 861.419407844543 160.934000968933 177.940900564194 194.947800159454 211.954699754715 58.6934013366699 162.766201019287 188.784400939941 178.709798812866 118.701600074768 247.793102264404 436.892803192139 94.1464004516602 346.906200408936 363.913100004196 77.691801071167 198.618900060654 119.709500074387 249.808902263641 248.801002264023 347.914100408554 
239.885100603104 233.641899824142 154.671100378036 124.837199687958 91.7653005123138 92.7548012733459 109.785501241684 126.816201210022 143.84690117836 160.877601146698 75.7241013050079 120.697400093079 92.7072005271912 109.714100122452 134.3937022686 302.801203727722 75.7003009319305 146.711803436279 234.730205535889 232.633999824524 174.857799530029 232.939998626709 116.77560043335 154.753398895264 268.671802520752 163.682601928711 201.660400390625 153.799100160599 237 237 357.016397476196 417.024596214294 477.032794952393 537.040993690491 297.008198738098 633.318396568298 272.45299911499 272.45299911499 307.90599822998 525.212799072266 
559.226598262787 576.233497858047 542.219698667526 542.219698667526 525.212799072266 255.998399734497 255.998399734497 274.996799468994 274.996799468994 363.904502868652 299.003998756409 268.997999191284 268.997999191284 1167.04319000244 389.01439666748 389.01439666748 449.022595405579 449.022595405579 329.006197929382 329.006197929382 649.024895906448 406.021296262741 363.019997119904 346.013097524643 458.097700119019 304.450998306274 557.21079826355 574.21769785881 287.996398925781 287.996398925781 306.994798660278 306.994798660278 271.013799190521 271.013799190521 288.020698785782 288.020698785782 305.027598381042 254.006899595261 254.006899595261 391.030196666718 
365.035797119141 559.226598262787 558.218698263168 469.212398052216 650.404097318649 486.219297647476 667.41099691391 460.953397274017 365.983598232269 365.983598232269 364.975698232651 364.975698232651 443.899500846863 443.899500846863 572.00979757309 892.028495550156 286.004898786545 303.011798381805 303.011798381805 320.018697977066 337.025597572327 286.004898786545 445.034803390503 357.016401290894 327.080198287964 461.117994308472 365.057996749878 365.057996749878 364.103698015213 364.103698015213 325.018402099609 413.036804199219 501.055206298828 353.164398193359 411.246597290039 295.08219909668 429.119995117188 429.119995117188 333.059997558594 333.059997558594 
332.105698823929 332.105698823929 31.9979991912842 88.0184020996094 173.940598487854 94.969799041748 207.199996948242 223.198996543884 242.197396278381 261.195796012878 280.194195747375 241.213796138763 258.220695734024 224.206896543503 240.205896139145 257.212795734406 274.219695329666 291.226594924927 415.318991661072 511.378989219666 319.258994102478 207.199996948242 207.199996948242 286.037595748901 443.71279335022 327.216394424438 267.20819568634 302.661194801331 284.215095281601 242.652996063232 278.105995178223 313.558994293213 349.011993408203 512.419695615768 495.412796020508 268.216095685959 399.155395030975 304.185595989227 303.177695989609 273.34379529953 
241.213796138763 258.220695734024 431.406893491745 689.627589225769 896.827586174011 1379.25517845154 224.206896543503 272.335895299911 399.31999206543 303.259994506836 106.419998168945 106.419998168945 141.872997283936 177.325996398926 212.778995513916 248.231994628906 140.481398105621 157.512098073959 174.542798042297 123.450698137283 140.433797359467 157.440696954727 123.426897764206 209 209 209 209 244.45299911499 279.90599822998 315.358997344971 350.811996459961 421.717994689941 333.007997512817 395.011996269226 271.003998756409 243.013799190521 260.020698785782 277.027598381042 311.041397571564 226.006899595261 
367.818896055222 401.119995117188 497.179992675781 305.059997558594 305.059997558594 244 244 364.016397476196 424.024596214294 484.032794952393 544.040993690491 304.008198738098 355.02889752388 640.318396568298 433.099700927734 279.45299911499 279.45299911499 532.212799072266 532.212799072266 583.233497858047 549.219698667526 566.226598262787 549.219698667526 262.998399734497 262.998399734497 281.996799468994 281.996799468994 434.107600927353 533.220699071884 340.985599040985 341.993499040604 306.003998756409 275.997999191284 275.997999191284 1188.04319000244 396.01439666748 396.01439666748 456.022595405579 456.022595405579 336.006197929382 
336.006197929382 311.450998306274 346.903997421265 294.996398925781 313.994798660278 278.013799190521 278.013799190521 295.020698785782 295.020698785782 312.027598381042 261.006899595261 261.006899595261 469.969197273254 372.983598232269 371.975698232651 586.00979757309 310.011798381805 327.018697977066 293.004898786545 293.004898786545 370.967798233032 468.117994308472 372.057996749878 372.057996749878 371.103698015213 371.103698015213 332.018402099609 332.018402099609 420.036804199219 420.036804199219 508.055206298828 508.055206298828 302.08219909668 436.119995117188 436.119995117188 340.059997558594 340.059997558594 339.105698823929 339.105698823929 226 
286.008198738098 244.998399734497 287.016098737717 243.006899595261 322.059997558594 32.0639991760254 32.0639991760254 58.0821990966797 112.124997138977 80.0609979629517 96.0599975585938 78.9710006713867 78.9710006713867 104.989200592041 126.967999458313 142.966999053955 157.942001342773 236.91300201416 315.884002685547 171.092098236084 96.1135988235474 308.363596916199 95.1056988239288 94.0977988243103 150.360000610352 270.376398086548 210.36819934845 169.358400344849 188.356800079346 247.345599651337 184.373799800873 201.380699396133 218.387598991394 334.733800411224 536.114499807358 167.366900205612 342.479995727539 246.419998168945 245.46569943428 118.709999084473 
118.709999084473 198.613998413086 278.517997741699 358.421997070312 154.162998199463 154.162998199463 189.615997314453 189.615997314453 225.068996429443 260.521995544434 260.521995544434 295.974994659424 331.427993774414 137.70839881897 156.706798553467 175.705198287964 232.700397491455 312.681197166443 310.665397167206 406.643096208572 215.695598125458 214.687698125839 311.673297166824 242.71799659729 180.713997840881 152.723798274994 169.730697870255 186.737597465515 203.744497060776 220.751396656036 424.15759563446 135.716898679733 171.169897794724 213.679798126221 176.792198181152 214.769996643066 87.620002746582 166.457601547241 147.62820148468 106.618402481079 
148.636101484299 184.605601787567 183.597701787949 104.626902341843 182.58980178833 183.680000305176 625.291501045227 537.671498298645 98 192.021997928619 209.02889752388 275.264995574951 310.717994689941 161.995998382568 566.528990745544 262.011798381805 148.012798786163 165.019698381424 232.037704467773 532.078698158264 267.490703582764 251.036104202271 270.034503936768 289.032903671265 308.031303405762 346.028102874756 426.008902549744 329.023303508759 330.031203508377 427.016802549362 581.840707778931 756.742209434509 406.939206123352 356.045701980591 294.041703224182 266.051503658295 300.065302848816 498.089208126068 515.096107721329 1132.23361301422 
1064.20601463318 1630.32282114029 1647.32972073555 249.044604063034 386.067901134491 326.059702396393 343.066601991653 360.073501586914 489.077399015427 568.375499725342 348.202102661133 290.119903564453 424.157699584961 520.217697143555 328.097702026367 47.867000579834 63.8660001754761 129.747800350189 64.8739001750946 97.8797993659973 114.886698961258 80.8728997707367 238.028900146484 478.061695098877 538.069893836975 349.057797670364 634.347296714783 273.481899261475 526.24169921875 1086.49719762802 560.255498409271 577.262398004532 543.248598814011 257.027299880981 276.025699615479 295.024099349976 314.022499084473 333.02089881897 352.019298553467 335.014499187469 
364.933403015137 362.036897659302 300.032898902893 270.026899337769 270.026899337769 1170.12989044189 390.043296813965 450.051495552063 450.051495552063 330.035098075867 349.033497810364 368.031897544861 387.030297279358 651.082696199417 918.253200531006 459.126600265503 305.479898452759 340.932897567749 828.266597747803 575.246598005295 558.239698410034 289.025299072266 308.023698806763 327.02209854126 346.020498275757 272.042699337006 289.049598932266 306.056498527527 255.035799741745 551.893696784973 410.960298061371 409.952398061752 460.134500265121 559.247598409653 451.218598604202 632.410297870636 813.60199713707 463.998097419739 367.012498378754 368.020398378372 
366.004598379135 465.005997419357 525.978698253632 398.0027987957 619.829902648926 444.928400993347 332.030898094177 1169.10099029541 574.067597866058 557.060698270798 878.108296394348 895.115195989609 929.12899518013 1199.1558945179 304.04069852829 321.04759812355 338.054497718811 287.033798933029 921.109595537186 446.063703536987 534.082105636597 358.045301437378 364.996698379517 1176.10099029541 386.191297531128 444.273496627808 328.109098434448 462.146894454956 558.20689201355 366.086896896362 555.960897445679 412.993898391724 365.132598161697 414.065704345703 502.084106445312 590.102508544922 326.047302246094 354.193298339844 296.111099243164 430.148895263672 
334.088897705078 65.379997253418 185.396394729614 190.768193244934 125.388195991516 100.832996368408 136.285995483398 171.738994598389 207.191993713379 126.396095991135 259.351195335388 257.335395336151 353.313094377518 162.365596294403 161.357696294785 258.34329533577 256.327495336533 131.523795604706 164.59569478035 99.3937964439392 116.4006960392 133.40759563446 147.766894102097 82.3868968486786 195.371495485306 130.515895605087 257.499992370605 161.439994812012 91.2239990234375 331.25679397583 126.676998138428 162.129997253418 110.222398757935 129.220798492432 148.219198226929 167.217597961426 186.215997695923 205.21439743042 215.231996536255 153.227997779846 
125.237798213959 159.25159740448 193.265396595001 341.699595451355 426.734093427658 619.999490022659 637.00638961792 500.951192855835 108.230898618698 283.343994140625 379.403991699219 187.283996582031 28.0139999389648 17.0068995952606 1.00789999961853 18.0147995948792 16.042799949646 44.0091991424561 2.01579999923706 18.0147995948792 34.0797991752625 80.9868006706238 200.591995239258 28.0139999389648 28.0139999389648 31.9979991912842 278.020698785782 278.020698785782 718.055206298828 107.868202209473 187.772201538086 133.886402130127 275.744603157043 143.321201324463 234.772705078125 231.735404014587 231.735404014587 418.574405670166 247.800403594971 311.796401977539 
294.707405090332 212.857402801514 342.704403877258 358.7034034729 101.960000038147 78.0021994113922 78.0021994113922 78.0021994113922 59.9873998165131 59.9873998165131 59.9873998165131 258.157598495483 666.024596214294 294.020698785782 294.020698785782 320.015098333359 329.022498130798 292.004898786545 74.9216003417969 10.8100004196167 69.6169996261597 69.6169996261597 61.8306992053986 197.335194587708 233.304694890976 601.920585632324 233.386993408203 264.294995307922 280.293994903564 1081.31958913803 975.409190177917 12.0111999511719 696.482985973358 1314.87457084656 366.748528079987 506.46179485321 436.041756277084 660.540944366455 662.342424325943 359.271596193314 
425.622376451492 392.333396434784 705.291223373413 237.847995758057 125.693998336792 195.310997962952 100.086197853088 100.086197853088 100.086197853088 570.492597579956 156.069995880127 78.0747985839844 414.950574073791 402.461397647858 348.320399999619 136.055698156357 491.266292572021 172.085297346115 374.690502426147 419.796386070252 366.214047908783 370.728297710419 385.700527744293 395.546467609406 184.399396896362 417.240528659821 200.033996582031 346.470037412643 403.504736089706 74.0917983055115 146.111200809479 164.126000404358 182.140799999237 310.173595428467 520.752391815186 504.297792434692 502.306292295456 136.137996673584 145.145396471024 172.167595863342 
185.060798168182 403.428798938751 116.160998344421 260.829395771027 1038.11499118805 1970.39518785477 878.160193443298 856.385593414307 198.030000686646 172.422200202942 1016.02420186996 146.427800655365 527.181602478027 144.478000640869 1074.42139434814 1022.55539417267 58.9332008361816 118.94139957428 129.839199066162 237.927996635437 96.9300003051758 154.910899877548 74.9322004318237 92.9470000267029 92.9470000267029 92.9470000267029 366.739200592041 90.997200012207 90.997200012207 123.061199188232 154.993198394775 173.007997989655 263.08199596405 281.096795558929 51.9959983825684 122.901996612549 158.354995727539 151.988995552063 83.9939975738525 99.9929971694946 
86.0097975730896 103.01669716835 182.995396614075 146.965797424316 146.965797424316 200.183994293213 84.0599975585938 392.171989440918 586.886892557144 479.754093647003 542.939092874527 63.5460014343262 221.114000797272 344.668200969696 98.9990005493164 143.091002464294 79.5450010299683 97.5598006248474 159.156002044678 95.6100006103516 1025.55339431763 937.657794952393 483.952605247498 208.959203720093 202.984703302383 202.984703302383 228.97910284996 258.949674888134 55.8450012207031 341.761600494385 115.853199958801 198.163700342178 223.832996368408 361.475675830841 231.531002044678 394.888200759888 635.21280002594 80.9283752441406 82.3245002746582 295.791000366211 
127.835376739502 137.161491943359 483.419006347656 399.48860168457 159.687001228333 159.687001228333 89.8588004112244 106.865700006485 599.161001205444 88.8509004116058 88.8509004116058 150.814800262451 501.592998504639 186.844399452209 87.9090003967285 87.9090003967285 119.972999572754 119.972999572754 546.638399600983 213.787002563477 1017.852394104 1776.21298766136 292.24439907074 693.782183647156 296.569694280624 472.089988708496 216.5909948349 747.766483545303 791.71558380127 232.655994415283 509.885191917419 221.925497055054 215.950996637344 241.945396184921 259.900096893311 373.228690547943 392.605529117584 400.097529220581 399.821404266357 421.430736541748 
362.956894874573 540.658695697784 392.212528991699 372.69421037674 382.163878536224 392.18069021225 411.93746679306 423.720691127777 431.984524726868 401.833021944046 506.309299468994 605.41579914093 368.10449886322 502.087197780609 385.946999073029 2008.51379060745 458.139398097992 420.229898691177 487.944696426392 362.797097921371 443.996896743774 364.067118282318 84.3131990432739 192.292995452881 412.269164276123 174.32709813118 246.386296510696 548.877793550491 176.387899875641 266.461897850037 363.532638111114 365.996398067474 383.019117946625 388.764078121185 414.559118862152 58.318799495697 148.353001594543 262.854598999023 659.180190086365 334.91379737854 
406.972995758057 259.361797332764 1022.34199237823 898.416793823242 114.94619846344 228.809997558594 157.87299823761 70.9369993209839 86.935998916626 88.951798915863 87.9438989162445 217.935598373413 1016.94539260864 965.079392433167 127.957998275757 143.956997871399 521.176995277405 481.027496814728 437.079697132111 143.993298053741 440.304196357727 367.751800060272 1094.36658859253 512.363394737244 425.840355205536 548.392993927002 968.342791080475 379.327477755547 352.562836360931 365.173196077347 425.081520476341 380.220196723938 625.459244251251 969.205390930176 476.080194950104 357.995997428894 201.212597846985 65.7977991104126 381.360593795776 415.953846054077 
1293.57789826393 641.567745685577 391.103316730499 376.693775493622 367.217319889069 372.498777675629 386.703799724579 398.08415555954 418.243800640106 457.983795166016 415.047796010971 633.774076128006 886.195090293884 485.978696346283 369.838497638702 652.045196056366 442.030896663666 404.121397256851 265.807803153992 421.917402267456 598.033798217773 144.309400558472 118.701600074768 217.782997846603 74.692400932312 92.7072005271912 182.741402626038 221.690999984741 1056.73039340973 932.805194854736 268.997999191284 329.006197929382 286.004898786545 321.026597976685 521.125601768494 494.394991874695 207.199996948242 292.815996170044 267.20819568634 545.314190864563 
259.659895658493 323.191993713379 303.177695989609 223.198996543884 223.198996543884 811.539588928223 1356.36238098145 239.263996124268 303.259994506836 1205.2369890213 910.396090507507 1081.31179046631 106.419998168945 122.418997764587 209 240.997999191284 305.059997558594 419.134794712067 435.955398082733 275.997999191284 336.006197929382 295.020698785782 310.011798381805 293.004898786545 1089.99279403687 528.125601768494 932.20320224762 338.969799041748 286.008198738098 322.059997558594 32.0639991760254 78.9710006713867 324.187213005066 617.452490177154 60.0839996337891 60.0839996337891 480.744597434998 207.355199813843 201.380699396133 227.37509894371 
257.345670981884 118.709999084473 134.708998680115 150.707998275757 150.707998275757 147.62820148468 203.611999511719 183.597701787949 452.799606323242 183.680000305176 214.588002204895 1049.62739562988 925.70219707489 129.997999191284 129.997999191284 308.031303405762 264.035703659058 264.035703659058 1075.99230957031 47.867000579834 79.8649997711182 359.059498071671 270.026899337769 1304.09349060059 330.035098075867 482.011596441269 322.055498123169 438.063796758652 368.102696895599 412.089700222015 1072.07949447632 668.165396690369 522.154501914978 330.110898971558 150.99599647522 125.388195991516 81.3789968490601 99.3937964439392 548.95778131485 458.138788223267 
97.4439964294434 1027.38739013672 939.491790771484 301.19419670105 123.221998214722 159.25159740448 
<Awt>
227 107.868202209473 26.9815006256104 243 74.9216003417969 10.8100004196167 137.326995849609 79.9039993286133 12.0111999511719 40.0779991149902 112.414001464844 251 189.099700927734 35.4529991149902 247 58.9332008361816 51.9959983825684 132.905395507812 63.5460014343262 288.212799072266 151.964004516602 18.9983997344971 55.8450012207031 1.00789999961853 200.591995239258 164.930297851562 126.904502868652 178.167999267578 39.0983009338379 6.94099998474121 24.3050003051758 54.9379997253418 95.9599990844727 14.0069999694824 14.0069999694824 22.9897994995117 92.9064025878906 58.6934013366699 237 15.9989995956421 
88.0184020996094 30.9738006591797 207.199996948242 207.199996948242 106.419998168945 209 244 226 32.0639991760254 78.9710006713867 28.0860004425049 150.360000610352 118.709999084473 87.620002746582 98 232.037704467773 47.867000579834 238.028900146484 65.379997253418 91.2239990234375 0 
<A>
1 0 0 0 0 0 0 0 0 0 0 0 0 0 0 0 0 0 0 0 0 0 0 0 0 0 0 0 0 0 0 0 0 0 0 0 0 0 0 0 
0 0 0 0 0 0 0 0 0 0 0 0 0 0 0 0 0 0 0 0 3 1 0 0 0 0 0 0 0 0 0 0 0 1 0 0 0 0 0 0 
0 0 0 0 0 0 0 0 0 0 0 0 0 0 0 0 0 0 0 0 0 0 0 0 0 0 0 0 0 0 0 0 0 0 0 0 0 0 0 0 
0 0 1 0 0 0 0 0 0 0 0 0 0 0 0 1 0 0 0 0 0 0 0 0 0 0 0 0 0 0 0 0 0 0 0 0 0 0 0 0 
0 0 0 0 0 0 0 0 0 0 0 0 0 0 0 0 0 0 0 0 0 0 2 1 0 0 0 0 0 0 0 0 0 0 0 0 0 0 0 0 
0 0 1 0 0 0 0 0 0 0 0 0 0 0 0 0 0 0 0 0 0 0 0 0 0 0 0 0 0 0 0 0 0 0 0 0 0 0 0 0 
0 0 0 -1 1 0 0 0 0 0 0 0 0 0 0 0 0 0 0 0 0 0 0 0 0 1 0 0 0 0 0 0 0 0 0 0 0 0 0 0 
0 0 0 0 0 0 0 0 0 0 0 0 0 0 0 0 0 0 0 0 0 0 0 0 2 1 0 0 0 0 0 0 0 0 0 0 0 0 0 0 
0 0 0 0 0 0 2 0 0 0 0 0 0 0 0 0 0 0 0 0 0 0 0 0 0 0 0 0 0 0 0 0 0 0 0 0 0 0 0 0 
0 0 0 0 0 1 1 0 0 0 0 0 0 0 0 0 0 0 0 0 0 0 0 0 0 0 0 3 0 0 0 0 0 0 0 0 0 0 0 0 
0 0 0 0 0 0 0 0 0 0 0 0 0 0 0 0 0 0 0 0 0 0 0 0 0 0 0 1 0 0 0 0 0 0 0 0 0 0 0 0 
0 0 0 0 0 0 1 0 0 0 1 0 0 0 0 0 0 0 0 0 0 0 0 0 0 0 0 0 0 0 0 0 0 0 0 0 0 0 0 0 
0 0 0 0 0 0 0 0 1 0 0 0 0 0 0 0 0 0 0 0 0 0 0 0 0 0 0 0 0 0 0 2 0 0 0 0 0 0 0 0 
0 0 0 0 0 0 0 4 0 1 0 0 0 0 0 0 0 0 0 0 0 0 0 0 0 0 0 0 2 1 0 0 0 0 0 0 0 0 0 0 
0 0 0 0 0 0 0 0 0 0 0 0 3 0 0 0 0 0 0 0 0 0 0 0 0 0 0 0 3 0 0 0 0 0 0 0 0 0 0 0 
0 0 0 0 0 0 0 0 0 0 1 0 0 0 0 0 0 0 0 0 0 0 0 0 0 0 0 0 0 0 0 0 0 1 0 0 0 0 0 0 
0 0 0 0 0 0 0 0 0 1 0 0 0 0 0 0 0 0 0 0 0 0 0 0 0 0 0 0 0 0 2 1 0 0 0 0 0 0 0 0 
0 0 0 0 0 0 0 0 0 0 0 0 0 0 0 0 0 0 0 0 0 0 0 0 0 0 0 0 0 0 0 1 0 0 0 0 0 0 0 0 
0 0 0 0 0 0 0 0 0 0 0 1 1 0 0 0 0 0 0 0 0 0 0 0 0 0 0 0 0 0 0 0 0 0 0 0 0 0 0 0 
0 0 0 0 0 0 0 0 0 0 0 0 2 0 0 0 0 0 0 0 0 0 0 0 0 0 0 0 0 0 0 0 -1 1 0 0 0 0 0 0 
0 1 0 0 0 0 0 0 0 0 0 0 0 0 0 0 0 0 0 0 0 0 0 0 0 0 1 0 0 0 0 0 0 0 0 0 0 0 0 0 
0 1 0 0 0 0 0 0 0 0 0 0 0 2 1 0 0 0 0 0 0 0 0 0 0 0 0 0 0 0 0 0 0 0 0 0 0 0 0 0 
0 0 0 0 0 0 0 0 0 0 0 0 0 4 0 0 0 0 0 0 0 0 1 0 0 0 0 0 0 0 0 0 0 0 1 0 1 0 0 0 
0 0 0 0 0 0 0 0 0 0 0 0 0 0 0 0 0 0 0 0 0 0 0 0 0 0 0 0 0 0 0 0 0 0 0 0 0 0 0 0 
0 0 0 0 0 0 0 0 0 0 0 0 0 0 0 0 0 1 0 0 0 0 0 0 0 0 0 0 0 0 0 0 0 0 0 0 0 0 0 0 
0 0 0 0 0 0 0 0 0 0 0 0 0 0 0 0 0 0 0 0 0 0 0 0 0 0 0 0 0 0 0 0 0 0 0 0 1 0 1 0 
0 0 0 0 1 0 0 0 0 0 0 0 0 0 0 0 0 0 0 0 0 0 0 0 0 0 0 0 0 0 0 0 0 0 0 0 0 0 0 0 
0 0 0 0 0 0 0 0 0 0 0 0 0 0 0 0 0 0 0 1 0 0 0 0 0 2 0 0 0 0 0 0 0 0 0 0 0 0 0 0 
0 0 0 0 0 0 0 0 0 0 0 0 0 0 0 0 0 0 0 0 0 0 0 0 0 0 0 0 0 0 0 0 0 0 0 0 0 0 -1 0 
1 0 0 0 0 0 3 0 0 0 0 0 0 0 0 0 0 0 0 0 0 0 0 0 0 0 0 0 0 0 0 0 0 0 0 0 0 0 0 0 
0 0 0 0 0 0 0 0 0 0 0 0 0 0 0 0 0 0 0 -2 0 1 0 0 0 0 0 4 0 0 0 0 0 0 0 0 0 0 0 0 
0 0 0 0 0 0 0 0 0 0 0 0 0 0 0 0 0 0 0 0 0 0 0 0 0 0 0 0 0 0 0 0 0 0 0 0 0 0 0 0 
-3 0 1 0 0 0 0 0 0 2 0 0 0 0 0 0 0 0 0 0 0 0 0 0 0 0 0 0 0 0 0 0 0 0 2 0 0 0 0 0 
0 0 0 0 0 0 0 0 0 0 0 0 0 0 0 0 0 0 0 0 0 -1 0 1 0 0 0 0 0 0 3 0 0 0 0 0 0 0 0 0 
0 0 0 0 0 0 0 0 0 0 0 0 0 0 0 3 0 0 0 0 0 0 0 0 0 0 0 0 0 0 0 0 0 0 0 0 0 0 0 0 
0 0 -2 0 1 0 0 0 0 0 0 1 0 0 0 0 0 0 0 0 0 0 0 0 0 0 0 0 0 0 0 0 0 0 0 0 0 0 0 0 
0 0 3 0 0 0 0 0 0 0 0 0 0 0 0 0 0 0 0 0 0 0 0 -1 0 1 0 0 0 0 0 0 0 0 0 0 0 1 0 0 
0 0 0 0 0 0 0 0 0 0 0 0 0 0 0 0 0 0 0 0 0 0 0 0 0 0 0 0 0 0 0 0 0 0 0 0 0 0 0 0 
0 0 0 0 0 0 1 0 0 0 0 0 0 0 0 0 0 0 2 0 0 0 0 0 0 0 0 0 0 0 0 0 0 0 0 0 0 0 0 0 
0 0 0 0 0 0 0 0 0 0 0 0 0 0 0 0 0 0 0 0 0 0 0 0 0 -1 0 1 0 0 0 0 0 0 0 0 0 0 0 3 
0 0 0 0 0 0 0 0 0 0 0 0 0 0 0 0 0 0 0 0 0 0 0 0 0 0 0 0 0 0 0 0 0 0 0 0 0 0 0 0 
0 0 0 0 0 0 -2 0 1 0 0 0 0 0 0 0 0 0 0 0 4 0 0 0 0 0 0 0 0 0 0 0 0 0 0 0 0 0 0 0 
0 0 0 0 0 0 0 0 0 0 0 0 0 0 0 0 0 0 0 0 0 0 0 0 0 0 0 -3 0 1 0 0 0 0 0 0 0 0 0 0 
0 0 0 0 0 0 0 0 0 1 0 0 0 0 0 0 0 0 0 0 0 0 0 0 0 0 0 0 0 0 0 0 0 0 0 0 0 0 0 0 
0 0 0 0 0 0 0 0 0 0 1 0 0 0 0 0 0 0 0 0 0 0 0 0 0 0 0 0 0 0 0 0 1 0 0 0 0 0 0 0 
0 0 0 0 0 0 0 0 4 0 1 0 0 0 0 0 0 0 0 0 0 0 0 0 0 0 0 0 0 -1 0 1 0 0 0 0 0 0 0 0 
0 0 0 0 0 0 0 0 0 0 0 0 0 2 0 0 0 0 0 0 0 0 0 0 0 0 0 0 0 0 0 0 0 0 0 0 0 0 2 0 
0 0 0 0 0 0 0 0 0 0 -1 0 1 0 0 0 0 0 0 0 0 0 0 0 0 0 0 0 0 0 0 0 0 0 1 0 0 0 0 0 
0 0 0 0 0 0 0 0 0 0 0 0 0 0 0 0 0 0 0 1 0 0 0 0 0 0 0 0 0 0 0 0 0 1 0 0 0 0 0 0 
0 0 0 0 0 0 0 0 0 0 0 0 0 0 0 0 0 0 1 0 0 0 0 0 0 0 0 0 0 0 0 0 0 0 0 0 0 0 0 0 
0 0 0 0 0 0 0 0 0 0 0 0 0 0 1 0 0 0 0 0 0 0 0 0 0 0 0 0 0 0 0 0 0 0 0 0 0 0 0 2 
0 0 0 0 0 0 0 0 0 0 0 0 0 0 0 0 0 0 0 0 0 0 0 0 0 0 0 0 0 0 0 0 0 -1 0 1 0 0 0 0 
0 0 0 0 0 0 0 0 0 0 0 0 0 0 0 0 0 0 0 0 3 0 0 0 0 0 0 0 0 0 0 0 0 0 0 0 0 0 0 0 
0 0 0 0 0 0 0 0 0 0 0 0 0 0 -2 0 1 0 0 0 0 0 0 0 0 0 0 0 0 0 0 0 0 0 0 0 0 0 0 0 
0 4 0 0 0 0 0 0 0 0 0 0 0 0 0 0 0 0 0 0 0 0 0 0 0 0 0 0 0 0 0 0 0 0 0 -3 0 1 0 0 
0 0 0 0 0 0 0 0 0 0 0 0 0 0 0 0 0 0 0 2 0 0 0 0 0 0 0 0 0 0 0 0 0 0 0 2 0 0 0 0 
0 0 0 0 0 0 0 0 0 0 0 0 0 0 0 0 -1 0 1 0 0 0 0 0 0 0 0 0 0 0 0 0 0 0 0 0 0 0 0 0 
1 0 0 0 0 0 0 0 0 0 0 0 0 0 0 0 1 0 0 0 0 0 0 0 0 0 0 0 0 0 0 0 0 0 0 0 0 0 0 1 
0 0 0 0 0 0 1 0 0 0 0 0 0 0 0 0 0 0 0 0 0 1 0 0 0 0 0 0 0 0 0 1 0 0 0 0 0 1 0 0 
0 0 0 0 0 0 0 0 0 0 0 0 0 0 0 0 0 0 -1 0 2 0 0 0 0 0 0 0 0 0 0 0 0 0 0 0 0 0 0 0 
0 0 2 0 0 0 0 0 0 0 0 0 0 0 0 0 0 0 0 0 0 0 0 0 0 0 0 3 0 0 0 0 0 0 0 0 0 0 0 -2 
0 1 0 0 0 0 0 0 0 0 0 0 0 0 0 0 0 0 0 0 0 0 0 0 0 0 0 0 0 0 0 0 0 0 0 0 0 0 0 4 
0 0 0 0 0 0 0 0 1 0 0 0 0 0 0 0 0 0 0 0 -1 0 2 0 0 0 0 0 0 0 0 0 0 0 0 0 0 0 0 0 
0 0 0 0 0 0 0 0 0 0 0 0 0 0 0 0 0 0 0 0 0 0 0 0 0 0 0 0 0 0 1 0 0 0 0 0 0 0 0 0 
0 0 0 1 0 0 0 0 0 0 3 0 0 0 0 0 0 0 0 0 0 0 0 0 0 0 0 0 0 0 0 0 0 0 0 3 0 0 0 0 
0 0 0 0 0 0 0 0 0 0 0 3 0 0 0 0 0 0 0 0 0 0 -2 0 1 0 0 0 0 0 0 0 0 0 0 0 0 0 0 0 
0 0 0 0 0 0 0 0 0 0 0 0 0 0 0 0 0 0 0 0 0 0 3 0 0 0 0 0 0 0 0 0 1 0 0 0 0 0 0 0 
0 0 0 -1 0 1 0 0 0 0 0 0 0 0 0 0 0 0 0 0 0 0 0 0 0 0 0 0 0 0 0 0 0 0 0 0 0 0 0 0 
0 0 0 4 0 0 0 0 0 0 0 0 0 1 0 0 0 0 0 0 0 0 0 0 -1 0 0 1 0 0 0 0 0 0 0 0 0 0 0 0 
0 0 0 0 0 0 0 0 0 0 0 0 0 0 0 0 0 0 0 0 0 0 0 0 0 0 0 0 0 0 0 0 0 0 0 0 0 0 0 0 
0 0 0 0 0 3 0 0 1 0 0 0 0 0 0 0 0 0 0 0 0 0 0 0 0 0 0 1 0 0 0 0 0 0 0 0 0 0 0 0 
0 0 0 0 0 0 0 0 0 0 0 0 0 0 0 0 0 0 0 0 0 0 0 0 0 0 2 0 0 1 0 0 0 0 0 0 0 0 0 0 
0 0 0 0 0 0 0 0 2 0 0 0 0 0 0 0 0 0 0 0 0 0 0 0 0 0 0 0 0 0 0 0 0 0 0 0 0 0 0 0 
0 0 0 0 0 0 0 1 0 0 1 0 0 0 0 0 0 0 0 0 0 0 0 0 0 0 0 0 0 3 0 0 0 0 0 0 0 0 0 0 
0 0 0 0 0 0 0 0 0 0 0 0 0 0 0 0 0 0 0 0 0 0 0 0 0 0 0 0 0 0 0 1 0 0 0 0 0 0 0 0 
0 0 0 0 0 0 0 0 0 0 4 0 0 0 0 0 0 0 0 0 0 0 0 0 0 0 0 0 0 0 0 0 0 0 0 0 0 0 0 0 
0 0 0 0 0 0 0 0 0 -1 0 0 1 0 0 0 0 0 0 0 0 0 0 0 0 0 0 0 0 0 0 5 0 0 0 0 0 0 0 0 
0 0 0 0 0 0 0 0 0 0 0 0 0 0 0 0 0 0 0 0 0 0 0 0 0 0 0 0 0 0 -2 0 0 1 0 0 0 0 0 0 
0 0 0 0 0 0 0 0 0 0 0 0 6 0 0 0 0 0 0 0 0 0 0 0 0 0 0 0 0 0 0 0 0 0 0 0 0 0 0 0 
0 0 0 0 0 0 0 0 0 0 0 -3 0 0 1 0 0 0 0 0 0 0 0 0 0 0 0 0 0 0 0 0 0 0 0 2 0 0 0 0 
0 0 0 0 0 0 0 0 0 0 0 2 0 0 0 0 0 0 0 0 0 0 0 0 0 0 0 0 0 0 0 0 1 0 0 1 0 0 0 0 
0 0 0 0 0 0 0 0 0 0 0 0 0 0 0 0 3 0 0 0 0 0 0 0 0 0 0 0 0 0 0 0 3 0 0 0 0 0 0 0 
0 0 0 0 0 0 0 0 0 0 0 0 0 0 0 0 1 0 0 0 0 0 0 0 0 0 0 0 0 0 0 0 0 0 0 0 0 4 0 0 
0 0 0 0 0 0 0 0 0 0 0 0 0 4 0 0 0 0 0 0 0 0 0 0 0 0 0 0 0 0 0 0 0 0 -1 0 0 13 0 0 
0 0 0 0 0 0 0 0 0 0 0 0 0 0 0 0 0 0 32 0 0 0 0 0 0 0 0 0 0 0 0 0 0 0 32 0 0 0 0 0 
0 0 0 0 0 0 0 0 0 0 0 0 0 0 0 7 0 0 2 0 0 0 0 0 0 0 0 0 0 0 0 0 0 0 0 0 0 0 0 2 
0 0 0 0 0 0 0 0 0 0 0 0 0 0 0 2 0 0 0 0 0 0 0 0 0 0 0 0 0 0 0 0 0 0 0 0 4 0 0 3 
0 0 0 0 0 0 0 0 0 0 0 0 0 0 0 0 0 0 0 0 4 0 0 0 0 0 0 0 0 0 0 0 0 0 0 0 4 0 0 0 
0 0 0 0 0 0 0 0 0 0 0 0 0 0 0 0 0 5 0 0 1 0 0 0 0 0 0 0 0 0 0 0 0 0 0 0 0 0 0 0 
0 1 0 0 0 0 0 0 0 0 0 0 0 0 0 0 0 1 0 0 0 0 0 0 0 0 0 0 0 0 0 0 0 0 0 0 0 0 2 0 
0 1 0 0 0 0 0 0 0 0 0 0 0 0 0 0 0 0 0 0 1 0 2 0 0 0 0 0 0 0 0 0 0 0 0 0 0 0 2 0 
0 0 0 0 0 0 0 0 0 0 0 0 0 0 0 0 0 0 0 0 0 0 1 0 0 0 0 0 0 0 0 0 0 0 0 0 0 0 0 0 
0 2 0 2 0 0 0 0 0 0 0 0 0 0 0 0 0 0 0 2 0 0 0 0 0 0 0 0 0 0 0 0 0 0 0 0 0 0 0 0 
-1 0 0 1 0 0 0 0 0 0 0 0 0 0 0 0 0 0 0 0 0 0 2 0 1 0 0 0 0 0 0 0 0 0 0 0 0 0 0 0 
1 0 0 0 0 0 0 0 0 0 0 0 0 0 0 0 0 0 0 0 0 0 0 0 1 0 0 0 0 0 0 0 0 0 0 0 0 0 0 0 
0 0 0 0 0 0 0 0 0 0 0 0 0 0 0 0 0 0 0 0 0 8 0 0 0 0 0 0 0 0 2 0 0 0 0 0 0 0 0 0 
0 0 -1 0 0 1 0 0 0 0 0 0 0 0 0 0 0 0 0 0 0 0 0 0 0 0 0 0 0 0 0 0 0 0 0 0 0 0 0 0 
0 0 4 0 0 0 0 0 0 0 0 1 0 0 0 0 0 0 0 0 0 0 0 1 0 0 1 0 0 0 0 0 0 0 0 0 0 0 0 0 
0 0 0 0 0 0 0 3 0 0 0 0 0 0 0 0 0 0 0 0 0 0 0 4 0 0 0 0 0 0 0 0 0 0 1 0 0 0 0 0 
0 0 0 0 2 0 0 0 1 0 0 0 0 0 0 0 0 0 0 0 0 0 0 0 0 0 0 0 0 0 0 0 0 0 0 0 0 0 0 0 
0 0 0 0 0 0 0 0 0 0 0 0 0 0 0 0 0 0 0 0 0 0 0 0 0 3 0 0 0 1 0 0 0 0 2 0 0 0 0 0 
0 0 0 0 0 0 0 0 0 0 0 0 0 0 0 0 0 0 0 0 0 0 0 0 0 6 0 0 0 0 0 0 0 0 0 0 0 0 0 0 
0 0 0 0 0 0 -1 0 0 0 1 0 0 0 0 3 0 0 0 0 0 0 0 0 0 0 0 0 0 0 0 0 0 0 0 0 0 0 0 0 
0 0 0 0 0 0 9 0 0 0 0 0 0 0 0 0 0 0 0 0 0 0 0 0 0 0 0 -3 0 0 0 1 0 0 0 0 1 0 0 0 
0 0 0 0 0 0 0 0 0 0 0 0 0 0 0 0 0 0 0 0 0 0 0 0 0 0 0 3 0 0 0 0 0 0 0 0 0 0 0 0 
0 0 0 0 0 0 0 0 1 0 0 0 1 0 0 0 0 0 0 0 0 1 0 0 0 0 0 0 0 0 0 0 0 0 0 0 0 0 0 0 
0 0 0 0 0 0 0 0 0 0 0 0 0 0 0 0 0 0 0 0 0 0 0 0 0 0 0 0 0 0 0 0 0 1 0 0 0 0 0 0 
0 0 2 0 0 0 0 0 0 0 0 0 0 0 0 0 0 0 0 0 0 0 0 0 0 0 0 0 0 0 0 0 0 0 0 0 0 0 0 0 
0 0 0 0 0 0 0 0 0 0 -3 0 0 0 1 0 0 0 0 0 0 0 0 0 1 0 0 0 0 0 0 0 0 0 0 0 0 0 0 0 
0 0 0 0 0 0 0 0 0 0 0 0 0 0 0 0 0 0 0 0 0 0 0 0 0 0 0 0 0 0 0 2 0 0 0 1 0 0 0 0 
0 0 0 0 0 2 0 0 0 0 0 0 0 0 0 0 0 0 0 0 0 0 0 0 0 0 0 0 0 0 0 0 0 0 0 0 0 0 0 0 
0 0 0 0 0 0 0 0 0 0 0 0 1 0 0 0 1 0 0 0 0 0 0 0 0 0 0 0 0 0 0 0 1 0 0 0 0 0 0 0 
0 0 0 0 0 0 0 0 0 0 0 0 0 0 0 0 0 0 0 0 0 0 0 0 0 0 0 0 0 0 0 0 0 -1 0 0 0 1 0 0 
0 0 0 0 0 0 0 0 0 0 0 0 0 1 0 0 0 1 0 0 0 0 0 0 0 0 0 0 0 0 0 0 0 1 0 0 0 0 0 0 
0 0 0 0 0 0 0 0 0 0 0 0 0 0 -2 0 0 0 1 0 0 0 0 0 0 0 0 0 0 0 0 0 0 0 0 0 1 0 0 0 
0 0 0 0 0 0 0 0 0 0 0 0 0 0 0 0 0 0 0 0 0 0 0 0 0 0 0 0 0 0 0 0 0 0 0 2 0 0 0 1 
0 0 0 0 0 0 0 0 0 0 0 0 0 0 0 0 0 2 0 0 0 0 0 0 0 0 0 0 0 0 0 0 0 0 0 0 0 0 0 0 
0 0 0 0 0 0 0 0 0 0 0 0 0 0 0 0 1 0 0 0 1 0 0 0 0 1 0 0 0 0 0 0 0 0 0 0 0 0 0 0 
1 0 0 0 0 0 0 0 0 0 0 0 0 0 0 0 3 0 0 0 0 0 0 0 0 0 0 0 0 0 0 0 0 0 0 0 0 2 0 0 
0 1 0 0 0 0 0 0 0 0 1 0 0 0 0 0 0 0 0 0 0 1 0 0 0 0 0 0 0 0 0 0 0 0 0 0 0 0 0 0 
0 0 0 0 0 0 0 0 0 0 0 0 0 0 0 0 0 0 1 0 0 0 1 0 0 0 0 0 0 0 0 2 0 0 0 0 0 0 0 0 
0 0 2 0 0 0 0 0 0 0 0 0 0 0 0 0 0 0 0 0 0 0 0 0 0 0 0 0 0 0 0 0 0 0 0 0 0 0 0 -1 
0 0 0 1 0 0 0 0 0 0 0 0 0 0 0 0 0 0 0 1 0 0 0 1 0 0 0 0 0 0 0 0 0 0 0 0 0 0 0 0 
0 0 0 0 0 0 0 0 0 0 0 0 0 0 0 0 0 0 0 0 0 0 0 0 1 0 0 0 0 0 0 0 0 0 0 0 0 0 0 0 
0 0 0 0 2 0 0 0 0 0 0 0 0 0 0 0 0 0 0 0 4 0 1 0 0 0 0 0 0 0 0 0 0 0 0 0 0 0 0 0 
0 2 0 0 0 1 0 0 0 0 0 0 0 0 0 0 0 0 0 0 0 0 0 0 0 1 0 0 0 0 0 0 0 0 0 0 0 0 0 0 
0 4 0 1 0 0 0 0 0 0 0 0 0 0 0 0 0 0 0 0 0 0 1 0 0 0 1 0 0 0 0 0 0 0 0 0 0 0 0 0 
0 0 0 0 0 0 0 0 0 0 1 0 0 0 0 0 0 0 0 0 0 0 0 0 0 0 0 0 0 0 0 0 0 0 0 0 0 0 0 0 
0 0 0 -1 0 0 0 1 0 0 0 0 0 0 0 0 0 0 0 0 0 0 0 0 0 0 0 0 0 0 0 0 0 0 0 0 0 2 0 0 
0 0 0 6 0 0 0 0 0 0 0 0 0 0 0 0 0 0 0 0 0 0 0 0 1 0 0 0 1 0 0 0 0 0 0 0 0 0 0 0 
0 0 0 0 0 0 0 0 0 0 0 0 0 0 0 0 0 0 1 0 0 0 0 0 3 0 0 0 0 0 0 0 0 0 0 0 0 0 0 0 
0 0 0 0 0 2 0 0 0 1 0 0 0 0 0 0 0 0 0 0 0 0 0 0 0 0 0 0 0 0 0 0 0 0 0 0 0 0 0 0 
0 0 0 0 0 2 0 0 0 0 0 0 0 0 0 0 0 0 0 0 0 0 0 0 0 0 1 0 0 0 1 0 0 0 0 2 0 0 0 0 
0 0 0 0 0 0 0 0 0 0 0 0 0 0 0 0 0 0 0 0 0 0 0 0 0 0 8 0 0 0 0 0 0 0 0 0 0 0 0 0 
0 0 0 0 0 0 0 -3 0 0 0 1 0 0 0 0 3 0 0 0 0 0 0 0 0 0 0 0 0 0 0 0 0 0 0 0 0 0 0 0 
0 0 0 0 0 0 0 11 0 0 0 0 0 0 0 0 0 0 0 0 0 0 0 0 0 0 0 0 -5 0 0 0 1 0 0 0 0 1 0 0 
0 0 0 0 0 0 0 0 0 0 0 0 0 0 0 0 0 0 0 0 0 0 0 0 0 0 0 0 5 0 0 0 0 0 0 0 0 0 0 0 
0 0 0 0 0 0 0 0 0 -1 0 0 0 1 0 0 0 0 0 0 0 0 0 0 0 0 0 0 0 0 0 0 0 2 0 0 0 0 0 0 
0 0 0 0 0 0 0 0 0 2 0 0 0 0 0 0 0 0 0 0 0 0 0 0 0 0 0 0 0 0 1 0 0 0 1 0 0 0 0 0 
0 0 0 0 0 0 0 0 0 0 0 0 0 0 3 0 0 0 0 0 0 0 0 0 0 0 0 0 0 0 3 0 0 0 0 0 0 0 0 0 
0 0 0 0 0 0 0 0 0 0 0 0 0 0 0 1 0 0 0 0 0 0 0 0 0 0 0 0 0 0 0 0 0 0 0 1 0 0 0 0 
0 0 0 0 0 0 0 0 0 0 0 1 0 0 0 0 0 0 0 0 0 0 0 0 0 0 0 0 0 0 0 0 2 0 0 0 1 0 0 0 
0 0 0 0 0 0 0 0 0 0 0 0 0 0 0 0 2 0 0 0 0 0 0 0 0 0 0 0 0 0 0 0 4 0 0 0 0 0 0 0 
0 0 0 0 0 0 0 0 0 0 0 0 0 -1 0 0 0 1 0 0 0 0 0 0 0 0 0 0 0 0 0 0 0 0 0 0 0 1 0 0 
0 0 0 0 0 0 0 0 0 0 0 0 0 3 0 0 0 0 0 0 0 0 0 0 0 0 0 0 0 0 0 0 0 0 0 0 0 0 1 0 
0 0 0 0 0 0 0 0 0 0 0 0 0 0 0 0 0 0 0 0 0 0 0 0 0 0 0 0 0 0 0 0 0 0 0 1 0 0 0 0 
0 0 0 0 0 0 0 0 0 0 0 0 0 0 0 1 0 0 0 1 0 0 0 0 0 0 0 0 0 0 0 0 0 0 0 0 0 0 0 0 
0 0 0 0 0 0 0 0 0 0 0 0 0 0 0 0 2 0 0 0 0 0 0 0 0 0 0 0 0 0 0 0 0 0 0 0 -1 0 0 0 
1 0 0 0 0 0 0 0 0 0 0 0 0 0 0 0 0 0 0 0 0 0 0 0 0 0 0 0 0 0 0 0 0 0 0 0 0 3 0 0 
0 0 0 0 0 0 0 0 0 0 0 0 0 0 0 0 0 -3 0 0 0 1 0 0 0 0 1 0 0 0 0 0 0 0 0 0 0 0 0 0 
0 0 0 0 0 0 0 0 0 0 0 1 0 0 0 0 0 0 0 0 0 0 0 0 0 0 1 0 0 0 0 0 0 0 0 0 0 0 2 0 
0 0 1 0 0 0 0 0 0 0 0 0 0 0 0 0 0 0 0 0 0 0 0 0 0 0 0 0 0 0 0 0 0 0 0 0 0 0 8 0 
0 0 0 0 0 0 0 2 0 0 0 0 0 0 0 0 0 0 0 -1 0 0 0 1 0 0 0 0 0 0 0 0 0 0 0 0 0 0 0 0 
0 0 0 0 0 0 0 0 0 0 0 0 0 0 0 0 0 0 0 4 0 0 0 0 0 0 0 0 1 0 0 0 0 0 0 0 0 0 0 0 
1 0 0 0 1 0 0 0 0 0 0 0 0 0 0 0 0 0 0 0 0 0 0 0 3 0 0 0 0 0 0 0 0 0 0 0 0 0 0 0 
4 0 0 0 0 0 0 0 0 0 0 1 0 0 0 0 0 0 0 0 0 2 0 0 0 0 1 0 0 0 0 0 0 0 0 0 0 0 0 0 
0 0 0 0 0 0 0 0 0 0 0 0 0 0 0 0 0 0 0 0 0 4 0 0 0 0 0 0 0 0 0 0 0 0 0 0 0 0 0 0 
0 0 -3 0 0 0 0 1 0 0 0 0 0 0 0 0 0 0 0 0 0 0 0 0 0 0 3 0 0 0 0 0 0 0 0 0 0 0 0 0 
0 0 3 0 0 0 0 0 0 0 0 0 0 0 0 0 0 0 0 0 0 0 0 0 0 0 0 0 1 0 0 0 0 0 0 0 0 0 0 0 
0 0 0 0 0 0 0 4 0 0 0 0 0 0 0 0 0 0 0 0 0 0 0 4 0 0 0 0 0 0 0 0 0 0 0 0 0 0 0 0 
0 0 0 0 -1 0 0 0 0 0 1 0 0 0 0 0 0 0 0 0 0 0 0 0 0 0 4 0 0 0 0 0 0 0 0 0 0 0 0 0 
0 0 0 0 0 0 0 0 0 0 0 0 0 0 0 0 0 0 0 0 0 0 0 0 0 -1 0 0 0 0 0 1 0 0 0 0 0 0 0 0 
0 0 0 0 0 0 0 1 0 3 0 0 0 0 0 0 0 0 0 0 0 0 0 0 0 3 0 0 0 0 0 0 0 0 0 0 0 0 0 0 
0 0 0 0 0 0 -1 0 0 0 0 0 1 0 0 0 0 0 0 0 0 0 0 0 0 0 0 0 2 0 2 0 0 0 0 0 0 0 0 0 
0 0 0 0 0 0 2 0 0 0 0 0 0 0 0 0 0 0 0 0 0 0 0 0 0 0 0 -1 0 0 0 0 0 1 0 0 0 0 0 0 
0 0 0 0 0 0 0 0 0 3 0 1 0 0 0 0 0 0 0 0 0 0 0 0 0 0 0 1 0 0 0 0 0 0 0 0 0 0 0 0 
0 0 0 0 0 0 0 0 -1 0 0 0 0 0 3 0 0 0 0 0 0 0 0 0 0 0 0 0 0 0 0 0 0 0 0 0 0 0 0 0 
0 0 0 0 0 0 0 0 5 0 0 0 0 0 0 0 0 0 0 0 0 0 0 0 0 0 0 0 0 -1 0 0 0 0 0 4 0 0 0 0 
0 0 0 0 0 0 0 0 0 0 0 0 0 0 0 0 0 0 0 0 0 0 0 0 0 0 0 0 0 7 0 0 0 0 0 0 0 0 0 0 
0 0 0 0 0 0 0 0 0 0 -2 0 0 0 0 0 1 0 0 0 0 0 0 0 0 0 0 0 0 0 0 0 0 0 3 0 0 0 0 0 
0 0 0 0 0 0 0 0 0 0 3 0 0 0 0 0 0 0 0 0 0 0 0 0 0 0 0 0 0 0 0 0 0 0 0 0 0 1 0 0 
0 0 0 0 0 0 0 0 0 0 0 0 0 0 0 4 0 0 0 0 0 0 0 0 0 0 0 0 0 0 0 4 0 0 0 0 0 0 0 0 
0 0 0 0 0 0 0 0 0 0 0 0 -1 0 0 0 0 0 0 1 0 0 0 0 0 0 0 0 0 0 0 0 0 0 0 0 0 0 0 0 
0 0 0 0 0 0 0 0 0 0 0 0 0 0 0 0 0 0 0 0 0 0 0 0 0 0 0 0 0 0 0 0 0 2 0 0 0 0 0 1 
1 0 0 0 0 0 0 0 0 0 0 0 0 0 0 0 0 4 0 0 0 0 0 0 0 0 0 0 0 0 0 0 0 4 0 0 0 0 0 0 
0 0 0 0 0 0 0 0 0 0 0 0 0 0 1 0 0 0 0 0 0 1 0 1 0 0 0 0 0 0 0 0 0 0 0 0 0 0 0 0 
0 0 0 0 0 0 0 0 0 0 0 0 0 0 3 0 0 0 0 0 0 0 0 0 0 0 0 0 0 0 0 0 0 0 0 0 0 0 0 0 
0 0 1 0 0 0 0 0 0 0 0 0 0 0 0 0 0 1 0 0 0 0 0 0 0 0 0 0 0 0 0 0 0 0 0 0 0 0 0 0 
0 0 0 0 0 0 0 0 0 0 0 0 0 0 0 0 1 0 0 0 0 0 0 1 0 1 0 0 0 0 0 0 0 0 0 0 0 0 0 0 
1 0 0 0 0 0 0 0 0 0 0 0 0 0 0 0 3 0 0 0 0 0 0 0 0 0 0 0 0 0 0 0 0 0 0 0 0 1 0 0 
0 0 0 0 1 0 0 0 0 0 0 0 0 0 0 0 0 0 0 0 0 2 0 0 0 0 0 0 0 0 0 0 0 0 0 0 0 4 0 1 
0 0 0 0 0 0 0 0 0 0 0 0 0 0 0 0 0 0 1 0 0 0 0 0 0 1 0 0 0 0 0 0 0 0 0 0 0 0 0 0 
0 0 1 0 0 0 0 0 0 0 0 0 0 0 0 0 0 0 4 0 1 0 0 0 0 0 0 0 0 0 0 0 0 0 0 0 0 0 0 0 
0 0 0 0 0 0 1 0 0 0 0 0 0 0 0 0 0 0 0 0 0 0 0 1 0 0 0 0 0 0 0 0 0 0 0 0 0 0 0 1 
0 0 0 0 0 0 0 0 0 0 0 0 0 0 0 0 0 0 0 0 1 0 0 0 0 0 0 1 0 0 0 0 0 0 0 0 0 0 0 0 
0 0 0 0 0 0 0 0 0 0 0 0 0 0 0 0 0 0 0 0 4 0 1 0 0 0 0 0 0 0 0 0 0 0 0 0 0 0 0 0 
0 -1 0 0 0 0 0 0 1 0 0 0 0 0 0 0 0 0 0 0 0 0 0 0 0 0 0 0 0 0 0 0 0 0 0 0 0 0 0 0 
0 4 0 0 0 0 0 0 0 0 1 0 0 0 0 0 0 0 0 0 0 0 0 0 0 0 0 0 0 2 0 3 0 0 0 0 0 0 0 0 
0 0 0 0 0 0 0 0 0 0 0 0 0 0 0 0 0 0 0 0 0 0 11 0 0 0 0 0 0 0 0 0 0 0 0 0 0 0 0 0 
1 0 0 0 0 0 0 0 0 0 1 0 3 0 0 0 0 0 0 0 0 0 0 0 0 0 0 0 0 0 0 0 0 0 0 0 0 0 0 0 
0 0 0 11 0 0 0 0 0 0 0 0 0 0 0 0 0 0 0 0 0 1 0 0 -2 0 0 0 0 0 0 0 1 0 0 0 0 0 0 0 
0 0 0 0 0 0 0 0 0 0 0 0 0 0 0 0 0 0 0 0 0 0 0 0 0 0 0 0 0 0 0 0 0 0 0 0 0 0 0 0 
0 0 0 0 0 -1 0 0 0 0 0 0 0 0 1 0 0 0 0 0 0 0 0 0 0 0 0 0 0 4 0 0 0 0 0 0 0 0 0 0 
0 0 0 0 0 0 0 0 0 0 0 0 0 0 0 0 0 0 0 0 0 0 0 0 0 0 0 0 0 0 0 0 0 0 0 1 0 0 0 0 
0 0 0 0 0 0 0 0 0 0 0 0 0 0 0 0 0 0 0 0 1 0 0 0 0 0 0 0 0 0 0 0 0 0 0 0 0 0 0 0 
0 0 0 0 0 0 0 -1 0 0 0 0 0 0 0 0 1 0 0 0 0 0 0 0 0 0 0 0 0 0 0 0 0 0 0 0 0 0 0 0 
0 0 0 0 0 0 0 2 0 0 0 0 0 0 0 0 0 0 0 0 0 0 0 0 0 0 0 0 0 0 0 0 0 0 0 0 0 1 0 0 
0 0 0 0 0 0 0 0 0 0 0 0 0 0 0 0 0 0 0 0 0 0 0 0 0 0 0 0 3 0 0 0 0 0 0 0 0 0 0 0 
0 0 0 0 0 0 0 0 0 -2 0 0 0 0 0 0 0 0 0 1 0 0 0 0 0 0 0 0 0 0 0 0 0 0 0 0 0 0 0 0 
0 0 0 0 0 0 0 0 0 0 0 0 0 0 0 0 0 0 0 0 0 0 0 0 0 0 0 0 0 0 2 0 0 0 1 0 0 0 0 0 
2 0 0 0 0 0 0 0 0 0 0 0 0 0 4 0 0 0 0 0 0 0 0 0 0 0 0 0 0 0 4 0 0 0 0 0 0 0 0 0 
0 0 0 0 0 0 0 0 0 0 0 3 0 0 0 1 0 0 0 0 0 3 0 0 0 0 0 0 0 0 0 0 0 0 0 6 0 0 0 0 
0 0 0 0 0 0 0 0 0 0 0 6 0 0 0 0 0 0 0 0 0 0 0 0 0 0 0 0 0 0 0 0 3 0 0 0 1 0 0 0 
0 0 1 0 0 0 0 0 0 0 0 0 0 0 0 0 3 0 0 0 0 0 0 0 0 0 0 0 0 0 0 0 3 0 0 0 0 0 0 0 
0 0 0 0 0 0 0 0 0 0 0 0 0 2 0 0 0 0 0 1 0 0 0 1 0 0 0 0 0 0 0 0 0 0 0 0 0 4 0 0 
0 0 0 0 0 0 0 0 0 0 0 0 0 4 0 0 0 0 0 0 0 0 0 0 0 0 0 0 0 0 0 0 0 0 1 0 0 0 0 0 
0 0 0 1 1 0 0 0 0 0 0 0 0 0 0 0 0 0 0 0 0 0 0 0 0 0 0 0 0 0 0 0 0 0 3 0 0 0 0 0 
0 0 0 0 0 0 0 0 0 0 0 0 0 0 0 0 0 0 0 0 0 0 0 0 0 1 0 0 1 0 0 0 0 0 0 0 0 0 0 0 
0 0 0 0 0 0 0 0 0 0 0 0 0 0 0 0 0 0 0 0 0 0 0 0 0 0 0 0 0 0 0 0 0 0 0 0 -1 0 0 0 
0 0 0 0 0 0 2 0 0 0 0 1 0 0 0 0 0 0 0 0 4 0 0 0 0 0 0 0 0 0 0 0 0 0 0 0 4 0 0 0 
0 0 0 0 0 0 0 0 0 0 0 0 0 0 0 0 0 3 0 0 0 0 0 0 0 0 0 3 0 0 0 0 1 0 0 0 0 0 0 0 
0 6 0 0 0 0 0 0 0 0 0 0 0 0 0 0 0 6 0 0 0 0 0 0 0 0 0 0 0 0 0 0 0 0 0 0 0 0 3 0 
0 0 0 0 0 0 0 0 1 0 0 0 0 1 0 0 0 0 0 0 0 0 3 0 0 0 0 0 0 0 0 0 0 0 0 0 0 0 3 0 
0 0 0 0 0 0 0 0 0 0 0 0 0 0 0 0 0 0 0 2 0 0 0 0 0 0 0 0 0 1 0 0 0 0 0 0 1 0 0 0 
0 0 0 0 0 0 0 0 0 0 0 0 0 0 0 0 0 0 0 4 0 0 0 0 0 0 0 0 0 0 0 0 0 0 0 0 0 0 0 0 
0 0 0 0 0 0 0 0 0 0 1 0 0 0 0 0 0 0 0 0 1 0 0 0 0 0 0 0 0 0 0 0 0 0 0 0 0 0 0 0 
0 0 0 0 0 0 0 0 0 0 0 0 0 0 0 0 0 0 0 0 0 -2 0 0 0 0 0 0 0 0 0 1 0 0 0 0 0 0 0 0 
0 0 0 1 0 0 0 0 0 0 0 0 0 0 0 0 0 0 0 0 0 0 0 0 0 0 0 0 0 0 0 0 0 0 0 0 0 0 0 0 
0 0 1 0 0 0 0 0 0 0 0 1 1 0 0 0 0 0 0 0 0 0 0 0 0 0 1 0 0 0 0 0 0 0 0 0 0 0 0 0 
0 0 3 0 0 0 0 0 0 0 0 0 0 0 0 0 0 0 0 0 0 0 0 1 0 0 0 0 0 0 0 0 0 1 0 0 1 0 0 0 
0 0 0 0 0 0 0 2 0 0 0 0 0 0 0 0 0 0 0 0 0 0 0 0 0 0 0 0 0 0 0 0 0 0 0 0 0 0 0 0 
0 0 0 0 1 0 0 0 0 0 0 0 0 0 1 0 0 1 0 0 0 0 0 0 0 0 0 0 1 0 0 0 0 0 0 0 0 0 0 0 
0 0 0 0 0 0 0 0 0 0 0 0 0 0 0 0 0 0 0 0 0 0 0 0 0 0 0 0 0 0 0 0 0 0 0 1 0 0 0 0 
0 0 0 0 0 1 0 0 0 1 0 0 0 0 0 0 0 0 0 0 0 0 0 0 0 0 0 0 0 0 0 0 0 0 0 0 0 0 0 0 
0 0 0 0 0 0 -1 0 0 0 0 0 0 0 0 0 1 0 0 0 0 0 0 0 0 0 0 0 0 0 2 0 0 0 1 0 0 0 0 0 
0 0 0 0 0 0 0 0 0 0 0 0 0 0 0 0 0 0 0 0 0 0 0 0 0 0 0 0 0 0 0 0 0 0 0 0 0 1 0 0 
0 0 0 0 0 0 0 0 0 0 0 3 0 0 0 1 0 0 0 0 0 0 0 0 0 0 0 0 0 0 0 0 0 0 0 0 0 0 0 0 
0 0 0 0 0 0 0 0 1 0 0 0 0 0 0 0 0 0 1 0 0 0 0 0 0 0 0 0 0 0 0 0 2 0 0 0 0 0 0 0 
0 0 0 0 0 0 0 0 4 0 1 0 0 0 0 0 0 0 0 0 0 0 0 0 0 0 0 0 0 1 0 0 0 0 0 0 0 0 0 1 
0 0 0 0 0 0 0 0 0 0 0 0 0 1 0 0 0 0 0 0 0 0 0 0 0 0 0 0 0 4 0 1 0 0 0 0 0 0 0 0 
0 0 0 0 0 0 0 0 0 0 0 0 0 0 0 0 0 0 0 0 1 0 0 0 0 0 0 0 0 0 0 0 0 0 0 0 0 0 0 0 
0 0 0 1 0 0 0 0 0 0 4 0 0 0 0 0 0 0 0 0 0 0 0 0 0 0 0 0 0 0 0 0 0 0 0 0 0 0 0 0 
0 4 0 0 0 0 0 0 0 0 0 0 0 0 0 8 0 0 0 0 0 0 0 0 0 0 0 0 0 0 1 8 0 0 0 0 0 0 0 0 
0 0 0 0 0 0 0 0 0 0 0 0 4 0 0 0 0 0 0 0 0 0 3 0 0 0 0 0 0 0 0 0 0 0 0 0 5 0 0 0 
0 0 0 0 0 0 0 0 0 0 0 1 7 0 0 0 0 0 0 0 0 0 0 0 0 0 0 0 0 0 0 0 0 2 0 0 0 0 0 0 
0 0 0 1 0 0 0 0 0 0 0 0 0 0 0 0 0 2 0 0 0 0 0 0 0 0 0 0 0 0 0 0 1 4 0 0 0 0 0 0 
0 0 0 0 0 0 0 0 0 0 0 0 0 0 1 0 0 0 0 0 0 0 0 0 1 0 0 0 0 0 0 0 0 0 0 0 0 0 1 0 
0 0 0 0 0 0 0 0 0 0 0 0 0 0 1 0 0 0 0 0 0 0 0 0 0 0 0 0 0 0 0 0 0 0 0 1 0 0 0 0 
0 0 0 0 0 1 0 0 0 0 0 0 0 0 0 0 0 0 0 0 0 0 0 0 0 0 0 0 0 0 0 0 0 0 0 0 1 0 0 0 
0 0 0 0 0 0 0 0 0 0 0 0 0 0 0 0 0 0 0 0 0 0 0 0 0 0 1 0 0 0 0 0 0 0 0 0 0 0 0 0 
0 0 0 0 0 0 0 0 0 0 0 0 0 0 0 0 0 2 0 0 0 0 0 0 0 0 0 0 0 0 0 0 0 0 0 0 0 -2 0 0 
0 0 0 0 0 0 0 1 0 0 0 0 0 0 0 0 0 0 0 0 0 0 0 0 0 0 0 0 0 0 0 0 0 0 0 0 0 4 0 1 
0 0 0 0 0 0 0 0 0 0 0 0 0 0 0 0 0 0 -1 0 0 0 0 0 0 0 0 0 4 0 0 0 0 0 0 0 0 0 0 0 
0 0 8 0 0 0 0 0 0 0 0 0 0 0 0 0 0 0 8 0 0 0 0 0 0 1 0 0 0 0 0 0 0 0 0 0 0 0 0 4 
0 0 0 0 0 0 0 0 0 1 0 0 0 0 0 0 0 0 0 0 0 0 0 0 0 0 0 0 0 0 0 0 0 0 0 0 0 0 0 4 
0 0 0 0 0 0 0 0 1 0 0 0 0 0 0 0 0 0 0 0 0 0 0 0 0 0 0 0 0 0 1 0 0 0 0 0 0 0 0 0 
0 0 0 0 0 0 0 0 0 0 0 0 0 0 0 0 0 0 0 0 4 0 0 0 0 0 0 0 0 0 1 0 0 0 0 0 0 0 0 0 
0 0 0 0 0 0 0 0 0 0 0 1 0 0 0 0 0 0 0 0 0 0 0 0 0 3 0 0 0 0 0 0 0 0 0 0 0 0 0 0 
0 4 0 0 0 0 0 0 0 0 0 0 1 0 0 0 0 0 0 0 0 0 1 0 0 0 0 0 0 0 0 0 1 0 0 0 0 0 0 0 
0 0 0 0 0 0 2 0 0 0 0 0 0 0 0 0 0 0 0 0 0 0 4 0 0 0 0 0 0 0 0 0 0 1 0 0 0 0 0 0 
0 0 0 0 0 0 0 0 0 0 0 0 0 4 0 0 0 0 0 0 0 0 0 0 0 0 0 8 0 0 0 0 0 0 0 0 0 0 0 0 
0 0 0 8 0 0 0 0 0 0 0 0 0 0 0 0 0 0 0 1 0 0 0 0 4 0 0 0 0 0 0 0 0 3 2 0 0 0 0 0 
0 0 0 0 0 0 0 0 0 0 0 0 0 0 0 0 0 0 0 0 0 0 0 0 11 0 0 0 0 0 0 0 0 0 0 0 0 0 0 0 
0 0 1 0 0 0 0 0 0 0 0 0 0 0 3 1 0 0 0 0 0 0 0 0 0 0 0 0 0 0 0 0 0 0 0 0 0 0 0 0 
0 0 0 0 0 11 0 0 0 0 0 0 0 0 0 0 0 0 0 0 0 0 0 1 0 0 -2 0 0 0 0 0 0 0 0 0 2 0 0 0 
0 0 0 0 0 0 0 0 0 0 6 0 0 0 0 0 0 0 0 0 0 0 0 0 0 0 6 0 0 0 0 0 0 0 0 0 0 0 0 0 
0 0 0 0 0 0 1 2 0 0 0 0 0 0 0 0 0 3 0 0 0 0 0 0 0 0 0 0 0 0 0 6 0 0 0 0 0 0 0 0 
0 0 0 0 0 0 0 6 0 0 0 0 0 0 0 0 0 0 0 0 0 0 0 0 0 0 0 1 4 0 0 0 0 0 0 0 0 0 1 0 
0 0 0 0 0 0 0 0 0 0 0 0 6 0 0 0 0 0 0 0 0 0 0 0 0 0 0 0 6 0 0 0 0 0 0 0 0 0 0 0 
0 0 0 0 0 0 0 0 1 0 0 0 0 0 0 0 0 0 0 0 1 0 0 0 0 0 0 0 0 0 0 0 0 0 0 0 0 0 0 0 
0 0 0 0 0 0 0 0 0 0 0 0 0 0 0 0 0 0 0 0 0 0 0 0 0 0 0 0 0 0 2 0 0 0 0 0 0 0 0 2 
0 1 0 0 0 0 0 0 0 0 0 0 0 0 0 0 0 0 0 0 0 0 0 0 0 0 0 0 0 0 6 0 0 0 0 0 0 0 0 0 
0 0 0 0 0 0 0 0 0 0 0 -2 0 0 0 0 0 0 0 0 1 0 1 0 0 0 0 0 0 0 0 0 0 0 0 0 0 0 0 0 
0 0 0 0 0 0 0 0 0 0 0 3 0 0 0 0 0 0 0 0 0 0 0 0 0 0 0 0 0 0 0 0 0 0 0 0 0 0 0 0 
0 0 0 1 0 0 1 0 0 0 0 0 0 0 0 0 0 0 0 0 0 0 0 0 0 0 0 0 0 0 0 0 0 0 0 0 0 0 0 0 
0 0 0 0 0 0 0 0 0 0 0 0 0 1 0 0 0 0 0 0 0 0 0 0 1 0 0 2 0 0 0 0 0 0 0 0 0 0 0 0 
0 0 0 0 0 0 0 0 0 0 0 0 0 0 0 0 0 0 0 0 0 0 0 0 0 0 0 0 0 0 0 0 0 0 0 0 0 0 0 0 
0 0 0 0 0 1 0 0 3 0 0 0 0 0 0 0 0 0 0 0 0 0 0 0 0 0 0 0 0 0 0 0 0 0 0 0 0 0 0 0 
0 0 0 0 0 0 0 0 0 0 0 0 0 0 0 -1 0 0 0 0 0 0 0 0 0 0 1 0 0 4 0 0 0 0 0 0 0 0 0 0 
0 0 0 0 0 0 0 0 0 0 0 0 0 0 0 0 0 0 0 0 0 0 0 0 0 0 0 0 0 0 0 0 0 0 0 0 -2 0 0 0 
0 0 0 0 0 1 0 1 0 0 0 0 0 0 0 0 0 0 0 0 1 0 0 0 0 0 0 0 0 0 0 0 0 0 0 0 3 0 0 0 
0 0 0 0 0 0 0 0 0 0 0 0 0 0 0 0 0 1 0 0 0 0 0 0 0 0 0 0 1 0 0 0 0 0 0 0 0 0 0 0 
0 2 0 0 0 0 0 0 0 0 0 0 0 0 0 0 0 4 0 1 0 0 0 0 0 0 0 0 0 0 0 0 0 0 0 0 0 0 1 0 
0 0 0 0 0 0 0 0 0 1 0 0 0 0 0 0 0 0 0 0 0 0 1 0 0 0 0 0 0 0 0 0 0 0 0 0 0 0 4 0 
1 0 0 0 0 0 0 0 0 0 0 0 0 0 0 0 0 0 0 0 0 0 0 0 0 0 0 0 0 0 1 0 0 0 0 0 0 0 0 0 
0 0 0 2 0 0 0 0 0 0 0 0 0 0 0 0 0 0 0 0 0 0 0 0 0 0 0 0 2 0 0 0 0 0 0 0 0 0 0 0 
0 0 0 0 0 0 0 0 0 0 0 1 0 0 0 0 0 0 0 0 0 0 0 0 3 0 0 0 0 0 0 0 0 0 0 0 0 0 0 0 
0 0 0 0 0 0 0 0 0 3 0 0 0 0 0 0 0 0 0 0 0 -1 0 0 0 0 0 0 0 0 0 0 1 0 0 0 0 0 0 0 
0 0 0 0 0 4 0 0 0 0 0 0 0 0 0 0 0 0 0 0 0 0 0 0 0 0 0 0 0 0 4 0 0 0 0 0 0 0 0 0 
0 0 -2 0 0 0 0 0 0 0 0 0 0 1 0 0 0 0 0 0 0 0 0 0 0 0 1 0 0 0 0 0 0 0 0 0 0 0 0 0 
0 0 0 0 0 0 0 0 0 0 0 1 0 0 0 0 0 0 0 0 0 0 0 1 0 0 0 0 0 0 0 0 0 0 1 0 0 0 0 0 
0 0 0 0 0 0 0 2 0 0 0 0 0 0 0 0 0 0 0 0 0 0 0 2 0 0 0 0 0 0 0 0 0 0 0 0 0 0 0 0 
0 0 0 0 0 0 0 0 0 0 0 0 0 0 0 1 0 0 0 0 0 0 0 0 0 0 0 0 3 0 0 0 0 0 0 0 0 0 0 0 
0 0 0 0 3 0 0 0 0 0 0 0 0 0 0 0 0 0 0 0 0 0 0 0 0 -1 0 0 0 0 0 0 0 0 0 0 1 0 0 0 
0 0 0 0 0 0 0 0 0 4 0 0 0 0 0 0 0 0 0 0 0 0 0 0 0 4 0 0 0 0 0 0 0 0 0 0 0 0 0 0 
0 0 0 0 0 0 -2 0 0 0 0 0 0 0 0 0 0 2 0 0 0 0 0 0 0 0 0 0 0 0 1 0 0 0 0 0 0 0 0 0 
0 0 0 0 0 0 1 0 0 0 0 0 0 0 0 0 0 0 0 0 0 0 0 0 0 0 0 3 0 0 0 0 0 0 0 0 0 0 1 0 
0 0 0 0 0 0 0 0 0 0 0 1 0 0 0 0 0 0 0 0 0 0 0 0 0 0 0 1 0 0 0 0 0 0 0 0 0 0 0 0 
0 0 0 0 0 0 0 0 1 0 0 0 0 0 0 0 0 0 0 1 0 0 0 0 0 0 0 0 0 0 0 0 1 0 0 0 0 0 0 0 
0 0 0 0 0 0 0 0 0 0 0 0 0 0 0 0 0 2 0 0 0 0 0 0 0 0 0 0 0 -1 0 0 0 0 0 0 0 0 0 0 
1 0 0 0 0 0 0 0 0 0 0 0 0 0 0 0 0 0 0 0 0 0 0 0 0 0 0 0 0 8 0 0 0 0 0 0 0 0 2 0 
0 0 0 0 0 0 0 0 0 0 -2 0 0 0 0 0 0 0 0 0 0 1 0 0 0 0 0 0 0 0 0 0 0 0 0 0 0 0 0 0 
0 0 0 0 0 0 0 0 0 0 4 0 0 0 0 0 0 0 0 1 0 0 0 0 0 0 0 0 0 0 0 0 0 0 0 0 0 0 0 0 
0 0 0 1 0 0 0 0 0 0 0 0 0 0 0 0 0 0 0 0 0 0 0 0 0 0 0 0 0 0 0 0 0 0 0 0 0 0 0 0 
0 0 0 0 0 0 0 0 0 0 0 0 3 0 0 0 0 0 0 0 0 0 0 0 1 0 0 0 0 0 0 0 0 0 1 0 0 0 0 0 
0 0 0 0 0 0 0 0 0 0 0 0 0 0 0 0 0 0 0 0 0 0 0 0 0 0 0 0 0 0 0 0 0 2 0 0 0 0 0 0 
0 0 1 0 0 1 0 0 0 0 0 0 0 0 0 0 0 0 0 0 0 0 0 0 0 0 0 1 0 0 0 0 0 0 0 0 0 0 0 0 
0 0 1 0 0 0 0 0 0 0 0 0 0 0 2 0 0 0 0 0 0 0 0 0 0 0 1 0 0 0 0 0 0 0 0 0 0 0 0 0 
0 0 0 0 0 0 0 0 0 0 0 0 0 0 4 0 0 0 0 0 0 0 0 1 0 0 0 0 0 0 0 0 0 0 0 1 0 0 0 0 
0 0 0 0 0 0 0 0 1 0 0 0 0 0 0 0 0 0 0 0 0 0 0 0 0 0 0 0 0 0 0 0 0 0 0 0 0 0 0 0 
0 0 0 0 0 0 0 0 0 0 0 0 0 0 0 0 -3 0 0 0 0 0 0 0 0 0 0 0 0 0 1 0 0 0 0 0 0 0 0 0 
0 0 0 0 0 0 0 0 0 0 0 0 0 0 0 0 0 0 0 0 0 0 0 0 0 0 0 0 0 0 0 0 0 0 0 0 0 -1 0 0 
0 0 0 0 0 0 0 0 0 0 0 1 0 0 0 0 0 0 0 0 0 0 0 0 0 0 0 0 0 0 0 0 0 0 0 0 0 4 0 0 
0 0 0 0 0 0 0 0 0 0 0 0 0 0 0 0 0 0 -1 0 0 0 0 0 0 0 0 0 0 0 0 0 0 1 0 0 0 0 0 0 
0 0 0 0 0 0 0 0 0 0 0 0 0 0 0 0 0 0 0 0 0 0 0 0 0 0 0 0 0 0 0 0 0 0 0 0 0 0 0 3 
0 0 0 0 0 0 0 0 2 0 0 0 0 0 1 0 0 0 0 0 0 0 0 0 0 0 0 0 0 0 0 0 0 0 0 0 0 0 0 6 
0 0 0 0 0 0 0 0 0 0 0 0 0 0 0 0 0 0 0 0 -1 0 0 0 0 0 0 0 0 3 0 0 0 0 0 1 0 0 0 0 
0 0 0 0 0 0 0 0 0 0 0 0 0 0 0 0 0 0 0 0 9 0 0 0 0 0 0 0 0 0 0 0 0 0 0 0 0 0 0 0 
0 -3 0 0 0 0 0 0 0 0 1 0 0 0 0 0 1 0 0 0 0 0 0 0 0 0 0 0 0 0 0 0 0 0 0 0 0 0 0 0 
0 3 0 0 0 0 0 0 0 0 0 0 0 0 0 0 0 0 0 0 0 0 1 0 0 0 0 0 0 0 0 0 0 0 0 0 1 1 0 0 
0 0 0 0 0 0 0 0 0 0 0 0 0 0 0 0 0 0 0 0 0 0 0 0 0 0 0 0 0 0 0 0 0 0 0 0 0 0 0 0 
0 0 0 2 0 0 0 0 0 0 0 0 0 0 0 0 0 2 1 0 0 0 0 0 0 0 0 0 0 0 0 0 0 0 0 0 0 0 0 0 
0 0 0 0 0 0 0 0 0 0 0 0 0 0 0 0 0 0 0 0 0 0 0 0 1 0 0 0 0 0 0 0 0 0 0 0 0 0 0 1 
0 0 0 0 0 0 1 0 0 0 0 0 0 0 0 0 0 0 0 0 0 0 0 0 0 0 0 0 0 0 0 0 0 0 0 0 0 0 0 0 
0 0 0 0 0 2 0 0 0 0 0 0 0 0 0 0 0 0 0 0 1 0 0 0 0 0 0 2 0 0 0 0 0 0 0 0 0 0 0 0 
0 0 0 0 0 0 0 0 0 0 0 0 0 0 0 0 0 0 0 0 0 0 0 0 0 0 1 0 0 0 0 0 0 0 0 1 0 0 0 0 
0 1 0 0 0 0 0 0 0 0 1 0 0 0 0 0 0 0 0 0 0 0 0 0 0 0 3 0 0 0 0 0 0 0 0 0 0 0 0 0 
0 0 0 0 0 0 0 2 0 0 0 0 0 0 0 0 0 0 0 0 0 0 1 0 0 0 0 0 0 0 0 2 0 0 0 0 0 0 0 0 
0 0 0 0 0 0 0 4 0 1 0 0 0 0 0 0 0 0 0 0 0 0 0 0 0 0 0 0 2 0 0 0 0 0 0 0 0 0 0 0 
0 0 0 1 0 0 0 0 0 0 0 0 1 0 0 0 0 0 0 0 0 0 0 0 0 0 0 0 4 0 1 0 0 0 0 0 0 0 0 0 
0 0 0 0 0 0 0 0 0 1 0 0 0 0 0 0 0 0 0 0 0 0 0 0 1 0 0 0 0 0 0 0 0 0 0 0 0 0 0 0 
0 0 0 2 0 0 0 0 0 6 0 0 0 0 0 0 0 0 0 0 0 0 0 0 0 0 0 0 0 0 1 0 0 0 0 0 0 0 0 0 
0 0 0 0 0 1 0 0 0 0 0 0 0 0 0 0 0 0 0 0 0 0 0 0 1 0 0 0 0 0 3 0 0 0 0 0 0 0 0 0 
0 0 0 0 0 0 0 0 0 0 0 2 0 0 0 0 0 0 0 0 0 0 0 0 0 0 1 0 0 0 0 0 0 0 0 2 0 0 0 0 
0 0 0 0 0 0 0 0 0 0 0 2 0 0 0 0 0 0 0 0 0 0 0 0 0 0 0 0 0 0 0 0 1 0 0 0 0 0 0 0 
0 0 0 0 0 0 0 1 0 0 0 0 0 0 0 0 3 0 0 0 0 0 0 0 0 0 0 0 0 0 0 0 3 0 0 0 0 0 0 0 
0 0 0 0 0 0 0 0 0 0 0 0 0 0 0 0 0 0 0 0 0 0 0 0 0 0 0 0 1 0 0 0 0 0 0 0 0 1 0 0 
0 0 0 0 0 0 0 0 0 0 0 0 0 1 0 0 0 0 0 0 0 0 0 0 0 0 0 0 0 0 0 0 0 0 2 0 0 0 0 0 
0 0 0 1 0 0 0 0 0 1 0 0 0 0 0 0 0 0 0 0 0 0 0 0 0 0 0 0 1 0 0 0 0 0 0 0 0 0 0 0 
0 0 0 1 0 0 0 0 0 0 0 0 0 0 0 2 0 0 0 0 0 0 0 0 0 0 0 0 0 0 1 0 0 0 0 0 0 0 0 0 
0 0 0 0 0 0 0 0 0 0 0 0 0 0 0 8 0 0 0 0 0 0 0 0 2 0 0 0 0 0 0 0 0 0 0 0 -1 0 0 0 
0 0 0 0 0 0 0 0 0 0 0 1 0 0 0 0 0 0 0 0 0 0 0 0 0 0 0 0 0 0 0 0 0 0 0 0 4 0 0 0 
0 0 0 0 0 1 0 0 0 0 0 0 0 0 0 0 0 1 0 0 0 0 0 0 0 0 0 0 0 0 0 0 1 0 0 0 0 0 0 0 
0 3 0 0 0 0 0 0 0 0 0 0 0 0 0 0 0 4 0 0 0 0 0 0 0 0 0 0 1 0 0 0 0 0 0 0 0 0 2 0 
0 0 0 0 0 0 0 0 0 0 0 0 0 0 1 0 0 0 0 0 0 0 0 0 0 0 0 0 0 0 0 0 0 0 0 0 0 0 0 0 
0 0 0 0 0 0 0 0 0 0 0 0 0 0 0 0 0 0 0 2 0 0 0 0 0 0 0 0 1 0 0 0 0 0 0 1 0 0 0 0 
0 0 0 0 0 0 0 0 0 0 0 0 0 0 0 0 0 0 0 3 0 0 0 0 0 0 0 0 0 0 0 0 0 0 0 0 0 0 0 0 
0 0 0 0 0 0 0 0 0 0 0 0 0 0 1 0 1 0 0 0 0 0 0 0 0 0 0 0 0 0 0 0 0 0 0 0 0 0 0 0 
0 0 0 0 0 0 0 0 0 0 0 0 0 0 0 0 0 0 0 0 0 1 0 0 0 0 0 0 0 0 0 0 0 0 0 2 0 1 0 0 
0 0 0 0 0 0 0 0 0 0 0 0 0 0 0 0 0 0 0 0 0 0 0 0 0 0 0 0 0 0 0 0 0 0 0 0 0 0 0 0 
0 0 0 0 0 0 0 0 0 0 0 0 0 0 0 0 3 0 1 0 0 0 0 0 0 0 0 0 0 0 0 0 0 0 0 0 0 0 0 0 
0 0 0 0 0 0 0 0 0 0 0 0 0 0 0 0 0 0 0 0 0 0 0 -1 0 0 0 0 0 0 0 0 0 0 0 0 0 4 0 1 
0 0 0 0 0 0 0 0 0 0 0 0 0 0 0 0 0 0 0 0 0 0 0 0 0 0 0 0 0 0 0 0 0 0 0 0 0 0 0 0 
0 0 0 0 -2 0 0 0 0 0 0 0 0 0 0 0 0 0 0 0 1 0 0 0 0 0 1 0 0 0 0 0 0 0 0 0 0 0 0 0 
0 0 0 0 0 0 0 0 0 0 0 0 0 0 0 0 0 0 0 0 0 0 0 0 0 1 0 0 0 0 0 0 0 0 1 0 0 0 0 0 
0 1 0 0 0 0 0 0 0 1 0 0 0 0 0 0 0 0 0 0 0 0 0 0 0 3 0 0 0 0 0 0 0 0 0 0 0 0 0 0 
0 0 0 0 0 0 1 0 0 0 0 0 0 0 0 0 0 0 0 0 0 0 1 0 0 0 0 0 0 0 1 0 0 0 0 0 0 0 0 0 
0 0 0 0 0 0 4 0 1 0 0 0 0 0 0 0 0 0 0 0 0 0 0 0 0 0 0 0 0 0 0 0 0 0 0 0 0 0 0 0 
0 0 0 1 0 0 0 0 0 0 0 2 0 0 0 0 0 0 0 0 0 0 0 0 0 0 0 0 0 0 0 0 0 0 0 0 2 0 0 0 
0 0 0 0 0 0 0 0 0 0 0 0 0 0 0 0 0 0 0 0 0 0 0 0 1 0 0 0 0 0 0 0 1 0 0 0 0 0 0 0 
0 0 0 0 0 0 0 0 0 0 0 0 0 0 0 0 0 1 0 0 0 0 0 0 0 0 0 0 0 1 0 0 0 0 0 0 0 0 0 0 
0 0 0 0 0 1 0 0 0 0 0 0 0 2 0 0 0 0 0 0 0 0 0 0 0 0 0 0 0 2 0 0 0 0 0 0 0 0 0 0 
0 0 0 0 0 0 0 0 0 0 0 0 0 0 0 0 0 0 0 0 0 0 0 0 0 0 1 0 0 0 0 0 0 0 3 0 0 0 0 0 
0 0 0 0 0 0 0 0 0 0 3 0 0 0 0 0 0 0 0 0 0 0 0 0 0 0 0 0 0 0 0 -1 0 0 0 0 0 0 0 0 
0 0 0 0 0 0 0 1 0 0 0 0 0 0 0 4 0 0 0 0 0 0 0 0 0 0 0 0 0 0 0 4 0 0 0 0 0 0 0 0 
0 0 0 0 0 0 0 0 0 0 0 0 -2 0 0 0 0 0 0 0 0 0 0 0 0 0 0 0 2 0 0 0 0 0 0 0 1 0 0 0 
0 0 0 0 0 0 0 0 0 0 0 0 1 0 0 0 0 0 0 0 0 0 0 0 0 0 0 0 0 0 0 0 0 3 0 0 0 0 0 0 
0 0 0 0 0 0 0 0 0 4 0 0 0 0 0 0 0 4 0 0 0 0 0 0 0 0 0 0 0 0 0 0 0 4 0 0 0 0 0 0 
0 0 0 0 0 0 0 0 0 0 0 0 0 0 4 0 0 0 0 0 0 0 0 0 0 0 0 0 0 0 1 0 0 0 0 0 0 0 1 0 
0 0 0 0 0 0 0 0 0 0 0 0 0 0 1 0 0 0 0 0 0 0 0 0 0 0 0 0 0 0 0 0 0 0 0 1 0 0 0 0 
0 0 0 0 0 0 0 0 0 0 0 1 0 0 0 0 0 0 0 0 0 0 0 0 0 0 0 0 0 0 0 0 0 0 0 3 0 0 0 0 
0 0 0 0 2 0 0 0 0 0 0 0 0 0 0 0 0 0 0 0 0 0 0 0 0 0 0 0 0 0 0 0 1 0 0 0 0 0 0 0 
0 0 0 0 0 0 0 0 0 0 0 0 0 0 0 0 4 0 0 0 0 0 0 0 0 1 0 0 0 0 0 0 0 0 0 0 0 0 0 0 
0 0 0 0 0 0 0 0 0 0 0 0 0 0 1 0 0 0 0 0 0 0 0 0 0 0 0 0 0 0 0 0 0 0 0 0 0 0 0 0 
0 0 0 0 0 0 0 0 0 0 0 0 0 0 0 0 0 0 2 0 0 0 0 0 0 0 0 0 0 0 0 0 0 0 0 1 0 0 0 0 
0 0 0 0 0 0 0 0 0 0 0 0 0 0 0 0 0 0 0 0 0 0 0 0 0 0 0 0 0 0 0 0 0 0 0 0 0 0 0 3 
0 0 0 0 0 0 0 1 0 0 0 0 0 0 0 0 1 0 0 0 0 0 0 0 0 0 0 0 0 0 0 0 0 0 0 0 0 0 0 0 
0 0 0 0 0 0 0 0 0 0 0 0 0 0 0 0 0 0 0 0 2 0 0 0 0 0 0 0 0 0 0 0 0 0 1 0 0 1 0 0 
0 0 0 0 0 0 0 0 0 0 0 0 0 0 0 0 0 0 0 0 0 0 0 0 0 0 0 0 0 0 0 0 0 0 0 0 0 0 0 0 
0 1 0 0 0 0 0 0 0 0 0 0 0 0 0 1 0 0 1 0 0 0 0 0 0 0 0 0 0 0 0 0 0 0 0 0 0 0 0 0 
0 0 0 0 0 0 0 0 0 0 0 0 0 0 0 0 0 0 0 0 0 0 2 0 0 0 0 0 0 0 0 0 0 0 0 0 2 0 0 1 
0 0 0 0 0 0 0 0 0 0 0 0 0 0 0 0 0 0 0 0 0 0 0 0 0 0 0 0 0 0 0 0 0 0 0 0 0 0 0 0 
0 0 0 1 0 0 0 0 0 0 0 0 0 0 0 0 0 0 0 0 1 0 0 0 0 1 0 0 0 0 0 0 0 0 0 0 0 0 0 0 
0 0 0 0 0 0 0 0 0 0 0 0 0 0 0 0 0 0 0 0 0 0 0 0 2 0 0 0 0 0 0 0 0 0 0 0 0 0 0 0 
0 1 0 0 0 0 2 0 0 0 0 0 0 0 0 0 0 0 0 0 0 0 0 0 0 0 0 0 0 0 0 0 0 0 0 0 0 0 0 0 
0 0 0 0 0 1 0 0 0 0 0 0 0 0 0 0 0 0 0 0 0 0 1 0 0 0 0 3 0 0 0 0 0 0 0 0 0 0 0 0 
0 0 0 0 0 0 0 0 0 0 0 0 0 0 0 0 0 0 0 0 0 0 0 0 0 0 0 0 0 0 0 0 0 0 0 0 0 0 0 0 
0 0 0 1 0 0 0 0 0 0 2 0 0 0 0 0 0 0 0 0 0 0 0 0 0 0 4 0 1 0 0 0 0 0 0 0 0 0 0 0 
0 0 0 0 0 0 0 2 0 0 0 0 0 0 0 0 0 0 0 0 0 0 0 0 1 0 0 0 0 0 0 1 0 0 0 0 0 0 0 0 
0 0 0 0 0 0 0 4 0 1 0 0 0 0 0 0 0 0 0 0 0 0 0 0 0 0 0 0 1 0 0 0 0 0 0 0 0 0 0 0 
0 0 0 0 0 2 0 0 0 0 0 0 0 0 0 0 0 0 0 0 0 0 0 0 0 0 0 0 7 0 0 0 0 0 0 0 0 0 0 0 
0 0 0 0 0 0 0 0 0 -2 0 0 0 0 0 0 0 0 0 0 0 0 0 0 0 0 1 0 0 0 0 0 0 0 0 0 0 0 0 0 
0 0 0 0 0 0 0 0 0 4 0 0 0 0 0 0 0 0 0 0 0 0 0 0 0 0 0 0 0 0 -2 0 0 0 0 0 0 0 0 0 
0 0 0 0 1 0 0 1 0 0 0 0 0 0 0 0 0 0 0 0 0 0 0 0 0 0 0 0 0 0 3 0 0 0 0 0 0 0 0 0 
0 0 0 0 0 0 0 0 0 0 0 -1 0 0 0 0 0 0 0 0 0 0 0 0 0 0 0 0 1 0 0 0 0 0 0 1 0 0 0 0 
0 0 0 0 0 0 0 0 0 0 0 1 0 0 0 0 0 0 0 0 0 0 0 0 0 0 0 0 0 0 0 0 1 0 0 0 0 0 0 0 
0 0 0 0 0 0 0 0 0 1 0 0 0 0 0 0 1 0 0 0 0 0 0 0 0 0 0 0 0 0 0 0 1 0 0 0 0 0 0 0 
0 0 0 0 0 0 0 0 0 0 0 0 0 2 0 0 0 0 0 0 0 0 0 0 0 0 0 0 0 0 1 0 0 0 0 0 0 2 0 0 
0 0 0 0 0 0 0 0 0 0 0 0 0 2 0 0 0 0 0 0 0 0 0 0 0 0 0 0 0 0 0 0 0 0 1 0 0 0 0 0 
0 0 0 0 0 0 0 0 0 0 0 1 0 0 0 0 0 0 3 0 0 0 0 0 0 0 0 0 0 0 0 0 0 0 3 0 0 0 0 0 
0 0 0 0 0 0 0 0 0 0 0 0 0 0 0 0 0 0 0 0 0 0 0 0 0 0 0 0 0 0 0 0 1 0 0 0 0 0 0 4 
0 0 0 0 0 0 0 0 0 0 0 0 0 0 0 4 0 0 0 0 0 0 0 0 0 0 0 0 0 0 0 0 0 0 0 0 -1 0 0 0 
0 0 0 0 0 0 0 0 0 0 0 0 0 2 0 0 0 0 0 0 2 0 0 0 0 0 0 0 0 0 0 0 0 0 0 0 2 0 0 0 
0 0 0 0 0 0 0 0 0 0 0 0 0 0 0 0 0 4 0 0 0 0 0 0 0 0 0 0 0 0 0 0 0 0 3 0 0 0 0 0 
0 4 0 0 0 0 0 0 0 0 0 0 0 0 0 0 0 4 0 0 0 0 0 0 0 0 0 0 0 0 0 0 0 0 0 0 0 0 5 0 
0 0 0 0 0 0 0 2 0 0 0 0 0 0 0 1 0 0 0 0 0 0 1 0 0 0 0 0 0 0 0 0 0 0 0 0 0 0 7 0 
0 0 0 0 0 0 0 0 0 0 0 0 0 0 0 0 0 0 0 -2 0 0 0 0 0 0 0 0 1 0 0 0 0 0 0 0 1 0 0 0 
0 0 0 4 0 0 0 0 0 0 0 0 0 0 0 0 0 0 0 7 0 0 0 0 0 0 0 0 0 0 0 0 0 0 0 0 0 0 0 0 
-3 0 0 0 0 0 0 0 0 1 0 0 0 0 0 0 0 1 0 0 0 0 0 0 1 0 0 0 0 0 0 0 0 0 0 0 0 0 0 0 
4 0 0 0 0 0 0 0 0 0 0 0 0 0 0 0 0 0 0 0 0 0 0 0 0 0 0 0 0 0 0 0 0 0 0 2 0 0 1 0 
0 0 0 0 0 1 0 0 0 0 0 0 0 0 0 0 0 0 0 0 0 1 0 0 0 0 0 0 0 0 0 0 0 0 0 0 0 0 0 0 
0 0 0 0 0 0 0 0 0 0 0 0 0 0 0 0 0 0 0 1 0 0 0 0 0 0 5 0 0 0 0 0 0 0 0 0 0 0 0 0 
0 0 7 0 1 0 0 0 0 0 0 0 0 0 0 0 0 0 0 0 0 0 0 -1 0 0 0 0 0 0 0 0 0 0 0 0 0 0 0 0 
1 0 0 0 0 0 0 7 0 0 0 0 0 0 0 0 0 0 0 0 0 0 0 11 0 2 0 0 0 0 0 0 0 0 0 0 0 0 0 0 
0 0 0 0 -2 0 0 0 0 0 0 0 0 0 0 0 0 0 0 0 0 1 0 0 0 0 0 0 4 0 0 0 0 0 0 0 0 0 0 0 
0 0 0 0 7 0 1 0 0 0 0 0 0 0 0 0 0 0 0 0 0 0 0 0 0 -2 0 0 0 0 0 0 0 0 0 0 0 0 0 0 
0 0 1 0 0 0 0 0 0 7 0 0 0 0 0 0 0 0 0 0 0 0 0 0 0 12 0 2 0 0 0 0 0 0 0 0 0 0 0 0 
0 0 0 0 0 0 -4 0 0 0 0 0 0 0 0 0 0 0 0 0 0 0 0 1 0 0 0 0 0 0 3 0 0 0 0 0 0 0 0 0 
0 0 0 0 0 0 7 0 1 0 0 0 0 0 0 0 0 0 0 0 0 0 0 0 0 0 0 -3 0 0 0 0 0 0 0 0 0 0 0 0 
0 0 0 0 1 0 0 0 0 0 0 0 0 0 0 0 0 0 0 0 0 0 0 0 0 0 0 4 0 0 0 0 0 0 0 0 1 0 0 0 
0 0 0 0 0 0 0 0 1 0 0 0 0 0 0 0 0 0 0 0 0 0 0 0 0 0 1 0 0 0 0 0 0 0 0 0 0 0 0 0 
0 0 0 0 0 0 0 0 0 0 0 0 0 0 0 0 0 0 0 0 0 0 0 0 0 0 0 0 0 1 0 0 0 0 0 0 0 0 0 0 
0 0 0 0 0 0 0 0 1 0 0 0 0 0 0 0 0 0 0 0 0 0 0 0 0 0 0 0 0 0 0 0 0 0 0 0 0 0 0 0 
0 0 0 0 0 0 0 0 0 0 1 0 0 0 0 0 0 0 0 0 0 0 0 0 0 0 0 0 0 1 0 0 0 0 0 0 0 0 0 0 
0 0 0 0 0 0 0 0 0 0 0 0 0 0 0 0 0 0 0 0 0 0 0 0 0 0 0 0 0 0 0 2 0 0 0 0 0 1 0 0 
0 0 0 0 0 0 0 0 0 0 1 0 0 0 0 4 0 0 0 0 0 0 0 0 0 0 0 0 0 0 0 4 0 0 0 0 0 0 0 0 
0 0 0 0 0 0 0 0 0 0 0 0 1 0 0 0 0 0 2 0 0 0 0 0 0 0 0 0 0 0 0 1 0 0 0 0 8 0 0 0 
0 0 0 0 0 0 0 0 0 0 0 0 8 0 0 0 0 0 0 0 0 0 0 0 0 0 0 0 0 0 0 0 0 0 0 0 0 0 0 3 
0 0 0 0 0 0 0 0 0 0 0 0 1 0 0 0 0 12 0 0 0 0 0 0 0 0 0 0 0 0 0 0 0 12 0 0 0 0 0 0 
0 0 0 0 0 0 0 0 0 0 0 0 0 0 -1 0 0 0 0 0 0 0 0 2 0 0 0 0 0 0 0 0 0 1 0 0 0 0 0 0 
0 0 0 0 0 0 0 0 0 0 0 0 0 0 6 0 0 0 0 0 0 0 0 0 0 0 0 0 0 0 0 0 0 0 0 -2 0 0 0 0 
0 0 0 0 1 0 0 0 0 0 0 0 0 0 1 0 0 0 0 0 0 0 0 0 0 0 0 0 0 0 0 0 0 0 0 3 0 0 0 0 
0 0 0 0 0 0 0 0 0 0 0 0 0 0 0 0 0 0 0 0 0 0 0 0 0 1 0 0 0 0 0 0 0 0 0 1 0 0 0 0 
1 0 0 0 0 0 0 0 0 0 0 0 0 0 0 0 4 0 0 0 0 0 0 0 0 0 0 0 0 0 0 0 0 0 0 0 0 -1 0 0 
0 0 0 0 0 0 0 0 0 0 0 4 0 0 0 0 2 0 0 0 0 0 0 0 0 0 0 0 0 0 0 0 0 0 0 0 0 0 0 0 
0 0 0 0 0 0 0 0 0 0 0 0 0 0 0 0 0 0 -2 0 0 0 0 0 0 0 0 0 0 0 0 0 1 0 0 0 0 1 0 0 
0 0 0 0 0 0 0 0 0 0 0 0 0 0 0 0 0 0 0 0 0 0 0 0 0 0 0 0 0 0 0 0 0 0 0 0 0 0 0 0 
0 0 0 0 0 0 0 0 0 0 0 0 0 1 0 0 0 0 1 0 0 0 0 0 0 0 0 0 0 0 0 0 0 0 0 0 0 0 0 0 
0 0 0 0 0 0 0 0 0 0 0 0 0 0 0 0 0 0 0 0 1 0 0 0 0 0 0 0 0 0 0 0 0 0 2 0 0 0 0 1 
0 0 0 0 0 0 0 0 0 0 0 0 0 0 0 0 0 0 0 0 0 0 0 0 0 0 0 0 0 0 0 0 0 0 0 0 0 0 0 0 
0 0 0 0 0 0 0 0 0 0 0 0 0 0 0 2 0 0 0 0 1 0 0 0 0 0 0 0 0 0 0 0 0 0 0 0 0 0 0 0 
0 0 0 0 0 0 0 0 0 0 0 0 0 0 0 0 0 0 0 0 0 0 -1 0 0 0 0 0 0 0 0 0 0 0 0 0 3 0 0 0 
0 1 0 0 0 0 0 0 0 0 0 0 0 0 0 0 0 0 0 0 0 0 0 0 0 0 0 0 0 0 0 0 0 0 0 0 0 0 0 0 
0 0 0 -2 0 0 0 0 0 0 0 0 1 0 0 0 0 0 0 0 0 0 1 0 0 0 0 1 0 0 0 0 0 0 0 0 0 0 0 0 
0 0 0 3 0 0 0 0 0 0 0 0 0 0 0 0 0 0 0 0 0 0 0 0 1 0 0 0 0 0 0 0 0 0 0 0 0 0 0 0 
0 0 0 1 0 0 0 0 4 0 0 0 0 0 0 0 0 0 0 0 0 0 0 0 8 0 2 0 0 0 0 0 0 0 0 0 0 0 0 0 
0 0 0 0 0 0 0 0 0 0 0 0 0 0 0 0 0 0 0 0 0 0 0 0 1 0 0 0 0 4 0 0 0 0 0 0 0 0 0 0 
0 0 0 0 0 8 0 2 0 0 0 0 0 0 0 0 0 0 0 0 0 0 0 0 0 0 -1 0 0 0 0 0 0 0 0 0 0 0 0 0 
0 0 0 0 0 1 0 0 0 0 2 0 0 0 0 0 0 0 0 0 0 0 0 0 0 0 8 0 2 0 0 0 0 0 0 0 0 0 0 0 
0 0 0 0 0 0 0 -2 0 0 0 0 0 0 0 0 0 0 0 0 0 0 0 0 0 0 1 0 0 0 0 2 0 0 0 0 0 0 0 0 
0 0 0 0 0 0 0 4 0 1 0 0 0 0 0 0 0 0 0 0 0 0 0 0 0 0 0 0 0 0 0 0 0 0 0 0 0 0 0 0 
0 0 0 0 0 0 0 1 0 0 0 0 2 0 0 0 0 0 0 0 0 0 0 0 0 0 0 0 4 0 1 0 0 0 0 0 0 0 0 0 
0 0 0 0 0 0 0 0 0 1 0 0 0 0 0 0 0 0 0 0 0 0 0 0 0 0 0 0 1 0 0 0 0 1 0 0 0 0 0 0 
0 0 0 0 0 0 0 0 0 4 0 1 0 0 0 0 0 0 0 0 0 0 0 0 0 0 0 0 0 0 0 0 0 0 0 0 0 0 0 0 
0 0 0 0 0 0 0 0 0 1 0 0 0 0 3 0 0 0 0 0 0 0 0 0 0 0 0 0 0 0 8 0 2 0 0 0 0 0 0 0 
0 0 0 0 0 0 0 0 0 0 0 -2 0 0 0 0 0 0 0 0 0 0 0 0 0 0 0 0 0 0 1 0 0 0 0 3 0 0 0 0 
0 0 0 0 0 0 0 0 0 0 0 8 0 2 0 0 0 0 0 0 0 0 0 0 0 0 0 0 0 0 0 0 -1 0 0 0 0 0 0 0 
0 0 0 0 0 0 0 0 0 0 0 1 0 0 0 0 2 0 0 0 0 0 0 0 0 0 0 0 0 0 0 0 0 0 0 0 0 0 0 0 
0 2 0 0 0 0 0 0 0 0 0 0 0 -1 0 0 0 0 0 0 0 0 0 0 0 0 0 0 0 0 0 0 1 0 0 0 0 1 0 0 
0 0 0 0 0 0 0 0 0 0 0 0 0 0 0 0 0 0 0 0 0 0 1 0 0 0 0 0 0 0 0 0 0 0 0 0 0 0 0 0 
0 0 0 0 0 0 0 0 0 0 0 0 0 1 0 0 0 0 2 0 0 0 0 0 0 0 0 0 0 0 0 0 0 0 2 0 0 0 0 0 
0 0 0 0 0 0 0 0 0 0 0 0 0 0 0 0 0 0 0 0 0 0 0 0 0 0 0 0 0 0 0 0 0 0 1 0 0 0 0 2 
0 0 0 0 0 0 0 0 0 0 0 0 0 0 0 2 0 0 0 0 0 0 0 0 0 0 0 0 0 0 0 0 0 0 0 0 -1 0 0 0 
0 0 0 0 0 0 0 0 0 0 0 0 0 0 0 1 0 0 0 0 3 0 0 0 0 0 0 0 0 0 0 0 0 0 0 0 3 0 0 0 
0 0 0 0 0 0 0 0 0 0 0 0 0 0 0 0 0 -1 0 0 0 0 0 0 0 0 0 0 0 0 0 0 0 0 0 0 1 0 0 0 
0 4 0 0 0 0 0 0 0 0 0 0 0 0 0 0 0 4 0 0 0 0 0 0 0 0 0 0 0 0 0 0 0 0 0 0 0 0 -2 0 
0 0 0 0 0 0 0 0 0 0 0 0 0 0 0 0 0 2 0 0 0 0 2 0 0 0 0 0 0 0 0 0 0 0 0 0 0 0 2 0 
0 0 0 0 0 0 0 0 0 0 0 0 0 0 0 0 0 0 0 2 0 0 0 0 0 0 0 0 0 0 0 0 0 0 0 0 0 0 2 0 
0 0 0 1 0 0 0 0 0 0 0 0 0 0 0 0 0 0 0 1 0 0 0 0 0 0 0 0 0 0 0 0 0 0 0 0 0 0 0 0 
3 0 0 0 0 0 0 0 0 0 0 0 0 0 0 0 0 0 0 3 0 0 0 0 4 0 0 0 0 0 0 0 0 0 0 0 0 0 0 0 
4 0 0 0 0 0 0 0 0 0 0 0 0 0 0 0 0 0 0 0 0 2 0 0 0 0 0 0 0 0 0 0 0 0 0 0 0 0 0 0 
1 0 0 0 0 1 0 0 0 0 0 0 0 0 0 0 0 0 0 0 0 1 0 0 0 0 0 0 0 0 0 0 0 0 0 0 0 0 0 0 
0 0 0 0 0 0 0 0 0 0 0 0 0 0 0 0 0 0 0 0 0 1 0 0 0 0 1 0 0 0 0 0 0 0 0 0 0 0 0 0 
0 0 1 0 0 0 0 0 0 0 0 0 0 0 0 0 0 0 0 0 0 0 0 1 0 0 0 0 0 0 0 0 0 0 0 0 0 0 0 0 
0 0 2 0 0 0 0 2 0 0 0 0 0 0 0 0 0 0 0 0 0 0 0 0 0 0 0 0 0 0 0 0 3 0 0 0 0 0 0 0 
0 0 0 0 -2 0 0 0 0 0 0 0 0 0 0 0 0 0 0 0 0 0 0 1 0 0 0 0 0 0 0 0 0 0 0 0 0 0 0 0 
0 0 0 0 4 0 0 0 0 0 0 0 0 1 0 0 0 0 0 0 0 0 0 0 0 0 0 0 0 0 0 0 0 0 0 0 0 0 0 0 
0 0 0 0 0 1 0 0 0 0 0 0 0 0 0 0 0 0 0 0 0 0 0 0 0 0 0 0 0 0 0 0 0 0 0 0 0 0 0 0 
0 0 0 0 0 0 -4 0 0 0 0 0 0 0 0 0 0 0 0 0 0 0 0 0 0 0 0 1 0 0 0 0 0 0 0 0 0 0 0 0 
0 0 0 0 0 0 0 0 0 0 0 0 0 0 0 0 0 0 0 0 0 0 0 0 0 0 0 3 0 0 0 0 0 0 0 0 2 0 0 0 
0 0 0 0 0 0 0 0 1 0 0 0 0 0 0 0 0 0 0 0 0 0 0 0 0 0 0 6 0 0 0 0 0 0 0 0 0 0 0 0 
0 0 0 0 0 0 0 0 -1 0 0 0 0 0 0 0 0 1 0 0 0 0 0 0 0 0 0 0 0 1 0 0 0 0 0 0 0 0 0 0 
0 0 0 0 0 0 0 0 3 0 0 0 0 0 0 0 0 0 0 0 0 0 0 0 0 0 0 0 0 1 0 0 0 0 0 0 0 0 0 0 
0 0 0 0 0 0 0 0 0 0 1 1 0 0 0 0 0 0 0 0 0 0 0 0 0 0 0 0 0 0 0 0 0 0 0 0 0 0 0 0 
0 0 0 0 0 0 0 0 0 0 2 0 0 0 0 0 0 0 0 0 0 0 0 0 0 0 0 0 0 0 0 1 2 0 0 0 0 0 0 0 
0 0 0 0 0 0 0 0 0 0 0 0 0 0 0 0 0 0 0 0 0 0 0 0 0 0 0 0 0 0 0 1 0 0 0 0 0 0 0 0 
0 0 0 0 0 0 0 0 0 0 0 0 1 0 0 2 0 0 0 0 0 0 0 0 0 0 0 0 0 0 0 4 0 1 0 0 0 0 0 0 
0 0 0 0 0 0 0 0 0 0 0 0 2 0 0 0 0 0 0 0 0 0 0 0 0 0 0 0 0 0 0 0 0 1 0 0 2 0 0 0 
0 0 0 0 0 0 0 0 0 0 0 0 2 0 0 0 0 0 0 0 0 0 0 0 0 0 0 0 0 0 0 0 0 1 0 0 0 0 0 0 
0 0 0 0 0 0 0 0 0 0 0 0 0 0 1 0 0 3 0 0 0 0 0 0 0 0 0 0 0 0 0 0 0 3 0 0 0 0 0 0 
0 0 0 0 0 0 0 0 0 0 0 0 0 0 0 0 0 0 0 0 0 0 0 0 0 0 0 0 0 0 0 0 0 0 0 1 0 0 4 0 
0 0 0 0 0 0 0 0 0 0 0 0 0 0 4 0 0 0 0 0 0 0 0 0 0 0 0 0 0 0 0 0 0 0 0 -1 0 0 0 0 
0 0 0 0 0 0 0 0 0 0 0 0 0 0 0 0 1 0 0 1 0 0 0 0 0 0 0 0 0 0 0 0 0 0 0 1 0 0 0 0 
0 0 0 0 0 0 0 0 0 0 0 0 0 0 0 0 2 0 0 0 0 0 0 0 0 0 0 0 0 0 0 0 0 0 0 0 0 1 0 0 
0 0 0 0 0 0 0 0 0 0 0 0 0 0 0 0 8 0 0 0 0 0 0 0 0 2 0 0 0 0 0 0 0 0 0 0 0 -1 0 0 
0 0 0 0 0 0 0 0 0 0 0 0 0 0 0 0 0 0 1 0 0 0 0 0 0 0 0 0 0 0 0 0 0 0 0 0 0 4 0 0 
0 0 0 0 0 0 1 0 0 0 0 0 0 0 0 0 0 0 1 0 0 0 0 0 0 0 0 0 0 0 0 0 0 0 0 0 0 0 0 1 
0 0 3 0 0 0 0 0 0 0 0 0 0 0 0 0 0 0 4 0 0 0 0 0 0 0 0 0 0 1 0 0 0 0 0 0 0 0 0 2 
0 0 0 0 0 0 0 0 0 0 0 0 0 0 0 0 0 0 0 0 0 1 0 0 0 0 0 0 0 0 0 0 0 0 0 0 0 0 0 0 
0 0 0 0 0 0 0 0 0 0 0 0 0 0 0 0 0 0 0 0 -1 0 0 0 0 0 0 0 0 0 0 0 0 0 0 0 0 0 0 0 
0 0 0 1 0 0 0 0 0 0 0 0 0 0 0 0 0 0 0 0 0 0 0 0 0 0 0 0 0 0 0 0 0 0 0 0 0 0 0 0 
0 2 0 0 0 0 0 0 0 0 0 0 0 0 0 0 0 0 0 0 0 0 0 0 1 0 0 0 0 0 0 0 0 0 0 0 0 0 0 0 
0 0 0 0 0 0 0 0 0 0 0 0 0 0 0 0 0 0 0 0 0 0 3 0 0 0 0 0 1 0 0 0 0 0 0 0 0 0 0 0 
0 0 0 0 0 1 4 0 0 0 0 0 0 0 0 0 0 0 0 0 0 0 4 0 0 0 0 0 0 0 0 0 0 0 0 0 0 0 0 0 
0 0 0 2 0 0 0 0 0 2 0 0 0 0 0 0 0 0 0 0 0 0 0 0 0 0 1 8 0 0 0 0 0 0 0 0 0 0 0 0 
0 0 0 8 0 0 0 0 0 0 0 0 0 0 0 0 0 0 0 0 0 0 0 0 1 0 0 0 0 0 0 0 0 6 0 0 0 0 0 0 
0 0 0 0 0 0 0 1 0 0 0 0 0 0 0 0 0 0 6 0 0 0 0 0 0 0 0 0 0 0 0 0 0 0 0 0 0 0 0 0 
0 0 0 0 0 -3 0 0 0 0 0 0 0 0 6 0 0 0 0 0 0 0 0 0 0 0 0 0 1 0 0 0 0 0 0 0 0 0 0 6 
0 0 0 0 0 0 0 0 0 0 0 0 0 0 0 0 0 0 0 0 0 0 0 0 0 0 -4 0 0 0 0 0 0 0 0 2 0 0 0 0 
0 0 0 0 0 0 0 0 0 1 0 0 0 0 0 0 0 0 0 0 0 0 0 0 0 0 6 0 0 0 0 0 0 0 0 0 0 0 0 0 
0 0 0 0 0 0 0 -2 0 0 0 0 0 0 0 0 3 0 0 0 0 0 0 0 0 0 0 0 0 0 1 0 0 0 0 0 0 0 0 0 
0 0 0 0 0 0 0 9 0 0 0 0 0 0 0 0 0 0 0 0 0 0 0 0 0 0 0 0 -3 0 0 0 0 0 0 0 0 1 0 0 
0 0 0 0 0 0 0 0 0 0 0 1 0 0 0 0 0 0 0 0 0 0 0 0 0 0 0 0 3 0 0 0 0 0 0 0 0 0 0 0 
0 0 0 0 0 0 0 0 0 0 0 0 0 0 0 0 0 0 0 0 0 0 0 1 0 0 0 0 0 0 0 0 1 0 0 0 0 0 0 0 
0 0 0 0 0 0 0 0 0 0 0 0 0 0 0 0 0 0 0 0 0 0 0 0 0 0 0 0 0 0 1 0 0 0 0 0 0 0 0 0 
0 0 0 0 1 0 0 0 0 0 0 0 0 1 0 0 0 0 0 0 0 0 0 0 0 0 0 0 0 0 0 0 0 0 0 0 0 0 0 0 
0 0 0 0 0 0 0 0 0 0 0 2 0 0 0 0 0 0 0 0 0 0 0 0 0 2 0 0 0 0 0 0 0 0 1 0 0 0 0 0 
0 0 0 0 0 0 0 0 0 0 0 0 0 0 0 0 0 0 0 0 0 0 0 0 0 0 0 0 0 0 0 0 1 0 0 0 0 0 0 0 
0 0 0 0 0 0 3 0 0 0 0 0 0 0 0 1 0 0 0 0 0 0 0 0 0 0 0 0 0 0 0 0 0 0 0 0 0 0 0 0 
0 0 0 0 0 0 0 0 0 0 0 0 0 0 0 0 0 0 0 0 0 0 0 0 0 0 0 4 0 0 0 0 0 0 0 0 1 0 0 0 
0 0 0 0 0 0 0 0 0 0 0 0 0 0 0 0 0 0 0 0 0 0 0 0 0 0 0 0 0 0 0 0 0 0 -1 0 0 0 0 0 
0 0 0 0 0 0 0 0 0 0 0 1 0 0 0 0 0 1 0 0 0 0 0 0 0 0 0 0 0 0 0 0 0 0 4 0 0 0 0 0 
0 0 0 0 0 0 0 0 0 0 0 0 0 0 0 1 0 0 0 0 0 0 0 0 0 0 0 0 0 0 0 0 0 0 0 1 0 0 1 2 
0 0 0 0 0 0 0 0 0 0 0 0 0 0 0 2 0 0 0 0 0 0 0 0 0 0 0 0 0 0 0 0 0 0 0 0 -3 0 0 0 
0 0 0 0 0 0 0 0 0 0 0 0 0 0 0 0 1 0 0 1 1 0 0 0 0 0 0 0 0 0 0 0 0 0 0 0 1 0 0 0 
0 0 0 0 0 0 0 0 0 0 0 0 0 0 0 0 0 -2 0 0 0 0 0 0 0 0 0 0 0 0 0 0 0 0 0 0 0 1 0 0 
1 0 0 0 0 0 0 0 0 0 0 0 0 0 0 0 0 0 0 0 0 0 0 0 0 0 0 0 0 0 0 0 0 0 0 0 0 0 -1 0 
0 0 0 0 0 0 0 0 0 0 0 0 0 0 0 0 0 0 1 0 0 1 0 0 0 0 0 0 0 0 0 0 0 0 0 0 0 0 0 0 
0 0 0 0 0 0 0 0 0 0 0 0 0 0 0 0 0 0 0 -2 0 0 0 0 0 0 0 0 0 0 0 0 0 0 0 0 0 0 0 0 
0 1 1 0 0 0 0 0 0 0 0 0 0 0 0 0 0 0 0 0 0 0 0 0 0 0 0 0 0 0 0 0 0 0 0 0 0 0 0 0 
1 0 0 0 0 0 0 0 0 0 0 0 0 0 0 0 0 0 0 0 0 0 1 1 0 0 0 0 0 0 0 0 0 0 0 0 0 0 0 0 
0 0 0 0 0 0 0 0 0 0 0 0 0 0 0 0 0 0 0 0 0 2 0 0 0 0 0 0 0 0 0 0 0 0 0 0 0 0 0 0 
0 0 0 2 1 0 0 0 0 0 0 0 0 0 0 0 0 0 0 0 0 0 0 0 0 0 0 0 0 0 0 0 0 0 0 0 0 0 0 0 
0 0 1 0 0 0 0 0 0 0 0 0 0 0 0 0 0 0 0 0 0 0 0 0 0 1 6 0 0 0 0 0 0 0 0 0 0 0 0 0 
0 0 12 0 3 0 0 0 0 0 0 0 0 0 0 0 0 0 0 0 0 0 0 0 0 0 0 0 0 0 0 0 0 0 0 0 0 0 0 0 
0 0 0 0 0 0 1 2 0 0 0 0 0 0 0 0 0 0 0 0 0 0 0 4 0 1 0 0 0 0 0 0 0 0 0 0 0 0 0 0 
0 0 0 0 1 0 0 0 0 0 0 0 0 0 0 0 0 0 0 0 0 0 0 0 0 0 0 1 1 0 0 0 0 0 0 0 0 0 0 0 
0 0 0 0 4 0 1 0 0 0 0 0 0 0 0 0 0 0 0 0 0 0 0 0 0 0 0 0 0 0 0 0 0 0 0 0 0 0 0 0 
0 0 0 0 0 0 0 0 1 1 0 0 0 0 0 0 0 0 0 0 0 0 0 0 0 4 0 0 0 0 0 0 0 0 1 0 0 0 0 0 
0 0 0 0 0 0 1 0 0 0 0 0 0 0 0 0 0 0 0 0 0 0 0 0 0 0 0 0 0 1 1 0 0 0 0 0 0 0 0 0 
0 0 0 0 0 0 4 0 0 0 0 0 0 0 0 1 0 0 0 0 0 0 0 0 0 0 0 2 0 0 0 0 0 0 0 0 0 0 0 0 
0 0 0 0 0 0 0 0 0 0 1 2 0 0 0 0 0 0 0 0 0 0 0 0 0 0 0 8 0 0 0 0 0 0 0 0 0 2 0 0 
0 0 0 0 0 0 0 0 0 0 0 0 0 0 0 0 0 0 0 0 0 0 0 0 0 0 0 0 0 0 0 1 1 0 0 0 0 0 0 0 
0 0 0 0 0 0 0 0 3 0 0 0 0 0 0 0 0 0 1 0 0 0 0 0 0 0 0 0 0 1 0 0 0 0 0 0 0 0 0 0 
0 0 0 0 0 0 0 0 0 0 0 0 1 3 0 0 0 0 0 0 0 0 0 0 0 0 0 0 0 6 0 0 0 0 0 0 0 0 0 2 
0 0 0 0 0 0 0 0 0 0 1 0 0 0 0 0 0 0 0 0 0 0 0 0 0 0 0 0 0 0 0 0 0 1 2 0 0 0 0 0 
0 0 0 0 0 0 0 0 0 0 2 0 0 0 0 0 0 0 0 0 0 0 0 0 0 0 0 0 0 0 0 0 0 0 0 0 0 0 0 0 
0 0 0 0 0 0 0 0 0 0 0 0 0 0 1 2 0 0 0 0 0 0 0 0 0 0 0 0 0 0 0 2 0 0 0 0 0 0 0 0 
0 0 0 0 0 0 0 0 0 0 0 0 1 0 0 0 0 0 0 0 0 0 0 0 0 0 0 0 0 0 0 0 0 0 0 1 3 0 0 0 
0 0 0 0 0 0 0 0 0 0 0 0 3 0 0 0 0 0 0 0 0 0 0 0 0 0 0 0 0 0 0 0 0 0 0 0 0 0 0 0 
0 0 0 0 0 0 0 0 0 0 0 0 0 0 0 0 1 3 0 0 0 0 0 0 0 0 0 0 0 0 0 0 0 3 0 0 0 0 0 0 
0 0 0 0 0 0 0 0 0 0 0 0 0 0 -1 0 0 0 0 0 0 0 0 0 0 0 0 0 0 0 0 0 0 0 0 0 0 1 4 0 
0 0 0 0 0 0 0 0 0 0 0 0 0 0 4 0 0 0 0 0 0 0 0 0 0 0 0 0 0 0 0 0 0 0 0 -1 0 0 0 0 
0 0 0 0 0 0 0 0 0 0 0 0 0 0 0 0 0 0 2 2 0 0 0 0 0 0 0 0 0 0 0 0 0 0 0 2 0 0 0 0 
0 0 0 0 0 0 0 0 0 0 0 0 0 0 0 0 4 0 0 0 0 0 0 0 0 0 0 0 0 0 0 0 0 0 0 0 0 0 0 3 
4 0 0 0 0 0 0 0 0 0 0 0 0 0 0 0 4 0 0 0 0 0 0 0 0 0 0 0 0 0 0 0 0 0 0 0 0 5 0 0 
0 0 0 0 0 0 0 0 0 0 0 0 0 0 0 0 0 0 0 0 1 1 0 0 0 0 0 0 0 0 0 0 0 0 0 0 0 1 0 0 
0 0 0 0 0 0 0 0 0 0 0 0 0 0 0 0 0 0 1 0 0 0 0 0 0 0 0 0 0 0 0 0 0 0 0 0 0 0 0 0 
0 1 1 0 0 0 0 0 0 0 0 0 0 0 0 0 0 0 1 0 0 0 0 0 0 0 0 0 0 0 0 0 0 0 0 0 0 0 0 2 
0 0 0 0 0 0 0 0 1 0 0 0 0 0 0 0 0 0 0 0 0 0 1 1 0 0 0 0 0 0 0 0 0 0 0 0 0 0 0 4 
0 0 0 0 0 0 0 0 0 0 0 0 0 0 0 0 0 0 0 0 0 0 0 0 0 0 0 0 0 0 0 0 0 0 0 0 0 0 0 0 
0 0 0 1 0 0 0 0 0 0 0 0 0 0 0 0 0 0 0 0 4 0 1 0 0 0 0 0 0 0 0 0 0 0 0 0 0 0 0 0 
0 0 0 0 0 0 0 0 0 0 0 0 0 0 0 0 0 0 0 0 0 0 0 0 1 0 0 0 0 0 0 0 0 0 0 0 0 0 0 0 
0 0 0 0 0 0 0 0 0 0 1 0 0 0 0 0 0 0 0 0 0 0 0 0 0 0 0 0 0 0 0 2 0 0 0 0 0 0 0 0 
0 0 0 0 0 1 0 0 0 0 0 0 0 0 0 0 2 0 0 0 0 0 0 0 0 0 0 0 0 0 0 2 0 0 0 0 0 0 0 0 
0 0 0 1 0 0 0 0 0 0 0 0 1 0 0 0 0 0 0 0 0 0 0 0 0 0 1 0 0 0 0 0 0 0 0 0 0 1 0 0 
0 0 0 0 0 0 0 0 0 0 0 0 1 0 0 0 0 0 0 0 0 0 0 0 2 0 0 0 0 0 0 0 0 0 0 0 0 0 0 0 
0 0 0 0 0 0 0 1 0 0 0 0 0 0 0 0 0 0 0 0 0 0 0 0 8 0 0 0 0 0 0 0 0 2 0 0 0 0 0 0 
0 0 0 0 0 -1 0 0 0 0 0 0 0 0 0 0 0 0 0 0 0 0 0 0 0 0 0 0 1 0 0 0 0 0 0 0 0 0 0 0 
0 0 0 0 0 8 0 0 0 0 0 0 0 0 2 0 0 0 0 0 0 0 0 0 0 0 -2 0 0 0 0 0 0 0 0 0 0 0 0 0 
0 0 0 0 0 0 0 0 0 1 0 0 0 0 0 0 0 0 0 0 0 0 0 0 0 0 4 0 0 0 0 0 0 0 0 1 0 0 0 0 
0 0 0 0 0 0 0 0 0 0 0 0 0 0 0 0 0 0 0 0 0 0 0 0 0 0 0 0 0 0 1 0 0 0 0 0 0 0 0 0 
0 0 0 0 0 0 0 4 0 0 0 0 0 0 0 0 1 0 0 0 0 0 0 0 0 0 0 0 1 0 0 0 0 0 0 0 0 0 0 0 
0 0 0 0 0 0 0 0 0 0 0 1 0 0 0 0 0 0 0 0 0 0 0 0 0 0 0 0 3 0 0 0 0 0 0 0 0 0 1 0 
0 0 0 0 0 0 0 0 0 1 0 0 0 0 0 0 0 0 0 0 0 0 0 0 0 0 0 0 0 0 0 0 1 3 0 0 0 0 0 0 
0 0 0 0 0 0 0 0 0 4 0 0 0 0 0 0 0 0 0 0 1 0 0 0 0 0 0 0 0 0 2 0 0 0 0 0 0 0 0 0 
0 0 0 0 0 0 0 0 0 0 0 0 0 0 2 0 0 0 0 0 0 0 0 0 0 0 0 0 0 0 0 0 0 0 0 0 0 0 0 0 
0 0 0 0 0 0 0 0 0 0 0 0 0 0 0 0 1 0 0 0 0 0 0 0 0 0 0 0 0 0 0 0 0 0 0 2 0 0 0 0 
0 0 0 0 0 0 0 0 0 0 0 4 0 0 0 0 0 0 0 0 0 0 0 0 0 0 0 0 0 0 0 0 -1 0 0 0 0 1 0 0 
0 0 0 0 0 0 0 0 0 0 0 0 0 0 0 0 3 0 0 0 0 0 0 0 0 0 0 0 0 0 0 0 4 0 0 0 0 0 0 0 
0 0 0 0 0 0 0 0 0 0 0 0 0 0 0 0 0 0 1 0 0 0 0 0 0 0 0 0 0 0 0 0 0 0 0 0 0 1 0 0 
0 0 0 0 0 0 0 0 0 0 0 0 0 4 0 0 0 0 0 0 0 0 0 0 0 0 0 0 0 0 0 0 0 0 -2 0 0 0 0 0 
2 0 0 0 0 0 0 0 0 0 0 0 0 0 0 0 0 0 1 0 0 0 0 0 0 0 0 0 0 0 0 0 0 0 4 0 0 0 0 0 
0 0 0 0 0 0 0 0 0 0 0 0 0 0 0 -1 0 0 0 0 0 0 0 0 1 0 0 0 0 0 0 0 0 0 0 0 0 0 0 1 
0 0 0 0 0 0 0 0 0 1 0 0 0 0 0 0 0 0 0 0 0 0 0 0 0 0 0 0 0 0 0 0 0 0 0 0 0 0 0 0 
0 0 0 0 0 1 0 0 0 0 0 0 0 0 0 0 0 0 0 0 1 0 0 0 0 0 0 0 0 0 0 0 0 0 0 0 3 0 0 0 
0 0 0 0 0 0 0 0 0 0 0 0 0 0 0 0 0 -1 0 0 0 0 0 0 0 0 0 0 0 0 1 0 0 0 0 0 0 0 0 0 
0 2 0 0 0 0 0 0 0 0 0 0 0 0 0 0 0 0 0 0 0 0 0 0 0 0 0 0 0 0 0 0 0 0 0 0 0 0 -1 0 
0 0 0 0 0 0 0 0 0 0 0 1 0 0 0 0 0 0 0 0 0 0 3 0 0 0 0 0 0 0 0 0 0 0 0 0 0 0 0 0 
0 0 0 0 0 0 0 0 0 0 0 0 0 0 0 0 0 0 0 0 0 0 0 0 0 0 0 0 0 0 0 0 1 0 0 0 0 0 0 0 
0 0 0 1 0 0 0 0 0 0 0 0 0 0 0 0 0 0 0 0 0 0 0 0 0 0 0 0 0 0 0 0 0 0 0 0 0 0 0 0 
-2 0 0 0 0 0 0 0 0 0 0 0 0 0 0 0 0 1 0 0 0 0 0 0 2 0 0 0 0 0 0 0 0 0 0 0 0 0 0 0 
4 0 0 0 0 0 0 0 0 0 0 0 0 0 0 0 0 0 0 0 0 0 0 0 0 0 0 0 0 0 0 0 0 0 0 0 0 0 1 0 
0 0 0 0 0 1 0 0 0 0 0 0 0 0 0 0 0 0 0 0 0 4 0 0 0 0 0 0 0 0 0 0 0 0 0 0 0 0 0 0 
0 0 -1 0 0 0 0 0 0 0 0 0 0 0 0 0 0 0 0 1 0 0 0 0 0 0 2 0 0 0 0 0 0 0 0 0 0 0 0 0 
0 0 7 0 1 0 0 0 0 0 0 0 0 0 0 0 0 0 0 0 0 0 0 -1 0 0 0 0 0 0 0 0 0 0 0 0 0 0 0 0 
1 0 0 0 0 0 0 1 0 0 0 0 0 0 0 0 0 0 0 0 0 0 0 7 0 1 0 0 0 0 0 0 0 0 0 0 0 0 0 0 
0 0 0 0 -2 0 0 0 0 0 0 0 0 0 0 0 0 0 0 0 0 0 0 0 1 0 0 0 2 0 0 0 0 0 0 0 0 0 0 0 
0 0 0 0 0 0 0 0 0 0 0 0 0 0 0 0 0 0 0 0 0 0 0 0 0 -2 0 0 0 0 0 0 0 0 0 0 0 0 0 0 
0 0 0 0 0 1 0 0 0 3 0 0 0 0 0 0 0 0 0 0 0 0 0 0 0 0 0 0 0 0 0 0 0 0 0 0 0 0 0 0 
0 0 0 0 0 0 -1 0 0 0 0 0 0 0 0 0 0 0 0 0 0 0 0 0 0 0 1 0 0 0 4 0 0 0 0 0 0 0 0 0 
0 0 0 0 0 0 0 0 0 0 0 0 0 0 0 0 0 0 0 0 0 0 0 0 0 0 0 0 0 0 0 0 0 0 0 0 0 0 0 0 
0 0 0 0 0 0 0 1 0 0 0 5 0 0 0 0 0 0 0 0 0 0 0 0 0 0 0 0 0 0 0 0 0 0 0 0 0 0 0 0 
0 0 0 0 0 0 0 0 1 0 0 0 0 0 0 0 0 0 0 0 0 0 0 0 0 0 0 0 1 0 0 0 6 0 0 0 0 0 0 0 
0 0 0 0 0 0 0 0 0 0 0 0 0 0 0 0 0 0 0 0 0 0 0 0 0 0 0 0 0 2 0 0 0 0 0 0 0 0 0 0 
0 0 0 0 0 0 0 0 0 1 0 0 0 1 0 0 0 0 0 0 0 0 0 0 0 0 0 0 0 0 0 0 0 0 0 0 0 0 0 0 
0 0 0 0 0 0 0 0 0 0 -3 0 0 0 0 0 0 0 0 0 0 0 0 0 0 0 0 0 0 0 0 0 1 0 1 0 0 0 0 0 
0 0 0 0 0 0 0 0 0 0 0 0 0 0 0 0 0 0 0 0 0 0 0 0 0 0 0 0 0 0 0 0 0 0 0 0 0 0 0 0 
0 0 0 0 0 0 0 0 0 0 0 0 0 2 0 1 0 0 0 0 0 0 0 0 0 0 0 0 0 0 0 0 0 0 0 0 0 0 0 0 
0 0 0 0 0 0 0 0 0 0 0 0 -1 0 0 0 0 0 0 0 0 6 0 0 0 0 0 0 0 0 0 0 0 0 0 1 2 0 0 0 
0 0 0 0 0 0 6 0 0 0 0 0 0 0 0 0 0 0 0 0 0 0 0 0 0 0 0 0 0 0 0 0 0 -2 0 0 0 0 0 0 
0 0 6 0 0 0 0 0 0 0 0 0 0 0 0 0 1 1 0 0 0 0 0 0 0 0 0 6 0 0 0 0 0 0 0 0 0 0 0 0 
0 0 0 0 0 0 0 0 0 0 0 0 0 0 -3 0 0 0 0 0 0 0 0 0 0 0 0 0 0 0 0 0 0 0 0 0 0 0 1 0 
0 1 0 0 0 0 0 0 0 0 0 0 0 0 3 0 0 0 0 0 0 0 0 0 0 0 0 0 0 0 0 0 0 0 0 0 0 0 0 0 
0 0 0 0 0 0 0 0 0 0 0 0 0 0 0 0 0 0 0 3 0 0 0 1 0 0 0 0 0 0 0 0 0 0 0 0 0 0 0 0 
0 0 0 0 0 0 0 0 0 0 0 0 0 0 0 0 -1 0 0 0 0 0 0 0 0 0 0 0 0 0 0 0 0 0 0 0 0 0 0 0 
4 0 0 0 1 0 0 0 0 0 0 0 0 0 0 0 0 0 0 0 0 0 0 0 0 0 0 0 0 0 0 0 0 0 0 0 0 0 0 0 
0 0 0 0 0 0 0 0 0 0 0 0 0 0 0 0 0 0 0 0 0 2 0 0 0 0 0 0 0 0 1 0 0 0 0 0 0 4 0 0 
0 0 0 0 0 0 0 0 0 0 0 0 0 0 0 0 0 0 0 0 0 0 0 0 0 0 0 0 0 0 0 0 0 0 0 0 0 0 0 0 
0 0 1 0 0 0 0 0 0 0 0 1 0 0 0 0 0 0 4 0 0 0 0 0 0 0 0 0 0 0 0 0 0 0 0 0 0 0 0 -1 
0 0 0 0 0 0 0 0 0 0 0 0 0 0 0 0 0 0 0 0 0 0 0 2 0 0 0 0 0 0 0 0 0 0 0 0 6 0 0 19 
0 0 0 0 0 0 0 0 0 0 0 0 0 0 0 0 0 0 0 0 -6 0 0 0 0 0 0 0 0 0 0 0 0 0 0 0 0 0 0 0 
0 0 0 0 3 0 0 0 0 0 0 0 0 0 0 0 0 6 0 0 19 0 0 0 0 0 0 0 0 0 0 0 0 0 0 0 0 0 0 0 
0 -5 0 0 0 0 0 0 0 0 0 0 0 0 0 0 0 0 0 0 0 0 0 0 0 1 0 0 0 0 0 0 0 0 0 0 0 0 6 0 
0 19 0 0 0 0 0 0 0 0 0 0 0 0 0 0 0 0 0 0 0 0 -7 0 0 0 0 0 0 0 0 0 0 0 0 0 0 0 0 0 
0 0 0 0 0 0 2 0 0 0 0 0 0 0 0 0 0 0 0 0 0 0 0 1 0 0 0 0 0 0 0 0 0 0 0 0 0 0 0 0 
0 0 0 0 0 0 0 0 0 0 0 0 0 0 0 0 0 0 0 0 0 0 0 0 0 0 0 1 0 0 0 0 0 0 0 0 0 0 0 0 
0 0 0 0 1 0 0 0 0 0 0 0 0 0 0 0 0 0 0 0 0 0 0 0 -1 0 0 0 0 0 0 0 0 0 0 0 0 0 0 0 
0 0 0 0 0 0 0 0 2 0 0 0 0 0 0 0 0 0 0 0 0 0 0 0 4 0 1 0 0 0 0 0 0 0 0 0 0 0 0 0 
0 0 0 0 0 -1 0 0 0 0 0 0 0 0 0 0 0 0 0 0 0 0 0 0 0 0 0 0 0 3 0 0 0 0 0 0 0 0 0 0 
0 0 0 0 0 4 0 1 0 0 0 0 0 0 0 0 0 0 0 0 0 0 0 0 0 0 0 0 0 0 0 0 0 0 0 0 0 0 0 0 
0 0 0 0 0 0 0 0 0 0 1 0 0 0 0 0 0 0 0 0 0 0 0 0 0 0 7 0 2 0 0 0 0 0 0 0 0 0 0 0 
0 0 0 0 0 0 0 -3 0 0 0 0 0 0 0 0 0 0 0 0 0 0 0 0 0 0 0 0 0 0 0 1 0 0 0 0 0 0 0 0 
0 0 0 0 0 0 0 4 0 1 0 0 0 0 0 0 0 0 0 0 0 0 0 0 0 0 0 0 -2 0 0 0 0 0 0 0 0 0 0 0 
0 0 0 0 0 0 0 0 0 0 0 0 2 0 0 0 0 0 0 0 0 0 0 0 0 0 0 0 0 0 0 0 0 0 1 0 0 0 0 0 
0 0 0 0 0 0 0 0 0 0 0 0 0 0 0 0 0 0 0 0 0 0 0 0 0 0 0 0 0 0 0 0 0 1 0 0 0 0 0 0 
0 0 0 0 0 0 0 0 0 0 0 0 0 0 0 1 0 0 0 0 0 0 0 0 0 0 0 0 0 0 -1 0 0 0 0 0 0 0 0 0 
0 0 0 0 0 0 0 0 0 0 0 0 0 0 2 0 0 0 0 0 0 0 0 0 0 0 0 0 0 0 0 0 0 0 0 0 0 0 0 1 
0 0 0 0 0 0 0 0 0 0 0 0 0 0 0 0 0 0 0 0 0 0 0 0 0 0 0 0 0 0 0 0 0 0 0 1 0 0 0 0 
0 0 0 0 0 0 0 0 0 0 0 0 0 0 0 0 0 0 0 0 1 0 0 0 0 0 0 0 0 0 0 0 -1 0 0 0 0 0 0 0 
0 0 0 0 0 0 0 0 0 0 0 0 0 0 0 0 1 0 0 0 0 0 0 0 0 0 0 0 0 0 0 0 3 0 0 0 0 0 0 0 
0 1 0 0 0 0 0 0 0 0 0 0 0 -1 0 0 0 0 0 0 0 0 0 0 0 0 0 0 0 0 0 0 0 0 0 0 0 1 0 0 
0 0 0 0 0 0 0 0 0 0 0 0 0 4 0 0 0 0 0 0 0 0 1 0 0 0 0 0 0 0 0 0 0 0 -1 0 0 0 0 0 
0 0 0 0 0 0 0 0 0 0 0 0 0 0 0 0 0 0 2 0 0 0 0 0 0 0 0 0 0 0 0 0 0 0 0 0 0 0 0 0 
0 0 0 0 1 0 0 0 0 0 0 0 0 0 0 0 0 0 0 0 0 0 0 0 0 0 0 0 0 0 0 0 0 0 0 0 0 0 0 1 
0 0 0 0 0 0 0 0 0 0 0 0 0 0 0 0 0 0 0 0 0 0 0 0 0 1 0 0 0 0 0 0 0 0 0 0 -1 0 0 0 
0 0 0 0 0 0 0 0 0 0 0 0 0 0 0 0 0 0 0 0 2 0 0 0 0 0 0 0 0 0 0 0 0 0 0 0 3 0 0 0 
0 0 0 0 0 0 1 0 0 0 0 0 0 0 0 0 0 0 0 0 0 0 0 0 0 0 0 0 0 0 0 0 0 0 0 0 0 0 0 0 
0 1 0 0 0 0 0 0 0 0 0 0 0 0 0 0 0 3 0 0 0 0 0 0 0 0 0 1 0 0 0 0 0 0 0 0 0 0 -1 0 
0 0 0 0 0 0 0 0 0 0 0 0 0 0 0 0 0 0 0 0 0 0 1 0 0 0 0 0 0 0 0 0 0 0 0 0 0 0 4 0 
0 0 0 0 0 0 0 0 1 0 0 0 0 0 0 0 0 0 0 -1 0 0 0 0 0 0 0 0 0 0 0 0 0 0 0 0 0 0 0 0 
0 0 0 1 0 0 0 0 0 0 0 0 0 0 0 0 0 0 0 0 0 0 0 0 0 0 0 0 0 4 0 0 0 0 0 0 0 0 0 0 
-1 0 0 0 0 0 0 0 0 0 0 0 0 0 0 0 0 0 0 0 0 0 0 0 0 1 0 0 0 0 0 0 0 0 0 0 0 0 0 0 
0 0 0 0 0 0 0 0 0 0 0 0 0 0 0 0 0 0 0 0 0 0 0 0 0 0 0 0 0 0 0 0 0 0 0 0 0 0 0 0 
0 0 0 0 0 0 1 0 0 0 0 0 0 0 0 0 0 0 0 0 0 0 0 0 0 0 0 0 0 0 0 0 0 0 0 0 0 0 0 0 
0 0 2 0 0 0 0 0 0 0 0 1 0 0 0 0 0 0 0 0 0 0 0 0 0 0 0 1 0 0 0 0 0 0 0 0 0 0 0 0 
0 0 3 0 0 0 0 0 0 0 0 0 0 0 0 0 0 0 0 0 0 0 0 0 0 0 0 0 0 0 0 0 0 1 0 0 0 0 0 0 
0 0 0 1 0 0 0 2 1 0 0 0 0 0 0 0 0 0 0 0 0 0 0 2 0 0 0 0 0 0 0 0 0 0 0 0 0 0 0 0 
0 0 0 0 -2 0 0 0 0 0 0 0 0 0 0 0 0 0 1 0 0 0 0 0 0 0 0 0 0 1 0 0 0 0 0 0 0 0 0 0 
0 0 0 0 0 0 0 0 0 0 0 0 0 0 0 0 0 0 0 0 0 0 0 0 0 1 0 0 0 0 0 0 0 0 0 0 0 0 0 2 
0 0 0 0 0 0 0 0 0 0 1 0 0 0 0 0 0 0 0 0 0 0 0 0 0 0 0 0 0 0 0 0 0 0 0 0 0 0 0 0 
0 0 0 0 0 0 0 0 0 0 0 0 0 0 0 0 0 0 0 0 3 0 0 0 0 0 0 0 0 0 0 1 0 0 0 0 0 0 0 0 
0 0 0 0 0 0 0 0 0 0 0 0 0 0 0 0 0 0 0 0 0 0 0 0 0 0 0 -1 0 0 0 0 0 0 0 0 0 0 0 0 
0 4 0 0 0 0 0 0 0 0 0 0 1 0 0 0 0 0 0 0 0 0 0 0 0 0 0 0 0 0 0 0 0 0 0 0 0 0 0 0 
0 0 0 0 0 0 0 0 -2 0 0 0 0 0 0 0 0 0 0 0 0 0 0 0 0 0 0 0 1 0 0 0 1 1 0 0 0 0 0 0 
0 0 0 0 0 0 0 0 1 0 0 0 0 0 0 0 0 0 0 0 0 0 0 0 0 0 0 0 0 -3 0 0 0 0 0 0 0 0 0 0 
0 0 0 0 0 0 0 0 0 1 0 0 0 0 1 0 0 0 0 0 0 0 0 0 0 0 0 0 0 0 0 0 0 0 0 0 0 0 0 0 
0 0 0 0 0 0 0 0 0 0 -2 0 0 0 0 0 0 0 0 1 0 0 0 0 0 0 0 0 0 0 0 0 0 0 1 1 0 0 0 0 
0 0 0 0 0 0 0 0 0 0 3 0 0 0 0 0 0 0 0 0 0 0 0 0 0 0 0 0 0 0 0 1 0 0 0 0 0 0 0 0 
0 0 0 0 0 0 0 0 0 0 0 0 0 0 0 1 1 0 0 0 0 0 0 0 0 0 0 0 0 0 0 4 0 1 0 0 0 0 0 0 
0 0 0 0 0 0 0 0 0 0 0 0 0 0 0 0 0 0 0 0 0 0 0 0 0 0 0 0 0 0 0 0 0 0 0 0 2 1 0 0 
0 0 0 0 0 0 0 0 0 0 0 0 0 0 0 0 0 0 0 0 0 2 0 0 0 0 0 0 0 0 0 0 0 0 0 0 0 0 0 0 
0 0 0 0 0 0 0 0 0 0 0 0 0 0 0 0 0 0 2 0 0 0 0 0 0 0 0 0 0 0 0 0 0 0 0 0 0 0 0 0 
0 0 0 0 0 0 0 0 0 0 0 0 0 0 2 0 0 0 0 0 0 0 0 0 0 0 0 0 0 0 0 0 0 0 0 0 0 0 1 2 
0 0 0 0 0 0 0 0 0 0 0 0 0 0 1 0 0 0 0 0 0 0 0 0 0 0 0 0 0 0 0 0 0 0 0 1 0 0 0 0 
0 0 0 0 0 0 0 0 0 0 0 0 0 0 0 0 0 0 0 2 1 0 0 0 0 0 0 0 0 0 0 0 0 0 0 2 0 0 0 0 
0 0 0 0 0 0 0 0 0 0 0 0 0 0 0 0 0 0 0 0 0 0 0 0 0 0 0 0 0 0 0 0 0 0 0 0 0 0 0 0 
3 1 0 0 0 0 0 0 0 0 0 0 0 0 0 0 3 0 0 0 0 0 0 0 0 0 0 0 0 0 0 0 0 0 0 0 0 -1 0 0 
0 0 0 0 0 0 0 0 0 0 0 0 0 0 0 0 0 0 0 0 0 1 1 0 0 0 0 0 0 0 0 0 0 0 0 0 0 1 0 0 
0 0 0 0 0 0 0 0 0 0 0 0 0 0 0 0 0 0 1 0 0 0 0 0 0 0 0 1 0 0 0 0 0 0 0 0 0 0 0 0 
0 0 1 1 0 0 0 0 0 0 0 0 0 0 0 0 0 0 4 0 0 0 0 0 0 0 0 0 0 0 0 0 0 0 0 0 0 0 0 -1 
0 0 0 0 0 0 0 0 0 0 0 0 0 1 0 0 0 0 0 0 0 0 0 1 1 0 0 0 0 0 0 0 0 0 0 0 0 0 0 1 
0 0 0 0 0 0 0 0 0 0 0 0 0 0 0 0 0 0 0 0 0 0 0 0 0 0 0 0 0 0 0 0 0 0 0 0 0 0 0 0 
0 0 0 0 0 1 0 0 0 0 0 0 0 0 0 0 0 0 0 0 4 0 1 0 0 0 0 0 0 0 0 0 0 0 0 0 0 0 0 0 
0 -1 0 0 0 0 0 0 0 0 0 0 0 0 0 0 0 0 0 0 0 0 0 0 0 0 1 0 0 0 0 0 0 0 0 0 0 0 0 0 
0 0 0 0 0 0 0 0 0 0 2 0 0 0 0 0 0 0 0 0 0 0 -2 0 0 0 0 0 0 0 0 0 0 0 0 0 0 0 0 0 
0 0 0 0 0 0 1 1 0 0 0 0 0 0 0 0 0 0 0 0 0 0 0 0 0 0 0 0 0 0 0 2 0 0 0 0 0 0 0 0 
0 0 0 -1 0 0 0 0 0 0 0 0 0 0 0 0 0 0 0 0 0 0 0 0 0 0 0 0 1 0 0 0 0 0 0 0 0 0 0 0 
0 0 0 8 0 0 0 0 0 0 0 0 2 0 0 0 0 0 0 0 0 0 0 0 -2 0 0 0 0 0 0 0 0 0 0 0 0 0 0 0 
0 0 0 0 0 0 0 0 0 1 0 0 0 0 0 0 0 0 0 0 0 0 0 0 4 0 0 0 0 0 0 0 0 1 0 0 0 0 0 0 
0 0 0 0 0 0 0 0 0 0 0 0 0 0 0 0 0 0 0 0 0 0 0 0 0 0 0 0 0 0 0 1 0 0 0 0 0 0 0 0 
0 0 0 0 0 0 0 0 0 0 0 0 0 0 0 0 0 0 0 0 0 0 0 0 0 0 3 0 0 0 0 0 0 0 0 2 0 0 0 0 
0 0 0 0 0 0 0 0 0 0 0 0 1 0 0 0 0 0 0 0 0 0 0 0 0 0 6 0 0 0 0 0 0 0 0 0 0 0 0 0 
0 0 0 0 0 0 0 -1 0 0 0 0 0 0 0 0 1 0 0 0 0 0 0 0 0 0 0 0 0 0 0 0 0 1 0 0 0 0 0 0 
0 0 0 0 0 0 0 3 0 0 0 0 0 0 0 0 0 0 0 0 0 0 0 0 0 0 0 0 1 0 0 0 0 0 0 0 0 0 0 0 
0 0 0 0 0 0 0 0 0 0 1 0 0 0 1 0 0 0 0 0 0 0 0 0 0 0 0 0 0 0 0 0 0 0 0 0 0 0 0 0 
0 0 0 0 0 0 0 0 0 2 0 0 0 0 0 0 0 0 0 0 0 0 0 0 0 0 0 0 0 0 0 2 0 0 0 1 0 0 0 0 
0 0 0 0 0 0 0 0 0 0 0 0 0 0 0 0 0 0 0 0 0 0 0 0 0 0 0 0 0 0 1 0 0 0 0 0 0 0 0 0 
0 0 0 0 0 0 0 0 0 0 0 0 0 0 2 0 1 0 0 0 0 0 0 0 0 0 0 0 0 0 4 0 1 0 0 0 0 0 0 0 
0 0 0 0 0 0 0 0 0 0 0 2 0 0 0 0 0 0 0 0 0 0 0 0 0 0 0 0 0 0 0 0 0 0 0 2 0 1 0 0 
0 0 0 0 0 0 0 0 0 0 0 2 0 0 0 0 0 0 0 0 0 0 0 0 0 0 0 0 0 0 0 0 1 0 0 0 0 0 0 0 
0 0 0 0 0 0 0 0 0 0 0 0 0 0 0 0 3 0 1 0 0 0 0 0 0 0 0 0 0 0 0 0 3 0 0 0 0 0 0 0 
0 0 0 0 0 0 0 0 0 0 0 0 0 0 0 0 0 0 0 0 0 0 0 0 0 0 0 0 0 0 0 0 0 0 0 0 0 4 0 1 
0 0 0 0 0 0 0 0 0 0 0 0 0 4 0 0 0 0 0 0 0 0 0 0 0 0 0 0 0 0 0 0 0 0 -1 0 0 0 0 0 
0 0 0 0 0 0 0 0 0 0 0 0 0 0 0 0 0 0 1 0 1 0 0 0 0 0 0 0 0 0 0 0 0 0 1 0 0 0 0 0 
0 0 0 0 0 0 0 0 0 0 0 0 0 0 0 2 0 0 0 0 0 0 0 0 0 0 0 0 0 0 0 0 0 0 0 0 0 0 0 0 
0 1 0 0 0 0 0 0 0 0 0 0 0 0 0 8 0 0 0 0 0 0 0 0 2 0 0 0 0 0 0 0 0 0 0 0 -1 0 0 0 
0 0 0 0 0 0 0 0 0 0 0 0 0 0 0 0 0 0 0 0 0 0 1 0 0 0 0 0 0 0 0 0 0 0 0 0 4 0 0 0 
0 0 0 0 0 1 0 0 0 0 0 0 0 0 0 0 0 1 0 0 0 0 0 0 0 0 0 0 0 0 0 0 0 0 0 0 0 0 0 0 
0 3 0 1 0 0 0 0 0 0 0 0 0 0 0 0 0 4 0 0 0 0 0 0 0 0 0 0 1 0 0 0 0 0 0 0 0 0 2 0 
0 0 0 0 0 0 0 0 0 0 0 0 0 0 0 0 0 0 0 0 0 0 0 0 0 1 0 0 0 0 0 0 0 0 0 0 0 0 0 0 
0 0 0 0 0 0 0 0 0 0 0 0 0 0 0 0 0 0 0 -1 0 0 0 0 0 0 0 0 0 0 0 0 0 0 0 0 0 0 0 0 
0 0 0 0 0 0 2 0 0 0 0 0 0 0 0 0 0 0 0 0 0 0 0 0 0 0 0 0 0 0 0 0 0 0 0 0 0 0 0 0 
0 0 0 0 0 0 0 0 0 0 0 0 0 0 0 0 0 0 0 0 0 0 0 0 0 0 0 3 0 0 0 0 0 0 0 0 0 0 0 0 
0 0 0 0 0 0 0 0 0 0 0 0 0 0 0 0 0 0 0 0 0 -1 0 0 0 0 0 0 0 0 0 0 0 0 0 0 0 0 0 0 
0 0 0 0 0 0 0 0 1 0 0 0 0 0 0 0 0 0 0 0 0 3 0 0 0 0 0 0 0 0 0 0 0 0 0 0 0 0 0 0 
0 0 -1 0 0 0 0 0 0 0 0 0 0 0 0 0 0 0 0 0 0 0 0 0 0 0 0 0 0 0 0 1 0 0 0 0 0 0 0 0 
0 0 0 0 0 0 0 0 0 0 0 0 0 0 0 0 0 0 0 0 0 0 0 1 0 0 0 0 0 0 0 0 1 0 0 0 0 0 0 0 
0 0 0 0 0 0 0 0 0 0 0 0 1 0 0 0 0 0 0 0 0 0 0 3 0 0 0 0 0 0 0 0 0 0 0 0 0 0 0 0 
0 0 0 0 -1 0 0 0 0 0 0 0 0 0 0 0 0 0 0 0 0 0 0 0 1 0 0 0 0 0 0 0 0 1 0 0 0 0 0 0 
0 0 0 0 0 0 0 0 0 0 0 0 0 0 0 0 0 0 0 0 0 0 0 0 0 -3 0 0 0 0 0 0 0 0 6 0 0 0 0 0 
0 0 0 0 0 0 0 0 1 0 0 0 0 0 1 0 0 0 0 6 0 0 0 0 0 0 0 0 0 0 0 0 0 0 0 0 0 0 0 0 
0 0 0 0 0 0 -2 0 0 0 0 0 0 0 0 6 0 0 0 0 0 0 0 0 0 0 0 0 0 1 0 0 0 0 0 1 0 0 0 0 
6 0 0 0 0 0 0 0 0 0 0 0 0 0 0 0 0 0 0 0 0 0 0 0 0 0 0 -3 0 0 0 0 0 0 0 0 1 0 0 0 
0 0 0 0 0 0 0 0 0 0 0 1 0 0 0 0 1 0 0 0 0 0 0 0 0 0 0 3 0 0 0 0 0 0 0 0 0 0 0 0 
0 0 0 0 0 0 0 0 0 0 0 0 0 0 0 0 0 0 0 0 0 0 0 0 0 0 0 0 0 0 0 0 2 0 0 0 0 1 0 0 
0 0 0 0 0 0 0 0 4 0 1 0 0 0 0 0 0 0 0 0 0 0 0 0 0 0 0 0 0 0 0 0 0 0 0 0 0 0 0 0 
0 0 0 0 0 0 0 0 0 0 0 0 0 1 0 0 0 0 1 0 0 0 0 0 0 0 0 0 0 4 0 1 0 0 0 0 0 0 0 0 
0 0 0 0 0 0 0 0 0 0 -1 0 0 0 0 0 0 0 0 0 0 0 0 0 0 0 0 0 0 0 0 0 0 0 1 0 0 0 0 1 
0 0 0 0 0 0 0 0 0 0 1 0 0 0 0 0 0 0 0 0 0 0 0 0 0 0 0 0 0 0 0 0 0 0 0 0 0 0 0 0 
0 0 0 0 0 0 0 0 0 0 0 0 0 0 0 0 0 0 0 0 1 0 0 0 0 0 0 0 0 0 0 4 0 1 0 0 0 0 0 0 
0 0 0 0 0 0 0 0 0 0 0 0 -2 0 0 0 0 0 0 0 0 0 0 0 0 0 0 0 0 0 0 0 0 0 0 0 0 0 0 0 
0 1 0 0 0 0 0 0 0 0 0 0 4 0 0 0 0 0 0 0 0 1 0 0 0 0 0 0 0 0 0 0 0 -1 0 0 0 0 0 0 
0 0 0 0 0 0 0 0 0 0 0 0 0 0 0 0 0 0 0 0 0 0 0 1 0 0 0 0 0 0 0 0 0 0 0 0 0 0 0 0 
0 0 0 0 0 0 0 0 0 0 0 0 0 0 1 0 0 0 0 0 0 0 0 0 0 0 0 0 0 0 0 0 0 0 0 0 1 0 0 0 
0 0 0 0 1 0 0 0 0 0 0 0 0 0 0 0 0 0 0 0 0 0 0 0 0 0 0 0 0 0 0 0 0 0 0 0 0 0 0 0 
0 0 0 0 0 0 0 0 0 0 0 0 0 0 0 0 0 0 0 2 0 0 0 0 0 1 0 0 0 0 0 0 0 0 0 4 0 1 0 0 
0 0 0 0 0 0 0 0 0 0 0 0 0 0 0 0 0 0 0 0 0 0 0 0 0 0 0 0 0 0 0 0 0 0 0 0 0 0 0 0 
1 0 0 0 0 0 1 0 0 0 0 0 0 0 0 0 4 0 1 0 0 0 0 0 0 0 0 0 0 0 0 0 0 0 0 0 0 -1 0 0 
0 0 0 0 0 0 0 0 0 0 0 0 0 0 0 0 0 0 0 0 0 1 0 0 0 0 0 1 0 0 0 0 0 0 0 0 0 1 0 0 
0 0 0 0 0 0 0 0 0 0 0 0 0 0 0 0 0 0 0 0 0 0 0 0 0 0 0 0 0 0 0 0 0 0 0 0 0 0 0 0 
0 0 0 0 0 0 0 0 1 0 0 0 0 0 0 0 0 0 4 0 1 0 0 0 0 0 0 0 0 0 0 0 0 0 0 0 0 0 0 -2 
0 0 0 0 0 0 0 0 0 0 0 0 0 0 0 0 0 0 0 0 0 0 0 0 0 0 0 0 0 1 0 0 0 0 0 0 0 0 0 4 
0 0 0 0 0 0 0 0 1 0 0 0 0 0 0 0 0 0 0 0 -1 0 0 0 0 0 0 0 0 0 0 0 0 0 0 0 0 0 0 0 
0 0 0 0 0 0 0 0 0 0 0 1 0 0 0 0 0 0 0 0 0 0 0 0 0 0 0 0 0 0 0 0 0 0 0 0 0 0 0 0 
0 2 0 0 0 0 0 1 0 0 0 0 0 0 0 0 0 0 0 0 0 0 0 0 0 4 0 0 0 0 0 0 1 0 0 0 0 0 0 0 
0 4 0 0 0 0 0 0 0 0 0 0 0 0 0 0 0 0 0 0 0 0 1 0 0 0 0 0 0 0 0 1 0 0 0 0 0 0 0 0 
0 0 0 0 0 0 0 0 0 0 0 0 0 1 0 0 0 0 0 0 0 0 3 0 0 0 0 0 0 0 0 0 0 0 0 0 0 0 0 0 
0 0 0 0 0 0 0 0 0 0 0 0 0 0 0 0 1 0 0 0 0 0 0 0 0 0 0 0 0 0 0 0 0 0 1 0 0 0 0 0 
0 0 0 0 0 0 0 0 0 0 0 0 0 0 0 0 0 0 0 0 0 0 0 0 -1 0 0 0 0 0 0 0 0 0 0 0 0 0 0 0 
0 0 0 0 1 0 0 0 0 0 0 0 0 0 0 1 0 0 0 0 0 0 0 0 0 0 0 0 0 0 0 0 0 0 0 0 0 0 0 0 
0 0 0 0 0 -2 0 0 0 0 0 0 0 0 0 0 0 0 0 0 0 0 0 0 0 0 0 1 0 0 0 0 0 0 0 0 1 0 0 0 
0 0 0 0 0 0 0 0 0 0 0 0 0 0 0 0 0 0 0 0 0 0 0 0 0 0 1 0 0 0 0 0 0 0 0 1 0 0 0 0 
0 0 0 0 0 0 0 0 0 0 1 0 0 0 0 0 0 1 0 0 0 0 0 0 0 0 3 0 0 0 0 0 0 0 0 0 0 0 0 0 
0 0 0 0 0 0 0 1 0 0 0 0 0 0 0 0 0 0 0 0 1 0 0 0 0 0 0 0 0 0 0 2 0 0 0 0 0 0 1 0 
0 0 0 0 0 0 0 0 0 0 0 0 0 0 0 0 0 0 0 0 0 0 0 0 0 0 0 0 1 0 0 0 0 0 0 0 0 0 0 0 
0 1 0 0 0 0 0 0 0 0 0 0 1 0 0 0 0 0 0 1 0 0 0 0 0 0 0 0 0 0 0 0 0 0 0 0 0 0 0 0 
0 0 0 0 0 0 0 0 0 0 0 0 0 0 0 0 0 0 0 0 0 0 0 0 0 0 0 0 0 1 0 0 0 1 0 0 0 0 0 0 
1 0 0 0 0 0 0 0 0 0 0 0 0 0 0 0 0 0 0 0 0 0 0 0 0 0 0 0 0 0 -1 0 0 0 0 0 0 0 0 0 
0 0 0 0 0 0 0 0 0 0 0 0 0 0 2 0 0 0 0 0 0 1 0 0 0 0 0 0 0 0 4 0 1 0 0 0 0 0 0 0 
0 0 0 0 0 0 0 0 0 0 0 1 0 0 0 0 0 0 0 0 0 0 0 0 0 0 0 0 0 0 0 0 0 0 0 1 0 0 0 0 
0 0 1 0 0 0 0 0 0 0 0 4 0 1 0 0 0 0 0 0 0 0 0 0 0 0 0 0 0 0 0 0 0 0 0 0 0 0 0 0 
0 0 0 0 0 0 0 0 0 0 0 0 0 0 0 0 1 0 0 0 0 0 0 1 0 0 0 0 0 0 0 0 1 0 0 0 0 0 0 0 
0 0 0 0 0 0 0 0 0 0 0 0 0 1 0 0 0 0 0 0 0 0 0 0 0 0 0 0 0 0 0 0 0 0 0 0 0 0 0 0 
0 0 0 0 1 0 0 0 0 0 0 0 0 0 1 0 0 0 0 0 0 0 0 0 0 0 0 0 0 0 0 0 0 0 0 0 0 0 0 0 
0 0 0 0 0 0 0 0 0 0 0 0 0 0 0 0 0 0 0 0 0 0 0 0 0 1 0 0 0 0 0 0 0 0 0 2 0 0 0 0 
0 0 0 0 0 0 0 0 0 0 0 0 0 0 0 -2 0 0 0 0 0 0 0 0 0 0 0 0 0 0 0 0 0 0 0 0 0 0 0 0 
0 0 0 0 0 0 1 0 0 0 0 0 0 0 0 4 0 1 0 0 0 0 0 0 0 0 0 0 0 0 0 0 0 0 0 0 -1 0 0 0 
0 0 0 0 0 0 0 0 0 0 0 0 0 0 0 0 0 0 0 0 0 0 0 0 0 0 0 1 0 0 0 0 0 0 0 0 4 0 0 0 
0 0 0 0 0 1 0 0 0 0 0 0 0 0 0 0 0 0 0 0 0 0 0 0 0 0 0 0 0 0 0 0 0 0 0 0 0 0 0 0 
0 0 0 0 0 0 0 0 1 0 0 0 0 0 0 0 0 4 0 0 0 0 0 0 0 0 0 1 0 0 0 0 0 0 0 0 0 0 0 0 
0 0 0 0 0 0 0 0 0 0 0 0 0 0 0 0 0 0 0 0 0 0 3 0 0 0 0 0 0 1 0 0 0 0 0 0 0 0 4 0 
0 0 0 0 0 0 0 0 0 1 0 0 0 0 0 0 0 0 0 1 0 0 0 0 0 0 0 0 0 0 0 0 0 0 0 0 0 0 0 0 
0 0 0 2 0 0 0 0 0 0 1 0 0 0 0 0 0 0 0 4 0 0 0 0 0 0 0 0 0 0 1 0 0 0 0 0 0 0 0 0 
0 0 0 0 0 0 0 0 0 3 0 0 0 0 0 0 0 0 0 0 0 0 0 0 0 0 0 0 0 0 0 2 0 0 0 0 0 0 0 0 
11 0 0 0 0 0 0 0 0 0 0 0 0 0 0 0 0 0 1 0 0 0 0 0 0 0 0 0 0 0 3 0 0 0 0 0 0 0 0 0 
0 0 0 0 0 0 0 0 0 0 0 0 1 0 0 0 0 0 0 0 0 11 0 0 0 0 0 0 0 0 0 0 0 0 0 0 0 0 0 1 
0 0 -2 0 0 0 0 0 0 0 0 0 0 0 0 0 0 0 0 0 0 0 0 0 0 0 0 0 0 0 0 0 0 0 1 0 0 0 0 0 
0 0 0 0 0 0 0 0 0 0 0 0 0 0 0 0 0 0 0 0 0 0 0 2 0 0 0 0 0 0 0 0 0 0 0 0 0 0 0 0 
0 0 0 0 0 0 0 0 0 0 0 0 0 0 0 1 0 0 0 0 0 0 0 0 0 0 0 0 0 0 0 0 0 0 0 0 0 0 0 0 
0 0 0 0 3 0 0 0 0 0 0 0 0 1 0 0 0 0 0 0 0 0 0 0 0 0 0 0 0 0 0 0 0 0 0 0 1 0 0 0 
0 0 0 0 3 0 0 0 0 0 0 0 0 0 0 0 0 0 0 0 0 0 0 0 0 0 0 0 0 0 0 0 0 0 0 0 0 0 0 1 
0 0 0 0 0 0 0 0 0 0 0 0 0 0 0 0 0 1 0 0 0 0 0 0 0 0 0 0 0 0 0 0 0 0 0 0 0 0 0 0 
0 0 0 0 0 0 1 0 0 0 0 0 0 0 0 0 0 0 0 0 1 0 0 0 0 0 0 0 0 0 0 0 0 0 0 0 0 0 1 0 
0 0 0 0 0 0 0 0 0 0 0 0 0 0 0 0 0 0 0 0 0 0 0 0 0 0 0 2 0 0 0 0 0 0 0 0 0 0 0 0 
0 0 0 0 0 0 0 0 0 1 0 0 0 0 0 0 0 0 0 1 0 0 0 0 0 0 0 0 0 0 0 0 0 0 0 0 0 0 0 0 
0 0 0 0 0 0 0 0 1 0 0 0 0 0 0 0 0 0 0 0 0 0 0 0 0 0 0 0 0 0 1 0 0 0 0 0 0 0 0 0 
1 0 0 0 0 0 0 0 0 0 0 0 0 0 0 0 0 0 0 0 0 0 0 0 0 0 0 0 0 2 0 0 0 0 0 0 0 0 0 0 
0 0 0 0 0 0 0 0 0 0 0 2 0 0 0 0 0 0 0 0 0 1 0 0 0 0 0 0 0 0 0 0 0 0 0 0 0 0 0 0 
0 0 0 0 0 0 0 0 0 0 1 0 0 0 0 0 0 0 0 0 0 0 0 0 0 0 0 0 0 0 0 0 3 0 0 0 0 0 0 0 
0 0 1 0 0 0 0 0 0 0 0 0 0 0 0 0 0 0 0 0 0 0 0 0 0 0 0 0 0 0 0 0 0 0 0 0 0 0 0 0 
1 0 0 0 0 0 0 0 0 0 0 0 0 0 0 1 0 0 0 0 0 0 0 1 0 0 0 0 0 0 0 3 0 0 0 0 0 0 0 0 
0 0 0 0 0 0 0 0 0 0 0 0 1 0 0 0 0 0 0 0 0 0 0 0 0 0 0 0 0 0 0 0 0 0 0 0 2 0 0 0 
0 0 0 0 1 0 0 0 0 0 0 0 2 0 0 0 0 0 0 0 0 0 0 0 0 0 0 0 0 0 0 0 0 0 0 0 0 0 0 0 
0 0 0 0 0 0 0 0 0 0 0 0 0 0 0 0 0 2 0 0 0 0 0 0 0 1 0 0 0 0 0 0 0 2 0 0 0 0 0 0 
0 0 0 0 0 0 0 0 0 0 0 0 0 0 1 0 0 0 0 0 0 0 0 0 0 0 0 0 0 0 0 0 0 0 0 0 0 0 3 0 
0 0 0 0 0 0 1 0 0 0 0 0 0 0 3 0 0 0 0 0 0 0 0 0 0 0 0 0 0 0 0 0 0 0 0 -1 0 0 0 0 
0 0 0 0 0 0 0 0 0 0 0 0 0 0 0 0 0 0 0 4 0 0 0 0 0 0 0 1 0 0 0 0 0 0 0 4 0 0 0 0 
0 0 0 0 0 0 0 0 0 0 0 0 0 0 0 0 -2 0 0 0 0 0 0 0 0 0 0 0 0 0 0 0 0 0 0 0 0 0 0 0 
1 0 0 0 0 0 0 0 1 0 0 0 0 0 0 0 1 0 0 0 0 0 0 0 0 0 0 0 0 0 0 0 0 0 0 0 0 1 0 0 
0 0 0 0 0 0 0 0 0 0 0 0 0 0 0 0 0 0 0 0 0 1 0 0 0 0 0 0 0 1 0 0 0 0 0 0 0 1 0 0 
0 0 0 0 0 0 0 0 0 0 0 0 0 0 0 0 0 0 2 0 0 0 0 0 0 0 0 0 0 0 0 0 0 0 0 0 0 0 0 0 
1 0 1 0 0 0 0 0 0 0 1 0 0 0 0 0 0 0 1 0 0 0 0 0 0 0 0 0 0 0 0 0 0 0 0 0 0 0 0 1 
0 0 0 0 0 0 0 0 0 0 0 0 0 0 0 0 0 0 0 0 0 0 0 0 0 0 0 0 0 0 0 1 0 0 0 0 0 0 0 4 
0 0 0 0 0 0 0 0 1 0 0 0 0 0 0 0 0 0 0 0 0 0 0 0 0 0 0 0 0 0 0 0 0 0 0 0 0 0 0 0 
0 0 0 0 0 0 0 0 0 0 0 0 1 0 0 0 0 0 0 0 4 0 0 0 0 0 0 0 0 0 1 0 0 0 0 0 0 0 0 0 
0 0 0 0 0 0 0 0 0 0 0 0 0 0 0 0 0 0 0 0 0 0 0 0 0 0 0 0 0 0 0 0 0 0 1 0 0 0 0 0 
0 4 0 0 0 0 0 0 0 0 0 0 0 0 0 0 0 0 0 0 0 0 -2 0 0 0 0 0 0 0 0 0 0 0 0 0 0 0 0 0 
0 0 0 0 0 0 0 0 0 0 0 0 0 0 0 0 2 0 0 0 0 0 0 0 0 0 0 0 0 0 0 0 0 0 0 0 0 0 0 0 
0 0 0 0 0 0 0 0 0 0 0 0 0 0 0 0 0 0 0 0 0 0 0 0 0 0 0 3 0 0 0 0 0 0 0 0 0 1 0 0 
0 0 0 0 0 0 0 0 0 0 0 0 0 0 0 0 0 0 0 0 0 0 0 0 0 0 0 0 0 0 0 0 0 0 0 0 0 0 0 0 
0 0 0 0 0 0 0 0 4 0 0 0 0 0 0 0 0 0 1 0 0 0 0 0 0 0 0 0 0 0 0 0 0 0 0 0 0 0 0 0 
0 0 0 0 0 1 0 0 0 0 0 0 0 0 0 0 0 0 0 0 0 0 0 0 0 0 0 0 0 0 0 0 0 0 0 0 0 0 0 1 
0 0 0 0 0 2 0 0 0 0 0 0 0 0 0 0 0 0 0 0 0 0 0 0 0 0 -1 0 0 0 0 0 0 0 0 0 0 0 0 0 
0 0 0 0 0 0 0 0 0 0 0 0 0 0 0 0 0 0 0 0 1 0 0 0 0 0 3 0 0 0 0 0 0 0 0 0 0 0 0 0 
0 0 0 0 0 0 0 -1 0 0 0 0 0 0 0 0 0 0 0 0 0 0 0 0 0 0 0 0 0 0 0 0 0 0 0 0 0 0 0 0 
0 0 0 1 0 0 0 0 0 0 0 0 0 0 0 0 0 0 0 0 0 0 0 0 0 0 0 0 1 0 0 0 0 0 1 0 0 0 0 0 
0 0 0 0 0 0 0 0 0 0 0 0 4 0 0 0 0 0 0 0 0 0 0 0 1 0 0 0 4 0 0 0 0 0 0 0 0 0 0 0 
0 0 0 0 0 0 0 0 0 0 0 0 0 0 0 0 0 0 1 0 0 0 0 0 0 0 0 0 0 0 0 0 0 0 0 0 0 0 0 0 
0 0 0 0 0 1 0 0 0 3 0 0 0 0 0 0 0 0 0 0 0 0 0 0 0 0 0 0 0 0 -1 0 0 0 0 0 0 0 0 0 
0 0 0 0 0 0 0 0 0 0 1 0 0 0 0 0 0 0 0 0 0 0 0 0 0 0 1 0 0 0 0 0 0 0 0 0 0 0 0 0 
0 0 0 0 0 0 0 0 0 0 0 -3 0 0 0 0 0 0 0 0 0 0 0 0 0 0 0 0 0 0 0 0 0 1 0 0 0 0 0 0 
0 0 0 0 0 0 0 1 0 0 0 0 0 0 0 0 0 0 0 0 0 0 0 0 0 0 0 0 0 0 0 0 0 0 0 0 0 0 0 0 
0 1 0 0 0 0 0 0 0 0 0 0 0 0 0 0 1 0 0 0 0 0 0 0 0 0 0 0 1 0 0 0 3 0 0 0 0 0 0 0 
0 0 0 0 0 0 0 0 0 0 0 0 0 0 0 0 0 0 0 0 0 0 0 0 0 0 0 0 0 0 0 0 0 0 0 0 0 2 0 0 
0 0 0 0 0 0 0 0 0 1 0 0 0 4 0 1 0 0 0 0 0 0 0 0 0 0 0 0 0 0 0 0 0 0 0 0 0 0 0 0 
0 0 0 0 0 0 0 0 0 0 0 0 0 0 0 0 0 0 1 0 0 0 0 0 0 0 0 0 0 0 1 0 0 0 4 0 1 0 0 0 
0 0 0 0 0 0 0 0 0 0 0 0 0 0 0 -1 0 0 0 0 0 0 0 0 0 0 0 0 0 0 0 0 0 0 0 0 0 0 0 1 
0 0 0 0 0 0 0 0 0 0 0 1 0 0 0 1 0 0 0 0 0 0 0 0 0 0 0 0 0 0 0 0 0 0 0 0 0 0 0 0 
0 0 0 0 0 0 0 0 0 0 0 0 0 0 0 0 0 0 0 0 0 0 0 0 0 0 0 0 0 0 0 0 1 0 0 0 4 0 1 0 
0 0 0 0 0 0 0 0 0 0 0 0 0 0 0 0 0 -2 0 0 0 0 0 0 0 0 0 0 0 0 0 0 0 0 0 0 0 0 0 0 
0 0 0 0 0 0 0 0 0 0 0 0 0 1 0 0 0 4 0 0 0 0 0 0 0 0 1 0 0 0 0 0 0 0 0 0 0 0 -1 0 
0 0 0 0 0 0 0 0 0 0 0 0 0 0 0 0 0 0 0 0 0 0 0 0 0 0 0 0 0 0 0 0 0 0 0 6 0 0 19 0 
0 0 0 0 0 0 0 0 0 0 0 0 0 0 0 0 0 0 0 -8 0 0 0 0 0 0 0 0 0 0 0 0 0 0 0 0 0 0 0 0 
0 0 0 4 0 0 0 0 0 0 0 0 0 0 0 0 1 0 0 4 0 0 0 0 0 0 0 0 0 0 0 0 0 0 0 0 0 0 0 0 
1 0 0 0 0 0 0 0 0 0 0 0 0 0 0 0 0 0 0 0 0 0 0 0 5 0 0 0 0 0 0 0 0 0 0 0 0 1 0 0 
5 0 0 0 0 0 0 0 0 0 0 0 0 0 0 0 0 0 0 0 0 0 0 0 0 0 0 0 0 0 0 0 0 0 0 0 0 0 0 0 
0 0 0 0 0 6 0 0 0 0 0 0 0 0 0 0 0 0 1 0 0 6 0 0 0 0 0 0 0 0 0 0 0 0 0 0 0 0 0 0 
0 0 -1 0 0 0 0 0 0 0 0 0 0 0 0 0 0 0 0 0 0 0 0 0 0 0 7 0 0 0 0 0 0 0 0 0 0 0 0 1 
0 0 7 0 0 0 0 0 0 0 0 0 0 0 0 0 0 0 0 0 0 0 0 -2 0 0 0 0 0 0 0 0 0 0 0 0 0 0 0 0 
0 0 0 0 0 0 0 0 0 0 0 0 0 0 0 0 0 0 0 0 0 1 0 0 0 0 0 0 0 0 0 0 0 0 0 0 0 0 0 0 
0 0 0 0 2 0 0 0 0 0 0 0 0 4 0 0 0 0 0 0 0 0 0 0 0 0 0 0 0 0 0 0 0 0 0 0 0 0 4 0 
0 0 1 0 0 0 0 0 0 0 0 0 0 0 0 0 0 0 0 0 0 0 0 0 0 -2 0 0 0 0 0 0 0 0 5 0 0 0 0 0 
0 0 0 0 0 0 0 0 0 0 0 0 0 0 0 0 0 0 0 5 0 0 0 1 0 0 0 0 0 0 0 0 0 0 0 0 0 0 0 0 
0 0 0 0 0 0 -3 0 0 0 0 0 0 0 0 2 0 0 0 0 0 0 0 0 0 0 0 0 0 0 0 0 0 0 0 0 0 0 0 0 
0 0 0 0 1 0 6 0 0 0 0 0 0 0 0 0 0 0 0 0 0 0 0 0 0 0 0 -2 0 0 0 0 0 0 0 0 1 0 0 0 
0 0 0 0 0 0 0 0 0 0 0 0 0 0 0 0 0 0 0 0 0 0 0 0 0 1 0 3 0 0 0 0 0 0 0 0 0 0 0 0 
0 0 0 0 0 0 0 0 0 0 0 0 0 0 0 0 0 0 0 0 0 1 0 0 0 0 0 0 0 0 0 0 0 0 0 0 0 0 0 0 
0 0 0 0 0 0 1 0 0 0 0 0 0 0 0 0 0 0 0 0 0 0 0 0 0 0 0 0 0 -1 0 0 0 0 0 0 0 0 0 0 
0 0 2 0 0 0 0 0 0 0 0 0 0 0 0 0 0 0 0 0 0 0 0 0 0 0 0 1 0 0 0 0 0 0 0 0 0 0 0 0 
0 0 0 0 0 0 0 0 0 0 -4 0 0 0 0 0 0 0 0 0 0 0 0 0 1 0 0 0 0 0 0 0 0 0 0 0 0 0 0 0 
0 0 0 0 0 0 0 0 1 0 0 0 0 0 0 0 0 0 0 0 0 0 0 0 0 0 0 0 0 0 0 1 0 0 0 0 0 0 0 0 
0 0 0 0 0 0 0 0 0 0 0 1 0 0 0 0 0 0 0 0 0 0 0 0 0 0 0 0 0 1 0 0 0 0 0 0 0 0 0 0 
0 0 0 0 0 0 0 0 0 0 0 0 -2 0 0 0 0 0 0 0 0 0 0 0 0 0 0 0 0 0 0 0 1 0 0 0 1 0 0 0 
0 0 0 0 0 0 0 0 0 0 1 0 1 0 0 0 0 0 0 0 0 0 0 0 0 0 0 0 0 0 0 0 0 -3 0 0 0 0 0 0 
0 0 0 0 0 0 0 0 0 0 0 0 0 0 0 1 0 0 0 0 0 0 0 0 0 0 0 0 0 0 0 1 0 0 0 0 0 0 0 0 
0 0 0 0 0 0 0 0 0 0 0 0 0 0 1 0 0 0 0 1 0 0 0 0 0 0 0 0 0 0 0 0 0 0 0 0 0 0 1 0 
0 0 0 0 0 0 0 0 0 0 0 0 1 0 4 0 0 0 0 0 0 0 0 0 0 0 0 0 0 0 0 0 0 0 0 0 0 0 0 0 
0 0 0 0 1 0 0 0 0 0 0 0 0 0 0 0 0 0 0 1 0 0 0 0 0 0 0 0 0 0 0 0 0 1 0 3 0 0 0 0 
0 0 0 0 0 0 0 0 0 0 0 0 0 0 0 0 1 0 0 0 0 0 0 0 0 0 0 0 0 1 0 0 0 0 0 0 0 0 0 0 
2 0 0 0 0 0 0 0 0 0 0 0 0 0 1 0 0 0 0 0 0 0 0 0 0 0 0 0 0 0 0 0 0 0 0 0 0 1 0 0 
0 0 0 0 0 0 0 0 0 0 1 0 0 0 0 0 0 0 0 0 0 1 0 0 0 0 0 0 0 0 0 0 0 0 0 1 0 0 0 0 
0 0 0 0 0 0 0 0 0 0 0 0 0 0 0 0 0 0 0 0 0 0 0 0 0 0 0 0 0 0 0 0 0 0 0 0 0 0 1 0 
0 0 1 0 0 0 0 0 0 0 0 0 0 0 0 0 1 0 0 0 0 0 0 0 0 0 0 0 0 0 0 0 0 0 0 0 0 0 0 -1 
0 0 0 0 0 0 0 0 0 0 0 0 0 0 0 0 0 0 0 0 0 0 0 3 0 0 0 1 0 0 0 0 0 0 0 0 0 1 0 0 
0 0 0 0 0 0 0 0 0 0 0 0 0 0 0 0 0 0 0 0 1 0 0 0 0 0 0 0 0 0 0 0 0 0 0 0 0 0 0 0 
0 0 0 0 1 0 0 0 0 0 0 0 0 0 0 0 0 0 1 0 7 0 2 0 0 0 0 0 0 0 0 0 0 0 0 0 0 0 0 0 
0 -1 0 0 0 0 0 0 0 0 0 0 0 0 0 0 0 0 0 0 0 0 0 0 0 1 0 0 0 0 0 0 0 0 0 0 0 0 0 1 
0 4 0 1 0 0 0 0 0 0 0 0 0 0 0 0 0 0 0 0 0 0 0 0 0 0 0 0 0 0 0 0 0 0 0 0 0 0 0 0 
0 0 0 0 0 0 2 0 0 0 0 0 0 0 0 0 0 0 0 0 1 0 0 0 0 0 0 0 0 0 0 2 0 0 0 0 0 0 0 0 
0 0 0 0 0 0 0 0 0 0 0 0 0 0 0 0 0 0 0 0 0 0 0 0 0 0 0 1 0 0 0 0 0 0 0 0 0 0 0 0 
0 1 0 0 0 0 0 0 0 0 0 0 1 0 0 0 0 0 0 0 0 0 0 0 1 0 0 0 0 0 0 0 0 0 0 0 0 0 0 0 
0 0 0 0 0 0 0 0 6 0 0 0 0 0 0 0 0 0 2 0 0 0 1 0 0 0 0 0 0 0 0 0 0 0 0 0 0 0 0 0 
0 0 0 0 0 2 0 0 0 0 0 0 0 0 0 0 0 0 0 0 0 0 0 0 0 0 0 0 0 9 0 0 0 0 0 0 0 0 0 3 
0 0 0 1 0 0 0 0 0 0 0 0 0 0 0 0 0 0 0 0 0 0 0 0 0 0 2 0 0 0 0 0 0 0 0 0 0 0 0 0 
0 0 0 0 0 0 0 0 0 0 12 0 0 0 0 0 0 0 0 0 4 0 0 0 1 0 0 0 0 0 0 0 0 0 0 0 0 0 0 0 
0 0 0 0 0 0 0 2 0 0 0 0 0 0 0 0 0 0 0 0 0 0 0 0 0 0 0 0 0 0 0 15 0 0 0 0 0 0 0 0 
0 5 0 0 0 1 0 0 0 0 0 0 0 0 0 0 0 0 0 0 0 0 0 0 0 0 0 0 2 0 0 0 0 0 0 0 0 0 0 0 
0 0 0 0 0 0 0 0 0 0 0 0 18 0 0 0 0 0 0 0 0 0 6 0 0 0 1 0 0 0 0 0 0 0 0 0 0 0 0 0 
0 0 0 0 0 0 0 0 0 2 0 0 0 0 0 0 0 0 0 0 0 0 0 0 0 0 0 0 0 0 0 0 0 3 0 0 0 0 0 0 
0 0 0 1 0 0 0 1 0 0 0 0 0 0 0 0 0 0 0 0 0 0 0 0 0 0 0 0 0 0 2 0 0 0 0 0 0 0 0 0 
0 0 0 0 0 0 0 0 0 0 0 0 0 0 0 0 0 0 0 0 0 0 0 0 1 0 0 0 1 0 3 0 0 0 0 0 0 0 0 0 
0 0 0 0 0 0 0 0 0 0 0 1 0 0 0 0 0 0 0 0 0 0 0 0 0 0 0 0 0 0 0 0 0 0 0 2 0 0 0 0 
0 0 0 0 0 0 0 0 0 1 0 2 0 0 0 0 0 0 0 0 0 0 0 0 0 0 0 0 0 0 0 0 0 0 0 0 0 0 0 0 
0 0 0 0 0 0 0 0 0 0 0 0 0 0 0 0 3 0 0 0 0 0 0 0 0 0 0 0 0 0 1 0 3 0 0 0 0 0 0 0 
0 0 0 0 0 0 0 0 0 0 0 0 0 -1 0 0 0 0 0 0 0 0 0 0 0 0 0 0 0 0 0 0 0 0 0 0 0 1 0 0 
0 0 0 0 0 0 0 0 0 0 0 2 0 1 0 0 0 0 0 0 0 0 0 0 0 0 0 0 0 0 0 0 0 0 3 0 0 0 0 0 
0 0 0 0 0 0 0 0 0 0 0 0 0 0 0 0 0 0 4 0 0 0 0 0 0 0 0 0 0 0 0 0 4 0 4 0 0 0 0 0 
0 0 0 0 0 0 0 0 0 0 0 0 0 0 0 4 0 0 0 0 0 0 0 0 0 0 0 0 0 0 0 0 0 0 0 0 0 0 0 1 
0 0 0 0 0 0 0 0 0 0 0 0 0 1 0 1 0 0 0 0 0 0 0 0 0 0 0 0 0 0 0 0 0 0 0 0 1 0 0 0 
0 0 0 0 0 0 0 0 0 0 0 0 0 0 0 0 0 0 0 0 0 0 0 0 0 0 0 0 0 0 0 0 0 0 1 0 0 1 0 0 
0 0 0 0 0 0 0 0 0 0 0 0 0 0 0 0 0 0 0 0 0 0 0 0 0 0 0 0 0 0 0 0 0 0 0 0 0 0 0 0 
0 0 0 0 0 0 0 0 0 0 0 0 0 0 0 1 0 0 2 0 0 0 0 0 0 0 0 0 0 0 0 0 0 0 0 0 0 0 -2 0 
0 0 0 0 0 0 0 0 0 0 0 0 0 0 0 0 0 0 0 0 0 0 0 0 0 0 0 0 0 0 0 0 0 0 0 0 1 0 7 0 
2 0 0 0 0 0 0 0 0 0 0 0 0 0 0 0 0 0 0 -2 0 0 0 0 0 0 0 0 2 0 0 0 0 0 0 0 0 0 0 0 
0 0 0 0 0 0 0 0 0 0 0 0 0 2 0 0 0 1 0 0 0 0 0 0 0 0 0 0 2 0 0 0 0 0 0 0 0 0 0 0 
0 0 0 0 0 0 0 0 0 3 0 0 0 0 0 0 0 0 0 0 0 0 0 0 0 0 0 0 0 0 0 0 0 0 3 0 0 0 1 0 
0 0 0 0 0 0 0 0 0 3 0 0 0 0 0 0 0 0 0 0 0 -1 0 0 0 0 0 0 0 0 1 0 0 0 0 0 0 0 0 0 
0 0 0 0 0 0 0 0 0 0 0 0 0 0 0 1 0 0 0 1 0 0 0 0 0 0 0 0 0 0 1 0 0 0 0 0 0 0 0 0 
0 0 1 0 0 0 0 0 0 0 0 0 0 0 0 0 0 0 0 0 0 0 0 0 0 0 0 0 0 0 0 0 0 0 0 0 0 0 0 0 
1 0 4 0 0 0 0 0 0 0 0 1 0 0 0 0 0 0 0 0 0 0 0 0 0 0 0 0 0 0 0 0 2 0 0 0 0 0 0 0 
0 0 0 0 0 0 0 0 0 0 0 0 0 0 0 0 0 2 0 0 0 1 0 0 0 0 0 0 0 0 0 0 0 2 0 0 0 0 0 0 
0 0 0 0 0 0 0 0 0 0 0 0 0 1 0 0 0 0 0 0 0 0 0 0 0 0 0 0 0 0 0 0 0 0 0 0 0 0 1 0 
0 0 1 0 0 0 0 0 0 0 0 0 0 0 1 0 0 0 0 0 0 0 0 0 0 1 0 0 0 0 0 0 0 0 0 0 0 0 0 0 
0 0 0 0 0 0 0 0 0 0 0 0 0 0 0 0 0 0 0 0 0 0 0 1 0 4 0 0 0 0 0 0 0 0 0 1 0 0 0 0 
0 0 0 0 0 0 0 0 0 0 0 0 0 0 0 0 0 0 0 0 0 0 0 0 0 0 0 0 0 0 3 0 0 0 0 0 0 0 0 0 
0 0 0 0 1 0 4 0 0 0 0 0 0 0 0 0 0 1 0 0 0 0 0 0 0 0 0 1 0 0 0 0 0 0 0 0 0 0 0 0 
0 0 0 0 0 0 0 0 0 0 0 0 0 0 0 0 0 0 0 0 0 0 0 0 0 0 1 0 0 0 0 0 0 0 0 0 0 0 0 0 
0 0 0 0 0 0 0 0 3 0 0 0 0 0 0 0 0 0 0 0 0 0 0 0 0 0 0 0 0 0 0 0 0 0 0 0 0 0 0 0 
0 0 0 0 0 0 0 1 0 0 0 0 0 0 0 0 0 0 0 0 0 0 0 0 0 0 0 0 0 4 0 0 0 0 0 0 0 0 2 0 
0 0 0 0 0 0 0 0 0 0 0 0 0 0 0 0 0 0 0 0 0 0 0 0 0 0 0 0 1 6 0 0 0 0 0 0 0 0 0 0 
0 0 0 0 0 0 0 0 0 0 -1 0 0 0 0 0 0 0 0 3 0 0 0 0 0 0 0 0 0 0 0 0 0 0 0 0 0 0 0 0 
0 0 0 0 0 0 0 0 0 1 9 0 0 0 0 0 0 0 0 0 0 0 0 0 0 0 0 0 0 0 0 -3 0 0 0 0 0 0 0 0 
4 0 0 0 0 0 0 0 0 0 0 0 0 0 0 0 0 0 0 0 0 0 0 0 0 0 0 0 0 0 1 12 0 0 0 0 0 0 0 0 
0 0 0 0 0 0 0 0 0 0 0 0 -4 0 0 0 0 0 0 0 0 5 0 0 0 0 0 0 0 0 0 0 0 0 0 0 0 0 0 0 
0 0 0 0 0 0 0 0 0 0 0 1 15 0 0 0 0 0 0 0 0 0 0 0 0 0 0 0 0 0 0 0 0 -6 0 0 0 0 0 0 
0 0 1 0 0 0 0 0 0 0 0 0 0 0 0 0 0 0 0 0 0 0 0 0 0 0 0 0 0 0 0 0 1 3 0 0 0 0 0 0 
0 0 0 0 0 0 0 0 0 0 0 0 0 0 1 0 0 0 0 0 0 0 0 0 1 0 0 0 0 0 0 0 0 0 1 0 0 0 4 0 
0 0 0 0 0 0 0 0 0 0 0 0 0 1 4 0 0 0 0 0 0 0 0 0 0 0 0 0 0 0 0 0 0 0 0 -2 0 0 0 0 
0 0 0 0 0 0 0 0 0 1 0 0 0 0 0 0 0 0 0 0 0 0 0 0 0 0 0 0 0 0 0 0 0 0 1 0 0 0 0 0 
0 0 0 0 0 0 0 0 0 0 0 0 0 0 0 0 2 0 0 0 0 0 0 0 0 0 0 0 0 0 1 0 0 0 0 0 0 0 0 0 
0 0 0 0 0 0 0 0 0 0 0 0 0 0 0 1 0 0 0 0 0 0 0 0 0 0 0 0 0 0 0 0 0 0 0 0 0 3 0 0 
0 0 0 0 0 0 0 0 0 0 0 2 0 0 0 0 0 0 0 0 0 0 0 0 0 0 0 0 0 0 0 0 0 0 0 0 1 0 0 0 
0 0 0 0 0 0 0 0 0 0 0 0 0 0 0 0 0 0 1 0 0 0 0 0 0 0 0 0 0 0 0 0 0 0 0 0 0 0 1 0 
0 0 0 0 0 0 0 0 0 0 0 0 0 0 0 0 0 1 0 0 0 0 0 0 0 0 0 0 0 0 0 0 0 0 0 0 0 0 0 0 
0 0 0 0 0 0 0 0 0 0 0 0 0 0 0 0 0 0 0 1 0 0 0 2 0 0 0 0 0 0 0 0 0 0 0 0 0 0 1 2 
0 0 0 0 0 0 0 0 0 0 0 0 0 0 0 0 0 0 0 0 -2 0 0 0 0 0 0 0 0 0 0 0 0 0 0 0 0 0 0 0 
1 0 0 0 3 0 0 0 0 0 0 0 0 0 0 0 0 0 0 1 3 0 0 0 0 0 0 0 0 0 0 0 0 0 0 0 0 0 0 0 
0 -3 0 0 0 0 0 0 0 0 0 0 0 0 0 0 0 0 0 0 0 1 0 0 0 1 0 0 0 0 0 0 0 0 0 0 0 0 0 0 
1 1 0 0 0 0 0 0 0 0 0 0 0 0 0 0 0 0 0 0 0 0 -1 0 0 0 0 0 0 0 0 0 0 0 0 0 0 0 0 0 
0 0 1 0 0 0 1 0 0 0 0 0 0 0 0 0 0 0 0 0 0 1 1 0 0 0 0 0 0 0 0 0 0 0 0 0 0 0 0 0 
0 0 0 -2 0 0 0 0 0 0 0 0 0 0 0 0 0 0 0 0 0 0 0 1 0 0 0 0 0 0 0 0 0 0 0 0 0 0 0 0 
0 0 1 0 0 0 0 0 0 0 0 0 0 0 0 0 0 0 0 0 0 0 0 0 -1 0 0 0 0 0 0 0 0 0 0 0 0 0 0 0 
0 0 0 0 0 0 1 0 0 0 0 0 0 0 0 0 0 0 0 0 0 0 0 1 0 0 0 0 0 0 0 0 0 0 0 0 0 0 0 0 
0 0 0 0 0 2 0 0 0 0 0 0 0 0 0 0 0 0 0 0 0 0 0 0 0 0 0 1 0 0 0 0 0 0 0 0 0 0 0 0 
0 0 0 0 1 0 0 0 0 0 0 0 0 0 0 0 0 0 0 0 0 0 0 0 0 0 3 0 0 0 0 0 0 0 0 0 0 0 0 0 
0 0 0 0 0 0 0 0 2 0 0 0 0 0 0 0 0 0 0 0 0 0 0 0 0 1 0 0 0 0 0 0 0 0 0 0 0 0 0 0 
0 0 0 0 0 0 0 1 0 0 0 0 0 0 0 0 0 0 0 0 0 0 0 0 0 0 0 0 0 2 0 0 0 0 0 0 0 0 0 0 
0 0 0 0 0 0 1 0 0 0 0 0 0 0 0 0 0 0 0 0 0 0 0 0 0 0 0 0 2 0 0 0 0 0 0 0 0 0 0 0 
0 0 0 0 0 0 0 0 0 0 0 0 0 0 0 1 0 0 0 0 0 0 0 0 0 0 0 1 0 0 0 0 0 0 0 0 0 0 0 0 
0 0 0 0 0 0 0 0 0 3 0 0 0 0 0 0 0 0 0 0 0 0 0 0 0 0 0 0 0 0 0 0 0 0 0 0 0 0 0 0 
0 0 0 1 0 0 0 0 1 3 0 0 0 0 0 0 0 0 0 0 0 0 0 0 0 0 0 0 0 0 3 0 0 0 0 0 0 0 0 0 
0 0 0 0 0 0 0 0 0 0 0 0 0 0 0 0 0 0 0 0 0 0 0 0 0 0 0 0 0 1 2 0 0 0 0 0 0 0 0 0 
0 0 0 0 0 0 0 0 0 0 0 1 0 0 0 0 0 0 0 0 0 0 0 0 0 0 0 0 0 0 0 0 0 0 0 0 0 0 0 0 
0 0 0 0 0 0 0 0 0 0 1 2 0 0 0 0 0 0 0 0 0 0 0 0 0 0 0 0 0 0 0 0 2 0 0 0 0 0 0 0 
0 6 0 0 0 0 0 0 0 0 0 0 0 0 0 0 0 0 0 0 0 0 0 0 0 0 0 0 0 0 0 3 24 0 0 0 0 0 0 0 
0 0 0 0 0 0 0 0 0 0 0 0 0 -6 0 0 0 0 0 0 0 0 2 0 0 0 0 0 0 0 0 0 0 0 0 0 0 0 0 0 
0 0 0 0 0 0 0 0 0 0 0 0 1 8 0 0 0 0 0 0 0 0 0 0 0 0 0 0 0 0 0 0 0 0 -2 0 0 0 0 0 
0 0 0 2 0 0 0 0 0 0 0 0 0 0 0 0 0 0 0 0 0 0 0 0 0 0 0 0 0 0 0 0 0 1 8 0 0 0 0 0 
0 0 0 0 0 0 0 0 0 0 0 0 0 0 0 -3 0 0 0 0 0 0 0 0 3 0 0 0 0 0 0 0 0 0 0 0 0 0 0 0 
0 0 0 0 0 0 0 0 0 0 0 0 0 0 1 11 0 0 0 0 0 0 0 0 0 0 0 0 0 0 0 0 0 0 0 0 -4 0 0 0 
0 0 0 0 0 3 0 0 0 0 0 0 0 0 0 0 0 0 0 0 0 0 0 0 0 0 0 0 0 0 0 0 0 0 0 1 11 0 0 0 
0 0 0 0 0 0 0 0 0 0 0 0 0 0 0 0 0 -5 0 0 0 0 0 0 0 0 1 0 0 0 0 0 0 0 0 0 0 0 0 0 
0 0 0 0 0 0 0 0 0 0 0 0 0 0 0 0 1 5 0 0 0 0 0 0 0 0 0 0 0 0 0 0 0 0 0 0 0 0 0 0 
0 0 0 0 0 0 0 1 0 0 0 0 0 0 0 0 0 0 0 0 0 0 0 0 0 0 0 0 0 0 0 0 0 0 0 0 0 1 5 0 
0 0 0 0 0 0 0 0 0 0 0 0 0 0 0 0 0 0 0 -1 0 0 0 0 0 0 0 0 1 0 0 0 0 0 0 0 0 0 0 0 
0 0 0 3 0 0 0 0 0 0 0 0 0 0 0 0 0 0 2 10 0 0 0 0 0 0 0 0 0 0 0 0 0 0 0 0 0 0 0 0 
-1 0 0 0 0 0 0 0 0 2 0 0 0 0 0 0 0 0 0 0 0 0 0 0 1 0 0 0 0 0 0 0 0 0 0 0 0 0 0 1 
9 0 0 0 0 0 0 0 0 0 0 0 0 0 0 0 0 0 0 0 0 -4 0 0 0 0 0 0 0 0 1 0 0 0 0 0 0 0 0 0 
0 0 0 0 0 2 0 0 0 0 0 0 0 0 0 0 0 0 0 0 1 7 0 0 0 0 0 0 0 0 0 0 0 0 0 0 0 0 0 0 
0 0 -3 0 0 0 0 0 0 0 0 1 0 0 0 0 0 0 0 0 0 0 0 0 0 0 1 0 0 0 0 0 0 0 0 0 0 0 0 0 
0 1 6 0 0 0 0 0 0 0 0 0 0 0 0 0 0 0 0 0 0 0 0 -2 0 0 0 0 0 0 0 0 0 0 0 0 1 0 0 0 
0 0 0 0 0 0 0 0 0 0 0 0 0 0 0 0 0 0 0 0 0 0 1 2 0 0 0 0 0 0 0 0 0 0 0 0 0 0 0 0 
0 0 0 0 -2 0 0 0 0 0 0 0 0 0 0 0 0 0 1 0 0 0 0 0 0 0 0 0 0 0 0 0 0 0 0 0 0 0 0 0 
0 0 0 1 2 0 0 0 0 0 0 0 0 0 0 0 0 0 0 0 0 0 0 0 0 1 0 0 0 0 0 0 0 0 0 0 0 0 0 0 
0 0 0 0 0 1 0 0 0 0 0 0 0 0 0 0 0 0 0 0 0 0 0 0 1 2 0 0 0 0 0 0 0 0 0 0 0 0 0 0 
0 0 0 0 0 0 -3 0 0 0 0 0 0 0 0 0 0 0 0 0 0 0 0 0 0 0 1 0 0 0 1 0 0 0 0 0 0 0 0 0 
0 0 0 0 0 1 3 0 0 0 0 0 0 0 0 0 0 0 0 0 0 0 0 0 0 0 0 -4 0 0 0 0 0 0 0 0 0 0 0 0 
0 0 0 0 0 0 0 0 0 1 0 0 0 0 0 0 0 0 0 0 0 0 0 0 0 0 1 2 0 0 0 0 0 0 0 0 0 0 0 0 
0 0 0 0 0 0 0 0 0 0 0 0 0 0 0 0 0 0 0 0 0 0 0 0 0 0 0 0 0 0 1 0 0 0 0 0 0 0 0 0 
0 0 0 0 0 0 0 1 2 0 0 0 0 0 0 0 0 0 0 0 0 0 0 0 0 0 0 0 0 1 0 0 0 0 0 0 0 0 0 0 
0 0 0 0 0 0 0 0 0 0 0 2 0 0 0 0 0 0 0 0 0 0 0 0 0 0 0 0 1 2 0 0 0 0 0 0 0 0 0 0 
0 0 0 0 0 0 0 0 0 0 0 0 0 0 0 0 0 0 0 0 0 0 0 0 0 0 0 0 0 0 0 0 2 0 0 0 0 0 0 0 
0 0 0 0 0 0 0 0 0 1 2 0 0 0 0 0 0 0 0 0 0 0 0 0 0 0 0 0 0 0 0 -1 0 0 0 0 0 0 0 0 
0 0 0 0 0 0 0 0 0 0 0 0 0 0 0 2 0 0 0 0 0 0 0 0 0 0 0 0 0 0 1 2 0 0 0 0 0 0 0 0 
0 0 0 0 0 0 0 0 0 0 0 0 1 0 0 0 0 0 0 0 0 0 0 0 0 0 0 0 0 0 0 0 0 0 0 0 2 0 0 0 
0 0 0 0 0 0 0 0 0 0 0 1 2 0 0 0 0 0 0 0 0 0 0 0 0 0 0 0 0 0 0 0 0 2 0 0 0 0 0 0 
0 0 0 0 0 0 0 0 0 0 0 0 0 0 0 0 0 3 0 0 0 0 0 0 0 0 0 0 0 0 0 0 1 3 0 0 0 0 0 0 
0 0 0 0 0 0 0 0 0 0 0 0 0 0 0 0 0 0 0 0 0 0 0 0 0 0 0 0 0 0 0 0 0 0 0 0 0 0 3 0 
0 0 0 0 0 0 0 0 0 0 0 0 0 1 3 0 0 0 0 0 0 0 0 0 0 0 0 0 0 0 0 0 0 0 0 1 0 0 0 0 
0 0 0 0 0 0 0 0 0 0 0 0 0 0 0 0 0 0 0 4 0 0 0 0 0 0 0 0 0 0 0 0 0 0 1 4 0 0 0 0 
0 0 0 0 0 0 0 0 0 0 0 0 0 0 0 0 0 0 0 0 0 0 0 0 0 0 0 0 0 0 0 0 0 0 0 0 0 0 0 0 
1 0 0 0 0 0 0 0 0 0 0 0 0 0 0 1 1 0 0 0 0 0 0 0 0 0 0 0 0 0 0 0 0 0 0 0 0 2 0 0 
0 0 0 0 0 0 0 0 0 0 0 0 0 0 0 0 0 0 0 0 0 1 0 0 0 0 0 0 0 0 0 0 0 0 0 0 1 1 0 0 
0 0 0 0 0 0 0 0 0 0 0 0 0 0 0 0 0 0 3 0 0 0 0 0 0 0 0 2 0 0 0 0 0 0 0 0 0 0 0 0 
0 0 2 0 0 0 0 0 0 0 0 0 0 0 0 0 0 1 8 0 0 0 0 0 0 0 0 0 0 0 0 0 0 0 0 0 0 0 0 -2 
0 0 0 0 0 0 0 0 1 0 0 0 0 0 0 0 0 0 0 0 0 0 0 4 0 0 0 0 0 0 0 0 0 0 0 0 0 0 1 7 
0 0 0 0 0 0 0 0 0 0 0 0 0 0 0 0 0 0 0 0 -2 0 0 0 0 0 0 0 0 0 0 0 0 0 0 0 0 0 0 0 
1 0 0 0 2 0 0 0 0 0 0 0 0 0 0 0 0 0 0 1 2 0 0 0 0 0 0 0 0 0 0 0 0 0 0 0 0 0 0 0 
0 -1 0 0 0 0 0 0 0 0 0 0 0 0 0 0 0 0 0 0 0 1 0 0 0 1 0 0 0 0 0 0 0 0 0 0 0 0 0 0 
1 2 0 0 0 0 0 0 0 0 0 0 0 0 0 0 0 0 0 0 0 0 -2 0 0 0 0 0 0 0 0 0 0 0 0 0 0 0 0 0 
0 0 0 0 0 0 6 0 0 0 1 0 0 0 0 0 0 0 0 0 0 1 3 0 0 0 0 0 0 0 0 0 0 0 0 0 0 0 0 0 
0 0 0 0 0 0 0 0 0 0 0 0 0 0 0 0 0 0 0 0 0 0 0 0 0 0 0 9 0 0 0 2 0 0 0 0 0 0 0 0 
0 0 1 3 0 0 0 0 0 0 0 0 0 0 0 0 0 0 0 0 0 0 0 0 -1 0 0 0 0 0 0 0 0 0 0 0 0 0 0 0 
0 0 0 0 0 0 0 0 7 0 0 0 1 0 0 0 0 0 0 0 0 0 0 1 4 0 0 0 0 0 0 0 0 0 0 0 0 0 0 0 
0 0 0 0 0 -1 0 0 0 0 0 0 0 0 0 0 0 0 0 0 0 0 0 0 0 0 0 0 0 10 0 0 0 2 0 0 0 0 0 0 
0 0 0 0 1 4 0 0 0 0 0 0 0 0 0 0 0 0 0 0 0 0 0 0 0 0 -2 0 0 0 0 0 0 0 0 0 0 0 0 0 
0 0 0 0 0 0 0 0 0 0 2 0 0 0 0 0 0 0 0 0 0 0 0 0 0 1 10 0 2 0 0 0 0 0 0 0 0 0 0 0 
0 0 0 0 0 0 0 -2 0 0 0 0 0 0 0 0 0 0 0 0 0 0 0 0 0 0 0 0 0 0 0 2 0 0 0 0 0 0 0 0 
0 0 0 0 0 0 1 6 0 1 0 0 0 0 0 0 0 0 0 0 0 0 0 0 0 0 0 0 0 0 0 0 0 0 0 0 0 0 0 0 
0 0 0 0 0 0 0 0 0 0 0 0 2 0 0 0 0 0 0 0 0 0 0 0 0 0 0 1 6 0 1 0 0 0 0 0 0 0 0 0 
0 0 0 0 0 0 0 0 0 1 0 0 0 0 0 0 0 0 0 0 0 0 0 0 0 0 0 0 0 0 0 0 0 1 0 0 0 0 0 0 
0 0 0 0 0 0 0 0 1 6 0 1 0 0 0 0 0 0 0 0 0 0 0 0 0 0 0 0 0 0 0 0 0 0 0 0 0 0 0 0 
0 0 0 0 0 0 0 0 0 0 0 0 0 0 1 0 0 0 0 0 0 0 0 0 0 0 0 0 0 1 6 0 1 0 0 0 0 0 0 0 
0 0 0 0 0 0 0 0 0 0 0 -1 0 0 0 0 0 0 0 0 0 0 0 0 0 0 0 0 0 0 0 0 0 0 0 0 0 0 1 0 
0 0 0 0 0 0 0 0 0 0 1 5 0 0 0 0 0 0 0 0 0 0 0 0 0 0 0 0 0 0 0 0 0 0 0 0 0 0 0 0 
0 0 0 0 0 0 0 0 0 0 0 0 0 0 0 0 0 0 0 1 0 0 0 0 0 0 0 0 0 0 0 1 5 0 0 0 0 0 0 0 
0 0 0 0 0 0 0 0 0 0 0 0 0 1 0 0 0 0 0 0 0 0 0 0 0 0 0 0 0 0 0 0 0 0 0 0 0 2 0 0 
0 0 0 0 0 0 0 0 0 0 0 0 2 6 0 0 0 0 0 0 0 0 0 0 0 0 0 0 0 0 0 0 0 0 2 0 0 0 0 0 
0 0 0 0 0 0 0 0 0 0 0 0 0 0 0 0 0 0 5 0 0 0 0 0 0 0 0 0 0 0 0 0 0 3 11 0 0 0 0 0 
0 0 0 0 0 0 0 0 0 0 0 0 0 0 0 1 0 0 0 0 0 0 0 0 0 0 0 0 0 0 0 0 0 0 0 0 0 0 0 1 
0 0 0 0 0 0 0 0 0 0 0 0 0 0 1 3 0 0 0 0 0 0 0 0 0 0 0 0 0 0 0 0 0 0 0 0 0 0 0 0 
0 0 0 0 0 0 0 0 0 0 0 0 0 0 0 0 0 0 0 0 2 0 0 0 0 0 0 0 0 0 0 0 0 0 0 1 4 0 0 0 
0 0 0 0 0 0 0 0 0 0 0 0 0 0 0 0 0 0 0 0 0 0 0 0 0 0 0 0 0 0 0 0 0 0 0 0 0 0 0 0 
0 2 0 0 0 0 0 0 0 0 0 0 0 0 0 0 1 4 0 0 0 0 0 0 0 0 0 0 0 0 0 0 0 0 0 0 0 0 -1 0 
0 0 0 0 0 0 0 0 0 0 0 0 0 0 0 0 0 0 0 0 0 0 3 0 0 0 0 0 0 0 0 0 0 0 0 0 0 1 5 0 
0 0 0 0 0 0 0 0 0 0 0 0 0 0 0 0 0 0 0 -1 0 0 0 0 0 0 0 0 0 0 0 0 0 0 0 0 0 0 0 0 
0 0 0 4 0 0 0 0 0 0 0 0 0 0 0 0 0 0 1 6 0 0 0 0 0 0 0 0 0 0 0 0 0 0 0 0 0 0 0 0 
-2 0 0 0 0 0 0 0 0 0 0 0 0 0 0 0 0 0 0 0 0 0 0 0 1 0 0 0 0 0 0 0 0 0 0 0 0 0 0 1 
3 0 0 0 0 0 0 0 0 0 0 0 0 0 0 0 0 0 0 0 0 1 0 0 0 0 0 0 0 0 0 0 0 0 0 0 0 0 0 0 
0 0 0 0 0 0 0 0 0 0 0 0 0 0 0 0 0 0 0 0 1 2 2 0 0 0 0 0 0 0 0 0 0 0 0 0 0 0 0 0 
0 0 -3 0 0 0 0 0 0 0 0 0 0 0 0 0 0 0 0 0 0 0 0 0 0 0 0 0 0 0 0 0 0 0 0 0 0 0 0 0 
0 1 2 1 0 0 0 0 0 0 0 0 0 0 0 0 0 0 0 0 0 0 0 -1 0 0 0 0 0 0 0 0 1 0 0 0 0 0 0 0 
0 0 0 0 0 0 0 0 0 0 0 0 0 0 0 0 0 1 0 0 0 0 1 2 0 0 0 0 0 0 0 0 1 0 0 0 0 0 0 0 
0 0 0 0 0 0 0 0 0 0 0 0 0 0 0 0 0 0 0 0 0 0 0 0 0 0 0 0 0 0 0 0 0 0 0 0 0 0 0 0 
0 0 0 1 10 0 0 0 0 0 0 0 0 2 0 0 0 0 0 0 0 0 0 0 0 -2 0 0 0 0 0 0 0 0 0 0 0 0 0 0 
0 0 0 0 0 0 0 0 0 0 0 0 0 0 0 0 0 0 0 0 0 0 0 0 1 6 0 0 0 0 0 0 0 0 1 0 0 0 0 0 
0 0 0 0 0 0 0 0 0 0 0 0 0 0 0 0 0 0 0 0 0 0 0 0 0 0 0 0 0 0 0 0 0 0 0 0 0 0 0 0 
0 0 0 0 0 1 6 0 0 0 0 0 0 0 0 1 0 0 0 0 0 0 0 0 0 0 0 -1 0 0 0 0 0 0 0 0 0 0 0 0 
0 0 0 0 0 0 0 0 0 0 0 3 0 0 0 0 0 0 0 0 0 0 0 0 0 0 1 6 0 0 0 0 0 0 0 0 0 0 1 0 
0 0 0 0 0 0 0 0 0 0 0 0 0 0 0 0 0 0 0 0 0 0 0 0 0 0 0 0 0 0 0 0 3 0 0 0 0 0 0 0 
0 0 0 0 0 0 0 1 6 0 0 0 0 0 0 0 0 0 0 1 0 0 0 0 0 0 0 0 0 1 0 0 0 0 0 0 0 0 0 0 
0 0 0 0 0 0 0 0 0 0 0 0 0 0 0 0 0 0 0 0 0 0 0 0 0 0 0 0 1 0 1 0 0 0 0 0 0 0 0 0 
0 0 0 0 0 0 0 0 0 0 2 0 0 0 0 0 0 0 0 0 0 0 0 0 0 0 0 0 0 0 0 0 0 0 0 0 0 0 0 0 
0 0 0 0 0 0 0 0 0 1 0 2 0 0 0 0 0 0 0 0 0 0 0 0 0 0 0 0 0 0 0 0 0 0 0 0 0 0 0 0 
0 0 0 0 0 0 0 0 0 0 0 0 0 0 0 0 0 0 0 0 0 0 0 0 0 0 0 0 0 0 1 0 3 0 0 0 0 0 0 0 
0 0 0 0 0 0 0 0 0 0 0 0 -2 0 0 0 0 0 0 0 0 2 0 0 0 0 0 0 0 0 0 0 0 0 0 0 0 0 0 0 
0 0 0 0 0 0 2 0 0 0 0 1 0 0 0 0 0 0 0 0 0 2 0 0 0 0 0 0 0 0 0 0 0 2 0 0 0 0 0 0 
0 0 3 0 0 0 0 0 0 0 0 0 0 0 0 0 0 0 0 0 0 0 0 0 0 0 0 3 0 0 0 0 1 0 0 0 0 0 0 0 
0 0 3 0 0 0 0 0 0 0 0 0 0 0 1 0 0 0 0 0 0 0 0 1 0 0 0 0 0 0 0 0 0 0 0 0 0 0 0 0 
0 0 0 0 0 0 0 0 1 0 0 0 0 1 0 0 0 0 0 0 0 0 0 1 0 0 0 0 0 0 0 0 0 0 0 3 0 0 0 0 
0 0 0 0 0 0 0 0 0 0 0 0 0 0 0 0 0 0 0 0 0 0 0 0 0 0 0 0 0 0 0 0 0 0 1 8 0 0 0 0 
0 0 0 0 2 0 0 0 0 0 0 0 0 0 0 0 0 0 0 0 0 0 0 0 0 0 0 0 0 0 0 0 0 0 0 0 0 0 0 0 
0 0 0 0 0 0 0 0 0 0 0 0 0 0 0 1 8 0 0 0 0 0 0 0 0 2 0 0 0 0 0 0 0 0 0 0 0 -1 0 0 
0 0 0 0 0 0 0 0 0 0 0 0 0 0 0 0 0 0 0 0 0 0 0 0 0 0 0 0 0 0 0 0 0 0 0 0 1 4 0 0 
0 0 0 0 0 0 1 0 0 0 0 0 0 0 0 0 0 0 1 0 0 0 0 0 0 0 0 0 0 0 0 0 0 0 0 0 0 0 0 0 
0 0 0 0 0 0 0 0 0 0 0 0 0 0 0 0 0 1 4 0 0 0 0 0 0 0 0 1 0 0 0 0 0 0 0 0 0 0 0 2 
0 0 0 0 0 0 0 0 0 0 0 0 0 0 0 0 0 0 0 0 0 0 0 3 0 0 0 0 0 0 0 0 0 0 0 0 0 0 1 4 
0 0 0 0 0 0 0 0 0 0 1 0 0 0 0 0 0 0 0 0 2 0 0 0 0 0 0 0 0 0 0 0 0 0 0 0 0 0 0 0 
0 0 0 0 3 0 0 0 0 0 0 0 0 0 0 0 0 0 0 1 4 0 0 0 0 0 0 0 0 0 0 1 0 0 0 0 0 0 0 0 
0 3 0 0 0 0 0 0 0 0 0 0 0 0 0 0 0 0 0 0 0 0 0 0 0 0 0 0 0 0 0 0 0 0 0 0 0 0 0 0 
0 2 0 0 0 0 0 0 0 0 0 0 0 0 0 0 0 0 0 0 0 0 0 0 0 0 0 0 0 0 0 0 0 0 0 0 0 0 0 0 
0 0 0 0 0 0 0 0 0 0 0 0 0 0 0 0 0 0 0 0 0 0 0 1 0 0 0 0 0 0 0 0 0 0 0 0 0 0 0 0 
0 0 0 -2 0 0 0 0 0 0 0 0 0 0 0 0 0 0 0 0 0 0 0 0 0 0 0 0 0 0 0 0 0 0 0 0 0 0 0 0 
0 0 0 7 0 2 0 0 0 0 0 0 0 0 0 0 0 0 0 0 0 0 0 0 -4 0 0 0 0 0 0 0 0 0 0 0 0 0 0 0 
0 0 0 0 0 0 0 0 0 0 0 0 0 0 0 0 0 0 0 0 0 0 0 0 4 0 1 0 0 0 0 0 0 0 0 0 0 0 0 0 
0 0 0 0 0 -3 0 0 0 0 0 0 0 0 0 0 0 0 0 0 0 0 0 0 0 0 0 0 0 0 0 0 0 0 0 0 0 0 0 0 
0 0 0 0 0 0 0 0 1 0 0 0 0 0 0 0 0 0 0 0 0 0 0 0 0 0 4 0 0 0 0 0 0 0 0 0 0 0 0 0 
0 0 0 0 0 0 0 0 0 0 0 0 0 0 0 0 0 0 0 0 0 0 0 0 0 0 1 0 0 1 0 0 0 0 0 0 0 0 0 0 
0 0 0 0 0 0 0 3 0 0 0 0 0 0 0 0 0 0 0 0 0 0 0 0 0 0 0 0 0 1 0 0 0 0 0 0 0 0 0 0 
0 0 0 0 0 0 0 1 0 0 1 0 0 0 0 0 0 0 0 0 0 0 0 0 0 0 0 0 2 0 0 0 0 0 0 0 0 0 0 0 
0 0 0 0 0 0 0 0 0 0 2 0 0 0 0 0 0 0 0 0 0 0 0 0 0 0 0 0 1 0 0 1 0 0 0 0 0 0 0 0 
0 0 0 0 0 0 0 0 0 1 0 0 0 0 0 0 0 0 0 0 0 0 0 0 0 0 0 0 0 0 0 3 0 0 0 0 0 0 0 0 
0 0 0 0 0 0 0 0 0 1 0 0 1 0 0 0 0 0 0 0 0 0 0 0 0 0 0 0 0 0 0 0 0 0 0 0 0 0 0 0 
0 0 0 0 0 0 0 0 0 0 0 0 0 0 2 0 0 0 0 0 0 0 0 0 0 0 0 0 0 0 2 0 0 1 0 0 0 0 0 0 
0 0 0 0 0 0 0 0 0 0 0 2 0 0 0 0 0 0 0 0 0 0 0 0 0 0 0 0 0 0 0 0 0 0 0 3 0 0 0 0 
0 0 0 0 0 0 0 0 0 0 0 3 0 0 1 0 0 0 0 0 0 0 0 0 0 0 0 0 0 0 0 0 1 0 0 0 0 0 0 0 
0 0 0 0 0 0 0 0 0 0 0 0 0 0 0 0 1 0 0 0 0 0 0 0 0 0 0 0 0 0 0 0 1 0 0 1 0 0 0 0 
0 0 0 0 0 0 0 0 0 0 0 0 0 3 0 0 0 0 0 0 0 0 0 0 0 0 0 0 0 0 0 0 0 0 0 0 0 1 0 0 
0 0 0 0 0 0 0 0 0 0 0 0 0 2 0 0 1 0 0 0 0 0 0 0 0 0 0 0 0 0 0 0 0 0 2 0 0 0 0 0 
0 0 0 0 0 0 0 0 0 0 0 0 0 0 0 0 0 0 2 0 0 0 0 0 0 0 0 0 0 0 0 0 0 0 3 0 0 1 0 0 
0 0 0 0 0 0 0 0 0 0 0 0 0 0 0 1 0 0 0 0 0 0 0 0 0 0 0 0 0 0 0 0 0 0 0 0 0 0 0 3 
0 0 0 0 0 0 0 0 0 0 0 0 0 0 0 4 0 0 1 0 0 0 0 0 0 0 0 0 0 0 0 0 0 0 0 0 0 0 0 0 
0 0 0 0 0 0 0 0 0 0 0 0 0 0 0 0 0 0 0 0 4 0 0 0 0 0 0 0 0 0 0 0 0 0 0 0 5 0 0 1 
0 0 0 0 0 0 0 0 0 0 0 0 0 0 0 0 0 -1 0 0 0 0 0 0 0 0 0 0 0 0 0 0 0 0 0 0 0 0 0 0 
0 0 0 0 0 0 0 0 0 0 0 0 0 0 0 0 0 9 0 0 1 0 0 0 0 0 2 0 0 0 0 0 0 0 0 0 0 0 -1 0 
0 0 0 0 0 0 0 0 0 0 0 0 0 0 0 0 0 0 0 0 0 0 0 0 0 0 0 0 0 0 0 0 0 0 0 0 0 0 13 0 
0 1 0 0 0 0 0 3 0 0 0 0 0 0 0 0 0 0 0 -3 0 0 0 0 0 0 0 0 0 0 0 0 0 0 0 0 0 0 0 0 
0 0 0 0 0 0 0 0 0 0 0 0 0 0 0 0 0 0 0 5 0 0 1 0 0 0 0 0 1 0 0 0 0 0 0 0 0 0 0 0 
1 0 0 0 0 0 0 0 0 0 0 0 0 0 0 0 0 0 0 0 0 0 0 0 0 0 0 0 0 0 0 0 0 0 0 0 0 0 0 0 
0 0 0 0 1 0 0 0 0 0 0 0 0 0 0 0 0 0 0 0 0 0 0 0 0 0 0 0 0 0 0 0 0 0 0 0 0 0 0 0 
0 0 0 0 0 0 0 0 0 0 0 0 0 0 0 0 0 0 0 0 0 0 0 0 0 1 0 0 0 0 0 0 0 0 0 0 0 0 0 0 
0 0 2 0 0 0 0 0 1 0 0 0 0 0 0 0 0 0 0 0 0 0 0 0 0 0 4 0 0 0 0 0 0 0 0 0 0 0 0 0 
0 0 4 0 0 0 1 0 0 0 0 0 0 0 0 0 0 0 0 0 0 0 0 1 0 0 0 0 0 3 0 0 0 0 0 0 0 0 0 0 
0 0 0 0 0 0 0 12 0 0 0 0 0 0 0 0 0 0 0 0 0 0 0 12 0 0 0 1 0 0 0 0 0 0 0 0 0 0 0 0 
0 0 0 0 -1 0 0 0 0 0 0 0 0 2 0 0 0 0 0 0 0 0 0 0 0 0 0 0 0 0 0 0 0 0 0 0 0 0 0 0 
0 0 0 0 6 0 0 0 1 0 0 0 0 0 0 0 0 0 0 0 0 0 0 0 0 -2 0 0 0 0 0 0 0 0 1 0 0 0 0 0 
0 0 0 0 0 0 0 0 0 0 0 0 0 0 0 0 0 0 0 0 0 0 0 0 0 3 0 0 0 1 0 0 0 0 0 0 0 0 0 0 
0 0 0 0 0 0 0 0 0 0 0 0 0 0 0 1 0 0 0 0 1 0 0 0 0 0 0 0 0 0 0 0 0 0 0 0 0 0 0 0 
0 0 0 0 0 0 3 0 0 0 1 0 0 0 0 0 0 0 0 0 0 0 0 0 0 0 0 -1 0 0 0 0 0 0 0 0 1 0 0 0 
0 0 0 0 0 0 0 0 0 0 0 1 0 0 0 0 0 0 0 0 0 0 0 0 0 0 0 4 0 0 0 1 0 0 0 0 0 0 0 0 
0 0 0 0 0 0 0 0 -1 0 0 0 0 0 0 0 0 0 0 0 0 0 1 0 0 0 0 0 0 0 0 0 0 0 0 0 0 0 0 0 
0 0 0 0 0 0 0 0 0 0 0 0 1 0 0 0 0 0 0 0 0 0 0 0 0 0 0 0 0 1 0 0 0 0 0 0 0 0 0 0 
0 0 0 2 0 0 0 0 0 0 0 0 0 0 0 0 0 0 0 0 0 0 0 0 0 0 0 0 0 0 0 0 0 1 0 0 0 0 0 0 
0 0 0 0 0 0 0 0 0 0 0 0 0 0 0 0 0 0 0 0 0 0 0 0 3 0 0 0 0 0 0 0 0 0 0 0 0 0 0 0 
0 0 0 0 0 0 0 0 0 0 0 0 0 0 1 0 0 0 0 0 0 0 0 0 0 0 0 0 0 0 0 -1 0 0 0 0 0 0 0 0 
0 0 0 0 0 4 0 0 0 0 0 0 0 0 0 0 0 0 0 0 0 0 0 0 0 0 0 0 0 0 0 0 0 0 0 1 0 0 0 0 
0 0 0 0 0 0 0 0 0 0 0 0 -2 0 0 0 0 0 0 0 0 0 0 0 0 0 0 0 0 0 0 0 1 0 0 0 1 0 0 0 
0 0 0 0 0 0 0 0 0 0 0 0 1 0 0 0 1 0 0 0 0 0 0 0 0 0 0 0 0 0 0 0 0 -3 0 0 0 0 0 0 
0 0 0 0 0 0 0 0 0 0 0 0 0 1 0 0 0 0 0 0 0 0 0 0 0 0 0 0 0 0 0 0 0 0 0 0 0 1 0 0 
0 0 0 0 0 0 0 0 0 0 0 0 0 0 -2 0 0 0 0 0 0 0 0 1 0 0 0 0 0 0 0 0 0 0 0 0 0 0 1 0 
0 0 0 0 0 0 0 0 0 0 0 0 0 0 3 0 0 0 1 0 0 0 0 0 0 0 0 0 0 0 0 0 0 0 0 1 0 0 0 0 
0 0 0 0 0 0 0 0 0 0 0 0 0 0 0 0 0 0 0 2 0 0 0 0 0 0 0 0 0 0 0 0 0 0 0 8 0 2 0 1 
0 0 0 0 0 0 0 0 0 0 0 0 0 0 0 0 -2 0 0 0 0 0 0 0 0 0 0 0 0 0 0 0 0 0 0 0 0 0 0 0 
2 0 0 0 0 0 0 0 0 0 0 0 0 0 0 0 4 0 1 0 1 0 0 0 0 0 0 0 0 0 0 0 0 0 0 0 0 1 0 0 
0 0 0 0 0 0 0 0 0 0 0 0 0 0 0 0 0 0 0 0 0 1 0 0 0 0 0 0 0 0 0 0 0 0 0 0 0 4 0 1 
0 1 0 0 0 0 0 0 0 0 0 0 0 0 0 0 0 0 0 0 0 0 0 0 0 0 0 0 0 0 0 0 0 0 0 0 0 0 0 0 
0 0 2 0 0 0 0 0 0 0 0 0 0 0 0 0 0 0 0 0 0 0 1 0 0 0 0 2 0 0 0 0 0 0 0 0 0 0 0 0 
0 0 0 0 0 0 0 0 0 0 0 0 0 0 0 0 0 0 0 0 0 0 0 2 0 0 0 0 0 0 0 0 0 0 0 0 0 0 0 2 
0 0 0 1 0 0 0 0 0 0 0 0 0 0 0 0 0 0 0 0 0 0 0 0 0 0 0 0 0 0 0 0 0 0 0 0 0 0 0 0 
0 0 0 0 3 0 0 0 0 0 0 0 0 0 0 0 0 0 0 0 3 0 0 0 1 0 0 0 0 0 0 0 0 0 0 0 0 0 0 0 
0 -1 0 0 0 0 0 0 0 0 0 0 0 0 0 0 0 0 0 0 0 0 0 0 0 1 0 0 0 0 0 0 0 0 0 0 0 0 0 0 
0 1 0 0 0 2 0 0 0 0 0 0 0 0 0 0 0 0 0 0 0 0 3 0 0 0 0 0 0 0 0 0 0 0 0 0 0 0 0 0 
0 0 0 0 0 0 4 0 0 0 0 0 0 0 0 0 0 0 0 0 0 0 4 0 0 0 3 0 0 0 0 0 0 0 0 0 0 0 0 0 
0 0 0 2 0 0 0 0 0 0 0 0 0 0 0 0 0 0 0 0 0 0 0 0 0 0 0 4 0 0 0 0 0 0 0 0 0 0 0 0 
0 0 0 4 0 0 0 4 0 0 0 0 0 0 0 0 0 0 0 0 0 0 0 0 4 0 0 0 0 0 0 0 0 0 0 0 0 0 0 0 
0 0 0 0 0 0 0 0 8 0 0 0 0 0 0 0 0 0 0 0 0 0 0 0 8 0 0 0 6 0 0 0 0 0 0 0 0 0 0 0 
0 0 0 0 0 4 0 0 0 0 0 0 0 0 0 0 0 0 0 0 0 0 0 0 0 0 0 0 0 1 0 0 0 0 0 0 0 0 0 0 
0 0 0 0 0 1 0 0 0 1 0 0 0 0 0 0 0 0 0 0 0 0 0 0 0 0 1 0 0 0 0 0 0 0 0 0 0 0 0 0 
0 0 0 0 0 0 0 0 0 0 1 0 0 0 0 0 0 0 0 0 0 0 0 0 0 0 0 0 0 0 1 0 0 0 0 2 0 0 0 0 
0 0 0 0 0 0 0 -1 0 0 0 0 0 0 0 0 0 0 0 0 0 0 0 0 0 0 0 0 0 0 0 0 0 0 0 0 0 0 0 0 
0 0 0 0 0 0 0 8 0 0 0 1 0 0 0 0 2 0 0 0 0 0 0 0 0 0 0 0 -2 0 0 0 0 0 0 0 0 0 0 0 
0 0 0 0 0 0 0 0 0 0 0 0 0 0 0 0 0 0 0 0 0 0 0 0 0 0 0 0 4 0 0 0 1 0 0 0 0 1 0 0 
0 0 0 0 0 0 0 0 0 0 0 0 0 0 0 0 0 0 0 0 0 0 0 0 0 0 0 0 0 0 0 0 0 0 0 0 0 0 0 0 
0 0 0 0 0 0 0 0 0 0 0 0 0 0 1 0 0 0 0 0 0 0 0 0 0 0 0 0 0 0 0 0 0 0 0 0 0 0 0 0 
0 0 0 0 0 0 0 0 0 0 0 0 0 0 0 0 0 0 0 0 0 0 0 0 0 0 0 0 0 0 0 0 0 0 0 1 0 0 0 0 
0 0 0 0 0 0 0 0 0 0 0 2 0 0 0 0 0 0 0 0 0 0 0 0 0 1 0 0 0 0 0 0 0 0 0 0 0 0 0 0 
0 0 0 0 0 0 0 0 0 0 0 0 0 0 0 0 1 0 0 0 0 0 0 0 0 0 0 0 0 0 0 0 1 0 0 0 0 0 0 0 
0 0 0 0 0 0 2 0 0 0 0 0 0 0 0 0 0 0 0 0 0 0 0 0 0 0 0 0 0 0 0 0 0 0 0 0 0 1 0 0 
0 0 0 0 0 0 0 0 0 0 0 0 0 0 0 0 0 0 0 0 0 0 0 0 0 0 0 3 0 0 0 0 0 0 0 0 0 0 0 0 
0 0 0 0 0 0 0 0 0 0 0 0 0 0 0 0 0 0 1 0 0 0 0 0 0 0 0 0 0 0 0 0 0 0 -1 0 0 0 0 0 
0 0 0 0 0 0 0 0 4 0 0 0 0 0 0 0 0 0 0 0 0 0 0 0 0 0 0 0 0 0 0 0 0 0 0 0 0 0 0 1 
0 0 0 0 0 0 0 0 0 0 0 0 0 0 0 -2 0 0 0 0 0 0 0 0 0 0 0 0 0 0 0 0 0 0 0 0 0 0 0 6 
0 0 0 0 0 0 0 0 0 2 0 0 0 0 0 0 0 0 0 0 1 0 0 0 0 0 0 0 0 0 0 0 0 0 0 0 2 0 0 0 
0 0 0 0 0 0 0 0 0 0 0 0 0 0 0 0 0 0 0 0 9 0 0 0 0 0 0 0 0 0 3 0 0 0 0 0 0 0 0 0 
0 1 0 0 0 0 0 0 0 0 0 0 0 0 0 0 0 2 0 0 0 0 0 0 0 0 0 0 0 0 0 0 0 0 0 0 0 0 0 0 
0 12 0 0 0 0 0 0 0 0 0 4 0 0 0 0 0 0 0 0 0 0 1 0 0 0 0 0 0 0 0 0 0 0 0 0 0 0 2 0 
0 0 0 0 0 0 0 0 0 0 0 0 0 0 0 0 0 0 0 0 0 0 3 0 0 0 0 0 0 0 0 0 1 0 0 0 0 0 0 0 
0 0 0 1 0 0 0 0 0 0 0 0 0 0 0 0 0 0 0 2 0 0 0 0 0 0 0 0 0 0 0 0 0 0 0 0 0 0 0 0 
0 0 0 2 0 0 0 0 0 0 0 0 0 0 0 0 0 0 0 2 0 0 0 0 1 0 0 0 0 0 0 0 0 0 0 0 0 0 0 0 
0 0 0 0 0 0 0 0 0 0 0 0 0 0 0 0 0 0 0 0 0 0 0 0 3 0 0 0 0 0 0 0 0 0 0 0 0 0 0 0 
3 0 0 0 0 1 0 0 0 0 0 0 0 0 0 0 0 0 0 0 0 -1 0 0 0 0 0 0 0 0 0 0 0 0 0 0 0 0 0 0 
0 0 0 0 0 1 0 0 0 0 0 0 0 0 0 0 0 0 0 0 0 1 0 0 0 0 1 0 0 0 0 0 0 0 0 0 0 0 0 0 
0 0 1 0 0 0 0 0 0 0 0 0 0 0 0 0 0 0 0 0 0 0 0 0 0 0 0 0 0 0 0 0 0 0 0 0 0 0 0 0 
0 0 0 0 0 0 0 0 1 0 0 0 0 0 0 0 0 0 0 0 0 0 0 0 0 0 0 0 0 0 0 0 0 0 0 0 0 0 0 0 
0 0 0 0 0 0 0 0 0 0 0 0 0 0 0 0 0 0 0 0 0 0 0 0 0 0 0 0 0 1 0 0 0 0 0 0 0 0 0 0 
0 0 0 0 2 0 0 0 0 0 0 0 0 0 0 0 0 0 0 0 0 0 0 0 0 0 0 0 0 0 0 0 0 0 0 0 0 0 0 0 
0 0 0 0 0 0 0 0 0 0 1 0 0 0 0 0 0 0 0 0 0 0 0 0 0 4 0 0 0 0 0 0 0 0 0 0 0 0 0 0 
0 0 0 0 0 0 0 0 0 0 0 0 0 0 0 0 0 0 0 0 0 0 0 0 0 0 0 0 0 0 0 1 0 0 0 0 0 0 0 0 
0 0 0 0 0 0 -2 0 0 0 0 0 0 0 0 0 0 0 0 0 1 0 0 0 0 0 0 0 0 0 0 0 0 0 0 0 0 0 0 0 
0 0 0 0 0 0 0 0 0 0 0 0 1 0 0 0 0 0 0 0 0 0 0 0 0 0 0 1 0 0 0 0 0 0 0 0 0 0 0 0 
0 2 0 0 0 0 0 0 0 0 0 0 0 0 0 0 0 0 0 0 0 0 0 0 0 0 0 0 0 0 0 0 0 1 0 0 0 0 0 0 
0 0 0 0 0 0 0 0 0 0 0 0 0 0 0 0 0 0 0 0 0 0 3 0 0 0 0 0 0 0 0 0 0 0 0 0 0 0 0 0 
0 0 0 0 0 0 0 0 0 0 0 0 0 0 1 0 0 0 0 0 0 0 0 0 0 0 0 0 0 -1 0 0 0 0 0 0 0 0 0 0 
0 0 0 4 0 0 0 0 0 0 0 0 0 0 0 0 0 0 0 0 0 0 0 0 0 0 0 0 0 0 0 0 0 0 0 1 0 0 0 0 
0 0 0 0 0 0 0 0 0 0 -2 0 0 0 0 0 0 0 0 0 0 0 0 0 6 0 0 0 0 0 0 0 0 0 0 0 0 0 0 0 
0 0 0 0 0 0 0 0 0 0 0 0 0 0 0 0 1 0 0 0 0 0 0 0 0 0 0 0 0 0 0 -2 0 0 0 0 0 0 0 0 
0 0 0 0 0 0 0 0 0 0 0 0 0 0 0 0 0 0 0 0 0 0 0 0 0 2 0 0 0 0 0 6 0 0 0 0 0 1 0 0 
0 0 0 0 0 0 0 0 0 0 0 0 2 0 0 0 0 0 0 0 0 0 0 0 0 0 0 0 0 0 0 0 0 0 0 0 0 0 0 0 
0 0 0 0 0 0 3 0 0 0 0 0 9 0 0 0 0 0 1 0 0 0 0 0 0 0 0 0 0 0 0 0 0 1 0 0 0 0 0 0 
0 0 0 0 0 0 0 0 0 0 0 0 0 0 0 0 0 0 0 0 0 0 0 0 0 0 0 1 0 0 0 0 0 3 0 0 0 0 0 1 
0 0 0 0 0 0 0 0 0 0 0 0 0 0 3 0 0 0 0 0 0 0 0 0 0 0 0 0 0 0 0 0 0 0 0 0 0 0 2 0 
0 0 0 0 0 0 0 0 0 0 0 0 0 0 2 0 0 0 0 0 1 0 0 0 0 0 0 0 0 0 0 0 0 0 0 2 0 0 0 0 
0 0 0 0 0 0 0 0 0 0 0 0 0 0 0 0 0 0 0 3 0 0 0 0 0 0 0 0 0 0 0 0 0 0 0 3 0 0 0 0 
0 1 0 0 0 0 0 0 0 0 0 0 0 0 0 0 1 0 0 0 0 0 0 0 0 0 0 0 0 0 0 0 0 0 0 0 0 0 0 0 
4 0 0 0 0 0 0 0 0 0 0 0 0 0 0 0 4 0 0 0 0 0 1 0 0 0 0 0 0 0 0 0 0 0 0 0 0 0 0 0 
0 0 0 0 0 0 0 0 0 0 0 0 0 0 0 0 0 0 0 0 0 6 0 0 0 0 0 0 0 0 0 0 0 0 0 0 0 6 0 0 
0 0 0 1 0 0 0 0 0 0 0 0 0 0 0 0 0 0 -2 0 0 0 0 0 0 0 0 0 0 0 0 0 0 0 0 0 0 0 0 0 
0 0 1 0 0 0 0 0 0 0 0 0 0 0 0 0 0 0 1 0 0 0 0 0 1 0 0 0 0 0 0 0 0 0 0 0 0 0 0 3 
0 0 0 0 0 0 0 0 0 0 0 0 0 4 0 0 0 0 0 0 0 0 0 1 0 0 0 0 0 0 0 0 0 0 0 0 0 0 0 1 
0 0 0 0 0 1 0 0 0 0 0 0 0 0 0 0 0 0 0 0 -1 0 0 0 0 0 0 0 0 0 0 0 0 0 0 0 0 0 0 0 
0 0 0 0 0 0 0 0 0 0 0 0 0 0 0 0 0 0 0 0 8 0 0 0 0 0 1 0 0 2 0 0 0 0 0 0 0 0 0 0 
0 0 0 0 0 0 0 0 0 0 0 0 0 0 0 0 0 0 0 0 0 0 0 0 0 0 0 0 0 0 0 0 0 0 0 0 0 0 0 0 
0 12 0 0 0 0 0 1 0 0 3 0 0 0 0 0 0 0 0 0 0 0 -2 0 0 0 0 0 0 0 0 0 0 0 0 0 0 0 0 0 
0 0 0 0 0 0 0 0 0 0 0 0 0 0 0 0 0 0 0 0 0 0 4 0 0 0 0 0 1 0 0 1 0 0 0 0 0 0 0 0 
0 0 0 0 0 0 0 0 0 0 0 0 0 0 0 0 0 0 0 0 0 0 0 0 0 0 0 0 0 0 0 0 0 0 0 0 0 0 0 0 
0 0 0 4 0 0 0 0 0 1 0 0 1 0 0 0 0 0 0 0 0 0 0 0 2 0 0 0 0 0 0 0 0 0 0 0 0 0 0 0 
0 0 0 0 0 0 0 0 0 0 0 0 0 0 0 0 0 0 0 0 0 0 0 0 0 0 0 0 0 0 0 1 0 0 0 0 0 0 0 0 
0 0 0 0 0 3 0 0 0 0 0 0 0 0 0 0 0 0 0 0 0 0 0 0 0 0 0 0 0 0 0 0 0 0 0 0 0 0 0 0 
0 0 0 0 0 0 0 0 0 0 0 0 1 0 0 0 0 0 0 0 0 0 0 0 0 0 4 0 0 0 0 0 0 0 0 2 0 0 0 0 
0 0 0 0 0 0 0 0 0 0 0 0 0 0 0 0 0 0 0 0 0 0 0 0 0 0 6 0 0 0 0 0 0 1 0 0 0 0 0 0 
0 0 0 0 0 0 0 -1 0 0 0 0 0 0 0 0 3 0 0 0 0 0 0 0 0 0 0 0 0 0 0 0 0 0 0 0 0 0 0 0 
0 0 0 0 0 0 0 9 0 0 0 0 0 0 1 0 0 0 0 0 0 0 0 0 0 0 0 0 -3 0 0 0 0 0 0 0 0 4 0 0 
0 0 0 0 0 0 0 0 0 0 0 0 0 0 0 0 0 0 0 0 0 0 0 0 0 0 0 0 12 0 0 0 0 0 0 1 0 0 0 0 
0 0 0 0 0 0 0 0 0 -4 0 0 0 0 0 0 0 0 5 0 0 0 0 0 0 0 0 0 0 0 0 0 0 0 0 0 0 0 0 0 
0 0 0 0 0 0 0 0 0 15 0 0 0 0 0 0 1 0 0 0 0 0 0 0 0 0 0 0 0 0 -6 0 0 0 0 0 0 0 0 1 
0 0 0 0 0 0 0 0 0 0 0 0 0 0 0 0 0 0 0 0 0 0 0 0 0 0 0 0 0 0 3 0 0 0 0 0 0 1 0 0 
0 0 0 0 0 0 0 0 0 0 0 1 0 0 0 0 0 0 0 0 1 0 0 0 0 0 0 0 0 0 0 0 0 0 0 3 0 0 0 0 
0 0 0 0 0 0 0 0 0 0 0 6 0 0 0 0 0 0 1 0 0 0 0 0 0 0 0 0 0 0 0 0 -1 0 0 0 0 0 0 0 
0 0 1 0 0 0 0 0 0 0 0 0 1 0 0 0 4 0 0 0 0 0 0 0 0 0 0 0 0 0 0 0 4 0 0 0 0 0 0 1 
0 0 0 0 0 0 0 0 0 0 0 0 0 -2 0 0 0 0 0 0 0 0 0 0 0 0 1 0 0 0 0 0 0 0 0 0 0 0 0 0 
0 0 0 0 0 0 0 0 0 0 0 0 0 0 0 0 0 0 0 0 1 0 0 0 0 0 0 0 0 0 0 0 0 0 0 0 0 0 0 0 
0 0 0 0 0 0 0 0 1 0 0 0 0 0 0 0 0 0 0 0 0 0 0 0 0 0 0 0 0 0 0 0 0 0 0 0 0 0 0 0 
0 1 0 0 0 0 0 0 0 0 0 0 0 0 0 2 0 0 0 0 0 0 0 0 0 0 0 0 0 1 0 0 0 0 0 0 0 0 0 0 
0 0 0 0 0 0 0 0 0 0 0 0 0 0 0 0 0 0 0 0 0 0 1 0 0 0 0 0 0 0 0 0 0 0 0 0 3 0 0 0 
0 0 0 0 0 0 0 0 0 0 0 0 0 0 0 0 1 0 0 0 0 0 0 0 0 0 0 0 0 0 0 0 0 0 0 0 0 0 0 0 
0 0 0 1 0 0 0 0 0 0 0 0 0 0 0 0 0 0 0 0 0 0 0 0 0 0 0 0 0 0 0 0 0 0 0 0 0 1 0 0 
0 0 0 0 0 0 0 0 0 0 0 0 0 0 0 0 0 0 0 0 0 0 0 0 1 0 0 0 0 0 0 0 0 0 0 0 0 0 -1 0 
0 0 0 0 0 0 0 0 0 0 0 0 0 0 0 0 0 0 1 0 0 0 3 0 0 0 0 0 0 0 0 0 0 0 0 0 0 0 3 0 
0 0 0 0 0 1 0 0 0 0 0 0 0 0 0 0 0 0 0 -3 0 0 0 0 0 0 0 0 0 0 0 0 0 0 0 0 0 0 0 1 
0 0 0 1 0 0 0 0 0 0 0 0 0 0 0 0 0 0 0 1 0 0 0 0 0 0 1 0 0 0 0 0 0 0 0 0 0 0 0 0 
-2 0 0 0 0 0 0 0 0 0 0 0 0 0 0 0 0 0 0 0 1 0 0 0 2 0 0 0 0 0 0 0 0 0 0 0 0 0 0 0 
2 0 0 0 0 0 0 1 0 0 0 0 0 0 0 0 0 0 0 0 0 -2 0 0 0 0 0 0 0 0 0 0 0 0 0 0 0 0 0 0 
0 1 0 0 0 1 0 0 0 0 0 0 0 0 0 0 0 0 0 0 0 1 0 0 0 0 0 0 1 0 0 0 0 0 0 0 0 0 0 0 
0 0 -1 0 0 0 0 0 0 0 0 0 0 0 0 0 0 0 0 0 0 0 0 0 1 0 0 0 0 0 0 0 0 0 0 0 0 0 0 0 
0 0 0 0 0 0 0 0 0 1 0 0 0 0 0 0 0 0 0 0 0 0 0 2 0 0 0 0 0 0 0 0 0 0 0 0 0 0 0 0 
0 0 0 0 0 1 0 0 0 0 0 0 0 0 0 0 0 0 0 0 0 0 0 0 0 0 0 0 0 0 1 0 0 0 0 0 0 0 0 0 
0 0 0 0 3 0 0 0 0 0 0 0 0 0 0 0 0 0 0 0 0 0 0 0 0 0 2 0 0 0 0 0 0 0 0 0 0 0 0 0 
0 0 0 0 0 0 0 0 0 0 0 1 0 0 0 0 0 0 0 0 0 0 0 0 0 1 0 0 0 0 0 0 0 0 0 0 0 0 0 0 
0 0 0 0 0 0 0 2 0 0 0 0 0 0 0 0 0 0 0 0 0 0 0 0 0 0 0 0 0 0 0 0 1 0 0 0 0 0 0 0 
0 0 0 0 0 0 2 0 0 0 0 0 0 0 0 0 0 0 0 1 0 0 0 0 0 0 0 0 0 0 1 0 0 0 0 0 0 0 0 0 
0 0 0 0 0 0 0 0 0 0 0 0 0 1 0 0 0 0 0 0 0 0 0 0 0 0 0 1 0 0 0 0 0 0 0 0 0 0 0 0 
0 0 0 0 0 0 0 1 0 0 0 1 0 0 0 0 0 0 0 0 0 0 0 0 0 0 0 0 0 0 0 0 0 0 1 0 0 0 0 0 
0 0 0 0 0 0 0 0 0 0 0 0 0 0 0 0 0 0 0 0 0 0 0 0 0 0 0 0 0 0 0 0 2 0 0 0 0 0 0 0 
0 0 0 0 0 0 0 0 4 0 1 0 0 0 0 1 0 0 0 0 0 0 0 0 0 0 0 0 0 2 0 0 0 0 0 0 0 0 0 0 
0 0 0 0 0 0 0 0 0 0 0 0 0 3 0 0 0 0 0 0 0 0 0 0 0 0 0 0 0 4 0 1 0 0 0 0 1 0 0 0 
0 0 0 0 0 0 0 0 0 0 4 0 0 0 0 0 0 0 0 0 0 0 0 0 0 0 0 0 0 0 0 0 0 0 0 0 0 0 0 0 
0 0 0 0 1 0 0 0 0 0 3 0 0 0 0 0 0 1 0 0 0 0 0 0 0 0 0 0 0 0 0 3 0 0 0 0 0 0 0 0 
0 0 0 0 0 0 0 0 0 0 0 0 0 0 0 0 0 0 0 0 0 0 0 0 0 0 0 0 0 0 0 2 0 0 0 0 0 0 1 0 
0 0 0 0 0 0 0 0 0 0 0 0 1 0 0 0 0 0 0 0 0 0 0 0 0 0 0 0 0 0 0 0 0 0 0 0 0 0 0 0 
0 0 0 0 0 0 0 0 0 0 0 0 2 0 0 0 0 0 0 1 0 0 0 0 0 0 0 0 0 0 0 0 0 2 0 0 0 0 0 0 
0 0 6 0 0 0 0 0 0 0 0 0 0 0 0 0 0 0 0 0 0 0 0 0 0 0 0 0 0 0 0 0 0 24 0 0 0 0 0 0 
3 0 0 0 0 0 0 0 0 0 0 0 0 0 -6 0 0 0 0 0 0 0 0 2 0 0 0 0 0 0 0 0 0 0 0 0 0 0 0 0 
0 0 0 0 0 0 0 0 0 0 0 0 0 0 8 0 0 0 0 0 0 1 0 0 0 0 0 0 0 0 0 0 0 0 0 -2 0 0 0 0 
0 0 0 0 2 0 0 0 0 0 0 0 0 0 0 0 0 0 0 0 0 0 0 0 0 0 0 0 0 0 0 0 0 0 0 8 0 0 0 0 
0 0 1 0 0 0 0 0 0 0 0 0 0 0 0 0 -3 0 0 0 0 0 0 0 0 3 0 0 0 0 0 0 0 0 0 0 0 0 0 0 
0 0 0 0 0 0 0 0 0 0 0 0 0 0 0 0 11 0 0 0 0 0 0 1 0 0 0 0 0 0 0 0 0 0 0 0 0 -4 0 0 
0 0 0 0 0 0 3 0 0 0 0 0 0 0 0 0 0 0 0 0 0 0 0 0 0 0 0 0 0 0 0 0 0 0 0 0 0 11 0 0 
0 0 0 0 1 0 0 0 0 0 0 0 0 0 0 0 0 0 -5 0 0 0 0 0 0 0 0 1 0 0 0 0 0 0 0 0 0 0 0 0 
0 0 0 0 0 0 0 0 0 0 0 0 0 0 0 0 0 0 5 0 0 0 0 0 0 1 0 0 0 0 0 0 0 0 0 0 0 0 0 0 
0 0 0 0 0 0 0 0 1 0 0 0 0 0 0 0 0 0 0 0 0 0 0 0 0 0 0 0 0 0 0 0 0 0 0 0 0 0 0 5 
0 0 0 0 0 0 1 0 0 0 0 0 0 0 0 0 0 0 0 0 -1 0 0 0 0 0 0 0 0 0 0 0 0 0 1 0 0 0 0 0 
0 0 0 0 0 0 0 0 0 0 0 0 0 0 0 0 0 0 0 0 2 0 0 0 0 0 0 1 0 0 0 0 0 0 0 0 0 0 0 0 
0 1 0 0 0 0 0 0 0 0 0 0 0 0 0 2 0 0 0 0 0 0 0 0 0 0 0 0 0 0 0 0 0 0 0 0 0 0 0 0 
0 2 0 0 0 0 0 0 1 0 0 0 0 0 0 0 0 0 0 0 0 0 0 0 0 0 0 0 0 0 0 0 0 0 0 0 0 0 0 0 
0 0 0 0 1 0 0 0 0 0 0 0 0 0 0 0 0 0 0 0 0 0 2 0 0 0 0 0 0 1 0 0 0 0 0 0 0 0 0 0 
0 0 0 1 0 0 0 0 0 0 0 0 0 0 0 0 0 0 0 0 0 0 0 0 0 2 0 0 0 0 0 0 0 0 0 0 0 0 0 0 
0 0 0 2 0 0 0 0 0 0 1 0 0 0 0 0 0 0 0 0 0 0 0 0 0 0 0 0 0 0 0 0 0 0 0 0 0 0 0 0 
0 0 0 0 0 0 0 0 2 0 0 0 0 0 0 0 0 0 0 0 0 0 0 0 2 0 0 0 0 0 0 1 0 0 0 0 0 0 0 0 
0 0 0 0 0 1 0 0 0 0 0 0 0 0 0 0 0 0 0 0 0 0 0 0 0 0 0 0 0 2 0 0 0 0 0 0 0 0 0 0 
0 0 0 0 0 2 0 0 0 0 0 0 1 0 0 0 0 0 0 0 0 0 0 0 0 0 2 0 0 0 0 0 0 0 0 0 0 0 0 0 
0 0 0 0 0 0 0 0 0 0 3 0 0 0 0 0 0 0 0 0 0 0 0 0 0 0 3 0 0 0 0 0 0 1 0 0 0 0 0 0 
0 0 0 0 0 0 0 0 0 0 0 0 0 0 0 0 0 0 0 0 0 0 0 0 0 0 0 0 0 0 0 3 0 0 0 0 0 0 0 0 
0 0 0 0 0 0 0 3 0 0 0 0 0 0 1 0 0 0 0 0 0 0 0 0 0 0 0 0 1 0 0 0 0 0 0 0 0 0 0 0 
0 0 0 0 0 0 0 0 0 0 0 0 4 0 0 0 0 0 0 0 0 0 0 0 0 0 0 0 4 0 0 0 0 0 0 1 0 0 0 0 
0 0 0 0 0 0 0 0 0 0 0 0 0 0 0 0 0 0 0 0 0 0 0 0 0 0 0 0 0 0 0 0 0 1 0 0 0 0 0 0 
0 0 0 0 0 0 0 0 0 1 0 0 0 0 0 0 1 0 0 0 0 0 0 0 0 0 0 0 0 0 2 0 0 0 0 0 0 0 0 0 
0 0 0 0 0 0 0 0 0 0 0 0 0 0 1 0 0 0 0 0 0 0 0 0 0 0 0 0 0 0 1 0 0 0 0 0 0 1 0 0 
0 0 0 0 0 0 0 0 0 0 0 3 0 0 0 0 0 0 0 0 0 0 0 0 0 0 0 0 0 0 0 0 0 0 0 4 0 0 0 0 
0 0 0 0 0 0 0 0 0 0 0 10 0 2 0 0 0 0 1 0 0 0 0 0 0 0 0 0 0 0 0 0 0 0 0 0 0 0 0 0 
0 0 0 0 0 0 0 0 0 0 0 0 0 0 0 0 2 0 0 0 0 0 0 0 0 0 0 0 0 0 0 0 6 0 1 0 0 0 0 1 
0 0 0 0 0 0 0 0 0 0 0 0 0 1 0 0 0 0 0 0 0 0 0 0 0 0 0 0 0 0 0 0 0 0 0 0 0 1 0 0 
0 0 0 0 0 0 0 0 0 0 0 0 0 6 0 1 0 0 0 0 1 0 0 0 0 0 0 0 0 0 0 0 0 0 0 0 0 0 0 0 
0 0 0 0 0 0 0 0 0 0 0 0 0 0 0 0 0 0 2 0 0 0 0 0 0 0 0 0 0 0 0 0 0 0 6 0 0 0 0 0 
0 2 0 0 0 0 0 0 0 0 0 0 0 0 0 2 0 0 0 0 0 0 0 0 0 0 0 0 0 0 0 0 0 0 0 0 0 0 0 2 
0 0 0 0 0 0 0 0 0 0 0 0 0 0 0 4 0 0 0 0 0 0 1 0 0 0 0 0 0 0 0 0 0 0 0 0 0 0 0 0 
0 0 0 0 0 0 0 0 0 0 0 0 0 0 0 0 0 0 0 0 3 0 0 0 0 0 0 0 0 0 0 0 0 0 0 0 5 0 0 0 
0 0 0 1 0 0 0 0 0 0 0 0 0 0 0 0 0 -1 0 0 0 0 0 0 0 0 0 0 0 0 0 0 0 0 0 0 0 0 0 0 
0 1 0 0 0 0 0 0 0 0 0 0 0 0 0 0 0 3 0 0 0 0 0 0 1 0 0 0 0 0 0 0 0 0 0 0 0 0 0 0 
0 0 0 0 0 0 0 0 0 0 0 0 0 0 0 0 0 0 0 0 0 0 1 0 0 0 0 0 0 0 0 0 0 0 0 0 0 0 3 0 
0 0 0 0 0 1 0 0 0 0 0 0 0 0 0 0 0 0 0 1 0 0 0 0 0 0 0 0 0 0 0 0 0 0 0 0 0 0 0 0 
0 0 0 0 0 0 0 0 0 0 0 0 0 0 0 0 0 0 0 6 0 1 0 0 0 0 1 0 0 0 0 0 0 0 0 0 0 0 0 0 
-1 0 0 0 0 0 0 0 0 0 0 0 0 0 0 0 0 0 0 0 0 0 0 0 0 0 0 0 0 0 0 0 0 0 0 0 0 0 0 0 
10 0 0 0 0 0 0 1 0 2 0 0 0 0 0 0 0 0 0 0 0 -2 0 0 0 0 0 0 0 0 0 0 0 0 0 0 0 0 0 0 
0 0 0 0 0 0 0 0 0 0 0 0 0 0 0 0 0 0 0 0 0 6 0 0 0 0 0 0 1 0 1 0 0 0 0 0 0 0 0 0 
0 0 0 0 0 0 0 0 0 0 0 0 0 0 0 0 0 0 0 0 0 0 0 0 0 0 0 0 0 0 0 0 0 0 0 0 0 0 0 0 
0 0 6 0 0 0 0 0 0 1 0 1 0 0 0 0 0 0 0 0 0 0 0 -1 0 0 0 0 0 0 0 0 0 0 0 0 0 0 0 0 
0 0 0 0 0 0 0 3 0 0 0 0 0 0 0 0 0 0 0 0 0 0 0 6 0 0 0 0 0 0 1 0 0 0 1 0 0 0 0 0 
0 0 0 0 0 0 0 0 0 0 0 0 0 0 0 0 0 0 0 0 0 0 0 0 0 0 0 0 3 0 0 0 0 0 0 0 0 0 0 0 
0 0 0 0 6 0 0 0 0 0 0 1 0 0 0 1 0 0 0 0 0 0 0 0 0 1 0 0 0 0 0 0 0 0 0 0 0 0 0 0 
0 0 0 0 0 0 0 0 0 0 0 0 0 0 0 0 0 0 0 0 0 0 0 0 0 0 1 0 0 0 0 0 1 0 0 0 0 0 0 0 
0 0 0 0 0 0 1 0 0 0 0 0 0 0 0 0 0 0 0 0 0 0 0 0 0 0 0 0 0 0 0 0 0 0 0 0 0 0 0 0 
0 0 0 0 0 0 0 1 0 0 0 0 0 1 0 0 0 0 0 0 0 0 0 0 0 0 0 2 0 0 0 0 0 0 0 0 0 0 0 0 
0 0 0 0 0 0 0 0 0 0 0 0 0 0 0 0 0 0 0 0 0 0 0 0 0 0 0 0 2 0 0 0 0 0 1 0 0 0 0 0 
0 0 0 0 0 0 0 0 0 0 0 0 0 0 0 0 0 0 0 0 0 0 0 0 0 0 0 0 0 0 0 0 0 0 0 0 0 0 0 0 
0 0 0 0 0 0 0 0 0 2 0 0 0 0 0 1 0 0 0 0 0 0 0 0 0 0 0 0 0 -1 0 0 0 0 0 0 0 0 0 0 
0 0 0 0 0 0 0 0 0 0 0 0 0 0 0 0 0 0 0 0 0 0 0 0 0 0 0 0 0 0 3 0 0 0 0 0 1 0 0 0 
0 0 0 0 0 0 0 0 0 0 -2 0 0 0 0 0 0 0 0 0 0 0 0 0 0 0 0 0 0 0 0 0 0 0 0 0 0 0 0 0 
0 0 0 0 0 0 0 0 0 0 0 3 0 0 0 0 0 1 0 0 0 0 0 0 0 0 0 0 0 0 0 -3 0 0 0 0 0 0 0 0 
1 0 0 0 0 0 0 0 0 0 0 0 0 0 0 0 0 0 0 0 0 0 0 0 0 1 0 0 0 0 0 0 0 0 0 0 0 0 1 0 
1 0 0 0 0 0 0 0 0 0 0 0 2 0 0 0 0 0 0 0 0 0 0 0 0 0 0 0 0 0 0 0 0 0 0 0 0 0 0 0 
0 0 0 0 0 0 0 0 0 0 0 0 8 0 0 0 0 0 0 1 0 2 0 0 0 0 0 0 0 0 0 0 0 0 0 0 0 0 0 0 
0 0 0 0 0 0 0 0 0 0 0 0 0 0 0 0 0 0 0 0 0 0 0 0 0 0 0 0 0 0 0 0 0 8 0 0 0 0 0 0 
1 0 2 0 0 0 0 0 0 0 0 0 0 0 -1 0 0 0 0 0 0 0 0 0 0 0 0 0 0 0 0 0 0 0 0 0 0 0 0 0 
0 0 0 0 0 0 0 0 0 0 0 0 0 0 4 0 0 0 0 0 0 1 0 1 0 0 0 0 0 0 0 0 0 0 0 1 0 0 0 0 
0 0 0 0 0 0 0 0 0 0 0 0 0 0 0 0 0 0 0 0 0 0 0 0 0 0 0 0 0 0 0 0 0 0 0 4 0 0 0 0 
0 0 1 0 1 0 0 0 0 0 0 0 0 0 0 0 2 0 0 0 0 0 0 0 0 0 0 0 0 0 0 0 0 0 0 0 0 0 0 0 
3 0 0 0 0 0 0 0 0 0 0 0 0 0 0 0 4 0 0 0 0 0 0 1 0 0 0 1 0 0 0 0 0 0 0 0 0 2 0 0 
0 0 0 0 0 0 0 0 0 0 0 0 0 0 0 0 0 0 0 0 0 3 0 0 0 0 0 0 0 0 0 0 0 0 0 0 0 4 0 0 
0 0 0 0 1 0 0 0 1 0 0 0 0 0 0 0 0 0 3 0 0 0 0 0 0 0 0 0 0 0 0 0 0 0 0 0 0 0 0 0 
0 0 0 0 0 0 0 0 0 0 0 0 0 0 0 0 0 0 0 0 0 0 0 0 0 0 1 0 0 0 0 0 0 0 0 0 0 0 0 2 
0 0 0 0 0 0 0 0 1 0 0 0 0 0 0 0 0 0 0 0 0 0 0 0 0 0 0 0 0 0 0 0 0 0 0 0 0 0 0 3 
0 0 0 0 0 0 0 1 0 0 0 0 0 0 0 0 0 0 0 0 0 0 0 0 0 0 0 0 0 0 0 0 0 0 0 0 0 0 0 0 
0 0 1 0 0 0 0 0 0 0 0 0 0 0 0 0 0 0 0 0 0 0 0 0 0 0 0 0 1 0 0 0 0 0 0 0 0 0 0 0 
0 1 0 0 0 0 0 0 0 0 1 0 0 0 0 0 0 0 0 0 0 0 0 0 0 1 0 0 0 0 0 0 0 0 0 0 0 0 0 0 
0 3 0 0 0 0 0 0 0 1 0 0 0 0 0 0 0 0 0 0 0 0 1 0 0 0 0 0 0 0 0 0 0 0 0 0 0 0 0 0 
0 0 0 0 0 0 1 0 0 0 0 0 0 0 0 0 0 0 0 0 0 0 1 0 0 0 0 0 0 0 1 0 0 0 0 0 0 0 0 0 
0 0 0 1 0 0 0 0 0 0 0 0 0 0 0 0 0 0 0 0 0 0 0 0 0 0 0 0 0 0 0 0 0 0 0 0 0 0 0 0 
0 0 0 4 0 0 0 0 0 0 0 1 1 0 0 0 0 0 0 0 0 0 0 0 0 0 0 0 0 0 0 0 0 0 0 0 0 0 0 0 
0 0 0 0 0 0 0 0 0 0 0 0 0 0 0 0 0 0 0 0 0 0 0 0 0 0 0 0 0 0 0 0 0 1 0 0 0 0 0 0 
0 0 0 0 0 0 0 0 0 0 0 0 0 0 0 0 0 0 0 0 0 0 0 0 0 0 0 0 0 0 0 0 0 0 0 0 0 0 0 0 
0 0 0 0 0 0 0 0 0 0 0 0 0 0 1 0 0 0 0 0 0 0 0 0 0 0 -2 0 0 0 0 0 0 0 0 1 0 0 0 0 
0 0 0 0 0 0 0 0 0 0 0 0 0 0 0 0 0 0 0 0 1 0 0 0 0 0 0 0 0 0 0 0 0 0 0 1 0 0 0 0 
0 0 0 0 0 0 0 -1 0 0 0 0 0 0 0 0 0 0 0 0 0 0 0 0 0 0 0 0 0 0 0 0 0 0 0 0 0 0 0 0 
0 0 0 0 0 0 0 3 0 0 0 0 0 0 0 0 2 0 0 0 0 0 0 0 0 0 0 0 -2 0 0 0 0 0 0 0 0 0 0 0 
0 0 0 0 0 0 0 0 0 0 0 0 0 0 0 0 0 0 0 0 0 0 0 0 0 0 0 0 3 0 0 0 0 0 0 0 0 1 0 0 
0 0 0 0 0 0 0 0 0 -2 0 0 0 0 0 0 0 0 0 0 0 0 0 0 0 0 0 0 0 0 0 0 0 0 0 0 0 0 0 0 
0 0 0 0 0 0 0 0 0 4 0 0 0 0 0 0 0 0 1 0 0 0 0 0 0 0 0 0 0 0 -2 0 0 0 0 0 0 0 0 0 
0 0 0 0 0 0 0 0 0 0 0 0 0 0 0 0 0 0 0 0 0 0 0 0 0 0 0 0 0 0 0 0 0 0 0 0 0 0 0 0 
1 0 0 0 0 0 0 0 0 0 0 0 0 0 0 0 0 0 0 0 0 0 0 0 0 0 0 0 0 0 0 0 0 0 0 0 0 0 0 0 
0 0 0 0 0 0 0 0 0 0 0 0 0 0 0 0 0 0 0 0 0 1 0 0 0 0 0 0 0 0 0 0 -2 0 0 0 0 0 0 0 
0 1 0 0 0 0 0 0 0 0 0 0 0 0 0 0 0 0 0 0 0 0 0 0 0 0 1 0 0 0 0 0 0 0 0 0 0 0 0 0 
0 0 1 0 0 0 0 0 0 0 0 0 0 -1 0 0 0 0 0 0 0 0 0 0 0 0 0 0 0 0 0 0 0 0 0 0 0 0 0 0 
0 0 0 0 0 0 0 0 0 0 0 0 0 3 0 0 0 0 0 0 0 0 0 1 0 0 0 0 0 0 0 0 0 0 -2 0 0 0 0 0 
0 0 0 0 0 0 0 0 0 0 0 0 0 0 0 0 0 0 0 0 0 0 0 0 0 0 0 0 0 0 0 0 0 0 4 0 0 0 0 0 
0 0 0 0 1 0 0 0 0 0 0 0 0 0 0 -2 0 0 0 0 0 0 0 0 0 0 0 0 0 0 0 0 0 0 0 0 0 0 0 0 
0 0 0 0 0 0 0 0 0 0 0 0 0 0 0 0 0 0 0 0 0 0 0 0 0 2 0 0 0 0 0 0 0 0 0 0 -2 0 0 0 
0 0 0 0 0 0 0 0 0 0 0 0 0 0 0 0 0 0 0 0 0 0 0 0 0 0 0 0 0 0 0 0 0 0 0 0 0 0 0 0 
0 0 0 0 0 0 3 0 0 0 0 0 0 0 0 0 0 -2 0 0 0 0 0 0 0 0 0 0 0 0 0 0 0 0 0 0 0 0 0 0 
0 0 0 0 0 0 0 0 0 0 0 0 0 0 0 0 0 0 0 0 0 0 0 0 0 0 0 4 0 0 0 0 0 0 0 0 0 0 -2 0 
0 1 0 0 0 0 0 0 0 0 0 0 0 0 0 0 0 0 0 0 0 0 4 0 0 0 0 0 0 0 0 0 0 0 0 0 0 0 7 0 
0 0 0 0 0 0 0 0 0 1 0 0 0 0 0 0 0 0 0 -3 0 0 0 0 0 0 0 0 0 0 0 0 0 0 0 0 0 0 0 0 
0 0 0 4 0 0 0 0 0 0 0 0 0 0 0 0 0 0 0 4 0 0 0 0 0 0 0 0 0 0 1 0 0 0 0 0 0 0 0 0 
0 0 0 0 0 0 0 0 0 0 0 0 0 0 0 0 0 0 0 0 0 0 0 0 4 0 0 0 0 0 0 0 0 0 0 0 0 0 0 0 
12 0 0 0 0 0 0 0 0 0 0 4 0 0 0 0 0 0 0 0 0 -4 0 0 0 0 0 0 0 0 0 0 0 0 0 0 0 0 0 0 
0 0 0 0 0 3 0 0 0 0 0 0 0 0 0 0 0 0 0 0 0 4 0 0 0 0 0 0 0 0 0 0 1 0 0 0 0 0 0 0 
0 0 -1 0 0 0 0 0 0 0 0 0 0 0 0 0 0 0 0 0 0 0 0 0 0 0 2 0 0 0 0 0 0 0 0 0 0 0 0 0 
0 0 4 0 0 0 0 0 0 0 0 0 0 1 0 0 0 0 0 0 0 0 0 -2 0 0 0 0 0 0 0 0 0 0 0 0 0 0 0 0 
0 0 0 0 0 0 0 0 0 0 0 0 0 0 0 0 0 0 0 0 0 0 0 0 0 0 0 0 0 0 0 0 0 0 0 1 0 0 0 0 
0 0 0 0 3 0 0 0 0 0 0 0 0 2 0 0 0 0 0 0 0 0 0 0 0 0 0 0 0 0 0 0 0 0 0 0 0 0 0 0 
0 0 0 0 6 0 0 0 0 0 0 0 0 0 0 0 1 0 0 0 0 0 0 0 0 -1 0 0 0 0 0 0 0 0 1 0 0 0 0 0 
0 0 0 0 0 0 0 0 0 0 0 0 0 0 0 0 0 0 0 0 0 0 0 0 0 3 0 0 0 0 0 0 0 0 0 0 0 1 0 0 
0 0 0 0 0 0 1 0 0 0 0 0 0 0 0 0 0 0 0 0 0 0 0 0 0 0 0 0 1 0 0 0 0 0 0 0 0 0 0 0 
0 0 0 0 0 0 0 0 0 0 0 0 0 0 0 0 0 0 1 0 0 0 0 0 0 0 0 2 0 0 0 0 0 0 0 0 0 0 0 0 
0 0 0 0 0 0 0 0 0 2 0 0 0 0 0 0 0 0 0 0 0 0 0 0 0 0 0 0 0 0 0 0 0 0 0 0 0 0 0 1 
0 0 0 0 0 0 0 0 1 0 0 0 0 0 0 0 0 0 0 0 0 0 0 0 0 0 0 0 0 0 0 0 2 0 0 0 0 0 0 0 
0 0 0 0 0 0 0 0 4 0 1 0 0 0 0 0 0 0 0 0 1 0 0 0 0 0 0 0 0 2 0 0 0 0 0 0 0 0 0 0 
0 0 0 0 0 0 0 0 0 0 0 0 0 2 0 0 0 0 0 0 0 0 0 0 0 0 0 0 0 2 0 0 0 0 0 0 0 0 0 0 
0 1 0 0 0 0 0 0 0 0 1 0 0 0 0 0 0 0 0 0 0 0 0 0 0 0 0 0 0 0 0 0 0 0 3 0 0 0 0 0 
0 0 0 0 0 0 0 0 0 0 3 0 0 0 0 0 0 0 0 0 0 0 1 0 0 0 0 0 0 0 0 0 0 0 0 0 0 0 0 0 
0 0 0 0 0 0 0 0 0 0 0 0 0 0 0 4 0 0 0 0 0 0 0 0 0 0 0 0 0 0 0 4 0 0 0 0 0 0 0 0 
0 0 0 1 0 0 0 0 0 0 0 0 -1 0 0 0 0 0 0 0 0 0 0 0 0 0 0 0 0 0 0 0 0 0 0 0 2 0 0 0 
0 0 0 0 0 0 0 0 0 0 0 0 2 0 0 0 0 0 0 0 0 0 0 0 2 0 0 0 0 0 0 0 0 4 0 0 0 0 0 0 
0 0 0 0 0 0 0 0 0 0 0 0 0 0 0 0 0 5 0 0 0 0 0 0 0 0 0 0 0 0 0 0 0 5 0 0 0 0 0 0 
0 0 0 0 0 3 0 0 0 0 0 0 0 0 4 0 0 0 0 0 0 0 0 0 0 0 0 0 0 0 0 0 0 0 0 0 0 0 1 0 
0 0 0 0 0 0 0 0 0 0 0 0 0 0 1 0 0 0 0 0 0 0 0 0 0 0 1 0 0 0 0 0 0 0 0 2 0 0 0 0 
0 0 0 0 0 0 0 0 0 0 0 0 0 0 0 0 0 0 0 0 0 0 0 0 0 0 0 0 0 0 0 0 0 0 0 8 0 0 0 0 
0 0 0 0 2 0 0 1 0 0 0 0 0 0 0 0 -1 0 0 0 0 0 0 0 0 0 0 0 0 0 0 0 0 0 0 0 0 0 0 0 
0 0 0 0 0 0 0 0 0 0 0 0 0 0 0 0 4 0 0 0 0 0 0 0 0 1 0 0 1 0 0 0 0 0 0 0 0 1 0 0 
0 0 0 0 0 0 0 0 0 0 0 0 0 0 0 0 0 0 0 0 0 3 0 0 0 0 0 0 0 0 0 0 0 0 0 0 0 4 0 0 
0 0 0 0 0 0 0 0 1 1 0 0 0 0 0 0 0 0 2 0 0 0 0 0 0 0 0 0 0 0 0 0 0 0 0 0 0 0 0 0 
0 0 0 0 0 0 0 0 0 0 0 0 0 0 0 0 0 0 0 0 0 0 0 0 0 0 0 0 0 0 0 1 0 0 0 0 0 0 0 2 
0 0 0 0 0 0 0 0 0 0 0 0 0 0 0 0 0 0 0 0 0 0 0 0 0 0 0 0 0 0 0 0 0 0 0 0 0 0 0 0 
0 0 0 0 0 0 0 0 0 0 0 0 1 0 0 0 0 0 0 0 4 0 0 0 0 0 0 0 1 0 0 0 0 0 0 0 0 0 0 0 
0 0 0 0 0 0 0 0 0 0 0 0 0 0 0 0 0 0 0 0 0 0 0 0 0 0 0 0 0 0 0 0 0 1 0 0 0 0 0 0 
0 1 0 0 0 0 0 0 0 2 0 0 0 0 0 0 0 0 0 0 0 0 0 0 0 0 0 0 0 0 0 0 0 0 0 0 0 0 0 0 
0 0 0 0 0 0 0 0 0 0 0 0 0 0 1 0 0 0 0 0 0 0 0 0 0 0 0 0 0 0 3 0 0 0 0 0 0 0 0 0 
0 0 0 0 0 0 0 0 0 0 0 0 0 0 0 0 0 0 0 0 0 0 0 0 0 0 0 0 0 0 0 0 0 0 0 1 0 0 0 0 
0 0 0 -1 0 0 0 0 0 0 0 0 0 0 0 0 0 1 0 0 0 0 0 0 0 0 0 0 0 0 0 0 0 0 0 0 0 0 0 0 
0 0 0 0 0 0 0 0 0 0 0 0 0 0 0 0 1 0 0 0 0 0 0 0 1 0 0 0 0 0 0 0 0 0 0 0 0 0 1 0 
0 0 0 0 0 0 0 0 0 0 0 0 0 0 0 0 0 0 0 0 0 0 0 0 0 0 0 0 0 0 0 0 0 0 0 0 0 1 0 0 
0 0 0 0 0 3 0 0 0 0 0 0 0 0 0 0 0 0 0 2 0 0 0 0 0 0 0 0 0 0 0 0 0 0 0 0 0 0 0 0 
0 0 0 0 0 0 0 0 0 0 0 0 0 0 0 0 0 0 1 0 0 0 0 0 0 0 0 0 0 0 0 0 0 0 0 0 0 0 0 0 
2 0 0 0 0 0 0 0 0 0 0 0 0 0 0 0 0 0 0 0 0 0 0 0 0 0 0 0 0 0 0 0 0 0 0 0 0 0 0 1 
0 0 0 0 0 0 0 2 0 0 0 0 0 0 0 0 0 0 0 0 0 3 0 0 0 0 0 0 0 0 0 0 0 0 0 0 0 0 0 0 
0 0 0 0 0 0 0 0 0 0 0 0 0 0 0 0 0 0 0 0 1 0 0 0 0 0 0 0 -1 0 0 0 0 0 0 0 0 0 0 0 
0 0 4 0 0 0 0 0 0 0 0 0 0 0 0 0 0 0 0 0 0 0 0 0 0 0 0 0 0 0 0 0 0 0 0 0 0 0 0 0 
0 1 0 0 0 0 0 0 0 0 0 0 0 0 0 0 0 0 0 0 0 0 0 4 0 0 0 0 0 0 0 0 0 0 0 0 0 0 0 0 
0 0 0 0 0 0 0 0 0 0 0 0 0 0 0 0 0 0 0 0 0 0 1 0 0 0 0 0 0 0 -2 0 0 0 0 0 0 0 0 0 
0 0 0 0 5 0 0 0 0 0 0 0 0 0 0 0 0 0 0 0 0 0 0 0 0 0 0 0 0 0 0 0 0 0 0 0 0 0 0 0 
0 0 0 1 0 0 0 0 0 0 0 -1 0 0 0 0 0 0 0 0 0 0 0 0 0 6 0 0 0 0 0 0 0 0 0 0 0 0 0 0 
0 0 0 0 0 0 0 0 0 0 0 0 0 0 0 0 0 0 0 0 0 0 0 0 1 0 0 0 0 0 0 0 -2 0 0 0 0 0 0 0 
0 0 0 0 0 0 0 0 0 0 0 0 0 0 1 0 0 0 0 0 0 0 0 0 0 0 0 0 0 0 0 0 0 0 0 0 0 0 0 0 
0 0 0 0 0 1 0 0 0 0 0 0 0 1 0 0 0 0 0 0 0 0 0 0 0 0 0 0 0 0 0 0 0 0 0 2 0 0 0 0 
0 0 0 0 0 0 0 0 0 0 0 0 0 0 0 0 0 0 0 0 0 0 0 0 0 0 1 0 0 0 0 0 0 0 0 0 0 0 0 0 
0 0 0 0 0 0 0 0 0 0 0 0 0 0 0 0 3 0 0 0 0 0 0 0 0 0 0 0 0 0 0 0 0 0 0 0 0 0 0 0 
0 0 0 0 0 0 0 1 0 0 0 0 0 0 0 -1 0 0 0 0 0 0 0 0 0 0 0 0 0 0 0 0 0 0 0 0 0 6 0 0 
0 0 0 0 0 0 0 0 0 0 0 0 0 0 0 0 0 0 0 0 0 0 0 0 0 0 0 0 1 0 0 0 0 0 0 0 -2 0 0 0 
0 0 0 0 0 0 0 0 0 0 0 0 0 0 0 0 0 0 0 0 4 0 0 0 0 0 0 0 0 0 0 0 0 0 0 0 8 0 2 0 
0 0 0 0 0 0 0 0 0 1 0 0 0 0 0 0 0 0 0 0 0 0 0 0 0 0 0 0 0 0 0 0 0 0 0 0 0 0 0 0 
0 2 0 0 0 0 0 0 0 0 0 0 0 0 0 0 0 8 0 2 0 0 0 0 0 0 0 0 0 0 1 0 0 0 0 0 0 0 -2 0 
0 0 0 0 0 0 0 0 0 0 0 0 0 0 0 0 0 0 0 0 0 0 3 0 0 0 0 0 0 0 0 0 0 0 0 0 0 0 12 0 
3 0 0 0 0 0 0 0 0 0 0 1 0 0 0 0 0 0 0 -4 0 0 0 0 0 0 0 0 0 0 0 0 0 0 0 0 0 0 0 0 
0 0 0 2 0 0 0 0 0 0 0 0 0 0 0 0 0 0 0 4 0 1 0 0 0 0 0 0 0 0 0 0 1 0 0 0 0 0 0 0 
1 0 0 0 0 0 0 0 0 0 0 0 0 0 0 0 0 0 0 0 0 0 0 0 1 0 0 0 0 0 0 0 0 0 0 0 0 0 0 0 
4 0 1 0 0 0 0 0 0 0 0 0 0 1 0 0 0 0 0 0 0 0 0 0 0 0 0 0 0 0 0 0 0 0 0 0 0 0 0 0 
0 0 0 0 0 3 0 0 0 0 0 0 0 0 0 0 0 0 0 0 0 8 0 2 0 0 0 0 0 0 0 0 0 0 1 0 0 0 0 0 
0 0 -1 0 0 0 0 0 0 0 0 0 0 0 0 0 0 0 0 0 0 0 0 0 0 0 0 0 0 0 0 0 0 0 0 0 2 0 0 0 
0 0 6 0 0 0 0 0 0 0 0 0 0 0 0 1 0 0 0 0 0 0 0 0 0 0 0 0 0 0 0 0 0 0 0 0 0 0 0 0 
0 0 0 0 0 0 0 0 0 0 0 0 0 0 0 0 0 1 0 0 0 0 0 3 0 0 0 0 0 0 0 0 0 0 0 0 1 0 0 0 
0 0 0 0 1 0 0 0 0 0 0 0 0 0 0 0 0 0 0 0 0 0 0 0 0 0 0 0 2 0 0 0 0 0 0 0 0 0 0 0 
0 0 0 0 2 0 0 0 0 0 0 0 0 0 0 0 0 1 0 0 0 0 0 0 0 0 0 0 0 0 0 0 0 0 0 0 0 0 0 0 
0 0 0 0 0 0 0 0 0 3 0 0 0 0 0 0 0 0 0 0 0 0 0 0 0 3 0 0 0 0 0 0 0 0 0 0 0 0 1 0 
0 0 0 0 0 0 -1 0 0 0 0 0 0 0 0 0 0 0 0 0 0 0 0 0 0 0 0 0 0 0 4 0 0 0 0 0 0 0 0 0 
0 0 0 0 0 0 4 0 0 0 0 0 0 0 0 0 0 0 0 1 0 0 0 0 0 0 0 0 0 0 0 0 0 0 0 0 0 0 0 0 
0 0 0 0 0 0 0 0 0 0 0 5 0 0 0 0 0 0 0 0 0 0 0 0 0 0 0 5 0 0 0 0 0 0 0 0 0 0 0 0 
1 0 0 0 0 0 0 0 -1 0 0 0 0 0 0 0 0 0 0 0 0 0 0 0 0 0 0 0 0 0 0 0 6 0 0 0 0 0 0 0 
0 0 0 0 0 0 0 0 6 0 0 0 0 0 0 0 0 0 0 0 0 1 0 0 0 0 0 0 0 -2 0 0 0 0 0 0 0 0 0 0 
0 0 0 0 0 0 0 0 0 0 0 0 0 4 0 0 0 0 0 0 0 0 0 0 0 0 0 0 0 4 0 0 0 0 0 0 0 0 0 0 
0 0 3 0 0 0 0 0 0 0 2 0 0 0 0 0 0 0 0 0 0 0 0 0 0 0 0 0 0 0 0 0 0 0 1 0 0 0 0 0 
0 0 0 0 0 0 0 0 0 0 1 0 0 0 0 0 0 0 0 0 0 0 0 1 0 0 0 0 0 0 0 1 0 0 0 0 0 0 0 0 
0 0 0 0 0 1 0 0 0 0 0 0 0 0 0 1 0 0 0 0 0 0 0 0 0 0 0 0 0 0 0 1 0 0 0 0 0 0 0 0 
0 0 0 0 1 0 0 0 0 0 0 0 0 0 0 0 0 0 0 0 0 0 0 0 0 0 0 0 0 0 0 0 0 0 0 0 0 0 0 0 
0 0 0 0 0 0 0 0 0 0 0 0 4 0 1 0 0 0 0 0 0 0 0 0 0 1 0 0 0 0 0 0 0 -1 0 0 0 0 0 0 
0 0 1 0 0 0 0 0 0 0 0 0 0 0 0 0 0 0 0 0 0 0 0 0 0 0 0 1 0 0 0 0 0 0 0 0 0 0 0 0 
0 0 1 0 0 0 1 0 0 0 0 0 0 0 1 0 0 0 0 0 0 0 0 0 0 0 0 0 0 0 0 0 0 0 0 0 0 0 0 0 
0 0 0 0 0 0 0 0 0 0 0 0 0 0 4 0 0 0 0 0 0 0 0 1 0 0 0 1 0 0 0 0 0 0 0 0 0 0 0 0 
0 0 0 0 0 0 0 0 0 0 0 0 0 0 0 0 0 0 0 0 0 0 0 0 0 0 0 0 0 0 0 0 0 0 0 0 0 0 0 0 
0 0 0 0 0 0 0 0 0 1 0 0 0 0 0 0 2 0 0 0 0 0 1 0 0 0 0 0 0 0 0 0 0 0 0 0 0 0 0 0 
4 0 0 0 0 0 0 0 0 0 0 0 0 0 0 0 4 0 0 0 0 0 0 0 0 0 0 0 0 0 1 0 0 0 0 0 0 1 0 0 
0 0 0 0 0 0 1 0 0 0 0 0 0 0 0 0 0 0 0 0 0 0 0 0 0 0 0 0 0 0 0 0 0 0 0 0 0 3 0 0 
0 0 0 0 0 0 0 0 0 0 0 1 0 0 0 0 0 0 0 0 0 0 0 0 0 0 0 0 0 0 0 0 0 0 0 0 0 0 0 0 
1 0 0 0 0 0 0 0 0 0 0 0 0 0 0 0 0 0 0 0 0 0 0 0 0 0 0 0 0 0 0 0 1 0 0 0 0 0 0 1 
0 0 0 0 0 0 0 0 1 0 0 0 0 0 0 0 0 0 0 0 0 0 0 1 0 0 0 0 0 0 0 0 0 0 0 0 0 0 0 3 
0 0 0 0 0 0 0 0 0 0 0 0 0 1 0 0 0 0 0 0 1 0 0 0 0 0 0 0 0 0 0 0 0 0 0 0 0 0 0 0 
0 0 0 0 2 0 0 0 0 0 0 0 0 0 0 0 0 0 0 0 4 0 1 0 0 0 0 0 0 0 0 0 0 0 1 0 0 0 0 0 
0 1 0 0 0 0 0 0 0 0 0 0 0 0 0 0 0 0 0 0 0 0 0 0 0 1 0 0 0 0 0 0 0 0 0 0 0 0 0 0 
0 4 0 1 0 0 0 0 0 0 0 0 0 0 0 1 0 0 0 0 0 0 0 0 0 0 0 0 0 0 0 0 0 0 0 0 0 0 0 0 
0 0 0 0 0 0 1 0 0 0 0 0 0 0 0 0 0 0 0 0 0 0 1 0 0 0 0 0 0 0 0 0 0 0 0 0 1 0 0 0 
0 0 0 1 0 0 0 0 0 0 0 0 0 0 0 0 0 0 0 0 0 0 0 0 0 0 0 0 0 0 0 0 0 0 0 0 0 0 0 0 
0 0 0 4 0 1 0 0 0 0 0 0 0 0 0 0 0 1 0 0 0 0 0 0 -1 0 0 0 0 0 0 0 0 0 0 0 0 0 0 0 
0 0 0 0 0 0 0 0 0 0 0 0 0 0 0 0 0 0 0 0 0 0 0 0 4 0 0 0 0 0 0 0 0 1 0 0 0 0 1 0 
0 0 0 0 0 0 0 0 0 0 0 0 0 0 3 0 0 0 0 0 0 0 0 0 0 0 0 0 0 0 0 0 0 0 0 0 0 0 0 0 
0 0 0 0 0 11 0 0 0 0 0 0 0 0 0 0 0 0 0 2 0 0 0 1 0 0 0 0 0 0 0 0 0 0 0 3 0 0 0 0 
0 0 0 0 0 0 0 0 0 0 0 0 0 0 0 0 0 0 0 0 0 0 0 0 0 0 11 0 0 0 0 0 0 0 0 0 0 0 0 0 
1 0 0 0 1 0 0 -2 0 0 0 0 0 0 0 0 0 0 0 0 0 0 0 0 0 0 0 0 0 0 0 0 0 0 0 0 0 0 0 0 
0 0 0 0 0 0 0 0 0 0 0 0 0 0 0 0 0 0 0 0 0 0 1 0 0 0 0 0 3 0 0 0 0 0 0 0 0 1 0 0 
0 0 0 0 0 0 0 0 0 0 0 0 2 0 0 0 0 0 0 0 0 0 0 0 0 0 0 0 5 0 0 0 0 0 0 0 0 0 0 0 
0 0 0 1 0 0 0 0 0 0 0 0 0 0 0 0 0 0 1 0 0 0 0 0 0 0 0 0 0 0 0 0 0 3 0 0 0 0 0 0 
0 0 0 0 0 0 0 0 0 6 0 0 0 0 0 0 0 0 0 0 0 0 0 0 1 0 0 0 0 0 -1 0 0 0 0 0 0 0 0 0 
0 0 0 0 5 0 0 0 0 0 0 0 0 0 0 0 0 0 0 0 0 0 0 0 0 0 0 0 0 0 0 0 0 0 0 0 0 0 0 0 
0 0 0 0 0 1 0 0 0 0 0 -1 0 0 0 0 0 0 0 0 0 0 0 0 0 6 0 0 0 0 0 0 0 0 0 0 0 0 0 0 
0 0 0 0 0 0 0 0 0 0 0 0 0 0 0 0 0 0 0 0 0 0 0 0 0 0 1 0 0 0 0 0 -2 0 0 0 0 0 0 0 
0 0 0 0 0 0 0 0 0 0 0 0 0 0 0 0 0 0 0 0 0 0 0 0 0 0 0 0 0 0 0 0 4 0 0 0 0 0 0 0 
0 0 0 0 0 0 0 1 0 0 0 0 0 -1 0 0 0 0 0 0 0 0 0 0 0 0 0 10 0 0 0 0 0 0 0 0 0 0 0 0 
0 0 0 0 0 0 0 0 0 0 0 0 0 1 0 0 0 0 0 0 0 0 0 0 0 0 0 0 2 0 0 0 0 0 -4 0 0 0 0 0 
0 0 0 0 0 0 0 0 0 0 0 0 0 0 0 0 0 0 2 0 0 0 0 0 0 0 0 0 0 0 0 0 0 0 4 0 0 0 0 0 
0 0 0 0 0 0 0 0 0 2 0 0 0 0 0 2 0 0 0 0 0 0 0 0 0 0 0 0 0 0 0 0 0 0 0 0 0 0 0 2 
0 0 0 0 0 0 0 0 0 0 0 0 0 0 0 3 0 0 0 0 0 0 0 0 0 0 0 0 0 0 1 0 0 0 0 0 0 0 0 0 
0 0 0 0 0 0 0 0 0 0 0 0 0 0 0 0 0 0 0 0 3 0 0 0 0 0 0 0 0 0 0 0 0 0 0 0 4 0 0 0 
0 0 0 0 0 0 0 0 0 0 0 1 0 0 0 0 0 -1 0 0 0 0 0 0 0 0 0 0 0 0 0 0 0 0 0 0 0 0 0 0 
0 0 0 0 0 0 0 0 0 0 0 0 0 0 0 0 0 0 0 0 0 0 0 0 0 0 0 0 0 0 0 0 0 1 0 0 0 0 4 0 
0 0 0 0 0 0 0 5 0 0 0 0 0 0 0 0 0 0 0 0 0 0 0 0 0 0 0 0 0 0 0 0 0 0 0 0 0 0 15 0 
0 0 0 0 0 0 0 0 0 0 0 0 0 0 1 0 0 0 0 -6 0 0 0 0 0 0 0 0 0 0 0 0 0 1 0 0 0 0 0 0 
0 0 0 0 0 0 0 0 0 0 0 0 0 0 0 0 0 0 0 0 0 0 0 0 0 0 0 0 0 0 0 0 0 0 0 1 0 0 0 0 
3 0 0 0 0 0 0 0 0 0 0 0 0 0 0 0 0 0 0 0 0 0 1 0 0 0 0 0 0 0 0 0 0 0 0 0 0 0 0 0 
0 0 0 0 0 0 0 0 0 0 0 0 0 0 0 0 1 0 0 0 0 3 0 0 0 0 0 0 0 0 0 0 0 0 0 0 0 0 0 0 
0 0 0 2 0 0 0 0 0 0 0 0 0 0 0 0 0 0 0 0 0 0 0 0 0 0 0 0 0 0 0 0 0 0 0 0 0 1 0 0 
0 0 2 0 0 0 0 0 0 0 0 0 0 0 0 0 0 0 0 0 0 0 0 0 3 0 0 0 0 0 0 0 0 0 0 0 0 0 0 0 
0 0 0 0 0 0 0 0 0 0 0 0 0 0 0 0 0 0 1 0 0 0 0 1 0 0 0 0 0 0 0 0 0 0 0 0 0 0 0 0 
0 0 0 0 0 4 0 0 0 0 0 0 0 0 0 0 0 0 0 0 0 0 0 0 0 0 0 0 0 0 0 0 0 0 0 0 0 0 0 1 
0 0 0 0 0 0 0 0 0 0 0 0 0 0 0 0 0 0 0 0 0 0 0 0 0 0 6 0 0 0 0 0 0 0 0 0 0 0 0 0 
0 0 0 0 0 0 0 0 0 0 0 0 0 0 0 0 0 0 0 0 1 0 0 0 0 -2 0 0 0 0 0 0 0 0 0 0 0 0 0 0 
0 0 0 0 0 0 0 0 0 4 0 0 0 0 0 0 0 0 0 0 0 0 0 0 0 8 0 2 0 0 0 0 0 0 0 0 0 0 0 0 
0 1 0 0 0 0 2 0 0 0 0 0 0 0 0 0 0 0 0 0 0 0 0 0 0 0 0 0 0 0 2 0 0 0 0 0 0 0 0 0 
0 0 0 0 0 0 4 0 1 0 0 0 0 0 0 0 0 0 0 0 0 0 1 0 0 0 0 3 0 0 0 0 0 0 0 0 0 0 0 0 
0 0 0 0 0 0 0 0 0 0 0 3 0 0 0 0 0 0 0 0 0 0 0 0 0 0 0 4 0 1 0 0 0 0 0 0 0 0 0 0 
0 0 0 1 0 0 0 0 4 0 0 0 0 0 0 0 0 0 0 0 0 0 0 0 0 0 0 0 0 0 0 0 5 0 0 0 0 0 0 0 
0 0 0 0 0 0 0 0 8 0 2 0 0 0 0 0 0 0 0 0 0 0 0 0 1 0 0 0 0 3 0 0 0 0 0 0 0 0 0 0 
0 0 0 0 0 0 0 0 0 0 0 0 0 0 0 0 2 0 0 0 0 0 0 0 0 0 0 0 0 6 0 0 0 0 0 0 0 0 0 0 
0 0 0 0 0 1 0 0 0 0 2 0 0 0 0 0 0 0 0 0 0 0 0 0 0 0 0 0 0 0 0 0 0 0 0 0 0 3 0 0 
0 0 0 0 0 0 0 0 0 0 9 0 0 0 0 0 0 0 0 0 0 0 0 0 0 0 1 0 0 0 0 1 0 0 0 0 0 0 0 0 
0 0 0 0 0 0 0 0 0 0 0 0 0 0 0 0 0 0 1 0 0 0 0 0 0 0 0 0 0 0 0 3 0 0 0 0 0 0 0 0 
0 0 0 0 0 0 0 1 0 0 0 0 3 0 0 0 0 0 0 0 0 0 0 0 0 0 0 0 0 0 0 0 0 0 0 0 0 0 0 0 
0 0 0 0 0 0 2 0 0 0 0 0 6 0 0 0 0 0 0 0 0 0 0 0 0 0 0 0 1 0 0 0 0 2 0 0 0 0 0 0 
0 0 0 0 0 0 0 0 0 0 0 0 0 0 0 0 0 0 0 0 0 0 0 0 0 0 0 1 0 0 0 0 0 3 0 0 0 0 0 0 
0 0 0 0 0 0 0 0 0 1 0 0 0 0 3 0 0 0 0 0 0 0 0 0 0 0 0 0 0 0 0 0 0 0 0 0 0 0 2 0 
0 0 0 0 0 0 0 0 0 0 0 0 0 0 2 0 0 0 0 0 0 0 0 0 0 0 0 0 0 0 1 0 0 0 0 2 0 0 0 0 
0 0 0 0 0 0 0 0 0 0 0 0 0 0 0 0 0 0 0 4 0 0 0 0 0 0 0 0 0 0 0 0 0 0 0 4 0 0 0 0 
0 0 0 0 0 0 0 0 0 0 0 1 0 0 0 0 0 0 0 0 0 0 0 0 0 0 0 0 0 0 0 0 0 0 0 0 0 0 0 0 
2 0 0 0 0 0 0 0 0 0 0 0 0 0 0 0 2 0 0 0 0 0 0 0 0 0 0 0 0 0 0 0 2 0 0 0 0 6 0 0 
0 0 0 0 0 0 0 0 0 0 0 0 0 0 0 0 0 0 0 0 0 3 0 0 0 0 0 0 0 0 0 0 0 0 0 0 0 3 0 0 
0 0 0 0 0 0 0 0 0 0 0 0 0 2 0 0 0 0 5 0 0 0 0 0 0 0 0 0 0 0 0 0 0 0 0 0 0 0 0 0 
0 0 12 0 0 0 0 0 0 0 0 0 0 0 0 0 0 0 12 0 0 0 0 0 0 0 0 0 0 0 0 0 0 0 4 0 0 0 0 4 
0 0 0 0 0 0 0 0 0 0 0 0 0 0 0 0 0 0 0 0 0 0 0 8 0 0 0 0 0 0 0 0 0 0 0 0 0 0 0 8 
0 0 0 0 0 0 0 0 0 0 0 0 0 0 0 4 0 0 0 0 8 0 0 0 0 0 0 0 0 0 0 0 0 0 0 0 0 0 0 0 
0 0 0 0 14 0 0 0 0 0 0 0 0 0 0 0 0 0 0 0 14 0 0 0 0 0 0 0 0 0 0 0 0 0 0 0 6 0 0 0 
0 10 0 0 0 0 0 0 0 0 0 0 0 0 0 0 0 0 0 0 0 0 0 0 0 15 0 0 0 0 0 0 0 0 0 0 0 0 0 0 
0 15 0 0 0 0 0 0 0 0 0 0 0 0 0 0 0 6 0 0 0 0 9 0 0 0 0 0 0 0 0 0 0 0 0 0 0 0 0 0 
0 0 0 0 0 0 1 0 0 0 0 0 0 0 0 0 0 0 0 0 0 0 1 0 0 0 0 0 0 0 0 0 0 0 0 0 0 0 1 0 
0 0 0 3 0 0 0 0 0 0 0 0 2 0 0 0 0 0 0 0 0 0 0 0 0 0 0 2 0 0 0 0 0 0 0 0 0 0 0 0 
0 0 0 8 0 0 0 0 0 0 0 0 0 0 0 0 0 0 0 1 0 0 0 0 -2 0 0 0 0 0 0 0 0 1 0 0 0 0 0 0 
0 0 0 0 0 0 0 0 2 0 0 0 0 0 0 0 0 0 0 0 0 0 0 0 5 0 0 0 0 0 0 0 0 0 0 0 0 0 0 0 
1 0 0 0 0 0 0 0 0 0 0 0 0 0 1 0 0 0 0 0 0 0 0 0 0 0 0 0 0 3 0 0 0 0 0 0 0 0 0 0 
0 0 0 0 0 6 0 0 0 0 0 0 0 0 0 0 0 0 0 0 0 1 0 0 0 0 -1 0 0 0 0 0 0 0 0 1 0 0 0 0 
0 0 0 0 0 0 0 0 0 0 4 0 0 0 0 0 0 0 0 0 0 0 0 0 0 0 7 0 0 0 0 0 0 0 0 0 0 0 0 0 
0 0 1 0 0 0 0 -2 0 0 0 0 0 0 0 0 4 0 0 0 0 0 0 0 0 0 0 0 0 0 0 1 0 0 0 0 0 0 0 0 
0 0 0 0 0 0 0 13 0 0 0 0 0 0 0 0 0 0 0 0 0 0 0 1 0 0 0 0 -5 0 0 0 0 0 0 0 0 0 0 0 
0 0 0 0 0 0 0 0 0 0 0 0 12 0 0 0 0 0 0 0 0 0 0 0 0 0 0 0 15 0 0 0 0 0 0 0 0 0 0 3 
0 0 0 0 1 0 0 0 0 -2 0 0 0 0 0 0 0 0 2 0 0 0 0 0 0 0 0 0 0 0 0 0 0 0 0 0 0 0 0 0 
0 0 0 2 0 0 0 0 0 0 0 0 0 0 0 0 0 0 2 0 0 0 0 0 0 1 0 0 0 0 2 0 0 0 0 0 0 0 0 1 
0 0 0 0 0 0 0 0 0 0 0 0 0 0 0 0 0 0 0 0 0 0 0 0 1 0 0 0 0 0 0 0 0 0 0 0 0 0 0 1 
0 0 0 0 0 0 1 0 0 0 0 3 0 0 0 0 0 0 0 0 0 0 0 0 0 0 0 0 0 0 0 0 0 0 0 0 0 0 0 0 
0 0 0 0 0 0 0 0 0 0 0 8 0 0 0 0 0 0 0 0 2 0 0 0 0 0 0 1 0 0 0 0 0 0 0 0 0 0 0 0 
0 0 0 0 0 0 0 0 0 0 0 0 0 0 0 0 0 0 0 0 0 0 0 0 0 0 0 0 0 0 0 0 12 0 0 0 0 0 0 0 
0 3 0 0 0 0 0 0 1 0 0 0 0 -2 0 0 0 0 0 0 0 0 0 0 0 0 0 0 0 0 0 0 0 0 0 0 0 0 0 0 
0 0 0 0 0 0 0 0 0 0 0 0 0 4 0 0 0 0 0 0 0 0 1 0 0 0 0 0 0 1 0 0 0 0 2 0 0 0 0 0 
0 0 0 0 0 0 0 0 0 0 0 0 0 0 0 0 0 0 0 0 0 0 0 0 0 0 0 0 0 0 0 0 0 0 0 0 0 0 0 0 
0 0 0 0 0 0 0 0 0 0 0 1 0 0 0 3 0 0 0 0 0 0 0 0 0 0 0 0 0 0 0 0 0 0 0 0 0 0 0 0 
0 0 0 0 0 0 0 0 0 0 0 0 0 0 0 1 0 0 0 0 0 0 0 0 0 0 0 0 0 0 0 0 1 0 0 0 2 0 0 0 
0 0 0 0 0 0 0 0 0 0 0 0 0 0 0 0 0 0 0 0 2 0 0 0 0 0 0 0 0 0 0 0 0 0 0 0 2 0 0 0 
0 0 0 0 0 0 0 0 0 0 0 0 0 2 0 0 0 4 0 0 0 0 0 0 0 0 0 0 0 0 0 0 0 0 0 0 0 0 0 0 
0 1 0 0 0 0 0 0 0 0 0 0 0 0 0 0 0 1 0 0 0 0 0 0 0 0 0 0 0 0 0 0 0 0 1 0 0 0 2 0 
0 0 0 0 0 0 0 0 0 0 0 0 0 0 0 0 0 0 0 0 0 0 2 0 0 0 0 0 0 0 0 0 0 0 0 0 0 0 3 0 
0 0 0 0 0 0 0 0 0 0 0 0 0 0 0 1 0 0 0 0 0 0 0 0 0 0 0 0 0 0 0 0 0 0 0 0 0 0 0 0 
0 0 0 3 0 0 0 0 0 0 0 0 0 0 0 0 0 0 0 4 0 0 0 0 0 0 0 0 0 0 0 0 0 0 0 0 1 0 0 0 
-1 0 0 0 0 0 0 0 0 0 0 0 0 0 0 0 0 0 0 0 0 0 0 0 1 0 0 0 0 0 0 0 0 0 0 0 0 0 0 0 
2 0 0 0 0 0 0 0 0 0 0 0 0 0 0 0 0 1 0 0 0 1 0 0 0 0 0 0 0 0 0 0 0 0 0 0 0 0 0 0 
0 0 0 0 0 0 0 0 0 0 0 0 0 0 0 0 0 0 0 0 0 0 0 0 0 0 0 0 0 0 0 0 0 0 0 0 0 0 0 1 
0 0 4 0 0 0 0 0 0 0 0 4 0 0 0 0 0 0 0 0 0 0 0 0 0 0 0 0 0 0 0 0 0 0 0 0 0 0 0 0 
0 0 12 0 0 0 0 0 0 0 0 0 0 0 0 0 0 0 0 0 1 0 0 -4 0 0 0 0 0 0 0 0 5 0 0 0 0 0 0 0 
0 0 0 0 0 0 0 0 0 0 0 0 0 0 0 0 0 0 0 0 0 0 0 15 0 0 0 0 0 0 0 0 0 0 0 0 0 0 0 0 
0 1 0 0 -6 0 0 0 0 0 0 0 0 1 0 0 0 0 0 0 0 0 0 0 0 0 0 0 3 0 0 0 0 0 0 0 0 0 0 0 
0 0 0 0 6 0 0 0 0 0 0 0 0 0 0 0 0 0 0 0 0 0 1 0 0 -1 0 0 0 0 0 0 0 0 0 1 0 0 0 0 
0 0 0 0 0 1 0 0 0 4 0 0 0 0 0 0 0 0 0 0 0 0 0 0 0 4 0 0 0 0 0 0 0 0 0 0 0 0 0 0 
0 0 0 1 0 0 -2 0 0 0 0 0 0 0 0 0 0 0 0 0 1 0 0 0 0 0 0 0 0 0 0 0 0 0 0 0 0 0 0 0 
0 0 0 0 0 0 0 0 0 0 0 0 0 0 0 0 0 0 0 0 0 0 0 0 1 0 0 3 0 0 0 0 0 0 0 0 0 0 0 0 
0 0 0 0 0 0 0 1 0 0 0 0 0 0 0 0 0 0 0 0 0 0 0 0 0 0 0 0 0 0 0 0 0 0 0 0 0 0 0 0 
0 0 0 0 0 1 0 0 0 0 0 0 0 0 0 0 0 0 0 0 0 0 0 0 0 0 0 0 2 0 0 0 2 0 0 0 0 0 0 0 
0 0 0 0 0 0 0 0 2 0 0 0 0 0 0 0 0 0 0 0 0 0 0 0 0 0 2 0 0 -2 0 0 0 0 0 0 0 0 0 0 
0 0 0 0 0 0 0 0 0 1 0 0 0 2 0 0 0 0 0 0 0 0 0 0 0 0 0 0 0 2 0 0 0 0 0 0 0 0 0 0 
0 0 0 0 0 0 0 1 0 0 -2 0 0 0 0 0 0 0 0 0 0 0 0 0 0 0 0 0 0 0 1 0 0 0 3 0 0 0 0 0 
0 0 0 0 0 0 0 0 0 0 3 0 0 0 0 0 0 0 0 0 0 0 0 0 0 0 0 0 1 0 0 -3 0 0 0 0 0 0 0 0 
0 0 0 0 0 0 0 0 0 0 0 1 0 0 0 1 0 0 0 0 0 0 0 0 0 0 0 0 0 0 0 1 0 0 0 0 0 0 0 0 
0 0 0 0 0 0 0 0 0 1 0 0 -1 0 0 0 0 0 0 0 0 0 0 0 0 0 0 0 0 0 0 0 0 0 1 0 0 0 0 0 
0 0 0 0 0 0 0 0 0 0 0 0 0 0 0 0 0 0 0 0 0 0 0 0 0 0 0 0 0 0 1 0 0 3 0 0 0 0 0 0 
0 0 0 0 0 0 0 0 0 0 0 0 0 0 0 2 0 0 0 0 0 0 0 0 0 0 0 0 0 0 0 0 0 0 0 0 0 0 0 0 
0 0 0 0 0 0 0 0 0 0 0 1 0 0 2 0 0 0 0 0 0 0 0 0 0 0 0 0 0 0 0 0 0 0 0 0 3 0 0 0 
0 0 0 0 0 0 0 0 0 0 0 0 0 0 0 0 0 0 0 0 0 0 0 0 0 0 0 0 0 0 0 0 1 0 0 1 0 0 0 0 
0 0 0 0 0 0 0 0 0 0 0 0 0 0 0 0 0 4 0 0 0 0 0 0 0 0 0 0 0 0 0 0 0 0 0 0 0 0 0 0 
0 0 0 0 0 0 0 0 0 0 0 0 0 1 0 0 0 0 0 0 0 0 0 0 0 0 0 0 0 0 0 0 0 0 0 0 0 0 5 0 
0 0 0 0 0 0 0 0 0 0 0 0 0 0 0 0 0 0 0 0 0 0 0 0 0 0 0 0 0 0 0 0 0 0 1 0 0 -1 0 0 
0 0 0 0 0 0 0 0 0 0 0 0 0 0 0 0 0 0 0 6 0 0 0 0 0 0 0 0 0 0 0 0 0 0 0 0 0 0 0 0 
0 0 0 0 0 0 0 0 0 0 0 0 0 0 0 1 0 0 -2 0 0 0 0 0 0 0 0 0 0 0 0 0 0 0 0 0 0 0 0 0 
0 0 2 0 0 0 0 0 0 0 0 0 0 0 0 0 0 0 4 0 1 0 0 0 0 0 0 0 0 0 0 0 0 0 0 0 1 0 0 3 
0 0 0 0 0 0 0 0 0 0 0 0 0 0 0 0 0 0 0 0 0 0 0 0 0 0 1 0 0 0 0 0 0 0 0 0 0 0 0 0 
0 0 0 0 0 0 0 0 0 0 0 0 0 0 0 0 0 1 0 0 3 0 0 0 0 0 0 0 0 0 0 0 0 0 0 0 0 0 0 0 
0 0 0 0 0 0 0 0 0 0 0 0 0 0 2 0 0 0 0 0 6 0 0 0 0 0 0 0 0 0 0 0 0 0 0 0 0 0 1 0 
0 2 0 0 0 0 0 0 0 0 0 0 0 0 0 0 0 0 0 0 0 0 0 0 0 0 0 0 0 0 0 0 0 0 0 1 0 0 0 0 
0 3 0 0 0 0 0 0 0 0 0 0 0 0 0 0 0 0 0 1 0 0 3 0 0 0 0 0 0 0 0 0 0 0 0 0 0 0 0 0 
0 0 0 0 0 0 0 0 0 0 0 0 0 0 0 0 0 0 0 0 0 0 2 0 0 0 0 0 0 0 0 0 0 0 0 0 0 0 0 0 
1 0 0 1 0 0 0 0 0 0 0 0 0 0 0 0 0 0 0 0 0 0 0 0 0 0 0 0 0 0 0 0 0 0 0 0 0 0 0 0 
0 0 0 2 0 0 0 0 0 0 0 0 0 0 0 0 0 0 0 0 0 1 0 0 2 0 0 0 0 0 0 0 0 6 0 0 0 0 0 0 
0 0 0 0 0 0 0 0 0 0 0 0 0 0 0 0 0 0 0 0 0 0 0 0 24 0 0 0 0 0 0 0 0 0 0 0 0 0 0 0 
0 0 3 0 0 -6 0 0 0 0 0 0 0 0 2 0 0 0 0 0 0 0 0 0 0 0 0 0 0 0 0 0 0 0 0 0 0 0 0 0 
0 0 0 0 0 8 0 0 0 0 0 0 0 0 0 0 0 0 0 0 0 0 0 1 0 0 -2 0 0 0 0 0 0 0 0 3 0 0 0 0 
0 0 0 0 0 0 0 0 0 0 0 0 0 0 0 0 0 0 0 0 0 0 0 0 0 0 11 0 0 0 0 0 0 0 0 0 0 0 0 0 
0 0 0 0 1 0 0 -4 0 0 0 0 0 0 0 0 3 0 0 0 0 0 0 0 0 0 0 0 0 0 0 0 0 0 0 0 0 0 0 0 
0 0 0 0 0 0 0 11 0 0 0 0 0 0 0 0 0 0 0 0 0 0 0 0 0 1 0 0 -5 0 0 0 0 0 0 0 0 1 0 0 
0 0 0 0 0 0 0 0 0 0 0 0 0 0 0 0 0 0 0 0 0 0 0 0 0 0 0 0 5 0 0 0 0 0 0 0 0 0 0 0 
0 0 0 0 0 0 1 0 0 0 0 0 0 0 0 0 0 0 1 0 0 0 0 0 0 0 0 0 0 0 0 1 0 0 0 0 0 0 0 0 
0 0 0 0 0 0 0 0 0 5 0 0 0 0 0 0 0 0 0 0 0 0 0 0 0 0 0 1 0 0 -1 0 0 0 0 0 0 0 0 1 
0 0 0 0 0 0 0 0 0 0 0 0 2 0 0 0 0 0 0 0 0 0 0 0 0 0 0 0 0 0 5 0 0 0 0 0 0 0 0 0 
0 0 0 0 0 0 0 0 1 0 0 -2 0 0 0 0 0 0 0 0 1 0 0 0 0 0 0 0 0 0 0 0 0 3 0 0 0 0 0 0 
0 0 0 0 0 0 0 0 0 0 0 5 0 0 0 0 0 0 0 0 0 0 0 0 0 0 0 0 0 1 0 0 -3 0 0 0 0 0 0 0 
0 1 0 0 0 0 0 0 0 0 0 0 0 0 0 0 3 0 0 0 0 0 0 0 0 0 0 0 0 0 0 0 10 0 0 0 0 0 0 0 
0 0 0 0 0 0 0 0 0 0 2 0 0 -1 0 0 0 0 0 0 0 0 0 0 0 0 2 0 0 0 0 0 0 0 0 0 0 0 0 0 
0 0 0 0 0 0 0 0 0 0 0 0 0 4 0 0 0 0 0 0 0 0 0 0 0 0 0 0 0 0 0 2 0 0 -2 0 0 0 0 0 
0 0 0 0 0 0 0 1 0 0 0 0 0 0 0 0 0 0 0 0 0 0 0 0 0 0 0 0 0 0 0 0 0 0 2 0 0 0 0 0 
0 0 0 0 0 0 0 0 0 0 0 0 1 0 0 -1 0 0 0 0 0 0 0 0 0 0 0 0 0 1 0 0 0 0 0 0 0 0 0 0 
0 0 0 0 0 0 0 0 0 0 0 0 0 0 0 2 0 0 0 0 0 0 0 0 0 0 0 0 0 0 0 0 0 1 0 0 1 0 0 0 
0 0 0 0 0 0 0 0 0 0 2 0 0 0 0 0 0 0 0 0 0 0 0 0 0 0 0 0 0 0 0 0 0 0 0 0 2 0 0 0 
0 0 0 0 0 0 0 0 0 0 0 0 0 0 1 0 0 0 0 0 0 0 0 0 0 0 0 0 0 0 0 0 0 0 0 0 0 1 0 0 
0 0 0 0 0 0 0 0 0 0 0 0 0 0 0 0 0 4 0 0 0 0 0 0 0 0 0 0 0 0 0 0 0 0 0 2 0 0 0 0 
0 0 0 0 0 0 0 0 0 0 0 0 0 0 0 0 0 0 1 0 0 0 1 0 0 0 0 0 0 0 0 0 0 0 0 0 0 0 3 0 
0 0 0 0 0 0 0 0 0 0 0 0 0 0 0 0 1 0 0 -3 0 0 0 0 0 0 0 0 0 0 0 0 0 0 0 0 0 0 0 1 
0 0 0 0 0 0 0 0 0 0 0 0 0 0 0 0 0 0 0 2 0 0 0 0 0 0 0 0 0 0 0 0 0 0 0 0 0 1 0 0 
-2 0 0 0 0 0 0 0 0 0 0 0 0 0 0 0 0 0 0 0 0 0 1 0 0 0 0 0 0 0 0 0 0 0 0 0 0 0 0 0 
2 0 0 0 0 0 0 0 0 0 0 0 0 0 0 0 0 0 1 0 0 1 0 0 0 0 0 0 0 0 0 0 0 0 0 0 0 0 0 0 
0 0 0 2 0 0 0 0 0 0 0 0 0 0 0 0 0 0 0 0 0 2 0 0 0 0 0 0 0 0 0 0 0 0 0 0 0 0 0 1 
0 0 0 0 0 0 0 0 0 0 0 0 0 0 0 0 0 0 0 0 0 0 0 0 3 0 0 0 0 0 0 0 0 0 0 0 0 0 0 0 
0 0 2 0 0 0 0 0 0 0 0 0 0 0 0 0 0 0 0 0 1 0 0 -1 0 0 0 0 0 0 0 0 0 0 0 0 0 0 0 0 
0 0 0 0 0 4 0 0 0 0 0 0 0 0 0 0 0 0 0 0 0 0 0 2 0 0 0 0 0 0 0 0 0 0 0 0 0 0 0 0 
0 1 0 0 -2 0 0 0 0 0 0 0 0 0 0 0 0 0 0 0 0 0 0 0 0 0 0 0 2 0 0 0 0 0 0 0 0 0 0 0 
0 0 0 0 2 0 0 0 0 0 0 0 0 0 0 0 0 0 0 0 0 0 1 0 0 2 0 0 0 0 0 0 0 0 0 0 0 0 0 0 
0 0 0 0 0 0 0 0 0 3 0 0 0 0 0 0 0 0 0 0 0 0 0 0 0 3 0 0 0 0 0 0 0 0 0 0 0 0 0 0 
0 0 0 1 0 0 1 0 0 0 0 0 0 0 0 0 0 0 0 0 0 0 0 0 0 0 0 0 0 0 4 0 0 0 0 0 0 0 0 0 
0 0 0 0 0 0 4 0 0 0 0 0 0 0 0 0 0 0 0 0 0 0 0 0 1 0 0 0 0 0 0 0 0 0 0 0 0 0 0 0 
0 0 0 0 0 0 0 0 0 0 0 1 0 0 0 0 0 0 0 0 0 0 0 0 0 0 0 1 0 0 0 0 0 0 0 0 0 0 0 0 
0 0 0 0 0 1 0 0 3 0 0 0 0 2 0 0 0 0 0 0 0 0 0 0 0 0 0 0 0 0 0 0 4 0 0 0 0 0 0 0 
0 0 0 0 0 0 0 0 10 0 0 0 0 0 0 0 0 0 0 0 0 0 0 0 0 0 1 0 0 0 0 0 0 0 1 0 0 0 0 0 
0 0 0 0 0 0 0 0 0 0 0 0 0 2 0 0 0 0 0 0 0 0 0 0 0 0 0 0 0 6 0 0 0 0 0 0 0 0 0 0 
0 0 0 0 0 0 0 1 0 0 1 0 0 0 0 1 0 0 0 0 0 0 0 0 0 0 0 0 0 0 0 0 0 0 1 0 0 0 0 0 
0 0 0 0 0 0 0 0 0 0 6 0 0 0 0 0 0 0 0 0 0 0 0 0 0 0 0 0 1 0 0 0 0 0 0 0 0 0 0 0 
0 0 0 0 1 0 0 0 0 0 0 0 0 0 0 1 0 0 0 0 0 0 0 0 0 0 0 0 0 0 0 2 0 0 0 0 0 0 0 0 
0 0 0 0 0 0 0 0 0 1 0 0 0 0 0 0 0 0 0 0 0 0 0 0 0 0 0 0 0 0 0 0 1 0 0 0 1 0 0 0 
0 0 0 0 0 0 0 0 0 0 0 0 2 0 0 0 0 0 0 0 0 0 0 0 0 0 0 0 0 0 1 0 0 -1 0 0 0 0 0 0 
0 0 0 0 0 0 0 0 0 0 0 0 0 0 0 0 0 3 0 0 0 1 0 0 0 0 0 0 0 0 0 0 0 2 0 0 0 0 0 0 
0 0 0 0 0 0 0 0 0 0 0 1 0 0 1 0 0 0 0 0 0 0 0 0 0 0 0 0 0 0 0 0 0 0 0 0 0 0 6 0 
0 0 2 0 0 0 0 0 0 0 0 0 0 0 2 0 0 0 0 0 0 0 0 0 0 0 0 0 0 0 0 0 1 0 0 0 0 0 0 0 
0 0 0 0 0 0 0 0 0 0 0 0 0 0 0 0 0 0 0 9 0 0 0 3 0 0 0 0 0 0 0 0 0 0 0 2 0 0 0 0 
0 0 0 0 0 0 0 0 0 0 0 0 0 1 0 0 -1 0 0 0 0 0 0 0 0 0 0 0 0 0 0 0 0 0 0 0 0 0 0 0 
4 0 0 0 0 0 0 0 0 0 0 0 0 0 0 0 10 0 2 0 0 0 0 0 0 0 0 0 0 0 0 0 0 0 1 0 0 0 0 0 
0 0 0 0 0 0 0 0 0 0 0 0 0 0 0 0 0 0 0 0 0 2 0 0 0 0 0 0 0 0 0 0 0 0 0 0 0 6 0 1 
0 0 0 0 0 0 0 0 0 0 0 0 0 0 0 1 0 0 1 0 0 0 0 0 0 0 0 0 0 0 0 0 0 0 0 0 0 0 0 0 
0 0 3 0 0 0 0 0 0 0 0 0 0 0 0 0 0 0 6 0 1 0 0 0 0 0 0 0 0 0 0 0 0 0 0 0 1 0 0 2 
0 0 0 0 0 0 0 0 0 0 0 0 0 0 0 0 0 0 0 0 0 0 0 1 0 0 0 0 0 0 0 0 0 0 0 0 0 0 0 6 
0 1 0 0 0 0 0 0 0 0 0 0 0 0 0 0 0 1 0 0 0 0 0 0 0 0 0 0 0 0 0 0 0 0 0 0 0 0 0 0 
0 0 0 0 5 0 0 0 0 0 0 0 0 0 0 0 0 0 0 0 10 0 2 0 0 0 0 0 0 0 0 0 0 0 0 0 0 0 1 0 
0 1 0 0 0 0 0 0 0 0 0 0 0 0 0 0 0 0 0 0 0 0 0 0 0 2 0 0 0 0 0 0 0 0 0 0 0 0 0 0 
0 8 0 0 0 0 0 0 0 0 0 2 0 0 0 0 0 0 0 1 0 0 0 0 0 0 0 0 0 0 0 0 0 0 0 0 0 0 0 0 
0 0 0 0 0 0 1 0 0 0 0 0 0 0 0 0 0 0 0 0 0 0 5 0 0 0 0 0 0 0 0 0 1 0 0 0 0 0 0 0 
1 0 0 1 0 0 0 0 0 0 0 0 0 0 0 0 0 0 0 0 0 0 0 0 0 0 0 0 0 0 2 0 0 0 0 0 0 0 0 0 
0 0 0 8 0 0 0 0 0 0 0 0 0 0 0 0 0 0 0 0 0 1 0 0 0 0 0 0 0 0 0 0 0 0 0 0 0 0 0 0 
0 0 0 0 0 0 0 0 0 0 0 1 0 0 0 0 0 0 0 0 0 0 0 0 5 0 0 0 0 0 0 0 0 0 0 0 0 0 0 0 
0 0 1 0 0 1 0 0 0 0 0 0 0 0 0 0 0 0 0 0 0 0 0 0 0 0 0 0 0 0 0 0 0 0 0 0 0 0 0 1 
0 0 0 0 0 5 0 0 0 0 0 0 0 0 0 0 0 0 0 0 0 0 0 1 0 0 1 0 0 0 0 0 0 0 0 6 0 0 0 0 
0 0 0 0 0 0 0 0 0 0 0 0 0 0 0 0 0 0 0 0 0 0 0 0 0 1 24 0 0 0 0 0 0 0 0 0 0 0 0 0 
0 0 0 0 2 0 0 -6 0 0 0 0 0 0 0 0 0 0 0 0 0 0 0 0 0 0 0 0 0 0 0 2 0 0 0 0 0 0 0 0 
0 0 0 0 0 0 0 6 0 0 0 0 0 0 0 0 0 0 0 0 0 0 0 0 0 2 0 0 2 0 0 0 0 0 0 0 0 0 0 0 
0 0 0 0 0 0 0 0 0 0 0 0 1 0 0 0 0 0 0 0 0 0 0 0 0 0 0 0 5 0 0 0 0 0 0 0 0 0 0 0 
0 0 0 0 0 0 2 0 0 3 0 0 0 0 0 0 0 0 0 0 0 0 0 0 0 0 0 0 0 0 0 0 0 4 0 0 0 0 0 0 
0 0 0 0 0 0 0 0 0 10 0 0 0 0 0 0 0 0 0 0 0 0 0 0 0 0 0 3 0 0 2 0 0 0 0 0 0 0 0 0 
0 0 0 0 0 0 0 0 0 0 0 0 0 0 5 0 0 0 0 0 0 0 0 0 0 0 0 0 0 0 11 0 0 0 0 0 0 0 0 0 
0 0 0 0 0 0 0 0 3 0 0 1 0 0 0 0 0 0 0 0 0 0 0 0 0 0 0 0 0 0 0 0 0 0 0 7 0 0 0 0 
0 0 0 0 0 0 0 0 0 0 0 13 0 0 0 0 0 0 0 0 0 0 0 0 0 0 0 0 0 3 0 0 -1 0 0 0 0 0 0 0 
0 0 0 0 0 0 0 0 0 0 0 0 0 0 0 0 7 0 0 0 0 0 0 0 0 0 0 0 0 0 0 0 15 0 0 0 0 0 0 0 
0 0 0 0 0 0 0 0 0 0 4 0 0 1 0 0 0 0 0 0 0 0 0 0 0 0 0 0 0 0 0 0 0 0 0 0 0 2 0 0 
0 0 0 0 0 0 0 0 0 0 0 0 0 4 0 0 0 0 0 0 0 0 0 0 0 0 0 0 0 0 0 1 0 0 0 0 0 0 0 0 
0 0 0 0 0 0 0 0 0 0 0 0 0 0 0 0 0 0 3 0 0 0 0 0 0 0 0 0 0 0 0 0 0 0 5 0 0 0 0 0 
0 0 0 0 0 0 0 0 0 0 0 0 1 0 0 -1 0 0 0 0 0 0 0 0 0 0 0 0 0 0 0 0 0 0 0 0 0 0 0 4 
0 0 0 0 0 0 0 0 0 0 0 0 0 0 0 6 0 0 0 0 0 0 0 0 0 0 0 0 0 0 0 0 0 1 0 0 -2 0 0 0 
0 0 0 0 0 0 0 0 0 0 0 0 0 0 0 0 0 0 0 0 1 0 0 0 0 0 0 0 0 0 0 0 0 0 0 0 3 0 0 0 
0 0 0 0 0 0 0 0 0 0 0 0 0 0 1 0 0 1 0 0 0 0 0 0 0 0 1 0 0 0 0 0 0 0 0 0 0 0 0 0 
0 3 0 0 0 0 0 0 0 0 0 0 0 0 0 0 0 12 0 0 0 0 0 0 0 0 0 0 0 0 0 0 0 0 0 3 0 0 1 0 
0 0 0 0 0 0 0 0 0 0 0 0 0 0 0 0 0 0 0 0 0 0 0 0 0 0 0 0 0 0 0 0 0 0 0 0 0 0 2 2 
0 0 0 0 0 0 0 0 0 0 0 0 0 0 0 0 1 0 0 -2 0 0 0 0 0 0 0 0 0 0 0 0 0 0 0 0 0 0 0 0 
0 0 0 0 0 0 0 0 0 0 0 0 0 0 0 0 0 0 0 2 3 0 0 0 0 0 0 0 0 0 0 0 0 0 0 0 0 1 0 0 
-4 0 0 0 0 0 0 0 0 0 0 0 0 0 0 0 0 0 0 0 0 0 0 0 0 0 0 0 0 0 0 0 0 0 0 0 0 0 0 0 
2 1 0 0 0 0 0 0 0 0 0 0 0 0 0 0 0 0 1 0 0 0 0 0 0 0 0 0 0 0 0 0 0 0 0 0 0 0 0 0 
0 0 0 0 0 0 0 0 0 0 0 0 0 0 0 0 0 0 0 0 0 6 0 1 0 0 0 0 0 0 0 0 0 0 0 0 0 0 0 1 
0 0 -1 0 0 0 0 0 0 0 0 6 0 0 0 0 0 0 0 0 0 0 0 0 0 0 0 0 0 0 0 0 0 0 0 0 0 0 0 0 
0 0 24 0 0 0 0 0 0 1 0 0 0 0 0 0 0 0 0 0 2 0 0 -6 0 0 0 0 0 0 0 0 2 0 0 0 0 0 0 0 
0 0 0 0 0 0 0 0 0 0 0 0 0 0 0 0 0 2 0 0 0 0 0 2 0 0 0 0 0 0 0 0 2 0 0 0 0 0 0 0 
0 1 0 0 0 0 0 0 0 0 0 0 0 3 0 0 0 0 0 0 0 0 0 0 0 0 0 0 0 0 0 0 0 0 0 0 0 0 3 0 
0 0 0 0 2 0 0 0 0 0 0 0 0 3 0 0 0 0 0 0 0 0 1 0 0 -1 0 0 0 0 0 0 0 0 1 0 0 0 0 0 
0 0 0 0 0 0 0 0 0 0 0 0 0 0 0 0 0 0 0 1 0 0 0 0 0 2 0 0 0 0 0 0 0 0 1 0 0 0 0 0 
0 0 0 1 0 0 1 0 0 0 0 0 0 0 0 0 0 0 0 0 0 0 0 0 0 0 0 0 0 0 0 0 0 0 0 0 0 0 0 0 
0 0 0 0 0 0 10 0 0 0 0 0 0 0 0 2 0 0 0 0 0 0 0 0 1 0 0 -2 0 0 0 0 0 0 0 0 0 0 0 0 
0 0 0 0 0 0 0 0 0 0 0 0 0 0 0 0 0 0 0 0 0 0 0 0 0 0 0 14 0 0 0 0 0 0 0 0 3 0 0 0 
0 0 0 0 0 1 0 0 -4 0 0 0 0 0 0 0 0 0 0 0 0 0 0 0 0 0 0 0 0 0 0 0 0 0 0 0 0 0 0 0 
0 0 0 0 0 0 0 0 6 0 0 0 0 0 0 0 0 1 0 0 0 0 0 0 0 0 1 0 0 0 0 0 0 0 0 0 0 0 0 0 
0 0 0 0 0 0 0 0 0 0 0 0 0 0 0 0 0 0 0 0 0 0 0 0 0 0 0 0 0 10 0 0 0 0 0 0 0 0 0 2 
0 0 0 0 0 0 0 1 0 0 -2 0 0 0 0 0 0 0 0 0 0 0 0 0 0 0 0 0 0 0 0 0 0 0 0 0 0 0 0 0 
0 0 0 0 0 0 0 0 0 0 6 0 0 0 0 0 0 0 0 0 1 0 0 0 0 0 0 0 1 0 0 0 0 0 0 0 0 0 0 0 
0 0 0 0 0 0 0 0 0 0 0 0 0 0 0 3 0 0 0 0 0 0 0 0 0 0 0 0 0 0 0 6 0 0 0 0 0 0 0 0 
0 0 1 0 0 0 0 0 0 1 0 0 1 0 0 0 0 0 0 0 0 0 0 0 0 0 0 0 0 0 0 0 0 0 0 0 0 0 0 0 
0 0 0 0 0 0 0 0 0 0 0 0 0 2 0 0 0 0 0 0 0 0 0 0 0 0 0 0 0 0 1 0 0 0 0 0 0 0 0 0 
0 0 0 0 0 0 0 0 0 0 0 0 0 0 0 0 0 0 0 0 0 0 0 0 0 0 0 0 0 0 0 0 0 0 3 0 0 0 0 0 
0 0 0 0 0 0 0 0 0 0 0 1 0 0 -2 0 0 0 0 0 0 0 0 0 0 0 0 0 0 0 0 0 0 0 0 0 0 0 0 0 
0 0 0 0 0 0 0 0 0 0 0 0 0 0 0 4 0 0 0 0 0 0 0 0 0 0 0 0 0 0 0 0 1 0 0 -4 0 0 0 0 
0 0 0 0 0 0 0 0 0 0 0 0 0 0 0 0 0 0 0 0 0 0 0 0 0 0 0 0 0 0 0 0 0 0 0 0 1 0 0 0 
0 0 0 0 0 0 0 0 0 0 0 0 0 1 0 0 2 0 0 0 0 0 0 0 0 2 0 0 0 0 0 0 0 0 0 0 0 0 0 0 
0 0 0 0 0 0 0 0 0 0 2 0 0 0 0 0 0 0 0 0 0 0 0 0 0 2 0 0 0 0 0 0 0 0 1 0 0 2 0 0 
0 0 0 0 0 0 1 0 0 0 0 0 0 0 0 0 0 0 0 0 0 0 0 0 0 0 0 0 0 0 0 1 0 0 0 0 0 0 0 0 
0 0 0 0 0 0 1 0 0 0 0 0 0 0 0 1 0 0 3 0 0 0 0 0 0 0 0 0 0 0 0 0 0 0 0 0 0 0 0 0 
0 0 0 0 0 0 0 0 0 0 0 0 0 0 0 0 0 0 8 0 0 0 0 0 0 0 0 2 0 0 0 0 0 0 0 0 1 0 0 0 
0 0 0 0 0 0 0 0 0 0 0 0 0 0 0 0 0 0 0 0 0 0 0 0 0 0 0 0 0 0 0 0 0 0 0 0 0 0 0 4 
0 0 0 0 0 0 0 0 1 0 0 0 0 0 0 0 0 1 0 0 2 0 0 0 0 0 0 0 0 0 0 0 0 0 0 0 0 0 0 0 
0 0 0 0 0 0 0 0 0 0 0 0 0 0 0 0 0 0 0 0 0 0 0 0 0 0 0 0 0 0 0 0 0 0 0 0 0 0 0 1 
0 2 0 0 0 0 0 0 0 0 2 0 0 0 0 0 0 0 0 0 0 0 0 0 0 0 0 0 0 0 0 0 0 0 0 0 0 0 0 0 
0 6 0 0 0 0 0 0 0 0 0 0 0 0 0 0 0 0 0 0 1 0 -2 0 0 0 0 0 0 0 0 1 0 0 0 0 0 0 0 0 
0 0 0 0 0 0 0 0 0 0 0 0 0 0 0 0 0 0 0 0 0 0 3 0 0 0 0 0 0 0 0 0 0 0 0 0 0 0 0 0 
0 2 0 2 0 0 0 0 0 0 0 0 1 0 0 0 0 0 0 0 0 0 0 0 0 0 0 0 0 0 0 0 0 0 0 0 0 0 0 0 
0 0 0 3 0 0 0 0 0 0 0 0 0 0 0 0 0 0 0 0 0 0 1 0 0 0 0 0 0 0 0 0 0 0 0 0 0 0 1 0 
0 0 0 0 0 0 0 0 0 0 0 0 0 0 0 0 0 0 0 0 0 0 0 0 0 0 0 0 0 0 0 0 0 0 0 0 0 0 0 0 
0 0 0 1 0 1 0 0 0 0 0 0 0 0 0 0 0 0 0 2 0 0 0 0 0 0 0 0 0 0 0 0 0 0 0 0 0 0 0 0 
0 0 0 0 0 0 0 0 0 0 0 0 0 0 0 0 0 0 0 0 0 0 0 0 1 0 0 0 0 0 0 0 0 0 0 0 0 0 0 0 
3 0 0 0 0 0 0 0 0 0 0 0 0 0 0 0 0 0 0 0 0 0 0 0 0 0 0 0 0 0 0 0 0 0 0 0 0 0 0 0 
0 0 0 0 0 1 0 -1 0 0 0 0 0 0 0 0 0 0 0 0 0 4 0 0 0 0 0 0 0 0 0 0 0 0 0 0 0 0 0 0 
0 0 0 0 0 0 0 0 0 0 0 0 0 0 0 0 0 0 0 0 0 0 0 0 0 0 1 0 -2 0 0 0 0 0 0 0 0 1 0 0 
0 0 0 0 0 0 0 0 0 0 0 0 1 0 0 0 0 0 0 0 0 0 0 0 0 0 0 0 3 0 0 0 0 0 0 0 0 0 0 0 
0 0 0 0 0 0 0 1 0 1 0 0 0 0 0 0 0 0 0 0 0 0 0 0 0 0 0 0 0 0 0 0 0 4 0 0 0 0 0 0 
0 0 0 0 0 0 0 0 0 8 0 2 0 0 0 0 0 0 0 0 0 0 0 0 0 0 0 0 1 0 0 0 0 0 0 0 0 0 0 0 
0 0 0 0 0 0 0 0 0 0 0 0 0 0 2 0 0 0 0 0 0 0 0 0 0 0 0 0 0 0 8 0 2 0 0 0 0 0 0 0 
0 0 0 0 0 0 0 0 0 1 0 -2 0 0 0 0 0 0 0 0 0 0 0 0 0 0 0 0 0 0 0 0 0 0 0 3 0 0 0 0 
0 0 0 0 0 0 0 0 0 0 0 12 0 3 0 0 0 0 0 0 0 0 0 0 0 0 0 0 0 0 1 0 -4 0 0 0 0 0 0 0 
0 0 0 0 0 0 0 0 0 0 0 0 0 0 0 0 2 0 0 0 0 0 0 0 0 0 0 0 0 0 0 0 4 0 1 0 0 0 0 0 
0 0 0 0 0 0 0 0 0 0 0 1 0 1 0 0 0 0 0 0 0 0 0 0 0 0 0 0 0 0 0 0 0 0 0 0 0 1 0 0 
0 0 0 0 0 0 0 0 0 0 0 0 0 4 0 1 0 0 0 0 0 0 0 0 0 0 0 0 0 0 0 0 1 0 0 0 0 0 0 0 
0 0 0 0 0 0 0 0 0 0 0 0 0 0 0 0 0 0 3 0 0 0 0 0 0 0 0 0 0 0 0 0 0 0 8 0 2 0 0 0 
0 0 0 0 0 0 0 0 0 0 0 0 0 1 0 -1 0 0 0 0 0 0 0 0 0 0 0 0 0 0 0 0 0 0 0 0 0 0 0 1 
0 0 0 0 0 0 0 0 0 0 0 0 0 0 0 8 0 2 0 0 0 0 0 0 0 0 0 0 0 0 0 0 0 0 1 0 -3 0 0 0 
0 0 0 0 0 0 0 0 0 0 0 0 0 0 0 0 0 0 0 0 2 0 0 0 0 0 0 0 0 0 0 0 0 0 0 0 0 0 0 0 
0 0 0 0 0 2 0 0 0 0 0 0 0 0 0 1 0 0 0 0 0 0 0 0 0 0 0 0 0 0 0 0 0 0 0 0 0 0 0 0 
0 3 0 0 0 0 0 0 0 0 0 0 0 0 0 0 0 0 0 0 0 0 0 0 0 0 3 0 0 0 0 0 0 0 0 0 1 0 -1 0 
0 0 0 0 0 0 0 0 0 0 0 0 0 0 0 0 0 0 0 0 0 0 2 0 0 0 0 0 0 0 0 0 0 0 0 0 0 0 2 0 
0 0 0 0 0 0 0 0 0 0 0 0 0 0 0 0 0 1 0 0 0 0 0 0 0 0 0 0 0 0 0 0 0 0 0 0 0 0 0 0 
0 0 0 3 0 0 0 0 0 0 0 0 0 0 0 0 0 0 0 3 0 0 0 0 0 0 0 0 0 0 0 0 0 0 0 0 0 0 1 0 
-1 0 0 0 0 0 0 0 0 0 0 0 0 0 0 0 0 0 0 0 0 0 0 0 4 0 0 0 0 0 0 0 0 0 0 0 0 0 0 0 
4 0 0 0 0 0 0 0 0 0 0 0 0 0 0 0 0 0 0 1 0 -2 0 0 0 0 0 0 0 0 0 0 0 0 0 0 0 0 0 0 
0 0 0 0 0 1 0 0 0 0 0 0 0 0 0 0 0 0 0 0 0 1 0 0 0 0 0 0 0 0 0 0 0 0 0 0 0 0 0 0 
2 0 3 0 0 0 0 0 0 0 0 0 0 0 0 0 0 0 0 0 0 0 0 0 0 0 1 0 0 0 0 0 0 0 0 0 0 0 0 0 
0 0 1 0 0 0 0 0 0 0 0 0 0 0 0 0 0 0 0 0 0 1 0 1 0 0 0 0 0 0 0 0 0 0 0 0 0 0 0 0 
0 0 0 0 0 0 0 3 0 0 0 0 0 0 0 0 0 0 0 0 0 0 0 6 0 1 0 0 0 0 0 0 0 0 0 0 0 0 0 0 
0 0 1 0 -2 0 0 0 0 0 0 0 0 0 0 0 0 0 0 0 0 0 0 0 0 0 0 0 1 0 0 0 0 0 0 0 0 0 0 0 
0 0 0 0 0 0 0 0 0 0 0 0 0 2 0 0 0 0 0 0 0 0 0 1 0 -1 0 0 0 0 0 0 0 0 0 0 0 0 0 0 
0 0 0 0 0 0 0 0 0 0 0 0 0 0 0 0 0 0 0 0 0 0 0 0 0 8 0 0 0 0 0 0 0 0 2 0 0 0 0 0 
0 0 0 0 1 0 -2 0 0 0 0 0 0 0 0 0 0 0 0 0 0 0 0 0 0 0 0 0 0 0 0 0 0 0 0 0 0 0 0 0 
0 0 0 0 0 0 4 0 0 0 0 0 0 0 0 1 0 0 0 0 0 0 0 0 0 1 0 0 0 0 0 0 0 0 0 0 0 0 0 0 
0 0 0 0 0 0 0 0 0 0 0 0 0 0 0 0 0 0 0 0 0 0 0 0 0 0 0 0 0 0 0 0 0 0 0 0 0 0 0 0 
0 0 0 0 0 0 0 1 4 0 0 0 0 0 0 0 0 4 0 0 0 0 0 0 0 0 0 0 0 0 0 0 0 0 0 0 0 0 0 0 
0 0 0 0 0 0 0 0 12 0 0 0 0 0 0 0 0 0 0 0 0 0 0 0 0 0 0 0 1 -4 0 0 0 0 0 0 0 0 0 0 
0 0 0 1 0 0 0 0 0 0 0 0 0 0 0 0 0 0 0 0 0 0 0 0 0 0 0 0 0 0 0 0 0 0 0 0 0 0 0 0 
0 0 0 0 0 0 0 0 0 1 3 0 0 0 0 0 0 0 0 0 0 0 0 0 2 0 0 0 0 0 0 0 0 0 0 0 0 0 0 0 
0 0 0 0 0 0 0 0 0 0 0 0 0 0 0 0 0 0 0 0 0 0 0 0 0 0 0 0 0 0 1 2 0 0 0 0 0 0 0 0 
0 0 0 0 0 0 0 0 0 0 0 0 0 1 0 0 0 0 0 0 0 0 0 0 0 0 0 0 0 0 0 0 0 0 0 0 0 0 0 0 
0 0 0 0 0 0 0 0 0 0 0 1 3 0 0 0 0 0 0 0 0 0 0 0 0 0 0 0 0 0 0 0 0 0 2 0 0 0 0 0 
0 0 0 0 0 0 0 0 0 0 0 0 0 0 0 0 0 0 0 0 0 0 0 0 0 0 0 0 0 0 0 0 1 2 0 0 0 0 0 0 
0 0 0 0 0 0 0 0 0 0 0 0 0 0 0 3 0 0 0 0 0 0 0 0 0 0 0 0 0 0 0 0 0 0 0 0 0 0 0 0 
0 0 0 0 0 0 0 0 0 0 0 0 0 1 1 0 0 0 0 0 0 0 0 0 0 0 0 0 0 0 0 0 0 0 0 0 4 0 0 0 
0 0 0 0 0 0 0 0 0 0 0 0 0 0 0 0 0 0 0 0 0 0 0 0 0 0 0 0 0 0 0 0 0 0 1 0 0 0 0 0 
0 0 0 0 0 0 0 0 0 0 0 0 0 0 0 0 0 5 0 0 0 0 0 0 0 0 0 0 0 0 0 0 0 0 0 0 0 0 0 0 
0 0 0 0 0 0 0 0 0 0 0 0 0 0 0 1 -1 0 0 0 0 0 0 0 0 0 0 0 0 0 0 0 0 0 0 0 0 0 6 0 
0 0 0 0 0 0 0 0 0 0 0 0 0 0 0 0 0 0 0 0 0 0 0 0 0 0 0 0 0 0 0 0 0 0 0 0 1 -2 0 0 
0 0 0 0 0 0 0 0 0 0 0 0 0 0 0 0 0 0 0 0 0 0 0 0 0 0 0 0 0 0 0 2 0 0 0 0 0 6 0 0 
0 0 0 0 0 0 0 0 0 0 0 0 0 0 0 0 0 1 2 0 0 0 0 0 0 0 0 0 0 0 0 0 0 0 0 0 0 0 0 0 
0 0 0 0 0 0 0 0 0 0 0 0 1 0 0 0 0 0 3 0 0 0 0 0 0 0 0 0 0 0 0 0 0 0 0 0 0 0 1 3 
0 0 0 0 0 0 0 0 0 0 0 0 0 0 0 0 0 0 0 0 0 0 0 2 0 0 0 0 0 0 0 0 0 0 0 0 0 0 0 2 
0 0 0 0 0 0 0 0 0 0 0 0 0 0 0 0 0 0 0 1 2 0 0 0 0 0 0 0 0 0 0 0 0 0 0 0 0 0 0 0 
0 0 0 0 4 0 0 0 0 0 0 0 0 0 0 0 0 0 0 0 4 0 0 0 0 0 0 0 0 0 0 0 0 0 0 0 0 0 0 0 
1 0 0 0 0 0 0 0 0 0 0 0 0 0 0 0 0 0 0 0 0 0 0 0 0 6 0 0 0 0 0 0 0 0 0 0 0 0 0 0 
0 6 0 0 0 0 0 0 0 0 0 0 0 0 0 0 0 0 0 0 0 1 -2 0 0 0 0 0 0 0 0 0 0 0 0 0 0 0 0 0 
0 0 0 0 0 0 4 0 0 0 0 0 0 0 0 0 0 0 0 0 0 0 4 0 0 0 0 0 0 0 0 0 0 0 0 0 0 0 0 0 
0 0 3 8 0 0 0 0 0 0 0 0 0 0 0 0 0 0 0 0 0 0 0 0 0 0 0 9 0 0 0 0 0 0 0 0 0 0 0 0 
0 0 0 9 0 0 0 0 0 0 0 0 0 0 0 0 0 0 0 0 0 0 0 3 3 0 0 0 0 0 0 0 0 0 0 0 0 0 0 0 
0 0 0 0 0 0 0 0 15 0 0 0 0 0 0 0 0 0 0 0 0 0 0 0 15 0 0 0 0 0 0 0 0 0 0 0 0 0 0 0 
0 0 0 0 4 1 0 0 0 0 0 0 0 0 0 0 0 0 0 0 0 0 0 0 0 0 0 0 0 16 0 0 0 0 0 0 0 0 0 0 
0 0 0 0 0 16 0 0 0 0 0 0 0 0 0 0 0 0 0 0 0 0 0 0 0 4 0 0 0 0 0 0 0 0 0 0 0 0 0 0 
0 0 0 0 0 0 0 0 0 0 8 0 0 0 0 0 0 0 0 0 0 0 0 0 0 0 8 0 0 0 0 0 0 0 0 0 0 0 0 0 
0 0 0 0 0 0 4 8 0 0 0 0 0 0 0 0 0 0 0 0 0 0 0 0 0 0 0 0 0 0 0 1 0 0 0 0 0 0 0 0 
0 0 0 0 0 0 0 1 0 0 0 0 0 0 0 0 0 0 0 0 0 0 0 0 0 0 0 1 3 0 0 0 0 0 0 0 0 0 0 0 
0 0 0 0 0 0 0 0 0 0 0 0 0 0 0 0 0 0 0 0 0 0 0 0 0 0 0 0 8 0 0 0 0 0 0 0 0 2 0 0 
0 0 0 0 0 0 0 0 1 0 0 0 0 0 0 0 0 0 0 0 0 0 0 0 0 0 0 0 0 0 0 0 0 0 0 0 0 0 0 0 
0 0 0 0 0 0 0 0 0 12 0 0 0 0 0 0 0 0 3 0 0 0 0 0 0 0 0 0 0 1 -2 0 0 0 0 0 0 0 0 0 
0 0 0 0 0 0 0 0 0 0 0 0 0 0 0 0 0 0 0 0 0 0 0 0 0 0 0 0 0 0 4 0 0 0 0 0 0 0 0 1 
0 0 0 0 0 0 0 0 0 0 1 2 0 0 0 0 0 0 0 0 0 0 0 0 0 0 0 0 0 0 0 0 0 0 0 0 0 0 0 0 
0 0 0 0 0 0 2 0 0 0 0 0 0 0 0 0 0 0 0 0 0 0 0 0 0 0 0 0 0 0 0 0 0 0 0 0 0 0 0 0 
0 0 0 0 0 0 0 0 0 0 0 0 0 0 0 0 1 0 0 0 0 0 0 0 0 0 0 0 0 0 0 0 1 0 0 0 0 0 0 0 
0 0 0 0 0 0 0 0 0 0 0 0 0 -1 0 0 0 0 0 0 0 0 0 0 0 0 0 0 0 0 0 0 0 0 0 0 0 1 0 0 
0 0 0 0 0 0 0 0 0 0 0 0 0 0 0 0 0 0 0 0 0 0 0 0 0 0 0 0 0 0 0 0 0 0 1 0 0 0 0 0 
0 0 0 0 0 0 0 0 0 0 0 0 0 0 0 0 0 0 2 0 0 0 0 0 0 0 0 0 0 0 0 0 0 0 1 0 0 0 0 0 
0 0 0 0 0 0 0 0 0 0 0 0 0 0 0 0 0 0 0 0 0 0 0 0 1 0 0 0 0 0 0 0 0 0 0 0 0 0 0 4 
0 0 0 0 0 0 0 0 0 0 0 0 0 0 0 0 0 0 0 0 0 0 0 0 0 0 0 0 0 0 0 0 0 0 0 0 0 0 0 0 
0 0 0 0 0 1 0 0 0 0 0 0 0 0 0 0 0 0 0 0 0 0 0 0 0 0 0 0 0 0 0 0 0 0 0 0 2 0 0 0 
0 0 0 0 0 0 0 0 0 0 0 0 0 0 0 0 0 0 0 0 0 0 0 0 0 0 0 0 0 0 0 0 0 0 0 0 0 0 0 0 
0 2 0 0 0 0 0 0 0 0 0 0 0 0 0 0 0 0 0 0 0 0 0 0 0 0 0 0 0 0 0 0 0 0 0 0 0 0 0 0 
0 0 0 0 0 0 0 0 0 0 0 0 0 0 0 0 0 0 0 0 0 0 2 0 0 0 0 0 0 0 0 0 0 0 0 0 0 0 1 0 
0 0 0 0 0 0 0 0 0 0 0 0 0 0 0 0 0 0 0 0 0 0 0 0 0 0 0 0 0 0 0 0 0 0 0 0 0 0 0 0 
0 0 0 2 0 0 0 0 0 0 0 0 0 0 0 0 0 0 0 0 0 0 0 0 0 0 0 0 1 0 0 0 0 0 0 0 0 0 0 0 
0 0 0 0 0 0 0 0 0 0 0 0 0 0 0 0 0 0 0 0 0 0 0 0 2 0 0 0 0 0 0 0 0 0 0 0 0 0 0 0 
0 0 0 0 0 0 0 0 0 0 1 0 0 0 0 0 0 0 0 0 0 0 0 0 0 0 0 0 0 0 0 0 0 0 0 0 0 0 0 0 
0 0 0 0 0 0 1 0 0 0 0 0 0 0 0 0 0 0 0 0 0 0 0 0 0 0 0 0 0 0 0 0 0 0 0 0 0 0 0 0 
0 0 0 0 0 0 0 0 0 0 0 0 0 0 0 0 0 0 0 0 0 0 0 0 0 0 0 0 0 0 0 0 0 0 0 0 2 0 0 0 
0 0 0 0 0 0 0 0 0 0 0 0 0 0 0 0 0 0 0 0 0 0 0 0 0 0 0 0 0 0 0 0 0 0 0 0 0 0 0 0 
0 0 0 0 0 0 0 0 0 0 0 0 0 0 0 0 0 0 2 0 0 0 0 0 0 0 0 0 0 0 0 0 0 0 0 0 0 0 0 0 
0 0 0 0 0 0 0 0 0 0 0 0 0 0 0 0 0 0 0 0 0 0 0 0 0 0 0 0 0 0 0 0 0 0 0 0 0 0 0 0 
0 0 0 0 2 0 0 0 0 0 0 0 0 0 0 0 0 0 0 0 0 0 0 0 0 0 1 0 0 0 0 0 0 0 0 0 0 0 0 0 
0 0 0 0 0 0 0 0 0 3 0 0 0 0 0 0 0 0 0 0 0 0 0 0 0 3 0 0 0 0 0 0 0 0 0 0 0 0 0 0 
0 0 0 0 0 0 0 1 0 0 0 0 0 0 0 0 0 0 0 0 0 0 0 0 0 0 0 0 0 0 3 0 0 0 0 0 0 0 0 0 
0 0 0 0 0 0 3 0 0 0 0 0 0 0 0 0 0 0 0 0 0 0 0 0 0 0 0 0 2 0 0 0 0 0 0 0 0 0 0 0 
0 0 0 0 0 0 0 0 0 0 0 0 0 0 0 0 0 0 0 0 0 0 0 0 0 0 0 0 3 0 0 0 0 0 0 0 0 0 0 0 
0 0 0 0 0 0 0 0 0 0 1 0 0 0 0 0 0 0 0 0 0 0 0 0 0 0 0 0 0 0 0 0 0 0 0 0 0 0 0 0 
0 0 0 0 0 0 0 0 0 0 0 0 0 0 0 0 0 0 0 0 0 0 0 0 0 0 0 0 0 0 0 1 0 0 0 0 0 1 0 0 
0 0 0 0 0 0 0 0 0 0 0 0 0 0 0 0 0 0 0 0 0 0 0 0 0 0 0 0 0 0 0 0 0 0 0 0 0 0 0 0 
0 0 0 0 0 0 0 0 0 0 0 0 1 0 0 0 0 0 0 1 0 0 0 0 0 0 0 0 0 0 0 0 0 0 0 0 0 0 0 0 
0 0 0 0 1 0 0 0 0 0 0 0 0 0 0 0 0 0 0 0 0 0 0 0 0 0 0 0 0 0 0 0 0 2 0 0 0 0 0 0 
1 0 0 0 0 0 0 0 0 0 0 0 0 0 0 0 0 0 0 0 0 0 0 0 0 0 0 0 0 0 0 3 0 0 0 0 0 0 0 0 
0 0 0 0 0 0 0 0 0 0 0 0 0 0 1 0 0 0 0 0 0 0 0 0 0 0 1 0 0 0 0 0 0 0 0 0 0 0 0 0 
0 0 0 0 0 0 0 0 0 0 0 0 0 0 0 0 0 0 0 0 0 0 0 0 0 0 0 0 0 0 0 0 0 0 0 1 0 0 0 0 
0 0 0 0 0 0 0 0 0 0 0 0 0 0 0 0 0 0 0 0 1 0 0 0 0 0 0 0 0 0 0 0 0 0 0 0 0 0 0 0 
0 0 0 0 0 0 0 0 0 0 0 0 0 0 0 0 2 0 0 0 0 0 0 0 0 0 0 0 0 0 0 0 0 0 0 0 0 0 0 0 
0 0 0 0 0 0 0 0 0 0 0 0 0 0 1 0 0 0 0 0 0 0 0 0 0 0 0 0 0 0 0 0 0 0 0 0 0 2 0 0 
0 0 0 0 0 0 0 0 0 0 0 0 0 0 0 0 0 0 0 0 0 0 0 0 0 0 0 0 0 0 0 0 0 0 0 1 0 0 0 0 
0 0 0 0 0 0 0 0 0 0 0 0 0 0 0 0 0 0 3 0 0 0 0 0 0 0 0 0 0 0 0 0 0 0 0 0 0 0 0 0 
0 0 0 0 0 0 0 0 0 0 0 0 0 0 0 0 4 0 1 0 0 0 0 0 0 0 0 0 0 0 0 0 0 0 0 0 0 0 0 2 
0 0 0 0 0 0 0 0 0 0 0 0 0 0 0 0 0 0 0 0 0 0 0 0 0 0 0 0 0 0 0 0 0 0 0 0 0 0 0 0 
0 0 0 0 0 0 1 0 0 0 0 0 0 0 0 0 0 0 0 0 2 0 0 0 0 0 0 0 0 0 0 0 0 0 0 0 0 0 0 0 
0 0 0 0 0 0 0 0 0 0 0 0 0 0 0 0 0 0 4 0 0 0 0 0 0 0 0 1 0 0 0 0 0 0 0 0 0 0 0 0 
0 2 0 0 0 0 0 0 0 0 0 0 0 0 0 0 0 0 0 0 0 0 0 0 0 0 0 0 0 0 0 0 0 0 0 0 0 0 0 0 
0 0 0 0 0 0 0 0 0 1 0 0 0 0 0 0 0 0 0 0 0 0 1 0 0 0 0 0 0 1 0 0 0 0 0 0 0 0 0 0 
0 0 0 0 0 0 0 0 0 0 0 0 0 0 1 0 0 0 0 0 0 0 0 0 0 0 0 0 0 0 1 0 0 0 0 0 0 0 0 0 
0 0 0 2 0 0 0 0 0 0 0 0 0 0 0 0 0 0 0 0 0 0 0 0 0 0 0 0 0 0 0 0 0 0 0 0 0 0 0 0 
0 3 0 0 0 0 0 0 0 0 0 1 0 0 0 0 0 0 0 0 0 0 0 0 2 0 0 0 0 0 0 0 0 0 0 0 0 0 0 0 
0 0 0 0 0 0 0 0 0 0 0 0 0 0 0 0 0 0 0 0 0 0 4 0 0 0 0 0 0 0 0 0 1 0 0 0 0 0 0 0 
0 0 0 0 0 0 2 0 0 0 0 0 0 0 0 0 0 0 0 0 0 0 0 0 0 0 0 0 0 0 0 0 0 0 0 0 0 0 0 0 
0 0 0 3 0 0 0 0 0 0 0 0 0 0 0 0 0 0 0 0 0 0 0 0 0 0 0 1 0 0 0 0 0 0 0 0 0 0 0 0 
0 0 0 0 0 0 0 0 3 0 0 0 0 0 0 0 0 0 0 0 0 0 0 0 3 0 0 0 0 0 0 0 0 0 0 0 0 0 0 0 
0 0 0 0 0 0 0 0 1 0 0 0 0 0 0 0 0 0 0 0 0 0 0 0 0 0 0 0 0 3 0 0 0 0 0 0 0 0 0 0 
0 0 0 0 0 3 0 0 0 0 0 0 0 0 0 0 0 0 0 0 0 0 0 0 0 0 0 0 0 1 0 0 0 0 0 0 0 0 0 0 
0 0 0 0 0 0 0 0 0 0 3 0 0 0 0 0 0 0 0 0 0 0 0 0 0 0 3 0 0 0 0 0 0 0 0 0 0 0 0 0 
0 0 0 0 0 0 0 0 0 0 1 0 0 0 0 0 0 0 0 0 0 0 0 0 0 0 0 0 0 0 0 1 0 0 0 0 0 0 0 0 
0 0 0 0 0 0 0 2 0 0 0 0 0 0 0 0 0 0 0 0 0 0 0 0 0 0 0 0 0 0 0 1 0 0 0 0 0 0 0 0 
0 0 0 0 0 0 0 0 0 0 0 0 1 0 0 0 0 0 0 0 0 0 0 0 0 0 0 0 2 0 0 0 0 0 0 0 0 0 0 0 
0 0 0 0 0 0 0 0 0 0 0 0 1 0 0 0 0 0 0 0 0 0 0 0 0 0 0 0 0 0 0 0 0 1 0 0 0 0 0 0 
0 0 0 0 0 0 0 0 0 2 0 0 0 0 0 0 0 0 0 0 0 0 0 0 0 0 0 0 0 0 0 0 0 2 0 0 0 0 0 0 
0 0 0 0 0 0 0 0 0 0 0 0 0 0 4 0 0 0 0 0 0 0 0 0 0 0 0 0 0 0 9 0 0 0 0 0 0 0 0 0 
0 2 0 0 0 0 0 0 0 0 0 0 0 0 0 2 0 0 0 0 3 0 0 0 0 0 0 0 0 0 0 0 0 0 0 0 0 0 0 0 
0 0 0 0 0 0 0 0 0 0 0 9 0 0 0 0 0 0 0 0 0 0 0 0 0 0 0 0 0 0 0 0 0 0 0 0 1 0 0 0 
0 0 0 0 0 0 0 0 0 0 0 0 0 0 0 0 3 0 0 0 0 0 0 0 0 0 0 0 0 0 0 0 3 0 0 0 0 0 0 0 
0 0 0 0 0 0 0 0 0 0 0 0 0 0 0 0 0 1 0 0 0 0 0 0 0 0 0 0 0 0 0 0 0 0 0 0 0 3 0 0 
0 0 0 0 0 0 0 0 0 0 0 0 0 3 0 0 0 0 0 0 0 0 0 0 0 0 0 0 0 0 0 0 0 0 0 0 0 0 1 0 
0 0 0 1 0 0 0 0 0 0 0 0 0 0 0 0 0 0 1 0 0 0 0 0 0 0 0 0 0 0 0 0 0 0 4 0 0 0 0 0 
0 0 0 0 0 0 0 0 0 0 0 0 0 0 0 0 0 0 0 1 0 0 0 0 1 0 0 0 0 0 0 0 0 0 0 0 0 0 0 2 
0 0 0 0 0 0 0 0 0 0 0 0 0 0 0 4.5 0 0 0 0 0 0 0 0 0 0 0 0 0 0 0 0 0 0 0 0 0 0 0 0 
1 0 0 0 0 0 0 0 0 0 0 0 0 0 0 0 0 0 0 0 1 0 0 0 0 0 0 0 0 0 0 0 0 0 0 0 3 0 0 0 
0 0 0 0 0 0 0 0 0 0 0 0 0 0 0 0 0 0 0 0 0 0 1 0 0 0 0 0 0 0 0 0 0 0 0 0 0 0 0 0 
0 0 0 0 0 0 0 0 0 0 0 0 0 0 0 0 0 0 0 0 0 0 0 0 0 0 0 0 0 0 0 0 0 0 0 0 0 0 0 0 
0 0 0 0 1 0 0 0 0 0 0 0 0 0 0 0 0 0 0 0 0 0 0 0 0 0 0 0 0 0 0 0 0 0 0 0 0 0 0 0 
0 0 0 0 0 0 0 0 0 0 0 0 0 0 0 0 0 0 0 0 0 0 0 0 0 2 0 0 0 0 0 0 0 0 0 0 0 0 0 0 
0 0 0 0 0 0 0 0 0 0 0 0 0 0 0 0 0 0 0 3 0 0 0 0 0 0 0 0 0 0 0 0 0 0 0 0 0 0 0 0 
0 0 0 0 0 0 2 0 0 0 0 0 0 0 0 0 0 0 0 0 0 0 0 0 0 0 0 0 0 0 0 0 0 0 0 0 0 0 0 0 
3 0 0 0 0 0 0 0 0 0 0 0 0 0 0 0 0 0 0 0 0 0 0 0 0 0 0 1 0 0 0 0 0 0 0 0 0 0 0 0 
0 0 0 0 0 3 0 0 0 0 0 0 0 0 0 0 0 0 0 0 0 3 0 0 0 0 0 0 0 0 0 0 0 0 0 0 0 0 0 0 
0 0 0 0 0 0 0 0 0 1 0 1 0 0 0 0 0 0 0 0 0 0 0 0 0 0 0 0 0 0 0 0 0 0 0 0 0 0 0 0 
0 0 3 0 0 0 0 0 0 0 0 0 0 0 0 0 0 0 0 0 0 0 0 0 0 0 0 0 0 0 1 0 0 0 0 0 0 0 0 0 
0 0 0 0 0 0 0 1 0 0 0 0 0 0 0 0 0 0 0 0 0 0 0 4 0 1 0 0 0 0 0 0 0 0 0 0 0 0 0 0 
0 0 0 0 0 0 0 0 0 0 0 3 0 0 0 0 0 0 0 0 0 0 0 0 0 0 0 0 0 0 0 0 0 0 0 0 0 0 0 0 
0 0 0 0 8 0 2 0 0 0 0 0 0 0 0 0 0 0 0 0 0 0 0 0 0 0 0 0 0 0 0 0 1 0 0 0 0 0 0 0 
0 0 0 0 0 0 0 0 0 0 0 0 0 0 0 0 0 0 0 0 0 0 0 0 0 4 0 0 0 0 0 0 0 0 1 0 0 0 0 0 
0 0 0 0 0 0 0 0 0 0 0 0 0 1 0 0 0 0 0 0 0 0 0 0 0 0 0 0 0 0 0 0 0 0 0 0 0 0 0 0 
0 0 0 0 0 0 3 0 0 0 0 0 0 0 0 0 1 0 0 0 0 0 0 0 0 0 0 0 0 0 0 0 0 0 1 0 0 0 0 0 
0 0 0 0 0 0 0 0 0 0 0 0 0 0 0 0 0 0 0 0 0 0 0 0 0 0 0 4 0 0 0 0 0 0 0 0 0 1 0 0 
0 0 0 0 0 0 0 0 0 0 0 0 0 2 0 1 0 0 0 0 0 0 0 0 0 0 0 0 0 0 0 0 14 0 0 0 0 0 0 0 
0 0 0 0 0 0 0 0 19 0 0 0 0 0 0 0 0 0 0 0 0 0 0 0 0 0 2 0 0 0 0 0 0 0 0 0 1 0 0 0 
0 0 0 0 0 0 0 0 0 0 0 0 0 12 0 0 0 0 0 0 0 0 0 0 0 0 0 0 0 18 0 2 0 0 0 0 0 0 0 0 
0 0 0 0 0 0 0 2 0 0 0 0 0 0 0 0 0 0 0 1 0 0 0 0 0 0 0 0 0 0 0 0 0 0 0 0 0 0 0 0 
0 0 0 0 0 0 0 0 0 0 0 0 0 0 0 0 0 0 0 0 0 0 0 0 0 0 0 0 0 0 0 0 0 0 2 0 0 0 0 0 
0 4 0 0 0 0 0 0 1 0 0 0 0 0 0 30 0 0 0 0 0 0 0 0 0 0 0 0 0 0 0 25 0 0 0 0 0 0 0 0 
0 0 0 0 0 0 0 0 0 0 0 0 0 0 0 2 0 0 0 0 0 0 6 0 0 0 0 0 0 3 0 0 0 0 0 0 64 0 0 0 
0 0 0 0 0 0 0 0 0 0 0 0 50 0 0 0 0 0 0 0 0 0 0 0 0 0 0 0 0 0 0 0 0 0 0 0 2.34 0 0 0 
0 0 0 0.17 0 0 0 0 0 0 0 0 0 0 0 0 0 2 0 0 0 0 0 0 0 0 0 0 0 0 0 0 0 12 0 0 0 0 0 0 
0 0 0 0 3.66 0 0 0 0 0 0 0 0 0 0 0 0 2 0 0 0 0 0 0 1 0 0 0 0 0 0 0 0 0 0 0 0 0 12 0 
0 0 0 0 0 0 0 0 0 0 0 0 0 0 18 0 0 0 0 0 0 0 0 0 0 4 0 0 0 0 0 0 0 0 0 0 0 0 1.04 0 
0 0 0 0 0 0.52 0 0 0 0 0 0 0 0 0 0 0 0 0 6.2 0 0 0 0 0 0 0 0 0 0 0 0 0 0 0 15.1 0 0 0 0 
0 0 0 0 0 0 4.96 0 0 0 0 0 0 0 0 0 0 0 0 2.14 0 0 0 0 0 0 1.07 0 0 0 0 0 0 0 0 0 0 0 0 0 
8.8 0 0 0 0 0 0 0 0 0 0 0 0 0 0 0 22.4 0 0 0 0 0 0 0 0 0 0 6.86 0 0 0 0 0 0 0 0 0 0 0 0 
2.14 0 0 0 0 0 0 1.07 0 0 0 0 0 0 0 0 0 0 0 0 0 9 0 0 0 0 0 0 0 0 0 0 0 0 0 0 0 22.5 0 0 
0 0 0 0 0 0 0 0 6.86 0 0 0 0 0 0 0 0 0 0 0 0 2 0 0 0 0 0 0 1 0 0 0 0 0 0 0 0 0 0 0 
0 0 9 0 0 0 0 0 0 0 0 0 0 0 0 0 0 0 12.5 0 0 0 0 0 0 0 0 0 0 2 0 0 0 0 0 0 0 0 0 0 
0 0 0.68 0 0 0 0 0 0 0.34 0 0 0 0 0 0 0 0 0 0 0 0 0 5.8 0 0 0 0 0 0 0 0 0 0 0 0 0 0 0 14.9 
0 0 0 0 0 0 0 0 0 0 5.32 0 0 0 0 0 0 0 0 0 0 0 0 2 0 0 0 0 0 0 1 0 0 0 0 0 0 0 0 0 
0 0 0 0 6 0 0 0 0 0 0 0 0 0 0 0 0 0 0 0 13 0 0 0 0 0 0 0 0 0 0 3 0 0 0 0 0 0 0 0 
0 0 0 0 2.22 0 0 0 0 0 0 1.11 0 0 0 0 0 0 0 0 0 0 0 0 0 13.6 0 0 0 0 0 0 0 0 0 0 0 0 0 0 
0 24.8 0 0 0 0 0 0 0 0 0 0 6.78 0 0 0 0 0 0 0 0 0 0 0 0 0 0 0 2 0 0 0 3 0 0 0 0 0 0 0 
0 0 0 0 0 0 0 0 0 0 0 0 0 0 0 0 0 0 0 0 0 0 6 0 0 0 0 0 0 0 0 0 0 0 0 0 0 0 0 0 
0 0 0 0 0 0 0 0 0 2 0 0 0 1 0 0 0 0 0 0 0 0 0 0 0 0 0 0 0 0 0 0 0 0 0 0 0 0 0 0 
0 0 0 4 0 0 0 0 0 0 0 0 0 0 0 0 0 0 0 0 0 0 0 0 0 0 0 0 0 0 4 0 0 0 1 0 0 0 0 0 
0 0 0 0 0 0 0 0 0 0 0 0 0 0 0 0 0 0 0 0 0 0 0 0 7 0 0 0 0 0 0 0 0 0 0 0 0 0 0 0 
0 0 0 0 0 0 0 0 0 0 0 0 0 0 1 1 0 0 0 0 0 0 0 0 0 0 0 0 0 0 0 0 0 0 0 0 0 0 0 0 
0 0 0 0 0 3 0 0 0 0 0 0 0 0 0 0 0 0 0 0 0 0 0 0 0 0 0 0 0 0 0 0 0 0 0 1 1 0 0 0 
0 0 0 0 0 0 0 0 0 0 0 0 0 0 0 0 0 0 0 0 0 0 0 0 0 0 3 0 0 0 0 0 0 0 0 0 0 0 0 0 
0 0 0 0 0 0 0 0 0 0 0 0 0 0 0 0 1 1 0 0 0 0 0 0 0 0 0 0 0 0 0 0 0 0 0 0 0 0 0 0 
0 0 0 0 0 0 0 3 0 0 0 0 0 0 0 0 0 0 0 0 0 0 0 0 0 0 0 0 0 0 0 0 0 0 0 0 0 0 3 0 
0 2 0 0 0 0 0 0 0 0 0 0 8 0 0 0 0 0 0 0 0 0 0 0 0 0 0 0 4 0 0 0 0 0 0 0 0 0 0 0 
0 0 0 0 0 0 0 0 0 0 0 0 0 0 0 0 0 0 0 1 0 0 0 0 0 0 1 0 0 0 0 0 0 0 0 0 0 0 0 0 
0 0 0 0 0 0 0 0 0 4 0 0 0 0 0 0 0 0 0 0 0 0 0 0 0 0 0 0 0 0 0 0 0 0 0 0 0 0 0 0 
1 0 0 0 0 0 0 0 0 0 0 0 2 0 0 0 0 0 0 0 0 0 0 0 0 0 0 0 0 0 0 0 0 0 0 0 0 0 0 0 
0 0 0 0 0 0 0 0 0 0 0 0 0 0 0.67 0 0 0 0 0 0 0.17 0 0 0 0 0 0 0 0 0 0 0 0 1.67 2 0 0 0 0 
0 0 0 0 0 0 0 0 0 0 0 12 0 0 0 0 0 0 0 0 0 0 3.66 0 0 0 0 0 0 0 0 0 0 0 0 0 0 0 0 0 
0 0 1 0 0 0 0 0 0 0 0 0 0 0 0 0 6 0 0 0 2 0 0 0 0 0 0 0 0 0 0 0 0 0 0 0 0 0 0 0 
0 0 0 0 0 0 0 0 0 0 0 0 0 0 0 0 0 0 0 0 0 0 0 1 0 0 0 0 0 0 0 0 0 0 0 0 0 1 0 0 
0 0 3 0 0 0 0 0 0 0 0 0 0 8 0 2 0 0 0 0 0 0 0 0 0 0 0 0 0 0 0 0 0 0 0 0 0 0 0 0 
0 0 0 0 1 0 0 0 0 0 0 0 0 0 0 0 0 0 1 0 0 0 0 0 0 0 0 0 0 0 0 0 0 0 4 0 1 0 0 0 
0 0 0 0 0 0 0 0 0 0 0 0 0 0 0 0 0 0 0 0 0 0 0 0 0 4 0 0 0 0 0 0 0 0 0 0 0 0 0 6 
0 0 0 0 0 0 0 0 0 0 0 0 0 0 0 14.5 0 3 0 0 0 0 0 0 0 0 0 0 0 0 0 0 0 0 0 0 0 0 0 0 
0 0 0 0 0 0 1 0 0 0 0 0 0 0 0 0 0 0 0 0 5 0 0 0 0 0 0 0 0 0 0 0 0 0 0 0 6 0 1 0 
0 0 0 0 0 0 0 0 0 0 0 0 0 0 0 0 0 0 0 0 2.238 0 0 0 0 0 0 0.185 0 0 0 0 0 0 0 0 0 0 0 0 
0.112 2 0 0 0 0 0.104 0 0.09 0 0 0 0 0 0 0 0 12 0 0 0 0 0 0 0 0 0 0 3.574 0 0 0 0 0 0 0 0 0 0 0 
0 0.818 0 0 0 0 0 0 0.247 0 0 0 0 0 0 0 0 0 0 0 0 1.688 2 0 0 0 0 0.02 0 0.068 0 0 0 0 0 0 0 0 12 0 
0 0 0 0 0 0 0 0 0 3.458 0 0 0 0 0 0 0 0 0 0 0 0 1.66 0 0 0 0 0 0 0.17 0 0 0 0 0 0 0 0 0 0 
0 0 0 2 0 0 0 0 0 0 0.34 0 0 0 0 0 0 0 0 12 0 0 0 0 0 0 0 0 0 0 4 0 0 0 0 0 0 0 0 0 
0 0 0 1.4 0 0 0 0 0 0 0.3 0 0 0 0 0 0 0 0 0 0 0 0 0 2 0 0 0 0 0 0 0.6 0 0 0 0 0 0 0 0 
12 0 0 0 0 0 0 0 0 0 0 4 0 0 0 0 0 0 0 0 0 0 0 0 0.34 0 0 0 0 0 0 0.17 0 0 0 0 0 0 0 0 
0 0 0 0 0 2 0 0 0 0 0 0 3 0 0 0 0 0 0 0 0 12 0 0 0 0 0 0 0 0 0 0 3.66 0 0 0 0 0 0 0 
0 0 0 0 0 0.86 0 0 0 0 0 0 0.43 0 0 0 0 0 0 0 0 0 0 0 0 0 2 0 0 0 0 0 0 3 0 0 0 0 0 0 
0 0 12 0 0 0 0 0 0 0 0 0 0 3.14 0 0 0 0 0 0 0 0 0 0 0 0 0 0 0 0 0 0 2 1 0 0 0 0 0 0 
0 0 0 0 0 0 0 0 0 0 0 0 0 0 1 0 0 0 0 0 0 0 0 6 0 0 0 0 0 0 0 0 0 0 0 0 0 0 0 0 
0 0 0 0 0 0 0 0.34 0 0 0 0 0 0 0.17 0 0 0 0 0 0 0 0 0 0 0 0 1 2 0 0 0 0 0 0 2 0 0 0 0 
0 0 0 0 12 0 0 0 0 0 0 0 0 0 0 3.66 0 0 0 0 0 0 0 0 0 0 0 0 0 0 0 0 0 0 0 1 0 0 0 0 
0 0 0 0 0 0 0 0 0 0 0 0 0 0 0 0 0 0 1 0 0 0 0 0 0 4 0 0 0 0 0 0 0 0 0 0 0 0 0 0 
0 0 0 0 0 0 0 0 0 0 0 0 0 0 0 0 0.5 0 0 0 0 0 0 0 0 0 0 0 0 0 4.6 0 0 0 0 0 0 0 0 0 
0 0 0 0 0 1 5.3 0 0 0 0 0 0 0 0 0 0 0 0 0 0 0 0 0 0 0 0 0 0 0 0 0 0 0 0 0 0 1 0 0 
0 0.4 0 0 0 0 0 0 0 0 0 6.6 0 0 0 0 0 0 0 0 0 0 0 0 0 0 1 6.6 0 0 0 0 0 0 0 0 0 0 0 0 
0 0 0 0 0 0 0 0 0 0 0 0 0 0 0 0 0 0 1 0 0 0 0 0 0 0 0 0 0 0 0 0 2 0 0 0 0 0 0 0 
0 0 0 0 0 0 0 0 2 0 0 0 0 0 0 0 0 0 0 0 0 0 0 0 0 0 0 0 0 0 0 0 0 0 0 0 0 0 0 1 
0 0 0 0 0 0 0 0 0 0 0 0 0 2 0 0 0 0 0 0 0 0 0 0 0 0 0 0 0 1 1 0 0 0 0 0 0 0 0 0 
0 0 0 0 0 0 0 0 0 0 0 0 0 0 0 0 0 0 0 0 1 0 0 0 0 0 0 0 0 0 0 0 0 0 4 0 0 0 0 0 
0 0 0 0 0 0 0 0 0 0 2 1 0 0 0 0 0 0 0 0 0 0 0 0 0 0 0 0 0 0 0 0 0 0 0 0 0 0 0 0 
0 1 0 0 0 0 0 0 0 0 0 0 0 0 0 6 0 0 0 0 0 0 0 0 0 0 0 0 0 0 0 3 1 0 0 0 0 0 0 0 
0 0 0 0 0 0 0 0 0 0 0 0 0 0 0 0 0 0 0 0 0 0 3 0 0 0 0 0 0 0 0 0 0 0 0 0 0 0 0 0 
0 0 0 0 0 0 0 0 0 0 0 0 8 0 2 0 0 0 0 0 0 0 0 0 0 0 0 0 0 0 0 0 0 0 0 0 0 0 0 0 
0 0 0 5 0 0 0 1 0 0 0 0 0 0 0 0 0 0 0 0 0 0 0 0 0 0 0 0 0 0 0 0 0 12 0 3 0 0 0 0 
0 0 0 0 0 0 0 0 0 0 0 0 0 0 0 0 0 0 0 0 0 0 0 0 5 0 0 0 0 0 0 0 0 0 0 0 1 0 0 0 
0 0 0 0 0 0 0 0 0 0 0 0 0 0 12 0 3 0 0 0 0 0 0 0 0 0 0 0 0 0 0 0 0 0 0 0 0 0 0 0 
0 0 0 0 0 5 0 0 0 0 0 0 0 0 0 0 0 0 0 1 0 0 0 0 0 0 0 0 0 0 0 0 0 0 0 13 0 3 0 0 
0 0 0 0 0 0 0 0 0 0 0 0 0 0 0 0 0 0 0 0 0 0 0 0 0 0 1 0 0 0 0 0 0 0 0 0 0 0 0 0 
0 0 0 0 0 0 0 0 0 0 0 0 0 0 0 0 4 0 0 0 0 0 0 0 0 1 0 0 0 0 0 0 0 0 0 0 0 0 0 0 
0 0 0 0 0 0 0 1 0 0 0 0 0 0 0 0 0 0 0 0 0 1 0 0 0 0 0 0 0 0 0 0 0 0 0 0 0 4.5 0 0 
0 0 0 0 0 0 1 0 0 0 0 0 0 0 0 0 0 0 0 0 0 0 0 0 0 0 0 0 1 0 0 0 0 0 0 0 0 0 0 0 
0 0 4 0 0 0 0 0 0 0 0 0 0 0 0 0 0 0 6 0 0 0 0 0 0 0 0 1 0 0 0 0 0 0 0 0 0 0 0 0 
0 0 0 0 0 0 0 0 0 1 0 0 0 0 0 0 0 0 0 0 0 0 0 2 0 0 0 0 0 0 0 0 0 0 0 0 0 0 0 4 
0 0 0 0 0 0 0 0 0 1 0 0 0 0 0 0 0 0 0 0 0 0 0 1.414 0 0 0 0 0 0 0.445 0 0 0 0 0 0 0 0 0 
0 0 0 0.254 2 0 0 0 0 0 0 2.468 0.007 0 0 0 0 0 0 0 12 0 0 0 0 0 0 0 0 0 0 2.778 0 0 0 0 0 0.018 0 0 
0 0 0 0 0 0 0 0 0 0 0 1 0 0 0 0 0 0 0 0 0 0 0 0 0 0 0 0 0 0 0 0 0 0 0 0 0 0 0 0 
0 3 0 0 0 0 0 0 0 0 0 0 1 0 0 0 0 0 0 0 0 0 0 0 0 0 0 0 0 0 0 0 1 0 0 0 0 0 0 0 
0 0 0 0 0 0 6 0 0 0 0 0 0 0 0 0 0 0 0 0 0 0 6 0 0 0 0 0 0 0 0 0 0 0 0 1 0 0 0 0 
0 0 0 0 0 0 0 0 2 0 0 0 0 1 0 0 0 0 0 0 0 0 0 0 0 0 0 20 0 0 0 0 0 0 0 0 0 0 0 0 
0 0 0 22 0 0 0 0 0 0 0 0 0 0 0 0 0 0 0 0 0 2 0 0 0 0 0 0 0 0 0 0 0 0 1 0 0 0 0 0 
0 0 0 0 0 0 0 0 22 0 0 0 0 0 0 0 0 0 0 0 0 0 0 0 30 0 0 0 0 0 0 0 0 0 0 0 0 0 0 0 
0 0 6 0 0 0 0 0 0 0 0 0 0 0 0 1 0 0 0 0 0 0 0 0 0 0 0 0 0 12 0 0 0 0 0 0 0 0 0 0 
0 0 0 0 0 18 0 2 0 0 0 0 0 0 0 0 0 0 0 0 0 0 0 2 0 0 0 0 0 0 0 0 0 0 0 0 1 0 0 0 
0 0 0 0 0 0 0 0 0 0 12 0 0 0 0 0 0 0 0 0 0 0 0 0 0 0 17 0 0 0 0 0 0 0 0 0 0 2 0 0 
0 0 0 0 2 0 0 0 0 0 0 0 0 2 0 0 0 0 1 0 0 0 0 0 0 0 0 0 0 0 0 0 0 0 0 0 0 0 0 0 
0 0 0 0 0 0 0 4 0 0 0 0 0 0 0 0 0 0 0 0 0 0 0 0 0 0 0 0 0 0 0 0 0 0 0 0 0 1 0 1 
0 0 0 0 0 0 0 0 0 0 0 0 0 0 0 0 0 0 0 0 0 0 0 0 0 0 0 0 3 0 0 0 0 0 0 0 0 0 0 0 
0 0 0 0 0 0 0 0 0 0 0 0 0 0 0 0 0 0 0 0 5 0 0 0 0 0 0 0 0 0 0 0 0 10 0 0 0 0 0 0 
0 0 0 0 0 0 0 0 0 20 0 4 0 0 0 0 0 0 0 0 0 0 0 0 0 0 0 0 0 0 0 0 0 0 0 0 0 0 0 0 
0 1 0 0 0 0 0 0 0 0 0 0 0 0 2 0 0 0 0 0 0 0 0 0 0 0 0 0 0 0 2 0 0 0 0 0 0 0 0 0 
0 0 0 0 0 0 0 0 0 0 0 0 0 0 0 0 0 0 0 0 0 0 3 0 0 0 0 0 0 0 0 0 0 0 0 0 0 0 0 0 
0 0 0 0 0 0 0 0 0 0 0 8 0 2 0 0 0 0 0 0 0 0 0 0 0 0 0 0 0 0 0 0 0 0 0 0 0 0 0 0 
0 0 0 1 0 0 0 0 0 0 0 0 0 0 0 0 0 0 0 0 0 0 0 0 0 0 0 0 0 0 0 0 0 0 0 0 0 0 0 0 
0 1 0 0 0 0 0 0 0 0 0 0 0 0 0 0 0 0 2 0 0 0 0 0 1 0 0 0 0 0 0 0 0 0 0 0 0 16 0 0 
0 0 0 0 0 0 0 0 0 0 0 0 0 20 0 0 0 0 0 0 0 0 0 0 0 0 0 0 0 0 0 2 0 0 0 0 0 0 0 0 
0 0 0 0 0 1 0 0 0 0 0 0 0 0 0 0 0 0 20 0 0 0 0 0 0 0 0 0 0 0 0 0 0 0 22 0 2 0 0 0 
0 0 0 0 0 0 0 0 0 0 0 0 2 0 0 0 0 0 0 0 0 0 0 0 0 0 0 0 0 0 0 1 0 0 0 0 0 0 0 0 
0 0 0 0 0 0 0 0 0 0 0 0 0 0 0 0 0 0 0 0 0 0 0 0 0 0 0 0 0 0 0 0 0 0 0 0 0 0 0 0 
0 0 0 0 0 1 0 0 0 0 0 0 1 0 0 0 0 0 0 0 0 0 0 0 0 0 0 0 0 0 0 0 0 0 0 0 3 0 0 0 
0 0 0 0 0 0 0 0 0 0 0 0 0 0 0 0 0 0 0 0 0 0 0 0 0 0 0 0 0 0 0 2 0 1 0 0 0 0 0 0 
0 0 0 0 0 0 0 0 0 0 0 0 0 0 0 0 0 0 0 0 0 0 0 0 0 0 0 0 0 0 0 0 0 0 0 0 0 0 0 0 
0 0 0 0 0 0 0 0 0 0 0 0 2 0 1 0 0 0 0 0 0 0 12 0 0 0 0 0 0 0 0 0 0 0 0 0 0 0 6 0 
0 0 0 0 0 0 0 0 0 0 0 0 0 0 0 0 0 0 0 0 0 0 0 0 0 0 0 0 0 0 0 0 0 0 0 1 0 0 0 0 
0 2 0 0 0 0 0 0 0 0 0 0 0 0 0 0 0 0 0 0 0 0 0 0 0 0 0 0 0 0 0 0 0 0 0 0 0 0 0 0 
0 0 0 0 0 0 0 0 0 0 0 0 0 0 0 0 1 0 0 0 0 0 0 0 1 0 0 0 0 0 0 0 0 0 0 0 0 0 0 0 
4 0 1 0 0 0 0 0 0 0 0 0 0 0 0 0 0 0 0 0 0 0 0 0 0 0 0 0 0 0 0 0 0 0 0 0 0 1 0 0 
0 0 0 0 0 0 0 0 0 0 0 0 0 0 0 0 0 0 0 0 0 1 0 0 0 0 0 0 0 0 0 0 0 0 0 0 0 0 0 0 
0 0 0 0 0 0 0 0 0 0 0 0 0 0 0 0 0 0 1 0 0 0 0 0 0 0 2 0 0 0 0 0 0 0 0 0 0 0 0 0 
0 0 2 0 0 0 0 0 0 0 0 0 0 0 0 0 0 0 0 0 0 0 0 0 0 0 0 0 0 0 0 0 0 0 0 0 0 0 0 1 
0 0 0 0 0 0 0 2 0 0 0 0 0 0 0 0 0 0 0 0 0 0 0 2 0 0 0 0 0 0 0 0 0 0 0 0 0 0 0 0 
0 0 0 0 0 0 0 0 0 0 0 0 0 0 0 0 0 0 0 0 1 0 0 0 0 0 0 0 2 0 0 0 0 0 0 0 0 0 0 0 
0 0 0 0 2 0 0 0 0 0 0 0 0 0 0 0 0 0 0 0 0 0 0 0 0 0 0 0 0 0 0 0 0 0 0 0 0 0 0 0 
0 3 0 0 0 0 0 0 0 0 0 0 0 0 0 0 0 0 0 0 0 0 0 0 0 8 0 2 0 0 0 0 0 0 0 0 0 0 0 0 
0 0 0 0 0 0 0 0 0 0 0 0 0 0 0 0 0 0 0 0 0 0 1 0 0 0 0 0 0 0 0 0 0 0 0 0 0 0 0 0 
0 0 0 0 0 0 0 0 0 0 0 0 0 0 0 1 0 0 0 0 0 0 0 0 0 0 0 0 0 0 0 0 0 0 0 0 0 0 0 0 
0 0 0 1 0 0 0 0 0 0 0 0 0 0 0 0 0 0 0 0 0 0 0 0 0 0 0 0 0 0 0 0 0 0 0 0 1 0 0 0 
0 0 0 0 0 0 0 0 0 0 0 0 0 0 0 0 0 0 0 0 0 0 0 0 1 0 0 0 0 0 0 0 0 0 0 0 0 0 0 0 
0 0 0 0 0 0 0 0 0 0 0 0 0 0 0 0 0 2 0 0 0 0 0 0 0 0 0 0 0 0 0 0 0 0 0 0 0 0 0 0 
0 0 0 0 0 1 0 0 0 0 0 0 0 0 0 0 0 0 0 0 0 0 0 0 0 0 0 0 0 4 0 0 0 0 0 0 0 0 1 0 
0 0 0 0 0 0 0 0 0 0 0 0 0 0 0 0 0 0 0 0 0 0 0 0 0 0 1 0 0 0 0 0 0 0 2 0 0 0 0 0 
0 0 0 0 0 0 0 0 0 0 5 0 0 0 0 0 0 0 0 1 0 0 0 0 0 0 0 0 0 0 0 0 0 0 0 0 0 0 0 0 
0 0 0 0 0 0 0 1 0 0 0 0 0 0 0 12 0 0 0 0 0 0 0 0 0 0 0 0 0 0 0 10 0 0 0 0 0 0 0 0 
1 0 0 0 0 0 0 0 0 0 0 0 0 0 0 0 0 0 0 0 0 0 0 0 0 0 0 0 1 0 0 0 0 0 0 0 14 0 0 0 
0 0 0 0 0 0 0 0 0 0 0 0 11 0 0 0 0 0 0 0 0 1 0 0 0 0 0 0 0 0 0 0 0 0 0 0 0 0 0 0 
0 0 0 0 0 0 0 0 0 0 1 0 0 0 0 0 0 0 0 0 0 0 0 0 0 0 0 0 0 0 0 0 0 0 0 0 0 0 0 0 
0 0 0 0 0 0 0 0 0 0 0 0 0 0 0 0 0 0 0 0 0 0 0 0 0 0 0 0 2 0 0 1 0 0 0 0 0 0 0 0 
0 0 0 0 0 0 0 0 0 0 0 0 0 0 0 0 0 0 0 0 0 0 0 0 0 0 0 0 0 0 0 0 0 0 0 0 0 0 0 0 
0 0 0 0 0 0 0 0 0 3 0 0 1 0 0 0 0 0 0 0 0 0 0 0 0 0 0 0 0 0 0 0 0 0 0 0 0 0 0 0 
0 0 0 0 0 0 0 0 0 0 0 0 0 0 0 0 0 0 0 0 0 0 0 0 0 0 0 0 0 0 0 0 0 2 0 0 0 0 0 0 
0 0 0 0 0 0 0 0 0 0 0 0 0 0 0 0 3 0 0 0 0 0 0 0 0 0 0 0 0 0 0 0 0 0 0 0 0 0 0 0 
0 0 0 0 0 0 0 0 0 0 0 0 0 0 1 0 0 0 0 0 0 0 0 0 0 0 0 0 0 0 0 0 0 0 0 0 0 2 0 0 
0 0 0 0 0 0 0 0 0 0 0 0 0 0 0 0 0 0 0 0 0 0 0 0 0 0 0 0 0 0 0 0 0 0 0 1 0 0 0 0 
0 0 0 0 0 0 0 0 0 0 0 0 0 0 0 0 0 0 3 0 0 0 0 0 0 0 0 0 0 0 0 0 0 0 0 0 0 0 0 0 
0 0 0 0 0 0 0 0 0 0 0 0 0 0 0 0 1 0 0 0 0 0 0 2 0 0 0 0 0 0 0 0 0 0 0 0 0 0 0 2 
0 0 0 0 0 0 0 0 0 0 0 0 0 0 0 0 0 0 0 0 0 0 0 0 0 0 0 0 0 0 0 0 0 0 0 0 0 1 0 0 
0 0 0 0 3 0 0 0 0 0 0 0 0 0 0 0 0 0 0 0 3 0 0 0 0 0 0 0 0 0 0 0 0 0 0 0 0 0 0 0 
0 0 0 0 0 0 0 0 0 0 0 0 0 0 0 0 0 0 1 0 0 0 0 0 0 4 0 0 0 0 0 0 0 0 0 0 0 0 0 0 
0 6 0 1 0 0 0 0 0 0 0 0 0 0 0 0 0 0 0 0 0 0 0 0 0 0 0 0 0 0 0 0 0 0 0 0 0 0 0 1 
0 0 0 0 0 0 0 0 0 0 0 0 0 0 0 0 0 0 0 0 0 0 4 0 1 0 0 0 0 0 0 0 0 0 0 0 0 0 0 0 
0 0 0 0 0 0 0 0 0 0 0 0 0 0 0 0 0 0 0 0 1 0 0 0 0 0 0 0 0 0 0 0 0 0 0 0 0 0 0 0 
0 0 0 4 0 1 0 0 0 0 0 0 0 0 0 0 0 0 0 0 0 0 0 0 0 0 0 0 0 0 0 0 0 0 0 0 0 0 0 0 
0 2 0 0 0 0 0 0 0 0 0 0 0 0 0 0 0 0 0 0 0 0 0 0 0 0 0 0 0 0 0 0 0 3 0 0 0 0 0 0 
0 0 0 0 0 0 0 0 0 0 0 0 0 0 0 0 0 0 0 0 0 0 1 0 0 0 0 0 0 0 0 0 0 0 0 0 0 0 0 0 
0 0 0 0 0 0 0 0 0 0 0 0 0 0 1 0 0 0 0 0 0 0 0 0 0 0 0 0 0 0 0 0 0 0 0 0 0 0 0 0 
0 0 0 2 0 0 0 0 0 0 0 0 0 0 0 0 0 0 0 0 0 0 0 0 0 0 12 0 0 0 0 0 0 0 0 3 0 0 0 0 
0 0 0 0 0 0 0 0 0 0 0 0 1 0 0 0 0 0 0 0 0 0 0 0 0 1 0 0 0 0 0 5 0 0 0 0 0 0 0 0 
0 0 0 0 0 0 0 8.5 0 0 0 0 0 0 0 0 0 0 0 0 0 0 0 0 0 1 0 0 0 0 0 0 0 0 1 0 0 0 0 0 
0 0 0 0 0 0 1 0 0 0 0 0 2 0 0 0 0 0 0 0 0 0 0 0 0 0 0 0 6 0 0 0 0 0 0 0 0 0 0 0 
0 0 0 0 0 0 1 0 0 0 0 0 0 0 0 0 0 0 0 0 0 0 0 0 0 0 0 1 0 0 0 0 0 5 0 0 0 0 0 0 
0 0 0 0 0 0 0 0 0 8.5 0 1 0 0 0 0 0 0 0 0 0 0 0 0 0 0 0 1 0 0 0 0 0 0 0 0 0 0 0 0 
0 0 0 0 0 0 0 0 0 1 0 0 0 0 0 0 0 0 0 0 0 0 0 0 0 0 0 0 0 0 0 0 0 0 0 0 0 0 0 0 
0 0 0 0 0 0 0 0 0 0 0 0 0 0 0 0 0 0 0 0 1 0 0 0 0 0 0 0 0 0 2 0 0 0 0 2 0 0 0 0 
0 0 0 0 0 0 0 0 0 0 0 5 0 0 0 0 0 0 0 0 0 0 0 0 0 0 0 0 0 0 0 0 0 0 0 0 0 0 0 0 
0 2 0 0 0 0 0 0 0 0 0 3 0 0 0 0 2 0 0 0 0 0 0 0 0 0 0 0 0 0 0 0 8 0 0 0 0 0 0 0 
0 0 0 0 0 0 0 0 0 0 0 0 0 0 0 0 0 0 0 0 0 0 0 0 0 0 0 1 0 0 0 0 1 0 0 0 0 0 0 0 
0 0 0 0 0 0 0 0 0 0 0 0 0 0 0 0 0 0 0 0 0 0 0 0 0 0 0 0 0 0 0 0 0 0 0 0 0 0 0 0 
0 0 0 0 0 0 0 0 0 0 0 0 0 2 0 0 0 0 0 0 0 0 0 0 0 0 0 0 0 0 0 0 0 0 1 0 0 0 0 0 
0 0 0 0 0 0 0 0 0 0 0 0 0 0 0 0 0 0 0 0 0 0 0 0 0 0 0 0 0 0 0 0 0 0 1 0 0 0 0 0 
0 0 0 0 0 0 0 0 0 0 0 0 0 0 0 1 0 0 0 0 0 0 0 0 0 0 0 0 0 0 0 0 0 0 0 0 0 0 0 0 
0 0 0 0 0 0 0 0 0 0 0 0 0 0 0 1 0 0 0 0 2 0 0 0 0 0 0 0 0 0 0 0 0 0 0 0 2 0 0 0 
0 0 0 0 0 0 0 0 0 0 0 0 0 0 0 0 0 0 0 0 0 0 0 0 0 0 0 0 0 0 0 0 0 0 0 0 2 0 0 0 
0 0 0 0 0 0 0 0 0 0 0 0 0 0 0 0 0 0 0 0 0 0 0 0 0 0 1 0 0 0 0 0 0 0 0 0 0 0 0 0 
0 0 0 0 0 0 0 0 0 0 0 0 0 0 0 0 0 1 0 0 0 0 0 0 0 0 0 0 0 0 0 0 0 0 0 0 0 0 0 0 
0 0 0 0 0 0 0 1 0 0 0 0 0 0 0 0 0 0 0 0 0 0 0 0 2 0 0 0 0 0 0 0 0 0 0 0 0 0 1 0 
0 0 0 16 0 0 0 0 0 0 0 0 0 0 0 0 0 0 0 20 0 0 0 0 0 0 0 0 0 0 0 0 0 0 0 0 0 2 0 0 
0 0 0 0 0 0 0 0 0 0 0 0 0 0 0 0 0 0 0 1 0 0 0 0 16 0 0 0 0 0 0 0 0 0 0 0 0 0 0 0 
20 0 2 0 0 0 0 0 0 0 0 0 0 0 0 0 0 0 2 0 0 0 0 0 0 0 0 0 0 0 3 0 0 0 0 0 0 0 0 0 
0 0 2 0 0 0 0 0 0 0 0 0 0 0 0 0 0 0 0 0 0 9 0 0 0 0 0 0 0 0 0 0 0 0 0 0 0 0 0 0 
0 0 0 0 0 0 0 0 0 0 0 0 0 0 0 0 0 0 0 0 0 0 0 1 3 0 0 0 0 0 0 0 0 0 0 0 0 0 0 0 
0 0 0 0 0 0 0 0 0 0 0 0 0 0 0 0 0 0 0 0 0 0 0 0 0 0 0 0 0 0 0 0 0 0 0 0 0 0 0 0 
0 0 0 0 1 0 0 3 0 0 0 0 0 0 0 0 0 0 0 0 0 0 0 3 0 0 0 0 0 0 0 0 0 0 0 0 0 0 0 0 
0 0 0 0 0 0 0 0 0 0 0 0 0 0 0 0 0 0 0 0 0 0 0 0 0 1 0 0 3 0 0 0 0 0 0 0 0 0 0 0 
0 0 0 0 3 0 0 0 0 0 0 0 0 0 0 0 0 0 0 0 0 0 0 0 0 0 0 0 0 0 0 0 0 0 1 0 0 0 0 0 
0 0 0 0 0 0 1 0 0 1 0 0 0 0 0 0 0 0 0 0 0 0 0 0 0 4 0 0 0 0 0 0 0 0 0 0 0 0 0 0 
0 0 0 0 0 0 0 0 0 0 0 0 0 0 0 0 0 0 0 0 0 0 0 0 0 0 0 1 0 0 1.334 0 0 0 0 0 0 0 0 0 
0 0 0 0 0 0 4.667 0 1 0 0 0 0 0 0 0 0 0 0 0 0 0 0 0 0 0 0 0 0 0 0 0 0 0 0 0 0 0 0 0 
0 0 0 0 0 0 0 0 0 0 1 0 0 0 0 0 0 0 0 0 0 0 0 0 0 0 0 0 0 0 0 0 0 0 0 0 0 0 0 0 
0 0 0 0 0 0 0 0 0 0 0 2 0 0 0 0 0 0 0 0 0 0 0 0 0 0 0 0 0 0 0 2 4 0 0 0 0 0 0 0 
0 0 0 0 0 0 0 0 9 0 0 0 0 0 0 0 0 0 0 1 0 0 0 0 0 0 0 0 0 0 0 0 0 0 0 0 0 0 1 0 
0 0 0 0 0 0 0 0 0 0 0 0 1 0 0 0 0 0 0 0 0 0 0 0 0 0 0 0 0 3 0 0 0 0 0 0 0 0 0 0 
0 0 0 0 0 0 0 0 0 0 0 0 0 0 0 0 0 0 0 0 0 0 0 0 1 0 0 0 0 0 0 0 0 2 3 0 0 0 0 0 
0 0 0 0 0 0 0 0 0 0 3 0 0 0 0 0 0 0 0 0 0 0 0 0 0 0 0 0 0 0 0 0 0 0 0 0 0 0 0 0 
0 0 0 0 0 0 0 0 2 0 0 0 0 0 1 0 0 0 0 0 0 0 0 0 0 0 0 0 0 0 0 4 0 0 0 0 0 0 0 0 
0 0 0 0 0 0 0 0 0 0 0 0 0 0 0 0.99 0 0 0 0 0 0 0 0 0 0 0 0 0 0 0 0 0 0 0 2.67 4 0 0 0 
0 0 0 0 0 0 0 0 0 0 0 0 9 0 0 0 0 0 0 0 0 0 0 1.34 0 0 0 0 0 0 0 0 0 0 0 0 0 0 0 0 
0 0 0 0 0 0 0 0 0 0 0 0 0 0 0 0 3 0 0 0 0 0 0 0 0 0 0 0 0 0 0 0 0 4 0 0 0 0 0 0 
0 0 0 0 0 0 0 0 0 0 0 0 0 0 0 0 0 0 0 0 0 0 0 0 0 0 0 0 1 0 0 0 0 0 0 0 0 4 8 0 
0 0 0 0 0 0 0 0 0 0 0 0 0 0 8 0 0 0 0 0 0 0 0 0 0 0 0 0 0 0 0 0 0 0 0 0 0 0 0 0 
0 0 0 0 0 0 0 0 0 0 0 0 0 0 0 0 0 0 6 12 0 0 0 0 0 0 0 0 0 0 0 0 0 0 0 16 0 0 0 0 
0 0 0 0 1 0 0 0 0 0 0 0 0 0 0 0 0 0 0 0 0 0 0 0 0 0 0 0 0 0 0 0 0 0 0 0 0 0 0 0.875 
0 0 0 0 0 0 0 0 0 0 0 0 0 0 0 0 0 0 0 0 0 0 0 0 0 1 0 0 0 0 0 0 0 0 0 0 0 0 0 0 
0 0 0 0 0 0 0 0 0 0 0 0 0 0 0 0 0 0 0 0 0.9 0 0 0 0 0 0 0 0 0 0 0 0 0 0 0 0 0 0 0 
0 0 0 0 0 0 1 0 0 0 0 0 0 0 0 0 0 0 0 0 0 0 0 0 0 0 0 0 0 0 0 0 0 0 0 0 0 0 0 0 
0 3 0 0 0 0 0 0 0 0 0 0 0 0 0 0 0 0 0 0 0 0 0 0 0 0 0 4 0 0 0 0 0 0 0 0 0 0 0 0 
0 0 0 0 0 0 0 0 0 0 0 0 0 0 0 0 0 0 0 0 0 0 0.875 0 0 0 0 0 0 0 0 0 0 0 0 0 0 0 0 0 
0 0 0 0 0 0 0 0 0 1 0 0 0 0 0 0 0 0 0 0 0 0 0 0 0 0 0 0 0 0 0 0 0 0 0 0 0 0 0 0 
0 0 0 1.042 0 0 0 0 0 0 0 0 0 0 0 0 0 0 0 0 0 0 0 0 0 0 0 0 0 0 1 0 0 0 0 0 0 0 0 0 
0 0 0 0 0 0 0 0 0 0 0 0 0 0 0 0 0 0 0 0 0 0 0 0 3 0 0 0 0 0 0 0 0 0 0 0 0 0 0 0 
0 0 0 0 0 0 0 0 0 0 0 4 0 0 0 0 0 0 0 0 0 0 0 0 0 0 0 0 0 0 0 0 0 0 0 0 0 0 0 0 
0 0 0 0 0 4 4 0 0 0 0 0 0 0 0 0 0 0 0 0 0 0 9 0 0 0 0 0 0 0 0 0 0 1 0 0 0 0 0 0 
0 0 0 0 0 0 0 0 0 0 0 0 0 0 0 0 0 0 0 0 0 0 0 0 0 0 2 0 0 0 0 0 0 0 0 0 0 0 0 0 
0 0 0 3 0 0 0 0 0 0 0 0 0 0 0 0 0 0 0 0 0 0 0 0 0 0 0 0 0 0 0 0 0 0 0 0 0 0 0 0 
0 0 0 0 0 0 0 2 0 0 0 0 0 0 0 0 0 0 0 0 0 0 0 0 3 0 0 0 0 0 0 0 0 0 0 0 0 0 0 0 
0 0 0 0 0 0 0 0 0 0 0 0 0 0 0 0 0 0 0 0 0 0 0 0 0 0 0 0 1 2 0 0 0 0 0 0 0 0 0 0 
0 0 0 0 0 2 0 0 0 0 0 0 0 0 0 0 0 0 0 0 0 0 0 0 0 0 0 0 0 0 0 0 0 0 0 0 0 0 0 0 
0 0 0 0 0 0 0 0 0 1 3 0 0 0 0 0 0 0 0 0 0 0 0 0 0 0 3 0 0 0 0 0 0 0 0 0 0 0 0 0 
0 0 0 0 0 0 0 0 0 0 0 0 0 0 0 0 1 0 0 0 0 0 0 0 0 0 0 0 0 0 6 12 0 0 0 0 0 0 0 0 
0 0 0 0 0 0 0 15 0 0 0 0 0 0 0 0 0 0 0 0 0 0 0 0 0 0 0 0 0 0 0 0 0 0 0 0 0 0 0 0 
0 0 0 0 0 0 0 0 0 0 0 1 1 0 0 0 0 0 0 0 0 0 0 0 0 0 0 0 2 0 0 0 0 0 0 0 0 0 0 0 
0 0 0 0 0 0 0 0 0 0 0 0 0 0 0 0 0 0 0 0 0 0 0 0 0 0 0 0 0 0 0 0 1 1 0 0 0 0 0 0 
0 0 0 0 0 0 0 0 0 2 0 0 0 0 0 0 0 0 0 0 0 0 0 0 0 0 0 0 0 0 0 0 0 0 0 0 0 0 0 0 
0 0 0 0 0 0 0 0 0 0 0 0 0 1 0 0 0 0 0 0 0 0 0 0 0 0 0 0 0 0 4 0 1 0 0 0 0 0 0 0 
0 0 0 0 0 0 0 0 0 0 0 0 0 0 0 0 0 0 0 0 0 0 0 0 0 0 0 0 0 0 0 0 0 0 3 16 0 0 0 0 
0 0 0 0 0 0 0 0 0 0 0 16 0 2 0 0 0 0 0 0 0 0 0 0 0 0 0 0 0 0 0 0 0 0 0 0 0 0 0 0 
0 0 0 0 0 0 0 0 0 0 0 0 0 0 0 1 4 0 0 0 0 0 0 0 0 0 0 0 0 0 0 0 6 0 1 0 0 0 0 0 
0 0 0 0 0 0 0 0 0 0 0 0 0 0 0 0 0 0 0 0 0 0 0 0 0 0 0 0 0 0 0 0 0 0 0 0 1 0 0 0 
0 0 0 0 0 0 0 0 0 0 0 0 0 0 0 0 0 0 0 0 0 0 1 0 0 0 0 0 0 0 0 0 0 0 0 0 0 0 0 0 
0 0 0 0 0 0 0 0 0 0 0 0 0 0 0 0 0 1 0 0 0 0 0 0 0 0 0 0 0 0 0 0 0 0 0 0 0 0 0 0 
0 0 0 1 0 0 0 0 0 0 0 0 0 0 0 0 0 0 0 0 0 0 0 0 0 0 0 0 0 0 0 0 0 0 0 0 0 0 1 0 
0 0 0 0 0 0 0 0 0 0 0 0 0 0 0 0 0 0 0 0 0 0 0 0 2 0 0 0 0 0 0 0 0 0 0 0 0 0 0 0 
0 0 0 0 0 0 0 0 0 0 0 0 0 0 0 0 0 0 0 1 0 0 0 0 0 0 0 0 0 0 0 0 0 0 0 0 0 0 0 0 
0 0 0 0 0 2 0 0 0 0 0 0 0 0 0 0 0 0 0 0 0 0 0 0 0 0 0 0 0 0 0 0 0 0 0 0 0 0 0 0 
2 6 0 0 0 0 0 0 0 0 0 0 0 0 0 0 0 12 0 0 0 0 0 0 0 0 0 3 0 0 0 0 0 0 0 0 0 0 0 0 
0 0 0 0 0 0 0 0 0 0 0 0 0 0 0 0 0 0 0 0 0 1 0 0 0 0 0 0 0 0 0 0 0 0 0 0 0 0 0 0 
0 0 0 0 0 0 0 0 2 0 0 0 0 0 0 0 0 0 0 0 0 0 0 0 2 0 0 0 0 0 0 0 0 0 0 0 0 0 0 0 
0 0 1 16 0 0 0 0 0 0 0 0 0 0 0 0 0 0 0 20 0 0 0 0 0 0 0 0 0 0 0 0 0 0 0 0 0 2 0 0 
0 0 0 1 0 0 0 0 0 0 0 0 0 0 0 0 0 0 0 0 0 0 0 0 33 0 0 0 0 0 0 0 0 0 0 0 0 0 0 0 
40 0 4 0 0 0 0 0 0 0 0 0 0 0 0 0 0 0 4 0 0 0 0 0 0 0 0 0 0 0 0 0 0 0 0 0 0 0 0 0 
0 1 0 0 0 4 0 0 0 0 0 0 0 0 0 0 0 0 0 0 0 0 0 0 0 0 0 0 0 0 0 0 0 0 0 0 0 0 0 0 
0 0 0 0 0 0 0 0 0 0 0 1 0 0 0 0 0 0 0 0 0 0 0 0 0 0 0 3 0 0 0 0 0 0 0 0 0 0 0 0 
0 0 5 0 0 0 0 0 0 0 0 0 0 0 0 0 0 0 0 0 0 0 0 0 0 0 0 0 0 0 0 0 0 0 0 0 0 0 0 0 
0 0 0 0 0 0 0 1 1 0 0 0 0 0 0 0 0 0 0 0 0 0 0 4 0 1 0 0 0 0 0 0 0 0 0 0 0 0 0 0 
0 0 0 0 0 0 0 0 0 0 0 0 0 0 0 0 0 0 2 0 0 0 0 0 0 0 0 0 0 2 0 0 0 0 0 0 0 0 0 0 
0 0 0 0 0 0 0 0 0 0 0 0 0 0 0 0 0 0 0 0 0 0 0 0 0 0 0 0 0 0 0 0 0 0 0 0 0 0 0 0 
0 0 0 0 0 0 0 0 0 0 1 0 0 0 0 0 0 0 0 0 0 0 0 0 0 1 0 0 0 0 0 0 0 0 0 0 0 0 0 0 
0 0 0 0 0 0 0 0 0 0 0 0 0 0 0 0 0 0 0 0 0 0 0 0 0 0 0 0 0 0 3 3 0 0 0 0 0 0 0 0 
0 0 0 0 0 0 7 0 1 0 0 0 0 0 0 0 0 0 0 0 0 0 0 0 0 0 0 0 0 0 0 0 0 0 0 0 0 0 0 0 
0 0 0 0 0 0 0 0 0 0 0 0 3 0 0 0 0 0 0 0 0 0 0 0 0 0 0 8 0 2 0 0 0 0 0 0 0 0 0 0 
0 0 0 0 0 0 0 0 0 0 0 0 0 0 0 0 0 0 0 0 0 0 0 0 0 0 0 0 0 0 0 0 0 1 0 0 0 0 0 0 
0 0 0 0 0 0 0 0 0 0 0 0 0 0 0 0 0 1 0 0 0 0 0 0 0 0 0 0 0 0 0 0 0 0 0 0 0 0 3 0 
0 0 0 0 0 0 0 0 0 0 0 0 0 0 0 2 0 0 0 0 0 0 0 0 0 0 0 0 0 9 0 0 0 0 0 0 0 0 0 0 
0 0 0 0 0 0 0 0 0 0 0 0 0 0 0 0 0 0 0 0 0 0 0 0 0 0 0 0 0 0 0 0 3 0 0 0 1 0 0 0 
0 0 0 0 0 0 0 0 0 0 0 0 0 0 0 0 0 0 0 0 0 0 0 0 0 0 0 0 0 0 0 0 0 0 0 0 0 0 0 0 
0 0 0 0 0 0 0 0 0 0 0 0 0 0 0 3 0 1 0 0 0 0 0 0 0 0 0 0 0 0 0 3 0 0 0 0 0 0 0 0 
0 0 0 0 0 0 0 0 0 0 0 0 0 0 0 0 0 0 0 0 0 1 0 0 0 0 0 0 0 0 0 0 0 0 0 0 1 0 1 0 
0 0 0 0 0 0 0 0 0 0 0 0 4 0 0 0 0 0 0 0 0 0 0 0 0 0 0 0 0 0 0 0 0 0 0 0 0 0 0 0 
0 0 0 0 0 0 0 0 0 0 0 0 0 0 0 0 0 0 0 1 0 0 0 0 0 0 0 0 0 0 0 0 0 4 0 1 0 0 0 0 
0 0 0 0 0 0 0 0 0 0 0 0 0 0 0 0 0 2.34 0 0 0 0 0 0 0 0 0 0 0 0 0 0 0 0 0 0 0 0 2 0 
0 0 0 0.34 0 0 0 0 0 0 0 0 0 0 12 0 0 0 0 0 0 0 0 0 0 3.66 0 0 0 0 0 0 0 0 0 0 0 0 2.85 0 
0 0 0 0 0 0 0 0 0 0 0 0 0 0 0 0 0 0 0 2 0 0 0 0 0.85 0 0 0 0 0 0 0 0 0 0 12 0 0 0 0 
0 0 0 0 0 0 3.15 0 0 0 0 0 0 0 0 0 0 0 0 2.35 0 0 0 0 0 0 0 0 0 0 0 0 0 0 0 0 0 0 0 0.25 
2 0 0 0 0 0.85 0 0 0 0 0 0 0 0 0 0 12 0 0 0 0 0 0 0 0 0 0 3.4 0 0 0 0 0 0 0 0 0 0 0 0 
2.6 0 0 0 0 0 0 0 0 0 0 0 0 0 0 0 0 0 0 0 0.25 2 0 0 0 0 0.85 0 0 0 0 0 0 0 0 0 0 12 0 0 
0 0 0 0 0 0 0 0 3.15 0 0 0 0 0 0 0 0 0 0 0 0 0.67 0 0 0 0 0 0 0 0 0 0 0 0 0 0 0 0 0 0 
0 1.67 2 0 0 0 0 0.34 0 0 0 0 0 0 0 0 0 0 12 0 0 0 0 0 0 0 0 0 0 3.66 0 0 0 0 0 0 0 0 0 0 
0 0 0 0 0 0 0 0 0 0 0 0 0 0 0 0 2 0 0 0 0 0 1 4 0 0 0 0 1 0 0 0 0 0 0 0 0 0 0 10 
0 0 0 0 0 0 0 0 0 0 0 0 0 0 0 0 0 0 0 0 0 0 0 0 0 0 0 0 0 0 0 0 0 0 0 0 0 2 0 0 
0 0 0 3 6 0 0 0 0 1 0 0 0 0 0 0 0 0 0 0 14 0 0 0 0 0 0 0 0 0 0 0 0 0 0 0 0 0 0 0 
0 0 0 0 2.35 0 0 0 0 0 0 0 0 0 0 0 0 0 0 0 0 0 0 0 0 2 0 0 0 0 0.85 0 0.25 0 0 0 0 0 0 0 
0 12 0 0 0 0 0 0 0 0 0 0 3.4 0 0 0 0 0 0 0 0 0 0 0 0 1.66 0 0 0 0 0 0 0 0 0 0 0 0 0 0 
0 0 0 0 0 0 2 0 0 0 0 0.34 0 0.34 0 0 0 0 0 0 0 0 12 0 0 0 0 0 0 0 0 0 0 4 0 0 0 0 0 0 
0 0 0 0 0 0 1.4 0 0 0 0 0 0 0 0 0 0 0 0 0 0 0 0 0 0 0 0 2 0 0 0 0 0.6 0 0.6 0 0 0 0 0 
0 0 0 12 0 0 0 0 0 0 0 0 0 0 4 0 0 0 0 0 0 0 0 0 0 0 0 0.34 0 0 0 0 0 0 0 0 0 0 0 0 
0 0 0 0 0 0 0 0 2 0 0 0 0 0.34 0 3 0 0 0 0 0 0 0 0 12 0 0 0 0 0 0 0 0 0 0 3.66 0 0 0 0 
0 0 0 0 0 0 0 0 0.86 0 0 0 0 0 0 0 0 0 0 0 0 0 0 0 0 0 0 0 0 2 0 0 0 0 0.86 0 3 0 0 0 
0 0 0 0 0 12 0 0 0 0 0 0 0 0 0 0 3.14 0 0 0 0 0 0 0 0 0 0 0 0 0.34 0 0 0 0 0 0 0 0 0 0 
0 0 0 0 0 0 0 0 0 1 2 0 0 0 0 0.34 0 2 0 0 0 0 0 0 0 0 12 0 0 0 0 0 0 0 0 0 0 3.66 0 0 
0 0 0 0 0 0 0 0 0 0 0.5 0 0 0 0 0 0 0 0 0 0 0 0 0 0 0 0 0 0 0 1.5 2 0 0 0 0 0.75 0 0.25 0 
0 0 0 0 0 0 0 12 0 0 0 0 0 0 0 0 0 0 3.75 0 0 0 0 0 0 0 0 0 0 0 0 2.04 0 0 0 0 0 0 0 0 
0 0 0 0 0 0 0 0 0 0 0 0.376 2 0 0 0 0 0.762 0 0.241 0 0 0 0 0.044 0 0 0 12 0 0 0 0 0 0 0 0 0 0 3.387 
0 0 0 0 0 0 0 0 0 0 0 0 0 0 0 0 0 0 2 0 0 0 0 0 0 0 0 0 0 0 0 0 0 0 0 0 0 0 3 0 
0 0 0 0 0 0 0 0 1 8 0 0 0 0 0 0 0 0 0 0 0 0 0 0 0 0 0 0 0 0 0 0 0 0 0 0 0 0 0 3 
0 0 0 0 0 0 0 0 0 0 0 0 0 0 0 0 0 0 0 4 0 0 0 0 0 0 0 0 0 1 11 0 0 0 0 0 0 0 0 0 
0 0 0 0 0 0 0 0 0 0 0 0 0 0 0 0 0 0 0 0 1 0 0 0 0 0 0 0 0 0 0 0 0 0 0 0 0 0 0 0 
1 0 0 0 0 0 0 0 0 0 1 5 0 0 0 0 0 0 0 0 0 0 0 0 0 0 0 0 0 0 0 0 0 0 0 0 0 1 0 0 
0 0 0 0 0 0 0 0 0 0 0 0 0 0 0 0 6 0 0 0 0 1 0 0 0 0 0 0 0 0 0 0 9 0 0 0 0 0 0 0 
0 0 0 0 0 0 0 0 0 0 1 0 0 0 0 0 0 0 0 1 0 0 0 0 0 0 0 0 0 0 0 0 0 0 0 0 0 2 0 0 
0 0 1 0 0 0 0 0 0 0 0 0 0 6 0 0 0 0 0 0 0 0 0 0 0 0 0 0 0 0 0 1 0 0 0 0 0 0 0 0 
0 0 0 0 0 0 0 0 0 0 0 0 0 0 0 0 0 0 22 0 0 0 0 2 0 0 0 0 0 0 0 0 0 0 30 0 0 0 0 0 
0 0 0 0 0 0 0 0 0 0 0 0 6 0 0 0 0 0 0 0 0 0 0 0 0 0 0 0 0 0 0 0 0 0 0 0 0 0 0 6 
0 0 0 0 1 0 0 0 0 0 0 0 0 0 0 9 0 1 0 0 0 0 0 0 0 0 0 0 0 0 0 0 0 1 0 0 0 0 0 0 
0 0 0 0 0 0 0 0 0 0 0 0 0 0 0 0 0 0 0 0 3 0 0 0 0 1 0 0 0 0 0 0 0 0 0 0 7 0 0 0 
0 0 0 0 0 0 0 1 0 0 0 0 0 0 1 0 0 0 0 0 0 0 1 0 0 0 0 0 0 0 0 0 0 0 0 0 0 0 0 0 
0 8 0 0 0 0 0 1 0 0 0 0 0 0 0 0 0 10 0 0 0 0 0 0 0 0 0 0 0 0 0 0 0 0 0 1 0 0 0 0 
0 0 0 0 1 0 0 0 0 0 0 0 0 0 0 0 0 0 0 0 0 0 3 0 0 0 0 0 1 0 0 0 0 0 0 0 0 0 6.5 0 
0 0 0 0 0 0 0 0 0 0 0 0 0 0 0 0 1 0 0 0 0 0 0 0 0 0 0 0 0 0 0 0 0 0 0 0 0 0 0 0 
0 0 0 8 0 0 0 0 0 1 0 0 0 0 0 0 0 0 0 10 0 1 0 0 0 0 0 0 0 0 0 0 0 0 0 0 0 1 0 0 
0 0 0 2.34 0 0 0 0 0 0 0 0 0 0 0 0 0 0 0 0 0 0 0 0 2 0 0 0 0 0 0 0.17 0 0 0 0 0 0 0 0 
12 0 0 0 0 0 0 0 0 0 0 3.66 0 0 0 0 0 0 0 0 0 0 0 0 0 0 0 0 0 0 1 0 0 0 0 0 0 0 0 0 
0 0 0 0 0 0 0 0 0 0 0 0 1 0 0 0 0 0 0 0 0 3 0 0 0 0 0 0 0 0 0 0 0 0 0 0 0 0 0 0 
0 0 0 0 0 0 0 0 0 0 0 0 0 0 0 0 0 0 0 2 0 0 0 0 0 0 0 0 0 0 0 0 0 1 0 0 0 0 0 0 
0 0 4 0 0 0 0 0 0 0 0 0 0 0 0 0 0 0 0 0 0 0 0 0 0 0 0.67 0 0 0 0 0 0 0 0 0 0 0 0 0 
0 0 0 0 0 0 1.67 2 0 0 0 0 0 0 0.17 0 0 0 0 0 0 0 0 12 0 0 0 0 0 0 0 0 0 0 3.66 0 0 0 0 0 
0 0 0 0 0 0 0 0 0 0 0 0 0 0 0 0 0 0 0 0 0 0 0 0 0 0 0 0 7 0 0 0 0 0 0 1 0 0 0 0 
0 0 0 0 7 0 1 0 0 0 0 0 0 0 0 0 0 0 0 0 0 0 0 0 0 0 0 0 0 0 0 0 0 0 0 0 0 0 0 0 
0 0 0 0 0 0 0 0 0 15 0 0 0 0 0 0 1 0 0 0 0 0 0 0 0 11 0 1 0 0 0 0 0 0 0 0 0 0 0 0 
0 0 0 0 0 0 0 0 0 0 0 0 0 0 0 0 0 0 0 0 0 0 0 0 0 0 0 0 0 0 31 0 0 0 0 1 0 2 0 0 
0 0 0 0 0 0 23 0 2 0 0 0 0 0 0 0 0 0 0 0 0 0 0 0 0 0 0 0 0 0 0 0 0 0 0 0 0 0 0 0 
0 0 0 0 0 0 0 0 0 0 0 2 0 0 0 0 1 0 1 0 0 0 0 0 0 0 0 5 0 1 0 0 0 0 0 0 0 0 0 0 
0 0 0 0 0 0 0 0 0 0 0 0 0 0 0 0 0 0 0 0 0 0 0 0 0 0 0 0 0 0 0 0 12 0 0 0 0 1 0 1 
0 0 0 0 0 0 0 0 10 0 1 0 0 0 0 0 0 0 0 0 0 0 0 0 0 0 0 0 0 0 0 0 1.66 0 0 0 0 0 0 0 
0 0 0 0 0 0 0 0 0 0 0 0 0 2 0 0 0 0 0 0 0.51 0 0 0 0 0 0 0 0 12 0 0 0 0 0 0 0 0 0 0 
4 0 0 0 0 0 0 0 0 0 0 0 0 1.4 0 0 0 0 0 0 0 0 0 0 0 0 0 0 0 0 0 0 0 0 2 0 0 0 0 0 
0 0.9 0 0 0 0 0 0 0 0 12 0 0 0 0 0 0 0 0 0 0 4 0 0 0 0 0 0 0 0 0 0 0 0 0.34 0 0 0 0 0 
0 0 0 0 0 0 0 0 0 0 0 0 0 0 0 2 0 0 0 0 0 0 3.17 0 0 0 0 0 0 0 0 12 0 0 0 0 0 0 0 0 
0 0 3.66 0 0 0 0 0 0 0 0 0 0 0 0 0.86 0 0 0 0 0 0 0 0 0 0 0 0 0 0 0 0 0 0 0 0 2 0 0 0 
0 0 0 3.43 0 0 0 0 0 0 0 0 12 0 0 0 0 0 0 0 0 0 0 3.14 0 0 0 0 0 0 0 0 0 0 0 0 0.34 0 0 0 
0 0 0 0 0 0 0 0 0 0 0 0 0 0 0 0 1 2 0 0 0 0 0 0 2.17 0 0 0 0 0 0 0 0 12 0 0 0 0 0 0 
0 0 0 0 3.66 0 0 0 0 0 0 0 0 0 0 0 0 0 0 0 0 0 0 0 0 0 0 0 0 0 0 0 0 0 0 0 0 0 2 0 
0 0 0 0 0 1 0 0 0 0 0 0 0 0 2 0 0 0 0 0 0 0 0 0 0 0 0 0 0 0 0 0 0 0 0 0 0 0 0 0 
0 0 0 0 0 0 0 0 0 0 0 0 0 0 0 0 0 0 0 4 0 0 0 0 0 0 1 0 0 0 0 0 0 0 0 2 1 0 0 0 
0 0 0 0 0 0 0 0 0 0 0 0 0 0 0 0 0 0 0 0 0 0 0 0 0 0 0 0 0 0 0 0 0 0 0 0 0 0 0 0 
0 0 0 0 0 0 0 3 0 0 0 0 0 0 0 0 8 0 2 0 0 0 0 0 0 0 0 0 0 0 0 0 0 0 0 0 0 0 0 0 
0 0 0 0 0 0 0 0 0 0 0 0 0 0 0 0 0 0 0 0 0 44 0 0 0 0 0 0 3 0 0 0 0 0 0 0 0 30 0 2 
0 0 0 0 0 0 0 0 0 0 0 0 0 0 0 0 0 0 0 0 0 0 0 0 0 0 0 0 0 0 0 0 0 0 0 0 0 0 0 0 
0 0 8 0 0 0 0 0 0 3 0 0 0 0 0 0 0 0 12 0 2 0 0 0 0 0 0 0 0 0 0 0 0 0 0 0 0 0 0 0 
0 0 0 0 0 0 0 0 0 0 0 0 0 0 0 0 0 0 0 0 0 0 0 16 0 0 0 0 0 0 3 0 0 0 0 0 0 0 0 16 
0 2 0 0 0 0 0 0 0 0 0 0 0 0 0 0 0 0 0 0 0 0 0 0 0 0 0 0 0 0 0 0 0 0 0 0 0 0 0 0 
0 0 0 0 12 0 0 0 0 0 0 1 0 0 0 0 0 0 0 0 9 0 0 0 0 0 0 0 0 0 1 0 0 0 0 0 0 0 0 0 
0 0 0 0 0 0 2 0 0 0 0 0 0 0 0 0 0 0 0 0 0 0 0 0 0 20 0 0 0 0 0 0 1 0 0 0 0 0 0 0 
0 22 0 0 0 0 0 0 0 0 0 0 0 0 0 0 0 0 0 2 0 0 0 0 0 0 0 0 0 0 0 0 0 0 0 0 0 0 0 0 
0 0 0 0 0 0 16 0 0 0 0 0 0 1 0 0 0 0 0 0 0 0 20 0 2 0 0 0 0 0 0 0 0 0 0 0 0 0 0 0 
2 0 0 0 0 0 0 0 0 0 0 0 1 0 0 0 0 0 0 0 0 0 0 0 0 0 0 0 0 0 0 0 0 0 0 1 0 0 0 0 
0 0 0 3 0 0 0 0 0 0 0 0 0 0 0 0 0 0 0 0 0 0 0 0 0 0 0 0 0 0 0 0 0 0 0 0 0 0 0 0 
0 0 0 0 0 0 0 0 0 0 0 0 0 0 0 0 3 0 0 0 0 0 0 0 4 0 0 0 0 0 0 0 0 0 0 0 0 0 0 0 
0 0 0 0 0 0 0 0 0 0 0 0 0 0 0 0 0 0 0 0 0 0 0 0 0 0 0 0 0 0 0 0 0 0 0 0 0 2 0 0 
0 0 0 0 0 3 0 0 0 0 0 0 0 0 0 0 0 0 0 0 0 0 0 0 0 0 0 0 0 0 0 0 0 0 0 0 0 0 0 0 
0 0 0 0 0 0 0 0 0 0 0 0 0 0 0 0 0 0 1 0 0 0 0 0 0 0 1 0 0 0 0 0 0 0 0 0 0 0 0 0 
0 0 0 0 0 0 0 0 0 0 0 0 0 0 0 0 0 0 0 0 0 0 0 0 0 0 0 0 0 0 0 0 0 0 0 0 0 0 0 1 
0 0 0 0 0 0 0 2 0 0 0 0 0 0 0 0 0 0 0 0 0 0 0 0 0 0 0 0 0 0 0 0 0 0 0 0 0 0 0 0 
0 0 0 0 0 0 0 0 0 0 0 0 2 0 0 0 0 0 0 0 1 0 0 0 0 0 0 0 2 0 0 0 0 0 0 0 0 0 0 0 
0 0 0 0 0 0 0 0 0 0 0 0 0 0 0 0 0 0 0 0 0 0 0 0 0 0 0 0 0 0 0 0 0 1 0 0 0 0 0 0 
0 1 0 0 0 0 0 0 0 2 0 0 0 0 0 0 0 0 0 0 0 0 0 0 0 0 0 0 0 0 0 0 0 0 0 0 0 0 0 0 
0 0 0 0 0 0 0 0 0 0 0 0 0 0 4 0 0 0 0 0 0 0 1 0 0 0 0 0 0 0 5 0 0 0 0 0 0 0 0 0 
1 0 0 0 0 0 0 0 0 0 0 0 0 0 0 0 2 0 0 0 0 0 0 0 0 0 0 0 0 0 0 0 0 0 0 16 0 0 0 0 
0 0 0 1 0 0 0 0 0 0 0 20 0 0 0 0 0 0 0 0 0 0 0 0 0 0 0 0 0 2 0 0 0 0 0 0 0 0 0 0 
0 0 0 0 0 0 0 0 0 0 0 0 0 0 0 0 20 0 0 0 0 0 0 0 1 0 0 0 0 0 0 0 22 0 2 0 0 0 0 0 
0 0 0 0 0 0 0 0 0 0 2 0 0 0 0 0 0 0 0 0 0 0 0 0 0 0 0 0 0 0 0 0 0 0 0 0 0 0 0 0 
0 0 0 0 0 0 1 0 0 0 0 0 0 2 0 0 0 0 0 0 0 0 0 0 0 0 0 0 0 0 0 0 0 0 0 0 0 0 0 0 
0 0 0 0 0 0 0 0 0 0 0 0 0 0 0 0 0 0 0 0 0 0 0 0 0 0 0 1 0 0 0 0 0 0 3 0 0 0 0 0 
0 0 0 0 0 0 0 0 0 0 0 0 0 0 0 0 0 0 0 0 0 0 0 0 3 0 0 0 0 0 0 0 0 0 0 0 0 0 0 16 
0 0 0 0 0 0 0 0 0 4 0 0 0 0 1 11 0 0 0 0 0 0 0 0 0 0 0 0 0 0 0 0 0 0 0 0 0 0 0 0 
0 1 0 0 0 0 0 0 0 0 0 0 0 0 0 0 0 0 0 0 10 0 0 0 0 0 0 0 0 0 1 0 0 0 0 0 9 0 0 0 
0 0 0 0 0 0 0 0 0 0 0 0 0 0 1 0 0 0 0 0 0 0 0 0 0 0 0 0 0 0 0 0 0 0 0 0 0 0 0 0 
0 10 0 0 0 0 0 0 0 0 0 1 0 0 0 0 0 9 0 1 0 0 0 0 0 0 0 0 0 0 0 0 0 0 0 1 0 0 0 0 
0 1 0 0 0 0 0 1 0 0 0 0 0 0 0 0 0 0 0 0 0 0 2 0 0 0 0 0 0 0 0 0 0 0 1 0 0 0 5 0 
0 0 0 0 0 0 0 0 0 0 0 0 0 0 0 0 0 0 0 0 0 0 2 0 0 0 0 0 0 0 0 0 0 0 0 0 0 0 0 0 
0 0 0 4 0 0 0 0 0 0 0 0 0 0 0 2 0 0 0 14 0 0 0 0 0 0 0 0 0 0 4 0 0 0 0 0 0 0 0 0 
0 0 0 2.34 0 0 0 0 0 0 0 0 0 0 0 0 0 0 0 0 0 0 0 0 2 0 0 0 0 0 0 0 0 0 0 0 0.34 0 0 0 
12 0 0 0 0 0 0 0 0 0 0 3.66 0 0 0 0 0 0 0 0 0 0 0 0 6 0 0 0 0 0 0 0 0 0 0 0 0 0 0 0 
0 0 0 0 0 8 0 0 0 0 0 0 0 0 0 2 0 8 0 0 0 34 0 0 0 0 0 0 0 0 0 0 6 0 0 0 0 0 0 0 
0 0 0 0 0 2 0 0 0 0 0 0 0 0 0 0 0 0 0 0 0 0 0 0 0 0 12 0 0 0 0 0 0 0 0 0 0 0 2 0 
0 0 18 0 0 0 0 0 0 0 0 0 0 4 0 0 0 0 0 0 0 0 0 0 0 0 2 0 0 0 0 0 0 0 0 0 0 0 0 0 
0 0 0 0 0 0 0 12.4 0 0 0 0 0 0 0 0 0 0 0 2 0 0 0 15.2 0 0 0 0 0 0 0 0 0 0 2.5 0 0 0 0 0 
0 0 0 0 0 0 0 2 0 0 0 0 0 0 0 0 0 0 0 0 0 0 0 0 0 0 0 0 16 0 0 0 0 0 0 0 0 0 0 0 
2 0 0 0 20 0 0 0 0 0 0 0 0 0 0 4 0 0 0 0 0 0 0 0 0 0 0 0 6 0 0 0 0 0 0 0 0 0 0 0 
0 0 0 0 0 0 0 0 0 6 0 0 0 0 0 0 0 0 0 0 0 8 0 0 0 28 0 0 0 0 0 0 0 0 0 0 6 0 0 0 
0 0 0 0 0 0 0 0 0 1.98 0 0 0 0 0 0 0 0 0 0 0 0 0 0 0 0 0 0 0 0 10.62 0 0 0 0 0 0 0 0 0 
0 0 1.98 0 0 0 13.31 0 0 0 0 0 0 0 0 0 0 2.02 0 0 0 0 0 0 0 0 0 0 0 0 2 0 0 0 0 0 0 0 0 0 
0 0 0 0 0 0 0 0 0 0 0 7.6 0 0 0 0 0 0 0 0 0 0 0 2 0 0 0 11.8 0 0 0 0 0 0 0 0 0 0 2 0 
0 0 0 0 0 0 0 0 0 0 0 2 0 0 0 0 0 0 0 0 0 0 0 0 0 0 0 0 0 0 0 0 9 0 0 0 0 0 0 0 
0 0 0 0 2 0 0 0 12.5 0 0 0 0 0 0 0 0 0 0 2 0 0 0 0 0 0 0 0 0 0 0 0 0.72 0 0 0 0 0 0 0 
0 0 0 0 0 0 0 0 0 0 0 0 0 5.42 0 0 0 0 0 0 0 0 0 0 0 0.72 0 0 0 14.71 0 0 0 0 0 0 0 0 0 0 
5.28 0 0 0 0 0 0 0 0 0 0 0 0 2 0 0 0 0 0 0 0 0 0 0 0 0 0 0 0 0 0 0 0 0 4 0 0 0 0 0 
0 0 0 0 0 0 2 0 0 0 12 0 0 0 0 0 0 0 0 0 0 3 0 0 0 0 0 0 0 0 0 0 0 0 2.5 0 0 0 0 0 
0 0 0 0 0 0 0 0 0 0 0 0 0 0 0 10 0 0 0 0 0 0 0 0 0 0 0 2.5 0 0 0 21 0 0 0 0 0 0 0 0 
0 0 5.5 0 0 0 0 0 0 0 0 0 0 0 0 6 0 0 0 0 0 0 0 0 0 0 2 0 0 0 0 0 0 0 0 0 0 0 0 0 
0 0 0 0 0 0 0 0 8 0 0 0 24 0 0 0 0 0 0 0 0 0 0 6 0 0 0 0 0 0 0 0 0 0 0 0 0 1 0 0 
0 0 2 0 0 0 0 0 0 0 0 0 0 0 0 0 0 10 0 0 0 0 0 0 0 0 0 0 0 1 0 0 0 11 0 0 0 0 0 0 
0 0 0 0 0 0 0 0 0 0 0 0 0 0 0 0 0 0 1 0 0 0 0 1 0 0 0 0 0 0 0 0 0 0 0 0 0 0 0 0 
0 0 0 0 0 0 0 0 0 0 1 0 0 0 5 0 0 0 0 0 0 0 0 0 0 0 0 0 0 0 0 0 0 0 0 0 0 0 0 0 
0 4 0 0 0 0 0 0 0 0 0 0 0 0 0 0 0 0 0 0 0 0 0 0 0 0 0 0 0 0 0 2 0 0 0 7 0 0 0 0 
0 0 0 0 0 0 0 0 0 0 0 0 0 0 0 0 0 0 0 0 0 0 1 0 0 0 0 0 0 0 0 0 0 0 0 0 0 0 0 0 
0 0 0 0 0 0 0 0 0 0 0 0 1 0 0 0 2 0 0 0 0 0 0 0 0 0 0 0 0 0 0 0 0 0 0 0 0 0 0 0 
0 0 0 4 0 0 0 0 0 0 0 0 0 0 0 0 0 0 0 0 0 20 0 0 0 0 0 0 0 0 0 0 0 2 0 0 0 17 0 0 
0 0 0 0 0 0 0 0 0 0 0 0 0 0 0 0 0 0 0 0 0 0.67 0 0 0 0 0 0 0 0 0 0 0 0 0 0 0 0 0 0 
0 1.67 2 0 0 0 0 0 0 0 0 0 0 0 0.34 0 0 0 12 0 0 0 0 0 0 0 0 0 0 3.66 0 0 0 0 0 0 0 0 0 0 
0 0 0 0 0 0 0 0 0 0 0 0 0 0 0 0 0 0 0 0 0 0 0 31 0 0 0 0 0 0 0 0 0 0 0 7 6 0 0 34 
0 0 0 0 0 0 0 0 0 0 0 0 0 0 0 0 0 0 0 0 0 0 0 2.5 0 0 0 0 0 0 0 0 0 0 0 0 0 0 0 0 
0 0 0 0 10 0 0 0 0 1 0 0 0 0 0 0 1.5 0 0 0 21 0 0 0 0 0 0 0 0 0 0 5.5 0 0 0 0 0 0 0 0 
0 0 0 0 0.397 0 0 0 0 0 0 0.038 0 0 0 0 0 0 0 0 0 0 0 0 0.055 2 0 0 0 0 0.021 0 2.949 0 0 0 0 0.394 0 0 
0 12 0 0 0 0 0 0 0 0 0 0 3.569 0 0 0 0 0 0 0 0 0 0 0 0 1.86 0 0 0 0 0 0 0.009 0 0 0 0 0 0 0 
0 0 0 0 0 0.208 2 0 0 0 0 0.024 0 0.214 0 0 0 0 0.409 0 0 0 12 0 0 0 0 0 0 0 0 0 0 3.738 0 0 0 0 0 0 
0 0 0 0 0 0 1.66 0 0 0 0 0 0 0 0 0 0 0 0 0 0 0 0 0 0 0 0 2 0 0 0 0 0 0 0.34 0 0 0 0 0.34 
0 0 0 12 0 0 0 0 0 0 0 0 0 0 4 0 0 0 0 0 0 0 0 0 0 0 0 1.4 0 0 0 0 0 0 0 0 0 0 0 0 
0 0 0 0 0 0 0 0 2 0 0 0 0 0 0 0.6 0 0 0 0 0.6 0 0 0 12 0 0 0 0 0 0 0 0 0 0 4 0 0 0 0 
0 0 0 0 0 0 0 0 0.34 0 0 0 0 0 0 0 0 0 0 0 0 0 0 0 0 0 0 0 0 2 0 0 0 0 0 0 3 0 0 0 
0 0.34 0 0 0 12 0 0 0 0 0 0 0 0 0 0 3.66 0 0 0 0 0 0 0 0 0 0 0 0 0.86 0 0 0 0 0 0 0 0 0 0 
0 0 0 0 0 0 0 0 0 0 2 0 0 0 0 0 0 3 0 0 0 0 0.86 0 0 0 12 0 0 0 0 0 0 0 0 0 0 3.14 0 0 
0 0 0 0 0 0 0 0 0 0 0.34 0 0 0 0 0 0 0 0 0 0 0 0 0 0 0 0 0 0 0 1 2 0 0 0 0 0 0 2 0 
0 0 0 0.34 0 0 0 12 0 0 0 0 0 0 0 0 0 0 3.66 0 0 0 0 0 0 0 0 0 0 0 0 0 0 0 0 0 0 2 0 0 
0 0 0 0 0 0 0 0 0 0 0 0 0 0 0 0 0 0 0 0 0 0 0 0 3 0 0 1 8 0 0 0 0 0 0 0 0 0 0 0 
0 0 0 0 0 0 0 0 0 0 0 0 0 0 0 0 0 0 1 0 0 0 0 0 0 0 0 0 0 0 0 0 0 7 0 0 0 0 0 0 
0 0 0 0 0 1 0 0 1 8.5 0 0 0 0 0 0 0 0 0 0 0 0 0 0 0 0 0 0 0 0 0 0 0 0 0 0 0 0 0 0 
0 0 0 0 0 0 0 0 0 0 0 0 0 0 0.2 0 0 0 0 0 0 0 0 0 0 0 2 0 0 2 7.1 0 0 0 0 0 0 0 0 0 
0 0 0 0 0 0 0 0 0 0 0 0 0 0 0 0 0 0 0 0 5 0 0 0 0 0 0 0 0 0 0 0 0 0 0 24 0 0 0 0 
0 0 0 0 0 0 0 6 0 0 0 27 0 0 0 0 0 0 0 0 0 0 0 0 0 0 0 1 0 0 0 0 0 0 0 0 0 1 0 0 
0 0 0 0 0 0 0 0 0 0 0 0 0 0 0 0 6 0 0 0 0 0 0 0 0 0 0 0 1 0 0 0 9 0 0 0 0 0 0 0 
0 0 0 0 0 0 0 0 0 0 1 0 0 0 0 0 0 0 0 1 0 0 0 0 0 0 0 0 0 0 0 0 0 0 0 0 0 2 0 0 
0 0 0 0 0 0 0 0 0 1 0 0 0 6 0 0 0 0 0 0 0 0 0 0 0 0 0 0 0 0 0 1 0 0 0 0 0 0 0 0 
0 0 0 0 0 0 0 0 0 0 0 0 0 0 0 0 0 0 2 0 0 0 0 0 0 0 0 0 0 0 2 0 0 0 8 0 0 0 0 0 
0 0 0 0 0 0 0 0 0 0 0 0 2 0 0 0 0 0 0 0 0 0 0 0 0 0 0 0 0 0 0 0 0 0 0 0 0 0 0 6 
0 0 0 0 0 0 0 0 0 0 0 1 0 0 0 9 0 1 0 0 0 0 0 0 0 0 0 0 0 0 0 0 0 1 0 0 0 0 0 0 
0 0 0 0 0 0 0 0 0 0 0 0 0 0 0 0 0 0 0 0 3 0 0 0 0 0 0 0 0 0 0 0 1 0 0 0 7 0 0 0 
0 0 0 0 0 0 0 1 0 0 0 0 0 0 1 0 0 0 0 0 0 0 0 0 0 0 0 0 0 0 0 0 0 0 0 0 0 0 0 0 
0 0 0 0 0 0 0 0 0 0 0 0 0 0 2 0 0 5 0 0 0 0 0 0 0 0 0 0 0 0 0 0 0 0 0 0 0 0 0 0 
0 0 0 2 0 0 0 0 0 0 0 0 0 0 0 0 0 0 0 0 0 0 0 0 0 0 0 0 0 0 0 0 0 0 0 0 3 0 6 0 
0 0 0 0 0 0 0 0 0 0 0 0 0 0 0 0 0 0 0 0 0 0 0 0 2 0 0 0 0 0 0 0 0 0 0 0 0 0 0 0 
0 0 0 16 0 0 0 0 0 0 0 0 0 0 0 0 0 3 0 16 0 0 0 0 0 0 0 0 0 0 0 0 0 0 0 0 0 0 0 0 
0 0 0 0 0 0 2 0 0 0 0 0 0 0 0 0 0 0 0 0 0 0 0 0 0 0 0 0 0 0 0 0 0 0 0 0 0 0 1 0 
4 0 0 0 0 0 0 0 0 0 0 0 0 0 0 0 0 0 0 0 0 0 0 0 0 0 0 0 0 0 1 0 0 0 0 0 0 0 0 0 
0 0 0 0 0 0 0 0 0 0 0 0 0 0 0 0 0 0 0 1 0 3 0 0 0 0 0 0 0 0 0 0 0 0 0 0 0 0 0 0 
0 0 0 0 0 0 0 0 0 0 0 1 0 0 0 0 0 0 0 0 0 0 0 0 0 0 11 0 0 0 0 0 0 0 0 0 0 0 0 0 
1 0 8.5 0 0 0 0 0 0 0 0 0 0 0 0 0 0 0 0 0 0 0 0 0 0 0 0 0 0 0 0 0 0 0 0 0 0 0 0 0 
0 0 0 0 0 0 0 0 0 0 0 0 0 0 0 0 0 0 0 0 0 1 0 1 0 0 0 0 0 0 0 0 0 0 0 0 0 0 0 0 
0 0 0 0 0 0 0 0 0 0 0 0 0 0 0 0 0 0 0 0 0 0 0 0 0 0 0 0 2 0 0 0 0 0 0 0 0 0 0 0 
0 0 1 0 2 0 0 0 0 0 0 0 0 0 0 0 0 0 0 0 0 0 0 0 0 0 0 0 0 0 0 0 0 0 0 0 0 0 0 0 
0 0 0 0 0 0 0 0 0 4 0 0 0 0 0 0 0 0 0 0 0 0 0 1 0 2 1 0 0 0 0 0 0 0 0 0 0 0 0 0 
0 0 0 0 0 0 0 0 0 0 0 0 0 0 0 0 0 0 0 0 0 0 0 0 0 0 0 0 0 0 4 0 0 0 0 0 0 0 0 0 
0 0 0 0 1 0 5 0 0 0 0 0 0 0 0 0 1 0 0 0 0 0 0 0 0 0 0 0 0 0 0 0 2 0 0 0 0 0 0 0 
0 0 0 0 0 0 0 0 0 0 0 20 0 0 0 0 0 0 0 0 0 0 0 0 0 1 0 22 0 0 0 0 0 0 0 0 0 0 0 0 
0 0 0 0 0 2 0 0 0 0 0 0 0 0 0 0 0 0 0 0 0 0 0 0 0 0 0 0 0 0 0 0 16 0 0 0 0 0 0 0 
0 0 0 0 0 0 1 0 20 0 2 0 0 0 0 0 0 0 0 0 0 0 0 0 0 0 2 0 0 0 0 0 0 0 0 0 0 0 0 0 
0 0 0 0 0 0 0 0 0 0 0 0 0 0 0 0 0 0 0 0 0 0 0 0 0 0 0 0 1 2 0 0 0 0 0 0 0 0 0 0 
0 0 0 0 0 0 0 0 0 0 0 0 0 0 0 0 0 0 0 1 0 0 0 0 0 0 0 0 0 0 0 0 0 0 0 0 0 0 0 0 
0 0 0 0 0 0 0 0 0 1 5 0 0 0 0 0 0 0 0 0 0 0 0 0 0 0 0 0 0 0 0 0 0 0 0 0 0 0 0 0 
0 0 0 0 0 0 0 0 0 0 0 0 0 0 0 1 0 0 0 0 0 0 0 0 0 0 0 0 0 0 1 3 0 0 0 0 0 0 0 0 
0 0 0 0 0 0 0 0 0 0 0 0 0 0 0 0 0 0 0 0 0 0 0 0 0 0 0 0 0 0 0 0 0 0 0 0 4 0 0 0 
0 0 0 0 0 0 0 0 0 0 0 1 5 0 0 0 0 0 0 0 0 0 0 0 0 0 0 0 0 0 0 0 0 0 0 0 0 0 0 0 
0 0 0 0 0 0 0 0 0 0 0 0 0 0 0 0 0 12 0 0 0 0 0 0 0 0 0 0 0 0 0 0 1 6 2 0 0 0 0 0 
0 0 0 0 0 0 0 0 0 0 0 0 0 0 0 0 0 0 0 0 0 0 0 0 0 0 0 0 0 0 0 0 0 0 0 0 0 0 0 0 
0 0 0 0 0 0 0 0 0 0 0 0 0 0 5 0 0 2 0 0 0 0 0 0 0 0 0 0 0 0 0 0 0 0 0 0 0 0 0 0 
0 0 0 0 0 0 0 0 0 0 0 0 0 0 0 0 0 0 0 0 0 0 0 0 0 0 0 0 0 0 0 0 0 0 0 0 0 0 0 1 
0 0 0 0 0 0 0 0 0 0 0 0 0 0 0 0 0 0 0 0 0 0 2 0 0 0 0 0 0 0 0 0 0 0 0 0 0 0 0 0 
0 0 0 0 0 0 0 0 0 0 0 0 0 0 0 0 4 0 0 0 1 0 0 0 0 0 0 0 0 0 0 0 0 0 0 0 0 0 0 0 
0 0 0 0 0 0 1 0 0 0 0 0 0 0 0 0 0 0 0 0 0 0 0 0 0 0 0 0 0 0 0 0 0 0 0 0 0 3 0 0 
0 1 0 0 0 0 0 0 0 0 0 0 0 0 0 0 0 0 0 0 0 0 0 0 0 0 0 1 0 0 0 0 2 0 0 0 0 0 0 0 
0 0 0 0 0 0 0 0 0 0 0 0 0 0 0 0 0 0 3 0 0 0 2 0 0 0 0 0 0 0 0 0 0 0 0 0 0 0 0 0 
0 0 0 0 0 0 0 0 0 0 0 0 0 1 0 0 0 0 0 0 0 0 0 1 0 0 0 0 0 0 0 0 0 0 0 0 0 0 0 1 
0 0 0 1 0 0 0 0 0 0 0 0 0 0 0 0 0 0 0 0 0 0 0 0 0 0 0 0 0 0 0 0 0 0 0 0 0 1 0 0 
0 0 0 0 0 0 0 0 0 0 0 0 0 0 0 0 0 0 0 0 4 0 0 0 1 0 0 0 0 0 0 0 0 0 0 0 0 0 0 0 
0 0 0 0 0 0 0 0 0 0 0 0 0 0 0 0 0 0 0 0 0 0 0 0 0 1 0 0 0 0 0 0 0 0 0 0 0 0 0 0 
0 4 0 1 0 1 0 0 0 0 0 0 0 0 0 0 0 0 0 0 0 0 0 0 0 0 0 0 0 0 0 0 0 0 0 0 0 0 0 0 
0 0 0 0 0 0 0 0 0 0 0 0 0 0 0 0 0 0 0 0 0 0 1 0 0 0 1 0 0 0 0 0 0 0 0 0 0 0 0 0 
0 0 0 0 0 0 0 0 0 0 0 0 0 0 0 0 0 0 0 0 0 0 0 0 0 0 0 0 0 0 0 0 0 0 0 0 0 0 0 0 
0 0 0 1 0 0 0 1 0 0 0 0 0 0 0 0 0 0 0 0 0 0 0 0 0 0 0 0 0 0 0 0 0 0 0 0 0 0 0 0 
0 0 0 0 0 0 0 0 0 0 0 0 0 0 0 0 0 0 0 0 0 0 0 0 8 0 2 0 3 0 0 0 0 0 0 0 0 0 0 0 
0 0 0 0 0 0 0 0 0 0 0 0 0 0 0 0 0 0 0 1 0 0 0 0 0 0 0 0 0 0 0 0 0 0 0 0 0 0 0 0 
0 0 0 0 0 12 0 3 0 5 0 0 0 0 0 0 0 0 0 0 0 0 0 0 0 0 0 0 0 0 0 0 0 0 0 0 0 0 0 0 
0 0 0 0 0 0 0 0 0 0 0 0 0 0 0 0 0 0 0 0 0 0 0 0 0 0 0 0 0 0 1 0 0 0 0 1 0 0 0 0 
0 0 0 0 0 0 0 0 0 0 0 0 0 0 0 0 0 0 0 0 0 0 0 0 0 0 0 0 0 0 0 0 0 0 0 0 0 0 0 0 
0 0 0 0 0 0 0 4 0 0 0 1 0 0 0 0 1 0 0 0 0 0 0 0 0 0 0 0 0 0 0 0 0 2 0 0 0 0 0 0 
0 0 0 0 0 0 0 0 0 0 0 0 20 0 0 0 0 0 0 0 0 0 0 0 0 0 0 0 22 0 0 0 1 0 0 0 0 0 0 0 
0 0 0 0 0 0 2 0 0 0 0 0 0 0 0 0 0 0 0 0 0 0 0 0 0 0 0 0 0 0 0 0 0 4 0 0 0 0 0 0 
0 0 0 0 0 0 0 0 0 12 0 2 0 2 0 0 0 0 0 0 0 0 0 0 0 0 0 1 0 0 0 0 0 0 0 0 0 0 0 0 
0 0 0 0 0 0 0 0 0 0 0 0 0 0 16 0 0 0 0 0 0 0 0 0 0 0 0 0 0 0 20 0 2 0 1 0 0 0 0 0 
0 0 0 0 0 0 0 0 2 0 0 0 0 0 0 0 0 0 0 0 0 0 0 0 0 0 0 0 0 0 0 0 0 0 0 0 0 0 0 0 
0 0 0 0 0 0 0 0 0 0 0 0 0 0 0 0 1 0 0 0 0 0 0 0 0 0 0 0 0 0 0 0 0 0 0 0 0 0 0 0 
0 0 0 0 0 0 0 0 0 0 0 0 0 0 0 0 0 0 0 0 0 0 0 0 0 0 0 0 0 0 0 0 1 0 0 0 0 1 0 0 
0 0 0 0 0 0 0 0 0 0 0 0 0 0 0 0 0 0 0 0 0 0 0 0 0 0 0 0 0 0 0 0 0 0 0 0 0 0 0 0 
0 0 0 0 0 0 0 0 0 0 0 0 0 0 0 0 0 0 0 1 0 0 0 0 0 0 0 0 0 0 0 0 0 0 0 0 0 0 0 0 
0 0 0 0 0 0 0 0 0 0 0 0 0 0 0 0 0 0 0 0 0 0 0 0 0 0 0 0 0 0 0 0 0 0 2 0 0 0 0 0 
1 0 0 0 0 0 0 0 0 0 0 0 0 0 0 0 0 0 0 0 0 0 0 0 0 0 0 0 0 0 0 0 0 0 0 0 0 0 0 0 
0 0 0 0 0 0 0 0 0 0 0 0 0 0 0 4 0 0 0 0 0 1 0 0 1 0 0 0 0 0 0 0 0 0 0 0 0 0 0 0 
0 0 0 0 0 0 0 0 0 0 0 0 0 0 0 0 0 0 0 0 2 0 0 0 0 0 0 0 0 0 0 0 0 0 0 0 9 0 0 0 
0 0 1 0 0 2 0 0 0 0 0 0 0 0 0 0 0 0 0 0 0 0 0 0 0 0 0 0 0 0 0 0 0 0 0 0 0 0 0 0 
0 2 0 0 0 0 0 0 0 0 0 0 0 0 0 0 0 8 0 2 0 0 0 0 1 0 0 0 0 0 0 0 0 0 0 0 0 0 0 0 
0 0 0 0 0 0 0 0 0 0 0 0 0 0 0 0 0 0 0 0 0 0 0 0 0 0 0 0 0 0 0 0 0 0 0 0 0 0 2 0 
0 0 0 0 0 1 0 0 0 0 0 0 0 0 0 0 0 0 0 0 0 0 0 0 0 0 0 0 1 0 0 0 0 0 0 0 0 0 0 0 
0 0 0 0 0 0 0 0 0 0 0 0 0 0 0 0 0 0 0 5 0 0 0 0 0 0 1 0 0 0 0 0 0 0 0 0 0 0 0 0 
0 0 0 0 0 0 0 0 0 0 0 0 0 0 0 0 0 0 0 0 0 0 0 0 3 0 0 0 0 0 0 0 0 0 0 0 0 0 0 0 
3 0 0 0 0 0 0 1 0 0 0 0 0 0 0 0 0 0 0 0 0 0 0 0 0 0 0 0 0 0 0 0 0 0 0 0 0 0 0 0 
0 0 0 0 0 2 0 0 0 0 0 0 0 0 0 0 0 0 0 0 0 4 0 0 0 0 0 0 1 0 0 0 0 0 0 0 0 0 0 0 
0 0 0 0 0 0 0 0 0 0 0 0 0 0 0 0 0 0 0 0 0 0 0 0 0 0 1 0 0 0 0 0 0 0 0 0 0 0 0 0 
0 0 3 0 0 0 0 0 0 1 0 0 0 0 0 0 0 0 0 0 0 0 0 0 0 0 0 0 0 0 0 0 0 0 0 0 0 0 0 0 
0 0 0 0 0 0 0 8 0 0 0 0 0 0 0 0 0 0 0 0 0 0 0 18 0 2 0 0 0 0 3 0 0 0 0 0 0 0 0 0 
0 0 0 0 0 0 0 0 0 0 0 0 0 0 0 0 0 0 0 0 0 0 0 0 0 0 0 0 12 0 0 0 0 0 0 0 0 0 0 0 
0 0 0 0 6 2 0 0 0 0 0 1 0 0 0 0 0 0 0 0 0 0 0 0 0 0 0 0 0 0 0 0 0 0 0 0 0 0 0 0 
0 0 0 0 0 0 0 0 0 20 0 0 0 0 0 0 0 0 0 0 0 0 0 0 0 10 3 0 0 0 0 0 2 0 0 0 0 0 0 0 
0 0 0 0 0 0 0 0 0 0 0 0 0 0 0 0 0 0 0 0 0 0 0 0 0 0 0 0 0 0 0 0 0 0 0 0 0 0 0 0 
0 0 0 0 0 0 4 0 1 0 0 0 0 1 0 0 0 0 0 0 0 0 0 0 0 0 0 0 0 0 0 0 0 0 0 0 1 0 0 0 
0 0 0 0 0 0 0 0 0 0 0 0 0 0 0 0 0 0 0 0 0 0 0 0 0 0 0 3 0 0 0 0 0 0 0 1 0 0 0 0 
0 0 0 0 0 0 0 0 0 0 0 0 0 0 0 0 0 0 0 0 0 0 0 0 0 0 0 0 0 0 0 0 0 0 0 0 0 0 0 0 
0 0 0 0 0 0 0 0 4 0 0 0 0 0 0 0 1 1 0 0 0 0 0 0 0 0 0 0 0 0 0 0 0 0 0 0 0 0 0 0 
0 0 0 0 0 0 0 0 0 0 0 0 0 0 0 0 0 0 0 0 0 0 0 0 0 0 0 0 0 0 0 0 0 0 0 0 0 0 1 0 
0 0 0 0 0 0 0 0 0 0 0 0 0 0 0 0 0 0 0 0 0 0 0 0 0 0 0 0 0 0 0 0 0 0 0 0 0 0 0 0 
0 0 0 0 0 0 0 0 0 0 0 0 0 0 0 0 0 0 0 0 1 0 0 0 0 0 0 0 0 0 0 0 0 0 1.644 0 0 0 0 0 
0 0 0 0 0 0 0 0 0 0 0 0 0 0 1.622 4 0 0 0 0 0 0 0.157 0 0 0 0 0 0 0 0 9 0 0 0 0 0 0 0 0 
0 0 1.332 0 0 0 0 0 0 0 0 0 0 0 0 2.483 0 0 0 0 0 0 0.011 0 0 0 0 0 0 0 0 0 0 0 0 1.927 8 0 0 0 
0 0 0 2.952 0.012 0 0 0 0 0 0 0 18 0 0 0 0 0 0 0 0 0 0 2.633 0 0 0 0 0 0 0 0 0 0 0 0 0 0 0 0 
0 0 0 0 0 0 0 0 0 0 0 0 0 0 0 0 0 0 0 0 0 0 0 0 0 0 0 0 0 0 0 0 0 2 0 0 0 0 0 0 
0 0 0 0 1 0 0 0 0 0 0 0 0 0 0 0 0 0 0 0 0 0 0 0 0 0 0 0 0 0 0 0 0 0 0 0 0 0 0 0 
0 0 0 0 0 0 0 0 0 0 0 0 0 0 2 0 0 0 0 0 0 0 0 0 0 1 0 0 0 0 0 0 0 0 0 0 0 0 0 0 
0 0 0 0 3 0 0 0 0 0 0 0 0 0 0 0 0 0 0 0 0 0 0 0 0 0 0 0 0 0 0 0 0 0 0 9 0 0 0 0 
0 0 0 0 0 0 0 2 0 0 0 0 0 0 0 0 0 0 0 0 0 0 0 0 0 0 0 0 0 0 0 0 0 0 0 0 0 0 3 0 
0 0 0 0 0 0 0 0 0 0 0 0 0 0 0 0 0 0 0 0 0 0 0 0 0 0 0 0 1 0 0 0 0 0 0 0 0 0 0 0 
0 0 0 0 0 0 0 0 0 0 0 0 0 0 0 0 0 0 0 0 0 3 0 0 0 0 0 0 0 0 0 0 0 0 0 0 0 3 0 0 
0 0 0 0 0 0 0 0 0 1 0 0 0 0 0 0 0 0 0 0 0 0 0 0 0 0 0 1 0 0 0 0 0 0 0 0 0 0 0 0 
0 0 1 0 0 0 0 0 0 0 0 0 0 0 0 0 0 0 4 0 0 0 0 0 0 0 0 0 0 0 1 0 0 0 0 0 0 0 0 0 
0 0 0 0 0 0 0 0 0 0 0 0 0 0 0 0 0 0 0 0 0 0 0 1.334 0 0 0 0 0 0 0 0 0 0 0 0 0 0 0 4.667 
0 1 0 0 0 0 0 0 0 0 0 1 0 0 0 0 0 0 0 0 0 0 0 0 0 0 0 0 0 0 0 0 0 0 0 0 0 0 0 0 
0 0 0 0 0 0 0 0 0 0 0 0 0 0 0 0 0 0 0 0 0 0 0 0 0 0 0 0 0 0 0 0 0 1 0 0 0 0 0 0 
0 0 0 0 0 0 0 0 0 0 0 0 0 0 0 0 0 0 0 0 0 0 0 0 0 0 0 0 0 0 0 0 0 0 0 0 0 0 0 0 
0 1 0 0 0 0 0 0 0 0 0 0 0 0 1 0 0 0 0 0 0 0 0 0 0 0 0 0 0 0 0 0 0 0 0 0 0 0 0 0 
0 0 0 0 0 0 0 0 0 0 0 0 0 0 0 0 0 0 0 0 0 0 2 0 0 0 0 0 0 0 0 0 0 0 0 1 0 0 0 0 
0 0 0 0 0 0 0 0 0 0 0 0 0 0 0 0 0 0 0 0 0 0 0 0 0 0 0 0 0 0 0 0 0 0 0 0 0 0 0 0 
0 0 0 2 0 0 0 0 0 0 0 0 0 0 0 0 1 0 0 0 0 0 0 0 0 0 0 0 0 0 0 0 0 1 0 0 0 0 0 0 
0 0 0 0 0 0 0 0 0 0 0 0 0 0 0 0 0 0 0 0 0 0 0 0 3 0 0 0 0 0 0 0 0 0 0 0 0 0 1 0 
0 0 0 0 0 0 0 0 0 0 0 0 0 0 0 0 0 0 0 0 0 0 1 0 0 0 0 0 0 0 0 0 0 0 0 0 0 0 0 0 
0 0 0 0 0 4 0 0 0 0 0 0 0 0 0 0 0 0 0 1 0 0 0 0 0 0 0 0 0 0 0 0 0 0 0 0 0 0 0 0 
0 0 0 0 0 0 0 0 0 0 1 0 0 0 0 0 0 0 0 0 0 0 0 0 0 0 4 0 1 0 0 0 0 0 0 0 0 0 0 0 
1 0 0 0 0 0 0 0 0 0 0 0 0 0 0 0 0 0 0 0 0 0 0 0 0 0 0 0 0 0 0 0 0 0 0 0 0 0 0 0 
0 0 0 0 0 0 0 8 0 2 0 0 0 0 0 0 0 0 0 0 0 3 0 0 0 0 0 0 0 0 0 0 0 0 0 0 0 0 0 0 
0 0 0 0 0 0 0 0 0 0 0 0 0 0 0 0 0 0 0 0 0 0 0 0 0 0 0 0 4 0 0 0 0 0 0 0 0 1 0 0 
0 0 1 0 0 0 0 0 0 0 0 0 0 0 0 0 0 0 0 0 0 0 0 0 0 0 0 0 0 0 0 0 0 0 0 0 0 0 0 0 
0 0 0 0 0 0 0 0 0 3 0 0 0 0 0 0 0 0 0 1 0 0 0 1 0 0 0 0 0 0 0 0 0 0 0 2 0 0 0 0 
0 0 0 0 0 0 0 0 0 0 0 0 0 0 16 0 0 0 0 0 0 0 0 0 0 0 0 0 0 0 20 0 0 0 0 0 0 0 0 0 
0 0 0 0 1 0 0 0 2 0 0 0 0 0 0 0 0 0 0 0 0 0 0 0 0 0 0 0 0 0 0 0 0 0 0 12 0 0 0 0 
0 0 0 0 0 0 0 0 0 0 0 18 0 2 0 0 0 0 0 0 0 0 0 0 0 1 0 0 0 2 0 0 0 0 0 0 0 0 0 0 
0 0 0 0 0 0 0 0 0 0 0 0 0 0 0 0 0 0 0 0 0 0 0 0 0 0 0 0 0 0 0 0 2 0 0 0 0 0 0 0 
0 0 0 0 0 0 0 1 0 0 0 0 0 0 0 0 0 0 0 0 0 0 0 0 0 0 0 0 0 0 0 0 0 0 0 0 0 0 0 0 
0 0 0 0 0 0 0 0 0 0 0 0 0 2 0 0 0 0 0 0 0 0 0 0 0 0 0 0 1 0 0 0 0 0 0 0 0 0 0 0 
0 0 0 0 0 0 0 0 0 0 0 0 0 0 0 0 4 0 0 0 0 0 0 0 0 0 0 0 0 0 0 0 0 0 0 0 0 0 0 0 
0 0 0 0 0 0 0 0 0 0 1 0 0 0 0 0 0 0 0 0 0 0 0 0 0 0 0 0 0 0 0 0 0 0 0 0 0 0 0 0 
0 0 0 0 0 0 0 0 0 0 0 0 0 0 0 2 0 0 0 0 0 0 0 0 0 0 0 0 0 0 0 1 0 0 0 0 0 0 0 0 
0 0 0 0 0 0 0 0 0 0 0 0 0 0 0 0 0 0 0 0 0 0 0 0 0 0 0 0 0 0 0 0 0 0 0 0 2 0 0 0 
0 0 0 0 0 0 0 0 0 0 0 0 1 0 0 0 0 0 0 0 0 0 0 0 0 0 0 0 0 0 0 0 0 0 0 0 0 0 0 0 
0 0 0 0 0 0 0 0 0 0 0 0 0 0 0 0 0 16 0 4 0 0 0 0 0 0 0 0 0 0 0 0 0 3 0 0 0 0 0 0 
0 0 0 0 0 0 0 0 0 0 0 0 0 0 0 0 0 0 0 0 0 0 0 0 0 0 0 0 0 0 0 0 0 0 0 0 0 0 0 0 
0 0 0 0 0 0 0 0 0 0 0 0 0 0 0 1 0 0 0 0 0 0 0 0 0 0 0 0 0 0 0 0 0 0 0 0 0 0 0 0 
0 0 0 0 0 0 0 0 0 0 0 0 0 0 0 0 0 0 0 2 0 0 0 0 0 0 0 0 0 0 0 0 0 0 0 0 1 0 0 0 
0 0 0 0 0 0 0 0 0 0 0 0 0 0 0 0 0 0 0 0 0 0 4 0 5 0 0 0 0 0 0 0 0 0 0 0 0 0 0 0 
2.5 0 0 0 0 0 0 0 0 0 0 0 0 0 0 0 0 0 1 0 0 0 0 0 0 0 0 0 0 0 0 0 0 0 0 0 0 0 0 0 
0 0 0 0 0 0 0 0 0 0 0 0 0 0 0 0 0 0 0 0 0 2 0 0 0 0 0 0 0 0 0 0 0 0 0 0 0 0 0 1 
0 0 0 0 0 0 0 2 0 0 0 0 0 0 0 0 0 0 0 0 0 0 0 0 0 0 24 0 0 0 0 0 0 0 0 0 0 0 0 0 
0 0 26 0 0 0 0 0 0 0 0 0 0 0 0 0 0 0 0 0 3 0 0 0 0 0 0 0 0 0 0 0 1 0 0 0 0 0 0 0 
0 0 0 0 0 0 0 0 0 0 0 0 0 0 0 0 0 0 0 0 0 0 0 5 0 0 0 0 0 0 0 0 0 0 0 0 0 0 0 0 
0 1 0 0 0 0 0 0 0 1 0 0 0 0 0 0 0 0 0 0 0 0 0 0 0 0 0 0 9 0 0 0 0 0 0 0 0 0 0 0 
0 0 0 0 10 0 0 0 0 0 0 0 0 0 0 0 0 0 0 0 0 0 1 0 0 0 0 0 0 0 0 0 0 0 0 0 0 0 0 0 
0 0 0 0 0 0 0 0 0 4 0 0 0 0 0 0 0 0 0 0 0 0 0 0 0 5 0 0 0 0 0 0 0 0 0 0 0 0 0 0 
0 0 0 1 0 0 0 0 0 0 0 0 0 0 0 0 0 0 0 0 0 0 0 0 0 0 0 0 0 0 9 0 0 0 0 0 0 0 0 0 
0 0 0 0 0 0 10 0 1 0 0 0 0 0 0 0 0 0 0 0 0 0 0 0 1 0 0 0 0 0 0 0 0 0 0 0 0 0 0 0 
0 0 0 0 0 0 0 0 0 0 0 2 0 0 0 0 0 0 0 0 0 0 0 0 0 0 0 6 0 0 0 0 0 0 0 0 1 0 0 0 
0 0 0 0 0 1 0 0 0 0 0 0 0 0 0 0 0 0 0 0 0 0 0 0 0 0 0 0 0 0 0 0 6 0 0 0 0 0 0 0 
0 0 0 0 0 0 0 0 5 1 0 0 0 0 0 0 0 0 0 0 0 0 0 0 0 0 1 0 0 0 0 0 0 0 0 0 0 0 0 0 
0 0 0 0 0 0 0 0 0 0 0 0 0 8 0 0 0 0 0 0 0 0 0 0 0 0 0 0 0 18 0 2 0 0 0 0 0 0 0 0 
0 0 0 0 0 0 0 3 0 0 0 0 0 0 0 0 0 0 0 0 0 0 0 0 0 0 0 0 0 0 0 0 0 0 4 0 0 0 0 0 
0 0 0 0 0 0 0 0 0 0 10 0 0 0 0 0 0 0 0 0 0 1 0 0 0 0 0 0 2 0 0 0 0 0 0 0 0 0 0 0 
0 0 0 0 0 0 0 0 0 0 0 0 0 0 0 12 0 0 0 0 0 0 0 0 0 0 0 0 0 0 0 6 2 0 0 0 0 0 0 0 
0 0 0 0 0 0 0 0 0 1 0 0 0 0 0 0 0 0 0 0 0 0 0 0 0 0 0 0 0 0 0 0 0 0 0 0 0 0 0 0 
0 0 0 0 0 0 0 0 0 0 0 0 4 0 0 0 0 0 0 0 0 0 0 1 0 0 0 0 0 0 1 0 0 0 0 0 0 0 0 2 
0 0 0 0 0 0 0 0 0 0 0 0 0 0 0 0 0 0 0 0 0 0 0 0 0 0 0 0 0 0 0 0 0 4 0 0 0 0 0 0 
0 0 0 0 0 0 0 0 0 0 0 0 1 0 0 0 0 0 0 0 0 0 0 1 0 0 0 0 0 0 0 0 0 0 0 0 0 0 0 0 
0 0 0 0 0 0 0 0 0 0 0 0 0 0 3 0 0 0 0 0 0 0 0 0 0 0 0 0 0 0 0 0 0 1 0 0 0 0 0 0 
0 0 0 0 0 0 0 0 0 0 0 0 0 0 0 0 0 0 0 0 0 0 0 0 0 0 0 0 0 0 0 0 0 0 0 1 0 0 0 0 
0 0 0 0 0 0 0 0 0 0 0 0 0 0 1 0 0 0 0 0 0 0 0 0 0 0 0 0 0 0 0 0 0 0 0 0 0 0 0 0 
2 0 0 0 0 0 0 0 0 0 0 0 0 0 0 0 2 0 0 0 0 0 0 0 0 0 0 0 0 0 0 0 0 0 0 1 0 0 0 0 
0 0 0 0 0 0 2 0 0 0 0 0 0 0 0 0 0 0 0 0 0 6 0 0 0 0 0 0 0 0 0 0 0 0 0 0 0 12 0 0 
0 0 0 0 0 0 0 0 0 0 0 0 0 0 0 0 5 0 0 0 0 0 0 0 0 0 0 0 0 0 0 0 0 0 0 0 0 0 0 0 
0 0 8 0 0 0 0 0 0 0 0 0 0 0 0 0 0 0 12 0 2 0 0 0 0 0 0 0 0 0 0 0 0 0 0 0 0 3 0 0 
0 0 0 0 0 0 0 0 0 0 0 0 0 0 0 0 0 0 0 0 0 0 0 0 0 0 0 0 0 0 0 0 0 0 0 0 0 0 0 0 
0 0 0 0 0 0 0 0 1 0 0 0 0 0 0 0 0 0 1 0 0 0 0 0 0 2 0 0 0 0 0 0 0 0 0 0 0 0 0 0 
0 0 0 0 16 0 0 0 0 0 0 0 0 0 0 0 0 0 0 0 20 0 0 0 0 0 0 0 0 0 0 0 0 0 0 0 0 0 2 1 
0 0 0 0 0 0 0 0 0 0 0 0 0 0 0 0 0 0 0 0 0 0 0 0 0 16 0 0 0 0 0 0 0 0 0 0 0 0 0 0 
0 20 0 2 0 0 0 0 0 0 0 0 0 0 0 0 0 0 0 2 1 0 0 0 0 0 0 0 0 0 0 0 0 0 0 0 0 0 0 0 
0 0 0 0 0 0 4 0 0 0 0 0 0 0 0 0 0 0 0 0 0 0 9 0 2 0 0 0 0 0 0 0 0 0 0 0 0 0 0 0 
0 0 1 0 0 0 0 0 0 0 0 0 0 0 0 0 0 0 0 0 0 0 0 0 0 0 0 0 0 0 0 0 0 0 0 0 0 0 0 0 
0 0 0 2 0 0 0 0 0 0 0 0 0 0 0 0 0 0 0 0 0 0 0 1 0 0 0 0 0 0 0 0 0 0 0 0 0 0 0 0 
0 0 0 0 0 0 0 0 4 0 0 0 0 0 0 0 0 0 0 0 0 0 0 0 4 0 0 0 0 0 0 0 0 0 0 0 0 0 0 0 
0 0 0 0 1 0 
<XFs>
57.4031932794129 2.25738003457553 0 0 0 0 0 0 0 0 0 0 0 0 0 0 0 0 0 0 0 0 0 0 0.0179631537684767 0 0 0 0 0 0 0 0 0 0 0 0 0 0 0 
0 0 0 0 0 0 0 0 0 0 0 0 0 0 0 0 0 0 0 0 0 0 0 0.214370128000192 0 0.000325070967266182 0 0 0 0 0 0 0 0 0 0 0 0 0 0 
0 0.00450615052513653 0 0 0 0 0.000988491483230943 0 0 0 0 0 3.29281684919402e-10 0 0 0 0 0 0.0116905065930739 0 0 0 0 0 0 0 0 0 0 9.99226237102903e-10 0 0 0 0 0 0 0 0 0 0 
0 0 0 0 9.10901324927681e-10 0 0 0 0 0 0 0 0 0 0 0 0 0 0 0 0 0 0 0 0 0 0 0 0 0 0 0 0 0 4.9429827445651e-10 0 0 0 0 0 
0 0 0 0 0 0 0 0 4.92865721471195e-10 0 0.231743508239798 0 0 0 0 0 0 0 0 0.0401187444813399 0 0 0 0 0 0 0 0 0 0 0 0 0 0.218016188351048 0 0 0 0 0 0 
0 0 0 0 0 0 0 0 0 0 0 0 0 0 0 0 0 0 0 0 0 0 0 0 0 0 0 0 0 0 0 0 0 0 0 0 0 0 0 0 
0 0 0 0 0 0 0 0 0 0 0 0 0 0 0 0 0 0 0 0 0 0 0 0 0 0 0 0 0 0 0 0 0 0 0 0 0 0 0 0 
0 0 0 0 0 0 0 0 0 0 0 0 0 0 0 0 0 0 0 0 0 0 0 0 0 0 0 0 0 0 0 0 0 0 0 0 0 0 0 0 
0 0 0 0 0 0 0 0 0 0 0 0 0 0 0 0 0 0 0 0 0 0 0 9.58385017414206e-10 0 0 0 0 5.57150250430534e-10 0 0 0 0 0 0 0 0 0 0 0 
0 0 0 0 0 0 0 0 0 8.33333333333333e-08 0 0 0 0 0 0 0 0 0 0 0 0 0 0 0 0 0 0 0 0 0 0 0 0 0 0 0 0 0 0 
0 0 0 0 0 0 0 0 0 9.74215945844332e-10 0 0 0 0 0 0 8.89108306127978e-10 0 0 0 9.96381708820723e-10 0 
<Falps>
6.32137175916089e-07 1.75632141449868e-09 -8.9956509586566 -11.1956512914934 -18.2027521623339 -3.48806331268393 -19.7329203649186 -33.4000663297459 -38.0639718794937 -12.3015498515142 -16.6322647656187 -37.2621738621865 -36.2766390289867 -57.7696498496931 -9.28965707239306 -50.6256246257531 -6.80230752231603 -36.4264173012411 -64.7269115466586 -91.9149347781789 -3.39555399171807 -1.08679894931134 -1.04411543262685 -1.22691120467242 -2.12332996166839e-08 -0.579504825645675 -0.976834838529498 -2.4110940996771 -92.1828311714385 -44.3003014293037 -43.0003009427984 -43.4060680790943 -41.2183779781559 -79.2328037761189 -3.74016437860511 -52.5556895265212 -25.3497428384016 -23.7616613589894 -9.7777434534189 -9.31165320530348 
-15.8916368587636 -35.8923474202417 -14.5639069092147 -41.049185033435 -60.8631411045093 -46.4755077933565 -35.5305883476079 -1.71728146505187 -46.8280474163913 -92.9390191272959 -1.89709661429192 -2.86938463936061 -6.25272716532362 -7.74895106229777 -8.38689507543653 -0.975751794107294 -7.45673451188797 -4.29974352591186 -7.65878779538327 -24.2298135159137 -17.7665470713091 -34.5319926797387 -0.13248693880967 -3.90612303496297e-08 -0.451567381021261 -1.53291769888687e-06 -37.7757805752314 -10.4468618303047 -4.90979883035544 -2.62260935218221 -29.4977923081424 -6.33215535520193 -14.5240361261164 -7.06160767423813 -1.89341977830926 -4.72374149769114 -2.14941993571205 -1.05858756252148 -0.67759640672941 -0.246595502640964 
-3.57234311455558 2.56030577328377e-07 -3.39392859246375 -14.6767865932184 -17.9960784605237 -4.60836486025891 1.29951226274352e-09 -0.555569858823703 -0.812967454862042 -2.37096071410651 -5.75871693595062 -3.97513767793488 -1.84071369540542e-07 -9.77350997028566 -10.316161062423 -10.143137321116 -32.1761455529354 -5.09113455858782 5.26936225239125e-07 -3.44560807701158 -37.1446381507971 -57.8134946110252 -27.8747484525966 -12.6280559758275 -29.6208183189034 -12.3106548539841 -86.2698259697333 -11.9154637234571 -46.6504448125984 2.03847269533434e-07 -52.2647796942883 -42.5034843179493 -6.8810472530519 -8.15934015949183 -17.3081058049513 -13.9027682189103 -28.4824957117671 -17.7056777176001 -6.89224661294362 -7.67307407090117 
-5.80869100896929 -6.6695327808897 -34.2379882530806 -2.22863032639803 0.00022111134882112 -1.65573720713266 -26.4388738954476 -23.1303670471118 -23.568770259178 -23.7197814279656 -32.1593558380006 -30.753518700158 -37.6619869381338 -3.06927395920078 -15.0991349984076 -52.8626816154002 -14.8158666742737 -5.04018945303026 -23.3045547292227 -19.9200200207403 -24.6647545429581 -39.2063096798403 -19.968796192661 -86.2575073575429 -25.6758218045702 -21.5773580542218 -22.7131993522516 -5.00885959398831 -39.5297042468791 -63.3199066591041 -11.4347519423542 -21.2412545936132 -17.0361251950888 -20.6061235482084 1.14334704186143e-06 -3.20954416142957 -63.0880639563366 -52.3586222886078 -14.2133754702246 -23.6147604505157 
-6.81557279122967 -7.50949367942854 -3.72134070223522 -4.47850877057405 -7.59434520487599 -3.17160590120811 -3.46032167826156 -7.64788894489641 4.81076296764428e-06 -2.47268832913847 8.50102459353146e-08 -10.7100995127442 -28.8395535162303 -0.312275244821352 -0.360061556591671 -10.3315703436245 -3.45263404615062 -3.76568227730851 -12.5996614898931 -3.75817958678601e-07 -1.15344341309555 -7.40954427533989 -3.74071248849764 -3.40095583915773 -22.4344747987996 -0.591911627145484 -1.98115611891055 -19.664849956661 -20.3586890429811 -15.3259976691335 -2.22257817543189 -0.659157275501828 -0.565405027547451 1.3233967271777e-10 -92.9390191272959 -5.28634716234705 -42.2772903367116 -89.6711940965343 -20.4921473045632 -92.9390191272959 
-40.2925339801151 -30.2181924910901 -28.753306716355 -92.9390191272959 -92.9390191272959 -3.51153286414286 -14.334401736186 -24.7752737499148 -3.97608606512875 -3.7818538352159 -4.58643841147429 -2.04256268373351 -1.97508270336299 -0.51602058957498 -2.91695823426553 -5.05518347156042 -90.827683239503 -92.9390191272959 -1.37669641465844 -2.10696283331918 -0.985603504762167 -0.823062476170905 -1.33661200656329 -0.143905316171712 -4.26807652304791 -5.97803698935478 -26.6029820410997 -48.8447257978451 -15.1605591018354 -20.9156257525554 -15.688463959393 -59.1568908128288 -16.6784816882467 -7.7862543999484 -29.3382909002662 -21.9481512733973 -22.8805592415715 -2.05174758020692 -4.33089465384591 -4.11855407233506 
-5.06436836803363 -12.0524819790159 -12.4313727814454 -28.4370291533299 -13.0206441051416 -14.4070202377148 -2.33062005110146 -1.37800714934707 -0.832247372644213 -0.532588731904962 -0.153097548043359 -3.65422077936307 -6.00042694958379 -21.7925398926607 -27.9676832426823 -19.5993683728256 -19.3100541075851 -37.6035987080929 -41.2639248014486 -32.6455327324838 -92.9390191272959 -92.9390191272959 -92.9390191272959 -92.9390191272959 -92.9390191272959 -92.4429250673457 -92.9390191272959 -92.9390191272959 -92.9390191272959 -92.9390191272959 -3.48068400717397 -15.268636604015 -75.01383307584 -26.2967966101059 -22.8407727025957 -7.59746661694127 -12.2596534334631 -0.957572670935163 -92.9390191272959 -9.76450051776072 
-11.8034312040138 -11.4444458181991 -42.3712095313126 -12.0141383032082 -11.7855720983956 -10.0927001927035 -9.20771823599428 -9.10845261170753 -13.1685365332869 -29.2114832454816 -49.1529991131955 -82.0683393180092 -47.1930506598059 -16.1268365734728 -42.713128221154 -5.44934390439019 -79.36754126487 -12.5797180155545 -2.29548693661238 -2.41885597906412 -2.57055806010497 -1.80112471327661 -1.21714148074905 -2.06805907472768 -0.391630829129673 -28.9298402227302 -17.7590060688811 -65.3631412469826 -42.5231244825414 -21.4092434054242 -16.1044723697981 -25.8337094411028 -17.8687981317408 -9.01197539808523 -9.79397169076641 -44.1980709415857 -53.3251684481483 -27.9540920226673 -11.2992325298733 -15.6578444426998 
-9.95080341121816 -7.89533490979072 -31.8735601464517 -46.5463226564203 -50.3400676232518 -41.7564194072912 -4.05273494851435 -33.4398820073694 -13.8159162930036 -30.1704228731891 -25.7788752376301 -6.9247137656265 -5.92146869245871 -24.3003882317377 -9.37063765459534 -16.6201268245001 -5.78471632109384 -43.8749569575207 -16.0909855921314 -9.74843779717118 -11.8319445318375 -33.6903899362142 -39.7003293014452 1.76395393158632e-05 -20.8181399468638 -50.8502584281196 -32.2830755252751 -41.1242321150984 0.078730995727293 -19.5658081407374 -1.96847378432552 -37.8603500805879 -37.7028443101325 -79.924157013461 -32.3490153838901 -3.35093288568192 -37.2161908682788 -5.38827531073143 -33.6121149983636 -21.4013009203821 
-92.9390191272959 -24.2070730078529 -24.656524500785 -6.97862731263301 -10.3894459637177 -14.6267185579312 -7.94762129566244 -6.95155266587104 -4.25452611522078 0 -1.3576625522413 -0.49950800158041 -14.2696701321128 -63.5346762689613 -4.24372074322242 -3.74948803317193 -4.0702331060421 -12.9650447593725 -7.30553166750793 -1.79142474554164 -0.951424357619814 -8.40212520486969 -45.662019472863 -15.2787473505473 -35.7862529468035 -17.1006523998017 -41.122598701845 -46.142157294199 -35.9288921077952 -0.224364969209513 -1.28436523101133 -32.8074960067962 -2.2593456936182 -3.05934537991374 -31.8671502639935 -68.4870946423918 -3.64391928371436 -43.891812669394 -4.47262654501637 -55.9480562203393 
-14.0593283581721 -25.8603453858037 -9.28415915932882 -22.222413588983 -29.4055678043493 -19.0058018868854 -47.6060539485207 -20.0328747942278 -25.4041727233119 1.21932697371647e-06 -23.7877511529499 -8.79432296469311 -4.99572227889865 -4.90366141614825 -30.7321573378207 -34.7755152650087 0.000356755794284901 -47.8146154769844 -39.1114046533304 -23.6120135490378 9.80815767582853e-09 -5.9799910979626 
<G>
-210.337108694851 -628.074102281648 -257.286232126967 -249.020537850018 -314.109459162366 -416.753543328533 -519.167367698795 -255.007259050641 -605.567224376276 -385.082812272797 -272.730328410766 -456.445942966413 -697.489091091667 -182.592609969928 -471.758975528913 15.7975359757304 28.8971715315069 -16.4039000723662 -59.1391192937523 -97.6462370996618 -135.338543653891 92.7350447126092 146.57459054602 -155.0679137164 -22.3737824976461 -72.7581153844876 -116.784492161048 -157.363064518459 -66.0810792952288 -353.749913120895 -1.23433967444972 0.859707434525917 -0.904638716918661 -31.5913415877472 -54.0470854575183 -79.70466496569 -83.7900134848466 -31.1935101142522 1.07475506664204 -8.69028525525592 
-227.578494686439 2.74157307350969 122.56764119992 -101.754891683722 -123.70574600761 -155.47580017851 -267.54030964758 -376.214743238814 -481.049863237475 -582.362875210105 -679.928208309239 -774.979864560363 -302.34483833557 -374.490232271703 -442.936450787669 -4548.20623655576 -467.065503683691 -780.427629933916 -229.734360004025 -413.424852308492 -515.2000937014 -438.293404792799 -676.991183358764 -418.287327750966 -603.855201372638 -196.116682343082 -582.697791699208 -765.972101688672 -392.976244128975 -613.047771691071 -1022.61058794516 -242.236875109481 -288.835821500992 -240.742585870787 -300.02342208723 -300.165671842108 -403.225116580037 -404.902726984728 -623.541157805632 -1045.89994528669 
-245.739195546461 -590.794177542465 -582.678161503151 -247.234072573667 -279.615245498524 -239.573965645488 -244.555871638541 -616.860954398574 -791.615697820259 -434.73793604777 -325.738550878109 -382.375307812886 -261.733520849395 -354.605768552896 -300.732112651948 -443.63009338641 -685.824533150324 -923.621036230329 -169.062959106016 -718.752991768548 -460.051546619125 -643.51620058436 -213.745473205542 -217.512668571564 -280.168477262395 -516.66537408178 -422.16837495276 -453.946949367885 -481.143378318345 -645.617337716624 -877.961194924187 -329.127306436997 -390.62074698025 -186.060724273701 -583.746934391772 -371.928387601621 -283.798526386247 -391.804118194036 -576.455411425415 -563.526992423075 
-241.411780804573 -541.305788280123 -444.851451123044 -1302.59451533414 -1102.96152474061 -32.897741528246 -9.77279692755513 59.9744584594836 -129.997883446715 -174.422347004089 -183.153892395368 -813.583179851406 -1111.0337619216 -569.315475212145 -581.44273561864 -370.632125545957 -591.45028757166 -812.646617224957 -1110.09719929515 -568.378912585696 -435.601616837763 -210.978984066478 -282.480507767691 -387.812266317051 -610.262353661044 -602.335113136955 -219.130135144345 -159.207007592876 -187.068286903023 -574.635062397687 -562.20302057397 -474.849717639688 -1432.55821826133 -1150.59189699251 -608.413096196885 -239.063703393068 -423.022721250758 -657.457449387529 -542.38868134625 -1427.85101228937 
-442.269174871325 -338.059395046935 -614.344896869059 -596.067649082719 -1490.28380360833 -1296.24579188664 -1100.32554291586 -982.251872300332 -1168.04074530815 -790.476275797886 -21.0932209281022 -392.247010214298 -209.663475942118 -71.4272339667282 -118.803507050836 -163.091883895376 -207.277904802563 -226.655646320553 -414.481268794839 -401.944288899157 -48.2246587730936 -49.4830601043511 -51.34013305099 -35.0849173072663 -138.994933112638 -190.542977646265 -241.00880471787 -111.138650851779 -84.1661451582624 -30.6559327867899 -535.821543036141 -280.411588019756 -180.49141205164 -285.903104857455 -153.898205882947 -443.28066776221 -393.227452570819 -41.5510384595367 -2.10290478448708 -195.180119716634 
-581.761229072759 -765.035539062223 -392.039681502526 -241.300312483032 -287.899258874544 -299.229109215659 -402.288553953588 -403.96616435828 -589.857614916017 -581.741598876702 -278.678682872076 -238.637403019039 -324.80198825166 -381.438745186437 -260.796958222947 -168.126396479568 -717.816429142099 -459.114983992676 -642.629897796646 -12.9030525594442 -199.564953305917 -59.6463078843908 -104.34013276747 -146.088422119801 -191.778820016558 -111.777280576656 -215.09724847117 -393.848808440629 -23.8566913029335 -20.8777695979846 -141.107143371564 -196.568485412591 -248.274268305403 -91.2703337434244 -333.049048208981 -76.7332954470075 -193.876360477901 -271.693046599103 -47.6041106137503 -55.8685225718846 
-92.7742864541821 -104.797112332668 -104.177996285483 -146.683129910699 -163.167319141051 -268.199357468668 -366.125471104257 -447.87464322745 -447.272010122255 -441.641814977647 -243.046372168691 -225.3664260329 -119.500126179382 -132.526570511417 -205.619502522043 -278.460892758753 -337.265136472743 -273.815708502747 -491.816367185689 -520.839815650376 -517.000144535635 -328.132138477758 -218.059906219983 -667.010382988 -1054.676586661 -651.41968136338 -1096.63444982174 -630.696878455833 -318.917197331281 -97.7185180927738 20.6907543152294 28.002754166085 -380.647490510927 -785.779135444758 -1185.856438206 -351.576681679284 -165.448074048705 -229.404064914024 -168.66799305246 -32.4753486222943 
-19.4759638373066 -64.5139416077328 -83.062556894541 -127.087396770448 -177.882033288924 -754.398429761973 -761.480171193334 -733.607278591754 -370.325630821458 -363.635328840832 -353.746322145627 -750.427762470026 -745.729792781803 -7.66887409022962 -6.19541906072397 -106.648183363083 -104.160695602801 -157.334839460979 -221.174649306927 -92.8716672418452 -15.4699332473921 -204.22206722651 -44.6415954591134 -41.6769153697267 -22.2709435597788 -231.229761413491 4.01653388216503 -187.916879809779 -572.65592181002 -385.006700473952 -293.740843839597 -395.679781647172 -585.570176762277 -317.538748344805 -379.931969895906 -433.345106205109 -252.520581453874 -707.767252648207 -450.37490976093 -635.284984504855 
-91.4434844762028 -24.9414043174201 3.93004686313709 -407.617714159015 -815.937482617037 212.533608598413 240.306545891502 -397.54400606082 -586.648638494563 -215.606104325916 -69.5602685904832 -46.5497595109813 -92.2707848841499 -135.075255274423 -176.037657391216 -262.432417234283 -175.144960205489 -114.213089390155 -49.3932630574638 -57.11423622358 -124.315817183442 -106.356874048212 -212.34204922876 -1188.17041076998 -420.171519998854 -405.516162735651 -285.368554192051 -259.397047743968 -349.339369141232 -176.224629901671 -332.665646651679 -149.333259068953 -154.418595176929 -223.373360191241 -205.093617323002 -284.33862313473 -155.737851873997 -314.275379727674 -88.8537201070344 -75.9200376291672 
-281.341945675336 -392.362232559937 -16.3252969803257 51.8435390544273 26.9312201279376 -517.117670123662 -536.272212423291 -284.450260486861 -259.218758805277 -146.984765525216 -446.878983117359 8.68993433476314 -254.691343295367 -260.345637235887 -239.318954027356 -474.609501062734 41.5068165285835 -197.631497002632 -419.568972097189 -426.682464101724 -408.441138349429 -260.086302032295 -258.437146220327 -567.051581890107 -561.898297846123 -35.3232283351826 -43.0224287468803 -48.2765610041468 -51.2699216044566 -50.1186290482303 -20.6205890755865 -99.8278474254009 -196.639845063323 224.793344648852 230.319549010506 0.378589922297394 4.01653388216503 -5.19380656765537 -297.933864686536 -291.908120081252 
-1938.57794825011 -1965.28794142722 -1908.6443454586 -242.182598809608 -238.751657496261 -384.996602179138 -390.663936031008 -672.197453372481 -368.268917764177 74.3438729227653 75.297463960604 -7.63010703626603 7.06396696812853 -185.293830634587 -255.327088370279 8.55528653972282 17.4202395897149 -144.825951813221 -138.747126969523 -151.620081051 14.6910228946836 16.1857392895889 60.7747662525286 -143.498211577881 -305.412347760871 -0.286531742570973 -59.5118652919623 -107.24074121601 -153.553228799195 -46.2876967762884 15.0329695907806 -153.468404903764 -336.608862752529 -20.168084092269 55.0851824194121 -16.5183777463233 -93.050750365881 -137.227043657839 -13.5918967822343 -214.759862491527 
-76.8202964593141 -323.714386673355 15.5219833155857 -5.66179678268166 -454.700695239279 -199.035290727545 -221.708128701048 -606.447170701286 -418.797949365218 -327.663806552243 -429.443886395311 -619.361425653542 -351.859591922038 -414.252813473162 -467.665949782331 -289.919846576365 -741.558501539472 -484.166158652195 -669.107646942329 -15.5929589070831 15.5315169743235 -10.6863948857991 2.19302696521916 -94.1138209903251 -275.793572572759 -98.2584743762646 110.909546935456 136.53894636343 -295.764284559504 -484.108831423674 -469.556396402863 -146.628459815534 -442.275458885393 -350.221252893841 -95.9713007950809 -192.33786331808 -486.365987946799 -472.460559482401 -149.668692790722 -444.53886834243 
-351.40644619914 -148.619698143551 -546.519745815083 -334.758082290438 -556.939118657114 -174.96180788717 -249.018514193663 -353.222116607561 -575.221590519287 -567.064091575772 -185.32344089322 -540.188703762281 -528.026778222842 -208.322909579478 -389.340483288665 -625.571227648004 -504.32527898897 -408.438679518173 -303.985717634091 -580.248193889553 -560.377763624834 -1221.61060646965 -1066.90205188018 -72.3463553200788 -24.2506290251949 -262.382326700413 -119.393253870445 -73.0738305867851 -171.863520009079 -135.20926852517 -243.080311144817 -346.419378357205 -277.559128881392 -193.041568631801 -192.095410794019 -250.661544302408 -306.067667178287 -133.780325495763 -110.64787389246 -218.714970020473 
-331.935266430049 -228.241969496599 -281.483054533336 7.96533505937377 -7.2186138686909 -25.2150417921569 -9.12497776785234 -36.3803555455313 -86.3651667603132 -481.001615180966 -268.260507220456 -92.5611051474734 -182.034880545925 -288.327501436223 -477.137101947037 -462.46725402354 -138.664006789302 -434.819888332073 -341.658098362186 -1876.40815388422 -404.389092133142 -482.798082735925 -555.009150388451 -617.884824877632 -9.02733877806001 156.618754478116 217.144452842943 -379.72061122531 -197.137076953106 -421.836800077389 -823.087285139921 -54.7791179327736 -54.6827065469874 -110.560235189748 -108.376890505716 -259.040323605459 -212.977954775311 -437.333144421489 -431.063765114152 -62.6389809602102 
-14.5535431397124 -700.085928612736 -388.335674742136 -28.491167721425 -18.6441238105996 -42.7803009637614 -57.6995852615856 -71.4675770031834 -84.3145332316364 -95.3194239394088 -26.4794661490249 -50.575520761984 -137.625954639628 -195.992591912085 -82.7429258288668 -325.510359247292 -72.6361101979649 -253.501338317143 -491.176219330261 -685.621035609813 46.1921983626453 75.9820286288334 17.5934002190368 -268.156821871763 34.6551806215576 11.3360881758159 -165.475573436623 -452.030605080534 -167.034539552273 -155.487914585609 -553.615648908395 -736.889958897859 -958.813994967677 -1134.72003553361 -363.894101338162 -688.741551115686 -213.154732318668 -204.509364595996 -256.465771312102 -206.031336311296 
-354.909297897183 -418.598081684591 -282.394855085327 -264.318794454924 -205.914094725876 -270.323346925947 -271.673332740012 -371.309570104752 -382.558536466753 -178.551285043541 -200.259715818729 -304.285017667618 -265.310950861213 -1993.02115517286 -656.727489320532 -676.198660518097 -843.816671643638 -851.430307020227 -466.453320809444 -494.144720931887 -955.49599345905 -731.15453021066 -600.280222420994 -548.801254816768 -710.002517261026 -311.799557224957 -325.537878365692 -379.181275388359 -402.968655045777 -371.293783256905 -473.730634799659 -499.579966189771 -297.577443600441 -320.6847234407 -354.214200535204 -395.627032696239 -465.158267086582 -233.572413571727 -238.94978840165 -718.109193391473 
-650.044385553629 -353.917335043998 -342.323186053252 -415.118244484043 -419.95367312845 -483.471268209084 -487.846180014501 -1031.75641272225 -696.521772748712 -661.968669569275 -651.872430021254 -682.672021053304 -307.259817140794 -269.897559958985 -684.592131159734 -1175.52292229855 -364.531308347232 -401.610317690513 -421.786578442304 -463.082501893286 -518.107454020884 -335.763219388322 -782.687176453599 -545.788681714268 -274.422140643253 -784.492187016243 -527.275425003417 -562.023345755622 -738.538460359232 -710.386544315461 -416.653850508354 -665.15556831258 -912.505993560586 -104.268921218081 -75.5823475822652 -131.908811579135 -691.137617938996 -682.279742165778 -427.995889088562 -426.495624117643 
-614.434057793547 -609.65871905054 7.22190109792999 -228.507048592939 -650.553153682414 -340.406380279265 -181.17254850724 -271.662366347915 -384.164467859815 -497.449447577904 -608.201584222838 -349.938364412819 -429.831231350426 -266.36136115762 -353.765714991479 -433.355186980923 -507.526630675761 -568.077783035809 -794.413996609556 -1051.43792584215 -533.890138116168 19.5681722402462 -4.58468699502568 -409.483054597785 -1210.68740810998 -384.78763569979 -197.875241673095 -243.488865606933 -261.277705020612 -54.2532335760253 -101.623284648582 -146.816100387454 -191.096299859168 -98.9335354820726 -43.0560068393085 -213.140473217187 -764.1223935187 -400.045061095945 -386.540995930182 -27.2721347287878 
-135.62404320426 -195.570409300713 -79.8849620053511 -304.585150791525 -317.14610132504 -619.646310821002 -73.1210503964651 -12.5355894585151 -519.719446656716 -264.788527128316 25.140826822768 65.4061706936731 9.25090065155613 -43.7779534011657 -94.0099755861963 -140.933625542269 0.338052446740144 -28.1664854827295 -55.0592149346014 32.0662054962068 -88.3928415221334 -142.957274057942 -12.1841111314876 18.9583070248222 46.2810509520851 98.1836488687316 97.3322282992328 -7.92121556132354 -58.9689402137402 -106.585812534746 -147.161702438041 -185.101003014907 8.87030528077708 -33.1383935421164 53.1815892161266 -60.2553301218959 -136.694319390828 -208.528138434849 -315.51559483729 19.6375368157201 
-171.187726501965 -429.495513902613 -687.924019906972 -209.281347188673 -167.152612472996 -189.71655392216 -151.010974832745 -576.297663278285 -759.57197326775 -949.962143868206 -1125.29254090879 -386.576115708052 -589.851722543934 -684.264611362819 -606.993031587594 -238.047228444687 -200.723200560386 -201.554396558433 -235.636145901336 -331.925689881666 -294.040845630383 -350.432358144316 -277.917915332463 -293.005361295834 -267.397552819834 -393.991584474642 -378.772672708011 -616.219994789172 -239.872902471552 -583.795377047365 -551.217649107555 -195.897905046209 -286.370668392232 -254.299017869288 -1953.46904535728 -643.328506925114 -657.846819740993 -828.637149369238 -833.404229124634 -454.612457323856 
-476.391552687775 -300.396184782267 -342.786189581604 -360.258824010126 -461.912795733716 -320.029199092043 -312.638776752058 -376.66595602682 -390.459317226108 -458.378742221276 -256.02416906333 -233.206426882816 -1043.65400826804 -650.818581342138 -643.255186243678 -663.844835910632 -388.295799586125 -445.623331320569 -346.161967188016 -325.58934994141 -625.800332439319 -773.857501256411 -516.456055551913 -542.634744519341 -720.624111083847 -697.532542132436 -441.812109853128 -414.018978111377 -667.816641398965 -684.006548699415 -914.706549635926 -915.148581575207 -162.662830685094 -683.387411013274 -710.32082525909 -453.140043719603 -420.238604427272 -637.116072163438 -606.862666539882 -188.224013663829 
-373.627520996493 -285.518042024232 -394.055109715886 -242.769195616548 -446.924681672111 15.6630627711029 50.8130841047749 34.063617719542 -172.971785202811 -161.070491105413 -249.346285058316 17.0027423660148 51.7517818179234 27.6513773495377 -119.497515576212 -146.283798544497 43.6803872163535 37.151720492573 36.6807127373503 -758.867760486196 -445.520723637414 -1381.81290349272 -424.480446028318 -395.031261888464 -218.486712840124 -603.225754840383 -415.576533504315 -324.055508392178 -426.008894962825 -616.140009792605 -347.832273657546 -410.225491538231 -463.63863151784 -571.993381367171 -996.41283158988 -285.496729099667 -738.337085678569 -480.944742791292 -665.886231081426 -4.95198981441654 
28.7715869403424 -45.2491106028309 -84.127074977219 -120.591144705422 -53.9075631125054 -24.1412317816275 -101.201548260451 -76.06393897865 -146.708964666096 -175.534441108469 -191.896526794341 -224.233529056293 -267.268259242457 -112.500580013172 -216.342007410091 -317.81177368275 -601.553151021248 -797.024030572462 -780.838049168342 -1152.89324193641 -401.793914891037 -399.342258907361 -790.427721202863 -88.9463618935361 -48.273162224819 -151.659040324311 -212.39439905289 -317.371712787625 -379.764932503553 -438.773353315394 -338.776369328667 -79.0193161238893 -126.958551425051 -391.051694878317 21.6412163542778 -266.212675617209 -187.427594863119 -585.230443646699 -373.977779950823 -285.690783415051 
-393.731742952035 -578.02951463825 -565.68954553525 -243.214068433045 -544.791037613443 -446.609910842872 -1305.21312340342 -1105.01917196489 28.2649917014907 -331.631882093913 -394.715876609502 -182.630775266728 -223.408970556173 -216.775958410272 -459.601662206287 -251.433328961523 -190.948559486225 -247.999781667838 -227.719787242207 -1191.29432648918 -277.201754091564 -343.578604968023 -454.421906945553 -561.694276114609 -668.459985576644 -867.784456669176 -1031.35675458225 -630.344175609817 -626.75214316475 -1029.5607379009 -247.415819933878 -255.916823309905 -239.075996671532 -313.809512039766 -271.110037270213 -383.218759375303 -516.4366130176 -613.924453528929 -690.384886486169 -1848.02541269301 
-1548.78608784185 -2452.40258649037 -2564.30166746028 -306.935638565222 -775.644603650593 -582.699435454756 -653.815558378446 -711.806947262257 -1076.60329910306 -1758.90605055897 -175.454408582759 -202.27787362974 -759.294345462099 -1012.55642858806 -496.603854210748 -115.182345847666 -192.627560849276 -392.693304833947 -193.578532599826 -344.377273085786 -399.148934574618 -269.112601710345 -168.282848981233 -963.135421728483 -1137.27839055432 -602.518426467527 -701.53648551129 -216.617194188351 -218.826270706921 -600.613092464189 -367.704232292788 -431.393016080229 -295.189789480948 -285.081398833082 -397.113806429668 -505.097904943388 -610.243399836007 -709.433624216375 -809.659994748521 -572.953563073146 
-190.770573161049 -254.372573778788 -212.064538460004 -322.801251719947 -318.621446515301 -2154.93116764627 -714.907406776441 -901.763811307754 -874.673481667606 -520.26214728293 -624.180890138567 -723.831613475028 -821.156727279337 -1064.30444066993 -1484.79246381517 -736.496595796124 -365.083057842038 -408.166121478118 -688.692678761175 -417.125063322063 -350.166861454818 -425.928878194818 -529.789124517604 -630.02554628345 -727.59093916266 -328.298841275947 -402.895762730206 -474.038806056946 -252.182023076192 -848.013538443187 -586.069081647345 -578.443442949118 -742.592044309148 -362.531207121228 -326.617669151684 -332.985429205575 -336.652612288408 -1109.45604084573 -715.880811781941 -715.051881058895 
-707.577614889698 -1111.78165163955 -616.836011674441 -468.91456057462 -330.534740866202 -325.050123657156 -359.893885710249 -2104.61572944304 -795.712834211148 -717.23789934274 -1271.51068588793 -1346.65243833375 -1465.12233030559 -1811.47693846247 -455.035940948535 -518.580453220693 -572.79949560389 -391.448646231081 -1390.44235055763 -810.49372857619 -1047.96786775843 -569.158213676459 -688.395823168585 -2093.3965656629 -261.941626287887 -233.692573355622 -292.00027791564 -837.084940773817 -1085.66371026625 -580.462494285343 -630.449102545337 -476.92485196903 -765.9998934042 -677.079131068098 -921.115639105462 -1160.54697691795 -426.13486769335 -116.866845165116 -143.055807803008 -701.263031146812 
-437.299277743706 -44.0594393697617 -416.479649733756 -282.777994787477 -233.43559954018 -90.5480457335052 -136.783367766996 -181.86739724426 -221.72455851166 -249.437658164265 -826.690881717298 -804.978697327947 -1177.95492377396 -435.14490212406 -423.943421611923 -814.568367527249 -789.550119083209 -58.5179122067856 -62.3562979003046 -173.87967771005 -234.915306813243 -290.566285972432 -156.140442650406 -109.231954282944 -541.591848204513 -47.3284256662639 -558.781599246334 -303.097666310081 -166.776729518154 -979.313150350043 -216.005412151955 -262.908483877234 -285.205937810527 -399.787754061996 -509.517547344287 -616.772811534382 -723.746268403178 -827.288360910015 -253.649333217242 -210.834729237949 
-333.424166909212 -490.515876450627 -593.174477227769 -837.941705176458 -1276.19083762057 -1941.05482074439 -2032.52029038695 -1351.73299094278 -249.709008820266 -704.307342414189 -959.792154548835 -438.670498740809 8.0167627720204 -49.1394258984458 4.01653388216503 -82.1954520500707 -20.7591114982859 -138.377123211206 -2.49497257272469 -81.4403295433055 -15.3007670733508 1.02327633121572 7.53305087490145 -3.63657488202317 -3.63657488040036 -3.89082048099019 -412.355452487391 -407.289764505896 -1185.45446886833 -0.838342423520764 -34.9839028644086 44.3656131644754 -154.167221938259 -39.0036797274194 -24.8185513405724 -5.38595051236594 -7.65522833263211 -318.481934149566 -15.2871589687657 -213.889442891782 
-18.9127618891657 34.4982000463553 -105.872831978262 -116.715561550742 -539.955620861666 -394.762842509345 -394.861124938784 -394.440222118135 -315.01315410311 -313.678794976379 -312.763908809814 -1293.97954974865 -1012.48941566302 -407.805884341995 -410.799246089325 -478.240276897785 -524.403687233914 -318.564156291243 -0.28311531593577 0.245511147524381 -403.503332737281 -407.160025485831 -331.800753182465 -388.870153670905 -578.941323345959 -1325.85256738121 -465.422887933045 -328.891083423771 -356.7132301499 -1947.41330041381 -2134.79222345187 0.217640524935151 -2910.80948470033 -5199.81483153493 -1833.52581499546 -2444.91156663428 -2104.39128847789 -3196.68911939989 -3203.44541256425 -1738.64075890536 
-2049.8440377631 -1901.23520962791 -3402.15174062076 -1113.25968369958 -656.690159102038 -1079.95956671594 -386.048289938942 -386.353352299954 -385.313580067714 -1725.99733308476 -442.91927681979 -401.962616582411 -1583.29648109174 -201.906970630208 -1221.98522353458 -576.995167811327 -2100.38772989489 -739.819812616592 -1830.52329236315 -1602.30730361184 -1818.25323427554 -1835.04236206524 -1921.37125012512 -1973.38793586565 -739.692409631038 -1803.47459517786 -491.848954019673 -644.809960304673 -845.976642823503 -307.366855967881 -520.640292337752 -601.613180879367 -683.272636432834 -1331.16538730595 -2131.27649648639 -2208.79269886737 -2163.92609285677 -452.495509349851 -492.372076742957 -616.148681764715 
-407.616472138656 -1938.09732674261 -529.352301694037 -652.295387964762 -2191.69715288178 -3509.26174667391 -2128.46277111788 -2121.37532565099 -502.70548154308 -231.317812739995 -2016.69459467902 -163.852429778257 -849.140479365784 -54.5287721769629 -1865.6882602036 -2297.098194365 -0.609697691870713 -221.739265790274 -93.5187881919539 -594.872680304322 -214.607523237311 -404.980153169753 -74.029376916074 -154.483590669754 -158.776491324706 -156.794329889139 -820.30930996221 -30.2598584281274 -35.3919785338422 -50.5165684394647 -268.29557918606 -358.16583317324 -768.41704958186 -850.32146893732 0.210700185583682 -119.94463959325 -162.496443647688 -360.947042272944 -185.962843491238 -172.454530515137 
-195.421761631975 -295.77989138514 -609.574257650922 -452.863165988966 -441.938010985199 -114.214766791473 -46.7966756396354 -887.220980626968 -902.156753410171 -826.643419410938 -1031.19316874333 -0.6576967897646 -313.132084998151 -494.617087993767 -44.3206728961655 -48.9177149135321 -46.4093609530588 -120.441271368385 -43.319621980431 -23.7383485432724 -1817.36655254526 -2086.50145508506 -999.773945308172 -521.371809268845 -397.994273331116 -396.396461434913 -473.494350197961 -649.583087170791 -0.548229944140546 -1181.56262441228 -234.140117205748 -310.465340222775 -459.494640573243 -1079.78928794951 -347.886435130109 -728.728057197776 -1288.70866450865 -33.9990335623972 -34.3398729140437 -106.065547620114 
-24.6663590982137 -26.9573598649879 -92.4361504000366 -897.497455340085 -253.750210576586 -239.345005960992 -165.119149334882 -243.750268995375 -1214.81040794299 -167.966196914642 -164.767343250735 -397.646619495071 -1515.02754532868 -572.141466958404 -31.8547555071664 -35.4546651728985 -54.6081125542192 -55.9100057451629 -719.305998311092 -39.5342793740224 -1871.12896354754 -4351.38789803707 -59.2209952140946 -198.412210844929 -350.526513719375 -75.35514790193 -21.2469448856715 -480.833302259848 -643.373759555279 -24.8603853481365 -1067.3564430907 -552.630214169363 -438.463018681458 -507.285599089226 -628.402981190853 -1836.59296854248 -1891.89453279586 -1854.58729186199 -1853.30477664807 -1586.3638221342 
-799.78868134021 -1121.69047600227 -1882.46973226445 -1821.75309691755 -1841.21412268797 -1924.43840367213 -1979.48339579455 -1806.54534190256 -1642.22721235033 -1820.44334096946 -995.168343998536 -1259.1741666499 -615.149782087871 -935.954823593523 -821.914345176408 -3526.18082466241 -1067.92593339724 -943.925714126717 -1015.11964073806 -864.933535136503 -1152.20384244492 -1828.95564389406 -351.592427770876 -569.468187189941 -1578.72649748578 -785.79136411081 -1113.92747748468 -2388.6200479805 -705.800867301743 -1113.86929539051 -1813.62193149819 -1826.87026994597 -1916.80107902371 -1962.0702835324 -1798.90800036376 -284.775182780653 -564.287262953626 -1212.07953512702 -3007.40772136341 -1546.13804087469 
-1875.81275327964 -781.591305367218 -2157.42347369749 -2257.19323404589 -280.465308872169 -439.852550807214 -302.544977097334 -124.710652939802 -159.353236046015 -213.504992293775 -196.863069650232 -381.767489982462 -1914.69397317514 -2348.07502103936 -182.477852793291 -228.780555513897 -984.52310611963 -869.965603745877 -1000.13811791698 -610.22754616117 -2100.46457539584 -1836.74033421128 -4655.34684707732 -2435.21841900544 -2006.53439315214 -2595.85447283619 -4521.91144031977 -1784.00730142075 -1662.35717640766 -1723.83165282577 -2036.33532644804 -1814.09405576532 -2982.98871478564 -4348.92923712136 -1106.72422625214 -542.491164408157 -1056.98984672916 -314.757880965439 -1889.82660359868 -1583.10531802953 
-3804.97455226063 -2991.25897884135 -1921.28524346455 -1808.8704291514 -1818.33471329104 -1835.18764011943 -1921.18008706294 -1971.85274166771 -1803.62401666218 -969.067177090426 -890.134651490784 -916.19912655897 -2749.73544649105 -927.903767630545 -814.041991098577 -1098.63809573851 -1058.27066918133 -934.188927910892 -599.493334785139 -416.105827591391 -1199.99792567208 -490.756238058549 -217.859676094733 -660.210346079962 -70.3370692967862 -157.322095859432 -387.02461129519 -314.303820054505 -2018.83732176418 -2118.52708143442 -325.507162077814 -481.913701489278 -380.87540726995 -503.318700622078 -1174.31825597879 -801.758330125954 -1.25723222876128 -494.256945517233 -217.388173472196 -332.505805675383 
-137.880057331671 -281.486915875658 -407.136142438478 -65.8907769019918 -61.0933253436311 -816.884271415561 -1316.18060417128 -33.8295332658082 -279.675820657761 -2012.75030757787 -1313.27209817905 -2115.07049003042 -0.750265627720739 -28.962509262794 -1.17632264452871 -65.4231565602873 -231.614335259239 -529.367746908155 -969.712126663138 -324.783436145421 -470.878744077685 -406.747751620199 -410.802091297346 -361.069728762181 -1905.33188168797 -1175.59777946587 -1965.28748252808 -594.431181526884 -388.598717469164 -467.488532109019 -0.63750049413005 -0.829302190881148 -1184.27039581808 -2595.77546163797 -290.500294122197 -292.476268002138 -1060.91361136886 -460.087450655897 -434.550826185664 -504.064183228323 
-681.157821286847 -1.00286244908658 -87.4798396584826 -173.622006787946 -175.556179163302 -392.096355890384 -449.850152443473 -581.484490193832 -1329.49266873371 -460.713752169236 -329.853978804586 -2031.56494032748 -2135.00703174895 -132.848183205296 -130.407442398831 -686.798600399823 -376.555251768636 -374.713184412745 -2330.79015261375 17.7958070563156 -278.402055623908 -828.683781621098 -333.236409294854 -2494.159559923 -535.235158858415 -920.078271556229 -560.107183547681 -1050.66964412243 -597.352300692154 -822.636693414133 -2099.78009670947 -1245.96425801804 -1183.87712375418 -637.161443015733 -528.684865510679 -251.962716584056 -110.081838323601 -192.545951716566 -1085.17252792039 -1243.13680817927 
-67.0778436051041 -1888.48339244997 -2152.95272604355 -1095.88332300038 -356.300614984977 -507.035447420001 
<G0>
-210.337108694851 -628.074102281648 -257.286232126967 -249.020537850018 -314.109459162366 -416.753543328533 -519.167367698795 -255.007259050641 -605.567224376276 -385.082812272797 -272.730328410766 -456.445942966413 -697.489091091667 -182.592609969928 -471.758975528913 15.7975359757304 28.8971715315069 -16.4039000723662 -59.1391192937523 -97.6462370996618 -135.338543653891 92.7350447126092 146.57459054602 -155.0679137164 -22.3737824976461 -72.7581153844876 -116.784492161048 -157.363064518459 -66.0810792952288 -353.749913120895 -1.23433967444972 0.859707434525917 -0.904638716918661 -31.5913415877472 -54.0470854575183 -79.70466496569 -83.7900134848466 -31.1935101142522 1.07475506664204 -8.69028525525592 
-227.578494686439 2.74157307350969 122.56764119992 -101.754891683722 -123.70574600761 -155.47580017851 -267.54030964758 -376.214743238814 -481.049863237475 -582.362875210105 -679.928208309239 -774.979864560363 -302.34483833557 -374.490232271703 -442.936450787669 -4548.20623655576 -467.065503683691 -780.427629933916 -229.734360004025 -413.424852308492 -515.2000937014 -438.293404792799 -676.991183358764 -418.287327750966 -603.855201372638 -196.116682343082 -582.697791699208 -765.972101688672 -392.976244128975 -613.047771691071 -1022.61058794516 -242.236875109481 -288.835821500992 -240.742585870787 -300.02342208723 -300.165671842108 -403.225116580037 -404.902726984728 -623.541157805632 -1045.89994528669 
-245.739195546461 -590.794177542465 -582.678161503151 -247.234072573667 -279.615245498524 -239.573965645488 -244.555871638541 -616.860954398574 -791.615697820259 -434.73793604777 -325.738550878109 -382.375307812886 -261.733520849395 -354.605768552896 -300.732112651948 -443.63009338641 -685.824533150324 -923.621036230329 -169.062959106016 -718.752991768548 -460.051546619125 -643.51620058436 -213.745473205542 -217.512668571564 -280.168477262395 -516.66537408178 -422.16837495276 -453.946949367885 -481.143378318345 -645.617337716624 -877.961194924187 -329.127306436997 -390.62074698025 -186.060724273701 -583.746934391772 -371.928387601621 -283.798526386247 -391.804118194036 -576.455411425415 -563.526992423075 
-241.411780804573 -541.305788280123 -444.851451123044 -1302.59451533414 -1102.96152474061 -32.897741528246 -9.77279692755513 59.9744584594836 -129.997883446715 -174.422347004089 -183.153892395368 -813.583179851406 -1111.0337619216 -569.315475212145 -581.44273561864 -370.632125545957 -591.45028757166 -812.646617224957 -1110.09719929515 -568.378912585696 -435.601616837763 -210.978984066478 -282.480507767691 -387.812266317051 -610.262353661044 -602.335113136955 -219.130135144345 -159.207007592876 -187.068286903023 -574.635062397687 -562.20302057397 -474.849717639688 -1432.55821826133 -1150.59189699251 -608.413096196885 -239.063703393068 -423.022721250758 -657.457449387529 -542.38868134625 -1427.85101228937 
-442.269174871325 -338.059395046935 -614.344896869059 -596.067649082719 -1490.28380360833 -1296.24579188664 -1100.32554291586 -982.251872300332 -1168.04074530815 -790.476275797886 -21.0932209281022 -392.247010214298 -209.663475942118 -71.4272339667282 -118.803507050836 -163.091883895376 -207.277904802563 -226.655646320553 -414.481268794839 -401.944288899157 -48.2246587730936 -49.4830601043511 -51.34013305099 -35.0849173072663 -138.994933112638 -190.542977646265 -241.00880471787 -111.138650851779 -84.1661451582624 -30.6559327867899 -535.821543036141 -280.411588019756 -180.49141205164 -285.903104857455 -153.898205882947 -443.28066776221 -393.227452570819 -41.5510384595367 -2.10290478448708 -195.180119716634 
-581.761229072759 -765.035539062223 -392.039681502526 -241.300312483032 -287.899258874544 -299.229109215659 -402.288553953588 -403.96616435828 -589.857614916017 -581.741598876702 -278.678682872076 -238.637403019039 -324.80198825166 -381.438745186437 -260.796958222947 -168.126396479568 -717.816429142099 -459.114983992676 -642.629897796646 -12.9030525594442 -199.564953305917 -59.6463078843908 -104.34013276747 -146.088422119801 -191.778820016558 -111.777280576656 -215.09724847117 -393.848808440629 -23.8566913029335 -20.8777695979846 -141.107143371564 -196.568485412591 -248.274268305403 -91.2703337434244 -333.049048208981 -76.7332954470075 -193.876360477901 -271.693046599103 -47.6041106137503 -55.8685225718846 
-92.7742864541821 -104.797112332668 -104.177996285483 -146.683129910699 -163.167319141051 -268.199357468668 -366.125471104257 -447.87464322745 -447.272010122255 -441.641814977647 -243.046372168691 -225.3664260329 -119.500126179382 -132.526570511417 -205.619502522043 -278.460892758753 -337.265136472743 -273.815708502747 -491.816367185689 -520.839815650376 -517.000144535635 -328.132138477758 -218.059906219983 -667.010382988 -1054.676586661 -651.41968136338 -1096.63444982174 -630.696878455833 -318.917197331281 -97.7185180927738 20.6907543152294 28.002754166085 -380.647490510927 -785.779135444758 -1185.856438206 -351.576681679284 -165.448074048705 -229.404064914024 -168.66799305246 -32.4753486222943 
-19.4759638373066 -64.5139416077328 -83.062556894541 -127.087396770448 -177.882033288924 -754.398429761973 -761.480171193334 -733.607278591754 -370.325630821458 -363.635328840832 -353.746322145627 -750.427762470026 -745.729792781803 -7.66887409022962 -6.19541906072397 -106.648183363083 -104.160695602801 -157.334839460979 -221.174649306927 -92.8716672418452 -15.4699332473921 -204.22206722651 -44.6415954591134 -41.6769153697267 -22.2709435597788 -231.229761413491 4.01653388216503 -187.916879809779 -572.65592181002 -385.006700473952 -293.740843839597 -395.679781647172 -585.570176762277 -317.538748344805 -379.931969895906 -433.345106205109 -252.520581453874 -707.767252648207 -450.37490976093 -635.284984504855 
-91.4434844762028 -24.9414043174201 3.93004686313709 -407.617714159015 -815.937482617037 212.533608598413 240.306545891502 -397.54400606082 -586.648638494563 -215.606104325916 -69.5602685904832 -46.5497595109813 -92.2707848841499 -135.075255274423 -176.037657391216 -262.432417234283 -175.144960205489 -114.213089390155 -49.3932630574638 -57.11423622358 -124.315817183442 -106.356874048212 -212.34204922876 -1188.17041076998 -420.171519998854 -405.516162735651 -285.368554192051 -259.397047743968 -349.339369141232 -176.224629901671 -332.665646651679 -149.333259068953 -154.418595176929 -223.373360191241 -205.093617323002 -284.33862313473 -155.737851873997 -314.275379727674 -88.8537201070344 -75.9200376291672 
-281.341945675336 -392.362232559937 -16.3252969803257 51.8435390544273 26.9312201279376 -517.117670123662 -536.272212423291 -284.450260486861 -259.218758805277 -146.984765525216 -446.878983117359 8.68993433476314 -254.691343295367 -260.345637235887 -239.318954027356 -474.609501062734 41.5068165285835 -197.631497002632 -419.568972097189 -426.682464101724 -408.441138349429 -260.086302032295 -258.437146220327 -567.051581890107 -561.898297846123 -35.3232283351826 -43.0224287468803 -48.2765610041468 -51.2699216044566 -50.1186290482303 -20.6205890755865 -99.8278474254009 -196.639845063323 224.793344648852 230.319549010506 0.378589922297394 4.01653388216503 -5.19380656765537 -297.933864686536 -291.908120081252 
-1938.57794825011 -1965.28794142722 -1908.6443454586 -242.182598809608 -238.751657496261 -384.996602179138 -390.663936031008 -672.197453372481 -368.268917764177 74.3438729227653 75.297463960604 -7.63010703626603 7.06396696812853 -185.293830634587 -255.327088370279 8.55528653972282 17.4202395897149 -144.825951813221 -138.747126969523 -151.620081051 14.6910228946836 16.1857392895889 60.7747662525286 -143.498211577881 -305.412347760871 -0.286531742570973 -59.5118652919623 -107.24074121601 -153.553228799195 -46.2876967762884 15.0329695907806 -153.468404903764 -336.608862752529 -20.168084092269 55.0851824194121 -16.5183777463233 -93.050750365881 -137.227043657839 -13.5918967822343 -214.759862491527 
-76.8202964593141 -323.714386673355 15.5219833155857 -5.66179678268166 -454.700695239279 -199.035290727545 -221.708128701048 -606.447170701286 -418.797949365218 -327.663806552243 -429.443886395311 -619.361425653542 -351.859591922038 -414.252813473162 -467.665949782331 -289.919846576365 -741.558501539472 -484.166158652195 -669.107646942329 -15.5929589070831 15.5315169743235 -10.6863948857991 2.19302696521916 -94.1138209903251 -275.793572572759 -98.2584743762646 110.909546935456 136.53894636343 -295.764284559504 -484.108831423674 -469.556396402863 -146.628459815534 -442.275458885393 -350.221252893841 -95.9713007950809 -192.33786331808 -486.365987946799 -472.460559482401 -149.668692790722 -444.53886834243 
-351.40644619914 -148.619698143551 -546.519745815083 -334.758082290438 -556.939118657114 -174.96180788717 -249.018514193663 -353.222116607561 -575.221590519287 -567.064091575772 -185.32344089322 -540.188703762281 -528.026778222842 -208.322909579478 -389.340483288665 -625.571227648004 -504.32527898897 -408.438679518173 -303.985717634091 -580.248193889553 -560.377763624834 -1221.61060646965 -1066.90205188018 -72.3463553200788 -24.2506290251949 -262.382326700413 -119.393253870445 -73.0738305867851 -171.863520009079 -135.20926852517 -243.080311144817 -346.419378357205 -277.559128881392 -193.041568631801 -192.095410794019 -250.661544302408 -306.067667178287 -133.780325495763 -110.64787389246 -218.714970020473 
-331.935266430049 -228.241969496599 -281.483054533336 7.96533505937377 -7.2186138686909 -25.2150417921569 -9.12497776785234 -36.3803555455313 -86.3651667603132 -481.001615180966 -268.260507220456 -92.5611051474734 -182.034880545925 -288.327501436223 -477.137101947037 -462.46725402354 -138.664006789302 -434.819888332073 -341.658098362186 -1876.40815388422 -404.389092133142 -482.798082735925 -555.009150388451 -617.884824877632 -9.02733877806001 156.618754478116 217.144452842943 -379.72061122531 -197.137076953106 -421.836800077389 -823.087285139921 -54.7791179327736 -54.6827065469874 -110.560235189748 -108.376890505716 -259.040323605459 -212.977954775311 -437.333144421489 -431.063765114152 -62.6389809602102 
-14.5535431397124 -700.085928612736 -388.335674742136 -28.491167721425 -18.6441238105996 -42.7803009637614 -57.6995852615856 -71.4675770031834 -84.3145332316364 -95.3194239394088 -26.4794661490249 -50.575520761984 -137.625954639628 -195.992591912085 -82.7429258288668 -325.510359247292 -72.6361101979649 -253.501338317143 -491.176219330261 -685.621035609813 46.1921983626453 75.9820286288334 17.5934002190368 -268.156821871763 34.6551806215576 11.3360881758159 -165.475573436623 -452.030605080534 -167.034539552273 -155.487914585609 -553.615648908395 -736.889958897859 -958.813994967677 -1134.72003553361 -363.894101338162 -688.741551115686 -213.154732318668 -204.509364595996 -256.465771312102 -206.031336311296 
-354.909297897183 -418.598081684591 -282.394855085327 -264.318794454924 -205.914094725876 -270.323346925947 -271.673332740012 -371.309570104752 -382.558536466753 -178.551285043541 -200.259715818729 -304.285017667618 -265.310950861213 -1993.02115517286 -656.727489320532 -676.198660518097 -843.816671643638 -851.430307020227 -466.453320809444 -494.144720931887 -955.49599345905 -731.15453021066 -600.280222420994 -548.801254816768 -710.002517261026 -311.799557224957 -325.537878365692 -379.181275388359 -402.968655045777 -371.293783256905 -473.730634799659 -499.579966189771 -297.577443600441 -320.6847234407 -354.214200535204 -395.627032696239 -465.158267086582 -233.572413571727 -238.94978840165 -718.109193391473 
-650.044385553629 -353.917335043998 -342.323186053252 -415.118244484043 -419.95367312845 -483.471268209084 -487.846180014501 -1031.75641272225 -696.521772748712 -661.968669569275 -651.872430021254 -682.672021053304 -307.259817140794 -269.897559958985 -684.592131159734 -1175.52292229855 -364.531308347232 -401.610317690513 -421.786578442304 -463.082501893286 -518.107454020884 -335.763219388322 -782.687176453599 -545.788681714268 -274.422140643253 -784.492187016243 -527.275425003417 -562.023345755622 -738.538460359232 -710.386544315461 -416.653850508354 -665.15556831258 -912.505993560586 -104.268921218081 -75.5823475822652 -131.908811579135 -691.137617938996 -682.279742165778 -427.995889088562 -426.495624117643 
-614.434057793547 -609.65871905054 7.22190109792999 -228.507048592939 -650.553153682414 -340.406380279265 -181.17254850724 -271.662366347915 -384.164467859815 -497.449447577904 -608.201584222838 -349.938364412819 -429.831231350426 -266.36136115762 -353.765714991479 -433.355186980923 -507.526630675761 -568.077783035809 -794.413996609556 -1051.43792584215 -533.890138116168 19.5681722402462 -4.58468699502568 -409.483054597785 -1210.68740810998 -384.78763569979 -197.875241673095 -243.488865606933 -261.277705020612 -54.2532335760253 -101.623284648582 -146.816100387454 -191.096299859168 -98.9335354820726 -43.0560068393085 -213.140473217187 -764.1223935187 -400.045061095945 -386.540995930182 -27.2721347287878 
-135.62404320426 -195.570409300713 -79.8849620053511 -304.585150791525 -317.14610132504 -619.646310821002 -73.1210503964651 -12.5355894585151 -519.719446656716 -264.788527128316 25.140826822768 65.4061706936731 9.25090065155613 -43.7779534011657 -94.0099755861963 -140.933625542269 0.338052446740144 -28.1664854827295 -55.0592149346014 32.0662054962068 -88.3928415221334 -142.957274057942 -12.1841111314876 18.9583070248222 46.2810509520851 98.1836488687316 97.3322282992328 -7.92121556132354 -58.9689402137402 -106.585812534746 -147.161702438041 -185.101003014907 8.87030528077708 -33.1383935421164 53.1815892161266 -60.2553301218959 -136.694319390828 -208.528138434849 -315.51559483729 19.6375368157201 
-171.187726501965 -429.495513902613 -687.924019906972 -209.281347188673 -167.152612472996 -189.71655392216 -151.010974832745 -576.297663278285 -759.57197326775 -949.962143868206 -1125.29254090879 -386.576115708052 -589.851722543934 -684.264611362819 -606.993031587594 -238.047228444687 -200.723200560386 -201.554396558433 -235.636145901336 -331.925689881666 -294.040845630383 -350.432358144316 -277.917915332463 -293.005361295834 -267.397552819834 -393.991584474642 -378.772672708011 -616.219994789172 -239.872902471552 -583.795377047365 -551.217649107555 -195.897905046209 -286.370668392232 -254.299017869288 -1953.46904535728 -643.328506925114 -657.846819740993 -828.637149369238 -833.404229124634 -454.612457323856 
-476.391552687775 -300.396184782267 -342.786189581604 -360.258824010126 -461.912795733716 -320.029199092043 -312.638776752058 -376.66595602682 -390.459317226108 -458.378742221276 -256.02416906333 -233.206426882816 -1043.65400826804 -650.818581342138 -643.255186243678 -663.844835910632 -388.295799586125 -445.623331320569 -346.161967188016 -325.58934994141 -625.800332439319 -773.857501256411 -516.456055551913 -542.634744519341 -720.624111083847 -697.532542132436 -441.812109853128 -414.018978111377 -667.816641398965 -684.006548699415 -914.706549635926 -915.148581575207 -162.662830685094 -683.387411013274 -710.32082525909 -453.140043719603 -420.238604427272 -637.116072163438 -606.862666539882 -188.224013663829 
-373.627520996493 -285.518042024232 -394.055109715886 -242.769195616548 -446.924681672111 15.6630627711029 50.8130841047749 34.063617719542 -172.971785202811 -161.070491105413 -249.346285058316 17.0027423660148 51.7517818179234 27.6513773495377 -119.497515576212 -146.283798544497 43.6803872163535 37.151720492573 36.6807127373503 -758.867760486196 -445.520723637414 -1381.81290349272 -424.480446028318 -395.031261888464 -218.486712840124 -603.225754840383 -415.576533504315 -324.055508392178 -426.008894962825 -616.140009792605 -347.832273657546 -410.225491538231 -463.63863151784 -571.993381367171 -996.41283158988 -285.496729099667 -738.337085678569 -480.944742791292 -665.886231081426 -4.95198981441654 
28.7715869403424 -45.2491106028309 -84.127074977219 -120.591144705422 -53.9075631125054 -24.1412317816275 -101.201548260451 -76.06393897865 -146.708964666096 -175.534441108469 -191.896526794341 -224.233529056293 -267.268259242457 -112.500580013172 -216.342007410091 -317.81177368275 -601.553151021248 -797.024030572462 -780.838049168342 -1152.89324193641 -401.793914891037 -399.342258907361 -790.427721202863 -88.9463618935361 -48.273162224819 -151.659040324311 -212.39439905289 -317.371712787625 -379.764932503553 -438.773353315394 -338.776369328667 -79.0193161238893 -126.958551425051 -391.051694878317 21.6412163542778 -266.212675617209 -187.427594863119 -585.230443646699 -373.977779950823 -285.690783415051 
-393.731742952035 -578.02951463825 -565.68954553525 -243.214068433045 -544.791037613443 -446.609910842872 -1305.21312340342 -1105.01917196489 28.2649917014907 -331.631882093913 -394.715876609502 -182.630775266728 -223.408970556173 -216.775958410272 -459.601662206287 -251.433328961523 -190.948559486225 -247.999781667838 -227.719787242207 -1191.29432648918 -277.201754091564 -343.578604968023 -454.421906945553 -561.694276114609 -668.459985576644 -867.784456669176 -1031.35675458225 -630.344175609817 -626.75214316475 -1029.5607379009 -247.415819933878 -255.916823309905 -239.075996671532 -313.809512039766 -271.110037270213 -383.218759375303 -516.4366130176 -613.924453528929 -690.384886486169 -1848.02541269301 
-1548.78608784185 -2452.40258649037 -2564.30166746028 -306.935638565222 -775.644603650593 -582.699435454756 -653.815558378446 -711.806947262257 -1076.60329910306 -1758.90605055897 -175.454408582759 -202.27787362974 -759.294345462099 -1012.55642858806 -496.603854210748 -115.182345847666 -192.627560849276 -392.693304833947 -193.578532599826 -344.377273085786 -399.148934574618 -269.112601710345 -168.282848981233 -963.135421728483 -1137.27839055432 -602.518426467527 -701.53648551129 -216.617194188351 -218.826270706921 -600.613092464189 -367.704232292788 -431.393016080229 -295.189789480948 -285.081398833082 -397.113806429668 -505.097904943388 -610.243399836007 -709.433624216375 -809.659994748521 -572.953563073146 
-190.770573161049 -254.372573778788 -212.064538460004 -322.801251719947 -318.621446515301 -2154.93116764627 -714.907406776441 -901.763811307754 -874.673481667606 -520.26214728293 -624.180890138567 -723.831613475028 -821.156727279337 -1064.30444066993 -1484.79246381517 -736.496595796124 -365.083057842038 -408.166121478118 -688.692678761175 -417.125063322063 -350.166861454818 -425.928878194818 -529.789124517604 -630.02554628345 -727.59093916266 -328.298841275947 -402.895762730206 -474.038806056946 -252.182023076192 -848.013538443187 -586.069081647345 -578.443442949118 -742.592044309148 -362.531207121228 -326.617669151684 -332.985429205575 -336.652612288408 -1109.45604084573 -715.880811781941 -715.051881058895 
-707.577614889698 -1111.78165163955 -616.836011674441 -468.91456057462 -330.534740866202 -325.050123657156 -359.893885710249 -2104.61572944304 -795.712834211148 -717.23789934274 -1271.51068588793 -1346.65243833375 -1465.12233030559 -1811.47693846247 -455.035940948535 -518.580453220693 -572.79949560389 -391.448646231081 -1390.44235055763 -810.49372857619 -1047.96786775843 -569.158213676459 -688.395823168585 -2093.3965656629 -261.941626287887 -233.692573355622 -292.00027791564 -837.084940773817 -1085.66371026625 -580.462494285343 -630.449102545337 -476.92485196903 -765.9998934042 -677.079131068098 -921.115639105462 -1160.54697691795 -426.13486769335 -116.866845165116 -143.055807803008 -701.263031146812 
-437.299277743706 -44.0594393697617 -416.479649733756 -282.777994787477 -233.43559954018 -90.5480457335052 -136.783367766996 -181.86739724426 -221.72455851166 -249.437658164265 -826.690881717298 -804.978697327947 -1177.95492377396 -435.14490212406 -423.943421611923 -814.568367527249 -789.550119083209 -58.5179122067856 -62.3562979003046 -173.87967771005 -234.915306813243 -290.566285972432 -156.140442650406 -109.231954282944 -541.591848204513 -47.3284256662639 -558.781599246334 -303.097666310081 -166.776729518154 -979.313150350043 -216.005412151955 -262.908483877234 -285.205937810527 -399.787754061996 -509.517547344287 -616.772811534382 -723.746268403178 -827.288360910015 -253.649333217242 -210.834729237949 
-333.424166909212 -490.515876450627 -593.174477227769 -837.941705176458 -1276.19083762057 -1941.05482074439 -2032.52029038695 -1351.73299094278 -249.709008820266 -704.307342414189 -959.792154548835 -438.670498740809 8.0167627720204 -49.1394258984458 4.01653388216503 -82.1954520500707 -20.7591114982859 -138.377123211206 -2.49497257272469 -81.4403295433055 -15.3007670733508 1.02327633121572 7.53305087490145 -3.63657488202317 -3.63657488040036 -3.89082048099019 -412.355452487391 -407.289764505896 -1185.45446886833 -0.838342423520764 -34.9839028644086 44.3656131644754 -154.167221938259 -39.0036797274194 -24.8185513405724 -5.38595051236594 -7.65522833263211 -318.481934149566 -15.2871589687657 -213.889442891782 
-18.9127618891657 34.4982000463553 -105.872831978262 -116.715561550742 -539.955620861666 -394.762842509345 -394.861124938784 -394.440222118135 -315.01315410311 -313.678794976379 -312.763908809814 -1293.97954974865 -1012.48941566302 -407.805884341995 -410.799246089325 -478.240276897785 -524.403687233914 -318.564156291243 -0.28311531593577 0.245511147524381 -403.503332737281 -407.160025485831 -331.800753182465 -388.870153670905 -578.941323345959 -1325.85256738121 -465.422887933045 -328.891083423771 -356.7132301499 -1947.41330041381 -2134.79222345187 0.217640524935151 -2910.80948470033 -5199.81483153493 -1833.52581499546 -2444.91156663428 -2104.39128847789 -3196.68911939989 -3203.44541256425 -1738.64075890536 
-2049.8440377631 -1901.23520962791 -3402.15174062076 -1113.25968369958 -656.690159102038 -1079.95956671594 -386.048289938942 -386.353352299954 -385.313580067714 -1725.99733308476 -442.91927681979 -401.962616582411 -1583.29648109174 -201.906970630208 -1221.98522353458 -576.995167811327 -2100.38772989489 -739.819812616592 -1830.52329236315 -1602.30730361184 -1818.25323427554 -1835.04236206524 -1921.37125012512 -1973.38793586565 -739.692409631038 -1803.47459517786 -491.848954019673 -644.809960304673 -845.976642823503 -307.366855967881 -520.640292337752 -601.613180879367 -683.272636432834 -1331.16538730595 -2131.27649648639 -2208.79269886737 -2163.92609285677 -452.495509349851 -492.372076742957 -616.148681764715 
-407.616472138656 -1938.09732674261 -529.352301694037 -652.295387964762 -2191.69715288178 -3509.26174667391 -2128.46277111788 -2121.37532565099 -502.70548154308 -231.317812739995 -2016.69459467902 -163.852429778257 -849.140479365784 -54.5287721769629 -1865.6882602036 -2297.098194365 -0.609697691870713 -221.739265790274 -93.5187881919539 -594.872680304322 -214.607523237311 -404.980153169753 -74.029376916074 -154.483590669754 -158.776491324706 -156.794329889139 -820.30930996221 -30.2598584281274 -35.3919785338422 -50.5165684394647 -268.29557918606 -358.16583317324 -768.41704958186 -850.32146893732 0.210700185583682 -119.94463959325 -162.496443647688 -360.947042272944 -185.962843491238 -172.454530515137 
-195.421761631975 -295.77989138514 -609.574257650922 -452.863165988966 -441.938010985199 -114.214766791473 -46.7966756396354 -887.220980626968 -902.156753410171 -826.643419410938 -1031.19316874333 -0.6576967897646 -313.132084998151 -494.617087993767 -44.3206728961655 -48.9177149135321 -46.4093609530588 -120.441271368385 -43.319621980431 -23.7383485432724 -1817.36655254526 -2086.50145508506 -999.773945308172 -521.371809268845 -397.994273331116 -396.396461434913 -473.494350197961 -649.583087170791 -0.548229944140546 -1181.56262441228 -234.140117205748 -310.465340222775 -459.494640573243 -1079.78928794951 -347.886435130109 -728.728057197776 -1288.70866450865 -33.9990335623972 -34.3398729140437 -106.065547620114 
-24.6663590982137 -26.9573598649879 -92.4361504000366 -897.497455340085 -253.750210576586 -239.345005960992 -165.119149334882 -243.750268995375 -1214.81040794299 -167.966196914642 -164.767343250735 -397.646619495071 -1515.02754532868 -572.141466958404 -31.8547555071664 -35.4546651728985 -54.6081125542192 -55.9100057451629 -719.305998311092 -39.5342793740224 -1871.12896354754 -4351.38789803707 -59.2209952140946 -198.412210844929 -350.526513719375 -75.35514790193 -21.2469448856715 -480.833302259848 -643.373759555279 -24.8603853481365 -1067.3564430907 -552.630214169363 -438.463018681458 -507.285599089226 -628.402981190853 -1836.59296854248 -1891.89453279586 -1854.58729186199 -1853.30477664807 -1586.3638221342 
-799.78868134021 -1121.69047600227 -1882.46973226445 -1821.75309691755 -1841.21412268797 -1924.43840367213 -1979.48339579455 -1806.54534190256 -1642.22721235033 -1820.44334096946 -995.168343998536 -1259.1741666499 -615.149782087871 -935.954823593523 -821.914345176408 -3526.18082466241 -1067.92593339724 -943.925714126717 -1015.11964073806 -864.933535136503 -1152.20384244492 -1828.95564389406 -351.592427770876 -569.468187189941 -1578.72649748578 -785.79136411081 -1113.92747748468 -2388.6200479805 -705.800867301743 -1113.86929539051 -1813.62193149819 -1826.87026994597 -1916.80107902371 -1962.0702835324 -1798.90800036376 -284.775182780653 -564.287262953626 -1212.07953512702 -3007.40772136341 -1546.13804087469 
-1875.81275327964 -781.591305367218 -2157.42347369749 -2257.19323404589 -280.465308872169 -439.852550807214 -302.544977097334 -124.710652939802 -159.353236046015 -213.504992293775 -196.863069650232 -381.767489982462 -1914.69397317514 -2348.07502103936 -182.477852793291 -228.780555513897 -984.52310611963 -869.965603745877 -1000.13811791698 -610.22754616117 -2100.46457539584 -1836.74033421128 -4655.34684707732 -2435.21841900544 -2006.53439315214 -2595.85447283619 -4521.91144031977 -1784.00730142075 -1662.35717640766 -1723.83165282577 -2036.33532644804 -1814.09405576532 -2982.98871478564 -4348.92923712136 -1106.72422625214 -542.491164408157 -1056.98984672916 -314.757880965439 -1889.82660359868 -1583.10531802953 
-3804.97455226063 -2991.25897884135 -1921.28524346455 -1808.8704291514 -1818.33471329104 -1835.18764011943 -1921.18008706294 -1971.85274166771 -1803.62401666218 -969.067177090426 -890.134651490784 -916.19912655897 -2749.73544649105 -927.903767630545 -814.041991098577 -1098.63809573851 -1058.27066918133 -934.188927910892 -599.493334785139 -416.105827591391 -1199.99792567208 -490.756238058549 -217.859676094733 -660.210346079962 -70.3370692967862 -157.322095859432 -387.02461129519 -314.303820054505 -2018.83732176418 -2118.52708143442 -325.507162077814 -481.913701489278 -380.87540726995 -503.318700622078 -1174.31825597879 -801.758330125954 -1.25723222876128 -494.256945517233 -217.388173472196 -332.505805675383 
-137.880057331671 -281.486915875658 -407.136142438478 -65.8907769019918 -61.0933253436311 -816.884271415561 -1316.18060417128 -33.8295332658082 -279.675820657761 -2012.75030757787 -1313.27209817905 -2115.07049003042 -0.750265627720739 -28.962509262794 -1.17632264452871 -65.4231565602873 -231.614335259239 -529.367746908155 -969.712126663138 -324.783436145421 -470.878744077685 -406.747751620199 -410.802091297346 -361.069728762181 -1905.33188168797 -1175.59777946587 -1965.28748252808 -594.431181526884 -388.598717469164 -467.488532109019 -0.63750049413005 -0.829302190881148 -1184.27039581808 -2595.77546163797 -290.500294122197 -292.476268002138 -1060.91361136886 -460.087450655897 -434.550826185664 -504.064183228323 
-681.157821286847 -1.00286244908658 -87.4798396584826 -173.622006787946 -175.556179163302 -392.096355890384 -449.850152443473 -581.484490193832 -1329.49266873371 -460.713752169236 -329.853978804586 -2031.56494032748 -2135.00703174895 -132.848183205296 -130.407442398831 -686.798600399823 -376.555251768636 -374.713184412745 -2330.79015261375 17.7958070563156 -278.402055623908 -828.683781621098 -333.236409294854 -2494.159559923 -535.235158858415 -920.078271556229 -560.107183547681 -1050.66964412243 -597.352300692154 -822.636693414133 -2099.78009670947 -1245.96425801804 -1183.87712375418 -637.161443015733 -528.684865510679 -251.962716584056 -110.081838323601 -192.545951716566 -1085.17252792039 -1243.13680817927 
-67.0778436051041 -1888.48339244997 -2152.95272604355 -1095.88332300038 -356.300614984977 -507.035447420001 
<lnGam>
-2.89677274089748 0 -0.660870505279925 -0.635124924679285 -0.660870505279925 0.304720431694645 0 0 -0.660870505279925 0 -0.660870505279925 -0.259205251928152 -0.63450973157858 -0.660870505279925 0.304720431694645 0 -0.635155684334607 0 -0.635309482616946 -2.54093033390311 -5.71686255386994 -0.63444821223356 -2.53969994762148 -0.635309482616946 0 -0.635309482616946 -2.54093033390311 -5.71686255386994 0 -0.635309482616946 -0.634848087769931 0 0 -0.635309482616946 -2.54093033390311 -5.71686255386994 -0.635309482616946 0 -0.635001886052269 -2.54031514077375 
-0.635494040548876 0 -2.54093033390311 -0.635309482616946 -0.635309482616946 -4.16560552904878 -1.83571563280993 -0.400186655327294 0 -0.635309482616946 -2.54093033390311 -5.71686255386994 -0.400186655327294 0 -0.635309482616946 -25.4363779358834 -8.47071389848533 -13.4822080930208 -1.83571563280993 0 -0.635309482616946 0 -0.635309482616946 -0.400186655327294 -1.83571563280993 -4.63554362207651 -0.635586319520571 -5.71710863111251 -0.5881618802838 0 -5.71686255386994 -1.83571563280993 -0.400186655327294 -0.635124924679285 -2.54093033390311 -1.83571563280993 -0.400186655327294 -1.78872187252552 0.304720431694645 -0.635309482616946 
0 -1.83571563280993 -0.400186655327294 -0.635309482616946 -0.400186655327294 -1.83571563280993 -0.21221142161751 -5.71741622770011 -15.8805223700457 -0.635709358164775 -1.9039884724859 0 -2.72859795354166 -0.635186443989929 0 -0.259205251928152 -0.635801637090635 -5.71710863111251 -1.83571563280993 -0.635309482616946 -0.400186655327294 -0.566882984711095 -5.71686255386994 0 -0.635309482616946 -0.635155684334607 -0.635155684334607 -0.635155684334607 -0.635155684334607 -0.635155684334607 -2.54062273733843 0 -0.635371001927589 -2.2116661002295 -0.635155684334607 0 -0.400186655327294 -0.400186655327294 -0.400186655327294 0 
-0.400186655327294 -0.635309482616946 0 0 -2.54093033390311 -0.635001886052269 0 -0.634940366741626 0 -2.540868814581 -1.88270946312058 -4.35358085029134 -5.71640115901147 -2.30565370833112 -0.635155684334607 0 -0.635063405368642 -4.35358085029134 -5.71640115901147 -2.30565370833112 0 -2.54065349699375 -0.165217626319981 -0.400186655327294 -0.400186655327294 0 -0.634817328120339 0 -0.400186655327294 -0.400186655327294 0 0 -10.2094847534045 -3.48049885336768 -0.964112321443534 -0.400186655327294 0 -2.5410841321969 -0.635309482616946 -10.2094847534045 
0 0 -0.400186655327294 0 -10.2094847534045 0 -2.54093033390311 -2.0706846793238 -8.28273871729521 0 -1.45976520040348 -2.54093033390311 0 -0.0712300357249241 0 -0.635401761577181 -2.54093033390311 0.304720431694645 0.304720431694645 0 0 -0.635309482616946 -2.54093033390311 0.304720431694645 0 -0.635309482616946 -2.54000754420908 -3.08474806214005 -0.44718046813138 -0.635309482616946 -2.54031514077375 0 -4.54155603148146 -1.83571563280993 -1.83571563280993 -0.400186655327294 -5.71663493238962 -0.306531799633477 -0.63514401603663 -4.63554362207651 
-0.635586319520571 -5.71710863111251 -0.5881618802838 -1.83571563280993 -0.400186655327294 -1.83571563280993 -0.400186655327294 -1.78872187252552 -1.83571563280993 -0.400186655327294 -0.400186655327294 -1.83571563280993 -1.9039884724859 0 -2.72859795354166 -1.83571563280993 -0.635309482616946 -0.400186655327294 -0.566882984711095 -1.78872187252552 0 -0.635155684334607 0 -0.635155684334607 -2.54062273733843 -0.635155684334607 -0.635155684334607 0 0 -0.635155684334607 0 -0.635155684334607 -2.54062273733843 -5.71640115901147 -10.1624909493537 -0.635155684334607 0 0 -2.54062273733843 -4.30658694995447 
-2.54062273733843 -0.635155684334607 -2.54062273733843 -0.635155684334607 -2.54062273733843 -0.635155684334607 0 -2.54062273733843 -0.635155684334607 -2.54062273733843 -2.54062273733843 -0.635155684334607 -0.635155684334607 -2.54062273733843 -0.635155684334607 0 -0.635155684334607 -10.1624909493537 -15.8788921083652 -2.54062273733843 -5.71640115901147 0 0 -0.635155684334607 -2.54062273733843 -2.54062273733843 -10.1624909493537 -5.71640115901147 -0.635155684334607 -0.400186655327294 -0.118223831022453 -1.03682100771261 -0.635155684334607 0 -0.635155684334607 -2.53957690902311 0 -0.634848087769931 -2.54093033390311 0 
0.774658524722384 0 -0.635309482616946 -2.54093033390311 1.52655938953529 0 -0.635278722955894 -2.54068425664907 0 -0.165217626319981 0 -2.54080729527036 -0.635134152574736 -0.635309482616946 0 0 -0.635309482616946 -0.633925298075902 -2.54003830388159 -1.17780242861831 -3.17873558270888 -0.989827107375739 0 -1.3400627888631 -2.54093033390311 0 -10.1615066403834 -4.49456227119704 -0.638754563955687 -0.400186655327294 -1.83571563280993 -0.400186655327294 -1.83571563280993 -0.400186655327294 0 -0.635309482616946 -1.83571563280993 -0.63447897190607 -0.400186655327294 -0.566882984711095 
-0.635094165023964 -1.74172804221488 -2.14487201613703 -2.54062273733843 -0.635155684334607 -5.71686255386994 -10.1631061424831 -2.54077653562077 -5.71710863111251 0 0.116745180478304 0.466980721913215 1.80852209129424 0 -0.635309482616946 -0.635155684334607 -5.71670875557614 -2.54065349699375 -0.635124924679285 -2.54065349699375 -0.400186655327294 -0.378907663468527 -0.165217626319981 0 -0.400186655327294 0 -0.400186655327294 0.185017880101816 0 -0.400186655327294 -0.400186655327294 0 1.3855779686296 0 -0.635309482616946 -0.635309482616946 -5.46311043923368 -11.1795115982452 -0.400186655327294 -1.27178994918714 
0 0 0 0.304720431694645 -0.237926242562828 -0.634417452606885 -2.54093033390311 0 1.2445965477239 0.304720431694645 -2.3526475211352 0 -0.635186443989929 0 -2.54093033390311 -0.635155684334607 0 -0.635155684334607 -0.635309482616946 0 -2.54074577595972 0 -0.635155684334607 -0.635155684334607 -2.54062273733843 -2.54176084462544 -0.636170753023249 0 -1.71601322126956 -3.48049885336768 -5.71670875557614 0 -0.635494040548876 -2.54093033390311 -5.71686255386994 0 -0.635309482616946 0 0 -0.635309482616946 
-22.8646818463289 -15.878123116965 -31.1215519444538 0 -0.635371001927589 -0.635401761577181 0 -5.71686255386994 -2.5410841321969 0 -0.635309482616946 0 -0.634909607092033 -0.635309482616946 -0.635186443989929 0 -0.635309482616946 0 -0.635309482616946 -0.635186443989929 -0.635247963300573 0 -0.942833347091324 0 -2.54065349699375 0.0697514201938883 0 -0.635001886052269 -2.54037666009586 -5.71670875557614 -2.54065349699375 0.304720431694645 0 0 -2.11767847462133 -1.24607512824182 0 -0.635309482616946 -0.353192860029766 -0.635309482616946 
0 -0.635309482616946 -2.54093033390311 -0.634909607092033 -2.54093033390311 0 -4.35358085029134 -0.638754563955687 -0.400186655327294 -1.69473421190423 -0.400186655327294 -1.83571563280993 -0.400186655327294 0 -0.635309482616946 -1.83571563280993 -0.63447897190607 -0.400186655327294 -0.566882984711095 -0.634909607092033 0 -0.635309482616946 -0.635340242266538 -0.635155684334607 -0.635309482616946 -5.71686255386994 -2.54093033390311 -5.71686255386994 0 0 -0.635309482616946 0 -2.54093033390311 -0.635309482616946 -0.165217626319981 0 0 -0.635309482616946 0 -2.54093033390311 
-0.635309482616946 -1.64774045161982 -0.635155684334607 0 -0.635063405368642 -2.54065349699375 -0.729143292436221 -0.400186655327294 -0.400186655327294 0 -0.634817328120339 -0.400186655327294 0 -0.400186655327294 0 -2.5410841321969 -0.635309482616946 0 0 -0.400186655327294 0 0 -2.54093033390311 -0.754858165901209 -2.89677274089748 0 1.2445965477239 -0.660870505279925 0.445701852600344 -0.660870505279925 0.304720431694645 0 0.304720431694645 0 0.304720431694645 -0.635309482616946 -2.54093033390311 0.304720431694645 -0.660870505279925 0.304720431694645 
0 0 -2.54049969871714 0 0 -0.682149488385414 -0.635278722955894 -0.635278722955894 -0.635170534615737 0 -0.635309482616946 -5.71686255386994 0 0 0 -0.635309482616946 0 -2.54093033390311 -0.635309482616946 -40.6487334111562 -0.400186655327294 0 -0.630326418179809 -2.53453232538992 -1.74172804221488 -2.54005368369492 -5.71563216761123 -2.54093033390311 0 -0.63447897190607 -10.1631061424831 1.57355314981971 -2.54093033390311 -5.71670875557614 -0.400186655327294 0 -0.400186655327294 -0.0712300357249241 0 -0.635309482616946 
0.304720431694645 -0.635309482616946 0 0 -0.400186655327294 -1.83571563280993 -1.83571563280993 -1.83571563280993 -1.83571563280993 -1.83571563280993 -1.83571563280993 -0.400186655327294 0 -0.635309482616946 -4.54155603148146 -8.14175729638951 -0.682149488385414 0 -2.54142248836534 -2.54093033390311 0 -0.633125546957324 -0.400186655327294 0 0 -0.400186655327294 0 1.71453457072541 -4.54155603148146 -8.5177077988222 -0.635586319520571 -5.71710863111251 -10.1631061424831 -22.8665274257628 -0.5881618802838 -2.54065349699375 -1.83571563280993 -4.54155603148146 -0.400186655327294 0 
-2.54065349699375 -5.71670875557614 -0.635124924679285 -2.54065349699375 -0.635124924679285 -1.83571563280993 -4.54155603148146 -0.400186655327294 -1.83571563280993 -4.54155603148146 -4.54155603148146 -0.21221142161751 -1.83571563280993 -22.867019580248 -2.54068425664907 -5.71741622770011 -10.1637213356124 -15.8805223700457 0 -0.635709358164775 -0.635155684334607 -10.1637213356124 -5.71686255386994 -2.54093033390311 -2.54080729527036 -0.400186655327294 -5.71578596588211 -10.1615066403834 0 -0.400186655327294 0 -0.635186443989929 -0.400186655327294 -1.83571563280993 0 -0.400186655327294 0 -1.83571563280993 -4.54155603148146 -2.54154552705538 
-2.54062273733843 -0.635709358164775 -2.54040741974545 0 -0.635309482616946 -0.635309482616946 -2.54093033390311 -2.54093033390311 0 -0.400186655327294 0 -0.635309482616946 0 -0.400186655327294 -1.83571563280993 -0.400186655327294 0 0 -0.635186443989929 -0.63577087746396 -2.54099185320229 -0.400186655327294 -5.71732394872841 -0.636386070593313 0 -2.54093033390311 0 -0.634940366741626 0 0.304720431694645 -0.660870505279925 0 -2.54093033390311 -1.83571563280993 -0.400186655327294 -4.54155603148146 0 -0.635309482616946 -0.400186655327294 -1.83571563280993 
-1.83571563280993 -3.64867374576285 0 -2.540868814581 -10.1632907003806 -5.7171701504117 -8.5177077988222 -4.54155603148146 -1.83571563280993 -0.400186655327294 0 -1.83571563280993 -0.400186655327294 -4.54155603148146 -1.83571563280993 -0.400186655327294 0 -0.635309482616946 -0.63447897190607 -5.7163088800455 -0.400186655327294 0 -1.83571563280993 -0.635155684334607 -0.635155684334607 -2.54123793046778 0 -0.635309482616946 -0.635309482616946 -0.44718046813138 0 -0.635401761577181 -2.54093033390311 -5.71670875557614 -2.54065349699375 0.304720431694645 -2.54093033390311 0.304720431694645 0 0 
0 -0.635186443989929 -4.11861176876436 -4.89031299239844 -10.8673980538822 -13.1231006483209 -0.87012471334192 -0.634909607092033 -2.5409610935527 0 0 1.31286924734741 0.304720431694645 0 -0.635217203645251 -2.54093033390311 1.31286924734741 1.31286924734741 1.31286924734741 1.31286924734741 0 -0.635309482616946 0.304720431694645 0 -0.660870505279925 -6.40298648523671 -2.54093033390311 0.304720431694645 0 -0.635309482616946 -2.54093033390311 -2.54093033390311 0.748943563724613 1.71453457072541 -2.42683485794842 -0.660870505279925 0.304720431694645 0 -2.54093033390311 -2.89677274089748 
-0.635309482616946 0 -2.54093033390311 0 -0.660870505279925 -4.63554362207651 -8.42372013820091 -0.635463280899284 -5.71686255386994 -10.1631061424831 -22.8665274257628 -0.400186655327294 -0.635309482616946 -2.54065349699375 0 -0.707864405616794 -1.72192761336748 0 -0.635124924679285 -5.71670875557614 -2.54062273733843 -2.54068425664907 -0.635309482616946 -1.83571563280993 -4.54155603148146 -0.400186655327294 -1.83571563280993 -0.400186655327294 0 -1.83571563280993 -8.5177077988222 -4.54155603148146 -0.400186655327294 -1.64774045161982 -22.8644665287589 -2.54093033390311 -5.71686255386994 -10.1631061424831 -15.8796610997654 0 
-0.635709358164775 1.05662136653378 0 -0.400186655327294 0 -0.400186655327294 -2.0706846793238 0 -0.400186655327294 0 -1.83571563280993 -4.77652504298221 0 -0.400186655327294 0 -1.83571563280993 0 -0.635309482616946 0 -0.400186655327294 -0.635309482616946 -2.54093033390311 0 -0.634940366741626 0 0.304720431694645 -0.400186655327294 -0.660870505279925 0 -0.635309482616946 -2.54093033390311 -5.71686255386994 -1.83571563280993 0 -0.635309482616946 -0.400186655327294 -1.83571563280993 -1.83571563280993 -3.13174182242447 -2.25865991303359 
0 -0.400186655327294 -0.400186655327294 -0.400186655327294 0 0 -2.54093033390311 -0.635001886052269 -2.540868814581 -2.540868814581 -2.54099185320229 0 -2.54093033390311 -0.635001886052269 -2.54093033390311 -2.54099185320229 -2.54093033390311 -2.54093033390311 -2.54077653562077 -5.71686255386994 0 -10.1624909493537 -0.635309482616946 -2.54083805493141 -4.54155603148146 -0.638754563955687 -0.400186655327294 -1.83571563280993 -0.400186655327294 -1.83571563280993 -0.400186655327294 0 -0.635309482616946 -8.5177077988222 -8.5177077988222 -1.83571563280993 -0.63447897190607 -0.400186655327294 -0.566882984711095 -1.88270946312058 
-6.87292464829067 0.0697514201938883 0 -0.634663529849459 -0.44718046813138 -3.08474806214005 0 -0.237926242562828 -0.634940366741626 0 -2.54093033390311 -0.635309482616946 -2.54093033390311 0.0227575898832463 0 -0.635309482616946 -2.54093033390311 0 -2.54093033390311 -10.1631061424831 0.304720431694645 0 -0.635309482616946 0 0.163739010788945 0 -0.63447897190607 0 -0.635309482616946 -2.54093033390311 -2.63461034544004 -0.964112321443534 0 -0.635309482616946 -1.43405037945816 0 -1.97669708872875 -0.635155684334607 0 -0.400186655327294 
-0.400186655327294 -0.400186655327294 0 -0.400186655327294 -0.635309482616946 0 0 -2.54093033390311 -4.54155603148146 0 -0.635309482616946 -0.635309482616946 -2.54093033390311 -0.635309482616946 -10.1597533400129 -4.56135639030263 0 -0.635401761577181 -8.98764582182371 -22.8665274257628 -2.80278522032865 -4.54155603148146 -1.83571563280993 -0.400186655327294 0 -2.54154552705538 -1.83571563280993 -4.54155603148146 -8.5177077988222 -4.54155603148146 -1.83571563280993 -0.400186655327294 -4.54155603148146 -1.83571563280993 -4.54155603148146 -1.92970329343122 0 -20.9858524039874 -14.5160717996451 -8.98764582182371 
-37.3603974963518 -59.6150826884905 -48.0640563293664 -4.82351887329286 -2.54093033390311 0 -0.635309482616946 -2.54093033390311 -15.8795688207937 -2.54093033390311 -1.83571563280993 -4.54155603148146 0 -2.54090265020243 -1.88270946312058 -4.54155603148146 -1.83571563280993 -7.34286253123973 -1.88270946312058 0 -0.635309482616946 -0.400186655327294 -8.5177077988222 -10.1627677862688 -22.8665274257628 -0.635309482616946 -2.54065349699375 -2.9437667812868 0 -2.54093033390311 -2.54068425664907 -5.71670875557614 -0.635309482616946 -4.54155603148146 -1.13080852828144 -0.165217626319981 0 -0.635309482616946 -2.54093033390311 -4.54155603148146 
-4.54155603148146 -1.83571563280993 -4.54155603148146 -0.400186655327294 -1.55375286102476 -22.8644665287589 -2.5410841321969 -10.162521709009 -15.8817219967694 0 -0.635155684334607 -2.54068425664907 -5.7171701504117 -0.635155684334607 -2.54093033390311 -0.635494040548876 0.915639945628083 0 0 -5.71670875557614 -2.54129944976697 -0.400186655327294 0 -0.635586319520571 -2.54154552705538 -1.83571563280993 -0.400186655327294 0 -4.54155603148146 0 -0.400186655327294 0 0 -0.635709358164775 0.304720431694645 0 -0.635309482616946 0 -0.400186655327294 -1.83571563280993 
0 -0.400186655327294 0 -0.400186655327294 0 -0.400186655327294 -0.400186655327294 -22.8653277991308 0.701949803440198 -4.54155603148146 -0.190932482278413 3.17134254006682 -0.635309482616946 -0.400186655327294 0 -0.635893916062329 -2.54059197768311 -0.400186655327294 -0.400186655327294 -2.5411764111686 -10.162521709009 0 -0.635432521249691 -22.8644665287589 0 -0.635155684334607 -0.400186655327294 -2.54099185320229 -10.1632907003806 0 -2.54093033390311 0 0.774658524722384 0 -2.54093033390311 -10.1631061424831 -0.660870505279925 -1.83571563280993 -4.54155603148146 0 
-1.83571563280993 -0.895839586806908 -2.54093033390311 -0.660870505279925 0 0.492695612884759 0 -0.634632770176949 -2.54093033390311 1.47956548919843 0 -2.54093033390311 -10.1631061424831 0.304720431694645 0 -0.635309482616946 -5.71686255386994 0 -0.635309482616946 0 -0.634940366741626 -2.54022286182498 -1.67493385308306 0.257726601384003 -2.54093033390311 -0.635309482616946 -2.53945387042474 0 -8.61169531939103 -10.1627677862688 -1.62794009279864 1.40685676791624 -4.54155603148146 -1.83571563280993 -0.400186655327294 0 -0.635586319520571 -2.5410841321969 -1.83571563280993 -4.54155603148146 
-1.83571563280993 0 -2.54093033390311 -39.0991681674522 -4.54155603148146 -0.400186655327294 0 -37.1254284148248 -4.54155603148146 0 -2.54093033390311 -1.83571563280993 0 -0.63503264571332 -0.0712300357249241 0 0 0 0 0 0 0 0 0 0 0 0 0 0 0 0 0 0 0 0 0 0 0 0 0 
0 0 0 0 0 0 0 0 0 0 0 0 0 0 0 0 0 0 0 0 0 0 0 0 0 0 0 0 0 0 0 0 0 0 0 0 0 0 0 0 
0 0 0 0 0 0 0 0 0 0 0 0 0 0 0 0 0 0 0 0 0 0 0 0 0 0 0 0 0 0 0 0 0 0 0 0 0 0 0 0 
0 0 0 0 0 0 0 0 0 0 0 0 0 0 0 0 0 0 0 0 0 0 0 0 0 0 0 0 0 0 0 0 0 0 0 0 0 0 0 0 
0 0 0 0 0 0 0 0 0 0 0 0 0 0 0 0 0 0 0 0 0 0 0 0 0 0 0 0 0 0 0 0 0 0 0 0 0 0 0 0 
0 0 0 0 0 0 0 0 0 0 0 0 0 0 0 0 0 0 0 0 0 0 0 0 0 0 0 0 0 0 0 0 0 0 0 0 0 0 0 0 
0 0 0 0 0 0 0 0 0 0 0 0 0 0 0 0 0 0 0 0 0 0 0 0 0 0 0 0 0 0 0 0 0 0 0 0 0 0 0 0 
0 0 0 0 0 0 0 0 0 0 0 0 0 0 0 0 0 0 0 0 0 0 0 0 0 0 0 0 0 0 0 0 0 0 0 0 0 0 0 0 
0 0 0 0 0 0 0 0 0 0 0 0 0 0 0 0 0 0 0 0 0 0 0 0 0 0 0 0 0 0 0 0 0 0 0 0 0 0 0 0 
0 0 0 0 0 0 0 0 0 0 0 0 0 0 0 0 0 0 0 0 0 0 0 0 0 0 0 0 0 0 0 0 0 0 0 0 0 0 0 0 
0 0 0 0 0 0 0 0 0 0 0 0 0 0 0 0 0 0 0 0 0 0 0 0 0 0 0 0 0 0 0 0 0 0 0 0 0 0 0 0 
0 0 0 0 0 0 
<lnGmo>
-2.94914106325128 -0.0523683223537933 -0.713238827633719 -0.687493247033079 -0.713238827633719 0.252352109340851 -0.0523683223537933 -0.0523683223537933 -0.713238827633719 -0.0523683223537933 -0.713238827633719 -0.311573574281945 -0.686878053932373 -0.713238827633719 0.252352109340851 -0.0523683223537933 -0.687524006688401 -0.0523683223537933 -0.687677804970739 -2.5932986562569 -5.76923087622373 -0.686816534587353 -2.59206826997528 -0.687677804970739 -0.0523683223537933 -0.687677804970739 -2.5932986562569 -5.76923087622373 -0.0523683223537933 -0.687677804970739 -0.687216410123724 -0.0523683223537933 -0.0523683223537933 -0.687677804970739 -2.5932986562569 -5.76923087622373 -0.687677804970739 -0.0523683223537933 -0.687370208406062 -2.59268346312755 
-0.687862362902669 -0.0523683223537933 -2.5932986562569 -0.687677804970739 -0.687677804970739 -4.21797385140257 -1.88808395516373 -0.452554977681088 -0.0523683223537933 -0.687677804970739 -2.5932986562569 -5.76923087622373 -0.452554977681088 -0.0523683223537933 -0.687677804970739 -25.4887462582372 -8.52308222083912 -13.5345764153745 -1.88808395516373 -0.0523683223537933 -0.687677804970739 -0.0523683223537933 -0.687677804970739 -0.452554977681088 -1.88808395516373 -4.68791194443031 -0.687954641874364 -5.76947695346631 -0.640530202637594 -0.0523683223537933 -5.76923087622373 -1.88808395516373 -0.452554977681088 -0.687493247033079 -2.5932986562569 -1.88808395516373 -0.452554977681088 -1.84109019487931 0.252352109340851 -0.687677804970739 
-0.0523683223537933 -1.88808395516373 -0.452554977681088 -0.687677804970739 -0.452554977681088 -1.88808395516373 -0.264579743971303 -5.7697845500539 -15.9328906923995 -0.688077680518569 -1.95635679483969 -0.0523683223537933 -2.78096627589545 -0.687554766343722 -0.0523683223537933 -0.311573574281945 -0.688169959444428 -5.76947695346631 -1.88808395516373 -0.687677804970739 -0.452554977681088 -0.619251307064888 -5.76923087622373 -0.0523683223537933 -0.687677804970739 -0.687524006688401 -0.687524006688401 -0.687524006688401 -0.687524006688401 -0.687524006688401 -2.59299105969222 -0.0523683223537933 -0.687739324281382 -2.2640344225833 -0.687524006688401 -0.0523683223537933 -0.452554977681088 -0.452554977681088 -0.452554977681088 -0.0523683223537933 
-0.452554977681088 -0.687677804970739 -0.0523683223537933 -0.0523683223537933 -2.5932986562569 -0.687370208406062 -0.0523683223537933 -0.687308689095419 -0.0523683223537933 -2.5932371369348 -1.93507778547437 -4.40594917264514 -5.76876948136526 -2.35802203068491 -0.687524006688401 -0.0523683223537933 -0.687431727722435 -4.40594917264514 -5.76876948136526 -2.35802203068491 -0.0523683223537933 -2.59302181934754 -0.217585948673775 -0.452554977681088 -0.452554977681088 -0.0523683223537933 -0.687185650474132 -0.0523683223537933 -0.452554977681088 -0.452554977681088 -0.0523683223537933 -0.0523683223537933 -10.2618530757583 -3.53286717572147 -1.01648064379733 -0.452554977681088 -0.0523683223537933 -2.5934524545507 -0.687677804970739 -10.2618530757583 
-0.0523683223537933 -0.0523683223537933 -0.452554977681088 -0.0523683223537933 -10.2618530757583 -0.0523683223537933 -2.5932986562569 -2.1230530016776 -8.335107039649 -0.0523683223537933 -1.51213352275727 -2.5932986562569 -0.0523683223537933 -0.123598358078717 -0.0523683223537933 -0.687770083930974 -2.5932986562569 0.252352109340851 0.252352109340851 -0.0523683223537933 -0.0523683223537933 -0.687677804970739 -2.5932986562569 0.252352109340851 -0.0523683223537933 -0.687677804970739 -2.59237586656287 -3.13711638449384 -0.499548790485173 -0.687677804970739 -2.59268346312755 -0.0523683223537933 -4.59392435383525 -1.88808395516373 -1.88808395516373 -0.452554977681088 -5.76900325474341 -0.35890012198727 -0.687512338390423 -4.68791194443031 
-0.687954641874364 -5.76947695346631 -0.640530202637594 -1.88808395516373 -0.452554977681088 -1.88808395516373 -0.452554977681088 -1.84109019487931 -1.88808395516373 -0.452554977681088 -0.452554977681088 -1.88808395516373 -1.95635679483969 -0.0523683223537933 -2.78096627589545 -1.88808395516373 -0.687677804970739 -0.452554977681088 -0.619251307064888 -1.84109019487931 -0.0523683223537933 -0.687524006688401 -0.0523683223537933 -0.687524006688401 -2.59299105969222 -0.687524006688401 -0.687524006688401 -0.0523683223537933 -0.0523683223537933 -0.687524006688401 -0.0523683223537933 -0.687524006688401 -2.59299105969222 -5.76876948136526 -10.2148592717075 -0.687524006688401 -0.0523683223537933 -0.0523683223537933 -2.59299105969222 -4.35895527230827 
-2.59299105969222 -0.687524006688401 -2.59299105969222 -0.687524006688401 -2.59299105969222 -0.687524006688401 -0.0523683223537933 -2.59299105969222 -0.687524006688401 -2.59299105969222 -2.59299105969222 -0.687524006688401 -0.687524006688401 -2.59299105969222 -0.687524006688401 -0.0523683223537933 -0.687524006688401 -10.2148592717075 -15.931260430719 -2.59299105969222 -5.76876948136526 -0.0523683223537933 -0.0523683223537933 -0.687524006688401 -2.59299105969222 -2.59299105969222 -10.2148592717075 -5.76876948136526 -0.687524006688401 -0.452554977681088 -0.170592153376246 -1.0891893300664 -0.687524006688401 -0.0523683223537933 -0.687524006688401 -2.59194523137691 -0.0523683223537933 -0.687216410123724 -2.5932986562569 -0.0523683223537933 
0.722290202368591 -0.0523683223537933 -0.687677804970739 -2.5932986562569 1.4741910671815 -0.0523683223537933 -0.687647045309688 -2.59305257900287 -0.0523683223537933 -0.217585948673775 -0.0523683223537933 -2.59317561762415 -0.687502474928529 -0.687677804970739 -0.0523683223537933 -0.0523683223537933 -0.687677804970739 -0.686293620429695 -2.59240662623538 -1.2301707509721 -3.23110390506268 -1.04219542972953 -0.0523683223537933 -1.3924311112169 -2.5932986562569 -0.0523683223537933 -10.2138749627372 -4.54693059355083 -0.691122886309481 -0.452554977681088 -1.88808395516373 -0.452554977681088 -1.88808395516373 -0.452554977681088 -0.0523683223537933 -0.687677804970739 -1.88808395516373 -0.686847294259863 -0.452554977681088 -0.619251307064888 
-0.687462487377757 -1.79409636456867 -2.19724033849082 -2.59299105969222 -0.687524006688401 -5.76923087622373 -10.2154744648369 -2.59314485797456 -5.76947695346631 -0.0523683223537933 0.0643768581245104 0.414612399559421 1.75615376894045 -0.0523683223537933 -0.687677804970739 -0.687524006688401 -5.76907707792993 -2.59302181934754 -0.687493247033079 -2.59302181934754 -0.452554977681088 -0.43127598582232 -0.217585948673775 -0.0523683223537933 -0.452554977681088 -0.0523683223537933 -0.452554977681088 0.132649557748023 -0.0523683223537933 -0.452554977681088 -0.452554977681088 -0.0523683223537933 1.3332096462758 -0.0523683223537933 -0.687677804970739 -0.687677804970739 -5.51547876158748 -11.2318799205989 -0.452554977681088 -1.32415827154093 
-0.0523683223537933 -0.0523683223537933 -0.0523683223537933 0.252352109340851 -0.290294564916622 -0.686785774960678 -2.5932986562569 -0.0523683223537933 1.1922282253701 0.252352109340851 -2.40501584348899 -0.0523683223537933 -0.687554766343722 -0.0523683223537933 -2.5932986562569 -0.687524006688401 -0.0523683223537933 -0.687524006688401 -0.687677804970739 -0.0523683223537933 -2.59311409831351 -0.0523683223537933 -0.687524006688401 -0.687524006688401 -2.59299105969222 -2.59412916697923 -0.688539075377042 -0.0523683223537933 -1.76838154362335 -3.53286717572147 -5.76907707792993 -0.0523683223537933 -0.687862362902669 -2.5932986562569 -5.76923087622373 -0.0523683223537933 -0.687677804970739 -0.0523683223537933 -0.0523683223537933 -0.687677804970739 
-22.9170501686827 -15.9304914393187 -31.1739202668076 -0.0523683223537933 -0.687739324281382 -0.687770083930974 -0.0523683223537933 -5.76923087622373 -2.5934524545507 -0.0523683223537933 -0.687677804970739 -0.0523683223537933 -0.687277929445827 -0.687677804970739 -0.687554766343722 -0.0523683223537933 -0.687677804970739 -0.0523683223537933 -0.687677804970739 -0.687554766343722 -0.687616285654366 -0.0523683223537933 -0.995201669445117 -0.0523683223537933 -2.59302181934754 0.017383097840095 -0.0523683223537933 -0.687370208406062 -2.59274498244965 -5.76907707792993 -2.59302181934754 0.252352109340851 -0.0523683223537933 -0.0523683223537933 -2.17004679697513 -1.29844345059561 -0.0523683223537933 -0.687677804970739 -0.405561182383559 -0.687677804970739 
-0.0523683223537933 -0.687677804970739 -2.5932986562569 -0.687277929445827 -2.5932986562569 -0.0523683223537933 -4.40594917264514 -0.691122886309481 -0.452554977681088 -1.74710253425803 -0.452554977681088 -1.88808395516373 -0.452554977681088 -0.0523683223537933 -0.687677804970739 -1.88808395516373 -0.686847294259863 -0.452554977681088 -0.619251307064888 -0.687277929445827 -0.0523683223537933 -0.687677804970739 -0.687708564620331 -0.687524006688401 -0.687677804970739 -5.76923087622373 -2.5932986562569 -5.76923087622373 -0.0523683223537933 -0.0523683223537933 -0.687677804970739 -0.0523683223537933 -2.5932986562569 -0.687677804970739 -0.217585948673775 -0.0523683223537933 -0.0523683223537933 -0.687677804970739 -0.0523683223537933 -2.5932986562569 
-0.687677804970739 -1.70010877397361 -0.687524006688401 -0.0523683223537933 -0.687431727722435 -2.59302181934754 -0.781511614790014 -0.452554977681088 -0.452554977681088 -0.0523683223537933 -0.687185650474132 -0.452554977681088 -0.0523683223537933 -0.452554977681088 -0.0523683223537933 -2.5934524545507 -0.687677804970739 -0.0523683223537933 -0.0523683223537933 -0.452554977681088 -0.0523683223537933 -0.0523683223537933 -2.5932986562569 -0.807226488255002 -2.94914106325128 -0.0523683223537933 1.1922282253701 -0.713238827633719 0.39333353024655 -0.713238827633719 0.252352109340851 -0.0523683223537933 0.252352109340851 -0.0523683223537933 0.252352109340851 -0.687677804970739 -2.5932986562569 0.252352109340851 -0.713238827633719 0.252352109340851 
-0.0523683223537933 -0.0523683223537933 -2.59286802107094 -0.0523683223537933 -0.0523683223537933 -0.734517810739207 -0.687647045309688 -0.687647045309688 -0.687538856969531 -0.0523683223537933 -0.687677804970739 -5.76923087622373 -0.0523683223537933 -0.0523683223537933 -0.0523683223537933 -0.687677804970739 -0.0523683223537933 -2.5932986562569 -0.687677804970739 -40.70110173351 -0.452554977681088 -0.0523683223537933 -0.682694740533602 -2.58690064774371 -1.79409636456867 -2.59242200604872 -5.76800048996503 -2.5932986562569 -0.0523683223537933 -0.686847294259863 -10.2154744648369 1.52118482746592 -2.5932986562569 -5.76907707792993 -0.452554977681088 -0.0523683223537933 -0.452554977681088 -0.123598358078717 -0.0523683223537933 -0.687677804970739 
0.252352109340851 -0.687677804970739 -0.0523683223537933 -0.0523683223537933 -0.452554977681088 -1.88808395516373 -1.88808395516373 -1.88808395516373 -1.88808395516373 -1.88808395516373 -1.88808395516373 -0.452554977681088 -0.0523683223537933 -0.687677804970739 -4.59392435383525 -8.19412561874331 -0.734517810739207 -0.0523683223537933 -2.59379081071913 -2.5932986562569 -0.0523683223537933 -0.685493869311117 -0.452554977681088 -0.0523683223537933 -0.0523683223537933 -0.452554977681088 -0.0523683223537933 1.66216624837162 -4.59392435383525 -8.57007612117599 -0.687954641874364 -5.76947695346631 -10.2154744648369 -22.9188957481166 -0.640530202637594 -2.59302181934754 -1.88808395516373 -4.59392435383525 -0.452554977681088 -0.0523683223537933 
-2.59302181934754 -5.76907707792993 -0.687493247033079 -2.59302181934754 -0.687493247033079 -1.88808395516373 -4.59392435383525 -0.452554977681088 -1.88808395516373 -4.59392435383525 -4.59392435383525 -0.264579743971303 -1.88808395516373 -22.9193879026018 -2.59305257900287 -5.7697845500539 -10.2160896579662 -15.9328906923995 -0.0523683223537933 -0.688077680518569 -0.687524006688401 -10.2160896579662 -5.76923087622373 -2.5932986562569 -2.59317561762415 -0.452554977681088 -5.76815428823591 -10.2138749627372 -0.0523683223537933 -0.452554977681088 -0.0523683223537933 -0.687554766343722 -0.452554977681088 -1.88808395516373 -0.0523683223537933 -0.452554977681088 -0.0523683223537933 -1.88808395516373 -4.59392435383525 -2.59391384940917 
-2.59299105969222 -0.688077680518569 -2.59277574209924 -0.0523683223537933 -0.687677804970739 -0.687677804970739 -2.5932986562569 -2.5932986562569 -0.0523683223537933 -0.452554977681088 -0.0523683223537933 -0.687677804970739 -0.0523683223537933 -0.452554977681088 -1.88808395516373 -0.452554977681088 -0.0523683223537933 -0.0523683223537933 -0.687554766343722 -0.688139199817753 -2.59336017555608 -0.452554977681088 -5.7696922710822 -0.688754392947106 -0.0523683223537933 -2.5932986562569 -0.0523683223537933 -0.687308689095419 -0.0523683223537933 0.252352109340851 -0.713238827633719 -0.0523683223537933 -2.5932986562569 -1.88808395516373 -0.452554977681088 -4.59392435383525 -0.0523683223537933 -0.687677804970739 -0.452554977681088 -1.88808395516373 
-1.88808395516373 -3.70104206811664 -0.0523683223537933 -2.5932371369348 -10.2156590227344 -5.76953847276549 -8.57007612117599 -4.59392435383525 -1.88808395516373 -0.452554977681088 -0.0523683223537933 -1.88808395516373 -0.452554977681088 -4.59392435383525 -1.88808395516373 -0.452554977681088 -0.0523683223537933 -0.687677804970739 -0.686847294259863 -5.76867720239929 -0.452554977681088 -0.0523683223537933 -1.88808395516373 -0.687524006688401 -0.687524006688401 -2.59360625282158 -0.0523683223537933 -0.687677804970739 -0.687677804970739 -0.499548790485173 -0.0523683223537933 -0.687770083930974 -2.5932986562569 -5.76907707792993 -2.59302181934754 0.252352109340851 -2.5932986562569 0.252352109340851 -0.0523683223537933 -0.0523683223537933 
-0.0523683223537933 -0.687554766343722 -4.17098009111815 -4.94268131475224 -10.919766376236 -13.1754689706747 -0.922493035695714 -0.687277929445827 -2.59332941590649 -0.0523683223537933 -0.0523683223537933 1.26050092499362 0.252352109340851 -0.0523683223537933 -0.687585525999044 -2.5932986562569 1.26050092499362 1.26050092499362 1.26050092499362 1.26050092499362 -0.0523683223537933 -0.687677804970739 0.252352109340851 -0.0523683223537933 -0.713238827633719 -6.4553548075905 -2.5932986562569 0.252352109340851 -0.0523683223537933 -0.687677804970739 -2.5932986562569 -2.5932986562569 0.696575241370819 1.66216624837162 -2.47920318030222 -0.713238827633719 0.252352109340851 -0.0523683223537933 -2.5932986562569 -2.94914106325128 
-0.687677804970739 -0.0523683223537933 -2.5932986562569 -0.0523683223537933 -0.713238827633719 -4.68791194443031 -8.4760884605547 -0.687831603253077 -5.76923087622373 -10.2154744648369 -22.9188957481166 -0.452554977681088 -0.687677804970739 -2.59302181934754 -0.0523683223537933 -0.760232727970587 -1.77429593572127 -0.0523683223537933 -0.687493247033079 -5.76907707792993 -2.59299105969222 -2.59305257900287 -0.687677804970739 -1.88808395516373 -4.59392435383525 -0.452554977681088 -1.88808395516373 -0.452554977681088 -0.0523683223537933 -1.88808395516373 -8.57007612117599 -4.59392435383525 -0.452554977681088 -1.70010877397361 -22.9168348511126 -2.5932986562569 -5.76923087622373 -10.2154744648369 -15.9320294221192 -0.0523683223537933 
-0.688077680518569 1.00425304417999 -0.0523683223537933 -0.452554977681088 -0.0523683223537933 -0.452554977681088 -2.1230530016776 -0.0523683223537933 -0.452554977681088 -0.0523683223537933 -1.88808395516373 -4.82889336533601 -0.0523683223537933 -0.452554977681088 -0.0523683223537933 -1.88808395516373 -0.0523683223537933 -0.687677804970739 -0.0523683223537933 -0.452554977681088 -0.687677804970739 -2.5932986562569 -0.0523683223537933 -0.687308689095419 -0.0523683223537933 0.252352109340851 -0.452554977681088 -0.713238827633719 -0.0523683223537933 -0.687677804970739 -2.5932986562569 -5.76923087622373 -1.88808395516373 -0.0523683223537933 -0.687677804970739 -0.452554977681088 -1.88808395516373 -1.88808395516373 -3.18411014477826 -2.31102823538738 
-0.0523683223537933 -0.452554977681088 -0.452554977681088 -0.452554977681088 -0.0523683223537933 -0.0523683223537933 -2.5932986562569 -0.687370208406062 -2.5932371369348 -2.5932371369348 -2.59336017555608 -0.0523683223537933 -2.5932986562569 -0.687370208406062 -2.5932986562569 -2.59336017555608 -2.5932986562569 -2.5932986562569 -2.59314485797456 -5.76923087622373 -0.0523683223537933 -10.2148592717075 -0.687677804970739 -2.5932063772852 -4.59392435383525 -0.691122886309481 -0.452554977681088 -1.88808395516373 -0.452554977681088 -1.88808395516373 -0.452554977681088 -0.0523683223537933 -0.687677804970739 -8.57007612117599 -8.57007612117599 -1.88808395516373 -0.686847294259863 -0.452554977681088 -0.619251307064888 -1.93507778547437 
-6.92529297064447 0.017383097840095 -0.0523683223537933 -0.687031852203252 -0.499548790485173 -3.13711638449384 -0.0523683223537933 -0.290294564916622 -0.687308689095419 -0.0523683223537933 -2.5932986562569 -0.687677804970739 -2.5932986562569 -0.029610732470547 -0.0523683223537933 -0.687677804970739 -2.5932986562569 -0.0523683223537933 -2.5932986562569 -10.2154744648369 0.252352109340851 -0.0523683223537933 -0.687677804970739 -0.0523683223537933 0.111370688435152 -0.0523683223537933 -0.686847294259863 -0.0523683223537933 -0.687677804970739 -2.5932986562569 -2.68697866779384 -1.01648064379733 -0.0523683223537933 -0.687677804970739 -1.48641870181195 -0.0523683223537933 -2.02906541108254 -0.687524006688401 -0.0523683223537933 -0.452554977681088 
-0.452554977681088 -0.452554977681088 -0.0523683223537933 -0.452554977681088 -0.687677804970739 -0.0523683223537933 -0.0523683223537933 -2.5932986562569 -4.59392435383525 -0.0523683223537933 -0.687677804970739 -0.687677804970739 -2.5932986562569 -0.687677804970739 -10.2121216623667 -4.61372471265642 -0.0523683223537933 -0.687770083930974 -9.0400141441775 -22.9188957481166 -2.85515354268245 -4.59392435383525 -1.88808395516373 -0.452554977681088 -0.0523683223537933 -2.59391384940917 -1.88808395516373 -4.59392435383525 -8.57007612117599 -4.59392435383525 -1.88808395516373 -0.452554977681088 -4.59392435383525 -1.88808395516373 -4.59392435383525 -1.98207161578501 -0.0523683223537933 -21.0382207263412 -14.5684401219989 -9.0400141441775 
-37.4127658187056 -59.6674510108443 -48.1164246517202 -4.87588719564665 -2.5932986562569 -0.0523683223537933 -0.687677804970739 -2.5932986562569 -15.9319371431475 -2.5932986562569 -1.88808395516373 -4.59392435383525 -0.0523683223537933 -2.59327097255622 -1.93507778547437 -4.59392435383525 -1.88808395516373 -7.39523085359353 -1.93507778547437 -0.0523683223537933 -0.687677804970739 -0.452554977681088 -8.57007612117599 -10.2151361086226 -22.9188957481166 -0.687677804970739 -2.59302181934754 -2.9961351036406 -0.0523683223537933 -2.5932986562569 -2.59305257900287 -5.76907707792993 -0.687677804970739 -4.59392435383525 -1.18317685063523 -0.217585948673775 -0.0523683223537933 -0.687677804970739 -2.5932986562569 -4.59392435383525 
-4.59392435383525 -1.88808395516373 -4.59392435383525 -0.452554977681088 -1.60612118337855 -22.9168348511126 -2.5934524545507 -10.2148900313628 -15.9340903191232 -0.0523683223537933 -0.687524006688401 -2.59305257900287 -5.76953847276549 -0.687524006688401 -2.5932986562569 -0.687862362902669 0.86327162327429 -0.0523683223537933 -0.0523683223537933 -5.76907707792993 -2.59366777212076 -0.452554977681088 -0.0523683223537933 -0.687954641874364 -2.59391384940917 -1.88808395516373 -0.452554977681088 -0.0523683223537933 -4.59392435383525 -0.0523683223537933 -0.452554977681088 -0.0523683223537933 -0.0523683223537933 -0.688077680518569 0.252352109340851 -0.0523683223537933 -0.687677804970739 -0.0523683223537933 -0.452554977681088 -1.88808395516373 
-0.0523683223537933 -0.452554977681088 -0.0523683223537933 -0.452554977681088 -0.0523683223537933 -0.452554977681088 -0.452554977681088 -22.9176961214846 0.649581481086404 -4.59392435383525 -0.243300804632206 3.11897421771302 -0.687677804970739 -0.452554977681088 -0.0523683223537933 -0.688262238416123 -2.5929603000369 -0.452554977681088 -0.452554977681088 -2.59354473352239 -10.2148900313628 -0.0523683223537933 -0.687800843603485 -22.9168348511126 -0.0523683223537933 -0.687524006688401 -0.452554977681088 -2.59336017555608 -10.2156590227344 -0.0523683223537933 -2.5932986562569 -0.0523683223537933 0.722290202368591 -0.0523683223537933 -2.5932986562569 -10.2154744648369 -0.713238827633719 -1.88808395516373 -4.59392435383525 -0.0523683223537933 
-1.88808395516373 -0.948207909160702 -2.5932986562569 -0.713238827633719 -0.0523683223537933 0.440327290530966 -0.0523683223537933 -0.687001092530742 -2.5932986562569 1.42719716684463 -0.0523683223537933 -2.5932986562569 -10.2154744648369 0.252352109340851 -0.0523683223537933 -0.687677804970739 -5.76923087622373 -0.0523683223537933 -0.687677804970739 -0.0523683223537933 -0.687308689095419 -2.59259118417877 -1.72730217543685 0.205358279030209 -2.5932986562569 -0.687677804970739 -2.59182219277854 -0.0523683223537933 -8.66406364174482 -10.2151361086226 -1.68030841515244 1.35448844556245 -4.59392435383525 -1.88808395516373 -0.452554977681088 -0.0523683223537933 -0.687954641874364 -2.5934524545507 -1.88808395516373 -4.59392435383525 
-1.88808395516373 -0.0523683223537933 -2.5932986562569 -39.151536489806 -4.59392435383525 -0.452554977681088 -0.0523683223537933 -37.1777967371786 -4.59392435383525 -0.0523683223537933 -2.5932986562569 -1.88808395516373 -0.0523683223537933 -0.687400968067114 -0.123598358078717 0.0028939948408675 0 0 0 0 0 0 0 0 0 0 0 0 0 0 0 0 0 0 0 0 0 0 0 0 
0 0 0 0 0 0 0 0 0 0 0 0 0 0 0 0 0 0 0 0 0 0 0 0 0 0 0 0 0 0 0 0 0 0 0 0 0 0 0 0 
0 0 0 0 0 0 0 0 0 0 0 0 0 0 0 0 0 0 0 0 0 0 0 0 0 0 0 0 0 0 0 0 0 0 0 0 0 0 0 0 
0 0 0 0 0 0 0 0 0 0 0 0 0 0 0 0 0 0 0 0 0 0 0 0 0 0 0 0 0 0 0 0 0 0 0 0 0 0 0 0 
0 0 0 0 0 0 0 0 0 0 0 0 0 0 0 0 0 0 0 0 0 0 0 0 0 0 0 0 0 0 0 0 0 0 0 0 0 0 0 0 
0 0 0 0 0 0 0 0 0 0 0 0 0 0 0 0 0 0 0 0 0 0 0 0 0 0 0 0 0 0 0 0 0 0 0 0 0 0 0 0 
0 0 0 0 0 0 0 0 0 0 0 0 0 0 0 0 0 0 0 0 0 0 0 0 0 0 0 0 0 0 0 0 0 0 0 0 0 0 0 0 
0 0 0 0 0 0 0 0 0 0 0 0 0 0 0 0 0 0 0 0 0 0 0 0 0 0 0 0 0 0 0 0 0 0 0 0 0 0 0 0 
0 0 0 0 0 0 0 0 0 0 0 0 0 0 0 0 0 0 0 0 0 0 0 0 0 0 0 0 0 0 0 0 0 0 0 0 0 0 0 0 
0 0 0 0 0 0 0 0 0 0 0 0 0 0 0 0 0 0 0 0 0 0 0 0 0 0 0 0 0 0 0 0 0 0 0 0 0 0 0 0 
0 0 0 0 0 0 0 0 0 0 0 0 0 0 0 0 0 0 0 0 0 0 0 0 0 0 0 0 0 0 0 0 0 0 0 0 0 0 0 0 
0 0 0 0 0 0 
<B>
1e-09 1e-09 0.0194961076696215 1e-09 1e-09 1e-09 1e-09 1e-09 1.46524330388007 1.22969028427651 1e-09 1e-09 0.001 2.000000001 1e-09 1e-09 1e-09 1e-09 1e-09 0.001 1e-09 1e-09 1.07822905131286 116.00649133627 1e-09 1e-09 1e-09 0.001 0.00301475810453813 1e-09 0.0090589288740832 1e-09 1e-09 1e-09 0.001 0.00130909910566428 1e-09 1e-09 1e-09 57.4590067736479 
0.001 1e-09 1e-09 1e-09 1e-09 1e-09 1e-09 1e-09 0.436045253467681 1e-09 0.0685189600435629 1e-09 1e-09 1e-09 1e-09 1e-09 1e-09 1e-09 1e-09 1e-09 0 
<U>
-199.522301141043 -8.8699050274096 -163.718886385755 -276.264695051586 -8.89516207734842 -120.76843635964 -186.238081281738 -71.5507262048816 -3.73654618518201 -162.28040609453 -35.5911968552893 -169.647852129216 -455.073788320805 -58.4591400676677 -187.526449741994 -16.4538945538477 -73.8389533211056 -109.435138098525 -12.1910222477396 -88.7925707812064 -180.141306484462 -131.868499428438 -18.0348560402625 -4.40333435945688 -14.0084137391683 -214.071892013948 -54.2458513047585 -9.62266979528135 -91.1463840788557 -107.452969053767 -137.491734965498 -270.665091823061 -43.6014905114913 -19.9344306185705 -6.02594045347268 -84.2319247673734 -127.408727265688 -19.8041742389715 -187.947995768714 -73.4454667033946 
-276.107750817922 -131.109887101459 -225.237869666042 -14.89191779697 -0.568980810225927 -5.70890104568144 -185.608310864854 -188.448354624014 -18.9375748522978 -16.8358437657281 -146.735494276009 -210.775951139581 -30.85598130403 -187.370017881408 13.5261307669286 -234.866654086699 -139.901556457301 -196.644079118541 -48.1394472922307 -209.409681555603 -13.3507747200798 
<Uc>
-199.522301141043 -199.52229859316 -8.8699050274096 -8.8699050273776 -163.718886385755 -163.718886390683 -276.264695051586 -276.264695055361 -8.89516207734842 -8.89516207991125 -120.76843635964 -120.768436361332 -186.238081281738 -186.238081294885 -71.5507262048816 -71.5507261982579 -3.73654618518201 -3.73654617994564 -162.28040609453 -162.280406107533 -35.5911968552893 -35.5911968569082 -169.647852129216 -169.647842824033 -455.073788320805 -455.07378831291 -58.4591400676677 -58.459140061047 -187.526449741994 -187.526443361417 -16.4538945538477 -16.4486850292831 -73.8389533211056 -73.8389533246088 -109.435138098525 -109.435138105083 -12.1910222477396 -12.1910222485702 -88.7925707812064 -88.7925707549939 
-180.141306484462 -180.141299289242 -131.868499428438 -131.868491767441 -18.0348560402625 -18.0348560435936 -4.40333435945688 -4.40333436076685 -14.0084137391683 -14.0084137391757 -214.071892013948 -214.0718858854 -54.2458513047585 -54.2458512981347 -9.62266979528135 -9.6226697848828 -91.1463840788557 -91.1463840854114 -107.452969053767 -107.452959834297 -137.491734965498 -137.491734958031 -270.665091823061 -270.665093684098 -43.6014905114913 -43.6014905087644 -19.9344306185705 -19.9344306183866 -6.02594045347268 -6.02594045347647 -84.2319247673734 -84.2319247739284 -127.408727265688 -127.408727263674 -19.8041742389715 -19.8041742671321 -187.947995768714 -187.947995773706 -73.4454667033946 -73.4454667008112 
-276.107750817922 -276.107750804883 -131.109887101459 -131.109887090572 -225.237869666042 -225.237869672226 -14.89191779697 -14.8909985604102 -0.568980810225927 -0.288646997284758 -5.70890104568144 -5.70890104564808 -185.608310864854 -185.608310879442 -188.448354624014 -188.448354637161 -18.9375748522978 -18.9375748506435 -16.8358437657281 -16.8358437578271 -146.735494276009 -146.735494282441 -210.775951139581 -210.775944223595 -30.85598130403 -30.8559813080467 -187.370017881408 -187.370017894558 13.5261307669286 13.5261307618367 -234.866654086699 -234.866654096808 -139.901556457301 -139.901406039011 -196.644079118541 -196.643975798293 -48.1394472922307 -48.132852469982 -209.409681555603 -209.40967536413 
-13.3507747200798 -13.35077471349 
<Uefd>
-1.95015692487846e-08 -7.39838177719082e-09 -3.32123799193702e-10 -3.32050624123141e-10 9.5739060939933e-09 3.55082065263042e-06 -1.01500679949735e-08 5.51341666687248e-10 4.42823706427267e-10 -1.10674392078605e-09 -1.47511218732894e-10 6.40925559897305e-09 1.66012543577262e-09 5.5345877255453e-10 -1.35779517200922e-09 -1587.25583456178 -2.94858182824441e-10 -5.53415325184016e-10 -7.37533953407898e-11 3.35374803379132e-09 -1.35775749729625e-09 1.60990669221355e-05 -2.9596560030372e-10 -1.1070834720165e-10 1.63985860814391e-20 -1.35524162061697e-09 5.53415325184016e-10 8.85465949307158e-10 -5.53418879457163e-10 5.17738396338136e-09 -3.64305808370362e-10 1.51063162422982e-08 2.21079470459445e-10 5.01850386018269e-09 0 -5.53417506898192e-10 1.71315619134226e-10 6.2133065169319e-09 -1.38359139621877e-08 2.21416641641516e-10 
1.10674397356641e-09 1.04193348257033e-06 -9.5178496849002e-09 8386.57008691788 -18760380.8446111 -7.23744876035872e-10 1.3749141432704e-08 -1.04899637619464e-08 1.47511148181995e-10 1.08698427772342e-09 -3.03271755495813e-10 -1.35756730873934e-09 4.60426403944548e-09 -1.30602357063354e-08 3.58735595083239e-09 9.58038686520447e-09 2153.14257789335 921.215808566053 -2200.24259735566 52.8822710901195 5.53415325184016e-10 
<U_r>
-585851.188850464 -26044.4289965624 -480722.724616964 -811187.516923085 -26118.5904945447 -354608.640799967 -546845.143145212 -210092.194058107 -10971.505502215 -476498.959233682 -104505.335348666 -498131.764155883 -1336219.15133168 -171651.772819163 -550628.139781686 -48313.0639054609 -216811.044876953 -321331.026107774 -35796.1232217943 -260718.891350828 -528943.371049003 -387201.414179087 -52955.1924346834 -12929.3750855966 -41132.4738942315 -628572.704497749 -159280.42276654 -28254.7490042023 -267630.320854566 -315510.844179573 -403712.747527452 -794745.57439455 -128025.713946394 -58532.8547744194 -17693.7833937345 -247327.606898663 -374106.322509595 -58150.3869780526 -551865.912399068 -215655.662238199 
-810726.68640264 -384973.924163706 -661359.02083806 -43726.6796529723 -1670.68083215581 -16762.8703433901 -544995.967662952 -553335.100698085 -55605.817884591 -49434.5696147523 -430854.913343201 -618894.934801901 -90601.467739363 -550168.813726533 39716.3612540246 -689631.72402846 -410788.632166995 -577399.954156323 -141350.376702107 -614883.199494689 -39201.4686934889 
<C>
-3.32728421472343e-26 -4.11330007788632e-26 -6.44032382010131e-19 0 3.54382690352371e-26 -5.95536211461737e-26 -5.02981313883767e-26 -1.15343517854605e-29 -3.99194241886065e-17 -5.02236752150158e-17 0 4.4885136466296e-26 7.7967625368372e-20 -1.61616619081871e-17 0 1.48711443650002e-25 0 0 0 4.30127996841438e-20 0 5.49632860054184e-26 -9.10771696626407e-17 4.10259195608423e-15 0 0 0 4.3968441376426e-20 -1.79683669394106e-19 3.18754367441454e-26 3.81310417817194e-19 0 0 1.6726945684826e-26 0 -2.07967769100064e-20 0 4.66515895080625e-26 -6.73505658151197e-26 -4.35213288712029e-15 
0 0 -4.64723261406255e-26 1.48711443650002e-25 2.97422887300003e-25 -4.02570047871001e-27 7.43180855347398e-26 -5.21896475621451e-26 -1.72159313818609e-17 2.32361630703127e-27 -6.92097883588868e-18 0 1.92492525271579e-26 -6.64797135598976e-26 2.2364806955176e-26 5.62599517443985e-26 -4.43892404278767e-26 1.48711443650002e-25 0 0 1.44833763014539e-18 
<XF>
57.4031932794129 2.25738003457553 0 0 0 0 0 0 0 0 0 0 0 0 0 0 0 0 0 0 0 0 0 0 0.0179631537684767 0 0 0 0 0 0 0 0 0 0 0 0 0 0 0 
0 0 0 0 0 0 0 0 0 0 0 0 0 0 0 0 0 0 0 0 0 0 0 0.214370128000192 0 0.000325070967266182 0 0 0 0 0 0 0 0 0 0 0 0 0 0 
0 0.00450615052513653 0 0 0 0 0.000988491483230943 0 0 0 0 0 3.29281684919402e-10 0 0 0 0 0 0.0116905065930739 0 0 0 0 0 0 0 0 0 0 9.99226237102903e-10 0 0 0 0 0 0 0 0 0 0 
0 0 0 0 9.10901324927681e-10 0 0 0 0 0 0 0 0 0 0 0 0 0 0 0 0 0 0 0 0 0 0 0 0 0 0 0 0 0 4.9429827445651e-10 0 0 0 0 0 
0 0 0 0 0 0 0 0 4.92865721471195e-10 0 0.231743508239798 0 0 0 0 0 0 0 0 0.0401187444813399 0 0 0 0 0 0 0 0 0 0 0 0 0 0.218016188351048 0 0 0 0 0 0 
0 0 0 0 0 0 0 0 0 0 0 0 0 0 0 0 0 0 0 0 0 0 0 0 0 0 0 0 0 0 0 0 0 0 0 0 0 0 0 0 
0 0 0 0 0 0 0 0 0 0 0 0 0 0 0 0 0 0 0 0 0 0 0 0 0 0 0 0 0 0 0 0 0 0 0 0 0 0 0 0 
0 0 0 0 0 0 0 0 0 0 0 0 0 0 0 0 0 0 0 0 0 0 0 0 0 0 0 0 0 0 0 0 0 0 0 0 0 0 0 0 
0 0 0 0 0 0 0 0 0 0 0 0 0 0 0 0 0 0 0 0 0 0 0 9.58385017414206e-10 0 0 0 0 5.57150250430534e-10 0 0 0 0 0 0 0 0 0 0 0 
0 0 0 0 0 0 0 0 0 8.33333333333333e-08 0 0 0 0 0 0 0 0 0 0 0 0 0 0 0 0 0 0 0 0 0 0 0 0 0 0 0 0 0 0 
0 0 0 0 0 0 0 0 0 9.74215945844332e-10 0 0 0 0 0 0 8.89108306127978e-10 0 0 0 9.96381708820723e-10 0 
<YF>
57.4031932794129 2.25738003457553 0 0 0 0 0 0 0 0 0 0 0 0 0 0 0 0 0 0 0 0 0 0 0.0179631537684767 0 0 0 0 0 0 0 0 0 0 0 0 0 0 0 
0 0 0 0 0 0 0 0 0 0 0 0 0 0 0 0 0 0 0 0 0 0 0 0.214370128000192 0 0.000325070967266182 0 0 0 0 0 0 0 0 0 0 0 0 0 0 
0 0.00450615052513653 0 0 0 0 0.000988491483230943 0 0 0 0 0 3.29281684919402e-10 0 0 0 0 0 0.0116905065930739 0 0 0 0 0 0 0 0 0 0 9.99226237102903e-10 0 0 0 0 0 0 0 0 0 0 
0 0 0 0 9.10901324927681e-10 0 0 0 0 0 0 0 0 0 0 0 0 0 0 0 0 0 0 0 0 0 0 0 0 0 0 0 0 0 4.9429827445651e-10 0 0 0 0 0 
0 0 0 0 0 0 0 0 4.92865721471195e-10 0 0.231743508239798 0 0 0 0 0 0 0 0 0.0401187444813399 0 0 0 0 0 0 0 0 0 0 0 0 0 0.218016188351048 0 0 0 0 0 0 
0 0 0 0 0 0 0 0 0 0 0 0 0 0 0 0 0 0 0 0 0 0 0 0 0 0 0 0 0 0 0 0 0 0 0 0 0 0 0 0 
0 0 0 0 0 0 0 0 0 0 0 0 0 0 0 0 0 0 0 0 0 0 0 0 0 0 0 0 0 0 0 0 0 0 0 0 0 0 0 0 
0 0 0 0 0 0 0 0 0 0 0 0 0 0 0 0 0 0 0 0 0 0 0 0 0 0 0 0 0 0 0 0 0 0 0 0 0 0 0 0 
0 0 0 0 0 0 0 0 0 0 0 0 0 0 0 0 0 0 0 0 0 0 0 9.58385017414206e-10 0 0 0 0 5.57150250430534e-10 0 0 0 0 0 0 0 0 0 0 0 
0 0 0 0 0 0 0 0 0 8.33333333333333e-08 0 0 0 0 0 0 0 0 0 0 0 0 0 0 0 0 0 0 0 0 0 0 0 0 0 0 0 0 0 0 
0 0 0 0 0 0 0 0 0 9.74215945844332e-10 0 0 0 0 0 0 8.89108306127978e-10 0 0 0 9.96381708820723e-10 0 
<Falp>
6.32170145742017e-07 1.75632141449868e-09 -8.9956509586566 -11.1956512914934 -18.2027521623339 -3.48806331268393 -19.7329203649186 -33.4000663297459 -38.0639718794937 -12.3015498515142 -16.6322647656187 -37.2621738621865 -36.2766390289867 -57.7696498496931 -9.28965707239306 -50.6256246257531 -6.80230752231603 -36.4264173012411 -64.7269115466586 -91.9149347781789 -3.39555399171807 -1.08679894931134 -1.04411543262685 -1.22691120467242 -2.12332996166839e-08 -0.579504825645675 -0.976834838529498 -2.4110940996771 -92.1828311714385 -44.3003014293037 -43.0003009427984 -43.4060680790943 -41.2183779781559 -79.2328037761189 -3.74016437860511 -52.5556895265212 -25.3497428384016 -23.7616613589894 -9.7777434534189 -9.31165320530348 
-15.8916368587636 -35.8923474202417 -14.5639069092147 -41.049185033435 -60.8631411045093 -46.4755077933565 -35.5305883476079 -1.71728146505187 -46.8280474163913 -92.9390191272959 -1.89709661429192 -2.86938463936061 -6.25272716532362 -7.74895106229777 -8.38689507543653 -0.975751794107294 -7.45673451188797 -4.29974352591186 -7.65878779538327 -24.2298135159137 -17.7665470713091 -34.5319926797387 -0.13248693880967 -3.90612303496297e-08 -0.451567381021261 -1.53291769888687e-06 -37.7757805752314 -10.4468618303047 -4.90979883035544 -2.62260935218221 -29.4977923081424 -6.33215535520193 -14.5240361261164 -7.06160767423813 -1.89341977830926 -4.72374149769114 -2.14941993571205 -1.05858756252148 -0.67759640672941 -0.246595502640964 
-3.57234311455558 2.56030577328377e-07 -3.39392859246375 -14.6767865932184 -17.9960784605237 -4.60836486025891 1.29951226274352e-09 -0.555569858823703 -0.812967454862042 -2.37096071410651 -5.75871693595062 -3.97513767793488 -1.84071369540542e-07 -9.77350997028566 -10.316161062423 -10.143137321116 -32.1761455529354 -5.09113455858782 5.26936225239125e-07 -3.44560807701158 -37.1446381507971 -57.8134946110252 -27.8747484525966 -12.6280559758275 -29.6208183189034 -12.3106548539841 -86.2698259697333 -11.9154637234571 -46.6504448125984 2.03847269533434e-07 -52.2647796942883 -42.5034843179493 -6.8810472530519 -8.15934015949183 -17.3081058049513 -13.9027682189103 -28.4824957117671 -17.7056777176001 -6.89224661294362 -7.67307407090117 
-5.80869100896929 -6.6695327808897 -34.2379882530806 -2.22863032639803 0.00022111134882112 -1.65573720713266 -26.4388738954476 -23.1303670471118 -23.568770259178 -23.7197814279656 -32.1593558380006 -30.753518700158 -37.6619869381338 -3.06927395920078 -15.0991349984076 -52.8626816154002 -14.8158666742737 -5.04018945303026 -23.3045547292227 -19.9200200207403 -24.6647545429581 -39.2063096798403 -19.968796192661 -86.2575073575429 -25.6758218045702 -21.5773580542218 -22.7131993522516 -5.00885959398831 -39.5297042468791 -63.3199066591041 -11.4347519423542 -21.2412545936132 -17.0361251950888 -20.6061235482084 1.14334704186143e-06 -3.20954416142957 -63.0880639563366 -52.3586222886078 -14.2133754702246 -23.6147604505157 
-6.81557279122967 -7.50949367942854 -3.72134070223522 -4.47850877057405 -7.59434520487599 -3.17160590120811 -3.46032167826156 -7.64788894489641 4.81076296764428e-06 -2.47268832913847 8.50102459353146e-08 -10.7100995127442 -28.8395535162303 -0.312275244821352 -0.360061556591671 -10.3315703436245 -3.45263404615062 -3.76568227730851 -12.5996614898931 -3.75817958678601e-07 -1.15344341309555 -7.40954427533989 -3.74071248849764 -3.40095583915773 -22.4344747987996 -0.591911627145484 -1.98115611891055 -19.664849956661 -20.3586890429811 -15.3259976691335 -2.22257817543189 -0.659157275501828 -0.565405027547451 1.3233967271777e-10 -92.9390191272959 -5.28634716234705 -42.2772903367116 -89.6711940965343 -20.4921473045632 -92.9390191272959 
-40.2925339801151 -30.2181924910901 -28.753306716355 -92.9390191272959 -92.9390191272959 -3.51153286414286 -14.334401736186 -24.7752737499148 -3.97608606512875 -3.7818538352159 -4.58643841147429 -2.04256268373351 -1.97508270336299 -0.51602058957498 -2.91695823426553 -5.05518347156042 -90.827683239503 -92.9390191272959 -1.37669641465844 -2.10696283331918 -0.985603504762167 -0.823062476170905 -1.33661200656329 -0.143905316171712 -4.26807652304791 -5.97803698935478 -26.6029820410997 -48.8447257978451 -15.1605591018354 -20.9156257525554 -15.688463959393 -59.1568908128288 -16.6784816882467 -7.7862543999484 -29.3382909002662 -21.9481512733973 -22.8805592415715 -2.05174758020692 -4.33089465384591 -4.11855407233506 
-5.06436836803363 -12.0524819790159 -12.4313727814454 -28.4370291533299 -13.0206441051416 -14.4070202377148 -2.33062005110146 -1.37800714934707 -0.832247372644213 -0.532588731904962 -0.153097548043359 -3.65422077936307 -6.00042694958379 -21.7925398926607 -27.9676832426823 -19.5993683728256 -19.3100541075851 -37.6035987080929 -41.2639248014486 -32.6455327324838 -92.9390191272959 -92.9390191272959 -92.9390191272959 -92.9390191272959 -92.9390191272959 -92.4429250673457 -92.9390191272959 -92.9390191272959 -92.9390191272959 -92.9390191272959 -3.48068400717397 -15.268636604015 -75.01383307584 -26.2967966101059 -22.8407727025957 -7.59746661694127 -12.2596534334631 -0.957572670935163 -92.9390191272959 -9.76450051776072 
-11.8034312040138 -11.4444458181991 -42.3712095313126 -12.0141383032082 -11.7855720983956 -10.0927001927035 -9.20771823599428 -9.10845261170753 -13.1685365332869 -29.2114832454816 -49.1529991131955 -82.0683393180092 -47.1930506598059 -16.1268365734728 -42.713128221154 -5.44934390439019 -79.36754126487 -12.5797180155545 -2.29548693661238 -2.41885597906412 -2.57055806010497 -1.80112471327661 -1.21714148074905 -2.06805907472768 -0.391630829129673 -28.9298402227302 -17.7590060688811 -65.3631412469826 -42.5231244825414 -21.4092434054242 -16.1044723697981 -25.8337094411028 -17.8687981317408 -9.01197539808523 -9.79397169076641 -44.1980709415857 -53.3251684481483 -27.9540920226673 -11.2992325298733 -15.6578444426998 
-9.95080341121816 -7.89533490979072 -31.8735601464517 -46.5463226564203 -50.3400676232518 -41.7564194072912 -4.05273494851435 -33.4398820073694 -13.8159162930036 -30.1704228731891 -25.7788752376301 -6.9247137656265 -5.92146869245871 -24.3003882317377 -9.37063765459534 -16.6201268245001 -5.78471632109384 -43.8749569575207 -16.0909855921314 -9.74843779717118 -11.8319445318375 -33.6903899362142 -39.7003293014452 1.76395393158632e-05 -20.8181399468638 -50.8502584281196 -32.2830755252751 -41.1242321150984 0.078730995727293 -19.5658081407374 -1.96847378432552 -37.8603500805879 -37.7028443101325 -79.924157013461 -32.3490153838901 -3.35093288568192 -37.2161908682788 -5.38827531073143 -33.6121149983636 -21.4013009203821 
-92.9390191272959 -24.2070730078529 -24.656524500785 -6.97862731263301 -10.3894459637177 -14.6267185579312 -7.94762129566244 -6.95155266587104 -4.25452611522078 0 -1.3576625522413 -0.49950800158041 -14.2696701321128 -63.5346762689613 -4.24372074322242 -3.74948803317193 -4.0702331060421 -12.9650447593725 -7.30553166750793 -1.79142474554164 -0.951424357619814 -8.40212520486969 -45.662019472863 -15.2787473505473 -35.7862529468035 -17.1006523998017 -41.122598701845 -46.142157294199 -35.9288921077952 -0.224364969209513 -1.28436523101133 -32.8074960067962 -2.2593456936182 -3.05934537991374 -31.8671502639935 -68.4870946423918 -3.64391928371436 -43.891812669394 -4.47262654501637 -55.9480562203393 
-14.0593283581721 -25.8603453858037 -9.28415915932882 -22.222413588983 -29.4055678043493 -19.0058018868854 -47.6060539485207 -20.0328747942278 -25.4041727233119 1.21932697371647e-06 -23.7877511529499 -8.79432296469311 -4.99572227889865 -4.90366141614825 -30.7321573378207 -34.7755152650087 0.000356755794284901 -47.8146154769844 -39.1114046533304 -23.6120135490378 9.80815767582853e-09 -5.9799910979626 
<X>
1.87567125334079e-10 1.56492024673425e-10 1.26346935328712e-10 5.26651713219852e-10 7.91221883363155e-18 3.84712896036329e-25 5.29270392566231e-32 2.16357140699674e-15 2.47565978135784e-22 7.46238204681779e-20 2.44361869489062e-12 4.9624266856814e-13 1.6852181683737e-16 0 1.58809134334801e-22 9.99767093539302e-10 6.14421507074346e-21 8.14159460386863e-27 2.95374515486858e-33 0 0 0 0 9.25207019340929e-27 1.54526913574162e-18 5.70483643393999e-16 1.3000401746695e-15 3.3573743337226e-16 1.9480008884563e-31 1.33634794948332e-29 1.5739234321393e-16 2.241239997191e-13 4.95310429241073e-26 3.44626392666399e-30 0 0 5.07809672972739e-28 3.9677621091252e-23 0 9.6410566986421e-19 
9.09037974138309e-34 3.20766385999621e-15 0 0 0 3.52742760552009e-18 5.40778829260563e-22 6.83446318626986e-27 5.23203558348696e-33 0 0 0 4.7242968953539e-12 6.63372393101141e-09 6.49167472040902e-07 0 1.65905928373844e-25 9.30760638129992e-32 5.95067978261822e-15 1.86373858264015e-15 1.88422030337266e-22 4.07565555582214e-28 0 6.8199095986195e-30 1.02606257604278e-15 0 0 0 0 0 0 0 0 0 0 0 0 0 0 0 
0 0 0 1e-09 0 0 0 0 0 0 0 0 0 0 0 0 0 0 0 0 0 0 9.28321133058107e-18 7.69746709147176e-10 2.30252303834448e-10 0 9.67154818796919e-21 2.11978955100634e-30 0 2.20240292391114e-29 0 5.9431842597427e-10 5.56021927442368e-11 9.99967723207027e-10 1.3807954326052e-19 1.10523967895268e-15 1.54407406685292e-19 1.3761141118273e-14 1.60262502708138e-23 1.33909836396343e-21 
1.74101181404883e-14 2.90200665256001e-23 1.64005489912645e-22 0 2.53726084143041e-29 1e-09 0.000484136114320013 2.8840110909775e-29 5.66874637294483e-08 7.07416716567336e-08 0.998589544173866 0 0 0 3.50043534490275e-10 7.67698232478468e-06 0.000344253112817084 3.18566069115001e-19 1.51382006973839e-27 4.11752578146145e-16 0 0.000999907647050981 8.29652440656088e-10 6.45221358807883e-06 1.52688772449478e-11 1.89571053919219e-07 1.00400002975276e-08 2.36768041486524e-08 0.000866164590301676 6.591100165065e-14 9.04716145685602e-12 8.63433249636467e-10 1.25076823114921e-29 0 1.11959952781708e-23 4.22413887431015e-05 1.09574219208825e-05 4.37786233912925e-11 2.17613792182523e-12 1.17189426810847e-30 
3.14835422639807e-13 0 2.32422534441011e-05 9.23193411799285e-06 6.17479535640959e-25 3.74981134956607e-18 4.61592654477464e-20 7.01595970597327e-18 1.43616798324583e-16 5.41423745766048e-20 2.84660460507034e-16 4.77865002304475e-26 9.95589550191971e-21 1.32058667823092e-14 1.18789345061412e-13 9.87671424654768e-14 2.64002509558633e-13 3.42630679172125e-21 9.54165577475147e-29 2.38634128234298e-26 8.43491734425473e-14 2.56950027826091e-17 5.07352262510894e-20 2.66609478835577e-15 1.00497851689295e-21 4.50777802564297e-27 2.43812321377125e-32 1.59035953903109e-31 2.48691923965541e-17 1.91647475220536e-13 0 1.67846083136654e-28 9.99999864168793e-10 1.35829908589173e-16 0 1.29826545972481e-21 5.37687183634437e-06 1.99999992916116 0 4.52383373806731e-11 
2.36463018987772e-16 2.87305688506765e-20 4.73654350661351e-13 7.56808499058678e-12 7.9966767911509e-12 1.43173419577901e-18 6.59156365867259e-26 4.63372817351878e-15 1.95500998741564e-23 7.13608146870815e-20 0 0 5.50885606655603e-12 3.1625218290023e-16 2.05710036545629e-11 0 2.91273739622154e-34 1.68103407659121e-22 9.12637786719276e-10 2.25672356134996e-11 8.42506177589316e-17 3.65185474490015e-11 1.27831586417487e-11 8.37956153999912e-13 1.00815636101766e-11 2.09620558116422e-20 1.72383693773801e-17 1.49670248244098e-21 4.53348777801535e-16 9.48872824003858e-13 1.70884764034046e-12 3.83677173051869e-16 7.17627453108334e-21 2.20131282710191e-22 0 3.65155459452963e-12 4.25443105175508e-34 5.64575751786943e-24 6.70756211683973e-21 2.42398468782236e-22 
2.34224971761504e-32 1.76733020675034e-16 1.01814385308737e-21 1.12124902065876e-23 5.56245964996121e-28 0 0 0 8.51667366838447e-29 0 0 0 1.62904348980568e-18 7.91800363924958e-18 6.36499225532348e-15 1.41719527121453e-11 9.00526222303538e-14 1.24743176589316e-30 0 1.2773036040568e-20 3.17590055765494e-19 1.06743990407719e-19 5.771126615827e-21 4.14486463401025e-25 0 2.42437663369637e-23 0 2.98219321348223e-23 6.52594043231328e-34 1e-09 4.84982961914465e-19 1.29101348544958e-27 3.33374857998662e-32 0 0 1.50737090366028e-33 9.07772913597713e-30 9.96059326786417e-30 3.32308698284129e-25 1.36087582617972e-15 
2.25758617437483e-27 4.56584026957375e-27 6.15405366561903e-13 1.40022235488759e-12 9.64915296651672e-33 0 0 0 7.87013088401916e-32 0 0 0 0 3.54330424714359e-15 9.38092736936815e-12 1.30780743554003e-25 1.28920141571321e-20 2.47543859693193e-31 8.62205477907899e-31 0 0 0 9.92497824062103e-19 3.11177851196341e-25 9.95162857236909e-16 0 1.02832227361153e-11 4.43829125206665e-11 4.24702070671992e-17 5.58174470434665e-13 9.54264851925326e-18 1.43273214195735e-25 4.32943187936989e-22 1.38316086494014e-12 1.12974199969666e-13 3.27186120752497e-18 3.45461699291877e-12 0 4.33651054669937e-23 9.50108105665877e-10 
1.70004521250127e-10 7.45361095406798e-07 5.13442151073291e-25 5.33657234153172e-28 2.20121065314229e-33 0 0 4.01823799624083e-16 3.93679057230794e-24 1.59686710759217e-10 7.12282084785476e-08 8.10911284565798e-24 3.91234412043652e-24 2.38435756197348e-24 7.12390154209309e-26 0 4.37910268497604e-17 6.4681687681992e-17 6.97341870024249e-18 6.64312318901097e-08 9.46073515391021e-16 2.33873947653333e-29 0 0 2.40613167834372e-18 3.575192169332e-17 2.91952409229779e-26 0 0 0 0 1.30736899040321e-09 8.41291425263957e-14 2.89932912365899e-11 3.95911771844154e-13 1.59940721367206e-12 0 0 1.08491178449925e-07 9.96993643628693e-19 
8.76342999918158e-16 5.66188392462549e-21 5.57058738529479e-08 0 0 0 7.17187032393385e-33 4.01073194735049e-19 0 0 2.14557651341632e-20 1.30065106960577e-06 1.3251126175113e-17 3.90393318330894e-23 9.64483999026554e-16 3.22708331997257e-21 3.11974958126772e-29 2.46098437361865e-06 3.4885853060291e-12 4.42148458009485e-17 1.76988135889047e-08 0 0 0 0 2.32748253764186e-13 1.48760865283163e-18 2.93443302252458e-24 6.34356189131219e-30 0 1.17762612733148e-10 7.68075908391448e-15 5.42902202904928e-24 0 0 0 0.000133795890355389 1.38041733793972e-08 5.69405319168152e-20 1.33323247644728e-14 
0 0 0 1.42761976735296e-17 4.47746691330012e-11 4.32500636448975e-14 1.29064585401217e-19 2.81911847082342e-26 8.11715892923606e-13 0 4.9427312145162e-30 9.49238699531493e-08 3.82014053161436e-06 2.69948159593874e-18 8.89850296703081e-20 7.25953798914238e-14 9.9389339390921e-10 0 0 0 1.76773103868918e-30 3.97812391577226e-12 0 0 0 0 4.98597402179033e-30 1.2930198297228e-28 2.89772510411343e-27 0 0 0 0 1.30101920231354e-16 0 0 2.64159977534549e-32 0 0 0 
6.22139951940121e-31 0 1.37673345516657e-15 6.31745565327263e-15 0 0 3.35325072217608e-11 3.69459045284812e-17 4.85570051683546e-13 8.2247317476418e-18 1.2129932256022e-25 3.76628329760956e-22 2.04340553165109e-12 1.66901833485019e-13 4.83366640945066e-18 1.10872365645828e-10 0 3.77243984366356e-23 8.52899199710875e-10 1e-09 0 0 0 0.00301474541824181 4.61865311178582e-10 1.30846162851609e-14 0 0 2.24518930291398e-09 1.0504856142932e-16 4.87281282889854e-15 9.97922333805701e-09 2.38754262892195e-18 3.08577344018819e-16 9.99982717360293e-10 2.03295040610213e-19 8.31404482758454e-23 7.36534950269064e-21 1.72824288778529e-14 1.90146791900538e-24 
8.36062183229353e-23 4.62337840454235e-05 1.38962455602956e-14 1.17741233441051e-10 2.06302615476798e-08 1.32903272202122e-08 2.49514303173416e-13 3.57301126754117e-10 5.38807261023004e-16 5.31372161957578e-12 1.21705377392424e-12 4.21435063897723e-18 7.57871447732672e-16 1.0985461056657e-07 1.50430321728701e-09 3.6215045696868e-14 3.7376428071246e-18 3.72668979764628e-17 0 2.10816843699593e-09 1.70219628406153e-10 4.91503284848897e-29 8.20737468314182e-24 0 0 0 0 0 0 0 0 0 0 0 0 0 0 0 0 0 
0 0 1.36553417981828e-10 8.68357863000806e-20 2.8405260469565e-10 7.159465649971e-10 0 0 0.00130909403286475 2.19501877296048e-14 2.48804456398495e-10 4.4191271500544e-14 8.28625152920226e-14 1.33171292431091e-09 9.92014436018497e-17 4.09181355680803e-15 3.49212889736008e-09 1.38979104038133e-18 5.93396253046751e-17 0 1.38758774561923e-19 1.02311717116479e-13 4.29945214486333e-10 5.69952473657792e-10 1.55809425828431e-14 0 0 1.24485880663938e-24 2.59352205612058e-19 5.637207628753e-16 8.10333039526969e-18 1.07689369449246e-15 9.95658662490198e-10 4.30052916698553e-12 1.92910042424347e-23 1.77207884813656e-28 5.71180844030473e-20 6.53685800416787e-25 5.91850908043409e-20 8.22894926958281e-15 
3.85370009483557e-17 0 2.1063236869415e-25 1.62899813625898e-15 2.80447144750173e-15 1.26842509515577e-28 0 0 0 0 2.62023201737201e-21 0 1.83484602017836e-15 7.52823222862199e-18 1.63881013165285e-29 0 2.21947051439649e-15 1.96856091641199e-17 2.00923181344788e-21 2.5938648051534e-34 0 0 0 5.73708252338476e-27 0 0 0 6.79581590982493e-15 1.6148438639138e-23 1.32480309615858e-32 9.27260587644577e-29 1.126640319976e-32 7.03982909263036e-26 1.10228912581766e-29 1.85717946867434e-25 4.24244301729731e-13 2.96741525554125e-24 1.24383175241201e-32 1.17052805619393e-25 1.00976009407621e-29 
5.52305100229232e-20 5.88972395886984e-19 2.71090291745197e-24 1.6163340227706e-25 1.0647544787691e-23 2.62489429758706e-31 0 0 0 0 0 5.4628250409427e-18 0 0 0 1.63585634458211e-25 0 1.02884062008305e-30 0 4.56093598074335e-21 0 1.00147857239992e-27 8.66125094453836e-29 1.63077828676745e-24 5.10577166420793e-21 0 9.7308441121975e-22 1.60258976084693e-24 1.07505783770642e-26 0 0 0 1.2059195494415e-24 8.74851055055171e-20 3.11474909766072e-28 7.15164435021855e-16 7.35378538116783e-14 8.29557428642478e-24 4.27781062842653e-26 2.58906562965298e-18 
3.52862316498979e-18 4.851527326719e-27 1.54288653106676e-23 1.06559049024908e-11 1.93000872747743e-13 9.49981707352362e-10 3.86708771525247e-11 0 2.7345214901152e-30 0 0 2.56112225952254e-28 0 0 0 0 6.29168673110738e-20 0 8.49465379529819e-23 0 0 0 1.83748161829833e-24 3.08749511743634e-21 0 0 0 4.35862963817833e-30 9.68274974628556e-21 0 6.56374169144055e-31 1.37189305081457e-31 2.22850425439556e-31 0 0 0 0 0 0 0 
1.21045103406819e-21 9.96104388679629e-29 0 5.49457365316453e-07 4.9167816943703e-26 7.92042428440421e-16 0 3.59421979838423e-26 5.86037592883444e-30 7.44720971503901e-33 0 2.83034231790298e-23 3.26821578633657e-17 2.19314075323085e-30 1.06261737465523e-19 9.05911584949725e-14 9.6473521758198e-10 3.51741584710777e-11 0 0 0 5.58990778251766e-14 2.74008297710496e-14 7.47097555541356e-21 0 2.6890178779481e-20 7.38304123213714e-17 2.30981773990301e-16 4.65961173923462e-17 6.53419919835939e-13 4.01073007779143e-12 8.23859344217085e-12 2.4196503433109e-11 5.22227838918118e-15 1.20877203262102e-12 4.51838328535257e-18 8.29401031644526e-34 5.00931623979709e-26 4.76307553582944e-24 6.54991024099896e-14 
3.37223621486512e-14 6.71452060138142e-16 1.14065892954612e-26 7.6125221708952e-31 0 0 5.91889516057348e-13 2.52630310055146e-12 0 2.68919412080784e-26 4.42849749569466e-10 0 0 6.65325626097456e-31 2.10902374505049e-28 8.71144611518551e-27 0 0 0 0 2.27713309902143e-28 2.08542627218972e-32 1.37767831718563e-33 1e-09 6.67558604543607e-33 0 4.59751830814543e-31 2.26252881433527e-29 1.16518049097181e-26 2.70233644943117e-25 1.95400462103179e-26 0 0 0 0 0 0 0 0 0 
0 0 0 0 0 1.30533308278096e-12 1.4227729385003e-33 6.82220102500262e-18 8.28828906074651e-22 1.04559824840883e-28 9.20660367785186e-33 1.13250371907966e-14 4.03705271608278e-16 5.00561369247773e-14 1.20743732876321e-13 6.44684523964563e-13 0 1.19129902748392e-30 8.94377739272862e-10 0 1.35765803251824e-11 6.51676010832242e-21 3.19913303437902e-25 1.93167565290014e-20 0 1.11861365626437e-28 0 3.56767068379788e-17 6.38511515557206e-16 3.10010595091094e-25 0 0 1.13529643135377e-24 0 0 0 1.81766711396024e-32 0 0 0 
9.22786636862902e-28 0 0 0 0 7.04924654353566e-14 3.67984771081949e-22 1.82074175238235e-17 4.22908286414643e-17 8.676653519208e-16 4.84919667462457e-13 1.79916046853335e-27 0 0 0 0 0 0 6.874085075223e-27 0 0 0 0 0 1.66742167413425e-27 0 2.78162334518942e-13 4.88600325337152e-31 2.03761637275012e-29 2.59641889520345e-16 2.08840938703711e-29 4.88924706493939e-22 0 0 0 2.90873458669458e-24 0 8.90776908720952e-11 3.76362902609268e-29 9.99977583832522e-10 
6.62935396909764e-16 9.45224054145119e-20 1.43330339062982e-14 7.42010350906317e-15 1.43001784178752e-22 4.85245343599961e-14 1.31942821043773e-16 3.07942450555581e-26 2.47457388714625e-23 2.81399529171385e-20 7.76424879498938e-14 1.03969704774637e-13 4.22157388737511e-16 1.53472642164438e-22 0 0 6.59337285992744e-20 2.20162601465032e-24 1.71991021532825e-31 2.54405631119154e-15 0.00017233154966795 1.3006696858368e-16 1.21652353158125e-05 6.81702065277399e-10 4.35990891327775e-11 3.98048005638206e-17 5.23143751634102e-13 6.92949744964109e-18 1.0555354737583e-25 4.05771956346279e-22 9.83387806062283e-13 8.0321127307539e-14 2.32619960788084e-18 8.64486544622686e-21 1.96342458492999e-29 3.59170055136463e-11 0 4.06435353865349e-23 9.18897003590338e-10 4.83242468995819e-21 
0 1.15109292882844e-29 0 0 5.38958628719159e-20 0 3.06587266997418e-19 0 8.62213779875929e-19 0 6.27747846376018e-18 0 0 1.23819863279903e-26 5.35663464196708e-33 0 0 0 1.75704852035743e-33 0 3.35589260217599e-32 2.0133259114647e-25 0 0 0 3.61684121564954e-14 1.58410611073563e-15 8.08746937435631e-10 1.86049223626852e-10 5.16587270276398e-12 0 2.76151023233178e-17 1.78591480200606e-16 4.89539314419948e-21 0 1.30196231501464e-32 9.99932703507836e-10 1.9625253729784e-19 2.7663193299751e-15 3.30271401788085e-19 
3.04942037916001e-14 2.49380397807243e-23 3.75321477227698e-21 3.40354381284203e-14 3.05301551908604e-22 3.06869548100795e-22 0 6.40318622958782e-29 7.7574264283596e-21 4.79483450446689e-14 2.20083660573653e-14 0 0 1.65193940139974e-20 0 4.26296030699712e-19 9.98830158232734e-10 1.09988417929463e-12 2.08773486220497e-21 1.72078544563533e-25 3.41153214034375e-22 1.71402636365583e-24 5.32021948711561e-29 0 0 0 0 4.91638616968511e-31 0 0 0 0 0 0 0 5.81415047258922e-13 5.75380062403838e-12 1.09851053268944e-29 2.66819814886227e-27 1.96825576570577e-29 
0 0 0 7.99922954657202e-17 1.05612637763739e-13 6.95780401700635e-13 9.82990931222511e-10 9.87232843586459e-12 1.25263260499186e-20 5.16236095308096e-17 0 0 0 0 6.20738014046307e-32 3.59211533620414e-25 8.23104775828187e-19 0 2.73226143099101e-20 9.99855858591608e-10 1.1266980971571e-13 3.1470748248474e-14 7.98497975215861e-31 8.86270727642693e-28 2.38100879951937e-32 2.06246944994935e-15 2.55719911427892e-11 7.63075033563835e-32 6.08635263011195e-28 0 3.32939700404751e-18 3.55020446508154e-17 1.63450554829565e-22 2.68428248613249e-33 0 0 0 0 0 0 
0 0 0 1.21325025277001e-13 9.3647824060518e-21 0 1.17621019611134e-19 6.51373491537736e-21 2.14108701771612e-24 1.41531313162274e-19 1.22023424585741e-25 5.25015943202051e-33 0 7.51971349568132e-28 0 6.4870710758272e-20 3.06728038926843e-21 1.01122386267672e-21 0 1.50816148135314e-19 5.38191713981345e-22 3.99899796430838e-26 1.1547651525104e-32 0 0 2.96558304097455e-20 1.71617745995314e-16 8.84417948545659e-14 3.992679557451e-24 0 0 2.3388644378814e-30 2.97005952271241e-25 3.65262627284576e-25 3.30483878355964e-22 1.9908738116265e-23 1.12113127389226e-25 0 2.77589168912724e-31 0 
2.36637010448232e-27 0 0 0 0 0 0 0 2.37736938333666e-31 0 0 0 0 0 3.29993751313751e-18 2.40195592235875e-18 5.54190243736869e-22 1.2241377590432e-17 0 2.4337736067083e-23 3.26717309906189e-25 6.13360616302877e-21 1.07155091686383e-27 0 0 0 0 0 0 6.26393536953605e-32 0 0 1.00263543067722e-18 3.45958515120309e-30 2.04412693172253e-31 1.94423407405936e-32 1.43901261252369e-30 0 0 0 
0 5.45106421758254e-12 5.70654434324767e-21 1.23345514908589e-26 7.50151131607839e-16 5.4060689984068e-12 2.73083206507374e-11 5.02737154514208e-11 1.77285004823213e-12 2.96249376517407e-17 0 1.68142749724794e-30 0 3.21138225101427e-25 3.0535204373555e-22 0 4.12034128991335e-28 8.89918714112645e-15 3.57759507063601e-17 5.07428257434464e-12 3.00210768431554e-13 2.90172464859167e-16 1.73662875319431e-23 3.37617835492307e-12 4.57194981549403e-26 1.19189978902658e-11 0 4.2689020011774e-24 0 2.68776810734528e-26 0 0 0 0 0 0 0 0 0 0 
1.42540359854153e-23 3.61814047240291e-12 1.67412314852082e-22 0 0 1.43358817611588e-32 4.94808746680258e-21 0 9.6200013304643e-31 0 0 0 9.93415985502609e-08 2.08198623355922e-05 1.94479262607255e-08 54.3970843496195 1.25036151889376 1.07973441096135e-05 0.00409709980417153 1.00240181517038 8.90170276831932e-06 5.92641105284764e-12 9.96014051793199e-10 4.1506540253212e-16 0.00049990065840145 0 0 0 0 0 0 0 0 0 0 0 0 0 0 0 
0 0 0 0 0 0 0 0 0.0179631537684767 0 0 0 0 0 0 0 0 0 0 0 0 0 0 0 0 0 0 0 0 0 0 0 0 0 0 0 0 0 0 0 
0 0 0 0 0 0 0 0.214370128000192 0 0.000325070967266182 0 0 0 0 0 0 0 0 0 0 0 0 0 0 0 0.00450615052513653 0 0 0 0 0.000988491483230943 0 0 0 0 0 3.29281684919402e-10 0 0 0 
0 0 0.0116905065930739 0 0 0 0 0 0 0 0 0 0 9.99226237102903e-10 0 0 0 0 0 0 0 0 0 0 0 0 0 0 9.10901324927681e-10 0 0 0 0 0 0 0 0 0 0 0 
0 0 0 0 0 0 0 0 0 0 0 0 0 0 0 0 0 0 4.9429827445651e-10 0 0 0 0 0 0 0 0 0 0 0 0 0 4.92865721471195e-10 0 0.231743508239798 0 0 0 0 0 
0 0 0 0.0401187444813399 0 0 0 0 0 0 0 0 0 0 0 0 0 0.218016188351048 0 0 0 0 0 0 0 0 0 0 0 0 0 0 0 0 0 0 0 0 0 0 
0 0 0 0 0 0 0 0 0 0 0 0 0 0 0 0 0 0 0 0 0 0 0 0 0 0 0 0 0 0 0 0 0 0 0 0 0 0 0 0 
0 0 0 0 0 0 0 0 0 0 0 0 0 0 0 0 0 0 0 0 0 0 0 0 0 0 0 0 0 0 0 0 0 0 0 0 0 0 0 0 
0 0 0 0 0 0 0 0 0 0 0 0 0 0 0 0 0 0 0 0 0 0 0 0 0 0 0 0 0 0 0 0 0 0 0 0 0 0 0 0 
0 0 0 0 0 0 0 9.58385017414206e-10 0 0 0 0 5.57150250430534e-10 0 0 0 0 0 0 0 0 0 0 0 0 0 0 0 0 0 0 0 0 8.33333333333333e-08 0 0 0 0 0 0 
0 0 0 0 0 0 0 0 0 0 0 0 0 0 0 0 0 0 0 0 0 0 0 0 0 0 0 0 0 0 0 0 0 9.74215945844332e-10 0 0 0 0 0 0 
8.89108306127978e-10 0 0 0 9.96381708820723e-10 0 
<Y>
1.87567125334079e-10 1.56492024673425e-10 1.26346935328712e-10 5.26651713219852e-10 7.91221883363155e-18 3.84712896036329e-25 5.29270392566231e-32 2.16357140699674e-15 2.47565978135784e-22 7.46238204681779e-20 2.44361869489062e-12 4.9624266856814e-13 1.6852181683737e-16 0 1.58809134334801e-22 9.99767093539302e-10 6.14421507074346e-21 8.14159460386863e-27 2.95374515486858e-33 0 0 0 0 9.25207019340929e-27 1.54526913574162e-18 5.70483643393999e-16 1.3000401746695e-15 3.3573743337226e-16 1.9480008884563e-31 1.33634794948332e-29 1.5739234321393e-16 2.241239997191e-13 4.95310429241073e-26 3.44626392666399e-30 0 0 5.07809672972739e-28 3.9677621091252e-23 0 9.6410566986421e-19 
9.09037974138309e-34 3.20766385999621e-15 0 0 0 3.52742760552009e-18 5.40778829260563e-22 6.83446318626986e-27 5.23203558348696e-33 0 0 0 4.7242968953539e-12 6.63372393101141e-09 6.49167472040902e-07 0 1.65905928373844e-25 9.30760638129992e-32 5.95067978261822e-15 1.86373858264015e-15 1.88422030337266e-22 4.07565555582214e-28 0 6.8199095986195e-30 1.02606257604278e-15 0 0 0 0 0 0 0 0 0 0 0 0 0 0 0 
0 0 0 1e-09 0 0 0 0 0 0 0 0 0 0 0 0 0 0 0 0 0 0 9.28321133058107e-18 7.69746709147176e-10 2.30252303834448e-10 0 9.67154818796919e-21 2.11978955100634e-30 0 2.20240292391114e-29 0 5.9431842597427e-10 5.56021927442368e-11 9.99967723207027e-10 1.3807954326052e-19 1.10523967895268e-15 1.54407406685292e-19 1.3761141118273e-14 1.60262502708138e-23 1.33909836396343e-21 
1.74101181404883e-14 2.90200665256001e-23 1.64005489912645e-22 0 2.53726084143041e-29 1e-09 0.000484136114320013 2.8840110909775e-29 5.66874637294483e-08 7.07416716567336e-08 0.998589544173866 0 0 0 3.50043534490275e-10 7.67698232478468e-06 0.000344253112817084 3.18566069115001e-19 1.51382006973839e-27 4.11752578146145e-16 0 0.000999907647050981 8.29652440656088e-10 6.45221358807883e-06 1.52688772449478e-11 1.89571053919219e-07 1.00400002975276e-08 2.36768041486524e-08 0.000866164590301676 6.591100165065e-14 9.04716145685602e-12 8.63433249636467e-10 1.25076823114921e-29 0 1.11959952781708e-23 4.22413887431015e-05 1.09574219208825e-05 4.37786233912925e-11 2.17613792182523e-12 1.17189426810847e-30 
3.14835422639807e-13 0 2.32422534441011e-05 9.23193411799285e-06 6.17479535640959e-25 3.74981134956607e-18 4.61592654477464e-20 7.01595970597327e-18 1.43616798324583e-16 5.41423745766048e-20 2.84660460507034e-16 4.77865002304475e-26 9.95589550191971e-21 1.32058667823092e-14 1.18789345061412e-13 9.87671424654768e-14 2.64002509558633e-13 3.42630679172125e-21 9.54165577475147e-29 2.38634128234298e-26 8.43491734425473e-14 2.56950027826091e-17 5.07352262510894e-20 2.66609478835577e-15 1.00497851689295e-21 4.50777802564297e-27 2.43812321377125e-32 1.59035953903109e-31 2.48691923965541e-17 1.91647475220536e-13 0 1.67846083136654e-28 9.99999864168793e-10 1.35829908589173e-16 0 1.29826545972481e-21 5.37687183634437e-06 1.99999992916116 0 4.52383373806731e-11 
2.36463018987772e-16 2.87305688506765e-20 4.73654350661351e-13 7.56808499058678e-12 7.9966767911509e-12 1.43173419577901e-18 6.59156365867259e-26 4.63372817351878e-15 1.95500998741564e-23 7.13608146870815e-20 0 0 5.50885606655603e-12 3.1625218290023e-16 2.05710036545629e-11 0 2.91273739622154e-34 1.68103407659121e-22 9.12637786719276e-10 2.25672356134996e-11 8.42506177589316e-17 3.65185474490015e-11 1.27831586417487e-11 8.37956153999912e-13 1.00815636101766e-11 2.09620558116422e-20 1.72383693773801e-17 1.49670248244098e-21 4.53348777801535e-16 9.48872824003858e-13 1.70884764034046e-12 3.83677173051869e-16 7.17627453108334e-21 2.20131282710191e-22 0 3.65155459452963e-12 4.25443105175508e-34 5.64575751786943e-24 6.70756211683973e-21 2.42398468782236e-22 
2.34224971761504e-32 1.76733020675034e-16 1.01814385308737e-21 1.12124902065876e-23 5.56245964996121e-28 0 0 0 8.51667366838447e-29 0 0 0 1.62904348980568e-18 7.91800363924958e-18 6.36499225532348e-15 1.41719527121453e-11 9.00526222303538e-14 1.24743176589316e-30 0 1.2773036040568e-20 3.17590055765494e-19 1.06743990407719e-19 5.771126615827e-21 4.14486463401025e-25 0 2.42437663369637e-23 0 2.98219321348223e-23 6.52594043231328e-34 1e-09 4.84982961914465e-19 1.29101348544958e-27 3.33374857998662e-32 0 0 1.50737090366028e-33 9.07772913597713e-30 9.96059326786417e-30 3.32308698284129e-25 1.36087582617972e-15 
2.25758617437483e-27 4.56584026957375e-27 6.15405366561903e-13 1.40022235488759e-12 9.64915296651672e-33 0 0 0 7.87013088401916e-32 0 0 0 0 3.54330424714359e-15 9.38092736936815e-12 1.30780743554003e-25 1.28920141571321e-20 2.47543859693193e-31 8.62205477907899e-31 0 0 0 9.92497824062103e-19 3.11177851196341e-25 9.95162857236909e-16 0 1.02832227361153e-11 4.43829125206665e-11 4.24702070671992e-17 5.58174470434665e-13 9.54264851925326e-18 1.43273214195735e-25 4.32943187936989e-22 1.38316086494014e-12 1.12974199969666e-13 3.27186120752497e-18 3.45461699291877e-12 0 4.33651054669937e-23 9.50108105665877e-10 
1.70004521250127e-10 7.45361095406798e-07 5.13442151073291e-25 5.33657234153172e-28 2.20121065314229e-33 0 0 4.01823799624083e-16 3.93679057230794e-24 1.59686710759217e-10 7.12282084785476e-08 8.10911284565798e-24 3.91234412043652e-24 2.38435756197348e-24 7.12390154209309e-26 0 4.37910268497604e-17 6.4681687681992e-17 6.97341870024249e-18 6.64312318901097e-08 9.46073515391021e-16 2.33873947653333e-29 0 0 2.40613167834372e-18 3.575192169332e-17 2.91952409229779e-26 0 0 0 0 1.30736899040321e-09 8.41291425263957e-14 2.89932912365899e-11 3.95911771844154e-13 1.59940721367206e-12 0 0 1.08491178449925e-07 9.96993643628693e-19 
8.76342999918158e-16 5.66188392462549e-21 5.57058738529479e-08 0 0 0 7.17187032393385e-33 4.01073194735049e-19 0 0 2.14557651341632e-20 1.30065106960577e-06 1.3251126175113e-17 3.90393318330894e-23 9.64483999026554e-16 3.22708331997257e-21 3.11974958126772e-29 2.46098437361865e-06 3.4885853060291e-12 4.42148458009485e-17 1.76988135889047e-08 0 0 0 0 2.32748253764186e-13 1.48760865283163e-18 2.93443302252458e-24 6.34356189131219e-30 0 1.17762612733148e-10 7.68075908391448e-15 5.42902202904928e-24 0 0 0 0.000133795890355389 1.38041733793972e-08 5.69405319168152e-20 1.33323247644728e-14 
0 0 0 1.42761976735296e-17 4.47746691330012e-11 4.32500636448975e-14 1.29064585401217e-19 2.81911847082342e-26 8.11715892923606e-13 0 4.9427312145162e-30 9.49238699531493e-08 3.82014053161436e-06 2.69948159593874e-18 8.89850296703081e-20 7.25953798914238e-14 9.9389339390921e-10 0 0 0 1.76773103868918e-30 3.97812391577226e-12 0 0 0 0 4.98597402179033e-30 1.2930198297228e-28 2.89772510411343e-27 0 0 0 0 1.30101920231354e-16 0 0 2.64159977534549e-32 0 0 0 
6.22139951940121e-31 0 1.37673345516657e-15 6.31745565327263e-15 0 0 3.35325072217608e-11 3.69459045284812e-17 4.85570051683546e-13 8.2247317476418e-18 1.2129932256022e-25 3.76628329760956e-22 2.04340553165109e-12 1.66901833485019e-13 4.83366640945066e-18 1.10872365645828e-10 0 3.77243984366356e-23 8.52899199710875e-10 1e-09 0 0 0 0.00301474541824181 4.61865311178582e-10 1.30846162851609e-14 0 0 2.24518930291398e-09 1.0504856142932e-16 4.87281282889854e-15 9.97922333805701e-09 2.38754262892195e-18 3.08577344018819e-16 9.99982717360293e-10 2.03295040610213e-19 8.31404482758454e-23 7.36534950269064e-21 1.72824288778529e-14 1.90146791900538e-24 
8.36062183229353e-23 4.62337840454235e-05 1.38962455602956e-14 1.17741233441051e-10 2.06302615476798e-08 1.32903272202122e-08 2.49514303173416e-13 3.57301126754117e-10 5.38807261023004e-16 5.31372161957578e-12 1.21705377392424e-12 4.21435063897723e-18 7.57871447732672e-16 1.0985461056657e-07 1.50430321728701e-09 3.6215045696868e-14 3.7376428071246e-18 3.72668979764628e-17 0 2.10816843699593e-09 1.70219628406153e-10 4.91503284848897e-29 8.20737468314182e-24 0 0 0 0 0 0 0 0 0 0 0 0 0 0 0 0 0 
0 0 1.36553417981828e-10 8.68357863000806e-20 2.8405260469565e-10 7.159465649971e-10 0 0 0.00130909403286475 2.19501877296048e-14 2.48804456398495e-10 4.4191271500544e-14 8.28625152920226e-14 1.33171292431091e-09 9.92014436018497e-17 4.09181355680803e-15 3.49212889736008e-09 1.38979104038133e-18 5.93396253046751e-17 0 1.38758774561923e-19 1.02311717116479e-13 4.29945214486333e-10 5.69952473657792e-10 1.55809425828431e-14 0 0 1.24485880663938e-24 2.59352205612058e-19 5.637207628753e-16 8.10333039526969e-18 1.07689369449246e-15 9.95658662490198e-10 4.30052916698553e-12 1.92910042424347e-23 1.77207884813656e-28 5.71180844030473e-20 6.53685800416787e-25 5.91850908043409e-20 8.22894926958281e-15 
3.85370009483557e-17 0 2.1063236869415e-25 1.62899813625898e-15 2.80447144750173e-15 1.26842509515577e-28 0 0 0 0 2.62023201737201e-21 0 1.83484602017836e-15 7.52823222862199e-18 1.63881013165285e-29 0 2.21947051439649e-15 1.96856091641199e-17 2.00923181344788e-21 2.5938648051534e-34 0 0 0 5.73708252338476e-27 0 0 0 6.79581590982493e-15 1.6148438639138e-23 1.32480309615858e-32 9.27260587644577e-29 1.126640319976e-32 7.03982909263036e-26 1.10228912581766e-29 1.85717946867434e-25 4.24244301729731e-13 2.96741525554125e-24 1.24383175241201e-32 1.17052805619393e-25 1.00976009407621e-29 
5.52305100229232e-20 5.88972395886984e-19 2.71090291745197e-24 1.6163340227706e-25 1.0647544787691e-23 2.62489429758706e-31 0 0 0 0 0 5.4628250409427e-18 0 0 0 1.63585634458211e-25 0 1.02884062008305e-30 0 4.56093598074335e-21 0 1.00147857239992e-27 8.66125094453836e-29 1.63077828676745e-24 5.10577166420793e-21 0 9.7308441121975e-22 1.60258976084693e-24 1.07505783770642e-26 0 0 0 1.2059195494415e-24 8.74851055055171e-20 3.11474909766072e-28 7.15164435021855e-16 7.35378538116783e-14 8.29557428642478e-24 4.27781062842653e-26 2.58906562965298e-18 
3.52862316498979e-18 4.851527326719e-27 1.54288653106676e-23 1.06559049024908e-11 1.93000872747743e-13 9.49981707352362e-10 3.86708771525247e-11 0 2.7345214901152e-30 0 0 2.56112225952254e-28 0 0 0 0 6.29168673110738e-20 0 8.49465379529819e-23 0 0 0 1.83748161829833e-24 3.08749511743634e-21 0 0 0 4.35862963817833e-30 9.68274974628556e-21 0 6.56374169144055e-31 1.37189305081457e-31 2.22850425439556e-31 0 0 0 0 0 0 0 
1.21045103406819e-21 9.96104388679629e-29 0 5.49457365316453e-07 4.9167816943703e-26 7.92042428440421e-16 0 3.59421979838423e-26 5.86037592883444e-30 7.44720971503901e-33 0 2.83034231790298e-23 3.26821578633657e-17 2.19314075323085e-30 1.06261737465523e-19 9.05911584949725e-14 9.6473521758198e-10 3.51741584710777e-11 0 0 0 5.58990778251766e-14 2.74008297710496e-14 7.47097555541356e-21 0 2.6890178779481e-20 7.38304123213714e-17 2.30981773990301e-16 4.65961173923462e-17 6.53419919835939e-13 4.01073007779143e-12 8.23859344217085e-12 2.4196503433109e-11 5.22227838918118e-15 1.20877203262102e-12 4.51838328535257e-18 8.29401031644526e-34 5.00931623979709e-26 4.76307553582944e-24 6.54991024099896e-14 
3.37223621486512e-14 6.71452060138142e-16 1.14065892954612e-26 7.6125221708952e-31 0 0 5.91889516057348e-13 2.52630310055146e-12 0 2.68919412080784e-26 4.42849749569466e-10 0 0 6.65325626097456e-31 2.10902374505049e-28 8.71144611518551e-27 0 0 0 0 2.27713309902143e-28 2.08542627218972e-32 1.37767831718563e-33 1e-09 6.67558604543607e-33 0 4.59751830814543e-31 2.26252881433527e-29 1.16518049097181e-26 2.70233644943117e-25 1.95400462103179e-26 0 0 0 0 0 0 0 0 0 
0 0 0 0 0 1.30533308278096e-12 1.4227729385003e-33 6.82220102500262e-18 8.28828906074651e-22 1.04559824840883e-28 9.20660367785186e-33 1.13250371907966e-14 4.03705271608278e-16 5.00561369247773e-14 1.20743732876321e-13 6.44684523964563e-13 0 1.19129902748392e-30 8.94377739272862e-10 0 1.35765803251824e-11 6.51676010832242e-21 3.19913303437902e-25 1.93167565290014e-20 0 1.11861365626437e-28 0 3.56767068379788e-17 6.38511515557206e-16 3.10010595091094e-25 0 0 1.13529643135377e-24 0 0 0 1.81766711396024e-32 0 0 0 
9.22786636862902e-28 0 0 0 0 7.04924654353566e-14 3.67984771081949e-22 1.82074175238235e-17 4.22908286414643e-17 8.676653519208e-16 4.84919667462457e-13 1.79916046853335e-27 0 0 0 0 0 0 6.874085075223e-27 0 0 0 0 0 1.66742167413425e-27 0 2.78162334518942e-13 4.88600325337152e-31 2.03761637275012e-29 2.59641889520345e-16 2.08840938703711e-29 4.88924706493939e-22 0 0 0 2.90873458669458e-24 0 8.90776908720952e-11 3.76362902609268e-29 9.99977583832522e-10 
6.62935396909764e-16 9.45224054145119e-20 1.43330339062982e-14 7.42010350906317e-15 1.43001784178752e-22 4.85245343599961e-14 1.31942821043773e-16 3.07942450555581e-26 2.47457388714625e-23 2.81399529171385e-20 7.76424879498938e-14 1.03969704774637e-13 4.22157388737511e-16 1.53472642164438e-22 0 0 6.59337285992744e-20 2.20162601465032e-24 1.71991021532825e-31 2.54405631119154e-15 0.00017233154966795 1.3006696858368e-16 1.21652353158125e-05 6.81702065277399e-10 4.35990891327775e-11 3.98048005638206e-17 5.23143751634102e-13 6.92949744964109e-18 1.0555354737583e-25 4.05771956346279e-22 9.83387806062283e-13 8.0321127307539e-14 2.32619960788084e-18 8.64486544622686e-21 1.96342458492999e-29 3.59170055136463e-11 0 4.06435353865349e-23 9.18897003590338e-10 4.83242468995819e-21 
0 1.15109292882844e-29 0 0 5.38958628719159e-20 0 3.06587266997418e-19 0 8.62213779875929e-19 0 6.27747846376018e-18 0 0 1.23819863279903e-26 5.35663464196708e-33 0 0 0 1.75704852035743e-33 0 3.35589260217599e-32 2.0133259114647e-25 0 0 0 3.61684121564954e-14 1.58410611073563e-15 8.08746937435631e-10 1.86049223626852e-10 5.16587270276398e-12 0 2.76151023233178e-17 1.78591480200606e-16 4.89539314419948e-21 0 1.30196231501464e-32 9.99932703507836e-10 1.9625253729784e-19 2.7663193299751e-15 3.30271401788085e-19 
3.04942037916001e-14 2.49380397807243e-23 3.75321477227698e-21 3.40354381284203e-14 3.05301551908604e-22 3.06869548100795e-22 0 6.40318622958782e-29 7.7574264283596e-21 4.79483450446689e-14 2.20083660573653e-14 0 0 1.65193940139974e-20 0 4.26296030699712e-19 9.98830158232734e-10 1.09988417929463e-12 2.08773486220497e-21 1.72078544563533e-25 3.41153214034375e-22 1.71402636365583e-24 5.32021948711561e-29 0 0 0 0 4.91638616968511e-31 0 0 0 0 0 0 0 5.81415047258922e-13 5.75380062403838e-12 1.09851053268944e-29 2.66819814886227e-27 1.96825576570577e-29 
0 0 0 7.99922954657202e-17 1.05612637763739e-13 6.95780401700635e-13 9.82990931222511e-10 9.87232843586459e-12 1.25263260499186e-20 5.16236095308096e-17 0 0 0 0 6.20738014046307e-32 3.59211533620414e-25 8.23104775828187e-19 0 2.73226143099101e-20 9.99855858591608e-10 1.1266980971571e-13 3.1470748248474e-14 7.98497975215861e-31 8.86270727642693e-28 2.38100879951937e-32 2.06246944994935e-15 2.55719911427892e-11 7.63075033563835e-32 6.08635263011195e-28 0 3.32939700404751e-18 3.55020446508154e-17 1.63450554829565e-22 2.68428248613249e-33 0 0 0 0 0 0 
0 0 0 1.21325025277001e-13 9.3647824060518e-21 0 1.17621019611134e-19 6.51373491537736e-21 2.14108701771612e-24 1.41531313162274e-19 1.22023424585741e-25 5.25015943202051e-33 0 7.51971349568132e-28 0 6.4870710758272e-20 3.06728038926843e-21 1.01122386267672e-21 0 1.50816148135314e-19 5.38191713981345e-22 3.99899796430838e-26 1.1547651525104e-32 0 0 2.96558304097455e-20 1.71617745995314e-16 8.84417948545659e-14 3.992679557451e-24 0 0 2.3388644378814e-30 2.97005952271241e-25 3.65262627284576e-25 3.30483878355964e-22 1.9908738116265e-23 1.12113127389226e-25 0 2.77589168912724e-31 0 
2.36637010448232e-27 0 0 0 0 0 0 0 2.37736938333666e-31 0 0 0 0 0 3.29993751313751e-18 2.40195592235875e-18 5.54190243736869e-22 1.2241377590432e-17 0 2.4337736067083e-23 3.26717309906189e-25 6.13360616302877e-21 1.07155091686383e-27 0 0 0 0 0 0 6.26393536953605e-32 0 0 1.00263543067722e-18 3.45958515120309e-30 2.04412693172253e-31 1.94423407405936e-32 1.43901261252369e-30 0 0 0 
0 5.45106421758254e-12 5.70654434324767e-21 1.23345514908589e-26 7.50151131607839e-16 5.4060689984068e-12 2.73083206507374e-11 5.02737154514208e-11 1.77285004823213e-12 2.96249376517407e-17 0 1.68142749724794e-30 0 3.21138225101427e-25 3.0535204373555e-22 0 4.12034128991335e-28 8.89918714112645e-15 3.57759507063601e-17 5.07428257434464e-12 3.00210768431554e-13 2.90172464859167e-16 1.73662875319431e-23 3.37617835492307e-12 4.57194981549403e-26 1.19189978902658e-11 0 4.2689020011774e-24 0 2.68776810734528e-26 0 0 0 0 0 0 0 0 0 0 
1.42540359854153e-23 3.61814047240291e-12 1.67412314852082e-22 0 0 1.43358817611588e-32 4.94808746680258e-21 0 9.6200013304643e-31 0 0 0 9.93415985502609e-08 2.08198623355922e-05 1.94479262607255e-08 54.3970843496195 1.25036151889376 1.07973441096135e-05 0.00409709980417153 1.00240181517038 8.90170276831932e-06 5.92641105284764e-12 9.96014051793199e-10 4.1506540253212e-16 0.00049990065840145 0 0 0 0 0 0 0 0 0 0 0 0 0 0 0 
0 0 0 0 0 0 0 0 0.0179631537684767 0 0 0 0 0 0 0 0 0 0 0 0 0 0 0 0 0 0 0 0 0 0 0 0 0 0 0 0 0 0 0 
0 0 0 0 0 0 0 0.214370128000192 0 0.000325070967266182 0 0 0 0 0 0 0 0 0 0 0 0 0 0 0 0.00450615052513653 0 0 0 0 0.000988491483230943 0 0 0 0 0 3.29281684919402e-10 0 0 0 
0 0 0.0116905065930739 0 0 0 0 0 0 0 0 0 0 9.99226237102903e-10 0 0 0 0 0 0 0 0 0 0 0 0 0 0 9.10901324927681e-10 0 0 0 0 0 0 0 0 0 0 0 
0 0 0 0 0 0 0 0 0 0 0 0 0 0 0 0 0 0 4.9429827445651e-10 0 0 0 0 0 0 0 0 0 0 0 0 0 4.92865721471195e-10 0 0.231743508239798 0 0 0 0 0 
0 0 0 0.0401187444813399 0 0 0 0 0 0 0 0 0 0 0 0 0 0.218016188351048 0 0 0 0 0 0 0 0 0 0 0 0 0 0 0 0 0 0 0 0 0 0 
0 0 0 0 0 0 0 0 0 0 0 0 0 0 0 0 0 0 0 0 0 0 0 0 0 0 0 0 0 0 0 0 0 0 0 0 0 0 0 0 
0 0 0 0 0 0 0 0 0 0 0 0 0 0 0 0 0 0 0 0 0 0 0 0 0 0 0 0 0 0 0 0 0 0 0 0 0 0 0 0 
0 0 0 0 0 0 0 0 0 0 0 0 0 0 0 0 0 0 0 0 0 0 0 0 0 0 0 0 0 0 0 0 0 0 0 0 0 0 0 0 
0 0 0 0 0 0 0 9.58385017414206e-10 0 0 0 0 5.57150250430534e-10 0 0 0 0 0 0 0 0 0 0 0 0 0 0 0 0 0 0 0 0 8.33333333333333e-08 0 0 0 0 0 0 
0 0 0 0 0 0 0 0 0 0 0 0 0 0 0 0 0 0 0 0 0 0 0 0 0 0 0 0 0 0 0 0 0 9.74215945844332e-10 0 0 0 0 0 0 
8.89108306127978e-10 0 0 0 9.96381708820723e-10 0 
<XY>
1.87567125334079e-10 1.56492024673425e-10 1.26346935328712e-10 5.26651713219852e-10 7.91221883363155e-18 3.84712896036329e-25 5.29270392566231e-32 2.16357140699674e-15 2.47565978135784e-22 7.46238204681779e-20 2.44361869489062e-12 4.9624266856814e-13 1.6852181683737e-16 0 1.58809134334801e-22 9.99767093539302e-10 6.14421507074346e-21 8.14159460386863e-27 2.95374515486858e-33 0 0 0 0 9.25207019340929e-27 1.54526913574162e-18 5.70483643393999e-16 1.3000401746695e-15 3.3573743337226e-16 1.9480008884563e-31 1.33634794948332e-29 1.5739234321393e-16 2.241239997191e-13 4.95310429241073e-26 3.44626392666399e-30 0 0 5.07809672972739e-28 3.9677621091252e-23 0 9.6410566986421e-19 
9.09037974138309e-34 3.20766385999621e-15 0 0 0 3.52742760552009e-18 5.40778829260563e-22 6.83446318626986e-27 5.23203558348696e-33 0 0 0 4.7242968953539e-12 6.63372393101141e-09 6.49167472040902e-07 0 1.65905928373844e-25 9.30760638129992e-32 5.95067978261822e-15 1.86373858264015e-15 1.88422030337266e-22 4.07565555582214e-28 0 6.8199095986195e-30 1.02606257604278e-15 0 0 0 0 0 0 0 0 0 0 0 0 0 0 0 
0 0 0 1e-09 0 0 0 0 0 0 0 0 0 0 0 0 0 0 0 0 0 0 9.28321133058107e-18 7.69746709147176e-10 2.30252303834448e-10 0 9.67154818796919e-21 2.11978955100634e-30 0 2.20240292391114e-29 0 5.9431842597427e-10 5.56021927442368e-11 9.99967723207027e-10 1.3807954326052e-19 1.10523967895268e-15 1.54407406685292e-19 1.3761141118273e-14 1.60262502708138e-23 1.33909836396343e-21 
1.74101181404883e-14 2.90200665256001e-23 1.64005489912645e-22 0 2.53726084143041e-29 1e-09 0.000484136114320013 2.8840110909775e-29 5.66874637294483e-08 7.07416716567336e-08 0.998589544173866 0 0 0 3.50043534490275e-10 7.67698232478468e-06 0.000344253112817084 3.18566069115001e-19 1.51382006973839e-27 4.11752578146145e-16 0 0.000999907647050981 8.29652440656088e-10 6.45221358807883e-06 1.52688772449478e-11 1.89571053919219e-07 1.00400002975276e-08 2.36768041486524e-08 0.000866164590301676 6.591100165065e-14 9.04716145685602e-12 8.63433249636467e-10 1.25076823114921e-29 0 1.11959952781708e-23 4.22413887431015e-05 1.09574219208825e-05 4.37786233912925e-11 2.17613792182523e-12 1.17189426810847e-30 
3.14835422639807e-13 0 2.32422534441011e-05 9.23193411799285e-06 6.17479535640959e-25 3.74981134956607e-18 4.61592654477464e-20 7.01595970597327e-18 1.43616798324583e-16 5.41423745766048e-20 2.84660460507034e-16 4.77865002304475e-26 9.95589550191971e-21 1.32058667823092e-14 1.18789345061412e-13 9.87671424654768e-14 2.64002509558633e-13 3.42630679172125e-21 9.54165577475147e-29 2.38634128234298e-26 8.43491734425473e-14 2.56950027826091e-17 5.07352262510894e-20 2.66609478835577e-15 1.00497851689295e-21 4.50777802564297e-27 2.43812321377125e-32 1.59035953903109e-31 2.48691923965541e-17 1.91647475220536e-13 0 1.67846083136654e-28 9.99999864168793e-10 1.35829908589173e-16 0 1.29826545972481e-21 5.37687183634437e-06 1.99999992916116 0 4.52383373806731e-11 
2.36463018987772e-16 2.87305688506765e-20 4.73654350661351e-13 7.56808499058678e-12 7.9966767911509e-12 1.43173419577901e-18 6.59156365867259e-26 4.63372817351878e-15 1.95500998741564e-23 7.13608146870815e-20 0 0 5.50885606655603e-12 3.1625218290023e-16 2.05710036545629e-11 0 2.91273739622154e-34 1.68103407659121e-22 9.12637786719276e-10 2.25672356134996e-11 8.42506177589316e-17 3.65185474490015e-11 1.27831586417487e-11 8.37956153999912e-13 1.00815636101766e-11 2.09620558116422e-20 1.72383693773801e-17 1.49670248244098e-21 4.53348777801535e-16 9.48872824003858e-13 1.70884764034046e-12 3.83677173051869e-16 7.17627453108334e-21 2.20131282710191e-22 0 3.65155459452963e-12 4.25443105175508e-34 5.64575751786943e-24 6.70756211683973e-21 2.42398468782236e-22 
2.34224971761504e-32 1.76733020675034e-16 1.01814385308737e-21 1.12124902065876e-23 5.56245964996121e-28 0 0 0 8.51667366838447e-29 0 0 0 1.62904348980568e-18 7.91800363924958e-18 6.36499225532348e-15 1.41719527121453e-11 9.00526222303538e-14 1.24743176589316e-30 0 1.2773036040568e-20 3.17590055765494e-19 1.06743990407719e-19 5.771126615827e-21 4.14486463401025e-25 0 2.42437663369637e-23 0 2.98219321348223e-23 6.52594043231328e-34 1e-09 4.84982961914465e-19 1.29101348544958e-27 3.33374857998662e-32 0 0 1.50737090366028e-33 9.07772913597713e-30 9.96059326786417e-30 3.32308698284129e-25 1.36087582617972e-15 
2.25758617437483e-27 4.56584026957375e-27 6.15405366561903e-13 1.40022235488759e-12 9.64915296651672e-33 0 0 0 7.87013088401916e-32 0 0 0 0 3.54330424714359e-15 9.38092736936815e-12 1.30780743554003e-25 1.28920141571321e-20 2.47543859693193e-31 8.62205477907899e-31 0 0 0 9.92497824062103e-19 3.11177851196341e-25 9.95162857236909e-16 0 1.02832227361153e-11 4.43829125206665e-11 4.24702070671992e-17 5.58174470434665e-13 9.54264851925326e-18 1.43273214195735e-25 4.32943187936989e-22 1.38316086494014e-12 1.12974199969666e-13 3.27186120752497e-18 3.45461699291877e-12 0 4.33651054669937e-23 9.50108105665877e-10 
1.70004521250127e-10 7.45361095406798e-07 5.13442151073291e-25 5.33657234153172e-28 2.20121065314229e-33 0 0 4.01823799624083e-16 3.93679057230794e-24 1.59686710759217e-10 7.12282084785476e-08 8.10911284565798e-24 3.91234412043652e-24 2.38435756197348e-24 7.12390154209309e-26 0 4.37910268497604e-17 6.4681687681992e-17 6.97341870024249e-18 6.64312318901097e-08 9.46073515391021e-16 2.33873947653333e-29 0 0 2.40613167834372e-18 3.575192169332e-17 2.91952409229779e-26 0 0 0 0 1.30736899040321e-09 8.41291425263957e-14 2.89932912365899e-11 3.95911771844154e-13 1.59940721367206e-12 0 0 1.08491178449925e-07 9.96993643628693e-19 
8.76342999918158e-16 5.66188392462549e-21 5.57058738529479e-08 0 0 0 7.17187032393385e-33 4.01073194735049e-19 0 0 2.14557651341632e-20 1.30065106960577e-06 1.3251126175113e-17 3.90393318330894e-23 9.64483999026554e-16 3.22708331997257e-21 3.11974958126772e-29 2.46098437361865e-06 3.4885853060291e-12 4.42148458009485e-17 1.76988135889047e-08 0 0 0 0 2.32748253764186e-13 1.48760865283163e-18 2.93443302252458e-24 6.34356189131219e-30 0 1.17762612733148e-10 7.68075908391448e-15 5.42902202904928e-24 0 0 0 0.000133795890355389 1.38041733793972e-08 5.69405319168152e-20 1.33323247644728e-14 
0 0 0 1.42761976735296e-17 4.47746691330012e-11 4.32500636448975e-14 1.29064585401217e-19 2.81911847082342e-26 8.11715892923606e-13 0 4.9427312145162e-30 9.49238699531493e-08 3.82014053161436e-06 2.69948159593874e-18 8.89850296703081e-20 7.25953798914238e-14 9.9389339390921e-10 0 0 0 1.76773103868918e-30 3.97812391577226e-12 0 0 0 0 4.98597402179033e-30 1.2930198297228e-28 2.89772510411343e-27 0 0 0 0 1.30101920231354e-16 0 0 2.64159977534549e-32 0 0 0 
6.22139951940121e-31 0 1.37673345516657e-15 6.31745565327263e-15 0 0 3.35325072217608e-11 3.69459045284812e-17 4.85570051683546e-13 8.2247317476418e-18 1.2129932256022e-25 3.76628329760956e-22 2.04340553165109e-12 1.66901833485019e-13 4.83366640945066e-18 1.10872365645828e-10 0 3.77243984366356e-23 8.52899199710875e-10 1e-09 0 0 0 0.00301474541824181 4.61865311178582e-10 1.30846162851609e-14 0 0 2.24518930291398e-09 1.0504856142932e-16 4.87281282889854e-15 9.97922333805701e-09 2.38754262892195e-18 3.08577344018819e-16 9.99982717360293e-10 2.03295040610213e-19 8.31404482758454e-23 7.36534950269064e-21 1.72824288778529e-14 1.90146791900538e-24 
8.36062183229353e-23 4.62337840454235e-05 1.38962455602956e-14 1.17741233441051e-10 2.06302615476798e-08 1.32903272202122e-08 2.49514303173416e-13 3.57301126754117e-10 5.38807261023004e-16 5.31372161957578e-12 1.21705377392424e-12 4.21435063897723e-18 7.57871447732672e-16 1.0985461056657e-07 1.50430321728701e-09 3.6215045696868e-14 3.7376428071246e-18 3.72668979764628e-17 0 2.10816843699593e-09 1.70219628406153e-10 4.91503284848897e-29 8.20737468314182e-24 0 0 0 0 0 0 0 0 0 0 0 0 0 0 0 0 0 
0 0 1.36553417981828e-10 8.68357863000806e-20 2.8405260469565e-10 7.159465649971e-10 0 0 0.00130909403286475 2.19501877296048e-14 2.48804456398495e-10 4.4191271500544e-14 8.28625152920226e-14 1.33171292431091e-09 9.92014436018497e-17 4.09181355680803e-15 3.49212889736008e-09 1.38979104038133e-18 5.93396253046751e-17 0 1.38758774561923e-19 1.02311717116479e-13 4.29945214486333e-10 5.69952473657792e-10 1.55809425828431e-14 0 0 1.24485880663938e-24 2.59352205612058e-19 5.637207628753e-16 8.10333039526969e-18 1.07689369449246e-15 9.95658662490198e-10 4.30052916698553e-12 1.92910042424347e-23 1.77207884813656e-28 5.71180844030473e-20 6.53685800416787e-25 5.91850908043409e-20 8.22894926958281e-15 
3.85370009483557e-17 0 2.1063236869415e-25 1.62899813625898e-15 2.80447144750173e-15 1.26842509515577e-28 0 0 0 0 2.62023201737201e-21 0 1.83484602017836e-15 7.52823222862199e-18 1.63881013165285e-29 0 2.21947051439649e-15 1.96856091641199e-17 2.00923181344788e-21 2.5938648051534e-34 0 0 0 5.73708252338476e-27 0 0 0 6.79581590982493e-15 1.6148438639138e-23 1.32480309615858e-32 9.27260587644577e-29 1.126640319976e-32 7.03982909263036e-26 1.10228912581766e-29 1.85717946867434e-25 4.24244301729731e-13 2.96741525554125e-24 1.24383175241201e-32 1.17052805619393e-25 1.00976009407621e-29 
5.52305100229232e-20 5.88972395886984e-19 2.71090291745197e-24 1.6163340227706e-25 1.0647544787691e-23 2.62489429758706e-31 0 0 0 0 0 5.4628250409427e-18 0 0 0 1.63585634458211e-25 0 1.02884062008305e-30 0 4.56093598074335e-21 0 1.00147857239992e-27 8.66125094453836e-29 1.63077828676745e-24 5.10577166420793e-21 0 9.7308441121975e-22 1.60258976084693e-24 1.07505783770642e-26 0 0 0 1.2059195494415e-24 8.74851055055171e-20 3.11474909766072e-28 7.15164435021855e-16 7.35378538116783e-14 8.29557428642478e-24 4.27781062842653e-26 2.58906562965298e-18 
3.52862316498979e-18 4.851527326719e-27 1.54288653106676e-23 1.06559049024908e-11 1.93000872747743e-13 9.49981707352362e-10 3.86708771525247e-11 0 2.7345214901152e-30 0 0 2.56112225952254e-28 0 0 0 0 6.29168673110738e-20 0 8.49465379529819e-23 0 0 0 1.83748161829833e-24 3.08749511743634e-21 0 0 0 4.35862963817833e-30 9.68274974628556e-21 0 6.56374169144055e-31 1.37189305081457e-31 2.22850425439556e-31 0 0 0 0 0 0 0 
1.21045103406819e-21 9.96104388679629e-29 0 5.49457365316453e-07 4.9167816943703e-26 7.92042428440421e-16 0 3.59421979838423e-26 5.86037592883444e-30 7.44720971503901e-33 0 2.83034231790298e-23 3.26821578633657e-17 2.19314075323085e-30 1.06261737465523e-19 9.05911584949725e-14 9.6473521758198e-10 3.51741584710777e-11 0 0 0 5.58990778251766e-14 2.74008297710496e-14 7.47097555541356e-21 0 2.6890178779481e-20 7.38304123213714e-17 2.30981773990301e-16 4.65961173923462e-17 6.53419919835939e-13 4.01073007779143e-12 8.23859344217085e-12 2.4196503433109e-11 5.22227838918118e-15 1.20877203262102e-12 4.51838328535257e-18 8.29401031644526e-34 5.00931623979709e-26 4.76307553582944e-24 6.54991024099896e-14 
3.37223621486512e-14 6.71452060138142e-16 1.14065892954612e-26 7.6125221708952e-31 0 0 5.91889516057348e-13 2.52630310055146e-12 0 2.68919412080784e-26 4.42849749569466e-10 0 0 6.65325626097456e-31 2.10902374505049e-28 8.71144611518551e-27 0 0 0 0 2.27713309902143e-28 2.08542627218972e-32 1.37767831718563e-33 1e-09 6.67558604543607e-33 0 4.59751830814543e-31 2.26252881433527e-29 1.16518049097181e-26 2.70233644943117e-25 1.95400462103179e-26 0 0 0 0 0 0 0 0 0 
0 0 0 0 0 1.30533308278096e-12 1.4227729385003e-33 6.82220102500262e-18 8.28828906074651e-22 1.04559824840883e-28 9.20660367785186e-33 1.13250371907966e-14 4.03705271608278e-16 5.00561369247773e-14 1.20743732876321e-13 6.44684523964563e-13 0 1.19129902748392e-30 8.94377739272862e-10 0 1.35765803251824e-11 6.51676010832242e-21 3.19913303437902e-25 1.93167565290014e-20 0 1.11861365626437e-28 0 3.56767068379788e-17 6.38511515557206e-16 3.10010595091094e-25 0 0 1.13529643135377e-24 0 0 0 1.81766711396024e-32 0 0 0 
9.22786636862902e-28 0 0 0 0 7.04924654353566e-14 3.67984771081949e-22 1.82074175238235e-17 4.22908286414643e-17 8.676653519208e-16 4.84919667462457e-13 1.79916046853335e-27 0 0 0 0 0 0 6.874085075223e-27 0 0 0 0 0 1.66742167413425e-27 0 2.78162334518942e-13 4.88600325337152e-31 2.03761637275012e-29 2.59641889520345e-16 2.08840938703711e-29 4.88924706493939e-22 0 0 0 2.90873458669458e-24 0 8.90776908720952e-11 3.76362902609268e-29 9.99977583832522e-10 
6.62935396909764e-16 9.45224054145119e-20 1.43330339062982e-14 7.42010350906317e-15 1.43001784178752e-22 4.85245343599961e-14 1.31942821043773e-16 3.07942450555581e-26 2.47457388714625e-23 2.81399529171385e-20 7.76424879498938e-14 1.03969704774637e-13 4.22157388737511e-16 1.53472642164438e-22 0 0 6.59337285992744e-20 2.20162601465032e-24 1.71991021532825e-31 2.54405631119154e-15 0.00017233154966795 1.3006696858368e-16 1.21652353158125e-05 6.81702065277399e-10 4.35990891327775e-11 3.98048005638206e-17 5.23143751634102e-13 6.92949744964109e-18 1.0555354737583e-25 4.05771956346279e-22 9.83387806062283e-13 8.0321127307539e-14 2.32619960788084e-18 8.64486544622686e-21 1.96342458492999e-29 3.59170055136463e-11 0 4.06435353865349e-23 9.18897003590338e-10 4.83242468995819e-21 
0 1.15109292882844e-29 0 0 5.38958628719159e-20 0 3.06587266997418e-19 0 8.62213779875929e-19 0 6.27747846376018e-18 0 0 1.23819863279903e-26 5.35663464196708e-33 0 0 0 1.75704852035743e-33 0 3.35589260217599e-32 2.0133259114647e-25 0 0 0 3.61684121564954e-14 1.58410611073563e-15 8.08746937435631e-10 1.86049223626852e-10 5.16587270276398e-12 0 2.76151023233178e-17 1.78591480200606e-16 4.89539314419948e-21 0 1.30196231501464e-32 9.99932703507836e-10 1.9625253729784e-19 2.7663193299751e-15 3.30271401788085e-19 
3.04942037916001e-14 2.49380397807243e-23 3.75321477227698e-21 3.40354381284203e-14 3.05301551908604e-22 3.06869548100795e-22 0 6.40318622958782e-29 7.7574264283596e-21 4.79483450446689e-14 2.20083660573653e-14 0 0 1.65193940139974e-20 0 4.26296030699712e-19 9.98830158232734e-10 1.09988417929463e-12 2.08773486220497e-21 1.72078544563533e-25 3.41153214034375e-22 1.71402636365583e-24 5.32021948711561e-29 0 0 0 0 4.91638616968511e-31 0 0 0 0 0 0 0 5.81415047258922e-13 5.75380062403838e-12 1.09851053268944e-29 2.66819814886227e-27 1.96825576570577e-29 
0 0 0 7.99922954657202e-17 1.05612637763739e-13 6.95780401700635e-13 9.82990931222511e-10 9.87232843586459e-12 1.25263260499186e-20 5.16236095308096e-17 0 0 0 0 6.20738014046307e-32 3.59211533620414e-25 8.23104775828187e-19 0 2.73226143099101e-20 9.99855858591608e-10 1.1266980971571e-13 3.1470748248474e-14 7.98497975215861e-31 8.86270727642693e-28 2.38100879951937e-32 2.06246944994935e-15 2.55719911427892e-11 7.63075033563835e-32 6.08635263011195e-28 0 3.32939700404751e-18 3.55020446508154e-17 1.63450554829565e-22 2.68428248613249e-33 0 0 0 0 0 0 
0 0 0 1.21325025277001e-13 9.3647824060518e-21 0 1.17621019611134e-19 6.51373491537736e-21 2.14108701771612e-24 1.41531313162274e-19 1.22023424585741e-25 5.25015943202051e-33 0 7.51971349568132e-28 0 6.4870710758272e-20 3.06728038926843e-21 1.01122386267672e-21 0 1.50816148135314e-19 5.38191713981345e-22 3.99899796430838e-26 1.1547651525104e-32 0 0 2.96558304097455e-20 1.71617745995314e-16 8.84417948545659e-14 3.992679557451e-24 0 0 2.3388644378814e-30 2.97005952271241e-25 3.65262627284576e-25 3.30483878355964e-22 1.9908738116265e-23 1.12113127389226e-25 0 2.77589168912724e-31 0 
2.36637010448232e-27 0 0 0 0 0 0 0 2.37736938333666e-31 0 0 0 0 0 3.29993751313751e-18 2.40195592235875e-18 5.54190243736869e-22 1.2241377590432e-17 0 2.4337736067083e-23 3.26717309906189e-25 6.13360616302877e-21 1.07155091686383e-27 0 0 0 0 0 0 6.26393536953605e-32 0 0 1.00263543067722e-18 3.45958515120309e-30 2.04412693172253e-31 1.94423407405936e-32 1.43901261252369e-30 0 0 0 
0 5.45106421758254e-12 5.70654434324767e-21 1.23345514908589e-26 7.50151131607839e-16 5.4060689984068e-12 2.73083206507374e-11 5.02737154514208e-11 1.77285004823213e-12 2.96249376517407e-17 0 1.68142749724794e-30 0 3.21138225101427e-25 3.0535204373555e-22 0 4.12034128991335e-28 8.89918714112645e-15 3.57759507063601e-17 5.07428257434464e-12 3.00210768431554e-13 2.90172464859167e-16 1.73662875319431e-23 3.37617835492307e-12 4.57194981549403e-26 1.19189978902658e-11 0 4.2689020011774e-24 0 2.68776810734528e-26 0 0 0 0 0 0 0 0 0 0 
1.42540359854153e-23 3.61814047240291e-12 1.67412314852082e-22 0 0 1.43358817611588e-32 4.94808746680258e-21 0 9.6200013304643e-31 0 0 0 9.93415985502609e-08 2.08198623355922e-05 1.94479262607255e-08 54.3970843496195 1.25036151889376 1.07973441096135e-05 0.00409709980417153 1.00240181517038 8.90170276831932e-06 5.92641105284764e-12 9.96014051793199e-10 4.1506540253212e-16 0.00049990065840145 0 0 0 0 0 0 0 0 0 0 0 0 0 0 0 
0 0 0 0 0 0 0 0 0.0179631537684767 0 0 0 0 0 0 0 0 0 0 0 0 0 0 0 0 0 0 0 0 0 0 0 0 0 0 0 0 0 0 0 
0 0 0 0 0 0 0 0.214370128000192 0 0.000325070967266182 0 0 0 0 0 0 0 0 0 0 0 0 0 0 0 0.00450615052513653 0 0 0 0 0.000988491483230943 0 0 0 0 0 3.29281684919402e-10 0 0 0 
0 0 0.0116905065930739 0 0 0 0 0 0 0 0 0 0 9.99226237102903e-10 0 0 0 0 0 0 0 0 0 0 0 0 0 0 9.10901324927681e-10 0 0 0 0 0 0 0 0 0 0 0 
0 0 0 0 0 0 0 0 0 0 0 0 0 0 0 0 0 0 4.9429827445651e-10 0 0 0 0 0 0 0 0 0 0 0 0 0 4.92865721471195e-10 0 0.231743508239798 0 0 0 0 0 
0 0 0 0.0401187444813399 0 0 0 0 0 0 0 0 0 0 0 0 0 0.218016188351048 0 0 0 0 0 0 0 0 0 0 0 0 0 0 0 0 0 0 0 0 0 0 
0 0 0 0 0 0 0 0 0 0 0 0 0 0 0 0 0 0 0 0 0 0 0 0 0 0 0 0 0 0 0 0 0 0 0 0 0 0 0 0 
0 0 0 0 0 0 0 0 0 0 0 0 0 0 0 0 0 0 0 0 0 0 0 0 0 0 0 0 0 0 0 0 0 0 0 0 0 0 0 0 
0 0 0 0 0 0 0 0 0 0 0 0 0 0 0 0 0 0 0 0 0 0 0 0 0 0 0 0 0 0 0 0 0 0 0 0 0 0 0 0 
0 0 0 0 0 0 0 9.58385017414206e-10 0 0 0 0 5.57150250430534e-10 0 0 0 0 0 0 0 0 0 0 0 0 0 0 0 0 0 0 0 0 8.33333333333333e-08 0 0 0 0 0 0 
0 0 0 0 0 0 0 0 0 0 0 0 0 0 0 0 0 0 0 0 0 0 0 0 0 0 0 0 0 0 0 0 0 9.74215945844332e-10 0 0 0 0 0 0 
8.89108306127978e-10 0 0 0 9.96381708820723e-10 0 
<XU>
0 0 0 0 0 0 0 0 0 0 0 0 0 0 0 0 0 0 0 0 0 0 0 0 0 0 0 0 0 0 0 0 0 0 0 0 0 0 0 0 
0 0 0 0 0 0 0 0 0 0 0 0 0 0 0 0 0 0 0 0 0 0 0 0 0 0 0 0 0 0 0 0 0 0 0 0 0 0 0 0 
0 0 0 0 0 0 0 0 0 0 0 0 0 0 0 0 0 0 0 0 0 0 0 0 0 0 0 0 0 0 0 0 0 0 0 0 0 0 0 0 
0 0 0 0 0 0 0 0 0 0 0 0 0 0 0 0 0 0 0 0 0 0 0 0 0 0 0 0 0 0 0 0 0 0 0 0 0 0 0 0 
0 0 0 0 0 0 0 0 0 0 0 0 0 0 0 0 0 0 0 0 0 0 0 0 0 0 0 0 0 0 0 0 0 0 0 0 0 0 0 0 
0 0 0 0 0 0 0 0 0 0 0 0 0 0 0 0 0 0 0 0 0 0 0 0 0 0 0 0 0 0 0 0 0 0 0 0 0 0 0 0 
0 0 0 0 0 0 0 0 0 0 0 0 0 0 0 0 0 0 0 0 0 0 0 0 0 0 0 0 0 0 0 0 0 0 0 0 0 0 0 0 
0 0 0 0 0 0 0 0 0 0 0 0 0 0 0 0 0 0 0 0 0 0 0 0 0 0 0 0 0 0 0 0 0 0 0 0 0 0 0 0 
0 0 0 0 0 0 0 0 0 0 0 0 0 0 0 0 0 0 0 0 0 0 0 0 0 0 0 0 0 0 0 0 0 0 0 0 0 0 0 0 
0 0 0 0 0 0 0 0 0 0 0 0 0 0 0 0 0 0 0 0 0 0 0 0 0 0 0 0 0 0 0 0 0 0 0 0 0 0 0 0 
0 0 0 0 0 0 0 0 0 0 0 0 0 0 0 0 0 0 0 0 0 0 0 0 0 0 0 0 0 0 0 0 0 0 0 0 0 0 0 0 
0 0 0 0 0 0 0 0 0 0 0 0 0 0 0 0 0 0 0 0 0 0 0 0 0 0 0 0 0 0 0 0 0 0 0 0 0 0 0 0 
0 0 0 0 0 0 0 0 0 0 0 0 0 0 0 0 0 0 0 0 0 0 0 0 0 0 0 0 0 0 0 0 0 0 0 0 0 0 0 0 
0 0 0 0 0 0 0 0 0 0 0 0 0 0 0 0 0 0 0 0 0 0 0 0 0 0 0 0 0 0 0 0 0 0 0 0 0 0 0 0 
0 0 0 0 0 0 0 0 0 0 0 0 0 0 0 0 0 0 0 0 0 0 0 0 0 0 0 0 0 0 0 0 0 0 0 0 0 0 0 0 
0 0 0 0 0 0 0 0 0 0 0 0 0 0 0 0 0 0 0 0 0 0 0 0 0 0 0 0 0 0 0 0 0 0 0 0 0 0 0 0 
0 0 0 0 0 0 0 0 0 0 0 0 0 0 0 0 0 0 0 0 0 0 0 0 0 0 0 0 0 0 0 0 0 0 0 0 0 0 0 0 
0 0 0 0 0 0 0 0 0 0 0 0 0 0 0 0 0 0 0 0 0 0 0 0 0 0 0 0 0 0 0 0 0 0 0 0 0 0 0 0 
0 0 0 0 0 0 0 0 0 0 0 0 0 0 0 0 0 0 0 0 0 0 0 0 0 0 0 0 0 0 0 0 0 0 0 0 0 0 0 0 
0 0 0 0 0 0 0 0 0 0 0 0 0 0 0 0 0 0 0 0 0 0 0 0 0 0 0 0 0 0 0 0 0 0 0 0 0 0 0 0 
0 0 0 0 0 0 0 0 0 0 0 0 0 0 0 0 0 0 0 0 0 0 0 0 0 0 0 0 0 0 0 0 0 0 0 0 0 0 0 0 
0 0 0 0 0 0 0 0 0 0 0 0 0 0 0 0 0 0 0 0 0 0 0 0 0 0 0 0 0 0 0 0 0 0 0 0 0 0 0 0 
0 0 0 0 0 0 0 0 0 0 0 0 0 0 0 0 0 0 0 0 0 0 0 0 0 0 0 0 0 0 0 0 0 0 0 0 0 0 0 0 
0 0 0 0 0 0 0 0 0 0 0 0 0 0 0 0 0 0 0 0 0 0 0 0 0 0 0 0 0 0 0 0 0 0 0 0 0 0 0 0 
0 0 0 0 0 0 0 0 0 0 0 0 0 0 0 0 0 0 0 0 0 0 0 0 0 0 0 0 0 0 0 0 0 0 0 0 0 0 0 0 
0 0 0 0 0 0 0 0 0 0 0 0 0 0 0 0 0 0 0 0 0 0 0 0 0 0 0 0 0 0 0 0 0 0 0 0 0 0 0 0 
0 0 0 0 0 0 0 0 0 0 0 0 0 0 0 0 0 0 0 0 0 0 0 0 0 0 0 0 0 0 0 0 0 0 0 0 0 0 0 0 
0 0 0 0 0 0 0 0 0 0 0 0 0 0 0 0 0 0 0 0 0 0 0 0 0 0 0 0 0 0 0 0 0 0 0 0 0 0 0 0 
0 0 0 0 0 0 0 0 0 0 0 0 0 0 0 0 0 0 0 0 0 0 0 0 0 0 0 0 0 0 0 0 0 0 0 0 0 0 0 0 
0 0 0 0 0 0 0 0 0 0 0 0 0 0 0 0 0 0 0 0 0 0 0 0 0 0 0 0 0 0 0 0 0 0 0 0 0 0 0 0 
0 0 0 0 0 0 0 0 0 0 0 0 0 0 0 0 0 0 0 0 0 0 0 0 0 0 0 0 0 0 0 0 0 0 0 0 0 0 0 0 
0 0 0 0 0 0 0 0 0 0 0 0 0 0 0 0 0 0 0 0 0 0 0 0 0 0 0 0 0 0 0 0 0 0 0 0 0 0 0 0 
0 0 0 0 0 0 0 0 0 0 0 0 0 0 0 0 0 0 0 0 0 0 0 0 0 0 0 0 0 0 0 0 0 0 0 0 0 0 0 0 
0 0 0 0 0 0 0 0 0 0 0 0 0 0 0 0 0 0 0 0 0 0 0 0 0 0 0 0 0 0 0 0 0 0 0 0 0 0 0 0 
0 0 0 0 0 0 0 0 0 0 0 0 0 0 0 0 0 0 0 0 0 0 0 0 0 0 0 0 0 0 0 0 0 0 0 0 0 0 0 0 
0 0 0 0 0 0 0 0 0 0 0 0 0 0 0 0 0 0 0 0 0 0 0 0 0 0 0 0 0 0 0 0 0 0 0 0 0 0 0 0 
0 0 0 0 0 0 0 0 0 0 0 0 0 0 0 0 0 0 0 0 0 0 0 0 0 0 0 0 0 0 0 0 0 0 0 0 0 0 0 0 
0 0 0 0 0 0 0 0 0 0 0 0 0 0 0 0 0 0 0 0 0 0 0 0 0 0 0 0 0 0 0 0 0 0 0 0 0 0 0 0 
0 0 0 0 0 0 0 0 0 0 0 0 0 0 0 0 0 0 0 0 0 0 0 0 0 0 0 0 0 0 0 0 0 0 0 0 0 0 0 0 
0 0 0 0 0 0 
<MU>
4.63173036091904e-14 -2.51378392909381e-14 9.70424221531623e-15 -3.08241279950048e-14 6.7629116829045e-22 -5.58445477897546e-29 -2.81951617848326e-35 1.33726501546395e-19 1.36410517035934e-25 -5.09038729414918e-23 9.00822439570612e-18 -6.87041560890861e-17 -1.73829145780436e-20 0 2.01306561412483e-27 5.29004152333661e-18 7.72090285253789e-25 1.02013224147626e-30 3.68886486977867e-37 0 0 0 0 2.00754699018225e-30 1.13603391057368e-22 1.21649814367572e-20 -2.15739803307227e-19 -1.01062241302546e-19 -5.27744345353102e-35 -1.97205355567659e-33 -2.51701614848573e-20 -3.13418681538856e-18 6.20618011180733e-30 4.30395839309117e-34 0 0 -5.97687135041917e-32 2.56259477621658e-28 0 -1.35206972574693e-22 
1.79329317021582e-37 -9.12947603273883e-19 0 0 0 1.67284247074008e-21 1.92855641985641e-25 1.20690320988784e-30 -2.08216425255828e-36 0 0 0 1.67238461014422e-16 -5.74054669372344e-13 -1.3831824225914e-10 0 5.77851291158434e-29 -3.40291920796197e-35 1.7183426048091e-18 -1.51768645234291e-20 -9.73439323828616e-27 2.65656332896209e-32 0 2.29282025248724e-33 6.10136849774889e-19 0 0 0 0 0 0 0 0 0 0 0 0 0 0 0 
0 0 0 3.16181276160256e-22 0 0 0 0 0 0 0 0 0 0 0 0 0 0 0 0 0 0 -4.50019800844487e-21 2.20226132341677e-14 -2.20223465121658e-14 0 3.85619798206252e-25 2.43342687963388e-34 0 -1.65956109646595e-33 0 4.95600495559342e-14 -2.22606219506839e-15 -8.34059284882947e-19 -5.58356721374164e-24 1.01052795469697e-19 -6.70725036957386e-24 2.91341400196014e-18 6.76512598624801e-27 4.13603659773925e-25 
-2.18044866974877e-18 5.52239851508645e-27 1.1620711929025e-26 0 -1.45842002014368e-32 7.9045319040064e-23 2.56831726742636e-12 1.23343124101742e-33 1.85521830468162e-11 -3.06154271277877e-12 4.89479725042816e-08 0 0 0 -4.73215943339937e-14 -2.54460486392153e-11 1.31998222181678e-08 -3.61871502819652e-22 -7.97138111291428e-31 -4.37204974639265e-19 0 -1.30760498586854e-11 7.53851416719632e-15 7.54772530867382e-10 4.18043076527471e-15 3.00769576956908e-11 2.61826714329751e-12 -3.26430689903996e-12 -1.10183954139675e-08 2.15794050660559e-17 1.9372972231414e-15 4.69259285924314e-15 -1.7091159768376e-32 0 -4.68823873939569e-27 -9.29357537249655e-09 6.22743673731388e-12 -1.72133383372117e-15 2.07937288304045e-16 -4.69537758481599e-34 
-7.52163581642312e-18 0 2.51348151790599e-09 -1.33628815035712e-10 -1.29416166803462e-27 -2.15539486206442e-21 -2.65324280051232e-23 -2.41436685309558e-22 -4.11845268485218e-21 -1.86298186735145e-24 -9.4632784027548e-19 -1.60250695076539e-28 -3.33879058994072e-23 -4.40381270734335e-17 -3.98446137347469e-16 -3.31292613976481e-16 -8.9947953234082e-16 -1.13737029221568e-23 -3.20006788389505e-31 -8.00302142244679e-29 -2.82860781830903e-16 -8.61551659888834e-20 -1.72754391702899e-22 -8.84956666867576e-18 -3.36992180992348e-24 -1.51145624896384e-29 -8.17445351607703e-35 -1.70055602229043e-38 -8.33978317946355e-20 -6.42714632461534e-16 0 -5.62843602215998e-31 7.74644021371781e-21 -7.57868051815456e-21 0 -1.01265240759076e-25 -4.54151211517475e-10 -1.1698706803568e-11 0 -2.31785342006436e-14 
-9.22548724496767e-20 -7.87229425026761e-24 -2.28115239715976e-16 -3.69799320413948e-15 -5.4164419228499e-15 -6.87181282914086e-22 -4.3504673763911e-29 -9.4702035148414e-19 -9.48213545906299e-27 -1.86251822525766e-23 0 0 -6.64762241798979e-15 -3.05694136723271e-19 -1.74690456135785e-14 0 -1.25819175631911e-37 -8.44592041532644e-26 5.66395362386187e-14 -6.53403358057056e-13 -2.44133973630134e-18 -1.05681406956151e-12 -3.70248975965569e-13 -2.42808217549862e-14 -2.92028862902349e-13 -6.0831239637189e-22 -4.99518706316829e-19 -4.3370175900776e-23 -1.3136707928044e-17 -2.74946272208784e-14 -4.95143339529896e-14 -1.11178235316448e-17 -2.07946896588048e-22 -1.27575334253705e-23 0 -1.05797532312102e-13 -1.23281087384039e-35 -1.63597727071478e-25 -2.89443378421768e-23 -1.03337772710991e-24 
-9.98557990339006e-35 -7.53426279053117e-19 -4.39375441618143e-24 -4.78027857770323e-26 -2.40054782926939e-30 0 0 0 -3.63076201592041e-31 0 0 0 -6.94418224574019e-21 -3.41670995351249e-20 -2.71318535047019e-17 -6.03239762016578e-14 -3.83819671081811e-16 -1.61136888374991e-37 0 -5.44474182006567e-23 -1.35360028899387e-21 -4.5502758206368e-22 -2.4603004035021e-23 -1.76676291442988e-27 0 -1.03337297678671e-25 0 -1.27110633784727e-25 -2.78186185197648e-36 7.9045319040064e-23 -5.71967344073608e-22 -1.54567548116905e-30 -4.14527526331653e-35 0 0 -1.87407821849294e-36 -1.1287115839872e-32 -1.23825500190536e-32 -8.43883398632322e-28 -1.69216700444847e-18 
-2.68787858670158e-30 -5.67858913192546e-30 -7.66224832220538e-16 -1.81943420221083e-15 -1.19986733061755e-35 0 0 0 -9.78589956042423e-35 0 0 0 0 -4.40387163432483e-18 -1.18799696947997e-14 -1.62564611686075e-28 -1.60230300602835e-23 -3.07647553835261e-34 -1.1162922636929e-33 0 0 0 -1.23377036529036e-21 -3.96762124675099e-28 -2.4739391650277e-18 0 -1.34591677141958e-15 -1.96896342661072e-14 -1.81647989348342e-20 -2.89755597155089e-16 -4.93863772463112e-21 -9.99437381864801e-29 -1.97753440878795e-26 -1.20283387055983e-15 -1.13502889985381e-16 -3.7384709260807e-21 -2.07810890546194e-15 0 -2.34179191784941e-26 2.33738626392079e-14 
-7.32848670826164e-15 2.74282496426034e-10 5.56651148841332e-28 9.52224339612615e-32 -3.78145929448686e-37 0 0 9.75160238195561e-20 -1.09287809050013e-28 4.57453661032243e-14 2.32638282368508e-11 8.08645486407332e-27 3.38188793408964e-27 4.47937182121016e-28 9.66449827832813e-30 0 5.9910674232981e-21 2.16671438458704e-20 4.04158843914155e-21 1.96225817590125e-11 1.43555047246995e-19 1.82846544093384e-32 0 0 1.42967255053555e-21 1.75610478316451e-20 1.10577144568057e-29 0 0 0 0 -5.62845926277442e-14 5.31672499313236e-17 -2.49395230240983e-17 -6.70846080476935e-17 -2.01716396739795e-16 0 0 8.53574082834649e-12 4.87143106743689e-22 
2.85731437406977e-19 2.9951730661897e-24 -3.54419360910874e-12 0 0 0 1.46217009389855e-36 1.07141063278156e-22 0 0 1.15520602744007e-23 -1.10140310393235e-10 -1.31649766769056e-22 4.3615591954619e-27 -2.61713833444248e-19 1.44119135380124e-25 5.11956571298801e-33 5.21843243996888e-10 1.28676074350144e-15 2.11504590182472e-20 2.10156934985357e-12 0 0 0 0 7.8110666340879e-17 8.63600140208283e-22 2.00753818959681e-27 -9.83484835980061e-34 0 1.62466921771535e-14 5.93191526173055e-19 1.83013337712254e-28 0 0 0 1.10188637334004e-08 2.7979661743273e-12 1.91317085465868e-23 2.94468961141194e-18 
0 0 0 4.72705580361065e-21 9.67115033328324e-15 1.82714342735544e-17 6.84034762422128e-23 -7.8172544478131e-31 1.41307282694192e-16 0 -1.05011138017854e-33 -1.93556308699912e-12 -5.58239255670028e-10 2.95348381608913e-22 1.70989072203691e-23 7.39846344286195e-18 -6.30419904412159e-16 0 0 0 8.70826882799273e-34 -2.09938031298563e-19 0 0 0 0 1.04461254794793e-33 2.03405745743383e-32 -8.62041016970238e-32 0 0 0 0 5.56643986659217e-21 0 0 2.20419525053388e-36 0 0 0 
9.2816697576717e-35 0 -4.74698242098444e-19 -5.13232704907808e-19 0 0 -1.30290568392571e-14 -1.34636474940972e-20 -2.21326036387832e-16 -3.73285086364414e-21 -7.69346421559183e-29 5.91868200401551e-27 -1.64497947335944e-15 -1.56816028504664e-16 -5.20637793526596e-21 -5.95979827377433e-14 0 -1.79798273101826e-26 7.46501840951761e-14 0 0 0 0 7.33015455247606e-13 4.22257805629373e-14 2.2527968658501e-19 0 0 4.75269353821194e-13 4.43408039768478e-20 1.50502217817629e-18 -1.25009441295164e-12 1.31803452344794e-22 2.18625232400799e-20 4.71173099010271e-18 -3.87902249649784e-23 2.28446913558018e-26 1.18972070740788e-24 -4.71144569950815e-18 -1.75187460733644e-28 
-6.39509207156947e-27 -2.94272427133939e-08 -1.15068690179828e-17 -8.17991090049455e-14 -1.34762891285145e-11 -9.11834720386476e-12 -2.07127447119261e-16 -2.04002178447944e-13 -2.20472547603649e-19 -2.81320606152962e-15 -5.20002801766783e-16 -1.48887941628125e-21 -3.57842883740768e-19 -1.00341498125079e-10 -1.03954009061696e-12 -2.64715860292592e-17 -2.22304327653834e-21 -2.66750967918953e-20 0 -1.22855742791715e-12 -1.2056253818737e-13 -2.82628448110587e-32 -4.71854811640281e-27 0 0 0 0 0 0 0 0 0 0 0 0 0 0 0 0 0 
0 0 -4.69553774827134e-15 6.79527820583496e-24 -2.51654316731598e-14 2.51653669024411e-14 0 0 1.33279349059835e-13 -8.86533001518976e-19 2.2748521505483e-14 7.61151445257368e-19 -3.60131861882828e-18 2.81910808020839e-13 4.18734452810302e-20 1.26383045500198e-18 -4.37434203983594e-13 7.67325202871336e-23 4.20458521538354e-21 0 4.99730851904832e-23 2.53707545556436e-17 5.60589832561044e-14 -5.6084354468685e-14 1.14672004500359e-18 0 0 -9.33401583633763e-29 -2.01956059103057e-24 1.9094014723803e-20 -1.62029853911344e-21 4.42444133121072e-19 8.85301041813361e-16 -8.91315122795276e-16 -2.75197781099846e-27 -4.17875958326575e-32 6.42474063659363e-24 2.62037486065715e-28 9.12418624805989e-24 2.10899146336546e-18 
8.41361753304631e-21 0 4.41550522602414e-29 -6.4784495650098e-19 -6.88951777100279e-19 -1.81234727713761e-32 0 0 0 0 -1.35221479240622e-25 0 -6.4973291906839e-19 -3.67053503869666e-21 -4.77286010764745e-33 0 -4.98353041586238e-19 -7.68473013465242e-23 -8.82484596597e-26 -1.95536599778656e-38 0 0 0 -1.62704500399386e-31 0 0 0 4.77860639775396e-18 -5.68093954983753e-27 -5.22438162690156e-36 -1.69842225199444e-32 -1.11498672391944e-36 -3.9947032432808e-30 3.01889191414576e-34 5.895520068603e-29 -3.22987576975596e-17 9.21856977906346e-28 -4.90512050704836e-36 1.42748051401331e-29 -1.85798874581839e-33 
1.40784242702422e-23 3.3337660591897e-23 1.35443973947416e-27 3.47950345787621e-29 4.91312760267356e-27 8.38217287618873e-35 0 0 0 0 0 1.00390380412736e-21 0 0 0 -1.613023845064e-29 0 -1.49034216358455e-35 0 7.83008187088762e-25 0 -5.64768868310876e-32 -8.52442307888273e-33 -1.34747317265864e-28 4.00094692300102e-25 0 9.52334788955798e-26 -2.72746364402584e-28 3.96496891474462e-31 0 0 0 -1.88356017115772e-30 2.5483948648796e-23 -3.84397878415326e-32 2.81893644811108e-20 -5.97059173841393e-18 2.08768385859072e-27 -1.50501895378477e-29 -3.63902491518617e-22 
-4.40310170322662e-22 2.60744150892745e-30 4.54303434930797e-27 1.29290018349233e-15 3.92313233578065e-17 7.31866532133245e-16 -2.02575826715981e-15 0 -6.16016780421423e-34 0 0 -4.68709891364795e-32 0 0 0 0 -2.44736517688272e-24 0 -1.38550022859629e-26 0 0 0 -1.81230442912108e-28 5.42298615960598e-25 0 0 0 6.62340226834836e-34 2.70782238972294e-24 0 -2.03420464763035e-34 -3.09437667063147e-35 -3.14774567224375e-35 0 0 0 0 0 0 0 
6.74573374840096e-25 -3.50414273383747e-32 0 -2.16457357840284e-11 7.10663481087687e-31 -2.17019084510424e-20 0 1.79045338685183e-29 2.59229127971209e-33 -2.68583983238082e-36 0 9.52804921950614e-27 2.73421437333519e-21 1.00852395710734e-33 3.99949668524865e-23 1.13021919414456e-17 4.23654922396905e-15 -4.24785360890873e-15 0 0 0 -2.85834099021957e-16 -1.40109067960311e-16 -3.8200170924502e-23 0 -1.37493803004147e-22 -3.77506726305479e-19 -1.18104716383163e-18 -2.38252050320685e-19 -3.34339460967304e-15 -2.05961542369676e-14 -4.24992946164758e-14 -1.26946935255555e-13 -2.67517417291908e-17 -6.18869902405899e-15 -2.30571629992539e-20 -4.2409245819273e-36 -2.5613783697683e-28 -2.43545498151363e-26 -3.34926538596228e-16 
-1.72432135032874e-16 -3.43318563574905e-18 -1.16647191916921e-28 -1.16771242216186e-32 0 0 -3.02833947581302e-15 -1.29523160974043e-14 0 -1.37502643348189e-28 -5.61810330869381e-10 0 0 -1.0374465077382e-30 -3.28861422755727e-28 -1.35838137116248e-26 0 0 0 0 -3.55074808251117e-28 -3.25181835097332e-32 -2.14820849551656e-33 9.880664880008e-24 4.91720107788062e-36 0 -2.20218606477593e-34 1.12516494662687e-32 2.44216101463696e-30 4.25335275650015e-29 -5.83803737427501e-31 0 0 0 0 0 0 0 0 0 
0 0 0 0 0 -2.35067615517599e-16 -5.71486885952269e-37 -3.95395291790561e-22 -8.78318880343381e-26 -6.70349177463848e-33 1.84257732115493e-37 -1.69098257968264e-18 -1.45467512791795e-19 -2.90060086122353e-17 -1.30018921480648e-17 7.52791951406389e-17 0 -2.27919351251893e-34 -4.7935560274493e-15 0 -3.61161157192379e-15 -1.45285886289066e-24 1.16346684317968e-29 -2.85285673495913e-24 0 -4.88969767655814e-32 0 -1.01047444924626e-20 7.33862712679185e-20 -9.82705863778716e-29 0 0 -4.62682438929863e-28 0 0 0 -1.92818973493356e-36 0 0 0 
-2.91661665804975e-31 0 0 0 0 -3.49619967268543e-17 -1.18897987353021e-25 -1.14630117158136e-20 -1.91081862770252e-20 -5.07181952584748e-19 -1.11360852365292e-16 -6.46159456431853e-31 0 0 0 0 0 0 -3.70722705938701e-30 0 0 0 0 0 -3.35161283116888e-31 0 -4.04543108937893e-17 -1.54989543406604e-34 -4.74337483262448e-33 -1.30336284846615e-20 -3.10107231936934e-33 -5.1853927975021e-26 0 0 0 -4.94231732461608e-28 0 8.79606601619036e-15 -1.35150678193215e-32 -2.16626745310942e-18 
6.06206526678265e-20 -4.10478140202177e-24 3.03466646773736e-18 -9.29207395129695e-19 1.01342113534068e-26 3.0963787078177e-18 -5.42581162742704e-20 3.2803703821084e-30 -2.09207390459253e-27 -4.19395363785633e-24 -4.9614401930919e-18 1.90497745605203e-17 -1.17657008416416e-19 3.48536696754059e-26 0 0 -5.83591358109675e-24 1.99180969039131e-28 4.42008070160336e-35 -8.98967208268505e-19 5.52763358759985e-08 2.01594676876748e-21 2.47220143243645e-09 -3.7097220726465e-14 -1.92402815517971e-14 -1.62115650979207e-20 -2.60880438107439e-16 -3.44461607160262e-21 -7.14740767011615e-29 -1.04744060953107e-26 -8.34704756117218e-16 -7.9012702830591e-17 -2.60889559309711e-21 -1.20448147923574e-23 -2.16763933571579e-32 -2.08642508366488e-14 0 -2.11164609724217e-26 4.12791530652805e-14 1.32709092277948e-24 
0 4.0294083298908e-33 0 0 6.88187169265926e-24 0 2.31441965039393e-23 0 2.00848081914779e-23 0 -1.02936983328043e-21 0 0 3.63969727689553e-30 -1.73888567459667e-36 0 0 0 -1.3714368910563e-37 0 -6.86475542295712e-36 -3.26440216690888e-29 0 0 0 -2.13703625844641e-18 -2.94293084412251e-19 2.03452006767433e-14 -1.84665585540855e-14 -1.87620806469014e-15 0 -2.69465670815193e-21 1.92109497554633e-21 -5.86524410763336e-25 0 3.27749678811893e-36 -2.55457278601742e-18 -7.62010799325549e-24 2.57390850182284e-19 -1.38133859102248e-23 
6.5054782917526e-18 1.0567709566857e-26 1.1653399050515e-24 -4.20796335748962e-18 5.85910376995252e-26 2.22383872887377e-26 0 -3.68055762769169e-32 -2.17948110737432e-24 1.56773149780639e-17 4.66010251328616e-18 0 0 6.13148895120664e-26 0 -1.01755595655004e-22 1.1736972555932e-16 -1.3770645597379e-16 -1.97875834353063e-24 -9.05572170366569e-29 6.39643798199252e-26 -1.6914382453159e-27 -5.45792535140641e-32 0 0 0 0 -4.45380270898003e-34 0 0 0 0 0 0 0 -2.88552618872849e-16 -4.56337699959543e-15 -1.82059876587684e-32 -4.30883787396635e-30 -5.55382957251192e-32 
0 0 0 -3.48333126960586e-20 -7.33079933795474e-17 -3.19366176078834e-16 1.34807375102178e-14 -8.23606269405306e-15 -7.11622643016334e-24 -3.57944659854188e-20 0 0 0 0 -5.36000037536918e-35 -3.00584754382333e-28 -6.88745308772356e-22 0 -2.2862407740902e-23 1.20620628441387e-16 -9.42858260649103e-17 -2.63340249716718e-17 -4.59021864141239e-34 -5.09472689904087e-31 -1.36874271749218e-35 -1.185422115868e-18 -1.50922317943511e-14 -4.38657615460335e-35 -3.49871475349999e-31 0 -1.91369954197927e-21 -2.07408902141681e-20 -9.39541221913843e-26 -1.65735362833961e-36 0 0 0 0 0 0 
0 0 0 -6.97424310463883e-17 -5.31141215221348e-24 0 -6.76087821583945e-23 -3.74413690526668e-24 -1.23064125327109e-27 -8.13523484458578e-23 -7.53345522201156e-29 -3.46487142067581e-36 0 -8.64402446000158e-31 0 -3.72835686606863e-23 -1.70925292098638e-24 -5.81253977817948e-25 0 -8.81115190741309e-23 -3.093543194392e-25 -2.46889818307463e-29 -7.62092635890258e-36 0 0 -1.7045888698384e-23 -9.86388274334733e-20 -5.08347401340096e-17 -2.29508437688697e-27 0 0 -1.34429685509174e-33 -1.70708759876156e-28 -2.09964337308429e-28 -1.86584505555279e-25 -1.144355823587e-26 -6.44426905978074e-29 0 -1.59577618299058e-34 0 
-1.36028318695556e-30 0 0 0 0 0 0 0 -2.7329095170359e-34 0 0 0 0 0 -1.89661595197173e-21 -1.38043743153153e-21 -3.18485226278659e-25 -7.03601797024585e-21 0 -1.39893904821711e-26 -1.92997668688923e-28 -3.52560510335371e-24 -6.15938909773442e-31 0 0 0 0 0 0 -3.60048188308e-35 0 0 -5.60380391958335e-22 -1.98872570811975e-33 -1.17505869159573e-34 -1.11764515133329e-35 -8.27217181441767e-34 0 0 0 
0 -1.99831629486553e-13 -2.09330789139812e-22 -9.04926481501578e-28 -2.75174800709592e-17 -1.98198969589296e-13 -1.00066389564708e-12 -1.84052349259274e-12 -6.50281905765746e-14 -1.08602932300305e-18 0 -6.16792340324191e-32 0 -1.17802018747896e-26 -1.12011133421197e-23 0 -1.51144969380179e-29 -3.26444444788284e-16 -1.31235059348827e-18 -1.86100348866072e-13 -1.10123501328718e-14 -1.06442418386368e-17 -1.27408025817396e-24 -1.23797793508508e-13 -1.67710841298527e-27 -4.3701351551212e-13 0 -1.56594326757177e-25 0 -9.29662552460475e-31 0 0 0 0 0 0 0 0 0 0 
-4.92179856693343e-28 -1.25160928888633e-16 -5.76063203947959e-27 0 0 -1.97690879243647e-36 -6.82187703161925e-25 0 -3.32484287841123e-35 0 0 0 -5.37083112147893e-15 -2.60080298745303e-09 4.90815750767466e-12 1.56088306242605e-07 1.024418707959e-07 3.53461934130175e-09 -3.50083902757855e-07 2.76789133683388e-07 -1.81050863492662e-10 6.05002217821353e-16 1.19234993085498e-18 3.2503558561254e-20 5.36907440542961e-15 0 0 0 0 0 0 0 0 0 0 0 0 0 0 0 
0 0 0 0 0 0 0 0 -4.88508047703801e-09 0 0 0 0 0 0 0 0 0 0 0 0 0 0 0 0 0 0 0 0 0 0 0 0 0 0 0 0 0 0 0 
0 0 0 0 0 0 0 -1.07246180146265e-07 0 -6.38217441919501e-09 0 0 0 0 0 0 0 0 0 0 0 0 0 0 0 1.47764183149051e-08 0 0 0 0 1.64522371284888e-11 0 0 0 0 0 -7.76292634862855e-16 0 0 0 
0 0 7.88974621921258e-08 0 0 0 0 0 0 0 0 0 0 2.60879752832865e-15 0 0 0 0 0 0 0 0 0 0 0 0 0 0 2.57960977800269e-12 0 0 0 0 0 0 0 0 0 0 0 
0 0 0 0 0 0 0 0 0 0 0 0 0 0 0 0 0 0 7.23833724527604e-15 0 0 0 0 0 0 0 0 0 0 0 0 0 3.03678622161367e-14 0 2.52319314949676e-07 0 0 0 0 0 
0 0 0 -1.93106329679047e-07 0 0 0 0 0 0 0 0 0 0 0 0 0 3.69530631955953e-10 0 0 0 0 0 0 0 0 0 0 0 0 0 0 0 0 0 0 0 0 0 0 
0 0 0 0 0 0 0 0 0 0 0 0 0 0 0 0 0 0 0 0 0 0 0 0 0 0 0 0 0 0 0 0 0 0 0 0 0 0 0 0 
0 0 0 0 0 0 0 0 0 0 0 0 0 0 0 0 0 0 0 0 0 0 0 0 0 0 0 0 0 0 0 0 0 0 0 0 0 0 0 0 
0 0 0 0 0 0 0 0 0 0 0 0 0 0 0 0 0 0 0 0 0 0 0 0 0 0 0 0 0 0 0 0 0 0 0 0 0 0 0 0 
0 0 0 0 0 0 0 2.16520440112994e-13 0 0 0 0 5.61810330869382e-10 0 0 0 0 0 0 0 0 0 0 0 0 0 0 0 0 0 0 0 0 0 0 0 0 0 0 0 
0 0 0 0 0 0 0 0 0 0 0 0 0 0 0 0 0 0 0 0 0 0 0 0 0 0 0 0 0 0 0 0 0 1.52141278642437e-14 0 0 0 0 0 0 
4.06253719082204e-12 0 0 0 1.25165555695388e-16 0 
<EMU>
3.26789937529887e-12 2.72618735213841e-12 2.20120123613785e-12 9.17476527646117e-12 1.37845952278313e-19 6.70206631047418e-27 9.21960006721713e-34 3.76922532445657e-17 4.3134328962453e-24 1.29987104539994e-21 4.25718741314768e-14 8.64488719559003e-15 2.93578416159131e-18 6.12992198082087e-38 2.76668536151533e-24 1.74170608068127e-11 1.07041521618517e-22 1.41838889263287e-28 5.14587049548334e-35 9.69550625857888e-43 2.88073505974453e-50 2.19177215856444e-59 2.01377664097102e-86 1.61187710325995e-28 2.69206733314087e-20 9.93850144332856e-18 2.26474787596457e-17 5.84851494667935e-18 3.39347045649205e-33 2.32800603085529e-31 2.74187189003498e-18 3.90448096070249e-15 8.62905662569317e-28 6.00391254821488e-32 3.96218315384113e-39 2.28909333770281e-44 8.8464259733406e-30 6.91229377057989e-25 4.16354933631355e-43 1.67953762868821e-20 
1.58370215846803e-35 5.58782337120795e-17 2.36608690092292e-94 2.3164772942123e-57 1.00231006148048e-79 6.14578938696785e-20 9.42157659966015e-24 1.19067781573493e-28 9.11413998206678e-35 5.80383836475842e-42 3.10318659172354e-50 4.78534999591938e-59 8.23030598365203e-14 1.15565090874716e-10 1.13087899789943e-08 2.80553859346068e-61 2.89044808147172e-27 1.62138277703032e-33 1.03672881537793e-16 3.24683636495443e-17 3.28249219476793e-24 7.10033157941746e-30 2.06375495306304e-43 1.18817644722176e-31 1.78770691656167e-17 5.81776878653149e-51 3.04104327500892e-56 3.69498497908159e-60 6.09135278982956e-53 3.809825806582e-52 4.93226409005233e-52 9.73279719497807e-52 1.02836309002541e-51 1.09327135572596e-48 3.98668447221069e-50 1.84125848737847e-58 8.4766991670942e-66 5.95942594505864e-55 1.9736712100224e-55 1.51207051667126e-59 
1.66872640015316e-54 2.51420658706784e-63 9.1776028541314e-60 1.74211183106892e-11 2.7817463321083e-95 1.16885284518986e-94 4.81963481527942e-84 2.13461801820857e-91 1.47008317363976e-88 5.55455851526683e-87 7.08346081662631e-52 4.06675389761159e-56 2.64529689755896e-51 4.35009722201699e-92 9.47864902459298e-88 1.10181442677609e-53 1.1847696466113e-56 1.7313688994463e-59 1.23889034445416e-76 3.74591116863541e-74 2.16185784769175e-62 1.11629456117971e-49 1.61707339379928e-19 1.34099174486698e-11 4.01118366551555e-12 7.66884151110077e-52 1.68490401867432e-22 3.69298703677573e-32 8.28285223717519e-44 3.83678057435891e-31 7.45309006901526e-40 1.03538468294444e-11 9.68645411970429e-13 1.74205560931814e-11 2.40548268526771e-21 1.92548282234531e-17 2.68992881860096e-21 2.39743597983758e-16 2.79216409502465e-25 2.33298877513199e-23 
3.03296905703285e-16 5.05579341443286e-25 2.85719560942203e-24 5.79273843301198e-38 4.41973581524027e-31 1.74211183106833e-11 8.43419229049542e-06 5.02430894315978e-31 9.87617109332613e-10 1.23238943809752e-09 0.0173965460747731 4.09643014043654e-59 1.94680747908921e-67 5.29472314711234e-56 6.09800163268349e-12 1.33741534941043e-07 5.99731539020717e-06 5.54870664666677e-21 2.6369944631472e-29 7.17182144243966e-18 1.00024971630922e-41 1.74195089665201e-05 1.4453496935168e-11 1.12407138173817e-07 2.66014012588104e-13 3.30263391905466e-09 1.74916232757597e-10 4.12466179241136e-10 1.50895208628487e-05 1.14831096886506e-15 1.57617739098072e-13 1.50419874716079e-11 2.17838463510078e-31 4.64695572454565e-37 1.9503208846722e-25 7.35863107667388e-07 1.90890559156993e-07 7.62667195225501e-13 3.79114079419122e-14 2.04142407210119e-32 
5.48476167117754e-15 2.47853883668598e-59 4.0491391078082e-07 1.60830194660549e-07 1.07528436336407e-26 6.53191593638049e-20 8.0406297337768e-22 1.22225113258749e-19 2.5019759005128e-18 9.43214923023525e-22 4.95621162285003e-18 8.31992591366838e-28 1.73338303256741e-22 2.29925231811651e-16 2.06819571741686e-15 1.7195968153871e-15 4.59640275895176e-15 5.96554830897049e-23 1.66126133568865e-30 4.1547679231084e-28 1.46857130654574e-15 4.47365944088268e-19 8.83323527928544e-22 4.64194201318392e-17 1.74972992435092e-23 7.84832164531628e-29 4.24492431948164e-34 2.77058443478996e-33 4.32988036426961e-19 3.33670103136362e-15 1.88847874819893e-42 2.92230444172267e-30 1.74211161606529e-11 2.36628525959107e-18 6.45908055056604e-37 2.26169202941007e-23 9.36682510969741e-08 0.0348422338116925 3.51850529517896e-95 7.88029851063258e-13 
4.11916142943016e-18 5.00494015762134e-22 8.25087418883997e-15 1.31832924363431e-13 1.39294090639652e-13 2.49402598284236e-20 1.14818794408219e-27 8.07217631401737e-17 3.40554930085292e-25 1.24312692298847e-21 2.7817463321083e-95 1.00860976062482e-93 9.59470679766674e-14 5.50850950911775e-18 3.58311407120114e-13 1.67810480176542e-38 5.07392082536854e-36 2.92828501827079e-24 1.58998340402483e-11 3.91105351942004e-13 1.46011366237563e-18 6.3289260652082e-13 2.21540319319984e-13 1.45222840084061e-14 1.74719861517183e-13 3.63282207171274e-22 2.98751265031316e-19 2.59387507859352e-23 7.85680589376331e-18 1.6444537034607e-14 2.96153621827123e-14 6.6493552831994e-18 1.24369141240793e-22 3.79518439450801e-24 9.89813855324703e-39 6.32836702554624e-14 7.37318442918716e-36 9.78443624098143e-26 1.16762621885583e-22 4.21961742250327e-24 
4.0773351330885e-34 3.07652814401874e-18 1.77234497796914e-23 1.95184471086892e-25 9.68291208980857e-30 2.0031477992219e-36 1.2107245295173e-45 3.54613847943131e-37 1.48256321652967e-30 1.10103074168675e-83 3.56145222477595e-42 5.70297456945098e-50 2.8358019798228e-20 1.37833514779791e-19 1.10800341796654e-16 2.46702404966529e-13 1.56761575828812e-15 2.17316585973069e-32 1.02695231647143e-40 2.22350121434462e-22 5.52853642583768e-21 1.85817517641427e-21 1.00462458002e-22 7.21528688759734e-27 3.10753884322401e-40 4.2203002408931e-25 5.29657335710814e-39 5.19133492108137e-25 1.13602099302537e-35 1.74211183068217e-11 8.44715472548969e-21 2.2486568010641e-29 5.80646531715908e-34 3.51875048634822e-40 4.84709370362293e-48 2.62542210409323e-35 1.58108861000294e-31 1.73485912698063e-31 5.7865471768922e-27 2.37026801448069e-17 
3.93222796662742e-29 7.95242667011057e-29 1.07186503262016e-14 2.4387741982019e-14 1.68061478086342e-34 3.84438133560522e-55 5.42567157491942e-46 1.20163503848859e-47 1.37075849618203e-33 3.1987849627972e-42 7.06321620130367e-39 2.96842119748698e-42 6.4037166633895e-51 6.1714532777459e-17 1.63389043188464e-13 2.27783788190561e-27 2.2454313726022e-22 4.31152787158773e-33 1.5017089420914e-32 9.88875809952182e-50 1.82023291976557e-54 2.28700066521847e-74 1.72865590092002e-20 5.41973994933118e-27 1.73291038434528e-17 1.85736083679154e-41 1.79136378710201e-13 7.73138319325027e-13 7.39821638342866e-19 9.72311616791281e-15 1.66228148926387e-19 2.49566680087791e-27 7.54229304221527e-24 2.40924424283363e-14 1.96778147997672e-15 5.69877758622014e-20 6.01767840654236e-14 3.53189731136122e-37 7.55395339930345e-25 1.65525246515173e-11 
2.96164593630811e-12 1.29858827827895e-08 8.94694978001644e-27 9.29720491353851e-30 3.83463712239631e-35 5.66657354918186e-93 4.83392142733759e-91 7.00052562862971e-18 6.85829576901169e-26 2.78206436430089e-12 1.24096404133726e-09 1.41302211734553e-25 6.81710232478889e-26 4.15395809746892e-26 1.24109368129815e-27 8.24904928272825e-60 7.62895678572574e-19 1.12689524138237e-18 1.2149741581229e-19 1.15736780538354e-09 1.64821087322787e-17 4.0750576891514e-31 1.18716822266877e-36 1.19902349158437e-57 4.19219843146318e-20 6.22893482204097e-19 5.08648420148703e-28 2.37037418867727e-45 1.86431231190656e-95 1.30480256294558e-42 1.69719129366078e-81 2.27756535243754e-11 1.46584351602095e-15 5.05095481599578e-13 6.89701582515232e-15 2.78628309028246e-14 3.06506241340819e-37 3.73077151095744e-47 1.89006437064814e-09 1.73705832163592e-20 
1.52677704324733e-17 9.86457361439404e-23 9.70447508940069e-10 4.63749218279021e-74 2.67747433343498e-50 1.41858909712843e-49 1.24946595470269e-34 6.98747945153162e-21 3.52963198470594e-38 1.05448311435803e-53 3.73819626416789e-22 2.26584508332302e-08 2.30849033219579e-19 6.80122521590488e-25 1.68015707598899e-17 5.62198547868493e-23 5.43511349992977e-31 4.28747336760111e-08 6.07790883202996e-14 7.7033833141211e-19 3.08339707374341e-10 2.67653549104685e-51 4.98551395735119e-44 1.52661452592576e-64 3.04601464096305e-58 4.05497960550433e-15 2.59185123616545e-20 5.11273962995071e-26 1.10508872788556e-31 3.97367122541355e-39 2.05157564555965e-12 1.33809273645505e-16 9.4580214729989e-26 2.36608690092292e-94 5.66657354918186e-93 1.86431231190656e-95 2.33090848941492e-06 2.40492899261627e-10 9.9202771221737e-22 2.32273235409717e-16 
5.27518811331807e-56 3.78011560522961e-55 1.04391268331643e-57 2.48722143132134e-19 7.80055103834695e-13 7.53521719514761e-16 2.24866376361985e-21 4.9111956128999e-28 1.41414414656739e-14 2.30538154477592e-39 8.61046247555161e-32 1.65367388837741e-09 6.65493706488748e-08 4.70289152244616e-20 1.55027235878671e-21 1.2647158969077e-15 1.73147324292568e-11 1.05617467992522e-44 2.34508539685238e-39 1.1582366287904e-65 3.07985821635475e-32 6.93033674122126e-14 1.94588772927382e-44 7.53301766244167e-42 3.55253610712585e-38 5.99278098709882e-38 8.68645233912538e-32 2.25264905401115e-30 5.04813463716918e-29 3.0090758433676e-39 3.01300437293039e-39 2.31269803791436e-45 4.14014329337113e-47 2.26653844970252e-18 1.5364718866769e-47 7.83224415665939e-45 4.60203174642236e-34 1.29790977921299e-42 2.08417709538637e-40 1.23107698194568e-38 
1.08386654942528e-32 1.00794902046752e-44 2.39827504956381e-17 1.10055537668246e-16 2.62619141050358e-68 3.14580828459318e-56 5.84139551441691e-13 6.43596830168245e-19 8.45848028863158e-15 1.43273730282494e-19 2.11292906508058e-27 6.56130564799738e-24 3.55932582906403e-14 2.9071255306036e-15 8.41915730082227e-20 1.93133396549411e-12 3.07252153257259e-37 6.57144940221008e-25 1.48591456641771e-11 1.74211183106815e-11 1.2339812901448e-54 9.84030004806511e-61 3.51919578794145e-95 5.25202349824697e-05 8.04634249427599e-12 2.27945841159502e-16 2.36608690092292e-94 5.66657354918186e-93 3.91151969102905e-11 1.8302023551531e-18 8.48945647971943e-17 1.73845314059966e-10 4.15940773453778e-20 5.37583105914886e-18 1.74208172348037e-11 3.54150562419961e-21 1.448471225052e-24 1.28316358163493e-22 3.01064488696757e-16 3.31251514008511e-26 
1.45649388280491e-24 8.05360601469594e-07 2.42052106911684e-16 2.05092778565054e-12 3.59360019847253e-10 2.31503806029359e-10 4.3461695988266e-15 6.2239463140917e-12 9.38593482832257e-18 9.25621633472601e-14 2.12008095016328e-14 7.34140410047474e-20 1.32018478073878e-17 1.91347590599875e-09 2.62033886322608e-11 6.30823709072147e-16 6.51069579980035e-20 6.49147519983541e-19 2.30021665249805e-63 3.67228040693148e-11 2.96503871478997e-12 8.56165250854038e-31 1.42966878060464e-25 3.96596982221119e-95 3.37731125409498e-94 1.86431231190656e-95 5.3702840310284e-96 3.61019851244228e-95 1.19385838275756e-95 3.61019851244228e-95 1.37461242859946e-95 1.86431231190656e-95 1.37461242859946e-95 1.86431231190656e-95 1.37461242859946e-95 3.51908754037712e-95 2.36608690092292e-94 1.37461242859946e-95 3.61019851244228e-95 1.37461242859946e-95 
1.86431231190656e-95 1.86431231190656e-95 2.37889856597074e-12 1.5127978598571e-21 4.94843522023425e-12 1.24726686400272e-11 3.46391139762315e-63 3.01624126638587e-83 2.2805881367642e-05 3.82394048652732e-16 4.33452313234883e-12 7.69851887251585e-16 1.4435464289225e-15 2.32008113152988e-11 1.72833129265114e-18 7.12879283271675e-17 6.08354203930127e-11 2.42119556166216e-20 1.03377583747095e-18 7.35830888866965e-60 2.41748966190022e-21 1.7824640221269e-15 7.49030203989038e-12 9.92903388298507e-12 2.7144104307807e-16 2.36401357927262e-94 5.6596057623742e-93 2.16865418683103e-26 4.51819933239324e-21 9.82070620016638e-18 1.41160341769446e-19 1.87628261045645e-17 1.734549021718e-11 7.49160807069338e-14 3.36062270158951e-25 3.08702892310813e-30 9.95081077010049e-22 1.13888654393597e-26 1.03109909506559e-21 1.43364107772517e-16 
6.71395232470181e-19 2.50569683466088e-38 3.66958997971962e-27 2.83769410272679e-17 4.88548724314536e-17 2.20968181278054e-30 2.6868779648914e-38 1.03315656348919e-46 1.5815528031421e-55 3.83709334273941e-65 4.56469511957455e-23 2.7817463321083e-95 3.19630355315103e-17 1.31138733852992e-19 2.85484134334704e-31 1.05661588755136e-48 3.86640986614631e-17 3.42945097641546e-19 3.50027908794769e-23 4.51874187813789e-36 1.91747766448342e-66 8.19678079830133e-92 3.83107290744212e-41 9.99458918839255e-29 1.31441912304814e-59 1.6353349355304e-37 2.08274289496651e-72 1.18410713034857e-16 2.81306090043173e-25 2.30779183391932e-34 1.61533859376715e-30 1.96269875182294e-34 1.22640456964543e-27 1.92032067942932e-31 3.23559922034731e-27 7.39070917113653e-15 5.16985833893087e-26 2.16674065367966e-34 2.03923563923913e-27 1.7590569806735e-31 
9.62221396022667e-22 1.02605043284555e-20 4.72312060238332e-26 2.81594383073297e-27 1.85507538356809e-25 4.57312243949752e-33 4.20211559138241e-37 2.64811082738367e-41 1.36011209052701e-41 7.80125190194846e-44 1.7494091488533e-93 9.51716693384957e-20 9.10325511250329e-42 1.59051985432362e-85 6.6189088235408e-43 2.84979442627929e-27 4.63361894210334e-44 1.79235100144588e-32 6.30475689598825e-41 7.94590620481858e-23 2.60376335464439e-69 1.74467017557804e-29 1.5088602340567e-30 2.84095616019072e-26 8.89495105852684e-23 8.61361497797056e-42 1.69522566187588e-23 2.79173292850408e-26 1.87288354526534e-28 7.79686201078548e-48 5.4235859400159e-55 1.08276505828949e-37 2.10084627391219e-26 1.52416827098217e-21 5.42612133336169e-30 1.24590528866335e-17 1.28109297504491e-15 1.44524730217852e-25 7.45195382758757e-28 4.51032810057299e-20 
6.14711853973511e-20 8.45272054160599e-29 2.68802336202393e-25 1.85641830843102e-13 3.36241397221589e-15 1.65497460107363e-11 6.73683589400136e-13 2.75548236741278e-58 4.76364976890728e-32 1.1151900607346e-52 1.58241542407543e-49 4.4616149889154e-30 1.86431231190656e-95 2.7817463321083e-95 1.03131428055293e-72 2.7817463321083e-95 1.09607457569997e-21 2.15647569991199e-39 1.47982038721429e-24 1.97583107213027e-40 1.02111091420434e-43 8.3492779417781e-40 3.20104197486224e-26 5.37893191854237e-23 1.62394646839711e-45 2.04658103652242e-64 5.19623543462544e-53 7.59342844638978e-32 1.68692818584454e-22 1.17589528189219e-40 1.14341361602307e-32 2.38989444711671e-33 3.88220546314358e-33 6.36995057764704e-85 2.7817463321083e-95 4.89339762469037e-59 7.2732568936101e-54 1.22710449319523e-51 5.8706618001293e-38 8.7579971871995e-44 
2.108952483027e-23 1.7352156724274e-30 1.05573490196024e-67 9.57209389701631e-09 8.56560670380956e-28 1.37979842458983e-17 2.10428694163832e-39 6.26209419744344e-28 1.02102432079316e-31 1.29730324107239e-34 3.68714832870451e-38 4.93107160563281e-25 5.69368322636267e-19 3.82101275993613e-32 1.85132366474724e-21 1.57823471893677e-15 1.68067796056489e-11 6.12759876382753e-13 4.96662558647915e-51 2.04717042914396e-61 4.63689978523983e-40 9.72929648825486e-16 4.76914491495327e-16 1.3003316846876e-22 1.97902177148301e-38 4.680265808925e-22 1.28502658641877e-18 4.02026361415589e-18 8.11010642684183e-19 1.13728392447288e-14 6.98069267423198e-14 1.43392466927283e-13 4.21132745594288e-13 9.08927818483575e-17 2.10387869786785e-14 7.86444236687156e-20 1.44358188140527e-35 8.71877123905694e-28 8.29018648654096e-26 1.14001912937582e-15 
5.86941465066757e-16 1.16866983695026e-17 1.98350558134023e-28 1.32253441413343e-32 1.28398594747612e-42 1.95072884931695e-58 1.03018970857333e-14 4.39704779427036e-14 1.87466512968789e-40 4.68057266962985e-28 6.14158961921043e-12 1.36381904772191e-41 2.3453083962464e-36 8.75715206598935e-33 2.77594019077102e-30 1.14661835251784e-28 4.02339002169232e-42 3.88607349832366e-44 7.48911259067676e-47 1.65834544889033e-41 2.99720918779776e-30 2.74488081094616e-34 1.81336202761537e-35 1.74211182812362e-11 1.1631507236781e-34 2.64276107666109e-66 8.00870220382761e-33 3.94199678427392e-31 2.02995136926126e-28 4.70790586702435e-27 3.40407657296507e-28 1.70554971598633e-62 8.81569614950422e-96 3.35664773100736e-96 2.11095831806303e-94 5.19025879678707e-56 3.03202301264616e-51 6.30906756705333e-48 2.21444705754982e-56 1.0007709981497e-61 
3.39856764985306e-58 2.38473544934432e-88 2.36608690092292e-94 3.56426989729901e-48 8.838335096009e-78 2.27396264509992e-14 2.47845092801626e-35 1.1884913747112e-19 1.44388523758886e-23 1.82152829551848e-30 1.60389936167048e-34 1.97289521331361e-16 7.0325419266781e-18 8.7194306416449e-16 2.10345017020166e-15 1.12316873585934e-14 3.04130493371478e-36 2.07530495147029e-32 1.55810454005767e-11 2.43186540018593e-57 2.36507904158e-13 1.13524705253868e-22 5.57328436116363e-27 3.36510584603597e-22 6.0622328626514e-38 1.9485971224486e-30 3.20263323376356e-42 6.21496505629644e-19 1.11238148133364e-17 5.40042390551716e-27 9.4923417387985e-52 1.7494091488533e-93 1.97766857948885e-26 1.2919646989419e-45 1.58646435439841e-85 1.0420808241927e-47 3.16651938132035e-34 1.22852113866602e-49 2.75762441045081e-39 4.71366728257104e-45 
1.6075063108118e-29 2.32376547646465e-46 4.41070629746937e-47 1.30499903402532e-51 4.14931574038498e-59 1.22794810880578e-15 6.4103342682145e-24 3.17157686037394e-19 7.36693710861535e-19 1.51141127582834e-17 8.44749429553461e-15 3.13413667400847e-29 1.2555521607925e-68 1.66356337883992e-56 2.97174358855443e-52 1.08437548599703e-79 3.69347428592655e-44 5.36093137789263e-47 1.19742648573043e-28 3.30602252679439e-43 7.56637133889284e-52 5.11158814245448e-68 1.07896813889649e-56 2.9935577083637e-39 2.90473029776301e-29 3.19196912571941e-45 4.84577231981305e-15 8.51147955845002e-33 3.54960735963758e-31 4.52321139723957e-18 3.63814593827014e-31 8.51745336924027e-24 4.84238969961437e-40 3.25064148693586e-56 1.91902846233336e-38 5.06718649768635e-26 1.74232000587136e-45 1.55186055557478e-12 6.55624005927285e-31 1.74207278729054e-11 
1.15492661683953e-17 1.64667323024919e-21 2.49706989881801e-16 1.29263594018171e-16 2.49128289008943e-24 8.45361367946792e-16 2.29842165345521e-18 5.36480502947998e-28 4.31091922506489e-25 4.90216341015015e-22 1.35260346287883e-15 1.81132822369748e-15 7.35408558535285e-18 2.67377438397242e-24 3.53403528941909e-39 1.92518121414434e-59 1.14862107048513e-21 3.83554139980136e-26 2.99641470121026e-33 4.43168077261657e-17 3.00238136496324e-06 2.265918494022e-18 2.11939742619373e-07 1.18758962140408e-11 7.59484646453005e-13 6.93393391933861e-19 9.11293229397465e-15 1.20708812132686e-19 1.83863713472335e-27 7.06896890314977e-24 1.71291014715622e-14 1.39903644176451e-15 4.05168300505831e-20 1.50565515780412e-22 3.4198267679284e-31 6.2564906633006e-13 3.31024956525014e-37 7.07989750311392e-25 1.60088318188729e-11 8.41904037178825e-23 
7.08250179896189e-47 2.00548324574876e-31 8.73130844466083e-40 5.9832439860006e-49 9.38947803683009e-22 3.93037086617374e-45 5.34116577275545e-21 2.07733041883185e-43 1.50207918250515e-20 1.7101625315467e-39 1.09357475928476e-19 1.17052258561689e-37 9.89491601837567e-38 2.15721874877416e-28 9.33131300634296e-35 6.95056164212452e-42 7.68808097433967e-84 9.79041125660682e-45 3.06093242545085e-35 3.41576105219878e-45 5.84612582992852e-34 3.50733690835162e-27 1.29563649361972e-39 1.86431231190656e-95 1.5827332254397e-95 6.30087506472605e-16 2.75959790303863e-17 1.40893397839316e-11 3.24112771121608e-12 8.998940490443e-14 1.55421556325419e-39 4.8107754272035e-19 3.11126941786814e-18 8.52813907883148e-23 2.98290007985692e-47 2.26826685016918e-34 1.74199460016048e-11 3.41891496377384e-21 4.81931836841131e-17 5.75365416163339e-21 
5.31263518870409e-16 4.34481668828254e-25 6.53888519884407e-23 5.92922227787164e-16 5.31887828421282e-24 5.34608066514852e-24 8.25930140294354e-38 1.11539148810045e-30 1.35136226517731e-22 8.3536291027382e-16 3.83424953114e-16 1.88555741128126e-36 1.66905797815222e-37 2.87786524417507e-22 1.34350016257812e-47 7.42623528039828e-21 1.74007386970813e-11 1.91607813966003e-14 3.63644820299845e-23 2.99751747624983e-27 5.94370942283309e-24 2.98549614538666e-26 9.26670894951692e-31 2.88195609951086e-36 1.52073360288955e-41 8.09398847452797e-57 2.29301053672162e-42 8.56350067937334e-33 2.44884137757814e-40 1.10924092581873e-49 1.16885284518986e-94 2.7817463321083e-95 1.7494091488533e-93 1.16885284518986e-94 1.7494091488533e-93 1.01279968251809e-14 1.00223350889325e-13 1.91315836360399e-31 4.64695080900552e-29 3.42718305056933e-31 
8.78267924255423e-37 3.88709849213943e-53 1.44243068235502e-37 1.39344621497891e-18 1.83966071648228e-15 1.21202726491181e-14 1.71248435333318e-11 1.71961210890675e-13 2.18200341547849e-22 8.99228944317267e-19 2.20336267994371e-74 7.48154728562246e-49 1.21704089085529e-44 9.18624572090501e-58 1.08122729638776e-33 6.25692580865456e-27 1.43372493882253e-20 2.28654592285986e-39 4.75918923215754e-22 1.74186075544987e-11 1.96253884230959e-15 5.48173168601618e-16 1.3909291855141e-32 1.54382333462006e-29 4.14755562730387e-34 3.59268127408709e-17 4.45445422610366e-13 1.32922481914268e-33 1.06020120941578e-29 8.93252926731189e-43 5.79958283824282e-20 6.18410842736129e-19 2.84719737979597e-24 4.67580180988489e-35 2.35531959421134e-39 2.38782954968353e-44 3.15329506317003e-50 2.4035285745446e-58 1.83914402972389e-65 4.05581753841382e-41 
2.64406841029014e-42 1.16885284518986e-94 1.7494091488533e-93 2.11339923735192e-15 1.63130390127816e-22 1.20114739462934e-51 2.04887806722204e-21 1.13464829567577e-22 3.729628022484e-26 2.4653790818348e-21 2.12554874435799e-27 9.14528079704792e-35 1.37054527677653e-42 1.30974759641868e-29 6.73192129602957e-37 1.13000361642997e-21 5.34316351808027e-23 1.76148311447637e-23 1.24880452301495e-38 2.62706959551091e-21 9.37493327688083e-24 6.9659289978401e-28 2.01149157924419e-34 4.36597130355472e-42 2.33531982642262e-50 5.16584373700005e-22 2.98946423361999e-18 1.54059579347044e-15 6.95497607952351e-26 3.12497363996857e-52 2.42714831366093e-36 4.07414279324697e-32 5.17364157883507e-27 6.36262634241716e-27 5.75691080621009e-24 3.46796665045998e-25 1.95293438212178e-27 7.64752844054292e-45 4.83541448153757e-33 1.72728656314458e-40 
4.12205567921517e-29 2.27409341989176e-51 6.56361644027077e-92 7.34928028125523e-57 1.86431231190656e-95 2.7817463321083e-95 2.7817463321083e-95 1.01137970120627e-69 4.14078791061982e-33 6.67136039305587e-37 6.71844262458496e-43 9.76253553911515e-40 1.17846608874588e-42 3.95734404662645e-53 5.74826641976815e-20 4.18404367354952e-20 9.65361697729933e-24 2.13236459726652e-19 7.3002988750467e-49 4.23946796856544e-25 5.69102913902409e-27 1.06843242604568e-22 1.86656878894141e-29 1.40679727309009e-73 3.22874221241139e-73 3.51854635237657e-95 2.77734471312262e-47 2.37212382548092e-45 2.66597031703679e-58 1.09113494483348e-33 2.36608690092292e-94 9.65655108581723e-78 1.74657283635826e-20 6.02636196778524e-32 3.56073009147001e-33 3.38672360953733e-34 2.50666208544885e-32 3.15270909713142e-83 5.67581774461052e-58 3.03723919764109e-53 
7.20627681478213e-43 9.43422147961702e-14 9.87609255809538e-23 2.12066089214516e-28 1.29825711213973e-17 9.35629588357391e-14 4.72617721068721e-13 8.70078781760803e-13 3.06820335487145e-14 5.12728833480892e-19 2.33795832174006e-39 2.90998073802612e-32 8.15687294577402e-42 5.55781336400392e-27 5.28460806198972e-24 1.23173915545698e-36 7.13091336374255e-30 1.54014739411362e-16 6.19160349320279e-19 8.78187311919931e-14 5.19563033397141e-15 5.02190107344182e-18 2.98575969071707e-25 5.84312665782402e-14 7.91249451369632e-28 2.06278054479108e-13 6.27375914179993e-38 7.38802139135247e-26 9.68262753016547e-39 4.68236399198851e-28 5.52608963993286e-40 1.59901842896135e-40 1.51325459119509e-40 1.97440901169838e-43 7.16877075444368e-48 6.17193566744943e-53 1.12938291138524e-57 2.37987410394025e-63 1.16885284518986e-94 1.7494091488533e-93 
2.4831972334934e-25 6.30316618626335e-14 2.916491894544e-24 2.44879011788676e-74 4.51093365687252e-39 2.49740927902987e-34 8.61990851091261e-23 3.06055009255922e-78 1.67590158920733e-32 1.8221154597319e-57 1.26981292983144e-69 8.11323334411078e-48 1.73064170523825e-09 3.62697131876938e-07 3.38823154842334e-10 0.947631678296831 0.553899440808674 4.78341249388871e-06 0.00181495222653832 0.444055432079563 3.94336368382461e-06 2.62539761108342e-12 4.41225704719257e-10 1.83873016940159e-16 0.000221451709275193 7.86756199546219e-63 1.01006434603172e-09 6.37307029103461e-12 6.2697155477562e-19 0.000325039908689566 1.84960774407827e-20 3.98046372334478e-34 8.63034427315052e-39 4.99401851901167e-13 2.33203591393202e-17 5.46797018465718e-38 5.2888466033747e-37 1.69961341500769e-58 5.13266509521752e-10 2.36796551957384e-51 
1.57649456440949e-07 3.746128743765e-37 1.87537642961326e-65 1.21636865970741e-92 0.000402203650721324 0.0818843772926898 0.0903409321531719 0.0593046565772927 0.999999951108522 0.263326868405384 0.105478795423357 0.00388066273585723 6.56400387195567e-93 5.00839496987542e-45 9.99307293630367e-44 3.9258339002503e-44 6.04814259523702e-42 5.85054364976675e-80 0.000181901223994072 2.78170117191931e-53 4.46948168118082e-26 1.73116570908555e-24 1.66823238033082e-10 4.87917948924431e-10 1.28340326921742e-16 1.28130517369523e-36 2.72956280040404e-15 8.92924967327095e-42 1.37043643198269e-61 3.34574013913424e-47 2.94721387013597e-36 0.0191742565963132 1.48577341628001e-47 1.15074970624928e-93 0.0126736989205742 0.00135087561016756 5.58821149935572e-07 1.78257962294967e-08 4.10303219341742e-09 0.105742166909852 
3.49353813334853e-08 5.01483298870748e-05 2.19387664372286e-08 5.89096556451431e-25 1.71179963205564e-18 2.93769916800494e-35 0.737077342238718 0.999999910058197 0.35353516567494 0.999996470332787 1.67578934502057e-38 3.57386521688434e-11 1.23083877589209e-05 0.00238446332940094 3.17839370467687e-30 4.65419574515648e-07 2.99201574004311e-15 8.67745411285474e-08 0.0127814528326859 1.88911546054943e-05 0.00708891982070511 0.0873800798975113 0.210089135154768 0.566766924095743 0.000267705248257041 1.00000058953236 0.000403711766578031 2.10481246375129e-15 1.00907056886871e-18 2.46396843387161e-05 1.00000000299224 0.278246776153578 0.153826991077682 0.0042563691412993 1.74294251669313e-06 0.000105891797890874 0.999999576160098 1.68457375284422e-10 4.82879688099369e-11 7.19221528834777e-11 
6.66583327690687e-33 8.10709834602631e-06 1.00000121331623 0.000358419742089047 7.16740341367799e-38 1.5364038577928e-58 1.33429404391056e-28 2.35474576325992e-13 2.39431717643811e-30 4.89040859445338e-13 5.37247038604999e-87 1.21488809562543e-12 2.23642937199558e-47 1.00000046937579 5.4352597743438e-53 3.13700840315318e-43 1.31508173802696e-07 6.92882895550295e-09 4.91919677197803e-18 1.25092646615145e-14 3.29233704177945e-29 1.96934716595757e-18 1.28160262141767e-07 2.12288236387003e-08 1.55349189238555e-06 2.1402633719088e-07 5.78111684121874e-35 0.00590703676113848 1.00050925732319 0.0220934120748346 3.64020720191692e-27 7.40683982288041e-24 2.69916690818031e-24 1.90641994094161e-24 6.9285788216668e-33 1.76392981030782e-31 2.17777527026451e-38 0.000852562135905091 7.95911906468846e-16 1.37188713852995e-53 
1.52803508358299e-15 9.11613078060143e-06 4.95958423425702e-24 1.20220901215582e-20 2.16394120685431e-25 6.21856703294105e-40 1.07449353638944e-20 5.52704044302134e-87 2.10949351896796e-26 2.64631748170653e-22 1.93553330081728e-23 9.79806702570386e-06 2.95321967496829e-40 4.78732973120848e-64 3.674921424615e-12 5.73780000299851e-22 9.20184269837911e-18 2.47671738019299e-21 1.00000263265732 0.000617242524113989 8.1646212628553e-64 4.37902789174005e-53 6.11821211666794e-15 2.42794894134047e-24 1.5290694406686e-07 3.09390034267792e-08 0.000189958747667095 3.3227007495146e-05 2.54480667425905e-08 0.00067358762342935 0.000346480120481064 2.2496297937326e-08 1.00001107725245 0.00336753153134712 1.00000019574334 1.94939787025424e-11 1.44692654361011e-29 0.487219604810748 0.436453965180474 4.66046935249574e-11 
0.000352667917924581 0.000171521166923033 2.51384508041703e-13 0.999999134647545 0.0702354851916065 3.89453601766117e-08 0.000181671796783735 0.000397231939587005 3.67726731172191e-23 0.255910657633275 0.0104434473374424 2.16346584515111e-20 4.37835485349008e-21 4.72065574841399e-16 0.00598993106802408 0.219201097624652 0.272016327222419 1.00000000030472 1.15074970624928e-93 5.17193237469559e-06 5.28092090983194e-43 2.13209181763372e-90 3.21997645027225e-21 1.15074970624928e-93 5.09877702108673e-41 6.05072630715526e-31 1.76479101356552e-29 1.15074970624928e-93 1.15074970624928e-93 0.000307940730628079 4.63018414840502e-15 1.67774614687437e-25 0.000105660809802612 0.000165251787086288 2.59156191200263e-05 0.00906645094854979 0.010590520290742 0.304775049464249 0.00121071456135145 8.80676744697871e-06 
1.48701983153074e-91 1.15074970624928e-93 0.0420052511148082 0.00781694698724542 0.103370471030635 0.150292574460029 0.0460667944966471 0.717950800099844 5.39415568670508e-05 1.05187228084987e-06 2.49469788529806e-27 1.42979640957357e-49 6.90940894929559e-16 1.21443492268645e-21 2.04897208005603e-16 6.96801676918518e-60 2.09661318080238e-17 1.63585799186068e-08 4.58890534611896e-30 1.12680489927613e-22 1.31656031011374e-23 0.00887671793003822 4.66772590902825e-05 7.61107370555756e-05 8.62246880790908e-06 8.86171994470029e-13 3.7036268042454e-13 3.65570250781275e-29 9.53577279714973e-14 3.91723622729681e-15 0.00467067822758871 0.0418786671003372 0.147147411708508 0.293367005648969 0.702914418666488 0.000221706905679345 9.99017395325341e-07 1.61235291584936e-22 1.07725063141928e-28 2.5155423150014e-20 
4.89717802939502e-20 2.49115810706562e-38 5.44596942218741e-42 2.26186805786684e-33 1.15074970624928e-93 1.15074970624928e-93 1.15074970624928e-93 1.15074970624928e-93 1.15074970624928e-93 3.60640862200088e-93 1.15074970624928e-93 1.15074970624928e-93 1.15074970624928e-93 1.15074970624928e-93 0.000330610005507755 5.38720368340156e-16 9.68650092244371e-76 5.04897697174696e-27 1.44287031131014e-23 2.52658191428218e-08 5.49979581914309e-13 0.110262371527001 1.15074970624928e-93 1.71988529081023e-10 1.57242085774141e-12 3.59380229591803e-12 4.25393126884054e-43 9.6796955252099e-13 1.63843003852621e-12 8.07792482661119e-11 6.19843089922535e-10 7.7901781289349e-10 6.78365053350171e-14 6.14492737582117e-30 7.03073755518792e-50 8.54398902833845e-83 6.41134784803275e-48 7.46729702536324e-17 1.93585033888525e-43 3.55349816579978e-06 
4.29001425356706e-80 2.63197636152205e-13 0.00506422582264006 0.00381192213573055 0.00268807845431666 0.0158079402863845 0.0606538704398399 0.00854950410698084 0.405853383449216 1.17532988016408e-29 1.74178253335201e-18 4.33369909183954e-66 2.99830298729378e-43 3.89723500359571e-22 7.86190207678606e-17 1.4665286741492e-26 1.35270117808537e-18 9.72802329524645e-10 1.60704600395927e-10 6.33766177705776e-45 4.72967775168747e-54 1.11149618737659e-28 5.02073697335062e-12 2.19864725185576e-16 1.11994472560999e-10 1.27252138712569e-08 1.33794990653166e-32 2.84234861735102e-47 4.57017022734571e-51 1.75218756023673e-42 8.85655963946949e-05 3.63176712148304e-34 1.52786051348796e-14 6.75424992775057e-31 1.66389057750336e-26 1.18928580248896e-07 1.19820549664754e-06 5.00739404205109e-25 4.25953651310071e-10 2.39813250402147e-17 
1.64166174800809e-06 1.33365360265002e-44 8.10987962211712e-17 1.78468758623135e-10 1.47250055843625e-12 2.03990556988798e-34 1.99374999152324e-40 1.00004061736514 1.52005762809914e-21 1.41169726032409e-51 5.21104081467632e-33 7.51221285396893e-42 1.19875655706383 2.71763958151613e-20 0.0107529150713803 1.37927199853132e-38 1.98223750912261e-38 1.19081140798212e-80 4.4769744523603e-33 0.000445725123844138 6.07867790473791e-38 4.0900130081492e-06 2.44278363377638e-34 3.96916432840171e-22 1.15074970624928e-93 6.20764670699675e-25 2.20533971832919e-25 1.05044347414266e-07 4.07900310850748e-11 2.36200842343531e-15 1.12818079986264e-08 1.11801423740447e-07 5.56511168834176e-05 1 0.0438871569494538 0.316586213403859 5.37439853219554e-15 2.91960252811399e-64 5.70531012927756e-05 0.000178037696582409 
8.50681315424521e-05 1.083815207816e-13 4.94844026997654e-08 0.0161649830833349 0.111834459307386 3.96163805798976e-09 2.17761213055686e-46 5.26323364312661e-16 1.63586346543408e-36 7.93135885839082e-18 7.54052003428036e-42 7.20846353403048e-47 1.17789856367247e-36 0.596533765213144 0.0519558876478986 1.55777235800194e-33 0.0055036943400253 0.000872277399362235 1.35784355736291e-32 3.25765701700627e-69 0.000227028675935502 1.28288382841741e-44 3.36801064123296e-05 1.12705154752494e-56 8.72311588080024e-15 1.37928690873523e-26 5.19805464408796e-10 5.99220152817517e-23 3.93035877279168e-30 9.86729501651666e-20 2.47711432875404e-48 9.27097064106063e-21 3.94300453605285e-26 1.00000280760805 1.63022987294613e-24 1.60574668944964e-09 1.00989848594854e-05 1.24835637622656e-05 1.85286024070506e-31 1.67681339642979e-35 
1.0008217980649 1.53244368217996e-48 7.73740530081119e-40 2.4433543241948e-24 1.00000002258412 1.04715001199626e-06 
<NMU>
-26.4468737303171 -26.6281170571588 -26.8420178881507 -25.4145643052622 -43.4281501790694 -60.2673816274408 -76.0665615018274 -37.8170770847827 -53.8003081491272 -48.0920218891739 -30.7875825913397 -32.3818083243753 -40.3695570802873 -85.685051511342 -54.2443922485713 -24.7735708839516 -50.5888254201586 -64.1228609589992 -78.9522837073033 -96.7394964928899 -114.071209159042 -135.067810065226 -197.322306112534 -63.9949832013276 -45.0613924361004 -39.1501154248183 -38.3264831411995 -39.6803439001442 -74.7634549375904 -70.535125762376 -40.4378908152027 -33.1766515370467 -62.3172474180742 -71.8903116277314 -88.4240234519372 -100.48558827497 -66.8975392571891 -55.6313257927219 -97.5847910823994 -45.5331833253649 
-80.1307130103496 -37.423356748592 -215.581761247513 -130.407302676599 -181.901914949139 -44.2359346650696 -53.0190397900056 -64.2978598658118 -78.3806512030524 -94.9500544200547 -113.996825133358 -134.286961320026 -30.1283681088602 -22.8811871873487 -18.2976855393682 -139.426095140165 -61.1083859752413 -75.5020287175715 -36.8052911016533 -37.9662654848119 -54.0734392824967 -67.1174113055382 -98.2866318824641 -71.2077181483062 -38.5630128344951 -115.67092292447 -127.832564568553 -136.848129090452 -120.230139738654 -118.396841367654 -118.138626705583 -117.458923499309 -117.40387143761 -110.434910018429 -113.746294723584 -132.939486095296 -149.833295012744 -124.857205956177 -125.962284747806 -135.439040571969 
-123.827534320842 -144.140903577184 -135.938339536111 -24.773337949625 -217.722504926935 -216.286975947807 -191.844449650772 -208.776955745973 -202.242169203579 -198.610284145748 -117.776662231509 -127.541920094593 -116.459056435081 -210.367630360712 -200.378446385319 -121.940051628889 -128.775216843021 -135.303608119673 -174.782250972083 -169.070631991477 -141.989307798949 -112.716654783867 -43.2684987984541 -25.0350265746069 -26.2419347397338 -117.697259273297 -50.1351634458982 -72.3762873501603 -99.1995567095693 -70.035504259957 -90.094774999001 -25.2936629909285 -27.6628777819084 -24.7733702223282 -47.4765363687199 -38.4887698278055 -47.364772221098 -35.966961663369 -56.5378103683885 -52.1123069571804 
-35.7318194613496 -55.9440925283285 -54.2122016442312 -85.7416283949293 -69.8940579588198 -24.7733379496254 -11.6832166034576 -69.7658499620768 -20.7357260344555 -20.514310919433 -4.05148359391549 -134.44240458967 -153.607010389897 -127.2780545157 -25.8230599996217 -15.8273567433336 -12.0241986238306 -46.6407220889105 -65.8053278891371 -39.4763720149407 -94.4057391276206 -10.9579197748522 -24.9600847282142 -16.0011383946188 -28.9552274086138 -19.5285455295428 -22.4667139265607 -21.6088669032336 -11.1015100376536 -34.400484254892 -29.4786036660922 -24.9201756604187 -70.6015542737585 -83.6594361184723 -56.8966334095712 -14.1222217305339 -15.4715655618274 -27.9019546380389 -30.9035243270082 -72.9690753369346 
-32.8368027531435 -134.944851278861 -14.7195913584085 -15.6429167200898 -59.7946272671863 -44.1750015543625 -48.5723646406488 -43.5484224177693 -40.5294508939837 -48.4127480610632 -39.8458900107046 -62.353729253647 -50.1067970367257 -36.0087774968991 -33.8120998018254 -33.9966865412222 -33.0135024062676 -51.1734561665032 -68.5699756352095 -63.0481260319334 -34.1544863670304 -42.2509100263222 -48.4783507020648 -37.6088137648988 -52.3999956917799 -64.7146679910366 -76.8421691703483 -74.9662497835701 -42.2835768547531 -33.3337937911947 -96.0728022959132 -68.005180292419 -24.7733380730406 -40.5852103494203 -83.3301614627487 -52.1433439201244 -16.1835065407978 -3.35692501275892 -217.487547567057 -27.8692404237103 
-40.0308820677938 -49.0464465896925 -32.4284572378941 -29.6572409985496 -29.6021889368507 -45.1378035945369 -62.0316125119843 -37.0555234554179 -56.3392210764242 -48.1366570353513 -217.722504926935 -214.131840740433 -29.9749797307491 -39.7402375938337 -28.6573739343214 -86.980568471323 -81.2689494907176 -54.1876252981899 -24.8647124444771 -28.5697994289115 -41.0680173902606 -28.088475645105 -29.138171793458 -31.8630920970301 -29.375592494953 -49.3668622694107 -42.6546756152238 -52.0063042119567 -39.3851515248836 -31.7387830680158 -31.1504831755516 -39.5520117738198 -50.4387881430895 -53.9283092333867 -87.5084719122307 -30.3911490728889 -80.8952136549601 -57.586419433273 -50.5018992307826 -53.8222977660935 
-76.882449540434 -40.3227299386723 -52.3871536228016 -56.895852393883 -66.8071900980509 -82.1983435048967 -103.425110219598 -83.9297891815971 -68.6837802969995 -191.01831593955 -95.4384055157583 -113.388266756691 -45.0093770774067 -43.4282404106609 -36.7388018147771 -29.030593622876 -34.0892205551248 -72.9065379499143 -92.076808219814 -49.8577889687595 -46.6443638331584 -47.734692034681 -50.6522581263649 -60.1935955567432 -90.9695726756065 -56.124721052203 -88.1337585516992 -55.9176364505186 -80.4629464548875 -24.773337949847 -46.2204572870854 -65.9646346361777 -76.5289211552179 -90.8452977686398 -108.945705174745 -79.6252365701159 -70.922024279351 -70.8292116675369 -60.4142617396429 -38.2809435458667 
-65.4057615189526 -64.7014905732145 -32.166791149601 -31.3446957666316 -77.7687334943323 -125.295567425674 -104.227772593349 -108.037816209257 -75.6699438353211 -95.5458028671741 -87.8459181264026 -95.6205436776135 -115.574961192234 -37.3240122313736 -29.4426422698832 -61.3465708152012 -49.8479743949805 -74.5240157329383 -73.2761192214774 -112.837856083285 -123.740630550885 -169.564055675649 -45.5043576892267 -60.4797496763669 -38.5941442827861 -93.7868322375804 -29.3506289869267 -27.8883184240061 -41.7478778249954 -32.2642702344108 -43.2409257170066 -61.2552415624811 -53.2415159790668 -31.3568781957796 -33.8618696390428 -44.3114501665978 -30.4414897637305 -83.9338132322542 -55.5425562695892 -24.8244824788201 
-26.5452759425729 -18.1594030093301 -59.9784848433423 -66.8478389817668 -79.2464034470318 -212.40582902569 -207.95958543448 -39.5005464378524 -57.9417534371445 -26.6078278867133 -20.5073773066979 -57.2188965685143 -57.9477779153397 -58.4431507797149 -61.9538045189098 -136.045007624394 -41.7171656562691 -41.3270653966762 -43.5543939593552 -20.5771175435023 -38.6442562005416 -69.9752529793758 -82.7214925213329 -131.06584283216 -44.6184765782327 -41.9199114243008 -62.8457957385558 -102.75328135653 -218.1226915829 -96.4425221691832 -185.98041782801 -24.5053289783808 -34.1563455392848 -28.3140289110329 -32.6076875659662 -31.2114828199902 -84.0755805083335 -106.904884319054 -20.0866549499108 -45.4995087971143 
-38.7207875749839 -50.670507222381 -20.7532638013973 -168.857123139279 -114.144380712427 -112.477006772608 -78.0651769380126 -46.4101670551449 -86.2370399218877 -121.983959220813 -49.3382688330861 -17.6027329493839 -42.9125229918468 -55.6475245500898 -38.6250592942417 -51.2327722493267 -69.6872574793085 -16.9649831431178 -30.4315306072005 -41.7074571430871 -21.8998189947325 -116.447316511688 -99.7072075928662 -146.942393396068 -132.436101332574 -33.1388307368247 -45.0993294764926 -58.2354770261907 -71.2802122543403 -88.4211282174613 -26.9124130104157 -36.5501162188434 -57.6203492032731 -215.581761247513 -212.40582902569 -218.1226915829 -12.9692524567615 -22.1483305517183 -48.3622911892594 -35.9986172563818 
-127.281750867648 -125.312425522115 -131.204374451368 -42.8379505705158 -27.8794118317804 -34.8217738314046 -47.5439507959125 -62.8808651859873 -31.8896667972283 -88.9655724348307 -71.5297449450433 -20.2202664252154 -16.5253217489663 -44.5035243227919 -47.9158563220337 -34.3039288853795 -24.7794633913119 -101.259090503538 -88.9484968089644 -149.521132343686 -72.5578394135346 -30.3002828980886 -100.648025802715 -94.6892781922335 -86.2305717889726 -85.7076779577512 -71.5209583662481 -68.2654459088084 -65.1559489005556 -88.6991856239315 -88.6978809152664 -102.777914359977 -106.800768971557 -40.6282779182865 -107.792010565288 -101.558080105748 -76.7613952718113 -96.4478187974238 -91.3690296208889 -87.2903441524214 
-73.6021881897569 -101.305826498301 -38.2691968313031 -36.7455465476203 -155.610251659852 -127.798694344305 -28.1686364826803 -41.887214462927 -32.4036068723424 -43.3895299545773 -61.4217223434832 -53.3808526169984 -30.9666201488446 -33.4716115920841 -43.9211921196731 -26.9728101779312 -84.0731498701859 -55.6818929075208 -24.9324055706082 -24.7733379496255 -124.129349258267 -138.171204469348 -217.487351340262 -9.85431203438756 -25.5458034762828 -36.0174236119293 -215.581761247513 -212.40582902569 -23.9645100566666 -40.8421051365662 -37.0051216015036 -22.4728552117639 -44.6263291672489 -39.7646184961753 -24.7733552320108 -47.0897349985806 -54.8915335591692 -50.4075434690371 -35.7392071839298 -58.6695046559516 
-54.8860101343765 -14.0319757076923 -35.9573786530968 -26.9127288467948 -21.746696389149 -22.1864248018058 -33.0694814897176 -25.8026169547176 -39.2073194000433 -30.0108959399209 -31.4847370299224 -44.0581717412063 -38.8661748686894 -20.0743444027288 -24.3651323764156 -34.9995052337903 -44.1782555276821 -41.8786269584818 -144.229857543388 -24.0276231895484 -26.5441310262994 -69.2328446612304 -57.2071845293626 -217.36783341349 -215.225918835467 -218.1226915829 -219.367288128122 -217.461821074005 -218.568393433904 -217.461821074005 -218.427412013158 -218.1226915829 -218.427412013158 -218.1226915829 -218.427412013158 -217.487382099912 -215.581761247513 -218.427412013158 -217.461821074005 -218.427412013158 
-218.1226915829 -218.1226915829 -26.7643835227716 -47.9403261292038 -26.0319497064479 -25.1074813743186 -143.820462446305 -190.010551276074 -10.6884921005473 -35.5000800559833 -26.1644095158187 -34.8003335317663 -34.1716735111765 -24.4868338673807 -40.8993753016027 -37.1798046689812 -23.5228489243323 -45.1674404079621 -41.4133137129235 -136.159275443864 -47.4715572808986 -33.9607797057481 -25.6174119934594 -25.3355579353555 -35.8427867106668 -215.58263789772 -212.407059411948 -59.0931056330909 -46.8461734161934 -39.1620386396349 -43.4043905329214 -38.5146540964279 -24.7776885731688 -30.2224078317446 -56.3525010401931 -67.9503436750196 -48.359218013586 -59.7371613485822 -48.3236616369734 -36.4811440715296 
-41.8449289692327 -86.5796666604118 -60.8697175771614 -38.1009547941835 -37.5576775576666 -68.2847042607747 -86.5098536220339 -105.886295537128 -126.183772963454 -148.323315906634 -51.441105413558 -217.722504926935 -37.9819515784214 -43.4780311530122 -70.3311216127588 -110.469013221593 -37.7916201875877 -42.5167165837058 -51.7066144341331 -81.3848297382315 -151.319605531664 -209.734087063837 -93.0628439163017 -64.4729238314313 -135.579125650133 -84.7038008038747 -165.052440971075 -36.6723724738228 -56.5303541459398 -77.4516020104952 -68.598008199538 -77.6135727214368 -61.9657107362063 -70.727645690186 -60.9955833696384 -32.5385527009369 -58.2243671302939 -77.5146691262949 -61.4572224598432 -70.8153600237964 
-48.3927976662742 -46.0259849595202 -58.3147426921348 -61.134500019215 -56.9467019915754 -74.4651118500497 -83.7600603300769 -93.4321423223154 -94.0984216968991 -99.2594598706714 -213.581135546747 -43.7986046463488 -94.4999418515175 -195.255671989294 -97.1212284726619 -61.1225506502903 -99.7804058999887 -73.0991948090944 -92.5646844014197 -50.8868002856155 -157.921413574005 -66.2184021701678 -68.6661982358914 -58.8230717462113 -50.7739733198934 -94.5552298173574 -52.4316412730421 -58.8405498935003 -63.8449033578167 -108.470363117275 -124.951422905441 -85.1161304323156 -59.1248721667163 -47.9328380876754 -67.3863282143599 -38.9240841757313 -34.2910627945792 -57.196346874554 -62.463906347089 -44.5453319594397 
-44.2357184179814 -64.640479349689 -56.5758212109989 -29.3149572182555 -33.3261172347811 -24.8246503610065 -28.026015846154 -132.536342878386 -72.1217088432012 -119.625399987247 -112.367717127602 -67.5820419841957 -218.1226915829 -217.722504926935 -165.75529270619 -217.722504926935 -48.2625517231421 -89.0323433580251 -54.8701215114361 -91.4224146139032 -98.9902678325484 -89.9812286586767 -58.7037360438968 -51.2769673125507 -103.131469906346 -146.649275337836 -120.389075520159 -71.6554397806735 -50.1339628123609 -91.9413739202603 -73.5487047876689 -75.1140588682217 -74.6289046583209 -193.868141193551 -217.722504926935 -134.264633613656 -122.355390839583 -117.227182419065 -85.7282661635069 -99.1437768445281 
-52.2132657681906 -68.5264210772734 -154.218964116643 -18.464413857398 -62.3246276393283 -38.8220091615366 -89.0568419620854 -62.6378679383333 -71.3593315233552 -78.0276054818844 -86.1933801851426 -55.969070996191 -42.0097594124619 -72.3422074679271 -47.7383860751709 -34.082469438975 -24.8092387629676 -28.1208032545047 -115.829099089626 -139.741232111415 -90.569357726568 -34.5662198976862 -35.2791944621866 -50.3942526718773 -86.8156308659591 -49.1135171407735 -41.1957522659396 -40.0551841977512 -41.6560057759305 -32.1075484046251 -30.29304315307 -29.5731910000129 -28.4958283007279 -36.9368510834712 -31.4924086618078 -43.9893502264727 -80.2233508120639 -62.3069042887937 -57.7521399535902 -34.4077313524908 
-35.071606577833 -38.988080370336 -63.7875168289803 -73.4031730693686 -96.4586046448753 -132.881732322033 -32.2064483335538 -30.7552579420317 -91.4749736737897 -62.9289621360842 -25.8159375116403 -94.0956999250956 -82.0406464422758 -73.815437323336 -68.0565632925202 -64.3355655564359 -95.3164490695092 -99.9563448273426 -106.208049059426 -93.9001684249766 -67.9798712048577 -77.2781555081991 -79.9952956586645 -24.7733379513157 -78.1367606976229 -150.99879190461 -73.9047793428443 -70.0084504898453 -63.7643707670955 -60.620554315901 -63.2474088983795 -142.226388292791 -218.871635141412 -219.837226150591 -215.695856717884 -127.297981647226 -116.322609685022 -108.682096568753 -128.149762470751 -140.456919971553 
-132.326581330251 -201.758399987995 -215.581761247513 -109.253125228213 -177.422538732179 -31.4146673336802 -79.6828445155746 -43.5764320163848 -52.5921195769047 -68.4778769182903 -77.8154553964223 -36.1618593726073 -39.4959834506833 -34.6758075455049 -33.7951974601366 -32.1200373828977 -81.7807766699594 -72.952614868361 -24.8849659788553 -130.358691683407 -29.0727947661503 -50.5300217511868 -60.451812978762 -49.4434126282786 -85.6961553423735 -68.410443100541 -95.5446005487778 -41.9221566644184 -39.0374433851483 -60.4833200593283 -117.483939494942 -213.581135546747 -59.1852937520256 -103.360165102545 -195.258225040781 -108.180279863993 -77.1352601641028 -112.620858436986 -88.7864490385228 -102.065862963411 
-66.3002835938505 -105.07572535757 -106.737464535929 -117.165637442132 -134.429577047836 -34.3334318227514 -53.4041308143568 -42.5948878703815 -41.7521147361284 -38.7309027468032 -32.4049065305891 -65.6326139437587 -156.34821087901 -128.435803292223 -118.645275988279 -181.823218114195 -100.007176535756 -106.542361646201 -64.2922079452015 -97.815413185456 -117.710711230735 -154.944276176578 -128.868760050189 -88.7043560776803 -65.7086271515346 -102.455691177585 -32.9606697567375 -73.8438922801729 -70.113300888364 -39.9373094462095 -70.0886636885515 -53.1199248360194 -90.5259953812928 -127.765912850206 -86.8464144850013 -58.2444266856963 -103.061111622902 -27.1915665464162 -69.4997206058756 -24.7733603616282 
-38.9999097741473 -47.8555299243699 -35.9262434838799 -36.5846779898788 -54.3492444371558 -34.7067674835788 -40.6143090241547 -62.7925225696076 -56.1034761661986 -49.0671954259147 -34.2367451685905 -33.9447159935038 -39.4512756531493 -54.2785511307189 -88.5383782672328 -135.197500386122 -48.2157247991017 -58.5229018196389 -74.887891594433 -37.6551676618871 -12.7161047958584 -40.6285514810328 -15.3669638356037 -25.1565102981995 -27.9061362884143 -41.8126894496177 -32.3290818590331 -43.5609058188807 -61.5607729013133 -53.3063276037231 -31.6979975374494 -34.2029926511288 -44.6525695082778 -50.2476439215927 -70.1505479856763 -28.0999867779206 -83.9986248568764 -55.6073678942116 -24.8578805572989 -50.8289612872003 
-106.263872163997 -70.684252830774 -89.9364884820276 -111.037706663255 -48.4172823413259 -102.24759539532 -46.6788430142241 -98.280075381846 -45.6448515898825 -89.2642302130818 -43.6596648411163 -85.038198137317 -85.2062124420341 -63.7035628281356 -78.3571025203222 -94.7697514376218 -191.377476607325 -101.334925721247 -79.4717586710436 -102.387928860843 -76.5221139712333 -60.9149404769011 -89.5418165514986 -218.1226915829 -218.286430592412 -35.00067296499 -38.128861599088 -24.9856026481824 -26.4550997876655 -30.0390844547945 -89.3598476693496 -42.1782584842855 -40.3115008580336 -50.8160859630792 -107.128603362277 -77.4688771240485 -24.7734052443021 -47.1249637141931 -37.5713140801787 -46.6044517935433 
-35.1712735066925 -56.0956437561417 -51.0816904468161 -35.0614684339393 -53.5907797995675 -53.5856785253749 -85.3868935257324 -68.9683473361301 -50.3557588768865 -34.7186654203808 -35.4973877616381 -82.2588398616964 -84.6833890584456 -49.5998232612328 -107.926221100636 -46.3492679142934 -24.774508456754 -31.585910840496 -51.6684497019933 -61.0720130726615 -53.4797088114318 -58.7734464719526 -69.1537095878998 -81.8345940829715 -93.9867959608478 -129.156228678161 -95.8787083067161 -73.8377990043796 -91.207788714172 -112.72299362593 -216.286975947807 -217.722504926935 -213.581135546747 -216.286975947807 -213.581135546747 -32.2234728429784 -29.9313751906025 -70.7313824129274 -65.2387564323184 -70.1483992271185 
-83.0228669267718 -120.679346938278 -84.8293187763609 -41.1147517037707 -33.9291952335085 -32.0438969187207 -24.7904908685618 -29.3915074616077 -49.8766285931622 -41.5527492852887 -169.601312197265 -110.814229929747 -101.11732167858 -131.332228058609 -75.9072112873205 -60.3361085312284 -45.6914259500334 -88.9737762785063 -49.096794721512 -24.7734820814247 -33.8645374321725 -35.1399404357648 -73.3527509732122 -66.3407056723541 -76.8653740065558 -37.8650477841647 -28.4397016636743 -75.7007121392386 -66.7165089865134 -96.8214594113366 -44.2939158693561 -41.9271339222236 -54.2157070969176 -79.0480775966213 -88.9441421997124 -100.44335927661 -113.980806691796 -132.672997496651 -149.058730782469 -93.005836533077 
-95.7362551103092 -216.286975947807 -213.581135546747 -33.7904787307491 -50.1674924113969 -117.248562480543 -47.6369945938213 -50.5305493146071 -58.550903915038 -47.4519413714699 -61.4157675091601 -78.3772402684395 -96.3933652328501 -66.5051332526679 -83.288787855543 -48.2320661197753 -51.2836392421857 -52.3933010059876 -87.2760468216722 -47.3884179501316 -53.0240027771587 -62.5313516246144 -77.5890166357052 -95.2347332203523 -114.28110579733 -49.0148036000075 -40.3514374886262 -34.1066071744266 -57.9277550317965 -118.594998987748 -82.0063463130357 -72.2780626087303 -60.5262207029896 -60.3193562718054 -53.5116412193857 -56.3210588823401 -61.5004644580131 -101.581946668763 -74.409341218332 -91.5568520031842 
-65.3586157066349 -116.610258266465 -209.956286817772 -129.252747913148 -218.1226915829 -217.722504926935 -217.722504926935 -158.867055977123 -74.5644219824994 -83.2978246446687 -97.1063026233615 -89.8248515642323 -96.5443602376991 -120.661436823731 -44.3028035427438 -44.6204236949439 -52.9947095704318 -42.991885263353 -110.838754267605 -56.1201895425924 -60.4309064110373 -50.590679493977 -66.1508658236247 -167.747396105327 -166.916619135092 -217.487535898194 -107.200004038618 -102.752543501974 -132.569367305855 -75.8980896804782 -215.581761247513 -177.334000699515 -45.4940463713012 -71.8865794692344 -74.7153424630924 -77.0680301946169 -72.763770954131 -189.966300604447 -131.813720744701 -120.926060984563 
-97.0362065726704 -29.9918476405846 -50.6693401954014 -63.7206548221528 -38.8829238989202 -30.0001418286869 -28.3804895338894 -27.7701926336137 -31.1150991380556 -42.1145398371628 -88.9515405903353 -72.614576513883 -94.6097130276501 -60.454592759787 -53.597243775741 -82.6846362295578 -67.1131134620928 -36.4094833655958 -41.9259226679853 -30.0635015777067 -32.8909584429805 -39.8327231119891 -56.4707731076341 -30.4709252617311 -62.4039395097349 -29.2095513572291 -85.661857814637 -57.8673524600938 -87.5304853232455 -62.9285794949439 -90.3939232719059 -91.6340137606723 -91.6891410299803 -98.3308898797536 -108.554350266696 -120.216997417529 -131.12567891322 -144.195813269845 -216.286975947807 -213.581135546747 
-56.6550803879343 -30.3951392255166 -54.1916607438217 -169.495702808411 -88.2943144754165 -77.3726392556295 -50.805382667827 -178.483042584918 -73.1663716931302 -130.647352134055 -158.639501826314 -108.430587988961 -20.1747735693301 -14.8296976983896 -21.8055428117955 -0.0537893772258523 -0.590772123496442 -12.2503563553187 -6.31169613307823 -0.811805877316612 -12.4434764720129 -26.6657887604666 -21.5414645693232 -36.2322862798552 -8.41530600906449 -143.000112628755 -20.7132517991803 -25.7789397701523 -41.9133857804552 -8.03156258720545 -45.4367282735002 -76.9064948358852 -87.6455342298667 -28.3253653088197 -38.2972049120437 -85.7993260676231 -83.5300482520707 -133.019534571389 -21.390225893919 -116.569808586771 
-15.6628918988462 -83.8749254690182 -149.03922164288 -211.641958643755 -7.81855200378645 -2.50244705976588 -2.4041646305316 -2.82506745030609 -4.88914791724526e-08 -1.33435917284985 -2.24924533751527 -5.55174933172239 -212.258812885341 -102.005213686258 -99.0118519451455 -99.9461653044073 -94.9088226898958 -182.440272851014 -8.61204674352346 -121.013947255791 -58.3699399709361 -54.7132472299817 -22.5140863189625 -21.440873861662 -36.5918461342639 -82.6451841224119 -33.5346349449108 -94.5192415375416 -140.142561420036 -107.013811434311 -81.81220307451 -3.95418670190341 -107.825563915001 -214 -4.36822638403805 -6.60700229665783 -14.3974363614331 -17.8426192023872 -19.3115395772053 -2.24675153557365 
-17.1697657294875 -9.90052534646231 -17.6350106080542 -55.7912074077684 -40.9089864403734 -79.5128515757457 -0.30506245031956 -8.9941806717064e-08 -1.03977232002192 -3.52967344224364e-06 -86.9819492287419 -24.054788319028 -11.305229596376 -6.03878119908153 -67.921176844963 -14.5803265274104 -33.4428290741027 -16.2599525632731 -4.35976015631498 -10.876816755741 -4.94922230255478 -2.43748794109086 -1.56022338520147 -0.567807128380459 -8.22562400263559 5.8953219070698e-07 -7.8148093836933 -33.7945500225997 -41.437501995553 -10.6111522303097 2.99223756435619e-09 -1.27924687504426 -1.87192674265465 -5.45933879637616 -13.2599357714922 -9.15309275981182 -4.2383999155105e-07 -22.5043383638084 -23.7538386792608 -23.3554367917933 
-74.0883131001958 -11.7227705410311 1.21331549719416e-06 -7.93380579442675 -85.5286900906834 -133.120490865238 -64.1839802579078 -29.0771734434348 -68.204454703392 -28.3463303517786 -198.643615253099 -27.4363691457436 -107.41661880703 4.69375684075224e-07 -120.344102612686 -97.8678893908163 -15.8441968290649 -18.7875750199136 -39.8533864144446 -32.0123068522143 -65.5833700371817 -40.7688295739028 -15.8699843082027 -17.6679059730962 -13.3750053270612 -15.3571667585118 -78.8358813656485 -5.13161096735856 0.000509127695687317 -3.81247581105925 -60.8777569072071 -53.2596383581603 -54.2690990589848 -54.6168151251107 -74.0496533528713 -70.8125937160974 -86.7199296962833 -7.06726446477052 -34.7670431644381 -121.720822663311 
-34.1147937439699 -11.6054651004133 -53.6607203183722 -45.8675411518996 -56.7926961329724 -90.2758642201085 -45.9798524382575 -198.615250600303 -59.1207645375748 -49.6837030018461 -52.2990742426966 -11.5333254340177 -91.0205077293272 -145.799473163027 -26.3294893645495 -48.909796183745 -39.2271279165918 -47.4473529064983 2.63265385470897e-06 -7.39024854141381 -145.265635611716 -120.560183171454 -32.7275064788664 -54.3749953879829 -15.6934363093013 -17.2912482021852 -8.56870362691882 -10.3121475339669 -17.4866260597983 -7.30289246897374 -7.9676851133292 -17.6099150773924 1.10771910952255e-05 -5.6935752862946 1.95743325042413e-07 -24.6609154825276 -66.405526015076 -0.719040323636711 -0.829072372768215 -23.7893198604491 
-7.94998368623013 -8.67080387668245 -29.0117927233991 -8.65352829332799e-07 -2.655901608606 -17.061106194277 -8.61330881319134 -7.83099021717565 -51.6572872408665 -1.36292688903504 -4.56178054629737 -45.2799903661722 -46.8776139032695 -35.2894137682084 -5.11767537476338 -1.51776571650908 -1.30189318793465 3.04723357611648e-10 -214 -12.1722641724117 -97.3470585014934 -206.475554797656 -47.1849129069254 -214 -92.7769881015691 -69.5799595672087 -66.2069354193645 -214 -214 -8.08560322653403 -33.0061797547298 -57.0471760114005 -9.15527650202681 -8.70804026485048 -10.560664716196 -4.7031743870707 -4.547795990194 -1.18818131723335 -6.71654454710605 -11.6399901039649 
-209.138469458465 -214 -3.16996064197088 -4.85146121149325 -2.26943593766805 -1.89517138823389 -3.07766288142949 -0.331354235819579 -9.82760937772797 -13.7649388570553 -61.2556298770244 -112.4691374935 -34.9084773893413 -48.1600080684763 -36.1240232448726 -136.213774933496 -38.4036233091311 -17.9285133115805 -67.5539112808757 -50.537485940903 -52.6844346290096 -4.72432339277106 -9.9722534692732 -9.48332121164862 -11.6611391096648 -27.7518653384614 -28.6242936520081 -65.4786794174946 -29.9811410176797 -33.1733900338257 -5.36645098709925 -3.17297872012579 -1.91632039393403 -1.22633087478097 -0.352520131898579 -8.41415429307049 -13.8164936457114 -50.1791774953187 -64.3979705201797 -45.1292134473672 
-44.4630427330339 -86.5854858281849 -95.0136981262428 -75.1691170226663 -214 -214 -214 -214 -214 -212.857701212836 -214 -214 -214 -214 -8.01457110834156 -35.1573350347482 -172.725733808773 -60.5506118679261 -52.5928227374622 -17.4938133766889 -28.2288952411654 -2.2048925575538 -214 -22.4835933327285 -27.1784047365429 -26.3518103385633 -97.5633154389275 -27.663575762136 -27.1372826261722 -23.2393010117773 -21.2015547506899 -20.9729872039605 -30.3216759180939 -67.2619258652912 -113.178963033993 -188.969334720425 -108.666014942182 -37.1334134912296 -98.3506123171725 -12.5475780408468 
-182.750517384079 -28.9658711766845 -5.28555400140624 -5.56962171949257 -5.9189286698734 -4.14724291541389 -2.80257182963747 -4.76188199689901 -0.901763309110883 -66.613418839558 -40.8916226405963 -150.504194666566 -97.9131125410301 -49.2966047176109 -37.0819180092316 -59.4843142558228 -41.1444282078662 -20.7508402100601 -22.5514532163644 -101.769819289189 -122.785737950103 -64.3666755795776 -26.0174443855597 -36.0535192021802 -22.9125715979852 -18.1796804674796 -73.3915844538688 -107.176868682364 -115.912289289612 -96.147708864036 -9.33176707830514 -76.9981738216486 -31.8123229023235 -69.4699659571318 -59.3580538363203 -15.9447426899822 -13.6346855398864 -55.9537116963672 -21.5766905753199 -38.2692562697644 
-13.31980156815 -101.025821846143 -37.0508635560238 -22.4466075517461 -27.2440591001414 -77.5749896442834 -91.4133864364625 4.0616540275989e-05 -47.9355387055123 -117.087047031483 -74.3345284604994 -94.6920438290525 0.181284817118243 -45.0519381572434 -4.53257839173753 -87.1766777110975 -86.8140072719865 -184.032172509311 -74.4863605959804 -7.71580811019472 -85.6934463113199 -12.406962407438 -77.3947549392336 -49.2783164699517 -214 -55.7388454529007 -56.77374576055 -16.0688832196299 -23.9225834005235 -33.6792641109119 -18.3000743201544 -16.0065415415977 -9.79640841066123 0 -3.12613355410706 -1.1501596782703 -32.8571297281452 -146.293998465113 -9.77152812217356 -8.63351525154124 
-9.37205807498339 -29.8531187929317 -16.8216083139997 -4.12490791430483 -2.19073554296682 -19.3466082462025 -105.140685354218 -35.1806158889926 -82.4008925694239 -39.3757072962562 -94.6882827560447 -106.246243544209 -82.7293313752006 -0.516619433491893 -2.95736023488653 -75.5420512437107 -5.20233571404555 -7.04440306610959 -73.3768251540728 -157.697363186044 -8.39043422275424 -101.064633557034 -10.2986032090842 -128.825160234946 -32.3727998950356 -59.545645785029 -21.3775664812547 -51.1689982603407 -67.7088220773203 -43.7624761051403 -109.616990158134 -46.1273988710051 -58.4952694125439 2.80760411316509e-06 -54.7733212006344 -20.2496769614776 -11.5030756481303 -11.291097677913 -70.7634073616135 -80.0735830503959 
0.000821460573759662 -110.097220824547 -90.0573373208165 -54.3686704135879 2.25841176540979e-08 -13.7694383584058 
<W>
1.04330834144688e-09 8.70458692699442e-10 7.02782064340487e-10 2.92940527003817e-09 4.40102917490364e-17 2.13989617200772e-24 2.94397120210535e-31 1.20344761493529e-14 1.37704115040138e-21 4.15081556676919e-19 1.35921887332551e-11 2.76026043783981e-12 9.37372244251515e-16 0 8.83347197726401e-22 5.5610243337463e-09 3.41760893521866e-20 4.52861531452587e-26 1.64296752594245e-32 0 0 0 0 5.14629735421026e-26 8.59528116256054e-18 3.17321248460711e-15 7.23123924852473e-15 1.86747898465341e-15 1.08354039784558e-30 7.43319470449903e-29 8.75466552374185e-16 1.24664936890671e-12 2.75507502454086e-25 1.91692221923857e-29 0 0 2.82459981585915e-27 2.20699618760701e-22 0 5.36266408953065e-18 
5.05635995338333e-33 1.78420523091724e-14 0 0 0 1.96206805330851e-17 3.00798480778824e-21 3.8015470135541e-26 2.91022552980773e-32 0 0 0 2.62780503225998e-11 3.68988941945601e-08 3.61087710530264e-06 0 9.2282183596739e-25 5.17718835815098e-31 3.30995841804741e-14 1.03667100835583e-14 1.04806359650227e-21 2.26700997345881e-27 0 3.7934518426298e-29 5.70728821761928e-15 0 0 0 0 0 0 0 0 0 0 0 0 0 0 0 
0 0 0 5.5623198339721e-09 0 0 0 0 0 0 0 0 0 0 0 0 0 0 0 0 0 0 5.16361905070456e-17 4.28157738742409e-09 1.28073695643612e-09 0 5.37962443111579e-20 1.17909474634094e-29 0 1.22504694660691e-28 0 3.30578916849176e-09 3.09277179513608e-10 5.56214030012637e-09 7.68042582143799e-19 6.14769658753144e-15 8.58863380717794e-19 7.65438681802586e-14 8.91431297455484e-23 7.4484933895134e-21 
9.68406454446358e-14 1.61418891618535e-22 9.12250989421414e-22 0 1.41130563022491e-28 5.5623198339721e-09 0.00269291991102439 1.60417920927397e-28 3.15313803839884e-07 3.93487803344591e-07 5.55447442755546 0 0 0 1.94705409464895e-09 4.2701831050203e-05 0.0019148459173291 1.7719663646689e-18 8.42035139897086e-27 2.29029953211145e-15 0 0.00556180613733204 4.61479222596472e-09 3.58892756139952e-05 8.49303787420585e-11 1.05445483316186e-06 5.58456927880238e-08 1.31697957321122e-07 0.00481788448011933 3.66618071758378e-13 5.03232056126182e-11 4.8026918897639e-09 6.95717293982344e-29 0 6.22757065968274e-23 0.000234960114420279 6.09486852797255e-05 2.43510705193381e-10 1.21043751240273e-11 6.51845073081794e-30 
1.75121531578639e-12 0 0.00012928084731833 5.13509702504354e-05 3.43461866816759e-24 2.0857650043345e-17 2.56752597721583e-19 3.90250118268842e-17 7.98842565812401e-16 3.01157203965796e-19 1.58337252542591e-15 2.65803798027931e-25 5.53778750152816e-20 7.34552547280315e-14 6.60744330099646e-13 5.4937443548047e-13 1.46846639513639e-12 1.90582142248644e-20 5.30737411648345e-28 1.32735934454028e-25 4.69177080418634e-13 1.42923823611675e-16 2.82205555257497e-19 1.48296719205209e-14 5.59001193722955e-21 2.50737031191775e-26 1.35616211096276e-31 8.84608840709935e-31 1.38330402122221e-16 1.06600455254987e-12 0 9.33613597285543e-28 5.56231907843548e-09 7.55529394592173e-16 0 7.22136771638824e-21 2.99078808600243e-05 11.1246392739159 0 2.5163010126844e-10 
1.31528294051661e-15 1.59808612959419e-19 2.63461698913081e-12 4.20961092483274e-11 4.4480073921283e-11 7.96376351415768e-18 3.66643852755242e-25 2.57742781247988e-14 1.08743908286155e-22 3.96931674902361e-19 0 0 3.06420193615021e-11 1.75909578948292e-15 1.14422501632488e-10 0 1.62015769901553e-33 9.35044918580626e-22 5.07638326230103e-09 1.2552618225089e-10 4.68628882184907e-16 2.03127840783432e-10 7.11040168538105e-11 4.66098013539269e-12 5.60768812263365e-11 1.16597658801928e-19 9.58853238931384e-17 8.32513790363672e-21 2.52167089847249e-15 5.27793412887378e-12 9.50515712310215e-12 2.13413514950876e-15 3.99167341582737e-20 1.22444059989662e-21 0 2.03111145459841e-11 2.36645062214441e-33 3.14035090194422e-23 3.73096058000975e-20 1.3482978106319e-21 
1.30283420604057e-31 9.8304558621854e-16 5.66324174786463e-21 6.236745666432e-23 3.09401796366487e-27 0 0 0 4.73724628651228e-28 0 0 0 9.06126091374924e-18 4.40424686880612e-17 3.54041226648646e-14 7.88289336568807e-11 5.00901486733094e-13 6.93861445295434e-30 0 7.10477117084917e-20 1.76653746625671e-18 5.93744215002183e-19 3.21008520395788e-20 2.30550627628847e-24 0 1.34851582346278e-22 0 1.65879124600892e-22 3.62993679019766e-33 5.5623198339721e-09 2.69763034819536e-18 7.18102991604162e-27 1.85433758479359e-31 0 0 8.38447907458203e-33 5.0493232820472e-29 5.54040054919698e-29 1.84840726346726e-24 7.56962659953262e-15 
1.25574163546263e-26 2.53966638901986e-26 3.42308147636014e-12 7.78848457656239e-12 5.36716749266867e-32 0 0 0 4.37761851121362e-31 0 0 0 0 1.97089914916844e-14 5.21797183676882e-11 7.27444323772052e-25 7.1709506046065e-20 1.37691812054946e-30 4.7958626307265e-30 0 0 0 5.52059033195479e-18 1.73087073360223e-24 5.53541409884121e-15 0 5.71985737822468e-11 2.46871954603152e-10 2.36232875122784e-16 3.10474492771561e-12 5.30792631272669e-17 7.9693144099787e-25 2.40816848124503e-21 7.69358311263053e-12 6.28398633218405e-13 1.81991384886201e-17 1.92156846184892e-11 0 2.41210586241351e-22 5.28480516056297e-09 
9.45619520414513e-10 4.1459368044524e-06 2.85592946051227e-24 2.96837221807288e-27 1.2243837674724e-32 0 0 2.23507249041107e-15 2.18976882825428e-23 8.88228558477759e-10 3.96194076758525e-07 4.51054792173213e-23 2.17617092984282e-23 1.32625593582464e-23 3.96254188428488e-25 0 2.43579697196427e-16 3.59780234288333e-16 3.87883851469508e-17 3.69511758737557e-07 5.26236347905519e-15 1.30088169768149e-28 0 0 1.33836739575999e-17 1.98863623137371e-16 1.62393267643474e-25 0 0 0 0 7.27200446563984e-09 4.67953198089636e-13 1.61269958897414e-10 2.20218790103178e-12 8.89641446720613e-12 0 0 6.03462633703026e-07 5.54559751829999e-18 
4.87450004980738e-15 3.14932092515922e-20 3.09853887001e-07 0 0 0 3.98922365494932e-32 2.23089738594932e-18 0 0 1.19343827958803e-19 7.2346372415452e-06 7.37070019462981e-17 2.17149249760211e-22 5.36476847733413e-15 1.79500695565639e-20 1.73530449729116e-28 1.36887821924744e-05 1.94046272402293e-11 2.45937113754634e-16 9.84464618633397e-08 0 0 0 0 1.2946202282349e-12 8.27455511483389e-18 1.63222550026511e-23 3.52849201260754e-29 0 6.55033316505967e-10 4.27228385924189e-14 3.01979569112522e-23 0 0 0 0.000744215534627739 7.67832273798109e-08 3.16721450037823e-19 7.41586544703847e-14 
0 0 0 7.94087774731798e-17 2.49051030178031e-10 2.40570686832569e-13 7.17898503240577e-19 1.56808385845782e-25 4.51502341075935e-12 0 2.74930518684965e-29 5.2799692455779e-07 2.12488434475593e-05 1.50153800225327e-17 4.9496319546175e-19 4.03798721424806e-13 5.52835293779504e-09 0 0 0 9.8326854176289e-30 2.21275975586988e-11 0 0 0 0 2.7733582193074e-29 7.19218984458633e-28 1.6118073820009e-26 0 0 0 0 7.23668491340717e-16 0 0 1.46934228238205e-31 0 0 0 
3.46054139418299e-30 0 7.65783180376594e-15 3.51397088804375e-14 0 0 1.86518530002413e-10 2.05504937542811e-16 2.70089592926225e-12 4.5748588529008e-17 6.74705627724092e-25 2.09492722866515e-21 1.13660751175512e-11 9.2836137872003e-13 2.68863985400921e-17 6.16707558471194e-10 0 2.09835169648764e-22 4.74409813493073e-09 5.5623198339721e-09 0 0 0 0.0167689782342629 2.56904258099232e-09 7.27808206828647e-14 0 0 1.24884609906204e-08 5.84313696768542e-16 2.7104143445416e-14 5.55076319009118e-08 1.32802757193065e-17 1.71640588095031e-15 5.56222370240247e-09 1.13079203653435e-18 4.62453764450066e-22 4.09684296229527e-20 9.61303969264935e-14 1.05765727195453e-23 
4.65044526421064e-22 0.000257167093995442 7.72953622977791e-14 6.54914398045497e-10 1.14752112986691e-07 7.39250506969656e-08 1.38787835740122e-12 1.987423144045e-09 2.99701831467644e-15 2.95566191567727e-11 6.76964234570938e-12 2.34415661464961e-17 4.21552338532459e-15 6.11046479207713e-07 8.36741562182359e-09 2.01439666967895e-13 2.07899647183723e-17 2.07290405765094e-16 0 1.17263071104564e-08 9.46816015214905e-10 2.73389846977746e-28 4.56520429848802e-23 0 0 0 0 0 0 0 0 0 0 0 0 0 0 0 0 0 
0 0 7.59553785237007e-10 4.83008416435501e-19 1.57999143699005e-09 3.98232377854756e-09 0 0 0.00728159970353811 1.22093964567792e-13 1.38392996260599e-09 2.45805985955922e-13 4.60907812301634e-13 7.40741321205154e-09 5.51790157305233e-16 2.27599757039493e-14 1.94243378285731e-08 7.73046226898981e-18 3.30065974772667e-16 0 7.7182068388345e-19 5.69090493364734e-13 2.39149279405872e-09 3.1702579486482e-09 8.66661859605285e-14 0 0 6.92430283066507e-24 1.44259991726036e-18 3.13559518016317e-15 4.50733153788376e-17 5.99002715595491e-15 5.53817192623536e-09 2.39209186820991e-11 1.07302735514934e-22 9.85686932435244e-28 3.17709053753562e-19 3.63600949284422e-24 3.29206404456425e-19 4.57720477349507e-14 
2.14355124716841e-16 0 1.17160460206399e-24 9.06100864281689e-15 1.55993671562473e-14 7.05538606469291e-28 0 0 0 0 1.45745685198371e-20 0 1.02060004103229e-14 4.18744354400121e-17 9.1155860994071e-29 0 1.23454048631438e-14 1.09497654297407e-16 1.11759899669888e-20 1.44279056523469e-33 0 0 0 3.19114879089578e-26 0 0 0 3.78005016232424e-14 8.98227805301585e-23 7.36897853787053e-32 5.15771995791605e-28 6.26673379755516e-32 3.91577809897117e-25 6.13128466730734e-29 1.03302261938531e-24 2.35978249396092e-12 1.65057127315285e-23 6.91859002656559e-32 6.51085142318829e-25 5.61660859883362e-29 
3.072097613409e-19 3.27605283930424e-18 1.50789090657159e-23 8.99056679318081e-25 5.92250495556797e-23 1.46005016135487e-30 0 0 0 0 0 3.0385980074755e-17 0 0 0 9.09915619099818e-25 0 5.72274058708408e-30 0 2.53693846671657e-20 0 5.57054412655813e-27 4.81766479158153e-28 9.0709104092976e-24 2.83999349955565e-20 0 5.41260672065668e-21 8.91411681247948e-24 5.97981553334161e-26 0 0 0 6.70771022803313e-24 4.8662013753048e-19 1.73252306837649e-27 3.97797332147352e-15 4.09041062804439e-13 4.61426373875695e-23 2.37945509044735e-25 1.44012111032742e-17 
1.96273306172361e-17 2.69857466744667e-26 8.58202835332105e-23 5.92715511880451e-11 1.0735325824587e-12 5.28410209271672e-09 2.15099786982586e-10 0 1.52102831208907e-29 0 0 1.42457811413696e-27 0 0 0 0 3.49963738935777e-19 0 4.72499812883135e-22 0 0 0 1.02206604500199e-23 1.71736353290082e-20 0 0 0 2.4244092085378e-29 5.38585509611525e-20 0 3.65096305953693e-30 7.6309079266344e-31 1.23956534143156e-30 0 0 0 0 0 0 0 
6.73291579484952e-21 5.54065119785936e-28 0 3.05625760102176e-06 2.73487123379069e-25 4.40559330906158e-15 0 1.99922000722078e-25 3.25972852634885e-29 4.14237623057112e-32 0 1.57432692118023e-22 1.81788614900406e-16 1.21989503103885e-29 5.91061769896813e-19 5.03896997679096e-13 5.36616583528763e-09 1.95649919306953e-10 0 0 0 3.1092854928773e-13 1.52412178902802e-13 4.15559555109976e-20 0 1.49571774764163e-19 4.10668366805502e-16 1.28479450275231e-15 2.59182507957539e-16 3.6345305800159e-12 2.23089634604077e-11 4.58256917074194e-11 1.34588690958756e-10 2.90479826626664e-14 6.72357665179869e-12 2.51326929656046e-17 4.61339380863327e-33 2.78634190752619e-25 2.64937495236514e-23 3.64326956442455e-13 
1.87574563827833e-13 3.73483111166781e-15 6.34470978761179e-26 4.23432830577227e-30 0 0 3.29227879468593e-12 1.40521058428226e-11 0 1.49581577955706e-25 2.46327194549982e-09 0 0 3.70075392609178e-30 1.17310646074124e-27 4.84558495090756e-26 0 0 0 0 1.26661426012813e-27 1.15998079160874e-31 7.66308742851492e-33 5.5623198339721e-09 3.71317446639164e-32 0 2.55728672724472e-30 1.25849088989105e-28 6.48110655508987e-26 1.50312596307367e-24 1.08687986592383e-25 0 0 0 0 0 0 0 0 0 
0 0 0 0 0 7.26068009629246e-12 7.913918135059e-33 3.79472640727168e-17 4.61021146322843e-21 5.8159518754909e-28 5.12100742408359e-32 6.29934789868396e-14 2.24553783934582e-15 2.78428243228712e-13 6.71615260205787e-13 3.58594151430295e-12 0 6.62638620876549e-30 4.97481503822057e-09 0 7.55172820202776e-11 3.62483040037599e-20 1.77946011286418e-24 1.07445977969274e-19 0 6.22208692679135e-28 0 1.98445254055698e-16 3.55160526720343e-15 1.72437808181669e-24 0 0 6.31488185755684e-24 0 0 0 1.01104458395398e-31 0 0 0 
5.13283441274693e-27 0 0 0 0 3.92101638636677e-13 2.04684899078881e-21 1.01275479618175e-16 2.35235114947532e-16 4.82623219623945e-15 2.69727828420958e-12 1.00075059586216e-26 0 0 0 0 0 0 3.82358597543245e-26 0 0 0 0 0 9.27473264963192e-27 0 1.54722787035869e-12 2.71775128050806e-30 1.13338739641743e-28 1.44421123180901e-15 1.16164009549701e-28 2.71955559225022e-21 0 0 0 1.61793120833319e-23 0 4.9547860670229e-10 2.09345083795484e-28 5.56219514807914e-09 
3.68745870687334e-15 5.25763850391891e-19 7.97249187779971e-14 4.1272988918588e-14 7.95421660430872e-22 2.69908979904867e-13 7.3390817044201e-16 1.71287440044728e-25 1.3764371413103e-22 1.56523418238041e-19 4.31872350682634e-13 5.78312751000185e-13 2.34817441643253e-15 8.53663921483357e-22 0 0 3.66744486315478e-19 1.22461480482784e-23 9.56669070337154e-31 1.41508548784826e-14 0.000958563196737187 7.23474079097627e-16 6.76669296820815e-05 3.79184491855222e-09 2.42512078226366e-10 2.21407031663443e-16 2.90989286573294e-12 3.85440811035977e-17 5.87122590114691e-25 2.25703340085457e-21 5.46991749814654e-12 4.46771799509722e-13 1.29390662166937e-17 4.80855065335678e-20 1.09211955112645e-28 1.9978187214544e-10 0 2.2607234300327e-22 5.11119902844807e-09 2.68794916991309e-20 
0 6.40274702876746e-29 0 0 2.99786027021499e-19 0 1.70533643606304e-18 0 4.79590880892793e-18 0 3.4917342966306e-17 0 0 6.88725681361517e-26 2.97953151123555e-32 0 0 0 9.77326583403544e-33 0 1.86665479817637e-31 1.119876264959e-24 0 0 0 2.01180276301352e-13 8.81130483886118e-15 4.4985091307624e-09 1.03486528667475e-09 2.87342361943592e-11 0 1.5360403137016e-16 9.93382932498268e-16 2.72297423810718e-20 0 7.24193080789014e-32 5.56194550935898e-09 1.09161938067912e-18 1.53871528762209e-14 1.83707516875964e-18 
1.69618514571204e-13 1.38713353292708e-22 2.08765809689933e-20 1.89315992559643e-13 1.69818487752369e-21 1.70690657384311e-21 0 3.56165697654534e-28 4.3149286883044e-20 2.667040306481e-13 1.22417571034201e-13 0 0 9.18861529692577e-20 0 2.37119486670459e-18 5.55581279990743e-09 6.11790758556262e-12 1.16126490321177e-20 9.57155901426791e-25 1.89760328884673e-21 9.53396283851391e-24 2.9592762374268e-28 0 0 0 0 2.73465123031056e-30 0 0 0 0 0 0 0 3.23401644913813e-12 3.20044793318097e-11 6.1102669238057e-29 1.48413714843842e-26 1.09480680839151e-28 
0 0 0 4.44942731633932e-16 5.87451269751353e-13 3.87015312846852e-12 5.46770995335368e-09 5.49130482662963e-11 6.96754318342634e-20 2.87147027194453e-16 0 0 0 0 3.45274336723023e-31 1.99804943804836e-24 4.57837202002628e-18 0 1.51977119491983e-19 5.56151807335731e-09 6.26705517271557e-13 1.7505036717243e-13 4.44150112492975e-30 4.92972124663584e-27 1.32439324704287e-31 1.14721147284148e-14 1.42239593527695e-10 4.24446739400104e-31 3.385423995102e-27 0 1.85191709907808e-17 1.97473727107793e-16 9.09164263002232e-22 1.49308377125987e-32 0 0 0 0 0 0 
0 0 0 6.74848594455428e-13 5.20899149180149e-20 0 6.5424573027503e-19 3.62314769130401e-20 1.19094107849025e-23 7.87242430330635e-19 6.78733314782466e-25 2.92030659402434e-32 0 4.18270515228159e-27 0 3.60831641094603e-19 1.70611945455815e-20 5.62475054795261e-21 0 8.3888765205633e-19 2.99359444515788e-21 2.22437056928865e-25 6.42317311138839e-32 0 0 1.6495521368104e-19 9.54592792411319e-16 4.91941549671644e-13 2.22085606931046e-23 0 0 1.30095120517997e-29 1.65204209912609e-24 2.03170755635376e-24 1.8382570313874e-21 1.10738768893457e-22 6.23609072125733e-25 0 1.54403973993907e-30 0 
1.31625073666806e-26 0 0 0 0 0 0 0 1.32236888736115e-30 0 0 0 0 0 1.83553078801934e-17 1.33604470672628e-17 3.08258338453142e-21 6.80904573664013e-17 0 1.35374272039914e-22 1.8173061729932e-24 3.41170792143885e-20 5.96030891798265e-27 0 0 0 0 0 0 3.48420119446897e-31 0 0 5.57697894229908e-18 1.92433191038523e-29 1.13700877754767e-30 1.08144517520248e-31 8.00424839597652e-30 0 0 0 
0 3.0320562613715e-11 3.17416247838878e-20 6.86087204007545e-26 4.1725805178189e-15 3.00702848136598e-11 1.51897613588067e-10 2.79638484582908e-10 9.86115898593999e-12 1.64783378280464e-16 0 9.35263751732826e-30 0 1.78627351892826e-24 1.69846572921417e-21 0 2.29186560796192e-27 4.95001251413171e-14 1.98997280193195e-16 2.82247826064562e-11 1.66986831161884e-12 1.61403205655872e-15 9.65968455813894e-23 1.87793838266159e-11 2.54306471386475e-25 6.6297278366097e-11 0 2.37449982704322e-23 0 1.49502258526043e-25 0 0 0 0 0 0 0 0 0 0 
7.92855070758278e-23 2.01252545117439e-11 9.31200839352919e-22 0 0 7.97407594575724e-32 2.75228450568248e-20 0 5.35095242032796e-30 0 0 0 5.5256974395461e-07 0.000115806733209833 1.0817558596966e-07 302.573981188142 6.95491067617823 6.00582812951247e-05 0.0227893795025065 5.57567949813186 4.95141178643469e-05 3.29645937435259e-11 5.54014871520423e-09 2.30872652090003e-15 0.0027806073472421 0 0 0 0 0 0 0 0 0 0 0 0 0 0 0 
0 0 0 0 0 0 0 0 0.0999168064870889 0 0 0 0 0 0 0 0 0 0 0 0 0 0 0 0 0 0 0 0 0 0 0 0 0 0 0 0 0 0 0 
0 0 0 0 0 0 0 1.19239521478661 0 0.00180814868867318 0 0 0 0 0 0 0 0 0 0 0 0 0 0 0 0.0250646504408307 0 0 0 0 0.00549830578288797 0 0 0 0 0 1.83157004699094e-09 0 0 0 
0 0 0.0650263366918366 0 0 0 0 0 0 0 0 0 0 5.55801591726278e-09 0 0 0 0 0 0 0 0 0 0 0 0 0 0 5.0667245064367e-09 0 0 0 0 0 0 0 0 0 0 0 
0 0 0 0 0 0 0 0 0 0 0 0 0 0 0 0 0 0 2.74944509590763e-09 0 0 0 0 0 0 0 0 0 0 0 0 0 2.74147677802419e-09 0 1.28903151227651 0 0 0 0 0 
0 0 0 0.223153288142616 0 0 0 0 0 0 0 0 0 0 0 0 0 1.21267576859203 0 0 0 0 0 0 0 0 0 0 0 0 0 0 0 0 0 0 0 0 0 0 
0 0 0 0 0 0 0 0 0 0 0 0 0 0 0 0 0 0 0 0 0 0 0 0 0 0 0 0 0 0 0 0 0 0 0 0 0 0 0 0 
0 0 0 0 0 0 0 0 0 0 0 0 0 0 0 0 0 0 0 0 0 0 0 0 0 0 0 0 0 0 0 0 0 0 0 0 0 0 0 0 
0 0 0 0 0 0 0 0 0 0 0 0 0 0 0 0 0 0 0 0 0 0 0 0 0 0 0 0 0 0 0 0 0 0 0 0 0 0 0 0 
0 0 0 0 0 0 0 5.33084399094473e-09 0 0 0 0 3.09904788847228e-09 0 0 0 0 0 0 0 0 0 0 0 0 0 0 0 0 0 0 0 0 4.63526652831008e-07 0 0 0 0 0 0 
0 0 0 0 0 0 0 0 0 0 0 0 0 0 0 0 0 0 0 0 0 0 0 0 0 0 0 0 0 0 0 0 0 5.41890067814182e-09 0 0 0 0 0 0 
4.94550476572499e-09 0 0 0 5.54219374118052e-09 0 
<F>
-239.574673496273 -654.596060583005 -284.683007428021 -274.964086680225 -358.092368347127 -476.610050276679 -595.127703653812 -292.718217393657 -659.922375246577 -433.068581693763 -304.072655277631 -488.98080178938 -738.387009512877 0 -525.592521461434 -8.86990502836087 -22.2207023393945 -80.4206537586524 -138.620605169916 0 0 0 0 -219.592115612608 -67.3290583120261 -112.437414276685 -157.545745957321 -202.654085488975 -140.738355750295 -424.814192051832 -42.2009199806417 -32.2108117250758 -63.1157788585242 -104.010855369659 0 0 -151.21671127334 -86.7187072513844 0 -56.6576286793017 
-308.238607439667 -34.5756026522406 0 0 0 -203.771297286418 -322.288999371203 -440.806691711035 -559.324313124579 0 0 0 -332.767269596363 -397.265274016806 -461.763277611457 0 -536.538536403247 -869.305671291965 -268.269288805375 -451.284986475896 -569.802703360646 -505.304698023841 0 -489.789163213876 -644.147906901016 0 0 0 0 0 0 0 0 0 0 0 0 0 0 0 
0 0 0 -272.536590127159 0 0 0 0 0 0 0 0 0 0 0 0 0 0 0 0 0 0 -262.624616046743 -242.441570409478 -306.939574413987 0 -472.832571425079 -526.852283260606 0 -716.181854329267 0 -354.314854540091 -418.812858693709 -212.939630723605 -631.752489343369 -410.311044014609 -331.457347621444 -428.065174719295 -633.287354527011 -615.533225084732 
-277.437634549465 -597.779094688667 -498.957535686118 0 -1175.29027991614 -58.1999514851731 -21.3498836239633 -10.320209772906 -150.627538429177 -197.371389076163 -188.981955545731 0 0 0 -607.794797121826 -386.353351793995 -604.003426589038 -863.534587238547 -1181.51270389824 -610.054617572754 0 -224.37142743471 -307.499681877506 -404.107482500656 -639.51168707682 -621.757557298495 -242.125583399443 -180.709719822411 -198.463851401921 -609.329662309922 -591.575532866119 -499.663764396675 -1513.26287920282 0 -666.16763683383 -253.479942324256 -438.388157014627 -687.794351222876 -573.821402468547 -1510.92337059988 
-474.999843465311 0 -629.35856442523 -611.604433300766 -1560.181406384 -1340.31456026215 -1151.33260472878 -1027.76484337723 -1216.74680931122 -838.782887841164 -62.2921500485318 -457.03493711643 -259.66354024009 -107.400521447874 -152.508873964433 -197.617239302489 -242.725595157413 -277.417657098278 -482.63979126327 -464.885682201763 -82.2724123917575 -92.2625469660511 -102.252672105621 -72.2822856953528 -191.288196134013 -255.786222518781 -320.284248904277 -189.083518920768 -126.790169750137 -64.5183032804139 0 -348.310035655479 -209.700176294128 -328.217890969143 0 -495.718054492809 -415.021447444076 -45.1083653479078 0 -227.578681793278 
-622.321497472311 -819.692915210428 -424.95008417403 -272.687051405667 -317.795382825723 -346.096412324365 -464.614104663095 -442.704243096466 -647.926334621453 -630.172265814313 0 0 -356.574607008385 -421.072679151418 -292.076646527998 0 -799.614480695439 -513.596575802227 -667.955377538286 -43.1502386810354 -240.521631311711 -88.2586066377703 -133.366967543478 -178.475330656057 -223.583697734196 -161.667951510534 -258.275740386242 -445.7437732839 -63.130503452222 -53.1403691320618 -172.146287472242 -236.644313500919 -301.142339849794 -150.798495263224 0 -107.648261487972 -274.660234833037 -329.168126683205 -100.539726974927 -113.890511054921 
-172.090462517084 -145.648101688735 -158.998866993077 -204.107241706872 -232.408226323737 0 0 0 -516.484049887245 0 0 0 -165.037762745033 -178.388528049389 -242.886563819968 -307.384591257951 -371.882616595003 -356.778607630947 0 -573.131331185953 -569.254013466098 -375.759934309613 -268.605268090912 -727.732238100717 0 -709.978129041548 0 -692.224019983107 -399.908403340961 -122.785912819242 -25.541584942935 -38.8923586842072 -457.705214034436 0 0 -433.635141882247 -236.263745005906 -300.761771390674 -231.516598781228 -70.6499387684487 
-84.0007255567345 -129.109078787206 -115.758303822702 -160.866659406392 -254.017854068562 0 0 0 -445.889221337782 0 0 0 0 -45.5218425067416 -35.5317037854082 -167.888400899829 -154.537626210135 -232.386427284598 -296.884444298953 0 0 0 -90.0395998253674 -103.390367264428 -63.2994414032357 0 -35.3894457949173 -220.193550892961 -614.936347461869 -417.564934173845 -338.711262312647 -457.228954651345 -640.541270349078 -349.189526988401 -413.687529050583 -478.185530595945 -284.691548843263 0 -506.211425786099 -660.570227546138 
-118.517716958798 -44.7364716397527 -58.0873803115334 -476.90007817196 -895.712881098214 0 0 -439.479242822234 -650.201365778622 -242.107853837424 -89.8448308366732 -103.195729782587 -148.304070690063 -193.412310017831 -238.520665980868 0 -222.472727851224 -157.97473866892 -93.476756297602 -80.125930486873 -163.254157468995 -176.605048845438 0 0 -465.08416021706 -447.330032621746 -348.50847487851 0 0 0 0 -173.732450426065 -187.083350104087 -251.581259074172 -238.2304540464 -316.079262898061 0 0 -109.234445968437 -122.585296170646 
-319.956662016068 -442.926705060662 -36.9724194542865 0 0 0 -616.772226586338 -330.754345732132 0 0 -498.463866446539 -8.80665349488707 -298.132921104009 -315.887052054834 -280.378765027901 -526.371307201497 -28.074340665615 -215.125544057077 -450.529748632066 -468.283877398636 -432.775594588919 0 0 0 0 -70.8977503962544 -88.6519035080331 -106.406031212958 -124.15998942505 0 -53.1436042516413 -136.271847672542 -254.789564557079 0 0 0 -9.48191295995458 -27.2360436729183 -346.190086449455 -328.435956672788 
0 0 0 -284.914479064963 -267.160349289673 -420.347723864619 -438.101852276343 -740.68904634401 -402.593570132951 0 3.23857751008937 -27.7442399053511 -9.99010822053383 -230.326554271954 -303.77203585144 -25.6425308067985 -7.88840329144213 0 0 0 -58.3960232671619 -14.0084137296807 0 0 0 0 -130.926731540484 -176.035087503939 -221.143419222876 0 0 0 0 -60.6902398546527 0 0 -169.706030866109 0 0 0 
-150.316381691126 0 -25.1819520164924 -42.9361084780214 0 0 -254.124147436382 -648.866944370008 -451.495531084617 -372.641868992189 -491.159551564566 -674.471866915587 -383.120124133235 -447.618126285492 -512.116127902085 -318.622145880273 0 -540.142022715061 -694.500824388161 -40.8950765850501 0 0 0 -104.49715879935 -301.868572090901 -139.886632263209 0 0 -319.622702790358 -524.844882598079 -507.090753161025 -168.99516262058 -489.33659847997 -390.515063762409 -120.803743775597 -239.321434178616 -541.151441086584 -523.397311648492 -185.30172110563 -505.643156966402 
-406.821622248365 -164.193171031068 -583.00600142818 -361.564556360405 -579.214631128329 -199.582632962193 -282.710859873935 -379.318687694464 -614.72289316197 -596.968762465522 -217.336788572528 -584.540868805664 -566.786738353052 -228.691146536521 -413.599361546722 -663.005555750684 -549.032607232157 -450.211047946708 0 -604.569769084836 -586.815637439294 -1290.73721796315 -1126.54393357928 0 0 0 0 0 0 0 0 0 0 0 0 0 0 0 0 0 
0 0 -310.681801704426 -39.8688753057949 -33.1444177693664 -50.8985490960626 0 0 -97.5826994881984 -516.395558117348 -294.954112780655 -132.972172952964 -216.100416382278 -312.708243480125 -517.930423287864 -500.176293850797 -162.080703310322 -482.422139169729 -383.600604452161 0 -452.154770984825 -516.652777161176 -581.150782364093 -645.648767576194 -46.5057369129792 0 0 -441.248503910947 -243.877119134392 -461.527193929507 -876.548613473828 -91.6141668416258 -81.8951957413567 -146.393183130252 -165.023422741271 -326.884495094966 -261.6312498366 -497.035487394103 -479.281324634934 -99.6493507358952 
-55.9876627390661 0 -449.09930020114 -66.4859211643749 -56.4958140060763 -112.794565387868 0 0 0 0 -79.6501481004492 0 -175.501712702819 -239.999715052067 -157.509421346372 0 -111.003709654728 -295.911924355077 -545.318118539885 -769.44065237431 0 0 0 -332.523610806229 0 0 0 -486.882443757438 -228.000256687536 -241.351023759876 -622.743080710026 -820.114492705761 -1030.83667187424 -1228.20808386217 -425.371773855165 -723.714613770005 -273.108741129607 -286.459389103602 -318.217072549403 -276.74053346966 
-405.736665063696 -470.234654222771 -341.23868271652 -327.887856875811 -263.38987478713 -346.518102049766 0 0 0 0 0 -348.189736934822 0 0 0 -742.932479882154 0 -940.303891866232 0 -545.561131615456 0 -807.430513816217 -674.557135745575 -610.059112240162 -763.211182145506 0 -383.579191861385 -448.077168966745 -466.707435234529 0 0 0 -356.996372334329 -370.347199706145 -421.494376770096 -434.845180764349 -499.343185423562 -292.498391518147 -305.849057745904 -765.089915777592 
-696.714574443288 -419.087490578829 -401.333337814095 -444.327093644087 -453.809006529002 -508.825098312567 -518.306986910988 0 -768.537311309434 0 0 -750.783209828626 0 0 0 0 -412.687723245158 0 -477.18572725873 0 0 0 -847.002088922673 -597.595936851107 0 0 0 -634.207623441326 -788.566343620016 0 -490.757240313477 -740.163456853988 -989.569673389858 0 0 0 0 0 0 0 
-668.377009569492 -681.727620858354 0 -249.406194296815 -722.934944850824 -384.839423296281 0 -338.735750091944 -457.253464765078 -575.771045108887 0 -407.637081755602 -472.135062615939 -343.139077566815 -403.233754541037 -467.731735645425 -532.229740347484 -596.727744189632 0 0 0 -14.890998505063 -41.5925479620362 -460.405413881864 0 -436.335341699366 -238.96394484275 -284.072310190437 -303.461971191151 -86.7009126880725 -131.809274709034 -176.917635868303 -222.025985407552 -141.480042999085 -76.9820186920452 -256.718057410273 -846.779625643774 -461.940195890389 -444.186086815027 -61.5728169183727 
-170.58860065019 -235.086627031309 -147.683122326871 -382.769749353653 0 0 -106.090573749194 -43.8187054064338 0 -327.610440214332 -0.34090597995972 0 0 -117.206927119412 -162.315292467255 -207.423657815671 0 0 0 0 -155.986249120474 -220.484275468848 -91.4882262655839 -5.70890104568144 -32.4105858824702 0 20.9927345071573 -77.5189068948446 -122.627218862252 -167.735574825691 -212.843906506304 0 0 0 0 0 0 0 0 0 
0 0 0 0 0 -225.660602654232 -239.011337540193 -620.403418316278 -817.774806542456 -1028.49698564589 -1225.86839763264 -423.032005037166 -629.876820848366 -721.37483837564 -640.682079826522 -270.769024245094 0 -274.400847250337 -261.050105962788 0 -325.548085445269 -403.396894252348 -338.898914527517 -344.17833318419 0 -462.696005856313 0 -658.436157346276 -278.804236668363 -646.008225952246 0 0 -345.849945723779 0 0 0 -740.592793634212 0 0 0 
-543.22135902457 0 0 0 0 -354.656598545626 -368.007404344429 -419.154600866962 -432.505407543965 -497.003410027667 -290.15862008377 -303.509371524869 0 0 0 0 0 0 -410.347948377683 0 0 0 0 0 -786.226572302572 0 -475.066810257176 -488.417554097953 -737.823770649388 -724.473028756252 -987.229987184308 -973.879220094661 0 0 0 -511.678496704307 0 -666.03724222792 -679.387934640518 -215.149904065588 
-412.521317359063 -333.667620965898 -430.275448063769 -279.64790789389 -501.167809030569 -18.9375863242345 7.76404851676635 -29.2577960876024 -231.509985176907 -212.57239872939 -286.017880738991 -16.8358767059918 9.86575577868393 -27.156086678099 0 0 -6.97012218002987 -23.8059981232939 -40.6418718270549 -802.133595803771 -458.130756193238 -1432.4978188947 -440.376625983103 -422.622470586403 -250.828195967076 -645.570995789958 -448.199582502728 -369.345910642238 -487.863602980969 -671.17591857519 -379.824175386852 -444.322177475651 -508.820179041922 -630.652352805559 -1074.97475914108 -315.32619720972 0 -536.846074120406 -691.204875854632 -57.5575801182951 
0 -115.757546360602 0 0 -102.665919048307 0 -147.774275010996 0 -192.882630975229 0 -237.990962655837 0 0 -176.075309407219 -294.592921799864 0 0 0 -862.744594381809 0 -477.905141883788 -460.151040428856 0 0 0 -186.553572807239 -251.051576373387 -342.25119007809 -406.749194054171 -471.247172947251 0 -122.055539544082 -167.163924368441 -442.396938959515 0 -343.57546822713 -214.071567323232 -632.884426232351 -411.44298090442 -332.589284511336 
-429.197111610534 -634.419291419871 -616.665161976341 -278.569571437782 -598.911031578892 -500.089472575758 0 -1176.42221651581 -26.5261428877356 -366.244476435835 -430.742482064551 0 0 -266.904961994233 0 -302.237780524774 -215.616938083295 -280.114941896561 -288.269582577477 -1275.12664264568 -333.378155997935 -406.78730026817 -525.305017951551 0 0 0 0 -708.617238020086 0 0 0 0 0 0 0 -417.26571643051 -546.261715752532 -705.535260677747 -770.033294647047 -1927.05482070005 
0 0 0 -352.767701026959 -812.008474574544 -614.637119987473 -679.135231316428 -743.633105211085 -1142.25326460595 -1802.89347568492 0 0 0 0 -574.287489956077 -179.953730183114 -240.048422168594 0 -244.45175652932 -369.044625308087 -433.542501182763 -304.54644850742 -250.0470746583 -1039.53266207846 -1236.90405893959 -640.912550552012 -732.410604702713 -295.155440004836 -285.43654655332 0 -414.432599250641 -478.930622365294 -349.934572901695 -368.564791709838 0 0 0 0 0 0 
0 0 0 -356.885683900747 -370.236461235728 0 -764.979252338872 -962.350649197707 -948.999874486791 -567.607855482328 -686.125572536566 -804.643289591376 0 -1131.33839315377 0 -785.257922799654 -415.344829971614 -460.453189322043 0 -470.123953643764 -405.625930529107 -488.754175681371 -607.271892734831 0 0 -379.043127350222 -443.541153697023 -508.039180035028 -314.545101003975 0 0 -650.615272443872 -803.012031873625 -423.380039602505 -379.71836027382 -389.200254934316 -398.682153088295 0 -790.58410652928 0 
-772.829997454532 0 0 0 0 0 0 0 -869.468969953971 0 0 0 0 0 -499.232511323104 -563.730537671478 -628.228564020426 -434.734484975507 0 -869.048861383879 -1118.45505732164 -619.642660004832 -755.075888380561 0 0 0 0 0 0 -656.254350853837 0 0 -810.613053500723 -748.859477408092 -998.26567878714 -1247.67188016848 -499.453276032972 0 0 0 
0 -74.8344086161497 -469.577195608938 -347.04020065214 -272.205798752589 -119.942772910335 -165.051139674987 -210.159510979407 -255.267863748183 -289.95991579509 0 -880.021479553346 0 -495.182049799961 -477.427940724598 0 -862.267370480521 -94.8146708951442 -104.804805391052 -203.830455909262 -268.32848101941 -332.826507290568 -214.166830148144 -139.332432421333 -606.423993421919 -77.060564910243 0 -360.852294123904 0 -1052.2983616443 0 0 0 0 0 0 0 0 0 0 
-391.808826916059 -520.804879587912 -649.800932307797 0 0 -2018.72149209421 -2083.2195184418 0 -327.310800569812 0 0 0 -12.0518808972256 -64.4980038850102 -17.7541637796793 -82.2521354228242 -21.349883637739 -150.627538445126 -8.80665335720096 -82.2521354719506 -27.7442399146613 -25.6425308377337 -14.0084137393835 -39.868875315707 -12.0518809069473 0 0 0 0 0 0 0 0 0 0 0 0 0 0 0 
0 0 0 0 0 0 0 0 -315.01315410311 0 0 0 0 0 0 0 0 0 0 0 0 0 0 0 0 0 0 0 0 0 0 0 0 0 0 0 0 0 0 0 
0 0 0 0 0 0 0 -386.353352299954 0 -1725.99733308476 0 0 0 0 0 0 0 0 0 0 0 0 0 0 0 -1803.47459517786 0 0 0 0 -520.640292337752 0 0 0 0 0 -2163.92609285677 0 0 0 
0 0 -529.352301694037 0 0 0 0 0 0 0 0 0 0 -54.5287721769629 0 0 0 0 0 0 0 0 0 0 0 0 0 0 -35.3919785338422 0 0 0 0 0 0 0 0 0 0 0 
0 0 0 0 0 0 0 0 0 0 0 0 0 0 0 0 0 0 -43.319621980431 0 0 0 0 0 0 0 0 0 0 0 0 0 -459.494640573243 0 -347.886435130109 0 0 0 0 0 
0 0 0 -897.497455340085 0 0 0 0 0 0 0 0 0 0 0 0 0 -55.9100057451629 0 0 0 0 0 0 0 0 0 0 0 0 0 0 0 0 0 0 0 0 0 0 
0 0 0 0 0 0 0 0 0 0 0 0 0 0 0 0 0 0 0 0 0 0 0 0 0 0 0 0 0 0 0 0 0 0 0 0 0 0 0 0 
0 0 0 0 0 0 0 0 0 0 0 0 0 0 0 0 0 0 0 0 0 0 0 0 0 0 0 0 0 0 0 0 0 0 0 0 0 0 0 0 
0 0 0 0 0 0 0 0 0 0 0 0 0 0 0 0 0 0 0 0 0 0 0 0 0 0 0 0 0 0 0 0 0 0 0 0 0 0 0 0 
0 0 0 0 0 0 0 -33.8295332658082 0 0 0 0 -0.750265627720739 0 0 0 0 0 0 0 0 0 0 0 0 0 0 0 0 0 0 0 0 -2595.77546163797 0 0 0 0 0 0 
0 0 0 0 0 0 0 0 0 0 0 0 0 0 0 0 0 0 0 0 0 0 0 0 0 0 0 0 0 0 0 0 0 -637.161443015733 0 0 0 0 0 0 
-67.0778436051041 0 0 0 -356.300614984977 0 
<F0>
-2.89674474101198 0 -0.660848615844994 -0.635124924679285 -0.660848615844994 0.304732630309428 0 0 -0.660848615844994 0 -0.660848615844994 -0.259205251928152 -0.63450973157858 -0.660870505279925 0.304732630309428 0 -0.635155684334607 0 -0.635309482616946 -2.54093033390311 -5.71686255386994 -0.63444821223356 -2.53969994762148 -0.635309482616946 0 -0.635309482616946 -2.54093033390311 -5.71687384554887 0 -0.635309482616946 -0.634848087769931 0 0 -0.635309482616946 -2.54093033390311 -5.71686255386994 -0.635309482616946 0 -0.635001886052269 -2.54031514077375 
-0.635494040548876 0 -2.54093033390311 -0.635309482616946 -0.635309482616946 -4.16559461747911 -1.83571563280993 -0.400186655327294 0 -0.635309482616946 -2.54093033390311 -5.71686255386994 -0.400186655327294 0 -0.635309482616946 -25.4363779358834 -8.47071389848533 -13.4822080930208 -1.83571563280993 0 -0.635309482616946 0 -0.635309482616946 -0.400186655327294 -1.83571563280993 -4.63554362207651 -0.635586319520571 -5.71710863111251 -0.5881618802838 0 -5.71686255386994 -1.83571563280993 -0.400186655327294 -0.635124924679285 -2.54093033390311 -1.83571563280993 -0.400186655327294 -1.78872187252552 0.304720431694645 -0.635309482616946 
0 -1.83571563280993 -0.400186655327294 -0.635309482616946 -0.400186655327294 -1.83571563280993 -0.21221142161751 -5.71741622770011 -15.8805223700457 -0.635709358164775 -1.9039884724859 0 -2.72859795354166 -0.635186443989929 0 -0.259205251928152 -0.635801637090635 -5.71710863111251 -1.83571563280993 -0.635309482616946 -0.400186655327294 -0.566882984711095 -5.71687384554887 0 -0.635309482616946 -0.635155684334607 -0.635155684334607 -0.635155684334607 -0.635155684334607 -0.635155684334607 -2.54062273733843 0 -0.635371001927589 -2.2116661002295 -0.635155684334607 0 -0.400186655327294 -0.400186655327294 -0.400186655327294 0 
-0.400186655327294 -0.635309482616946 0 0 -2.54093033390311 -0.635001886052269 0 -0.634940366741626 0 -2.540868814581 -1.88270946312058 -4.35358085029134 -5.71640115901147 -2.30565370833112 -0.635155684334607 0 -0.635063405368642 -4.35358085029134 -5.71640115901147 -2.30565370833112 0 -2.54065349699375 -0.165217626319981 -0.400186655327294 -0.400186655327294 0 -0.634817328120339 0 -0.400186655327294 -0.400186655327294 0 0 -10.2095043947711 -3.48049885336768 -0.964112321443534 -0.400186655327294 0 -2.5410841321969 -0.635309482616946 -10.2094847534045 
0 0 -0.400186655327294 0 -10.2095043947711 0 -2.54093033390311 -2.0706846793238 -8.28273871729521 0 -1.45975474560378 -2.54093033390311 0 -0.0712300357249241 0 -0.635401761577181 -2.54093033390311 0.304732630309428 0.304720431694645 0 0 -0.635309482616946 -2.54093033390311 0.304732630309428 0 -0.635309482616946 -2.54000754420908 -3.08474806214005 -0.44718046813138 -0.635309482616946 -2.54031514077375 0 -4.54155603148146 -1.83571563280993 -1.83571563280993 -0.400186655327294 -5.71664622081103 -0.306531799633477 -0.63514401603663 -4.63554362207651 
-0.635586319520571 -5.71710863111251 -0.5881618802838 -1.83571563280993 -0.400186655327294 -1.83571563280993 -0.400186655327294 -1.78872187252552 -1.83571563280993 -0.400186655327294 -0.400186655327294 -1.83571563280993 -1.904007887275 0 -2.72859795354166 -1.83571563280993 -0.635309482616946 -0.400186655327294 -0.566860654030664 -1.78872187252552 0 -0.635155684334607 0 -0.635155684334607 -2.54062273733843 -0.635155684334607 -0.635155684334607 0 0 -0.635155684334607 0 -0.635155684334607 -2.54062273733843 -5.71640115901147 -10.1624909493537 -0.635155684334607 0 0 -2.54062273733843 -4.30658694995447 
-2.54062273733843 -0.635155684334607 -2.54062273733843 -0.635155684334607 -2.54062273733843 -0.635155684334607 0 -2.54062273733843 -0.635155684334607 -2.54062273733843 -2.54062273733843 -0.635155684334607 -0.635155684334607 -2.54062273733843 -0.635155684334607 0 -0.635155684334607 -10.1624909493537 -15.8788921083652 -2.54062273733843 -5.71640115901147 0 0 -0.635155684334607 -2.54062273733843 -2.54062273733843 -10.1624909493537 -5.71640115901147 -0.635155684334607 -0.400186655327294 -0.118223831022453 -1.03680449928332 -0.635155684334607 0 -0.635155684334607 -2.53957690902311 0 -0.634848087769931 -2.54093033390311 0 
0.774677449593718 0 -0.635309482616946 -2.54093033390311 1.52655938953529 0 -0.635278722955894 -2.54068425664907 0 -0.165217626319981 0 -2.54080729527036 -0.635134152574736 -0.635309482616946 0 0 -0.635309482616946 -0.633925298075902 -2.54003830388159 -1.17780242861831 -3.17873558270888 -0.989827107375739 0 -1.34007413214475 -2.54093033390311 0 -10.1615256234007 -4.49456227119704 -0.638754563955687 -0.400186655327294 -1.83571563280993 -0.400186655327294 -1.83571563280993 -0.400186655327294 0 -0.635309482616946 -1.83571563280993 -0.63447897190607 -0.400186655327294 -0.566860654030664 
-0.635094165023964 -1.74172804221488 -2.14483370012664 -2.54062273733843 -0.635155684334607 -5.71686255386994 -10.1631061424831 -2.54077653562077 -5.71710863111251 0 0.116754688590266 0.467017237268231 1.80855443141781 0 -0.635309482616946 -0.635155684334607 -5.71672004505405 -2.54065349699375 -0.635124924679285 -2.54065349699375 -0.400186655327294 -0.378882753754956 -0.165217626319981 0 -0.400186655327294 0 -0.400186655327294 0.185017880101816 0 -0.400186655327294 -0.400186655327294 0 1.3856045059334 0 -0.635309482616946 -0.635309482616946 -5.46311043923368 -11.1795115982452 -0.400186655327294 -1.27177680388462 
0 0 0 0.304720431694645 -0.237926242562828 -0.634417452606885 -2.54093033390311 0 1.2445965477239 0.304720431694645 -2.3526475211352 0 -0.635186443989929 0 -2.54093033390311 -0.635155684334607 0 -0.635155684334607 -0.635309482616946 0 -2.54074577595972 0 -0.635155684334607 -0.635155684334607 -2.54062273733843 -2.54176084462544 -0.636170753023249 0 -1.71601322126956 -3.48049885336768 -5.71672004505405 0 -0.635494040548876 -2.54093033390311 -5.71686255386994 0 -0.635309482616946 0 0 -0.635309482616946 
-22.8646818463289 -15.878123116965 -31.1215519444538 0 -0.635371001927589 -0.635401761577181 0 -5.71686255386994 -2.5410841321969 0 -0.635309482616946 0 -0.634909607092033 -0.635309482616946 -0.635186443989929 0 -0.635309482616946 0 -0.635309482616946 -0.635186443989929 -0.635247963300573 0 -0.942833347091324 0 -2.54065349699375 0.0697514201938883 0 -0.635001886052269 -2.54037666009586 -5.71670875557614 -2.54065349699375 0.304720431694645 0 0 -2.11767847462133 -1.24607512824182 0 -0.635309482616946 -0.353192860029766 -0.635309482616946 
0 -0.635309482616946 -2.54093033390311 -0.634909607092033 -2.54093033390311 0 -4.35358085029134 -0.638754563955687 -0.400186655327294 -1.69473421190423 -0.400186655327294 -1.83571563280993 -0.400186655327294 0 -0.635309482616946 -1.83571563280993 -0.63447897190607 -0.400186655327294 -0.566860654030664 -0.634909607092033 0 -0.635309482616946 -0.635340242266538 -0.635155684334607 -0.635309482616946 -5.71687384554887 -2.54093033390311 -5.71686255386994 0 0 -0.635309482616946 0 -2.54093033390311 -0.635309482616946 -0.165217626319981 0 0 -0.635309482616946 0 -2.54093033390311 
-0.635309482616946 -1.64774045161982 -0.635155684334607 0 -0.635063405368642 -2.54065349699375 -0.729143292436221 -0.400186655327294 -0.400186655327294 0 -0.634817328120339 -0.400186655327294 0 -0.400186655327294 0 -2.5410841321969 -0.635309482616946 0 0 -0.400186655327294 0 0 -2.54093033390311 -0.754858165901209 -2.89677274089748 0 1.2445965477239 -0.660870505279925 0.445701852600344 -0.660870505279925 0.304720431694645 0 0.304720431694645 0 0.304720431694645 -0.635309482616946 -2.54093033390311 0.304720431694645 -0.660870505279925 0.304720431694645 
0 0 -2.54049969871714 0 0 -0.682149488385414 -0.635278722955894 -0.635278722955894 -0.635170534615737 0 -0.635309482616946 -5.71687384554887 0 0 0 -0.635309482616946 0 -2.54093033390311 -0.635309482616946 -40.6487334111562 -0.400186655327294 0 -0.630326418179809 -2.53453232538992 -1.74172804221488 -2.54005368369492 -5.71563216761123 -2.54093033390311 0 -0.63447897190607 -10.1631251475864 1.57358226615473 -2.54093033390311 -5.71672004505405 -0.400186655327294 0 -0.400186655327294 -0.0712300357249241 0 -0.635309482616946 
0.304732630309428 -0.635309482616946 0 0 -0.400186655327294 -1.83571563280993 -1.83571563280993 -1.83571563280993 -1.83571563280993 -1.83571563280993 -1.83571563280993 -0.400186655327294 0 -0.635309482616946 -4.54155603148146 -8.14175729638951 -0.682149488385414 0 -2.54142248836534 -2.54093033390311 0 -0.633125546957324 -0.400186655327294 0 0 -0.400186655327294 0 1.71456562133433 -4.54155603148146 -8.5177077988222 -0.635586319520571 -5.71710863111251 -10.1631061424831 -22.8665274257628 -0.5881618802838 -2.54065349699375 -1.83571563280993 -4.54155603148146 -0.400186655327294 0 
-2.54065349699375 -5.71672004505405 -0.635124924679285 -2.54065349699375 -0.635124924679285 -1.83571563280993 -4.54155603148146 -0.400186655327294 -1.83571563280993 -4.54155603148146 -4.54155603148146 -0.21221142161751 -1.83571563280993 -22.867019580248 -2.54068425664907 -5.71741622770011 -10.1637213356124 -15.8805223700457 0 -0.635709358164775 -0.635155684334607 -10.1637213356124 -5.71686255386994 -2.54093033390311 -2.54080729527036 -0.400186655327294 -5.71579724215387 -10.1615256234007 0 -0.400186655327294 0 -0.635186443989929 -0.400186655327294 -1.83571563280993 0 -0.400186655327294 0 -1.83571563280993 -4.54155603148146 -2.54154552705538 
-2.54062273733843 -0.635709358164775 -2.54040741974545 0 -0.635309482616946 -0.635309482616946 -2.54093033390311 -2.54093033390311 0 -0.400186655327294 0 -0.635309482616946 0 -0.400186655327294 -1.83571563280993 -0.400186655327294 0 0 -0.635186443989929 -0.63577087746396 -2.54099185320229 -0.400186655327294 -5.71732394872841 -0.636386070593313 0 -2.54093033390311 0 -0.634940366741626 0 0.304720431694645 -0.660870505279925 0 -2.54093033390311 -1.83571563280993 -0.400186655327294 -4.54155603148146 0 -0.635309482616946 -0.400186655327294 -1.83571563280993 
-1.83571563280993 -3.64867374576285 0 -2.540868814581 -10.1632907003806 -5.71718144649268 -8.5177077988222 -4.54155603148146 -1.83571563280993 -0.400186655327294 0 -1.83571563280993 -0.400186655327294 -4.54155603148146 -1.83571563280993 -0.400186655327294 0 -0.635309482616946 -0.63447897190607 -5.7163088800455 -0.400186655327294 0 -1.83571563280993 -0.635155684334607 -0.635155684334607 -2.54123793046778 0 -0.635309482616946 -0.635309482616946 -0.44718046813138 0 -0.635401761577181 -2.54093033390311 -5.71672004505405 -2.54065349699375 0.304732630309428 -2.54093033390311 0.304720431694645 0 0 
0 -0.635186443989929 -4.11861176876436 -4.89031299239844 -10.8673980538822 -13.1231006483209 -0.87012471334192 -0.634909607092033 -2.5409610935527 0 0 1.31286924734741 0.304720431694645 0 -0.635217203645251 -2.54093033390311 1.31286924734741 1.31286924734741 1.31286924734741 1.31286924734741 0 -0.635309482616946 0.304732630309428 0 -0.660848615844994 -6.40298648523671 -2.54093033390311 0.304732630309428 0 -0.635309482616946 -2.54093033390311 -2.54093033390311 0.748943563724613 1.71453457072541 -2.42683485794842 -0.660870505279925 0.304720431694645 0 -2.54093033390311 -2.89677274089748 
-0.635309482616946 0 -2.54093033390311 0 -0.660870505279925 -4.63554362207651 -8.42372013820091 -0.635463280899284 -5.71686255386994 -10.1631061424831 -22.8665274257628 -0.400186655327294 -0.635309482616946 -2.54065349699375 0 -0.70784318880882 -1.72192761336748 0 -0.635124924679285 -5.71670875557614 -2.54062273733843 -2.54068425664907 -0.635309482616946 -1.83571563280993 -4.54155603148146 -0.400186655327294 -1.83571563280993 -0.400186655327294 0 -1.83571563280993 -8.5177077988222 -4.54155603148146 -0.400186655327294 -1.64774045161982 -22.8644665287589 -2.54093033390311 -5.71686255386994 -10.1631061424831 -15.8796610997654 0 
-0.635709358164775 1.05662136653378 0 -0.400186655327294 0 -0.400186655327294 -2.0706846793238 0 -0.400186655327294 0 -1.83571563280993 -4.77652504298221 0 -0.400186655327294 0 -1.83571563280993 0 -0.635309482616946 0 -0.400186655327294 -0.635309482616946 -2.54093033390311 0 -0.634940366741626 0 0.304720431694645 -0.400186655327294 -0.660870505279925 0 -0.635309482616946 -2.54093033390311 -5.71686255386994 -1.83571563280993 0 -0.635309482616946 -0.400186655327294 -1.83571563280993 -1.83571563280993 -3.13174182242447 -2.25865991303359 
0 -0.400186655327294 -0.400186655327294 -0.400186655327294 0 0 -2.54093033390311 -0.635001886052269 -2.540868814581 -2.540868814581 -2.54099185320229 0 -2.54093033390311 -0.635001886052269 -2.54093033390311 -2.54099185320229 -2.54093033390311 -2.54093033390311 -2.54077653562077 -5.71687384554887 0 -10.1624909493537 -0.635309482616946 -2.54083805493141 -4.54155603148146 -0.638754563955687 -0.400186655327294 -1.83571563280993 -0.400186655327294 -1.83571563280993 -0.400186655327294 0 -0.635309482616946 -8.5177077988222 -8.5177077988222 -1.83571563280993 -0.63447897190607 -0.400186655327294 -0.566860654030664 -1.88270946312058 
-6.87292464829067 0.0697514201938883 0 -0.634663529849459 -0.44718046813138 -3.08474806214005 0 -0.237926242562828 -0.634940366741626 0 -2.54093033390311 -0.635309482616946 -2.54093033390311 0.0227575898832463 0 -0.635309482616946 -2.54093033390311 0 -2.54093033390311 -10.1631061424831 0.304720431694645 0 -0.635309482616946 0 0.163739010788945 0 -0.63447897190607 0 -0.635309482616946 -2.54093033390311 -2.63461034544004 -0.964112321443534 0 -0.635309482616946 -1.43405037945816 0 -1.97669708872875 -0.635155684334607 0 -0.400186655327294 
-0.400186655327294 -0.400186655327294 0 -0.400186655327294 -0.635309482616946 0 0 -2.54093033390311 -4.54155603148146 0 -0.635309482616946 -0.635309482616946 -2.54093033390311 -0.635309482616946 -10.1597533400129 -4.56135639030263 0 -0.635401761577181 -8.98764582182371 -22.8665274257628 -2.8027559309285 -4.54155603148146 -1.83571563280993 -0.400186655327294 0 -2.54154552705538 -1.83571563280993 -4.54155603148146 -8.5177077988222 -4.54155603148146 -1.83571563280993 -0.400186655327294 -4.54155603148146 -1.83571563280993 -4.54155603148146 -1.92970329343122 0 -20.9858524039874 -14.5160717996451 -8.98764582182371 
-37.3603974963518 -59.6150826884905 -48.0640563293664 -4.82351887329286 -2.54093033390311 0 -0.635309482616946 -2.54093033390311 -15.8795688207937 -2.54093033390311 -1.83571563280993 -4.54155603148146 0 -2.54090265020243 -1.88270946312058 -4.54155603148146 -1.83571563280993 -7.34286253123973 -1.88270946312058 0 -0.635309482616946 -0.400186655327294 -8.5177077988222 -10.1627677862688 -22.8665274257628 -0.635309482616946 -2.54065349699375 -2.9437667812868 0 -2.54093033390311 -2.54068425664907 -5.71672004505405 -0.635309482616946 -4.54155603148146 -1.13080852828144 -0.165217626319981 0 -0.635309482616946 -2.54093033390311 -4.54155603148146 
-4.54155603148146 -1.83571563280993 -4.54155603148146 -0.400186655327294 -1.55374375147698 -22.8644665287589 -2.5410841321969 -10.162521709009 -15.8817219967694 0 -0.635155684334607 -2.54068425664907 -5.7171701504117 -0.635155684334607 -2.54093033390311 -0.635494040548876 0.915660888376282 0 0 -5.71672004505405 -2.54129944976697 -0.400186655327294 0 -0.635586319520571 -2.54154552705538 -1.83571563280993 -0.400186655327294 0 -4.54155603148146 0 -0.400186655327294 0 0 -0.635709358164775 0.304732630309428 0 -0.635309482616946 0 -0.400186655327294 -1.83571563280993 
0 -0.400186655327294 0 -0.400186655327294 0 -0.400186655327294 -0.400186655327294 -22.8653277991308 0.701949803440198 -4.54155603148146 -0.190932482278413 3.17134254006682 -0.635309482616946 -0.400186655327294 0 -0.635893916062329 -2.54059197768311 -0.400186655327294 -0.400186655327294 -2.5411764111686 -10.1625407060425 0 -0.635432521249691 -22.8644665287589 0 -0.635155684334607 -0.400186655327294 -2.54099185320229 -10.1632907003806 0 -2.54093033390311 0 0.774677449593718 0 -2.54093033390311 -10.1631061424831 -0.660870505279925 -1.83571563280993 -4.54155603148146 0 
-1.83571563280993 -0.895821060500753 -2.54093033390311 -0.660870505279925 0 0.492710502001361 0 -0.634632770176949 -2.54093033390311 1.47959331601688 0 -2.54093033390311 -10.1631061424831 0.304720431694645 0 -0.635309482616946 -5.71686255386994 0 -0.635309482616946 0 -0.634940366741626 -2.54022286182498 -1.67493385308306 0.25773812737283 -2.54093033390311 -0.635309482616946 -2.53945387042474 0 -8.61169531939103 -10.1627677862688 -1.62794009279864 1.40685676791624 -4.54155603148146 -1.83571563280993 -0.400186655327294 0 -0.635586319520571 -2.5410841321969 -1.83571563280993 -4.54155603148146 
-1.83571563280993 0 -2.54093033390311 -39.0991681674522 -4.54155603148146 -0.400186655327294 0 -37.1254284148248 -4.54155603148146 0 -2.54093033390311 -1.83571563280993 0 -0.63503264571332 -0.0712300357249241 0 0 0 0 0 0 0 0 0 0 0 0 0 0 0 0 0 0 0 0 0 0 0 0 0 
0 0 0 0 0 0 0 0 0 0 0 0 0 0 0 0 0 0 0 0 0 0 0 0 0 0 0 0 0 0 0 0 0 0 0 0 0 0 0 0 
0 0 0 0 0 0 0 0 0 0 0 0 0 0 0 0 0 0 0 0 0 0 0 0 0 0 0 0 0 0 0 0 0 0 0 0 0 0 0 0 
0 0 0 0 0 0 0 0 0 0 0 0 0 0 0 0 0 0 0 0 0 0 0 0 0 0 0 0 0 0 0 0 0 0 0 0 0 0 0 0 
0 0 0 0 0 0 0 0 0 0 0 0 0 0 0 0 0 0 0 0 0 0 0 0 0 0 0 0 0 0 0 0 0 0 0 0 0 0 0 0 
0 0 0 0 0 0 0 0 0 0 0 0 0 0 0 0 0 0 0 0 0 0 0 0 0 0 0 0 0 0 0 0 0 0 0 0 0 0 0 0 
0 0 0 0 0 0 0 0 0 0 0 0 0 0 0 0 0 0 0 0 0 0 0 0 0 0 0 0 0 0 0 0 0 0 0 0 0 0 0 0 
0 0 0 0 0 0 0 0 0 0 0 0 0 0 0 0 0 0 0 0 0 0 0 0 0 0 0 0 0 0 0 0 0 0 0 0 0 0 0 0 
0 0 0 0 0 0 0 0 0 0 0 0 0 0 0 0 0 0 0 0 0 0 0 0 0 0 0 0 0 0 0 0 0 0 0 0 0 0 0 0 
0 0 0 0 0 0 0 0 0 0 0 0 0 0 0 0 0 0 0 0 0 0 0 0 0 0 0 0 0 0 0 0 0 0 0 0 0 0 0 0 
0 0 0 0 0 0 0 0 0 0 0 0 0 0 0 0 0 0 0 0 0 0 0 0 0 0 0 0 0 0 0 0 0 0 0 0 0 0 0 0 
0 0 0 0 0 0 
<YOF>
0 0 0 0 0 0 0 0 0 0 0 0 0 0 0 0 0 0 0 0 0 0 0 0 0 0 0 0 0 0 0 0 0 0 0 0 0 0 0 0 
0 0 0 0 0 0 0 0 0 0 0 0 0 0 0 0 0 0 0 0 0 0 0 0 0 0 0 0 0 0 0 0 0 0 0 0 0 0 0 0 
0 0 0 0 0 0 0 0 0 0 0 0 0 0 0 0 0 0 0 0 0 0 0 0 0 0 0 0 0 0 0 0 0 0 0 0 0 0 0 0 
0 0 0 0 0 0 0 0 0 0 0 0 0 0 0 0 0 0 0 0 0 0 0 0 0 0 0 0 0 0 0 0 0 0 0 0 0 0 0 0 
0 0 0 0 0 0 0 0 0 0 0 0 0 0 0 0 0 0 0 0 0 0 0 0 0 0 0 0 0 0 0 0 0 0 0 0 0 0 0 0 
0 0 0 0 0 0 0 0 0 0 0 0 0 0 0 0 0 0 0 0 0 0 0 0 0 0 0 0 0 0 0 0 0 0 0 0 0 0 0 0 
0 0 0 0 0 0 0 0 0 0 0 0 0 0 0 0 0 0 0 0 0 0 0 0 0 0 0 0 0 0 0 0 0 0 0 0 0 0 0 0 
0 0 0 0 0 0 0 0 0 0 0 0 0 0 0 0 0 0 0 0 0 0 0 0 0 0 0 0 0 0 0 0 0 0 0 0 0 0 0 0 
0 0 0 0 0 0 0 0 0 0 0 0 0 0 0 0 0 0 0 0 0 0 0 0 0 0 0 0 0 0 0 0 0 0 0 0 0 0 0 0 
0 0 0 0 0 0 0 0 0 0 0 0 0 0 0 0 0 0 0 0 0 0 0 0 0 0 0 0 0 0 0 0 0 0 0 0 0 0 0 0 
0 0 0 0 0 0 0 0 0 0 0 0 0 0 0 0 0 0 0 0 0 0 
<lnGmM>
0 0 0 0 0 0 0 0 0 0 0 0 0 0 0 0 0 0 0 0 0 0 0 0 0 0 0 0 0 0 0 0 0 0 0 0 0 0 0 0 
0 0 0 0 0 0 0 0 0 0 0 0 0 0 0 0 0 0 0 0 0 0 0 0 0 0 0 0 0 0 0 0 0 0 0 0 0 0 0 0 
0 0 0 0 0 0 0 0 0 0 0 0 0 0 0 0 0 0 0 0 0 0 0 0 0 0 0 0 0 0 0 0 0 0 0 0 0 0 0 0 
0 0 0 0 0 0 0 0 0 0 0 0 0 0 0 0 0 0 0 0 0 0 0 0 0 0 0 0 0 0 0 0 0 0 0 0 0 0 0 0 
0 0 0 0 0 0 0 0 0 0 0 0 0 0 0 0 0 0 0 0 0 0 0 0 0 0 0 0 0 0 0 0 0 0 0 0 0 0 0 0 
0 0 0 0 0 0 0 0 0 0 0 0 0 0 0 0 0 0 0 0 0 0 0 0 0 0 0 0 0 0 0 0 0 0 0 0 0 0 0 0 
0 0 0 0 0 0 0 0 0 0 0 0 0 0 0 0 0 0 0 0 0 0 0 0 0 0 0 0 0 0 0 0 0 0 0 0 0 0 0 0 
0 0 0 0 0 0 0 0 0 0 0 0 0 0 0 0 0 0 0 0 0 0 0 0 0 0 0 0 0 0 0 0 0 0 0 0 0 0 0 0 
0 0 0 0 0 0 0 0 0 0 0 0 0 0 0 0 0 0 0 0 0 0 0 0 0 0 0 0 0 0 0 0 0 0 0 0 0 0 0 0 
0 0 0 0 0 0 0 0 0 0 0 0 0 0 0 0 0 0 0 0 0 0 0 0 0 0 0 0 0 0 0 0 0 0 0 0 0 0 0 0 
0 0 0 0 0 0 0 0 0 0 0 0 0 0 0 0 0 0 0 0 0 0 0 0 0 0 0 0 0 0 0 0 0 0 0 0 0 0 0 0 
0 0 0 0 0 0 0 0 0 0 0 0 0 0 0 0 0 0 0 0 0 0 0 0 0 0 0 0 0 0 0 0 0 0 0 0 0 0 0 0 
0 0 0 0 0 0 0 0 0 0 0 0 0 0 0 0 0 0 0 0 0 0 0 0 0 0 0 0 0 0 0 0 0 0 0 0 0 0 0 0 
0 0 0 0 0 0 0 0 0 0 0 0 0 0 0 0 0 0 0 0 0 0 0 0 0 0 0 0 0 0 0 0 0 0 0 0 0 0 0 0 
0 0 0 0 0 0 0 0 0 0 0 0 0 0 0 0 0 0 0 0 0 0 0 0 0 0 0 0 0 0 0 0 0 0 0 0 0 0 0 0 
0 0 0 0 0 0 0 0 0 0 0 0 0 0 0 0 0 0 0 0 0 0 0 0 0 0 0 0 0 0 0 0 0 0 0 0 0 0 0 0 
0 0 0 0 0 0 0 0 0 0 0 0 0 0 0 0 0 0 0 0 0 0 0 0 0 0 0 0 0 0 0 0 0 0 0 0 0 0 0 0 
0 0 0 0 0 0 0 0 0 0 0 0 0 0 0 0 0 0 0 0 0 0 0 0 0 0 0 0 0 0 0 0 0 0 0 0 0 0 0 0 
0 0 0 0 0 0 0 0 0 0 0 0 0 0 0 0 0 0 0 0 0 0 0 0 0 0 0 0 0 0 0 0 0 0 0 0 0 0 0 0 
0 0 0 0 0 0 0 0 0 0 0 0 0 0 0 0 0 0 0 0 0 0 0 0 0 0 0 0 0 0 0 0 0 0 0 0 0 0 0 0 
0 0 0 0 0 0 0 0 0 0 0 0 0 0 0 0 0 0 0 0 0 0 0 0 0 0 0 0 0 0 0 0 0 0 0 0 0 0 0 0 
0 0 0 0 0 0 0 0 0 0 0 0 0 0 0 0 0 0 0 0 0 0 0 0 0 0 0 0 0 0 0 0 0 0 0 0 0 0 0 0 
0 0 0 0 0 0 0 0 0 0 0 0 0 0 0 0 0 0 0 0 0 0 0 0 0 0 0 0 0 0 0 0 0 0 0 0 0 0 0 0 
0 0 0 0 0 0 0 0 0 0 0 0 0 0 0 0 0 0 0 0 0 0 0 0 0 0 0 0 0 0 0 0 0 0 0 0 0 0 0 0 
0 0 0 0 0 0 0 0 0 0 0 0 0 0 0 0 0 0 0 0 0 0 0 0 0 0 0 0 0 0 0 0 0 0 0 0 0 0 0 0 
0 0 0 0 0 0 0 0 0 0 0 0 0 0 0 0 0 0 0 0 0 0 0 0 0 0 0 0 0 0 0 0 0 0 0 0 0 0 0 0 
0 0 0 0 0 0 0 0 0 0 0 0 0 0 0 0 0 0 0 0 0 0 0 0 0 0 0 0 0 0 0 0 0 0 0 0 0 0 0 0 
0 0 0 0 0 0 0 0 0 0 0 0 0 0 0 0 0 0 0 0 0 0 0 0 0 0 0 0 0 0 0 0 0 0 0 0 0 0 0 0 
0 0 0 0 0 0 0 0 0 0 0 0 0 0 0 0 0 0 0 0 0 0 0 0 0 0 0 0 0 0 0 0 0 0 0 0 0 0 0 0 
0 0 0 0 0 0 0 0 0 0 0 0 0 0 0 0 0 0 0 0 0 0 0 0 0 0 0 0 0 0 0 0 0 0 0 0 0 0 0 0 
0 0 0 0 0 0 0 0 0 0 0 0 0 0 0 0 0 0 0 0 0 0 0 0 0 0 0 0 0 0 0 0 0 0 0 0 0 0 0 0 
0 0 0 0 0 0 0 0 0 0 0 0 0 0 0 0 0 0 0 0 0 0 0 0 0 0 0 0 0 0 0 0 0 0 0 0 0 0 0 0 
0 0 0 0 0 0 0 0 0 0 0 0 0 0 0 0 0 0 0 0 0 0 0 0 0 0 0 0 0 0 0 0 0 0 0 0 0 0 0 0 
0 0 0 0 0 0 0 0 0 0 0 0 0 0 0 0 0 0 0 0 0 0 0 0 0 0 0 0 0 0 0 0 0 0 0 0 0 0 0 0 
0 0 0 0 0 0 0 0 0 0 0 0 0 0 0 0 0 0 0 0 0 0 0 0 0 0 0 0 0 0 0 0 0 0 0 0 0 0 0 0 
0 0 0 0 0 0 0 0 0 0 0 0 0 0 0 0 0 0 0 0 0 0 0 0 0 0 0 0 0 0 0 0 0 0 0 0 0 0 0 0 
0 0 0 0 0 0 0 0 0 0 0 0 0 0 0 0 0 0 0 0 0 0 0 0 0 0 0 0 0 0 0 0 0 0 0 0 0 0 0 0 
0 0 0 0 0 0 0 0 0 0 0 0 0 0 0 0 0 0 0 0 0 0 0 0 0 0 0 0 0 0 0 0 0 0 0 0 0 0 0 0 
0 0 0 0 0 0 0 0 0 0 0 0 0 0 0 0 0 0 0 0 0 0 0 0 0 0 0 0 0 0 0 0 0 0 0 0 0 0 0 0 
0 0 0 0 0 0 
<fDQF>
0 0 0 0 0 0 0 0 0 0 0 0 0 0 0 0 0 0 0 0 0 0 0 0 0 0 0 0 0 0 0 0 0 0 0 0 0 0 0 0 
0 0 0 0 0 0 0 0 0 0 0 0 0 0 0 0 0 0 0 0 0 0 0 0 0 0 0 0 0 0 0 0 0 0 0 0 0 0 0 0 
0 0 0 0 0 0 0 0 0 0 0 0 0 0 0 0 0 0 0 0 0 0 0 0 0 0 0 0 0 0 0 0 0 0 0 0 0 0 0 0 
0 0 0 0 0 0 0 0 0 0 0 0 0 0 0 0 0 0 0 0 0 0 0 0 0 0 0 0 0 0 0 0 0 0 0 0 0 0 0 0 
0 0 0 0 0 0 0 0 0 0 0 0 0 0 0 0 0 0 0 0 0 0 0 0 0 0 0 0 0 0 0 0 0 0 0 0 0 0 0 0 
0 0 0 0 0 0 0 0 0 0 0 0 0 0 0 0 0 0 0 0 0 0 0 0 0 0 0 0 0 0 0 0 0 0 0 0 0 0 0 0 
0 0 0 0 0 0 0 0 0 0 0 0 0 0 0 0 0 0 0 0 0 0 0 0 0 0 0 0 0 0 0 0 0 0 0 0 0 0 0 0 
0 0 0 0 0 0 0 0 0 0 0 0 0 0 0 0 0 0 0 0 0 0 0 0 0 0 0 0 0 0 0 0 0 0 0 0 0 0 0 0 
0 0 0 0 0 0 0 0 0 0 0 0 0 0 0 0 0 0 0 0 0 0 0 0 0 0 0 0 0 0 0 0 0 0 0 0 0 0 0 0 
0 0 0 0 0 0 0 0 0 0 0 0 0 0 0 0 0 0 0 0 0 0 0 0 0 0 0 0 0 0 0 0 0 0 0 0 0 0 0 0 
0 0 0 0 0 0 0 0 0 0 0 0 0 0 0 0 0 0 0 0 0 0 0 0 0 0 0 0 0 0 0 0 0 0 0 0 0 0 0 0 
0 0 0 0 0 0 0 0 0 0 0 0 0 0 0 0 0 0 0 0 0 0 0 0 0 0 0 0 0 0 0 0 0 0 0 0 0 0 0 0 
0 0 0 0 0 0 0 0 0 0 0 0 0 0 0 0 0 0 0 0 0 0 0 0 0 0 0 0 0 0 0 0 0 0 0 0 0 0 0 0 
0 0 0 0 0 0 0 0 0 0 0 0 0 0 0 0 0 0 0 0 0 0 0 0 0 0 0 0 0 0 0 0 0 0 0 0 0 0 0 0 
0 0 0 0 0 0 0 0 0 0 0 0 0 0 0 0 0 0 0 0 0 0 0 0 0 0 0 0 0 0 0 0 0 0 0 0 0 0 0 0 
0 0 0 0 0 0 0 0 0 0 0 0 0 0 0 0 0 0 0 0 0 0 0 0 0 0 0 0 0 0 0 0 0 0 0 0 0 0 0 0 
0 0 0 0 0 0 0 0 0 0 0 0 0 0 0 0 0 0 0 0 0 0 0 0 0 0 0 0 0 0 0 0 0 0 0 0 0 0 0 0 
0 0 0 0 0 0 0 0 0 0 0 0 0 0 0 0 0 0 0 0 0 0 0 0 0 0 0 0 0 0 0 0 0 0 0 0 0 0 0 0 
0 0 0 0 0 0 0 0 0 0 0 0 0 0 0 0 0 0 0 0 0 0 0 0 0 0 0 0 0 0 0 0 0 0 0 0 0 0 0 0 
0 0 0 0 0 0 0 0 0 0 0 0 0 0 0 0 0 0 0 0 0 0 0 0 0 0 0 0 0 0 0 0 0 0 0 0 0 0 0 0 
0 0 0 0 0 0 0 0 0 0 0 0 0 0 0 0 0 0 0 0 0 0 0 0 0 0 0 0 0 0 0 0 0 0 0 0 0 0 0 0 
0 0 0 0 0 0 0 0 0 0 0 0 0 0 0 0 0 0 0 0 0 0 0 0 0 0 0 0 0 0 0 0 0 0 0 0 0 0 0 0 
0 0 0 0 0 0 0 0 0 0 0 0 0 0 0 0 0 0 0 0 0 0 0 0 0 0 0 0 0 0 0 0 0 0 0 0 0 0 0 0 
0 0 0 0 0 0 0 0 0 0 0 0 0 0 0 0 0 0 0 0 0 0 0 0 0 0 0 0 0 0 0 0 0 0 0 0 0 0 0 0 
0 0 0 0 0 0 0 0 0 0 0 0 0 0 0 0 0 0 0 0 0 0 0 0 0 0 0 0 0 0 0 0 0 0 0 0 0 0 0 0 
0 0 0 0 0 0 0 0 0 0 0 0 0 0 0 0 0 0 0 0 0 0 0 0 0 0 0 0 0 0 0 0 0 0 0 0 0 0 0 0 
0 0 0 0 0 0 0 0 0 0 0 0 0 0 0 0 0 0 0 0 0 0 0 0 0 0 0 0 0 0 0 0 0 0 0 0 0 0 0 0 
0 0 0 0 0 0 0 0 0 0 0 0 0 0 0 0 0 0 0 0 0 0 0 0 0 0 0 0 0 0 0 0 0 0 0 0 0 0 0 0 
0 0 0 0 0 0 0 0 0 0 0 0 0 0 0 0 0 0 0 0 0 0 0 0 0 0 0 0 0 0 0 0 0 0 0 0 0 0 0 0 
0 0 0 0 0 0 0 0 0 0 0 0 0 0 0 0 0 0 0 0 0 0 0 0 0 0 0 0 0 0 0 0 0 0 0 0 0 0 0 0 
0 0 0 0 0 0 0 0 0 0 0 0 0 0 0 0 0 0 0 0 0 0 0 0 0 0 0 0 0 0 0 0 0 0 0 0 0 0 0 0 
0 0 0 0 0 0 0 0 0 0 0 0 0 0 0 0 0 0 0 0 0 0 0 0 0 0 0 0 0 0 0 0 0 0 0 0 0 0 0 0 
0 0 0 0 0 0 0 0 0 0 0 0 0 0 0 0 0 0 0 0 0 0 0 0 0 0 0 0 0 0 0 0 0 0 0 0 0 0 0 0 
0 0 0 0 0 0 0 0 0 0 0 0 0 0 0 0 0 0 0 0 0 0 0 0 0 0 0 0 0 0 0 0 0 0 0 0 0 0 0 0 
0 0 0 0 0 0 0 0 0 0 0 0 0 0 0 0 0 0 0 0 0 0 0 0 0 0 0 0 0 0 0 0 0 0 0 0 0 0 0 0 
0 0 0 0 0 0 0 0 0 0 0 0 0 0 0 0 0 0 0 0 0 0 0 0 0 0 0 0 0 0 0 0 0 0 0 0 0 0 0 0 
0 0 0 0 0 0 0 0 0 0 0 0 0 0 0 0 0 0 0 0 0 0 0 0 0 0 0 0 0 0 0 0 0 0 0 0 0 0 0 0 
0 0 0 0 0 0 0 0 0 0 0 0 0 0 0 0 0 0 0 0 0 0 0 0 0 0 0 0 0 0 0 0 0 0 0 0 0 0 0 0 
0 0 0 0 0 0 0 0 0 0 0 0 0 0 0 0 0 0 0 0 0 0 0 0 0 0 0 0 0 0 0 0 0 0 0 0 0 0 0 0 
0 0 0 0 0 0 
<FVOL>
1023.59009622952 66282.7548289204 0 0 0 0 0 0 0 0 0 0 0 0 0 0 0 0 0 0 0 0 0 0 0.319025615039587 0 0 0 0 0 0 0 0 0 0 0 0 0 0 0 
0 0 0 0 0 0 0 0 0 0 0 0 0 0 0 0 0 0 0 0 0 0 0 7.91668899468732 0 0.0927264921726311 0 0 0 0 0 0 0 0 0 0 0 0 0 0 
0 0.654067764194207 0 0 0 0 0.0650625072391991 0 0 0 0 0 5.25533570387476e-08 0 0 0 0 0 0.466451214178542 0 0 0 0 0 0 0 0 0 0 2.99068415814295e-08 0 0 0 0 0 0 0 0 0 0 
0 0 0 0 0 0 0 0 0 0 0 0 0 0 0 0 0 0 0 0 0 0 0 0 0 0 0 0 0 0 0 0 0 0 1.35833161200933e-08 0 0 0 0 0 
0 0 0 0 0 0 0 0 0 0 10.3172213139274 0 0 0 0 0 0 0 0 14.8692101569296 0 0 0 0 0 0 0 0 0 0 0 0 0 5.2193076655573 0 0 0 0 0 0 
0 0 0 0 0 0 0 0 0 0 0 0 0 0 0 0 0 0 0 0 0 0 0 0 0 0 0 0 0 0 0 0 0 0 0 0 0 0 0 0 
0 0 0 0 0 0 0 0 0 0 0 0 0 0 0 0 0 0 0 0 0 0 0 0 0 0 0 0 0 0 0 0 0 0 0 0 0 0 0 0 
0 0 0 0 0 0 0 0 0 0 0 0 0 0 0 0 0 0 0 0 0 0 0 0 0 0 0 0 0 0 0 0 0 0 0 0 0 0 0 0 
0 0 0 0 0 0 0 0 0 0 0 0 0 0 0 0 0 0 0 0 0 0 0 3.01795435220228e-08 0 0 0 0 4.93690833665322e-09 0 0 0 0 0 0 0 0 0 0 0 
0 0 0 0 0 0 0 0 0 1.32308332125346e-05 0 0 0 0 0 0 0 0 0 0 0 0 0 0 0 0 0 0 0 0 0 0 0 0 0 0 0 0 0 0 
0 0 0 0 0 0 0 0 0 6.30609986576277e-08 0 0 0 0 0 0 2.11874500192764e-08 0 0 0 2.10734732365806e-08 0 
<FWGT>
1091.68922509289 38.1404094279639 0 0 0 0 0 0 0 0 0 0 0 0 0 0 0 0 0 0 0 0 0 0 1.07756288707512 0 0 0 0 0 0 0 0 0 0 0 0 0 0 0 
0 0 0 0 0 0 0 0 0 0 0 0 0 0 0 0 0 0 0 0 0 0 0 21.4554910448191 0 0.185450580513513 0 0 0 0 0 0 0 0 0 0 0 0 0 0 
0 1.88014862732869 0 0 0 0 0.144429677604816 0 0 0 0 0 1.65400262272665e-07 0 0 0 0 0 1.35798091700351 0 0 0 0 0 0 0 0 0 0 1.44366208924526e-07 0 0 0 0 0 0 0 0 0 0 
0 0 0 0 8.28894700558286e-08 0 0 0 0 0 0 0 0 0 0 0 0 0 0 0 0 0 0 0 0 0 0 0 0 0 0 0 0 0 7.8670537180081e-08 0 0 0 0 0 
0 0 0 0 0 0 0 0 1.10319611244175e-07 0 53.6558066801096 0 0 0 0 0 0 0 0 16.026981134191 0 0 0 0 0 0 0 0 0 0 0 0 0 26.1560560718937 0 0 0 0 0 0 
0 0 0 0 0 0 0 0 0 0 0 0 0 0 0 0 0 0 0 0 0 0 0 0 0 0 0 0 0 0 0 0 0 0 0 0 0 0 0 0 
0 0 0 0 0 0 0 0 0 0 0 0 0 0 0 0 0 0 0 0 0 0 0 0 0 0 0 0 0 0 0 0 0 0 0 0 0 0 0 0 
0 0 0 0 0 0 0 0 0 0 0 0 0 0 0 0 0 0 0 0 0 0 0 0 0 0 0 0 0 0 0 0 0 0 0 0 0 0 0 0 
0 0 0 0 0 0 0 0 0 0 0 0 0 0 0 0 0 0 0 0 0 0 0 2.29307029092149e-07 0 0 0 0 5.92919286306448e-08 0 0 0 0 0 0 0 0 0 0 0 
0 0 0 0 0 0 0 0 0 5.14543741814295e-05 0 0 0 0 0 0 0 0 0 0 0 0 0 0 0 0 0 0 0 0 0 0 0 0 0 0 0 0 0 0 
0 0 0 0 0 0 0 0 0 3.21599301675099e-07 0 0 0 0 0 0 8.66382666077231e-08 0 0 0 1.22776145145488e-07 0 
<Y_la>
-10.9533215391358 -9.77398209633034 -10.1538904621691 -9.52277408295239 -17.3571561922138 -24.2509906730655 -31.2448257124749 -14.6332856945509 -21.8617271640271 -19.0956375249469 -11.8674274407519 -12.3853498751896 -16.0173777470633 -35.7090952631025 -21.6352396212673 -8.96856292687373 -20.4558301298638 -26.0577424732331 -32.7739903453772 -41.3264793273711 -50.2328363390266 -57.144279746682 -85.0085041694227 -26.2781172714801 -17.779451876787 -15.4881282925541 -15.9580299574566 -17.9252940531626 -30.6788937222963 -29.1184650965966 -16.0472016572915 -12.6179744854915 -25.2735744759617 -29.7070148398723 -37.7151152712794 -44.33267615586 -27.5386813499523 -22.369915607641 -40.8658518948916 -19.0875929051816 
-33.2858558414934 -14.4622951251306 -96.5175606540666 -55.1206211499116 -77.4844471075655 -19.2300596190457 -22.0326553821736 -26.3075423892171 -32.2498221003434 -39.7217338886606 -48.8212419282981 -59.012425950043 -11.4679206697727 -8.14671112979754 -6.43203305905204 -69.8084001353238 -28.4273569292501 -36.8549008232833 -14.9911137958743 -14.6980773934474 -21.9692454955822 -27.3582591645131 -41.170791069024 -29.3084557120301 -15.7544826451669 -50.4579723552528 -54.0025468259839 -60.1248338499531 -50.6802595010381 -49.6286326755762 -51.9992933350811 -50.0185412915389 -49.3711901706797 -46.4466410755921 -48.7124379537846 -56.7416642037167 -63.455109880627 -53.2111654073579 -52.7819245873352 -57.3058771522486 
-51.9871526580506 -61.6063780055825 -57.4206073908496 -9.24437316754281 -211.295263110971 -130.134842010543 -81.618685911618 -91.363259943641 -101.185547708509 -84.74097331498 -50.1861839857 -53.6002899032464 -49.9720784073513 -89.8468967992115 -85.2327913522278 -51.2800007511881 -54.4120290183702 -59.4540569151616 -74.9137460972331 -71.9118917233281 -60.0485095175652 -47.4079531398231 -19.4836099257087 -9.08211169058728 -9.88217664962623 -49.6006526413757 -20.2588072377937 -29.9180046207162 -41.567202490082 -28.9014154413111 -38.4405798613081 -9.19443605901468 -10.499311089437 -9.92899016458419 -19.1041801687396 -14.9249981463794 -18.9535958635527 -14.0035896325652 -22.9373957131987 -20.8416251456557 
-13.9014686717659 -22.7816598777992 -21.7535978208174 -35.446653876183 -29.6676535077817 -9.24423958005241 -3.2834942967113 -28.7842125564782 -7.21494918996066 -8.22227513335093 -0.786725095143448 -58.487868383827 -67.4028162699254 -54.4870272218349 -9.70019486764207 -5.08327149168857 -3.7073854393579 -20.3560821720243 -29.2710300581229 -16.3552410100323 -39.2094293579798 -4.07189368112123 -9.12131796405153 -5.33254276031387 -10.9584321371609 -6.69067735801726 -8.24240534252116 -7.59414945119423 -3.20466120151268 -13.3232771380393 -11.011932701326 -9.03223257231392 -33.3053261237922 -36.0539307067248 -23.3381403846835 -4.51653962114784 -4.92875334485097 -11.4307815458527 -11.9066792842719 -34.3335274573167 
-12.4703800339612 -56.8153420664753 -4.77597395418971 -5.00317020735189 -28.6119373585188 -17.3944972080399 -20.4077597548905 -18.021664277408 -19.4084023962049 -19.2349271316001 -16.1483559256751 -26.3929303593969 -19.9706432538023 -13.8788859738069 -12.8939461604192 -13.2500626417764 -13.6506317418234 -20.301549026551 -27.8567614361131 -25.5909910249009 -13.0426427563651 -16.8347862774991 -20.3669300201416 -14.4104996825586 -20.9665667755977 -26.5906724043596 -32.6847791041192 -32.1066554690548 -16.7672699080437 -12.9621319021034 -41.0366705415269 -27.7438123367193 -10.9408345441301 -16.6327118672151 -35.1966082649099 -21.0289031838136 -7.7206483910939 0.199443126589514 -144.520506989249 -12.3261861434503 
-15.8707606141813 -21.9930476381506 -12.5484732892356 -11.8867550797364 -11.2394039588771 -18.6098779919141 -25.3233236688245 -15.0793791955554 -23.4745917937799 -19.288821179047 -173.163476899168 -92.0030557987404 -12.0543977738974 -15.4685036914438 -11.8402921955487 -36.7819598854306 -33.7801055115255 -21.9167233057627 -9.25433935744217 -11.3940760758993 -16.0451511302132 -10.6840523816902 -10.8640850175774 -12.3233474780583 -12.0705739541918 -19.9251382764062 -17.0100726509957 -20.7955887383386 -15.3142917710985 -12.2693607527067 -11.7380207466895 -15.6626028654768 -21.2182035954024 -24.1129063944819 -40.6274980103947 -11.6840907449994 -33.3418826976052 -23.2190019873343 -21.2456123925344 -23.4545916684112 
-32.7025398215575 -15.9973215115739 -22.06436797197 -23.1949371417602 -28.3269102419982 -34.1836694096511 -43.1264924534534 -35.7631605398047 -28.3143691831438 -82.2711167858123 -40.7612891080596 -47.7292809688562 -18.0327065025486 -18.1735614000972 -14.4408413038324 -10.8173644117205 -13.2901427834141 -34.2859586654614 -45.0941027413994 -20.9658788600012 -20.9495291006863 -18.9404511409218 -20.2075339951249 -24.6271288001208 -38.8204996650387 -23.6875728822961 -40.899056547523 -24.9768602275799 -33.4299960469229 -9.14226062129381 -18.3341713035945 -27.3079002618989 -31.721470567613 -37.6631493226384 -45.7999009883068 -33.8932628961152 -29.0105815848132 -29.2459846011774 -25.5506303202365 -14.8347403389392 
-26.2784691854597 -26.309038121752 -12.455309094494 -12.9258782268678 -31.3210932981221 -52.6247113347286 -43.7509823372146 -46.2331703649619 -31.0725768484863 -39.7763058529008 -36.3605352948852 -40.8404708591885 -48.6789409446941 -14.6950617522572 -10.996314865391 -24.8520149836224 -20.1341494114627 -30.8502168560191 -31.1360766478932 -47.7259091384347 -53.3299181559975 -72.2801479560205 -17.9718292418942 -25.0575412206504 -16.0742737142673 -38.9406415108242 -15.3694402686506 -12.2732441910358 -16.6178183480573 -12.3955311767823 -17.7860743968605 -24.9861500495461 -22.1292755634374 -12.0014558214829 -12.9155609260879 -17.7296674901586 -12.227349990893 -34.9370804432774 -22.5051623499997 -9.23686770535023 
-10.0138225489104 -6.85248919529725 -25.1893688794792 -28.3445638278915 -32.9016581316145 -142.676785304515 -148.940250914057 -16.4678523748515 -25.8562303168252 -9.7651706215635 -7.06507681040699 -22.85658168664 -22.590506818801 -23.5910756835666 -25.3916446331297 -57.568978505586 -18.8098077087156 -17.2610460447615 -17.4008020043696 -8.24945819237124 -15.166323876486 -28.7639615427141 -34.2067786355016 -55.1307101028209 -17.7608948201845 -16.4151240083622 -25.6769189513817 -42.7543686430447 -127.99571030019 -40.2677918501786 -79.1536058559357 -8.85206694746944 -12.4417013197508 -10.5061643114412 -12.6467879752118 -12.0404239584289 -37.0956971951222 -49.4929393469334 -7.106860055997 -18.5220547531461 
-15.0257621736824 -20.2154594768243 -7.22256574536837 -71.4109162028354 -47.8851425345279 -47.3332051762254 -33.2163253914109 -18.3652172511677 -35.1212869568271 -51.0541597637516 -20.6586175328023 -5.85430758127655 -17.1220677025846 -22.3769506385796 -16.0876999331504 -20.7354926844099 -28.4743291771189 -5.85318096859748 -11.701695016267 -16.3228562863746 -8.82394021009009 -48.7819647882989 -41.7876724674306 -62.3016530133829 -56.8291842443961 -13.7054218304338 -18.0722131718353 -23.5008841183751 -29.9113957183325 -38.1219073098327 -12.3801853286955 -14.0830515816875 -23.5097290544706 -157.623976408362 -152.313464875191 -119.581949133007 -4.11792397409121 -7.82843553691791 -19.2130139906016 -14.1194500282774 
-63.4173050057338 -59.527813969678 -68.7067919062162 -16.8138233437335 -10.5933506324403 -13.6083934989902 -18.8576132734535 -28.0011524248571 -13.1626229320027 -36.8467949826734 -29.550422719223 -6.99108792602426 -5.66213158122363 -17.8130842363097 -19.2949877590018 -13.1075448174457 -9.2470334130666 -42.1858020430771 -37.1152905353464 -63.421598467348 -29.9968917562633 -11.3687834576756 -42.3298873368505 -39.3325688091449 -36.7623910889928 -35.4016167322714 -29.2706953537758 -28.1326220730172 -27.609678431648 -39.213839729287 -37.833929827689 -42.7130804615259 -44.5925224222134 -15.8541747040603 -45.9427092534265 -42.8568151295546 -31.5465881846181 -40.3722046929416 -38.0439928865246 -36.3951639864584 
-30.1745619816958 -42.4820106304706 -15.93315082918 -14.4436636340996 -66.8937234417938 -53.7118055429906 -12.3337573240148 -16.6783314810378 -12.4560443097628 -17.7893849441441 -25.0584517340781 -22.1897886964179 -11.8319689051811 -12.7460740097758 -17.5601805738613 -10.7209215872938 -34.9975935762579 -22.5656754829802 -9.28373810858361 -9.24419950380927 -52.11822921993 -58.4924408565326 -112.659437538555 -2.76505574345504 -9.57985068322989 -16.3345079843435 -143.924555534047 -149.257094478956 -8.61719227406071 -15.9470386850396 -14.5565693113743 -7.9693748060169 -18.6940183234029 -15.7550035855563 -9.04022237424203 -18.6603498590794 -22.048627922855 -20.3771671725686 -13.7308782625 -24.7928919465297 
-22.3221405327081 -5.0191520018273 -14.1014735366841 -9.89758742605356 -7.92981256914148 -8.94837145433749 -12.8880940338472 -9.5892708134468 -15.4108591169917 -11.243104298609 -12.1588830139771 -17.5175575212808 -15.0889030730773 -7.10151365328665 -8.79118033685454 -14.5132086046087 -17.6718217934586 -16.3971943926687 -60.8477690515857 -8.81840081582313 -9.73750742657123 -28.2769801977219 -24.1578143847777 -95.9806977369654 -122.666574004525 -99.1664325364893 -95.1388034657635 -121.053241138965 -104.232536089282 -125.949442991935 -130.573238264024 -137.165245443513 -100.285742698376 -99.5857064646833 -105.794785369792 -102.572805911643 -106.521369409099 -97.3114004198057 -113.155864261125 -117.69451457655 
-107.458658373988 -151.579314737436 -10.9364868714858 -19.029756893464 -9.51506990562639 -9.40983216906556 -60.9458690640157 -81.0059697613532 -3.12734199265069 -13.6270266703597 -9.84850787267167 -15.8059324785509 -13.0501070382274 -8.84403462281994 -15.9719108016926 -14.6324332036616 -8.42538128141726 -18.9290199493399 -16.4710228205285 -74.9962804071153 -18.9999720257737 -12.9585170222625 -9.60878574971124 -10.3133642059658 -14.5322851581458 -104.399496489489 -135.167480055748 -24.9768595134296 -18.5545724078453 -15.492945792737 -21.4736060129794 -14.252854092712 -10.0738632401353 -13.8176978147233 -22.8569168945185 -27.7199970963766 -19.3854781837811 -24.1839921450484 -19.1962373892055 -14.3290087614659 
-16.2502211405025 -36.0865206732666 -24.6449202536645 -14.7565722172787 -14.6944287677327 -28.6624492243979 -36.5775310238349 -44.9926128264574 -53.8076952692436 -63.4227766013019 -21.3473671896787 -95.0382669797223 -14.7048897773446 -17.3677182114461 -30.7263285431214 -49.7215409286549 -14.918483663349 -16.6743131958625 -21.7691608850706 -34.6580322843769 -63.9268074809709 -89.5708574051243 -38.8000162343476 -26.2097728470492 -57.0908039259306 -35.1697299366385 -69.8909021331772 -13.3915338968242 -24.7327313862675 -35.5455346614715 -28.2773058569999 -34.3995928809692 -29.5346849540845 -38.8569707232128 -24.9550185320543 -13.4442434768752 -24.293300322555 -33.8461035887319 -25.0738692387201 -28.9642578872097 
-20.3296545800458 -20.6811041556309 -23.8111400099668 -25.8633056019674 -23.2170074826964 -31.3465661363261 -36.5584425258545 -38.9604004942546 -39.8732042642875 -43.2897462191311 -114.651516434277 -17.323192357659 -40.0475822518108 -118.046494962502 -41.4921565497582 -27.2377665820446 -45.9576655735074 -36.8529379711032 -38.4098694495109 -20.5854794271662 -67.0697808933532 -31.3818725520676 -30.5136906443965 -24.8595852864312 -21.3638528205951 -39.4481511960446 -23.4626445830834 -28.1767501901058 -25.9370270208368 -45.4914168031314 -52.4752512686146 -35.4508615303439 -24.0609423765523 -19.8237460490103 -27.4750482941046 -15.2878516219927 -13.1019571452075 -23.8468367982036 -27.3096403653048 -18.6591088579929 
-18.5242446429338 -26.5586263505461 -23.883389680804 -10.9408619520477 -12.9587980160129 -9.26665786465888 -11.484593850205 -56.8728521820901 -29.5315979709166 -50.3359877611749 -47.0102172874194 -27.8359571071382 -129.482641956436 -151.507031826203 -70.9933879339951 -98.8332999384979 -19.169697690839 -36.8757932261683 -22.3151867564433 -38.1898997679466 -42.3040036177004 -37.4616877326156 -26.1872486694955 -20.7552207064575 -42.9989660857436 -63.0020208726868 -50.4938489746659 -29.6048509877532 -19.9824412002572 -38.0068307456476 -30.4383468505603 -30.8311590747027 -31.7239713020275 -83.2026429026067 -108.367554561063 -58.4923000137346 -51.3478088675715 -49.3965676512584 -35.6146495892267 -42.0643741641393 
-21.6827121708392 -29.554783209838 -65.1859829154829 -7.33201615084174 -29.6906407370482 -17.552657600041 -40.5856263335972 -27.3851909244451 -29.9977428784425 -32.2702951481973 -35.642847185862 -23.313837656459 -16.6279433502468 -31.5997320326524 -19.7392966129849 -13.1851650583234 -8.98405328991156 -10.6981588778108 -48.789027089825 -61.3809452000566 -37.717108941447 -13.221456356743 -14.3283384465045 -20.3713282589567 -36.188931831917 -20.6429128870528 -16.100625681867 -15.8811946663808 -16.5764226442939 -12.347876904474 -11.3656392763637 -11.3289629375105 -11.6886308067553 -16.7337434679931 -12.9899088934066 -17.1815314593955 -34.1536083958967 -25.1367441106054 -23.290973494846 -13.15262565612 
-13.4409430031576 -15.417703927521 -27.700794734536 -32.2119667599572 -44.8206285338773 -61.6186310861504 -12.5745109495073 -11.8421143476913 -39.0401394759341 -25.5392388024917 -9.42125700139789 -38.5046091761091 -33.7069994351421 -30.2671749036796 -28.0419990166404 -27.2536309297314 -39.0347737933146 -41.0498549175428 -43.7649355680206 -38.4196909245693 -27.7328207396494 -32.0469257065095 -32.8187148762655 -8.96846176551532 -32.4309142149118 -66.5682615956834 -31.4094876733104 -28.4814831278364 -25.9020521610733 -24.8126214269681 -26.7810504976925 -61.0811854349475 -224.880225301335 -305.186207201339 -145.574243407703 -53.7813611968957 -48.5954669002385 -45.4095726163262 -54.9677845166345 -60.4672555031113 
-55.9541532784252 -85.832097587151 -97.8140157572641 -45.6575672121376 -75.5501797466792 -13.8659454864375 -36.4737326468845 -17.4105199571685 -23.5328069811378 -32.3628827921932 -41.9351673674035 -14.0882326322228 -15.6383368676536 -14.3724414622897 -12.8866055666925 -12.4665143956858 -34.4743014925328 -29.8924558726227 -9.29277245216928 -57.3063333296853 -11.9390705714403 -21.2578525654602 -24.7393379953799 -20.4797802364961 -37.3992779061332 -28.0936145944231 -40.501271759502 -16.5898979601721 -15.163284044699 -25.2743511145114 -52.9313579286103 -115.529714538923 -24.0871831376399 -43.8138917343202 -132.175421244239 -46.295148414079 -34.1917575067061 -51.5339360804704 -43.66545187421 -42.5361788705506 
-27.2794701748232 -43.3844606716669 -44.5650296551405 -49.2677264610422 -56.5915613112744 -13.2941566367625 -22.3019440492825 -16.7082625543089 -16.5160496890238 -15.030155136987 -13.0800510584138 -28.787838334297 -66.1107030349869 -54.1622972998582 -49.7365264604269 -77.9715992743068 -41.6421027150531 -44.75620894949 -26.1312889348675 -40.8640308427989 -49.6065615460072 -66.604493964326 -54.1765291743291 -37.0091012579545 -26.7464319802382 -42.573140711472 -12.6979736465281 -30.5665451496813 -28.6593574787225 -15.8300023122306 -29.7521697023507 -23.7620298926902 -38.3217192284178 -53.6975687209952 -36.2023677815452 -23.6785697625297 -43.7656510421504 -10.8159262710078 -29.7529811427773 -9.94939503569783 
-15.1469834045554 -19.1667292260347 -13.9859059519 -14.2718604245493 -21.813114749569 -13.2824953977408 -16.9516201139769 -25.755761666929 -23.6784532155242 -20.6226353169047 -14.181906041019 -12.951540640676 -16.4465211386812 -22.0581908519473 -37.7647789365412 -58.0286049206644 -20.2528730396802 -24.7292231436879 -31.8363811055205 -17.0457711880082 -3.73207193909283 -20.2678072551146 -5.15923679511632 -10.2383433486926 -12.3013915219798 -16.6459656789939 -12.4236785077189 -17.9250399894229 -25.1188406240491 -22.1574228943888 -12.1496020692402 -13.0637087678866 -17.8778137379203 -23.7310057775643 -32.3747271864233 -11.2104481647984 -34.965227774214 -22.5333096809363 -9.25137230653972 -21.101925534637 
-47.3442243548186 -28.8770261003555 -37.2684584643613 -46.7082319509209 -19.4311043544751 -43.9547933271027 -18.4819017376156 -40.9953622702459 -18.308596065464 -36.976500407745 -18.2742013407119 -35.4170693996607 -36.3176377058746 -25.8657601135045 -32.2395950373777 -39.6434292983196 -82.4272318694336 -42.218736859662 -33.8271960764106 -47.0898312318584 -31.3103312347707 -24.6645603094771 -37.3729660255326 -181.723889211171 -100.837907399128 -13.4101369265185 -15.0442427051994 -9.06064715206715 -9.97475305367735 -12.3588584386279 -38.1622232769609 -16.9460313720652 -15.7166001747993 -20.5545949233536 -45.3576992554172 -31.8538436490907 -9.82695962943705 -18.9514941048909 -14.5265521777957 -18.6233928973883 
-13.6580266568057 -22.7453651934186 -20.3940340822472 -13.6103389196242 -21.7596291455083 -21.4815022875141 -35.2925944799525 -29.2656224925094 -22.0511387329386 -13.28766260604 -13.9017688245436 -34.2100094373297 -36.0905783953727 -20.0263787433983 -49.4936248871518 -20.3197410002909 -8.9689701095682 -12.2030760578473 -24.5521453778412 -34.6635827581477 -22.6527143835298 -25.7068940058518 -29.039853442712 -33.9236492903138 -39.0274846524198 -55.4051544117243 -40.6463729151353 -32.2492591841133 -41.5197706388937 -49.136884635943 -242.901044266371 -352.660494009259 -133.071594889664 -184.264108933009 -104.258127214246 -13.0420737313818 -11.2085688759833 -38.0418267779971 -32.8466196058559 -32.577885482433 
-50.491325259223 -76.5104137175951 -55.9243972994486 -18.1602752165978 -14.0483120838114 -12.1260254054034 -9.25182258558553 -12.0776193238802 -26.7670914867391 -17.3591795409822 -72.663692976257 -48.3079190954356 -42.1242326246923 -56.3498997374061 -31.9932711254512 -26.3855495152731 -18.850313125964 -40.0393225493617 -20.3496551534232 -8.96852436042636 -13.1926309366846 -13.6444188770008 -33.7654262738406 -31.4345741669667 -41.5225522624266 -14.9300305073472 -11.6641350892532 -32.3644010250298 -27.1841494995789 -41.3620753705731 -18.5495461924237 -18.9009957679942 -22.0310316223375 -34.5120544258966 -37.3285918550747 -41.9032875763231 -47.7107731839624 -56.1045999079345 -64.0484340766798 -40.5738321117195 
-41.7596378330945 -193.47738982901 -113.301408117133 -13.0583551049742 -20.671789215012 -59.0598531420974 -20.001600498767 -24.5682036327913 -30.5352165059733 -18.817654088135 -25.1579113349911 -33.3517459038259 -42.5555798574351 -27.3681947937782 -35.484910788498 -19.4324495167724 -20.084081954832 -20.9636593105 -36.1130433318464 -21.2728012854149 -22.3412419379845 -25.5403576078304 -31.9060195760616 -39.8454885494839 -48.9449706269637 -20.2936377006246 -15.9077432895077 -13.0218490872193 -25.3396148800002 -49.7146914365297 -33.998240336085 -29.5995015485105 -24.4957414566611 -24.6819864422014 -21.317009892684 -22.6694628824475 -25.1947615462571 -42.3260166940823 -30.6989029444729 -38.7694145709375 
-26.5944239411157 -49.0265283496866 -89.3923946005815 -54.5170918407457 -242.400688412005 -131.331238804232 -101.297524608016 -77.134909257711 -30.2876018842177 -36.3576961183434 -40.4651901074769 -35.8426786036483 -40.4141321077281 -50.7859328423074 -17.45000090637 -17.8641068047933 -22.3282128087241 -17.0544751878223 -46.5199960107054 -23.6858453301665 -28.8678740886316 -20.1807907348757 -27.2144586329716 -80.9912179278348 -70.700504423092 -95.675403254673 -44.9397068652364 -43.9379391803265 -60.1975435568722 -31.1716593301069 -131.853202876877 -75.2247157523901 -17.6309211716277 -29.4294825812697 -31.7615107636675 -36.0935389587954 -30.0974544179965 -81.5080950654973 -57.4278820791247 -50.7270587987183 
-41.1490680248506 -11.6238899179915 -21.3184646670032 -26.1700789826783 -15.0961770844838 -11.0244588622253 -10.5350277932116 -10.5455967273834 -12.8261656780139 -15.8570829277198 -36.8407010300382 -30.849159704158 -43.711795016459 -24.3322954347941 -21.4865250119299 -34.3949304503059 -29.8391944972095 -14.0219755095479 -16.6936460610854 -11.2659506368163 -12.7696506489951 -16.6118744139716 -23.4618974777395 -11.3309632543644 -26.4147363965508 -11.1709961710055 -36.5148807569596 -23.3410096506666 -39.9635563294388 -29.9527065965636 -38.1741252720678 -37.3946941972207 -40.0019985203792 -41.7113418409276 -45.5278919586754 -50.4191164042375 -55.4327282141455 -61.9365626287522 -199.335519898381 -119.379538160011 
-23.6117677498261 -11.4099790372511 -22.8481890446726 -88.8011392239435 -38.5276440807174 -31.9858469303026 -20.2740351385256 -91.8471070135544 -31.9576620078393 -54.9489619019066 -68.2093100733893 -46.0975849986336 -6.9713306297473 -4.92578484767184 -7.71049952490546 -0.024617275727277 -0.256569073296108 -5.32026216644957 -2.74113480203888 -0.352562812894321 -5.40413316747417 -11.5808049142385 -9.3553391945473 -15.7354819980393 -3.65472096325453 -62.1041598260513 -8.99565095863334 -11.1956512914645 -18.2027521622868 -3.48806331267491 -19.7329203648676 -33.4000663296595 -38.0639718793952 -12.3015498514824 -16.6322647655757 -37.2621738620902 -36.2766390288929 -57.7696498495437 -9.28965707236904 -50.6256246256222 
-6.80230752229844 -36.4264173011469 -64.7269115464912 -91.9149347779412 -3.39555399170929 -1.08679894930853 -1.04411543262415 -1.22691120466925 -2.12332996320554e-08 -0.579504825644177 -0.976834838526972 -2.41109409967087 -92.1828311712001 -44.3003014291892 -43.0003009426873 -43.4060680789821 -41.2183779780493 -79.232803775914 -3.74016437859544 -52.5556895263853 -25.3497428383361 -23.761661358928 -9.77774345339362 -9.3116532052794 -15.8916368587225 -35.8923474201489 -14.563906909177 -41.0491850333288 -60.8631411043519 -46.4755077932363 -35.5305883475161 -1.71728146504743 -46.8280474162702 -120.260038253814 -1.89709661428701 -2.86938463935319 -6.25272716530745 -7.74895106227773 -8.38689507541484 -0.975751794104771 
-7.45673451186869 -4.29974352590075 -7.65878779536346 -24.229813515851 -17.7665470712632 -34.5319926796494 -0.132486938809327 -3.9061230343993e-08 -0.451567381020093 -1.53291769885898e-06 -37.7757805751337 -10.4468618302777 -4.90979883034274 -2.62260935217543 -29.4977923080661 -6.33215535518556 -14.5240361260789 -7.06160767421987 -1.89341977830436 -4.72374149767892 -2.14941993570649 -1.05858756251874 -0.677596406727658 -0.246595502640327 -3.57234311454634 2.56030577336785e-07 -3.39392859245498 -14.6767865931805 -17.9960784604771 -4.60836486024699 1.299512261985e-09 -0.555569858822266 -0.81296745485994 -2.37096071410037 -5.75871693593573 -3.9751376779246 -1.84071369542086e-07 -9.77350997026038 -10.3161610623963 -10.1431373210898 
-32.1761455528522 -5.09113455857466 5.26936225199474e-07 -3.44560807700267 -37.1446381507011 -57.8134946108757 -27.8747484525245 -12.6280559757949 -29.6208183188268 -12.3106548539523 -86.2698259695102 -11.9154637234263 -46.6504448124777 2.03847269505041e-07 -52.2647796941531 -42.5034843178394 -6.8810472530341 -8.15934015947073 -17.3081058049066 -13.9027682188744 -28.4824957116934 -17.7056777175543 -6.8922466129258 -7.67307407088133 -5.80869100895427 -6.66953278087246 -34.237988252992 -2.22863032639227 0.00022111134882052 -1.65573720712838 -26.4388738953793 -23.130367047052 -23.5687702591171 -23.7197814279043 -32.1593558379175 -30.7535187000785 -37.6619869380364 -3.06927395919284 -15.0991349983686 -52.8626816152635 
-14.8158666742354 -5.04018945301723 -23.3045547291625 -19.9200200206888 -24.6647545428943 -39.206309679739 -19.9687961926094 -86.2575073573199 -25.6758218045038 -21.577358054166 -22.7131993521929 -5.00885959397535 -39.5297042467769 -63.3199066589403 -11.4347519423246 -21.2412545935583 -17.0361251950448 -20.6061235481551 1.14334704188824e-06 -3.20954416142127 -63.0880639561735 -52.3586222884724 -14.2133754701878 -23.6147604504547 -6.81557279121205 -7.50949367940912 -3.7213407022256 -4.47850877056247 -7.59434520485635 -3.17160590119991 -3.46032167825261 -7.64788894487663 4.8107629675936e-06 -2.47268832913208 8.5010245978253e-08 -10.7100995127165 -28.8395535161558 -0.312275244820545 -0.36006155659074 -10.3315703435978 
-3.45263404614169 -3.76568227729877 -12.5996614898606 -3.75817958694739e-07 -1.15344341309257 -7.40954427532073 -3.74071248848797 -3.40095583914894 -22.4344747987416 -0.591911627143954 -1.98115611890542 -19.6648499566101 -20.3586890429285 -15.3259976690939 -2.22257817542615 -0.659157275500123 -0.565405027545989 1.32339672462692e-10 -119.446986749332 -5.28634716233338 -42.2772903366023 -89.6711940963024 -20.4921473045103 -93.1895677954891 -40.2925339800109 -30.218192491012 -28.7533067162806 -95.3841385809002 -107.8939448238 -3.51153286413378 -14.3344017361489 -24.7752737498507 -3.97608606511847 -3.78185383520612 -4.58643841146244 -2.04256268372823 -1.97508270335788 -0.516020589573645 -2.91695823425799 -5.05518347154735 
-90.8276832392681 -98.104918277004 -1.37669641465488 -2.10696283331374 -0.985603504759618 -0.823062476168776 -1.33661200655983 -0.14390531617134 -4.26807652303687 -5.97803698933932 -26.6029820410309 -48.8447257977187 -15.1605591017962 -20.9156257525013 -15.6884639593524 -59.1568908126758 -16.6784816882036 -7.78625439992826 -29.3382909001903 -21.9481512733406 -22.8805592415123 -2.05174758020162 -4.33089465383471 -4.11855407232441 -5.06436836802054 -12.0524819789847 -12.4313727814133 -28.4370291532564 -13.0206441051079 -14.4070202376776 -2.33062005109544 -1.37800714934351 -0.832247372642061 -0.532588731903585 -0.153097548042963 -3.65422077935362 -6.00042694956828 -21.7925398926044 -27.96768324261 -19.5993683727749 
-19.3100541075352 -37.6035987079957 -41.2639248013419 -32.6455327323994 -93.0574637404574 -289.20737484001 -199.393979879845 -95.2841681282048 -112.136046321346 -92.4429250671066 -97.7580764141165 -126.194735143949 -133.073164224822 -122.45582504595 -3.48068400716497 -15.2686366039755 -75.013833075646 -26.2967966100379 -22.8407727025367 -7.59746661692162 -12.2596534334314 -0.957572670932687 -196.942227888594 -9.76450051773547 -11.8034312039833 -11.4444458181695 -42.371209531203 -12.0141383031772 -11.7855720983651 -10.0927001926774 -9.20771823597047 -9.10845261168398 -13.1685365332528 -29.2114832454061 -49.1529991130684 -82.068339317797 -47.1930506596838 -16.1268365734311 -42.7131282210436 -5.4493439043761 
-79.3675412646648 -12.579718015522 -2.29548693660645 -2.41885597905787 -2.57055806009833 -1.80112471327195 -1.2171414807459 -2.06805907472233 -0.39163082912866 -28.9298402226554 -17.7590060688351 -65.3631412468136 -42.5231244824315 -21.4092434053689 -16.1044723697564 -25.833709441036 -17.8687981316946 -9.01197539806193 -9.79397169074108 -44.1980709414715 -53.3251684480104 -27.954092022595 -11.2992325298441 -15.6578444426593 -9.95080341119243 -7.8953349097703 -31.8735601463693 -46.5463226562999 -50.3400676231216 -41.7564194071833 -4.05273494850387 -33.4398820072829 -13.8159162929678 -30.1704228731111 -25.7788752375634 -6.92471376560859 -5.9214686924434 -24.3003882316749 -9.37063765457111 -16.6201268244571 
-5.78471632107888 -43.8749569574073 -16.0909855920898 -9.74843779714598 -11.8319445318069 -33.6903899361271 -39.7003293013426 1.76395393158185e-05 -20.8181399468099 -50.8502584279881 -32.2830755251917 -41.124232114992 0.0787309957270894 -19.5658081406868 -1.96847378432043 -37.86035008049 -37.702844310035 -79.9241570132544 -32.3490153838064 -3.35093288567326 -37.2161908681826 -5.38827531071749 -33.6121149982767 -21.4013009203268 -117.67552083402 -24.2070730077903 -24.6565245007212 -6.97862731261497 -10.3894459636908 -14.6267185578934 -7.94762129564189 -6.95155266585306 -4.25452611520978 0 -1.35766255223778 -0.499508001579118 -14.2696701320759 -63.534676268797 -4.24372074321145 -3.74948803316223 
-4.07023310603157 -12.965044759339 -7.30553166748904 -1.79142474553701 -0.951424357617353 -8.40212520484797 -45.6620194727449 -15.2787473505078 -35.7862529467109 -17.1006523997575 -41.1225987017387 -46.1421572940796 -35.9288921077023 -0.224364969208933 -1.28436523100801 -32.8074960067114 -2.25934569361235 -3.05934537990583 -31.8671502639111 -68.4870946422147 -3.64391928370494 -43.8918126692805 -4.47262654500481 -55.9480562201946 -14.0593283581358 -25.8603453857369 -9.28415915930482 -22.2224135889256 -29.4055678042732 -19.0058018868362 -47.6060539483976 -20.032874794176 -25.4041727232462 1.21932697370181e-06 -23.7877511528884 -8.79432296467037 -4.99572227888573 -4.90366141613557 -30.7321573377412 -34.7755152649188 
0.000356755794283946 -47.8146154768607 -39.1114046532292 -23.6120135489768 9.80815766975093e-09 -5.97999109794714 
<Y_w>
3.90017016493068e-05 5.9647272472298e-05 3.03750658555658e-05 0.000248548485289956 1.78291873427338e-12 9.33852637002991e-20 1.3768593397683e-26 1.02307535747342e-09 7.34712864108964e-17 1.90044622917865e-14 5.46180916535602e-07 1.43196038682785e-07 6.22159612230305e-11 0 4.69958641811432e-17 9.87855119657315e-05 6.07100829096347e-16 1.40036661318969e-21 7.24242085760591e-28 0 0 0 0 1.42275311479023e-21 2.02868933587998e-13 9.3421969244837e-11 2.5511286502257e-10 7.67864948543563e-11 2.2637967621349e-26 2.49529853263834e-24 2.50878692269508e-11 2.89350288682751e-08 1.06518747875742e-20 1.14174903094557e-24 0 0 6.59977684817012e-23 4.53860573069054e-18 0 2.77254165526483e-13 
1.69808836916075e-28 8.6592619112924e-10 0 0 0 8.71816703485711e-14 2.27765888997764e-17 4.06793242706212e-22 4.02467178012384e-28 0 0 0 2.63957817782814e-07 0.000473985677437502 0.0564966798291743 0 1.33699888367091e-20 1.27011757478677e-26 2.3977600753711e-10 1.36565737568715e-10 1.70857162514034e-17 3.0607926407147e-23 0 7.68654554068329e-25 1.14747955269398e-10 0 0 0 0 0 0 0 0 0 0 0 0 0 0 0 
0 0 0 0.000385794775277497 0 0 0 0 0 0 0 0 0 0 0 0 0 0 0 0 0 0 1.1812898733936e-12 8.88015270899408e-05 3.01499562152602e-05 0 7.16085225922066e-16 1.60817049853259e-25 0 2.26809188319451e-24 0 3.36607919030383e-05 4.01537659550873e-06 0.000125789061775259 2.73410305903356e-14 1.99784592628569e-10 2.21105039569666e-14 2.50018709694501e-09 3.43976307634707e-18 2.8617845450193e-16 
2.46129694332041e-09 6.17508012947298e-18 3.50619455732876e-17 0 1.36516181627159e-23 7.3192990726655e-05 7.11456946895672 6.8734558712945e-25 0.002285238163762 0.00388854281444551 36660.1317918414 0 0 0 3.81295658541251e-05 0.703826651589128 72.2688607843086 1.15318610880665e-13 6.5073328080032e-22 1.27520733308192e-10 0 300.690408972366 4.48963655260764e-05 0.597496702217889 3.23358066639356e-06 0.0399715649784321 0.00302848003972042 0.00477708796775218 175.559099823865 8.27524797044122e-09 1.1275350530652e-06 0.000158209863884932 6.11088508968833e-24 0 3.51861286570438e-18 2.20882036971199 1.28571967405429 8.66657686648043e-06 2.69199904215296e-07 5.80067295577541e-25 
3.92612318001191e-08 0 2.87808443720768 1.13466552415532 2.98875543841842e-19 1.82119419346629e-12 2.07238625499681e-14 1.75719741914632e-12 4.12423043110322e-11 1.15726758541857e-14 2.9312207805017e-11 1.0174173251196e-20 1.57244146774967e-15 1.78870677320348e-09 1.99474925646109e-08 1.97927976610834e-08 6.14793110571236e-08 5.44316749267509e-16 1.83020850757877e-23 4.5552681695957e-21 1.37962365845728e-08 4.98111145506057e-12 1.13722757921063e-14 3.55301850161472e-10 1.34797331101261e-16 6.7485080321703e-22 4.02989095433129e-27 3.52302134399539e-26 2.94826880637688e-12 3.11691177703055e-08 0 3.20526605627542e-23 0.000229918881799909 3.35936795126278e-11 0 4.12732851919612e-16 0.931368408525751 64950.7149917116 0 1.02353939895994e-05 
7.94968049243619e-11 1.12382345455715e-14 1.33202532074667e-07 1.95809233435137e-06 2.32867693422277e-06 3.48852948411182e-13 1.72079608650344e-20 1.30738935753154e-09 6.16013482770294e-18 2.24195379605491e-14 0 0 1.41804511473944e-06 8.63338158645246e-11 4.97475542633648e-06 0 1.17161661195073e-28 5.28259813283603e-17 0.000285995849938113 1.21825827182148e-06 9.17924823375654e-12 3.1573517831089e-06 1.52035491551096e-06 1.26874582518925e-07 1.85384762390258e-06 1.49640256870188e-15 1.89406498212615e-12 2.12382354863091e-16 5.1941068400577e-11 7.99688565796275e-08 1.4549219505106e-07 3.86435996649085e-11 8.34583257694995e-16 2.71962314264609e-17 0 2.54009489390975e-07 6.6663230926444e-29 8.01559633403427e-19 3.19474059981217e-16 1.15451816332306e-17 
2.82995128367371e-27 1.41570743097074e-11 8.15576972038132e-17 1.26229828206924e-18 3.61736166138175e-23 0 0 0 1.15439784830402e-23 0 0 0 1.02967693684934e-13 5.00476861682615e-13 5.01472106576917e-10 1.33732909263351e-06 9.90065612964354e-09 1.57693975350731e-25 0 2.21157287046741e-15 5.23741616741565e-14 1.26145417155349e-14 7.39617041312432e-16 7.59357539878969e-20 0 4.4191822481925e-18 0 5.40844382986963e-18 8.85054636383926e-29 0.000121742884744973 2.82303125148258e-14 7.5148442351927e-23 4.34804259478126e-27 0 0 2.53457314374664e-28 1.02739088835665e-24 1.2824821495792e-24 8.18540074650678e-20 1.23409981125401e-10 
2.04727471683203e-22 5.62327025202407e-22 7.57930739229865e-08 2.17923537238977e-07 1.10097153179134e-27 0 0 0 1.15729337408663e-26 0 0 0 0 4.20935196417704e-10 8.30241324517824e-07 1.16873401087312e-20 1.15210657201045e-15 2.59783485198229e-26 1.03915542904822e-25 0 0 0 7.32338262173027e-14 2.29610021550643e-20 2.05378955790167e-10 0 2.71483526642589e-06 6.17813656462222e-06 1.05809086737769e-11 1.08380177782274e-07 1.49441260046869e-12 2.4930442045818e-20 9.87286789339704e-17 2.35632278786412e-07 2.10060097091418e-08 6.59328657787928e-13 5.34703231685755e-07 0 9.85224252572567e-18 0.000215027246227815 
2.95854697210819e-06 0.0381287002986728 2.62649634111837e-20 6.583773308731e-23 4.30528144370115e-28 0 0 6.47302307353825e-11 8.50580170741498e-19 1.6946412959949e-05 0.00595681706122173 6.78165333400685e-19 4.54244226343938e-19 3.54269623325714e-19 1.2898258572287e-20 0 1.51656196503218e-11 2.13927861651061e-11 2.19774917932631e-12 0.0209365293615666 6.48603630208779e-11 1.60337953648892e-24 0 0 3.3684545038781e-13 4.97206820977466e-12 4.08937710244551e-21 0 0 0 0 0.000107611769423179 6.92481308167493e-09 2.83815969991498e-06 3.87558910232289e-08 1.81482719463942e-07 0 0 0.0072399620607856 6.65325629036994e-14 
1.06652163945948e-10 7.82178548230077e-16 0.00448575251461533 0 0 0 1.62901012278358e-27 5.58080282888677e-14 0 0 2.96674428266849e-15 0.00240164724983513 1.71067571782167e-12 5.07588912147041e-18 1.23621174848189e-10 2.56064211190363e-16 7.72332106716508e-25 0.137547996335602 6.10725756894313e-07 7.78124978379277e-12 0.0030820850048793 0 0 0 0 6.18767668248904e-08 3.96858305532626e-13 7.85545552314174e-19 1.70402351343545e-24 0 3.11987921070803e-05 1.40757612044077e-10 1.93972210940825e-19 0 0 0 22.206598884674 0.00230387439952178 8.44815547434551e-15 1.96578193413808e-09 
0 0 0 1.17739191428977e-12 3.65133513183512e-06 3.84233281298914e-09 1.1585247921279e-14 4.51777421808747e-21 7.13633714498618e-08 0 9.50831590863037e-25 0.00296328510952079 0.115728267344207 2.00463642053783e-13 7.91213245098848e-15 5.38547731876228e-09 7.28142214853033e-05 0 0 0 5.13131062769416e-25 7.30958770345897e-07 0 0 0 0 1.23998836966687e-24 3.6355925389914e-23 9.08859975613522e-22 0 0 0 0 3.17882032202078e-11 0 0 5.67684098748636e-27 0 0 0 
1.44211090044154e-25 0 3.33839395911985e-10 1.53773083494104e-09 0 0 5.06602637149238e-06 9.64341605587414e-12 1.00049899645539e-07 1.38570956236171e-12 2.25475518749403e-20 9.03599160979986e-17 3.72380215029176e-07 3.30154557297412e-08 1.03146640266603e-12 1.84776097594852e-05 0 9.01877719944537e-18 0.000203157169973601 0.000116245997442957 0 0 0 107.971591998902 4.19293817861982e-05 3.92303968108631e-09 0 0 0.000205897222436269 1.30947687285548e-11 6.0291889891967e-10 0.000512862372951155 2.93209181251234e-13 3.82039025505161e-11 6.35792665751433e-06 4.83045100942383e-15 7.91480197127318e-18 6.94366282331868e-16 3.79116933420432e-10 1.77504834246748e-19 
7.88825582423003e-18 1.02933335742856 1.31291474895692e-09 9.09337549784024e-06 0.00403282793375997 0.00380462105917863 9.8973383977654e-09 2.79249113421735e-05 1.06321586372e-10 1.04363847191202e-06 3.49529542729175e-07 4.68229513589758e-13 8.35025402794472e-11 0.00415713792076806 0.000154777066339337 6.64601925012338e-09 4.08364015695333e-13 4.10888922618483e-12 0 0.000230594807713867 1.84617380173872e-05 2.24508731750684e-23 3.5662360728634e-18 0 0 0 0 0 0 0 0 0 0 0 0 0 0 0 0 0 
0 0 2.00080184715192e-05 2.22830605651844e-15 4.43131119608228e-06 1.18299909787205e-05 0 0 27.5681106397353 2.04740548622325e-09 1.89158886604515e-05 1.25973932956882e-08 3.1870313649166e-09 0.000102475812556769 1.09021253103527e-11 4.45907875758034e-10 0.000127942664906293 1.50170203581218e-13 6.47104522756875e-12 0 2.04554595268597e-14 1.66763934859082e-08 7.6777229111209e-05 0.000110657962588497 8.37691254249215e-10 0 0 2.03783697568343e-19 2.81998952462428e-14 1.27954104000469e-10 3.24294373362546e-12 9.28704457964473e-11 0.000316390558383799 1.43357547628355e-06 1.37287501755707e-18 3.22407094938292e-23 6.26330018830551e-15 1.49581518690497e-19 1.34885547761582e-14 2.62251144064458e-09 
8.46802564040292e-12 0 2.98425041599035e-20 1.86279722244367e-10 2.35738486047897e-10 1.07771071589799e-23 0 0 0 0 1.81750181430269e-16 0 1.55816723312186e-10 7.56582739383381e-13 2.01747673097514e-24 0 1.53903310564473e-10 2.64554339808934e-12 4.32016168795414e-16 5.52740771601505e-29 0 0 0 8.13265350458012e-22 0 0 0 9.57406510721235e-10 3.5057412581406e-18 2.87607797688822e-27 3.03243108856697e-23 4.30375892440227e-27 3.07617705740282e-20 5.42255464152783e-24 5.05269737985559e-20 2.46115574605811e-07 7.40578149356557e-19 3.10423226271441e-27 3.3014213323203e-20 4.85796610620675e-24 
2.82922735981112e-14 3.10881170229479e-13 1.34645000539659e-18 8.02800033771671e-20 5.12254465158308e-18 6.15531164189437e-26 0 0 0 0 0 1.34606898389108e-12 0 0 0 5.82923834269895e-20 0 4.23172341422591e-25 0 1.37454521995122e-15 0 3.72470130508593e-22 2.88013037105274e-23 5.16878460838816e-19 2.14249825219946e-15 0 4.96673530424774e-16 8.42946309200149e-19 2.83608905153426e-21 0 0 0 2.99371681152621e-19 2.17183336343878e-14 8.21765197484924e-23 1.88682049421351e-10 2.05471249717278e-08 1.93015837879835e-18 9.95332178615041e-21 9.27372753230293e-13 
1.17989052209937e-12 2.48523394839695e-21 7.88931585238076e-18 4.57995057365215e-06 1.14985616360303e-07 0.000423105246355722 2.36416812391875e-05 0 9.16735268052746e-25 0 0 8.56239452989822e-23 0 0 0 0 1.64832003959176e-14 0 2.35779584883703e-17 0 0 0 7.49062326472515e-19 1.00970713138305e-15 0 0 0 1.45751425196363e-24 3.2294218066304e-15 0 1.95416130095547e-25 5.19050942692369e-26 1.02282191053866e-25 0 0 0 0 0 0 0 
3.68234546353754e-16 3.03027580102645e-23 0 0.0443004824132988 7.83398728223339e-21 6.89024939814024e-11 0 7.34848557554701e-21 1.30015736947063e-24 1.78180733571767e-27 0 6.25377258638301e-18 7.73041388298889e-12 4.50418737001941e-25 2.3380917651758e-14 2.13441743398427e-08 0.000242330318334523 9.3833026519155e-06 0 0 0 1.06095109199238e-08 5.20061178075443e-09 1.9574983765068e-15 0 8.05990124607268e-15 1.80711605553252e-11 6.40376565842598e-11 1.21310347670523e-11 1.45237580065056e-07 1.02172674607144e-06 2.36631910871698e-06 7.73559883398063e-06 2.45124550201301e-09 5.48545427276904e-07 1.11011732620778e-12 3.03254707306467e-28 1.39578353516454e-20 1.32277413167137e-18 1.64000640749529e-08 
7.45111227780979e-09 1.58820673627297e-10 4.50758433827393e-21 4.80888259403262e-25 0 0 1.21559971868882e-07 6.30218748040755e-07 0 7.47030359518852e-21 4.3169858651202e-05 0 0 1.08070618327694e-25 4.11065661977798e-23 1.98083813192416e-21 0 0 0 0 2.92928097885457e-23 3.00754975128851e-27 1.55760959161949e-28 0.000191446425590777 1.27801708712241e-27 0 8.80178446682601e-26 5.06629488993333e-24 2.98748948828191e-21 7.80630690120502e-20 6.27915203741086e-21 0 0 0 0 0 0 0 0 0 
0 0 0 0 0 2.91750861763293e-07 3.17999471841021e-28 2.27481684612995e-12 3.21926638232721e-16 4.6359699348648e-23 4.58809127935365e-27 3.15374016513086e-09 1.31289229763598e-10 2.93598806302675e-08 4.79019792406424e-08 1.65027756584835e-07 0 5.80773882691144e-25 0.000436020864826097 0 6.83026376347873e-06 3.3800488481656e-15 1.60945701464578e-19 4.65359182669955e-15 0 2.8895171231723e-23 0 1.41867568703956e-11 3.11872233292301e-10 9.68308068325893e-20 0 0 2.87022658409021e-19 0 0 0 6.59365622497586e-27 0 0 0 
2.84020417372867e-22 0 0 0 0 1.7951883814116e-08 9.37124246545914e-17 4.92041591828099e-12 1.14287743537754e-11 2.47996893012526e-10 1.15937188027454e-07 4.30152908879621e-22 0 0 0 0 0 0 1.84497616667823e-21 0 0 0 0 0 5.66815477517684e-22 0 8.4598264513802e-08 1.48599340870096e-25 7.83990397378096e-24 9.98994466589997e-11 9.71913285923717e-24 2.2753796310597e-16 0 0 0 9.06067636937417e-19 0 2.76697359637615e-05 1.16907634670351e-23 0.000207013982323513 
1.73680342712693e-10 2.12128484309628e-14 3.76829905462434e-09 1.65169382180164e-09 4.21870558075396e-17 1.4252138740341e-09 3.87529198602287e-12 1.63837604259278e-21 2.54158036590359e-18 2.06369419189319e-15 6.83192343707093e-09 7.52099721865722e-09 3.05381702623144e-11 1.47596675347067e-17 0 0 9.53907468499064e-15 4.77786000314234e-19 4.9766189002316e-26 3.98710477586214e-10 15.1722716032268 3.67393186179307e-11 1.05981004435528 5.87590885044516e-05 6.00496818868701e-06 9.85837210409715e-12 1.0080965031261e-07 1.07500246067287e-12 1.8211893974719e-20 9.19363364199422e-17 1.66082931217095e-07 1.48166020344313e-08 4.65345938626985e-13 2.65068904075055e-15 9.64212492955257e-24 5.50643694131482e-06 0 9.17420423809456e-18 0.000206613467010425 5.25476589248104e-16 
0 2.09421476263258e-24 0 0 7.61090942358131e-15 0 5.32512816462773e-14 0 1.77759004745879e-13 0 1.49806481439519e-12 0 0 1.5618946053817e-21 7.68919438306107e-28 0 0 0 5.00008760618154e-28 0 6.63056156855954e-27 3.95933472250478e-20 0 0 0 5.05984409770593e-09 2.46289355519483e-10 0.000138339242142353 3.47227989661392e-05 1.04459546533072e-06 0 3.43306131259588e-12 2.80020034184591e-11 9.58190842922371e-16 0 2.56137402108461e-27 8.0255538127436e-05 2.99240167487951e-14 3.74087000246594e-10 3.22555251388837e-14 
4.15185884890041e-09 4.21704431563953e-18 6.31206748832753e-16 3.26193790263071e-09 5.1063021020399e-17 5.16317257633527e-17 0 3.15365458851605e-23 6.96377478594746e-16 8.4338443590159e-09 4.21400558650892e-09 0 0 2.4513164227162e-15 0 1.02313540409957e-13 0.000135422832646785 1.66258447321631e-07 4.43746437931696e-16 8.38694070325211e-20 8.35909260200044e-17 3.94143764490788e-19 1.3159815055569e-23 0 0 0 0 1.48174552033059e-25 0 0 0 0 0 0 0 1.41694489619637e-07 1.58150862635552e-06 5.01201467202232e-24 1.25894663931602e-21 2.04135507222899e-23 
0 0 0 1.82484621945942e-11 3.73491360522078e-08 2.07811843789561e-07 0.000308907838248951 3.25620495925967e-06 5.61180125524465e-15 2.68772414257392e-11 0 0 0 0 1.86557411475481e-26 1.57502504310495e-20 4.81532734309117e-14 0 1.62365306217334e-15 8.96461086034224e-05 1.18570946871163e-08 2.33136923064562e-09 1.74102290689599e-25 3.88106868360204e-22 1.17354749184529e-26 6.59456031454804e-10 1.48591037450813e-05 1.911599058242e-26 2.93388674770705e-22 0 1.70864833601912e-12 1.87727376602529e-11 8.13365954756748e-17 6.31987440811952e-28 0 0 0 0 0 0 
0 0 0 3.00094748895568e-08 2.31635807879654e-15 0 4.20241303195448e-14 2.68530280680001e-15 8.8266824686142e-19 4.27871776570322e-14 3.9013174921037e-20 1.76994156740453e-27 0 4.48475191004907e-22 0 2.72823695632957e-14 8.58296006136847e-16 3.15803686312549e-16 0 7.94699390128355e-14 2.75206508586874e-16 1.05873682368282e-20 3.25820778801898e-27 0 0 7.39006300539528e-15 4.543970894774e-11 2.47947725730965e-08 9.32752839032908e-19 0 0 8.78293073717242e-25 1.25184605914256e-19 1.871157490634e-19 1.36596083414097e-16 1.15330358795694e-17 8.35544239629144e-20 0 9.3322066448784e-26 0 
7.93359794893776e-22 0 0 0 0 0 0 0 1.25014582883353e-25 0 0 0 0 0 9.19048465014083e-13 7.0637518622234e-13 1.71611572397072e-16 3.21858000719605e-12 0 9.94438750173155e-18 1.59838408964579e-19 2.01166121004165e-15 3.58263632003476e-22 0 0 0 0 0 0 2.10054712374549e-26 0 0 3.35347158694358e-13 1.31218256024735e-24 9.40124369082576e-26 1.05093773752628e-26 4.29779986306569e-25 0 0 0 
0 3.26457892394629e-07 9.69115315315829e-16 2.15541204246798e-21 8.61601405888179e-11 4.99327210669624e-07 3.40915855842482e-06 7.90880513235607e-06 3.36469690828743e-07 3.42998389751642e-12 0 3.96349803394418e-25 0 4.77624934029028e-20 4.51327183630306e-17 0 9.67451852137972e-23 1.07215024541251e-09 5.39399613698653e-12 4.61992477071964e-07 3.20097896000782e-08 3.54599184148698e-11 2.35063451364635e-18 2.54791245966654e-07 8.18207830768716e-21 1.42496476891655e-06 0 6.31289107817678e-19 0 8.15563097743246e-21 0 0 0 0 0 0 0 0 0 0 
1.63521269739019e-18 5.27800986416198e-07 2.96375623035226e-17 0 0 8.14173042716189e-27 2.88723499352427e-15 0 9.53734235693887e-26 0 0 0 0.00254921956886299 0.32434258778952 1.79552609114545e-05 897.647929996512 0 0 0 0 0 0 0 0 0 0 0 0 0 0 0 0 0 0 0 0 0 0 0 0 
0 0 0 0 0 0 0 0 86.0831650953845 0 0 0 0 0 0 0 0 0 0 0 0 0 0 0 0 0 0 0 0 0 0 0 0 0 0 0 0 0 0 0 
0 0 0 0 0 0 0 1714.01279680947 0 14.8150730976936 0 0 0 0 0 0 0 0 0 0 0 0 0 0 0 150.199256703719 0 0 0 0 11.5380400819816 0 0 0 0 0 1.32133152086234e-05 0 0 0 
0 0 108.484893899882 0 0 0 0 0 0 0 0 0 0 1.15329697654838e-05 0 0 0 0 0 0 0 0 0 0 0 0 0 0 6.62178330478025e-06 0 0 0 0 0 0 0 0 0 0 0 
0 0 0 0 0 0 0 0 0 0 0 0 0 0 0 0 0 0 6.28474581061124e-06 0 0 0 0 0 0 0 0 0 0 0 0 0 8.81309241613563e-06 0 4286.39638592891 0 0 0 0 0 
0 0 0 1280.34593572542 0 0 0 0 0 0 0 0 0 0 0 0 0 2089.52639338998 0 0 0 0 0 0 0 0 0 0 0 0 0 0 0 0 0 0 0 0 0 0 
0 0 0 0 0 0 0 0 0 0 0 0 0 0 0 0 0 0 0 0 0 0 0 0 0 0 0 0 0 0 0 0 0 0 0 0 0 0 0 0 
0 0 0 0 0 0 0 0 0 0 0 0 0 0 0 0 0 0 0 0 0 0 0 0 0 0 0 0 0 0 0 0 0 0 0 0 0 0 0 0 
0 0 0 0 0 0 0 0 0 0 0 0 0 0 0 0 0 0 0 0 0 0 0 0 0 0 0 0 0 0 0 0 0 0 0 0 0 0 0 0 
0 0 0 0 0 0 0 1.83186290838685e-05 0 0 0 0 4.7366487305346e-06 0 0 0 0 0 0 0 0 0 0 0 0 0 0 0 0 0 0 0 0 0.00411053075478732 0 0 0 0 0 0 
0 0 0 0 0 0 0 0 0 0 0 0 0 0 0 0 0 0 0 0 0 0 0 0 0 0 0 0 0 0 0 0 0 2.5691573190501e-05 0 0 0 0 0 0 
6.92126306262686e-06 0 0 0 9.80820636930232e-06 0 
<Fx>
-239.574625301282 -654.596089461848 -284.68299064887 -274.96409720217 -358.092350009641 -476.610074718 -595.127799426358 -292.718206281706 -659.922273215154 -433.068704329597 -304.072651644054 -488.980826679045 -738.387028056807 -268.832402237253 -525.592517526999 -8.8699050274096 -22.2206797474894 -80.4206312322912 -138.620582717093 -196.820534201895 -255.020485686697 -42.8610839148349 -53.1812859985077 -219.592076602696 -67.3290450950773 -112.437410442665 -157.545775790253 -202.654141137841 -140.738404455848 -424.814218581824 -42.2009487308393 -32.2108142391643 -63.1157563321681 -104.010832916847 -144.905909501526 -185.800986086204 -151.216732433033 -86.7187060902611 -97.0389081739339 -56.657653890467 
-308.238571973206 -34.5756538205473 -103.688817295692 -232.691374183242 -306.136840886636 -203.771210545994 -322.288935254353 -440.806659962712 -559.32438467107 -677.842109379429 -796.359834087788 -914.877558796146 -332.767263231538 -397.265289574309 -461.763315917081 -4712.96258006662 -536.538473777532 -869.30573700907 -268.269236888766 -451.284987939896 -569.802712648255 -505.304686305483 -775.806994997428 -489.789102771711 -644.147799993872 -316.317019211825 -711.059812922238 -908.431209777444 -513.688416067032 -731.338483372391 -1146.35994753296 -361.425384559413 -406.533749907001 -351.706491112713 -416.204517455484 -434.834743920184 -553.352468628543 -531.442525146568 -749.092592451927 -1181.86816569203 
-369.460600192249 -736.664667125697 -718.91055804616 -272.536590126788 -770.157131229175 -543.2370752205 -436.506403178455 -831.249196888868 -1028.62059374407 -633.877800033661 -445.313071897369 -509.81109824014 -380.815045554597 -565.502455863999 -501.004429521227 -565.723220589588 -815.12942196735 -1064.53562334511 -345.574796147796 -888.352803663259 -602.334911437542 -756.693608659703 -262.624704730688 -242.441565265903 -306.939591608675 -634.891659353314 -472.832564256553 -526.85226262214 -580.871960987727 -716.181867875814 -970.490462922164 -354.314839548195 -418.812865890966 -212.939630721898 -631.752496612864 -410.311027577104 -331.457355430256 -428.065136656641 -633.28727863577 -615.533169556233 
-277.43765706467 -597.779060476696 -498.957522947615 -1388.2300139749 -1175.29038325301 -58.1999514848019 -21.3498836230095 -10.3202020836728 -150.627479591971 -197.371396855206 -188.981955534689 -952.273035652291 -1270.25104387252 -698.79305377483 -607.794821425656 -386.353352389895 -604.003419695255 -863.534790342698 -1181.51279856293 -610.054808465237 -529.901226229214 -224.371427435576 -307.499680243048 -404.107461469432 -639.511637854328 -621.757528774791 -242.125536515113 -180.709744608725 -198.463853688261 -609.329603448561 -591.575494369024 -499.663763419599 -1513.26312752996 -1237.62570221351 -666.167712115816 -253.479981877461 -438.388156912452 -687.794358290214 -573.821385289487 -1510.9234426261 
-474.999847760406 -472.898116673836 -629.358544982567 -611.60443590303 -1560.18178584795 -1340.31466360049 -1151.3327080658 -1027.76484956193 -1216.74680509662 -838.782894027242 -62.2927462954489 -457.035540005861 -259.664143150655 -107.401111643037 -152.509476990625 -197.617842338213 -242.726207685801 -277.418252230192 -482.640394209321 -464.886285129784 -82.2730152787988 -92.2631497704737 -102.253284262149 -72.2828807871238 -191.288798980992 -255.786825323764 -320.284851666536 -189.083518933669 -126.790772638221 -64.5189061992621 -634.328530746883 -348.310638521166 -209.700176289455 -328.217900997814 -238.957953225426 -495.718068515172 -415.021464160565 -45.108365347588 -338.890232161166 -227.578773902233 
-622.321567612646 -819.692964467852 -424.950170757439 -272.687139249821 -317.795504597409 -346.096498610592 -464.61422331895 -442.704279836976 -647.926421816105 -630.172312736568 -681.418885919582 -454.498829910908 -356.574826587776 -421.072852930548 -292.076800245005 -256.836550838204 -799.614558353667 -513.59666612795 -667.955363350111 -43.1554439940072 -240.526840849213 -88.2638093415951 -133.372174689183 -178.480540036771 -223.588905384359 -161.673168702366 -258.28094992875 -445.748982828342 -63.1357129773571 -53.1455784856822 -172.151496679551 -236.649523022322 -301.147549365094 -150.808914330786 -430.613881347116 -107.653470336779 -274.665444368627 -329.173336219724 -100.540502761265 -113.891277481345 
-172.091228966147 -145.648868108853 -158.999642828933 -204.108008176521 -232.409002189704 -350.926726898062 -469.444451606421 -534.238925395217 -516.48481631568 -635.094624125814 -340.919270694525 -339.283718778877 -165.038529104037 -178.389303824117 -242.887330166888 -307.38535650966 -371.883382852432 -356.778607648233 -599.665937815122 -573.132097534529 -569.254779707638 -375.760700679323 -268.606034519293 -727.733004423532 -1148.0806523374 -709.978895343995 -1194.82456960064 -692.224786264459 -399.909169707062 -122.785912818605 -25.5417969678194 -38.8925716878992 -457.705437578866 -876.518303469832 -1295.3311693608 -433.635365398312 -236.263968543105 -300.761994885877 -231.517055325991 -70.6501623154074 
-84.0009370354871 -129.109302383075 -115.758527662995 -160.866893010583 -254.018077622642 -879.587867515643 -866.237092795563 -844.079649356569 -445.889444881691 -459.240219601771 -441.486110522234 -848.482983716026 -861.833758436106 -45.5220659511693 -35.5319314594944 -167.888624373443 -154.537849653363 -232.386650716214 -296.884677058986 -206.781196061342 -142.28316971857 -374.669820434784 -90.0398233105911 -103.390598030671 -63.299888331127 -324.910463913616 -35.3894719008873 -220.193630644701 -614.936424355113 -417.565027499907 -338.71135535306 -457.229080061418 -640.541278558573 -349.189683330244 -413.687709673016 -478.185736015788 -284.691656987473 -792.229415096134 -506.211522870418 -660.570220092579 
-118.517724708359 -44.7364054804221 -58.0871802005018 -476.900046091468 -895.712911982435 -120.008392702538 -106.657617982459 -439.479199190835 -650.201370766121 -242.107802335628 -89.84477082801 -103.19554554809 -148.303910895678 -193.412276243266 -238.520641590854 -399.006450895026 -222.472704786933 -157.974678444161 -93.4766521013891 -80.1258773813094 -163.254130188781 -176.60490490886 -295.122629617219 -1319.13012394212 -465.084053394294 -447.329944314757 -348.508406785676 -361.859181505755 -648.076945917789 -272.961208995711 -518.940121590537 -173.732458165966 -187.083232886045 -251.581259228817 -238.230484508737 -316.079285571589 -245.170413086547 -432.253645972592 -109.234431823194 -122.585206543274 
-319.95660339848 -442.9266099553 -36.9724308925604 -116.602734072443 -87.3449571364725 -630.122964651935 -616.772189931856 -330.754297706139 -344.105072426219 -268.557874636254 -498.46376964838 -8.80666871891376 -298.132922889761 -315.887031969297 -280.378813810224 -526.371299172236 -28.0743111632094 -215.125505934743 -450.529682319639 -468.283791399175 -432.775573240102 -376.427488853598 -358.673379774061 -714.523001345161 -696.768892265625 -70.8976900599606 -88.6517991394973 -106.405908219034 -124.160017298571 -141.914126378107 -53.143580980424 -136.271833787895 -254.789558496254 -142.165836141532 -124.411727061995 -278.985585774399 -9.48189815357221 -27.2360072331089 -346.190026043983 -328.435916964447 
-2088.61825135706 -2106.3723604366 -2070.86414227752 -284.914419536836 -267.160310457299 -420.347647913872 -438.101756993408 -740.689051325898 -402.593538834335 -14.5155697645952 3.23853931494146 -27.7442435712116 -9.99013449167495 -230.326534601859 -303.772001305253 -25.6425124846418 -7.88840340510516 -245.978912594826 -228.224803515289 -301.670270218684 -58.3959347022893 -14.0084137391683 -40.7099631793279 -238.081360034534 -394.077443300448 -85.8183285269158 -130.926693874504 -176.035059222092 -221.14342456968 -140.597461422987 -76.0994350802152 -255.835469114071 -443.303502013663 -60.6902321626778 -54.7183769184962 -119.216403261268 -169.706015864871 -234.204042207643 -105.2079895221 -302.579386377306 
-150.316354869688 -425.549392934126 -25.1820140036045 -42.9361230831411 -612.745747630761 -326.727855405045 -254.124216174187 -648.8670098846 -451.495613029394 -372.641940882546 -491.159665590905 -674.471864088059 -383.120268859731 -447.618295202503 -512.116321545274 -318.622242516959 -826.160000625621 -540.142108399904 -694.500805622065 -40.8950765846787 -108.491702609517 -149.386779194196 -261.231476694863 -104.497158798935 -301.868555654142 -139.886630699823 -224.505551501474 -211.154776781394 -319.622664733678 -524.844806712807 -507.090697633271 -168.995185141707 -489.336588553734 -390.515051024652 -120.803743773846 -239.321468482205 -541.151391687718 -523.397282608181 -185.301770116618 -505.643173528645 
-406.821635999563 -164.193284405658 -583.006150296624 -361.564681260864 -579.214748566223 -199.582756306545 -282.711009114017 -379.318790340401 -614.722966725297 -596.96885764576 -217.336865386082 -584.54093231953 -566.786823239993 -228.69131074843 -413.599485783421 -663.005687161183 -549.032714160456 -450.211176631375 -448.109445544805 -604.569873853536 -586.815764773999 -1290.73732134243 -1126.54403693677 -297.366641263221 -310.717415983301 -494.738038118427 -342.475006610809 -355.825781330889 -415.884365971579 -429.235140691659 -547.752865400018 -666.270590108377 -512.492147197964 -426.362693948764 -439.713468668844 -490.860720291536 -555.358746634308 -361.864667605993 -375.215442326072 -493.733167034431 
-583.384533488938 -581.282802402368 -310.68180788491 -39.8688612371411 -33.1444336969412 -50.8985427764778 -153.47458930528 -226.920056008675 -97.5826994874531 -516.39556537842 -294.954096342659 -132.97217138834 -216.100424195812 -312.708205422196 -517.930347401325 -500.176238321788 -162.080725830225 -482.422129242252 -383.60059171317 -2053.11003319799 -452.154706237173 -516.652732579945 -581.150758922717 -645.648785265489 -46.5057236791311 -87.7865320138221 -98.1067340974949 -441.248517389544 -243.877120534337 -461.527187839697 -876.548652000262 -91.614089026719 -81.8951955800184 -146.39322192279 -165.02344838749 -326.884537489355 -261.631229613874 -497.03540599877 -479.281296919233 -99.649304659555 
-55.9876218327033 -787.194775005029 -449.099262513466 -66.485992662481 -56.495858170806 -112.794591073013 -145.939024769955 -179.083458466896 -212.227892163837 -245.372325860778 -79.6501573760722 -273.425779687806 -175.501776364674 -239.999802707446 -157.509473701034 -444.015000087611 -111.003750021903 -295.911925056894 -545.318126434656 -769.440665925493 -105.021277551072 -134.279054487043 -75.7635006151017 -332.523615904848 -100.817815377933 -73.6617695285319 -330.421884818278 -486.882313127009 -228.000319928954 -241.351094649033 -622.743113639366 -820.114510494572 -1030.83668206986 -1228.20807892506 -425.37171678416 -723.714627455697 -273.108685276541 -286.459459996621 -318.217050624129 -276.740566549921 
-405.736619235464 -470.234645578236 -341.238592892692 -327.887818172613 -263.389791829841 -346.518044637312 -359.868819357392 -465.035769345671 -478.386544065751 -282.246171233712 -468.271150657708 -348.189703895583 -361.540478615663 -2268.84981697823 -756.283272326076 -742.932497605996 -953.654669181282 -940.303894461202 -558.911875470869 -545.561100750789 -1113.94643311485 -807.430523948767 -674.557153436333 -610.059127093561 -763.211168056149 -406.648843963251 -383.579175796471 -448.077202139242 -466.707428603942 -480.058203324022 -598.57592803238 -585.2251533123 -356.996372614497 -370.347147334577 -421.494398957269 -434.845173677348 -499.34320002012 -292.498346271725 -305.849120991805 -765.089941044989 
-696.714596875326 -419.087393955544 -401.333284876007 -444.327071830921 -453.808969984493 -508.825098173692 -518.306996327265 -1166.72755628433 -768.537351809455 -781.888126529535 -764.134017449998 -750.783242729918 -609.421180590446 -622.771955310526 -852.077009916869 -1407.11156756085 -412.687730238355 -490.536531301206 -477.185756581127 -555.034557643978 -619.53258398675 -426.038504958435 -847.002106651108 -597.595905273346 -377.447480831554 -933.576263067097 -647.55837084138 -634.2075961213 -788.566293343461 -801.917068063541 -490.757296026796 -740.163497404558 -989.569698782321 -299.866648520975 -329.124425456945 -270.608871585004 -813.386879100467 -800.036104380387 -514.01821215467 -527.36898687475 
-668.376909376831 -681.727684096911 -146.890933406789 -249.406201377763 -722.934942246362 -384.839429754798 -278.640968546361 -338.735660529676 -457.253385238035 -575.771109946393 -694.288834654752 -407.637021231905 -472.135047574676 -343.138994889133 -403.233686872448 -467.731713215219 -532.229739557991 -596.727765900763 -910.771444981109 -1196.78933720683 -624.753552755393 -14.89191779697 -41.5934672371295 -460.406333128096 -1298.03206491003 -436.336260947542 -238.964864092336 -284.073229439924 -303.462890435108 -86.7018325847175 -131.810197932305 -176.918563279893 -222.026928627481 -141.480965480789 -76.9829391380169 -256.718973171873 -846.7805449058 -461.941115151001 -444.187006071465 -61.5737362204794 
-170.589519922673 -235.087546265445 -147.684960817031 -382.772507082475 -424.365974319605 -765.545014164951 -106.091493579901 -43.8196271409428 -613.629251688563 -327.611359462846 -0.568980810225927 -27.2705302503855 -72.3788955979734 -117.487260945561 -162.595626293149 -207.703991640737 -93.5593976442678 -126.703831341209 -159.84826503815 -60.4149639473266 -156.266582935929 -220.764609278701 -91.7685565931572 -5.70890104568144 -32.410450485841 -59.1119999260005 20.9926483944781 -77.5188158334289 -122.627181181017 -167.735546528605 -212.843911876193 -329.762192011528 -512.95211194335 -739.872167952024 -286.032055934675 -188.108052611544 -252.606078954316 -317.104105297087 -446.100157982631 -123.610026268772 
-304.043487659124 -631.147784377434 -917.165676603151 -318.428342711558 -345.129892151717 -225.660635025094 -239.011409745174 -620.403428735506 -817.774825590713 -1028.496997166 -1225.86839402121 -423.0320318803 -629.876885628695 -721.374942551837 -640.682099185659 -270.769000372682 -284.119775092762 -274.400881646061 -261.050106925981 -467.894960674376 -325.548133268753 -403.396934331604 -338.898907988833 -344.178359733452 -357.529134453532 -462.696084441811 -476.046859161891 -658.436208265196 -278.804216005518 -646.008282938965 -677.113166738582 -465.931465753848 -345.850018991723 -359.200793711803 -2261.83076226665 -753.943587422216 -740.592812702136 -951.314984277422 -937.964209557342 -556.57219056701 
-543.22141584693 -404.309159059391 -449.417524406979 -477.718518420162 -596.236243128521 -354.656687710637 -368.007462430717 -419.154714053409 -432.505488773489 -497.00351511626 -290.158661367865 -303.509436087945 -1199.89608953955 -779.548441625675 -761.794332546138 -847.39764010915 -488.196846397347 -552.694872740118 -410.348045334495 -423.698820054575 -744.040223466602 -931.236578163237 -645.21868593752 -631.86791121744 -786.226608439601 -799.577383159681 -475.066836402856 -488.417611122936 -737.823812500699 -724.473037780619 -987.230013878461 -973.879239158382 -254.918411961064 -811.047194196607 -797.696419476527 -511.678527250811 -525.02930197089 -666.037224472972 -679.387999193051 -215.149904064174 
-412.52130091938 -333.667628772533 -430.275409998917 -279.647930406946 -501.167796289891 -18.9375748522978 7.7639745878617 -29.2577769359706 -231.51000037462 -212.572425522322 -286.017892225717 -16.8358437657281 9.86570567443149 -27.1560458494008 -210.470694435752 -283.916161139147 -6.97013809129657 -23.8059818570246 -40.6418256227527 -802.133660863114 -458.130698527414 -1432.49781610228 -440.376589447878 -422.622480368341 -250.82827529982 -645.571069010233 -448.199672155027 -369.346000008179 -487.863724716538 -671.175923213692 -379.824327985364 -444.322354328136 -508.820380670907 -630.652603285184 -1074.97495761332 -315.326301642592 -822.864059751254 -536.846167525537 -691.204864747698 -57.5575307441896 
-84.2590801843491 -115.757482228991 -173.957433713793 -232.157385198595 -102.665896091778 -129.367445531937 -147.774261439365 -174.475810879525 -192.882626786953 -264.692541574701 -237.990992134541 -309.800906922289 -354.909272269877 -176.075255452548 -294.592980160907 -413.110704869265 -795.365428434501 -898.252826571933 -862.74460841286 -1265.33814724719 -477.905178658061 -460.151069578525 -880.498717492396 -511.397642761539 -284.477586752864 -186.553583429733 -251.051609772505 -342.251185555436 -406.749211898208 -471.247238240979 -430.664697603656 -122.055557086961 -167.163922434549 -442.396960498988 -86.8153076801602 -343.575422969906 -214.071567321568 -632.884433212534 -411.442964176774 -332.589292029926 
-429.197073256311 -634.419215235439 -616.665106155903 -278.569593664339 -598.910997076366 -500.089459547284 -1390.49388717424 -1176.42231985268 -26.5261933933107 -366.24441765414 -430.742443996912 -265.41879485133 -310.527160198918 -266.90496132657 -577.581506965896 -302.237823438795 -215.616938062169 -280.114964404941 -288.269752967018 -1275.12673724305 -333.378118314606 -406.787477675376 -525.305202383735 -643.822927092094 -762.340651800452 -999.37610121717 -1128.96504879476 -708.617400880889 -726.371509960426 -1146.7191578743 -810.732706356743 -1071.96418305161 -549.50122966188 -742.109864984367 -515.189808975692 -417.265805652561 -546.261858338105 -705.535558619579 -770.03358496235 -1927.05532798133 
-1669.06322261024 -2632.59088660091 -2697.08891294368 -352.767779309789 -812.008599362974 -614.637202507767 -679.135228850539 -743.633255193311 -1142.25336673061 -1802.89360033897 -346.785306838959 -317.527529902988 -860.305537418451 -1146.32342964417 -574.287645192734 -179.953880617541 -240.048572600856 -488.903813920625 -244.451906960312 -369.044625286399 -433.542651629171 -304.546598943627 -250.04717799886 -1039.53276541969 -1236.90416227489 -640.912653882382 -732.410710805524 -295.155543346448 -285.436649899748 -699.869352485039 -414.432702585291 -478.930728928063 -349.93467624252 -368.564902707219 -487.082627415578 -605.600352123936 -724.118076832295 -842.635801540654 -961.153526249012 -670.394825912732 
-290.942254583539 -703.88729001621 -476.967234007535 -356.88578724541 -370.23656196549 -2294.93806702771 -764.979355675903 -962.350752531109 -948.999977811029 -567.607958820696 -686.125683529055 -804.643408237414 -923.161132945772 -1131.3385998145 -1570.51605225211 -785.258026126056 -415.344927313078 -460.453292660666 -775.862595831868 -470.124060209149 -405.626033866377 -488.754286673849 -607.272011382207 -725.789736090566 -844.307460798925 -379.043230684404 -443.541257027176 -508.039283369947 -314.545204341632 -966.502407745012 -668.369484855251 -650.615375775714 -803.012135205592 -423.380142945914 -379.718460119062 -389.200358272635 -398.682256426207 -1210.93185779323 -790.584209879362 -808.338318958898 
-772.830100799825 -1228.68596687277 -826.686168996068 -598.461365480779 -892.699515355215 -631.468038660353 -597.156617974165 -2286.24198367788 -869.469176616524 -804.971150273752 -1368.70179126756 -1433.19981761033 -1562.19587029587 -1932.43243226136 -499.232614651034 -563.730640993805 -628.228667336577 -434.734588308262 -1501.57516177999 -869.048964721015 -1118.45516609878 -619.642763343253 -755.075991720288 -2283.90229877402 -428.752115837431 -458.009892773402 -399.494338901461 -942.272346416924 -1228.29023864264 -656.254454191207 -938.068884243784 -654.152723104637 -810.613151413368 -748.859580754386 -998.265782132148 -1247.67198350991 -499.453379376623 -308.562731870802 -279.304954934831 -822.082962450294 
-536.065070224577 -74.8409967323903 -469.583790442803 -347.053390319987 -272.212393587597 -119.949362079978 -165.057727427566 -210.166092775154 -255.274458122742 -289.966502667133 -915.536292560134 -880.02807440106 -1282.6216132354 -495.188644646262 -477.434535566725 -897.782183480597 -862.273965321524 -94.8212657157402 -104.811400207415 -203.837049417934 -268.335075760705 -332.833102103477 -214.180019807552 -139.339023075162 -606.430588252269 -77.0671566362035 -646.876781183824 -360.858888958107 -262.812780435923 -1052.29836785675 -307.92114578351 -353.029511131099 -381.330505144281 -499.84822985264 -618.365954560998 -736.883679269357 -855.401403977716 -973.919128686074 -716.652892453272 -489.732836444597 
-391.808833121466 -520.804885807009 -649.800938492553 -1046.43044667885 -1368.92057839271 -2018.72151688527 -2083.21954322804 -1567.23533248586 -327.310806778694 -834.848564887356 -1120.86645711307 -548.830672661639 -12.0518809069454 -64.4980263427717 -17.7541090795367 -82.2521354223084 -21.3498836230095 -150.627479591971 -8.80666871891376 -82.2521354223084 -27.7442435712116 -25.6425124846418 -14.0084137391683 -39.8688612371411 -12.0518809069454 -146.890933406789 -433.068704329597 -433.068704329597 -1227.36785473585 -8.8699050274096 -80.4206312322912 -32.5408818311621 -241.812756350185 -67.3290450950773 -63.1157563321681 -91.1852767582138 -91.1852767582138 -451.501468997267 -36.6773849071171 -330.459251720696 
-34.5756538205473 -49.3767255968902 -254.912053930731 -328.357520634126 -547.774172881694 -397.265289574309 -397.265289574309 -397.265289574309 -315.013154152001 -315.013154152001 -315.013154152001 -1299.53129909191 -1224.74822898927 -509.81109824014 -509.81109824014 -578.186442409803 -619.312510120958 -501.004429521227 -8.89516207734842 -120.76843635964 -461.873272829464 -461.873272829464 -354.314839548195 -410.311027577104 -615.533169556233 -1408.49775167529 -498.957522947615 -423.41032515765 -496.855791861045 -2054.42711207041 -2216.60442669632 -3.73654618518201 -3018.63504883931 -5476.72380347698 -1837.89404138858 -2451.51856894466 -2118.78872486923 -3214.53173863934 -3222.75695218157 -1740.8875104456 
-2067.01380352825 -1911.13573499494 -3419.78675126544 -1169.05089122324 -697.599145627389 -1159.47241845685 -386.353352389895 -386.353352389895 -386.353352389895 -1725.99733661443 -529.901226229214 -426.017404951406 -1594.6017107116 -207.945751841834 -1289.90640052063 -591.575494369024 -2133.83055903846 -756.079765213641 -1834.88305252852 -1613.18412039018 -1823.20245658838 -1837.4798500114 -1922.93147351356 -1973.95574299521 -747.91803365076 -1803.47459458833 -499.663763419599 -678.604510397472 -887.414144905131 -317.978008220233 -520.64029233476 -602.892427757069 -685.144563179377 -1336.62472611366 -2144.53643228543 -2217.9457916462 -2163.92609328061 -474.999847760406 -516.12591547156 -639.504118605023 
-481.70478539275 -1949.82009730799 -529.352300480722 -660.229193775669 -2277.22584315013 -3642.38223781567 -2192.64675150912 -2150.45249915482 -570.909936388148 -259.664143150655 -2215.33821034474 -191.288798980992 -956.557098395943 -54.5287717075872 -1986.03236306627 -2394.96608395911 -16.4538945538477 -240.526840849213 -133.372174689183 -626.884987223033 -280.190893410724 -445.748982828342 -89.8993612572423 -172.151496679551 -172.151496679551 -172.151496679551 -899.145191491618 -35.3914694061455 -35.3914694061455 -54.3290442584433 -329.173336219724 -411.425471642032 -822.686148753574 -904.938284175883 -73.8389533211056 -190.757233456441 -249.216373524109 -368.014306752395 -220.729886727895 -294.175353431289 
-229.536555446809 -307.38535650966 -663.23497808076 -498.730707236143 -498.730707236143 -204.490631199105 -92.7765281734035 -1085.83623163984 -961.277518070553 -876.327122515988 -1083.49224309466 -12.1910222477396 -404.152592916548 -640.416561459654 -70.6501623154074 -97.8275111988739 -85.6364889511343 -167.888624373443 -43.3196193477771 -31.1285971000375 -1962.63218845872 -2207.06163850694 -1032.50145185502 -575.746804769777 -413.687709673016 -413.687709673016 -482.063053842679 -659.895234726179 -18.0348560402625 -1188.86551689642 -242.107802335628 -328.075255336747 -459.494629496052 -1085.48286324763 -347.886434934366 -753.38897273153 -1355.11419066167 -34.7180738875276 -35.1689452885341 -129.854867529979 
-32.6163428009578 -35.6281637596816 -121.4479431837 -897.497456205438 -256.406112190709 -256.406112190709 -173.732458165966 -251.581259228817 -1266.46769529116 -169.329123806509 -169.329123806509 -442.9266099553 -1561.90515932933 -607.430880799917 -36.9724308925604 -36.9724308925604 -55.9100057448582 -55.9100057448582 -994.342849975186 -51.7065435717186 -1968.47602225124 -4557.86345326362 -106.405908219034 -412.98912091966 -443.303502013663 -144.935107613672 -87.4538804425629 -700.463398321097 -891.80874904758 -32.9459885914662 -1100.36262291399 -609.677390299263 -447.618295202503 -515.993639372165 -638.963645928986 -1841.29614293932 -1896.4423287955 -1855.7754731817 -1860.02132120913 -1598.00381226235 
-1008.9271512331 -1347.58539884612 -1885.639692913 -1826.60455813912 -1843.48355863035 -1926.3335750643 -1982.56105868238 -1806.87669613907 -1652.05482174847 -1834.20827985511 -1056.4239740028 -1371.64330437702 -650.058259549725 -984.114831762038 -858.038368496319 -3662.39459987885 -1106.32955678615 -961.854227475539 -1082.67355215926 -915.471021182384 -1204.88827718337 -1833.67996729664 -361.564681260864 -578.951508421288 -1590.38763661967 -813.543229506918 -1142.55177119615 -2454.09872753401 -735.7820083817 -1147.04268549324 -1818.98838249644 -1830.04324867269 -1918.71739942163 -1963.29661440972 -1799.26052049639 -293.189337091201 -578.103756628037 -1262.25871272657 -3071.80569201735 -1591.2672544158 
-1920.27579610504 -868.176791375261 -2252.4371720211 -2332.3623512247 -494.738038118427 -1105.77714228276 -761.666583756307 -344.110558526456 -417.556025229851 -426.362693948764 -421.959359589307 -672.34160654359 -2221.10625803404 -2630.03997892688 -190.492423918281 -263.937890621675 -1157.24884028719 -930.516215739581 -1052.73094076369 -627.721359574197 -2128.69347069564 -1838.94522677341 -5108.82308613778 -2457.70201238488 -2033.71279794514 -2622.20628322949 -4619.47475596136 -1811.67087724035 -1689.4944590902 -1747.07095388582 -2057.53688124277 -1835.06704301285 -3013.31039076672 -4416.19116312637 -1219.90318952123 -731.460499521115 -1165.65586189707 -351.891294533803 -1988.17721612015 -1595.65289609644 
-3987.72507002432 -3020.22485007821 -1926.57079747693 -1814.44005088246 -1824.25364197321 -1839.33488304346 -1923.9826588984 -1976.6146236745 -1804.52577997316 -1035.68059606836 -931.026274216322 -1066.70332153817 -2847.64855923547 -977.200372450556 -851.123909184837 -1158.1224101179 -1099.41509747467 -954.939768164056 -622.044788048348 -517.875647091979 -1322.78366387724 -555.122913771831 -243.877120534337 -696.263865357033 -93.2496409423661 -175.501776364674 -460.41619590151 -421.4806889595 -2134.74961129457 -2214.67479049817 -334.838929175503 -558.911875470869 -412.687730238355 -572.788666723515 -1233.67630993841 -817.703072849057 -14.89191779697 -550.210657329829 -238.964864092336 -370.775062024641 
-151.199858927489 -382.512737931654 -444.187006071465 -88.3373845003646 -88.3373845003646 -894.459261220985 -1407.59399079763 -33.8294926492678 -327.611359462846 -2129.83735485257 -1387.60662679396 -2209.76253405617 -0.568980810225927 -74.0144475136205 -5.70890104568144 -152.599834452471 -318.428342711558 -713.399919799742 -1044.19848741384 -332.499244271644 -556.57219056701 -419.154714053409 -488.196846397347 -410.348045334495 -2176.28978233424 -1231.33662503455 -2022.06122840656 -610.500064779892 -412.52130091938 -501.167796289891 -18.9375748522978 -16.8358437657281 -1194.06680424909 -2595.77546163797 -293.626427682798 -293.626427682798 -1093.77074116526 -606.381449424896 -444.322354328136 -512.697698497798 
-690.529879381299 -30.85598130403 -104.301448007425 -177.746914710819 -177.746914710819 -411.442964176774 -554.990838016092 -616.665106155903 -1411.8935614743 -500.089459547284 -424.54226175732 -2137.81118409239 -2217.73636329599 -133.364802639861 -133.364802639861 -762.340651800452 -381.757587493488 -381.757587493488 -2404.16697792025 -139.901556457301 -286.792489864091 -929.748415388066 -343.535012525331 -2622.98472042555 -567.607958820696 -979.623917464948 -581.484750073342 -1101.83864248906 -665.061122910121 -866.399169610178 -2209.3970870953 -1292.09165698487 -1242.37239328824 -637.161440208128 -583.45818682509 -272.212393587597 -121.584913995625 -203.837049417934 -1155.93593542899 -1323.210391396 
-67.0770221445286 -1998.58061350321 -2243.01006355143 -1150.2519935269 -356.300614962393 -520.804885807009 
<Wx>
3.26753817372296e-12 2.72619022972628e-12 2.20104367214751e-12 9.1746065529203e-12 1.37835865595812e-19 6.7019424191912e-27 9.22022560643937e-34 3.76907848395375e-17 4.31275620732011e-24 1.29999423734047e-21 4.25693860443649e-14 8.64486172664044e-15 2.93575683180344e-18 0 2.76655574824539e-24 1.7416576263848e-11 1.07036119764909e-22 1.41831736855457e-28 5.14561122147173e-35 0 0 0 0 1.61176925269199e-28 2.69195674920025e-20 9.93818655030464e-18 2.26475236027636e-17 5.84875882667436e-18 3.39354098120345e-33 2.32800280461504e-31 2.74187434918149e-18 3.90438208948002e-15 8.62862152685697e-28 6.00361012999596e-32 0 0 8.84636627270803e-30 6.91209300815709e-25 0 1.67953316668531e-20 
1.58360175141045e-35 5.58795369515899e-17 0 0 0 6.14500240143465e-20 9.42070986588317e-24 1.19060679307557e-28 9.1145375101691e-35 0 0 0 8.23002454298692e-14 1.15563674284137e-10 1.13089087027101e-08 0 2.8901863972321e-27 1.62144400852313e-33 1.03664612413686e-16 3.24675070525834e-17 3.28243116058217e-24 7.10005022888479e-30 0 1.18807146588923e-31 1.78746602309801e-17 0 0 0 0 0 0 0 0 0 0 0 0 0 0 0 
0 0 0 1.74206336419727e-11 0 0 0 0 0 0 0 0 0 0 0 0 0 0 0 0 0 0 1.61719423611062e-19 1.34094754171671e-11 4.0111410303201e-12 0 1.68484497733296e-22 3.69280771661633e-32 0 3.83672544694654e-31 0 1.03534035655716e-11 9.686254294877e-13 1.74200713597872e-11 2.40543313659244e-21 1.92539755336061e-17 2.68987486347155e-21 2.39727797916919e-16 2.79187434622413e-25 2.3327942009172e-23 
3.0329528978891e-16 5.05547947208154e-25 2.85707955504043e-24 0 4.42006915726825e-31 1.74206336419727e-11 8.43395788041715e-06 5.02413006353049e-31 9.87531537723332e-10 1.23236474515268e-09 0.0173960626077574 0 0 0 6.09798017309631e-12 1.33737896555973e-07 5.99710735849511e-06 5.54962278081578e-21 2.6371704834778e-29 7.17299081502171e-18 0 1.74190247950821e-05 1.44530712188382e-11 1.12401649097679e-07 2.65993516608489e-13 3.30244787944935e-09 1.74903166948526e-10 4.12464930886412e-10 1.50891360012949e-05 1.14821141273143e-15 1.57607285239664e-13 1.50415543162148e-11 2.17891751258686e-31 0 1.95041331998269e-25 7.3587175782172e-07 1.90885232944215e-07 7.62651359449602e-13 3.79097014905211e-14 2.04151407118453e-32 
5.48463255532371e-15 0 4.04894782263563e-07 1.60826142076382e-07 1.07568847718165e-26 6.53240897473016e-20 8.04123652547758e-22 1.22222463684603e-19 2.50189562844564e-18 9.43194472005487e-22 4.95896559484827e-18 8.32471113546669e-28 1.73438008116707e-22 2.30054567139304e-16 2.06938566088473e-15 1.72058620475559e-15 4.59909099958233e-15 5.96884353635786e-23 1.66221689589758e-30 4.15715772244124e-28 1.46941604854583e-15 4.47623229905302e-19 8.83839789262824e-22 4.64450605627185e-17 1.75073625608452e-23 7.85283495240611e-29 4.2473651281098e-34 2.77050708884771e-33 4.33237089712101e-19 3.338620454226e-15 0 2.92398512256375e-30 1.7420631275707e-11 2.36624307515462e-18 0 2.26166069438932e-23 9.36685144007961e-08 0.0348412660498878 0 7.88080502080664e-13 
4.11933562366081e-18 5.00504714273107e-22 8.25135891579785e-15 1.31840835992324e-13 1.39307176731905e-13 2.49417168973505e-20 1.14829215625476e-27 8.07224809073578e-17 3.40575127571654e-25 1.24315060905635e-21 0 0 9.59677633218312e-14 5.50931341677904e-18 3.58359918313822e-13 0 5.07417310748489e-36 2.92846787879673e-24 1.58987285302573e-11 3.93135543934855e-13 1.46769914608822e-18 6.36176236246051e-13 2.22690723485121e-13 1.45977271668689e-14 1.75627226191129e-13 3.65172294677203e-22 3.00303317508339e-19 2.60735056176353e-23 7.89762297011662e-18 1.65299658397952e-14 2.97692086923206e-14 6.68389946852436e-18 1.25015249520222e-22 3.83482642923175e-24 0 6.36123948149628e-14 7.41148847076577e-36 9.83526733502163e-26 1.1684998226824e-22 4.22273492003048e-24 
4.08034742285855e-34 3.07880120561894e-18 1.77367110594614e-23 1.95328684103169e-25 9.69015717102298e-30 0 0 0 1.48365851825161e-30 0 0 0 2.83789698227453e-20 1.37936640575173e-19 1.10882198213984e-16 2.46884396189645e-13 1.56877374037396e-15 2.17310517869837e-32 0 2.22514381358448e-22 5.53262000982435e-21 1.85954795037512e-21 1.0053668247576e-22 7.22061682846618e-27 0 4.22341771457834e-25 0 5.19516954216512e-25 1.13686017440666e-35 1.74206336419727e-11 8.44871050211068e-21 2.24902729568633e-29 5.80760126663935e-34 0 0 2.6259356275235e-35 1.58139793578919e-31 1.73519846176161e-31 5.78902808884864e-27 2.37073192000938e-17 
3.93285816589666e-29 7.95398306040101e-29 1.07207514321788e-14 2.4392760661797e-14 1.68094358785042e-34 0 0 0 1.37102666844872e-33 0 0 0 0 6.17266051715342e-17 1.63421698923717e-13 2.27828342087907e-27 2.24587055538524e-22 4.31237089003501e-33 1.50201657547355e-32 0 0 0 1.7289940983441e-20 5.42091534318774e-27 1.73363675500229e-17 0 1.79140255944668e-13 7.73178458986253e-13 7.39857918016396e-19 9.7237529577444e-15 1.66238983828024e-19 2.49591017521178e-27 7.54214466483801e-24 2.40955386960362e-14 1.96808214866652e-15 5.69978954236749e-20 6.01816170069713e-14 0 7.55447615186003e-25 1.65514852290739e-11 
2.96158648217742e-12 1.29846625740613e-08 8.94448761019419e-27 9.29664716657084e-30 3.83464843571991e-35 0 0 7.00002520187659e-18 6.85813862853485e-26 2.78184368562798e-12 1.24084052487883e-09 1.41265884045622e-25 6.81555136034504e-26 4.15370195586071e-26 1.24102878866288e-27 0 7.62867435555464e-19 1.12679598445248e-18 1.21481372409006e-19 1.15727415314253e-09 1.64812001100002e-17 4.07423236047062e-31 0 0 4.19163384627708e-20 6.22821129815822e-19 5.08599596208326e-28 0 0 0 0 2.277519621669e-11 1.46558297056564e-15 5.0508150470765e-13 6.89703393184129e-15 2.78626871137092e-14 0 0 1.88998507316203e-09 1.73682610090309e-20 
1.52664503462815e-17 9.86336055742751e-23 9.70431620098151e-10 0 0 0 1.24938525440988e-34 6.98694918909485e-21 0 0 3.73773023910467e-22 2.2658165779642e-08 2.30843014440199e-19 6.80089897491652e-25 1.68019224005863e-17 5.6217836249363e-23 5.43480145099625e-31 4.287190717143e-08 6.07733665451021e-14 7.70250630234637e-19 3.08324547429877e-10 0 0 0 0 4.05462205963477e-15 2.59150853436083e-20 5.11196826323072e-26 1.10508867693729e-31 0 2.05149933314568e-12 1.33803690093128e-16 9.45770038022666e-26 0 0 0 2.33080918868278e-06 2.40477447172751e-10 9.9194014590189e-22 2.32257545317681e-16 
0 0 0 2.48700409470941e-19 7.80003107406556e-13 7.5344351374976e-16 2.2483868584277e-21 4.91108300735329e-28 1.41406051919889e-14 0 8.61055096788294e-32 1.65363396233207e-09 6.65492686621044e-08 4.70266799060964e-20 1.55017560150651e-21 1.26465751718832e-15 1.73142526944692e-11 0 0 0 3.0794994802548e-32 6.93014393190383e-14 0 0 0 0 8.68588267820023e-32 2.25252247454067e-30 5.04802074339071e-29 0 0 0 0 2.26645788846757e-18 0 0 4.60183419150112e-34 0 0 0 
1.08380721767833e-32 0 2.3983569145104e-17 1.10054080485072e-16 0 0 5.84157523407098e-13 6.43621067361971e-19 8.45893797789279e-15 1.43280038579169e-19 2.11311105934107e-27 6.56110415195369e-24 3.55974191488741e-14 2.90753569531604e-15 8.42055316665494e-20 1.9314668629348e-12 0 6.57182924528436e-25 1.48580444916948e-11 1.74206336419727e-11 0 0 0 5.25187754550062e-05 8.04598637797778e-12 2.27942306649577e-16 0 0 3.91126203029405e-11 1.83001250327644e-18 8.48874870981459e-17 1.73844393803715e-10 4.15925054430416e-20 5.37561286036482e-18 1.7420332567438e-11 3.54152842370047e-21 1.44835929024288e-24 1.28309055331459e-22 3.01070861924525e-16 3.31247759989569e-26 
1.45647329959464e-24 8.05421813737403e-07 2.42081402904799e-16 2.05112689233053e-12 3.59392228360206e-10 2.31525921485254e-10 4.34669726401618e-15 6.22441202904751e-12 9.38636389791649e-18 9.25683976100594e-14 2.12018479181144e-14 7.34166585204358e-20 1.32026008386623e-17 1.9137369245618e-09 2.62059152347978e-11 6.30889043412437e-16 6.5112106027472e-20 6.49212976620731e-19 0 3.67256299964762e-11 2.96533378513631e-12 8.56229865917877e-31 1.42977667517415e-25 0 0 0 0 0 0 0 0 0 0 0 0 0 0 0 0 0 
0 0 2.3788470672206e-12 1.51273442014633e-21 4.948376361451e-12 1.24722428160433e-11 0 0 2.28052475494293e-05 3.8238617880997e-16 4.33433128340834e-12 7.69839950983925e-16 1.44351752155468e-15 2.31992829707004e-11 1.72815200574264e-18 7.12819849044099e-17 6.08350981514559e-11 2.42110405533793e-20 1.03373387288468e-18 0 2.41726577625234e-21 1.78233494116733e-15 7.48991806768576e-12 9.92893323692847e-12 2.71429892532321e-16 0 0 2.1686229206448e-26 4.51807975820524e-21 9.82037288642395e-18 1.41165150095855e-19 1.87601705231036e-17 1.73450047916982e-11 7.49179430846729e-14 3.36061517493195e-25 3.0870736398076e-30 9.95033222716761e-22 1.13876208460205e-26 1.03104178396931e-21 1.43353510483781e-16 
6.71338975181659e-19 0 3.6693493281617e-27 2.83781797352239e-17 4.88556696463005e-17 2.20967688849931e-30 0 0 0 0 4.56461020316048e-23 0 3.19641803069589e-17 1.31146575626515e-19 2.85491109122774e-31 0 3.86645827104618e-17 3.42935785267192e-19 3.50020913238718e-23 4.51867684873842e-36 0 0 0 9.994361281365e-29 0 0 0 1.18387419263349e-16 2.81316033422298e-25 2.30789093859297e-34 1.61534669879965e-30 1.96267882605767e-34 1.22638283524814e-27 1.92025750283998e-31 3.23532431311692e-27 7.39060455512815e-15 5.16942540303848e-26 2.16683372710225e-34 2.03913404346048e-27 1.75906606651855e-31 
9.62150480968645e-22 1.0260272333982e-20 4.72256465638857e-26 2.81575628537425e-27 1.8548697693286e-25 4.57273219071673e-33 0 0 0 0 0 9.51658736884572e-20 0 0 0 2.84976540698616e-27 0 1.79230555184467e-32 0 7.94543947850213e-23 0 1.74463913100648e-29 1.50884479585992e-30 2.84091910850595e-26 8.89457776217315e-23 0 1.6951747030574e-23 2.7918129102091e-26 1.87281887346149e-28 0 0 0 2.1007882672513e-26 1.52404597214094e-21 5.42609029170124e-30 1.24586176162841e-17 1.28107601007019e-15 1.44514160493575e-25 7.45221717475554e-28 4.51031638092078e-20 
6.14708514178652e-20 8.45166801627908e-29 2.68780610088481e-25 1.85632615429993e-13 3.36219749671942e-15 1.65492832903612e-11 6.73671183487863e-13 0 4.76370970653981e-32 0 0 4.46163725954434e-30 0 0 0 0 1.09605169532682e-21 0 1.47982251683283e-24 0 0 0 3.20100940962342e-26 5.37861213122378e-23 0 0 0 7.59300901077487e-32 1.68679635976944e-22 0 1.14344539327128e-32 2.38992462342089e-33 3.88219561854025e-33 0 0 0 0 0 0 0 
2.10868240060489e-23 1.7352769624349e-30 0 9.57189546306147e-09 8.56534525951827e-28 1.37978809747589e-17 0 6.26135863363765e-28 1.0209146206046e-31 1.29735112100634e-34 0 4.93063566015596e-25 5.6934389876681e-19 3.82059015873146e-32 1.85114679854635e-21 1.5781553833428e-15 1.68062987870045e-11 6.12756128389334e-13 0 0 0 9.73797355716521e-16 4.77339816927513e-16 1.30149128098993e-22 0 4.68443953084487e-22 1.2861725646864e-18 4.02384886265796e-18 8.11733890230413e-19 1.1382989037829e-14 6.98694593220451e-14 1.43521518081217e-13 4.21518421724926e-13 9.09753985943165e-17 2.10575747369535e-14 7.87130998681399e-20 1.44486915145535e-35 8.72654630102893e-28 8.29757939187273e-26 1.14103586696248e-15 
5.87464916533579e-16 1.16971203478144e-17 1.98710013220677e-28 1.3261495983056e-32 0 0 1.03110904157596e-14 4.40098007832867e-14 0 4.68474655707402e-28 7.71472324568902e-12 0 0 1.15903939848599e-32 3.67405300047457e-30 1.51758911264433e-28 0 0 0 0 3.96691014720622e-30 3.63294470751618e-34 2.40000292401802e-35 1.74206336419727e-11 1.16292938843007e-34 0 8.00916821084636e-33 3.94146855789416e-31 2.02981824599938e-28 4.70764132628896e-27 3.40399986377165e-28 0 0 0 0 0 0 0 0 0 
0 0 0 0 0 2.27397294158738e-14 2.47856061173267e-35 1.18847064688461e-19 1.44387247246035e-23 1.82149840222185e-30 1.60384869758695e-34 1.97289323882583e-16 7.03280163602088e-18 8.72009622898965e-16 2.10343233500259e-15 1.12308129066362e-14 0 2.07531839158357e-32 1.55806269334083e-11 0 2.36512631955817e-13 1.13526090379707e-22 5.57309245638493e-27 3.36510138642916e-22 0 1.94869586926891e-30 0 6.2151083937649e-19 1.11232751887028e-17 5.40058100221188e-27 0 0 1.97775832056531e-26 0 0 0 3.16649128753631e-34 0 0 0 
1.60755279304967e-29 0 0 0 0 1.22802341486877e-15 6.41052788284382e-24 3.17184750248963e-19 7.36733032178394e-19 1.51152802196456e-17 8.44760787265067e-15 3.13425153854394e-29 0 0 0 0 0 0 1.19750917719212e-28 0 0 0 0 0 2.90475421117775e-29 0 4.84576412265034e-15 8.51172726504717e-33 3.5496568332565e-31 4.52312623544347e-18 3.63814148260303e-31 8.51737819033993e-24 0 0 0 5.06719995965411e-26 0 1.55178981835566e-12 6.5564802427855e-31 1.74202431381314e-11 
1.15487546778607e-17 1.64664019568423e-21 2.49690532659594e-16 1.29262904816905e-16 2.49118169232649e-24 8.45328135732807e-16 2.29852754709193e-18 5.36455261394006e-28 4.3108645107967e-25 4.90215810471831e-22 1.35258133762638e-15 1.811218136743e-15 7.35424920844803e-18 2.67359067321224e-24 0 0 1.14860733057722e-21 3.83537202178596e-26 2.99619257583198e-33 4.43190729618162e-17 3.00212479171878e-06 2.26584900861825e-18 2.11926107605156e-07 1.18756819321737e-11 7.59523758905829e-13 6.93424847814106e-19 9.11349563930484e-15 1.20716236393181e-19 1.83880967844493e-27 7.06880459369505e-24 1.71312386973943e-14 1.39924493253488e-15 4.05238711469926e-20 1.50599033822867e-22 3.42041003777076e-31 6.25696994569945e-13 0 7.08036139883376e-25 1.60077680542537e-11 8.41839001261849e-23 
0 2.00527682009856e-31 0 0 9.38900081909645e-22 0 5.34094445765567e-21 0 1.5020310380279e-20 0 1.0935765251254e-19 0 0 2.15702047579833e-28 9.3315969651608e-35 0 0 0 3.06088985643169e-35 0 5.84617755643142e-34 3.50734131055172e-27 0 0 0 6.30076657590177e-16 2.75961322051355e-17 1.40888841061335e-11 3.24109536417684e-12 8.99927757959186e-14 0 4.81072580560108e-19 3.11117674815238e-18 8.52808504985238e-23 0 2.26810085055246e-34 1.74194612944373e-11 3.41884355357324e-21 4.81910355842035e-17 5.75353709297099e-21 
5.31228352457119e-16 4.34436454768939e-25 6.53833795274772e-23 5.92918898479239e-16 5.31854648612549e-24 5.34586197334166e-24 0 1.11547561446974e-30 1.35139283813009e-22 8.35290552762073e-16 3.83399682143787e-16 0 0 2.87778311105245e-22 0 7.42634697384682e-21 1.74002542571261e-11 1.91606793360935e-14 3.63696641760471e-23 2.99771728248517e-27 5.94310515747433e-24 2.98594253339309e-26 9.26815945799248e-31 0 0 0 0 8.56465623045456e-33 0 0 0 0 0 0 0 1.01286185322279e-14 1.00234852720326e-13 1.91367495418309e-31 4.64817024355192e-29 3.42882626080606e-31 
0 0 0 1.39351647348874e-18 1.83983907044446e-15 1.21209354732913e-14 1.71243248862089e-11 1.71982216874426e-13 2.1821653699553e-22 8.99315988912482e-19 0 0 0 0 1.08136495303464e-33 6.25769252717238e-27 1.43390067486609e-20 0 4.75977254033863e-22 1.74181226073044e-11 1.96277947756816e-15 5.48240375675419e-16 1.39103406900925e-32 1.54393976538679e-29 4.14786819947402e-34 3.59295246853286e-17 4.45480289194301e-13 1.32932506010516e-33 1.06028119385037e-29 0 5.80002054561931e-20 6.1846811340281e-19 2.84741223426301e-24 4.67619017824776e-35 0 0 0 0 0 0 
0 0 0 2.11355881695371e-15 1.6314044343262e-22 0 2.04903269124084e-21 1.13473389601715e-22 3.72990925312164e-26 2.46556515546729e-21 2.12572537544708e-27 9.14611040271766e-35 0 1.30998173900862e-29 0 1.13008888621423e-21 5.34339679386527e-23 1.76161604417116e-23 0 2.62731286395878e-21 9.37564067841436e-24 6.96650784712107e-28 2.01167406644003e-34 0 0 5.16623356916649e-22 2.98968987944548e-18 1.5407121067999e-15 6.95550078201474e-26 0 0 4.07445005105702e-32 5.17403188400251e-27 6.36310641302902e-27 5.75723856941752e-24 3.46822832997429e-25 1.95308171870352e-27 0 4.83577921460823e-33 0 
4.12236666515031e-29 0 0 0 0 0 0 0 4.14152810587504e-33 0 0 0 0 0 5.7487002457771e-20 4.18435941475784e-20 9.65434520409553e-24 2.13252554275969e-19 0 4.23978783699678e-25 5.69162256036656e-27 1.0685130587027e-22 1.86670959514046e-29 0 0 0 0 0 0 1.09121723229682e-33 0 0 1.74665445142894e-20 6.02681654723176e-32 3.56099863952278e-33 3.38697895184281e-34 2.50685115289532e-32 0 0 0 
0 9.49609926933718e-14 9.94116183653892e-23 2.148757026603e-28 1.30681080398514e-17 9.41771474644711e-14 4.75728249434014e-13 8.75799978699983e-13 3.08841711924056e-14 5.16085185497258e-19 0 2.92915324250953e-32 0 5.59443136792531e-27 5.31942608574463e-24 0 7.17789560914736e-30 1.55029478896918e-16 6.23239730448773e-19 8.83972177235039e-14 5.22986181222119e-15 5.05498820329974e-18 3.02531732815138e-25 5.88151662310729e-14 7.9646262765206e-28 2.07636495625765e-13 0 7.43669778159954e-26 0 4.68226235126405e-28 0 0 0 0 0 0 0 0 0 0 
2.48314338821416e-25 6.30302996349251e-14 2.91642860419271e-24 0 0 2.49740144095785e-34 8.61988189876044e-23 0 1.67586518813308e-32 0 0 0 1.73059359375202e-09 3.62695194224658e-07 3.38795198484199e-10 0.947631677646207 0.553899431970865 4.78313086154487e-06 0.00181498008373319 0.444055409287285 3.94337800103435e-06 2.62534928194402e-12 4.41225684881405e-10 1.83870414451578e-16 0.000221451705403893 0 0 0 0 0 0 0 0 0 0 0 0 0 0 0 
0 0 0 0 0 0 0 0 1 0 0 0 0 0 0 0 0 0 0 0 0 0 0 0 0 0 0 0 0 0 0 0 0 0 0 0 0 0 0 0 
0 0 0 0 0 0 0 1 0 1 0 0 0 0 0 0 0 0 0 0 0 0 0 0 0 1 0 0 0 0 1 0 0 0 0 0 1 0 0 0 
0 0 1 0 0 0 0 0 0 0 0 0 0 1 0 0 0 0 0 0 0 0 0 0 0 0 0 0 1 0 0 0 0 0 0 0 0 0 0 0 
0 0 0 0 0 0 0 0 0 0 0 0 0 0 0 0 0 0 1 0 0 0 0 0 0 0 0 0 0 0 0 0 1 0 1 0 0 0 0 0 
0 0 0 1 0 0 0 0 0 0 0 0 0 0 0 0 0 1 0 0 0 0 0 0 0 0 0 0 0 0 0 0 0 0 0 0 0 0 0 0 
0 0 0 0 0 0 0 0 0 0 0 0 0 0 0 0 0 0 0 0 0 0 0 0 0 0 0 0 0 0 0 0 0 0 0 0 0 0 0 0 
0 0 0 0 0 0 0 0 0 0 0 0 0 0 0 0 0 0 0 0 0 0 0 0 0 0 0 0 0 0 0 0 0 0 0 0 0 0 0 0 
0 0 0 0 0 0 0 0 0 0 0 0 0 0 0 0 0 0 0 0 0 0 0 0 0 0 0 0 0 0 0 0 0 0 0 0 0 0 0 0 
0 0 0 0 0 0 0 1 0 0 0 0 1 0 0 0 0 0 0 0 0 0 0 0 0 0 0 0 0 0 0 0 0 1 0 0 0 0 0 0 
0 0 0 0 0 0 0 0 0 0 0 0 0 0 0 0 0 0 0 0 0 0 0 0 0 0 0 0 0 0 0 0 0 1 0 0 0 0 0 0 
1 0 0 0 1 0 
<VL>
-26.4469842666273 -26.6281160016237 -26.842089471624 -25.4145816054229 -43.4282233553317 -60.2674001131469 -76.0664936552834 -37.8171160432822 -53.8004650408713 -48.0919271212323 -30.7876410374353 -32.3818112705083 -40.3695663895258 -54.7552246294886 -54.244439097522 -24.7735987043577 -50.5888758864621 -64.1229113865526 -78.9523340934418 -54.7552246294886 -54.7552246294886 -54.7552246294886 -54.7552246294886 -63.9950501134862 -45.0614335146464 -39.1501471094756 -38.3264811611524 -39.68030220154 -74.7634341553324 -70.5351271482154 -40.4378899183171 -33.1766768598682 -62.317297841872 -71.8903619991906 -54.7552246294886 -54.7552246294886 -66.8975460057714 -55.6313548373987 -54.7552246294886 -45.5331859820537 
-80.1307764125747 -37.4233334260167 -54.7552246294886 -54.7552246294886 -54.7552246294886 -44.2360627260681 -53.0191317887956 -64.2979195165223 -78.3806075873702 -54.7552246294886 -54.7552246294886 -54.7552246294886 -30.1284023050952 -22.8811994453692 -18.2976750410662 -54.7552246294886 -61.1084765134826 -75.5019909533017 -36.8053708665232 -37.966291867671 -54.0734578765251 -67.1174509313083 -54.7552246294886 -71.2078065072119 -38.5631475935505 -54.7552246294886 -54.7552246294886 -54.7552246294886 -54.7552246294886 -54.7552246294886 -54.7552246294886 -54.7552246294886 -54.7552246294886 -54.7552246294886 -54.7552246294886 -54.7552246294886 -54.7552246294886 -54.7552246294886 -54.7552246294886 -54.7552246294886 
-54.7552246294886 -54.7552246294886 -54.7552246294886 -24.77336577077 -54.7552246294886 -54.7552246294886 -54.7552246294886 -54.7552246294886 -54.7552246294886 -54.7552246294886 -54.7552246294886 -54.7552246294886 -54.7552246294886 -54.7552246294886 -54.7552246294886 -54.7552246294886 -54.7552246294886 -54.7552246294886 -54.7552246294886 -54.7552246294886 -54.7552246294886 -54.7552246294886 -43.2684240722254 -25.0350595381796 -26.2419453688712 -54.7552246294886 -50.1351984878799 -72.3763359082818 -54.7552246294886 -70.0355186282034 -54.7552246294886 -25.2937058033603 -27.6628984114273 -24.7733980480839 -47.4765569671578 -38.4888141132553 -47.3647922794988 -35.9670275695606 -56.5379141458978 -52.1123903619233 
-35.7318247891939 -55.9441546258221 -54.2122422633397 -54.7552246294886 -69.8939825404074 -24.77336577077 -11.6832443966745 -69.765885565543 -20.7358126827282 -20.5143309562748 -4.05151138527889 -54.7552246294886 -54.7552246294886 -54.7552246294886 -25.8230635187459 -15.8273839483045 -12.0242333119046 -46.6405569948471 -65.8052611410045 -39.4762089772426 -54.7552246294886 -10.9579475700196 -24.9601141828577 -16.0011872279069 -28.9553044600783 -19.5286018618067 -22.4667886268722 -21.6088699298008 -11.1015355431991 -34.4005709565366 -29.4786699924153 -24.9202044572536 -70.6013096831974 -54.7552246294886 -56.8965860157701 -14.1222099754895 -15.4715934641349 -27.9019754019323 -30.9035693395754 -72.9690312514843 
-32.8368262942527 -54.7552246294886 -14.719638600473 -15.6429419183136 -59.7942515173723 -44.1749260757819 -48.5722891778024 -43.5484440958254 -40.5294829779678 -48.4127697435444 -39.8453345043312 -62.3531542670112 -50.1062219982387 -36.0082151446768 -33.8115246138632 -33.9961113454318 -33.0129177197293 -51.1729039427261 -68.5694005989561 -63.0475510028726 -34.1539113189303 -42.2503350789785 -48.4777664195099 -37.6082615530878 -52.3994207216419 -64.7140930897946 -76.8415943409785 -74.9662777007926 -42.2830018234258 -33.3332187109025 -54.7552246294886 -68.0046053359893 -24.7733659066013 -40.5852281768619 -54.7552246294886 -52.143357774901 -16.1835037297765 -3.35695278868311 -54.7552246294886 -27.8691761502699 
-40.0308397799276 -49.0464252140191 -32.4283984910621 -29.6571809878084 -29.6020949954814 -45.1377451738798 -62.0315217538082 -37.0555145635904 -56.3391617706099 -48.136637981913 -54.7552246294886 -54.7552246294886 -29.9747640585668 -39.7400916652472 -28.6572385551258 -54.7552246294886 -81.2688997706188 -54.1875628538528 -24.8647819765504 -28.5646219469957 -41.0628357060606 -28.0833007689402 -29.1329924762742 -31.8579105518169 -29.3704126790816 -49.361672949439 -42.6494939306329 -52.0011225435374 -39.3799698495549 -31.7336015496379 -31.1453018009443 -39.5468301038885 -50.4336065058339 -53.9179180577149 -54.7552246294886 -30.3859680565249 -80.8900320554022 -57.5812377843683 -50.5011513226203 -53.8215592284105 
-76.8817110243453 -40.3219913716276 -52.3864056690374 -56.8951138117332 -66.8064421441304 -54.7552246294886 -54.7552246294886 -54.7552246294886 -68.6830417805502 -54.7552246294886 -54.7552246294886 -54.7552246294886 -45.0086385812119 -43.4274924994154 -36.7380633134856 -29.0298561994646 -34.0884821378211 -72.9065658731762 -54.7552246294886 -49.8570504970207 -46.6436254683778 -47.733953532121 -50.6515195711954 -60.1928571282781 -54.7552246294886 -56.1239826396119 -54.7552246294886 -55.9168980651895 -80.4622080252402 -24.77336577077 -46.2202731264515 -65.9644698871135 -76.5287255390699 -54.7552246294886 -54.7552246294886 -79.6250409927212 -70.9218286574675 -70.8290160887758 -60.4138330936469 -38.2807478464208 
-65.4056012666019 -64.7012948797397 -32.1665951454393 -31.3444900008226 -77.7685378666192 -54.7552246294886 -54.7552246294886 -54.7552246294886 -75.66974821659 -54.7552246294886 -54.7552246294886 -54.7552246294886 -54.7552246294886 -37.3238166337906 -29.4424424249507 -61.3463752370129 -49.8477788246129 -74.5238202254368 -73.2759143869268 -54.7552246294886 -54.7552246294886 -54.7552246294886 -45.5041620665204 -60.4795328271398 -38.5937252083363 -54.7552246294886 -29.3506073431236 -27.8882665075271 -41.7478287877922 -32.2642047441945 -43.240860538223 -61.2551440484749 -53.2415356519747 -31.3567496878973 -33.8617168549432 -44.3112726081137 -30.4414094545621 -54.7552246294886 -55.5424870694709 -24.824545276194 
-26.5452960174666 -18.1594969779944 -59.9787600777781 -66.8478989743886 -79.2464004967378 -54.7552246294886 -54.7552246294886 -39.5006179245759 -57.9417763498742 -26.6079072117744 -20.5074768443168 -57.2191536937148 -57.9480054520301 -58.4432124436748 -61.9538568069302 -54.7552246294886 -41.7172026777659 -41.3271534805528 -43.5545260153542 -20.5771984650813 -38.6443113298542 -69.9754555316665 -54.7552246294886 -54.7552246294886 -44.6186112625079 -41.9200275863618 -62.8458917307615 -54.7552246294886 -54.7552246294886 -54.7552246294886 -54.7552246294886 -24.5053490573777 -34.1565232994689 -28.3140565831975 -32.6076849406764 -31.2114879806103 -54.7552246294886 -54.7552246294886 -20.0866969057039 -45.4996424922549 
-38.7208740409987 -50.6706302009916 -20.7532801742272 -54.7552246294886 -54.7552246294886 -54.7552246294886 -78.065241527927 -46.4102429455373 -54.7552246294886 -54.7552246294886 -49.3383935066135 -17.6027455299166 -42.9125490645479 -55.6475725192134 -38.6250383654237 -51.2328081543239 -69.687314894465 -16.9650490700056 -30.4316247521556 -41.7075709971776 -21.8998681623122 -54.7552246294886 -54.7552246294886 -54.7552246294886 -54.7552246294886 -33.1389189152296 -45.099461708026 -58.2356279090774 -71.2802123004436 -54.7552246294886 -26.9124502080854 -36.5501579474076 -57.6203831531032 -54.7552246294886 -54.7552246294886 -54.7552246294886 -12.9692950593982 -22.1483948055293 -48.362379463185 -35.9986848088141 
-54.7552246294886 -54.7552246294886 -54.7552246294886 -42.8380379556217 -27.8794784913804 -34.8218776237992 -47.5440739456014 -62.8808881145868 -31.8897259353589 -54.7552246294886 -71.5297346677932 -20.2202905693514 -16.5253232814654 -44.503571854645 -47.9159187370663 -34.3039750467877 -24.7794910984356 -54.7552246294886 -54.7552246294886 -54.7552246294886 -72.5579558984404 -30.300310719536 -54.7552246294886 -54.7552246294886 -54.7552246294886 -54.7552246294886 -71.5210239487878 -68.2655021017723 -65.1559714623673 -54.7552246294886 -54.7552246294886 -54.7552246294886 -54.7552246294886 -40.6283134626501 -54.7552246294886 -54.7552246294886 -76.7614382004942 -54.7552246294886 -54.7552246294886 -54.7552246294886 
-73.6022429320782 -54.7552246294886 -38.2691626969575 -36.7455597881428 -54.7552246294886 -54.7552246294886 -28.1686057165921 -41.887176804666 -32.4035527637007 -43.3894859258654 -61.4216362135576 -53.380883327218 -30.9665032554988 -33.4714705125965 -43.9210263370322 -26.9727413690816 -54.7552246294886 -55.6818351071676 -24.9324796807429 -24.77336577077 -54.7552246294886 -54.7552246294886 -54.7552246294886 -9.85433982458584 -25.5458477354203 -36.0174391179693 -54.7552246294886 -54.7552246294886 -23.96457593112 -40.8422088746713 -37.0052049754406 -22.4728605053129 -44.6263669594573 -39.764659085846 -24.7733830535591 -47.0897285608025 -54.8916108400516 -50.4076003833695 -35.7391860151751 -58.6695159888514 
-54.886024266503 -14.0318997045435 -35.9572576286581 -26.912631770234 -21.7466067657411 -22.1863292768121 -33.0693600878375 -25.8025421312038 -39.2072736869849 -30.0108285900164 -31.4846880510827 -44.0581360876857 -38.866117830477 -20.0742080013448 -24.3650359583237 -34.9994016692663 -44.1781764604655 -41.878526128801 -54.7552246294886 -24.0275462395848 -26.5440315147268 -69.23276919376 -57.2071090639822 -54.7552246294886 -54.7552246294886 -54.7552246294886 -54.7552246294886 -54.7552246294886 -54.7552246294886 -54.7552246294886 -54.7552246294886 -54.7552246294886 -54.7552246294886 -54.7552246294886 -54.7552246294886 -54.7552246294886 -54.7552246294886 -54.7552246294886 -54.7552246294886 -54.7552246294886 
-54.7552246294886 -54.7552246294886 -26.7644051711547 -47.9403680654351 -26.0319616009419 -25.1075155154688 -54.7552246294886 -54.7552246294886 -10.6885198928089 -35.5001006366481 -26.1644537774781 -34.8003490365152 -34.1716935366199 -24.4868997441692 -40.8994790410935 -37.1798880445353 -23.522854221286 -45.1674782025356 -41.413354307254 -54.7552246294886 -47.4716498959857 -33.9608521255176 -25.617463257353 -25.3355680719476 -35.8428277905811 -54.7552246294886 -54.7552246294886 -59.0931200505171 -46.8461998815531 -39.1620725801064 -43.4043564706313 -38.5147956406384 -24.7777165592487 -30.2223829725345 -56.3525032798572 -67.9503291897729 -48.3592661055908 -59.7372706361452 -48.3237172210481 -36.4812179929635 
-41.845012764355 -54.7552246294886 -60.8697831592702 -38.1009111432164 -37.5576612397784 -68.2847064892796 -54.7552246294886 -54.7552246294886 -54.7552246294886 -54.7552246294886 -51.4411240165976 -54.7552246294886 -37.981915763458 -43.4779713572612 -70.3310971816187 -54.7552246294886 -37.7916076683261 -42.5167437382004 -51.7066344200421 -81.384844129376 -54.7552246294886 -54.7552246294886 -54.7552246294886 -64.4729466347323 -54.7552246294886 -54.7552246294886 -54.7552246294886 -36.6725692133102 -56.5303187993769 -77.4515590679108 -68.5980031820066 -77.6135828737164 -61.9657284584086 -70.727678589706 -60.9956683365613 -32.5385668561074 -58.2244508761129 -77.5146261717201 -61.4572722816036 -70.8153548586303 
-48.3928713683012 -46.0260075702115 -58.3148604064096 -61.1345666226758 -56.9468128364699 -74.4651971889921 -54.7552246294886 -54.7552246294886 -54.7552246294886 -54.7552246294886 -54.7552246294886 -43.7986655450023 -54.7552246294886 -54.7552246294886 -54.7552246294886 -61.1225608332848 -54.7552246294886 -73.0992201669498 -54.7552246294886 -50.8868590253001 -54.7552246294886 -66.2184199642748 -68.6662084676382 -58.8230847882733 -50.7740152879924 -54.7552246294886 -52.4316713336916 -58.8405212444277 -63.8449378890189 -54.7552246294886 -54.7552246294886 -54.7552246294886 -59.12489977819 -47.9329183306187 -67.3863339351589 -38.924119112412 -34.2910760372457 -57.1964200115928 -62.4638710083684 -44.5453345578466 
-44.2357238511025 -64.6406038765625 -56.5759020398796 -29.3150068603098 -33.3261816178306 -24.8246783207616 -28.0260342613666 -54.7552246294886 -72.1216962609883 -54.7552246294886 -54.7552246294886 -67.582036992601 -54.7552246294886 -54.7552246294886 -54.7552246294886 -54.7552246294886 -48.2625725981925 -54.7552246294886 -54.8701200723311 -54.7552246294886 -54.7552246294886 -54.7552246294886 -58.7037462172731 -51.2770267661429 -54.7552246294886 -54.7552246294886 -54.7552246294886 -71.6554950188578 -50.1340409610499 -54.7552246294886 -73.548676996495 -75.1140462416751 -74.6289071941516 -54.7552246294886 -54.7552246294886 -54.7552246294886 -54.7552246294886 -54.7552246294886 -54.7552246294886 -54.7552246294886 
-52.2133938411177 -68.5263857566352 -54.7552246294886 -18.4644345880776 -62.3246581623596 -38.8220166460738 -54.7552246294886 -62.6379854081423 -71.3594389704355 -78.0275685752855 -54.7552246294886 -55.9691594079569 -42.0098023098138 -72.3423180733091 -47.7384816147317 -34.0825197088032 -24.8092673719893 -28.1208093711011 -54.7552246294886 -54.7552246294886 -54.7552246294886 -34.5653284455756 -35.2783030321839 -50.3933612996399 -54.7552246294886 -49.112625767891 -41.1948608699207 -40.0542928007824 -41.6551143878168 -32.1066563435981 -30.2921477607183 -29.5722914191672 -28.4949129132639 -36.9359425490432 -31.4915160545251 -43.9884773580869 -80.2224594899534 -62.3060129249686 -57.7512485851111 -34.4068398898513 
-35.0707151461962 -38.9871889865011 -63.7857062478711 -73.4004432711744 -54.7552246294886 -54.7552246294886 -32.205556339549 -30.7543640407217 -54.7552246294886 -62.9280707862819 -25.5878905029942 -54.7552246294886 -54.7552246294886 -73.5351314185128 -67.7762573773092 -64.0552596382818 -54.7552246294886 -54.7552246294886 -54.7552246294886 -54.7552246294886 -67.6995652986071 -76.9978496281854 -79.7150082990976 -24.77336577077 -78.1369510051257 -54.7552246294886 -73.9047211569548 -70.0085844985223 -63.7644363487784 -60.6206105082242 -63.2474314331422 -54.7552246294886 -54.7552246294886 -54.7552246294886 -54.7552246294886 -54.7552246294886 -54.7552246294886 -54.7552246294886 -54.7552246294886 -54.7552246294886 
-54.7552246294886 -54.7552246294886 -54.7552246294886 -54.7552246294886 -54.7552246294886 -31.4146628056972 -79.682800261606 -43.5764494569887 -52.5921284177631 -68.4778933295324 -77.8154869849901 -36.1618603734151 -39.4959465217108 -34.6757312146101 -33.795205939194 -32.1201152417244 -54.7552246294886 -72.9526083921708 -24.8849928366673 -54.7552246294886 -29.0727747763297 -50.5300095501651 -60.4518474123329 -49.4434139535296 -54.7552246294886 -68.4103924259725 -54.7552246294886 -41.9221336014061 -39.0374918970781 -60.4832909700545 -54.7552246294886 -54.7552246294886 -59.1852483758482 -54.7552246294886 -54.7552246294886 -54.7552246294886 -77.1352690362761 -54.7552246294886 -54.7552246294886 -54.7552246294886 
-66.3002546785264 -54.7552246294886 -54.7552246294886 -54.7552246294886 -54.7552246294886 -34.3333704978848 -53.4041006112976 -42.5948025404082 -41.7520613621591 -38.7308255066572 -32.4048930856137 -65.6325772949324 -54.7552246294886 -54.7552246294886 -54.7552246294886 -54.7552246294886 -54.7552246294886 -54.7552246294886 -64.2921388899337 -54.7552246294886 -54.7552246294886 -54.7552246294886 -54.7552246294886 -54.7552246294886 -65.7086189189919 -54.7552246294886 -32.9606714483501 -73.8438631779479 -70.1132869506889 -39.9373282741152 -70.0886649132605 -53.1199336625112 -54.7552246294886 -54.7552246294886 -54.7552246294886 -58.2444240290051 -54.7552246294886 -27.1916121296557 -69.4996839722089 -24.7733881871888 
-38.9999540628367 -47.8555499859679 -35.9263093921853 -36.5846833216438 -54.3492850587242 -34.7068067956038 -40.6142629528878 -62.7925696209873 -56.103488858298 -49.0671965081787 -34.2367615262548 -33.944776772273 -39.4512534041188 -54.2786198414796 -54.7552246294886 -54.7552246294886 -48.2157367612627 -58.5229459807462 -74.8879657275667 -37.6551165485991 -12.7161902560904 -40.6285821469501 -15.367028172064 -25.1565283417894 -27.9060847910655 -41.8126440855183 -32.3290200427154 -43.5608443152335 -61.560679062446 -53.3063508477586 -31.6978727736073 -34.202843637686 -44.6523957413601 -50.2474213320307 -70.1503774448426 -28.0999101752263 -54.7552246294886 -55.6073023734153 -24.8579470081165 -50.8290385387945 
-54.7552246294886 -70.6843557666999 -54.7552246294886 -54.7552246294886 -48.4173331673526 -54.7552246294886 -46.678884450812 -54.7552246294886 -45.6448836422865 -54.7552246294886 -43.659663226376 -54.7552246294886 -54.7552246294886 -63.7036547437507 -78.357072090039 -54.7552246294886 -54.7552246294886 -54.7552246294886 -79.4717725783468 -54.7552246294886 -76.5221051232756 -60.9149392217615 -54.7552246294886 -54.7552246294886 -54.7552246294886 -35.0006901831949 -38.128856048485 -24.9856349907317 -26.4551097678957 -30.0390469967364 -54.7552246294886 -42.1782687990174 -40.311530643656 -50.8160922984766 -54.7552246294886 -77.4689503101868 -24.7734330695267 -47.1249846012135 -37.5713586538636 -46.6044721405872 
-35.1713397028004 -56.0957478259226 -51.0817741413574 -35.0614740490387 -53.5908421827278 -53.5857194331528 -54.7552246294886 -68.9682719157976 -50.3557362533401 -34.7187520421888 -35.4974536723276 -54.7552246294886 -54.7552246294886 -49.59985180124 -54.7552246294886 -46.34925287402 -24.7745362973363 -31.5859161670417 -51.6683072064437 -61.0719464176452 -53.4798104812871 -58.7732969642606 -69.1535530711718 -54.7552246294886 -54.7552246294886 -54.7552246294886 -54.7552246294886 -73.8376640743823 -54.7552246294886 -54.7552246294886 -54.7552246294886 -54.7552246294886 -54.7552246294886 -54.7552246294886 -54.7552246294886 -32.2234114598662 -29.9312604351991 -70.7311124296073 -65.2384940506783 -70.1479198782164 
-54.7552246294886 -54.7552246294886 -54.7552246294886 -41.1147012843589 -33.9290982888298 -32.0438422329831 -24.7905211552605 -29.3913853137073 -49.8765543730828 -41.5526524908259 -54.7552246294886 -54.7552246294886 -54.7552246294886 -54.7552246294886 -75.9070839802453 -60.3359859995621 -45.6913033844914 -54.7552246294886 -49.0966721644106 -24.7735099225678 -33.8644148254235 -35.1398178413765 -73.35267557071 -66.3406302580409 -76.865298646411 -37.8649723017631 -28.4396233932114 -75.7006367289833 -66.7164335466658 -54.7552246294886 -44.2938403999867 -41.927041317096 -54.2156316380252 -79.0479945408694 -54.7552246294886 -54.7552246294886 -54.7552246294886 -54.7552246294886 -54.7552246294886 -54.7552246294886 
-54.7552246294886 -54.7552246294886 -54.7552246294886 -33.7904032251018 -50.1674307858774 -54.7552246294886 -47.6369191290159 -50.5304738752723 -58.5508285134072 -47.4518658996643 -61.415684413559 -78.3771495584808 -54.7552246294886 -66.5049544993995 -54.7552246294886 -48.2319906628777 -51.2835955843991 -52.3932255441917 -54.7552246294886 -47.3883253537323 -53.0239273233048 -62.5312685308544 -77.5889259174938 -54.7552246294886 -54.7552246294886 -49.0147281394481 -40.3513620111184 -34.1065316783494 -57.9276795918966 -54.7552246294886 -54.7552246294886 -72.2779871950199 -60.5261452647437 -60.3192808230086 -53.5115842871371 -56.3209834290072 -61.5003890171659 -54.7552246294886 -74.4092657916407 -54.7552246294886 
-65.3585402651006 -54.7552246294886 -54.7552246294886 -54.7552246294886 -54.7552246294886 -54.7552246294886 -54.7552246294886 -54.7552246294886 -74.5642432413705 -54.7552246294886 -54.7552246294886 -54.7552246294886 -54.7552246294886 -54.7552246294886 -44.3027280748362 -44.6203482346189 -52.9946341376348 -42.9918097887275 -54.7552246294886 -56.1201140953034 -60.4308021433573 -50.5906040286386 -66.1507903906221 -54.7552246294886 -54.7552246294886 -54.7552246294886 -54.7552246294886 -54.7552246294886 -54.7552246294886 -75.8980142687603 -54.7552246294886 -54.7552246294886 -45.4939996436972 -71.88650404026 -74.7152670465571 -77.0679548023766 -72.7636955309945 -54.7552246294886 -54.7552246294886 -54.7552246294886 
-54.7552246294886 -29.9853101908584 -50.6627732400614 -63.707493056035 -38.8763569126758 -29.9935988386781 -28.3739296082577 -27.763638664864 -31.108532601402 -42.108015112846 -54.7552246294886 -72.6080095902783 -54.7552246294886 -60.4480258064252 -53.5906768129423 -54.7552246294886 -67.1065465403687 -36.402916388625 -41.9193557080258 -30.0569358994784 -32.8843915393204 -39.8261561550928 -56.4576113370019 -30.4643766441642 -62.3973725822851 -29.2029874612576 -54.7552246294886 -57.8607855140884 -54.7552246294886 -62.9286012023182 -54.7552246294886 -54.7552246294886 -54.7552246294886 -54.7552246294886 -54.7552246294886 -54.7552246294886 -54.7552246294886 -54.7552246294886 -54.7552246294886 -54.7552246294886 
-56.6551020720206 -30.3951608375508 -54.1916824449065 -54.7552246294886 -54.7552246294886 -77.3726423941156 -50.8053857551212 -54.7552246294886 -73.1663934136595 -54.7552246294886 -54.7552246294886 -54.7552246294886 -20.1748013695124 -14.8297030407463 -21.8056253253756 -0.0537893779124317 -0.590772139452064 -12.2504152339195 -6.31168078447529 -0.811805928644164 -12.4434728413095 -26.6658071689484 -21.541464614284 -36.2323004336829 -8.41530602654595 -54.7552246294886 0 0 0 0 0 0 0 0 0 0 0 0 0 0 
0 0 0 0 0 0 0 0 0 0 0 0 0 0 0 0 0 0 0 0 0 0 0 0 0 0 0 0 0 0 0 0 0 0 0 0 0 0 0 0 
0 0 0 0 0 0 0 0 0 0 0 0 0 0 0 0 0 0 0 0 0 0 0 0 0 0 0 0 0 0 0 0 0 0 0 0 0 0 0 0 
0 0 0 0 0 0 0 0 0 0 0 0 0 0 0 0 0 0 0 0 0 0 0 0 0 0 0 0 0 0 0 0 0 0 0 0 0 0 0 0 
0 0 0 0 0 0 0 0 0 0 0 0 0 0 0 0 0 0 0 0 0 0 0 0 0 0 0 0 0 0 0 0 0 0 0 0 0 0 0 0 
0 0 0 0 0 0 0 0 0 0 0 0 0 0 0 0 0 0 0 0 0 0 0 0 0 0 0 0 0 0 0 0 0 0 0 0 0 0 0 0 
0 0 0 0 0 0 0 0 0 0 0 0 0 0 0 0 0 0 0 0 0 0 0 0 0 0 0 0 0 0 0 0 0 0 0 0 0 0 0 0 
0 0 0 0 0 0 0 0 0 0 0 0 0 0 0 0 0 0 0 0 0 0 0 0 0 0 0 0 0 0 0 0 0 0 0 0 0 0 0 0 
0 0 0 0 0 0 0 0 0 0 0 0 0 0 0 0 0 0 0 0 0 0 0 0 0 0 0 0 0 0 0 0 0 0 0 0 0 0 0 0 
0 0 0 0 0 0 0 0 0 0 0 0 0 0 0 0 0 0 0 0 0 0 0 0 0 0 0 0 0 0 0 0 0 0 0 0 0 0 0 0 
0 0 0 0 0 0 0 0 0 0 0 0 0 0 0 0 0 0 0 0 0 0 0 0 0 0 0 0 0 0 0 0 0 0 0 0 0 0 0 0 
0 0 0 0 0 0 
<Gamma>
0.0581689007437294 1.05376379580624 0.544165319079597 0.558357074766372 0.544165319079597 1.42916270820131 1.05376379580624 1.05376379580624 0.544165319079597 1.05376379580624 0.544165319079597 0.813152240258431 0.55870067786679 0.544165319079597 1.42916270820131 1.05376379580624 0.558339900159349 1.05376379580624 0.558254035044867 0.0830292759117196 0.00346690077852551 0.558735049823814 0.0831314968665092 0.558254035044867 1.05376379580624 0.558254035044867 0.0830292759117196 0.00346690077852551 1.05376379580624 0.558254035044867 0.558511670011114 1.05376379580624 1.05376379580624 0.558254035044867 0.0830292759117196 0.00346690077852551 0.558254035044867 1.05376379580624 0.558425778480755 0.0830803706667553 
0.558151014341603 1.05376379580624 0.0830292759117196 0.558254035044867 0.558254035044867 0.0163547450487465 0.168074606733683 0.706227162750004 1.05376379580624 0.558254035044867 0.0830292759117196 0.00346690077852551 0.706227162750004 1.05376379580624 0.558254035044867 9.45942408644191e-12 0.000220779613909664 1.47060045076445e-06 0.168074606733683 1.05376379580624 0.558254035044867 1.05376379580624 0.558254035044867 0.706227162750004 0.168074606733683 0.0102223855700036 0.558099511116319 0.00346604775810042 0.585204711994456 1.05376379580624 0.00346690077852551 0.168074606733683 0.706227162750004 0.558357074766372 0.0830292759117196 0.168074606733683 0.706227162750004 0.176161595283301 1.42916270820131 0.558254035044867 
1.05376379580624 0.168074606733683 0.706227162750004 0.558254035044867 0.706227162750004 0.168074606733683 0.852277501443638 0.00346498177759198 1.33634944730422e-07 0.558030847533363 0.156982624751304 1.05376379580624 0.0688221504813827 0.558322726080604 1.05376379580624 0.813152240258431 0.557979355422011 0.00346604775810042 0.168074606733683 0.558254035044867 0.706227162750004 0.597790654531144 0.00346690077852551 1.05376379580624 0.558254035044867 0.558339900159349 0.558339900159349 0.558339900159349 0.558339900159349 0.558339900159349 0.0830548193600947 1.05376379580624 0.558219692697836 0.115406133330525 0.558339900159349 1.05376379580624 0.706227162750004 0.706227162750004 0.706227162750004 1.05376379580624 
0.706227162750004 0.558254035044867 1.05376379580624 1.05376379580624 0.0830292759117196 0.558425778480755 1.05376379580624 0.55846013350643 1.05376379580624 0.083034383973609 0.160358853500825 0.0135521167257067 0.00346850075780228 0.105053515632061 0.558339900159349 1.05376379580624 0.558391425565312 0.0135521167257067 0.00346850075780228 0.105053515632061 1.05376379580624 0.0830522646617694 0.893285264520012 0.706227162750004 0.706227162750004 1.05376379580624 0.558528849898599 1.05376379580624 0.706227162750004 0.706227162750004 1.05376379580624 1.05376379580624 3.87989865682668e-05 0.032447543784312 0.401822833942938 0.706227162750004 1.05376379580624 0.0830165071326826 0.558254035044867 3.87989865682668e-05 
1.05376379580624 1.05376379580624 0.706227162750004 1.05376379580624 3.87989865682668e-05 1.05376379580624 0.0830292759117196 0.132878997651018 0.000266437624825312 1.05376379580624 0.244779645798275 0.0830292759117196 1.05376379580624 0.9813150556112 1.05376379580624 0.558202522319772 0.0830292759117196 1.42916270820131 1.42916270820131 1.05376379580624 1.05376379580624 0.558254035044867 0.0830292759117196 1.42916270820131 1.05376379580624 0.558254035044867 0.083105929834119 0.0482007961808911 0.673806604776359 0.558254035044867 0.0830803706667553 1.05376379580624 0.0112297619389226 0.168074606733683 0.168074606733683 0.706227162750004 0.00346769000943239 0.775565004425352 0.558346415073686 0.0102223855700036 
0.558099511116319 0.00346604775810042 0.585204711994456 0.168074606733683 0.706227162750004 0.168074606733683 0.706227162750004 0.176161595283301 0.168074606733683 0.706227162750004 0.706227162750004 0.168074606733683 0.156982624751304 1.05376379580624 0.0688221504813827 0.168074606733683 0.558254035044867 0.706227162750004 0.597790654531144 0.176161595283301 1.05376379580624 0.558339900159349 1.05376379580624 0.558339900159349 0.0830548193600947 0.558339900159349 0.558339900159349 1.05376379580624 1.05376379580624 0.558339900159349 1.05376379580624 0.558339900159349 0.0830548193600947 0.00346850075780228 4.06658197880525e-05 0.558339900159349 1.05376379580624 1.05376379580624 0.0830548193600947 0.0142041851688209 
0.0830548193600947 0.558339900159349 0.0830548193600947 0.558339900159349 0.0830548193600947 0.558339900159349 1.05376379580624 0.0830548193600947 0.558339900159349 0.0830548193600947 0.0830548193600947 0.558339900159349 0.558339900159349 0.0830548193600947 0.558339900159349 1.05376379580624 0.558339900159349 4.06658197880525e-05 1.3385298234088e-07 0.0830548193600947 0.00346850075780228 1.05376379580624 1.05376379580624 0.558339900159349 0.0830548193600947 0.0830548193600947 4.06658197880525e-05 0.00346850075780228 0.558339900159349 0.706227162750004 0.936266136859131 0.373643671635842 0.558339900159349 1.05376379580624 0.558339900159349 0.0831417258786327 1.05376379580624 0.558511670011114 0.0830292759117196 1.05376379580624 
2.28651047896252 1.05376379580624 0.558254035044867 0.0830292759117196 4.84975268996313 1.05376379580624 0.558271207013866 0.0830497100420245 1.05376379580624 0.893285264520012 1.05376379580624 0.083039492348801 0.558351922329435 0.558254035044867 1.05376379580624 1.05376379580624 0.558254035044867 0.5590272966951 0.0831033735622489 0.324511564274148 0.0438769014451007 0.391621767026718 1.05376379580624 0.275906161260555 0.0830292759117196 1.05376379580624 4.07058672255469e-05 0.0117700872026841 0.556334113528246 0.706227162750004 0.168074606733683 0.706227162750004 0.168074606733683 0.706227162750004 1.05376379580624 0.558254035044867 0.168074606733683 0.558717863580984 0.706227162750004 0.597790654531144 
0.558374249901687 0.184637706010206 0.12337784844644 0.0830548193600947 0.558339900159349 0.00346690077852551 4.06408101487872e-05 0.0830420466537725 0.00346604775810042 1.05376379580624 1.18425454754102 1.68093308045398 6.42945910156414 1.05376379580624 0.558254035044867 0.558339900159349 0.003467434022955 0.0830522646617694 0.558357074766372 0.0830522646617694 0.706227162750004 0.721415993180971 0.893285264520012 1.05376379580624 0.706227162750004 1.05376379580624 0.706227162750004 1.26793070118038 1.05376379580624 0.706227162750004 0.706227162750004 1.05376379580624 4.21203663070879 1.05376379580624 0.558254035044867 0.558254035044867 0.00446832296271204 1.4707642874003e-05 0.706227162750004 0.295400969519608 
1.05376379580624 1.05376379580624 1.05376379580624 1.42916270820131 0.830640723303273 0.558752236569684 0.0830292759117196 1.05376379580624 3.65817675922926 1.42916270820131 0.100230855483134 1.05376379580624 0.558322726080604 1.05376379580624 0.0830292759117196 0.558339900159349 1.05376379580624 0.558339900159349 0.558254035044867 1.05376379580624 0.0830446010382664 1.05376379580624 0.558339900159349 0.558339900159349 0.0830548193600947 0.0829603478345228 0.557773434358566 1.05376379580624 0.189447204231533 0.032447543784312 0.003467434022955 1.05376379580624 0.558151014341603 0.0830292759117196 0.00346690077852551 1.05376379580624 0.558254035044867 1.05376379580624 1.05376379580624 0.558254035044867 
1.23804980785015e-10 1.33955953720174e-07 3.21236581537748e-14 1.05376379580624 0.558219692697836 0.558202522319772 1.05376379580624 0.00346690077852551 0.0830165071326826 1.05376379580624 0.558254035044867 1.05376379580624 0.558477311808646 0.558254035044867 0.558322726080604 1.05376379580624 0.558254035044867 1.05376379580624 0.558254035044867 0.558322726080604 0.558288379507878 1.05376379580624 0.410464832063569 1.05376379580624 0.0830522646617694 1.12988938951441 1.05376379580624 0.558425778480755 0.0830752597758828 0.003467434022955 0.0830522646617694 1.42916270820131 1.05376379580624 1.05376379580624 0.126778963686586 0.303095662376138 1.05376379580624 0.558254035044867 0.740207639905739 0.558254035044867 
1.05376379580624 0.558254035044867 0.0830292759117196 0.558477311808646 0.0830292759117196 1.05376379580624 0.0135521167257067 0.556334113528246 0.706227162750004 0.193521649403132 0.706227162750004 0.168074606733683 0.706227162750004 1.05376379580624 0.558254035044867 0.168074606733683 0.558717863580984 0.706227162750004 0.597790654531144 0.558477311808646 1.05376379580624 0.558254035044867 0.55823686361046 0.558339900159349 0.558254035044867 0.00346690077852551 0.0830292759117196 0.00346690077852551 1.05376379580624 1.05376379580624 0.558254035044867 1.05376379580624 0.0830292759117196 0.558254035044867 0.893285264520012 1.05376379580624 1.05376379580624 0.558254035044867 1.05376379580624 0.0830292759117196 
0.558254035044867 0.202833034348425 0.558339900159349 1.05376379580624 0.558391425565312 0.0830522646617694 0.508253484772801 0.706227162750004 0.706227162750004 1.05376379580624 0.558528849898599 0.706227162750004 1.05376379580624 0.706227162750004 1.05376379580624 0.0830165071326826 0.558254035044867 1.05376379580624 1.05376379580624 0.706227162750004 1.05376379580624 1.05376379580624 0.0830292759117196 0.495350422046148 0.0581689007437294 1.05376379580624 3.65817675922926 0.544165319079597 1.64554259522856 0.544165319079597 1.42916270820131 1.05376379580624 1.42916270820131 1.05376379580624 1.42916270820131 0.558254035044867 0.0830292759117196 1.42916270820131 0.544165319079597 1.42916270820131 
1.05376379580624 1.05376379580624 0.0830650389392486 1.05376379580624 1.05376379580624 0.532708362937627 0.558271207013866 0.558271207013866 0.558331608716431 1.05376379580624 0.558254035044867 0.00346690077852551 1.05376379580624 1.05376379580624 1.05376379580624 0.558254035044867 1.05376379580624 0.0830292759117196 0.558254035044867 2.34003663467355e-18 0.706227162750004 1.05376379580624 0.56104279338442 0.0835622009373541 0.184637706010206 0.0831020954577043 0.00347116903086476 0.0830292759117196 1.05376379580624 0.558717863580984 4.06408101487872e-05 5.08310081574129 0.0830292759117196 0.003467434022955 0.706227162750004 1.05376379580624 0.706227162750004 0.9813150556112 1.05376379580624 0.558254035044867 
1.42916270820131 0.558254035044867 1.05376379580624 1.05376379580624 0.706227162750004 0.168074606733683 0.168074606733683 0.168074606733683 0.168074606733683 0.168074606733683 0.168074606733683 0.706227162750004 1.05376379580624 0.558254035044867 0.0112297619389226 0.000306777148679854 0.532708362937627 1.05376379580624 0.0829884227369447 0.0830292759117196 1.05376379580624 0.559474558226064 0.706227162750004 1.05376379580624 1.05376379580624 0.706227162750004 1.05376379580624 5.85269882858229 0.0112297619389226 0.000210644332131626 0.558099511116319 0.00346604775810042 4.06408101487872e-05 1.2357669957901e-10 0.585204711994456 0.0830522646617694 0.168074606733683 0.0112297619389226 0.706227162750004 1.05376379580624 
0.0830522646617694 0.003467434022955 0.558357074766372 0.0830522646617694 0.558357074766372 0.168074606733683 0.0112297619389226 0.706227162750004 0.168074606733683 0.0112297619389226 0.0112297619389226 0.852277501443638 0.168074606733683 1.23515895715727e-10 0.0830497100420245 0.00346498177759198 4.06158158905487e-05 1.33634944730422e-07 1.05376379580624 0.558030847533363 0.558339900159349 4.06158158905487e-05 0.00346690077852551 0.0830292759117196 0.083039492348801 0.706227162750004 0.00347063521212113 4.07058672255469e-05 1.05376379580624 0.706227162750004 1.05376379580624 0.558322726080604 0.706227162750004 0.168074606733683 1.05376379580624 0.706227162750004 1.05376379580624 0.168074606733683 0.0112297619389226 0.0829782125782578 
0.0830548193600947 0.558030847533363 0.0830727044493029 1.05376379580624 0.558254035044867 0.558254035044867 0.0830292759117196 0.0830292759117196 1.05376379580624 0.706227162750004 1.05376379580624 0.558254035044867 1.05376379580624 0.706227162750004 0.168074606733683 0.706227162750004 1.05376379580624 1.05376379580624 0.558322726080604 0.557996518922646 0.0830241681659678 0.706227162750004 0.00346530153730068 0.557653348866756 1.05376379580624 0.0830292759117196 1.05376379580624 0.55846013350643 1.05376379580624 1.42916270820131 0.544165319079597 1.05376379580624 0.0830292759117196 0.168074606733683 0.706227162750004 0.0112297619389226 1.05376379580624 0.558254035044867 0.706227162750004 0.168074606733683 
0.168074606733683 0.0274248587454821 1.05376379580624 0.083034383973609 4.06333102584146e-05 0.00346583453583011 0.000210644332131626 0.0112297619389226 0.168074606733683 0.706227162750004 1.05376379580624 0.168074606733683 0.706227162750004 0.0112297619389226 0.168074606733683 0.706227162750004 1.05376379580624 0.558254035044867 0.558717863580984 0.00346882084223397 0.706227162750004 1.05376379580624 0.168074606733683 0.558339900159349 0.558339900159349 0.0830037403192132 1.05376379580624 0.558254035044867 0.558254035044867 0.673806604776359 1.05376379580624 0.558202522319772 0.0830292759117196 0.003467434022955 0.0830522646617694 1.42916270820131 0.0830292759117196 1.42916270820131 1.05376379580624 1.05376379580624 
1.05376379580624 0.558322726080604 0.017141661279053 0.00792332236929762 2.00951969025193e-05 2.10597434546519e-06 0.44142092028299 0.558477311808646 0.0830267219995656 1.05376379580624 1.05376379580624 3.91665341965738 1.42916270820131 1.05376379580624 0.558305552530119 0.0830292759117196 3.91665341965738 3.91665341965738 3.91665341965738 3.91665341965738 1.05376379580624 0.558254035044867 1.42916270820131 1.05376379580624 0.544165319079597 0.00174566769568507 0.0830292759117196 1.42916270820131 1.05376379580624 0.558254035044867 0.0830292759117196 0.0830292759117196 2.22846250061937 5.85269882858229 0.0930641223674252 0.544165319079597 1.42916270820131 1.05376379580624 0.0830292759117196 0.0581689007437294 
0.558254035044867 1.05376379580624 0.0830292759117196 1.05376379580624 0.544165319079597 0.0102223855700036 0.000231402528604359 0.558168183135276 0.00346690077852551 4.06408101487872e-05 1.2357669957901e-10 0.706227162750004 0.558254035044867 0.0830522646617694 1.05376379580624 0.519184439980115 0.188330046095995 1.05376379580624 0.558357074766372 0.003467434022955 0.0830548193600947 0.0830497100420245 0.558254035044867 0.168074606733683 0.0112297619389226 0.706227162750004 0.168074606733683 0.706227162750004 1.05376379580624 0.168074606733683 0.000210644332131626 0.0112297619389226 0.706227162750004 0.202833034348425 1.23831641042747e-10 0.0830292759117196 0.00346690077852551 4.06408101487872e-05 1.33750090115253e-07 1.05376379580624 
0.558030847533363 3.03129429653741 1.05376379580624 0.706227162750004 1.05376379580624 0.706227162750004 0.132878997651018 1.05376379580624 0.706227162750004 1.05376379580624 0.168074606733683 0.00887819755493793 1.05376379580624 0.706227162750004 1.05376379580624 0.168074606733683 1.05376379580624 0.558254035044867 1.05376379580624 0.706227162750004 0.558254035044867 0.0830292759117196 1.05376379580624 0.55846013350643 1.05376379580624 1.42916270820131 0.706227162750004 0.544165319079597 1.05376379580624 0.558254035044867 0.0830292759117196 0.00346690077852551 0.168074606733683 1.05376379580624 0.558254035044867 0.706227162750004 0.168074606733683 0.168074606733683 0.0459880591415244 0.110108218674301 
1.05376379580624 0.706227162750004 0.706227162750004 0.706227162750004 1.05376379580624 1.05376379580624 0.0830292759117196 0.558425778480755 0.083034383973609 0.083034383973609 0.0830241681659678 1.05376379580624 0.0830292759117196 0.558425778480755 0.0830292759117196 0.0830241681659678 0.0830292759117196 0.0830292759117196 0.0830420466537725 0.00346690077852551 1.05376379580624 4.06658197880525e-05 0.558254035044867 0.0830369381214463 0.0112297619389226 0.556334113528246 0.706227162750004 0.168074606733683 0.706227162750004 0.168074606733683 0.706227162750004 1.05376379580624 0.558254035044867 0.000210644332131626 0.000210644332131626 0.168074606733683 0.558717863580984 0.706227162750004 0.597790654531144 0.160358853500825 
0.00109111373852631 1.12988938951441 1.05376379580624 0.558614757275983 0.673806604776359 0.0482007961808911 1.05376379580624 0.830640723303273 0.55846013350643 1.05376379580624 0.0830292759117196 0.558254035044867 0.0830292759117196 1.07801987823403 1.05376379580624 0.558254035044867 0.0830292759117196 1.05376379580624 0.0830292759117196 4.06408101487872e-05 1.42916270820131 1.05376379580624 0.558254035044867 1.05376379580624 1.24123559756873 1.05376379580624 0.558717863580984 1.05376379580624 0.558254035044867 0.0830292759117196 0.0756043072596032 0.401822833942938 1.05376379580624 0.558254035044867 0.251155739265439 1.05376379580624 0.145973706439158 0.558339900159349 1.05376379580624 0.706227162750004 
0.706227162750004 0.706227162750004 1.05376379580624 0.706227162750004 0.558254035044867 1.05376379580624 1.05376379580624 0.0830292759117196 0.0112297619389226 1.05376379580624 0.558254035044867 0.558254035044867 0.0830292759117196 0.558254035044867 4.07772994404016e-05 0.0110095955033194 1.05376379580624 0.558202522319772 0.000131661345105287 1.2357669957901e-10 0.063901215365518 0.0112297619389226 0.168074606733683 0.706227162750004 1.05376379580624 0.0829782125782578 0.168074606733683 0.0112297619389226 0.000210644332131626 0.0112297619389226 0.168074606733683 0.706227162750004 0.0112297619389226 0.168074606733683 0.0112297619389226 0.152997305160111 1.05376379580624 8.10407359567974e-10 5.22990008489126e-07 0.000131661345105287 
6.27088446002068e-17 1.35594421827742e-26 1.40860372227713e-21 0.00847062866147021 0.0830292759117196 1.05376379580624 0.558254035044867 0.0830292759117196 1.33762433005518e-07 0.0830292759117196 0.168074606733683 0.0112297619389226 1.05376379580624 0.0830315745011579 0.160358853500825 0.0112297619389226 0.168074606733683 0.000681990923482581 0.160358853500825 1.05376379580624 0.558254035044867 0.706227162750004 0.000210644332131626 4.06545635460966e-05 1.2357669957901e-10 0.558254035044867 0.0830522646617694 0.0554985458800185 1.05376379580624 0.0830292759117196 0.0830497100420245 0.003467434022955 0.558254035044867 0.0112297619389226 0.34012563805846 0.893285264520012 1.05376379580624 0.558254035044867 0.0830292759117196 0.0112297619389226 
0.0112297619389226 0.168074606733683 0.0112297619389226 0.706227162750004 0.22282144157876 1.23831641042747e-10 0.0830165071326826 4.06645689406903e-05 1.33474728798374e-07 1.05376379580624 0.558339900159349 0.0830497100420245 0.00346583453583011 0.558339900159349 0.0830292759117196 0.558151014341603 2.63269560979846 1.05376379580624 1.05376379580624 0.003467434022955 0.0829986341443448 0.706227162750004 1.05376379580624 0.558099511116319 0.0829782125782578 0.168074606733683 0.706227162750004 1.05376379580624 0.0112297619389226 1.05376379580624 0.706227162750004 1.05376379580624 1.05376379580624 0.558030847533363 1.42916270820131 1.05376379580624 0.558254035044867 1.05376379580624 0.706227162750004 0.168074606733683 
1.05376379580624 0.706227162750004 1.05376379580624 0.706227162750004 1.05376379580624 0.706227162750004 0.706227162750004 1.23725034434357e-10 2.12616125444379 0.0112297619389226 0.870607391372549 25.1211686301964 0.558254035044867 0.706227162750004 1.05376379580624 0.557927868036504 0.0830573741370029 0.706227162750004 0.706227162750004 0.0830088468082196 4.06645689406903e-05 1.05376379580624 0.558185352457062 1.23831641042747e-10 1.05376379580624 0.558339900159349 0.706227162750004 0.0830241681659678 4.06333102584146e-05 1.05376379580624 0.0830292759117196 1.05376379580624 2.28651047896252 1.05376379580624 0.0830292759117196 4.06408101487872e-05 0.544165319079597 0.168074606733683 0.0112297619389226 1.05376379580624 
0.168074606733683 0.430214540014266 0.0830292759117196 0.544165319079597 1.05376379580624 1.7247186491497 1.05376379580624 0.558631940347248 0.0830292759117196 4.62711614668751 1.05376379580624 0.0830292759117196 4.06408101487872e-05 1.42916270820131 1.05376379580624 0.558254035044867 0.00346690077852551 1.05376379580624 0.558254035044867 1.05376379580624 0.55846013350643 0.0830880375897668 0.197391634612697 1.36355454168299 0.0830292759117196 0.558254035044867 0.083151956149397 1.05376379580624 0.000191748297397887 4.06545635460966e-05 0.206889225711824 4.30262409090822 0.0112297619389226 0.168074606733683 0.706227162750004 1.05376379580624 0.558099511116319 0.0830165071326826 0.168074606733683 0.0112297619389226 
0.168074606733683 1.05376379580624 0.0830292759117196 1.10202206784773e-17 0.0112297619389226 0.706227162750004 1.05376379580624 7.93185149666324e-17 0.0112297619389226 1.05376379580624 0.0830292759117196 0.168074606733683 1.05376379580624 0.558408601757263 0.9813150556112 0.997110188725489 1 1 1 1 1 1 1 1 1 1 1 1 1 1 1 1 1 1 1 1 1 1 1 1 
1 1 1 1 1 1 1 1 1 1 1 1 1 1 1 1 1 1 1 1 1 1 1 1 1 1 1 1 1 1 1 1 1 1 1 1 1 1 1 1 
1 1 1 1 1 1 1 1 1 1 1 1 1 1 1 1 1 1 1 1 1 1 1 1 1 1 1 1 1 1 1 1 1 1 1 1 1 1 1 1 
1 1 1 1 1 1 1 1 1 1 1 1 1 1 1 1 1 1 1 1 1 1 1 1 1 1 1 1 1 1 1 1 1 1 1 1 1 1 1 1 
1 1 1 1 1 1 1 1 1 1 1 1 1 1 1 1 1 1 1 1 1 1 1 1 1 1 1 1 1 1 1 1 1 1 1 1 1 1 1 1 
1 1 1 1 1 1 1 1 1 1 1 1 1 1 1 1 1 1 1 1 1 1 1 1 1 1 1 1 1 1 1 1 1 1 1 1 1 1 1 1 
1 1 1 1 1 1 1 1 1 1 1 1 1 1 1 1 1 1 1 1 1 1 1 1 1 1 1 1 1 1 1 1 1 1 1 1 1 1 1 1 
1 1 1 1 1 1 1 1 1 1 1 1 1 1 1 1 1 1 1 1 1 1 1 1 1 1 1 1 1 1 1 1 1 1 1 1 1 1 1 1 
1 1 1 1 1 1 1 1 1 1 1 1 1 1 1 1 1 1 1 1 1 1 1 1 1 1 1 1 1 1 1 1 1 1 1 1 1 1 1 1 
1 1 1 1 1 1 1 1 1 1 1 1 1 1 1 1 1 1 1 1 1 1 1 1 1 1 1 1 1 1 1 1 1 1 1 1 1 1 1 1 
1 1 1 1 1 1 1 1 1 1 1 1 1 1 1 1 1 1 1 1 1 1 1 1 1 1 1 1 1 1 1 1 1 1 1 1 1 1 1 1 
1 1 1 1 1 1 
<lnGmf>
0 0 0 0 0 0 0 0 0 0 0 0 0 0 0 0 0 0 0 0 0 0 0 0 0 0 0 0 0 0 0 0 0 0 0 0 0 0 0 0 
0 0 0 0 0 0 0 0 0 0 0 0 0 0 0 0 0 0 0 0 0 0 0 0 0 0 0 0 0 0 0 0 0 0 0 0 0 0 0 0 
0 0 0 0 0 0 0 0 0 0 0 0 0 0 0 0 0 0 0 0 0 0 0 0 0 0 0 0 0 0 0 0 0 0 0 0 0 0 0 0 
0 0 0 0 0 0 0 0 0 0 0 0 0 0 0 0 0 0 0 0 0 0 0 0 0 0 0 0 0 0 0 0 0 0 0 0 0 0 0 0 
0 0 0 0 0 0 0 0 0 0 0 0 0 0 0 0 0 0 0 0 0 0 0 0 0 0 0 0 0 0 0 0 0 0 0 0 0 0 0 0 
0 0 0 0 0 0 0 0 0 0 0 0 0 0 0 0 0 0 0 0 0 0 0 0 0 0 0 0 0 0 0 0 0 0 0 0 0 0 0 0 
0 0 0 0 0 0 0 0 0 0 0 0 0 0 0 0 0 0 0 0 0 0 0 0 0 0 0 0 0 0 0 0 0 0 0 0 0 0 0 0 
0 0 0 0 0 0 0 0 0 0 0 0 0 0 0 0 0 0 0 0 0 0 0 0 0 0 0 0 0 0 0 0 0 0 0 0 0 0 0 0 
0 0 0 0 0 0 0 0 0 0 0 0 0 0 0 0 0 0 0 0 0 0 0 0 0 0 0 0 0 0 0 0 0 0 0 0 0 0 0 0 
0 0 0 0 0 0 0 0 0 0 0 0 0 0 0 0 0 0 0 0 0 0 0 0 0 0 0 0 0 0 0 0 0 0 0 0 0 0 0 0 
0 0 0 0 0 0 0 0 0 0 0 0 0 0 0 0 0 0 0 0 0 0 0 0 0 0 0 0 0 0 0 0 0 0 0 0 0 0 0 0 
0 0 0 0 0 0 0 0 0 0 0 0 0 0 0 0 0 0 0 0 0 0 0 0 0 0 0 0 0 0 0 0 0 0 0 0 0 0 0 0 
0 0 0 0 0 0 0 0 0 0 0 0 0 0 0 0 0 0 0 0 0 0 0 0 0 0 0 0 0 0 0 0 0 0 0 0 0 0 0 0 
0 0 0 0 0 0 0 0 0 0 0 0 0 0 0 0 0 0 0 0 0 0 0 0 0 0 0 0 0 0 0 0 0 0 0 0 0 0 0 0 
0 0 0 0 0 0 0 0 0 0 0 0 0 0 0 0 0 0 0 0 0 0 0 0 0 0 0 0 0 0 0 0 0 0 0 0 0 0 0 0 
0 0 0 0 0 0 0 0 0 0 0 0 0 0 0 0 0 0 0 0 0 0 0 0 0 0 0 0 0 0 0 0 0 0 0 0 0 0 0 0 
0 0 0 0 0 0 0 0 0 0 0 0 0 0 0 0 0 0 0 0 0 0 0 0 0 0 0 0 0 0 0 0 0 0 0 0 0 0 0 0 
0 0 0 0 0 0 0 0 0 0 0 0 0 0 0 0 0 0 0 0 0 0 0 0 0 0 0 0 0 0 0 0 0 0 0 0 0 0 0 0 
0 0 0 0 0 0 0 0 0 0 0 0 0 0 0 0 0 0 0 0 0 0 0 0 0 0 0 0 0 0 0 0 0 0 0 0 0 0 0 0 
0 0 0 0 0 0 0 0 0 0 0 0 0 0 0 0 0 0 0 0 0 0 0 0 0 0 0 0 0 0 0 0 0 0 0 0 0 0 0 0 
0 0 0 0 0 0 0 0 0 0 0 0 0 0 0 0 0 0 0 0 0 0 0 0 0 0 0 0 0 0 0 0 0 0 0 0 0 0 0 0 
0 0 0 0 0 0 0 0 0 0 0 0 0 0 0 0 0 0 0 0 0 0 0 0 0 0 0 0 0 0 0 0 0 0 0 0 0 0 0 0 
0 0 0 0 0 0 0 0 0 0 0 0 0 0 0 0 0 0 0 0 0 0 0 0 0 0 0 0 0 0 0 0 0 0 0 0 0 0 0 0 
0 0 0 0 0 0 0 0 0 0 0 0 0 0 0 0 0 0 0 0 0 0 0 0 0 0 0 0 0 0 0 0 0 0 0 0 0 0 0 0 
0 0 0 0 0 0 0 0 0 0 0 0 0 0 0 0 0 0 0 0 0 0 0 0 0 0 0 0 0 0 0 0 0 0 0 0 0 0 0 0 
0 0 0 0 0 0 0 0 0 0 0 0 0 0 0 0 0 0 0 0 0 0 0 0 0 0 0 0 0 0 0 0 0 0 0 0 0 0 0 0 
0 0 0 0 0 0 0 0 0 0 0 0 0 0 0 0 0 0 0 0 0 0 0 0 0 0 0 0 0 0 0 0 0 0 0 0 0 0 0 0 
0 0 0 0 0 0 0 0 0 0 0 0 0 0 0 0 0 0 0 0 0 0 0 0 0 0 0 0 0 0 0 0 0 0 0 0 0 0 0 0 
0 0 0 0 0 0 0 0 0 0 0 0 0 0 0 0 0 0 0 0 0 0 0 0 0 0 0 0 0 0 0 0 0 0 0 0 0 0 0 0 
0 0 0 0 0 0 0 0 0 0 0 0 0 0 0 0 0 0 0 0 0 0 0 0 0 0 0 0 0 0 0 0 0 0 0 0 0 0 0 0 
0 0 0 0 0 0 0 0 0 0 0 0 0 0 0 0 0 0 0 0 0 0 0 0 0 0 0 0 0 0 0 0 0 0 0 0 0 0 0 0 
0 0 0 0 0 0 0 0 0 0 0 0 0 0 0 0 0 0 0 0 0 0 0 0 0 0 0 0 0 0 0 0 0 0 0 0 0 0 0 0 
0 0 0 0 0 0 0 0 0 0 0 0 0 0 0 0 0 0 0 0 0 0 0 0 0 0 0 0 0 0 0 0 0 0 0 0 0 0 0 0 
0 0 0 0 0 0 0 0 0 0 0 0 0 0 0 0 0 0 0 0 0 0 0 0 0 0 0 0 0 0 0 0 0 0 0 0 0 0 0 0 
0 0 0 0 0 0 0 0 0 0 0 0 0 0 0 0 0 0 0 0 0 0 0 0 0 0 0 0 0 0 0 0 0 0 0 0 0 0 0 0 
0 0 0 0 0 0 0 0 0 0 0 0 0 0 0 0 0 0 0 0 0 0 0 0 0 0 0 0 0 0 0 0 0 0 0 0 0 0 0 0 
0 0 0 0 0 0 0 0 0 0 0 0 0 0 0 0 0 0 0 0 0 0 0 0 0 0 0 0 0 0 0 0 0 0 0 0 0 0 0 0 
0 0 0 0 0 0 0 0 0 0 0 0 0 0 0 0 0 0 0 0 0 0 0 0 0 0 0 0 0 0 0 0 0 0 0 0 0 0 0 0 
0 0 0 0 0 0 0 0 0 0 0 0 0 0 0 0 0 0 0 0 0 0 0 0 0 0 0 0 0 0 0 0 0 0 0 0 0 0 0 0 
0 0 0 0 0 0 
<BF>
9.99999992012751e-10 9.99999996520336e-10 6.55805931653345e-07 1e-09 9.99999977465623e-10 9.99999999642071e-10 9.99999999705965e-10 1e-09 0.000500859642008867 1.00089989714586 7.73762831974956e-13 9.99999999998702e-10 0.000349858065467619 2.000000001 9.99999998149421e-10 8.90986578038689e-11 1.42685470596517e-11 1e-09 1.14034495966054e-11 0.000999999999999988 9.99999987185014e-10 9.99999965125772e-10 1.04871571888732e-06 108.800000976884 3.98594820680093e-12 9.99999986941187e-10 1e-09 0.001 0.00301475810453813 9.99999999789171e-10 4.63818238101357e-05 0 9.99999999943059e-10 9.99999169692749e-10 1.98683197100522e-07 0.00130909910566428 9.99999999861241e-10 9.99999983988131e-10 9.99999987600101e-10 54.3980683253857 
1.15085167690433e-05 1.2154930879089e-11 9.9999999989371e-10 4.16149780330449e-11 4.42849749569466e-10 1e-09 9.99999993150275e-10 9.99999999905335e-10 3.97081089813121e-06 9.94073588815125e-10 0.000216977656266815 9.99999990726567e-10 9.99999992490097e-10 9.99999999469086e-10 9.99999999123131e-10 9.99999999985042e-10 9.99999999149573e-10 2.57840275521614e-11 1.10891693865971e-10 3.61828408920124e-12 5.917166478873e-18 0 0 0 0 0 0 0 0 1.25037231623787 0 0 0 0 0 0 0 0 0 0 
0 0 0 0 7.01446170894153 9.96014051793199e-10 0 0 0 0 0 0 0 0 8.30130805064241e-16 0.000999801316802899 0 0 0 0 1.0024234098586 0 0 0 0 0 0 0 0 8.90170276831932e-06 5.92641105284764e-12 0 0 0 0 0 0 0 0 0 
0 0 
<BFC>
0 0 0.0194954518636898 0 0 0 0 0 0.214370128000192 0.228790387130644 9.99226237102903e-10 0 0.000650141934532364 0 0 9.10901324927681e-10 9.85731442942389e-10 0 9.88596548913021e-10 0 0 0 1.07822800259714 0.192028650444649 0 0 0 0 0 0 0.00901254705027305 1e-09 0 0 0 0 0 0 0 2.05851503840369 
0.000988491483230943 9.87845054758206e-10 0 9.58385017414206e-10 5.57150250430534e-10 0 0 0 0.436032380954015 0 0.0683019823872961 0 0 0 0 0 0 9.74215945844332e-10 8.89108306127978e-10 9.96381708820723e-10 0 
<XFA>
54.3970843496195 0 
<YFA>
54.3970843496195 0 
<PUL>
1000000 1000000 
<PLL>
0 0 
<Y_m>
1.91404288821789e-10 1.59693467794788e-10 1.28931683834955e-10 5.37425715972775e-10 8.07408343096496e-18 3.92583178610061e-25 5.40097967077831e-32 2.20783277311404e-15 2.52630571040378e-22 7.6150440864497e-20 2.49360914186911e-12 5.06394576827555e-13 1.7196936001051e-16 0 1.62057979838505e-22 1.02021987693997e-09 6.26991064606405e-21 8.30815166705367e-27 3.014171538437e-33 0 0 0 0 9.44134486437655e-27 1.57688155340699e-18 5.82154339966591e-16 1.32663580906926e-15 3.42605798063029e-16 1.98785221032253e-31 1.36368635193258e-29 1.60612204645137e-16 2.28709027222773e-13 5.05443266169617e-26 3.51676603669449e-30 0 0 5.18198213781084e-28 4.04893279330527e-23 0 9.83828907974878e-19 
9.2763466221514e-34 3.2732847976872e-15 0 0 0 3.59959012541443e-18 5.51841838169345e-22 6.97427954561186e-27 5.33907020307501e-33 0 0 0 4.82094442630938e-12 6.76943365738424e-09 6.62447846822398e-07 0 1.69299956882928e-25 9.49801718650202e-32 6.07241610047376e-15 1.90186610433248e-15 1.92276683085196e-22 4.15903347537723e-28 0 6.95942822724218e-30 1.04705330054146e-15 0 0 0 0 0 0 0 0 0 0 0 0 0 0 0 
0 0 0 1.02045754809579e-09 0 0 0 0 0 0 0 0 0 0 0 0 0 0 0 0 0 0 9.47312307285978e-18 7.85493839471128e-10 2.34962701414307e-10 0 9.86940435018528e-21 2.163155247699e-30 0 2.24745868765335e-29 0 6.0647672375785e-10 5.67396772765332e-11 1.02042461099877e-09 1.40904312157816e-19 1.12785017284222e-15 1.57566203633902e-19 1.40426603245529e-14 1.63541080565241e-23 1.36649303314921e-21 
1.77662864697007e-14 2.96137459322905e-23 1.67360640110505e-22 0 2.58916697712553e-29 1.02045754809579e-09 0.000494040352163622 2.94301088657995e-29 5.78471502451216e-08 7.21888728070276e-08 1.01901823780175 0 0 0 3.57204566932729e-10 7.83403455992446e-06 0.000351295687429664 3.25083149795607e-19 1.54478911662343e-27 4.20176026317134e-16 0 0.00102036330583187 8.46625095363597e-10 6.58421005788124e-06 1.5581241035555e-11 1.9344921287234e-07 1.0245394086496e-08 2.41611735082779e-08 0.00088388419406664 6.72593791369596e-14 9.23224419749e-12 8.81096976868406e-10 1.27635588239462e-29 0 1.14250378900542e-23 4.31055439849463e-05 1.11815839068348e-05 4.46742266848872e-11 2.22065636802404e-12 1.19586835146147e-30 
3.21276183440718e-13 0 2.37177329617883e-05 9.42079685422882e-06 6.30111652939497e-25 3.82652329559994e-18 4.71035708407099e-20 7.15948903909631e-18 1.46554845883671e-16 5.52499948085258e-20 2.90483915568826e-16 4.87640948572412e-26 1.01595687129869e-20 1.34760264371548e-14 1.21219483801272e-13 1.00787676032748e-13 2.69403353595337e-13 3.4964006277038e-21 9.73685465667689e-29 2.43515997389948e-26 8.60747507150881e-14 2.62206595378557e-17 5.17731445822717e-20 2.72063655071648e-15 1.02553791323752e-21 4.59999611140769e-27 2.48800123668043e-32 1.62289439579041e-31 2.537795509611e-17 1.95568112662297e-13 0 1.71279802455112e-28 1.02045740948581e-09 1.38608655476982e-16 0 1.32482478780823e-21 5.48686945054127e-06 2.04091502390354 0 4.61638028434117e-11 
2.4130047257159e-16 2.93183258447585e-20 4.83344157320784e-13 7.72290945327471e-12 8.16026919121233e-12 1.46102396694954e-18 6.72641088924632e-26 4.72852289049134e-15 1.99500469826093e-23 7.2820681985697e-20 0 0 5.62155375449036e-12 3.22721927142309e-16 2.09918359512047e-11 0 2.97232486159514e-34 1.71542391206373e-22 9.31308118135118e-10 2.30289059214517e-11 8.59741788238346e-17 3.72656273898277e-11 1.30446707244783e-11 8.55098682322525e-13 1.02878076826125e-11 2.13908880765954e-20 1.75910241480108e-17 1.5273213454606e-21 4.62623182227576e-16 9.68284435437701e-13 1.74380647313109e-12 3.91526267272833e-16 7.32308351245155e-21 2.24634629013622e-22 0 3.72625644827161e-12 4.34146627961657e-34 5.76125587382839e-24 6.84478239145045e-21 2.47357347115694e-22 
2.39016640386549e-32 1.80348544945607e-16 1.03897257993033e-21 1.14418702642624e-23 5.67625393578116e-28 0 0 0 8.69090392957156e-29 0 0 0 1.6623697253485e-18 8.07998657952214e-18 6.49520439051607e-15 1.44618761163653e-11 9.18948780807829e-14 1.27295116124013e-30 0 1.30343410396971e-20 3.2408716960606e-19 1.08927710725421e-19 5.88918971613716e-21 4.22965840161104e-25 0 2.47397343528251e-23 0 3.04320157457798e-23 6.65944517257756e-34 1.02045754809579e-09 4.94904524183467e-19 1.31742445592047e-27 3.40194890190095e-32 0 0 1.5382080164201e-33 9.2634372163769e-30 1.01643625837041e-29 3.39106919461925e-25 1.38871600884618e-15 
2.30377085211749e-27 4.65924616648623e-27 6.27995051446748e-13 1.4288674710575e-12 9.84655097741284e-33 0 0 0 8.03113446509912e-32 0 0 0 0 3.61579156419753e-15 9.57283814221008e-12 1.33456196905262e-25 1.31557531568032e-20 2.52608000108683e-31 8.7984408794065e-31 0 0 0 1.01280189603282e-18 3.17543787053534e-25 1.01552144925197e-15 0 1.0493592259819e-11 4.52908780881891e-11 4.33390433709144e-17 5.69593351509422e-13 9.73786771029707e-18 1.46204232865982e-25 4.41800144026953e-22 1.41145694485886e-12 1.15285375099129e-13 3.33879546554065e-18 3.52528998620393e-12 0 4.42522491977635e-23 9.69544987933733e-10 
1.73482396920103e-10 7.6060935586481e-07 5.23945918573277e-25 5.44574552687525e-28 2.2462420259479e-33 0 0 4.10044129330925e-16 4.01732765478397e-24 1.62953509324832e-10 7.26853629792742e-08 8.27500541171219e-24 3.99238108844762e-24 2.4331356714751e-24 7.26963910052011e-26 0 4.46868838877032e-17 6.6004916418663e-17 7.11607774869476e-18 6.7790252011564e-08 9.65427859834283e-16 2.38658435185803e-29 0 0 2.45535523287824e-18 3.64833183508778e-17 2.97925039683278e-26 0 0 0 0 1.33411455440332e-09 8.58502185058867e-14 2.95864228865176e-11 4.04011155958344e-13 1.6321271636705e-12 0 0 1.10710641951033e-07 1.01738968904442e-18 
8.9427082898739e-16 5.77771218732628e-21 5.68454794465124e-08 0 0 0 7.31858920602247e-33 4.09278168906272e-19 0 0 2.18946974813272e-20 1.32725920141807e-06 1.35222117261637e-17 3.98379808416922e-23 9.84214976824257e-16 3.29310153220002e-21 3.18357200837331e-29 2.51133007980493e-06 3.55995320771344e-12 4.51193731354691e-17 1.80608879191381e-08 0 0 0 0 2.37509712359777e-13 1.51804147839464e-18 2.99446432721674e-24 6.47333561380231e-30 0 1.20171747047022e-10 7.83788858228581e-15 5.54008650832164e-24 0 0 0 0.000136533026217353 1.40865729202288e-08 5.81053955871031e-20 1.36050714395707e-14 
0 0 0 1.45682536740607e-17 4.56906490802625e-11 4.41348539020588e-14 1.31704930364525e-19 2.876790722528e-26 8.28321609843205e-13 0 5.04384737606171e-30 9.6865779588154e-08 3.89829124027252e-06 2.75470637052134e-18 9.08054451945934e-20 7.40805033670845e-14 1.01422601581719e-09 0 0 0 1.80389448143357e-30 4.05950657711017e-12 0 0 0 0 5.08797482514544e-30 1.31947184507816e-28 2.95700545479919e-27 0 0 0 0 1.32763486521841e-16 0 0 2.69564042979944e-32 0 0 0 
6.34867409929247e-31 0 1.40489804604072e-15 6.44669530614245e-15 0 0 3.42185001010223e-11 3.7701727147315e-17 4.95503624369736e-13 8.39298959294412e-18 1.23780809285482e-25 3.84333221931276e-22 2.08520859859404e-12 1.70316235770814e-13 4.93255137250098e-18 1.13140542398521e-10 0 3.84961471320377e-23 8.70347426109818e-10 1.02045754809579e-09 0 0 0 0.00307641971763204 4.71313942995793e-10 1.33522954521295e-14 0 0 2.29112037106249e-09 1.07197597427153e-16 4.9724986317075e-15 1.01833737794539e-08 2.43638589708386e-18 3.14890079875354e-16 1.02043991189565e-09 2.07453958681131e-19 8.48412979951537e-23 7.51602649438421e-21 1.76359849978336e-14 1.94036729041103e-24 
8.53165965553836e-23 4.71796139061829e-05 1.41805286721962e-14 1.20149930387028e-10 2.10523061155201e-08 1.35622147285284e-08 2.54618754031173e-13 3.64610631739368e-10 5.49829936479741e-16 5.42242733517588e-12 1.24195171003945e-12 4.30056591986662e-18 7.73375639325087e-16 1.12101966545779e-07 1.53507757270531e-09 3.69559167360028e-14 3.81410581461622e-18 3.8029287334197e-17 0 2.15129639418979e-09 1.73701904641119e-10 5.0155823693793e-29 8.37527744546233e-24 0 0 0 0 0 0 0 0 0 0 0 0 0 0 0 0 0 
0 0 1.39346966097836e-10 8.86122335747499e-20 2.89863624517944e-10 7.30593076284541e-10 0 0 0.00133587488700399 2.23992347507948e-14 2.53894385531713e-10 4.50953165626803e-14 8.4557679183947e-14 1.35895650550978e-09 1.01230861905506e-16 4.17552202944543e-15 3.56356929223451e-09 1.41822275743303e-18 6.05535685433315e-17 0 1.41597438866236e-19 1.04404763990152e-13 4.3874083939024e-10 5.81612303799959e-10 1.58996904651093e-14 0 0 1.27032556554867e-24 2.64657915832115e-19 5.75253107494415e-16 8.26910466656697e-18 1.09892429904159e-15 1.01602739746508e-09 4.38850744925647e-12 1.96856508895403e-23 1.80833123640184e-28 5.82865803618618e-20 6.67058609118346e-25 6.03958726460242e-20 8.39729339504309e-15 
3.93253734987241e-17 0 2.1494139050724e-25 1.66232344397944e-15 2.86184405702226e-15 1.29437396254583e-28 0 0 0 0 2.67383553988952e-21 0 1.87238247088452e-15 7.68224140151527e-18 1.67233616874101e-29 0 2.26487543919193e-15 2.00883284603897e-17 2.05033576990707e-21 2.64692891915879e-34 0 0 0 5.8544491650364e-27 0 0 0 6.93484164065029e-15 1.647879609927e-23 1.35190531921569e-32 9.46230065713643e-29 1.14968861850856e-32 7.18384673487896e-26 1.12483925862454e-29 1.89517280697725e-25 4.3292329993673e-13 3.02812129585166e-24 1.26927750031004e-32 1.19447419020098e-25 1.03041730976598e-29 
5.63603908380719e-20 6.01021327002933e-19 2.76636134426875e-24 1.64940025378028e-25 1.08653674472872e-23 2.6785931989263e-31 0 0 0 0 0 5.57458104695666e-18 0 0 0 1.6693219544292e-25 0 1.04988817655129e-30 0 4.65424154793121e-21 0 1.02196636846169e-27 8.83843890230593e-29 1.66414001200255e-24 5.21022323359457e-21 0 9.92991332363539e-22 1.63537481795727e-24 1.09705088512706e-26 0 0 0 1.23058970662384e-24 8.92748362590612e-20 3.17846922713242e-28 7.29794945847711e-16 7.50422579928916e-14 8.46528139637148e-24 4.36532414510223e-26 2.64203156429475e-18 
3.60081014309947e-18 4.95077768034338e-27 1.5744502064824e-23 1.08738985895376e-11 1.96949197384509e-13 9.6941600382064e-10 3.94619884817787e-11 0 2.79046309501819e-30 0 0 2.61351654132591e-28 0 0 0 0 6.42039921501263e-20 0 8.66843358387256e-23 0 0 0 1.87507198687979e-24 3.1506576972968e-21 0 0 0 4.44779651363309e-30 9.88083506491966e-21 0 6.69801975278151e-31 1.39995861888389e-31 2.27409398736152e-31 0 0 0 0 0 0 0 
1.23521389431523e-21 1.01648224211947e-28 0 5.60697915793998e-07 5.01736699235937e-26 8.08245674514144e-16 0 3.6677487227765e-26 5.98026485125796e-30 7.59956136596383e-33 0 2.88824418199902e-23 3.33507546797296e-17 2.2380070356709e-30 1.08435592070466e-19 9.24444314769365e-14 9.84471334695362e-10 3.58937355097286e-11 0 0 0 5.70426358982953e-14 2.79613835639553e-14 7.62381339716088e-21 0 2.74402859051666e-20 7.53408015323675e-17 2.35707094740958e-16 4.7549359704977e-17 6.66787289272727e-13 4.09277978125706e-12 8.40713486375569e-12 2.46915045658417e-11 5.32911340049744e-15 1.23350054461521e-12 4.61081832872786e-18 8.46368543140089e-34 5.11179456769975e-26 4.86051638268753e-24 6.68390534477728e-14 
3.44122389942108e-14 6.85188322952433e-16 1.1639940144582e-26 7.76825570933653e-31 0 0 6.03998124299483e-13 2.57798506773553e-12 0 2.74420843887317e-26 4.51909369620491e-10 0 0 6.78936557092704e-31 2.15216919975001e-28 8.88966094307077e-27 0 0 0 0 2.32371765891517e-28 2.12808898045325e-32 1.40586223761997e-33 1.02045754809579e-09 6.81215216802814e-33 0 4.69157226005558e-31 2.30881460637264e-29 1.18901722690614e-26 2.7576196273164e-25 1.99397876454594e-26 0 0 0 0 0 0 0 0 0 
0 0 0 0 0 1.33203699710297e-12 1.45187938431906e-33 6.96176653059073e-18 8.45784713283851e-22 1.06698862486452e-28 9.39494821539036e-33 1.15567196838139e-14 4.11964091618727e-16 5.10801627534052e-14 1.23213853598903e-13 6.57873188620177e-13 0 1.21567008463514e-30 9.12674514889837e-10 0 1.38543238701612e-11 6.65007704166712e-21 3.26457945229465e-25 1.9711930004748e-20 0 1.141497748938e-28 0 3.64065647840161e-17 6.51573895596431e-16 3.16352651750374e-25 0 0 1.15852181270117e-24 0 0 0 1.85485212636621e-32 0 0 0 
9.41664588868674e-28 0 0 0 0 7.1934568437391e-14 3.75512837234875e-22 1.85798966435172e-17 4.31559953024077e-17 8.85415657588768e-16 4.94839934882163e-13 1.83596688035041e-27 0 0 0 0 0 0 7.01471200126391e-27 0 0 0 0 0 1.70153303322881e-27 0 2.838528538558e-13 4.98595889992353e-31 2.07930100769641e-29 2.64953525962888e-16 2.13113312251612e-29 4.98926907192257e-22 0 0 0 2.96824016439977e-24 0 9.09000020173727e-11 3.84062364790867e-29 1.02043467334848e-09 
6.76497429676444e-16 9.64561020694087e-20 1.46262526367948e-14 7.57190063347554e-15 1.45927250056373e-22 4.95172273554913e-14 1.3464204765117e-16 3.14242198048556e-26 2.52519760145912e-23 2.87156273573541e-20 7.92308628814052e-14 1.06096670010568e-13 4.30793693821601e-16 1.56612316122904e-22 0 0 6.72825710232286e-20 2.24666588473396e-24 1.75509536127876e-31 2.59610146553613e-15 0.000175857030633704 1.32727819849153e-16 1.24141062023822e-05 6.95648018064808e-10 4.44910195956438e-11 4.06191091857982e-17 5.33845990094167e-13 7.07125797699675e-18 1.07712914147952e-25 4.14073055659154e-22 1.00350550940161e-12 8.19643006325408e-14 2.37378794823946e-18 8.82171819687465e-21 2.00359143780865e-29 3.66517793813983e-11 0 4.14750024664877e-23 9.37695383236362e-10 4.93128425047227e-21 
0 1.17464146778267e-29 0 0 5.49984400787821e-20 0 3.12859290757573e-19 0 8.79852559746591e-19 0 6.40590028135282e-18 0 0 1.26352914088165e-26 5.46621825278668e-33 0 0 0 1.79299342496927e-33 0 3.4245459364893e-32 2.05451362313098e-25 0 0 0 3.69083291877351e-14 1.61651303768483e-15 8.2529191680554e-10 1.89855334567383e-10 5.27155379203749e-12 0 2.81800396072672e-17 1.82245023996308e-16 4.99554088489472e-21 0 1.32859727169295e-32 1.0203888748824e-09 2.0026738301853e-19 2.82291144071637e-15 3.37027944874828e-19 
3.11180404323094e-14 2.54482109289531e-23 3.82999634399466e-21 3.47317197408937e-14 3.11547273090492e-22 3.131473466402e-22 0 6.53417971984589e-29 7.91612435261729e-21 4.89292506195336e-14 2.24586032644935e-14 0 0 1.6857340311552e-20 0 4.35017002250794e-19 1.0192637742343e-09 1.12238511279234e-12 2.13044479855978e-21 1.75598849665194e-25 3.48132372318515e-22 1.74909114042777e-24 5.42905813315342e-29 0 0 0 0 5.0169633762089e-31 0 0 0 0 0 0 0 5.93309373551835e-13 5.87150927703821e-12 1.12098336474566e-29 2.72278294082171e-27 2.0085214526975e-29 
0 0 0 8.16287416975025e-17 1.07773213380313e-13 7.10014362732531e-13 1.00310051547572e-09 1.00742920696587e-11 1.27825839675483e-20 5.26797020056642e-17 0 0 0 0 6.33436791823543e-32 3.66560120846015e-25 8.39943481367564e-19 0 2.78815680062577e-20 1.0203104579076e-09 1.14974757766912e-13 3.21145625943776e-14 8.14833285948228e-31 9.04401653679331e-28 2.42971840155203e-32 2.10466251791778e-15 2.60951313814979e-11 7.78685677763661e-32 6.21086448177038e-28 0 3.39750830338778e-18 3.62283294367582e-17 1.66794352416273e-22 2.73919632419522e-33 0 0 0 0 0 0 
0 0 0 1.23807037816828e-13 9.55636289253018e-21 0 1.20027257276904e-19 6.6469899606919e-21 2.18488840835831e-24 1.44426696808351e-19 1.24519724663016e-25 5.35756482111162e-33 0 7.67354839618576e-28 0 6.61978064436172e-20 3.13002942535516e-21 1.03191102348304e-21 0 1.53901476739413e-19 5.49201796854872e-22 4.08080765749817e-26 1.17838881615721e-32 0 0 3.02625159866734e-20 1.75128624288103e-16 9.02510971264809e-14 4.07435999152861e-24 0 0 2.38671186960888e-30 3.03081965824565e-25 3.72735005049844e-25 3.37244768192314e-22 2.03160220838049e-23 1.1440668708496e-25 0 2.83267962686625e-31 0 
2.4147802347072e-27 0 0 0 0 0 0 0 2.42600453183772e-31 0 0 0 0 0 3.36744614352562e-18 2.45109405116436e-18 5.65527617302331e-22 1.24918061612469e-17 0 2.48356264732179e-23 3.3340114498732e-25 6.25908470610955e-21 1.09347222128265e-27 0 0 0 0 0 0 6.39208012862723e-32 0 0 1.02314689322284e-18 3.53035978082529e-30 2.08594475674213e-31 1.9840083361389e-32 1.46845128225484e-30 0 0 0 
0 5.56257962598695e-12 5.8232862486104e-21 1.25868861712231e-26 7.65497384461815e-16 5.51666391495085e-12 2.7866981933865e-11 5.13021924032222e-11 1.80911821336046e-12 3.02309912385859e-17 0 1.71582538114246e-30 0 3.27707925786835e-25 3.11598797856417e-22 0 4.20463337002281e-28 9.08124269007945e-15 3.65078389386079e-17 5.17808995416091e-12 3.06352344665615e-13 2.96108682015096e-16 1.77215591943731e-23 3.44524668599887e-12 4.66548069873602e-26 1.21628313628595e-11 0 4.35623326918268e-24 0 2.74275325267162e-26 0 0 0 0 0 0 0 0 0 0 
1.4545638612146e-23 3.69215875513441e-12 1.70837160334996e-22 0 0 1.46291587517832e-32 5.04931320413685e-21 0 9.81680297036381e-31 0 0 0 1.01373884080515e-07 2.12457856706703e-05 1.98457831475676e-08 55.50837344 0 0 0 0 0 0 0 0 0 0 0 0 0 0 0 0 0 0 0 0 0 0 0 0 
0 0 0 0 0 0 0 0 0.0183301470360782 0 0 0 0 0 0 0 0 0 0 0 0 0 0 0 0 0 0 0 0 0 0 0 0 0 0 0 0 0 0 0 
0 0 0 0 0 0 0 0.218749781749469 0 0.000331712276360176 0 0 0 0 0 0 0 0 0 0 0 0 0 0 0 0.00459821269455502 0 0 0 0 0.00100868669639355 0 0 0 0 0 3.36009020389968e-10 0 0 0 
0 0 0.0119293475711007 0 0 0 0 0 0 0 0 0 0 1.01964076489429e-09 0 0 0 0 0 0 0 0 0 0 0 0 0 0 9.29511345083739e-10 0 0 0 0 0 0 0 0 0 0 0 
0 0 0 0 0 0 0 0 0 0 0 0 0 0 0 0 0 0 5.04396954301411e-10 0 0 0 0 0 0 0 0 0 0 0 0 0 5.02935133777228e-10 0 0.236478105985302 0 0 0 0 0 
0 0 0 0.0409383839120903 0 0 0 0 0 0 0 0 0 0 0 0 0 0.222470332338469 0 0 0 0 0 0 0 0 0 0 0 0 0 0 0 0 0 0 0 0 0 0 
0 0 0 0 0 0 0 0 0 0 0 0 0 0 0 0 0 0 0 0 0 0 0 0 0 0 0 0 0 0 0 0 0 0 0 0 0 0 0 0 
0 0 0 0 0 0 0 0 0 0 0 0 0 0 0 0 0 0 0 0 0 0 0 0 0 0 0 0 0 0 0 0 0 0 0 0 0 0 0 0 
0 0 0 0 0 0 0 0 0 0 0 0 0 0 0 0 0 0 0 0 0 0 0 0 0 0 0 0 0 0 0 0 0 0 0 0 0 0 0 0 
0 0 0 0 0 0 0 9.77965145363585e-10 0 0 0 0 5.68533017264568e-10 0 0 0 0 0 0 0 0 0 0 0 0 0 0 0 0 0 0 0 0 8.5035861335615e-08 0 0 0 0 0 0 
0 0 0 0 0 0 0 0 0 0 0 0 0 0 0 0 0 0 0 0 0 0 0 0 0 0 0 0 0 0 0 0 0 9.94119504981164e-10 0 0 0 0 0 0 
9.07273087586907e-10 0 0 0 1.01673812194347e-09 0 
<IC_m>
1.02045754809579e-09 1.02045754809579e-09 6.69222113045246e-07 1.02045754809579e-09 1.02045754809579e-09 1.02045754809579e-09 1.02045754809579e-09 1.02045754809579e-09 0.000511106002224559 1.02137585493079 7.89592188779546e-13 1.02045754809579e-09 0.000357015303668639 2.04091509721203 1.02045754809579e-09 9.0921415502882e-11 1.45604567498744e-11 1.02045754809579e-09 1.16367377360492e-11 0.00102045754809579 1.02045754809579e-09 1.02045754809579e-09 1.07016987115629e-06 0.00595159174575873 4.06749093394888e-12 1.02045754809579e-09 1.02045754809579e-09 0.00102045754809579 0.00307643266345888 1.02045754809579e-09 4.733068220151e-05 0 1.02045754809579e-09 1.02045670098254e-09 2.0274776816103e-07 0.00133588006358056 1.02045754809579e-09 1.02045754809579e-09 1.02045754809579e-09 0.00100410549772879 
1.17439528043717e-05 1.24036056186792e-11 1.02045754809579e-09 4.24663230935484e-11 4.51909369620491e-10 1.02045754809579e-09 1.02045754809579e-09 1.02045754809579e-09 4.05204395306545e-06 1.01440989720379e-09 0.000221416487105605 1.02045754809579e-09 1.02045754809579e-09 1.02045754809579e-09 1.02045754809579e-09 1.02045754809579e-09 1.02045754809579e-09 2.63115326836612e-11 1.13160266032832e-10 3.69231254510199e-12 -3.33015119263756e-16 
<IC_lm>
-8.99120503889288 -8.99120503889288 -6.17442970427793 -8.99120503889288 -8.99120503889288 -8.99120503889288 -8.99120503889288 -8.99120503889288 -3.29148901198836 0.00918558700906595 -12.102597131503 -8.99120503889288 -3.44731316003346 0.309824937643831 -8.99120503889288 -10.041333790731 -10.8368249788004 -8.99120503889288 -10.9341687307772 -2.99120505137177 -8.99120503889288 -8.99120503889288 -5.97054726760715 -2.22536686259276 -11.3906733827007 -8.99120503889288 -8.99120503889288 -2.99120505137177 -2.51195258102628 -8.99120503889288 -4.32485722678185 0 -8.99120503889288 -8.99120539941426 -6.69304390386574 -2.87423252545095 -8.99120503889288 -8.99120503889288 -8.99120503889288 -2.99822064880938 
-4.93018569247745 -10.9064520282288 -8.99120503889288 -10.371955318787 -9.34494863473582 -8.99120503889288 -8.99120503889288 -8.99120503889288 -5.39232584122055 -8.99378650349351 -3.65479003623362 -8.99120503889288 -8.99120503889288 -8.99120503889288 -8.99120503889288 -8.99120503889288 -8.99120503889288 -10.579853830911 -9.94630601952774 -11.4327015203612 0 
<IC_wm>
2.07934634493332e-07 9.88085251096016e-08 1.62084847487372e-05 2.22590820184492e-07 6.86290554305157e-08 9.90208584196374e-09 1.25793121973815e-07 7.3192990726655e-08 0.00551065740080895 36.7449492675833 7.96763231224087e-11 2.29918913030072e-07 0.0606015466915103 64.9507173247038 2.26254866607282e-07 4.80985796285373e-09 6.79596218993538e-10 1.21742884744973e-07 6.63782056718383e-10 0.264006268860757 1.39200791785474e-07 1.74027546464796e-08 5.36467057252974e-05 0.00538463923741172 7.32396441537202e-10 1.51078066963177e-07 1.16245997442957e-07 0.163203955093005 0.107972046352229 6.35803654116912e-09 0.00103262926476555 0 8.79004728440984e-08 1.28305638819953e-08 2.54921956886299e-06 0.0275682174674308 8.5103343014112e-08 5.37638368022508e-08 2.17094750550307e-07 0.0144204298468671 
0.000927884267120812 3.44864492832676e-10 1.89797601905076e-07 7.89842389810526e-09 4.3169858651202e-08 1.91446425590777e-07 2.2350683179019e-07 2.07018622887635e-07 0.000116626668505591 7.19096463130095e-08 0.00558220637325143 1.37731505591765e-07 1.08739736873717e-07 8.02609394071159e-08 8.97691373583549e-08 2.12549230251887e-07 4.38467280610569e-08 5.6218838758518e-09 6.64117449740584e-09 3.02352522510996e-10 -0 
<Aalp>
0 0 0 0 0 0 0 0 0 0 0 0 0 0 0 0 0 0 0 0 0 0 0 0 0 0 0 0 0 0 0 0 0 0 0 0 0 0 0 0 
0 0 0 0 0 0 0 0 0 0 0 0 0 0 0 0 0 0 0 0 0 0 0 0 0 0 0 0 0 0 0 0 0 0 0 0 0 0 0 0 
0 0 0 0 0 0 0 0 0 0 0 0 0 0 0 0 0 0 0 0 0 0 0 0 0 0 0 0 0 0 0 0 0 0 0 0 0 0 0 0 
0 0 0 0 0 0 0 0 0 0 0 0 0 0 0 0 0 0 0 0 0 0 0 0 0 0 0 0 0 0 0 0 0 0 0 0 0 0 0 0 
0 0 0 0 0 0 0 0 0 0 0 0 0 0 0 0 0 0 0 0 0 0 0 0 0 0 0 0 0 0 0 0 0 0 0 0 0 0 0 0 
0 0 0 0 0 0 0 0 0 0 0 0 0 0 0 0 0 0 0 0 0 0 0 0 0 0 0 0 0 0 0 0 0 0 0 0 0 0 0 0 
0 0 0 0 0 0 0 0 0 0 0 0 0 0 0 0 0 0 0 0 0 0 0 0 0 0 0 0 0 0 0 0 0 0 0 0 0 0 0 0 
0 0 0 0 0 0 0 0 0 0 0 0 0 0 0 0 0 0 0 0 0 0 0 0 0 0 0 0 0 0 0 0 0 0 0 0 0 0 0 0 
0 0 0 0 0 0 0 0 0 0 0 0 0 0 0 0 0 0 0 0 0 0 0 0 0 0 0 0 0 0 0 0 0 0 0 0 0 0 0 0 
0 0 0 0 0 0 0 0 0 0 0 0 0 0 0 0 0 0 0 0 0 0 0 0 0 0 0 0 0 0 0 0 0 0 0 0 0 0 0 0 
0 0 0 0 0 0 0 0 0 0 0 0 0 0 0 0 0 0 0 0 0 0 
<Xr0h0>
0 0 0 0 0 0 0 0 0 0 0 0 0 0 0 0 0 0 0 0 0 0 0 0 0 0 0 0 0 0 0 0 0 0 0 0 0 0 0 0 
0 0 0 0 0 0 0 0 0 0 0 0 0 0 0 0 0 0 0 0 0 0 0 0 0 0 0 0 0 0 0 0 0 0 0 0 0 0 0 0 
0 0 0 0 0 0 0 0 0 0 0 0 0 0 0 0 0 0 0 0 0 0 0 0 0 0 0 0 0 0 0 0 0 0 0 0 0 0 0 0 
0 0 0 0 0 0 0 0 0 0 0 0 0 0 0 0 0 0 0 0 0 0 0 0 0 0 0 0 0 0 0 0 0 0 0 0 0 0 0 0 
0 0 0 0 0 0 0 0 0 0 0 0 0 0 0 0 0 0 0 0 0 0 0 0 0 0 0 0 0 0 0 0 0 0 0 0 0 0 0 0 
0 0 0 0 0 0 0 0 0 0 0 0 0 0 0 0 0 0 0 0 0 0 0 0 0 0 0 0 0 0 0 0 0 0 0 0 0 0 0 0 
0 0 0 0 0 0 0 0 0 0 0 0 0 0 0 0 0 0 0 0 0 0 0 0 0 0 0 0 0 0 0 0 0 0 0 0 0 0 0 0 
0 0 0 0 0 0 0 0 0 0 0 0 0 0 0 0 0 0 0 0 0 0 0 0 0 0 0 0 0 0 0 0 0 0 0 0 0 0 0 0 
0 0 0 0 0 0 0 0 0 0 0 0 0 0 0 0 0 0 0 0 0 0 0 0 0 0 0 0 0 0 0 0 0 0 0 0 0 0 0 0 
0 0 0 0 0 0 0 0 0 0 0 0 0 0 0 0 0 0 0 0 0 0 0 0 0 0 0 0 0 0 0 0 0 0 0 0 0 0 0 0 
0 0 0 0 0 0 0 0 0 0 0 0 0 0 0 0 0 0 0 0 0 0 0 0 0 0 0 0 0 0 0 0 0 0 0 0 0 0 0 0 
0 0 0 0 0 0 0 0 0 0 0 0 0 0 0 0 0 0 0 0 0 0 0 0 0 0 0 0 0 0 0 0 0 0 0 0 0 0 0 0 
0 0 0 0 0 0 0 0 0 0 0 0 0 0 0 0 0 0 0 0 0 0 0 0 0 0 0 0 0 0 0 0 0 0 0 0 0 0 0 0 
0 0 0 0 0 0 0 0 0 0 0 0 0 0 0 0 0 0 0 0 0 0 0 0 0 0 0 0 0 0 0 0 0 0 0 0 0 0 0 0 
0 0 0 0 0 0 0 0 0 0 0 0 0 0 0 0 0 0 0 0 0 0 0 0 0 0 0 0 0 0 0 0 0 0 0 0 0 0 0 0 
0 0 0 0 0 0 0 0 0 0 0 0 0 0 0 0 0 0 0 0 0 0 0 0 0 0 0 0 0 0 0 0 0 0 0 0 0 0 0 0 
0 0 0 0 0 0 0 0 0 0 0 0 0 0 0 0 0 0 0 0 0 0 0 0 0 0 0 0 0 0 0 0 0 0 0 0 0 0 0 0 
0 0 0 0 0 0 0 0 0 0 0 0 0 0 0 0 0 0 0 0 0 0 0 0 0 0 0 0 0 0 0 0 0 0 0 0 0 0 0 0 
0 0 0 0 0 0 0 0 0 0 0 0 0 0 0 0 0 0 0 0 0 0 0 0 0 0 0 0 0 0 0 0 0 0 0 0 0 0 0 0 
0 0 0 0 0 0 0 0 0 0 0 0 0 0 0 0 0 0 0 0 0 0 0 0 0 0 0 0 0 0 0 0 0 0 0 0 0 0 0 0 
0 0 0 0 0 0 0 0 0 0 0 0 0 0 0 0 0 0 0 0 0 0 0 0 0 0 0 0 0 0 0 0 0 0 0 0 0 0 0 0 
0 0 0 0 
<Sigw>
0 0 0 0 0 0 0 0 0 0 0 0 0 0 0 0 0 0 0 0 0 0 0 0 0 0 0 0 0 0 0 0 0 0 0 0 0 0 0 0 
0 0 0 0 0 0 0 0 0 0 0 0 0 0 0 0 0 0 0 0 0 0 0 0 0 0 0 0 0 0 0 0 0 0 0 0 0 0 0 0 
0 0 0 0 0 0 0 0 0 0 0 0 0 0 0 0 0 0 0 0 0 0 0 0 0 0 0 0 0 0 0 0 0 0 0 0 0 0 0 0 
0 0 0 0 0 0 0 0 0 0 0 0 0 0 0 0 0 0 0 0 0 0 0 0 0 0 0 0 0 0 0 0 0 0 0 0 0 0 0 0 
0 0 0 0 0 0 0 0 0 0 0 0 0 0 0 0 0 0 0 0 0 0 0 0 0 0 0 0 0 0 0 0 0 0 0 0 0 0 0 0 
0 0 0 0 0 0 0 0 0 0 0 0 0 0 0 0 0 0 0 0 0 0 0 0 0 0 0 0 0 0 0 0 0 0 0 0 0 0 0 0 
0 0 0 0 0 0 0 0 0 0 0 0 0 0 0 0 0 0 0 0 0 0 0 0 0 0 0 0 0 0 0 0 0 0 0 0 0 0 0 0 
0 0 0 0 0 0 0 0 0 0 0 0 0 0 0 0 0 0 0 0 0 0 0 0 0 0 0 0 0 0 0 0 0 0 0 0 0 0 0 0 
0 0 0 0 0 0 0 0 0 0 0 0 0 0 0 0 0 0 0 0 0 0 0 0 0 0 0 0 0 0 0 0 0 0 0 0 0 0 0 0 
0 0 0 0 0 0 0 0 0 0 0 0 0 0 0 0 0 0 0 0 0 0 0 0 0 0 0 0 0 0 0 0 0 0 0 0 0 0 0 0 
0 0 0 0 0 0 0 0 0 0 0 0 0 0 0 0 0 0 0 0 0 0 
<Sigg>
0 0 0 0 0 0 0 0 0 0 0 0 0 0 0 0 0 0 0 0 0 0 0 0 0 0 0 0 0 0 0 0 0 0 0 0 0 0 0 0 
0 0 0 0 0 0 0 0 0 0 0 0 0 0 0 0 0 0 0 0 0 0 0 0 0 0 0 0 0 0 0 0 0 0 0 0 0 0 0 0 
0 0 0 0 0 0 0 0 0 0 0 0 0 0 0 0 0 0 0 0 0 0 0 0 0 0 0 0 0 0 0 0 0 0 0 0 0 0 0 0 
0 0 0 0 0 0 0 0 0 0 0 0 0 0 0 0 0 0 0 0 0 0 0 0 0 0 0 0 0 0 0 0 0 0 0 0 0 0 0 0 
0 0 0 0 0 0 0 0 0 0 0 0 0 0 0 0 0 0 0 0 0 0 0 0 0 0 0 0 0 0 0 0 0 0 0 0 0 0 0 0 
0 0 0 0 0 0 0 0 0 0 0 0 0 0 0 0 0 0 0 0 0 0 0 0 0 0 0 0 0 0 0 0 0 0 0 0 0 0 0 0 
0 0 0 0 0 0 0 0 0 0 0 0 0 0 0 0 0 0 0 0 0 0 0 0 0 0 0 0 0 0 0 0 0 0 0 0 0 0 0 0 
0 0 0 0 0 0 0 0 0 0 0 0 0 0 0 0 0 0 0 0 0 0 0 0 0 0 0 0 0 0 0 0 0 0 0 0 0 0 0 0 
0 0 0 0 0 0 0 0 0 0 0 0 0 0 0 0 0 0 0 0 0 0 0 0 0 0 0 0 0 0 0 0 0 0 0 0 0 0 0 0 
0 0 0 0 0 0 0 0 0 0 0 0 0 0 0 0 0 0 0 0 0 0 0 0 0 0 0 0 0 0 0 0 0 0 0 0 0 0 0 0 
0 0 0 0 0 0 0 0 0 0 0 0 0 0 0 0 0 0 0 0 0 0 
<EZ>
3 0 2 -1 2 1 0 0 2 0 2 1 -1 2 1 0 1 0 -1 -2 -3 -1 -2 -1 0 -1 -2 -3 0 -1 -1 0 0 -1 -2 -3 -1 0 -1 -2 
-1 0 -2 -1 -1 3 2 1 0 -1 -2 -3 1 0 -1 7 4 5 2 0 -1 0 -1 1 2 3 -1 -3 1 0 -3 2 1 -1 -2 2 1 2 1 -1 
0 2 1 -1 1 2 1 -3 -5 -1 1 0 2 -1 0 1 -1 -3 2 -1 1 2 -3 0 -1 -1 -1 -1 -1 -1 -2 0 -1 2 1 0 1 1 1 0 
1 -1 0 0 -2 -1 0 -1 0 -2 2 3 3 2 1 0 -1 3 3 2 0 -2 1 1 1 0 -1 0 1 1 0 0 4 2 1 1 0 -2 -1 4 
0 0 1 0 4 0 -2 2 4 0 2 -2 0 1 0 -1 -2 1 1 0 0 -1 -2 1 0 -1 -2 3 1 -1 -2 0 3 2 2 1 -3 -1 -1 3 
-1 -3 1 2 1 2 1 2 2 1 1 2 1 0 2 2 -1 1 2 2 0 1 0 -1 -2 1 1 0 0 1 0 -1 -2 3 4 1 0 0 2 3 
2 1 2 1 2 1 0 2 1 -2 -2 -1 1 2 1 0 -1 4 5 -2 -3 0 0 -1 -2 -2 -4 -3 1 1 1 2 1 0 -1 -2 0 -1 -2 0 
1 0 -1 -2 1 0 -1 -2 0 1 0 -2 -1 -1 0 0 -1 -1 -2 2 3 2 0 1 -2 0 -4 3 -1 1 2 1 2 1 0 -1 2 -1 1 2 
-1 2 3 2 1 -3 -4 -2 -3 0 1 2 1 0 -1 1 -3 -2 -1 -2 1 2 1 0 1 0 1 2 0 1 1 0 1 0 -1 -1 4 5 1 2 
0 0 0 1 2 -1 -2 0 1 1 2 0 -1 0 -2 -1 0 -1 -1 0 -2 0 -1 -1 -2 -2 -1 0 1 2 -3 0 -1 -2 -3 0 -1 0 0 -1 
-6 -5 -7 0 -1 -1 0 -3 -2 0 -1 0 -1 -1 -1 0 -1 0 -1 -1 -1 0 2 0 -2 1 0 -1 -2 -3 -2 1 0 0 2 1 0 -1 1 -1 
0 -1 -2 -1 -2 0 3 -1 1 2 1 2 1 0 -1 2 -1 1 2 -1 0 -1 -1 1 -1 -3 -2 -3 0 0 -1 0 -2 -1 1 0 0 -1 0 -2 
-1 2 1 0 -1 -2 1 1 1 0 -1 1 0 1 0 -2 -1 0 0 1 0 0 -2 2 3 0 1 2 1 2 1 0 1 0 1 -1 -2 1 2 1 
0 0 -2 0 0 1 -1 -1 1 0 -1 -3 0 0 0 -1 0 -2 -1 -8 1 0 -1 -2 2 -2 -3 -2 0 -1 -4 1 -2 -3 1 0 1 1 0 -1 
1 -1 0 0 1 2 2 2 2 2 2 1 0 -1 3 4 1 0 -2 -2 0 -1 1 0 0 1 0 1 3 4 -1 -3 -4 -6 1 -2 2 3 1 0 
-2 -3 -1 -2 -1 2 3 1 2 3 3 1 2 -6 -2 -3 -4 -5 0 -1 -1 -4 -3 -2 -2 1 -3 -4 0 1 0 -1 1 2 0 1 0 2 3 -2 
-2 -1 -2 0 -1 -1 -2 -2 0 1 0 -1 0 1 2 1 0 0 -1 -1 -2 1 -3 -1 0 -2 0 -1 0 1 2 0 -2 2 1 3 0 -1 1 2 
2 3 0 -2 -4 -3 4 3 2 1 0 2 1 3 2 1 0 -1 -1 -3 1 0 2 1 -1 -2 0 -1 -1 1 0 -1 -2 -3 -2 1 -2 1 0 0 
0 -1 3 2 4 4 1 -1 -2 0 0 2 1 0 -1 -2 2 2 2 2 0 -1 1 0 2 4 -2 1 0 -1 -2 -2 2 1 3 2 1 0 -2 3 
-1 0 -2 0 2 3 4 -1 -3 -4 -6 1 -1 -2 0 2 3 0 -1 -3 -2 -2 -1 2 3 1 2 1 0 2 4 3 1 2 -6 -2 -3 -4 -5 0 
-1 1 0 1 0 1 2 0 1 0 2 3 0 1 0 2 0 -1 0 1 -1 -2 0 -1 0 1 1 2 0 -1 -2 -3 2 0 -1 1 2 2 3 2 
0 1 1 1 0 0 -2 -1 -2 -2 -2 0 -2 -1 -2 -2 -2 -2 -2 -3 0 -4 -1 -2 3 -1 1 2 1 2 1 0 -1 4 4 2 -1 1 2 2 
4 1 0 -1 1 3 0 2 -1 0 -2 -1 -2 1 0 -1 -2 0 -2 -4 1 0 -1 0 1 0 -1 0 -1 -2 2 1 0 -1 1 0 2 1 0 1 
1 1 0 1 -1 0 0 -2 3 0 -1 -1 -2 -1 -4 2 0 -1 4 -6 3 3 2 1 0 -2 2 3 4 3 2 1 3 2 3 2 0 6 5 4 
8 10 9 3 -2 0 -1 -2 -5 -2 2 3 0 -2 2 3 2 4 2 0 -1 1 4 -4 -6 -1 -2 3 0 -2 -2 -3 -1 3 2 1 0 -1 -2 3 
3 2 3 1 2 -6 -2 -4 -5 0 -1 -2 -3 -1 -2 -1 1 0 0 -3 -2 1 0 -1 -2 2 1 0 3 0 1 0 0 -1 1 0 -1 0 1 2 
0 1 0 1 0 1 1 -6 2 3 2 1 -1 1 0 -1 -2 1 1 -2 -4 0 -1 -6 0 -1 1 -2 -4 0 -2 0 1 0 -2 -4 2 2 3 0 
2 2 -2 2 0 1 0 -1 -2 1 0 -2 -4 1 0 -1 -3 0 -1 0 -1 -2 3 1 -2 -1 -2 0 4 -4 3 2 3 2 1 0 -1 -2 2 3 
2 0 -2 8 3 1 0 8 3 0 -2 2 0 -1 1 0 0 0 0 0 0 0 0 0 0 0 0 0 0 0 0 0 0 0 0 0 0 0 0 0 
0 0 0 0 0 0 0 0 0 0 0 0 0 0 0 0 0 0 0 0 0 0 0 0 0 0 0 0 0 0 0 0 0 0 0 0 0 0 0 0 
0 0 0 0 0 0 0 0 0 0 0 0 0 0 0 0 0 0 0 0 0 0 0 0 0 0 0 0 0 0 0 0 0 0 0 0 0 0 0 0 
0 0 0 0 0 0 0 0 0 0 0 0 0 0 0 0 0 0 0 0 0 0 0 0 0 0 0 0 0 0 0 0 0 0 0 0 0 0 0 0 
0 0 0 0 0 0 0 0 0 0 0 0 0 0 0 0 0 0 0 0 0 0 0 0 0 0 0 0 0 0 0 0 0 0 0 0 0 0 0 0 
0 0 0 0 0 0 0 0 0 0 0 0 0 0 0 0 0 0 0 0 0 0 0 0 0 0 0 0 0 0 0 0 0 0 0 0 0 0 0 0 
0 0 0 0 0 0 0 0 0 0 0 0 0 0 0 0 0 0 0 0 0 0 0 0 0 0 0 0 0 0 0 0 0 0 0 0 0 0 0 0 
0 0 0 0 0 0 0 0 0 0 0 0 0 0 0 0 0 0 0 0 0 0 0 0 0 0 0 0 0 0 0 0 0 0 0 0 0 0 0 0 
0 0 0 0 0 0 0 0 0 0 0 0 0 0 0 0 0 0 0 0 0 0 0 0 0 0 0 0 0 0 0 0 0 0 0 0 0 0 0 0 
0 0 0 0 0 0 0 0 0 0 0 0 0 0 0 0 0 0 0 0 0 0 0 0 0 0 0 0 0 0 0 0 0 0 0 0 0 0 0 0 
0 0 0 0 0 0 0 0 0 0 0 0 0 0 0 0 0 0 0 0 0 0 0 0 0 0 0 0 0 0 0 0 0 0 0 0 0 0 0 0 
0 0 0 0 0 0 
<Xcond>
0 0 0 0 0 0 0 0 0 0 0 0 0 0 0 0 0 0 0 0 0 0 0 0 0 0 0 0 0 0 0 0 0 0 0 0 0 0 0 0 
0 0 0 0 0 0 0 0 0 0 0 0 0 0 0 0 0 0 0 0 0 0 0 0 0 0 0 0 0 0 0 0 0 0 0 0 0 0 0 0 
0 0 0 0 0 0 0 0 0 0 0 0 0 0 0 0 0 0 0 0 0 0 0 0 0 0 0 0 0 0 0 0 0 0 0 0 0 0 0 0 
0 0 0 0 0 0 0 0 0 0 0 0 0 0 0 0 0 0 0 0 0 0 0 0 0 0 0 0 0 0 0 0 0 0 0 0 0 0 0 0 
0 0 0 0 0 0 0 0 0 0 0 0 0 0 0 0 0 0 0 0 0 0 0 0 0 0 0 0 0 0 0 0 0 0 0 0 0 0 0 0 
0 0 0 0 0 0 0 0 0 0 0 0 0 0 0 0 0 0 0 0 0 0 0 0 0 0 0 0 0 0 0 0 0 0 0 0 0 0 0 0 
0 0 0 0 0 0 0 0 0 0 0 0 0 0 0 0 0 0 0 0 0 0 0 0 0 0 0 0 0 0 0 0 0 0 0 0 0 0 0 0 
0 0 0 0 0 0 0 0 0 0 0 0 0 0 0 0 0 0 0 0 0 0 0 0 0 0 0 0 0 0 0 0 0 0 0 0 0 0 0 0 
0 0 0 0 0 0 0 0 0 0 0 0 0 0 0 0 0 0 0 0 0 0 0 0 0 0 0 0 0 0 0 0 0 0 0 0 0 0 0 0 
0 0 0 0 0 0 0 0 0 0 0 0 0 0 0 0 0 0 0 0 0 0 0 0 0 0 0 0 0 0 0 0 0 0 0 0 0 0 0 0 
0 0 0 0 0 0 0 0 0 0 0 0 0 0 0 0 0 0 0 0 0 0 
<Xeps>
0 0 0 0 0 0 0 0 0 0 0 0 0 0 0 0 0 0 0 0 0 0 0 0 0 0 0 0 0 0 0 0 0 0 0 0 0 0 0 0 
0 0 0 0 0 0 0 0 0 0 0 0 0 0 0 0 0 0 0 0 0 0 0 0 0 0 0 0 0 0 0 0 0 0 0 0 0 0 0 0 
0 0 0 0 0 0 0 0 0 0 0 0 0 0 0 0 0 0 0 0 0 0 0 0 0 0 0 0 0 0 0 0 0 0 0 0 0 0 0 0 
0 0 0 0 0 0 0 0 0 0 0 0 0 0 0 0 0 0 0 0 0 0 0 0 0 0 0 0 0 0 0 0 0 0 0 0 0 0 0 0 
0 0 0 0 0 0 0 0 0 0 0 0 0 0 0 0 0 0 0 0 0 0 0 0 0 0 0 0 0 0 0 0 0 0 0 0 0 0 0 0 
0 0 0 0 0 0 0 0 0 0 0 0 0 0 0 0 0 0 0 0 0 0 0 0 0 0 0 0 0 0 0 0 0 0 0 0 0 0 0 0 
0 0 0 0 0 0 0 0 0 0 0 0 0 0 0 0 0 0 0 0 0 0 0 0 0 0 0 0 0 0 0 0 0 0 0 0 0 0 0 0 
0 0 0 0 0 0 0 0 0 0 0 0 0 0 0 0 0 0 0 0 0 0 0 0 0 0 0 0 0 0 0 0 0 0 0 0 0 0 0 0 
0 0 0 0 0 0 0 0 0 0 0 0 0 0 0 0 0 0 0 0 0 0 0 0 0 0 0 0 0 0 0 0 0 0 0 0 0 0 0 0 
0 0 0 0 0 0 0 0 0 0 0 0 0 0 0 0 0 0 0 0 0 0 0 0 0 0 0 0 0 0 0 0 0 0 0 0 0 0 0 0 
0 0 0 0 0 0 0 0 0 0 0 0 0 0 0 0 0 0 0 0 0 0 
<Fug>
0.553899440128947 4.78341237216623e-06 0.00181495220274278 0.444055431330749 3.94336358189678e-06 2.6253974656602e-12 4.41225684975935e-10 1.83873003101374e-16 0.000221451705404104 0 
<Fug_l>
-0.256569072705336 -5.32026215419921 -2.74113479572718 -0.352562812082515 -5.40413315503069 -11.5808048875727 -9.35533917300583 -15.735481961807 -3.65472095483923 -62.1041596830512 
<Ppg_l>
-0.256569072705336 -5.32026215419921 -2.74113479572718 -0.352562812082515 -5.40413315503069 -11.5808048875727 -9.35533917300583 -15.735481961807 -3.65472095483923 -62.1041596830512 
<sMod>
'SNNSNNNN' 'INNINNNN' 
<LsMod>
3128 2 2 0 0 0 
<IPxPH>
197 654 198 654 528 654 197 620 198 620 528 620 197 613 198 613 528 613 197 655 198 655 528 655 197 815 198 815 528 815 197 794 198 794 528 794 197 989 198 989 
528 989 197 1048 198 1048 528 1048 197 1013 198 1013 528 1013 197 1018 198 1018 528 1018 197 1047 198 1047 528 1047 197 1049 198 1049 528 1049 197 1063 198 1063 528 1063 197 1005 
198 1005 528 1005 197 1050 198 1050 528 1050 197 1051 198 1051 528 1051 197 1052 198 1052 528 1052 197 1058 198 1058 528 1058 197 1053 198 1053 528 1053 197 1014 198 1014 528 1014 
197 1 198 1 528 1 197 3 198 3 528 3 197 9 198 9 528 9 197 11 198 11 528 11 197 12 198 12 528 12 197 0 198 0 528 0 197 2 198 2 
528 2 197 4 198 4 528 4 197 5 198 5 528 5 197 6 198 6 528 6 197 8 198 8 528 8 197 7 198 7 528 7 197 10 198 10 528 10 197 13 
198 13 528 13 197 14 198 14 528 14 197 15 198 15 15 528 197 21 198 21 528 21 197 22 198 22 528 22 197 30 198 30 528 30 197 36 198 36 528 36 
197 38 198 38 528 38 197 42 198 42 528 42 197 16 198 16 528 16 197 39 198 39 528 39 197 41 198 41 41 528 197 17 198 17 528 17 197 18 198 18 
528 18 197 19 198 19 528 19 197 20 198 20 528 20 197 24 198 24 528 24 197 25 198 25 528 25 197 26 198 26 528 26 197 27 198 27 528 27 197 23 
198 23 528 23 197 28 198 28 528 28 197 29 198 29 528 29 197 31 198 31 528 31 197 32 198 32 528 32 197 33 198 33 528 33 197 34 198 34 528 34 
197 35 198 35 528 35 197 37 198 37 528 37 197 43 198 43 528 43 197 44 198 44 528 44 197 40 198 40 528 40 197 52 52 198 52 528 197 59 59 198 
59 528 60 197 198 60 528 60 197 53 198 53 53 528 197 54 198 54 528 54 197 62 198 62 528 62 197 45 198 45 528 45 197 55 198 55 528 55 197 56 
198 56 528 56 197 57 198 57 528 57 197 46 198 46 528 46 197 47 198 47 528 47 197 48 198 48 528 48 197 49 198 49 528 49 197 50 198 50 528 50 
197 51 198 51 528 51 197 58 198 58 528 58 197 61 198 61 528 61 197 64 198 64 528 64 197 63 198 63 528 63 197 69 198 69 528 69 197 70 198 70 
528 70 197 66 198 66 528 66 197 67 198 67 528 67 197 73 198 73 528 73 197 74 198 74 528 74 197 78 198 78 528 78 197 79 198 79 528 79 197 80 
198 80 528 80 197 83 198 83 528 83 197 84 198 84 528 84 197 90 198 90 528 90 197 91 198 91 528 91 197 95 198 95 528 95 197 96 198 96 528 96 
197 97 198 97 528 97 197 99 198 99 528 99 197 65 198 65 528 65 197 71 198 71 528 71 197 72 198 72 528 72 197 68 198 68 528 68 197 75 198 75 
528 75 197 76 198 76 528 76 197 81 198 81 528 81 197 77 198 77 528 77 197 82 198 82 528 82 197 85 198 85 528 85 197 87 198 87 528 87 197 88 
198 88 528 88 197 93 198 93 528 93 197 86 198 86 528 86 197 89 198 89 528 89 197 94 198 94 528 94 197 92 198 92 528 92 197 98 198 98 528 98 
197 101 198 101 528 101 197 100 198 100 528 100 197 103 198 103 528 103 197 104 198 104 528 104 197 102 198 102 528 102 197 111 198 111 528 111 197 112 198 112 
528 112 197 113 198 113 528 113 197 123 198 123 528 123 197 115 198 115 528 115 197 116 198 116 528 116 197 118 198 118 528 118 197 117 198 117 528 117 197 119 
198 119 528 119 197 120 198 120 528 120 197 121 198 121 528 121 197 122 198 122 528 122 197 124 198 124 528 124 197 125 198 125 528 125 197 136 198 136 528 136 
197 141 198 141 528 141 197 144 198 144 528 144 197 147 198 147 528 147 197 148 198 148 528 148 197 145 198 145 528 145 197 146 198 146 528 146 197 156 198 156 
528 156 197 157 198 157 528 157 197 130 198 130 528 130 197 131 198 131 528 131 197 137 198 137 528 137 197 165 198 165 528 165 197 167 198 167 528 167 197 132 
198 132 528 132 197 138 198 138 528 138 197 153 198 153 528 153 197 168 198 168 528 168 197 152 198 152 528 152 197 159 198 159 528 159 197 164 198 164 528 164 
197 133 198 133 528 133 197 139 198 139 528 139 197 135 198 135 528 135 197 142 198 142 528 142 197 149 198 149 528 149 197 143 198 143 528 143 197 150 198 150 
528 150 197 151 198 151 528 151 197 154 198 154 528 154 197 155 198 155 528 155 197 158 198 158 528 158 197 161 198 161 528 161 197 162 198 162 528 162 197 163 
198 163 528 163 197 160 198 160 528 160 197 166 198 166 528 166 197 169 198 169 528 169 197 171 198 171 528 171 197 180 198 180 528 180 197 181 198 181 528 181 
197 182 198 182 528 182 197 184 198 184 528 184 197 185 198 185 528 185 197 186 198 186 528 186 197 190 198 190 528 190 197 170 198 170 528 170 197 187 198 187 
528 187 197 173 198 173 528 173 197 174 198 174 528 174 197 175 198 175 528 175 197 176 198 176 528 176 197 172 198 172 528 172 197 178 198 178 528 178 197 177 
198 177 528 177 197 179 198 179 528 179 197 183 198 183 528 183 197 188 198 188 528 188 197 189 198 189 528 189 197 191 198 191 528 191 197 192 198 192 528 192 
197 193 198 193 528 193 197 194 198 194 528 194 197 195 198 195 528 195 197 126 198 126 528 126 197 196 198 196 528 196 197 200 198 200 528 200 197 201 198 201 
528 201 197 210 198 210 528 210 197 212 198 212 528 212 197 213 198 213 528 213 197 216 198 216 528 216 197 199 198 199 528 199 197 203 198 203 528 203 197 204 
198 204 528 204 197 202 198 202 528 202 197 205 198 205 528 205 197 206 198 206 528 206 197 208 198 208 528 208 197 207 198 207 528 207 197 209 198 209 528 209 
197 211 198 211 528 211 197 214 198 214 528 214 197 215 198 215 528 215 197 218 198 218 528 218 197 217 198 217 528 217 197 127 198 127 528 127 197 128 198 128 
528 128 197 129 198 129 528 129 197 269 198 269 528 269 197 275 198 275 528 275 197 277 198 277 528 277 197 292 198 292 528 292 197 291 198 291 528 291 197 286 
198 286 528 286 197 285 198 285 528 285 197 287 198 287 528 287 197 293 198 293 528 293 197 296 198 296 528 296 197 295 198 295 528 295 197 297 198 297 528 297 
197 298 198 298 528 298 197 270 198 270 528 270 197 271 198 271 528 271 197 299 198 299 528 299 197 278 198 278 528 278 197 300 198 300 528 300 197 304 198 304 
528 304 197 301 198 301 528 301 197 279 198 279 528 279 197 280 198 280 528 280 197 282 198 282 528 282 197 281 198 281 528 281 197 283 198 283 528 283 197 276 
198 276 528 276 197 288 198 288 528 288 197 289 198 289 528 289 197 284 198 284 528 284 197 290 198 290 528 290 197 294 198 294 528 294 197 302 198 302 528 302 
197 303 198 303 528 303 197 305 198 305 528 305 197 306 198 306 528 306 197 308 198 308 528 308 197 313 198 313 528 313 197 314 198 314 528 314 197 315 198 315 
528 315 197 317 198 317 528 317 197 307 198 307 528 307 197 309 198 309 528 309 197 310 198 310 528 310 197 311 198 311 528 311 197 312 198 312 528 312 197 316 
198 316 528 316 197 319 198 319 528 319 197 318 198 318 528 318 197 320 198 320 528 320 197 325 198 325 528 325 197 326 198 326 528 326 197 327 198 327 528 327 
197 328 198 328 528 328 197 343 198 343 528 343 197 348 198 348 528 348 197 351 198 351 528 351 197 352 198 352 528 352 197 354 198 354 528 354 197 353 198 353 
528 353 197 355 198 355 528 355 197 360 198 360 528 360 197 363 198 363 528 363 197 365 198 365 528 365 197 366 198 366 528 366 197 321 198 321 528 321 197 322 
198 322 528 322 197 356 198 356 528 356 197 357 198 357 528 357 197 330 198 330 528 330 197 331 198 331 528 331 197 332 198 332 528 332 197 333 198 333 528 333 
197 334 198 334 528 334 197 329 198 329 528 329 197 340 198 340 528 340 197 341 198 341 528 341 197 342 198 342 528 342 197 344 198 344 528 344 197 345 198 345 
528 345 197 350 198 350 528 350 197 349 198 349 528 349 197 346 198 346 528 346 197 347 198 347 528 347 197 358 198 358 528 358 197 359 198 359 528 359 197 361 
198 361 528 361 197 362 198 362 528 362 197 364 198 364 528 364 197 369 198 369 528 369 197 370 198 370 528 370 197 367 198 367 528 367 197 368 198 368 528 368 
197 1134 198 1134 528 1134 197 371 198 371 528 371 197 372 198 372 528 372 197 378 198 378 528 378 197 385 198 385 528 385 197 393 198 393 528 393 197 398 198 398 
528 398 197 400 198 400 528 400 197 403 198 403 528 403 197 409 198 409 409 528 197 405 198 405 528 405 197 411 198 411 528 411 197 415 198 415 528 415 197 417 
198 417 528 417 197 373 198 373 528 373 197 379 198 379 528 379 197 386 198 386 528 386 197 396 198 396 528 396 197 401 198 401 528 401 197 406 198 406 528 406 
197 387 198 387 528 387 197 397 198 397 528 397 197 388 198 388 528 388 197 389 198 389 528 389 197 374 198 374 528 374 197 380 198 380 528 380 197 376 198 376 
528 376 197 377 198 377 528 377 197 390 198 390 528 390 197 391 198 391 528 391 197 392 198 392 528 392 197 394 198 394 528 394 197 421 198 421 421 528 197 433 
198 433 528 433 197 436 198 436 528 436 197 437 198 437 528 437 197 444 198 444 528 444 197 422 198 422 528 422 197 434 198 434 528 434 197 435 198 435 528 435 
197 425 198 425 528 425 197 426 198 426 528 426 197 427 198 427 528 427 197 428 198 428 528 428 197 423 198 423 528 423 197 431 198 431 528 431 197 432 198 432 
528 432 197 438 198 438 528 438 197 440 198 440 528 440 197 439 198 439 528 439 197 441 198 441 528 441 197 443 198 443 528 443 197 442 198 442 528 442 197 445 
198 445 528 445 197 395 198 395 528 395 197 399 198 399 528 399 197 402 198 402 528 402 197 447 198 447 528 447 197 452 198 452 528 452 197 453 198 453 528 453 
197 454 198 454 528 454 197 456 198 456 528 456 197 446 198 446 528 446 197 448 198 448 528 448 197 449 198 449 528 449 197 450 198 450 528 450 197 451 198 451 
528 451 197 455 198 455 528 455 197 458 198 458 528 458 197 457 198 457 528 457 197 404 198 404 528 404 197 407 198 407 528 407 197 410 198 410 410 528 197 408 
198 408 528 408 197 412 198 412 528 412 197 416 198 416 528 416 197 420 198 420 528 420 197 418 198 418 528 418 197 419 198 419 528 419 197 413 198 413 528 413 
197 414 198 414 528 414 197 459 198 459 528 459 197 460 198 460 528 460 197 461 198 461 528 461 197 462 198 462 528 462 197 463 198 463 528 463 197 464 198 464 
528 464 197 465 198 465 528 465 197 466 198 466 528 466 197 467 198 467 528 467 197 469 198 469 528 469 197 468 198 468 528 468 197 470 198 470 528 470 197 471 
198 471 528 471 197 472 198 472 528 472 197 473 198 473 528 473 474 197 474 198 474 528 197 475 198 475 528 475 197 476 198 476 528 476 197 477 198 477 528 477 
197 478 198 478 528 478 197 479 198 479 528 479 197 480 198 480 528 480 197 484 198 484 528 484 197 485 198 485 528 485 197 488 198 488 528 488 197 489 198 489 
528 489 197 490 198 490 528 490 197 494 198 494 528 494 197 495 198 495 528 495 197 481 198 481 528 481 197 501 198 501 528 501 197 483 198 483 528 483 197 486 
198 486 528 486 197 491 198 491 528 491 197 487 198 487 528 487 197 492 198 492 528 492 197 493 198 493 528 493 197 496 198 496 528 496 197 498 198 498 528 498 
197 499 198 499 528 499 197 500 198 500 528 500 197 497 198 497 528 497 197 502 198 502 528 502 197 513 198 513 528 513 197 514 198 514 528 514 197 515 198 515 
528 515 197 516 198 516 528 516 197 503 198 503 528 503 197 504 198 504 528 504 197 506 198 506 528 506 197 507 198 507 528 507 197 505 198 505 528 505 197 508 
198 508 528 508 197 509 198 509 528 509 197 510 198 510 528 510 197 511 198 511 528 511 197 512 198 512 528 512 197 517 198 517 528 517 197 518 198 518 528 518 
197 519 198 519 528 519 197 521 198 521 528 521 197 520 198 520 528 520 197 522 198 522 528 522 197 523 198 523 528 523 197 531 198 531 528 531 197 530 198 530 
528 530 197 532 198 532 528 532 197 534 198 534 528 534 197 533 198 533 528 533 197 535 198 535 528 535 197 536 198 536 528 536 197 537 198 537 528 537 197 538 
198 538 528 538 197 540 198 540 528 540 197 541 198 541 528 541 197 542 198 542 528 542 197 543 198 543 528 543 197 539 198 539 528 539 197 524 198 524 528 524 
197 525 198 525 528 525 197 549 198 549 528 549 197 550 198 550 528 550 197 545 198 545 528 545 197 546 198 546 528 546 197 547 198 547 528 547 197 552 198 552 
528 552 197 557 198 557 528 557 197 560 198 560 528 560 197 558 198 558 528 558 197 559 198 559 528 559 197 563 198 563 528 563 197 565 198 565 528 565 197 566 
198 566 528 566 197 567 198 567 528 567 197 568 198 568 528 568 197 569 198 569 528 569 197 572 198 572 528 572 197 573 198 573 528 573 197 577 198 577 528 577 
197 578 198 578 528 578 197 580 198 580 528 580 197 581 198 581 528 581 197 584 198 584 528 584 197 544 198 544 528 544 197 574 198 574 528 574 197 575 198 575 
528 575 197 551 198 551 528 551 197 548 198 548 528 548 197 554 198 554 528 554 197 555 198 555 528 555 197 556 198 556 528 556 197 561 198 561 528 561 197 562 
198 562 528 562 197 564 198 564 528 564 197 570 198 570 528 570 197 571 198 571 528 571 197 576 198 576 528 576 197 579 198 579 528 579 197 582 198 582 528 582 
197 585 198 585 528 585 197 586 198 586 528 586 197 587 198 587 528 587 197 583 198 583 528 583 197 526 198 526 526 528 197 527 198 527 528 527 197 590 198 590 
528 590 197 591 198 591 528 591 197 592 198 592 528 592 197 593 198 593 528 593 197 599 198 599 528 599 197 639 198 639 528 639 197 632 198 632 528 632 197 633 
198 633 528 633 197 634 198 634 528 634 197 643 198 643 528 643 197 644 198 644 528 644 197 635 198 635 528 635 197 636 198 636 528 636 197 645 198 645 528 645 
197 646 198 646 528 646 197 640 198 640 528 640 197 670 198 670 528 670 197 671 198 671 528 671 197 672 198 672 528 672 197 673 198 673 528 673 197 674 198 674 
528 674 197 677 198 677 528 677 197 676 198 676 528 676 197 588 198 588 528 588 197 589 198 589 528 589 197 596 198 596 528 596 197 597 198 597 528 597 197 598 
198 598 528 598 197 594 198 594 528 594 197 605 198 605 528 605 197 606 198 606 528 606 197 607 198 607 528 607 197 608 198 608 528 608 197 609 198 609 528 609 
197 610 198 610 528 610 197 614 198 614 528 614 197 615 198 615 528 615 197 621 198 621 528 621 197 616 198 616 528 616 197 617 198 617 528 617 197 641 198 641 
528 641 197 642 198 642 528 642 197 647 198 647 528 647 197 656 198 656 528 656 197 658 198 658 528 658 197 657 198 657 528 657 197 659 198 659 528 659 197 660 
198 660 528 660 197 662 198 662 528 662 197 665 198 665 528 665 197 611 198 611 528 611 197 612 198 612 528 612 197 624 198 624 528 624 197 625 198 625 528 625 
197 619 198 619 528 619 197 618 198 618 528 618 197 622 198 622 528 622 197 623 198 623 528 623 197 626 198 626 528 626 197 627 198 627 528 627 197 628 198 628 
528 628 197 629 198 629 528 629 197 631 198 631 528 631 197 630 198 630 528 630 197 648 198 648 528 648 197 649 198 649 528 649 197 651 198 651 528 651 197 650 
198 650 528 650 197 652 198 652 528 652 197 653 198 653 528 653 197 661 198 661 528 661 197 663 198 663 528 663 197 664 198 664 528 664 197 668 198 668 528 668 
197 669 198 669 528 669 197 667 198 667 528 667 197 666 198 666 528 666 197 637 198 637 528 637 197 638 198 638 528 638 197 675 198 675 528 675 197 680 198 680 
528 680 197 681 198 681 528 681 197 678 198 678 528 678 197 679 198 679 528 679 197 682 198 682 528 682 197 1133 198 1133 528 1133 197 683 198 683 528 683 197 684 
198 684 528 684 197 691 198 691 528 691 197 692 198 692 528 692 197 686 198 686 528 686 197 694 198 694 528 694 197 695 198 695 528 695 197 696 198 696 528 696 
197 697 198 697 528 697 197 698 198 698 528 698 197 699 198 699 528 699 197 687 198 687 528 687 197 688 198 688 528 688 197 689 198 689 528 689 197 690 198 690 
528 690 197 693 198 693 528 693 197 700 198 700 528 700 197 701 198 701 528 701 197 705 198 705 528 705 197 707 198 707 528 707 197 708 198 708 528 708 197 716 
198 716 528 716 197 719 198 719 528 719 197 720 198 720 528 720 197 721 198 721 528 721 197 728 198 728 528 728 197 702 198 702 528 702 197 722 198 722 528 722 
197 723 198 723 528 723 197 724 198 724 528 724 197 725 198 725 528 725 197 709 198 709 528 709 197 710 198 710 528 710 197 711 198 711 528 711 197 712 198 712 
528 712 197 706 198 706 528 706 197 717 198 717 528 717 197 715 198 715 528 715 197 718 198 718 528 718 197 726 198 726 528 726 197 727 198 727 528 727 197 729 
198 729 528 729 197 730 198 730 730 528 197 736 198 736 528 736 197 737 198 737 528 737 197 738 198 738 528 738 197 740 198 740 528 740 197 741 198 741 528 741 
197 731 198 731 528 731 197 732 198 732 528 732 197 733 198 733 528 733 197 734 198 734 528 734 197 735 198 735 528 735 197 739 198 739 528 739 197 742 198 742 
528 742 197 746 198 746 746 528 197 743 198 743 743 528 197 752 198 752 528 752 197 753 198 753 528 753 197 755 198 755 528 755 197 756 198 756 528 756 197 757 
198 757 528 757 197 758 198 758 528 758 197 760 198 760 528 760 197 761 198 761 528 761 197 762 198 762 528 762 197 744 198 744 528 744 197 745 198 745 528 745 
197 685 198 685 528 685 197 747 198 747 528 747 197 748 198 748 528 748 197 749 198 749 528 749 197 750 198 750 750 528 197 751 198 751 528 751 197 754 198 754 
528 754 197 759 198 759 528 759 197 763 198 763 763 528 197 764 198 764 528 764 197 774 198 774 528 774 197 767 198 767 528 767 197 768 198 768 528 768 197 769 
198 769 528 769 197 770 198 770 528 770 197 778 198 778 528 778 197 777 198 777 528 777 197 781 198 781 528 781 197 782 198 782 528 782 197 787 198 787 528 787 
197 788 198 788 528 788 197 805 198 805 528 805 197 806 198 806 528 806 197 807 198 807 528 807 197 808 198 808 528 808 197 809 198 809 528 809 197 826 198 826 
528 826 197 827 198 827 528 827 197 829 198 829 528 829 197 828 198 828 528 828 197 830 198 830 528 830 197 831 198 831 528 831 197 834 198 834 528 834 197 833 
198 833 528 833 197 765 198 765 528 765 197 766 198 766 528 766 197 775 198 775 528 775 197 776 198 776 528 776 197 772 198 772 528 772 197 771 198 771 528 771 
197 783 198 783 528 783 197 784 198 784 528 784 197 785 198 785 528 785 197 786 198 786 528 786 197 789 198 789 528 789 197 790 198 790 528 790 197 791 198 791 
528 791 197 795 198 795 528 795 197 796 198 796 528 796 197 797 198 797 528 797 197 798 198 798 528 798 197 812 198 812 528 812 197 816 198 816 528 816 197 817 
198 817 528 817 197 821 198 821 528 821 197 792 198 792 528 792 197 793 198 793 528 793 197 801 198 801 528 801 197 802 198 802 528 802 197 800 198 800 528 800 
197 799 198 799 528 799 197 803 198 803 528 803 197 804 198 804 528 804 197 813 198 813 528 813 197 814 198 814 528 814 197 818 198 818 528 818 197 819 198 819 
528 819 197 820 198 820 528 820 197 824 198 824 528 824 197 825 198 825 528 825 197 823 198 823 528 823 197 822 198 822 528 822 197 810 198 810 528 810 197 811 
198 811 528 811 197 832 198 832 528 832 197 837 198 837 528 837 197 838 198 838 528 838 197 835 198 835 528 835 197 836 198 836 528 836 197 839 198 839 528 839 
197 840 198 840 528 840 197 841 198 841 528 841 197 842 198 842 528 842 197 843 198 843 528 843 197 844 198 844 528 844 197 846 198 846 528 846 197 845 198 845 
845 528 197 848 198 848 528 848 197 847 198 847 528 847 197 852 198 852 528 852 197 851 198 851 528 851 197 856 198 856 528 856 197 857 198 857 528 857 197 858 
198 858 528 858 197 853 198 853 528 853 197 854 198 854 528 854 197 855 198 855 528 855 197 860 198 860 528 860 197 861 198 861 528 861 197 859 198 859 528 859 
197 862 198 862 528 862 197 863 198 863 528 863 197 865 198 865 528 865 197 870 198 870 528 870 197 871 198 871 528 871 197 872 198 872 528 872 197 876 198 876 
528 876 197 864 198 864 528 864 197 873 198 873 528 873 197 874 198 874 528 874 197 866 198 866 528 866 197 867 198 867 528 867 197 868 198 868 528 868 197 869 
198 869 528 869 197 875 198 875 528 875 197 878 198 878 528 878 197 877 198 877 528 877 197 897 198 897 528 897 197 898 198 898 528 898 197 899 198 899 528 899 
197 903 198 903 528 903 197 905 198 905 528 905 197 906 198 906 528 906 197 907 198 907 528 907 197 908 198 908 528 908 197 909 198 909 528 909 197 912 198 912 
528 912 197 879 198 879 528 879 197 880 198 880 528 880 197 910 198 910 528 910 197 881 198 881 528 881 197 882 198 882 528 882 197 883 198 883 528 883 197 884 
198 884 528 884 197 885 198 885 528 885 197 886 198 886 528 886 197 887 198 887 528 887 197 888 198 888 528 888 197 890 198 890 528 890 197 889 198 889 528 889 
197 891 198 891 528 891 197 892 198 892 528 892 197 893 198 893 528 893 197 894 198 894 528 894 197 895 198 895 528 895 197 896 198 896 528 896 197 900 198 900 
528 900 197 902 198 902 528 902 197 901 198 901 528 901 197 904 198 904 528 904 197 911 198 911 528 911 197 913 198 913 528 913 197 914 198 914 528 914 197 915 
198 915 528 915 197 849 198 849 528 849 197 850 198 850 528 850 197 916 198 916 528 916 197 926 198 926 528 926 197 918 198 918 528 918 197 919 198 919 528 919 
197 921 198 921 528 921 197 920 198 920 528 920 197 922 198 922 528 922 197 923 198 923 528 923 197 924 198 924 528 924 197 925 198 925 528 925 197 927 198 927 
528 927 197 928 198 928 928 528 197 935 198 935 528 935 197 934 198 934 528 934 197 931 198 931 528 931 197 932 198 932 528 932 197 929 198 929 528 929 197 930 
198 930 528 930 197 936 198 936 528 936 197 937 198 937 528 937 197 933 198 933 933 528 197 939 198 939 528 939 197 946 198 946 528 946 197 949 198 949 528 949 
197 950 198 950 528 950 197 951 198 951 528 951 197 953 198 953 528 953 197 964 198 964 528 964 197 955 198 955 528 955 197 965 198 965 528 965 197 969 198 969 
528 969 197 966 198 966 528 966 197 956 198 956 528 956 197 967 198 967 528 967 197 970 198 970 528 970 197 972 198 972 528 972 197 973 198 973 528 973 197 938 
198 938 528 938 197 957 198 957 528 957 197 958 198 958 528 958 197 959 198 959 528 959 197 960 198 960 528 960 197 961 198 961 528 961 197 962 198 962 528 962 
197 940 198 940 528 940 197 941 198 941 528 941 197 942 198 942 528 942 197 943 198 943 528 943 197 944 198 944 528 944 197 945 198 945 528 945 197 947 198 947 
528 947 197 948 198 948 528 948 197 952 198 952 528 952 197 954 198 954 528 954 197 968 198 968 528 968 197 963 198 963 528 963 197 971 198 971 528 971 197 974 
198 974 528 974 197 975 198 975 528 975 197 977 198 977 528 977 197 979 198 979 528 979 197 980 198 980 528 980 197 976 198 976 528 976 197 978 198 978 528 978 
197 981 198 981 528 981 197 983 198 983 528 983 197 984 198 984 528 984 197 1001 198 1001 528 1001 197 1025 198 1025 528 1025 197 1026 198 1026 528 1026 197 1027 198 1027 
528 1027 197 1073 198 1073 528 1073 197 1074 198 1074 528 1074 197 1075 198 1075 528 1075 197 1077 198 1077 528 1077 197 1079 198 1079 528 1079 197 982 198 982 528 982 197 987 
198 987 528 987 197 985 198 985 528 985 197 988 198 988 528 988 197 990 198 990 528 990 197 992 198 992 528 992 197 993 198 993 528 993 197 994 198 994 528 994 
197 995 198 995 528 995 197 996 198 996 528 996 197 997 198 997 528 997 197 998 198 998 528 998 197 999 198 999 528 999 197 1000 198 1000 528 1000 197 1002 198 1002 
528 1002 197 1006 198 1006 528 1006 197 1007 198 1007 528 1007 197 1008 198 1008 528 1008 197 1029 198 1029 528 1029 197 1041 198 1041 528 1041 197 1037 198 1037 528 1037 197 1034 
198 1034 528 1034 197 1035 198 1035 528 1035 197 1036 198 1036 528 1036 197 1032 198 1032 528 1032 197 1033 198 1033 528 1033 197 1042 198 1042 528 1042 197 1044 198 1044 528 1044 
197 1054 198 1054 528 1054 197 1055 198 1055 528 1055 197 1056 198 1056 528 1056 197 1059 198 1059 528 1059 197 1060 198 1060 528 1060 197 1064 198 1064 528 1064 197 1065 198 1065 
528 1065 197 1070 198 1070 528 1070 197 1067 198 1067 528 1067 197 1068 198 1068 528 1068 197 1003 198 1003 528 1003 197 1004 198 1004 528 1004 197 1015 198 1015 528 1015 197 1016 
198 1016 528 1016 197 1017 198 1017 528 1017 197 1009 198 1009 528 1009 197 1010 198 1010 528 1010 197 1011 198 1011 528 1011 197 1012 198 1012 528 1012 197 1020 198 1020 528 1020 
197 1021 198 1021 528 1021 197 1022 198 1022 528 1022 197 1023 198 1023 528 1023 197 1024 198 1024 528 1024 197 1030 198 1030 528 1030 197 1038 198 1038 528 1038 197 1039 198 1039 
528 1039 197 1031 198 1031 528 1031 197 1040 198 1040 528 1040 197 1043 198 1043 528 1043 197 1045 198 1045 528 1045 197 1046 198 1046 528 1046 197 1057 198 1057 528 1057 197 1061 
198 1061 528 1061 197 1062 198 1062 528 1062 197 1066 198 1066 528 1066 197 1071 198 1071 528 1071 197 1072 198 1072 528 1072 197 1069 198 1069 528 1069 197 1028 198 1028 528 1028 
197 1076 198 1076 528 1076 197 1078 198 1078 528 1078 197 1080 198 1080 528 1080 197 1082 198 1082 528 1082 197 1095 198 1095 528 1095 197 1090 198 1090 528 1090 197 1096 198 1096 
528 1096 197 1091 198 1091 528 1091 197 1092 198 1092 528 1092 197 1097 198 1097 528 1097 197 1098 198 1098 528 1098 197 1099 198 1099 528 1099 197 1104 198 1104 528 1104 197 1100 
198 1100 528 1100 197 1101 198 1101 528 1101 197 1106 198 1106 528 1106 197 1081 198 1081 528 1081 197 1083 198 1083 528 1083 197 1102 198 1102 528 1102 197 1085 198 1085 528 1085 
197 1086 198 1086 528 1086 197 1087 198 1087 528 1087 197 1088 198 1088 528 1088 197 1084 198 1084 528 1084 197 1093 198 1093 528 1093 197 1089 198 1089 528 1089 197 1094 198 1094 
528 1094 197 1103 198 1103 528 1103 197 1105 198 1105 528 1105 197 1107 198 1107 528 1107 197 1109 198 1109 528 1109 197 1118 198 1118 528 1118 197 1120 198 1120 528 1120 197 1121 
198 1121 528 1121 197 1122 198 1122 528 1122 197 1129 198 1129 528 1129 197 1130 198 1130 528 1130 197 1108 198 1108 528 1108 197 1123 198 1123 528 1123 197 1124 198 1124 528 1124 
197 1125 198 1125 528 1125 197 1126 198 1126 528 1126 197 1127 198 1127 528 1127 197 1110 198 1110 528 1110 197 1111 198 1111 528 1111 197 1112 198 1112 528 1112 197 1113 198 1113 
528 1113 197 1114 198 1114 528 1114 197 1115 198 1115 528 1115 197 1116 198 1116 528 1116 197 1117 198 1117 528 1117 197 1119 198 1119 528 1119 197 1128 198 1128 528 1128 197 1131 
198 1131 528 1131 339 528 338 528 337 528 336 528 553 528 714 528 713 528 430 528 429 528 424 528 990 528 991 528 986 528 1019 528 604 528 603 528 602 528 600 528 
601 528 595 528 781 528 779 528 773 528 239 197 219 197 219 198 
<PMc>
0.150000005960464 0 0.569999992847443 0 0 0 0 0 0 0 0 0 0 0 0 0 -0.46000000834465 0 0.0500000007450581 0 0.449999988079071 0 0 0 0.150000005960464 0 0.400000005960464 0 0 0 0 0 0 0 0.370000004768372 0 0 0 0 0 
-0.100000001490116 0 0.689999997615814 0 0.569999992847443 0 0 0 0 0 0 0 0 0 0 0 0 0 0 0 0 0 0 0 0.0900000035762787 0 0.25 0 0.600000023841858 0 0 0 0 0 0 0 0.370000004768372 0 0 0 
0 0 0.370000004768372 0 0.5 0 0.889999985694885 0 0 0 0.810000002384186 0 0.449999988079071 0 0 0 0 0 0 0 -0.0500000007450581 0 0.0500000007450581 0 0 0 0 0 0.0500000007450581 0 0.200000002980232 0 0 0 0 0 0 0 -0.100000001490116 0 
0 0 0 0 0 0 0 0 0 0 0.00999999977648258 0 0 0 0 0 0 0 0.0799999982118607 0 0.0799999982118607 0 0 0 0 0 0 0 0.209999993443489 0 0.600000023841858 0 0.600000023841858 0 0 0 0.400000005960464 0 0.400000005960464 0 
0 0 0.400000005960464 0 0.400000005960464 0 0 0 0.200000002980232 0 0.200000002980232 0 0 0 0 0 0 0 0 0 0.400000005960464 0 0.400000005960464 0 0 0 0 0 0 0 0 0 0.400000005960464 0 0.400000005960464 0 0 0 0.400000005960464 0 
0.400000005960464 0 0 0 0.200000002980232 0 0.200000002980232 0 0 0 0 0 0 0 0 0 0 0 0 0 0.230000004172325 0 0 0 0 0 0.300000011920929 0 0 0 0 0 0.100000001490116 0 0 0 0 0 -0.0500000007450581 0 
0 0 0 0 0.0500000007450581 0 0 0 0 0 -0.100000001490116 0 0 0 0 0 0 0 0 0 0 0 0.100000001490116 0 0 0 0 0 0 0 0 0 0 0 0 0 0 0 0 0 
-0.0500000007450581 0 0 0 0 0 -0.100000001490116 0 0 0 0 0 -0.150000005960464 0 0 0 0 0 0 0 0 0 0 0 -0.0500000007450581 0 0 0 0 0 -0.100000001490116 0 0 0 0 0 -0.150000005960464 0 0 0 
0 0 -0.0500000007450581 0 0 0 0 0 0 0 0 0 0 0 -0.0500000007450581 0 0 0 0 0 0 0 0 0 0 0 0 0 0 0 0 0 -0.0500000007450581 0 0 0 0 0 -0.100000001490116 0 
0 0 0 0 -0.150000005960464 0 0 0 0 0 0 0 0 0 0 0 -0.0500000007450581 0 0 0 0 0 -0.0500000007450581 0 0 0 0 0 -0.109999999403954 0 0.0500000007450581 0 0 0 0 0 0 0 0 0 
0 0 0 0 0 0 -0.0500000007450581 0 0 0 0 0 0 0 0 0 0 0 -0.0500000007450581 0 0 0 0 0 -0.0500000007450581 0 0.330000013113022 0 0 0 0 0 1.21000003814697 0 0 0 0 0 0.360000014305115 0 
0 0 0 0 0.509999990463257 0 0 0 0 0 0.150000005960464 0 0 0 0 0 0.0500000007450581 0 0 0 0 0 0 0 0 0 0 0 0 0 0 0 -0.0500000007450581 0 0 0 0 0 -0.100000001490116 0 
0 0 0 0 -0.150000005960464 0 0.150000005960464 0 0 0 0 0 0 0 0 0 0 0 0.150000005960464 0 0.400000005960464 0 0 0 0.0500000007450581 0 0 0 0 0 0 0 0 0 0 0 0 0 0 0 
-0.150000005960464 0 0 0 0 0 -0.140000000596046 0 0 0 0 0 -0.230000004172325 0 0 0 0 0 0.00999999977648258 0 0 0 0 0 -0.100000001490116 0 0.200000002980232 0 0.200000002980232 0 0 0 0 0 0 0 -0.0500000007450581 0 0 0 
0 0 0 0 0 0 0 0 -0.0500000007450581 0 0.0500000007450581 0 0.200000002980232 0 0 0 -0.270000010728836 0 0.170000001788139 0 0 0 0 0 0 0 0 0 0.0799999982118607 0 0.0799999982118607 0 0 0 0 0 0 0 -0.209999993443489 0 
0 0 0 0 -0.230000004172325 0 0 0 0 0 -0.0500000007450581 0 0.230000004172325 0 0.490000009536743 0 0 0 0.150000005960464 0 0.389999985694885 0 0 0 0.0500000007450581 0 0.170000001788139 0 0 0 0.00999999977648258 0 0.170000001788139 0 0 0 0.150000005960464 0 0.389999985694885 0 
0 0 0.0500000007450581 0 0.170000001788139 0 0 0 0.150000005960464 0 0.389999985694885 0 0 0 0.159999996423721 0 0.400000005960464 0 0 0 0.0500000007450581 0 0.200000002980232 0 0 0 0.150000005960464 0 0.389999985694885 0 0 0 0 0 0 0 -0.330000013113022 0 0 0 
0 0 -0.529999971389771 0 0 0 0 0 -0.00999999977648258 0 0.0900000035762787 0 0.25 0 0 0 0 0 0 0 -0.180000007152557 0 0 0 0 0 0 0 -0.0399999991059303 0 0.389999985694885 0 0 0 0.150000005960464 0 0.389999985694885 0 0 0 
0.419999986886978 0 0.419999986886978 0 0 0 0.0500000007450581 0 0.219999998807907 0 0 0 0 0 0 0 0 0 0 0 0 0 -0.0500000007450581 0 0 0 0 0 -0.150000005960464 0 0 0 0 0 0 0 0 0 0 0 
-0.0700000002980232 0 0.0700000002980232 0 0 0 0 0 0 0 0 0 0 0 0 0 0 0 0 0 0.0500000007450581 0 0 0 0 0 0.0500000007450581 0 0 0 0 0 0.0500000007450581 0 0 0 0 0 0 0 
0 0 0 0 0.0500000007450581 0 0 0 0 0 0 0 0 0 -0.0500000007450581 0 0 0 0 0 0 0 0 0 0 0 -0.100000001490116 0 0 0 0 0 0.0500000007450581 0 0 0 0 0 0.0299999993294477 0 
0 0 0 0 -0.00999999977648258 0 0.0500000007450581 0 0 0 0 0 0 0 0 0 0 0 0.0500000007450581 0 0 0 0 0 0 0 0 0 0 0 0 0 0 0 0.109999999403954 0 0 0 0 0 
0 0 0 0 0 0 -0.150000005960464 0 0.140000000596046 0 0 0 0 0 0.28999999165535 0 0.600000023841858 0 0 0 0.28999999165535 0 0.600000023841858 0 0 0 0 0 0 0 0 0 0.100000001490116 0 0.300000011920929 0 0 0 0 0 
0.600000023841858 0 0 0 0 0 0.600000023841858 0 0 0 -0.200000002980232 0 0.400000005960464 0 0 0 0.400000005960464 0 0.889999985694885 0 0 0 -0.00999999977648258 0 0.800000011920929 0 0 0 -0.00999999977648258 0 0.209999993443489 0 0 0 -0.00999999977648258 0 0.209999993443489 0 0 0 
0.0500000007450581 0 0.400000005960464 0 0 0 0.0500000007450581 0 0.400000005960464 0 0 0 0 0 0 0 0 0 0.100000001490116 0 0 0 0 0 0.0500000007450581 0 0 0 0 0 0.0500000007450581 0 0 0 0 0 0 0 0 0 
0 0 0 0 0 0 0 0 -0.0700000002980232 0 0.200000002980232 0 0 0 0.0500000007450581 0 0 0 0 0 0 0 0 0 -0.0500000007450581 0 0 0 0 0 0 0 0.0500000007450581 0 0.200000002980232 0 0 0 0 0 
0 0 0 0 0 0 0 0 0 0 0 0 0 0 -0.100000001490116 0 0 0 0 0 0 0 0 0 0 0 -0.100000001490116 0 0 0 0 0 0 0 0 0 0 0 -0.0500000007450581 0 
0 0 0 0 -0.100000001490116 0 0 0 0 0 0 0 0 0 0 0 -0.0500000007450581 0 0 0 0 0 0.200000002980232 0 0 0 0 0 0.100000001490116 0 0.230000004172325 0 0.230000004172325 0 0 0 0.560000002384186 0 0.560000002384186 0 
0 0 0.119999997317791 0 0.119999997317791 0 0 0 0 0 0 0 0 0 0 0 0 0 -0.0799999982118607 0 0 0 0 0 -0.100000001490116 0 0 0 0 0 0 0 0.200000002980232 0 0.200000002980232 0 0 0 0.200000002980232 0 
0.200000002980232 0 0 0 0 0 0 0 0 0 0.200000002980232 0 0.200000002980232 0 0 0 0.0399999991059303 0 0.0399999991059303 0 0 0 0 0 0 0 -0.0500000007450581 0 0 0 0 0 0 0 0.25 0 0.600000023841858 0 0 0 
0.150000005960464 0 0.400000005960464 0 0 0 0.150000005960464 0 0.400000005960464 0 0 0 0.0500000007450581 0 0.200000002980232 0 0 0 0 0 0 0 0 0 0 0 0 0 -0.0759999975562096 0 0 0 0 0 -0.140000000596046 0 0 0 0 0 
-0.230000004172325 0 0.0500000007450581 0 0.200000002980232 0 0 0 -0.270000010728836 0 0.170000001788139 0 0 0 0 0 0 0 0 0 0 0 0 0 -0.0500000007450581 0 0.230000004172325 0 0.490000009536743 0 0 0 0.150000005960464 0 0.389999985694885 0 0 0 0.0500000007450581 0 
0.170000001788139 0 0 0 0.00999999977648258 0 0.170000001788139 0 0 0 0.150000005960464 0 0.389999985694885 0 0 0 0.0500000007450581 0 0.170000001788139 0 0 0 0.150000005960464 0 0.389999985694885 0 0 0 0.159999996423721 0 0.400000005960464 0 0 0 0.0500000007450581 0 0.200000002980232 0 0 0 
0.150000005960464 0 0.389999985694885 0 0 0 -0.0399999991059303 0 0.389999985694885 0 0 0 0.150000005960464 0 0.389999985694885 0 0 0 0.419999986886978 0 0.419999986886978 0 0 0 0.0500000007450581 0 0.219999998807907 0 0 0 0 0 0 0 0.0700000002980232 0 0 0 0 0 
0 0 0 0 0 0 -0.0799999982118607 0 0.0500000007450581 0 0.200000002980232 0 0 0 0 0 0 0 0.340000003576279 0 0 0 0 0 0.100000001490116 0 0 0 0 0 0.00700000021606684 0 0 0 0 0 -0.0599999986588955 0 0 0 
0 0 -0.0399999991059303 0 0 0 0 0 0 0 0 0 0 0 -0.0199999995529652 0 0 0 0 0 -0.0500000007450581 0 0 0 0 0 -0.0500000007450581 0 0 0 0 0 0 0 0 0 0 0 0.400000005960464 0 
0 0 0 0 0.189999997615814 0 0.109999999403954 0 0.109999999403954 0 0 0 0.319999992847443 0 0.319999992847443 0 0 0 0.28999999165535 0 0.28999999165535 0 0 0 0 0 0 0 -0.100000001490116 0 0.540000021457672 0 0.540000021457672 0 0 0 0 0 0 0 
-0.100000001490116 0 0.330000013113022 0 0.330000013113022 0 0 0 0 0 0 0 0 0 0.300000011920929 0 0.300000011920929 0 0 0 0 0 0 0 -0.0500000007450581 0 0 0 0 0 0 0 0 0 0 0 -0.100000001490116 0 0 0 
0 0 0 0 0 0 0 0 0 0 0.100000001490116 0 0.100000001490116 0 0 0 0.46000000834465 0 0.46000000834465 0 0 0 0 0 0 0 0 0 0 0 0 0 0 0 0 0 0 0 0 0 
-0.150000005960464 0 -0.150000005960464 0 0 0 0 0 0 0 0 0 0 0 0 0 0.319999992847443 0 0 0 0 0 -1.16999995708466 0 0.0500000007450581 0 0.200000002980232 0 0 0 0 0 0 0 0 0 0 0 0 0 
-0.0500000007450581 0 0 0 0 0 0.219999998807907 0 0.259999990463257 0 0.469999998807907 0 0 0 0.0500000007450581 0 0.150000005960464 0 0 0 0.150000005960464 0 0.319999992847443 0 0 0 0.0500000007450581 0 0.200000002980232 0 0 0 0.150000005960464 0 0.180000007152557 0 0 0 0.150000005960464 0 
0.400000005960464 0 0 0 0.419999986886978 0 0.419999986886978 0 0 0 0.0500000007450581 0 0.270000010728836 0 0 0 0 0 0 0 0.0199999995529652 0 0 0 0 0 -0.150000005960464 0 0 0 0 0 -0.200000002980232 0 0 0 0 0 -0.0500000007450581 0 
0 0 0 0 -0.230000004172325 0 0 0 0 0 0 0 0 0 0 0 0 0 0 0 0 0 0 0 0.430000007152557 0 0.430000007152557 0 0 0 0 0 0 0 -0.0500000007450581 0 0 0 0 0 
0 0 0 0 0 0 -0.0500000007450581 0 0 0 0 0 0 0 0.200000002980232 0 0.200000002980232 0 0 0 0 0 0 0 0.239999994635582 0 0 0 0 0 -0.100000001490116 0 0.170000001788139 0 0.370000004768372 0 0 0 0.759999990463257 0 
0.730000019073486 0 0 0 1 0 1 0 0 0 1 0 1 0 0 0 0.159999996423721 0 0.200000002980232 0 0 0 0.639999985694885 0 0.629999995231628 0 0 0 0.519999980926514 0 0.519999980926514 0 0 0 0 0 0 0 0 0 
0 0 0 0 -0.0500000007450581 0 0 0 0 0 0 0 0.0500000007450581 0 0.340000003576279 0 0 0 0.46000000834465 0 0.46000000834465 0 0 0 0.100000001490116 0 0.100000001490116 0 0 0 0.0500000007450581 0 0.200000002980232 0 0 0 0 0 0 0 
0 0 0.0500000007450581 0 0.200000002980232 0 0 0 0.0500000007450581 0 0.200000002980232 0 0 0 0.0500000007450581 0 0.200000002980232 0 0 0 0.579999983310699 0 0.579999983310699 0 0 0 0.0500000007450581 0 0.200000002980232 0 0 0 0.270000010728836 0 0.270000010728836 0 0 0 0 0 
0 0 0 0 0 0 0 0 0 0 0.490000009536743 0 0.490000009536743 0 0 0 0.200000002980232 0 0.200000002980232 0 0 0 0.0399999991059303 0 0.0399999991059303 0 0 0 0 0 0 0 0 0 0.400000005960464 0 0.400000005960464 0 0 0 
0.119999997317791 0 0.140000000596046 0 0 0 0 0 0 0 0 0 0 0 0 0 -0.00999999977648258 0 0 0 0 0 -0.0500000007450581 0 0 0 0 0 -0.370000004768372 0 0 0 0 0 -0.100000001490116 0 0 0 0 0 
0 0 0 0 0 0 0.300000011920929 0 0 0 0 0 0 0 0 0 0 0 0 0 0 0 0 0 -0.0799999982118607 0 0 0 0 0 0 0 0 0 0 0 0 0 0 0 
0 0 0 0 0 0 0 0 0 0 0 0 0 0 0 0 0 0 0 0 -0.330000013113022 0 0 0 0 0 -0.0500000007450581 0 0 0 0 0 0.25 0 0 0 0 0 0 0 
0 0 0 0 0 0 0 0 0 0 0 0 -0.230000004172325 0 -0.230000004172325 0 0 0 -0.200000002980232 0 -0.200000002980232 0 0 0 0 0 0 0 -0.100000001490116 0 0 0 0 0 -0.0399999991059303 0 0 0 0 0 
0 0 0 0 0 0 0 0 0 0 0 0 -0.100000001490116 0 0 0 0 0 0 0 0 0 0 0 -0.109999999403954 0 0 0 0 0 -0.150000005960464 0 0 0 0 0 0 0 0 0 
0 0 0 0 0 0 0 0 0 0 0 0 0 0 -0.0500000007450581 0 0 0 0 0 -0.100000001490116 0 0.340000003576279 0 0.340000003576279 0 0 0 0.0900000035762787 0 0.0900000035762787 0 0 0 -0.129999995231628 0 -0.129999995231628 0 0 0 
0.150000005960464 0 0.150000005960464 0 0 0 0 0 0 0 0 0 0 0 0 0 0.0500000007450581 0 0 0 0 0 0.0799999982118607 0 0 0 0 0 0 0 0.200000002980232 0 0.200000002980232 0 0 0 0 0 0 0 
0 0 0.0599999986588955 0 0.0599999986588955 0 0 0 0 0 0 0 0 0 0 0 0 0 -0.0500000007450581 0 0 0 0 0 -0.0500000007450581 0 0 0 0 0 0.0799999982118607 0 0 0 0 0 -0.100000001490116 0 0 0 
0 0 0 0 0 0 0 0 0 0 0 0 0 0 -0.0500000007450581 0 0 0 0 0 0.349999994039536 0 0 0 0 0 -1.16999995708466 0 0.0500000007450581 0 0.200000002980232 0 0 0 0 0 0 0 0 0 
0 0 0 0 -0.0500000007450581 0 0 0 0 0 0.219999998807907 0 0.28999999165535 0 0.490000009536743 0 0 0 0.0500000007450581 0 0.150000005960464 0 0 0 0.180000007152557 0 0.340000003576279 0 0 0 0.0500000007450581 0 0.200000002980232 0 0 0 0.150000005960464 0 0.180000007152557 0 
0 0 0.150000005960464 0 -0.0500000007450581 0 0 0 0.419999986886978 0 0.419999986886978 0 0 0 0.0500000007450581 0 0.270000010728836 0 0 0 0 0 0 0 -0.0700000002980232 0 0 0 0 0 -0.150000005960464 0 0 0 0 0 -0.0500000007450581 0 0 0 
0 0 -0.150000005960464 0 0 0 0 0 0.0799999982118607 0 0 0 0 0 -0.0500000007450581 0 0 0 0 0 -0.0299999993294477 0 0 0 0 0 -0.0500000007450581 0 0 0 0 0 -0.00999999977648258 0 0 0 0 0 -0.0500000007450581 0 
0 0 0 0 -0.00999999977648258 0 0 0 0 0 0.0799999982118607 0 0 0 0 0 0 0 0 0 0 0 -0.0500000007450581 0 0 0 0 0 -0.0599999986588955 0 0 0 0 0 0 0 0 0 0 0 
-0.0500000007450581 0 0 0 0 0 -0.150000005960464 0 0 0 0 0 -0.100000001490116 0 0 0 0 0 -0.150000005960464 0 0 0 0 0 0 0 0 0 0 0 0 0 0 0 0 0 -0.0500000007450581 0 0 0 
0 0 0 0 0 0 0 0 -0.100000001490116 0 0 0 0 0 -0.0500000007450581 0 0.100000001490116 0 0 0 0 0 0 0 0 0 0 0 0 0 0 0 0 0 0 0 0 0 -0.0500000007450581 0 
0 0 0 0 0 0 0 0 0 0 -0.100000001490116 0 0 0 0 0 -0.0500000007450581 0 0 0 0 0 0.0299999993294477 0 0 0 0 0 -0.00999999977648258 0 0.0500000007450581 0 0 0 0 0 0 0 0 0 
0 0 0 0 0 0 0.109999999403954 0 0 0 0 0 0 0 0 0 0 0 -0.150000005960464 0 0.189999997615814 0 0 0 0 0 0 0 0 0 0 0 0 0 0 0 0 0 -0.0199999995529652 0 
0 0 0 0 0.0500000007450581 0 0 0 0 0 0.0500000007450581 0 0 0 0 0 0 0 0 0 0 0 0.0500000007450581 0 0 0 0 0 0 0 0 0 -0.0500000007450581 0 0 0 0 0 0 0 
0.0500000007450581 0 0.200000002980232 0 0 0 0 0 0 0 0 0 0 0 0 0 0 0 0 0 0 0 -0.100000001490116 0 0 0 0 0 0 0 0.200000002980232 0 0.200000002980232 0 0 0 0 0 0 0 
-0.0500000007450581 0 0 0 0 0 -0.100000001490116 0 0.379999995231628 0 0.379999995231628 0 0 0 0.600000023841858 0 0.600000023841858 0 0 0 0.400000005960464 0 0.400000005960464 0 0 0 0.400000005960464 0 0.400000005960464 0 0 0 0 0 0 0 0 0 0.230000004172325 0 
0.230000004172325 0 0 0 0.400000005960464 0 0.400000005960464 0 0 0 0.200000002980232 0 0.200000002980232 0 0 0 0 0 0 0 0 0 0.200000002980232 0 0.200000002980232 0 0 0 0.200000002980232 0 0.200000002980232 0 0 0 0.400000005960464 0 0.400000005960464 0 0 0 
0.200000002980232 0 0.200000002980232 0 0 0 0 0 0 0 0 0 0 0 0 0 0 0 0 0 0 0 0.0399999991059303 0 0 0 0 0 0 0 0 0 0 0 -0.150000005960464 0 0 0 0 0 
-0.0500000007450581 0 0 0 0 0 0 0 0 0 0 0 0 0 0 0 0 0 0 0 0 0 0 0 -0.0500000007450581 0 0 0 0 0 0 0 0 0 0 0 -0.100000001490116 0 0 0 
0 0 -0.0500000007450581 0 0.0500000007450581 0 0.209999993443489 0 0 0 0 0 0 0 0 0 0 0 0 0 1.57000005245209 0 0 0 0 0 1.98000001907349 0 0 0 0 0 0.400000005960464 0 0 0 0 0 0 0 
-0.00999999977648258 0 -0.0799999982118607 0 0 0 0 0 0 0 0.219999998807907 0 0 0 0 0 -0.200000002980232 0 0 0 0 0 0.185000002384186 0 0 0 0 0 0.25 0 0 0 0 0 -0.100000001490116 0 0 0 0 0 
-0.100000001490116 0 0.119999997317791 0 0.119999997317791 0 0 0 0.200000002980232 0 0.200000002980232 0 0 0 0 0 0 0 0 0 0 0 0 0 -0.0500000007450581 0 0 0 0 0 0 0 0.150000005960464 0 0.400000005960464 0 0 0 0.150000005960464 0 
0.400000005960464 0 0 0 0.150000005960464 0 0.400000005960464 0 0 0 0.150000005960464 0 0.400000005960464 0 0 0 0.150000005960464 0 0.400000005960464 0 0 0 0 0 0 0 0 0 0 0 0 0 -0.0500000007450581 0 0 0 0 0 0 0 
0 0 0 0 -0.259999990463257 0 0 0 0 0 0 0 0 0 0 0 0.660000026226044 0 0 0 0 0 0 0 0.170000001788139 0 0.370000004768372 0 0 0 0.25 0 0.589999973773956 0 0 0 0.430000007152557 0 1.08000004291534 0 
0 0 0.469999998807907 0 0.469999998807907 0 0 0 0 0 0 0 0 0 0.0500000007450581 0 0.340000003576279 0 0 0 0 0 0 0 0 0 0.0500000007450581 0 0.200000002980232 0 0 0 0 0 0 0 -0.0500000007450581 0 0 0 
0 0 0 0 0.0500000007450581 0 0.200000002980232 0 0 0 0.150000005960464 0 0.400000005960464 0 0 0 0.0500000007450581 0 0.370000004768372 0 0 0 -0.00999999977648258 0 0.140000000596046 0 0 0 0 0 0 0 -0.100000001490116 0 0.0500000007450581 0 0.310000002384186 0 0 0 
0.0500000007450581 0 0.200000002980232 0 0 0 0 0 0 0 0 0 0.5 0 0.5 0 0 0 0 0 0 0 0 0 0 0 0 0 -0.0399999991059303 0 0 0 0 0 -0.0399999991059303 0 0 0 0 0 
-0.140000000596046 0 0 0 0 0 -0.230000004172325 0 0 0 0 0 -0.200000002980232 0 0 0 0 0 -0.300000011920929 0 0 0 0 0 0 0 0 0 0 0 -0.300000011920929 0 0.0500000007450581 0 0.200000002980232 0 0 0 0.150000005960464 0 
0.400000005960464 0 0 0 0 0 0 0 0 0 0 0 0 0 0 0 0 0 0 0 -0.0500000007450581 0 0.0500000007450581 0 0.200000002980232 0 0 0 0 0 0 0 0 0 0 0 0 0 -0.0500000007450581 0 
0 0 0 0 -0.100000001490116 0 0 0 0 0 0 0 0.400000005960464 0 0.400000005960464 0 0 0 0 0 0 0 0 0 0 0 0 0 -0.100000001490116 0 0.150000005960464 0 0.379999995231628 0 0 0 0.0500000007450581 0 0.170000001788139 0 
0 0 0 0 0 0 -0.0500000007450581 0 0 0 0 0 0 0 0.25 0 0.490000009536743 0 0 0 0.349999994039536 0 0.839999973773956 0 0 0 0.150000005960464 0 0.400000005960464 0 0 0 0.25 0 0.810000002384186 0 0 0 0.0500000007450581 0 
0.200000002980232 0 0 0 0.00999999977648258 0 0.170000001788139 0 0 0 0.150000005960464 0 0.400000005960464 0 0 0 0.25 0 0.579999983310699 0 0 0 0.0500000007450581 0 0.200000002980232 0 0 0 0.150000005960464 0 0.379999995231628 0 0 0 0.25 0 0.879999995231628 0 0 0 
0.25 0 0.600000023841858 0 0 0 0 0 0 0 -0.0199999995529652 0 0 0 0 0 -0.330000013113022 0 0 0 0 0 -0.400000005960464 0 0 0 0 0 -0.400000005960464 0 0 0 0 0 -0.529999971389771 0 0 0 0 0 
-0.180000007152557 0 0 0 0 0 0.0700000002980232 0 0 0 0 0 -0.100000001490116 0 0 0 0 0 0 0 0 0 0 0 -0.00999999977648258 0 0 0 0 0 0 0 0 0 0 0 -0.200000002980232 0 0 0 
0 0 -0.119999997317791 0 0 0 0 0 -0.300000011920929 0 0 0 0 0 -0.100000001490116 0 0.0900000035762787 0 0.25 0 0 0 0.150000005960464 0 0.46000000834465 0 0 0 0 0 0 0 -0.0599999986588955 0 0.0500000007450581 0 0.5 0 0 0 
0 0 0 0 -0.180000007152557 0 0 0 0 0 0 0 0 0 0 0 -0.150000005960464 0 0 0 0 0 -0.100000001490116 0 0 0 0 0 0.200000002980232 0 0 0 0 0 0.319999992847443 0 0 0 0 0 
0 0 0.0500000007450581 0 0.28999999165535 0 0 0 0 0 0 0 -0.00999999977648258 0 0 0 0 0 0 0 0 0 0 0 0 0 0.0500000007450581 0 0.200000002980232 0 0 0 0 0 0 0 -0.0500000007450581 0 0 0 
0 0 0 0 0 0 0 0 0 0 0.0500000007450581 0 0.330000013113022 0 0 0 0.0500000007450581 0 -0.0599999986588955 0 0 0 0 0 0 0 -0.400000005960464 0 0 0 0 0 0 0 0 0 0 0 0 0 
0.200000002980232 0 0.200000002980232 0 0 0 0 0 0 0 0.0700000002980232 0 0 0 0 0 0 0 0.150000005960464 0 0.400000005960464 0 0 0 0.25 0 0.5 0 0 0 0.25 0 0.759999990463257 0 0 0 0.150000005960464 0 0.400000005960464 0 
0 0 0.439999997615814 0 0.439999997615814 0 0 0 0.0500000007450581 0 0.200000002980232 0 0 0 0.150000005960464 0 0.5 0 0 0 0 0 0 0 0 0 0 0 0 0 0.0399999991059303 0 0 0 0 0 -0.0799999982118607 0 0 0 
0 0 -0.259999990463257 0 0.150000005960464 0 0.400000005960464 0 0 0 0.0500000007450581 0 0.200000002980232 0 0 0 0.349999994039536 0 0.800000011920929 0 0 0 0.150000005960464 0 0.389999985694885 0 0 0 0.0500000007450581 0 0.259999990463257 0 0 0 0 0 0 0 0 0 
0 0 0 0 -0.0500000007450581 0 0 0 0 0 0.219999998807907 0 0 0 0 0 0.0299999993294477 0 0.25 0 0.600000023841858 0 0 0 0.150000005960464 0 0.400000005960464 0 0 0 0.0500000007450581 0 0.200000002980232 0 0 0 0 0 0 0 
0 0 0.25 0 0.600000023841858 0 0 0 0.0500000007450581 0 0.589999973773956 0 0 0 0 0 0 0 0 0 0 0 0 0 -0.200000002980232 0 0 0 0 0 -0.0500000007450581 0 0 0 0 0 -0.0500000007450581 0 0 0 
0 0 -0.100000001490116 0 0 0 0 0 0 0 0 0 0 0 0 0 0 0 0 0 -0.00999999977648258 0 0 0 0 0 -0.109999999403954 0 0.150000005960464 0 0.150000005960464 0 0 0 0.340000003576279 0 0.340000003576279 0 0 0 
-0.5 0 -0.5 0 0 0 -0.150000005960464 0 -0.150000005960464 0 0 0 -0.629999995231628 0 -0.629999995231628 0 0 0 0.0399999991059303 0 0.0399999991059303 0 0 0 0 0 0 0 0 0 0 0 0 0 -0.0799999982118607 0 0 0 0 0 
-0.100000001490116 0 0 0 0 0 0 0 0.200000002980232 0 0.200000002980232 0 0 0 0.200000002980232 0 0.200000002980232 0 0 0 0 0 0 0 0 0 -0.0500000007450581 0 -0.0500000007450581 0 0 0 0 0 0 0 0.0799999982118607 0 0 0 
0 0 0 0 0 0 0 0 0 0 0.819999992847443 0 0.819999992847443 0 0 0 0.819999992847443 0 0.819999992847443 0 0 0 0.819999992847443 0 0.819999992847443 0 0 0 0 0 0 0 0 0 0 0 0 0 -0.0500000007450581 0 
0.819999992847443 0 0.819999992847443 0 0 0 0.200000002980232 0 0.200000002980232 0 0 0 0 0 0 0 0 0 0 0 0 0 -0.0199999995529652 0 0 0 0 0 -0.100000001490116 0 0.819999992847443 0 0.819999992847443 0 0 0 0.200000002980232 0 0.200000002980232 0 
0 0 0 0 0 0 -0.100000001490116 0 0 0 0 0 0 0 0.699999988079071 0 0.699999988079071 0 0 0 0.5 0 0.5 0 0 0 0.400000005960464 0 0.400000005960464 0 0 0 0.200000002980232 0 0.200000002980232 0 0 0 0 0 
0 0 0 0 0 0 0 0 -0.100000001490116 0 0 0 0 0 -0.0500000007450581 0 0 0 0 0 0 0 0 0 0 0 -0.100000001490116 0 0.400000005960464 0 0.400000005960464 0 0 0 0.800000011920929 0 0.800000011920929 0 0 0 
0 0 0 0 -0.25 0 0.200000002980232 0 0.200000002980232 0 0 0 0 0 0 0 0 0 0 0 0 0 -0.0500000007450581 0 0 0 0 0 -0.100000001490116 0 0 0 0 0 -0.100000001490116 0 0.699999988079071 0 0.699999988079071 0 
0 0 0.600000023841858 0 0.600000023841858 0 0 0 0 0 0 0 0 0 0.400000005960464 0 0.400000005960464 0 0 0 0 0 0 0 0 0 0 0 0 0 -0.100000001490116 0 0 0 0 0 -0.150000005960464 0 0 0 
0 0 -0.200000002980232 0 0 0 0 0 -0.300000011920929 0 0 0 0 0 0.00999999977648258 0 0 0 0 0 0 0 0 0 0 0 -0.100000001490116 0 0 0 0 0 -0.0500000007450581 0 0.0500000007450581 0 0 0 0 0 
0 0 0 0 0 0 0.0500000007450581 0 0.200000002980232 0 0 0 0.100000001490116 0 0.400000005960464 0 0 0 0 0 0 0 0 0 0.0500000007450581 0 0.200000002980232 0 0 0 0 0 0 0 0 0 0.0500000007450581 0 0 0 
0 0 0.400000005960464 0 0.400000005960464 0 0 0 0 0 0 0 -0.0500000007450581 0 0 0 0 0 0 0 0 0 0 0 -0.100000001490116 0 0 0 0 0 -0.150000005960464 0 0 0 0 0 -0.0500000007450581 0 0 0 
0 0 0 0 0.230000004172325 0 0.490000009536743 0 0 0 0.370000004768372 0 0.819999992847443 0 0 0 0.389999985694885 0 0.389999985694885 0 0 0 0.850000023841858 0 0.850000023841858 0 0 0 0 0 0 0 -0.0500000007450581 0 0.0500000007450581 0 0.200000002980232 0 0 0 
0.150000005960464 0 0.400000005960464 0 0 0 0.25 0 0.560000002384186 0 0 0 0.0500000007450581 0 0.200000002980232 0 0 0 0.150000005960464 0 0.360000014305115 0 0 0 0.150000005960464 0 0.400000005960464 0 0 0 0.349999994039536 0 0.800000011920929 0 0 0 0.25 0 0.699999988079071 0 
0 0 0 0 0 0 -0.100000001490116 0 0 0 0 0 -0.150000005960464 0 0 0 0 0 -0.200000002980232 0 0 0 0 0 -0.25 0 0 0 0 0 0 0 0 0 0 0 0 0 0 0 
0 0 -0.0500000007450581 0 0 0 0 0 -0.100000001490116 0 0.0500000007450581 0 0.239999994635582 0 0 0 0.189999997615814 0 0.46000000834465 0 0 0 0.360000014305115 0 0.5 0 0 0 0 0 0 0 0 0 0 0 0 0 -0.180000007152557 0 
0 0 0 0 0 0 0.0500000007450581 0 0.28999999165535 0 0 0 0 0 0 0 0 0 0.0500000007450581 0 0.200000002980232 0 0 0 0 0 0 0 0 0 0 0 0 0 0 0 0.0500000007450581 0 0.200000002980232 0 
0 0 0 0 0 0 -0.0500000007450581 0 0 0 0 0 0 0 0.200000002980232 0 0.200000002980232 0 0 0 0 0 0 0 0.0700000002980232 0 0 0 0 0 0 0 0.150000005960464 0 0.389999985694885 0 0 0 0.200000002980232 0 
0.5 0 0 0 0.150000005960464 0 0.389999985694885 0 0 0 0.150000005960464 0 0.400000005960464 0 0 0 0.550000011920929 0 0.550000011920929 0 0 0 0.0500000007450581 0 0.200000002980232 0 0 0 0.150000005960464 0 0.360000014305115 0 0 0 0.0599999986588955 0 0 0 0 0 
0 0 0 0 0 0 0.0500000007450581 0 0 0 0 0 0.0500000007450581 0 0 0 0 0 0.0500000007450581 0 0 0 0 0 0 0 0 0 0 0 0 0 0 0 -0.100000001490116 0 0 0 0 0 
0 0 0 0 0 0 -0.0799999982118607 0 0 0 0 0 0.0500000007450581 0 0 0 0 0 -0.100000001490116 0 0 0 0 0 0 0 0 0 0 0 -0.100000001490116 0 0 0 0 0 -0.100000001490116 0 0 0 
0 0 -0.0500000007450581 0 0 0 0 0 0.0500000007450581 0 0 0 0 0 -0.100000001490116 0 0 0 0 0 -0.119999997317791 0 0 0 0 0 0 0 0 0 0 0 0 0 0 0 0 0 -0.150000005960464 0 
0 0 0 0 -0.0500000007450581 0 0 0 0 0 -0.0700000002980232 0 0 0 0 0 -1.16999995708466 0 0.0500000007450581 0 0.200000002980232 0 0 0 0 0 0 0 0 0 0 0 0 0 -0.0500000007450581 0 0 0 0 0 
0.219999998807907 0 0.25 0 0.469999998807907 0 0 0 0.349999994039536 0 0.709999978542328 0 0 0 0.349999994039536 0 0.479999989271164 0 0 0 0.0500000007450581 0 0.150000005960464 0 0 0 0.150000005960464 0 0.319999992847443 0 0 0 0.0500000007450581 0 0.200000002980232 0 0 0 0.150000005960464 0 
0.180000007152557 0 0 0 0.150000005960464 0 -0.200000002980232 0 0 0 0.419999986886978 0 0.419999986886978 0 0 0 0.0500000007450581 0 0.270000010728836 0 0 0 0 0 0 0 0 0 0 0 0 0 -0.100000001490116 0 0 0 0 0 -0.200000002980232 0 
0 0 0 0 0 0 0 0 0 0 0 0 0 0 0 0 0.219999998807907 0 0 0 0 0 0 0 0 0 0 0 -0.0500000007450581 0 0 0 0 0 -0.100000001490116 0 0 0 0 0 
0 0 0.140000000596046 0 0.189999997615814 0 0 0 0.699999988079071 0 0.699999988079071 0 0 0 -0.0199999995529652 0 -0.0199999995529652 0 0 0 0.150000005960464 0 0.150000005960464 0 0 0 0 0 0 0 0 0 0 0 0 0 0.159999996423721 0 0.0399999991059303 0 
0.0399999991059303 0 0 0 0.560000002384186 0 0.560000002384186 0 0 0 0 0 0 0 0 0 0.490000009536743 0 0.490000009536743 0 0 0 0 0 0 0 0.0700000002980232 0 0 0 0 0 -0.100000001490116 0 0 0 0 0 0 0 
0 0 0 0 -0.0500000007450581 0 0 0 0 0 -0.100000001490116 0 0.140000000596046 0 0.140000000596046 0 0 0 0 0 0 0 0 0 0 0 0 0 -0.0500000007450581 0 0 0 0 0 -0.100000001490116 0 0.200000002980232 0 0.200000002980232 0 
0 0 0 0 0 0 -0.0500000007450581 0 0 0 0 0 0 0 0.170000001788139 0 0.170000001788139 0 0 0 -0.0700000002980232 0 -0.0700000002980232 0 0 0 0 0 0 0 -0.0500000007450581 0 -0.170000001788139 0 -0.170000001788139 0 0 0 0 0 
0 0 0 0 0 0 0 0 -0.0799999982118607 0 0 0 0 0 -0.119999997317791 0 0.119999997317791 0 0 0 0 0 0 0 0 0 0 0 0 0 0 0 0 0 0.0500000007450581 0 0 0 0 0 
0.0500000007450581 0 0 0 0 0 0.0500000007450581 0 0 0 0 0 0 0 0 0 0 0 0.0500000007450581 0 0 0 0 0 0 0 0 0 -0.0500000007450581 0 0 0 0 0 0 0 0 0 0 0 
-0.100000001490116 0 0.25 0 0.600000023841858 0 0 0 -0.430000007152557 0 0.400000005960464 0 0 0 0 0 0 0 0.889999985694885 0 0 0 0 0 -0.0500000007450581 0 0 0 0 0 -0.100000001490116 0 0 0 0 0 0 0 0 0 
0 0 -0.0500000007450581 0 0 0 0 0 0 0 0 0 0 0 -0.0799999982118607 0 0 0 0 0 -0.0500000007450581 0 0 0 0 0 -0.300000011920929 0 0.150000005960464 0 0.400000005960464 0 0 0 0.25 0 0.5 0 0 0 
0.150000005960464 0 0.430000007152557 0 0 0 0.0500000007450581 0 0.25 0 0 0 0.150000005960464 0 0.430000007152557 0 0 0 0 0 0 0 -0.100000001490116 0 0.129999995231628 0 0.330000013113022 0 0 0 0 0 0 0 0 0 0 0 0 0 
-0.100000001490116 0 0 0 0 0 -0.0500000007450581 0 0 0 0 0 0 0 0 0 0 0 -0.100000001490116 0 0.150000005960464 0 0.379999995231628 0 0 0 0 0 0 0 0 0 0 0 0 0 -0.090999998152256 0 0.25 0 
0.699999988079071 0 0 0 0.400000005960464 0 1.22000002861023 0 0 0 0.28999999165535 0 0.910000026226044 0 0 0 0.25 0 0.560000002384186 0 0 0 0.699999988079071 0 1.69000005722046 0 0 0 0.829999983310699 0 2.20000004768372 0 0 0 0.720000028610229 0 1.85000002384186 0 0 0 
0.620000004768372 0 0.620000004768372 0 0 0 0.25 0 0.479999989271164 0 0 0 0.150000005960464 0 0.300000011920929 0 0 0 0.0500000007450581 0 0.100000001490116 0 0 0 0 0 0 0 0 0 0 0 0 0 -0.300000011920929 0 0.25 0 0.5 0 
0 0 0.349999994039536 0 0.699999988079071 0 0 0 0.25 0 0.560000002384186 0 0 0 0.25 0 0.560000002384186 0 0 0 0 0 0 0 -0.219999998807907 0 0.189999997615814 0 0.479999989271164 0 0 0 0.25 0 0.5 0 0 0 0.140000000596046 0 
0.300000011920929 0 0 0 0.25 0 0.600000023841858 0 0 0 0.600000023841858 0 0.800000011920929 0 0 0 0 0 0 0 0 0 0 0 0 0 -0.0500000007450581 0 0.150000005960464 0 0.400000005960464 0 0 0 0.140000000596046 0 0.400000005960464 0 0 0 
0.0500000007450581 0 0.200000002980232 0 0 0 0 0 0 0 -0.0900000035762787 0 0 0 0 0 -0.300000011920929 0 0.150000005960464 0 0.490000009536743 0 0 0 0.150000005960464 0 0.400000005960464 0 0 0 0.0500000007450581 0 0.200000002980232 0 0 0 0 0 0 0 
0 0 0 0 0 0 0 0 0 0 0 0 -0.100000001490116 0 0 0 0 0 -0.200000002980232 0 0.150000005960464 0 0.300000011920929 0 0 0 0 0 0 0 0 0 0.349999994039536 0 0.759999990463257 0 0 0 0.589999973773956 0 
0.589999973773956 0 0 0 0 0 0 0 -0.0500000007450581 0 0 0 0 0 0 0 0 0 0 0 -0.100000001490116 0 0 0 0 0 -0.0500000007450581 0 0.25 0 0.479999989271164 0 0 0 0.300000011920929 0 0.300000011920929 0 0 0 
0.100000001490116 0 0.100000001490116 0 0 0 0 0 0 0 0 0 0 0 0 0 -0.0500000007450581 0 0 0 0 0 -0.100000001490116 0 0.25 0 0.600000023841858 0 0 0 0.25 0 0.550000011920929 0 0 0 0.25 0 0.620000004768372 0 
0 0 0 0 0 0 -0.150000005960464 0 0 0 0 0 -0.00999999977648258 0 0 0 0 0 -0.920000016689301 0 0 0 0 0 0 0 0.0500000007450581 0 0.200000002980232 0 0 0 0 0 0 0 0 0 0.200000002980232 0 
0.200000002980232 0 0 0 0 0 0 0 0 0 0 0 0 0 -0.0500000007450581 0 0 0 0 0 0 0 0 0 0 0 -0.180000007152557 0 0 0 0 0 0 0 0 0 0 0 0 0 
0 0 0 0 0 0 0 0 0 0 -0.239999994635582 0 0 0 0 0 0.00999999977648258 0 0 0 0 0 -0.180000007152557 0 0 0 0 0 -0.00999999977648258 0 0 0 0 0 0 0 0 0 0 0 
0 0 0 0 0 0 -0.100000001490116 0 0 0 0 0 -0.119999997317791 0 0 0 0 0 -0.259999990463257 0 0.0500000007450581 0 0.259999990463257 0 0 0 0.209999993443489 0 0.46000000834465 0 0 0 0 0 0 0 -0.109999999403954 0 0.330000013113022 0 
0.330000013113022 0 0 0 0 0 0 0 0 0 0 0 0 0 0 0 0 0 0 0 0 0 0 0 0 0 -0.0199999995529652 0 0 0 0 0 -0.25 0 0 0 0 0 -0.219999998807907 0 
0.0500000007450581 0 0.280000001192093 0 0 0 0 0 0 0 0 0 0 0 0 0 -0.140000000596046 0 0 0 0 0 -0.300000011920929 0 0.0500000007450581 0 0.200000002980232 0 0 0 0.0500000007450581 0 0.200000002980232 0 0 0 0.150000005960464 0 0.400000005960464 0 
0 0 0 0 0 0 0 0 0 0 0 0 0 0 0.0500000007450581 0 0.200000002980232 0 0 0 0.0500000007450581 0 0.330000013113022 0 0 0 0.0500000007450581 0 0.330000013113022 0 0 0 0.0500000007450581 0 -0.0599999986588955 0 0 0 0 0 
0 0 0 0 0 0 0 0 -0.0900000035762787 0 0.0500000007450581 0 0.259999990463257 0 0 0 0 0 0 0 0 0 0.300000011920929 0 0.300000011920929 0 0 0 0 0 0 0 0 0 0.25 0 0.479999989271164 0 0 0 
0.400000005960464 0 0.400000005960464 0 0 0 0.25 0 0.519999980926514 0 0 0 0.150000005960464 0 0.300000011920929 0 0 0 0 0 0 0 -0.100000001490116 0 0 0 0 0 -0.0500000007450581 0 0 0 0 0 0 0 0 0 0 0 
-0.150000005960464 0 0 0 0 0 -0.100000001490116 0 0 0 0 0 -0.200000002980232 0 0 0 0 0 0 0 0 0 0 0 -0.0500000007450581 0 0 0 0 0 0 0 0 0 0 0 -0.100000001490116 0 0 0 
0 0 0.0700000002980232 0 0 0 0 0 0.129999995231628 0 0 0 0 0 0.379999995231628 0 0.349999994039536 0 0.349999994039536 0 0 0 0.400000005960464 0 0.400000005960464 0 0 0 0.860000014305115 0 0.860000014305115 0 0 0 0.239999994635582 0 0.239999994635582 0 0 0 
0 0 0 0 0 0 0 0 0 0 0.170000001788139 0 0 0 0 0 -0.100000001490116 0 0 0 0 0 0 0 0.200000002980232 0 0.200000002980232 0 0 0 0.449999988079071 0 0.449999988079071 0 0 0 0 0 0 0 
0 0 0.189999997615814 0 0.189999997615814 0 0 0 0 0 0 0 -0.0500000007450581 0 0 0 0 0 0 0 0 0 0 0 -0.0900000035762787 0 0.150000005960464 0 0.839999973773956 0 0 0 0.150000005960464 0 0.620000004768372 0 0 0 0 0 
0 0 0 0 0 0 0 0 -0.100000001490116 0 0 0 0 0 0 0 0 0 0 0 -0.100000001490116 0 0.330000013113022 0 0.889999985694885 0 0 0 0.330000013113022 0 1.88999998569489 0 0 0 0.25 0 0.930000007152557 0 0 0 
0.0500000007450581 0 0.0900000035762787 0 0 0 0 0 0 0 0 0 0.75 0 3.60999989509583 0 0 0 0.870000004768372 0 0.870000004768372 0 0 0 0.839999973773956 0 0.839999973773956 0 0 0 0.25 0 0.629999995231628 0 0 0 0.150000005960464 0 0.469999998807907 0 
0 0 0.0500000007450581 0 0.200000002980232 0 0 0 0 0 0 0 0 0 0 0 0 0 -0.140000000596046 0 0 0 0 0 -0.150000005960464 0 0.25 0 0.879999995231628 0 0 0 0.25 0 0.569999992847443 0 0 0 0.150000005960464 0 
0.389999985694885 0 0 0 -0.00999999977648258 0 0.00999999977648258 0 -0.00999999977648258 0 -0.100000001490116 0 -0.100000001490116 0 -0.00999999977648258 0 -0.100000001490116 0 -0.00999999977648258 0 -0.100000001490116 0 -0.00999999977648258 0 -0.00999999977648258 0 -0.100000001490116 0 -0.00999999977648258 0 -0.100000001490116 0 0.00999999977648258 0 -0.00999999977648258 0 0.00999999977648258 0 -0.00999999977648258 0 
-0.100000001490116 0 -0.00999999977648258 0 -0.00999999977648258 0 -0.100000001490116 0 -0.00999999977648258 0 0.300000011920929 0 0.159999996423721 0 0.340000003576279 0 
<LsMdc>
0 0 0 0 0 0 
<DMc>

<MoiSN>

<SitFr>

<LsMdc2>
0 0 0 0 0 0 
<DQFc>

<LsPhl>
0 0 0 0 0 0 0 0 0 0 0 0 0 0 0 0 0 0 0 0 0 0 0 0 0 0 0 0 0 0 0 0 0 0 0 0 0 0 0 0 
0 0 0 0 0 0 0 0 0 0 0 0 0 0 0 0 0 0 0 0 0 0 0 0 0 0 0 0 0 0 0 0 0 0 0 0 0 0 0 0 
0 0 0 0 0 0 0 0 0 0 0 0 0 0 0 0 0 0 0 0 0 0 0 0 0 0 0 0 0 0 0 0 0 0 0 0 0 0 0 0 
0 0 0 0 0 0 0 0 0 0 0 0 0 0 0 0 0 0 0 0 0 0 0 0 0 0 0 0 0 0 0 0 0 0 0 0 0 0 0 0 
0 0 0 0 0 0 0 0 0 0 0 0 0 0 0 0 0 0 0 0 0 0 0 0 0 0 0 0 0 0 0 0 0 0 0 0 0 0 0 0 
0 0 0 0 0 0 0 0 0 0 0 0 0 0 0 0 0 0 0 0 0 0 0 0 0 0 0 0 0 0 0 0 0 0 0 0 0 0 0 0 
0 0 0 0 0 0 0 0 0 0 0 0 0 0 0 0 0 0 0 0 0 0 0 0 0 0 0 0 0 0 0 0 0 0 0 0 0 0 0 0 
0 0 0 0 0 0 0 0 0 0 0 0 0 0 0 0 0 0 0 0 0 0 0 0 0 0 0 0 0 0 0 0 0 0 0 0 0 0 0 0 
0 0 0 0 0 0 0 0 0 0 0 0 0 0 0 0 0 0 0 0 0 0 0 0 0 0 0 0 0 0 0 0 0 0 0 0 0 0 0 0 
0 0 0 0 0 0 0 0 0 0 0 0 0 0 0 0 0 0 0 0 0 0 0 0 0 0 0 0 0 0 0 0 0 0 0 0 0 0 0 0 
0 0 0 0 0 0 0 0 0 0 0 0 0 0 0 0 0 0 0 0 0 0 0 0 0 0 0 0 0 0 0 0 0 0 0 0 0 0 0 0 
0 0 0 0 0 0 0 0 0 0 0 0 0 0 0 0 0 0 0 0 0 0 0 0 0 0 0 0 0 0 0 0 0 0 0 0 0 0 0 0 
0 0 0 0 0 0 0 0 0 0 0 0 0 0 0 0 0 0 0 0 0 0 0 0 0 0 0 0 0 0 0 0 0 0 0 0 0 0 0 0 
0 0 0 0 0 0 0 0 0 0 0 0 0 0 0 0 0 0 0 0 0 0 0 0 0 0 0 0 0 0 0 0 0 0 0 0 0 0 0 0 
0 0 0 0 0 0 0 0 0 0 0 0 0 0 0 0 0 0 0 0 0 0 0 0 0 0 0 0 0 0 0 0 0 0 0 0 0 0 0 0 
0 0 0 0 0 0 0 0 0 0 0 0 0 0 0 0 0 0 0 0 0 0 0 0 0 0 0 0 0 0 0 0 0 0 0 0 0 0 0 0 
0 0 0 0 0 0 0 0 0 0 0 0 0 0 0 0 0 0 0 0 0 0 0 0 0 0 0 0 0 0 0 0 0 0 0 0 0 0 0 0 
0 0 0 0 0 0 0 0 0 0 0 0 0 0 0 0 0 0 0 0 0 0 0 0 0 0 0 0 0 0 0 0 0 0 0 0 0 0 0 0 
0 0 0 0 0 0 0 0 0 0 0 0 0 0 0 0 0 0 0 0 0 0 0 0 0 0 0 0 0 0 0 0 0 0 0 0 0 0 0 0 
0 0 0 0 0 0 0 0 0 0 0 0 0 0 0 0 0 0 0 0 0 0 0 0 0 0 0 0 0 0 0 0 0 0 0 0 0 0 0 0 
0 0 0 0 0 0 0 0 0 0 0 0 0 0 0 0 0 0 0 0 0 0 0 0 0 0 0 0 0 0 0 0 0 0 0 0 0 0 0 0 
0 0 0 0 
<PhLin>

<lPhc>

<lnDQFt>
0 0 0 0 0 0 0 0 0 0 0 0 0 0 0 0 0 0 0 0 0 0 0 0 0 0 0 0 0 0 0 0 0 0 0 0 0 0 0 0 
0 0 0 0 0 0 0 0 0 0 0 0 0 0 0 0 0 0 0 0 0 0 0 0 0 0 0 0 0 0 0 0 0 0 0 0 0 0 0 0 
0 0 0 0 0 0 0 0 0 0 0 0 0 0 0 0 0 0 0 0 0 0 0 0 0 0 0 0 0 0 0 0 0 0 0 0 0 0 0 0 
0 0 0 0 0 0 0 0 0 0 0 0 0 0 0 0 0 0 0 0 0 0 0 0 0 0 0 0 0 0 0 0 0 0 0 0 0 0 0 0 
0 0 0 0 0 0 0 0 0 0 0 0 0 0 0 0 0 0 0 0 0 0 0 0 0 0 0 0 0 0 0 0 0 0 0 0 0 0 0 0 
0 0 0 0 0 0 0 0 0 0 0 0 0 0 0 0 0 0 0 0 0 0 0 0 0 0 0 0 0 0 0 0 0 0 0 0 0 0 0 0 
0 0 0 0 0 0 0 0 0 0 0 0 0 0 0 0 0 0 0 0 0 0 0 0 0 0 0 0 0 0 0 0 0 0 0 0 0 0 0 0 
0 0 0 0 0 0 0 0 0 0 0 0 0 0 0 0 0 0 0 0 0 0 0 0 0 0 0 0 0 0 0 0 0 0 0 0 0 0 0 0 
0 0 0 0 0 0 0 0 0 0 0 0 0 0 0 0 0 0 0 0 0 0 0 0 0 0 0 0 0 0 0 0 0 0 0 0 0 0 0 0 
0 0 0 0 0 0 0 0 0 0 0 0 0 0 0 0 0 0 0 0 0 0 0 0 0 0 0 0 0 0 0 0 0 0 0 0 0 0 0 0 
0 0 0 0 0 0 0 0 0 0 0 0 0 0 0 0 0 0 0 0 0 0 0 0 0 0 0 0 0 0 0 0 0 0 0 0 0 0 0 0 
0 0 0 0 0 0 0 0 0 0 0 0 0 0 0 0 0 0 0 0 0 0 0 0 0 0 0 0 0 0 0 0 0 0 0 0 0 0 0 0 
0 0 0 0 0 0 0 0 0 0 0 0 0 0 0 0 0 0 0 0 0 0 0 0 0 0 0 0 0 0 0 0 0 0 0 0 0 0 0 0 
0 0 0 0 0 0 0 0 0 0 0 0 0 0 0 0 0 0 0 0 0 0 0 0 0 0 0 0 0 0 0 0 0 0 0 0 0 0 0 0 
0 0 0 0 0 0 0 0 0 0 0 0 0 0 0 0 0 0 0 0 0 0 0 0 0 0 0 0 0 0 0 0 0 0 0 0 0 0 0 0 
0 0 0 0 0 0 0 0 0 0 0 0 0 0 0 0 0 0 0 0 0 0 0 0 0 0 0 0 0 0 0 0 0 0 0 0 0 0 0 0 
0 0 0 0 0 0 0 0 0 0 0 0 0 0 0 0 0 0 0 0 0 0 0 0 0 0 0 0 0 0 0 0 0 0 0 0 0 0 0 0 
0 0 0 0 0 0 0 0 0 0 0 0 0 0 0 0 0 0 0 0 0 0 0 0 0 0 0 0 0 0 0 0 0 0 0 0 0 0 0 0 
0 0 0 0 0 0 0 0 0 0 0 0 0 0 0 0 0 0 0 0 0 0 0 0 0 0 0 0 0 0 0 0 0 0 0 0 0 0 0 0 
0 0 0 0 0 0 0 0 0 0 0 0 0 0 0 0 0 0 0 0 0 0 0 0 0 0 0 0 0 0 0 0 0 0 0 0 0 0 0 0 
0 0 0 0 0 0 0 0 0 0 0 0 0 0 0 0 0 0 0 0 0 0 0 0 0 0 0 0 0 0 0 0 0 0 0 0 0 0 0 0 
0 0 0 0 0 0 0 0 0 0 0 0 0 0 0 0 0 0 0 0 0 0 0 0 0 0 0 0 0 0 0 0 0 0 0 0 0 0 0 0 
0 0 0 0 0 0 0 0 0 0 0 0 0 0 0 0 0 0 0 0 0 0 0 0 0 0 0 0 0 0 0 0 0 0 0 0 0 0 0 0 
0 0 0 0 0 0 0 0 0 0 0 0 0 0 0 0 0 0 0 0 0 0 0 0 0 0 0 0 0 0 0 0 0 0 0 0 0 0 0 0 
0 0 0 0 0 0 0 0 0 0 0 0 0 0 0 0 0 0 0 0 0 0 0 0 0 0 0 0 0 0 0 0 0 0 0 0 0 0 0 0 
0 0 0 0 0 0 0 0 0 0 0 0 0 0 0 0 0 0 0 0 0 0 0 0 0 0 0 0 0 0 0 0 0 0 0 0 0 0 0 0 
0 0 0 0 0 0 0 0 0 0 0 0 0 0 0 0 0 0 0 0 0 0 0 0 0 0 0 0 0 0 0 0 0 0 0 0 0 0 0 0 
0 0 0 0 0 0 0 0 0 0 0 0 0 0 0 0 0 0 0 0 0 0 0 0 0 0 0 0 0 0 0 0 0 0 0 0 0 0 0 0 
0 0 0 0 0 0 0 0 0 0 0 0 0 0 0 0 0 0 0 0 0 0 0 0 0 0 
<lnRcpt>
0 0 0 0 0 0 0 0 0 0 0 0 0 0 0 0 0 0 0 0 0 0 0 0 0 0 0 0 0 0 0 0 0 0 0 0 0 0 0 0 
0 0 0 0 0 0 0 0 0 0 0 0 0 0 0 0 0 0 0 0 0 0 0 0 0 0 0 0 0 0 0 0 0 0 0 0 0 0 0 0 
0 0 0 0 0 0 0 0 0 0 0 0 0 0 0 0 0 0 0 0 0 0 0 0 0 0 0 0 0 0 0 0 0 0 0 0 0 0 0 0 
0 0 0 0 0 0 0 0 0 0 0 0 0 0 0 0 0 0 0 0 0 0 0 0 0 0 0 0 0 0 0 0 0 0 0 0 0 0 0 0 
0 0 0 0 0 0 0 0 0 0 0 0 0 0 0 0 0 0 0 0 0 0 0 0 0 0 0 0 0 0 0 0 0 0 0 0 0 0 0 0 
0 0 0 0 0 0 0 0 0 0 0 0 0 0 0 0 0 0 0 0 0 0 0 0 0 0 0 0 0 0 0 0 0 0 0 0 0 0 0 0 
0 0 0 0 0 0 0 0 0 0 0 0 0 0 0 0 0 0 0 0 0 0 0 0 0 0 0 0 0 0 0 0 0 0 0 0 0 0 0 0 
0 0 0 0 0 0 0 0 0 0 0 0 0 0 0 0 0 0 0 0 0 0 0 0 0 0 0 0 0 0 0 0 0 0 0 0 0 0 0 0 
0 0 0 0 0 0 0 0 0 0 0 0 0 0 0 0 0 0 0 0 0 0 0 0 0 0 0 0 0 0 0 0 0 0 0 0 0 0 0 0 
0 0 0 0 0 0 0 0 0 0 0 0 0 0 0 0 0 0 0 0 0 0 0 0 0 0 0 0 0 0 0 0 0 0 0 0 0 0 0 0 
0 0 0 0 0 0 0 0 0 0 0 0 0 0 0 0 0 0 0 0 0 0 0 0 0 0 0 0 0 0 0 0 0 0 0 0 0 0 0 0 
0 0 0 0 0 0 0 0 0 0 0 0 0 0 0 0 0 0 0 0 0 0 0 0 0 0 0 0 0 0 0 0 0 0 0 0 0 0 0 0 
0 0 0 0 0 0 0 0 0 0 0 0 0 0 0 0 0 0 0 0 0 0 0 0 0 0 0 0 0 0 0 0 0 0 0 0 0 0 0 0 
0 0 0 0 0 0 0 0 0 0 0 0 0 0 0 0 0 0 0 0 0 0 0 0 0 0 0 0 0 0 0 0 0 0 0 0 0 0 0 0 
0 0 0 0 0 0 0 0 0 0 0 0 0 0 0 0 0 0 0 0 0 0 0 0 0 0 0 0 0 0 0 0 0 0 0 0 0 0 0 0 
0 0 0 0 0 0 0 0 0 0 0 0 0 0 0 0 0 0 0 0 0 0 0 0 0 0 0 0 0 0 0 0 0 0 0 0 0 0 0 0 
0 0 0 0 0 0 0 0 0 0 0 0 0 0 0 0 0 0 0 0 0 0 0 0 0 0 0 0 0 0 0 0 0 0 0 0 0 0 0 0 
0 0 0 0 0 0 0 0 0 0 0 0 0 0 0 0 0 0 0 0 0 0 0 0 0 0 0 0 0 0 0 0 0 0 0 0 0 0 0 0 
0 0 0 0 0 0 0 0 0 0 0 0 0 0 0 0 0 0 0 0 0 0 0 0 0 0 0 0 0 0 0 0 0 0 0 0 0 0 0 0 
0 0 0 0 0 0 0 0 0 0 0 0 0 0 0 0 0 0 0 0 0 0 0 0 0 0 0 0 0 0 0 0 0 0 0 0 0 0 0 0 
0 0 0 0 0 0 0 0 0 0 0 0 0 0 0 0 0 0 0 0 0 0 0 0 0 0 0 0 0 0 0 0 0 0 0 0 0 0 0 0 
0 0 0 0 0 0 0 0 0 0 0 0 0 0 0 0 0 0 0 0 0 0 0 0 0 0 0 0 0 0 0 0 0 0 0 0 0 0 0 0 
0 0 0 0 0 0 0 0 0 0 0 0 0 0 0 0 0 0 0 0 0 0 0 0 0 0 0 0 0 0 0 0 0 0 0 0 0 0 0 0 
0 0 0 0 0 0 0 0 0 0 0 0 0 0 0 0 0 0 0 0 0 0 0 0 0 0 0 0 0 0 0 0 0 0 0 0 0 0 0 0 
0 0 0 0 0 0 0 0 0 0 0 0 0 0 0 0 0 0 0 0 0 0 0 0 0 0 0 0 0 0 0 0 0 0 0 0 0 0 0 0 
0 0 0 0 0 0 0 0 0 0 0 0 0 0 0 0 0 0 0 0 0 0 0 0 0 0 0 0 0 0 0 0 0 0 0 0 0 0 0 0 
0 0 0 0 0 0 0 0 0 0 0 0 0 0 0 0 0 0 0 0 0 0 0 0 0 0 0 0 0 0 0 0 0 0 0 0 0 0 0 0 
0 0 0 0 0 0 0 0 0 0 0 0 0 0 0 0 0 0 0 0 0 0 0 0 0 0 0 0 0 0 0 0 0 0 0 0 0 0 0 0 
0 0 0 0 0 0 0 0 0 0 0 0 0 0 0 0 0 0 0 0 0 0 0 0 0 0 
<lnExet>
0 0 0 0 0 0 0 0 0 0 0 0 0 0 0 0 0 0 0 0 0 0 0 0 0 0 0 0 0 0 0 0 0 0 0 0 0 0 0 0 
0 0 0 0 0 0 0 0 0 0 0 0 0 0 0 0 0 0 0 0 0 0 0 0 0 0 0 0 0 0 0 0 0 0 0 0 0 0 0 0 
0 0 0 0 0 0 0 0 0 0 0 0 0 0 0 0 0 0 0 0 0 0 0 0 0 0 0 0 0 0 0 0 0 0 0 0 0 0 0 0 
0 0 0 0 0 0 0 0 0 0 0 0 0 0 0 0 0 0 0 0 0 0 0 0 0 0 0 0 0 0 0 0 0 0 0 0 0 0 0 0 
0 0 0 0 0 0 0 0 0 0 0 0 0 0 0 0 0 0 0 0 0 0 0 0 0 0 0 0 0 0 0 0 0 0 0 0 0 0 0 0 
0 0 0 0 0 0 0 0 0 0 0 0 0 0 0 0 0 0 0 0 0 0 0 0 0 0 0 0 0 0 0 0 0 0 0 0 0 0 0 0 
0 0 0 0 0 0 0 0 0 0 0 0 0 0 0 0 0 0 0 0 0 0 0 0 0 0 0 0 0 0 0 0 0 0 0 0 0 0 0 0 
0 0 0 0 0 0 0 0 0 0 0 0 0 0 0 0 0 0 0 0 0 0 0 0 0 0 0 0 0 0 0 0 0 0 0 0 0 0 0 0 
0 0 0 0 0 0 0 0 0 0 0 0 0 0 0 0 0 0 0 0 0 0 0 0 0 0 0 0 0 0 0 0 0 0 0 0 0 0 0 0 
0 0 0 0 0 0 0 0 0 0 0 0 0 0 0 0 0 0 0 0 0 0 0 0 0 0 0 0 0 0 0 0 0 0 0 0 0 0 0 0 
0 0 0 0 0 0 0 0 0 0 0 0 0 0 0 0 0 0 0 0 0 0 0 0 0 0 0 0 0 0 0 0 0 0 0 0 0 0 0 0 
0 0 0 0 0 0 0 0 0 0 0 0 0 0 0 0 0 0 0 0 0 0 0 0 0 0 0 0 0 0 0 0 0 0 0 0 0 0 0 0 
0 0 0 0 0 0 0 0 0 0 0 0 0 0 0 0 0 0 0 0 0 0 0 0 0 0 0 0 0 0 0 0 0 0 0 0 0 0 0 0 
0 0 0 0 0 0 0 0 0 0 0 0 0 0 0 0 0 0 0 0 0 0 0 0 0 0 0 0 0 0 0 0 0 0 0 0 0 0 0 0 
0 0 0 0 0 0 0 0 0 0 0 0 0 0 0 0 0 0 0 0 0 0 0 0 0 0 0 0 0 0 0 0 0 0 0 0 0 0 0 0 
0 0 0 0 0 0 0 0 0 0 0 0 0 0 0 0 0 0 0 0 0 0 0 0 0 0 0 0 0 0 0 0 0 0 0 0 0 0 0 0 
0 0 0 0 0 0 0 0 0 0 0 0 0 0 0 0 0 0 0 0 0 0 0 0 0 0 0 0 0 0 0 0 0 0 0 0 0 0 0 0 
0 0 0 0 0 0 0 0 0 0 0 0 0 0 0 0 0 0 0 0 0 0 0 0 0 0 0 0 0 0 0 0 0 0 0 0 0 0 0 0 
0 0 0 0 0 0 0 0 0 0 0 0 0 0 0 0 0 0 0 0 0 0 0 0 0 0 0 0 0 0 0 0 0 0 0 0 0 0 0 0 
0 0 0 0 0 0 0 0 0 0 0 0 0 0 0 0 0 0 0 0 0 0 0 0 0 0 0 0 0 0 0 0 0 0 0 0 0 0 0 0 
0 0 0 0 0 0 0 0 0 0 0 0 0 0 0 0 0 0 0 0 0 0 0 0 0 0 0 0 0 0 0 0 0 0 0 0 0 0 0 0 
0 0 0 0 0 0 0 0 0 0 0 0 0 0 0 0 0 0 0 0 0 0 0 0 0 0 0 0 0 0 0 0 0 0 0 0 0 0 0 0 
0 0 0 0 0 0 0 0 0 0 0 0 0 0 0 0 0 0 0 0 0 0 0 0 0 0 0 0 0 0 0 0 0 0 0 0 0 0 0 0 
0 0 0 0 0 0 0 0 0 0 0 0 0 0 0 0 0 0 0 0 0 0 0 0 0 0 0 0 0 0 0 0 0 0 0 0 0 0 0 0 
0 0 0 0 0 0 0 0 0 0 0 0 0 0 0 0 0 0 0 0 0 0 0 0 0 0 0 0 0 0 0 0 0 0 0 0 0 0 0 0 
0 0 0 0 0 0 0 0 0 0 0 0 0 0 0 0 0 0 0 0 0 0 0 0 0 0 0 0 0 0 0 0 0 0 0 0 0 0 0 0 
0 0 0 0 0 0 0 0 0 0 0 0 0 0 0 0 0 0 0 0 0 0 0 0 0 0 0 0 0 0 0 0 0 0 0 0 0 0 0 0 
0 0 0 0 0 0 0 0 0 0 0 0 0 0 0 0 0 0 0 0 0 0 0 0 0 0 0 0 0 0 0 0 0 0 0 0 0 0 0 0 
0 0 0 0 0 0 0 0 0 0 0 0 0 0 0 0 0 0 0 0 0 0 0 0 0 0 
<lnCnft>
0 0 0 0 0 0 0 0 0 0 0 0 0 0 0 0 0 0 0 0 0 0 0 0 0 0 0 0 0 0 0 0 0 0 0 0 0 0 0 0 
0 0 0 0 0 0 0 0 0 0 0 0 0 0 0 0 0 0 0 0 0 0 0 0 0 0 0 0 0 0 0 0 0 0 0 0 0 0 0 0 
0 0 0 0 0 0 0 0 0 0 0 0 0 0 0 0 0 0 0 0 0 0 0 0 0 0 0 0 0 0 0 0 0 0 0 0 0 0 0 0 
0 0 0 0 0 0 0 0 0 0 0 0 0 0 0 0 0 0 0 0 0 0 0 0 0 0 0 0 0 0 0 0 0 0 0 0 0 0 0 0 
0 0 0 0 0 0 0 0 0 0 0 0 0 0 0 0 0 0 0 0 0 0 0 0 0 0 0 0 0 0 0 0 0 0 0 0 0 0 0 0 
0 0 0 0 0 0 0 0 0 0 0 0 0 0 0 0 0 0 0 0 0 0 0 0 0 0 0 0 0 0 0 0 0 0 0 0 0 0 0 0 
0 0 0 0 0 0 0 0 0 0 0 0 0 0 0 0 0 0 0 0 0 0 0 0 0 0 0 0 0 0 0 0 0 0 0 0 0 0 0 0 
0 0 0 0 0 0 0 0 0 0 0 0 0 0 0 0 0 0 0 0 0 0 0 0 0 0 0 0 0 0 0 0 0 0 0 0 0 0 0 0 
0 0 0 0 0 0 0 0 0 0 0 0 0 0 0 0 0 0 0 0 0 0 0 0 0 0 0 0 0 0 0 0 0 0 0 0 0 0 0 0 
0 0 0 0 0 0 0 0 0 0 0 0 0 0 0 0 0 0 0 0 0 0 0 0 0 0 0 0 0 0 0 0 0 0 0 0 0 0 0 0 
0 0 0 0 0 0 0 0 0 0 0 0 0 0 0 0 0 0 0 0 0 0 0 0 0 0 0 0 0 0 0 0 0 0 0 0 0 0 0 0 
0 0 0 0 0 0 0 0 0 0 0 0 0 0 0 0 0 0 0 0 0 0 0 0 0 0 0 0 0 0 0 0 0 0 0 0 0 0 0 0 
0 0 0 0 0 0 0 0 0 0 0 0 0 0 0 0 0 0 0 0 0 0 0 0 0 0 0 0 0 0 0 0 0 0 0 0 0 0 0 0 
0 0 0 0 0 0 0 0 0 0 0 0 0 0 0 0 0 0 0 0 0 0 0 0 0 0 0 0 0 0 0 0 0 0 0 0 0 0 0 0 
0 0 0 0 0 0 0 0 0 0 0 0 0 0 0 0 0 0 0 0 0 0 0 0 0 0 0 0 0 0 0 0 0 0 0 0 0 0 0 0 
0 0 0 0 0 0 0 0 0 0 0 0 0 0 0 0 0 0 0 0 0 0 0 0 0 0 0 0 0 0 0 0 0 0 0 0 0 0 0 0 
0 0 0 0 0 0 0 0 0 0 0 0 0 0 0 0 0 0 0 0 0 0 0 0 0 0 0 0 0 0 0 0 0 0 0 0 0 0 0 0 
0 0 0 0 0 0 0 0 0 0 0 0 0 0 0 0 0 0 0 0 0 0 0 0 0 0 0 0 0 0 0 0 0 0 0 0 0 0 0 0 
0 0 0 0 0 0 0 0 0 0 0 0 0 0 0 0 0 0 0 0 0 0 0 0 0 0 0 0 0 0 0 0 0 0 0 0 0 0 0 0 
0 0 0 0 0 0 0 0 0 0 0 0 0 0 0 0 0 0 0 0 0 0 0 0 0 0 0 0 0 0 0 0 0 0 0 0 0 0 0 0 
0 0 0 0 0 0 0 0 0 0 0 0 0 0 0 0 0 0 0 0 0 0 0 0 0 0 0 0 0 0 0 0 0 0 0 0 0 0 0 0 
0 0 0 0 0 0 0 0 0 0 0 0 0 0 0 0 0 0 0 0 0 0 0 0 0 0 0 0 0 0 0 0 0 0 0 0 0 0 0 0 
0 0 0 0 0 0 0 0 0 0 0 0 0 0 0 0 0 0 0 0 0 0 0 0 0 0 0 0 0 0 0 0 0 0 0 0 0 0 0 0 
0 0 0 0 0 0 0 0 0 0 0 0 0 0 0 0 0 0 0 0 0 0 0 0 0 0 0 0 0 0 0 0 0 0 0 0 0 0 0 0 
0 0 0 0 0 0 0 0 0 0 0 0 0 0 0 0 0 0 0 0 0 0 0 0 0 0 0 0 0 0 0 0 0 0 0 0 0 0 0 0 
0 0 0 0 0 0 0 0 0 0 0 0 0 0 0 0 0 0 0 0 0 0 0 0 0 0 0 0 0 0 0 0 0 0 0 0 0 0 0 0 
0 0 0 0 0 0 0 0 0 0 0 0 0 0 0 0 0 0 0 0 0 0 0 0 0 0 0 0 0 0 0 0 0 0 0 0 0 0 0 0 
0 0 0 0 0 0 0 0 0 0 0 0 0 0 0 0 0 0 0 0 0 0 0 0 0 0 0 0 0 0 0 0 0 0 0 0 0 0 0 0 
0 0 0 0 0 0 0 0 0 0 0 0 0 0 0 0 0 0 0 0 0 0 0 0 0 0 
<SorMc>
0 0 0 0 0 0 0 0 0 0 0 0 0 0 0 0 
0 0 0 0 0 0 0 0 0 0 0 0 0 0 0 0 
<LsISmo>
0 0 0 0 0 0 0 0 
<xSMd>

<IsoPc>

<IsoSc>

<IsoCt>

<LsESmo>
0 0 0 0 0 0 0 0 
<EImc>

<mCDc>

<lnScalT>
0 0 0 0 0 0 0 0 0 0 0 0 0 0 0 0 0 0 0 0 0 0 0 0 0 0 0 0 0 0 0 0 0 0 0 0 0 0 0 0 
0 0 0 0 0 0 0 0 0 0 0 0 0 0 0 0 0 0 0 0 0 0 0 0 0 0 0 0 0 0 0 0 0 0 0 0 0 0 0 0 
0 0 0 0 0 0 0 0 0 0 0 0 0 0 0 0 0 0 0 0 0 0 0 0 0 0 0 0 0 0 0 0 0 0 0 0 0 0 0 0 
0 0 0 0 0 0 0 0 0 0 0 0 0 0 0 0 0 0 0 0 0 0 0 0 0 0 0 0 0 0 0 0 0 0 0 0 0 0 0 0 
0 0 0 0 0 0 0 0 0 0 0 0 0 0 0 0 0 0 0 0 0 0 0 0 0 0 0 0 0 0 0 0 0 0 0 0 0 0 0 0 
0 0 0 0 0 0 0 0 0 0 0 0 0 0 0 0 0 0 0 0 0 0 0 0 0 0 0 0 0 0 0 0 0 0 0 0 0 0 0 0 
0 0 0 0 0 0 0 0 0 0 0 0 0 0 0 0 0 0 0 0 0 0 0 0 0 0 0 0 0 0 0 0 0 0 0 0 0 0 0 0 
0 0 0 0 0 0 0 0 0 0 0 0 0 0 0 0 0 0 0 0 0 0 0 0 0 0 0 0 0 0 0 0 0 0 0 0 0 0 0 0 
0 0 0 0 0 0 0 0 0 0 0 0 0 0 0 0 0 0 0 0 0 0 0 0 0 0 0 0 0 0 0 0 0 0 0 0 0 0 0 0 
0 0 0 0 0 0 0 0 0 0 0 0 0 0 0 0 0 0 0 0 0 0 0 0 0 0 0 0 0 0 0 0 0 0 0 0 0 0 0 0 
0 0 0 0 0 0 0 0 0 0 0 0 0 0 0 0 0 0 0 0 0 0 0 0 0 0 0 0 0 0 0 0 0 0 0 0 0 0 0 0 
0 0 0 0 0 0 0 0 0 0 0 0 0 0 0 0 0 0 0 0 0 0 0 0 0 0 0 0 0 0 0 0 0 0 0 0 0 0 0 0 
0 0 0 0 0 0 0 0 0 0 0 0 0 0 0 0 0 0 0 0 0 0 0 0 0 0 0 0 0 0 0 0 0 0 0 0 0 0 0 0 
0 0 0 0 0 0 0 0 0 0 0 0 0 0 0 0 0 0 0 0 0 0 0 0 0 0 0 0 0 0 0 0 0 0 0 0 0 0 0 0 
0 0 0 0 0 0 0 0 0 0 0 0 0 0 0 0 0 0 0 0 0 0 0 0 0 0 0 0 0 0 0 0 0 0 0 0 0 0 0 0 
0 0 0 0 0 0 0 0 0 0 0 0 0 0 0 0 0 0 0 0 0 0 0 0 0 0 0 0 0 0 0 0 0 0 0 0 0 0 0 0 
0 0 0 0 0 0 0 0 0 0 0 0 0 0 0 0 0 0 0 0 0 0 0 0 0 0 0 0 0 0 0 0 0 0 0 0 0 0 0 0 
0 0 0 0 0 0 0 0 0 0 0 0 0 0 0 0 0 0 0 0 0 0 0 0 0 0 0 0 0 0 0 0 0 0 0 0 0 0 0 0 
0 0 0 0 0 0 0 0 0 0 0 0 0 0 0 0 0 0 0 0 0 0 0 0 0 0 0 0 0 0 0 0 0 0 0 0 0 0 0 0 
0 0 0 0 0 0 0 0 0 0 0 0 0 0 0 0 0 0 0 0 0 0 0 0 0 0 0 0 0 0 0 0 0 0 0 0 0 0 0 0 
0 0 0 0 0 0 0 0 0 0 0 0 0 0 0 0 0 0 0 0 0 0 0 0 0 0 0 0 0 0 0 0 0 0 0 0 0 0 0 0 
0 0 0 0 0 0 0 0 0 0 0 0 0 0 0 0 0 0 0 0 0 0 0 0 0 0 0 0 0 0 0 0 0 0 0 0 0 0 0 0 
0 0 0 0 0 0 0 0 0 0 0 0 0 0 0 0 0 0 0 0 0 0 0 0 0 0 0 0 0 0 0 0 0 0 0 0 0 0 0 0 
0 0 0 0 0 0 0 0 0 0 0 0 0 0 0 0 0 0 0 0 0 0 0 0 0 0 0 0 0 0 0 0 0 0 0 0 0 0 0 0 
0 0 0 0 0 0 0 0 0 0 0 0 0 0 0 0 0 0 0 0 0 0 0 0 0 0 0 0 0 0 0 0 0 0 0 0 0 0 0 0 
0 0 0 0 0 0 0 0 0 0 0 0 0 0 0 0 0 0 0 0 0 0 0 0 0 0 0 0 0 0 0 0 0 0 0 0 0 0 0 0 
0 0 0 0 0 0 0 0 0 0 0 0 0 0 0 0 0 0 0 0 0 0 0 0 0 0 0 0 0 0 0 0 0 0 0 0 0 0 0 0 
0 0 0 0 0 0 0 0 0 0 0 0 0 0 0 0 0 0 0 0 0 0 0 0 0 0 0 0 0 0 0 0 0 0 0 0 0 0 0 0 
0 0 0 0 0 0 0 0 0 0 0 0 0 0 0 0 0 0 0 0 0 0 0 0 0 0 
<lnSACT>
0 0 0 0 0 0 0 0 0 0 0 0 0 0 0 0 0 0 0 0 0 0 0 0 0 0 0 0 0 0 0 0 0 0 0 0 0 0 0 0 
0 0 0 0 0 0 0 0 0 0 0 0 0 0 0 0 0 0 0 0 0 0 0 0 0 0 0 0 0 0 0 0 0 0 0 0 0 0 0 0 
0 0 0 0 0 0 0 0 0 0 0 0 0 0 0 0 0 0 0 0 0 0 0 0 0 0 0 0 0 0 0 0 0 0 0 0 0 0 0 0 
0 0 0 0 0 0 0 0 0 0 0 0 0 0 0 0 0 0 0 0 0 0 0 0 0 0 0 0 0 0 0 0 0 0 0 0 0 0 0 0 
0 0 0 0 0 0 0 0 0 0 0 0 0 0 0 0 0 0 0 0 0 0 0 0 0 0 0 0 0 0 0 0 0 0 0 0 0 0 0 0 
0 0 0 0 0 0 0 0 0 0 0 0 0 0 0 0 0 0 0 0 0 0 0 0 0 0 0 0 0 0 0 0 0 0 0 0 0 0 0 0 
0 0 0 0 0 0 0 0 0 0 0 0 0 0 0 0 0 0 0 0 0 0 0 0 0 0 0 0 0 0 0 0 0 0 0 0 0 0 0 0 
0 0 0 0 0 0 0 0 0 0 0 0 0 0 0 0 0 0 0 0 0 0 0 0 0 0 0 0 0 0 0 0 0 0 0 0 0 0 0 0 
0 0 0 0 0 0 0 0 0 0 0 0 0 0 0 0 0 0 0 0 0 0 0 0 0 0 0 0 0 0 0 0 0 0 0 0 0 0 0 0 
0 0 0 0 0 0 0 0 0 0 0 0 0 0 0 0 0 0 0 0 0 0 0 0 0 0 0 0 0 0 0 0 0 0 0 0 0 0 0 0 
0 0 0 0 0 0 0 0 0 0 0 0 0 0 0 0 0 0 0 0 0 0 0 0 0 0 0 0 0 0 0 0 0 0 0 0 0 0 0 0 
0 0 0 0 0 0 0 0 0 0 0 0 0 0 0 0 0 0 0 0 0 0 0 0 0 0 0 0 0 0 0 0 0 0 0 0 0 0 0 0 
0 0 0 0 0 0 0 0 0 0 0 0 0 0 0 0 0 0 0 0 0 0 0 0 0 0 0 0 0 0 0 0 0 0 0 0 0 0 0 0 
0 0 0 0 0 0 0 0 0 0 0 0 0 0 0 0 0 0 0 0 0 0 0 0 0 0 0 0 0 0 0 0 0 0 0 0 0 0 0 0 
0 0 0 0 0 0 0 0 0 0 0 0 0 0 0 0 0 0 0 0 0 0 0 0 0 0 0 0 0 0 0 0 0 0 0 0 0 0 0 0 
0 0 0 0 0 0 0 0 0 0 0 0 0 0 0 0 0 0 0 0 0 0 0 0 0 0 0 0 0 0 0 0 0 0 0 0 0 0 0 0 
0 0 0 0 0 0 0 0 0 0 0 0 0 0 0 0 0 0 0 0 0 0 0 0 0 0 0 0 0 0 0 0 0 0 0 0 0 0 0 0 
0 0 0 0 0 0 0 0 0 0 0 0 0 0 0 0 0 0 0 0 0 0 0 0 0 0 0 0 0 0 0 0 0 0 0 0 0 0 0 0 
0 0 0 0 0 0 0 0 0 0 0 0 0 0 0 0 0 0 0 0 0 0 0 0 0 0 0 0 0 0 0 0 0 0 0 0 0 0 0 0 
0 0 0 0 0 0 0 0 0 0 0 0 0 0 0 0 0 0 0 0 0 0 0 0 0 0 0 0 0 0 0 0 0 0 0 0 0 0 0 0 
0 0 0 0 0 0 0 0 0 0 0 0 0 0 0 0 0 0 0 0 0 0 0 0 0 0 0 0 0 0 0 0 0 0 0 0 0 0 0 0 
0 0 0 0 0 0 0 0 0 0 0 0 0 0 0 0 0 0 0 0 0 0 0 0 0 0 0 0 0 0 0 0 0 0 0 0 0 0 0 0 
0 0 0 0 0 0 0 0 0 0 0 0 0 0 0 0 0 0 0 0 0 0 0 0 0 0 0 0 0 0 0 0 0 0 0 0 0 0 0 0 
0 0 0 0 0 0 0 0 0 0 0 0 0 0 0 0 0 0 0 0 0 0 0 0 0 0 0 0 0 0 0 0 0 0 0 0 0 0 0 0 
0 0 0 0 0 0 0 0 0 0 0 0 0 0 0 0 0 0 0 0 0 0 0 0 0 0 0 0 0 0 0 0 0 0 0 0 0 0 0 0 
0 0 0 0 0 0 0 0 0 0 0 0 0 0 0 0 0 0 0 0 0 0 0 0 0 0 0 0 0 0 0 0 0 0 0 0 0 0 0 0 
0 0 0 0 0 0 0 0 0 0 0 0 0 0 0 0 0 0 0 0 0 0 0 0 0 0 0 0 0 0 0 0 0 0 0 0 0 0 0 0 
0 0 0 0 0 0 0 0 0 0 0 0 0 0 0 0 0 0 0 0 0 0 0 0 0 0 0 0 0 0 0 0 0 0 0 0 0 0 0 0 
0 0 0 0 0 0 0 0 0 0 0 0 0 0 0 0 0 0 0 0 0 0 0 0 0 0 
<lnGammF>
0 0 0 0 0 0 0 0 0 0 0 0 0 0 0 0 0 0 0 0 0 0 0 0 0 0 0 0 0 0 0 0 0 0 0 0 0 0 0 0 
0 0 0 0 0 0 0 0 0 0 0 0 0 0 0 0 0 0 0 0 0 0 0 0 0 0 0 0 0 0 0 0 0 0 0 0 0 0 0 0 
0 0 0 0 0 0 0 0 0 0 0 0 0 0 0 0 0 0 0 0 0 0 0 0 0 0 0 0 0 0 0 0 0 0 0 0 0 0 0 0 
0 0 0 0 0 0 0 0 0 0 0 0 0 0 0 0 0 0 0 0 0 0 0 0 0 0 0 0 0 0 0 0 0 0 0 0 0 0 0 0 
0 0 0 0 0 0 0 0 0 0 0 0 0 0 0 0 0 0 0 0 0 0 0 0 0 0 0 0 0 0 0 0 0 0 0 0 0 0 0 0 
0 0 0 0 0 0 0 0 0 0 0 0 0 0 0 0 0 0 0 0 0 0 0 0 0 0 0 0 0 0 0 0 0 0 0 0 0 0 0 0 
0 0 0 0 0 0 0 0 0 0 0 0 0 0 0 0 0 0 0 0 0 0 0 0 0 0 0 0 0 0 0 0 0 0 0 0 0 0 0 0 
0 0 0 0 0 0 0 0 0 0 0 0 0 0 0 0 0 0 0 0 0 0 0 0 0 0 0 0 0 0 0 0 0 0 0 0 0 0 0 0 
0 0 0 0 0 0 0 0 0 0 0 0 0 0 0 0 0 0 0 0 0 0 0 0 0 0 0 0 0 0 0 0 0 0 0 0 0 0 0 0 
0 0 0 0 0 0 0 0 0 0 0 0 0 0 0 0 0 0 0 0 0 0 0 0 0 0 0 0 0 0 0 0 0 0 0 0 0 0 0 0 
0 0 0 0 0 0 0 0 0 0 0 0 0 0 0 0 0 0 0 0 0 0 0 0 0 0 0 0 0 0 0 0 0 0 0 0 0 0 0 0 
0 0 0 0 0 0 0 0 0 0 0 0 0 0 0 0 0 0 0 0 0 0 0 0 0 0 0 0 0 0 0 0 0 0 0 0 0 0 0 0 
0 0 0 0 0 0 0 0 0 0 0 0 0 0 0 0 0 0 0 0 0 0 0 0 0 0 0 0 0 0 0 0 0 0 0 0 0 0 0 0 
0 0 0 0 0 0 0 0 0 0 0 0 0 0 0 0 0 0 0 0 0 0 0 0 0 0 0 0 0 0 0 0 0 0 0 0 0 0 0 0 
0 0 0 0 0 0 0 0 0 0 0 0 0 0 0 0 0 0 0 0 0 0 0 0 0 0 0 0 0 0 0 0 0 0 0 0 0 0 0 0 
0 0 0 0 0 0 0 0 0 0 0 0 0 0 0 0 0 0 0 0 0 0 0 0 0 0 0 0 0 0 0 0 0 0 0 0 0 0 0 0 
0 0 0 0 0 0 0 0 0 0 0 0 0 0 0 0 0 0 0 0 0 0 0 0 0 0 0 0 0 0 0 0 0 0 0 0 0 0 0 0 
0 0 0 0 0 0 0 0 0 0 0 0 0 0 0 0 0 0 0 0 0 0 0 0 0 0 0 0 0 0 0 0 0 0 0 0 0 0 0 0 
0 0 0 0 0 0 0 0 0 0 0 0 0 0 0 0 0 0 0 0 0 0 0 0 0 0 0 0 0 0 0 0 0 0 0 0 0 0 0 0 
0 0 0 0 0 0 0 0 0 0 0 0 0 0 0 0 0 0 0 0 0 0 0 0 0 0 0 0 0 0 0 0 0 0 0 0 0 0 0 0 
0 0 0 0 0 0 0 0 0 0 0 0 0 0 0 0 0 0 0 0 0 0 0 0 0 0 0 0 0 0 0 0 0 0 0 0 0 0 0 0 
0 0 0 0 0 0 0 0 0 0 0 0 0 0 0 0 0 0 0 0 0 0 0 0 0 0 0 0 0 0 0 0 0 0 0 0 0 0 0 0 
0 0 0 0 0 0 0 0 0 0 0 0 0 0 0 0 0 0 0 0 0 0 0 0 0 0 0 0 0 0 0 0 0 0 0 0 0 0 0 0 
0 0 0 0 0 0 0 0 0 0 0 0 0 0 0 0 0 0 0 0 0 0 0 0 0 0 0 0 0 0 0 0 0 0 0 0 0 0 0 0 
0 0 0 0 0 0 0 0 0 0 0 0 0 0 0 0 0 0 0 0 0 0 0 0 0 0 0 0 0 0 0 0 0 0 0 0 0 0 0 0 
0 0 0 0 0 0 0 0 0 0 0 0 0 0 0 0 0 0 0 0 0 0 0 0 0 0 0 0 0 0 0 0 0 0 0 0 0 0 0 0 
0 0 0 0 0 0 0 0 0 0 0 0 0 0 0 0 0 0 0 0 0 0 0 0 0 0 0 0 0 0 0 0 0 0 0 0 0 0 0 0 
0 0 0 0 0 0 0 0 0 0 0 0 0 0 0 0 0 0 0 0 0 0 0 0 0 0 0 0 0 0 0 0 0 0 0 0 0 0 0 0 
0 0 0 0 0 0 0 0 0 0 0 0 0 0 0 0 0 0 0 0 0 0 0 0 0 0 
<CTerms>
0 0 0 0 0 0 0 0 0 0 0 0 0 0 0 0 0 0 0 0 0 0 0 0 0 0 0 0 0 0 0 0 0 0 0 0 0 0 0 0 
0 0 0 0 0 0 0 0 0 0 0 0 0 0 0 0 0 0 0 0 0 0 0 0 0 0 0 0 0 0 0 0 0 0 0 0 0 0 0 0 
0 0 0 0 0 0 0 0 0 0 0 0 0 0 0 0 0 0 0 0 0 0 0 0 0 0 0 0 0 0 0 0 0 0 0 0 0 0 0 0 
0 0 0 0 0 0 0 0 0 0 0 0 0 0 0 0 0 0 0 0 0 0 0 0 0 0 0 0 0 0 0 0 0 0 0 0 0 0 0 0 
0 0 0 0 0 0 0 0 0 0 0 0 0 0 0 0 0 0 0 0 0 0 0 0 0 0 0 0 0 0 0 0 0 0 0 0 0 0 0 0 
0 0 0 0 0 0 0 0 0 0 0 0 0 0 0 0 0 0 0 0 0 0 0 0 0 0 0 0 0 0 0 0 0 0 0 0 0 0 0 0 
0 0 0 0 0 0 0 0 0 0 0 0 0 0 0 0 0 0 0 0 0 0 0 0 0 0 0 0 0 0 0 0 0 0 0 0 0 0 0 0 
0 0 0 0 0 0 0 0 0 0 0 0 0 0 0 0 0 0 0 0 0 0 0 0 0 0 0 0 0 0 0 0 0 0 0 0 0 0 0 0 
0 0 0 0 0 0 0 0 0 0 0 0 0 0 0 0 0 0 0 0 0 0 0 0 0 0 0 0 0 0 0 0 0 0 0 0 0 0 0 0 
0 0 0 0 0 0 0 0 0 0 0 0 0 0 0 0 0 0 0 0 0 0 0 0 0 0 0 0 0 0 0 0 0 0 0 0 0 0 0 0 
0 0 0 0 0 0 0 0 0 0 0 0 0 0 0 0 0 0 0 0 0 0 0 0 0 0 0 0 0 0 0 0 0 0 0 0 0 0 0 0 
0 0 0 0 0 0 0 0 0 0 0 0 0 0 0 0 0 0 0 0 0 0 0 0 0 0 0 0 0 0 0 0 0 0 0 0 0 0 0 0 
0 0 0 0 0 0 0 0 0 0 0 0 0 0 0 0 0 0 0 0 0 0 0 0 0 0 0 0 0 0 0 0 0 0 0 0 0 0 0 0 
0 0 0 0 0 0 0 0 0 0 0 0 0 0 0 0 0 0 0 0 0 0 0 0 0 0 0 0 0 0 0 0 0 0 0 0 0 0 0 0 
0 0 0 0 0 0 0 0 0 0 0 0 0 0 0 0 0 0 0 0 0 0 0 0 0 0 0 0 0 0 0 0 0 0 0 0 0 0 0 0 
0 0 0 0 0 0 0 0 0 0 0 0 0 0 0 0 0 0 0 0 0 0 0 0 0 0 0 0 0 0 0 0 0 0 0 0 0 0 0 0 
0 0 0 0 0 0 0 0 0 0 0 0 0 0 0 0 0 0 0 0 0 0 0 0 0 0 0 0 0 0 0 0 0 0 0 0 0 0 0 0 
0 0 0 0 0 0 0 0 0 0 0 0 0 0 0 0 0 0 0 0 0 0 0 0 0 0 0 0 0 0 0 0 0 0 0 0 0 0 0 0 
0 0 0 0 0 0 0 0 0 0 0 0 0 0 0 0 0 0 0 0 0 0 0 0 0 0 0 0 0 0 0 0 0 0 0 0 0 0 0 0 
0 0 0 0 0 0 0 0 0 0 0 0 0 0 0 0 0 0 0 0 0 0 0 0 0 0 0 0 0 0 0 0 0 0 0 0 0 0 0 0 
0 0 0 0 0 0 0 0 0 0 0 0 0 0 0 0 0 0 0 0 0 0 0 0 0 0 0 0 0 0 0 0 0 0 0 0 0 0 0 0 
0 0 0 0 0 0 0 0 0 0 0 0 0 0 0 0 0 0 0 0 0 0 0 0 0 0 0 0 0 0 0 0 0 0 0 0 0 0 0 0 
0 0 0 0 0 0 0 0 0 0 0 0 0 0 0 0 0 0 0 0 0 0 0 0 0 0 0 0 0 0 0 0 0 0 0 0 0 0 0 0 
0 0 0 0 0 0 0 0 0 0 0 0 0 0 0 0 0 0 0 0 0 0 0 0 0 0 0 0 0 0 0 0 0 0 0 0 0 0 0 0 
0 0 0 0 0 0 0 0 0 0 0 0 0 0 0 0 0 0 0 0 0 0 0 0 0 0 0 0 0 0 0 0 0 0 0 0 0 0 0 0 
0 0 0 0 0 0 0 0 0 0 0 0 0 0 0 0 0 0 0 0 0 0 0 0 0 0 0 0 0 0 0 0 0 0 0 0 0 0 0 0 
0 0 0 0 0 0 0 0 0 0 0 0 0 0 0 0 0 0 0 0 0 0 0 0 0 0 0 0 0 0 0 0 0 0 0 0 0 0 0 0 
0 0 0 0 0 0 0 0 0 0 0 0 0 0 0 0 0 0 0 0 0 0 0 0 0 0 0 0 0 0 0 0 0 0 0 0 0 0 0 0 
0 0 0 0 0 0 0 0 0 0 0 0 0 0 0 0 0 0 0 0 0 0 0 0 0 0 
<kMod>
'NNNNNN' 'NNNNNN' 'NNNNNN' 'NNNNNN' 'NNNNNN' 'NNNNNN' 'NNNNNN' 'NNNNNN' 'NNNNNN' 'NNNNNN' 'NNNNNN' 'NNNNNN' 'NNNNNN' 'NNNNNN' 'NNNNNN' 'NNNNNN' 'NNNNNN' 'NNNNNN' 'NNNNNN' 'NNNNNN' 'NNNNNN' 'NNNNNN' 'NNNNNN' 'NNNNNN' 'NNNNNN' 'NNNNNN' 'NNNNNN' 'NNNNNN' 'NNNNNN' 'NNNNNN' 'NNNNNN' 'NNNNNN' 'NNNNNN' 'NNNNNN' 'NNNNNN' 'NNNNNN' 'NNNNNN' 'NNNNNN' 'NNNNNN' 'NNNNNN' 
'NNNNNN' 'NNNNNN' 'NNNNNN' 'NNNNNN' 'NNNNNN' 'NNNNNN' 'NNNNNN' 'NNNNNN' 'NNNNNN' 'NNNNNN' 'NNNNNN' 'NNNNNN' 'NNNNNN' 'NNNNNN' 'NNNNNN' 'NNNNNN' 'NNNNNN' 'NNNNNN' 'NNNNNN' 'NNNNNN' 'NNNNNN' 'NNNNNN' 'NNNNNN' 'NNNNNN' 'NNNNNN' 'NNNNNN' 'NNNNNN' 'NNNNNN' 'NNNNNN' 'NNNNNN' 'NNNNNN' 'NNNNNN' 'NNNNNN' 'NNNNNN' 'NNNNNN' 'NNNNNN' 'NNNNNN' 'NNNNNN' 'NNNNNN' 'NNNNNN' 
'NNNNNN' 'NNNNNN' 'NNNNNN' 'NNNNNN' 'NNNNNN' 'NNNNNN' 'NNNNNN' 'NNNNNN' 'NNNNNN' 'NNNNNN' 'NNNNNN' 'NNNNNN' 'NNNNNN' 'NNNNNN' 'NNNNNN' 'NNNNNN' 'NNNNNN' 'NNNNNN' 'NNNNNN' 'NNNNNN' 'NNNNNN' 'NNNNNN' 'NNNNNN' 'NNNNNN' 'NNNNNN' 'NNNNNN' 'NNNNNN' 'NNNNNN' 'NNNNNN' 'NNNNNN' 'NNNNNN' 'NNNNNN' 'NNNNNN' 'NNNNNN' 'NNNNNN' 'NNNNNN' 'NNNNNN' 'NNNNNN' 'NNNNNN' 'NNNNNN' 
'NNNNNN' 'NNNNNN' 'NNNNNN' 'NNNNNN' 'NNNNNN' 'NNNNNN' 'NNNNNN' 'NNNNNN' 'NNNNNN' 'NNNNNN' 'NNNNNN' 'NNNNNN' 'NNNNNN' 'NNNNNN' 'NNNNNN' 'NNNNNN' 'NNNNNN' 'NNNNNN' 'NNNNNN' 'NNNNNN' 'NNNNNN' 'NNNNNN' 'NNNNNN' 'NNNNNN' 'NNNNNN' 'NNNNNN' 'NNNNNN' 'NNNNNN' 'NNNNNN' 'NNNNNN' 'NNNNNN' 'NNNNNN' 'NNNNNN' 'NNNNNN' 'NNNNNN' 'NNNNNN' 'NNNNNN' 'NNNNNN' 'NNNNNN' 'NNNNNN' 
'NNNNNN' 'NNNNNN' 'NNNNNN' 'NNNNNN' 'NNNNNN' 'NNNNNN' 'NNNNNN' 'NNNNNN' 'NNNNNN' 'NNNNNN' 'NNNNNN' 'NNNNNN' 'NNNNNN' 'NNNNNN' 'NNNNNN' 'NNNNNN' 'NNNNNN' 'NNNNNN' 'NNNNNN' 'NNNNNN' 'NNNNNN' 'NNNNNN' 'NNNNNN' 'NNNNNN' 'NNNNNN' 'NNNNNN' 'NNNNNN' 'NNNNNN' 'NNNNNN' 'NNNNNN' 'NNNNNN' 'NNNNNN' 'NNNNNN' 'NNNNNN' 'NNNNNN' 'NNNNNN' 'NNNNNN' 'NNNNNN' 'NNNNNN' 'NNNNNN' 
'NNNNNN' 'NNNNNN' 'NNNNNN' 'NNNNNN' 'NNNNNN' 'NNNNNN' 'NNNNNN' 'NNNNNN' 'NNNNNN' 'NNNNNN' 'NNNNNN' 'NNNNNN' 'NNNNNN' 'NNNNNN' 'NNNNNN' 'NNNNNN' 'NNNNNN' 'NNNNNN' 'NNNNNN' 'NNNNNN' 'NNNNNN' 'NNNNNN' 'NNNNNN' 'NNNNNN' 'NNNNNN' 'NNNNNN' 'NNNNNN' 'NNNNNN' 'NNNNNN' 'NNNNNN' 'NNNNNN' 'NNNNNN' 'NNNNNN' 'NNNNNN' 'NNNNNN' 'NNNNNN' 'NNNNNN' 'NNNNNN' 'NNNNNN' 'NNNNNN' 
'NNNNNN' 'NNNNNN' 'NNNNNN' 'NNNNNN' 'NNNNNN' 'NNNNNN' 'NNNNNN' 'NNNNNN' 'NNNNNN' 'NNNNNN' 'NNNNNN' 'NNNNNN' 'NNNNNN' 'NNNNNN' 'NNNNNN' 'NNNNNN' 'NNNNNN' 'NNNNNN' 'NNNNNN' 'NNNNNN' 'NNNNNN' 'NNNNNN' 'NNNNNN' 'NNNNNN' 'NNNNNN' 'NNNNNN' 'NNNNNN' 'NNNNNN' 'NNNNNN' 'NNNNNN' 'NNNNNN' 'NNNNNN' 'NNNNNN' 'NNNNNN' 'NNNNNN' 'NNNNNN' 'NNNNNN' 'NNNNNN' 'NNNNNN' 'NNNNNN' 
'NNNNNN' 'NNNNNN' 'NNNNNN' 'NNNNNN' 'NNNNNN' 'NNNNNN' 'NNNNNN' 'NNNNNN' 'NNNNNN' 'NNNNNN' 'NNNNNN' 'NNNNNN' 'NNNNNN' 'NNNNNN' 'NNNNNN' 'NNNNNN' 'NNNNNN' 'NNNNNN' 'NNNNNN' 'NNNNNN' 'NNNNNN' 'NNNNNN' 'NNNNNN' 'NNNNNN' 'NNNNNN' 'NNNNNN' 'NNNNNN' 'NNNNNN' 'NNNNNN' 'NNNNNN' 'NNNNNN' 'NNNNNN' 'NNNNNN' 'NNNNNN' 'NNNNNN' 'NNNNNN' 'NNNNNN' 'NNNNNN' 'NNNNNN' 'NNNNNN' 
'NNNNNN' 'NNNNNN' 'NNNNNN' 'NNNNNN' 'NNNNNN' 'NNNNNN' 'NNNNNN' 'NNNNNN' 'NNNNNN' 'NNNNNN' 'NNNNNN' 'NNNNNN' 'NNNNNN' 'NNNNNN' 'NNNNNN' 'NNNNNN' 'NNNNNN' 'NNNNNN' 'NNNNNN' 'NNNNNN' 'NNNNNN' 'NNNNNN' 'NNNNNN' 'NNNNNN' 'NNNNNN' 'NNNNNN' 'NNNNNN' 'NNNNNN' 'NNNNNN' 'NNNNNN' 'NNNNNN' 'NNNNNN' 'NNNNNN' 'NNNNNN' 'NNNNNN' 'NNNNNN' 'NNNNNN' 'NNNNNN' 'NNNNNN' 'NNNNNN' 
'NNNNNN' 'NNNNNN' 'NNNNNN' 'NNNNNN' 'NNNNNN' 'NNNNNN' 'NNNNNN' 'NNNNNN' 'NNNNNN' 'NNNNNN' 'NNNNNN' 'NNNNNN' 'NNNNNN' 'NNNNNN' 'NNNNNN' 'NNNNNN' 'NNNNNN' 'NNNNNN' 'NNNNNN' 'NNNNNN' 'NNNNNN' 'NNNNNN' 'NNNNNN' 'NNNNNN' 'NNNNNN' 'NNNNNN' 'NNNNNN' 'NNNNNN' 'NNNNNN' 'NNNNNN' 'NNNNNN' 'NNNNNN' 'NNNNNN' 'NNNNNN' 'NNNNNN' 'NNNNNN' 'NNNNNN' 'NNNNNN' 'NNNNNN' 'NNNNNN' 
'NNNNNN' 'NNNNNN' 'NNNNNN' 'NNNNNN' 'NNNNNN' 'NNNNNN' 'NNNNNN' 'NNNNNN' 'NNNNNN' 'NNNNNN' 'NNNNNN' 'NNNNNN' 'NNNNNN' 'NNNNNN' 'NNNNNN' 'NNNNNN' 'NNNNNN' 'NNNNNN' 'NNNNNN' 'NNNNNN' 'NNNNNN' 'NNNNNN' 
<LsKin>
0 0 0 0 0 0 0 0 0 0 0 0 0 0 0 0 0 0 0 0 0 0 0 0 0 0 0 0 0 0 0 0 0 0 0 0 0 0 0 0 
0 0 0 0 0 0 0 0 0 0 0 0 0 0 0 0 0 0 0 0 0 0 0 0 0 0 0 0 0 0 0 0 0 0 0 0 0 0 0 0 
0 0 0 0 0 0 0 0 0 0 0 0 0 0 0 0 0 0 0 0 0 0 0 0 0 0 0 0 0 0 0 0 0 0 0 0 0 0 0 0 
0 0 0 0 0 0 0 0 0 0 0 0 0 0 0 0 0 0 0 0 0 0 0 0 0 0 0 0 0 0 0 0 0 0 0 0 0 0 0 0 
0 0 0 0 0 0 0 0 0 0 0 0 0 0 0 0 0 0 0 0 0 0 0 0 0 0 0 0 0 0 0 0 0 0 0 0 0 0 0 0 
0 0 0 0 0 0 0 0 0 0 0 0 0 0 0 0 0 0 0 0 0 0 0 0 0 0 0 0 0 0 0 0 0 0 0 0 0 0 0 0 
0 0 0 0 0 0 0 0 0 0 0 0 0 0 0 0 0 0 0 0 0 0 0 0 0 0 0 0 0 0 0 0 0 0 0 0 0 0 0 0 
0 0 0 0 0 0 0 0 0 0 0 0 0 0 0 0 0 0 0 0 0 0 0 0 0 0 0 0 0 0 0 0 0 0 0 0 0 0 0 0 
0 0 0 0 0 0 0 0 0 0 0 0 0 0 0 0 0 0 0 0 0 0 0 0 0 0 0 0 0 0 0 0 0 0 0 0 0 0 0 0 
0 0 0 0 0 0 0 0 0 0 0 0 0 0 0 0 0 0 0 0 0 0 0 0 0 0 0 0 0 0 0 0 0 0 0 0 0 0 0 0 
0 0 0 0 0 0 0 0 0 0 0 0 0 0 0 0 0 0 0 0 0 0 0 0 0 0 0 0 0 0 0 0 0 0 0 0 0 0 0 0 
0 0 0 0 0 0 0 0 0 0 0 0 0 0 0 0 0 0 0 0 0 0 0 0 0 0 0 0 0 0 0 0 0 0 0 0 0 0 0 0 
0 0 0 0 0 0 0 0 0 0 0 0 0 0 0 0 0 0 0 0 0 0 0 0 0 0 0 0 0 0 0 0 0 0 0 0 0 0 0 0 
0 0 0 0 0 0 0 0 0 0 0 0 0 0 0 0 0 0 0 0 0 0 0 0 0 0 0 0 0 0 0 0 0 0 0 0 0 0 0 0 
0 0 0 0 0 0 0 0 0 0 0 0 0 0 0 0 0 0 0 0 0 0 0 0 0 0 0 0 0 0 0 0 0 0 0 0 0 0 0 0 
0 0 0 0 0 0 0 0 0 0 0 0 0 0 0 0 0 0 0 0 0 0 0 0 0 0 0 0 0 0 0 0 0 0 0 0 0 0 0 0 
0 0 0 0 0 0 0 0 0 0 0 0 0 0 0 0 0 0 0 0 0 0 0 0 0 0 0 0 0 0 0 0 0 0 0 0 0 0 0 0 
0 0 0 0 0 0 0 0 0 0 0 0 0 0 0 0 0 0 0 0 0 0 0 0 0 0 0 0 0 0 0 0 0 0 0 0 0 0 0 0 
0 0 0 0 0 0 0 0 0 0 0 0 0 0 0 0 0 0 0 0 0 0 0 0 0 0 0 0 0 0 0 0 0 0 0 0 0 0 0 0 
0 0 0 0 0 0 0 0 0 0 0 0 0 0 0 0 0 0 0 0 0 0 0 0 0 0 0 0 0 0 0 0 0 0 0 0 0 0 0 0 
0 0 0 0 0 0 0 0 0 0 0 0 0 0 0 0 0 0 0 0 0 0 0 0 0 0 0 0 0 0 0 0 0 0 0 0 0 0 0 0 
0 0 0 0 0 0 0 0 0 0 0 0 0 0 0 0 0 0 0 0 0 0 0 0 0 0 0 0 0 0 0 0 0 0 0 0 0 0 0 0 
0 0 0 0 0 0 0 0 0 0 0 0 0 0 0 0 0 0 0 0 0 0 0 0 0 0 0 0 0 0 0 0 0 0 0 0 0 0 0 0 
0 0 0 0 0 0 0 0 0 0 0 0 0 0 0 0 0 0 0 0 0 0 0 0 0 0 0 0 0 0 0 0 0 0 0 0 0 0 0 0 
0 0 0 0 0 0 0 0 0 0 0 0 0 0 0 0 0 0 0 0 0 0 0 0 0 0 0 0 0 0 0 0 0 0 0 0 0 0 0 0 
0 0 0 0 0 0 0 0 0 0 0 0 0 0 0 0 0 0 0 0 0 0 0 0 0 0 0 0 0 0 0 0 0 0 0 0 0 0 0 0 
0 0 0 0 0 0 0 0 0 0 0 0 0 0 0 0 0 0 0 0 0 0 0 0 0 0 0 0 0 0 0 0 0 0 0 0 0 0 0 0 
0 0 0 0 0 0 0 0 0 0 0 0 0 0 0 0 0 0 0 0 0 0 0 0 0 0 0 0 0 0 0 0 0 0 0 0 0 0 0 0 
0 0 0 0 0 0 0 0 0 0 0 0 0 0 0 0 0 0 0 0 0 0 0 0 0 0 0 0 0 0 0 0 0 0 0 0 0 0 0 0 
0 0 0 0 0 0 0 0 0 0 0 0 0 0 0 0 0 0 0 0 0 0 0 0 0 0 0 0 0 0 0 0 0 0 0 0 0 0 0 0 
0 0 0 0 0 0 0 0 0 0 0 0 0 0 0 0 0 0 0 0 0 0 0 0 0 0 0 0 0 0 0 0 0 0 0 0 0 0 0 0 
0 0 0 0 0 0 0 0 0 0 0 0 0 0 0 0 0 0 0 0 0 0 0 0 0 0 0 0 0 0 0 0 0 0 0 0 0 0 0 0 
0 0 0 0 0 0 0 0 0 0 0 0 0 0 0 0 0 0 0 0 0 0 0 0 0 0 0 0 0 0 0 0 0 0 0 0 0 0 0 0 
0 0 0 0 0 0 0 0 0 0 0 0 0 0 0 0 0 0 0 0 0 0 0 0 0 0 0 0 0 0 0 0 0 0 0 0 0 0 0 0 
0 0 0 0 0 0 0 0 0 0 0 0 0 0 0 0 0 0 0 0 0 0 0 0 0 0 0 0 0 0 0 0 0 0 0 0 0 0 0 0 
0 0 0 0 0 0 0 0 0 0 0 0 0 0 0 0 0 0 0 0 0 0 0 0 0 0 0 0 0 0 0 0 0 0 0 0 0 0 0 0 
0 0 0 0 0 0 0 0 0 0 0 0 0 0 0 0 0 0 0 0 0 0 0 0 0 0 0 0 0 0 0 0 0 0 0 0 0 0 0 0 
0 0 0 0 0 0 0 0 0 0 0 0 0 0 0 0 0 0 0 0 0 0 0 0 0 0 0 0 0 0 0 0 0 0 0 0 0 0 0 0 
0 0 0 0 0 0 0 0 0 0 0 0 0 0 0 0 0 0 0 0 0 0 0 0 0 0 0 0 0 0 0 0 0 0 0 0 0 0 0 0 
0 0 0 0 0 0 0 0 0 0 0 0 0 0 0 0 0 0 0 0 0 0 0 0 0 0 0 0 0 0 0 0 0 0 0 0 0 0 0 0 
0 0 0 0 0 0 0 0 0 0 0 0 0 0 0 0 0 0 0 0 0 0 0 0 0 0 0 0 0 0 0 0 0 0 0 0 0 0 0 0 
0 0 0 0 0 0 0 0 0 0 0 0 0 0 0 0 0 0 0 0 0 0 0 0 0 0 0 0 0 0 0 0 0 0 0 0 0 0 0 0 
0 0 0 0 0 0 0 0 0 0 0 0 0 0 0 0 0 0 0 0 0 0 0 0 0 0 0 0 0 0 0 0 0 0 0 0 0 0 0 0 
0 0 0 0 0 0 0 0 0 0 0 0 0 0 0 0 0 0 0 0 0 0 0 0 0 0 0 0 0 0 0 0 0 0 0 0 0 0 0 0 
0 0 0 0 0 0 0 0 0 0 0 0 0 0 0 0 0 0 0 0 0 0 0 0 0 0 0 0 0 0 0 0 0 0 0 0 0 0 0 0 
0 0 0 0 0 0 0 0 0 0 0 0 0 0 0 0 0 0 0 0 0 0 0 0 0 0 0 0 0 0 0 0 0 0 0 0 0 0 0 0 
0 0 0 0 0 0 0 0 0 0 0 0 0 0 0 0 0 0 0 0 0 0 0 0 0 0 0 0 0 0 0 0 0 0 0 0 0 0 0 0 
0 0 0 0 0 0 0 0 0 0 0 0 0 0 0 0 0 0 0 0 0 0 0 0 0 0 0 0 0 0 0 0 0 0 0 0 0 0 0 0 
0 0 0 0 0 0 0 0 0 0 0 0 0 0 0 0 0 0 0 0 0 0 0 0 0 0 0 0 0 0 0 0 0 0 0 0 0 0 0 0 
0 0 0 0 0 0 0 0 0 0 0 0 0 0 0 0 0 0 0 0 0 0 0 0 0 0 0 0 0 0 0 0 0 0 0 0 0 0 0 0 
0 0 0 0 0 0 0 0 0 0 0 0 0 0 0 0 0 0 0 0 0 0 0 0 0 0 0 0 0 0 0 0 0 0 0 0 0 0 0 0 
0 0 0 0 0 0 0 0 0 0 0 0 0 0 0 0 0 0 0 0 0 0 0 0 0 0 0 0 0 0 0 0 0 0 0 0 0 0 0 0 
0 0 0 0 0 0 0 0 0 0 0 0 0 0 0 0 0 0 0 0 0 0 0 0 0 0 0 0 0 0 0 0 0 0 0 0 0 0 0 0 
0 0 0 0 0 0 0 0 0 0 0 0 0 0 0 0 0 0 0 0 0 0 0 0 0 0 0 0 0 0 0 0 0 0 0 0 0 0 0 0 
0 0 0 0 0 0 0 0 0 0 0 0 0 0 0 0 0 0 0 0 0 0 0 0 0 0 0 0 0 0 0 0 0 0 0 0 0 0 0 0 
0 0 0 0 0 0 0 0 0 0 0 0 0 0 0 0 0 0 0 0 0 0 0 0 0 0 0 0 0 0 0 0 0 0 0 0 0 0 0 0 
0 0 0 0 0 0 0 0 0 0 0 0 0 0 0 0 0 0 0 0 0 0 0 0 0 0 0 0 0 0 0 0 0 0 0 0 0 0 0 0 
0 0 0 0 0 0 0 0 0 0 0 0 0 0 0 0 0 0 0 0 0 0 0 0 0 0 0 0 0 0 0 0 0 0 0 0 0 0 0 0 
0 0 0 0 0 0 0 0 0 0 0 0 0 0 0 0 0 0 0 0 0 0 0 0 0 0 0 0 0 0 0 0 0 0 0 0 0 0 0 0 
0 0 0 0 0 0 0 0 0 0 0 0 0 0 0 0 0 0 0 0 0 0 0 0 0 0 0 0 0 0 0 0 0 0 0 0 0 0 0 0 
0 0 0 0 0 0 0 0 0 0 0 0 0 0 0 0 0 0 0 0 0 0 0 0 0 0 0 0 0 0 0 0 0 0 0 0 0 0 0 0 
0 0 0 0 0 0 0 0 0 0 0 0 0 0 0 0 0 0 0 0 0 0 0 0 0 0 0 0 0 0 0 0 0 0 0 0 0 0 0 0 
0 0 0 0 0 0 0 0 0 0 0 0 0 0 0 0 0 0 0 0 0 0 0 0 0 0 0 0 0 0 0 0 0 0 0 0 0 0 0 0 
0 0 0 0 0 0 0 0 0 0 0 0 
<xSKrC>

<ocPRkC>

<feSArC>

<rpConC>

<apConC>

<AscpC>

<LsUpt>
0 0 0 0 
<UMpcC>

<PfFact>
1 1 1 1 1 1 1 1 1 1 1 1 1 1 1 1 1 1 1 1 1 1 1 1 1 1 1 1 1 1 1 1 1 1 1 1 1 1 1 1 
1 1 1 1 1 1 1 1 1 1 1 1 1 1 1 1 1 1 1 1 1 1 1 1 1 1 1 1 1 1 1 1 1 1 1 1 1 1 1 1 
1 1 1 1 1 1 1 1 1 1 1 1 1 1 1 1 1 1 1 1 1 1 1 1 1 1 1 1 1 1 1 1 1 1 1 1 1 1 1 1 
1 1 1 1 1 1 1 1 1 1 1 1 1 1 1 1 1 1 1 1 1 1 1 1 1 1 1 1 1 1 1 1 1 1 1 1 1 1 1 1 
1 1 1 1 1 1 1 1 1 1 1 1 1 1 1 1 1 1 1 1 1 1 1 1 1 1 1 1 1 1 1 1 1 1 1 1 1 1 1 1 
1 1 1 1 1 1 1 1 1 1 1 1 1 1 1 1 1 1 1 1 1 1 1 1 1 1 1 1 1 1 1 1 1 1 1 1 1 1 1 1 
1 1 1 1 1 1 1 1 1 1 1 1 1 1 1 1 1 1 1 1 1 1 1 1 1 1 1 1 1 1 1 1 1 1 1 1 1 1 1 1 
1 1 1 1 1 1 1 1 1 1 1 1 1 1 1 1 1 1 1 1 1 1 1 1 1 1 1 1 1 1 1 1 1 1 1 1 1 1 1 1 
1 1 1 1 1 1 1 1 1 1 1 1 1 1 1 1 1 1 1 1 1 1 1 1 1 1 1 1 1 1 1 1 1 1 1 1 1 1 1 1 
1 1 1 1 1 1 1 1 1 1 1 1 1 1 1 1 1 1 1 1 1 1 1 1 1 1 1 1 1 1 1 1 1 1 1 1 1 1 1 1 
1 1 1 1 1 1 1 1 1 1 1 1 1 1 1 1 1 1 1 1 1 1 
<PrT>
0 0 0 0 0 0 0 0 0 0 0 0 0 0 0 0 0 0 0 0 0 0 0 0 0 0 0 0 0 0 0 0 0 0 0 0 0 0 0 0 
0 0 0 0 0 0 0 0 0 0 0 0 0 0 0 0 0 0 0 0 0 0 0 0 0 0 0 0 0 0 0 0 0 0 0 0 0 0 0 0 
0 0 0 0 0 0 0 0 0 0 0 0 0 0 0 0 0 0 0 0 0 0 0 0 0 0 0 0 0 0 0 0 0 0 0 0 0 0 0 0 
0 0 0 0 0 0 0 0 0 0 0 0 0 0 0 0 0 0 0 0 0 0 0 0 0 0 0 0 0 0 0 0 0 0 0 0 0 0 0 0 
0 0 0 0 0 0 0 0 0 0 0 0 0 0 0 0 0 0 0 0 0 0 0 0 0 0 0 0 0 0 0 0 0 0 0 0 0 0 0 0 
0 0 0 0 0 0 0 0 0 0 0 0 0 0 0 0 0 0 0 0 0 0 0 0 0 0 0 0 0 0 0 0 0 0 0 0 0 0 0 0 
0 0 0 0 0 0 0 0 0 0 0 0 0 0 0 0 0 0 0 0 0 0 0 0 0 0 0 0 0 0 0 0 0 0 0 0 0 0 0 0 
0 0 0 0 0 0 0 0 0 0 0 0 0 0 0 0 0 0 0 0 0 0 0 0 0 0 0 0 0 0 0 0 0 0 0 0 0 0 0 0 
0 0 0 0 0 0 0 0 0 0 0 0 0 0 0 0 0 0 0 0 0 0 0 0 0 0 0 0 0 0 0 0 0 0 0 0 0 0 0 0 
0 0 0 0 0 0 0 0 0 0 0 0 0 0 0 0 0 0 0 0 0 0 0 0 0 0 0 0 0 0 0 0 0 0 0 0 0 0 0 0 
0 0 0 0 0 0 0 0 0 0 0 0 0 0 0 0 0 0 0 0 0 0 
<PkT>
0 0 0 0 0 0 0 0 0 0 0 0 0 0 0 0 0 0 0 0 0 0 0 0 0 0 0 0 0 0 0 0 0 0 0 0 0 0 0 0 
0 0 0 0 0 0 0 0 0 0 0 0 0 0 0 0 0 0 0 0 0 0 0 0 0 0 0 0 0 0 0 0 0 0 0 0 0 0 0 0 
0 0 0 0 0 0 0 0 0 0 0 0 0 0 0 0 0 0 0 0 0 0 0 0 0 0 0 0 0 0 0 0 0 0 0 0 0 0 0 0 
0 0 0 0 0 0 0 0 0 0 0 0 0 0 0 0 0 0 0 0 0 0 0 0 0 0 0 0 0 0 0 0 0 0 0 0 0 0 0 0 
0 0 0 0 0 0 0 0 0 0 0 0 0 0 0 0 0 0 0 0 0 0 0 0 0 0 0 0 0 0 0 0 0 0 0 0 0 0 0 0 
0 0 0 0 0 0 0 0 0 0 0 0 0 0 0 0 0 0 0 0 0 0 0 0 0 0 0 0 0 0 0 0 0 0 0 0 0 0 0 0 
0 0 0 0 0 0 0 0 0 0 0 0 0 0 0 0 0 0 0 0 0 0 0 0 0 0 0 0 0 0 0 0 0 0 0 0 0 0 0 0 
0 0 0 0 0 0 0 0 0 0 0 0 0 0 0 0 0 0 0 0 0 0 0 0 0 0 0 0 0 0 0 0 0 0 0 0 0 0 0 0 
0 0 0 0 0 0 0 0 0 0 0 0 0 0 0 0 0 0 0 0 0 0 0 0 0 0 0 0 0 0 0 0 0 0 0 0 0 0 0 0 
0 0 0 0 0 0 0 0 0 0 0 0 0 0 0 0 0 0 0 0 0 0 0 0 0 0 0 0 0 0 0 0 0 0 0 0 0 0 0 0 
0 0 0 0 0 0 0 0 0 0 0 0 0 0 0 0 0 0 0 0 0 0 
<PvT>
0 0 0 0 0 0 0 0 0 0 0 0 0 0 0 0 0 0 0 0 0 0 0 0 0 0 0 0 0 0 0 0 0 0 0 0 0 0 0 0 
0 0 0 0 0 0 0 0 0 0 0 0 0 0 0 0 0 0 0 0 0 0 0 0 0 0 0 0 0 0 0 0 0 0 0 0 0 0 0 0 
0 0 0 0 0 0 0 0 0 0 0 0 0 0 0 0 0 0 0 0 0 0 0 0 0 0 0 0 0 0 0 0 0 0 0 0 0 0 0 0 
0 0 0 0 0 0 0 0 0 0 0 0 0 0 0 0 0 0 0 0 0 0 0 0 0 0 0 0 0 0 0 0 0 0 0 0 0 0 0 0 
0 0 0 0 0 0 0 0 0 0 0 0 0 0 0 0 0 0 0 0 0 0 0 0 0 0 0 0 0 0 0 0 0 0 0 0 0 0 0 0 
0 0 0 0 0 0 0 0 0 0 0 0 0 0 0 0 0 0 0 0 0 0 0 0 0 0 0 0 0 0 0 0 0 0 0 0 0 0 0 0 
0 0 0 0 0 0 0 0 0 0 0 0 0 0 0 0 0 0 0 0 0 0 0 0 0 0 0 0 0 0 0 0 0 0 0 0 0 0 0 0 
0 0 0 0 0 0 0 0 0 0 0 0 0 0 0 0 0 0 0 0 0 0 0 0 0 0 0 0 0 0 0 0 0 0 0 0 0 0 0 0 
0 0 0 0 0 0 0 0 0 0 0 0 0 0 0 0 0 0 0 0 0 0 0 0 0 0 0 0 0 0 0 0 0 0 0 0 0 0 0 0 
0 0 0 0 0 0 0 0 0 0 0 0 0 0 0 0 0 0 0 0 0 0 0 0 0 0 0 0 0 0 0 0 0 0 0 0 0 0 0 0 
0 0 0 0 0 0 0 0 0 0 0 0 0 0 0 0 0 0 0 0 0 0 
<emRd>
0 0 0 0 0 0 0 0 0 0 0 0 0 0 0 0 0 0 0 0 0 0 0 0 0 0 0 0 0 0 0 0 0 0 0 0 0 0 0 0 
0 0 0 0 0 0 0 0 0 0 0 0 0 0 0 0 0 0 0 0 0 0 0 0 0 0 0 0 0 0 0 0 0 0 0 0 0 0 0 0 
0 0 0 0 0 0 0 0 0 0 0 0 0 0 0 0 0 0 0 0 0 0 0 0 0 0 0 0 0 0 0 0 0 0 0 0 0 0 0 0 
0 0 0 0 0 0 0 0 0 0 0 0 0 0 0 0 0 0 0 0 0 0 0 0 0 0 0 0 0 0 0 0 0 0 0 0 0 0 0 0 
0 0 0 0 0 0 0 0 0 0 0 0 0 0 0 0 0 0 0 0 0 0 0 0 0 0 0 0 0 0 0 0 0 0 0 0 0 0 0 0 
0 0 0 0 0 0 0 0 0 0 0 0 0 0 0 0 0 0 0 0 0 0 0 0 0 0 0 0 0 0 0 0 0 0 0 0 0 0 0 0 
0 0 0 0 0 0 0 0 0 0 0 0 0 0 0 0 0 0 0 0 0 0 0 0 0 0 0 0 0 0 0 0 0 0 0 0 0 0 0 0 
0 0 0 0 0 0 0 0 0 0 0 0 0 0 0 0 0 0 0 0 0 0 0 0 0 0 0 0 0 0 0 0 0 0 0 0 0 0 0 0 
0 0 0 0 0 0 0 0 0 0 0 0 0 0 0 0 0 0 0 0 0 0 0 0 0 0 0 0 0 0 0 0 0 0 0 0 0 0 0 0 
0 0 0 0 0 0 0 0 0 0 0 0 0 0 0 0 0 0 0 0 0 0 0 0 0 0 0 0 0 0 0 0 0 0 0 0 0 0 0 0 
0 0 0 0 0 0 0 0 0 0 0 0 0 0 0 0 0 0 0 0 0 0 0 0 0 0 0 0 0 0 0 0 0 0 0 0 0 0 0 0 
0 0 0 0 0 0 0 0 0 0 0 0 0 0 0 0 0 0 0 0 0 0 0 0 0 0 0 0 0 0 0 0 0 0 0 0 0 0 0 0 
0 0 0 0 0 0 0 0 0 0 0 0 0 0 0 0 0 0 0 0 0 0 0 0 0 0 0 0 0 0 0 0 0 0 0 0 0 0 0 0 
0 0 0 0 0 0 0 0 0 0 0 0 0 0 0 0 0 0 0 0 0 0 0 0 0 0 0 0 0 0 0 0 0 0 0 0 0 0 0 0 
0 0 0 0 0 0 0 0 0 0 0 0 0 0 0 0 0 0 0 0 0 0 0 0 0 0 0 0 0 0 0 0 0 0 0 0 0 0 0 0 
0 0 0 0 0 0 0 0 0 0 0 0 0 0 0 0 0 0 0 0 0 0 0 0 0 0 0 0 0 0 0 0 0 0 0 0 0 0 0 0 
0 0 0 0 0 0 0 0 0 0 0 0 0 0 0 0 0 0 0 0 0 0 0 0 0 0 0 0 0 0 0 0 0 0 0 0 0 0 0 0 
0 0 0 0 0 0 0 0 0 0 0 0 0 0 0 0 0 0 0 0 0 0 0 0 0 0 0 0 0 0 0 0 0 0 0 0 0 0 0 0 
0 0 0 0 0 0 0 0 0 0 0 0 0 0 0 0 0 0 0 0 0 0 0 0 0 0 0 0 0 0 0 0 0 0 0 0 0 0 0 0 
0 0 0 0 0 0 0 0 0 0 0 0 0 0 0 0 0 0 0 0 0 0 0 0 0 0 0 0 0 0 0 0 0 0 0 0 0 0 0 0 
0 0 0 0 0 0 0 0 0 0 0 0 0 0 0 0 0 0 0 0 0 0 0 0 0 0 0 0 0 0 0 0 0 0 0 0 0 0 0 0 
0 0 0 0 0 0 0 0 0 0 0 0 0 0 0 0 0 0 0 0 0 0 0 0 0 0 0 0 0 0 0 0 0 0 0 0 0 0 0 0 
0 0 0 0 0 0 0 0 0 0 0 0 0 0 0 0 0 0 0 0 0 0 0 0 0 0 0 0 0 0 0 0 0 0 0 0 0 0 0 0 
0 0 0 0 0 0 0 0 0 0 0 0 0 0 0 0 0 0 0 0 0 0 0 0 0 0 0 0 0 0 0 0 0 0 0 0 0 0 0 0 
0 0 0 0 0 0 0 0 0 0 0 0 0 0 0 0 0 0 0 0 0 0 0 0 0 0 0 0 0 0 0 0 0 0 0 0 0 0 0 0 
0 0 0 0 0 0 0 0 0 0 0 0 0 0 0 0 0 0 0 0 0 0 0 0 0 0 0 0 0 0 0 0 0 0 0 0 0 0 0 0 
0 0 0 0 0 0 0 0 0 0 0 0 0 0 0 0 0 0 0 0 0 0 0 0 0 0 0 0 0 0 0 0 0 0 0 0 0 0 0 0 
0 0 0 0 0 0 0 0 0 0 0 0 0 0 0 0 0 0 0 0 0 0 0 0 0 0 0 0 0 0 0 0 0 0 0 0 0 0 0 0 
0 0 0 0 0 0 0 0 0 0 0 0 0 0 0 0 0 0 0 0 0 0 0 0 0 0 
<emDf>
0 0 0 0 0 0 0 0 0 0 0 0 0 0 0 0 0 0 0 0 0 0 0 0 0 0 0 0 0 0 0 0 0 0 0 0 0 0 0 0 
0 0 0 0 0 0 0 0 0 0 0 0 0 0 0 0 0 0 0 0 0 0 0 0 0 0 0 0 0 0 0 0 0 0 0 0 0 0 0 0 
0 0 0 0 0 0 0 0 0 0 0 0 0 0 0 0 0 0 0 0 0 0 0 0 0 0 0 0 0 0 0 0 0 0 0 0 0 0 0 0 
0 0 0 0 0 0 0 0 0 0 0 0 0 0 0 0 0 0 0 0 0 0 0 0 0 0 0 0 0 0 0 0 0 0 0 0 0 0 0 0 
0 0 0 0 0 0 0 0 0 0 0 0 0 0 0 0 0 0 0 0 0 0 0 0 0 0 0 0 0 0 0 0 0 0 0 0 0 0 0 0 
0 0 0 0 0 0 0 0 0 0 0 0 0 0 0 0 0 0 0 0 0 0 0 0 0 0 0 0 0 0 0 0 0 0 0 0 0 0 0 0 
0 0 0 0 0 0 0 0 0 0 0 0 0 0 0 0 0 0 0 0 0 0 0 0 0 0 0 0 0 0 0 0 0 0 0 0 0 0 0 0 
0 0 0 0 0 0 0 0 0 0 0 0 0 0 0 0 0 0 0 0 0 0 0 0 0 0 0 0 0 0 0 0 0 0 0 0 0 0 0 0 
0 0 0 0 0 0 0 0 0 0 0 0 0 0 0 0 0 0 0 0 0 0 0 0 0 0 0 0 0 0 0 0 0 0 0 0 0 0 0 0 
0 0 0 0 0 0 0 0 0 0 0 0 0 0 0 0 0 0 0 0 0 0 0 0 0 0 0 0 0 0 0 0 0 0 0 0 0 0 0 0 
0 0 0 0 0 0 0 0 0 0 0 0 0 0 0 0 0 0 0 0 0 0 0 0 0 0 0 0 0 0 0 0 0 0 0 0 0 0 0 0 
0 0 0 0 0 0 0 0 0 0 0 0 0 0 0 0 0 0 0 0 0 0 0 0 0 0 0 0 0 0 0 0 0 0 0 0 0 0 0 0 
0 0 0 0 0 0 0 0 0 0 0 0 0 0 0 0 0 0 0 0 0 0 0 0 0 0 0 0 0 0 0 0 0 0 0 0 0 0 0 0 
0 0 0 0 0 0 0 0 0 0 0 0 0 0 0 0 0 0 0 0 0 0 0 0 0 0 0 0 0 0 0 0 0 0 0 0 0 0 0 0 
0 0 0 0 0 0 0 0 0 0 0 0 0 0 0 0 0 0 0 0 0 0 0 0 0 0 0 0 0 0 0 0 0 0 0 0 0 0 0 0 
0 0 0 0 0 0 0 0 0 0 0 0 0 0 0 0 0 0 0 0 0 0 0 0 0 0 0 0 0 0 0 0 0 0 0 0 0 0 0 0 
0 0 0 0 0 0 0 0 0 0 0 0 0 0 0 0 0 0 0 0 0 0 0 0 0 0 0 0 0 0 0 0 0 0 0 0 0 0 0 0 
0 0 0 0 0 0 0 0 0 0 0 0 0 0 0 0 0 0 0 0 0 0 0 0 0 0 0 0 0 0 0 0 0 0 0 0 0 0 0 0 
0 0 0 0 0 0 0 0 0 0 0 0 0 0 0 0 0 0 0 0 0 0 0 0 0 0 0 0 0 0 0 0 0 0 0 0 0 0 0 0 
0 0 0 0 0 0 0 0 0 0 0 0 0 0 0 0 0 0 0 0 0 0 0 0 0 0 0 0 0 0 0 0 0 0 0 0 0 0 0 0 
0 0 0 0 0 0 0 0 0 0 0 0 0 0 0 0 0 0 0 0 0 0 0 0 0 0 0 0 0 0 0 0 0 0 0 0 0 0 0 0 
0 0 0 0 0 0 0 0 0 0 0 0 0 0 0 0 0 0 0 0 0 0 0 0 0 0 0 0 0 0 0 0 0 0 0 0 0 0 0 0 
0 0 0 0 0 0 0 0 0 0 0 0 0 0 0 0 0 0 0 0 0 0 0 0 0 0 0 0 0 0 0 0 0 0 0 0 0 0 0 0 
0 0 0 0 0 0 0 0 0 0 0 0 0 0 0 0 0 0 0 0 0 0 0 0 0 0 0 0 0 0 0 0 0 0 0 0 0 0 0 0 
0 0 0 0 0 0 0 0 0 0 0 0 0 0 0 0 0 0 0 0 0 0 0 0 0 0 0 0 0 0 0 0 0 0 0 0 0 0 0 0 
0 0 0 0 0 0 0 0 0 0 0 0 0 0 0 0 0 0 0 0 0 0 0 0 0 0 0 0 0 0 0 0 0 0 0 0 0 0 0 0 
0 0 0 0 0 0 0 0 0 0 0 0 0 0 0 0 0 0 0 0 0 0 0 0 0 0 0 0 0 0 0 0 0 0 0 0 0 0 0 0 
0 0 0 0 0 0 0 0 0 0 0 0 0 0 0 0 0 0 0 0 0 0 0 0 0 0 0 0 0 0 0 0 0 0 0 0 0 0 0 0 
0 0 0 0 0 0 0 0 0 0 0 0 0 0 0 0 0 0 0 0 0 0 0 0 0 0 
<Wb>
0 0 0 0 0 0 0 0 0 0 0 0 0 0 0 0 0 0 0 0 0 0 0 0 0 0 0 0 0 0 0 0 0 0 0 0 0 0 0 0 
0 0 0 0 0 0 0 0 0 0 0 0 0 0 0 0 0 0 0 0 0 0 0 0 0 0 0 0 0 0 0 0 0 0 0 0 0 0 0 0 
0 0 0 0 0 0 0 0 0 0 0 0 0 0 0 0 0 0 0 0 0 0 0 0 0 0 0 0 0 0 0 0 0 0 0 0 0 0 0 0 
0 0 0 0 0 0 0 0 0 0 0 0 0 0 0 0 0 0 0 0 0 0 0 0 0 0 0 0 0 0 0 0 0 0 0 0 0 0 0 0 
0 0 0 0 0 0 0 0 0 0 0 0 0 0 0 0 0 0 0 0 0 0 0 0 0 0 0 0 0 0 0 0 0 0 0 0 0 0 0 0 
0 0 0 0 0 0 0 0 0 0 0 0 0 0 0 0 0 0 0 0 0 0 0 0 0 0 0 0 0 0 0 0 0 0 0 0 0 0 0 0 
0 0 0 0 0 0 0 0 0 0 0 0 0 0 0 0 0 0 0 0 0 0 0 0 0 0 0 0 0 0 0 0 0 0 0 0 0 0 0 0 
0 0 0 0 0 0 0 0 0 0 0 0 0 0 0 0 0 0 0 0 0 0 0 0 0 0 0 0 0 0 0 0 0 0 0 0 0 0 0 0 
0 0 0 0 0 0 0 0 0 0 0 0 0 0 0 0 0 0 0 0 0 0 0 0 0 0 0 0 0 0 0 0 0 0 0 0 0 0 0 0 
0 0 0 0 0 0 0 0 0 0 0 0 0 0 0 0 0 0 0 0 0 0 0 0 0 0 0 0 0 0 0 0 0 0 0 0 0 0 0 0 
0 0 0 0 0 0 0 0 0 0 0 0 0 0 0 0 0 0 0 0 0 0 0 0 0 0 0 0 0 0 0 0 0 0 0 0 0 0 0 0 
0 0 0 0 0 0 0 0 0 0 0 0 0 0 0 0 0 0 0 0 0 0 0 0 0 0 0 0 0 0 0 0 0 0 0 0 0 0 0 0 
0 0 0 0 0 0 0 0 0 0 0 0 0 0 0 0 0 0 0 0 0 0 0 0 0 0 0 0 0 0 0 0 0 0 0 0 0 0 0 0 
0 0 0 0 0 0 0 0 0 0 0 0 0 0 0 0 0 0 0 0 0 0 0 0 0 0 0 0 0 0 0 0 0 0 0 0 0 0 0 0 
0 0 0 0 0 0 0 0 0 0 0 0 0 0 0 0 0 0 0 0 0 0 0 0 0 0 0 0 0 0 0 0 0 0 0 0 0 0 0 0 
0 0 0 0 0 0 0 0 0 0 0 0 0 0 0 0 0 0 0 0 0 0 0 0 0 0 0 0 0 0 0 0 0 0 0 0 0 0 0 0 
0 0 0 0 0 0 0 0 0 0 0 0 0 0 0 0 0 0 0 0 0 0 0 0 0 0 0 0 0 0 0 0 0 0 0 0 0 0 0 0 
0 0 0 0 0 0 0 0 0 0 0 0 0 0 0 0 0 0 0 0 0 0 0 0 0 0 0 0 0 0 0 0 0 0 0 0 0 0 0 0 
0 0 0 0 0 0 0 0 0 0 0 0 0 0 0 0 0 0 0 0 0 0 0 0 0 0 0 0 0 0 0 0 0 0 0 0 0 0 0 0 
0 0 0 0 0 0 0 0 0 0 0 0 0 0 0 0 0 0 0 0 0 0 0 0 0 0 0 0 0 0 0 0 0 0 0 0 0 0 0 0 
0 0 0 0 0 0 0 0 0 0 0 0 0 0 0 0 0 0 0 0 0 0 0 0 0 0 0 0 0 0 0 0 0 0 0 0 0 0 0 0 
0 0 0 0 0 0 0 0 0 0 0 0 0 0 0 0 0 0 0 0 0 0 0 0 0 0 0 0 0 0 0 0 0 0 0 0 0 0 0 0 
0 0 0 0 0 0 0 0 0 0 0 0 0 0 0 0 0 0 0 0 0 0 0 0 0 0 0 0 0 0 0 0 0 0 0 0 0 0 0 0 
0 0 0 0 0 0 0 0 0 0 0 0 0 0 0 0 0 0 0 0 0 0 0 0 0 0 0 0 0 0 0 0 0 0 0 0 0 0 0 0 
0 0 0 0 0 0 0 0 0 0 0 0 0 0 0 0 0 0 0 0 0 0 0 0 0 0 0 0 0 0 0 0 0 0 0 0 0 0 0 0 
0 0 0 0 0 0 0 0 0 0 0 0 0 0 0 0 0 0 0 0 0 0 0 0 0 0 0 0 0 0 0 0 0 0 0 0 0 0 0 0 
0 0 0 0 0 0 0 0 0 0 0 0 0 0 0 0 0 0 0 0 0 0 0 0 0 0 0 0 0 0 0 0 0 0 0 0 0 0 0 0 
0 0 0 0 0 0 0 0 0 0 0 0 0 0 0 0 0 0 0 0 0 0 0 0 0 0 0 0 0 0 0 0 0 0 0 0 0 0 0 0 
0 0 0 0 0 0 0 0 0 0 0 0 0 0 0 0 0 0 0 0 0 0 0 0 0 0 
<Wabs>
0 0 0 0 0 0 0 0 0 0 0 0 0 0 0 0 0 0 0 0 0 0 0 0 0 0 0 0 0 0 0 0 0 0 0 0 0 0 0 0 
0 0 0 0 0 0 0 0 0 0 0 0 0 0 0 0 0 0 0 0 0 0 0 0 0 0 0 0 0 0 0 0 0 0 0 0 0 0 0 0 
0 0 0 0 0 0 0 0 0 0 0 0 0 0 0 0 0 0 0 0 0 0 0 0 0 0 0 0 0 0 0 0 0 0 0 0 0 0 0 0 
0 0 0 0 0 0 0 0 0 0 0 0 0 0 0 0 0 0 0 0 0 0 0 0 0 0 0 0 0 0 0 0 0 0 0 0 0 0 0 0 
0 0 0 0 0 0 0 0 0 0 0 0 0 0 0 0 0 0 0 0 0 0 0 0 0 0 0 0 0 0 0 0 0 0 0 0 0 0 0 0 
0 0 0 0 0 0 0 0 0 0 0 0 0 0 0 0 0 0 0 0 0 0 0 0 0 0 0 0 0 0 0 0 0 0 0 0 0 0 0 0 
0 0 0 0 0 0 0 0 0 0 0 0 0 0 0 0 0 0 0 0 0 0 0 0 0 0 0 0 0 0 0 0 0 0 0 0 0 0 0 0 
0 0 0 0 0 0 0 0 0 0 0 0 0 0 0 0 0 0 0 0 0 0 0 0 0 0 0 0 0 0 0 0 0 0 0 0 0 0 0 0 
0 0 0 0 0 0 0 0 0 0 0 0 0 0 0 0 0 0 0 0 0 0 0 0 0 0 0 0 0 0 0 0 0 0 0 0 0 0 0 0 
0 0 0 0 0 0 0 0 0 0 0 0 0 0 0 0 0 0 0 0 0 0 0 0 0 0 0 0 0 0 0 0 0 0 0 0 0 0 0 0 
0 0 0 0 0 0 0 0 0 0 0 0 0 0 0 0 0 0 0 0 0 0 0 0 0 0 0 0 0 0 0 0 0 0 0 0 0 0 0 0 
0 0 0 0 0 0 0 0 0 0 0 0 0 0 0 0 0 0 0 0 0 0 0 0 0 0 0 0 0 0 0 0 0 0 0 0 0 0 0 0 
0 0 0 0 0 0 0 0 0 0 0 0 0 0 0 0 0 0 0 0 0 0 0 0 0 0 0 0 0 0 0 0 0 0 0 0 0 0 0 0 
0 0 0 0 0 0 0 0 0 0 0 0 0 0 0 0 0 0 0 0 0 0 0 0 0 0 0 0 0 0 0 0 0 0 0 0 0 0 0 0 
0 0 0 0 0 0 0 0 0 0 0 0 0 0 0 0 0 0 0 0 0 0 0 0 0 0 0 0 0 0 0 0 0 0 0 0 0 0 0 0 
0 0 0 0 0 0 0 0 0 0 0 0 0 0 0 0 0 0 0 0 0 0 0 0 0 0 0 0 0 0 0 0 0 0 0 0 0 0 0 0 
0 0 0 0 0 0 0 0 0 0 0 0 0 0 0 0 0 0 0 0 0 0 0 0 0 0 0 0 0 0 0 0 0 0 0 0 0 0 0 0 
0 0 0 0 0 0 0 0 0 0 0 0 0 0 0 0 0 0 0 0 0 0 0 0 0 0 0 0 0 0 0 0 0 0 0 0 0 0 0 0 
0 0 0 0 0 0 0 0 0 0 0 0 0 0 0 0 0 0 0 0 0 0 0 0 0 0 0 0 0 0 0 0 0 0 0 0 0 0 0 0 
0 0 0 0 0 0 0 0 0 0 0 0 0 0 0 0 0 0 0 0 0 0 0 0 0 0 0 0 0 0 0 0 0 0 0 0 0 0 0 0 
0 0 0 0 0 0 0 0 0 0 0 0 0 0 0 0 0 0 0 0 0 0 0 0 0 0 0 0 0 0 0 0 0 0 0 0 0 0 0 0 
0 0 0 0 0 0 0 0 0 0 0 0 0 0 0 0 0 0 0 0 0 0 0 0 0 0 0 0 0 0 0 0 0 0 0 0 0 0 0 0 
0 0 0 0 0 0 0 0 0 0 0 0 0 0 0 0 0 0 0 0 0 0 0 0 0 0 0 0 0 0 0 0 0 0 0 0 0 0 0 0 
0 0 0 0 0 0 0 0 0 0 0 0 0 0 0 0 0 0 0 0 0 0 0 0 0 0 0 0 0 0 0 0 0 0 0 0 0 0 0 0 
0 0 0 0 0 0 0 0 0 0 0 0 0 0 0 0 0 0 0 0 0 0 0 0 0 0 0 0 0 0 0 0 0 0 0 0 0 0 0 0 
0 0 0 0 0 0 0 0 0 0 0 0 0 0 0 0 0 0 0 0 0 0 0 0 0 0 0 0 0 0 0 0 0 0 0 0 0 0 0 0 
0 0 0 0 0 0 0 0 0 0 0 0 0 0 0 0 0 0 0 0 0 0 0 0 0 0 0 0 0 0 0 0 0 0 0 0 0 0 0 0 
0 0 0 0 0 0 0 0 0 0 0 0 0 0 0 0 0 0 0 0 0 0 0 0 0 0 0 0 0 0 0 0 0 0 0 0 0 0 0 0 
0 0 0 0 0 0 0 0 0 0 0 0 0 0 0 0 0 0 0 0 0 0 0 0 0 0 
<Rion>
0 0 0 0 0 0 0 0 0 0 0 0 0 0 0 0 0 0 0 0 0 0 0 0 0 0 0 0 0 0 0 0 0 0 0 0 0 0 0 0 
0 0 0 0 0 0 0 0 0 0 0 0 0 0 0 0 0 0 0 0 0 0 0 0 0 0 0 0 0 0 0 0 0 0 0 0 0 0 0 0 
0 0 0 0 0 0 0 0 0 0 0 0 0 0 0 0 0 0 0 0 0 0 0 0 0 0 0 0 0 0 0 0 0 0 0 0 0 0 0 0 
0 0 0 0 0 0 0 0 0 0 0 0 0 0 0 0 0 0 0 0 0 0 0 0 0 0 0 0 0 0 0 0 0 0 0 0 0 0 0 0 
0 0 0 0 0 0 0 0 0 0 0 0 0 0 0 0 0 0 0 0 0 0 0 0 0 0 0 0 0 0 0 0 0 0 0 0 0 0 0 0 
0 0 0 0 0 0 0 0 0 0 0 0 0 0 0 0 0 0 0 0 0 0 0 0 0 0 0 0 0 0 0 0 0 0 0 0 0 0 0 0 
0 0 0 0 0 0 0 0 0 0 0 0 0 0 0 0 0 0 0 0 0 0 0 0 0 0 0 0 0 0 0 0 0 0 0 0 0 0 0 0 
0 0 0 0 0 0 0 0 0 0 0 0 0 0 0 0 0 0 0 0 0 0 0 0 0 0 0 0 0 0 0 0 0 0 0 0 0 0 0 0 
0 0 0 0 0 0 0 0 0 0 0 0 0 0 0 0 0 0 0 0 0 0 0 0 0 0 0 0 0 0 0 0 0 0 0 0 0 0 0 0 
0 0 0 0 0 0 0 0 0 0 0 0 0 0 0 0 0 0 0 0 0 0 0 0 0 0 0 0 0 0 0 0 0 0 0 0 0 0 0 0 
0 0 0 0 0 0 0 0 0 0 0 0 0 0 0 0 0 0 0 0 0 0 0 0 0 0 0 0 0 0 0 0 0 0 0 0 0 0 0 0 
0 0 0 0 0 0 0 0 0 0 0 0 0 0 0 0 0 0 0 0 0 0 0 0 0 0 0 0 0 0 0 0 0 0 0 0 0 0 0 0 
0 0 0 0 0 0 0 0 0 0 0 0 0 0 0 0 0 0 0 0 0 0 0 0 0 0 0 0 0 0 0 0 0 0 0 0 0 0 0 0 
0 0 0 0 0 0 0 0 0 0 0 0 0 0 0 0 0 0 0 0 0 0 0 0 0 0 0 0 0 0 0 0 0 0 0 0 0 0 0 0 
0 0 0 0 0 0 0 0 0 0 0 0 0 0 0 0 0 0 0 0 0 0 0 0 0 0 0 0 0 0 0 0 0 0 0 0 0 0 0 0 
0 0 0 0 0 0 0 0 0 0 0 0 0 0 0 0 0 0 0 0 0 0 0 0 0 0 0 0 0 0 0 0 0 0 0 0 0 0 0 0 
0 0 0 0 0 0 0 0 0 0 0 0 0 0 0 0 0 0 0 0 0 0 0 0 0 0 0 0 0 0 0 0 0 0 0 0 0 0 0 0 
0 0 0 0 0 0 0 0 0 0 0 0 0 0 0 0 0 0 0 0 0 0 0 0 0 0 0 0 0 0 0 0 0 0 0 0 0 0 0 0 
0 0 0 0 0 0 0 0 0 0 0 0 0 0 0 0 0 0 0 0 0 0 0 0 0 0 0 0 0 0 0 0 0 0 0 0 0 0 0 0 
0 0 0 0 0 0 0 0 0 0 0 0 0 0 0 0 0 0 0 0 0 0 0 0 0 0 0 0 0 0 0 0 0 0 0 0 0 0 0 0 
0 0 0 0 0 0 0 0 0 0 0 0 0 0 0 0 0 0 0 0 0 0 0 0 0 0 0 0 0 0 0 0 0 0 0 0 0 0 0 0 
0 0 0 0 0 0 0 0 0 0 0 0 0 0 0 0 0 0 0 0 0 0 0 0 0 0 0 0 0 0 0 0 0 0 0 0 0 0 0 0 
0 0 0 0 0 0 0 0 0 0 0 0 0 0 0 0 0 0 0 0 0 0 0 0 0 0 0 0 0 0 0 0 0 0 0 0 0 0 0 0 
0 0 0 0 0 0 0 0 0 0 0 0 0 0 0 0 0 0 0 0 0 0 0 0 0 0 0 0 0 0 0 0 0 0 0 0 0 0 0 0 
0 0 0 0 0 0 0 0 0 0 0 0 0 0 0 0 0 0 0 0 0 0 0 0 0 0 0 0 0 0 0 0 0 0 0 0 0 0 0 0 
0 0 0 0 0 0 0 0 0 0 0 0 0 0 0 0 0 0 0 0 0 0 0 0 0 0 0 0 0 0 0 0 0 0 0 0 0 0 0 0 
0 0 0 0 0 0 0 0 0 0 0 0 0 0 0 0 0 0 0 0 0 0 0 0 0 0 0 0 0 0 0 0 0 0 0 0 0 0 0 0 
0 0 0 0 0 0 0 0 0 0 0 0 0 0 0 0 0 0 0 0 0 0 0 0 0 0 0 0 0 0 0 0 0 0 0 0 0 0 0 0 
0 0 0 0 0 0 0 0 0 0 0 0 0 0 0 0 0 0 0 0 0 0 0 0 0 0 
<Qp>
0 0 0 0 0 0 0 0 0 0 0 0 0 0 0 0 0 0 0 0 0 0 0 0 0 0 0 0 0 0 0 0 0 0 0 0 0 0 0 0 
0 0 0 0 0 0 0 0 0 0 0 0 0 0 0 0 0 0 0 0 0 0 0 0 0 0 0 0 0 0 0 0 0 0 0 0 0 0 0 0 
0 0 0 0 0 0 0 0 0 0 0 0 0 0 0 0 0 0 0 0 0 0 0 0 0 0 0 0 0 0 0 0 0 0 0 0 0 0 0 0 
0 0 0 0 0 0 0 0 0 0 0 0 0 0 0 0 0 0 0 0 0 0 0 0 0 0 0 0 0 0 0 0 0 0 0 0 0 0 0 0 
0 0 0 0 0 0 0 0 0 0 0 0 0 0 0 0 0 0 0 0 0 0 0 0 0 0 0 0 0 0 0 0 0 0 0 0 0 0 0 0 
0 0 0 0 0 0 0 0 0 0 0 0 0 0 0 0 0 0 0 0 0 0 0 0 0 0 0 0 0 0 0 0 0 0 0 0 0 0 0 0 
0 0 0 0 0 0 0 0 0 0 0 0 0 0 0 0 0 0 0 0 0 0 0 0 0 0 0 0 0 0 0 0 0 0 0 0 0 0 0 0 
0 0 0 0 0 0 0 0 0 0 0 0 0 0 0 0 0 0 0 0 0 0 0 0 0 0 0 0 0 0 0 0 0 0 0 0 0 0 0 0 
0 0 0 0 0 0 0 0 0 0 0 0 0 0 0 0 0 0 0 0 0 0 0 0 0 0 0 0 0 0 0 0 0 0 0 0 0 0 0 0 
<Qd>
0 0 0 0 0 0 0 0 0 0 0 0 0 0 0 0 0 0 0 0 0 0 0 0 0 0 0 0 0 0 0 0 0 0 0 0 0 0 0 0 
0 0 0 0 0 0 0 0 0 0 0 0 0 0 0 0 0 0 0 0 0 0 0 0 0 0 0 0 0 0 0 0 0 0 0 0 0 0 0 0 
0 0 0 0 0 0 0 0 0 0 0 0 0 0 0 0 0 0 0 0 0 0 0 0 0 0 0 0 0 0 0 0 0 0 0 0 0 0 0 0 
<H0>
-653000 -2172920 -826066.340432151 -2357800 -993552.656053014 -1334105.31210603 -1674657.96815904 -2357800 -1955134.85587585 -1498052.81052464 -934684.270174879 -1483660 -2314320 -615265.198405369 -1574191.48760676 35094.2500209808 105790 -48520 -185030 -311140 -379850 334812.196652062 449323.294978093 -582806.199758779 -94876.3404321513 -261642.680864303 -455209.021296454 -656375.361728605 -246462.656053014 -1204472.01049316 3609.36658587551 85249.6832929378 -19290 -87770 -165950 -121330 -388478.540349758 -97094.2701748789 -15590.0667092638 149959.049878813 
-809101.487606758 -35665.7499160767 487465.35490508 -401410 -497710 -546445.243633131 -882187.899686145 -1219480.55573916 -1559243.21179217 -1898625.86784519 -2242318.5238982 -2589371.17995122 -999003.783982889 -1256316.05415777 -1492761.32433265 -14861884.8128268 -1572659.02761602 -2619772.81159891 -772169.51380801 -1320246.96502107 -1638764.30636809 -1351073.77074478 -2286928.21884665 -1413436.73123989 -1930384.51419423 -616700 -1993892.39951756 -2682488.59927634 -1305296.19975878 -2136620 -3656540 -789766.340432151 -907932.680864303 -2332100 -2567991.16503529 -945152.656053014 -1252705.31210603 -1308397.94047502 -2121110 -3625520 
-2332100 -1918834.85587585 -1926962.01049316 -616700 -1024824.4461723 -824362.223086152 -804300 -2181492.39951756 -2870088.59927634 -1492896.19975878 -1180068.54034976 -1461752.81052464 -898384.270174879 -1367668.54034976 -1085984.27017488 -1447360 -2278020 -3108680 -578965.198405369 -2389082.97521352 -1497891.48760676 -2032944.16542151 -888140 -743012.264819246 -997353.534994125 -1506880.32651254 -1443055.08187813 -1501540.16275627 -1560025.24463441 -2182867.49485363 -2970326.22728659 -1072800 -1351244.38045015 -534800 -1888420.98262609 -1195066.19975878 -863652.656053014 -1189867.94047502 -1836934.85587585 -1845062.01049316 
-755584.270174879 -1841707.49314393 -1452791.48760676 -4152056.59919241 -3617256.59919241 -121410 -72584.8545979036 114511.098326031 -401981.480877532 -688596.199758779 -544543.083661799 -2832523.24802311 -3940434.87203467 -2006295.89418644 -1899933.55931748 -1194654.28342058 -2064463.0836618 -2830823.24802311 -3938734.87203467 -2004595.89418644 -1453759.96082601 -2271543.0836618 -872295.739714813 -1227541.02413682 -2042168.0836618 -2048953.0836618 -2271543.0836618 -544543.083661799 -544543.083661799 -1843677.93953765 -1841705.09415496 -1534350.0836618 -4987646.49604623 -4020470.60185979 -2086331.62401156 -796901.353165291 -1375203.0836618 -2205863.0836618 -1852450.57680572 -4971546.49604623 
-1458834.57126856 -1148043.0836618 -1975787.24908331 -1873652.99790578 -5212666.49604623 -4218542.76651601 -3673999.68285421 -3387691.78837287 -3932234.87203467 -2843148.70471107 -75920 -1453112.39951756 -764516.199758779 -245686.340432151 -414152.680864303 -595119.021296454 -768185.361728605 -767617.940475018 -1378054.85587585 -1386182.01049316 -117000.633414124 -137540.950121187 -158081.266828249 -96460.3167070622 -639288.540349758 -920972.810524637 -1202657.08069952 -387924.270174879 -302804.270174879 -117000.633414124 -1912602.97521352 -988811.487606758 -577000 -905752.656053014 -539265.198405369 -1480091.48760676 -1519920 -173066.340432151 -128352.458821097 -615000 
-1992192.39951756 -2680788.59927634 -1303596.19975878 -788066.340432151 -906232.680864303 -943452.656053014 -1251005.31210603 -1306697.94047502 -1917134.85587585 -1925262.01049316 -1023124.4461723 -822662.223086152 -1178368.54034976 -1460052.81052464 -896684.270174879 -577265.198405369 -2387382.97521352 -1496191.48760676 -2030444.16542151 -57600 -770341.199758779 -232846.340432151 -399658.680864303 -570111.021296454 -727295.361728605 -398783.656053014 -815948.199758779 -1336046.85587585 -148739.633414124 -110504.316707062 -515261.540349758 -742355.810524637 -969854.080699516 -366854.270174879 -1207417.08069952 -293322.270174879 -755888.704241771 -976699.487606758 -181823.775649176 -266399.551803863 
-365221.524151418 -375089.8547413 -418545.874675617 -591612.223747547 -609462.200732047 -947922.994678525 -1344514.32885581 -1620914.57732779 -1619145.0842982 -1508871.62700217 -893405.600738525 -779330.366695798 -433187.022375373 -510867.885839116 -736582.368740361 -967766.737307523 -1199546.87507003 -1050280.30169092 -1847970.24008587 -1857574.63254332 -1867704.17386709 -1192127.97736857 -861502.560025169 -2385364.98824796 -3740789.02728986 -2339586.49115987 -4006884.9645328 -2278738.76311011 -1202379.14147771 -258000 6.46521892952258e-37 64900 -1320914.33968056 -2696397.12328513 -4057038.99760927 -1318495.88095004 -626797.940475018 -859587.364794074 -692265.361728605 -173066.340432151 
-108166.340432151 -281232.680864303 -346132.680864303 -519199.021296454 -626797.940475018 -2539369.7117517 -2604269.7117517 -2555624.02098632 -1302134.85587585 -1237234.85587585 -1245362.01049316 -2604269.7117517 -2547496.86636901 -99080.6334141245 -20540.3167070622 -343998.540349758 -517603.540349758 -780152.810524637 -847317.080699516 -362168.540349758 -151884.270174879 -932037.080699516 -287024.270174879 -95344.2701748789 -61620.9501211867 -848991.487606758 -1704800 -609832.999916077 -1987025.39943363 -1298429.19967486 -942285.655969091 -1272438.3120221 -1881802.85495269 -1173201.54026583 -1454885.81044071 -1736570.08061559 -891517.270090956 -2452215.97512959 -1531024.48752283 -2026577.16533759 
-340552.656053014 -91085.4582186516 -55011.0242308198 -1449333.25193086 -2834177.22446616 918955.565725367 237081.131737535 -1474481.33916869 -2120799.62350716 -782783.39869367 -242601.798650803 -205597.364662971 -401143.705095122 -574210.045527274 -747276.385959425 -928547.124969345 -2445245.36751926 -2186522.03436023 -1916382.61713934 -1890353.55383061 -431638.114271666 -382763.680283834 -714116.336336848 -3915020.58934067 -1393220.3140945 -1401347.46871181 -1012276.94582541 -946916.476864433 -1256485.45821865 -598285.458218652 -1105485.45821865 -539053.998568409 -505279.564580578 -762013.834755457 -795838.268743288 -1034948.10493034 -643290.588811398 -1231970.15339198 -318169.728393531 -293395.294405699 
-1025291.49416448 -1341680.87926744 -133925.774925714 20458.5789584424 -17276.2226361887 -1897393.99944434 -1933468.43343217 -1003876.94582541 -976202.511837578 -562211.02423082 -1486255.18965233 5477.26482963562 -909560 -902500 -906340 -1615844.12622773 70911.0983260311 -691697.940475018 -1497625 -1495745 -1504410 -853809.600738525 -887389.600738525 -1977066.03705681 -1961966.03705681 -1739800 -1732700 -1730800 -1730800 -1730800 -1724600 -319306.075898595 -650857.311770334 239181.131737535 239181.131737535 -906590.75059765 6.46521892952258e-37 6.46521892952258e-37 -1031827 -981137 
-6728508.64912561 -6728508.64912561 -6728508.64912561 -820060 -823360 -1302134.85587585 -1286669.85503662 -2338839.75081144 -1310262.01049316 6.46521892952258e-37 6.46521892952258e-37 -42840.3167070622 -20540.3167070622 -528961.237407541 -891905.452633614 14300 14300 -507200 -507200 -582700 7105.7800579071 23000 170210 -521487.940475018 -1059596.18568932 -24156.3404321513 -225022.680864303 -397589.021296454 -581155.361728605 -1928765.17055309 -1668900.22898787 -521487.940475018 -1140052.01049316 129129.366585876 166870 -114814.270174879 -342158.540349758 -674842.810524637 -111474.270174879 -752172.210649897 
-284540.61060703 -1140052.01049316 129129.366585876 129129.366585876 -1672172.97521352 -750981.487606758 -710378.500041962 -2087570.89955952 -1398974.69980074 -1041101.15609498 -1370483.81214799 -1982348.35507858 -1273747.04039172 -1555431.3105666 -1837115.58074148 -943062.770216841 -2552761.47525548 -1631569.98764872 -2126622.66546348 -56780 -115145.980024338 -171925.980024338 -906590.75059765 -251366.608175054 -921362.807933833 -1956166.60817505 669688.957550313 -10685.4764375184 -930564.548650072 -1548501.4640509 -1543628.61866821 -474050.878349932 -1552274.10131898 -1159658.09578181 -278470 -613022.656053014 -1580604.85587585 -1568732.01049316 -508379.770090956 -1585377.49314393 
-1199661.48760676 -467427.171045876 -1821676.03829537 -1140073.37080466 -1987347.17104588 -2152427.17104588 -799157.32709889 -1146211.61168874 -1965052.17104588 -1971837.17104588 -2152427.17104588 -1769562.02692173 -1764389.18153904 -678311.441220755 -1298087.17104588 -2128747.17104588 -1774334.6641898 -1368318.65865263 -1070927.17104588 -1898671.33646739 -1882929.23132781 -4017310.94128417 -3549883.77023829 -220800 -113000 -893396.199758779 -364601.340432151 -263566.340432151 -546252.656053014 -448752.656053014 -786005.312106028 -1125757.96815904 -895592.940475018 -666768.540349758 -676368.540349758 -893952.810524637 -1091137.08069952 -445184.270174879 -371784.270174879 -735236.926227893 
-1119391.48760676 -824300 -996807 5310.96556262276 -77518.0147524053 -129608.014752405 -108679.332191042 -209462.223086152 -237727.045858829 -1581617.04585883 -908323.245617608 -1946527.04585883 -564679.701911843 -917824.986333848 -1522861.90173468 -1524989.05635199 -467511.316033708 -1537634.53900276 -1154218.53346559 -6728508.64912561 -1365155 -1637839.27017488 -1902523.54034976 -2147207.81052464 -57545.4999160767 219798.893388048 323909.991714079 -1434737.89943363 -746141.699674856 -1577465.49991608 -3097385.49991608 -230611.840348228 -1788445.49991608 -2032327.92379468 -388598.155969091 -963885.499916077 -749243.440391095 -1555170.49991608 -1561955.49991608 -1795945.49991608 
-57545.4999160767 -2348485.25072752 -1367807.51040924 -98626.1333302011 -78085.8166231389 -212581.529420887 -290099.544173292 -367617.558925698 -445135.573678103 -522653.588430508 -135063.514668482 -267007.723002229 -530914.040265835 -781398.310440714 -350875.270007032 -1166919.08036382 -285429.770090956 -888205.499916077 -1726665.49991608 -2365785.25072752 -3075.89672681445 26658.9048678167 -31610.6983214456 -973076.987522835 741326.23788261 341590.368983267 -661045.499916077 -1488789.66533759 -527200 -556000 -1904392.39951756 -2592988.59927634 -3310384.79903512 -3998980.9987939 -1215796.19975878 -3982881.73843663 -700266.340432151 -729066.340432151 -873332.680864303 -2409209.09280428 
-2927027.45774719 -3154371.16778757 -2673769.23688636 -2597463.71913749 -2346160.84061868 -867752.656053014 -895052.656053014 -1208305.31210603 -1237105.31210603 -612780 -765462.223086152 -978420 -860700 -6713677.19855267 -2237892.39951756 -2355612.39951756 -2968388.59927634 -3057508.59927634 -1549296.19975878 -1667016.19975878 -3255049.01028342 -2637296.66969244 -2230384.74010854 -1948700.46993366 -2498340 -1033766.34043215 -2683220 -2964904.27017488 -1318972.65605301 -1201252.65605301 -1541805.31210603 -1659525.31210603 -1090568.54034976 -1119368.54034976 -1372252.81052464 -1401052.81052464 -1682737.08069952 -808884.270174879 -837684.270174879 -2502764.42129979 
-2371333.28045829 -2718220 -2703020 -1263673.49510588 -1263673.49510588 -1499564.66014118 -1499564.66014118 -3481224.02098632 -2280554.85587585 -2162834.85587585 -2170962.01049316 -2299682.01049316 -1885010.75059765 -1767290.75059765 -2284768.54034976 -3990521.35087439 -1195320.27017488 -1424068.54034976 -1423178.54034976 -1705752.81052464 -1987437.08069952 -1142384.27017488 -2639740 -1809080 -940685.198405369 -2677082.97521352 -1765191.48760676 -1877611.48760676 -2409664.16542151 -2291944.16542151 -1376060 -2196120 -3016180 -489530.396810738 -455795.595216107 -525265.198405369 -2342982.97521352 -2369582.97521352 -1448391.48760676 -1447391.48760676 
-1943444.16542151 -1987244.16542151 547.759809696465 -830660 -2338839.75081144 -1306907.49314393 -621400 -833315.729825121 -1152621.80572372 -1471927.88162231 -1791233.95752091 -1184768.54034976 -1466452.81052464 -903084.270174879 -1115000 -1391984.27017488 -1616668.54034976 -1898352.81052464 -2675698.70503864 -3596890.1926454 -1754507.21743188 1465.74997901917 920 -1373877.81856086 -4098243.90990584 -1376272.39951756 -687676.199758779 -860742.54019093 -923567.364794074 -161846.340432151 -328212.680864303 -503579.021296454 -677345.361728605 -2060724.57567078 -1816842.15179218 -690777.940475018 -2619604.02098632 -1301214.85587585 -1309342.01049316 -40160.6334141245 
-472448.540349758 -694527.810524637 -279844.270174879 -1012577.08069952 -1038057.08069952 -2037054.16139903 -224764.270174879 -40160.6334141245 -1823062.97521352 -911071.487606758 1424.49997901917 176800 -8211.34043215128 -185357.680864303 -360274.021296454 -540725.361728605 21763.9704951895 -55754.0442572158 -133272.059009621 99281.9852475947 -386568.540349758 -668252.810524637 -104884.270174879 6.46521892952258e-37 6.46521892952258e-37 6.46521892952258e-37 6.46521892952258e-37 -173066.340432151 -346132.680864303 -519199.021296454 6.46521892952258e-37 6.46521892952258e-37 -418924.446172305 -628386.669258457 -209462.223086152 6.46521892952258e-37 -281684.270174879 -563368.540349758 -1126737.08069952 281684.270174879 
64448.4106894236 -1842382.97521352 -2763574.46282027 6.46521892952258e-37 -921191.487606758 -591800 -539900 -1968992.39951756 -2657588.59927634 -3294284.79903512 -3982880.9987939 -1280396.19975878 -2073549.01028342 -3966781.73843663 -2111720 -764866.340432151 -712966.340432151 -2393109.09280428 -2305300 -2856586.8976127 -2556602.87851882 -2910927.45774719 -2657669.23688636 -932352.656053014 -871352.656053014 -1272905.31210603 -1210005.31210603 -2096210 -2305300 -1893934.85587585 -1826569.85503662 -749362.223086152 -910100 -822000 -6597577.19855267 -2226192.39951756 -2287292.39951756 -2926388.59927634 -2994998.59927634 -1510596.19975878 
-1598696.19975878 -995066.340432151 -1168132.6808643 -1162552.65605301 -1503105.31210603 -1155168.54034976 -1103268.54034976 -1436852.81052464 -1384952.81052464 -1666637.08069952 -873484.270174879 -821584.270174879 -3426269.7117517 -2124134.85587585 -2132262.01049316 -2141968.54034976 -1385368.54034976 -1667052.81052464 -1191784.27017488 -1075684.27017488 -2128907.49314393 -2621382.97521352 -1727091.48760676 -1831291.48760676 -2341344.16542151 -2253244.16542151 -1422460 -1359960 -2180020 -2253120 -3000080 -3083780 -554065.198405369 -2382282.97521352 -2422182.97521352 -1495791.48760676 -1461091.48760676 -2008044.16542151 -1971144.16542151 -527600 
-1203196.19975878 -856552.656053014 -1192297.94047502 -747284.270174879 -1447391.48760676 49451.25 -20540.3167070622 37734.8015946311 -686587.704241771 -649911.237407541 -921191.487606758 1379.95000839233 14300 411935.868899344 -507200 -603500 27014.0199756622 39728.0399513245 7105.7800579071 -2626579.1144397 -1450539.2705611 -4675420.00154488 -1431244.16542151 -1415502.06028193 -695274.500083923 -2072466.89960148 -1383870.6998427 -1027757.15613694 -1357679.81218995 -1967244.35512054 -1258643.04043368 -1540327.31060856 -1822011.58078344 -1953917.5405176 -3494244.85112616 -934258.770258802 -2537657.47529744 -1616465.98769068 -2111518.66550544 -9420 
-31500 -125730 -239340 -366450 -180236.340432151 -204566.340432151 -350077.680864303 -377632.680864303 -523179.021296454 -723765.361728605 -701685.361728605 -896831.702160756 -1069898.04259291 -349972.656053014 -690525.312106028 -1031077.96815904 -2074815.93631808 -2613689.7117517 -2629944.02098632 -3940206.03147948 -1311554.85587585 -1319682.01049316 -2621816.86636901 -428344.446172305 -218882.223086152 -572788.540349758 -854472.810524637 -1158237.08069952 -1439921.35087439 -1721605.62104927 -1154997.08069952 -291104.270174879 -464170.61060703 -1316327.49314393 28314.8015946311 -930611.487606758 -550900 -1904863.46514795 -1205641.19975878 -880552.656053014 
-1205167.94047502 -1853034.85587585 -1852162.01049316 -770984.270174879 -1857807.49314393 -1463391.48760676 -4184256.59919241 -3633356.59919241 6.46521892952258e-37 -406911.9295839 -688596.199758779 -20278.8916361195 -193345.232068271 -730225 -322242.053447118 563368.540349758 6.46521892952258e-37 -281684.270174879 -781020 -4224000.9987939 -954086.340432151 -1121972.65605301 -1465425.31210603 -1802677.96815904 -2143230.62421206 -2824335.93631808 -3354359.71007323 -2067689.85503662 -2067689.85503662 -3354359.71007323 -2594201.5011953 -3500792.25179295 -1687610.75059765 -1199944.4461723 -990482.223086152 -1258688.54034976 -1907757.08069952 -2067108.54034976 -2407092.81052464 -6504291.24209855 
-5134554.16139903 -8629699.7824483 -8438584.05262318 -1018504.27017488 -2629994.72958815 -1941398.52982937 -2177289.69486466 -2413180.85989996 -3771295.96407041 -5977690.62220793 -705550.396810738 -743285.198405369 -2583022.97521352 -3544594.46282027 -1681291.48760676 6.46521892952258e-37 6.46521892952258e-37 -563368.540349758 -281684.270174879 -563368.540349758 -845052.810524637 -281684.270174879 -603300 -3357684.79903512 -4066280.9987939 -2136949.01028342 -4030181.73843663 -795366.340432151 -2456509.09280428 -2032538.47377272 -2974327.45774719 -3201671.16778757 -1016269.23688636 -949452.656053014 -1287905.31210603 -1624457.96815904 -1973940.62421206 -2306063.28026507 -2646615.93631808 -1905434.85587585 
-660080 -1022224.4461723 -812762.223086152 -1025100 -1016667.99991608 -7244281.1983009 -2375360.39943364 -3121656.59919241 -3090888.59927634 -1700264.19967486 -2045816.85572787 -2386369.51178088 -2726922.1678339 -3566985.01011557 -5073175.99983215 -2536587.99991608 -1181734.34034823 -1347800.68078038 -3738135.99983215 -2997886.263371 -2721467.99991608 -1357760.65596909 -1699113.3120221 -2039505.96807512 -2380998.62412813 -1166668.54034976 -1448352.81052464 -1730037.08069952 -838074.270174879 -2821667.99991608 -1919167.99991608 -1923007.99991608 -2521077.99991608 -2741267.99991608 -1017667.99991608 -1015267.99991608 -1022867.99991608 -3590007.70998931 -2303337.85495269 -2303337.85495269 
-2326930.01040924 -3590007.70998931 -2031067.99991608 -1523867.99991608 -2829849.50111138 -1923258.75051373 -1205230.22300223 -7025613.19838483 -2548904.54018191 -2315020.27000703 -4077541.08044775 -4337725.35062262 -5021793.89097238 -6038461.89088846 -1580036.54026583 -1861720.81044071 -2143405.08061559 -1255052.27009096 -4583653.01003165 -2677987.99991608 -3508647.99991608 -1821927.99991608 -2323575.49306 -6986913.19838483 -932298.396726814 -897463.595132183 -975713.198321446 -2823950.97512959 -3780242.46273635 -1918359.48752283 -2192667.99991608 -1600167.99991608 -2438012.16533759 -2264620 -3095280 -3925940 -1433960 -545830.396810738 -592565.198405369 -2412982.97521352 
-1516491.48760676 -153390 -1530582.39951756 -995376.199758779 -841986.199758779 -326456.340432151 -499522.680864303 -672589.021296454 -845655.361728605 -845087.940475018 -2757659.7117517 -2773914.02098632 -4084176.03147948 -1455524.85587585 -1463652.01049316 -2765786.86636901 -2770559.50363709 -208170.633414124 -265710.950121187 -613233.540349758 -865722.810524637 -1120967.08069952 -588464.270174879 -378374.270174879 -2027020.55084292 -168570.633414124 -1985772.97521352 -1068541.48760676 -608500 -3362884.79903512 -781566.340432151 -954632.680864303 -954352.656053014 -1299505.31210603 -1639057.96815904 -1989410.62421206 -2311263.28026507 -2651815.93631808 -1027424.4461723 -817962.223086152 
-1171868.54034976 -1735237.08069952 -2298605.62104927 -2954217.08069952 -4360658.43157391 -6659264.05262318 -6639828.32279806 -4687474.16139903 -890184.270174879 -2383502.97521352 -3372074.46282027 -1492751.48760676 3142.60960388184 -235891.165035295 0 -281684.270174879 -72578.6953962421 -391403.838024945 1593.82739806309 -239977.288432655 -18702.2418038675 30931.2042244675 62523.4093746491 1602.85014212866 1602.85008009508 1624.9268036547 -1498052.81052464 -1498052.81052464 -3797980 1394.25002098083 -101120 220301.098326031 -477016.199758779 -132996.340432151 -61390 -38104.2701748789 -31304.2701748789 -992892.010493159 -38260.3167070622 -726911.487606758 
-35665.7499160767 233015.118301693 -363440 -422510 -1671033.66157987 -1287710.1587142 -1269516.91916979 -1284723.41933764 -997471.633924143 -992223.783982889 -977169.784024851 -4102853.29856334 -3299188.59927634 -1461752.81052464 -1461752.81052464 -1541187.36479407 -1682029.49988151 -1085984.27017488 -12617.9692396398 -11493.0786607292 -1275062.12762561 -1294192.12712561 -1098938.42582512 -1198756.19975878 -1845062.01049316 -4218214.98628785 -1458853.98760676 -1036700 -1144000 -6344182.89105631 -6916218.60716928 -10748.169901706 -9534011.48632444 -17235055.618098 -5721140.50033569 -7772805 -6617485 -10084995 -10097155 -5503815 
-6466890 -5990585 -10772590 -3442172.10063564 -2049114.78596228 -3399153.91338789 -1202109.28342058 -1202717.97176934 -1200084.28342058 -5800206.33168491 -1415141.68440032 -1224098.39576783 -4964237.10006714 -544543.083661799 -3912457.89447481 -1817030.09415496 -6782105.48951617 -2397263.63450472 -5703168.10073853 -5017256.75033569 -5673466.59973145 -5717351.30020142 -5980340.05020142 -6129558.00033569 -2316333.05391583 -5614897.5 -1546140.0836618 -2180249.633408 -2887937.2626391 -980198.321462957 -1678387.35383668 -1963771.62401156 -2249955.89418644 -3857144.23727325 -6590904.23817292 -6819205.55379379 -6704739.06277607 -1428683.85492767 -1566506.5914802 -2009656.33183316 
-1333427.35383668 -6015358.54919434 -1629830.0949206 -2266148.70471107 -7204019.78524274 -11714867.9463061 -6899808.69083108 -6801378.97549054 -1688738.86395133 -764516.199758779 -6747385.12267215 -544688.540349758 -2841574.98628785 -96460.3167070622 -6175977.16123118 -7539913.68786879 1585.98002433777 -736775.199758779 -324512.680864303 -2101898.30191358 -681935.312106028 -1356937.85587585 -233754.270174879 -542197.540349758 -532508.540349758 -527408.540349758 -2752182.7117517 -89976.3167070622 -141328.316707062 -160966.613438462 -900111.487606758 -1208425.75778164 -2670467.10865603 -2962421.37883091 -20834.029604775 -424482.266100956 -588258.704544781 -1179880.14062042 -617248.685365474 -601644.026563647 
-669745.353969681 -1006719.70291679 -2164587.14191904 -1623768.59834326 -1591689.40212941 -431207.361181334 -174255.626880035 -3018653.65601545 -2922602.67535327 -2590513.27009096 -3329214.1684972 1585.98002433777 -1030578.52982937 -1654274.72958815 -173066.340432151 -298884.270174879 -90459.2701748789 -498468.540349758 -20540.3167070622 44359.6832929378 -6033828.16123118 -6879883.14751904 -3285454.59910849 -1631490.96807512 -1454885.81044071 -1579275.81044071 -1534320.36471015 -2087623.90126665 1379.6199798584 -3754867.5 -741705.632373183 -1200290.06739409 -1484298.63449142 -3441672.44979858 -1107071.68855342 -2754807.90071796 -4775766.61104155 -101501.484151424 -101672.342306282 -372468.77350854 
-66861.1674443622 -75464.4363028128 -258707.506680291 -2900413.90060425 -815633.398541885 -955074.858986277 -654453.998568409 -817281.449715173 -4620007.91190981 -556056.26933553 -545227.37765624 -1272045.88010667 -5147254.5570413 -1920514.42045643 -133925.774925714 -105945.774925714 -180292.071657114 -184492.071657114 -2476674.85898628 -122381.438242989 -6191449.61944984 -14328604.9895989 -1759800 -744436.480824776 -1140052.01049316 -265370 -90790 -1644684.8210178 -2109894.02098632 149669.683292938 -3486545.59936026 -1732036.468201 -1555431.3105666 -1634865.86483604 -2017285.99318589 -5732790.74966431 -5895736.49932861 -5778195 -5777279.60006714 -4975887.34939575 
-2683342.48323268 -3999028.46573155 -5863437.44979858 -5686386.85073853 -5740142.20046997 -5991990.29953003 -6154149.54986572 -5626557.74932861 -5132180.29953003 -5693198.45046997 -3109712.22404272 -3931955.03197655 -1918382.80793383 -3045988.41861577 -2602509.87826601 -11673058.0789944 -3460863.91175969 -2972558.14882711 -3326294.08061559 -2744514.4051784 -3766070.57375952 -5707104.30053711 -1107780.62485744 -1819267.78839039 -4950200.90026855 -2591252.47471444 -3698644.55541395 -8046249.98917784 -2239530.54253973 -3699731.89341413 -5659250.95046997 -5692264.04953003 -5966303.85040283 -6094769.70046997 -5600871.85073853 -918857.507537586 -1861455.71139563 -3759416.49942548 -10210855.4432728 -4846208.580125 
-6028800.66082451 -2682762.79209515 -7104431.87262682 -7374667.31856491 -891910 -1384500 -959000 -385220 -520000 -661168.540349758 -612368.540349758 -1291368.54034976 -6319979.16123118 -7684793.68786879 -587850 -744600 -3444920.65828596 -2929228.82519312 -3343412.31833704 -1945646.27031674 -6552465 -5730200.90026855 -14656055 -7776520 -6424710 -8311975 -14070875 -5673675 -5293700 -5460235 -6420125 -5687275 -9404620 -13428740 -3640040.79625078 -1730623.24561761 -3323213.92144375 -982666.896509071 -6279080.66189254 -4963297.5 
-12617862.0227606 -9427240 -5974982.15026855 -5638619.30053711 -5673326.99966431 -5717103.14926147 -5979400.45013428 -6124101.30020142 -5614957.34939575 -3068793.53709405 -2890638.19122968 -3070075.32925978 -9030574.51604542 -3018836.85629954 -2569948.31594978 -3635527.17224933 -3433591.34944347 -2941818.58651088 -1867257.18947536 -1658661.02938672 -4153428.66114726 -1670706.84638926 -729452.699674856 -2306322.18563669 -279102.075102705 -537817.150226391 -1451574.04026583 -1128114.04026583 -6726180.20149702 -6975698.64743511 -1119368.54034976 -1549296.19975878 -1219004.27017488 -1705752.81052464 -3886225.62104927 -2502284.27017488 1465.74997901917 -1565306.70210048 -687676.199758779 -1032888.88062308 
-408037.505467446 -941425.600738525 -1309342.01049316 -214664.270174879 -280764.270174879 -2611054.98628785 -4089188.81986393 -19620.3167070622 -919970 -6708548.70158094 -4192011.52655369 -6899705.14751904 1424.49997901917 -110566.449966431 6.46521892952258e-37 6.46521892952258e-37 -921191.487606758 -2153353.28036154 -3160424.02098632 -1103268.54034976 -1510596.19975878 -1436852.81052464 -1385368.54034976 -1191784.27017488 -6206552.06698737 -3870125.62104927 -6460622.70174879 -1898707.49314393 -1195902.20043017 -1464034.98827814 1251.25 1379.95000839233 -3759963.64959717 -8210053.89892578 -900614.73021134 -908103.352683394 -3456337.59944418 -1789932.46824297 -1540327.31060856 -1619761.864878 
-2168065.40143449 1491.05003356934 -291104.270174879 -594868.540349758 -594868.540349758 -1211991.19975878 -1434180.60073853 -1822887.01049316 -4266514.98628785 -1448048.98760676 -1051900 -6647247.16123118 -6917670.60716928 281684.270174879 281684.270174879 -2143230.62421206 -1344388.54034976 -1344388.54034976 -7570689.9725757 284856.230223554 -281684.270174879 -2674467.29964925 -1166668.54034976 -8206495.24184678 -1702524.19967486 -3064382.08061559 -1813558.87561863 -3448969.93565221 -2087860.02795652 -2687180.81044071 -6750080.79052098 -4047243.81074301 -3993340.62104927 -1974839.2705611 -1775056.32909928 -837886.199758779 -346314.270174879 -616758.540349758 -3586248.02056683 -4200722.06698737 
-214030.316707062 -6245175.16123118 -7077531.14751904 -3447053.98024811 -1092308.54034976 -1735237.08069952 
<A0>
0 0 0 0 0 0 0 0 0 0 0 0 0 0 0 0 0 0 0 0 0 0 0 0 0 0 0 0 0 0 0 0 0 0 0 0 0 0 0 0 
0 0 0 0 0 0 0 0 0 0 0 0 0 0 0 0 0 0 0 0 0 0 0 0 0 0 0 0 0 0 0 0 0 0 0 0 0 0 0 0 
0 0 0 0 0 0 0 0 0 0 0 0 0 0 0 0 0 0 0 0 0 0 0 0 0 0 0 0 0 0 0 0 0 0 0 0 0 0 0 0 
0 0 0 0 0 0 0 0 0 0 0 0 0 0 0 0 0 0 0 0 0 0 0 0 0 0 0 0 0 0 0 0 0 0 0 0 0 0 0 0 
0 0 0 0 0 0 0 0 0 0 0 0 0 0 0 0 0 0 0 0 0 0 0 0 0 0 0 0 0 0 0 0 0 0 0 0 0 0 0 0 
0 0 0 0 0 0 0 0 0 0 0 0 0 0 0 0 0 0 0 0 0 0 0 0 0 0 0 0 0 0 0 0 0 0 0 0 0 0 0 0 
0 0 0 0 0 0 0 0 0 0 0 0 0 0 0 0 0 0 0 0 0 0 0 0 0 0 0 0 0 0 0 0 0 0 0 0 0 0 0 0 
0 0 0 0 0 0 0 0 0 0 0 0 0 0 0 0 0 0 0 0 0 0 0 0 0 0 0 0 0 0 0 0 0 0 0 0 0 0 0 0 
0 0 0 0 0 0 0 0 0 0 0 0 0 0 0 0 0 0 0 0 0 0 0 0 0 0 0 0 0 0 0 0 0 0 0 0 0 0 0 0 
0 0 0 0 0 0 0 0 0 0 0 0 0 0 0 0 0 0 0 0 0 0 0 0 0 0 0 0 0 0 0 0 0 0 0 0 0 0 0 0 
0 0 0 0 0 0 0 0 0 0 0 0 0 0 0 0 0 0 0 0 0 0 0 0 0 0 0 0 0 0 0 0 0 0 0 0 0 0 0 0 
0 0 0 0 0 0 0 0 0 0 0 0 0 0 0 0 0 0 0 0 0 0 0 0 0 0 0 0 0 0 0 0 0 0 0 0 0 0 0 0 
0 0 0 0 0 0 0 0 0 0 0 0 0 0 0 0 0 0 0 0 0 0 0 0 0 0 0 0 0 0 0 0 0 0 0 0 0 0 0 0 
0 0 0 0 0 0 0 0 0 0 0 0 0 0 0 0 0 0 0 0 0 0 0 0 0 0 0 0 0 0 0 0 0 0 0 0 0 0 0 0 
0 0 0 0 0 0 0 0 0 0 0 0 0 0 0 0 0 0 0 0 0 0 0 0 0 0 0 0 0 0 0 0 0 0 0 0 0 0 0 0 
0 0 0 0 0 0 0 0 0 0 0 0 0 0 0 0 0 0 0 0 0 0 0 0 0 0 0 0 0 0 0 0 0 0 0 0 0 0 0 0 
0 0 0 0 0 0 0 0 0 0 0 0 0 0 0 0 0 0 0 0 0 0 0 0 0 0 0 0 0 0 0 0 0 0 0 0 0 0 0 0 
0 0 0 0 0 0 0 0 0 0 0 0 0 0 0 0 0 0 0 0 0 0 0 0 0 0 0 0 0 0 0 0 0 0 0 0 0 0 0 0 
0 0 0 0 0 0 0 0 0 0 0 0 0 0 0 0 0 0 0 0 0 0 0 0 0 0 0 0 0 0 0 0 0 0 0 0 0 0 0 0 
0 0 0 0 0 0 0 0 0 0 0 0 0 0 0 0 0 0 0 0 0 0 0 0 0 0 0 0 0 0 0 0 0 0 0 0 0 0 0 0 
0 0 0 0 0 0 0 0 0 0 0 0 0 0 0 0 0 0 0 0 0 0 0 0 0 0 0 0 0 0 0 0 0 0 0 0 0 0 0 0 
0 0 0 0 0 0 0 0 0 0 0 0 0 0 0 0 0 0 0 0 0 0 0 0 0 0 0 0 0 0 0 0 0 0 0 0 0 0 0 0 
0 0 0 0 0 0 0 0 0 0 0 0 0 0 0 0 0 0 0 0 0 0 0 0 0 0 0 0 0 0 0 0 0 0 0 0 0 0 0 0 
0 0 0 0 0 0 0 0 0 0 0 0 0 0 0 0 0 0 0 0 0 0 0 0 0 0 0 0 0 0 0 0 0 0 0 0 0 0 0 0 
0 0 0 0 0 0 0 0 0 0 0 0 0 0 0 0 0 0 0 0 0 0 0 0 0 0 0 0 0 0 0 0 0 0 0 0 0 0 0 0 
0 0 0 0 0 0 0 0 0 0 0 0 0 0 0 0 0 0 0 0 0 0 0 0 0 0 0 0 0 0 0 0 0 0 0 0 0 0 0 0 
0 0 0 0 0 0 0 0 0 0 0 0 0 0 0 0 0 0 0 0 0 0 0 0 0 0 0 0 0 0 0 0 0 0 0 0 0 0 0 0 
0 0 0 0 0 0 0 0 0 0 0 0 0 0 0 0 0 0 0 0 0 0 0 0 0 0 0 0 0 0 0 0 0 0 0 0 0 0 0 0 
0 0 0 0 0 0 0 0 0 0 0 0 0 0 0 0 0 0 0 0 0 0 0 0 0 0 0 0 0 0 0 0 0 0 0 0 0 0 0 0 
0 0 0 0 0 0 0 0 0 0 0 0 0 0 0 0 0 0 0 0 0 0 0 0 0 0 0 0 0 0 0 0 0 0 0 0 0 0 0 0 
0 0 0 0 0 0 0 0 0 0 0 0 0 0 0 0 0 0 0 0 0 0 0 0 0 0 0 0 0 0 0 0 0 0 0 0 0 0 0 0 
0 0 0 0 0 0 0 0 0 0 0 0 0 0 0 0 0 0 0 0 0 0 0 0 0 0 0 0 0 0 0 0 0 0 0 0 0 0 0 0 
0 0 0 0 0 0 0 0 0 0 0 0 0 0 0 0 0 0 0 0 0 0 0 0 0 0 0 0 0 0 0 0 0 0 0 0 0 0 0 0 
0 0 0 0 0 0 0 0 0 0 0 0 0 0 0 0 0 0 0 0 0 0 0 0 0 0 0 0 0 0 0 0 0 0 0 0 0 0 0 0 
0 0 0 0 0 0 0 0 0 0 0 0 0 0 0 0 0 0 0 0 0 0 0 0 0 0 0 0 0 0 0 0 0 0 0 0 0 0 0 0 
0 0 0 0 0 0 0 0 0 0 0 0 0 0 0 0 0 0 0 0 0 0 0 0 0 0 0 0 0 0 0 0 0 0 0 0 0 0 0 0 
0 0 0 0 0 0 0 0 0 0 0 0 0 0 0 0 0 0 0 0 0 0 0 0 0 0 0 0 0 0 0 0 0 0 0 0 0 0 0 0 
0 0 0 0 0 0 0 0 0 0 0 0 0 0 0 0 0 0 0 0 0 0 0 0 0 0 0 0 0 0 0 0 0 0 0 0 0 0 0 0 
0 0 0 0 0 0 0 0 0 0 0 0 0 0 0 0 0 0 0 0 0 0 0 0 0 0 0 0 0 0 0 0 0 0 0 0 0 0 0 0 
0 0 0 0 0 0 
<U0>
0 0 0 0 0 0 0 0 0 0 0 0 0 0 0 0 0 0 0 0 0 0 0 0 0 0 0 0 0 0 0 0 0 0 0 0 0 0 0 0 
0 0 0 0 0 0 0 0 0 0 0 0 0 0 0 0 0 0 0 0 0 0 0 0 0 0 0 0 0 0 0 0 0 0 0 0 0 0 0 0 
0 0 0 0 0 0 0 0 0 0 0 0 0 0 0 0 0 0 0 0 0 0 0 0 0 0 0 0 0 0 0 0 0 0 0 0 0 0 0 0 
0 0 0 0 0 0 0 0 0 0 0 0 0 0 0 0 0 0 0 0 0 0 0 0 0 0 0 0 0 0 0 0 0 0 0 0 0 0 0 0 
0 0 0 0 0 0 0 0 0 0 0 0 0 0 0 0 0 0 0 0 0 0 0 0 0 0 0 0 0 0 0 0 0 0 0 0 0 0 0 0 
0 0 0 0 0 0 0 0 0 0 0 0 0 0 0 0 0 0 0 0 0 0 0 0 0 0 0 0 0 0 0 0 0 0 0 0 0 0 0 0 
0 0 0 0 0 0 0 0 0 0 0 0 0 0 0 0 0 0 0 0 0 0 0 0 0 0 0 0 0 0 0 0 0 0 0 0 0 0 0 0 
0 0 0 0 0 0 0 0 0 0 0 0 0 0 0 0 0 0 0 0 0 0 0 0 0 0 0 0 0 0 0 0 0 0 0 0 0 0 0 0 
0 0 0 0 0 0 0 0 0 0 0 0 0 0 0 0 0 0 0 0 0 0 0 0 0 0 0 0 0 0 0 0 0 0 0 0 0 0 0 0 
0 0 0 0 0 0 0 0 0 0 0 0 0 0 0 0 0 0 0 0 0 0 0 0 0 0 0 0 0 0 0 0 0 0 0 0 0 0 0 0 
0 0 0 0 0 0 0 0 0 0 0 0 0 0 0 0 0 0 0 0 0 0 0 0 0 0 0 0 0 0 0 0 0 0 0 0 0 0 0 0 
0 0 0 0 0 0 0 0 0 0 0 0 0 0 0 0 0 0 0 0 0 0 0 0 0 0 0 0 0 0 0 0 0 0 0 0 0 0 0 0 
0 0 0 0 0 0 0 0 0 0 0 0 0 0 0 0 0 0 0 0 0 0 0 0 0 0 0 0 0 0 0 0 0 0 0 0 0 0 0 0 
0 0 0 0 0 0 0 0 0 0 0 0 0 0 0 0 0 0 0 0 0 0 0 0 0 0 0 0 0 0 0 0 0 0 0 0 0 0 0 0 
0 0 0 0 0 0 0 0 0 0 0 0 0 0 0 0 0 0 0 0 0 0 0 0 0 0 0 0 0 0 0 0 0 0 0 0 0 0 0 0 
0 0 0 0 0 0 0 0 0 0 0 0 0 0 0 0 0 0 0 0 0 0 0 0 0 0 0 0 0 0 0 0 0 0 0 0 0 0 0 0 
0 0 0 0 0 0 0 0 0 0 0 0 0 0 0 0 0 0 0 0 0 0 0 0 0 0 0 0 0 0 0 0 0 0 0 0 0 0 0 0 
0 0 0 0 0 0 0 0 0 0 0 0 0 0 0 0 0 0 0 0 0 0 0 0 0 0 0 0 0 0 0 0 0 0 0 0 0 0 0 0 
0 0 0 0 0 0 0 0 0 0 0 0 0 0 0 0 0 0 0 0 0 0 0 0 0 0 0 0 0 0 0 0 0 0 0 0 0 0 0 0 
0 0 0 0 0 0 0 0 0 0 0 0 0 0 0 0 0 0 0 0 0 0 0 0 0 0 0 0 0 0 0 0 0 0 0 0 0 0 0 0 
0 0 0 0 0 0 0 0 0 0 0 0 0 0 0 0 0 0 0 0 0 0 0 0 0 0 0 0 0 0 0 0 0 0 0 0 0 0 0 0 
0 0 0 0 0 0 0 0 0 0 0 0 0 0 0 0 0 0 0 0 0 0 0 0 0 0 0 0 0 0 0 0 0 0 0 0 0 0 0 0 
0 0 0 0 0 0 0 0 0 0 0 0 0 0 0 0 0 0 0 0 0 0 0 0 0 0 0 0 0 0 0 0 0 0 0 0 0 0 0 0 
0 0 0 0 0 0 0 0 0 0 0 0 0 0 0 0 0 0 0 0 0 0 0 0 0 0 0 0 0 0 0 0 0 0 0 0 0 0 0 0 
0 0 0 0 0 0 0 0 0 0 0 0 0 0 0 0 0 0 0 0 0 0 0 0 0 0 0 0 0 0 0 0 0 0 0 0 0 0 0 0 
0 0 0 0 0 0 0 0 0 0 0 0 0 0 0 0 0 0 0 0 0 0 0 0 0 0 0 0 0 0 0 0 0 0 0 0 0 0 0 0 
0 0 0 0 0 0 0 0 0 0 0 0 0 0 0 0 0 0 0 0 0 0 0 0 0 0 0 0 0 0 0 0 0 0 0 0 0 0 0 0 
0 0 0 0 0 0 0 0 0 0 0 0 0 0 0 0 0 0 0 0 0 0 0 0 0 0 0 0 0 0 0 0 0 0 0 0 0 0 0 0 
0 0 0 0 0 0 0 0 0 0 0 0 0 0 0 0 0 0 0 0 0 0 0 0 0 0 0 0 0 0 0 0 0 0 0 0 0 0 0 0 
0 0 0 0 0 0 0 0 0 0 0 0 0 0 0 0 0 0 0 0 0 0 0 0 0 0 0 0 0 0 0 0 0 0 0 0 0 0 0 0 
0 0 0 0 0 0 0 0 0 0 0 0 0 0 0 0 0 0 0 0 0 0 0 0 0 0 0 0 0 0 0 0 0 0 0 0 0 0 0 0 
0 0 0 0 0 0 0 0 0 0 0 0 0 0 0 0 0 0 0 0 0 0 0 0 0 0 0 0 0 0 0 0 0 0 0 0 0 0 0 0 
0 0 0 0 0 0 0 0 0 0 0 0 0 0 0 0 0 0 0 0 0 0 0 0 0 0 0 0 0 0 0 0 0 0 0 0 0 0 0 0 
0 0 0 0 0 0 0 0 0 0 0 0 0 0 0 0 0 0 0 0 0 0 0 0 0 0 0 0 0 0 0 0 0 0 0 0 0 0 0 0 
0 0 0 0 0 0 0 0 0 0 0 0 0 0 0 0 0 0 0 0 0 0 0 0 0 0 0 0 0 0 0 0 0 0 0 0 0 0 0 0 
0 0 0 0 0 0 0 0 0 0 0 0 0 0 0 0 0 0 0 0 0 0 0 0 0 0 0 0 0 0 0 0 0 0 0 0 0 0 0 0 
0 0 0 0 0 0 0 0 0 0 0 0 0 0 0 0 0 0 0 0 0 0 0 0 0 0 0 0 0 0 0 0 0 0 0 0 0 0 0 0 
0 0 0 0 0 0 0 0 0 0 0 0 0 0 0 0 0 0 0 0 0 0 0 0 0 0 0 0 0 0 0 0 0 0 0 0 0 0 0 0 
0 0 0 0 0 0 0 0 0 0 0 0 0 0 0 0 0 0 0 0 0 0 0 0 0 0 0 0 0 0 0 0 0 0 0 0 0 0 0 0 
0 0 0 0 0 0 
<S0>
-180 65.9763107299805 -130.368923916763 141.633758544922 -140.7435054396 -110.867992324513 -82.9069765849143 191.410411834717 -34.4693833188831 -529.188623485986 -261.935458520394 -19.4482879638672 98.9847259521484 -135.85230587257 -131.110675679251 37.3448637249391 73.4499969482422 132.570554733276 220.760818481445 303.245733261108 541.493057250977 472.962789639684 490.460061229546 28.135867331354 80.8612177229462 176.893822164642 144.174704270523 61.2681817438356 6.45746425644458 91.3455544413238 309.467822476303 385.819459639031 71.2418823242188 236.663055419922 306.180755615234 750.047744750977 4.64727143577488 195.504707952995 298.891499933359 904.046651011818 
99.0535317792452 16.9887057230898 904.622547550891 137.899083614349 125.527801513672 -362.836275855679 -241.01426768444 -151.768149100602 -101.438236876629 -79.3168970403499 -100.560116377655 -152.217697668696 -29.325189112287 38.8370696524754 135.330703539308 226.774063489194 -425.739864626169 -533.088277615409 -187.657667298436 125.369647443523 210.41850492786 188.688395389392 12.4437330208303 -148.916743313047 29.3159975587355 -201 -136.554841570202 -187.61242898128 -139.102875497015 38.2756118774414 216.287643432617 -158.261076226181 43.9164700223084 140.026947021484 161.883081798087 -125.180326423487 1.59341819794776 -48.7217793908423 169.441990243666 497.765267108426 
181.571308135986 -60.064151843053 -150.558170229086 224.016052246094 129.281811661475 -31.8518653179443 -45.9000015258789 -100.153008989636 -222.046617824053 -39.522995736273 -324.666693407975 -454.464319286767 -256.132647851448 -332.29804869362 -179.52659163807 -28.7699203491211 99.2355194091797 190.674270629883 -151.108846171032 93.270073202045 -17.9500158892119 91.5277423675394 -162.79478764534 192.878443256526 190.55230633037 464.808476996025 28.3238271652661 70.7772472260401 75.1323701676734 -276.638802075993 -341.281602686573 162.399993896484 82.1575718971137 8.39999961853027 109.17799949646 59.1257437926336 30.6125793840081 239.10370056433 113.726397435206 -16.7803935109467 
40.360373159904 -192.04048404187 44.473989619211 221.552541912717 133.70130938403 82.5500030517578 134.61654481237 -0.116009660138417 154.037698301197 -91.2618110438902 -60.9439468867748 -704.235318675437 -1049.66282298386 -517.322755919636 39.8340529911549 31.9283825208645 106.538413953069 -694.235318675437 -1039.66282298386 -507.322755919636 -59.8860031746211 107.545249890569 -22.4063396554767 81.6501382853711 326.083339250633 240.959419547077 175.318077039006 -260.050560045955 -28.3976746089428 61.9109972632141 -35.8689155167401 42.4263305180103 -1082.51955702861 -864.995697561073 -336.48457947146 -113.744569504768 47.7251777164967 111.212417554143 -231.043480534968 -1072.53411391337 
-11.6943015211039 10.2787246220142 54.3430766392118 191.585107460315 -1237.7545845181 -54.6720332267995 -66.4785746212747 -549.299473020913 -621.73035838425 -526.645260020856 -72.8000030517578 -136.625451616589 -79.8244025966246 14.3192427015839 80.5274853421326 85.6656596233064 112.322892132019 52.6754030737573 57.4147223634899 -69.8374442159027 311.287982388413 401.002659922951 495.694998590302 122.78578349157 -293.914053637467 -466.021829662744 -647.127713598177 -77.2725919279866 6.09080328609423 165.212634488022 -26.3565747471737 -17.8974875078642 -197 -110.699613532862 -143.27987240089 -85.4884985552275 75.5869979858398 38.1441557264862 183.167097541721 -191 
-126.554841570202 -177.61242898128 -129.102875497015 -148.261076226181 53.9164700223084 -115.180326423487 11.5934181979478 -38.7217793908423 -50.064151843053 -140.558170229086 139.281811661475 -21.8518653179443 -314.666693407975 -444.464319286767 -246.132647851448 -141.108846171032 103.270073202045 -7.95001588921187 104.210954647813 -107.391624450684 -198.653435494574 -65.6452551030578 -17.0566926287536 -3.26604966624438 80.871731701111 -110.647394141993 -198.653435494574 -13.5521469907581 0.435923977768226 -53.4778502364577 56.4796204977408 71.4892024417483 54.1291604862959 -219.545596459847 -168.605832494661 -47.2302773985676 -155.748441661719 -74.4612043962919 -176.051732969609 -401.991015923306 
-255.550214302823 -98.4465787079668 -281.810960080853 -269.129506151852 -340.52129122985 -284.867671425309 -452.902139084148 -431.58906118291 -431.58906118291 189.23349010974 1.05794371215372 129.487701391651 -93.1173337019171 -259.938616625096 -94.4239179799627 53.510488917124 83.0458861096208 -561.244634373239 -759.156551315604 -94.7640494912536 60.4380173938273 -187.693183338937 -242.974707027593 -183.457860450146 -251.714204202182 -183.457860450146 -459.418812502849 -183.457860450146 -381.450427411883 132.100006103516 1.37450105436406e-38 -98 2.77799987792969 103.555999755859 204.333999633789 -109.33385571772 -73.2265897240943 -3.71707000508013 350.151650371765 101.322214350754 
-43.9656045579376 -10.224768190277 181.202183218109 206.519274430435 30.1556887182885 126.054202875173 222.139716943777 -92.8406751749696 110.49551192953 17.6646250887097 -87.5709418355316 130.244354089773 30.9654121502727 230.063627865235 302.797044477898 257.553752365371 -33.7395612748807 -359.122247753564 178.417242199042 9.21661500266941 -235.816745141488 -367.115094579622 -72.619085635066 224.524341085639 733.598500377053 -46.6429556475126 1.37450105436406e-38 -230.845268820954 -181.715997842328 -167.033654571875 -151.594183501277 -98.1323743046464 20.2498767777051 -354.511962228929 -436.447405490533 -593.04785729706 -294.401653244668 -157.954948731701 -173.340755901572 60.0054563346718 
-29.8564738844246 -104.61401370458 -297.680377134952 -196.902377257022 -96.1243773790923 1571.16616744328 -535.422498423223 -173.956826331479 -111.989003625997 -103.005894261193 -13.3356721870776 -155.037732028583 -179.273359932467 -164.103043012134 -164.248621172366 -79.8924376952589 -355.818800330769 -326.74958873286 -297.680377134952 -104.61401370458 -101.924215311172 -168.013199896329 -84.3068991225508 323.583178557508 40.9166029765374 -103.948833408764 -63.9952734902757 -150.021984105528 276.911720243174 131.373078790385 410.244677510936 55.0076167666873 137.762487562542 181.032928537362 -11.5685521075578 112.001716090602 -384.695622421531 -482.242010896587 -19.310409438871 -111.859770286693 
-101.381720795915 -99.526797049904 -160.147009204709 -146.398374652797 -214.094256036086 -214.83472715068 -102.559699779878 -47.8445090249437 -234.432402606683 -64.7564598414031 -19.2790843523732 86.9804411930124 116.995945692062 184.00013422966 -1.70000004768372 -129.285601221159 29.9730978532893 92.9291338476831 357.735639180011 422.204356505763 246.00035511183 254.858938585201 146.059942613521 -23.8957997958552 -23.9847966830623 227.982818603516 312.102668762207 361.168354034424 386.056680679321 376.484247207642 148.778778076172 100.018443001511 106.891957245828 -400.49134989417 -446.439031321172 -2172.91519432406 1.37450105436406e-38 76.5794677734375 69.6457633972168 163.081390380859 
-629.778547515205 -407.698042144111 -878.661787261298 191.318073272705 153.447006225586 93.8394774599255 184.752173796901 -104.162441691197 -68.2563437520356 1.37450105436406e-38 1.37450105436406e-38 112.941827497917 53.9137742142259 473.378162136209 114.537772301885 148.600006103516 74.8922653198242 215.693536281586 165.151086330414 136.199996948242 183.835142782349 28.0263977050781 -36.189998626709 78.5642828497583 -155.272368709301 70.4625799513398 143.444237203705 200.9744021465 215.5797547724 -65.2592102246177 -36.189998626709 161.461554959744 104.232704252115 795.313514157212 65.7399978637695 60.3840071168132 185.799336712874 -192.015493450586 -18.5721429381184 214.780038928974 
166.413138276649 -2.97854605306095 498.56809179393 674.700843258774 0.325077321918087 -0.702083455129824 -236.944721057324 -187.815450078698 -173.133106808246 -151.699731623878 -97.3783719511733 14.1504245413344 -356.208094152799 -438.143537414404 -594.743989220931 -131.750979596029 -164.054400968072 -179.440208137942 55.5830213102152 106.449996948242 -323.746784446433 -162.351021049216 -2188.00134926181 103.563103922065 91.9163822946788 138.023865945991 1709.72421307677 -374.794498871275 231.908188544895 219.724675345614 112.526540138291 106.559904007628 -138.782649361138 144.793893239152 12.2399997711182 6.91094402329029 117.566397587794 35.5694104136139 4.61066874286571 -243.720594973266 
11.3526688947237 -137.243908630374 -36.4659087524445 -119.323178743951 30.4298966064422 137.844653381345 -101.054397580899 16.8161245662558 245.571505406204 158.533099771251 223.996554626462 -22.1536281766743 -108.626351015222 -41.0640860457265 -21.4911849365265 56.9290497436493 -333.855420427981 -44.1991353960509 -62.1922652587921 -18.3193595459158 -138.95686628554 -120.469222338998 -0.455660388311514 -73.5999984741211 1.37450105436406e-38 -23.1311576625425 59.7124992964515 128.925420985275 -26.9652537916511 112.598924675146 195.278507309276 233.197790260789 96.8374014082574 60.9491856508628 194.138100903548 93.6518992801272 192.897249780729 -1.25714717243238 182.491215368766 192.611448942838 
24.0446664963171 5.85496520996094 32.0299987792969 143.972221469725 120.285257179618 122.415675241828 110.378405192595 138.605474922534 66.4641831976673 169.439723120382 54.9109826884451 106.653743134191 76.8617719658306 194.853831113954 223.065398481079 95.0694269700458 47.5619506904571 -170.6130649891 77.7032065388021 -1146.68992446833 72.7040177970401 149.41676789481 197.250089129055 224.097349267109 -139.604556704608 -167.964389259957 -235.508442285574 -207.258977132233 -150.457928112268 65.4017375458798 174.300808285626 -99.9288115892749 166.091183041485 137.021971443577 -110.22071610539 -85.7844418536106 -27.530555913566 257.378061235168 186.038445196772 211.00627169505 
-93.6568752776065 15.2950133229447 -149.469058568216 180.73101784689 19.605985698094 194.77580262533 345.69284996608 487.037463835151 620.724118719846 739.094901412159 32.3718396962005 8.57335168960537 -16.9298804836774 -43.9966714015321 -245.484945922531 -117.180240648544 -59.0901014848442 7.35430560007902 75.6948970307431 -153.961166486626 -108.533554664959 -104.045053576469 -119.52691472409 -93.7480960008028 2129.56230790121 1006.41683336198 -55.5548244963565 73.8956359192786 -193.600006103516 -426.399993896484 -129.154847673718 -180.212435084796 -46.7119475447014 -159.033084760467 -131.702881600531 -156.502339806241 -150.861082329697 -359.538537754959 -131.478895692718 -426.399993896484 
-260.979193407975 -178.26879316372 -343.68959365223 -222.669217701424 -193.600006103516 -158.363935432276 -279.68743701919 -142.272724075001 -185.538539809865 -291.232696533203 -251.419271018628 -46.5771862470222 -92.4000015258789 159.84961255746 12.2493805367313 -104.08482475326 -125.73588021419 -259.674268701202 5.10657427105122 -42.8804554207952 -62.5828235984798 -247.858204416232 -361.824782495762 -189.142665650173 99.4629214800286 -46.5978992127838 130.129936555712 -24.5560102459316 -49.6308475551528 -34.7644328687996 -6.61195747343896 -69.914886060549 -309.608740527116 -254.278490263902 -439.406366405908 -231.874418316308 -254.460782445833 -241.074694970589 -333.159917214852 -117.239631462121 
-292.116972151833 266.983185151904 213.624718049853 319.194068087133 359.398287905249 416.480996625943 452.856244581266 -47.036453068036 74.0651037891973 65.0004347963513 -41.9581717549652 -95.250354339878 -2225.00610203715 -2257.42751007419 -139.417517382584 -191.408135192301 37.0828199986096 -160.546568591081 64.8446480244461 -250.139986095849 -393.338979162142 -107.32841811512 159.657043794482 75.6847919023919 -20.0427696741044 48.5498812464786 8.2895242108858 33.9817929199183 94.1725104662204 138.330575924668 -110.640285491943 99.8226547241211 300.713161468506 -328.086535420677 -303.098364303502 -367.440680964123 -65.2721326085019 -158.999419900982 -148.539657460257 -213.425678120657 
98.9277362640238 -120.047193545547 148.102521960334 47.5970001220703 -284.124187907017 -290.42135676831 -397 -102.944605549831 69.0585386679009 247.570931559549 405.023975391138 -195.203951556168 -131.638418255273 -289.401273110848 -21 53.3517452683635 230.750950139083 133.499604167517 -5.93175160275646 6.39087655100042 -47.3545765948923 -70.4457763912144 18.5 119.27799987793 320.833999633789 29.9138779122196 50.7225792148989 89.249631364725 106.848023989061 119.907823786789 192.010815115082 220.526240067642 245.984360637879 -10.5692115979087 18.5 168.863734677761 6.42894762776481 165.945102612513 30.6520958841949 365.638385220444 
161.468236249007 227.969360099738 -9.13455520008131 319.455645166472 296.123087488249 658.921933338314 146.214615484733 243.111232205307 104.284813192279 83.3132821454561 -139.691465720032 -88.3000030517578 4.0515170396052 92.6794097874262 164.367613199709 192.875095956329 506.450534500837 770.322309014439 1020.79268582296 215.775979835868 -10.9455935544595 -157.973581371728 -43.8793366942219 -71.2140693664551 1.37450105436406e-38 1.37450105436406e-38 1.37450105436406e-38 109.937406764084 193.646343679535 248.82942457692 1.37450105436406e-38 1.37450105436406e-38 348.046956009619 500.053836266626 176.895208809253 -9.57243347167969 25.2757994141765 21.8342984133139 -290.026441015169 -73.1379667725749 
-34.9308241115499 137.982872274311 161.983868042814 1.37450105436406e-38 81.4355965985811 -184.5 -414.5 -120.054841570202 -171.11242898128 -71.187197788842 -188.294528852263 -122.602875497015 -142.76140865097 -144.602345909756 57.647346496582 -123.382003560013 -341.895082249588 -414.5 172.663482666016 -249.079199511491 143.594271068107 -249.079199511491 -331.789599755745 -149.26392932876 -244.594297370753 -133.172717971486 -136.74435035674 178.284038888686 207.890037536621 -48.5418167905628 -183.800144776097 -238.562036063794 1 -71.1999969482422 169.269694649745 -62.8525252860225 -60.1451659720577 -129.842867213702 -229.47798379085 19.4144279697817 
6.03687212261373 -28.6525218629303 -16.9282832430724 -13.75588031753 7.88733299286963 -302.423224169694 -272.053040224992 -432.220850048486 -225.717886028711 -261.705655492708 -233.889178613167 -331.789599755745 210.671699365652 85.0517462892712 -0.847499757894923 98.7869809084311 -158.491430956803 -282.545602856103 -102.569156030159 0.126096388358633 -136.477722735107 121.024696615131 29.3916055097139 7.00482190986041 141.749696713243 144.214677792344 25.828369140625 -83.4244041442871 171.071727752686 153.833801269531 368.133261203766 189.943893432617 -134.608846171032 -237.461600992291 -71.3614880772518 -70.2636450396025 -300.709583149954 108.027742367539 -94.1714458648825 54 
57.4571983555239 72.2396526719719 258.164035275906 82.3747450318523 84.2282105817354 70.2557163119515 -309.838697709602 25.0028271840705 -48.356817211035 -70.51606393801 -18.1177099810087 -68.5315603183647 -210.557685852051 1155.06638632818 5.09999990463257 32.9329376220703 -71.9291727520971 53.8723139806691 1.00164668859935 -62.4302655585377 213.190862891954 -172.65389403811 92.8875293548441 -107.392622266982 -225.535506999493 -176.406236020867 -161.723892750415 -148.490972277961 -94.2577473708812 25.5596385991655 -351.499563688718 -433.435037467901 -590.03545875685 -563.250768930399 -912.065506105331 -148.172770634633 -152.645186910241 -168.030994080111 66.9922353680463 -19.2000007629395 
-472.5 105.918159484863 226.882205963135 289.548519134521 53.4849531508027 -373.283719792313 115.115482261635 -282.299731759918 152.660362828479 -136.707007465149 172.240700664734 -72.5258339163969 -55.4410196205747 51.4540768052727 91.2849121859849 111.39654743242 -173.017169722563 285.262637933767 104.657489955646 34.4866564575163 139.73202125265 96.3343811930328 207.404235850224 284.622313446753 143.719454262134 -0.811777789078633 -96.5315380672849 2.69389589889352 -79.2415626215003 -189.319965477832 166.030348383024 -4.07098327014967 53.792387849403 36.9007371953128 34.5201268361701 28.3491822614229 -31.5 69.2779998779297 40.5454882658314 -7.18441577895581 
206.131423436516 75.5494355364025 -24.5797614156098 6.06281342174486 -214.3272024104 23.4039803876436 140.795267285031 99.5447790037814 1.37450105436406e-38 195.523729873965 119.331725333063 29.3158223492828 27.6386546809937 197.060563399228 208.923427694285 83.2710177487954 1.37450105436406e-38 -126.351550439339 -461.022350487539 -323.840560980427 -390.33192248322 -322.405466217666 -232.569282631388 -154.867376388859 -90.7225685350023 -80.5567626417421 27.1801706292122 -210.220387261927 -240.086376946985 12.2471719719857 -4703.58532122795 -6836.06655940578 -2569.76394938314 -139.778205146865 -297.528548920107 -126.860522166998 -463.301446532004 -674.039458347896 -804.098589353641 -1360.81804750543 
-757.935496871117 -2312.71962743535 -644.230235491881 -277.92658952551 2.84673215855128 -26.5041276959961 93.7566167607828 104.891628795687 -173.581555284445 -105.545856000789 -345.924151563734 -397.729789416749 -176.308826357759 -309.606452720604 -290.850204511516 1.37450105436406e-38 1.37450105436406e-38 114.878350537337 51.1213709321208 60.3154843263999 -84.9894962887205 35.231129309196 -454.145153559364 -144.910171172425 -328.523544716315 -220.696296097053 -184.24749946912 -446.798137954338 -454.145153559364 -691.178367409027 -288.724353070855 -206.0139528266 -371.434753315109 -322.439478395937 -208.558174570401 -122.956427019278 -97.5696147708903 -72.5403769853931 -62.7669680573176 -230.12058698811 
-323.764072931923 -132.90100821869 -287.396724764149 -25 -91.0218386457981 2.8896187758271 106.500071492984 -78.1608179200467 -161.133837062335 24.7864034108977 51.101789267684 56.0889738305251 41.7398546824287 -41.6388738606571 376.915993728912 156.103168983596 -22.7909233520511 14.5173654463346 212.340569534576 142.193617725043 171.262829322952 -23.9019712826641 13.8200078968762 24.1300531774907 9.11697834091774 -325.099601026177 -305.56725940619 -314.752222015939 -224.436065570969 282.53044130339 118.632416982788 44.3554012967526 250.702851182829 217.999477882522 -27.3688235090793 32.3719601823269 41.342190284866 290.735224058782 115.172586356547 108.280433570292 
-20.6693414554508 310.071538260137 344.768546600479 136.732961673874 -4398.29446514793 -2240.73345402089 114.045054428592 203.958843591059 36.1049559911025 -151.024416268533 162.670601030835 247.613590996769 -310.557435907299 -204.387135881222 -158.211176096742 -230.574201145456 -380.473938840655 36.4069224993354 -103.560513760728 227.209866066116 315.968319435257 178.270077247757 -170.658207010788 223.435825707758 12.5741973446573 44.3149624559738 -28.4162664055753 69.7284591656219 -87.5574713354063 16.5700995055174 155.972363014358 65.0858884049832 186.889250279358 4.80131860860473 148.122653447472 253.15425439962 -195.954617060341 -382.954661849914 -465.520797749805 -179.491688023335 
-319.457504653654 -109.800003051758 -163.095780901257 -209.394020821722 -110.123696114691 -63.9979007386627 -20.3017335223083 13.8220002223665 4.48688596746842 14.1438154730493 116.168685754812 -110.38413220622 -172.897021978763 1.26985542013055 -114.878288179526 -7.6374015704304 -229.166866780111 130.1247743806 136.519414073342 61.3300390653413 50.777133252945 -12.3477159782659 -288.134051660042 -8.071978906136 -338.098284352393 149.223330899155 -51.2316815586971 -63.6262625322783 -491 -34.7324858747795 -422.415506138748 -373.167327432526 -344.886701545557 -228.780422134083 -137.159051780227 -96.6940840142607 22.1300451286585 59.4720575723589 -163.24660020376 -321.9541869427 
-306.81723089882 -202.085656560823 -549.938709374316 -1141.1414050235 -495.230467015576 -482.501573850829 529.953317970574 -1177.49226649079 -402.163242200356 -80.3100354405331 -271.581523497714 -250.440494404837 137.407283707019 -29.0692115979087 0 82.7104002442546 192.587169065808 220.262343440564 135.585383974801 194.525274314906 211.649950903403 224.942487451164 178.490572377597 196.542643087627 196.542642898477 210.152880709855 -335.825494823877 -377.944208202783 274.814071655273 46.8416574718874 104.713455200195 376.588686995135 267.571852896539 77.7923529005585 117.466037750244 95.3307005372234 133.453907629509 325.354694455972 117.698373518425 165.333442820505 
163.638379185004 530.150214011104 227.019494533539 227.712223052979 65.2578040122527 85.0911271253578 137.436087686185 90.8768801001769 46.9486627640375 50.7142363928709 85.7351846576232 220.555804785554 -36.3468955340143 -276.417047558252 -251.528711376611 65.3952957175761 148.869178701032 -64.6573976073079 -3.74292775804588 -29.6056574809186 14.1549995111487 -9.61100695857783 77.217601159554 156.143898281905 77.9867039621978 -0.441603841185952 164.952969326345 155.717925548553 161.015325546265 841.679795328068 593.017953615216 -27.3996906191678 1233.03402154593 2608.97282203457 314.088405556547 685.455743236349 530.013984948332 644.439966154634 685.79433559692 564.64383842433 
454.39565683547 431.840437049468 880.389612983508 144.060347132416 49.1414540893317 15.3324643426679 105.600714488514 106.413767079331 105.22606923698 641.876871522749 76.9149916984258 82.2174348748008 375.131199168414 61.5831984989674 97.7476525635031 123.596189045148 90.313657407044 228.238399877799 347.464373621488 389.48961378949 320.634322555983 341.499367424997 345.493678129575 368.731232794144 183.107964376616 395.32605931055 116.985893201116 -39.586696184174 -92.778478840725 98.6602932725325 164.386784168027 226.455033533375 291.966424835979 1013.40279150934 470.354891159886 459.824982716731 467.070324807199 125.311827582578 165.06543111765 234.752259195777 
149.393598647855 384.4124953828 96.9789897313579 -64.5587121692939 1011.21735473131 106.345099170176 569.272945098193 664.842648236966 -202.085604272917 66.8252861240786 302.6229734054 147.243180554427 -92.797166051269 251.056398115593 826.438972198909 955.170172039134 34.9218280293493 47.367026541559 72.3613857937928 389.499183987836 49.9204216769517 -13.5521469907581 65.5686537232585 58.0291760378257 121.158475201644 119.119229596175 -134.4959184322 49.2623841385423 -53.4778502364577 43.7538673145383 80.7660256757296 151.881592545961 407.563396471091 458.772875465956 -40.8077724699307 3.57655956246481 -12.2122467113765 -40.2392207012504 -8.50689676495824 9.96584485950065 
31.8150666644078 53.812490870249 -266.168260694401 -431.58906118291 -431.58906118291 -150.325863712344 -57.3392333009925 -10.7125345313373 381.080376516764 286.939448515571 307.626628438716 37.9461834110765 289.443576795449 324.942446903902 166.41477035051 34.5937506165691 244.309445100109 -98.5651919431314 716.709062300163 378.058091841179 811.439902985042 663.539120696133 -65.4056582735775 37.5943122113197 -319.663714084283 -685.178667697565 64.2673120528726 67.6266752408416 31.331624408764 301.065474435248 134.016709171921 -252.244388479206 26.5927982218568 338.320378819489 172.659929056167 -421.901939230276 -596.517687329581 42.3620041898328 45.2837915988151 4.12188772031135 
71.2848808239956 69.7907020403576 246.652978607548 356.672506059227 105.749453254597 -408.876026468048 -173.909277669195 160.562448940741 -878.705415002593 73.2274817367113 77.2942989201127 108.197277815208 427.665463692673 116.653326106452 -64.4226821173067 44.7385918389921 20.5539428128396 19.4855834378396 516.188045664063 76.0654389553107 806.99666564765 1222.59844331867 336.652370452881 171.796536203868 186.555641263834 191.600006103516 70.25 339.332998307633 329.263324916583 721.680501661736 -77.6045627463188 10.4355032854959 -270.24305523667 58.167859816502 -43.0009350033688 319.191064481489 349.549771647804 369.928454300362 363.845852141369 380.243867858981 
255.555401028055 -291.099738592955 361.539965606371 325.746986080041 350.508000735518 350.596337054518 381.645815139173 400.438728001118 424.909293974563 380.48471131272 377.568148206783 563.638270093211 217.479111513965 393.823936908613 196.300114083144 439.507844233112 321.369914172361 315.579780266418 425.220235687467 220.32024525635 324.767952453169 314.552025029543 78.6930151204355 -2.83171956588558 375.604828407035 250.55682052988 630.808208182302 957.034697777526 187.014790705101 429.758029918727 321.10622666194 342.322325749749 345.957297602572 369.913494286564 395.797963416508 76.9870135286627 198.301037365948 277.400974453391 1268.84465704653 765.22630619761 
945.329714113703 415.068699496378 1000.71646525333 681.293503081384 98.0299987792969 164.100006103516 113.699996948242 59.7099990844727 52.7999992370605 213.554299634017 381.609444897689 242.42179374031 809.438964569515 952.072813335521 50.0200004577637 77.6600036621094 646.897920606636 422.712610523297 337.263653705014 179.7282762584 540.950876621472 323.907472747828 1338.44242573983 645.853192205202 665.207561647488 859.109877231218 1094.52008135581 670.848940486624 439.009733229754 616.415685635763 456.564953015756 420.777328722608 796.963631777206 985.468498392083 498.534768141707 137.981417258758 90.8937729861054 55.9729824711209 614.809716098665 384.950266359695 
1049.32395838092 812.979408858921 373.273753022068 356.558660999896 330.463399512889 358.84960994143 355.312745320856 393.572636924296 405.146821116918 242.531762010152 428.705123138599 -277.920048975406 1281.89188752335 392.472055979137 211.753321196881 -185.408445026665 307.022458291713 310.371866965421 191.599405662097 -582.514486237492 619.47008106125 -268.890157925768 35.7023578374389 331.585885169609 -93.6831434484002 93.891125420232 -117.269632680943 141.956473485897 917.156598429099 655.731927272774 -247.577787119828 100.256552908747 72.5154962543125 51.0087794681154 695.638355139844 100.57255806591 69.3117461917935 88.1623968257159 179.567534659235 402.243541424707 
281.627327551429 95.6804412707475 168.495136350504 81.3026682343669 -145.758380273323 324.689390955567 875.206867648118 307.512742720085 148.5 945.961167340739 529.918308852966 871.66839315707 42.1847702418818 46.1165274552203 62.7999992370605 1.37450105436406e-38 152.463054789499 251.343500074539 31.9484941365539 -204.471659380876 121.265120718805 -215.500970898095 -4.75815458961574 -12.0139344725422 473.92300548239 755.400520209424 1175.64472433586 -7.02081355541964 169.193961092964 174.682338794975 35.9054889559945 46.3376413417916 301.621395477895 562.008393742998 54.2166466281454 49.440681609394 -54.7861346306568 -927.529550234798 -264.57731041712 69.5770738743331 
95.4499868669895 55.7696198560545 32.8786131348796 -24.5009676999673 -8.41927214332668 139.81603008069 92.5409454211381 156.248738837196 -123.970521153808 150.719710884559 115.007562160492 874.438926422542 585.017245988874 84.2328370604329 63.9392732176594 28.3585166700758 -458.332919017584 -473.648806468756 -400.527380879606 -952.620823050607 79.0728756394573 193.930171240137 -317.441653485894 1261.70650369517 109.48459982203 407.221080642912 217.682827235746 409.059961793404 -246.152834994002 393.110907039358 541.383841446902 86.4850011645503 471.611267777206 110.164910992746 -239.085604272917 22.1344902256411 56.3818327393718 173.153855603255 423.273798298646 96.4126600234058 
13.8934418778001 811.439948761409 663.538128874844 452.958369664228 75.2804196291343 -98.1290296687334 
<Cp0>
1.17549435082229e-38 2.35098870164458e-38 -108.190005069978 2.35098870164458e-38 -92.7920634358596 -185.584126871719 -278.376190307579 2.35098870164458e-38 13.7049425444564 226.677065759953 75.5590219199843 2.35098870164458e-38 3.52648305246686e-38 -688.947479522829 -202.226871583662 25.3500003814697 1.17549435082229e-38 2.35098870164458e-38 3.52648305246686e-38 5.87747175411144e-38 5.87747175411144e-38 -1168.95815443375 -1753.43723165063 -233.358892022878 -108.190005069978 -216.380010139955 -324.570015209933 -432.76002027991 -92.7920634358596 -199.516050497536 -151.264803726894 -75.6324018634472 2.35098870164458e-38 3.52648305246686e-38 4.70197740328915e-38 5.87747175411144e-38 151.118043839969 75.5590219199843 -683.042015676899 -226.897205590342 
-202.226871583662 81.1500015258789 -1839.94523297814 2.35098870164458e-38 2.35098870164458e-38 -123.642778648337 -216.434842084196 -309.226905520056 -402.018968955916 -494.811032391775 -587.603095827635 -680.395159263495 27.4752651916319 103.034287111616 178.593309031601 810.532579011121 -96.1675134567047 -68.6922482650727 -48.0837567283523 52.1611649433962 -25.8649409200739 37.1660823951694 1751.90347818434 854.130349768001 88.7223211147129 1.17549435082229e-38 -466.717784045757 -700.076676068635 -233.358892022878 2.35098870164458e-38 3.52648305246686e-38 -108.190005069978 -216.380010139955 3.52648305246686e-38 -98.5629384600224 -92.7920634358596 -185.584126871719 -31.033080681976 222 444 
3.52648305246686e-38 13.7049425444564 -199.516050497536 2.35098870164458e-38 -83.892111773234 -41.946055886617 1.17549435082229e-38 -466.717784045757 -700.076676068635 -233.358892022878 151.118043839969 226.677065759953 75.5590219199843 151.118043839969 75.5590219199843 2.35098870164458e-38 3.52648305246686e-38 4.70197740328915e-38 -688.947479522829 -404.453743167325 -202.226871583662 38.2431393830428 2.35098870164458e-38 -14.8960218131728 60.6630001068115 -673.404341423376 -168.351085355844 -336.702170711688 -505.053256067532 -528.91315343989 -680.031197279859 1.17549435082229e-38 -121.042983084899 1.17549435082229e-38 2.35098870164458e-38 52.6411079771216 -92.7920634358596 234.966919318024 13.7049425444564 -199.516050497536 
75.5590219199843 -397.431678453587 -202.226871583662 -657.676674542756 -657.676674542756 1.17549435082229e-38 286.694859966763 -584.479077216877 205.065886899993 -233.358892022878 -32.3723711400306 237.491345399876 356.237018099814 194.304694619922 -32.3723711400306 181.268736837091 -32.3723711400306 237.491345399876 356.237018099814 194.304694619922 -294.292384567765 -32.3723711400306 -125.16443457589 -63.4054518220066 356.627628859969 189.627628859969 -32.3723711400306 -32.3723711400306 -32.3723711400306 -18.6674285955741 -231.888421637566 -32.3723711400306 474.982690799752 276.67799617983 114.745672699938 -403.613337013015 -32.3723711400306 -32.3723711400306 -429.804049593617 474.982690799752 
-234.599242723693 -32.3723711400306 5.87076824301226 254.719816163787 250.982690799752 -722.421416822817 -690.049045682787 388.609389239845 356.237018099814 420.981760379875 1.17549435082229e-38 -466.717784045757 -233.358892022878 -108.190005069978 -216.380010139955 -324.570015209933 -432.76002027991 -31.033080681976 13.7049425444564 -199.516050497536 -151.264803726894 -226.897205590342 -302.529607453789 -75.6324018634472 151.118043839969 226.677065759953 302.236087679937 75.5590219199843 75.5590219199843 -151.264803726894 -404.453743167325 -202.226871583662 1.17549435082229e-38 -92.7920634358596 -688.947479522829 -202.226871583662 1.17549435082229e-38 -108.190005069978 1.62848638561965 1.17549435082229e-38 
-466.717784045757 -700.076676068635 -233.358892022878 -108.190005069978 -216.380010139955 -92.7920634358596 -185.584126871719 -31.033080681976 13.7049425444564 -199.516050497536 -83.892111773234 -41.946055886617 151.118043839969 226.677065759953 75.5590219199843 -688.947479522829 -404.453743167325 -202.226871583662 38.2431393830428 1.17549435082229e-38 -233.358892022878 -108.190005069978 -216.380010139955 -324.570015209933 -432.76002027991 -92.7920634358596 -233.358892022878 13.7049425444564 -151.264803726894 -75.6324018634472 151.118043839969 226.677065759953 302.236087679937 75.5590219199843 302.236087679937 75.5590219199843 -666.904850997227 -202.226871583662 -442.764090738156 -473.112093330535 
-473.112093330535 -550.954095808133 -581.302098400512 -689.49210347049 -565.904156766394 -658.696220202254 -751.488283638114 -672.62814382807 -672.62814382807 -599.399048775453 -261.920013427734 -445.669040417696 -367.205068818171 -397.55307141055 -321.994049490566 -246.435027570582 -170.876005650597 -795.106142821101 -1117.10019231167 -459.619232774502 -201.909086332573 -428.586152092526 -613.933081550505 -445.951078068118 -645.467128565653 -445.951078068118 -569.908106645669 -445.951078068118 -675.338964914197 1.17549435082229e-38 1.17549435082229e-38 1.17549435082229e-38 2.35098870164458e-38 3.52648305246686e-38 4.70197740328915e-38 -62.066161363952 -31.033080681976 -331.921830482901 -432.76002027991 -108.190005069978 
-108.190005069978 -216.380010139955 -216.380010139955 -324.570015209933 -31.033080681976 27.4098850889129 27.4098850889129 -399.032100995072 13.7049425444564 13.7049425444564 -199.516050497536 27.4098850889129 -185.811107953079 648.735196273106 -75.6324018634472 1325.11804383997 -125.881956160031 226.677065759953 1166.23608767994 151.118043839969 75.5590219199843 302.236087679937 -772.440978080016 1083.55902191998 -226.897205590342 -202.226871583662 1.17549435082229e-38 -80.5999984741211 -547.317782519878 -313.958890496999 -173.392061909981 -266.18412534584 60.1049593291244 70.5180453658475 146.077067285832 221.636089205816 -5.0409765541368 -485.053741641446 -282.826870057784 -42.3568590910783 
-92.7920634358596 -16.6798886652965 -93.5855709264108 -93.5855709264108 -93.5855709264108 -3600.46003422767 -3523.55435196656 -78.7460500292485 -793.662246995046 -47.7129693472725 -124.869893735274 -201.775575996388 -309.965581066366 -418.155586136343 -526.345591206321 -355.505584354145 -290.711447846456 -192.148509386433 -93.5855709264108 -16.6798886652965 -109.471952101156 -186.37763436227 -279.16969779813 328.529302483326 -2.97494612084007 -216.195939162832 -218.906760248959 -56.5754429983545 -16.6798886652965 -16.6798886652965 -16.6798886652965 134.438155174672 57.5324729135577 -16.908505166458 209.997177094656 208.650516753526 -36.0530980128531 21.4793749007046 58.8791332546878 -18.0265490064265 
-251.385441029305 47.1193868768347 -92.3122905287437 -1471.48052997207 -782.53305044924 -498.039314093736 -421.133631832621 -218.906760248959 -295.812442510073 -93.5855709264108 -55.342431543368 173.022996902466 2.35098870164458e-38 2.35098870164458e-38 1.17549435082229e-38 -302.236087679937 -584.479077216877 -31.033080681976 389 505 222 -261.920013427734 -261.920013427734 -536.995085845254 -536.995085845254 3.52648305246686e-38 4.70197740328915e-38 5.87747175411144e-38 5.87747175411144e-38 5.87747175411144e-38 2.35098870164458e-38 51.5639393717575 88.0158792317963 -3523.55435196656 -3523.55435196656 140.169064432438 1.17549435082229e-38 1.17549435082229e-38 1.17549435082229e-38 1.17549435082229e-38 
696.204890400079 696.204890400079 696.204890400079 3.52648305246686e-38 2.35098870164458e-38 13.7049425444564 140.704957803245 -474.591122915056 -199.516050497536 1.17549435082229e-38 1.17549435082229e-38 -75.6324018634472 -75.6324018634472 -248.949893061142 37.0101279280563 1.17549435082229e-38 1.17549435082229e-38 1.17549435082229e-38 1.17549435082229e-38 1.17549435082229e-38 129.196001052856 1.17549435082229e-38 1.17549435082229e-38 -31.033080681976 -229.498248060075 -108.190005069978 -216.380010139955 -324.570015209933 -432.76002027991 -98.5629384600224 2.35098870164458e-38 -31.033080681976 -199.516050497536 -151.264803726894 1.17549435082229e-38 75.5590219199843 151.118043839969 226.677065759953 75.5590219199843 44.5259412380083 
-32.6309831499933 -199.516050497536 -151.264803726894 -151.264803726894 -404.453743167325 -202.226871583662 -48.7000007629395 -515.417784808696 -282.058892785818 -141.492064198799 -234.284127634659 92.004957040306 102.418043077029 177.977064997013 253.536086916998 26.8590211570448 -453.153743930264 -250.926872346602 -10.4568613798966 1.17549435082229e-38 -28.8360004425049 -28.8360004425049 140.169064432438 16.3164819395931 -217.042410083285 16.3164819395931 -3584.14355228808 -3507.23787002696 -14.7165987423829 30.0214244840495 -183.199568557943 91.8755038595774 -381.115196513994 -185.910389644069 1.17549435082229e-38 -92.7920634358596 13.7049425444564 -199.516050497536 11.4590234458632 -397.431678453587 
-202.226871583662 -7.34970207806023 -7.34970207806023 -150.708594100939 -7.34970207806023 -7.34970207806023 -130.64176551392 137.317214188206 381.65029792194 214.65029792194 -7.34970207806023 6.3552404663962 -206.865752575596 68.2093198419241 -7.34970207806023 -7.34970207806023 -404.781380531647 -209.576573661723 -7.34970207806023 30.8934373049826 -143.228523075024 -672.376078698877 -665.026376620816 1.17549435082229e-38 1.17549435082229e-38 -233.358892022878 214.809994930022 -108.190005069978 -92.7920634358596 -92.7920634358596 -185.584126871719 -278.376190307579 199.966919318024 151.118043839969 151.118043839969 226.677065759953 302.236087679937 75.5590219199843 75.5590219199843 -17.2330415158754 
-22.2268715836624 2.35098870164458e-38 1.17549435082229e-38 296.331769173291 65.2788909595977 65.2788909595977 -67.0846754343993 -41.946055886617 51.1852381683268 51.1852381683268 -182.173653854552 51.1852381683268 -41.6068252675329 20.1521574863508 64.8901807127832 -148.330812329209 126.744260088311 -346.24644028526 -151.041633415336 696.204890400079 179 254.559021919984 330.118043839969 405.677065759953 -46.0999984741211 -2384.01630734163 -2968.4953845585 -512.817782519878 -279.458890496999 -46.0999984741211 -46.0999984741211 -154.290003544099 -46.0999984741211 -144.662936934143 -138.892061909981 -46.0999984741211 -77.1330791560971 342.900001525879 175.900001525879 -46.0999984741211 
-46.0999984741211 -520.691121389177 -245.616048971657 -197.364802201016 -121.732400337568 84.4577834450743 149.736674404672 215.01556536427 280.294456323867 345.573347283465 19.1788924854766 -88.0460543607381 105.018045365847 180.577067285832 -16.6409750282579 117.836093783453 29.4590234458632 -46.0999984741211 -46.0999984741211 -520.691121389177 -1423.99495751978 -2112.94243704261 -735.04747799695 -248.326870057784 -1553.06828265776 -799.584140565941 -46.0999984741211 -7.85685909107826 1.17549435082229e-38 1.17549435082229e-38 -466.717784045757 -700.076676068635 -933.435568091513 -1166.79446011439 -233.358892022878 269.863716539907 -108.190005069978 -108.190005069978 -216.380010139955 2.35098870164458e-38 
151.118043839969 226.677065759953 75.5590219199843 -98.5629384600224 2.35098870164458e-38 -92.7920634358596 -92.7920634358596 -185.584126871719 -185.584126871719 2.35098870164458e-38 -41.946055886617 -4 1.17549435082229e-38 -1400.15335213727 -466.717784045757 -470.717784045757 -700.076676068635 -704.076676068635 -233.358892022878 -237.358892022878 -6.68182626292548 -395.158762125772 -86.2408481829098 -161.799870102894 -4 -108.190005069978 -4 71.5590219199843 -96.7920634358596 -92.7920634358596 -185.584126871719 -189.584126871719 151.118043839969 151.118043839969 226.677065759953 226.677065759953 302.236087679937 75.5590219199843 75.5590219199843 89.0518824760166 
68.8771956570588 -4 -4 -295.688815380067 -295.688815380067 -394.25175384009 -394.25175384009 -399.032100995072 9.70494254445643 13.7049425444564 -199.516050497536 -203.516050497536 136.169064432438 140.169064432438 151.118043839969 377.795109599921 71.5590219199843 151.118043839969 147.118043839969 226.677065759953 302.236087679937 75.5590219199843 -4 -4 -692.947479522829 -404.453743167325 -202.226871583662 -206.226871583662 34.2431393830428 38.2431393830428 4.70197740328915e-38 8.22846045575601e-38 1.17549435082229e-37 -1377.89495904566 -2066.84243856849 -688.947479522829 -404.453743167325 -404.453743167325 -202.226871583662 -202.226871583662 
38.2431393830428 38.2431393830428 229.578046739139 1.17549435082229e-38 -474.591122915056 -397.431678453587 1.17549435082229e-38 -75.5590219199843 -23.9950825482267 27.5688568235308 79.1327961952883 151.118043839969 226.677065759953 75.5590219199843 1.17549435082229e-38 75.5590219199843 151.118043839969 226.677065759953 -480.012765087309 -682.239636670972 -277.785893503647 26.6499996185303 1.17549435082229e-38 2.35098870164458e-38 4.70197740328915e-38 -466.717784045757 -233.358892022878 -341.548897092856 -331.921830482901 -108.190005069978 -216.380010139955 -324.570015209933 -432.76002027991 -98.5629384600224 2.35098870164458e-38 -31.033080681976 -399.032100995072 13.7049425444564 -199.516050497536 -151.264803726894 
151.118043839969 477.677065759953 75.5590219199843 302.236087679937 302.236087679937 604.472175359874 75.5590219199843 -151.264803726894 -404.453743167325 -202.226871583662 25.8999996185303 1.17549435082229e-38 12.8099949300225 28.6199898600449 -49.5700152099326 -44.7600202799102 130.557781919195 195.836672878793 261.115563838391 65.2788909595977 151.118043839969 226.677065759953 75.5590219199843 1.17549435082229e-38 1.17549435082229e-38 1.17549435082229e-38 1.17549435082229e-38 -108.190005069978 -216.380010139955 -324.570015209933 1.17549435082229e-38 1.17549435082229e-38 -83.892111773234 -125.838167659851 -41.946055886617 1.17549435082229e-38 75.5590219199843 151.118043839969 302.236087679937 -75.5590219199843 
291.939032059939 -404.453743167325 -606.680614750987 1.17549435082229e-38 -202.226871583662 1.17549435082229e-38 1.17549435082229e-38 -466.717784045757 -700.076676068635 -933.435568091513 -1166.79446011439 -233.358892022878 -6.68182626292548 269.863716539907 2.35098870164458e-38 -108.190005069978 -108.190005069978 2.35098870164458e-38 3.52648305246686e-38 151.118043839969 -98.5629384600224 151.118043839969 75.5590219199843 -92.7920634358596 -92.7920634358596 -185.584126871719 -185.584126871719 222 3.52648305246686e-38 13.7049425444564 140.704957803245 -41.946055886617 1.17549435082229e-38 1.17549435082229e-38 -1400.15335213727 -466.717784045757 -466.717784045757 -700.076676068635 -700.076676068635 -233.358892022878 
-233.358892022878 -108.190005069978 -216.380010139955 -92.7920634358596 -185.584126871719 151.118043839969 151.118043839969 226.677065759953 226.677065759953 302.236087679937 75.5590219199843 75.5590219199843 27.4098850889129 13.7049425444564 -199.516050497536 151.118043839969 151.118043839969 226.677065759953 75.5590219199843 75.5590219199843 -397.431678453587 -404.453743167325 -202.226871583662 -202.226871583662 38.2431393830428 38.2431393830428 2.35098870164458e-38 4.70197740328915e-38 8.22846045575601e-38 3.52648305246686e-38 1.17549435082229e-37 4.70197740328915e-38 -688.947479522829 -404.453743167325 -404.453743167325 -202.226871583662 -202.226871583662 38.2431393830428 38.2431393830428 1.17549435082229e-38 
-233.358892022878 -92.7920634358596 -31.033080681976 75.5590219199843 -202.226871583662 22.75 -75.6324018634472 -688.947479522829 -666.904850997227 -248.949893061142 -202.226871583662 25.0900001525879 1.17549435082229e-38 -753.48414209182 1.17549435082229e-38 1.17549435082229e-38 -28.8360004425049 -57.6720008850098 129.196001052856 -32.8445338853476 212.36509976305 547.224311372261 38.2431393830428 -135.878820996964 -95.9000015258789 -562.617785571636 -329.258893548757 -188.692064961739 -281.484128397598 44.8049562773666 55.2180423140897 130.777064234074 206.336086154058 -40.6819592117892 90.0951050222847 -20.3409796058946 -500.353744693204 -298.126873109541 -57.6568621428361 1.17549435082229e-38 
1.17549435082229e-38 2.35098870164458e-38 3.52648305246686e-38 4.70197740328915e-38 -108.190005069978 -108.190005069978 -29.3800101399551 -216.380010139955 83.4299847900674 -432.76002027991 -432.76002027991 -540.950025349888 -649.140030419865 -92.7920634358596 -185.584126871719 -278.376190307579 -556.752380615158 27.4098850889129 -399.032100995072 -598.548151492607 13.7049425444564 -199.516050497536 -185.811107953079 -83.892111773234 -41.946055886617 151.118043839969 226.677065759953 302.236087679937 377.795109599921 453.354131519906 302.236087679937 75.5590219199843 -32.6309831499933 -397.431678453587 -688.947479522829 -202.226871583662 1.17549435082229e-38 2.35098870164458e-38 7.64110797712164 -92.7920634358596 
194.966919318024 13.7049425444564 -199.516050497536 75.5590219199843 -397.431678453587 -202.226871583662 -657.676674542756 -657.676674542756 1.17549435082229e-38 -308.917913942863 -233.358892022878 -767.627091109841 -875.817096179818 -15 -1459.6951602997 -151.118043839969 1.17549435082229e-38 75.5590219199843 -224 -1390.79446011439 -332.190005069978 -316.79206343586 -409.584126871719 -502.376190307579 -595.168253743439 -780.752380615158 57.409915606491 -83.2950421967545 -83.2950421967545 57.409915606491 56.3381288648765 196.507193297315 -83.8309355675618 -307.892111773234 -265.946055886617 -72.8819561600314 78.2360876799372 -296.881956160031 -221.322934240047 10.7082630398115 
-291.527824640126 -286.17369312022 -210.614671200236 -148.440978080016 -887.843660965802 -654.484768942923 -753.047707402946 -851.610645862968 -1255.99850655154 639.772365049101 -1601.89495904566 -912.947479522829 -628.453743167325 -830.680614750987 -426.226871583662 1.17549435082229e-38 1.17549435082229e-38 151.118043839969 75.5590219199843 151.118043839969 226.677065759953 75.5590219199843 -220 -1153.43556809151 -1386.79446011439 -226.681826262925 49.8637165399066 -328.190005069978 -220 -288.881956160031 -68.8819561600314 6.67706575995288 -144.440978080016 -312.79206343586 -405.584126871719 -498.376190307579 -591.168253743439 -683.960317179298 -776.752380615158 -206.295057455544 
-220 -303.892111773234 -261.946055886617 1.17549435082229e-38 42.4000015258789 -1272.95334755963 -424.317782519878 -657.676674542756 -700.076676068635 -190.958890496999 -283.750953932859 -376.543017368719 -469.335080804578 78.1181767888323 84.8000030517578 42.4000015258789 -65.7900035440986 -173.980008614076 84.8000030517578 -56.1629369341435 42.4000015258789 -50.3920619099807 -143.18412534584 -235.9761887817 -328.76825221756 -68.8819561600314 6.67706575995288 82.2360876799372 -144.440978080016 42.4000015258789 42.4000015258789 42.4000015258789 264.400001525879 42.4000015258789 42.4000015258789 42.4000015258789 42.4000015258789 323.80991713237 183.104959329124 183.104959329124 
-157.116048971657 323.80991713237 42.4000015258789 42.4000015258789 322.738130390755 182.569065958317 0.453945639261917 -1315.35334908551 235.918046891726 160.359024971742 429.436092257574 504.995114177558 656.113158017527 698.513159543406 193.518045365847 269.077067285832 344.636089205816 117.959023445863 120.518178314711 42.4000015258789 42.4000015258789 42.4000015258789 -355.031676927708 -1315.35334908551 -1335.49495751978 -2024.44243704261 -646.54747799695 -362.053741641446 -564.280613225108 -159.826870057784 42.4000015258789 42.4000015258789 80.6431409089217 -220 -220 -220 -220 -1597.89495904566 -908.947479522829 -624.453743167325 
-422.226871583662 1.17549435082229e-38 -466.717784045757 -233.358892022878 -233.358892022878 -108.190005069978 -216.380010139955 -324.570015209933 -432.76002027991 -31.033080681976 27.4098850889129 -399.032100995072 -598.548151492607 13.7049425444564 -199.516050497536 -185.811107953079 -596.947728951122 -151.264803726894 -226.897205590342 86.1180438399686 30.6770657599529 -45.7639123200628 75.5590219199843 75.5590219199843 -48.3980066575672 -151.264803726894 -404.453743167325 -202.226871583662 1.17549435082229e-38 -933.435568091513 -108.190005069978 -216.380010139955 -92.7920634358596 -185.584126871719 -278.376190307579 -371.168253743439 -463.960317179298 -556.752380615158 -83.892111773234 -41.946055886617 
151.118043839969 302.236087679937 453.354131519906 302.236087679937 680.031197279859 1133.38532879976 1208.94435071975 604.472175359874 75.5590219199843 -404.453743167325 -606.680614750987 -202.226871583662 246.901992797852 -98.5629384600224 0 75.5590219199843 38.0016883490746 39.4474819766965 29.0855669218427 33.702868655054 34.8492996322829 35.5457894728052 20.782442637939 29.168403076501 29.1684015385519 29.7260334704526 226.677065759953 226.677065759953 5.87747175411144e-38 25.3500003814697 2.35098870164458e-38 -584.479077216877 -233.358892022878 -108.190005069978 2.35098870164458e-38 75.5590219199843 75.5590219199843 -199.516050497536 -75.6324018634472 -202.226871583662 
81.1500015258789 -613.315077659382 4.70197740328915e-38 4.70197740328915e-38 89.8835459735009 105.032503520297 103.124249810959 64.8242467592011 64.6052662597472 65.4752651916319 88.2752644286925 253.00366414941 -700.076676068635 226.677065759953 226.677065759953 -331.921830482901 -294.142319522909 75.5590219199843 -230.146086573675 -211.1920799028 -377.795109599921 -377.795109599921 -75.5590219199843 274.641107977122 -199.516050497536 -794.863356907173 220.273128416338 3.52648305246686e-38 3.52648305246686e-38 613.713156491648 -256.70922233551 -200.038145556919 948.04440503514 1643.96300853934 304.899993896484 617 449 611 619 435 
404 383 782 -248.23515726006 -334.608458819968 -712.403568419889 100.268736837091 90.1223969501283 55.2687368370911 205.118974259845 -294.292384567765 -47.9564980117499 328.779998779297 -32.3723711400306 -778.286282228425 113.111578362434 -1132.88696512092 201.229622202402 318.579986572266 335.149993896484 305.880004882812 310.339996337891 329.089996337891 336.399993896484 172.489347477965 339.5 -32.3723711400306 229.158586765933 267.923127663906 92.6545671354523 43.1866507799537 118.745672699938 194.304694619922 4728.01952967274 457.65310386911 440.051045503227 485.280170479065 110.313640041287 186.073265977998 251.914797210026 
43.1866507799537 346.390014648438 94.1304574219958 420.981760379875 808.01785111157 1582.09003257496 -289.08159347554 854.952941037748 -302.236087679937 -233.358892022878 -495.828114310206 151.118043839969 -794.863356907173 -75.6324018634472 689.272178411632 45.5268653444273 28.8360004425049 -233.358892022878 -216.380010139955 236.974121379951 -185.584126871719 13.7049425444564 75.5590219199843 151.118043839969 151.118043839969 151.118043839969 27.4098850889129 -75.6324018634472 -75.6324018634472 -180.100804169399 -202.226871583662 -126.667849663678 251.127259936243 326.686281856228 -382.068085553398 -659.144100878111 -797.682108540467 -719.547120901116 -352.342052082945 -337.479035347719 
-291.646046898187 -246.435027570582 -521.510099988102 -672.62814382807 -672.62814382807 -1731.26100223477 -704.443029262723 -1552.90480141206 231.29755632584 117.959023445863 -166.134122127747 28.8360004425049 -430.484768942923 -663.843660965802 -108.190005069978 75.5590219199843 1250.55902191998 151.118043839969 -75.6324018634472 -75.6324018634472 689.272178411632 -105.591178495541 -861.276673016877 -358.9761887817 146.077067285832 146.077067285832 -412.521828957022 -427.633809307078 25.0839996337891 283.5 155.816230298153 85.1272833593823 -707.225667315164 297.410003662109 165.564340063766 352.656933367596 450.590694942141 -109.45372501086 -106.025438114437 -506.380637971907 
-33.821323147413 -16.1693319706538 -203.851030518118 257.019989013672 113.055088461525 39.5059239071312 134.438155174672 168.298495565964 746.759849923552 85.9759656275514 75.0015065570619 -79.8806283819544 155.400408368913 71.2374154580142 -92.3122905287437 -92.3122905287437 -196.780692834696 -196.780692834696 39.5059239071312 -45.5158891078014 672.592289746336 1309.72134835275 7.05296610493373e-38 120.084963157993 -199.516050497536 1.17549435082229e-38 1.17549435082229e-38 27.1610152624171 -399.032100995072 -75.6324018634472 -797.476677594514 -327.076191070518 177.977064997013 -380.62183124584 -446.131679216526 310.350006103516 325.700012207031 329 329.279998779297 334.230010986328 
-449.991072002318 -334.926126175202 326.410003662109 311.329986572266 319.959991455078 334.540008544922 350.190002441406 344.950012207031 344.540008544922 328.209991455078 -421.768338226977 -634.810748310263 -221.042410083285 285.393549225425 134.275505385456 1647.09536759418 -112.038129228162 346.640605148506 344.636089205816 155.738534405855 -52.7955892477706 303.739990234375 84.3105599724513 -651.337801059192 327.619995117188 318.895685228306 480.131772908243 1030.13904967606 268.09412332793 469.889232927852 304.709991455078 308.290008544922 327.929992675781 333.459991455078 338.329986572266 85.8615933084204 143.768341761908 499.087536858646 1294.3860190983 660.323624538583 
821.55971221852 446.004429441846 833.04052017354 -112.940880573601 1.17549435082229e-38 1.17549435082229e-38 1.17549435082229e-38 1.17549435082229e-38 1.17549435082229e-38 151.118043839969 151.118043839969 151.118043839969 689.272178411632 45.5268653444273 1.17549435082229e-38 1.17549435082229e-38 -438.961112230244 334.35595824543 -63.0757202081572 51.1274226779827 425 309.619995117188 1119 578 586 739 895 513 384 475 405 359 620 812 -37.7374362775086 -182.173653854552 -577.660720943205 -99.9328056716418 177.929498256638 333.5 
2187.88688637813 626 346.869995117188 322.739990234375 310.600006103516 318.670013427734 333.809997558594 348.339996337891 344.230010986328 -317.162069540776 78.2829228653934 336.603444288605 -176.97476806462 320.262305454159 169.14426161419 489.406567068349 -77.1693729994282 381.509361377239 131.322934240047 -168.092039048709 466.172179937511 -348.336086154058 -279.458890496999 136.115730062914 -1.49197676775985 82.4160460830106 105.018045365847 105.018045365847 794.29022377748 -151.691176969662 151.118043839969 -233.358892022878 71.5590219199843 226.677065759953 453.354131519906 75.5590219199843 26.6499996185303 -302.236087679937 -233.358892022878 -449.738902162833 
-206.75294353 -261.920013427734 -199.516050497536 75.5590219199843 75.5590219199843 -794.863356907173 -1300.48504043074 -75.6324018634472 1.17549435082229e-38 840.390222251601 -601.345311541326 -105.591178495541 25.8999996185303 38.6100006103516 1.17549435082229e-38 1.17549435082229e-38 -202.226871583662 -568.131720759059 -399.032100995072 151.118043839969 -233.358892022878 226.677065759953 151.118043839969 75.5590219199843 -492.627269227236 453.354131519906 755.590219199843 -397.431678453587 197.44109577009 226.073116209306 22.75 25.0900001525879 263.570007324219 547.02001953125 61.2470559230809 49.6539700959598 -891.876679120393 -374.276191833458 130.777064234074 -427.82183200878 
-442.933812358836 27.1100006103516 75.5590219199843 151.118043839969 151.118043839969 237.641107977122 -261.920013427734 145.483949502464 -794.863356907173 211.273128416338 3.52648305246686e-38 689.272178411632 -256.70922233551 -75.5590219199843 -75.5590219199843 -595.168253743439 -72.8819561600314 -72.8819561600314 -2261.72671381435 -17.8870210349745 75.5590219199843 -402.270698943478 -68.8819561600314 1033.90826761745 -190.958890496999 344.636089205816 172.694064050969 485.341047009062 -271.108827743694 269.077067285832 710.846007864065 448.283146654776 -279.645868480094 -7.63490023695047 -302.236087679937 -233.358892022878 75.5590219199843 151.118043839969 -13.363652525851 -492.627269227236 
-75.6324018634472 689.272178411632 -105.591178495541 356.968937526475 151.118043839969 302.236087679937 
<VPh>
0 0 0.0124476074393194 0 0 0 0 0 0 0 
<GPh>
0 -704.183469880228 -262.316495721012 0 0 0 -2058.74068500163 0 0 0 
<HPh>
0 0 159.761321689263 0 0 0 0 0 0 0 
<SPh>
0 1.99400671069015 1.19518000116176 0 0 0 5.8296493982773 0 0 0 
<CPh>
0 0 1.90918686345305 0 0 0 0 0 0 0 
<APh>
0 -704.183469880228 -262.328943328451 0 0 0 -2058.74068500163 0 0 0 
<UPh>
0 0 159.748874081824 0 0 0 0 0 0 0 