

Next record
07PSIna   G  vcomplex    0    0       1       25      0   

<Short_PARAM>
2 2 -4 1 130 1 0 30000 1 9999 
<Double_PARAM>
1000 1e-13 1e-20 1e-05 0.01 0.01 1e-05 1e-05 1e-05 1e-05 1e-05 1e-05 1e-06 1e-17 0.7 -0.0065 1 1000 0.001 12.05 1e-13 1e-13 1e-33 1e-20 1e-05 1e-10 0.001 1e-10 
<Short_Const>
61 61 1566 1146 1135 10 0 0 422 2 0 21 2 0 616 1 2 1 1 0 3 0 0 2 1 2 0 2 0 2 616 0 0 0 0 0 1 0 0 
<Double_Const>
25 25 298.15 298.15 1 1 0 33068.5410174135 -13882194.9820013 0 0 0 0 0 0 0 0 0 0 0 
0 0 0 0 176.781103900653 1000 1.14078559765206 -5599.9836668806 0.00721947129950209 10.7087766576161 -8.94102372022683 -0.5278812076545 1e-13 1e-20 55.50837344 0 9.99999e-06 0 0 0 
0 1e-05 0 2478.9711565 38.9215133653371 55.3495842433661 4.01653388216503 0.000149357635171654 1.66e-24 5.7465121606633 1.98898113512242 7.30808401706146 121.98089449232 
<Add_Double_Const>
1e-13 1e-13 1e-33 1e-20 1e-05 1e-05 1e-05 1e-05 1e-05 1e-05 1e-06 1 
<EpsW>
78.2451456494471 -0.355010888388417 0.00135076186526265 0.00406162824448407 0 
<EpsWg>
44.1020648929065 -0.203921304503049 0.000864734277252308 0.00370763636207359 0 
<DenW>
0.997061364306278 -0.00025866418191325 -9.46964566451448e-06 4.50858902637571e-05 0 
<DenWg>
0.000767104546309221 -7.87337651516304e-07 -3.78422904491598e-09 4.76763525268721e-08 0 
Error Code 
Error Message
<L1>
1136 10 1 1 1 1 1 1 1 1 1 1 1 1 1 1 1 1 1 1 1 1 1 1 1 1 1 1 1 1 1 1 1 1 1 1 1 1 1 1 
1 1 1 1 1 1 1 1 1 1 1 1 1 1 1 1 1 1 1 1 1 1 1 1 1 1 1 1 1 1 1 1 1 1 1 1 1 1 1 1 
1 1 1 1 1 1 1 1 1 1 1 1 1 1 1 1 1 1 1 1 1 1 1 1 1 1 1 1 1 1 1 1 1 1 1 1 1 1 1 1 
1 1 1 1 1 1 1 1 1 1 1 1 1 1 1 1 1 1 1 1 1 1 1 1 1 1 1 1 1 1 1 1 1 1 1 1 1 1 1 1 
1 1 1 1 1 1 1 1 1 1 1 1 1 1 1 1 1 1 1 1 1 1 1 1 1 1 1 1 1 1 1 1 1 1 1 1 1 1 1 1 
1 1 1 1 1 1 1 1 1 1 1 1 1 1 1 1 1 1 1 1 1 1 1 1 1 1 1 1 1 1 1 1 1 1 1 1 1 1 1 1 
1 1 1 1 1 1 1 1 1 1 1 1 1 1 1 1 1 1 1 1 1 1 1 1 1 1 1 1 1 1 1 1 1 1 1 1 1 1 1 1 
1 1 1 1 1 1 1 1 1 1 1 1 1 1 1 1 1 1 1 1 1 1 1 1 1 1 1 1 1 1 1 1 1 1 1 1 1 1 1 1 
1 1 1 1 1 1 1 1 1 1 1 1 1 1 1 1 1 1 1 1 1 1 1 1 1 1 1 1 1 1 1 1 1 1 1 1 1 1 1 1 
1 1 1 1 1 1 1 1 1 1 1 1 1 1 1 1 1 1 1 1 1 1 1 1 1 1 1 1 1 1 1 1 1 1 1 1 1 1 1 1 
1 1 1 1 1 1 1 1 1 1 1 1 1 1 1 1 1 1 1 1 1 1 
<muk>
0 1 2 3 4 5 6 7 8 9 10 11 12 13 14 15 16 17 18 19 20 21 22 23 24 25 26 27 28 29 30 31 32 33 34 35 36 37 38 39 
40 41 42 43 44 45 46 47 48 49 50 51 52 53 54 55 56 57 58 59 60 61 62 63 64 65 66 67 68 69 70 71 72 73 74 75 76 77 78 79 
80 81 82 83 84 85 86 87 88 89 90 91 92 93 94 95 96 97 98 99 100 101 102 103 104 105 106 107 108 109 110 111 112 113 114 115 116 117 118 119 
120 121 122 123 124 125 126 127 128 129 130 131 132 133 134 135 136 137 138 139 140 141 142 143 144 145 146 147 148 149 150 151 152 153 154 155 156 157 158 159 
160 161 162 163 164 165 166 167 168 169 170 171 172 173 174 175 176 177 178 179 180 181 182 183 184 185 186 187 188 189 190 191 192 193 194 195 196 197 198 199 
200 201 202 203 204 205 206 207 208 209 210 211 212 213 214 215 216 217 218 219 220 221 222 223 224 225 226 227 228 229 230 231 232 233 234 235 236 237 238 239 
240 241 242 243 244 245 246 247 248 249 250 251 252 253 254 255 256 257 258 259 260 261 262 263 264 265 266 267 268 269 270 271 272 273 274 275 276 277 278 279 
280 281 282 283 284 285 286 287 288 289 290 291 292 293 294 295 296 297 298 299 300 301 302 303 304 305 306 307 308 309 310 311 312 313 314 315 316 317 318 319 
320 321 322 323 324 325 326 327 328 329 330 331 332 333 334 335 336 337 338 339 340 341 342 343 344 345 346 347 348 349 350 351 352 353 354 355 356 357 358 359 
360 361 362 363 364 365 366 367 368 369 370 371 372 373 374 375 376 377 378 379 380 381 382 383 384 385 386 387 388 389 390 391 392 393 394 395 396 397 398 399 
400 401 402 403 404 405 406 407 408 409 410 411 412 413 414 415 416 417 418 419 420 421 
<mui>
0 1 2 3 4 5 6 7 8 9 10 11 12 13 14 15 16 17 18 19 20 21 22 23 24 25 26 27 28 29 30 31 32 33 34 35 36 37 38 39 
40 41 42 43 44 45 46 47 48 49 50 51 52 53 54 55 56 57 58 59 60 
<muj>
0 1 2 3 4 5 6 7 8 9 10 11 12 13 14 15 16 17 18 19 20 21 22 23 24 25 26 27 28 29 30 31 32 33 34 35 36 37 38 39 
40 41 42 43 44 45 46 47 48 49 50 51 52 53 54 55 56 57 58 59 60 61 62 63 64 65 66 67 68 69 70 71 72 73 74 75 76 77 78 79 
80 81 82 83 84 85 86 87 88 89 90 91 92 93 94 95 96 97 98 99 100 101 102 103 104 105 106 107 108 109 110 111 112 113 114 115 116 117 118 119 
120 121 122 123 124 125 126 127 128 129 130 131 132 133 134 135 136 137 138 139 140 141 142 143 144 145 146 147 148 149 150 151 152 153 154 155 156 157 158 159 
160 161 162 163 164 165 166 167 168 169 170 171 172 173 174 175 176 177 178 179 180 181 182 183 184 185 186 187 188 189 190 191 192 193 194 195 196 197 198 199 
200 201 202 203 204 205 206 207 208 209 210 211 212 213 214 215 216 217 218 219 220 221 222 223 224 225 226 227 228 229 230 231 232 233 234 235 236 237 238 239 
240 241 242 243 244 245 246 247 248 249 250 251 252 253 254 255 256 257 258 259 260 261 262 263 264 265 266 267 268 269 270 271 272 273 274 275 276 277 278 279 
280 281 282 283 284 285 286 287 288 289 290 291 292 293 294 295 296 297 298 299 300 301 302 303 304 305 306 307 308 309 310 311 312 313 314 315 316 317 318 319 
320 321 322 323 324 325 326 327 328 329 330 331 332 333 334 335 336 337 338 339 340 341 342 343 344 345 346 347 348 349 350 351 352 353 354 355 356 357 358 359 
360 361 362 363 364 365 366 367 368 369 370 371 372 373 374 375 376 377 378 379 380 381 382 383 384 385 386 387 388 389 390 391 392 393 394 395 396 397 398 399 
400 401 402 403 404 405 406 407 408 409 410 411 412 413 414 415 416 417 418 419 420 421 422 423 424 425 426 427 428 429 430 431 432 433 434 435 436 437 438 439 
440 441 442 443 444 445 446 447 448 449 450 451 452 453 454 455 456 457 458 459 460 461 462 463 464 465 466 467 468 469 470 471 472 473 474 475 476 477 478 479 
480 481 482 483 484 485 486 487 488 489 490 491 492 493 494 495 496 497 498 499 500 501 502 503 504 505 506 507 508 509 510 511 512 513 514 515 516 517 518 519 
520 521 522 523 524 525 526 527 528 529 530 531 532 533 534 535 536 537 538 539 540 541 542 543 544 545 546 547 548 549 550 551 552 553 554 555 556 557 558 559 
560 561 562 563 564 565 566 567 568 569 570 571 572 573 574 575 576 577 578 579 580 581 582 583 584 585 586 587 588 589 590 591 592 593 594 595 596 597 598 599 
600 601 602 603 604 605 606 607 608 609 610 611 612 613 614 615 616 617 618 619 620 621 622 623 624 625 626 627 628 629 630 631 632 633 634 635 636 637 638 639 
640 641 642 643 644 645 646 647 648 649 650 651 652 653 654 655 656 657 658 659 660 661 662 663 664 665 666 667 668 669 670 671 672 673 674 675 676 677 678 679 
680 681 682 683 684 685 686 687 688 689 690 691 692 693 694 695 696 697 698 699 700 701 702 703 704 705 706 707 708 709 710 711 712 713 714 715 716 717 718 719 
720 721 722 723 724 725 726 727 728 729 730 731 732 733 734 735 736 737 738 739 740 741 742 743 744 745 746 747 748 749 750 751 752 753 754 755 756 757 758 759 
760 761 762 763 764 765 766 767 768 769 770 771 772 773 774 775 776 777 778 779 780 781 782 783 784 785 786 787 788 789 790 791 792 793 794 795 796 797 798 799 
800 801 802 803 804 805 806 807 808 809 810 811 812 813 814 815 816 817 818 819 820 821 822 823 824 825 826 827 828 829 830 831 832 833 834 835 836 837 838 839 
840 841 842 843 844 845 846 847 848 849 850 851 852 853 854 855 856 857 858 859 860 861 862 863 864 865 866 867 868 869 870 871 872 873 874 875 876 877 878 879 
880 881 882 883 884 885 886 887 888 889 890 891 892 893 894 895 896 897 898 899 900 901 902 903 904 905 906 907 908 909 910 911 912 913 914 915 916 917 918 919 
920 921 922 923 924 925 926 927 928 929 930 931 932 933 934 935 936 937 938 939 940 941 942 943 944 945 946 947 948 949 950 951 952 953 954 955 956 957 958 959 
960 961 962 963 964 965 966 967 968 969 970 971 972 973 974 975 976 977 978 979 980 981 982 983 984 985 986 987 988 989 990 991 992 993 994 995 996 997 998 999 
1000 1001 1002 1003 1004 1005 1006 1007 1008 1009 1010 1011 1012 1013 1014 1015 1016 1017 1018 1019 1020 1021 1022 1023 1024 1025 1026 1027 1028 1029 1030 1031 1032 1033 1034 1035 1036 1037 1038 1039 
1040 1041 1042 1043 1044 1045 1046 1047 1048 1049 1050 1051 1052 1053 1054 1055 1056 1057 1058 1059 1060 1061 1062 1063 1064 1065 1066 1067 1068 1069 1070 1071 1072 1073 1074 1075 1076 1077 1078 1079 
1080 1081 1082 1083 1084 1085 1086 1087 1088 1089 1090 1091 1092 1093 1094 1095 1096 1097 1098 1099 1100 1101 1102 1103 1104 1105 1106 1107 1108 1109 1110 1111 1112 1113 1114 1115 1116 1117 1118 1119 
1120 1121 1122 1123 1124 1125 1126 1127 1128 1129 1130 1131 1132 1133 1134 1135 1136 1137 1138 1139 1140 1141 1142 1143 1144 1145 1146 1147 1148 1149 1150 1151 1152 1153 1154 1155 1156 1157 1158 1159 
1160 1161 1162 1163 1164 1165 1166 1167 1168 1169 1170 1171 1172 1173 1174 1175 1176 1177 1178 1179 1180 1181 1182 1183 1184 1185 1186 1187 1188 1189 1190 1191 1192 1193 1194 1195 1196 1197 1198 1199 
1200 1201 1202 1203 1204 1205 1206 1207 1208 1209 1210 1211 1212 1213 1214 1215 1216 1217 1218 1219 1220 1221 1222 1223 1224 1225 1226 1227 1228 1229 1230 1231 1232 1233 1234 1235 1236 1237 1238 1239 
1240 1241 1242 1243 1244 1245 1246 1247 1248 1249 1250 1251 1252 1253 1254 1255 1256 1257 1258 1259 1260 1261 1262 1263 1264 1265 1266 1267 1268 1269 1270 1271 1272 1273 1274 1275 1276 1277 1278 1279 
1280 1281 1282 1283 1284 1285 1286 1287 1288 1289 1290 1291 1292 1293 1294 1295 1296 1297 1298 1299 1300 1301 1302 1303 1304 1305 1306 1307 1308 1309 1310 1311 1312 1313 1314 1315 1316 1317 1318 1319 
1320 1321 1322 1323 1324 1325 1326 1327 1328 1329 1330 1331 1332 1333 1334 1335 1336 1337 1338 1339 1340 1341 1342 1343 1344 1345 1346 1347 1348 1349 1350 1351 1352 1353 1354 1355 1356 1357 1358 1359 
1360 1361 1362 1363 1364 1365 1366 1367 1368 1369 1370 1371 1372 1373 1374 1375 1376 1377 1378 1379 1380 1381 1382 1383 1384 1385 1386 1387 1388 1389 1390 1391 1392 1393 1394 1395 1396 1397 1398 1399 
1400 1401 1402 1403 1404 1405 1406 1407 1408 1409 1410 1411 1412 1413 1414 1415 1416 1417 1418 1419 1420 1421 1422 1423 1424 1425 1426 1427 1428 1429 1430 1431 1432 1433 1434 1435 1436 1437 1438 1439 
1440 1441 1442 1443 1444 1445 1446 1447 1448 1449 1450 1451 1452 1453 1454 1455 1456 1457 1458 1459 1460 1461 1462 1463 1464 1465 1466 1467 1468 1469 1470 1471 1472 1473 1474 1475 1476 1477 1478 1479 
1480 1481 1482 1483 1484 1485 1486 1487 1488 1489 1490 1491 1492 1493 1494 1495 1496 1497 1498 1499 1500 1501 1502 1503 1504 1505 1506 1507 1508 1509 1510 1511 1512 1513 1514 1515 1516 1517 1518 1519 
1520 1521 1522 1523 1524 1525 1526 1527 1528 1529 1530 1531 1532 1533 1534 1535 1536 1537 1538 1539 1540 1541 1542 1543 1544 1545 1546 1547 1548 1549 1550 1551 1552 1553 1554 1555 1556 1557 1558 1559 
1560 1561 1562 1563 1564 1565 
<DUL>
1000000 1000000 1000000 1000000 1000000 1000000 1000000 1000000 1000000 1000000 1000000 1000000 1000000 1000000 1000000 1000000 1000000 1000000 1000000 1000000 1000000 1000000 1000000 1000000 1000000 1000000 1000000 1000000 1000000 1000000 1000000 1000000 1000000 1000000 1000000 1000000 1000000 1000000 1000000 1000000 
1000000 1000000 1000000 1000000 1000000 1000000 1000000 1000000 1000000 1000000 1000000 1000000 1000000 1000000 1000000 1000000 1000000 1000000 1000000 1000000 1000000 1000000 1000000 1000000 1000000 1000000 1000000 1000000 1000000 1000000 1000000 1000000 1000000 1000000 1000000 1000000 1000000 1000000 1000000 1000000 
1000000 1000000 1000000 1000000 1000000 1000000 1000000 1000000 1000000 1000000 1000000 1000000 1000000 1000000 1000000 1000000 1000000 1000000 1000000 1000000 1000000 1000000 1000000 1000000 1000000 1000000 1000000 1000000 1000000 1000000 1000000 1000000 1000000 1000000 1000000 1000000 1000000 1000000 1000000 1000000 
1000000 1000000 1000000 1000000 1000000 1000000 1000000 1000000 1000000 1000000 1000000 1000000 1000000 1000000 1000000 1000000 1000000 1000000 1000000 1000000 1000000 1000000 1000000 1000000 1000000 1000000 1000000 1000000 1000000 1000000 1000000 1000000 1000000 1000000 1000000 1000000 1000000 1000000 1000000 1000000 
1000000 1000000 1000000 1000000 1000000 1000000 1000000 1000000 1000000 1000000 1000000 1000000 1000000 1000000 1000000 1000000 1000000 1000000 1000000 1000000 1000000 1000000 1000000 1000000 1000000 1000000 1000000 1000000 1000000 1000000 1000000 1000000 1000000 1000000 1000000 1000000 1000000 1000000 1000000 1000000 
1000000 1000000 1000000 1000000 1000000 1000000 1000000 1000000 1000000 1000000 1000000 1000000 1000000 1000000 1000000 1000000 1000000 1000000 1000000 1000000 1000000 1000000 1000000 1000000 1000000 1000000 1000000 1000000 1000000 1000000 1000000 1000000 1000000 1000000 1000000 1000000 1000000 1000000 1000000 1000000 
1000000 1000000 1000000 1000000 1000000 1000000 1000000 1000000 1000000 1000000 1000000 1000000 1000000 1000000 1000000 1000000 1000000 1000000 1000000 1000000 1000000 1000000 1000000 1000000 1000000 1000000 1000000 1000000 1000000 1000000 1000000 1000000 1000000 1000000 1000000 1000000 1000000 1000000 1000000 1000000 
1000000 1000000 1000000 1000000 1000000 1000000 1000000 1000000 1000000 1000000 1000000 1000000 1000000 1000000 1000000 1000000 1000000 1000000 1000000 1000000 1000000 1000000 1000000 1000000 1000000 1000000 1000000 1000000 1000000 1000000 1000000 1000000 1000000 1000000 1000000 1000000 1000000 1000000 1000000 1000000 
1000000 1000000 1000000 1000000 1000000 1000000 1000000 1000000 1000000 1000000 1000000 1000000 1000000 1000000 1000000 1000000 1000000 1000000 1000000 1000000 1000000 1000000 1000000 1000000 1000000 1000000 1000000 1000000 1000000 1000000 1000000 1000000 1000000 1000000 1000000 1000000 1000000 1000000 1000000 1000000 
1000000 1000000 1000000 1000000 1000000 1000000 1000000 1000000 1000000 1000000 1000000 1000000 1000000 1000000 1000000 1000000 1000000 1000000 1000000 1000000 1000000 1000000 1000000 1000000 1000000 1000000 1000000 1000000 1000000 1000000 1000000 1000000 1000000 1000000 1000000 1000000 1000000 1000000 1000000 1000000 
1000000 1000000 1000000 1000000 1000000 1000000 1000000 1000000 1000000 1000000 1000000 1000000 1000000 1000000 1000000 1000000 1000000 1000000 1000000 1000000 1000000 1000000 1000000 1000000 1000000 1000000 1000000 1000000 1000000 1000000 1000000 1000000 1000000 1000000 1000000 1000000 1000000 1000000 1000000 1000000 
1000000 1000000 1000000 1000000 1000000 1000000 1000000 1000000 1000000 1000000 1000000 1000000 1000000 1000000 1000000 1000000 1000000 1000000 1000000 1000000 1000000 1000000 1000000 1000000 1000000 1000000 1000000 1000000 1000000 1000000 1000000 1000000 1000000 1000000 1000000 1000000 1000000 1000000 1000000 1000000 
1000000 1000000 1000000 1000000 1000000 1000000 1000000 1000000 1000000 1000000 1000000 1000000 1000000 1000000 1000000 1000000 1000000 1000000 1000000 1000000 1000000 1000000 1000000 1000000 1000000 1000000 1000000 1000000 1000000 1000000 1000000 1000000 1000000 1000000 1000000 1000000 1000000 1000000 1000000 1000000 
1000000 1000000 1000000 1000000 1000000 1000000 1000000 1000000 1000000 1000000 1000000 1000000 1000000 1000000 1000000 1000000 1000000 1000000 1000000 1000000 1000000 1000000 1000000 1000000 1000000 1000000 1000000 1000000 1000000 1000000 1000000 1000000 1000000 1000000 1000000 1000000 1000000 1000000 1000000 1000000 
1000000 1000000 1000000 1000000 1000000 1000000 1000000 1000000 1000000 1000000 1000000 1000000 1000000 1000000 1000000 1000000 1000000 1000000 1000000 1000000 1000000 1000000 1000000 1000000 1000000 1000000 1000000 1000000 1000000 1000000 1000000 1000000 1000000 1000000 1000000 1000000 1000000 1000000 1000000 1000000 
1000000 1000000 1000000 1000000 1000000 1000000 1000000 1000000 1000000 1000000 1000000 1000000 1000000 1000000 1000000 1000000 1000000 1000000 1000000 1000000 1000000 1000000 1000000 1000000 1000000 1000000 1000000 1000000 1000000 1000000 1000000 1000000 1000000 1000000 1000000 1000000 1000000 1000000 1000000 1000000 
1000000 1000000 1000000 1000000 1000000 1000000 1000000 1000000 1000000 1000000 1000000 1000000 1000000 1000000 1000000 1000000 1000000 1000000 1000000 1000000 1000000 1000000 1000000 1000000 1000000 1000000 1000000 1000000 1000000 1000000 1000000 1000000 1000000 1000000 1000000 1000000 1000000 1000000 1000000 1000000 
1000000 1000000 1000000 1000000 1000000 1000000 1000000 1000000 1000000 1000000 1000000 1000000 1000000 1000000 1000000 1000000 1000000 1000000 1000000 1000000 1000000 1000000 1000000 1000000 1000000 1000000 1000000 1000000 1000000 1000000 1000000 1000000 1000000 1000000 1000000 1000000 1000000 1000000 1000000 1000000 
1000000 1000000 1000000 1000000 1000000 1000000 1000000 1000000 1000000 1000000 1000000 1000000 1000000 1000000 1000000 1000000 1000000 1000000 1000000 1000000 1000000 1000000 1000000 1000000 1000000 1000000 1000000 1000000 1000000 1000000 1000000 1000000 1000000 1000000 1000000 1000000 1000000 1000000 1000000 1000000 
1000000 1000000 1000000 1000000 1000000 1000000 1000000 1000000 1000000 1000000 1000000 1000000 1000000 1000000 1000000 1000000 1000000 1000000 1000000 1000000 1000000 1000000 1000000 1000000 1000000 1000000 1000000 1000000 1000000 1000000 1000000 1000000 1000000 1000000 1000000 1000000 1000000 1000000 1000000 1000000 
1000000 1000000 1000000 1000000 1000000 1000000 1000000 1000000 1000000 1000000 1000000 1000000 1000000 1000000 1000000 1000000 1000000 1000000 1000000 1000000 1000000 1000000 1000000 1000000 1000000 1000000 1000000 1000000 1000000 1000000 1000000 1000000 1000000 1000000 1000000 1000000 1000000 1000000 1000000 1000000 
1000000 1000000 1000000 1000000 1000000 1000000 1000000 1000000 1000000 1000000 1000000 1000000 1000000 1000000 1000000 1000000 1000000 1000000 1000000 1000000 1000000 1000000 1000000 1000000 1000000 1000000 1000000 1000000 1000000 1000000 1000000 1000000 1000000 1000000 1000000 1000000 1000000 1000000 1000000 1000000 
1000000 1000000 1000000 1000000 1000000 1000000 1000000 1000000 1000000 1000000 1000000 1000000 1000000 1000000 1000000 1000000 1000000 1000000 1000000 1000000 1000000 1000000 1000000 1000000 1000000 1000000 1000000 1000000 1000000 1000000 1000000 1000000 1000000 1000000 1000000 1000000 1000000 1000000 1000000 1000000 
1000000 1000000 1000000 1000000 1000000 1000000 1000000 1000000 1000000 1000000 1000000 1000000 1000000 1000000 1000000 1000000 1000000 1000000 1000000 1000000 1000000 1000000 1000000 1000000 1000000 1000000 1000000 1000000 1000000 1000000 1000000 1000000 1000000 1000000 1000000 1000000 1000000 1000000 1000000 1000000 
1000000 1000000 1000000 1000000 1000000 1000000 1000000 1000000 1000000 1000000 1000000 1000000 1000000 1000000 1000000 1000000 1000000 1000000 1000000 1000000 1000000 1000000 1000000 1000000 1000000 1000000 1000000 1000000 1000000 1000000 1000000 1000000 1000000 1000000 1000000 1000000 1000000 1000000 1000000 1000000 
1000000 1000000 1000000 1000000 1000000 1000000 1000000 1000000 1000000 1000000 1000000 1000000 1000000 1000000 1000000 1000000 1000000 1000000 1000000 1000000 1000000 1000000 1000000 1000000 1000000 1000000 1000000 1000000 1000000 1000000 1000000 1000000 1000000 1000000 1000000 1000000 1000000 1000000 1000000 1000000 
1000000 1000000 1000000 1000000 1000000 1000000 1000000 1000000 1000000 1000000 1000000 1000000 1000000 1000000 1000000 1000000 1000000 1000000 1000000 1000000 1000000 1000000 1000000 1000000 1000000 1000000 1000000 1000000 1000000 1000000 1000000 1000000 1000000 1000000 1000000 1000000 1000000 1000000 1000000 1000000 
1000000 1000000 1000000 1000000 1000000 1000000 1000000 1000000 1000000 1000000 1000000 1000000 1000000 1000000 1000000 1000000 1000000 1000000 1000000 1000000 1000000 1000000 1000000 1000000 1000000 1000000 1000000 1000000 1000000 1000000 1000000 1000000 1000000 1000000 1000000 1000000 1000000 1000000 1000000 1000000 
1000000 1000000 1000000 1000000 1000000 1000000 1000000 1000000 1000000 1000000 1000000 1000000 1000000 1000000 1000000 1000000 1000000 1000000 1000000 1000000 1000000 1000000 1000000 1000000 1000000 1000000 1000000 1000000 1000000 1000000 1000000 1000000 1000000 1000000 1000000 1000000 1000000 1000000 1000000 1000000 
1000000 1000000 1000000 1000000 1000000 1000000 1000000 1000000 1000000 1000000 1000000 1000000 1000000 1000000 1000000 1000000 1000000 1000000 1000000 1000000 1000000 1000000 1000000 1000000 1000000 1000000 1000000 1000000 1000000 1000000 1000000 1000000 1000000 1000000 1000000 1000000 1000000 1000000 1000000 1000000 
1000000 1000000 1000000 1000000 1000000 1000000 1000000 1000000 1000000 1000000 1000000 1000000 1000000 1000000 1000000 1000000 1000000 1000000 1000000 1000000 1000000 1000000 1000000 1000000 1000000 1000000 1000000 1000000 1000000 1000000 1000000 1000000 1000000 1000000 1000000 1000000 1000000 1000000 1000000 1000000 
1000000 1000000 1000000 1000000 1000000 1000000 1000000 1000000 1000000 1000000 1000000 1000000 1000000 1000000 1000000 1000000 1000000 1000000 1000000 1000000 1000000 1000000 1000000 1000000 1000000 1000000 1000000 1000000 1000000 1000000 1000000 1000000 1000000 1000000 1000000 1000000 1000000 1000000 1000000 1000000 
1000000 1000000 1000000 1000000 1000000 1000000 1000000 1000000 1000000 1000000 1000000 1000000 1000000 1000000 1000000 1000000 1000000 1000000 1000000 1000000 1000000 1000000 1000000 1000000 1000000 1000000 1000000 1000000 1000000 1000000 1000000 1000000 1000000 1000000 1000000 1000000 1000000 1000000 1000000 1000000 
1000000 1000000 1000000 1000000 1000000 1000000 1000000 1000000 1000000 1000000 1000000 1000000 1000000 1000000 1000000 1000000 1000000 1000000 1000000 1000000 1000000 1000000 1000000 1000000 1000000 1000000 1000000 1000000 1000000 1000000 1000000 1000000 1000000 1000000 1000000 1000000 1000000 1000000 1000000 1000000 
1000000 1000000 1000000 1000000 1000000 1000000 1000000 1000000 1000000 1000000 1000000 1000000 1000000 1000000 1000000 1000000 1000000 1000000 1000000 1000000 1000000 1000000 1000000 1000000 1000000 1000000 1000000 1000000 1000000 1000000 1000000 1000000 1000000 1000000 1000000 1000000 1000000 1000000 1000000 1000000 
1000000 1000000 1000000 1000000 1000000 1000000 1000000 1000000 1000000 1000000 1000000 1000000 1000000 1000000 1000000 1000000 1000000 1000000 1000000 1000000 1000000 1000000 1000000 1000000 1000000 1000000 1000000 1000000 1000000 1000000 1000000 1000000 1000000 1000000 1000000 1000000 1000000 1000000 1000000 1000000 
1000000 1000000 1000000 1000000 1000000 1000000 1000000 1000000 1000000 1000000 1000000 1000000 1000000 1000000 1000000 1000000 1000000 1000000 1000000 1000000 1000000 1000000 1000000 1000000 1000000 1000000 1000000 1000000 1000000 1000000 1000000 1000000 1000000 1000000 1000000 1000000 1000000 1000000 1000000 1000000 
1000000 1000000 1000000 1000000 1000000 1000000 1000000 1000000 1000000 1000000 1000000 1000000 1000000 1000000 1000000 1000000 1000000 1000000 1000000 1000000 1000000 1000000 1000000 1000000 1000000 1000000 1000000 1000000 1000000 1000000 1000000 1000000 1000000 1000000 1000000 1000000 1000000 1000000 1000000 1000000 
1000000 1000000 1000000 1000000 1000000 1000000 1000000 1000000 1000000 1000000 1000000 1000000 1000000 1000000 1000000 1000000 1000000 1000000 1000000 1000000 1000000 1000000 1000000 1000000 1000000 1000000 1000000 1000000 1000000 1000000 1000000 1000000 1000000 1000000 1000000 1000000 1000000 1000000 1000000 1000000 
1000000 1000000 1000000 1000000 1000000 1000000 
<DLL>
0 0 0 0 0 0 0 0 0 0 0 0 0 0 0 0 0 0 0 0 0 0 0 0 0 0 0 0 0 0 0 0 0 0 0 0 0 0 0 0 
0 0 0 0 0 0 0 0 0 0 0 0 0 0 0 0 0 0 0 0 0 0 0 0 0 0 0 0 0 0 0 0 0 0 0 0 0 0 0 0 
0 0 0 0 0 0 0 0 0 0 0 0 0 0 0 0 0 0 0 0 0 0 0 0 0 0 0 0 0 0 0 0 0 0 0 0 0 0 0 0 
0 0 0 0 0 0 0 0 0 0 0 0 0 0 0 0 0 0 0 0 0 0 0 0 0 0 0 0 0 0 0 0 0 0 0 0 0 0 0 0 
0 0 0 0 0 0 0 0 0 0 0 0 0 0 0 0 0 0 0 0 0 0 0 0 0 0 0 0 0 0 0 0 0 0 0 0 0 0 0 0 
0 0 0 0 0 0 0 0 0 0 0 0 0 0 0 0 0 0 0 0 0 0 0 0 0 0 0 0 0 0 0 0 0 0 0 0 0 0 0 0 
0 0 0 0 0 0 0 0 0 0 0 0 0 0 0 0 0 0 0 0 0 0 0 0 0 0 0 0 0 0 0 0 0 0 0 0 0 0 0 0 
0 0 0 0 0 0 0 0 0 0 0 0 0 0 0 0 0 0 0 0 0 0 0 0 0 0 0 0 0 0 0 0 0 0 0 0 0 0 0 0 
0 0 0 0 0 0 0 0 0 0 0 0 0 0 0 0 0 0 0 0 0 0 0 0 0 0 0 0 0 0 0 0 0 0 0 0 0 0 0 0 
0 0 0 0 0 0 0 0 0 0 0 0 0 0 0 0 0 0 0 0 0 0 0 0 0 0 0 0 0 0 0 0 0 0 0 0 0 0 0 0 
0 0 0 0 0 0 0 0 0 0 0 0 0 0 0 0 0 0 0 0 0 0 0 0 0 0 0 0 0 0 0 0 0 0 0 0 0 0 0 0 
0 0 0 0 0 0 0 0 0 0 0 0 0 0 0 0 0 0 0 0 0 0 0 0 0 0 0 0 0 0 0 0 0 0 0 0 0 0 0 0 
0 0 0 0 0 0 0 0 0 0 0 0 0 0 0 0 0 0 0 0 0 0 0 0 0 0 0 0 0 0 0 0 0 0 0 0 0 0 0 0 
0 0 0 0 0 0 0 0 0 0 0 0 0 0 0 0 0 0 0 0 0 0 0 0 0 0 0 0 0 0 0 0 0 0 0 0 0 0 0 0 
0 0 0 0 0 0 0 0 0 0 0 0 0 0 0 0 0 0 0 0 0 0 0 0 0 0 0 0 0 0 0 0 0 0 0 0 0 0 0 0 
0 0 0 0 0 0 0 0 0 0 0 0 0 0 0 0 0 0 0 0 0 0 0 0 0 0 0 0 0 0 0 0 0 0 0 0 0 0 0 0 
0 0 0 0 0 0 0 0 0 0 0 0 0 0 0 0 0 0 0 0 0 0 0 0 0 0 0 0 0 0 0 0 0 0 0 0 0 0 0 0 
0 0 0 0 0 0 0 0 0 0 0 0 0 0 0 0 0 0 0 0 0 0 0 0 0 0 0 0 0 0 0 0 0 0 0 0 0 0 0 0 
0 0 0 0 0 0 0 0 0 0 0 0 0 0 0 0 0 0 0 0 0 0 0 0 0 0 0 0 0 0 0 0 0 0 0 0 0 0 0 0 
0 0 0 0 0 0 0 0 0 0 0 0 0 0 0 0 0 0 0 0 0 0 0 0 0 0 0 0 0 0 0 0 0 0 0 0 0 0 0 0 
0 0 0 0 0 0 0 0 0 0 0 0 0 0 0 0 0 0 0 0 0 0 0 0 0 0 0 0 0 0 0 0 0 0 0 0 0 0 0 0 
0 0 0 0 0 0 0 0 0 0 0 0 0 0 0 0 0 0 0 0 0 0 0 0 0 0 0 0 0 0 0 0 0 0 0 0 0 0 0 0 
0 0 0 0 0 0 0 0 0 0 0 0 0 0 0 0 0 0 0 0 0 0 0 0 0 0 0 0 0 0 0 0 0 0 0 0 0 0 0 0 
0 0 0 0 0 0 0 0 0 0 0 0 0 0 0 0 0 0 0 0 0 0 0 0 0 0 0 0 0 0 0 0 0 0 0 0 0 0 0 0 
0 0 0 0 0 0 0 0 0 0 0 0 0 0 0 0 0 0 0 0 0 0 0 0 0 0 0 0 0 0 0 0 0 0 0 0 0 0 0 0 
0 0 0 0 0 0 0 0 0 0 0 0 0 0 0 0 0 0 0 0 0 0 0 0 0 0 0 0 0 0 0 0 0 0 0 0 0 0 0 0 
0 0 0 0 0 0 0 0 0 0 0 0 0 0 0 0 0 0 0 0 0 0 0 0 0 0 0 0 0 0 0 0 0 0 0 0 0 0 0 0 
0 0 0 0 0 0 0 0 0 0 0 0 0 0 0 0 0 0 0 0 0 0 0 0 0 0 0 0 0 0 0 0 0 0 0 0 0 0 0 0 
0 0 0 0 0 0 0 0 0 0 0 0 0 0 0 0 0 0 0 0 0 0 0 0 0 0 0 0 0 0 0 0 0 0 0 0 0 0 0 0 
0 0 0 0 0 0 0 0 0 0 0 0 0 0 0 0 0 0 0 0 0 0 0 0 0 0 0 0 0 0 0 0 0 0 0 0 0 0 0 0 
0 0 0 0 0 0 0 0 0 0 0 0 0 0 0 0 0 0 0 0 0 0 0 0 0 0 0 0 0 0 0 0 0 0 0 0 0 0 0 0 
0 0 0 0 0 0 0 0 0 0 0 0 0 0 0 0 0 0 0 0 0 0 0 0 0 0 0 0 0 0 0 0 0 0 0 0 0 0 0 0 
0 0 0 0 0 0 0 0 0 0 0 0 0 0 0 0 0 0 0 0 0 0 0 0 0 0 0 0 0 0 0 0 0 0 0 0 0 0 0 0 
0 0 0 0 0 0 0 0 0 0 0 0 0 0 0 0 0 0 0 0 0 0 0 0 0 0 0 0 0 0 0 0 0 0 0 0 0 0 0 0 
0 0 0 0 0 0 0 0 0 0 0 0 0 0 0 0 0 0 0 0 0 0 0 0 0 0 0 0 0 0 0 0 0 0 0 0 0 0 0 0 
0 0 0 0 0 0 0 0 0 0 0 0 0 0 0 0 0 0 0 0 0 0 0 0 0 0 0 0 0 0 0 0 0 0 0 0 0 0 0 0 
0 0 0 0 0 0 0 0 0 0 0 0 0 0 0 0 0 0 0 0 0 0 0 0 0 0 0 0 0 0 0 0 0 0 0 0 0 0 0 0 
0 0 0 0 0 0 0 0 0 0 0 0 0 0 0 0 0 0 0 0 0 0 0 0 0 0 0 0 0 0 0 0 0 0 0 0 0 0 0 0 
0 0 0 0 0 0 0 0 0 0 0 0 0 0 0 0 0 0 0 0 0 0 0 0 0 0 0 0 0 0 0 0 0 0 0 0 0 0 0 0 
0 0 0 0 0 0 
<Vol>
0 0 0 0 0 0 0 0 0 0 0 0 0 0 0 0 0 0 0 0 0 0 0 0 0 0 0 0 0 0 0 0 0 0 0 0 0 0 0 0 
0 0 0 0 0 -45.2778047471733 0 0 0 0 0 0 0 0 0 0 0 0 0 0 0 0 0 0 0 0 0 0 0 0 0 0 0 0 0 0 0 0 0 0 
0 0 0 0 0 0 0 0 0 0 0 0 0 0 0 0 0 0 0 0 0 0 0 0 0 0 0 0 0 0 0 0 0 0 0 0 0 0 0 0 
0 0 0 0 0 0 0 0 0 -6.05707529990948 -18.4391548951969 0 0 0 0 0 0 0 0 0 0 0 0 0 0 0 0 0 0 0 0 0 0 0 0 0 0 0 0 0 
0 0 0 57.9680013656616 0 0 0 0 0 0 0 0 0 0 0 0 0 0 0 0 0 0 0 0 0 0 0 0 0 0 0 0 0 0 0 0 0 17.3408992646168 43.9093530053012 0 
0 0 0 0 0 0 0 0 0 0 0 0 0 0 0 0 0 0 0 0 0 0 0 0 0 0 0 0 0 0 36.1400008201599 54.210000038147 72.2800016403198 18.07000041008 72.2800016403198 18.07000041008 0 0 0 0 
0 0 0 0 0 0 0 0 0 0 0 0 0 0 0 0 0 0 0 0 0 0 0 0 0 0 0 0 0 0 0 0 0 0 0 0 0 0 0 0 
0 0 0 0 0 0 0 0 0 0 0 0 0 0 0 0 0 0 0 0 0 0 0 0 0 0 0 0 0 0 0 0 0 0 0 0 0 0 0 0 
-1.86596120817263 -22.6826674534294 -37.8176754453188 0 0 0 0 0 0 0 0 0 0 0 0 0 0 0 0 0 0 0 0 0 0 0 0 0 0 0 0 0 0 0 0 0 0 0 0 0 
0 0 0 0 0 0 0 0 0 0 0 0 0 0 0 0 0 24.211436702952 0 0 0 0 0 0 0 0 0 0 0 0 0 0 0 0 0 0 0 0 0 0 
0 0 0 0 0 30.9999990463257 48.0000019073486 0 4.35709652403444 0 0 0 20.2089929735168 0 0 0 0 0 0 0 0 0 0 0 0 0 0 0 0 0 0 0 0 0 0 0 0 0 0 0 
0 0 0 0 0 0 0 0 0 0 0 0 0 0 0 0 0 0 0 0 0 0 0 9.00922978931386 0 0 0 0 0 0 0 0 0 0 0 0 0 0 0 0 
0 -22.0144370793844 0 0 0 0 0 0 0 0 0 0 0 0 0 0 0 0 0 0 0 0 0 0 0 0 0 0 0 0 0 0 0 0 0 0 0 0 0 0 
0 0 0 0 0 18.085026112178 24.658344784564 28.6637171607501 -1.20796344838775 0 0 0 0 0 0 0 0 0 0 0 0 0 0 0 0 0 0 0 0 0 0 0 0 0 0 0 0 0 0 0 
0 0 0 0 0 0 0 0 0 0 0 0 0 0 0 0 0 0 0 0 0 0 0 0 0 0 0 0 0 0 0 0 0 0 0 72.2800016403198 0 0 0 0 
36.1400008201599 54.210000038147 18.07000041008 0 0 0 0 0 0 0 0 0 0 0 0 0 0 0 0 0 0 0 0 0 0 0 0 0 0 0 0 0 0 0 0 0 0 0 0 0 
0 0 0 0 0 0 0 0 0 0 0 0 0 0 0 0 0 0 0 0 0 0 0 0 0 0 0 0 0 0 0 0 0 0 0 0 0 0 0 0 
0 0 0 0 0 -32.3171165985629 0 0 0 0 0 0 0 0 0 0 0 0 0 0 0 0 0 0 0 0 0 0 0 0 0 0 0 0 0 0 0 0 0 0 
0 0 0 0 0 0 0 0 0 0 0 0 0 0 0 0 0 0 0 0 0 0 0 0 0 0 0 0 0 0 0 0 0 0 0 0 0 0 0 0 
0 0 0 0 0 0 0 0 0 0 0 0 0 72.2800016403198 0 0 0 0 0 36.1400008201599 0 36.1400008201599 18.07000041008 0 0 0 0 0 0 0 0 0 0 0 0 0 0 0 0 0 
0 0 0 0 0 0 0 0 0 0 0 0 0 0 0 0 0 0 0 0 0 0 0 0 0 0 0 0 0 0 0 0 0 0 0 0 0 0 0 0 
0 0 0 0 0 0 0 0 0 0 12.9162967386941 0 0 0 0 0 0 0 0 0 55.8296924926911 0 0 0 0 0 0 0 0 0 0 0 0 0 0 0 0 0 0 0 
0 0 0 0 0 0 0 0 0 0 0 0 0 0 0 0 0 0 0 0 0 0 0 0 0 0 0 0 0 0 0 0 0 0 0 0 0 0 0 0 
0 0 0 0 0 0 0 0 0 0 0 0 0 0 0 0 0 0 0 0 0 0 0 0 0 0 0 0 0 0 0 0 0 0 0 0 0 0 0 0 
0 0 0 0 0 0 0 0 0 0 0 0 0 0 0 0 0 0 0 0 0 0 0 0 0 0 72.2800016403198 0 0 0 36.1400008201599 54.210000038147 18.07000041008 0 0 0 0 0 0 0 
0 0 0 0 0 0 0 0 0 0 0 0 0 0 0 0 0 0 0 0 0 0 0 0 0 0 0 0 0 0 0 0 0 0 0 0 0 0 0 0 
0 0 0 0 0 0 0 0 0 0 0 0 0 0 0 0 0 0 0 0 0 0 0 0 0 0 0 0 0 0 0 0 0 0 0 0 0 0 0 0 
0 0 0 0 0 0 0 0 0 0 0 0 0 0 0 0 0 0 0 0 0 0 0 0 0 0 0 0 0 0 0 0 0 0 0 0 0 0 0 0 
0 0 0 0 0 0 0 0 0 0 0 0 0 -4.70764729114605 0 18.0678940764855 24789.711565 24789.711565 24789.711565 24789.711565 24789.711565 24789.711565 24789.711565 24789.711565 24789.711565 24789.711565 46.560001373291 46.560001373291 267.929992675781 10.2699995040894 28.989999294281 43.1899976730347 45.3800010681152 25.7299995422363 41.3000011444092 34.1799998283386 34.1799998283386 65.5000019073486 34.1899991035461 57.4200010299683 
36.340000629425 56.8200016021729 57.1199989318848 62.1700000762939 25.5900001525879 31.9600009918213 38.0399990081787 33.1800007820129 17.7600002288818 19.539999961853 29.1499996185303 99.3400001525879 168.06999206543 46.560001373291 46.560001373291 88.9599990844727 91.4700031280518 0 12.960000038147 0 0 0 0 45.8099985122681 58.4700012207031 116.429996490479 52.1000003814697 53.1799983978271 57.6700019836426 270.330009460449 251.660003662109 5.29999971389771 0 0 134.099998474121 251.159992218018 200.020008087158 317.600002288818 317.600002288818 124.750003814697 
209.799995422363 172.299995422363 333.400001525879 0 0 0 34.1499996185303 36.9300007820129 37.6300001144409 285.249996185303 0 24.539999961853 133.739995956421 0 130.950002670288 46.4499998092651 182.630004882812 73.9200019836426 137.980003356934 136.379995346069 135.579996109009 140.319995880127 142.569999694824 149.799995422363 64.3400001525879 145.150003433228 46.9999980926514 242.660007476807 282.600002288818 33.0599999427795 65.8199977874756 83.6499977111816 97.9300022125244 97.6200008392334 163.880004882812 157.559995651245 159.60000038147 46.0099983215332 53.1500005722046 74.689998626709 
58.1599998474121 148.360004425049 39.9000000953674 81.0000038146973 262.819995880127 386.349983215332 247.369995117188 278.050003051758 0 34.300000667572 248.419990539551 29.6700000762939 109.049997329712 29.9300003051758 282.740001678467 292.159996032715 0 0 0 108.420000076294 0 0 18.07000041008 36.1400008201599 36.1400008201599 36.1400008201599 0 0 0 0 0 18.07000041008 108.420000076294 126.490001678467 0 0 0 0 0 0 
0 0 0 0 0 0 0 0 134.860000610352 90.2499961853027 130.39999961853 7.11000025272369 54.8600006103516 91.0099983215332 23.9199995994568 23.4400010108948 12.2200000286102 28.970000743866 27.4799990653992 20.4200005531311 265 254.109992980957 168.06999206543 30.4999995231628 46.560001373291 46.560001373291 88.9599990844727 53.9599990844727 7.03999996185303 103.859996795654 29.3799996376038 65.1900005340576 0 103.269996643066 44.520001411438 187.150001525879 286.140003204346 17.4899995326996 16.8799996376038 72.519998550415 
25.8800005912781 27.7600002288818 69.0500020980835 370.629997253418 30.2699995040894 29.0869998931885 24.4799995422363 34.3600010871887 281.299991607666 20.8200001716614 22.2129988670349 64.4999980926514 185.100002288818 82.5699996948242 21.0820007324219 18.2000005245209 24.5799994468689 23.9400005340576 242.509994506836 29.9399995803833 265.76000213623 680.550003051758 339.819984436035 0 48.9400005340576 32.9399991035461 19.32000041008 1.17549435082229e-37 0 28.4200000762939 168.06999206543 28.1299996376038 46.560001373291 40.1900005340576 42.3299980163574 133.219995498657 138.979997634888 140.670003890991 138.920001983643 132.849998474121 
0 0 140.059995651245 134.689998626709 138.75 144.270000457764 147.559995651245 144.270000457764 139.759998321533 139.180002212524 0 0 87.819995880127 138.159999847412 133.78999710083 391.529998779297 129.420003890991 101.510000228882 138.159999847412 92.5500011444092 133.129997253418 130.109996795654 28.0200004577637 0 129.739999771118 83.0200004577637 160.499992370605 303.199996948242 70.5000019073486 142.5 131.579999923706 133.269996643066 138.579998016357 139.689998626709 141.160001754761 24.6300005912781 80.1900005340576 95.2499961853027 386.180000305176 128.059997558594 
185.419998168945 124.429998397827 276.310005187988 279.88000869751 31.0700011253357 46.9500017166138 31.3700008392334 13.2200002670288 16.6100001335144 24.6300005912781 20.0799989700317 66.6400003433228 269.039993286133 256.690006256104 20.6399989128113 30.5599999427795 110.659999847412 149.390001296997 118.129997253418 59.2999982833862 97.3999977111816 132.489995956421 439.51000213623 241.679992675781 228.950004577637 294.839992523193 388.899993896484 0 122.419996261597 0 209.799995422363 169.200000762939 138.979997634888 417.760009765625 0 0 0 0 0 132.119998931885 
0 138.979997634888 141.660003662109 134.919996261597 133.959999084473 137.469997406006 143.540000915527 302.999992370605 143.540000915527 0 118.599996566772 99.040002822876 377.109985351562 133.369998931885 128.979997634888 101.879997253418 124.60000038147 98.5700035095215 61.8200016021729 0 0 0 27.0499992370605 110.76000213623 10.9700000286102 23.5899996757507 83.6499977111816 65.1999998092651 277.360000610352 266.520004272461 24.0199995040894 56.4400005340576 0 231.079998016357 191.609992980957 50.1000022888184 18.2700002193451 0 40.5900001525879 87.3999977111816 
41.9999980926514 0 53.769998550415 23.6700010299683 23.1500005722046 109.049997329712 191.030006408691 31.489999294281 47.9500007629395 317.169990539551 146.599998474121 280.130004882812 8.86099994182587 14.6800005435944 22.7300000190735 27.0799994468689 0 134.580001831055 0 24.0100002288818 56.4400005340576 46.560001373291 0 0 238.419990539551 202.390003204346 267.929992675781 88.9999961853027 46.3199996948242 55.6599998474121 15.5099999904633 16.4199995994568 101.160001754761 158.769998550415 27.2699999809265 22.6900005340576 168.06999206543 30.7599997520447 38.4299993515015 42.7400016784668 
53.9599990844727 16.2899994850159 21.1299991607666 28.9000010490417 21.5499997138977 39.0100002288818 0 53.2299995422363 99.980001449585 46.25 46.1499977111816 309.449996948242 283.190002441406 19.2700004577637 19.2700004577637 50.0099992752075 26.4000010490417 26.4000010490417 285.410003662109 10.6299996376038 20.5200004577637 75.5299997329712 24.6199989318848 271.690006256104 58.0800008773804 135.780000686646 39.235999584198 134.340000152588 71.9000005722046 98.4200000762939 238.419990539551 131.269998550415 202.390003204346 64.7300004959106 0 28.2800006866455 14.3400001525879 32.4799990653992 139.340000152588 109.049997329712 
23.8299989700317 256.21000289917 267.679996490479 146.829996109009 21.1500000953674 49.0000009536743 
<Pparc>
1 1 1 1 1 1 1 1 1 1 1 1 1 1 1 1 1 1 1 1 1 1 1 1 1 1 1 1 1 1 1 1 1 1 1 1 1 1 1 1 
1 1 1 1 1 1 1 1 1 1 1 1 1 1 1 1 1 1 1 1 1 1 1 1 1 1 1 1 1 1 1 1 1 1 1 1 1 1 1 1 
1 1 1 1 1 1 1 1 1 1 1 1 1 1 1 1 1 1 1 1 1 1 1 1 1 1 1 1 1 1 1 1 1 1 1 1 1 1 1 1 
1 1 1 1 1 1 1 1 1 1 1 1 1 1 1 1 1 1 1 1 1 1 1 1 1 1 1 1 1 1 1 1 1 1 1 1 1 1 1 1 
1 1 1 1 1 1 1 1 1 1 1 1 1 1 1 1 1 1 1 1 1 1 1 1 1 1 1 1 1 1 1 1 1 1 1 1 1 1 1 1 
1 1 1 1 1 1 1 1 1 1 1 1 1 1 1 1 1 1 1 1 1 1 1 1 1 1 1 1 1 1 1 1 1 1 1 1 1 1 1 1 
1 1 1 1 1 1 1 1 1 1 1 1 1 1 1 1 1 1 1 1 1 1 1 1 1 1 1 1 1 1 1 1 1 1 1 1 1 1 1 1 
1 1 1 1 1 1 1 1 1 1 1 1 1 1 1 1 1 1 1 1 1 1 1 1 1 1 1 1 1 1 1 1 1 1 1 1 1 1 1 1 
1 1 1 1 1 1 1 1 1 1 1 1 1 1 1 1 1 1 1 1 1 1 1 1 1 1 1 1 1 1 1 1 1 1 1 1 1 1 1 1 
1 1 1 1 1 1 1 1 1 1 1 1 1 1 1 1 1 1 1 1 1 1 1 1 1 1 1 1 1 1 1 1 1 1 1 1 1 1 1 1 
1 1 1 1 1 1 1 1 1 1 1 1 1 1 1 1 1 1 1 1 1 1 1 1 1 1 1 1 1 1 1 1 1 1 1 1 1 1 1 1 
1 1 1 1 1 1 1 1 1 1 1 1 1 1 1 1 1 1 1 1 1 1 1 1 1 1 1 1 1 1 1 1 1 1 1 1 1 1 1 1 
1 1 1 1 1 1 1 1 1 1 1 1 1 1 1 1 1 1 1 1 1 1 1 1 1 1 1 1 1 1 1 1 1 1 1 1 1 1 1 1 
1 1 1 1 1 1 1 1 1 1 1 1 1 1 1 1 1 1 1 1 1 1 1 1 1 1 1 1 1 1 1 1 1 1 1 1 1 1 1 1 
1 1 1 1 1 1 1 1 1 1 1 1 1 1 1 1 1 1 1 1 1 1 1 1 1 1 1 1 1 1 1 1 1 1 1 1 1 1 1 1 
1 1 1 1 1 1 1 1 1 1 1 1 1 1 1 1 1 1 1 1 1 1 1 1 1 1 1 1 1 1 1 1 1 1 1 1 1 1 1 1 
1 1 1 1 1 1 1 1 1 1 1 1 1 1 1 1 1 1 1 1 1 1 1 1 1 1 1 1 1 1 1 1 1 1 1 1 1 1 1 1 
1 1 1 1 1 1 1 1 1 1 1 1 1 1 1 1 1 1 1 1 1 1 1 1 1 1 1 1 1 1 1 1 1 1 1 1 1 1 1 1 
1 1 1 1 1 1 1 1 1 1 1 1 1 1 1 1 1 1 1 1 1 1 1 1 1 1 1 1 1 1 1 1 1 1 1 1 1 1 1 1 
1 1 1 1 1 1 1 1 1 1 1 1 1 1 1 1 1 1 1 1 1 1 1 1 1 1 1 1 1 1 1 1 1 1 1 1 1 1 1 1 
1 1 1 1 1 1 1 1 1 1 1 1 1 1 1 1 1 1 1 1 1 1 1 1 1 1 1 1 1 1 1 1 1 1 1 1 1 1 1 1 
1 1 1 1 1 1 1 1 1 1 1 1 1 1 1 1 1 1 1 1 1 1 1 1 1 1 1 1 1 1 1 1 1 1 1 1 1 1 1 1 
1 1 1 1 1 1 1 1 1 1 1 1 1 1 1 1 1 1 1 1 1 1 1 1 1 1 1 1 1 1 1 1 1 1 1 1 1 1 1 1 
1 1 1 1 1 1 1 1 1 1 1 1 1 1 1 1 1 1 1 1 1 1 1 1 1 1 1 1 1 1 1 1 1 1 1 1 1 1 1 1 
1 1 1 1 1 1 1 1 1 1 1 1 1 1 1 1 1 1 1 1 1 1 1 1 1 1 1 1 1 1 1 1 1 1 1 1 1 1 1 1 
1 1 1 1 1 1 1 1 1 1 1 1 1 1 1 1 1 1 1 1 1 1 1 1 1 1 1 1 1 1 1 1 1 1 1 1 1 1 1 1 
1 1 1 1 1 1 1 1 1 1 1 1 1 1 1 1 1 1 1 1 1 1 1 1 1 1 1 1 1 1 1 1 1 1 1 1 1 1 1 1 
1 1 1 1 1 1 1 1 1 1 1 1 1 1 1 1 1 1 1 1 1 1 1 1 1 1 1 1 1 1 1 1 1 1 1 1 1 1 1 1 
1 1 1 1 1 1 1 1 1 1 1 1 1 1 1 1 1 1 1 1 1 1 1 1 1 1 1 1 1 1 1 1 1 1 1 1 1 1 1 1 
1 1 1 1 1 1 1 1 1 1 1 1 1 1 1 1 1 1 1 1 1 1 1 1 1 1 1 1 1 1 1 1 1 1 1 1 1 1 1 1 
1 1 1 1 1 1 1 1 1 1 1 1 1 1 1 1 1 1 1 1 1 1 1 1 1 1 1 1 1 1 1 1 1 1 1 1 1 1 1 1 
1 1 1 1 1 1 1 1 1 1 1 1 1 1 1 1 1 1 1 1 1 1 1 1 1 1 1 1 1 1 1 1 1 1 1 1 1 1 1 1 
1 1 1 1 1 1 1 1 1 1 1 1 1 1 1 1 1 1 1 1 1 1 1 1 1 1 1 1 1 1 1 1 1 1 1 1 1 1 1 1 
1 1 1 1 1 1 1 1 1 1 1 1 1 1 1 1 1 1 1 1 1 1 1 1 1 1 1 1 1 1 1 1 1 1 1 1 1 1 1 1 
1 1 1 1 1 1 1 1 1 1 1 1 1 1 1 1 1 1 1 1 1 1 1 1 1 1 1 1 1 1 1 1 1 1 1 1 1 1 1 1 
1 1 1 1 1 1 1 1 1 1 1 1 1 1 1 1 1 1 1 1 1 1 1 1 1 1 1 1 1 1 1 1 1 1 1 1 1 1 1 1 
1 1 1 1 1 1 1 1 1 1 1 1 1 1 1 1 1 1 1 1 1 1 1 1 1 1 1 1 1 1 1 1 1 1 1 1 1 1 1 1 
1 1 1 1 1 1 1 1 1 1 1 1 1 1 1 1 1 1 1 1 1 1 1 1 1 1 1 1 1 1 1 1 1 1 1 1 1 1 1 1 
1 1 1 1 1 1 1 1 1 1 1 1 1 1 1 1 1 1 1 1 1 1 1 1 1 1 1 1 1 1 1 1 1 1 1 1 1 1 1 1 
1 1 1 1 1 1 
<MM>
227 416.099700927734 262.45299911499 515.212799072266 245.998399734497 264.996799468994 283.995199203491 516.220699071884 323.985599040985 278.020698785782 244.006899595261 315.018402099609 403.036804199219 285.08219909668 323.059997558594 107.868202209473 107.868202209473 187.772201538086 267.676200866699 347.580200195312 427.484199523926 159.904602050781 185.922801971436 167.876400947571 143.321201324463 178.774200439453 214.227199554443 249.680198669434 126.86660194397 203.845901250839 174.01200056076 140.940101385117 234.772705078125 361.677207946777 488.58171081543 615.486213684082 141.882001399994 124.875101804733 150.893301725388 313.944201946259 
203.928199768066 294.707405090332 422.835803985596 234.836201667786 250.835201263428 26.9815006256104 45.9799003601074 64.9783000946045 83.9766998291016 102.975099563599 121.973499298096 140.971899032593 60.9952998161316 78.0021994113922 95.0090990066528 894.980295181274 87.9768004417419 148.972100257874 43.988400220871 79.9936995506287 98.9920992851257 81.9851996898651 219.101495742798 123.041498184204 122.087199449539 243 363.016397476196 423.024596214294 303.008198738098 432.099700927734 621.199401855469 278.45299911499 313.90599822998 531.212799072266 548.219698667526 261.998399734497 280.996799468994 304.016098737717 433.107600927353 623.215201854706 
532.220699071884 339.985599040985 338.977699041367 421.167999267578 367.007997512817 305.003998756409 274.997999191284 395.01439666748 455.022595405579 335.006197929382 277.013799190521 294.020698785782 260.006899595261 309.011798381805 292.004898786545 331.018402099609 419.036804199219 507.055206298828 301.08219909668 435.119995117188 339.059997558594 338.105698823929 138.917598724365 125.942299127579 142.949198722839 86.803599357605 80.8290989398956 82.8205990791321 84.8120992183685 112.424999237061 155.232998847961 61.8306992053986 78.8375988006592 137.326995849609 216.164594650269 197.335194587708 156.325395584106 198.343094587326 234.312594890594 233.304694890976 
154.33389544487 232.296794891357 233.386993408203 724.705487251282 587.378491401672 79.9039993286133 16.042799949646 26.0181999206543 44.0091991424561 60.0081987380981 40.0779991149902 391.183596611023 465.275394916534 334.098697900772 118.915597915649 100.086197853088 229.177700042725 395.183596611023 469.275394916534 338.098697900772 156.069995880127 328.290798187256 59.0763988494873 101.094097852707 231.193500041962 230.185600042343 329.298698186874 220.261798381805 221.269698381424 137.063598155975 136.055698156357 200.033996582031 533.367193222046 474.266494512558 343.089797496796 57.0848987102509 128.0964012146 216.114803314209 135.047798156738 540.367193222046 
136.137996673584 183.044998168945 135.183697938919 134.175797939301 528.404897689819 530.207493782043 490.129494667053 273.421394824982 313.499393939972 233.343395709991 112.414001464844 232.43039894104 172.422200202942 147.867000579834 183.319999694824 218.772998809814 254.225997924805 173.43010020256 209.399600505829 208.39170050621 178.557799816132 211.629698991776 244.701598167419 145.485900640488 146.427800655365 163.434700250626 180.441599845886 241.834902524948 129.420901060104 177.549899816513 304.533996582031 208.473999023438 251 269.998399734497 309.08219909668 347.059997558594 189.099700927734 35.4529991149902 99.4489974975586 247 
367.016397476196 427.024596214294 307.008198738098 282.45299911499 317.90599822998 265.998399734497 284.996799468994 308.016098737717 343.985599040985 342.977699041367 371.007997512817 309.003998756409 281.013799190521 298.020698785782 264.006899595261 305.08219909668 439.119995117188 343.059997558594 342.105698823929 58.9332008361816 118.94139957428 94.3861999511719 129.839199066162 165.292198181152 200.745197296143 77.9316005706787 119.949299573898 154.910899877548 125.076999187469 92.0051000118256 92.9470000267029 109.953899621964 126.960799217224 134.873301267624 303.760401725769 75.9401004314423 171.058197975159 154.993198394775 51.9959983825684 51.9959983825684 
131.899997711182 87.4489974975586 87.4489974975586 122.901996612549 70.9943981170654 89.9927978515625 108.99119758606 148.981597423553 147.973697423935 215.984993934631 115.991996765137 135.445996284485 69.002897977829 69.002897977829 86.0097975730896 103.01669716835 120.023596763611 138.005795955658 224.015593528748 189.019295454025 180.031795501709 129.011096715927 139.908896207809 200.002296209335 296.98789525032 198.994396209717 312.986894845963 197.986496210098 148.055995941162 132.905395507812 63.5460014343262 63.5460014343262 142.383600234985 221.221199035645 300.058797836304 183.562398910522 123.554200172424 140.561099767685 268.903999328613 98.9990005493164 
98.9990005493164 134.451999664307 134.451999664307 169.904998779297 124.562100172043 257.517199516296 257.517199516296 255.501399517059 160.531600475311 160.531600475311 159.523700475693 256.509299516678 256.509299516678 129.689799785614 96.6179006099701 97.5598006248474 97.5598006248474 114.566700220108 131.573599815369 161.105802059174 144.098902463913 258.665602684021 80.5529010295868 80.5529010295868 225.299800395966 159.60599899292 288.212799072266 151.964004516602 271.980401992798 211.9722032547 170.962404251099 189.960803985596 248.949603557587 185.977803707123 202.984703302383 219.991602897644 168.970904111862 344.083999633789 248.024002075195 247.06970334053 
18.9983997344971 55.8450012207031 55.8450012207031 134.682600021362 213.520198822021 211.954200744629 211.954200744629 175.861398696899 235.869597434998 115.853199958801 91.2980003356934 91.2980003356934 126.750999450684 162.203998565674 197.656997680664 171.83699798584 378.07159948349 361.064699888229 344.057800292969 344.057800292969 74.8434009552002 74.8434009552002 93.8418006896973 346.801798343658 152.830600261688 151.82270026207 152.912898778915 152.912898778915 343.79479932785 183.820900678635 312.804700136185 89.8588004112244 89.8588004112244 106.865700006485 106.865700006485 123.872599601746 145.703801631927 235.562602043152 72.8519008159637 72.8519008159637 
132.860099554062 150.814800262451 87.9090003967285 172.009399414062 113.927200317383 247.964996337891 247.964996337891 151.904998779297 151.904998779297 182.813000679016 150.950700044632 2.01579999923706 140.933398723602 141.941298723221 139.925498723984 86.6238992214203 27.0260999202728 61.0160987377167 191.115500926971 192.12340092659 190.107600927353 118.007796764374 116.999896764755 196.97859621048 195.970696210861 290.228599071503 291.236499071121 292.24439907074 293.252299070358 294.260199069977 289.220699071884 20.0062997341156 39.0046994686127 213.970000743866 212.962100744247 175.909401655197 181.191699266434 182.199599266052 161.971797466278 160.96389746666 
863.435207843781 864.443107843399 862.427307844162 90.0342020988464 89.0263020992279 96.9855990409851 97.9934990406036 174.948498487473 95.9776990413666 211.015799999237 210.007899999619 34.0797991752625 33.0718991756439 81.0688979625702 97.0678975582123 80.9868006706238 79.9789006710052 128.98379945755 127.975899457932 143.974899053574 316.891902685165 200.591995239258 200.591995239258 260.600193977356 562.896592617035 236.044994354248 271.497993469238 306.950992584229 342.403991699219 505.811693906784 488.804794311523 261.608093976974 296.569694280624 266.735793590546 401.183990478516 418.190890073776 234.605794429779 251.61269402504 217.598894834518 277.607093572617 
253.051893949509 295.561794281006 264.719993591309 265.727893590927 392.711990356445 296.651992797852 164.930297851562 284.946695327759 224.938496589661 183.92869758606 202.927097320557 261.915896892548 198.944097042084 215.950996637344 232.957896232605 181.937197446823 357.05029296875 260.990295410156 260.035996675491 126.904502868652 253.809005737305 380.713508605957 174.901501655579 39.0983009338379 99.106499671936 327.311100006104 251.052501678467 251.052501678467 100.114399671555 136.083899974823 135.075999975204 56.1052005290985 134.068099975586 135.158298492432 6.94099998474121 25.9393997192383 103.926599025726 102.918699026108 23.9478995800018 101.910799026489 
103.000997543335 24.3050003051758 103.142599105835 84.3131990432739 213.40470123291 312.517799377441 43.3034000396729 85.3210990428925 215.420501232147 214.412601232529 313.52569937706 121.290599346161 120.282699346542 41.3118999004364 112.323402404785 200.341804504395 119.274799346924 120.36499786377 167.271999359131 119.410699129105 118.402799129486 498.661496162415 474.356495857239 54.9379997253418 54.9379997253418 114.94619846344 90.390998840332 90.390998840332 73.9363994598389 73.9363994598389 92.9347991943359 111.933198928833 115.954098463058 88.951798915863 88.951798915863 105.958698511124 122.965598106384 71.9448993206024 71.9448993206024 90.9432990550995 
150.997997283936 197.904998779297 159.955997467041 28.0139999389648 17.030699968338 18.0385999679565 46.0049991607666 62.0039987564087 22.9897994995117 101.827398300171 82.9979982376099 311.202598571777 41.9881992340088 84.0058982372284 119.975398540497 118.967498540878 39.9966990947723 117.95959854126 119.049797058105 861.419407844543 160.934000968933 177.940900564194 194.947800159454 211.954699754715 58.6934013366699 162.766201019287 188.784400939941 178.709798812866 118.701600074768 247.793102264404 436.892803192139 94.1464004516602 346.906200408936 363.913100004196 77.691801071167 198.618900060654 119.709500074387 249.808902263641 248.801002264023 347.914100408554 
239.885100603104 233.641899824142 154.671100378036 124.837199687958 91.7653005123138 92.7548012733459 109.785501241684 126.816201210022 143.84690117836 160.877601146698 75.7241013050079 120.697400093079 92.7072005271912 109.714100122452 134.3937022686 302.801203727722 75.7003009319305 146.711803436279 234.730205535889 232.633999824524 174.857799530029 232.939998626709 116.77560043335 154.753398895264 268.671802520752 163.682601928711 201.660400390625 153.799100160599 237 237 357.016397476196 417.024596214294 477.032794952393 537.040993690491 297.008198738098 633.318396568298 272.45299911499 272.45299911499 307.90599822998 525.212799072266 
559.226598262787 576.233497858047 542.219698667526 542.219698667526 525.212799072266 255.998399734497 255.998399734497 274.996799468994 274.996799468994 363.904502868652 299.003998756409 268.997999191284 268.997999191284 1167.04319000244 389.01439666748 389.01439666748 449.022595405579 449.022595405579 329.006197929382 329.006197929382 649.024895906448 406.021296262741 363.019997119904 346.013097524643 458.097700119019 304.450998306274 557.21079826355 574.21769785881 287.996398925781 287.996398925781 306.994798660278 306.994798660278 271.013799190521 271.013799190521 288.020698785782 288.020698785782 305.027598381042 254.006899595261 254.006899595261 391.030196666718 
365.035797119141 559.226598262787 558.218698263168 469.212398052216 650.404097318649 486.219297647476 667.41099691391 460.953397274017 365.983598232269 365.983598232269 364.975698232651 364.975698232651 443.899500846863 443.899500846863 572.00979757309 892.028495550156 286.004898786545 303.011798381805 303.011798381805 320.018697977066 337.025597572327 286.004898786545 445.034803390503 357.016401290894 327.080198287964 461.117994308472 365.057996749878 365.057996749878 364.103698015213 364.103698015213 325.018402099609 413.036804199219 501.055206298828 353.164398193359 411.246597290039 295.08219909668 429.119995117188 429.119995117188 333.059997558594 333.059997558594 
332.105698823929 332.105698823929 31.9979991912842 88.0184020996094 173.940598487854 94.969799041748 207.199996948242 223.198996543884 242.197396278381 261.195796012878 280.194195747375 241.213796138763 258.220695734024 224.206896543503 240.205896139145 257.212795734406 274.219695329666 291.226594924927 415.318991661072 511.378989219666 319.258994102478 207.199996948242 207.199996948242 286.037595748901 443.71279335022 327.216394424438 267.20819568634 302.661194801331 284.215095281601 242.652996063232 278.105995178223 313.558994293213 349.011993408203 512.419695615768 495.412796020508 268.216095685959 399.155395030975 304.185595989227 303.177695989609 273.34379529953 
241.213796138763 258.220695734024 431.406893491745 689.627589225769 896.827586174011 1379.25517845154 224.206896543503 272.335895299911 399.31999206543 303.259994506836 106.419998168945 106.419998168945 141.872997283936 177.325996398926 212.778995513916 248.231994628906 140.481398105621 157.512098073959 174.542798042297 123.450698137283 140.433797359467 157.440696954727 123.426897764206 209 209 209 209 244.45299911499 279.90599822998 315.358997344971 350.811996459961 421.717994689941 333.007997512817 395.011996269226 271.003998756409 243.013799190521 260.020698785782 277.027598381042 311.041397571564 226.006899595261 
367.818896055222 401.119995117188 497.179992675781 305.059997558594 305.059997558594 244 244 364.016397476196 424.024596214294 484.032794952393 544.040993690491 304.008198738098 355.02889752388 640.318396568298 433.099700927734 279.45299911499 279.45299911499 532.212799072266 532.212799072266 583.233497858047 549.219698667526 566.226598262787 549.219698667526 262.998399734497 262.998399734497 281.996799468994 281.996799468994 434.107600927353 533.220699071884 340.985599040985 341.993499040604 306.003998756409 275.997999191284 275.997999191284 1188.04319000244 396.01439666748 396.01439666748 456.022595405579 456.022595405579 336.006197929382 
336.006197929382 311.450998306274 346.903997421265 294.996398925781 313.994798660278 278.013799190521 278.013799190521 295.020698785782 295.020698785782 312.027598381042 261.006899595261 261.006899595261 469.969197273254 372.983598232269 371.975698232651 586.00979757309 310.011798381805 327.018697977066 293.004898786545 293.004898786545 370.967798233032 468.117994308472 372.057996749878 372.057996749878 371.103698015213 371.103698015213 332.018402099609 332.018402099609 420.036804199219 420.036804199219 508.055206298828 508.055206298828 302.08219909668 436.119995117188 436.119995117188 340.059997558594 340.059997558594 339.105698823929 339.105698823929 226 
286.008198738098 244.998399734497 287.016098737717 243.006899595261 322.059997558594 32.0639991760254 32.0639991760254 58.0821990966797 112.124997138977 80.0609979629517 96.0599975585938 78.9710006713867 78.9710006713867 104.989200592041 126.967999458313 142.966999053955 157.942001342773 236.91300201416 315.884002685547 171.092098236084 96.1135988235474 308.363596916199 95.1056988239288 94.0977988243103 150.360000610352 270.376398086548 210.36819934845 169.358400344849 188.356800079346 247.345599651337 184.373799800873 201.380699396133 218.387598991394 334.733800411224 536.114499807358 167.366900205612 342.479995727539 246.419998168945 245.46569943428 118.709999084473 
118.709999084473 198.613998413086 278.517997741699 358.421997070312 154.162998199463 154.162998199463 189.615997314453 189.615997314453 225.068996429443 260.521995544434 260.521995544434 295.974994659424 331.427993774414 137.70839881897 156.706798553467 175.705198287964 232.700397491455 312.681197166443 310.665397167206 406.643096208572 215.695598125458 214.687698125839 311.673297166824 242.71799659729 180.713997840881 152.723798274994 169.730697870255 186.737597465515 203.744497060776 220.751396656036 424.15759563446 135.716898679733 171.169897794724 213.679798126221 176.792198181152 214.769996643066 87.620002746582 166.457601547241 147.62820148468 106.618402481079 
148.636101484299 184.605601787567 183.597701787949 104.626902341843 182.58980178833 183.680000305176 625.291501045227 537.671498298645 98 192.021997928619 209.02889752388 275.264995574951 310.717994689941 161.995998382568 566.528990745544 262.011798381805 148.012798786163 165.019698381424 232.037704467773 532.078698158264 267.490703582764 251.036104202271 270.034503936768 289.032903671265 308.031303405762 346.028102874756 426.008902549744 329.023303508759 330.031203508377 427.016802549362 581.840707778931 756.742209434509 406.939206123352 356.045701980591 294.041703224182 266.051503658295 300.065302848816 498.089208126068 515.096107721329 1132.23361301422 
1064.20601463318 1630.32282114029 1647.32972073555 249.044604063034 386.067901134491 326.059702396393 343.066601991653 360.073501586914 489.077399015427 568.375499725342 348.202102661133 290.119903564453 424.157699584961 520.217697143555 328.097702026367 47.867000579834 63.8660001754761 129.747800350189 64.8739001750946 97.8797993659973 114.886698961258 80.8728997707367 238.028900146484 478.061695098877 538.069893836975 349.057797670364 634.347296714783 273.481899261475 526.24169921875 1086.49719762802 560.255498409271 577.262398004532 543.248598814011 257.027299880981 276.025699615479 295.024099349976 314.022499084473 333.02089881897 352.019298553467 335.014499187469 
364.933403015137 362.036897659302 300.032898902893 270.026899337769 270.026899337769 1170.12989044189 390.043296813965 450.051495552063 450.051495552063 330.035098075867 349.033497810364 368.031897544861 387.030297279358 651.082696199417 918.253200531006 459.126600265503 305.479898452759 340.932897567749 828.266597747803 575.246598005295 558.239698410034 289.025299072266 308.023698806763 327.02209854126 346.020498275757 272.042699337006 289.049598932266 306.056498527527 255.035799741745 551.893696784973 410.960298061371 409.952398061752 460.134500265121 559.247598409653 451.218598604202 632.410297870636 813.60199713707 463.998097419739 367.012498378754 368.020398378372 
366.004598379135 465.005997419357 525.978698253632 398.0027987957 619.829902648926 444.928400993347 332.030898094177 1169.10099029541 574.067597866058 557.060698270798 878.108296394348 895.115195989609 929.12899518013 1199.1558945179 304.04069852829 321.04759812355 338.054497718811 287.033798933029 921.109595537186 446.063703536987 534.082105636597 358.045301437378 364.996698379517 1176.10099029541 386.191297531128 444.273496627808 328.109098434448 462.146894454956 558.20689201355 366.086896896362 555.960897445679 412.993898391724 365.132598161697 414.065704345703 502.084106445312 590.102508544922 326.047302246094 354.193298339844 296.111099243164 430.148895263672 
334.088897705078 65.379997253418 185.396394729614 190.768193244934 125.388195991516 100.832996368408 136.285995483398 171.738994598389 207.191993713379 126.396095991135 259.351195335388 257.335395336151 353.313094377518 162.365596294403 161.357696294785 258.34329533577 256.327495336533 131.523795604706 164.59569478035 99.3937964439392 116.4006960392 133.40759563446 147.766894102097 82.3868968486786 195.371495485306 130.515895605087 257.499992370605 161.439994812012 91.2239990234375 331.25679397583 126.676998138428 162.129997253418 110.222398757935 129.220798492432 148.219198226929 167.217597961426 186.215997695923 205.21439743042 215.231996536255 153.227997779846 
125.237798213959 159.25159740448 193.265396595001 341.699595451355 426.734093427658 619.999490022659 637.00638961792 500.951192855835 108.230898618698 283.343994140625 379.403991699219 187.283996582031 28.0139999389648 17.0068995952606 1.00789999961853 18.0147995948792 16.042799949646 44.0091991424561 2.01579999923706 18.0147995948792 34.0797991752625 80.9868006706238 200.591995239258 28.0139999389648 28.0139999389648 31.9979991912842 278.020698785782 278.020698785782 718.055206298828 107.868202209473 187.772201538086 133.886402130127 275.744603157043 143.321201324463 234.772705078125 231.735404014587 231.735404014587 418.574405670166 247.800403594971 311.796401977539 
294.707405090332 212.857402801514 342.704403877258 358.7034034729 101.960000038147 78.0021994113922 78.0021994113922 78.0021994113922 59.9873998165131 59.9873998165131 59.9873998165131 258.157598495483 666.024596214294 294.020698785782 294.020698785782 320.015098333359 329.022498130798 292.004898786545 74.9216003417969 10.8100004196167 69.6169996261597 69.6169996261597 61.8306992053986 197.335194587708 233.304694890976 601.920585632324 233.386993408203 264.294995307922 280.293994903564 1081.31958913803 975.409190177917 12.0111999511719 696.482985973358 1314.87457084656 366.748528079987 506.46179485321 436.041756277084 660.540944366455 662.342424325943 359.271596193314 
425.622376451492 392.333396434784 705.291223373413 237.847995758057 125.693998336792 195.310997962952 100.086197853088 100.086197853088 100.086197853088 570.492597579956 156.069995880127 78.0747985839844 414.950574073791 402.461397647858 348.320399999619 136.055698156357 491.266292572021 172.085297346115 374.690502426147 419.796386070252 366.214047908783 370.728297710419 385.700527744293 395.546467609406 184.399396896362 417.240528659821 200.033996582031 346.470037412643 403.504736089706 74.0917983055115 146.111200809479 164.126000404358 182.140799999237 310.173595428467 520.752391815186 504.297792434692 502.306292295456 136.137996673584 145.145396471024 172.167595863342 
185.060798168182 403.428798938751 116.160998344421 260.829395771027 1038.11499118805 1970.39518785477 878.160193443298 856.385593414307 198.030000686646 172.422200202942 1016.02420186996 146.427800655365 527.181602478027 144.478000640869 1074.42139434814 1022.55539417267 58.9332008361816 118.94139957428 129.839199066162 237.927996635437 96.9300003051758 154.910899877548 74.9322004318237 92.9470000267029 92.9470000267029 92.9470000267029 366.739200592041 90.997200012207 90.997200012207 123.061199188232 154.993198394775 173.007997989655 263.08199596405 281.096795558929 51.9959983825684 122.901996612549 158.354995727539 151.988995552063 83.9939975738525 99.9929971694946 
86.0097975730896 103.01669716835 182.995396614075 146.965797424316 146.965797424316 200.183994293213 84.0599975585938 392.171989440918 586.886892557144 479.754093647003 542.939092874527 63.5460014343262 221.114000797272 344.668200969696 98.9990005493164 143.091002464294 79.5450010299683 97.5598006248474 159.156002044678 95.6100006103516 1025.55339431763 937.657794952393 483.952605247498 208.959203720093 202.984703302383 202.984703302383 228.97910284996 258.949674888134 55.8450012207031 341.761600494385 115.853199958801 198.163700342178 223.832996368408 361.475675830841 231.531002044678 394.888200759888 635.21280002594 80.9283752441406 82.3245002746582 295.791000366211 
127.835376739502 137.161491943359 483.419006347656 399.48860168457 159.687001228333 159.687001228333 89.8588004112244 106.865700006485 599.161001205444 88.8509004116058 88.8509004116058 150.814800262451 501.592998504639 186.844399452209 87.9090003967285 87.9090003967285 119.972999572754 119.972999572754 546.638399600983 213.787002563477 1017.852394104 1776.21298766136 292.24439907074 693.782183647156 296.569694280624 472.089988708496 216.5909948349 747.766483545303 791.71558380127 232.655994415283 509.885191917419 221.925497055054 215.950996637344 241.945396184921 259.900096893311 373.228690547943 392.605529117584 400.097529220581 399.821404266357 421.430736541748 
362.956894874573 540.658695697784 392.212528991699 372.69421037674 382.163878536224 392.18069021225 411.93746679306 423.720691127777 431.984524726868 401.833021944046 506.309299468994 605.41579914093 368.10449886322 502.087197780609 385.946999073029 2008.51379060745 458.139398097992 420.229898691177 487.944696426392 362.797097921371 443.996896743774 364.067118282318 84.3131990432739 192.292995452881 412.269164276123 174.32709813118 246.386296510696 548.877793550491 176.387899875641 266.461897850037 363.532638111114 365.996398067474 383.019117946625 388.764078121185 414.559118862152 58.318799495697 148.353001594543 262.854598999023 659.180190086365 334.91379737854 
406.972995758057 259.361797332764 1022.34199237823 898.416793823242 114.94619846344 228.809997558594 157.87299823761 70.9369993209839 86.935998916626 88.951798915863 87.9438989162445 217.935598373413 1016.94539260864 965.079392433167 127.957998275757 143.956997871399 521.176995277405 481.027496814728 437.079697132111 143.993298053741 440.304196357727 367.751800060272 1094.36658859253 512.363394737244 425.840355205536 548.392993927002 968.342791080475 379.327477755547 352.562836360931 365.173196077347 425.081520476341 380.220196723938 625.459244251251 969.205390930176 476.080194950104 357.995997428894 201.212597846985 65.7977991104126 381.360593795776 415.953846054077 
1293.57789826393 641.567745685577 391.103316730499 376.693775493622 367.217319889069 372.498777675629 386.703799724579 398.08415555954 418.243800640106 457.983795166016 415.047796010971 633.774076128006 886.195090293884 485.978696346283 369.838497638702 652.045196056366 442.030896663666 404.121397256851 265.807803153992 421.917402267456 598.033798217773 144.309400558472 118.701600074768 217.782997846603 74.692400932312 92.7072005271912 182.741402626038 221.690999984741 1056.73039340973 932.805194854736 268.997999191284 329.006197929382 286.004898786545 321.026597976685 521.125601768494 494.394991874695 207.199996948242 292.815996170044 267.20819568634 545.314190864563 
259.659895658493 323.191993713379 303.177695989609 223.198996543884 223.198996543884 811.539588928223 1356.36238098145 239.263996124268 303.259994506836 1205.2369890213 910.396090507507 1081.31179046631 106.419998168945 122.418997764587 209 240.997999191284 305.059997558594 419.134794712067 435.955398082733 275.997999191284 336.006197929382 295.020698785782 310.011798381805 293.004898786545 1089.99279403687 528.125601768494 932.20320224762 338.969799041748 286.008198738098 322.059997558594 32.0639991760254 78.9710006713867 324.187213005066 617.452490177154 60.0839996337891 60.0839996337891 480.744597434998 207.355199813843 201.380699396133 227.37509894371 
257.345670981884 118.709999084473 134.708998680115 150.707998275757 150.707998275757 147.62820148468 203.611999511719 183.597701787949 452.799606323242 183.680000305176 214.588002204895 1049.62739562988 925.70219707489 129.997999191284 129.997999191284 308.031303405762 264.035703659058 264.035703659058 1075.99230957031 47.867000579834 79.8649997711182 359.059498071671 270.026899337769 1304.09349060059 330.035098075867 482.011596441269 322.055498123169 438.063796758652 368.102696895599 412.089700222015 1072.07949447632 668.165396690369 522.154501914978 330.110898971558 150.99599647522 125.388195991516 81.3789968490601 99.3937964439392 548.95778131485 458.138788223267 
97.4439964294434 1027.38739013672 939.491790771484 301.19419670105 123.221998214722 159.25159740448 
<Awt>
227 107.868202209473 26.9815006256104 243 74.9216003417969 10.8100004196167 137.326995849609 79.9039993286133 12.0111999511719 40.0779991149902 112.414001464844 251 189.099700927734 35.4529991149902 247 58.9332008361816 51.9959983825684 132.905395507812 63.5460014343262 288.212799072266 151.964004516602 18.9983997344971 55.8450012207031 1.00789999961853 200.591995239258 164.930297851562 126.904502868652 178.167999267578 39.0983009338379 6.94099998474121 24.3050003051758 54.9379997253418 95.9599990844727 14.0069999694824 14.0069999694824 22.9897994995117 92.9064025878906 58.6934013366699 237 15.9989995956421 
88.0184020996094 30.9738006591797 207.199996948242 207.199996948242 106.419998168945 209 244 226 32.0639991760254 78.9710006713867 28.0860004425049 150.360000610352 118.709999084473 87.620002746582 98 232.037704467773 47.867000579834 238.028900146484 65.379997253418 91.2239990234375 0 
<A>
1 0 0 0 0 0 0 0 0 0 0 0 0 0 0 0 0 0 0 0 0 0 0 0 0 0 0 0 0 0 0 0 0 0 0 0 0 0 0 0 
0 0 0 0 0 0 0 0 0 0 0 0 0 0 0 0 0 0 0 0 3 1 0 0 0 0 0 0 0 0 0 0 0 1 0 0 0 0 0 0 
0 0 0 0 0 0 0 0 0 0 0 0 0 0 0 0 0 0 0 0 0 0 0 0 0 0 0 0 0 0 0 0 0 0 0 0 0 0 0 0 
0 0 1 0 0 0 0 0 0 0 0 0 0 0 0 1 0 0 0 0 0 0 0 0 0 0 0 0 0 0 0 0 0 0 0 0 0 0 0 0 
0 0 0 0 0 0 0 0 0 0 0 0 0 0 0 0 0 0 0 0 0 0 2 1 0 0 0 0 0 0 0 0 0 0 0 0 0 0 0 0 
0 0 1 0 0 0 0 0 0 0 0 0 0 0 0 0 0 0 0 0 0 0 0 0 0 0 0 0 0 0 0 0 0 0 0 0 0 0 0 0 
0 0 0 -1 1 0 0 0 0 0 0 0 0 0 0 0 0 0 0 0 0 0 0 0 0 1 0 0 0 0 0 0 0 0 0 0 0 0 0 0 
0 0 0 0 0 0 0 0 0 0 0 0 0 0 0 0 0 0 0 0 0 0 0 0 2 1 0 0 0 0 0 0 0 0 0 0 0 0 0 0 
0 0 0 0 0 0 2 0 0 0 0 0 0 0 0 0 0 0 0 0 0 0 0 0 0 0 0 0 0 0 0 0 0 0 0 0 0 0 0 0 
0 0 0 0 0 1 1 0 0 0 0 0 0 0 0 0 0 0 0 0 0 0 0 0 0 0 0 3 0 0 0 0 0 0 0 0 0 0 0 0 
0 0 0 0 0 0 0 0 0 0 0 0 0 0 0 0 0 0 0 0 0 0 0 0 0 0 0 1 0 0 0 0 0 0 0 0 0 0 0 0 
0 0 0 0 0 0 1 0 0 0 1 0 0 0 0 0 0 0 0 0 0 0 0 0 0 0 0 0 0 0 0 0 0 0 0 0 0 0 0 0 
0 0 0 0 0 0 0 0 1 0 0 0 0 0 0 0 0 0 0 0 0 0 0 0 0 0 0 0 0 0 0 2 0 0 0 0 0 0 0 0 
0 0 0 0 0 0 0 4 0 1 0 0 0 0 0 0 0 0 0 0 0 0 0 0 0 0 0 0 2 1 0 0 0 0 0 0 0 0 0 0 
0 0 0 0 0 0 0 0 0 0 0 0 3 0 0 0 0 0 0 0 0 0 0 0 0 0 0 0 3 0 0 0 0 0 0 0 0 0 0 0 
0 0 0 0 0 0 0 0 0 0 1 0 0 0 0 0 0 0 0 0 0 0 0 0 0 0 0 0 0 0 0 0 0 1 0 0 0 0 0 0 
0 0 0 0 0 0 0 0 0 1 0 0 0 0 0 0 0 0 0 0 0 0 0 0 0 0 0 0 0 0 2 1 0 0 0 0 0 0 0 0 
0 0 0 0 0 0 0 0 0 0 0 0 0 0 0 0 0 0 0 0 0 0 0 0 0 0 0 0 0 0 0 1 0 0 0 0 0 0 0 0 
0 0 0 0 0 0 0 0 0 0 0 1 1 0 0 0 0 0 0 0 0 0 0 0 0 0 0 0 0 0 0 0 0 0 0 0 0 0 0 0 
0 0 0 0 0 0 0 0 0 0 0 0 2 0 0 0 0 0 0 0 0 0 0 0 0 0 0 0 0 0 0 0 -1 1 0 0 0 0 0 0 
0 1 0 0 0 0 0 0 0 0 0 0 0 0 0 0 0 0 0 0 0 0 0 0 0 0 1 0 0 0 0 0 0 0 0 0 0 0 0 0 
0 1 0 0 0 0 0 0 0 0 0 0 0 2 1 0 0 0 0 0 0 0 0 0 0 0 0 0 0 0 0 0 0 0 0 0 0 0 0 0 
0 0 0 0 0 0 0 0 0 0 0 0 0 4 0 0 0 0 0 0 0 0 1 0 0 0 0 0 0 0 0 0 0 0 1 0 1 0 0 0 
0 0 0 0 0 0 0 0 0 0 0 0 0 0 0 0 0 0 0 0 0 0 0 0 0 0 0 0 0 0 0 0 0 0 0 0 0 0 0 0 
0 0 0 0 0 0 0 0 0 0 0 0 0 0 0 0 0 1 0 0 0 0 0 0 0 0 0 0 0 0 0 0 0 0 0 0 0 0 0 0 
0 0 0 0 0 0 0 0 0 0 0 0 0 0 0 0 0 0 0 0 0 0 0 0 0 0 0 0 0 0 0 0 0 0 0 0 1 0 1 0 
0 0 0 0 1 0 0 0 0 0 0 0 0 0 0 0 0 0 0 0 0 0 0 0 0 0 0 0 0 0 0 0 0 0 0 0 0 0 0 0 
0 0 0 0 0 0 0 0 0 0 0 0 0 0 0 0 0 0 0 1 0 0 0 0 0 2 0 0 0 0 0 0 0 0 0 0 0 0 0 0 
0 0 0 0 0 0 0 0 0 0 0 0 0 0 0 0 0 0 0 0 0 0 0 0 0 0 0 0 0 0 0 0 0 0 0 0 0 0 -1 0 
1 0 0 0 0 0 3 0 0 0 0 0 0 0 0 0 0 0 0 0 0 0 0 0 0 0 0 0 0 0 0 0 0 0 0 0 0 0 0 0 
0 0 0 0 0 0 0 0 0 0 0 0 0 0 0 0 0 0 0 -2 0 1 0 0 0 0 0 4 0 0 0 0 0 0 0 0 0 0 0 0 
0 0 0 0 0 0 0 0 0 0 0 0 0 0 0 0 0 0 0 0 0 0 0 0 0 0 0 0 0 0 0 0 0 0 0 0 0 0 0 0 
-3 0 1 0 0 0 0 0 0 2 0 0 0 0 0 0 0 0 0 0 0 0 0 0 0 0 0 0 0 0 0 0 0 0 2 0 0 0 0 0 
0 0 0 0 0 0 0 0 0 0 0 0 0 0 0 0 0 0 0 0 0 -1 0 1 0 0 0 0 0 0 3 0 0 0 0 0 0 0 0 0 
0 0 0 0 0 0 0 0 0 0 0 0 0 0 0 3 0 0 0 0 0 0 0 0 0 0 0 0 0 0 0 0 0 0 0 0 0 0 0 0 
0 0 -2 0 1 0 0 0 0 0 0 1 0 0 0 0 0 0 0 0 0 0 0 0 0 0 0 0 0 0 0 0 0 0 0 0 0 0 0 0 
0 0 3 0 0 0 0 0 0 0 0 0 0 0 0 0 0 0 0 0 0 0 0 -1 0 1 0 0 0 0 0 0 0 0 0 0 0 1 0 0 
0 0 0 0 0 0 0 0 0 0 0 0 0 0 0 0 0 0 0 0 0 0 0 0 0 0 0 0 0 0 0 0 0 0 0 0 0 0 0 0 
0 0 0 0 0 0 1 0 0 0 0 0 0 0 0 0 0 0 2 0 0 0 0 0 0 0 0 0 0 0 0 0 0 0 0 0 0 0 0 0 
0 0 0 0 0 0 0 0 0 0 0 0 0 0 0 0 0 0 0 0 0 0 0 0 0 -1 0 1 0 0 0 0 0 0 0 0 0 0 0 3 
0 0 0 0 0 0 0 0 0 0 0 0 0 0 0 0 0 0 0 0 0 0 0 0 0 0 0 0 0 0 0 0 0 0 0 0 0 0 0 0 
0 0 0 0 0 0 -2 0 1 0 0 0 0 0 0 0 0 0 0 0 4 0 0 0 0 0 0 0 0 0 0 0 0 0 0 0 0 0 0 0 
0 0 0 0 0 0 0 0 0 0 0 0 0 0 0 0 0 0 0 0 0 0 0 0 0 0 0 -3 0 1 0 0 0 0 0 0 0 0 0 0 
0 0 0 0 0 0 0 0 0 1 0 0 0 0 0 0 0 0 0 0 0 0 0 0 0 0 0 0 0 0 0 0 0 0 0 0 0 0 0 0 
0 0 0 0 0 0 0 0 0 0 1 0 0 0 0 0 0 0 0 0 0 0 0 0 0 0 0 0 0 0 0 0 1 0 0 0 0 0 0 0 
0 0 0 0 0 0 0 0 4 0 1 0 0 0 0 0 0 0 0 0 0 0 0 0 0 0 0 0 0 -1 0 1 0 0 0 0 0 0 0 0 
0 0 0 0 0 0 0 0 0 0 0 0 0 2 0 0 0 0 0 0 0 0 0 0 0 0 0 0 0 0 0 0 0 0 0 0 0 0 2 0 
0 0 0 0 0 0 0 0 0 0 -1 0 1 0 0 0 0 0 0 0 0 0 0 0 0 0 0 0 0 0 0 0 0 0 1 0 0 0 0 0 
0 0 0 0 0 0 0 0 0 0 0 0 0 0 0 0 0 0 0 1 0 0 0 0 0 0 0 0 0 0 0 0 0 1 0 0 0 0 0 0 
0 0 0 0 0 0 0 0 0 0 0 0 0 0 0 0 0 0 1 0 0 0 0 0 0 0 0 0 0 0 0 0 0 0 0 0 0 0 0 0 
0 0 0 0 0 0 0 0 0 0 0 0 0 0 1 0 0 0 0 0 0 0 0 0 0 0 0 0 0 0 0 0 0 0 0 0 0 0 0 2 
0 0 0 0 0 0 0 0 0 0 0 0 0 0 0 0 0 0 0 0 0 0 0 0 0 0 0 0 0 0 0 0 0 -1 0 1 0 0 0 0 
0 0 0 0 0 0 0 0 0 0 0 0 0 0 0 0 0 0 0 0 3 0 0 0 0 0 0 0 0 0 0 0 0 0 0 0 0 0 0 0 
0 0 0 0 0 0 0 0 0 0 0 0 0 0 -2 0 1 0 0 0 0 0 0 0 0 0 0 0 0 0 0 0 0 0 0 0 0 0 0 0 
0 4 0 0 0 0 0 0 0 0 0 0 0 0 0 0 0 0 0 0 0 0 0 0 0 0 0 0 0 0 0 0 0 0 0 -3 0 1 0 0 
0 0 0 0 0 0 0 0 0 0 0 0 0 0 0 0 0 0 0 2 0 0 0 0 0 0 0 0 0 0 0 0 0 0 0 2 0 0 0 0 
0 0 0 0 0 0 0 0 0 0 0 0 0 0 0 0 -1 0 1 0 0 0 0 0 0 0 0 0 0 0 0 0 0 0 0 0 0 0 0 0 
1 0 0 0 0 0 0 0 0 0 0 0 0 0 0 0 1 0 0 0 0 0 0 0 0 0 0 0 0 0 0 0 0 0 0 0 0 0 0 1 
0 0 0 0 0 0 1 0 0 0 0 0 0 0 0 0 0 0 0 0 0 1 0 0 0 0 0 0 0 0 0 1 0 0 0 0 0 1 0 0 
0 0 0 0 0 0 0 0 0 0 0 0 0 0 0 0 0 0 -1 0 2 0 0 0 0 0 0 0 0 0 0 0 0 0 0 0 0 0 0 0 
0 0 2 0 0 0 0 0 0 0 0 0 0 0 0 0 0 0 0 0 0 0 0 0 0 0 0 3 0 0 0 0 0 0 0 0 0 0 0 -2 
0 1 0 0 0 0 0 0 0 0 0 0 0 0 0 0 0 0 0 0 0 0 0 0 0 0 0 0 0 0 0 0 0 0 0 0 0 0 0 4 
0 0 0 0 0 0 0 0 1 0 0 0 0 0 0 0 0 0 0 0 -1 0 2 0 0 0 0 0 0 0 0 0 0 0 0 0 0 0 0 0 
0 0 0 0 0 0 0 0 0 0 0 0 0 0 0 0 0 0 0 0 0 0 0 0 0 0 0 0 0 0 1 0 0 0 0 0 0 0 0 0 
0 0 0 1 0 0 0 0 0 0 3 0 0 0 0 0 0 0 0 0 0 0 0 0 0 0 0 0 0 0 0 0 0 0 0 3 0 0 0 0 
0 0 0 0 0 0 0 0 0 0 0 3 0 0 0 0 0 0 0 0 0 0 -2 0 1 0 0 0 0 0 0 0 0 0 0 0 0 0 0 0 
0 0 0 0 0 0 0 0 0 0 0 0 0 0 0 0 0 0 0 0 0 0 3 0 0 0 0 0 0 0 0 0 1 0 0 0 0 0 0 0 
0 0 0 -1 0 1 0 0 0 0 0 0 0 0 0 0 0 0 0 0 0 0 0 0 0 0 0 0 0 0 0 0 0 0 0 0 0 0 0 0 
0 0 0 4 0 0 0 0 0 0 0 0 0 1 0 0 0 0 0 0 0 0 0 0 -1 0 0 1 0 0 0 0 0 0 0 0 0 0 0 0 
0 0 0 0 0 0 0 0 0 0 0 0 0 0 0 0 0 0 0 0 0 0 0 0 0 0 0 0 0 0 0 0 0 0 0 0 0 0 0 0 
0 0 0 0 0 3 0 0 1 0 0 0 0 0 0 0 0 0 0 0 0 0 0 0 0 0 0 1 0 0 0 0 0 0 0 0 0 0 0 0 
0 0 0 0 0 0 0 0 0 0 0 0 0 0 0 0 0 0 0 0 0 0 0 0 0 0 2 0 0 1 0 0 0 0 0 0 0 0 0 0 
0 0 0 0 0 0 0 0 2 0 0 0 0 0 0 0 0 0 0 0 0 0 0 0 0 0 0 0 0 0 0 0 0 0 0 0 0 0 0 0 
0 0 0 0 0 0 0 1 0 0 1 0 0 0 0 0 0 0 0 0 0 0 0 0 0 0 0 0 0 3 0 0 0 0 0 0 0 0 0 0 
0 0 0 0 0 0 0 0 0 0 0 0 0 0 0 0 0 0 0 0 0 0 0 0 0 0 0 0 0 0 0 1 0 0 0 0 0 0 0 0 
0 0 0 0 0 0 0 0 0 0 4 0 0 0 0 0 0 0 0 0 0 0 0 0 0 0 0 0 0 0 0 0 0 0 0 0 0 0 0 0 
0 0 0 0 0 0 0 0 0 -1 0 0 1 0 0 0 0 0 0 0 0 0 0 0 0 0 0 0 0 0 0 5 0 0 0 0 0 0 0 0 
0 0 0 0 0 0 0 0 0 0 0 0 0 0 0 0 0 0 0 0 0 0 0 0 0 0 0 0 0 0 -2 0 0 1 0 0 0 0 0 0 
0 0 0 0 0 0 0 0 0 0 0 0 6 0 0 0 0 0 0 0 0 0 0 0 0 0 0 0 0 0 0 0 0 0 0 0 0 0 0 0 
0 0 0 0 0 0 0 0 0 0 0 -3 0 0 1 0 0 0 0 0 0 0 0 0 0 0 0 0 0 0 0 0 0 0 0 2 0 0 0 0 
0 0 0 0 0 0 0 0 0 0 0 2 0 0 0 0 0 0 0 0 0 0 0 0 0 0 0 0 0 0 0 0 1 0 0 1 0 0 0 0 
0 0 0 0 0 0 0 0 0 0 0 0 0 0 0 0 3 0 0 0 0 0 0 0 0 0 0 0 0 0 0 0 3 0 0 0 0 0 0 0 
0 0 0 0 0 0 0 0 0 0 0 0 0 0 0 0 1 0 0 0 0 0 0 0 0 0 0 0 0 0 0 0 0 0 0 0 0 4 0 0 
0 0 0 0 0 0 0 0 0 0 0 0 0 4 0 0 0 0 0 0 0 0 0 0 0 0 0 0 0 0 0 0 0 0 -1 0 0 13 0 0 
0 0 0 0 0 0 0 0 0 0 0 0 0 0 0 0 0 0 32 0 0 0 0 0 0 0 0 0 0 0 0 0 0 0 32 0 0 0 0 0 
0 0 0 0 0 0 0 0 0 0 0 0 0 0 0 7 0 0 2 0 0 0 0 0 0 0 0 0 0 0 0 0 0 0 0 0 0 0 0 2 
0 0 0 0 0 0 0 0 0 0 0 0 0 0 0 2 0 0 0 0 0 0 0 0 0 0 0 0 0 0 0 0 0 0 0 0 4 0 0 3 
0 0 0 0 0 0 0 0 0 0 0 0 0 0 0 0 0 0 0 0 4 0 0 0 0 0 0 0 0 0 0 0 0 0 0 0 4 0 0 0 
0 0 0 0 0 0 0 0 0 0 0 0 0 0 0 0 0 5 0 0 1 0 0 0 0 0 0 0 0 0 0 0 0 0 0 0 0 0 0 0 
0 1 0 0 0 0 0 0 0 0 0 0 0 0 0 0 0 1 0 0 0 0 0 0 0 0 0 0 0 0 0 0 0 0 0 0 0 0 2 0 
0 1 0 0 0 0 0 0 0 0 0 0 0 0 0 0 0 0 0 0 1 0 2 0 0 0 0 0 0 0 0 0 0 0 0 0 0 0 2 0 
0 0 0 0 0 0 0 0 0 0 0 0 0 0 0 0 0 0 0 0 0 0 1 0 0 0 0 0 0 0 0 0 0 0 0 0 0 0 0 0 
0 2 0 2 0 0 0 0 0 0 0 0 0 0 0 0 0 0 0 2 0 0 0 0 0 0 0 0 0 0 0 0 0 0 0 0 0 0 0 0 
-1 0 0 1 0 0 0 0 0 0 0 0 0 0 0 0 0 0 0 0 0 0 2 0 1 0 0 0 0 0 0 0 0 0 0 0 0 0 0 0 
1 0 0 0 0 0 0 0 0 0 0 0 0 0 0 0 0 0 0 0 0 0 0 0 1 0 0 0 0 0 0 0 0 0 0 0 0 0 0 0 
0 0 0 0 0 0 0 0 0 0 0 0 0 0 0 0 0 0 0 0 0 8 0 0 0 0 0 0 0 0 2 0 0 0 0 0 0 0 0 0 
0 0 -1 0 0 1 0 0 0 0 0 0 0 0 0 0 0 0 0 0 0 0 0 0 0 0 0 0 0 0 0 0 0 0 0 0 0 0 0 0 
0 0 4 0 0 0 0 0 0 0 0 1 0 0 0 0 0 0 0 0 0 0 0 1 0 0 1 0 0 0 0 0 0 0 0 0 0 0 0 0 
0 0 0 0 0 0 0 3 0 0 0 0 0 0 0 0 0 0 0 0 0 0 0 4 0 0 0 0 0 0 0 0 0 0 1 0 0 0 0 0 
0 0 0 0 2 0 0 0 1 0 0 0 0 0 0 0 0 0 0 0 0 0 0 0 0 0 0 0 0 0 0 0 0 0 0 0 0 0 0 0 
0 0 0 0 0 0 0 0 0 0 0 0 0 0 0 0 0 0 0 0 0 0 0 0 0 3 0 0 0 1 0 0 0 0 2 0 0 0 0 0 
0 0 0 0 0 0 0 0 0 0 0 0 0 0 0 0 0 0 0 0 0 0 0 0 0 6 0 0 0 0 0 0 0 0 0 0 0 0 0 0 
0 0 0 0 0 0 -1 0 0 0 1 0 0 0 0 3 0 0 0 0 0 0 0 0 0 0 0 0 0 0 0 0 0 0 0 0 0 0 0 0 
0 0 0 0 0 0 9 0 0 0 0 0 0 0 0 0 0 0 0 0 0 0 0 0 0 0 0 -3 0 0 0 1 0 0 0 0 1 0 0 0 
0 0 0 0 0 0 0 0 0 0 0 0 0 0 0 0 0 0 0 0 0 0 0 0 0 0 0 3 0 0 0 0 0 0 0 0 0 0 0 0 
0 0 0 0 0 0 0 0 1 0 0 0 1 0 0 0 0 0 0 0 0 1 0 0 0 0 0 0 0 0 0 0 0 0 0 0 0 0 0 0 
0 0 0 0 0 0 0 0 0 0 0 0 0 0 0 0 0 0 0 0 0 0 0 0 0 0 0 0 0 0 0 0 0 1 0 0 0 0 0 0 
0 0 2 0 0 0 0 0 0 0 0 0 0 0 0 0 0 0 0 0 0 0 0 0 0 0 0 0 0 0 0 0 0 0 0 0 0 0 0 0 
0 0 0 0 0 0 0 0 0 0 -3 0 0 0 1 0 0 0 0 0 0 0 0 0 1 0 0 0 0 0 0 0 0 0 0 0 0 0 0 0 
0 0 0 0 0 0 0 0 0 0 0 0 0 0 0 0 0 0 0 0 0 0 0 0 0 0 0 0 0 0 0 2 0 0 0 1 0 0 0 0 
0 0 0 0 0 2 0 0 0 0 0 0 0 0 0 0 0 0 0 0 0 0 0 0 0 0 0 0 0 0 0 0 0 0 0 0 0 0 0 0 
0 0 0 0 0 0 0 0 0 0 0 0 1 0 0 0 1 0 0 0 0 0 0 0 0 0 0 0 0 0 0 0 1 0 0 0 0 0 0 0 
0 0 0 0 0 0 0 0 0 0 0 0 0 0 0 0 0 0 0 0 0 0 0 0 0 0 0 0 0 0 0 0 0 -1 0 0 0 1 0 0 
0 0 0 0 0 0 0 0 0 0 0 0 0 1 0 0 0 1 0 0 0 0 0 0 0 0 0 0 0 0 0 0 0 1 0 0 0 0 0 0 
0 0 0 0 0 0 0 0 0 0 0 0 0 0 -2 0 0 0 1 0 0 0 0 0 0 0 0 0 0 0 0 0 0 0 0 0 1 0 0 0 
0 0 0 0 0 0 0 0 0 0 0 0 0 0 0 0 0 0 0 0 0 0 0 0 0 0 0 0 0 0 0 0 0 0 0 2 0 0 0 1 
0 0 0 0 0 0 0 0 0 0 0 0 0 0 0 0 0 2 0 0 0 0 0 0 0 0 0 0 0 0 0 0 0 0 0 0 0 0 0 0 
0 0 0 0 0 0 0 0 0 0 0 0 0 0 0 0 1 0 0 0 1 0 0 0 0 1 0 0 0 0 0 0 0 0 0 0 0 0 0 0 
1 0 0 0 0 0 0 0 0 0 0 0 0 0 0 0 3 0 0 0 0 0 0 0 0 0 0 0 0 0 0 0 0 0 0 0 0 2 0 0 
0 1 0 0 0 0 0 0 0 0 1 0 0 0 0 0 0 0 0 0 0 1 0 0 0 0 0 0 0 0 0 0 0 0 0 0 0 0 0 0 
0 0 0 0 0 0 0 0 0 0 0 0 0 0 0 0 0 0 1 0 0 0 1 0 0 0 0 0 0 0 0 2 0 0 0 0 0 0 0 0 
0 0 2 0 0 0 0 0 0 0 0 0 0 0 0 0 0 0 0 0 0 0 0 0 0 0 0 0 0 0 0 0 0 0 0 0 0 0 0 -1 
0 0 0 1 0 0 0 0 0 0 0 0 0 0 0 0 0 0 0 1 0 0 0 1 0 0 0 0 0 0 0 0 0 0 0 0 0 0 0 0 
0 0 0 0 0 0 0 0 0 0 0 0 0 0 0 0 0 0 0 0 0 0 0 0 1 0 0 0 0 0 0 0 0 0 0 0 0 0 0 0 
0 0 0 0 2 0 0 0 0 0 0 0 0 0 0 0 0 0 0 0 4 0 1 0 0 0 0 0 0 0 0 0 0 0 0 0 0 0 0 0 
0 2 0 0 0 1 0 0 0 0 0 0 0 0 0 0 0 0 0 0 0 0 0 0 0 1 0 0 0 0 0 0 0 0 0 0 0 0 0 0 
0 4 0 1 0 0 0 0 0 0 0 0 0 0 0 0 0 0 0 0 0 0 1 0 0 0 1 0 0 0 0 0 0 0 0 0 0 0 0 0 
0 0 0 0 0 0 0 0 0 0 1 0 0 0 0 0 0 0 0 0 0 0 0 0 0 0 0 0 0 0 0 0 0 0 0 0 0 0 0 0 
0 0 0 -1 0 0 0 1 0 0 0 0 0 0 0 0 0 0 0 0 0 0 0 0 0 0 0 0 0 0 0 0 0 0 0 0 0 2 0 0 
0 0 0 6 0 0 0 0 0 0 0 0 0 0 0 0 0 0 0 0 0 0 0 0 1 0 0 0 1 0 0 0 0 0 0 0 0 0 0 0 
0 0 0 0 0 0 0 0 0 0 0 0 0 0 0 0 0 0 1 0 0 0 0 0 3 0 0 0 0 0 0 0 0 0 0 0 0 0 0 0 
0 0 0 0 0 2 0 0 0 1 0 0 0 0 0 0 0 0 0 0 0 0 0 0 0 0 0 0 0 0 0 0 0 0 0 0 0 0 0 0 
0 0 0 0 0 2 0 0 0 0 0 0 0 0 0 0 0 0 0 0 0 0 0 0 0 0 1 0 0 0 1 0 0 0 0 2 0 0 0 0 
0 0 0 0 0 0 0 0 0 0 0 0 0 0 0 0 0 0 0 0 0 0 0 0 0 0 8 0 0 0 0 0 0 0 0 0 0 0 0 0 
0 0 0 0 0 0 0 -3 0 0 0 1 0 0 0 0 3 0 0 0 0 0 0 0 0 0 0 0 0 0 0 0 0 0 0 0 0 0 0 0 
0 0 0 0 0 0 0 11 0 0 0 0 0 0 0 0 0 0 0 0 0 0 0 0 0 0 0 0 -5 0 0 0 1 0 0 0 0 1 0 0 
0 0 0 0 0 0 0 0 0 0 0 0 0 0 0 0 0 0 0 0 0 0 0 0 0 0 0 0 5 0 0 0 0 0 0 0 0 0 0 0 
0 0 0 0 0 0 0 0 0 -1 0 0 0 1 0 0 0 0 0 0 0 0 0 0 0 0 0 0 0 0 0 0 0 2 0 0 0 0 0 0 
0 0 0 0 0 0 0 0 0 2 0 0 0 0 0 0 0 0 0 0 0 0 0 0 0 0 0 0 0 0 1 0 0 0 1 0 0 0 0 0 
0 0 0 0 0 0 0 0 0 0 0 0 0 0 3 0 0 0 0 0 0 0 0 0 0 0 0 0 0 0 3 0 0 0 0 0 0 0 0 0 
0 0 0 0 0 0 0 0 0 0 0 0 0 0 0 1 0 0 0 0 0 0 0 0 0 0 0 0 0 0 0 0 0 0 0 1 0 0 0 0 
0 0 0 0 0 0 0 0 0 0 0 1 0 0 0 0 0 0 0 0 0 0 0 0 0 0 0 0 0 0 0 0 2 0 0 0 1 0 0 0 
0 0 0 0 0 0 0 0 0 0 0 0 0 0 0 0 2 0 0 0 0 0 0 0 0 0 0 0 0 0 0 0 4 0 0 0 0 0 0 0 
0 0 0 0 0 0 0 0 0 0 0 0 0 -1 0 0 0 1 0 0 0 0 0 0 0 0 0 0 0 0 0 0 0 0 0 0 0 1 0 0 
0 0 0 0 0 0 0 0 0 0 0 0 0 3 0 0 0 0 0 0 0 0 0 0 0 0 0 0 0 0 0 0 0 0 0 0 0 0 1 0 
0 0 0 0 0 0 0 0 0 0 0 0 0 0 0 0 0 0 0 0 0 0 0 0 0 0 0 0 0 0 0 0 0 0 0 1 0 0 0 0 
0 0 0 0 0 0 0 0 0 0 0 0 0 0 0 1 0 0 0 1 0 0 0 0 0 0 0 0 0 0 0 0 0 0 0 0 0 0 0 0 
0 0 0 0 0 0 0 0 0 0 0 0 0 0 0 0 2 0 0 0 0 0 0 0 0 0 0 0 0 0 0 0 0 0 0 0 -1 0 0 0 
1 0 0 0 0 0 0 0 0 0 0 0 0 0 0 0 0 0 0 0 0 0 0 0 0 0 0 0 0 0 0 0 0 0 0 0 0 3 0 0 
0 0 0 0 0 0 0 0 0 0 0 0 0 0 0 0 0 -3 0 0 0 1 0 0 0 0 1 0 0 0 0 0 0 0 0 0 0 0 0 0 
0 0 0 0 0 0 0 0 0 0 0 1 0 0 0 0 0 0 0 0 0 0 0 0 0 0 1 0 0 0 0 0 0 0 0 0 0 0 2 0 
0 0 1 0 0 0 0 0 0 0 0 0 0 0 0 0 0 0 0 0 0 0 0 0 0 0 0 0 0 0 0 0 0 0 0 0 0 0 8 0 
0 0 0 0 0 0 0 2 0 0 0 0 0 0 0 0 0 0 0 -1 0 0 0 1 0 0 0 0 0 0 0 0 0 0 0 0 0 0 0 0 
0 0 0 0 0 0 0 0 0 0 0 0 0 0 0 0 0 0 0 4 0 0 0 0 0 0 0 0 1 0 0 0 0 0 0 0 0 0 0 0 
1 0 0 0 1 0 0 0 0 0 0 0 0 0 0 0 0 0 0 0 0 0 0 0 3 0 0 0 0 0 0 0 0 0 0 0 0 0 0 0 
4 0 0 0 0 0 0 0 0 0 0 1 0 0 0 0 0 0 0 0 0 2 0 0 0 0 1 0 0 0 0 0 0 0 0 0 0 0 0 0 
0 0 0 0 0 0 0 0 0 0 0 0 0 0 0 0 0 0 0 0 0 4 0 0 0 0 0 0 0 0 0 0 0 0 0 0 0 0 0 0 
0 0 -3 0 0 0 0 1 0 0 0 0 0 0 0 0 0 0 0 0 0 0 0 0 0 0 3 0 0 0 0 0 0 0 0 0 0 0 0 0 
0 0 3 0 0 0 0 0 0 0 0 0 0 0 0 0 0 0 0 0 0 0 0 0 0 0 0 0 1 0 0 0 0 0 0 0 0 0 0 0 
0 0 0 0 0 0 0 4 0 0 0 0 0 0 0 0 0 0 0 0 0 0 0 4 0 0 0 0 0 0 0 0 0 0 0 0 0 0 0 0 
0 0 0 0 -1 0 0 0 0 0 1 0 0 0 0 0 0 0 0 0 0 0 0 0 0 0 4 0 0 0 0 0 0 0 0 0 0 0 0 0 
0 0 0 0 0 0 0 0 0 0 0 0 0 0 0 0 0 0 0 0 0 0 0 0 0 -1 0 0 0 0 0 1 0 0 0 0 0 0 0 0 
0 0 0 0 0 0 0 1 0 3 0 0 0 0 0 0 0 0 0 0 0 0 0 0 0 3 0 0 0 0 0 0 0 0 0 0 0 0 0 0 
0 0 0 0 0 0 -1 0 0 0 0 0 1 0 0 0 0 0 0 0 0 0 0 0 0 0 0 0 2 0 2 0 0 0 0 0 0 0 0 0 
0 0 0 0 0 0 2 0 0 0 0 0 0 0 0 0 0 0 0 0 0 0 0 0 0 0 0 -1 0 0 0 0 0 1 0 0 0 0 0 0 
0 0 0 0 0 0 0 0 0 3 0 1 0 0 0 0 0 0 0 0 0 0 0 0 0 0 0 1 0 0 0 0 0 0 0 0 0 0 0 0 
0 0 0 0 0 0 0 0 -1 0 0 0 0 0 3 0 0 0 0 0 0 0 0 0 0 0 0 0 0 0 0 0 0 0 0 0 0 0 0 0 
0 0 0 0 0 0 0 0 5 0 0 0 0 0 0 0 0 0 0 0 0 0 0 0 0 0 0 0 0 -1 0 0 0 0 0 4 0 0 0 0 
0 0 0 0 0 0 0 0 0 0 0 0 0 0 0 0 0 0 0 0 0 0 0 0 0 0 0 0 0 7 0 0 0 0 0 0 0 0 0 0 
0 0 0 0 0 0 0 0 0 0 -2 0 0 0 0 0 1 0 0 0 0 0 0 0 0 0 0 0 0 0 0 0 0 0 3 0 0 0 0 0 
0 0 0 0 0 0 0 0 0 0 3 0 0 0 0 0 0 0 0 0 0 0 0 0 0 0 0 0 0 0 0 0 0 0 0 0 0 1 0 0 
0 0 0 0 0 0 0 0 0 0 0 0 0 0 0 4 0 0 0 0 0 0 0 0 0 0 0 0 0 0 0 4 0 0 0 0 0 0 0 0 
0 0 0 0 0 0 0 0 0 0 0 0 -1 0 0 0 0 0 0 1 0 0 0 0 0 0 0 0 0 0 0 0 0 0 0 0 0 0 0 0 
0 0 0 0 0 0 0 0 0 0 0 0 0 0 0 0 0 0 0 0 0 0 0 0 0 0 0 0 0 0 0 0 0 2 0 0 0 0 0 1 
1 0 0 0 0 0 0 0 0 0 0 0 0 0 0 0 0 4 0 0 0 0 0 0 0 0 0 0 0 0 0 0 0 4 0 0 0 0 0 0 
0 0 0 0 0 0 0 0 0 0 0 0 0 0 1 0 0 0 0 0 0 1 0 1 0 0 0 0 0 0 0 0 0 0 0 0 0 0 0 0 
0 0 0 0 0 0 0 0 0 0 0 0 0 0 3 0 0 0 0 0 0 0 0 0 0 0 0 0 0 0 0 0 0 0 0 0 0 0 0 0 
0 0 1 0 0 0 0 0 0 0 0 0 0 0 0 0 0 1 0 0 0 0 0 0 0 0 0 0 0 0 0 0 0 0 0 0 0 0 0 0 
0 0 0 0 0 0 0 0 0 0 0 0 0 0 0 0 1 0 0 0 0 0 0 1 0 1 0 0 0 0 0 0 0 0 0 0 0 0 0 0 
1 0 0 0 0 0 0 0 0 0 0 0 0 0 0 0 3 0 0 0 0 0 0 0 0 0 0 0 0 0 0 0 0 0 0 0 0 1 0 0 
0 0 0 0 1 0 0 0 0 0 0 0 0 0 0 0 0 0 0 0 0 2 0 0 0 0 0 0 0 0 0 0 0 0 0 0 0 4 0 1 
0 0 0 0 0 0 0 0 0 0 0 0 0 0 0 0 0 0 1 0 0 0 0 0 0 1 0 0 0 0 0 0 0 0 0 0 0 0 0 0 
0 0 1 0 0 0 0 0 0 0 0 0 0 0 0 0 0 0 4 0 1 0 0 0 0 0 0 0 0 0 0 0 0 0 0 0 0 0 0 0 
0 0 0 0 0 0 1 0 0 0 0 0 0 0 0 0 0 0 0 0 0 0 0 1 0 0 0 0 0 0 0 0 0 0 0 0 0 0 0 1 
0 0 0 0 0 0 0 0 0 0 0 0 0 0 0 0 0 0 0 0 1 0 0 0 0 0 0 1 0 0 0 0 0 0 0 0 0 0 0 0 
0 0 0 0 0 0 0 0 0 0 0 0 0 0 0 0 0 0 0 0 4 0 1 0 0 0 0 0 0 0 0 0 0 0 0 0 0 0 0 0 
0 -1 0 0 0 0 0 0 1 0 0 0 0 0 0 0 0 0 0 0 0 0 0 0 0 0 0 0 0 0 0 0 0 0 0 0 0 0 0 0 
0 4 0 0 0 0 0 0 0 0 1 0 0 0 0 0 0 0 0 0 0 0 0 0 0 0 0 0 0 2 0 3 0 0 0 0 0 0 0 0 
0 0 0 0 0 0 0 0 0 0 0 0 0 0 0 0 0 0 0 0 0 0 11 0 0 0 0 0 0 0 0 0 0 0 0 0 0 0 0 0 
1 0 0 0 0 0 0 0 0 0 1 0 3 0 0 0 0 0 0 0 0 0 0 0 0 0 0 0 0 0 0 0 0 0 0 0 0 0 0 0 
0 0 0 11 0 0 0 0 0 0 0 0 0 0 0 0 0 0 0 0 0 1 0 0 -2 0 0 0 0 0 0 0 1 0 0 0 0 0 0 0 
0 0 0 0 0 0 0 0 0 0 0 0 0 0 0 0 0 0 0 0 0 0 0 0 0 0 0 0 0 0 0 0 0 0 0 0 0 0 0 0 
0 0 0 0 0 -1 0 0 0 0 0 0 0 0 1 0 0 0 0 0 0 0 0 0 0 0 0 0 0 4 0 0 0 0 0 0 0 0 0 0 
0 0 0 0 0 0 0 0 0 0 0 0 0 0 0 0 0 0 0 0 0 0 0 0 0 0 0 0 0 0 0 0 0 0 0 1 0 0 0 0 
0 0 0 0 0 0 0 0 0 0 0 0 0 0 0 0 0 0 0 0 1 0 0 0 0 0 0 0 0 0 0 0 0 0 0 0 0 0 0 0 
0 0 0 0 0 0 0 -1 0 0 0 0 0 0 0 0 1 0 0 0 0 0 0 0 0 0 0 0 0 0 0 0 0 0 0 0 0 0 0 0 
0 0 0 0 0 0 0 2 0 0 0 0 0 0 0 0 0 0 0 0 0 0 0 0 0 0 0 0 0 0 0 0 0 0 0 0 0 1 0 0 
0 0 0 0 0 0 0 0 0 0 0 0 0 0 0 0 0 0 0 0 0 0 0 0 0 0 0 0 3 0 0 0 0 0 0 0 0 0 0 0 
0 0 0 0 0 0 0 0 0 -2 0 0 0 0 0 0 0 0 0 1 0 0 0 0 0 0 0 0 0 0 0 0 0 0 0 0 0 0 0 0 
0 0 0 0 0 0 0 0 0 0 0 0 0 0 0 0 0 0 0 0 0 0 0 0 0 0 0 0 0 0 2 0 0 0 1 0 0 0 0 0 
2 0 0 0 0 0 0 0 0 0 0 0 0 0 4 0 0 0 0 0 0 0 0 0 0 0 0 0 0 0 4 0 0 0 0 0 0 0 0 0 
0 0 0 0 0 0 0 0 0 0 0 3 0 0 0 1 0 0 0 0 0 3 0 0 0 0 0 0 0 0 0 0 0 0 0 6 0 0 0 0 
0 0 0 0 0 0 0 0 0 0 0 6 0 0 0 0 0 0 0 0 0 0 0 0 0 0 0 0 0 0 0 0 3 0 0 0 1 0 0 0 
0 0 1 0 0 0 0 0 0 0 0 0 0 0 0 0 3 0 0 0 0 0 0 0 0 0 0 0 0 0 0 0 3 0 0 0 0 0 0 0 
0 0 0 0 0 0 0 0 0 0 0 0 0 2 0 0 0 0 0 1 0 0 0 1 0 0 0 0 0 0 0 0 0 0 0 0 0 4 0 0 
0 0 0 0 0 0 0 0 0 0 0 0 0 4 0 0 0 0 0 0 0 0 0 0 0 0 0 0 0 0 0 0 0 0 1 0 0 0 0 0 
0 0 0 1 1 0 0 0 0 0 0 0 0 0 0 0 0 0 0 0 0 0 0 0 0 0 0 0 0 0 0 0 0 0 3 0 0 0 0 0 
0 0 0 0 0 0 0 0 0 0 0 0 0 0 0 0 0 0 0 0 0 0 0 0 0 1 0 0 1 0 0 0 0 0 0 0 0 0 0 0 
0 0 0 0 0 0 0 0 0 0 0 0 0 0 0 0 0 0 0 0 0 0 0 0 0 0 0 0 0 0 0 0 0 0 0 0 -1 0 0 0 
0 0 0 0 0 0 2 0 0 0 0 1 0 0 0 0 0 0 0 0 4 0 0 0 0 0 0 0 0 0 0 0 0 0 0 0 4 0 0 0 
0 0 0 0 0 0 0 0 0 0 0 0 0 0 0 0 0 3 0 0 0 0 0 0 0 0 0 3 0 0 0 0 1 0 0 0 0 0 0 0 
0 6 0 0 0 0 0 0 0 0 0 0 0 0 0 0 0 6 0 0 0 0 0 0 0 0 0 0 0 0 0 0 0 0 0 0 0 0 3 0 
0 0 0 0 0 0 0 0 1 0 0 0 0 1 0 0 0 0 0 0 0 0 3 0 0 0 0 0 0 0 0 0 0 0 0 0 0 0 3 0 
0 0 0 0 0 0 0 0 0 0 0 0 0 0 0 0 0 0 0 2 0 0 0 0 0 0 0 0 0 1 0 0 0 0 0 0 1 0 0 0 
0 0 0 0 0 0 0 0 0 0 0 0 0 0 0 0 0 0 0 4 0 0 0 0 0 0 0 0 0 0 0 0 0 0 0 0 0 0 0 0 
0 0 0 0 0 0 0 0 0 0 1 0 0 0 0 0 0 0 0 0 1 0 0 0 0 0 0 0 0 0 0 0 0 0 0 0 0 0 0 0 
0 0 0 0 0 0 0 0 0 0 0 0 0 0 0 0 0 0 0 0 0 -2 0 0 0 0 0 0 0 0 0 1 0 0 0 0 0 0 0 0 
0 0 0 1 0 0 0 0 0 0 0 0 0 0 0 0 0 0 0 0 0 0 0 0 0 0 0 0 0 0 0 0 0 0 0 0 0 0 0 0 
0 0 1 0 0 0 0 0 0 0 0 1 1 0 0 0 0 0 0 0 0 0 0 0 0 0 1 0 0 0 0 0 0 0 0 0 0 0 0 0 
0 0 3 0 0 0 0 0 0 0 0 0 0 0 0 0 0 0 0 0 0 0 0 1 0 0 0 0 0 0 0 0 0 1 0 0 1 0 0 0 
0 0 0 0 0 0 0 2 0 0 0 0 0 0 0 0 0 0 0 0 0 0 0 0 0 0 0 0 0 0 0 0 0 0 0 0 0 0 0 0 
0 0 0 0 1 0 0 0 0 0 0 0 0 0 1 0 0 1 0 0 0 0 0 0 0 0 0 0 1 0 0 0 0 0 0 0 0 0 0 0 
0 0 0 0 0 0 0 0 0 0 0 0 0 0 0 0 0 0 0 0 0 0 0 0 0 0 0 0 0 0 0 0 0 0 0 1 0 0 0 0 
0 0 0 0 0 1 0 0 0 1 0 0 0 0 0 0 0 0 0 0 0 0 0 0 0 0 0 0 0 0 0 0 0 0 0 0 0 0 0 0 
0 0 0 0 0 0 -1 0 0 0 0 0 0 0 0 0 1 0 0 0 0 0 0 0 0 0 0 0 0 0 2 0 0 0 1 0 0 0 0 0 
0 0 0 0 0 0 0 0 0 0 0 0 0 0 0 0 0 0 0 0 0 0 0 0 0 0 0 0 0 0 0 0 0 0 0 0 0 1 0 0 
0 0 0 0 0 0 0 0 0 0 0 3 0 0 0 1 0 0 0 0 0 0 0 0 0 0 0 0 0 0 0 0 0 0 0 0 0 0 0 0 
0 0 0 0 0 0 0 0 1 0 0 0 0 0 0 0 0 0 1 0 0 0 0 0 0 0 0 0 0 0 0 0 2 0 0 0 0 0 0 0 
0 0 0 0 0 0 0 0 4 0 1 0 0 0 0 0 0 0 0 0 0 0 0 0 0 0 0 0 0 1 0 0 0 0 0 0 0 0 0 1 
0 0 0 0 0 0 0 0 0 0 0 0 0 1 0 0 0 0 0 0 0 0 0 0 0 0 0 0 0 4 0 1 0 0 0 0 0 0 0 0 
0 0 0 0 0 0 0 0 0 0 0 0 0 0 0 0 0 0 0 0 1 0 0 0 0 0 0 0 0 0 0 0 0 0 0 0 0 0 0 0 
0 0 0 1 0 0 0 0 0 0 4 0 0 0 0 0 0 0 0 0 0 0 0 0 0 0 0 0 0 0 0 0 0 0 0 0 0 0 0 0 
0 4 0 0 0 0 0 0 0 0 0 0 0 0 0 8 0 0 0 0 0 0 0 0 0 0 0 0 0 0 1 8 0 0 0 0 0 0 0 0 
0 0 0 0 0 0 0 0 0 0 0 0 4 0 0 0 0 0 0 0 0 0 3 0 0 0 0 0 0 0 0 0 0 0 0 0 5 0 0 0 
0 0 0 0 0 0 0 0 0 0 0 1 7 0 0 0 0 0 0 0 0 0 0 0 0 0 0 0 0 0 0 0 0 2 0 0 0 0 0 0 
0 0 0 1 0 0 0 0 0 0 0 0 0 0 0 0 0 2 0 0 0 0 0 0 0 0 0 0 0 0 0 0 1 4 0 0 0 0 0 0 
0 0 0 0 0 0 0 0 0 0 0 0 0 0 1 0 0 0 0 0 0 0 0 0 1 0 0 0 0 0 0 0 0 0 0 0 0 0 1 0 
0 0 0 0 0 0 0 0 0 0 0 0 0 0 1 0 0 0 0 0 0 0 0 0 0 0 0 0 0 0 0 0 0 0 0 1 0 0 0 0 
0 0 0 0 0 1 0 0 0 0 0 0 0 0 0 0 0 0 0 0 0 0 0 0 0 0 0 0 0 0 0 0 0 0 0 0 1 0 0 0 
0 0 0 0 0 0 0 0 0 0 0 0 0 0 0 0 0 0 0 0 0 0 0 0 0 0 1 0 0 0 0 0 0 0 0 0 0 0 0 0 
0 0 0 0 0 0 0 0 0 0 0 0 0 0 0 0 0 2 0 0 0 0 0 0 0 0 0 0 0 0 0 0 0 0 0 0 0 -2 0 0 
0 0 0 0 0 0 0 1 0 0 0 0 0 0 0 0 0 0 0 0 0 0 0 0 0 0 0 0 0 0 0 0 0 0 0 0 0 4 0 1 
0 0 0 0 0 0 0 0 0 0 0 0 0 0 0 0 0 0 -1 0 0 0 0 0 0 0 0 0 4 0 0 0 0 0 0 0 0 0 0 0 
0 0 8 0 0 0 0 0 0 0 0 0 0 0 0 0 0 0 8 0 0 0 0 0 0 1 0 0 0 0 0 0 0 0 0 0 0 0 0 4 
0 0 0 0 0 0 0 0 0 1 0 0 0 0 0 0 0 0 0 0 0 0 0 0 0 0 0 0 0 0 0 0 0 0 0 0 0 0 0 4 
0 0 0 0 0 0 0 0 1 0 0 0 0 0 0 0 0 0 0 0 0 0 0 0 0 0 0 0 0 0 1 0 0 0 0 0 0 0 0 0 
0 0 0 0 0 0 0 0 0 0 0 0 0 0 0 0 0 0 0 0 4 0 0 0 0 0 0 0 0 0 1 0 0 0 0 0 0 0 0 0 
0 0 0 0 0 0 0 0 0 0 0 1 0 0 0 0 0 0 0 0 0 0 0 0 0 3 0 0 0 0 0 0 0 0 0 0 0 0 0 0 
0 4 0 0 0 0 0 0 0 0 0 0 1 0 0 0 0 0 0 0 0 0 1 0 0 0 0 0 0 0 0 0 1 0 0 0 0 0 0 0 
0 0 0 0 0 0 2 0 0 0 0 0 0 0 0 0 0 0 0 0 0 0 4 0 0 0 0 0 0 0 0 0 0 1 0 0 0 0 0 0 
0 0 0 0 0 0 0 0 0 0 0 0 0 4 0 0 0 0 0 0 0 0 0 0 0 0 0 8 0 0 0 0 0 0 0 0 0 0 0 0 
0 0 0 8 0 0 0 0 0 0 0 0 0 0 0 0 0 0 0 1 0 0 0 0 4 0 0 0 0 0 0 0 0 3 2 0 0 0 0 0 
0 0 0 0 0 0 0 0 0 0 0 0 0 0 0 0 0 0 0 0 0 0 0 0 11 0 0 0 0 0 0 0 0 0 0 0 0 0 0 0 
0 0 1 0 0 0 0 0 0 0 0 0 0 0 3 1 0 0 0 0 0 0 0 0 0 0 0 0 0 0 0 0 0 0 0 0 0 0 0 0 
0 0 0 0 0 11 0 0 0 0 0 0 0 0 0 0 0 0 0 0 0 0 0 1 0 0 -2 0 0 0 0 0 0 0 0 0 2 0 0 0 
0 0 0 0 0 0 0 0 0 0 6 0 0 0 0 0 0 0 0 0 0 0 0 0 0 0 6 0 0 0 0 0 0 0 0 0 0 0 0 0 
0 0 0 0 0 0 1 2 0 0 0 0 0 0 0 0 0 3 0 0 0 0 0 0 0 0 0 0 0 0 0 6 0 0 0 0 0 0 0 0 
0 0 0 0 0 0 0 6 0 0 0 0 0 0 0 0 0 0 0 0 0 0 0 0 0 0 0 1 4 0 0 0 0 0 0 0 0 0 1 0 
0 0 0 0 0 0 0 0 0 0 0 0 6 0 0 0 0 0 0 0 0 0 0 0 0 0 0 0 6 0 0 0 0 0 0 0 0 0 0 0 
0 0 0 0 0 0 0 0 1 0 0 0 0 0 0 0 0 0 0 0 1 0 0 0 0 0 0 0 0 0 0 0 0 0 0 0 0 0 0 0 
0 0 0 0 0 0 0 0 0 0 0 0 0 0 0 0 0 0 0 0 0 0 0 0 0 0 0 0 0 0 2 0 0 0 0 0 0 0 0 2 
0 1 0 0 0 0 0 0 0 0 0 0 0 0 0 0 0 0 0 0 0 0 0 0 0 0 0 0 0 0 6 0 0 0 0 0 0 0 0 0 
0 0 0 0 0 0 0 0 0 0 0 -2 0 0 0 0 0 0 0 0 1 0 1 0 0 0 0 0 0 0 0 0 0 0 0 0 0 0 0 0 
0 0 0 0 0 0 0 0 0 0 0 3 0 0 0 0 0 0 0 0 0 0 0 0 0 0 0 0 0 0 0 0 0 0 0 0 0 0 0 0 
0 0 0 1 0 0 1 0 0 0 0 0 0 0 0 0 0 0 0 0 0 0 0 0 0 0 0 0 0 0 0 0 0 0 0 0 0 0 0 0 
0 0 0 0 0 0 0 0 0 0 0 0 0 1 0 0 0 0 0 0 0 0 0 0 1 0 0 2 0 0 0 0 0 0 0 0 0 0 0 0 
0 0 0 0 0 0 0 0 0 0 0 0 0 0 0 0 0 0 0 0 0 0 0 0 0 0 0 0 0 0 0 0 0 0 0 0 0 0 0 0 
0 0 0 0 0 1 0 0 3 0 0 0 0 0 0 0 0 0 0 0 0 0 0 0 0 0 0 0 0 0 0 0 0 0 0 0 0 0 0 0 
0 0 0 0 0 0 0 0 0 0 0 0 0 0 0 -1 0 0 0 0 0 0 0 0 0 0 1 0 0 4 0 0 0 0 0 0 0 0 0 0 
0 0 0 0 0 0 0 0 0 0 0 0 0 0 0 0 0 0 0 0 0 0 0 0 0 0 0 0 0 0 0 0 0 0 0 0 -2 0 0 0 
0 0 0 0 0 1 0 1 0 0 0 0 0 0 0 0 0 0 0 0 1 0 0 0 0 0 0 0 0 0 0 0 0 0 0 0 3 0 0 0 
0 0 0 0 0 0 0 0 0 0 0 0 0 0 0 0 0 1 0 0 0 0 0 0 0 0 0 0 1 0 0 0 0 0 0 0 0 0 0 0 
0 2 0 0 0 0 0 0 0 0 0 0 0 0 0 0 0 4 0 1 0 0 0 0 0 0 0 0 0 0 0 0 0 0 0 0 0 0 1 0 
0 0 0 0 0 0 0 0 0 1 0 0 0 0 0 0 0 0 0 0 0 0 1 0 0 0 0 0 0 0 0 0 0 0 0 0 0 0 4 0 
1 0 0 0 0 0 0 0 0 0 0 0 0 0 0 0 0 0 0 0 0 0 0 0 0 0 0 0 0 0 1 0 0 0 0 0 0 0 0 0 
0 0 0 2 0 0 0 0 0 0 0 0 0 0 0 0 0 0 0 0 0 0 0 0 0 0 0 0 2 0 0 0 0 0 0 0 0 0 0 0 
0 0 0 0 0 0 0 0 0 0 0 1 0 0 0 0 0 0 0 0 0 0 0 0 3 0 0 0 0 0 0 0 0 0 0 0 0 0 0 0 
0 0 0 0 0 0 0 0 0 3 0 0 0 0 0 0 0 0 0 0 0 -1 0 0 0 0 0 0 0 0 0 0 1 0 0 0 0 0 0 0 
0 0 0 0 0 4 0 0 0 0 0 0 0 0 0 0 0 0 0 0 0 0 0 0 0 0 0 0 0 0 4 0 0 0 0 0 0 0 0 0 
0 0 -2 0 0 0 0 0 0 0 0 0 0 1 0 0 0 0 0 0 0 0 0 0 0 0 1 0 0 0 0 0 0 0 0 0 0 0 0 0 
0 0 0 0 0 0 0 0 0 0 0 1 0 0 0 0 0 0 0 0 0 0 0 1 0 0 0 0 0 0 0 0 0 0 1 0 0 0 0 0 
0 0 0 0 0 0 0 2 0 0 0 0 0 0 0 0 0 0 0 0 0 0 0 2 0 0 0 0 0 0 0 0 0 0 0 0 0 0 0 0 
0 0 0 0 0 0 0 0 0 0 0 0 0 0 0 1 0 0 0 0 0 0 0 0 0 0 0 0 3 0 0 0 0 0 0 0 0 0 0 0 
0 0 0 0 3 0 0 0 0 0 0 0 0 0 0 0 0 0 0 0 0 0 0 0 0 -1 0 0 0 0 0 0 0 0 0 0 1 0 0 0 
0 0 0 0 0 0 0 0 0 4 0 0 0 0 0 0 0 0 0 0 0 0 0 0 0 4 0 0 0 0 0 0 0 0 0 0 0 0 0 0 
0 0 0 0 0 0 -2 0 0 0 0 0 0 0 0 0 0 2 0 0 0 0 0 0 0 0 0 0 0 0 1 0 0 0 0 0 0 0 0 0 
0 0 0 0 0 0 1 0 0 0 0 0 0 0 0 0 0 0 0 0 0 0 0 0 0 0 0 3 0 0 0 0 0 0 0 0 0 0 1 0 
0 0 0 0 0 0 0 0 0 0 0 1 0 0 0 0 0 0 0 0 0 0 0 0 0 0 0 1 0 0 0 0 0 0 0 0 0 0 0 0 
0 0 0 0 0 0 0 0 1 0 0 0 0 0 0 0 0 0 0 1 0 0 0 0 0 0 0 0 0 0 0 0 1 0 0 0 0 0 0 0 
0 0 0 0 0 0 0 0 0 0 0 0 0 0 0 0 0 2 0 0 0 0 0 0 0 0 0 0 0 -1 0 0 0 0 0 0 0 0 0 0 
1 0 0 0 0 0 0 0 0 0 0 0 0 0 0 0 0 0 0 0 0 0 0 0 0 0 0 0 0 8 0 0 0 0 0 0 0 0 2 0 
0 0 0 0 0 0 0 0 0 0 -2 0 0 0 0 0 0 0 0 0 0 1 0 0 0 0 0 0 0 0 0 0 0 0 0 0 0 0 0 0 
0 0 0 0 0 0 0 0 0 0 4 0 0 0 0 0 0 0 0 1 0 0 0 0 0 0 0 0 0 0 0 0 0 0 0 0 0 0 0 0 
0 0 0 1 0 0 0 0 0 0 0 0 0 0 0 0 0 0 0 0 0 0 0 0 0 0 0 0 0 0 0 0 0 0 0 0 0 0 0 0 
0 0 0 0 0 0 0 0 0 0 0 0 3 0 0 0 0 0 0 0 0 0 0 0 1 0 0 0 0 0 0 0 0 0 1 0 0 0 0 0 
0 0 0 0 0 0 0 0 0 0 0 0 0 0 0 0 0 0 0 0 0 0 0 0 0 0 0 0 0 0 0 0 0 2 0 0 0 0 0 0 
0 0 1 0 0 1 0 0 0 0 0 0 0 0 0 0 0 0 0 0 0 0 0 0 0 0 0 1 0 0 0 0 0 0 0 0 0 0 0 0 
0 0 1 0 0 0 0 0 0 0 0 0 0 0 2 0 0 0 0 0 0 0 0 0 0 0 1 0 0 0 0 0 0 0 0 0 0 0 0 0 
0 0 0 0 0 0 0 0 0 0 0 0 0 0 4 0 0 0 0 0 0 0 0 1 0 0 0 0 0 0 0 0 0 0 0 1 0 0 0 0 
0 0 0 0 0 0 0 0 1 0 0 0 0 0 0 0 0 0 0 0 0 0 0 0 0 0 0 0 0 0 0 0 0 0 0 0 0 0 0 0 
0 0 0 0 0 0 0 0 0 0 0 0 0 0 0 0 -3 0 0 0 0 0 0 0 0 0 0 0 0 0 1 0 0 0 0 0 0 0 0 0 
0 0 0 0 0 0 0 0 0 0 0 0 0 0 0 0 0 0 0 0 0 0 0 0 0 0 0 0 0 0 0 0 0 0 0 0 0 -1 0 0 
0 0 0 0 0 0 0 0 0 0 0 1 0 0 0 0 0 0 0 0 0 0 0 0 0 0 0 0 0 0 0 0 0 0 0 0 0 4 0 0 
0 0 0 0 0 0 0 0 0 0 0 0 0 0 0 0 0 0 -1 0 0 0 0 0 0 0 0 0 0 0 0 0 0 1 0 0 0 0 0 0 
0 0 0 0 0 0 0 0 0 0 0 0 0 0 0 0 0 0 0 0 0 0 0 0 0 0 0 0 0 0 0 0 0 0 0 0 0 0 0 3 
0 0 0 0 0 0 0 0 2 0 0 0 0 0 1 0 0 0 0 0 0 0 0 0 0 0 0 0 0 0 0 0 0 0 0 0 0 0 0 6 
0 0 0 0 0 0 0 0 0 0 0 0 0 0 0 0 0 0 0 0 -1 0 0 0 0 0 0 0 0 3 0 0 0 0 0 1 0 0 0 0 
0 0 0 0 0 0 0 0 0 0 0 0 0 0 0 0 0 0 0 0 9 0 0 0 0 0 0 0 0 0 0 0 0 0 0 0 0 0 0 0 
0 -3 0 0 0 0 0 0 0 0 1 0 0 0 0 0 1 0 0 0 0 0 0 0 0 0 0 0 0 0 0 0 0 0 0 0 0 0 0 0 
0 3 0 0 0 0 0 0 0 0 0 0 0 0 0 0 0 0 0 0 0 0 1 0 0 0 0 0 0 0 0 0 0 0 0 0 1 1 0 0 
0 0 0 0 0 0 0 0 0 0 0 0 0 0 0 0 0 0 0 0 0 0 0 0 0 0 0 0 0 0 0 0 0 0 0 0 0 0 0 0 
0 0 0 2 0 0 0 0 0 0 0 0 0 0 0 0 0 2 1 0 0 0 0 0 0 0 0 0 0 0 0 0 0 0 0 0 0 0 0 0 
0 0 0 0 0 0 0 0 0 0 0 0 0 0 0 0 0 0 0 0 0 0 0 0 1 0 0 0 0 0 0 0 0 0 0 0 0 0 0 1 
0 0 0 0 0 0 1 0 0 0 0 0 0 0 0 0 0 0 0 0 0 0 0 0 0 0 0 0 0 0 0 0 0 0 0 0 0 0 0 0 
0 0 0 0 0 2 0 0 0 0 0 0 0 0 0 0 0 0 0 0 1 0 0 0 0 0 0 2 0 0 0 0 0 0 0 0 0 0 0 0 
0 0 0 0 0 0 0 0 0 0 0 0 0 0 0 0 0 0 0 0 0 0 0 0 0 0 1 0 0 0 0 0 0 0 0 1 0 0 0 0 
0 1 0 0 0 0 0 0 0 0 1 0 0 0 0 0 0 0 0 0 0 0 0 0 0 0 3 0 0 0 0 0 0 0 0 0 0 0 0 0 
0 0 0 0 0 0 0 2 0 0 0 0 0 0 0 0 0 0 0 0 0 0 1 0 0 0 0 0 0 0 0 2 0 0 0 0 0 0 0 0 
0 0 0 0 0 0 0 4 0 1 0 0 0 0 0 0 0 0 0 0 0 0 0 0 0 0 0 0 2 0 0 0 0 0 0 0 0 0 0 0 
0 0 0 1 0 0 0 0 0 0 0 0 1 0 0 0 0 0 0 0 0 0 0 0 0 0 0 0 4 0 1 0 0 0 0 0 0 0 0 0 
0 0 0 0 0 0 0 0 0 1 0 0 0 0 0 0 0 0 0 0 0 0 0 0 1 0 0 0 0 0 0 0 0 0 0 0 0 0 0 0 
0 0 0 2 0 0 0 0 0 6 0 0 0 0 0 0 0 0 0 0 0 0 0 0 0 0 0 0 0 0 1 0 0 0 0 0 0 0 0 0 
0 0 0 0 0 1 0 0 0 0 0 0 0 0 0 0 0 0 0 0 0 0 0 0 1 0 0 0 0 0 3 0 0 0 0 0 0 0 0 0 
0 0 0 0 0 0 0 0 0 0 0 2 0 0 0 0 0 0 0 0 0 0 0 0 0 0 1 0 0 0 0 0 0 0 0 2 0 0 0 0 
0 0 0 0 0 0 0 0 0 0 0 2 0 0 0 0 0 0 0 0 0 0 0 0 0 0 0 0 0 0 0 0 1 0 0 0 0 0 0 0 
0 0 0 0 0 0 0 1 0 0 0 0 0 0 0 0 3 0 0 0 0 0 0 0 0 0 0 0 0 0 0 0 3 0 0 0 0 0 0 0 
0 0 0 0 0 0 0 0 0 0 0 0 0 0 0 0 0 0 0 0 0 0 0 0 0 0 0 0 1 0 0 0 0 0 0 0 0 1 0 0 
0 0 0 0 0 0 0 0 0 0 0 0 0 1 0 0 0 0 0 0 0 0 0 0 0 0 0 0 0 0 0 0 0 0 2 0 0 0 0 0 
0 0 0 1 0 0 0 0 0 1 0 0 0 0 0 0 0 0 0 0 0 0 0 0 0 0 0 0 1 0 0 0 0 0 0 0 0 0 0 0 
0 0 0 1 0 0 0 0 0 0 0 0 0 0 0 2 0 0 0 0 0 0 0 0 0 0 0 0 0 0 1 0 0 0 0 0 0 0 0 0 
0 0 0 0 0 0 0 0 0 0 0 0 0 0 0 8 0 0 0 0 0 0 0 0 2 0 0 0 0 0 0 0 0 0 0 0 -1 0 0 0 
0 0 0 0 0 0 0 0 0 0 0 1 0 0 0 0 0 0 0 0 0 0 0 0 0 0 0 0 0 0 0 0 0 0 0 0 4 0 0 0 
0 0 0 0 0 1 0 0 0 0 0 0 0 0 0 0 0 1 0 0 0 0 0 0 0 0 0 0 0 0 0 0 1 0 0 0 0 0 0 0 
0 3 0 0 0 0 0 0 0 0 0 0 0 0 0 0 0 4 0 0 0 0 0 0 0 0 0 0 1 0 0 0 0 0 0 0 0 0 2 0 
0 0 0 0 0 0 0 0 0 0 0 0 0 0 1 0 0 0 0 0 0 0 0 0 0 0 0 0 0 0 0 0 0 0 0 0 0 0 0 0 
0 0 0 0 0 0 0 0 0 0 0 0 0 0 0 0 0 0 0 2 0 0 0 0 0 0 0 0 1 0 0 0 0 0 0 1 0 0 0 0 
0 0 0 0 0 0 0 0 0 0 0 0 0 0 0 0 0 0 0 3 0 0 0 0 0 0 0 0 0 0 0 0 0 0 0 0 0 0 0 0 
0 0 0 0 0 0 0 0 0 0 0 0 0 0 1 0 1 0 0 0 0 0 0 0 0 0 0 0 0 0 0 0 0 0 0 0 0 0 0 0 
0 0 0 0 0 0 0 0 0 0 0 0 0 0 0 0 0 0 0 0 0 1 0 0 0 0 0 0 0 0 0 0 0 0 0 2 0 1 0 0 
0 0 0 0 0 0 0 0 0 0 0 0 0 0 0 0 0 0 0 0 0 0 0 0 0 0 0 0 0 0 0 0 0 0 0 0 0 0 0 0 
0 0 0 0 0 0 0 0 0 0 0 0 0 0 0 0 3 0 1 0 0 0 0 0 0 0 0 0 0 0 0 0 0 0 0 0 0 0 0 0 
0 0 0 0 0 0 0 0 0 0 0 0 0 0 0 0 0 0 0 0 0 0 0 -1 0 0 0 0 0 0 0 0 0 0 0 0 0 4 0 1 
0 0 0 0 0 0 0 0 0 0 0 0 0 0 0 0 0 0 0 0 0 0 0 0 0 0 0 0 0 0 0 0 0 0 0 0 0 0 0 0 
0 0 0 0 -2 0 0 0 0 0 0 0 0 0 0 0 0 0 0 0 1 0 0 0 0 0 1 0 0 0 0 0 0 0 0 0 0 0 0 0 
0 0 0 0 0 0 0 0 0 0 0 0 0 0 0 0 0 0 0 0 0 0 0 0 0 1 0 0 0 0 0 0 0 0 1 0 0 0 0 0 
0 1 0 0 0 0 0 0 0 1 0 0 0 0 0 0 0 0 0 0 0 0 0 0 0 3 0 0 0 0 0 0 0 0 0 0 0 0 0 0 
0 0 0 0 0 0 1 0 0 0 0 0 0 0 0 0 0 0 0 0 0 0 1 0 0 0 0 0 0 0 1 0 0 0 0 0 0 0 0 0 
0 0 0 0 0 0 4 0 1 0 0 0 0 0 0 0 0 0 0 0 0 0 0 0 0 0 0 0 0 0 0 0 0 0 0 0 0 0 0 0 
0 0 0 1 0 0 0 0 0 0 0 2 0 0 0 0 0 0 0 0 0 0 0 0 0 0 0 0 0 0 0 0 0 0 0 0 2 0 0 0 
0 0 0 0 0 0 0 0 0 0 0 0 0 0 0 0 0 0 0 0 0 0 0 0 1 0 0 0 0 0 0 0 1 0 0 0 0 0 0 0 
0 0 0 0 0 0 0 0 0 0 0 0 0 0 0 0 0 1 0 0 0 0 0 0 0 0 0 0 0 1 0 0 0 0 0 0 0 0 0 0 
0 0 0 0 0 1 0 0 0 0 0 0 0 2 0 0 0 0 0 0 0 0 0 0 0 0 0 0 0 2 0 0 0 0 0 0 0 0 0 0 
0 0 0 0 0 0 0 0 0 0 0 0 0 0 0 0 0 0 0 0 0 0 0 0 0 0 1 0 0 0 0 0 0 0 3 0 0 0 0 0 
0 0 0 0 0 0 0 0 0 0 3 0 0 0 0 0 0 0 0 0 0 0 0 0 0 0 0 0 0 0 0 -1 0 0 0 0 0 0 0 0 
0 0 0 0 0 0 0 1 0 0 0 0 0 0 0 4 0 0 0 0 0 0 0 0 0 0 0 0 0 0 0 4 0 0 0 0 0 0 0 0 
0 0 0 0 0 0 0 0 0 0 0 0 -2 0 0 0 0 0 0 0 0 0 0 0 0 0 0 0 2 0 0 0 0 0 0 0 1 0 0 0 
0 0 0 0 0 0 0 0 0 0 0 0 1 0 0 0 0 0 0 0 0 0 0 0 0 0 0 0 0 0 0 0 0 3 0 0 0 0 0 0 
0 0 0 0 0 0 0 0 0 4 0 0 0 0 0 0 0 4 0 0 0 0 0 0 0 0 0 0 0 0 0 0 0 4 0 0 0 0 0 0 
0 0 0 0 0 0 0 0 0 0 0 0 0 0 4 0 0 0 0 0 0 0 0 0 0 0 0 0 0 0 1 0 0 0 0 0 0 0 1 0 
0 0 0 0 0 0 0 0 0 0 0 0 0 0 1 0 0 0 0 0 0 0 0 0 0 0 0 0 0 0 0 0 0 0 0 1 0 0 0 0 
0 0 0 0 0 0 0 0 0 0 0 1 0 0 0 0 0 0 0 0 0 0 0 0 0 0 0 0 0 0 0 0 0 0 0 3 0 0 0 0 
0 0 0 0 2 0 0 0 0 0 0 0 0 0 0 0 0 0 0 0 0 0 0 0 0 0 0 0 0 0 0 0 1 0 0 0 0 0 0 0 
0 0 0 0 0 0 0 0 0 0 0 0 0 0 0 0 4 0 0 0 0 0 0 0 0 1 0 0 0 0 0 0 0 0 0 0 0 0 0 0 
0 0 0 0 0 0 0 0 0 0 0 0 0 0 1 0 0 0 0 0 0 0 0 0 0 0 0 0 0 0 0 0 0 0 0 0 0 0 0 0 
0 0 0 0 0 0 0 0 0 0 0 0 0 0 0 0 0 0 2 0 0 0 0 0 0 0 0 0 0 0 0 0 0 0 0 1 0 0 0 0 
0 0 0 0 0 0 0 0 0 0 0 0 0 0 0 0 0 0 0 0 0 0 0 0 0 0 0 0 0 0 0 0 0 0 0 0 0 0 0 3 
0 0 0 0 0 0 0 1 0 0 0 0 0 0 0 0 1 0 0 0 0 0 0 0 0 0 0 0 0 0 0 0 0 0 0 0 0 0 0 0 
0 0 0 0 0 0 0 0 0 0 0 0 0 0 0 0 0 0 0 0 2 0 0 0 0 0 0 0 0 0 0 0 0 0 1 0 0 1 0 0 
0 0 0 0 0 0 0 0 0 0 0 0 0 0 0 0 0 0 0 0 0 0 0 0 0 0 0 0 0 0 0 0 0 0 0 0 0 0 0 0 
0 1 0 0 0 0 0 0 0 0 0 0 0 0 0 1 0 0 1 0 0 0 0 0 0 0 0 0 0 0 0 0 0 0 0 0 0 0 0 0 
0 0 0 0 0 0 0 0 0 0 0 0 0 0 0 0 0 0 0 0 0 0 2 0 0 0 0 0 0 0 0 0 0 0 0 0 2 0 0 1 
0 0 0 0 0 0 0 0 0 0 0 0 0 0 0 0 0 0 0 0 0 0 0 0 0 0 0 0 0 0 0 0 0 0 0 0 0 0 0 0 
0 0 0 1 0 0 0 0 0 0 0 0 0 0 0 0 0 0 0 0 1 0 0 0 0 1 0 0 0 0 0 0 0 0 0 0 0 0 0 0 
0 0 0 0 0 0 0 0 0 0 0 0 0 0 0 0 0 0 0 0 0 0 0 0 2 0 0 0 0 0 0 0 0 0 0 0 0 0 0 0 
0 1 0 0 0 0 2 0 0 0 0 0 0 0 0 0 0 0 0 0 0 0 0 0 0 0 0 0 0 0 0 0 0 0 0 0 0 0 0 0 
0 0 0 0 0 1 0 0 0 0 0 0 0 0 0 0 0 0 0 0 0 0 1 0 0 0 0 3 0 0 0 0 0 0 0 0 0 0 0 0 
0 0 0 0 0 0 0 0 0 0 0 0 0 0 0 0 0 0 0 0 0 0 0 0 0 0 0 0 0 0 0 0 0 0 0 0 0 0 0 0 
0 0 0 1 0 0 0 0 0 0 2 0 0 0 0 0 0 0 0 0 0 0 0 0 0 0 4 0 1 0 0 0 0 0 0 0 0 0 0 0 
0 0 0 0 0 0 0 2 0 0 0 0 0 0 0 0 0 0 0 0 0 0 0 0 1 0 0 0 0 0 0 1 0 0 0 0 0 0 0 0 
0 0 0 0 0 0 0 4 0 1 0 0 0 0 0 0 0 0 0 0 0 0 0 0 0 0 0 0 1 0 0 0 0 0 0 0 0 0 0 0 
0 0 0 0 0 2 0 0 0 0 0 0 0 0 0 0 0 0 0 0 0 0 0 0 0 0 0 0 7 0 0 0 0 0 0 0 0 0 0 0 
0 0 0 0 0 0 0 0 0 -2 0 0 0 0 0 0 0 0 0 0 0 0 0 0 0 0 1 0 0 0 0 0 0 0 0 0 0 0 0 0 
0 0 0 0 0 0 0 0 0 4 0 0 0 0 0 0 0 0 0 0 0 0 0 0 0 0 0 0 0 0 -2 0 0 0 0 0 0 0 0 0 
0 0 0 0 1 0 0 1 0 0 0 0 0 0 0 0 0 0 0 0 0 0 0 0 0 0 0 0 0 0 3 0 0 0 0 0 0 0 0 0 
0 0 0 0 0 0 0 0 0 0 0 -1 0 0 0 0 0 0 0 0 0 0 0 0 0 0 0 0 1 0 0 0 0 0 0 1 0 0 0 0 
0 0 0 0 0 0 0 0 0 0 0 1 0 0 0 0 0 0 0 0 0 0 0 0 0 0 0 0 0 0 0 0 1 0 0 0 0 0 0 0 
0 0 0 0 0 0 0 0 0 1 0 0 0 0 0 0 1 0 0 0 0 0 0 0 0 0 0 0 0 0 0 0 1 0 0 0 0 0 0 0 
0 0 0 0 0 0 0 0 0 0 0 0 0 2 0 0 0 0 0 0 0 0 0 0 0 0 0 0 0 0 1 0 0 0 0 0 0 2 0 0 
0 0 0 0 0 0 0 0 0 0 0 0 0 2 0 0 0 0 0 0 0 0 0 0 0 0 0 0 0 0 0 0 0 0 1 0 0 0 0 0 
0 0 0 0 0 0 0 0 0 0 0 1 0 0 0 0 0 0 3 0 0 0 0 0 0 0 0 0 0 0 0 0 0 0 3 0 0 0 0 0 
0 0 0 0 0 0 0 0 0 0 0 0 0 0 0 0 0 0 0 0 0 0 0 0 0 0 0 0 0 0 0 0 1 0 0 0 0 0 0 4 
0 0 0 0 0 0 0 0 0 0 0 0 0 0 0 4 0 0 0 0 0 0 0 0 0 0 0 0 0 0 0 0 0 0 0 0 -1 0 0 0 
0 0 0 0 0 0 0 0 0 0 0 0 0 2 0 0 0 0 0 0 2 0 0 0 0 0 0 0 0 0 0 0 0 0 0 0 2 0 0 0 
0 0 0 0 0 0 0 0 0 0 0 0 0 0 0 0 0 4 0 0 0 0 0 0 0 0 0 0 0 0 0 0 0 0 3 0 0 0 0 0 
0 4 0 0 0 0 0 0 0 0 0 0 0 0 0 0 0 4 0 0 0 0 0 0 0 0 0 0 0 0 0 0 0 0 0 0 0 0 5 0 
0 0 0 0 0 0 0 2 0 0 0 0 0 0 0 1 0 0 0 0 0 0 1 0 0 0 0 0 0 0 0 0 0 0 0 0 0 0 7 0 
0 0 0 0 0 0 0 0 0 0 0 0 0 0 0 0 0 0 0 -2 0 0 0 0 0 0 0 0 1 0 0 0 0 0 0 0 1 0 0 0 
0 0 0 4 0 0 0 0 0 0 0 0 0 0 0 0 0 0 0 7 0 0 0 0 0 0 0 0 0 0 0 0 0 0 0 0 0 0 0 0 
-3 0 0 0 0 0 0 0 0 1 0 0 0 0 0 0 0 1 0 0 0 0 0 0 1 0 0 0 0 0 0 0 0 0 0 0 0 0 0 0 
4 0 0 0 0 0 0 0 0 0 0 0 0 0 0 0 0 0 0 0 0 0 0 0 0 0 0 0 0 0 0 0 0 0 0 2 0 0 1 0 
0 0 0 0 0 1 0 0 0 0 0 0 0 0 0 0 0 0 0 0 0 1 0 0 0 0 0 0 0 0 0 0 0 0 0 0 0 0 0 0 
0 0 0 0 0 0 0 0 0 0 0 0 0 0 0 0 0 0 0 1 0 0 0 0 0 0 5 0 0 0 0 0 0 0 0 0 0 0 0 0 
0 0 7 0 1 0 0 0 0 0 0 0 0 0 0 0 0 0 0 0 0 0 0 -1 0 0 0 0 0 0 0 0 0 0 0 0 0 0 0 0 
1 0 0 0 0 0 0 7 0 0 0 0 0 0 0 0 0 0 0 0 0 0 0 11 0 2 0 0 0 0 0 0 0 0 0 0 0 0 0 0 
0 0 0 0 -2 0 0 0 0 0 0 0 0 0 0 0 0 0 0 0 0 1 0 0 0 0 0 0 4 0 0 0 0 0 0 0 0 0 0 0 
0 0 0 0 7 0 1 0 0 0 0 0 0 0 0 0 0 0 0 0 0 0 0 0 0 -2 0 0 0 0 0 0 0 0 0 0 0 0 0 0 
0 0 1 0 0 0 0 0 0 7 0 0 0 0 0 0 0 0 0 0 0 0 0 0 0 12 0 2 0 0 0 0 0 0 0 0 0 0 0 0 
0 0 0 0 0 0 -4 0 0 0 0 0 0 0 0 0 0 0 0 0 0 0 0 1 0 0 0 0 0 0 3 0 0 0 0 0 0 0 0 0 
0 0 0 0 0 0 7 0 1 0 0 0 0 0 0 0 0 0 0 0 0 0 0 0 0 0 0 -3 0 0 0 0 0 0 0 0 0 0 0 0 
0 0 0 0 1 0 0 0 0 0 0 0 0 0 0 0 0 0 0 0 0 0 0 0 0 0 0 4 0 0 0 0 0 0 0 0 1 0 0 0 
0 0 0 0 0 0 0 0 1 0 0 0 0 0 0 0 0 0 0 0 0 0 0 0 0 0 1 0 0 0 0 0 0 0 0 0 0 0 0 0 
0 0 0 0 0 0 0 0 0 0 0 0 0 0 0 0 0 0 0 0 0 0 0 0 0 0 0 0 0 1 0 0 0 0 0 0 0 0 0 0 
0 0 0 0 0 0 0 0 1 0 0 0 0 0 0 0 0 0 0 0 0 0 0 0 0 0 0 0 0 0 0 0 0 0 0 0 0 0 0 0 
0 0 0 0 0 0 0 0 0 0 1 0 0 0 0 0 0 0 0 0 0 0 0 0 0 0 0 0 0 1 0 0 0 0 0 0 0 0 0 0 
0 0 0 0 0 0 0 0 0 0 0 0 0 0 0 0 0 0 0 0 0 0 0 0 0 0 0 0 0 0 0 2 0 0 0 0 0 1 0 0 
0 0 0 0 0 0 0 0 0 0 1 0 0 0 0 4 0 0 0 0 0 0 0 0 0 0 0 0 0 0 0 4 0 0 0 0 0 0 0 0 
0 0 0 0 0 0 0 0 0 0 0 0 1 0 0 0 0 0 2 0 0 0 0 0 0 0 0 0 0 0 0 1 0 0 0 0 8 0 0 0 
0 0 0 0 0 0 0 0 0 0 0 0 8 0 0 0 0 0 0 0 0 0 0 0 0 0 0 0 0 0 0 0 0 0 0 0 0 0 0 3 
0 0 0 0 0 0 0 0 0 0 0 0 1 0 0 0 0 12 0 0 0 0 0 0 0 0 0 0 0 0 0 0 0 12 0 0 0 0 0 0 
0 0 0 0 0 0 0 0 0 0 0 0 0 0 -1 0 0 0 0 0 0 0 0 2 0 0 0 0 0 0 0 0 0 1 0 0 0 0 0 0 
0 0 0 0 0 0 0 0 0 0 0 0 0 0 6 0 0 0 0 0 0 0 0 0 0 0 0 0 0 0 0 0 0 0 0 -2 0 0 0 0 
0 0 0 0 1 0 0 0 0 0 0 0 0 0 1 0 0 0 0 0 0 0 0 0 0 0 0 0 0 0 0 0 0 0 0 3 0 0 0 0 
0 0 0 0 0 0 0 0 0 0 0 0 0 0 0 0 0 0 0 0 0 0 0 0 0 1 0 0 0 0 0 0 0 0 0 1 0 0 0 0 
1 0 0 0 0 0 0 0 0 0 0 0 0 0 0 0 4 0 0 0 0 0 0 0 0 0 0 0 0 0 0 0 0 0 0 0 0 -1 0 0 
0 0 0 0 0 0 0 0 0 0 0 4 0 0 0 0 2 0 0 0 0 0 0 0 0 0 0 0 0 0 0 0 0 0 0 0 0 0 0 0 
0 0 0 0 0 0 0 0 0 0 0 0 0 0 0 0 0 0 -2 0 0 0 0 0 0 0 0 0 0 0 0 0 1 0 0 0 0 1 0 0 
0 0 0 0 0 0 0 0 0 0 0 0 0 0 0 0 0 0 0 0 0 0 0 0 0 0 0 0 0 0 0 0 0 0 0 0 0 0 0 0 
0 0 0 0 0 0 0 0 0 0 0 0 0 1 0 0 0 0 1 0 0 0 0 0 0 0 0 0 0 0 0 0 0 0 0 0 0 0 0 0 
0 0 0 0 0 0 0 0 0 0 0 0 0 0 0 0 0 0 0 0 1 0 0 0 0 0 0 0 0 0 0 0 0 0 2 0 0 0 0 1 
0 0 0 0 0 0 0 0 0 0 0 0 0 0 0 0 0 0 0 0 0 0 0 0 0 0 0 0 0 0 0 0 0 0 0 0 0 0 0 0 
0 0 0 0 0 0 0 0 0 0 0 0 0 0 0 2 0 0 0 0 1 0 0 0 0 0 0 0 0 0 0 0 0 0 0 0 0 0 0 0 
0 0 0 0 0 0 0 0 0 0 0 0 0 0 0 0 0 0 0 0 0 0 -1 0 0 0 0 0 0 0 0 0 0 0 0 0 3 0 0 0 
0 1 0 0 0 0 0 0 0 0 0 0 0 0 0 0 0 0 0 0 0 0 0 0 0 0 0 0 0 0 0 0 0 0 0 0 0 0 0 0 
0 0 0 -2 0 0 0 0 0 0 0 0 1 0 0 0 0 0 0 0 0 0 1 0 0 0 0 1 0 0 0 0 0 0 0 0 0 0 0 0 
0 0 0 3 0 0 0 0 0 0 0 0 0 0 0 0 0 0 0 0 0 0 0 0 1 0 0 0 0 0 0 0 0 0 0 0 0 0 0 0 
0 0 0 1 0 0 0 0 4 0 0 0 0 0 0 0 0 0 0 0 0 0 0 0 8 0 2 0 0 0 0 0 0 0 0 0 0 0 0 0 
0 0 0 0 0 0 0 0 0 0 0 0 0 0 0 0 0 0 0 0 0 0 0 0 1 0 0 0 0 4 0 0 0 0 0 0 0 0 0 0 
0 0 0 0 0 8 0 2 0 0 0 0 0 0 0 0 0 0 0 0 0 0 0 0 0 0 -1 0 0 0 0 0 0 0 0 0 0 0 0 0 
0 0 0 0 0 1 0 0 0 0 2 0 0 0 0 0 0 0 0 0 0 0 0 0 0 0 8 0 2 0 0 0 0 0 0 0 0 0 0 0 
0 0 0 0 0 0 0 -2 0 0 0 0 0 0 0 0 0 0 0 0 0 0 0 0 0 0 1 0 0 0 0 2 0 0 0 0 0 0 0 0 
0 0 0 0 0 0 0 4 0 1 0 0 0 0 0 0 0 0 0 0 0 0 0 0 0 0 0 0 0 0 0 0 0 0 0 0 0 0 0 0 
0 0 0 0 0 0 0 1 0 0 0 0 2 0 0 0 0 0 0 0 0 0 0 0 0 0 0 0 4 0 1 0 0 0 0 0 0 0 0 0 
0 0 0 0 0 0 0 0 0 1 0 0 0 0 0 0 0 0 0 0 0 0 0 0 0 0 0 0 1 0 0 0 0 1 0 0 0 0 0 0 
0 0 0 0 0 0 0 0 0 4 0 1 0 0 0 0 0 0 0 0 0 0 0 0 0 0 0 0 0 0 0 0 0 0 0 0 0 0 0 0 
0 0 0 0 0 0 0 0 0 1 0 0 0 0 3 0 0 0 0 0 0 0 0 0 0 0 0 0 0 0 8 0 2 0 0 0 0 0 0 0 
0 0 0 0 0 0 0 0 0 0 0 -2 0 0 0 0 0 0 0 0 0 0 0 0 0 0 0 0 0 0 1 0 0 0 0 3 0 0 0 0 
0 0 0 0 0 0 0 0 0 0 0 8 0 2 0 0 0 0 0 0 0 0 0 0 0 0 0 0 0 0 0 0 -1 0 0 0 0 0 0 0 
0 0 0 0 0 0 0 0 0 0 0 1 0 0 0 0 2 0 0 0 0 0 0 0 0 0 0 0 0 0 0 0 0 0 0 0 0 0 0 0 
0 2 0 0 0 0 0 0 0 0 0 0 0 -1 0 0 0 0 0 0 0 0 0 0 0 0 0 0 0 0 0 0 1 0 0 0 0 1 0 0 
0 0 0 0 0 0 0 0 0 0 0 0 0 0 0 0 0 0 0 0 0 0 1 0 0 0 0 0 0 0 0 0 0 0 0 0 0 0 0 0 
0 0 0 0 0 0 0 0 0 0 0 0 0 1 0 0 0 0 2 0 0 0 0 0 0 0 0 0 0 0 0 0 0 0 2 0 0 0 0 0 
0 0 0 0 0 0 0 0 0 0 0 0 0 0 0 0 0 0 0 0 0 0 0 0 0 0 0 0 0 0 0 0 0 0 1 0 0 0 0 2 
0 0 0 0 0 0 0 0 0 0 0 0 0 0 0 2 0 0 0 0 0 0 0 0 0 0 0 0 0 0 0 0 0 0 0 0 -1 0 0 0 
0 0 0 0 0 0 0 0 0 0 0 0 0 0 0 1 0 0 0 0 3 0 0 0 0 0 0 0 0 0 0 0 0 0 0 0 3 0 0 0 
0 0 0 0 0 0 0 0 0 0 0 0 0 0 0 0 0 -1 0 0 0 0 0 0 0 0 0 0 0 0 0 0 0 0 0 0 1 0 0 0 
0 4 0 0 0 0 0 0 0 0 0 0 0 0 0 0 0 4 0 0 0 0 0 0 0 0 0 0 0 0 0 0 0 0 0 0 0 0 -2 0 
0 0 0 0 0 0 0 0 0 0 0 0 0 0 0 0 0 2 0 0 0 0 2 0 0 0 0 0 0 0 0 0 0 0 0 0 0 0 2 0 
0 0 0 0 0 0 0 0 0 0 0 0 0 0 0 0 0 0 0 2 0 0 0 0 0 0 0 0 0 0 0 0 0 0 0 0 0 0 2 0 
0 0 0 1 0 0 0 0 0 0 0 0 0 0 0 0 0 0 0 1 0 0 0 0 0 0 0 0 0 0 0 0 0 0 0 0 0 0 0 0 
3 0 0 0 0 0 0 0 0 0 0 0 0 0 0 0 0 0 0 3 0 0 0 0 4 0 0 0 0 0 0 0 0 0 0 0 0 0 0 0 
4 0 0 0 0 0 0 0 0 0 0 0 0 0 0 0 0 0 0 0 0 2 0 0 0 0 0 0 0 0 0 0 0 0 0 0 0 0 0 0 
1 0 0 0 0 1 0 0 0 0 0 0 0 0 0 0 0 0 0 0 0 1 0 0 0 0 0 0 0 0 0 0 0 0 0 0 0 0 0 0 
0 0 0 0 0 0 0 0 0 0 0 0 0 0 0 0 0 0 0 0 0 1 0 0 0 0 1 0 0 0 0 0 0 0 0 0 0 0 0 0 
0 0 1 0 0 0 0 0 0 0 0 0 0 0 0 0 0 0 0 0 0 0 0 1 0 0 0 0 0 0 0 0 0 0 0 0 0 0 0 0 
0 0 2 0 0 0 0 2 0 0 0 0 0 0 0 0 0 0 0 0 0 0 0 0 0 0 0 0 0 0 0 0 3 0 0 0 0 0 0 0 
0 0 0 0 -2 0 0 0 0 0 0 0 0 0 0 0 0 0 0 0 0 0 0 1 0 0 0 0 0 0 0 0 0 0 0 0 0 0 0 0 
0 0 0 0 4 0 0 0 0 0 0 0 0 1 0 0 0 0 0 0 0 0 0 0 0 0 0 0 0 0 0 0 0 0 0 0 0 0 0 0 
0 0 0 0 0 1 0 0 0 0 0 0 0 0 0 0 0 0 0 0 0 0 0 0 0 0 0 0 0 0 0 0 0 0 0 0 0 0 0 0 
0 0 0 0 0 0 -4 0 0 0 0 0 0 0 0 0 0 0 0 0 0 0 0 0 0 0 0 1 0 0 0 0 0 0 0 0 0 0 0 0 
0 0 0 0 0 0 0 0 0 0 0 0 0 0 0 0 0 0 0 0 0 0 0 0 0 0 0 3 0 0 0 0 0 0 0 0 2 0 0 0 
0 0 0 0 0 0 0 0 1 0 0 0 0 0 0 0 0 0 0 0 0 0 0 0 0 0 0 6 0 0 0 0 0 0 0 0 0 0 0 0 
0 0 0 0 0 0 0 0 -1 0 0 0 0 0 0 0 0 1 0 0 0 0 0 0 0 0 0 0 0 1 0 0 0 0 0 0 0 0 0 0 
0 0 0 0 0 0 0 0 3 0 0 0 0 0 0 0 0 0 0 0 0 0 0 0 0 0 0 0 0 1 0 0 0 0 0 0 0 0 0 0 
0 0 0 0 0 0 0 0 0 0 1 1 0 0 0 0 0 0 0 0 0 0 0 0 0 0 0 0 0 0 0 0 0 0 0 0 0 0 0 0 
0 0 0 0 0 0 0 0 0 0 2 0 0 0 0 0 0 0 0 0 0 0 0 0 0 0 0 0 0 0 0 1 2 0 0 0 0 0 0 0 
0 0 0 0 0 0 0 0 0 0 0 0 0 0 0 0 0 0 0 0 0 0 0 0 0 0 0 0 0 0 0 1 0 0 0 0 0 0 0 0 
0 0 0 0 0 0 0 0 0 0 0 0 1 0 0 2 0 0 0 0 0 0 0 0 0 0 0 0 0 0 0 4 0 1 0 0 0 0 0 0 
0 0 0 0 0 0 0 0 0 0 0 0 2 0 0 0 0 0 0 0 0 0 0 0 0 0 0 0 0 0 0 0 0 1 0 0 2 0 0 0 
0 0 0 0 0 0 0 0 0 0 0 0 2 0 0 0 0 0 0 0 0 0 0 0 0 0 0 0 0 0 0 0 0 1 0 0 0 0 0 0 
0 0 0 0 0 0 0 0 0 0 0 0 0 0 1 0 0 3 0 0 0 0 0 0 0 0 0 0 0 0 0 0 0 3 0 0 0 0 0 0 
0 0 0 0 0 0 0 0 0 0 0 0 0 0 0 0 0 0 0 0 0 0 0 0 0 0 0 0 0 0 0 0 0 0 0 1 0 0 4 0 
0 0 0 0 0 0 0 0 0 0 0 0 0 0 4 0 0 0 0 0 0 0 0 0 0 0 0 0 0 0 0 0 0 0 0 -1 0 0 0 0 
0 0 0 0 0 0 0 0 0 0 0 0 0 0 0 0 1 0 0 1 0 0 0 0 0 0 0 0 0 0 0 0 0 0 0 1 0 0 0 0 
0 0 0 0 0 0 0 0 0 0 0 0 0 0 0 0 2 0 0 0 0 0 0 0 0 0 0 0 0 0 0 0 0 0 0 0 0 1 0 0 
0 0 0 0 0 0 0 0 0 0 0 0 0 0 0 0 8 0 0 0 0 0 0 0 0 2 0 0 0 0 0 0 0 0 0 0 0 -1 0 0 
0 0 0 0 0 0 0 0 0 0 0 0 0 0 0 0 0 0 1 0 0 0 0 0 0 0 0 0 0 0 0 0 0 0 0 0 0 4 0 0 
0 0 0 0 0 0 1 0 0 0 0 0 0 0 0 0 0 0 1 0 0 0 0 0 0 0 0 0 0 0 0 0 0 0 0 0 0 0 0 1 
0 0 3 0 0 0 0 0 0 0 0 0 0 0 0 0 0 0 4 0 0 0 0 0 0 0 0 0 0 1 0 0 0 0 0 0 0 0 0 2 
0 0 0 0 0 0 0 0 0 0 0 0 0 0 0 0 0 0 0 0 0 1 0 0 0 0 0 0 0 0 0 0 0 0 0 0 0 0 0 0 
0 0 0 0 0 0 0 0 0 0 0 0 0 0 0 0 0 0 0 0 -1 0 0 0 0 0 0 0 0 0 0 0 0 0 0 0 0 0 0 0 
0 0 0 1 0 0 0 0 0 0 0 0 0 0 0 0 0 0 0 0 0 0 0 0 0 0 0 0 0 0 0 0 0 0 0 0 0 0 0 0 
0 2 0 0 0 0 0 0 0 0 0 0 0 0 0 0 0 0 0 0 0 0 0 0 1 0 0 0 0 0 0 0 0 0 0 0 0 0 0 0 
0 0 0 0 0 0 0 0 0 0 0 0 0 0 0 0 0 0 0 0 0 0 3 0 0 0 0 0 1 0 0 0 0 0 0 0 0 0 0 0 
0 0 0 0 0 1 4 0 0 0 0 0 0 0 0 0 0 0 0 0 0 0 4 0 0 0 0 0 0 0 0 0 0 0 0 0 0 0 0 0 
0 0 0 2 0 0 0 0 0 2 0 0 0 0 0 0 0 0 0 0 0 0 0 0 0 0 1 8 0 0 0 0 0 0 0 0 0 0 0 0 
0 0 0 8 0 0 0 0 0 0 0 0 0 0 0 0 0 0 0 0 0 0 0 0 1 0 0 0 0 0 0 0 0 6 0 0 0 0 0 0 
0 0 0 0 0 0 0 1 0 0 0 0 0 0 0 0 0 0 6 0 0 0 0 0 0 0 0 0 0 0 0 0 0 0 0 0 0 0 0 0 
0 0 0 0 0 -3 0 0 0 0 0 0 0 0 6 0 0 0 0 0 0 0 0 0 0 0 0 0 1 0 0 0 0 0 0 0 0 0 0 6 
0 0 0 0 0 0 0 0 0 0 0 0 0 0 0 0 0 0 0 0 0 0 0 0 0 0 -4 0 0 0 0 0 0 0 0 2 0 0 0 0 
0 0 0 0 0 0 0 0 0 1 0 0 0 0 0 0 0 0 0 0 0 0 0 0 0 0 6 0 0 0 0 0 0 0 0 0 0 0 0 0 
0 0 0 0 0 0 0 -2 0 0 0 0 0 0 0 0 3 0 0 0 0 0 0 0 0 0 0 0 0 0 1 0 0 0 0 0 0 0 0 0 
0 0 0 0 0 0 0 9 0 0 0 0 0 0 0 0 0 0 0 0 0 0 0 0 0 0 0 0 -3 0 0 0 0 0 0 0 0 1 0 0 
0 0 0 0 0 0 0 0 0 0 0 1 0 0 0 0 0 0 0 0 0 0 0 0 0 0 0 0 3 0 0 0 0 0 0 0 0 0 0 0 
0 0 0 0 0 0 0 0 0 0 0 0 0 0 0 0 0 0 0 0 0 0 0 1 0 0 0 0 0 0 0 0 1 0 0 0 0 0 0 0 
0 0 0 0 0 0 0 0 0 0 0 0 0 0 0 0 0 0 0 0 0 0 0 0 0 0 0 0 0 0 1 0 0 0 0 0 0 0 0 0 
0 0 0 0 1 0 0 0 0 0 0 0 0 1 0 0 0 0 0 0 0 0 0 0 0 0 0 0 0 0 0 0 0 0 0 0 0 0 0 0 
0 0 0 0 0 0 0 0 0 0 0 2 0 0 0 0 0 0 0 0 0 0 0 0 0 2 0 0 0 0 0 0 0 0 1 0 0 0 0 0 
0 0 0 0 0 0 0 0 0 0 0 0 0 0 0 0 0 0 0 0 0 0 0 0 0 0 0 0 0 0 0 0 1 0 0 0 0 0 0 0 
0 0 0 0 0 0 3 0 0 0 0 0 0 0 0 1 0 0 0 0 0 0 0 0 0 0 0 0 0 0 0 0 0 0 0 0 0 0 0 0 
0 0 0 0 0 0 0 0 0 0 0 0 0 0 0 0 0 0 0 0 0 0 0 0 0 0 0 4 0 0 0 0 0 0 0 0 1 0 0 0 
0 0 0 0 0 0 0 0 0 0 0 0 0 0 0 0 0 0 0 0 0 0 0 0 0 0 0 0 0 0 0 0 0 0 -1 0 0 0 0 0 
0 0 0 0 0 0 0 0 0 0 0 1 0 0 0 0 0 1 0 0 0 0 0 0 0 0 0 0 0 0 0 0 0 0 4 0 0 0 0 0 
0 0 0 0 0 0 0 0 0 0 0 0 0 0 0 1 0 0 0 0 0 0 0 0 0 0 0 0 0 0 0 0 0 0 0 1 0 0 1 2 
0 0 0 0 0 0 0 0 0 0 0 0 0 0 0 2 0 0 0 0 0 0 0 0 0 0 0 0 0 0 0 0 0 0 0 0 -3 0 0 0 
0 0 0 0 0 0 0 0 0 0 0 0 0 0 0 0 1 0 0 1 1 0 0 0 0 0 0 0 0 0 0 0 0 0 0 0 1 0 0 0 
0 0 0 0 0 0 0 0 0 0 0 0 0 0 0 0 0 -2 0 0 0 0 0 0 0 0 0 0 0 0 0 0 0 0 0 0 0 1 0 0 
1 0 0 0 0 0 0 0 0 0 0 0 0 0 0 0 0 0 0 0 0 0 0 0 0 0 0 0 0 0 0 0 0 0 0 0 0 0 -1 0 
0 0 0 0 0 0 0 0 0 0 0 0 0 0 0 0 0 0 1 0 0 1 0 0 0 0 0 0 0 0 0 0 0 0 0 0 0 0 0 0 
0 0 0 0 0 0 0 0 0 0 0 0 0 0 0 0 0 0 0 -2 0 0 0 0 0 0 0 0 0 0 0 0 0 0 0 0 0 0 0 0 
0 1 1 0 0 0 0 0 0 0 0 0 0 0 0 0 0 0 0 0 0 0 0 0 0 0 0 0 0 0 0 0 0 0 0 0 0 0 0 0 
1 0 0 0 0 0 0 0 0 0 0 0 0 0 0 0 0 0 0 0 0 0 1 1 0 0 0 0 0 0 0 0 0 0 0 0 0 0 0 0 
0 0 0 0 0 0 0 0 0 0 0 0 0 0 0 0 0 0 0 0 0 2 0 0 0 0 0 0 0 0 0 0 0 0 0 0 0 0 0 0 
0 0 0 2 1 0 0 0 0 0 0 0 0 0 0 0 0 0 0 0 0 0 0 0 0 0 0 0 0 0 0 0 0 0 0 0 0 0 0 0 
0 0 1 0 0 0 0 0 0 0 0 0 0 0 0 0 0 0 0 0 0 0 0 0 0 1 6 0 0 0 0 0 0 0 0 0 0 0 0 0 
0 0 12 0 3 0 0 0 0 0 0 0 0 0 0 0 0 0 0 0 0 0 0 0 0 0 0 0 0 0 0 0 0 0 0 0 0 0 0 0 
0 0 0 0 0 0 1 2 0 0 0 0 0 0 0 0 0 0 0 0 0 0 0 4 0 1 0 0 0 0 0 0 0 0 0 0 0 0 0 0 
0 0 0 0 1 0 0 0 0 0 0 0 0 0 0 0 0 0 0 0 0 0 0 0 0 0 0 1 1 0 0 0 0 0 0 0 0 0 0 0 
0 0 0 0 4 0 1 0 0 0 0 0 0 0 0 0 0 0 0 0 0 0 0 0 0 0 0 0 0 0 0 0 0 0 0 0 0 0 0 0 
0 0 0 0 0 0 0 0 1 1 0 0 0 0 0 0 0 0 0 0 0 0 0 0 0 4 0 0 0 0 0 0 0 0 1 0 0 0 0 0 
0 0 0 0 0 0 1 0 0 0 0 0 0 0 0 0 0 0 0 0 0 0 0 0 0 0 0 0 0 1 1 0 0 0 0 0 0 0 0 0 
0 0 0 0 0 0 4 0 0 0 0 0 0 0 0 1 0 0 0 0 0 0 0 0 0 0 0 2 0 0 0 0 0 0 0 0 0 0 0 0 
0 0 0 0 0 0 0 0 0 0 1 2 0 0 0 0 0 0 0 0 0 0 0 0 0 0 0 8 0 0 0 0 0 0 0 0 0 2 0 0 
0 0 0 0 0 0 0 0 0 0 0 0 0 0 0 0 0 0 0 0 0 0 0 0 0 0 0 0 0 0 0 1 1 0 0 0 0 0 0 0 
0 0 0 0 0 0 0 0 3 0 0 0 0 0 0 0 0 0 1 0 0 0 0 0 0 0 0 0 0 1 0 0 0 0 0 0 0 0 0 0 
0 0 0 0 0 0 0 0 0 0 0 0 1 3 0 0 0 0 0 0 0 0 0 0 0 0 0 0 0 6 0 0 0 0 0 0 0 0 0 2 
0 0 0 0 0 0 0 0 0 0 1 0 0 0 0 0 0 0 0 0 0 0 0 0 0 0 0 0 0 0 0 0 0 1 2 0 0 0 0 0 
0 0 0 0 0 0 0 0 0 0 2 0 0 0 0 0 0 0 0 0 0 0 0 0 0 0 0 0 0 0 0 0 0 0 0 0 0 0 0 0 
0 0 0 0 0 0 0 0 0 0 0 0 0 0 1 2 0 0 0 0 0 0 0 0 0 0 0 0 0 0 0 2 0 0 0 0 0 0 0 0 
0 0 0 0 0 0 0 0 0 0 0 0 1 0 0 0 0 0 0 0 0 0 0 0 0 0 0 0 0 0 0 0 0 0 0 1 3 0 0 0 
0 0 0 0 0 0 0 0 0 0 0 0 3 0 0 0 0 0 0 0 0 0 0 0 0 0 0 0 0 0 0 0 0 0 0 0 0 0 0 0 
0 0 0 0 0 0 0 0 0 0 0 0 0 0 0 0 1 3 0 0 0 0 0 0 0 0 0 0 0 0 0 0 0 3 0 0 0 0 0 0 
0 0 0 0 0 0 0 0 0 0 0 0 0 0 -1 0 0 0 0 0 0 0 0 0 0 0 0 0 0 0 0 0 0 0 0 0 0 1 4 0 
0 0 0 0 0 0 0 0 0 0 0 0 0 0 4 0 0 0 0 0 0 0 0 0 0 0 0 0 0 0 0 0 0 0 0 -1 0 0 0 0 
0 0 0 0 0 0 0 0 0 0 0 0 0 0 0 0 0 0 2 2 0 0 0 0 0 0 0 0 0 0 0 0 0 0 0 2 0 0 0 0 
0 0 0 0 0 0 0 0 0 0 0 0 0 0 0 0 4 0 0 0 0 0 0 0 0 0 0 0 0 0 0 0 0 0 0 0 0 0 0 3 
4 0 0 0 0 0 0 0 0 0 0 0 0 0 0 0 4 0 0 0 0 0 0 0 0 0 0 0 0 0 0 0 0 0 0 0 0 5 0 0 
0 0 0 0 0 0 0 0 0 0 0 0 0 0 0 0 0 0 0 0 1 1 0 0 0 0 0 0 0 0 0 0 0 0 0 0 0 1 0 0 
0 0 0 0 0 0 0 0 0 0 0 0 0 0 0 0 0 0 1 0 0 0 0 0 0 0 0 0 0 0 0 0 0 0 0 0 0 0 0 0 
0 1 1 0 0 0 0 0 0 0 0 0 0 0 0 0 0 0 1 0 0 0 0 0 0 0 0 0 0 0 0 0 0 0 0 0 0 0 0 2 
0 0 0 0 0 0 0 0 1 0 0 0 0 0 0 0 0 0 0 0 0 0 1 1 0 0 0 0 0 0 0 0 0 0 0 0 0 0 0 4 
0 0 0 0 0 0 0 0 0 0 0 0 0 0 0 0 0 0 0 0 0 0 0 0 0 0 0 0 0 0 0 0 0 0 0 0 0 0 0 0 
0 0 0 1 0 0 0 0 0 0 0 0 0 0 0 0 0 0 0 0 4 0 1 0 0 0 0 0 0 0 0 0 0 0 0 0 0 0 0 0 
0 0 0 0 0 0 0 0 0 0 0 0 0 0 0 0 0 0 0 0 0 0 0 0 1 0 0 0 0 0 0 0 0 0 0 0 0 0 0 0 
0 0 0 0 0 0 0 0 0 0 1 0 0 0 0 0 0 0 0 0 0 0 0 0 0 0 0 0 0 0 0 2 0 0 0 0 0 0 0 0 
0 0 0 0 0 1 0 0 0 0 0 0 0 0 0 0 2 0 0 0 0 0 0 0 0 0 0 0 0 0 0 2 0 0 0 0 0 0 0 0 
0 0 0 1 0 0 0 0 0 0 0 0 1 0 0 0 0 0 0 0 0 0 0 0 0 0 1 0 0 0 0 0 0 0 0 0 0 1 0 0 
0 0 0 0 0 0 0 0 0 0 0 0 1 0 0 0 0 0 0 0 0 0 0 0 2 0 0 0 0 0 0 0 0 0 0 0 0 0 0 0 
0 0 0 0 0 0 0 1 0 0 0 0 0 0 0 0 0 0 0 0 0 0 0 0 8 0 0 0 0 0 0 0 0 2 0 0 0 0 0 0 
0 0 0 0 0 -1 0 0 0 0 0 0 0 0 0 0 0 0 0 0 0 0 0 0 0 0 0 0 1 0 0 0 0 0 0 0 0 0 0 0 
0 0 0 0 0 8 0 0 0 0 0 0 0 0 2 0 0 0 0 0 0 0 0 0 0 0 -2 0 0 0 0 0 0 0 0 0 0 0 0 0 
0 0 0 0 0 0 0 0 0 1 0 0 0 0 0 0 0 0 0 0 0 0 0 0 0 0 4 0 0 0 0 0 0 0 0 1 0 0 0 0 
0 0 0 0 0 0 0 0 0 0 0 0 0 0 0 0 0 0 0 0 0 0 0 0 0 0 0 0 0 0 1 0 0 0 0 0 0 0 0 0 
0 0 0 0 0 0 0 4 0 0 0 0 0 0 0 0 1 0 0 0 0 0 0 0 0 0 0 0 1 0 0 0 0 0 0 0 0 0 0 0 
0 0 0 0 0 0 0 0 0 0 0 1 0 0 0 0 0 0 0 0 0 0 0 0 0 0 0 0 3 0 0 0 0 0 0 0 0 0 1 0 
0 0 0 0 0 0 0 0 0 1 0 0 0 0 0 0 0 0 0 0 0 0 0 0 0 0 0 0 0 0 0 0 1 3 0 0 0 0 0 0 
0 0 0 0 0 0 0 0 0 4 0 0 0 0 0 0 0 0 0 0 1 0 0 0 0 0 0 0 0 0 2 0 0 0 0 0 0 0 0 0 
0 0 0 0 0 0 0 0 0 0 0 0 0 0 2 0 0 0 0 0 0 0 0 0 0 0 0 0 0 0 0 0 0 0 0 0 0 0 0 0 
0 0 0 0 0 0 0 0 0 0 0 0 0 0 0 0 1 0 0 0 0 0 0 0 0 0 0 0 0 0 0 0 0 0 0 2 0 0 0 0 
0 0 0 0 0 0 0 0 0 0 0 4 0 0 0 0 0 0 0 0 0 0 0 0 0 0 0 0 0 0 0 0 -1 0 0 0 0 1 0 0 
0 0 0 0 0 0 0 0 0 0 0 0 0 0 0 0 3 0 0 0 0 0 0 0 0 0 0 0 0 0 0 0 4 0 0 0 0 0 0 0 
0 0 0 0 0 0 0 0 0 0 0 0 0 0 0 0 0 0 1 0 0 0 0 0 0 0 0 0 0 0 0 0 0 0 0 0 0 1 0 0 
0 0 0 0 0 0 0 0 0 0 0 0 0 4 0 0 0 0 0 0 0 0 0 0 0 0 0 0 0 0 0 0 0 0 -2 0 0 0 0 0 
2 0 0 0 0 0 0 0 0 0 0 0 0 0 0 0 0 0 1 0 0 0 0 0 0 0 0 0 0 0 0 0 0 0 4 0 0 0 0 0 
0 0 0 0 0 0 0 0 0 0 0 0 0 0 0 -1 0 0 0 0 0 0 0 0 1 0 0 0 0 0 0 0 0 0 0 0 0 0 0 1 
0 0 0 0 0 0 0 0 0 1 0 0 0 0 0 0 0 0 0 0 0 0 0 0 0 0 0 0 0 0 0 0 0 0 0 0 0 0 0 0 
0 0 0 0 0 1 0 0 0 0 0 0 0 0 0 0 0 0 0 0 1 0 0 0 0 0 0 0 0 0 0 0 0 0 0 0 3 0 0 0 
0 0 0 0 0 0 0 0 0 0 0 0 0 0 0 0 0 -1 0 0 0 0 0 0 0 0 0 0 0 0 1 0 0 0 0 0 0 0 0 0 
0 2 0 0 0 0 0 0 0 0 0 0 0 0 0 0 0 0 0 0 0 0 0 0 0 0 0 0 0 0 0 0 0 0 0 0 0 0 -1 0 
0 0 0 0 0 0 0 0 0 0 0 1 0 0 0 0 0 0 0 0 0 0 3 0 0 0 0 0 0 0 0 0 0 0 0 0 0 0 0 0 
0 0 0 0 0 0 0 0 0 0 0 0 0 0 0 0 0 0 0 0 0 0 0 0 0 0 0 0 0 0 0 0 1 0 0 0 0 0 0 0 
0 0 0 1 0 0 0 0 0 0 0 0 0 0 0 0 0 0 0 0 0 0 0 0 0 0 0 0 0 0 0 0 0 0 0 0 0 0 0 0 
-2 0 0 0 0 0 0 0 0 0 0 0 0 0 0 0 0 1 0 0 0 0 0 0 2 0 0 0 0 0 0 0 0 0 0 0 0 0 0 0 
4 0 0 0 0 0 0 0 0 0 0 0 0 0 0 0 0 0 0 0 0 0 0 0 0 0 0 0 0 0 0 0 0 0 0 0 0 0 1 0 
0 0 0 0 0 1 0 0 0 0 0 0 0 0 0 0 0 0 0 0 0 4 0 0 0 0 0 0 0 0 0 0 0 0 0 0 0 0 0 0 
0 0 -1 0 0 0 0 0 0 0 0 0 0 0 0 0 0 0 0 1 0 0 0 0 0 0 2 0 0 0 0 0 0 0 0 0 0 0 0 0 
0 0 7 0 1 0 0 0 0 0 0 0 0 0 0 0 0 0 0 0 0 0 0 -1 0 0 0 0 0 0 0 0 0 0 0 0 0 0 0 0 
1 0 0 0 0 0 0 1 0 0 0 0 0 0 0 0 0 0 0 0 0 0 0 7 0 1 0 0 0 0 0 0 0 0 0 0 0 0 0 0 
0 0 0 0 -2 0 0 0 0 0 0 0 0 0 0 0 0 0 0 0 0 0 0 0 1 0 0 0 2 0 0 0 0 0 0 0 0 0 0 0 
0 0 0 0 0 0 0 0 0 0 0 0 0 0 0 0 0 0 0 0 0 0 0 0 0 -2 0 0 0 0 0 0 0 0 0 0 0 0 0 0 
0 0 0 0 0 1 0 0 0 3 0 0 0 0 0 0 0 0 0 0 0 0 0 0 0 0 0 0 0 0 0 0 0 0 0 0 0 0 0 0 
0 0 0 0 0 0 -1 0 0 0 0 0 0 0 0 0 0 0 0 0 0 0 0 0 0 0 1 0 0 0 4 0 0 0 0 0 0 0 0 0 
0 0 0 0 0 0 0 0 0 0 0 0 0 0 0 0 0 0 0 0 0 0 0 0 0 0 0 0 0 0 0 0 0 0 0 0 0 0 0 0 
0 0 0 0 0 0 0 1 0 0 0 5 0 0 0 0 0 0 0 0 0 0 0 0 0 0 0 0 0 0 0 0 0 0 0 0 0 0 0 0 
0 0 0 0 0 0 0 0 1 0 0 0 0 0 0 0 0 0 0 0 0 0 0 0 0 0 0 0 1 0 0 0 6 0 0 0 0 0 0 0 
0 0 0 0 0 0 0 0 0 0 0 0 0 0 0 0 0 0 0 0 0 0 0 0 0 0 0 0 0 2 0 0 0 0 0 0 0 0 0 0 
0 0 0 0 0 0 0 0 0 1 0 0 0 1 0 0 0 0 0 0 0 0 0 0 0 0 0 0 0 0 0 0 0 0 0 0 0 0 0 0 
0 0 0 0 0 0 0 0 0 0 -3 0 0 0 0 0 0 0 0 0 0 0 0 0 0 0 0 0 0 0 0 0 1 0 1 0 0 0 0 0 
0 0 0 0 0 0 0 0 0 0 0 0 0 0 0 0 0 0 0 0 0 0 0 0 0 0 0 0 0 0 0 0 0 0 0 0 0 0 0 0 
0 0 0 0 0 0 0 0 0 0 0 0 0 2 0 1 0 0 0 0 0 0 0 0 0 0 0 0 0 0 0 0 0 0 0 0 0 0 0 0 
0 0 0 0 0 0 0 0 0 0 0 0 -1 0 0 0 0 0 0 0 0 6 0 0 0 0 0 0 0 0 0 0 0 0 0 1 2 0 0 0 
0 0 0 0 0 0 6 0 0 0 0 0 0 0 0 0 0 0 0 0 0 0 0 0 0 0 0 0 0 0 0 0 0 -2 0 0 0 0 0 0 
0 0 6 0 0 0 0 0 0 0 0 0 0 0 0 0 1 1 0 0 0 0 0 0 0 0 0 6 0 0 0 0 0 0 0 0 0 0 0 0 
0 0 0 0 0 0 0 0 0 0 0 0 0 0 -3 0 0 0 0 0 0 0 0 0 0 0 0 0 0 0 0 0 0 0 0 0 0 0 1 0 
0 1 0 0 0 0 0 0 0 0 0 0 0 0 3 0 0 0 0 0 0 0 0 0 0 0 0 0 0 0 0 0 0 0 0 0 0 0 0 0 
0 0 0 0 0 0 0 0 0 0 0 0 0 0 0 0 0 0 0 3 0 0 0 1 0 0 0 0 0 0 0 0 0 0 0 0 0 0 0 0 
0 0 0 0 0 0 0 0 0 0 0 0 0 0 0 0 -1 0 0 0 0 0 0 0 0 0 0 0 0 0 0 0 0 0 0 0 0 0 0 0 
4 0 0 0 1 0 0 0 0 0 0 0 0 0 0 0 0 0 0 0 0 0 0 0 0 0 0 0 0 0 0 0 0 0 0 0 0 0 0 0 
0 0 0 0 0 0 0 0 0 0 0 0 0 0 0 0 0 0 0 0 0 2 0 0 0 0 0 0 0 0 1 0 0 0 0 0 0 4 0 0 
0 0 0 0 0 0 0 0 0 0 0 0 0 0 0 0 0 0 0 0 0 0 0 0 0 0 0 0 0 0 0 0 0 0 0 0 0 0 0 0 
0 0 1 0 0 0 0 0 0 0 0 1 0 0 0 0 0 0 4 0 0 0 0 0 0 0 0 0 0 0 0 0 0 0 0 0 0 0 0 -1 
0 0 0 0 0 0 0 0 0 0 0 0 0 0 0 0 0 0 0 0 0 0 0 2 0 0 0 0 0 0 0 0 0 0 0 0 6 0 0 19 
0 0 0 0 0 0 0 0 0 0 0 0 0 0 0 0 0 0 0 0 -6 0 0 0 0 0 0 0 0 0 0 0 0 0 0 0 0 0 0 0 
0 0 0 0 3 0 0 0 0 0 0 0 0 0 0 0 0 6 0 0 19 0 0 0 0 0 0 0 0 0 0 0 0 0 0 0 0 0 0 0 
0 -5 0 0 0 0 0 0 0 0 0 0 0 0 0 0 0 0 0 0 0 0 0 0 0 1 0 0 0 0 0 0 0 0 0 0 0 0 6 0 
0 19 0 0 0 0 0 0 0 0 0 0 0 0 0 0 0 0 0 0 0 0 -7 0 0 0 0 0 0 0 0 0 0 0 0 0 0 0 0 0 
0 0 0 0 0 0 2 0 0 0 0 0 0 0 0 0 0 0 0 0 0 0 0 1 0 0 0 0 0 0 0 0 0 0 0 0 0 0 0 0 
0 0 0 0 0 0 0 0 0 0 0 0 0 0 0 0 0 0 0 0 0 0 0 0 0 0 0 1 0 0 0 0 0 0 0 0 0 0 0 0 
0 0 0 0 1 0 0 0 0 0 0 0 0 0 0 0 0 0 0 0 0 0 0 0 -1 0 0 0 0 0 0 0 0 0 0 0 0 0 0 0 
0 0 0 0 0 0 0 0 2 0 0 0 0 0 0 0 0 0 0 0 0 0 0 0 4 0 1 0 0 0 0 0 0 0 0 0 0 0 0 0 
0 0 0 0 0 -1 0 0 0 0 0 0 0 0 0 0 0 0 0 0 0 0 0 0 0 0 0 0 0 3 0 0 0 0 0 0 0 0 0 0 
0 0 0 0 0 4 0 1 0 0 0 0 0 0 0 0 0 0 0 0 0 0 0 0 0 0 0 0 0 0 0 0 0 0 0 0 0 0 0 0 
0 0 0 0 0 0 0 0 0 0 1 0 0 0 0 0 0 0 0 0 0 0 0 0 0 0 7 0 2 0 0 0 0 0 0 0 0 0 0 0 
0 0 0 0 0 0 0 -3 0 0 0 0 0 0 0 0 0 0 0 0 0 0 0 0 0 0 0 0 0 0 0 1 0 0 0 0 0 0 0 0 
0 0 0 0 0 0 0 4 0 1 0 0 0 0 0 0 0 0 0 0 0 0 0 0 0 0 0 0 -2 0 0 0 0 0 0 0 0 0 0 0 
0 0 0 0 0 0 0 0 0 0 0 0 2 0 0 0 0 0 0 0 0 0 0 0 0 0 0 0 0 0 0 0 0 0 1 0 0 0 0 0 
0 0 0 0 0 0 0 0 0 0 0 0 0 0 0 0 0 0 0 0 0 0 0 0 0 0 0 0 0 0 0 0 0 1 0 0 0 0 0 0 
0 0 0 0 0 0 0 0 0 0 0 0 0 0 0 1 0 0 0 0 0 0 0 0 0 0 0 0 0 0 -1 0 0 0 0 0 0 0 0 0 
0 0 0 0 0 0 0 0 0 0 0 0 0 0 2 0 0 0 0 0 0 0 0 0 0 0 0 0 0 0 0 0 0 0 0 0 0 0 0 1 
0 0 0 0 0 0 0 0 0 0 0 0 0 0 0 0 0 0 0 0 0 0 0 0 0 0 0 0 0 0 0 0 0 0 0 1 0 0 0 0 
0 0 0 0 0 0 0 0 0 0 0 0 0 0 0 0 0 0 0 0 1 0 0 0 0 0 0 0 0 0 0 0 -1 0 0 0 0 0 0 0 
0 0 0 0 0 0 0 0 0 0 0 0 0 0 0 0 1 0 0 0 0 0 0 0 0 0 0 0 0 0 0 0 3 0 0 0 0 0 0 0 
0 1 0 0 0 0 0 0 0 0 0 0 0 -1 0 0 0 0 0 0 0 0 0 0 0 0 0 0 0 0 0 0 0 0 0 0 0 1 0 0 
0 0 0 0 0 0 0 0 0 0 0 0 0 4 0 0 0 0 0 0 0 0 1 0 0 0 0 0 0 0 0 0 0 0 -1 0 0 0 0 0 
0 0 0 0 0 0 0 0 0 0 0 0 0 0 0 0 0 0 2 0 0 0 0 0 0 0 0 0 0 0 0 0 0 0 0 0 0 0 0 0 
0 0 0 0 1 0 0 0 0 0 0 0 0 0 0 0 0 0 0 0 0 0 0 0 0 0 0 0 0 0 0 0 0 0 0 0 0 0 0 1 
0 0 0 0 0 0 0 0 0 0 0 0 0 0 0 0 0 0 0 0 0 0 0 0 0 1 0 0 0 0 0 0 0 0 0 0 -1 0 0 0 
0 0 0 0 0 0 0 0 0 0 0 0 0 0 0 0 0 0 0 0 2 0 0 0 0 0 0 0 0 0 0 0 0 0 0 0 3 0 0 0 
0 0 0 0 0 0 1 0 0 0 0 0 0 0 0 0 0 0 0 0 0 0 0 0 0 0 0 0 0 0 0 0 0 0 0 0 0 0 0 0 
0 1 0 0 0 0 0 0 0 0 0 0 0 0 0 0 0 3 0 0 0 0 0 0 0 0 0 1 0 0 0 0 0 0 0 0 0 0 -1 0 
0 0 0 0 0 0 0 0 0 0 0 0 0 0 0 0 0 0 0 0 0 0 1 0 0 0 0 0 0 0 0 0 0 0 0 0 0 0 4 0 
0 0 0 0 0 0 0 0 1 0 0 0 0 0 0 0 0 0 0 -1 0 0 0 0 0 0 0 0 0 0 0 0 0 0 0 0 0 0 0 0 
0 0 0 1 0 0 0 0 0 0 0 0 0 0 0 0 0 0 0 0 0 0 0 0 0 0 0 0 0 4 0 0 0 0 0 0 0 0 0 0 
-1 0 0 0 0 0 0 0 0 0 0 0 0 0 0 0 0 0 0 0 0 0 0 0 0 1 0 0 0 0 0 0 0 0 0 0 0 0 0 0 
0 0 0 0 0 0 0 0 0 0 0 0 0 0 0 0 0 0 0 0 0 0 0 0 0 0 0 0 0 0 0 0 0 0 0 0 0 0 0 0 
0 0 0 0 0 0 1 0 0 0 0 0 0 0 0 0 0 0 0 0 0 0 0 0 0 0 0 0 0 0 0 0 0 0 0 0 0 0 0 0 
0 0 2 0 0 0 0 0 0 0 0 1 0 0 0 0 0 0 0 0 0 0 0 0 0 0 0 1 0 0 0 0 0 0 0 0 0 0 0 0 
0 0 3 0 0 0 0 0 0 0 0 0 0 0 0 0 0 0 0 0 0 0 0 0 0 0 0 0 0 0 0 0 0 1 0 0 0 0 0 0 
0 0 0 1 0 0 0 2 1 0 0 0 0 0 0 0 0 0 0 0 0 0 0 2 0 0 0 0 0 0 0 0 0 0 0 0 0 0 0 0 
0 0 0 0 -2 0 0 0 0 0 0 0 0 0 0 0 0 0 1 0 0 0 0 0 0 0 0 0 0 1 0 0 0 0 0 0 0 0 0 0 
0 0 0 0 0 0 0 0 0 0 0 0 0 0 0 0 0 0 0 0 0 0 0 0 0 1 0 0 0 0 0 0 0 0 0 0 0 0 0 2 
0 0 0 0 0 0 0 0 0 0 1 0 0 0 0 0 0 0 0 0 0 0 0 0 0 0 0 0 0 0 0 0 0 0 0 0 0 0 0 0 
0 0 0 0 0 0 0 0 0 0 0 0 0 0 0 0 0 0 0 0 3 0 0 0 0 0 0 0 0 0 0 1 0 0 0 0 0 0 0 0 
0 0 0 0 0 0 0 0 0 0 0 0 0 0 0 0 0 0 0 0 0 0 0 0 0 0 0 -1 0 0 0 0 0 0 0 0 0 0 0 0 
0 4 0 0 0 0 0 0 0 0 0 0 1 0 0 0 0 0 0 0 0 0 0 0 0 0 0 0 0 0 0 0 0 0 0 0 0 0 0 0 
0 0 0 0 0 0 0 0 -2 0 0 0 0 0 0 0 0 0 0 0 0 0 0 0 0 0 0 0 1 0 0 0 1 1 0 0 0 0 0 0 
0 0 0 0 0 0 0 0 1 0 0 0 0 0 0 0 0 0 0 0 0 0 0 0 0 0 0 0 0 -3 0 0 0 0 0 0 0 0 0 0 
0 0 0 0 0 0 0 0 0 1 0 0 0 0 1 0 0 0 0 0 0 0 0 0 0 0 0 0 0 0 0 0 0 0 0 0 0 0 0 0 
0 0 0 0 0 0 0 0 0 0 -2 0 0 0 0 0 0 0 0 1 0 0 0 0 0 0 0 0 0 0 0 0 0 0 1 1 0 0 0 0 
0 0 0 0 0 0 0 0 0 0 3 0 0 0 0 0 0 0 0 0 0 0 0 0 0 0 0 0 0 0 0 1 0 0 0 0 0 0 0 0 
0 0 0 0 0 0 0 0 0 0 0 0 0 0 0 1 1 0 0 0 0 0 0 0 0 0 0 0 0 0 0 4 0 1 0 0 0 0 0 0 
0 0 0 0 0 0 0 0 0 0 0 0 0 0 0 0 0 0 0 0 0 0 0 0 0 0 0 0 0 0 0 0 0 0 0 0 2 1 0 0 
0 0 0 0 0 0 0 0 0 0 0 0 0 0 0 0 0 0 0 0 0 2 0 0 0 0 0 0 0 0 0 0 0 0 0 0 0 0 0 0 
0 0 0 0 0 0 0 0 0 0 0 0 0 0 0 0 0 0 2 0 0 0 0 0 0 0 0 0 0 0 0 0 0 0 0 0 0 0 0 0 
0 0 0 0 0 0 0 0 0 0 0 0 0 0 2 0 0 0 0 0 0 0 0 0 0 0 0 0 0 0 0 0 0 0 0 0 0 0 1 2 
0 0 0 0 0 0 0 0 0 0 0 0 0 0 1 0 0 0 0 0 0 0 0 0 0 0 0 0 0 0 0 0 0 0 0 1 0 0 0 0 
0 0 0 0 0 0 0 0 0 0 0 0 0 0 0 0 0 0 0 2 1 0 0 0 0 0 0 0 0 0 0 0 0 0 0 2 0 0 0 0 
0 0 0 0 0 0 0 0 0 0 0 0 0 0 0 0 0 0 0 0 0 0 0 0 0 0 0 0 0 0 0 0 0 0 0 0 0 0 0 0 
3 1 0 0 0 0 0 0 0 0 0 0 0 0 0 0 3 0 0 0 0 0 0 0 0 0 0 0 0 0 0 0 0 0 0 0 0 -1 0 0 
0 0 0 0 0 0 0 0 0 0 0 0 0 0 0 0 0 0 0 0 0 1 1 0 0 0 0 0 0 0 0 0 0 0 0 0 0 1 0 0 
0 0 0 0 0 0 0 0 0 0 0 0 0 0 0 0 0 0 1 0 0 0 0 0 0 0 0 1 0 0 0 0 0 0 0 0 0 0 0 0 
0 0 1 1 0 0 0 0 0 0 0 0 0 0 0 0 0 0 4 0 0 0 0 0 0 0 0 0 0 0 0 0 0 0 0 0 0 0 0 -1 
0 0 0 0 0 0 0 0 0 0 0 0 0 1 0 0 0 0 0 0 0 0 0 1 1 0 0 0 0 0 0 0 0 0 0 0 0 0 0 1 
0 0 0 0 0 0 0 0 0 0 0 0 0 0 0 0 0 0 0 0 0 0 0 0 0 0 0 0 0 0 0 0 0 0 0 0 0 0 0 0 
0 0 0 0 0 1 0 0 0 0 0 0 0 0 0 0 0 0 0 0 4 0 1 0 0 0 0 0 0 0 0 0 0 0 0 0 0 0 0 0 
0 -1 0 0 0 0 0 0 0 0 0 0 0 0 0 0 0 0 0 0 0 0 0 0 0 0 1 0 0 0 0 0 0 0 0 0 0 0 0 0 
0 0 0 0 0 0 0 0 0 0 2 0 0 0 0 0 0 0 0 0 0 0 -2 0 0 0 0 0 0 0 0 0 0 0 0 0 0 0 0 0 
0 0 0 0 0 0 1 1 0 0 0 0 0 0 0 0 0 0 0 0 0 0 0 0 0 0 0 0 0 0 0 2 0 0 0 0 0 0 0 0 
0 0 0 -1 0 0 0 0 0 0 0 0 0 0 0 0 0 0 0 0 0 0 0 0 0 0 0 0 1 0 0 0 0 0 0 0 0 0 0 0 
0 0 0 8 0 0 0 0 0 0 0 0 2 0 0 0 0 0 0 0 0 0 0 0 -2 0 0 0 0 0 0 0 0 0 0 0 0 0 0 0 
0 0 0 0 0 0 0 0 0 1 0 0 0 0 0 0 0 0 0 0 0 0 0 0 4 0 0 0 0 0 0 0 0 1 0 0 0 0 0 0 
0 0 0 0 0 0 0 0 0 0 0 0 0 0 0 0 0 0 0 0 0 0 0 0 0 0 0 0 0 0 0 1 0 0 0 0 0 0 0 0 
0 0 0 0 0 0 0 0 0 0 0 0 0 0 0 0 0 0 0 0 0 0 0 0 0 0 3 0 0 0 0 0 0 0 0 2 0 0 0 0 
0 0 0 0 0 0 0 0 0 0 0 0 1 0 0 0 0 0 0 0 0 0 0 0 0 0 6 0 0 0 0 0 0 0 0 0 0 0 0 0 
0 0 0 0 0 0 0 -1 0 0 0 0 0 0 0 0 1 0 0 0 0 0 0 0 0 0 0 0 0 0 0 0 0 1 0 0 0 0 0 0 
0 0 0 0 0 0 0 3 0 0 0 0 0 0 0 0 0 0 0 0 0 0 0 0 0 0 0 0 1 0 0 0 0 0 0 0 0 0 0 0 
0 0 0 0 0 0 0 0 0 0 1 0 0 0 1 0 0 0 0 0 0 0 0 0 0 0 0 0 0 0 0 0 0 0 0 0 0 0 0 0 
0 0 0 0 0 0 0 0 0 2 0 0 0 0 0 0 0 0 0 0 0 0 0 0 0 0 0 0 0 0 0 2 0 0 0 1 0 0 0 0 
0 0 0 0 0 0 0 0 0 0 0 0 0 0 0 0 0 0 0 0 0 0 0 0 0 0 0 0 0 0 1 0 0 0 0 0 0 0 0 0 
0 0 0 0 0 0 0 0 0 0 0 0 0 0 2 0 1 0 0 0 0 0 0 0 0 0 0 0 0 0 4 0 1 0 0 0 0 0 0 0 
0 0 0 0 0 0 0 0 0 0 0 2 0 0 0 0 0 0 0 0 0 0 0 0 0 0 0 0 0 0 0 0 0 0 0 2 0 1 0 0 
0 0 0 0 0 0 0 0 0 0 0 2 0 0 0 0 0 0 0 0 0 0 0 0 0 0 0 0 0 0 0 0 1 0 0 0 0 0 0 0 
0 0 0 0 0 0 0 0 0 0 0 0 0 0 0 0 3 0 1 0 0 0 0 0 0 0 0 0 0 0 0 0 3 0 0 0 0 0 0 0 
0 0 0 0 0 0 0 0 0 0 0 0 0 0 0 0 0 0 0 0 0 0 0 0 0 0 0 0 0 0 0 0 0 0 0 0 0 4 0 1 
0 0 0 0 0 0 0 0 0 0 0 0 0 4 0 0 0 0 0 0 0 0 0 0 0 0 0 0 0 0 0 0 0 0 -1 0 0 0 0 0 
0 0 0 0 0 0 0 0 0 0 0 0 0 0 0 0 0 0 1 0 1 0 0 0 0 0 0 0 0 0 0 0 0 0 1 0 0 0 0 0 
0 0 0 0 0 0 0 0 0 0 0 0 0 0 0 2 0 0 0 0 0 0 0 0 0 0 0 0 0 0 0 0 0 0 0 0 0 0 0 0 
0 1 0 0 0 0 0 0 0 0 0 0 0 0 0 8 0 0 0 0 0 0 0 0 2 0 0 0 0 0 0 0 0 0 0 0 -1 0 0 0 
0 0 0 0 0 0 0 0 0 0 0 0 0 0 0 0 0 0 0 0 0 0 1 0 0 0 0 0 0 0 0 0 0 0 0 0 4 0 0 0 
0 0 0 0 0 1 0 0 0 0 0 0 0 0 0 0 0 1 0 0 0 0 0 0 0 0 0 0 0 0 0 0 0 0 0 0 0 0 0 0 
0 3 0 1 0 0 0 0 0 0 0 0 0 0 0 0 0 4 0 0 0 0 0 0 0 0 0 0 1 0 0 0 0 0 0 0 0 0 2 0 
0 0 0 0 0 0 0 0 0 0 0 0 0 0 0 0 0 0 0 0 0 0 0 0 0 1 0 0 0 0 0 0 0 0 0 0 0 0 0 0 
0 0 0 0 0 0 0 0 0 0 0 0 0 0 0 0 0 0 0 -1 0 0 0 0 0 0 0 0 0 0 0 0 0 0 0 0 0 0 0 0 
0 0 0 0 0 0 2 0 0 0 0 0 0 0 0 0 0 0 0 0 0 0 0 0 0 0 0 0 0 0 0 0 0 0 0 0 0 0 0 0 
0 0 0 0 0 0 0 0 0 0 0 0 0 0 0 0 0 0 0 0 0 0 0 0 0 0 0 3 0 0 0 0 0 0 0 0 0 0 0 0 
0 0 0 0 0 0 0 0 0 0 0 0 0 0 0 0 0 0 0 0 0 -1 0 0 0 0 0 0 0 0 0 0 0 0 0 0 0 0 0 0 
0 0 0 0 0 0 0 0 1 0 0 0 0 0 0 0 0 0 0 0 0 3 0 0 0 0 0 0 0 0 0 0 0 0 0 0 0 0 0 0 
0 0 -1 0 0 0 0 0 0 0 0 0 0 0 0 0 0 0 0 0 0 0 0 0 0 0 0 0 0 0 0 1 0 0 0 0 0 0 0 0 
0 0 0 0 0 0 0 0 0 0 0 0 0 0 0 0 0 0 0 0 0 0 0 1 0 0 0 0 0 0 0 0 1 0 0 0 0 0 0 0 
0 0 0 0 0 0 0 0 0 0 0 0 1 0 0 0 0 0 0 0 0 0 0 3 0 0 0 0 0 0 0 0 0 0 0 0 0 0 0 0 
0 0 0 0 -1 0 0 0 0 0 0 0 0 0 0 0 0 0 0 0 0 0 0 0 1 0 0 0 0 0 0 0 0 1 0 0 0 0 0 0 
0 0 0 0 0 0 0 0 0 0 0 0 0 0 0 0 0 0 0 0 0 0 0 0 0 -3 0 0 0 0 0 0 0 0 6 0 0 0 0 0 
0 0 0 0 0 0 0 0 1 0 0 0 0 0 1 0 0 0 0 6 0 0 0 0 0 0 0 0 0 0 0 0 0 0 0 0 0 0 0 0 
0 0 0 0 0 0 -2 0 0 0 0 0 0 0 0 6 0 0 0 0 0 0 0 0 0 0 0 0 0 1 0 0 0 0 0 1 0 0 0 0 
6 0 0 0 0 0 0 0 0 0 0 0 0 0 0 0 0 0 0 0 0 0 0 0 0 0 0 -3 0 0 0 0 0 0 0 0 1 0 0 0 
0 0 0 0 0 0 0 0 0 0 0 1 0 0 0 0 1 0 0 0 0 0 0 0 0 0 0 3 0 0 0 0 0 0 0 0 0 0 0 0 
0 0 0 0 0 0 0 0 0 0 0 0 0 0 0 0 0 0 0 0 0 0 0 0 0 0 0 0 0 0 0 0 2 0 0 0 0 1 0 0 
0 0 0 0 0 0 0 0 4 0 1 0 0 0 0 0 0 0 0 0 0 0 0 0 0 0 0 0 0 0 0 0 0 0 0 0 0 0 0 0 
0 0 0 0 0 0 0 0 0 0 0 0 0 1 0 0 0 0 1 0 0 0 0 0 0 0 0 0 0 4 0 1 0 0 0 0 0 0 0 0 
0 0 0 0 0 0 0 0 0 0 -1 0 0 0 0 0 0 0 0 0 0 0 0 0 0 0 0 0 0 0 0 0 0 0 1 0 0 0 0 1 
0 0 0 0 0 0 0 0 0 0 1 0 0 0 0 0 0 0 0 0 0 0 0 0 0 0 0 0 0 0 0 0 0 0 0 0 0 0 0 0 
0 0 0 0 0 0 0 0 0 0 0 0 0 0 0 0 0 0 0 0 1 0 0 0 0 0 0 0 0 0 0 4 0 1 0 0 0 0 0 0 
0 0 0 0 0 0 0 0 0 0 0 0 -2 0 0 0 0 0 0 0 0 0 0 0 0 0 0 0 0 0 0 0 0 0 0 0 0 0 0 0 
0 1 0 0 0 0 0 0 0 0 0 0 4 0 0 0 0 0 0 0 0 1 0 0 0 0 0 0 0 0 0 0 0 -1 0 0 0 0 0 0 
0 0 0 0 0 0 0 0 0 0 0 0 0 0 0 0 0 0 0 0 0 0 0 1 0 0 0 0 0 0 0 0 0 0 0 0 0 0 0 0 
0 0 0 0 0 0 0 0 0 0 0 0 0 0 1 0 0 0 0 0 0 0 0 0 0 0 0 0 0 0 0 0 0 0 0 0 1 0 0 0 
0 0 0 0 1 0 0 0 0 0 0 0 0 0 0 0 0 0 0 0 0 0 0 0 0 0 0 0 0 0 0 0 0 0 0 0 0 0 0 0 
0 0 0 0 0 0 0 0 0 0 0 0 0 0 0 0 0 0 0 2 0 0 0 0 0 1 0 0 0 0 0 0 0 0 0 4 0 1 0 0 
0 0 0 0 0 0 0 0 0 0 0 0 0 0 0 0 0 0 0 0 0 0 0 0 0 0 0 0 0 0 0 0 0 0 0 0 0 0 0 0 
1 0 0 0 0 0 1 0 0 0 0 0 0 0 0 0 4 0 1 0 0 0 0 0 0 0 0 0 0 0 0 0 0 0 0 0 0 -1 0 0 
0 0 0 0 0 0 0 0 0 0 0 0 0 0 0 0 0 0 0 0 0 1 0 0 0 0 0 1 0 0 0 0 0 0 0 0 0 1 0 0 
0 0 0 0 0 0 0 0 0 0 0 0 0 0 0 0 0 0 0 0 0 0 0 0 0 0 0 0 0 0 0 0 0 0 0 0 0 0 0 0 
0 0 0 0 0 0 0 0 1 0 0 0 0 0 0 0 0 0 4 0 1 0 0 0 0 0 0 0 0 0 0 0 0 0 0 0 0 0 0 -2 
0 0 0 0 0 0 0 0 0 0 0 0 0 0 0 0 0 0 0 0 0 0 0 0 0 0 0 0 0 1 0 0 0 0 0 0 0 0 0 4 
0 0 0 0 0 0 0 0 1 0 0 0 0 0 0 0 0 0 0 0 -1 0 0 0 0 0 0 0 0 0 0 0 0 0 0 0 0 0 0 0 
0 0 0 0 0 0 0 0 0 0 0 1 0 0 0 0 0 0 0 0 0 0 0 0 0 0 0 0 0 0 0 0 0 0 0 0 0 0 0 0 
0 2 0 0 0 0 0 1 0 0 0 0 0 0 0 0 0 0 0 0 0 0 0 0 0 4 0 0 0 0 0 0 1 0 0 0 0 0 0 0 
0 4 0 0 0 0 0 0 0 0 0 0 0 0 0 0 0 0 0 0 0 0 1 0 0 0 0 0 0 0 0 1 0 0 0 0 0 0 0 0 
0 0 0 0 0 0 0 0 0 0 0 0 0 1 0 0 0 0 0 0 0 0 3 0 0 0 0 0 0 0 0 0 0 0 0 0 0 0 0 0 
0 0 0 0 0 0 0 0 0 0 0 0 0 0 0 0 1 0 0 0 0 0 0 0 0 0 0 0 0 0 0 0 0 0 1 0 0 0 0 0 
0 0 0 0 0 0 0 0 0 0 0 0 0 0 0 0 0 0 0 0 0 0 0 0 -1 0 0 0 0 0 0 0 0 0 0 0 0 0 0 0 
0 0 0 0 1 0 0 0 0 0 0 0 0 0 0 1 0 0 0 0 0 0 0 0 0 0 0 0 0 0 0 0 0 0 0 0 0 0 0 0 
0 0 0 0 0 -2 0 0 0 0 0 0 0 0 0 0 0 0 0 0 0 0 0 0 0 0 0 1 0 0 0 0 0 0 0 0 1 0 0 0 
0 0 0 0 0 0 0 0 0 0 0 0 0 0 0 0 0 0 0 0 0 0 0 0 0 0 1 0 0 0 0 0 0 0 0 1 0 0 0 0 
0 0 0 0 0 0 0 0 0 0 1 0 0 0 0 0 0 1 0 0 0 0 0 0 0 0 3 0 0 0 0 0 0 0 0 0 0 0 0 0 
0 0 0 0 0 0 0 1 0 0 0 0 0 0 0 0 0 0 0 0 1 0 0 0 0 0 0 0 0 0 0 2 0 0 0 0 0 0 1 0 
0 0 0 0 0 0 0 0 0 0 0 0 0 0 0 0 0 0 0 0 0 0 0 0 0 0 0 0 1 0 0 0 0 0 0 0 0 0 0 0 
0 1 0 0 0 0 0 0 0 0 0 0 1 0 0 0 0 0 0 1 0 0 0 0 0 0 0 0 0 0 0 0 0 0 0 0 0 0 0 0 
0 0 0 0 0 0 0 0 0 0 0 0 0 0 0 0 0 0 0 0 0 0 0 0 0 0 0 0 0 1 0 0 0 1 0 0 0 0 0 0 
1 0 0 0 0 0 0 0 0 0 0 0 0 0 0 0 0 0 0 0 0 0 0 0 0 0 0 0 0 0 -1 0 0 0 0 0 0 0 0 0 
0 0 0 0 0 0 0 0 0 0 0 0 0 0 2 0 0 0 0 0 0 1 0 0 0 0 0 0 0 0 4 0 1 0 0 0 0 0 0 0 
0 0 0 0 0 0 0 0 0 0 0 1 0 0 0 0 0 0 0 0 0 0 0 0 0 0 0 0 0 0 0 0 0 0 0 1 0 0 0 0 
0 0 1 0 0 0 0 0 0 0 0 4 0 1 0 0 0 0 0 0 0 0 0 0 0 0 0 0 0 0 0 0 0 0 0 0 0 0 0 0 
0 0 0 0 0 0 0 0 0 0 0 0 0 0 0 0 1 0 0 0 0 0 0 1 0 0 0 0 0 0 0 0 1 0 0 0 0 0 0 0 
0 0 0 0 0 0 0 0 0 0 0 0 0 1 0 0 0 0 0 0 0 0 0 0 0 0 0 0 0 0 0 0 0 0 0 0 0 0 0 0 
0 0 0 0 1 0 0 0 0 0 0 0 0 0 1 0 0 0 0 0 0 0 0 0 0 0 0 0 0 0 0 0 0 0 0 0 0 0 0 0 
0 0 0 0 0 0 0 0 0 0 0 0 0 0 0 0 0 0 0 0 0 0 0 0 0 1 0 0 0 0 0 0 0 0 0 2 0 0 0 0 
0 0 0 0 0 0 0 0 0 0 0 0 0 0 0 -2 0 0 0 0 0 0 0 0 0 0 0 0 0 0 0 0 0 0 0 0 0 0 0 0 
0 0 0 0 0 0 1 0 0 0 0 0 0 0 0 4 0 1 0 0 0 0 0 0 0 0 0 0 0 0 0 0 0 0 0 0 -1 0 0 0 
0 0 0 0 0 0 0 0 0 0 0 0 0 0 0 0 0 0 0 0 0 0 0 0 0 0 0 1 0 0 0 0 0 0 0 0 4 0 0 0 
0 0 0 0 0 1 0 0 0 0 0 0 0 0 0 0 0 0 0 0 0 0 0 0 0 0 0 0 0 0 0 0 0 0 0 0 0 0 0 0 
0 0 0 0 0 0 0 0 1 0 0 0 0 0 0 0 0 4 0 0 0 0 0 0 0 0 0 1 0 0 0 0 0 0 0 0 0 0 0 0 
0 0 0 0 0 0 0 0 0 0 0 0 0 0 0 0 0 0 0 0 0 0 3 0 0 0 0 0 0 1 0 0 0 0 0 0 0 0 4 0 
0 0 0 0 0 0 0 0 0 1 0 0 0 0 0 0 0 0 0 1 0 0 0 0 0 0 0 0 0 0 0 0 0 0 0 0 0 0 0 0 
0 0 0 2 0 0 0 0 0 0 1 0 0 0 0 0 0 0 0 4 0 0 0 0 0 0 0 0 0 0 1 0 0 0 0 0 0 0 0 0 
0 0 0 0 0 0 0 0 0 3 0 0 0 0 0 0 0 0 0 0 0 0 0 0 0 0 0 0 0 0 0 2 0 0 0 0 0 0 0 0 
11 0 0 0 0 0 0 0 0 0 0 0 0 0 0 0 0 0 1 0 0 0 0 0 0 0 0 0 0 0 3 0 0 0 0 0 0 0 0 0 
0 0 0 0 0 0 0 0 0 0 0 0 1 0 0 0 0 0 0 0 0 11 0 0 0 0 0 0 0 0 0 0 0 0 0 0 0 0 0 1 
0 0 -2 0 0 0 0 0 0 0 0 0 0 0 0 0 0 0 0 0 0 0 0 0 0 0 0 0 0 0 0 0 0 0 1 0 0 0 0 0 
0 0 0 0 0 0 0 0 0 0 0 0 0 0 0 0 0 0 0 0 0 0 0 2 0 0 0 0 0 0 0 0 0 0 0 0 0 0 0 0 
0 0 0 0 0 0 0 0 0 0 0 0 0 0 0 1 0 0 0 0 0 0 0 0 0 0 0 0 0 0 0 0 0 0 0 0 0 0 0 0 
0 0 0 0 3 0 0 0 0 0 0 0 0 1 0 0 0 0 0 0 0 0 0 0 0 0 0 0 0 0 0 0 0 0 0 0 1 0 0 0 
0 0 0 0 3 0 0 0 0 0 0 0 0 0 0 0 0 0 0 0 0 0 0 0 0 0 0 0 0 0 0 0 0 0 0 0 0 0 0 1 
0 0 0 0 0 0 0 0 0 0 0 0 0 0 0 0 0 1 0 0 0 0 0 0 0 0 0 0 0 0 0 0 0 0 0 0 0 0 0 0 
0 0 0 0 0 0 1 0 0 0 0 0 0 0 0 0 0 0 0 0 1 0 0 0 0 0 0 0 0 0 0 0 0 0 0 0 0 0 1 0 
0 0 0 0 0 0 0 0 0 0 0 0 0 0 0 0 0 0 0 0 0 0 0 0 0 0 0 2 0 0 0 0 0 0 0 0 0 0 0 0 
0 0 0 0 0 0 0 0 0 1 0 0 0 0 0 0 0 0 0 1 0 0 0 0 0 0 0 0 0 0 0 0 0 0 0 0 0 0 0 0 
0 0 0 0 0 0 0 0 1 0 0 0 0 0 0 0 0 0 0 0 0 0 0 0 0 0 0 0 0 0 1 0 0 0 0 0 0 0 0 0 
1 0 0 0 0 0 0 0 0 0 0 0 0 0 0 0 0 0 0 0 0 0 0 0 0 0 0 0 0 2 0 0 0 0 0 0 0 0 0 0 
0 0 0 0 0 0 0 0 0 0 0 2 0 0 0 0 0 0 0 0 0 1 0 0 0 0 0 0 0 0 0 0 0 0 0 0 0 0 0 0 
0 0 0 0 0 0 0 0 0 0 1 0 0 0 0 0 0 0 0 0 0 0 0 0 0 0 0 0 0 0 0 0 3 0 0 0 0 0 0 0 
0 0 1 0 0 0 0 0 0 0 0 0 0 0 0 0 0 0 0 0 0 0 0 0 0 0 0 0 0 0 0 0 0 0 0 0 0 0 0 0 
1 0 0 0 0 0 0 0 0 0 0 0 0 0 0 1 0 0 0 0 0 0 0 1 0 0 0 0 0 0 0 3 0 0 0 0 0 0 0 0 
0 0 0 0 0 0 0 0 0 0 0 0 1 0 0 0 0 0 0 0 0 0 0 0 0 0 0 0 0 0 0 0 0 0 0 0 2 0 0 0 
0 0 0 0 1 0 0 0 0 0 0 0 2 0 0 0 0 0 0 0 0 0 0 0 0 0 0 0 0 0 0 0 0 0 0 0 0 0 0 0 
0 0 0 0 0 0 0 0 0 0 0 0 0 0 0 0 0 2 0 0 0 0 0 0 0 1 0 0 0 0 0 0 0 2 0 0 0 0 0 0 
0 0 0 0 0 0 0 0 0 0 0 0 0 0 1 0 0 0 0 0 0 0 0 0 0 0 0 0 0 0 0 0 0 0 0 0 0 0 3 0 
0 0 0 0 0 0 1 0 0 0 0 0 0 0 3 0 0 0 0 0 0 0 0 0 0 0 0 0 0 0 0 0 0 0 0 -1 0 0 0 0 
0 0 0 0 0 0 0 0 0 0 0 0 0 0 0 0 0 0 0 4 0 0 0 0 0 0 0 1 0 0 0 0 0 0 0 4 0 0 0 0 
0 0 0 0 0 0 0 0 0 0 0 0 0 0 0 0 -2 0 0 0 0 0 0 0 0 0 0 0 0 0 0 0 0 0 0 0 0 0 0 0 
1 0 0 0 0 0 0 0 1 0 0 0 0 0 0 0 1 0 0 0 0 0 0 0 0 0 0 0 0 0 0 0 0 0 0 0 0 1 0 0 
0 0 0 0 0 0 0 0 0 0 0 0 0 0 0 0 0 0 0 0 0 1 0 0 0 0 0 0 0 1 0 0 0 0 0 0 0 1 0 0 
0 0 0 0 0 0 0 0 0 0 0 0 0 0 0 0 0 0 2 0 0 0 0 0 0 0 0 0 0 0 0 0 0 0 0 0 0 0 0 0 
1 0 1 0 0 0 0 0 0 0 1 0 0 0 0 0 0 0 1 0 0 0 0 0 0 0 0 0 0 0 0 0 0 0 0 0 0 0 0 1 
0 0 0 0 0 0 0 0 0 0 0 0 0 0 0 0 0 0 0 0 0 0 0 0 0 0 0 0 0 0 0 1 0 0 0 0 0 0 0 4 
0 0 0 0 0 0 0 0 1 0 0 0 0 0 0 0 0 0 0 0 0 0 0 0 0 0 0 0 0 0 0 0 0 0 0 0 0 0 0 0 
0 0 0 0 0 0 0 0 0 0 0 0 1 0 0 0 0 0 0 0 4 0 0 0 0 0 0 0 0 0 1 0 0 0 0 0 0 0 0 0 
0 0 0 0 0 0 0 0 0 0 0 0 0 0 0 0 0 0 0 0 0 0 0 0 0 0 0 0 0 0 0 0 0 0 1 0 0 0 0 0 
0 4 0 0 0 0 0 0 0 0 0 0 0 0 0 0 0 0 0 0 0 0 -2 0 0 0 0 0 0 0 0 0 0 0 0 0 0 0 0 0 
0 0 0 0 0 0 0 0 0 0 0 0 0 0 0 0 2 0 0 0 0 0 0 0 0 0 0 0 0 0 0 0 0 0 0 0 0 0 0 0 
0 0 0 0 0 0 0 0 0 0 0 0 0 0 0 0 0 0 0 0 0 0 0 0 0 0 0 3 0 0 0 0 0 0 0 0 0 1 0 0 
0 0 0 0 0 0 0 0 0 0 0 0 0 0 0 0 0 0 0 0 0 0 0 0 0 0 0 0 0 0 0 0 0 0 0 0 0 0 0 0 
0 0 0 0 0 0 0 0 4 0 0 0 0 0 0 0 0 0 1 0 0 0 0 0 0 0 0 0 0 0 0 0 0 0 0 0 0 0 0 0 
0 0 0 0 0 1 0 0 0 0 0 0 0 0 0 0 0 0 0 0 0 0 0 0 0 0 0 0 0 0 0 0 0 0 0 0 0 0 0 1 
0 0 0 0 0 2 0 0 0 0 0 0 0 0 0 0 0 0 0 0 0 0 0 0 0 0 -1 0 0 0 0 0 0 0 0 0 0 0 0 0 
0 0 0 0 0 0 0 0 0 0 0 0 0 0 0 0 0 0 0 0 1 0 0 0 0 0 3 0 0 0 0 0 0 0 0 0 0 0 0 0 
0 0 0 0 0 0 0 -1 0 0 0 0 0 0 0 0 0 0 0 0 0 0 0 0 0 0 0 0 0 0 0 0 0 0 0 0 0 0 0 0 
0 0 0 1 0 0 0 0 0 0 0 0 0 0 0 0 0 0 0 0 0 0 0 0 0 0 0 0 1 0 0 0 0 0 1 0 0 0 0 0 
0 0 0 0 0 0 0 0 0 0 0 0 4 0 0 0 0 0 0 0 0 0 0 0 1 0 0 0 4 0 0 0 0 0 0 0 0 0 0 0 
0 0 0 0 0 0 0 0 0 0 0 0 0 0 0 0 0 0 1 0 0 0 0 0 0 0 0 0 0 0 0 0 0 0 0 0 0 0 0 0 
0 0 0 0 0 1 0 0 0 3 0 0 0 0 0 0 0 0 0 0 0 0 0 0 0 0 0 0 0 0 -1 0 0 0 0 0 0 0 0 0 
0 0 0 0 0 0 0 0 0 0 1 0 0 0 0 0 0 0 0 0 0 0 0 0 0 0 1 0 0 0 0 0 0 0 0 0 0 0 0 0 
0 0 0 0 0 0 0 0 0 0 0 -3 0 0 0 0 0 0 0 0 0 0 0 0 0 0 0 0 0 0 0 0 0 1 0 0 0 0 0 0 
0 0 0 0 0 0 0 1 0 0 0 0 0 0 0 0 0 0 0 0 0 0 0 0 0 0 0 0 0 0 0 0 0 0 0 0 0 0 0 0 
0 1 0 0 0 0 0 0 0 0 0 0 0 0 0 0 1 0 0 0 0 0 0 0 0 0 0 0 1 0 0 0 3 0 0 0 0 0 0 0 
0 0 0 0 0 0 0 0 0 0 0 0 0 0 0 0 0 0 0 0 0 0 0 0 0 0 0 0 0 0 0 0 0 0 0 0 0 2 0 0 
0 0 0 0 0 0 0 0 0 1 0 0 0 4 0 1 0 0 0 0 0 0 0 0 0 0 0 0 0 0 0 0 0 0 0 0 0 0 0 0 
0 0 0 0 0 0 0 0 0 0 0 0 0 0 0 0 0 0 1 0 0 0 0 0 0 0 0 0 0 0 1 0 0 0 4 0 1 0 0 0 
0 0 0 0 0 0 0 0 0 0 0 0 0 0 0 -1 0 0 0 0 0 0 0 0 0 0 0 0 0 0 0 0 0 0 0 0 0 0 0 1 
0 0 0 0 0 0 0 0 0 0 0 1 0 0 0 1 0 0 0 0 0 0 0 0 0 0 0 0 0 0 0 0 0 0 0 0 0 0 0 0 
0 0 0 0 0 0 0 0 0 0 0 0 0 0 0 0 0 0 0 0 0 0 0 0 0 0 0 0 0 0 0 0 1 0 0 0 4 0 1 0 
0 0 0 0 0 0 0 0 0 0 0 0 0 0 0 0 0 -2 0 0 0 0 0 0 0 0 0 0 0 0 0 0 0 0 0 0 0 0 0 0 
0 0 0 0 0 0 0 0 0 0 0 0 0 1 0 0 0 4 0 0 0 0 0 0 0 0 1 0 0 0 0 0 0 0 0 0 0 0 -1 0 
0 0 0 0 0 0 0 0 0 0 0 0 0 0 0 0 0 0 0 0 0 0 0 0 0 0 0 0 0 0 0 0 0 0 0 6 0 0 19 0 
0 0 0 0 0 0 0 0 0 0 0 0 0 0 0 0 0 0 0 -8 0 0 0 0 0 0 0 0 0 0 0 0 0 0 0 0 0 0 0 0 
0 0 0 4 0 0 0 0 0 0 0 0 0 0 0 0 1 0 0 4 0 0 0 0 0 0 0 0 0 0 0 0 0 0 0 0 0 0 0 0 
1 0 0 0 0 0 0 0 0 0 0 0 0 0 0 0 0 0 0 0 0 0 0 0 5 0 0 0 0 0 0 0 0 0 0 0 0 1 0 0 
5 0 0 0 0 0 0 0 0 0 0 0 0 0 0 0 0 0 0 0 0 0 0 0 0 0 0 0 0 0 0 0 0 0 0 0 0 0 0 0 
0 0 0 0 0 6 0 0 0 0 0 0 0 0 0 0 0 0 1 0 0 6 0 0 0 0 0 0 0 0 0 0 0 0 0 0 0 0 0 0 
0 0 -1 0 0 0 0 0 0 0 0 0 0 0 0 0 0 0 0 0 0 0 0 0 0 0 7 0 0 0 0 0 0 0 0 0 0 0 0 1 
0 0 7 0 0 0 0 0 0 0 0 0 0 0 0 0 0 0 0 0 0 0 0 -2 0 0 0 0 0 0 0 0 0 0 0 0 0 0 0 0 
0 0 0 0 0 0 0 0 0 0 0 0 0 0 0 0 0 0 0 0 0 1 0 0 0 0 0 0 0 0 0 0 0 0 0 0 0 0 0 0 
0 0 0 0 2 0 0 0 0 0 0 0 0 4 0 0 0 0 0 0 0 0 0 0 0 0 0 0 0 0 0 0 0 0 0 0 0 0 4 0 
0 0 1 0 0 0 0 0 0 0 0 0 0 0 0 0 0 0 0 0 0 0 0 0 0 -2 0 0 0 0 0 0 0 0 5 0 0 0 0 0 
0 0 0 0 0 0 0 0 0 0 0 0 0 0 0 0 0 0 0 5 0 0 0 1 0 0 0 0 0 0 0 0 0 0 0 0 0 0 0 0 
0 0 0 0 0 0 -3 0 0 0 0 0 0 0 0 2 0 0 0 0 0 0 0 0 0 0 0 0 0 0 0 0 0 0 0 0 0 0 0 0 
0 0 0 0 1 0 6 0 0 0 0 0 0 0 0 0 0 0 0 0 0 0 0 0 0 0 0 -2 0 0 0 0 0 0 0 0 1 0 0 0 
0 0 0 0 0 0 0 0 0 0 0 0 0 0 0 0 0 0 0 0 0 0 0 0 0 1 0 3 0 0 0 0 0 0 0 0 0 0 0 0 
0 0 0 0 0 0 0 0 0 0 0 0 0 0 0 0 0 0 0 0 0 1 0 0 0 0 0 0 0 0 0 0 0 0 0 0 0 0 0 0 
0 0 0 0 0 0 1 0 0 0 0 0 0 0 0 0 0 0 0 0 0 0 0 0 0 0 0 0 0 -1 0 0 0 0 0 0 0 0 0 0 
0 0 2 0 0 0 0 0 0 0 0 0 0 0 0 0 0 0 0 0 0 0 0 0 0 0 0 1 0 0 0 0 0 0 0 0 0 0 0 0 
0 0 0 0 0 0 0 0 0 0 -4 0 0 0 0 0 0 0 0 0 0 0 0 0 1 0 0 0 0 0 0 0 0 0 0 0 0 0 0 0 
0 0 0 0 0 0 0 0 1 0 0 0 0 0 0 0 0 0 0 0 0 0 0 0 0 0 0 0 0 0 0 1 0 0 0 0 0 0 0 0 
0 0 0 0 0 0 0 0 0 0 0 1 0 0 0 0 0 0 0 0 0 0 0 0 0 0 0 0 0 1 0 0 0 0 0 0 0 0 0 0 
0 0 0 0 0 0 0 0 0 0 0 0 -2 0 0 0 0 0 0 0 0 0 0 0 0 0 0 0 0 0 0 0 1 0 0 0 1 0 0 0 
0 0 0 0 0 0 0 0 0 0 1 0 1 0 0 0 0 0 0 0 0 0 0 0 0 0 0 0 0 0 0 0 0 -3 0 0 0 0 0 0 
0 0 0 0 0 0 0 0 0 0 0 0 0 0 0 1 0 0 0 0 0 0 0 0 0 0 0 0 0 0 0 1 0 0 0 0 0 0 0 0 
0 0 0 0 0 0 0 0 0 0 0 0 0 0 1 0 0 0 0 1 0 0 0 0 0 0 0 0 0 0 0 0 0 0 0 0 0 0 1 0 
0 0 0 0 0 0 0 0 0 0 0 0 1 0 4 0 0 0 0 0 0 0 0 0 0 0 0 0 0 0 0 0 0 0 0 0 0 0 0 0 
0 0 0 0 1 0 0 0 0 0 0 0 0 0 0 0 0 0 0 1 0 0 0 0 0 0 0 0 0 0 0 0 0 1 0 3 0 0 0 0 
0 0 0 0 0 0 0 0 0 0 0 0 0 0 0 0 1 0 0 0 0 0 0 0 0 0 0 0 0 1 0 0 0 0 0 0 0 0 0 0 
2 0 0 0 0 0 0 0 0 0 0 0 0 0 1 0 0 0 0 0 0 0 0 0 0 0 0 0 0 0 0 0 0 0 0 0 0 1 0 0 
0 0 0 0 0 0 0 0 0 0 1 0 0 0 0 0 0 0 0 0 0 1 0 0 0 0 0 0 0 0 0 0 0 0 0 1 0 0 0 0 
0 0 0 0 0 0 0 0 0 0 0 0 0 0 0 0 0 0 0 0 0 0 0 0 0 0 0 0 0 0 0 0 0 0 0 0 0 0 1 0 
0 0 1 0 0 0 0 0 0 0 0 0 0 0 0 0 1 0 0 0 0 0 0 0 0 0 0 0 0 0 0 0 0 0 0 0 0 0 0 -1 
0 0 0 0 0 0 0 0 0 0 0 0 0 0 0 0 0 0 0 0 0 0 0 3 0 0 0 1 0 0 0 0 0 0 0 0 0 1 0 0 
0 0 0 0 0 0 0 0 0 0 0 0 0 0 0 0 0 0 0 0 1 0 0 0 0 0 0 0 0 0 0 0 0 0 0 0 0 0 0 0 
0 0 0 0 1 0 0 0 0 0 0 0 0 0 0 0 0 0 1 0 7 0 2 0 0 0 0 0 0 0 0 0 0 0 0 0 0 0 0 0 
0 -1 0 0 0 0 0 0 0 0 0 0 0 0 0 0 0 0 0 0 0 0 0 0 0 1 0 0 0 0 0 0 0 0 0 0 0 0 0 1 
0 4 0 1 0 0 0 0 0 0 0 0 0 0 0 0 0 0 0 0 0 0 0 0 0 0 0 0 0 0 0 0 0 0 0 0 0 0 0 0 
0 0 0 0 0 0 2 0 0 0 0 0 0 0 0 0 0 0 0 0 1 0 0 0 0 0 0 0 0 0 0 2 0 0 0 0 0 0 0 0 
0 0 0 0 0 0 0 0 0 0 0 0 0 0 0 0 0 0 0 0 0 0 0 0 0 0 0 1 0 0 0 0 0 0 0 0 0 0 0 0 
0 1 0 0 0 0 0 0 0 0 0 0 1 0 0 0 0 0 0 0 0 0 0 0 1 0 0 0 0 0 0 0 0 0 0 0 0 0 0 0 
0 0 0 0 0 0 0 0 6 0 0 0 0 0 0 0 0 0 2 0 0 0 1 0 0 0 0 0 0 0 0 0 0 0 0 0 0 0 0 0 
0 0 0 0 0 2 0 0 0 0 0 0 0 0 0 0 0 0 0 0 0 0 0 0 0 0 0 0 0 9 0 0 0 0 0 0 0 0 0 3 
0 0 0 1 0 0 0 0 0 0 0 0 0 0 0 0 0 0 0 0 0 0 0 0 0 0 2 0 0 0 0 0 0 0 0 0 0 0 0 0 
0 0 0 0 0 0 0 0 0 0 12 0 0 0 0 0 0 0 0 0 4 0 0 0 1 0 0 0 0 0 0 0 0 0 0 0 0 0 0 0 
0 0 0 0 0 0 0 2 0 0 0 0 0 0 0 0 0 0 0 0 0 0 0 0 0 0 0 0 0 0 0 15 0 0 0 0 0 0 0 0 
0 5 0 0 0 1 0 0 0 0 0 0 0 0 0 0 0 0 0 0 0 0 0 0 0 0 0 0 2 0 0 0 0 0 0 0 0 0 0 0 
0 0 0 0 0 0 0 0 0 0 0 0 18 0 0 0 0 0 0 0 0 0 6 0 0 0 1 0 0 0 0 0 0 0 0 0 0 0 0 0 
0 0 0 0 0 0 0 0 0 2 0 0 0 0 0 0 0 0 0 0 0 0 0 0 0 0 0 0 0 0 0 0 0 3 0 0 0 0 0 0 
0 0 0 1 0 0 0 1 0 0 0 0 0 0 0 0 0 0 0 0 0 0 0 0 0 0 0 0 0 0 2 0 0 0 0 0 0 0 0 0 
0 0 0 0 0 0 0 0 0 0 0 0 0 0 0 0 0 0 0 0 0 0 0 0 1 0 0 0 1 0 3 0 0 0 0 0 0 0 0 0 
0 0 0 0 0 0 0 0 0 0 0 1 0 0 0 0 0 0 0 0 0 0 0 0 0 0 0 0 0 0 0 0 0 0 0 2 0 0 0 0 
0 0 0 0 0 0 0 0 0 1 0 2 0 0 0 0 0 0 0 0 0 0 0 0 0 0 0 0 0 0 0 0 0 0 0 0 0 0 0 0 
0 0 0 0 0 0 0 0 0 0 0 0 0 0 0 0 3 0 0 0 0 0 0 0 0 0 0 0 0 0 1 0 3 0 0 0 0 0 0 0 
0 0 0 0 0 0 0 0 0 0 0 0 0 -1 0 0 0 0 0 0 0 0 0 0 0 0 0 0 0 0 0 0 0 0 0 0 0 1 0 0 
0 0 0 0 0 0 0 0 0 0 0 2 0 1 0 0 0 0 0 0 0 0 0 0 0 0 0 0 0 0 0 0 0 0 3 0 0 0 0 0 
0 0 0 0 0 0 0 0 0 0 0 0 0 0 0 0 0 0 4 0 0 0 0 0 0 0 0 0 0 0 0 0 4 0 4 0 0 0 0 0 
0 0 0 0 0 0 0 0 0 0 0 0 0 0 0 4 0 0 0 0 0 0 0 0 0 0 0 0 0 0 0 0 0 0 0 0 0 0 0 1 
0 0 0 0 0 0 0 0 0 0 0 0 0 1 0 1 0 0 0 0 0 0 0 0 0 0 0 0 0 0 0 0 0 0 0 0 1 0 0 0 
0 0 0 0 0 0 0 0 0 0 0 0 0 0 0 0 0 0 0 0 0 0 0 0 0 0 0 0 0 0 0 0 0 0 1 0 0 1 0 0 
0 0 0 0 0 0 0 0 0 0 0 0 0 0 0 0 0 0 0 0 0 0 0 0 0 0 0 0 0 0 0 0 0 0 0 0 0 0 0 0 
0 0 0 0 0 0 0 0 0 0 0 0 0 0 0 1 0 0 2 0 0 0 0 0 0 0 0 0 0 0 0 0 0 0 0 0 0 0 -2 0 
0 0 0 0 0 0 0 0 0 0 0 0 0 0 0 0 0 0 0 0 0 0 0 0 0 0 0 0 0 0 0 0 0 0 0 0 1 0 7 0 
2 0 0 0 0 0 0 0 0 0 0 0 0 0 0 0 0 0 0 -2 0 0 0 0 0 0 0 0 2 0 0 0 0 0 0 0 0 0 0 0 
0 0 0 0 0 0 0 0 0 0 0 0 0 2 0 0 0 1 0 0 0 0 0 0 0 0 0 0 2 0 0 0 0 0 0 0 0 0 0 0 
0 0 0 0 0 0 0 0 0 3 0 0 0 0 0 0 0 0 0 0 0 0 0 0 0 0 0 0 0 0 0 0 0 0 3 0 0 0 1 0 
0 0 0 0 0 0 0 0 0 3 0 0 0 0 0 0 0 0 0 0 0 -1 0 0 0 0 0 0 0 0 1 0 0 0 0 0 0 0 0 0 
0 0 0 0 0 0 0 0 0 0 0 0 0 0 0 1 0 0 0 1 0 0 0 0 0 0 0 0 0 0 1 0 0 0 0 0 0 0 0 0 
0 0 1 0 0 0 0 0 0 0 0 0 0 0 0 0 0 0 0 0 0 0 0 0 0 0 0 0 0 0 0 0 0 0 0 0 0 0 0 0 
1 0 4 0 0 0 0 0 0 0 0 1 0 0 0 0 0 0 0 0 0 0 0 0 0 0 0 0 0 0 0 0 2 0 0 0 0 0 0 0 
0 0 0 0 0 0 0 0 0 0 0 0 0 0 0 0 0 2 0 0 0 1 0 0 0 0 0 0 0 0 0 0 0 2 0 0 0 0 0 0 
0 0 0 0 0 0 0 0 0 0 0 0 0 1 0 0 0 0 0 0 0 0 0 0 0 0 0 0 0 0 0 0 0 0 0 0 0 0 1 0 
0 0 1 0 0 0 0 0 0 0 0 0 0 0 1 0 0 0 0 0 0 0 0 0 0 1 0 0 0 0 0 0 0 0 0 0 0 0 0 0 
0 0 0 0 0 0 0 0 0 0 0 0 0 0 0 0 0 0 0 0 0 0 0 1 0 4 0 0 0 0 0 0 0 0 0 1 0 0 0 0 
0 0 0 0 0 0 0 0 0 0 0 0 0 0 0 0 0 0 0 0 0 0 0 0 0 0 0 0 0 0 3 0 0 0 0 0 0 0 0 0 
0 0 0 0 1 0 4 0 0 0 0 0 0 0 0 0 0 1 0 0 0 0 0 0 0 0 0 1 0 0 0 0 0 0 0 0 0 0 0 0 
0 0 0 0 0 0 0 0 0 0 0 0 0 0 0 0 0 0 0 0 0 0 0 0 0 0 1 0 0 0 0 0 0 0 0 0 0 0 0 0 
0 0 0 0 0 0 0 0 3 0 0 0 0 0 0 0 0 0 0 0 0 0 0 0 0 0 0 0 0 0 0 0 0 0 0 0 0 0 0 0 
0 0 0 0 0 0 0 1 0 0 0 0 0 0 0 0 0 0 0 0 0 0 0 0 0 0 0 0 0 4 0 0 0 0 0 0 0 0 2 0 
0 0 0 0 0 0 0 0 0 0 0 0 0 0 0 0 0 0 0 0 0 0 0 0 0 0 0 0 1 6 0 0 0 0 0 0 0 0 0 0 
0 0 0 0 0 0 0 0 0 0 -1 0 0 0 0 0 0 0 0 3 0 0 0 0 0 0 0 0 0 0 0 0 0 0 0 0 0 0 0 0 
0 0 0 0 0 0 0 0 0 1 9 0 0 0 0 0 0 0 0 0 0 0 0 0 0 0 0 0 0 0 0 -3 0 0 0 0 0 0 0 0 
4 0 0 0 0 0 0 0 0 0 0 0 0 0 0 0 0 0 0 0 0 0 0 0 0 0 0 0 0 0 1 12 0 0 0 0 0 0 0 0 
0 0 0 0 0 0 0 0 0 0 0 0 -4 0 0 0 0 0 0 0 0 5 0 0 0 0 0 0 0 0 0 0 0 0 0 0 0 0 0 0 
0 0 0 0 0 0 0 0 0 0 0 1 15 0 0 0 0 0 0 0 0 0 0 0 0 0 0 0 0 0 0 0 0 -6 0 0 0 0 0 0 
0 0 1 0 0 0 0 0 0 0 0 0 0 0 0 0 0 0 0 0 0 0 0 0 0 0 0 0 0 0 0 0 1 3 0 0 0 0 0 0 
0 0 0 0 0 0 0 0 0 0 0 0 0 0 1 0 0 0 0 0 0 0 0 0 1 0 0 0 0 0 0 0 0 0 1 0 0 0 4 0 
0 0 0 0 0 0 0 0 0 0 0 0 0 1 4 0 0 0 0 0 0 0 0 0 0 0 0 0 0 0 0 0 0 0 0 -2 0 0 0 0 
0 0 0 0 0 0 0 0 0 1 0 0 0 0 0 0 0 0 0 0 0 0 0 0 0 0 0 0 0 0 0 0 0 0 1 0 0 0 0 0 
0 0 0 0 0 0 0 0 0 0 0 0 0 0 0 0 2 0 0 0 0 0 0 0 0 0 0 0 0 0 1 0 0 0 0 0 0 0 0 0 
0 0 0 0 0 0 0 0 0 0 0 0 0 0 0 1 0 0 0 0 0 0 0 0 0 0 0 0 0 0 0 0 0 0 0 0 0 3 0 0 
0 0 0 0 0 0 0 0 0 0 0 2 0 0 0 0 0 0 0 0 0 0 0 0 0 0 0 0 0 0 0 0 0 0 0 0 1 0 0 0 
0 0 0 0 0 0 0 0 0 0 0 0 0 0 0 0 0 0 1 0 0 0 0 0 0 0 0 0 0 0 0 0 0 0 0 0 0 0 1 0 
0 0 0 0 0 0 0 0 0 0 0 0 0 0 0 0 0 1 0 0 0 0 0 0 0 0 0 0 0 0 0 0 0 0 0 0 0 0 0 0 
0 0 0 0 0 0 0 0 0 0 0 0 0 0 0 0 0 0 0 1 0 0 0 2 0 0 0 0 0 0 0 0 0 0 0 0 0 0 1 2 
0 0 0 0 0 0 0 0 0 0 0 0 0 0 0 0 0 0 0 0 -2 0 0 0 0 0 0 0 0 0 0 0 0 0 0 0 0 0 0 0 
1 0 0 0 3 0 0 0 0 0 0 0 0 0 0 0 0 0 0 1 3 0 0 0 0 0 0 0 0 0 0 0 0 0 0 0 0 0 0 0 
0 -3 0 0 0 0 0 0 0 0 0 0 0 0 0 0 0 0 0 0 0 1 0 0 0 1 0 0 0 0 0 0 0 0 0 0 0 0 0 0 
1 1 0 0 0 0 0 0 0 0 0 0 0 0 0 0 0 0 0 0 0 0 -1 0 0 0 0 0 0 0 0 0 0 0 0 0 0 0 0 0 
0 0 1 0 0 0 1 0 0 0 0 0 0 0 0 0 0 0 0 0 0 1 1 0 0 0 0 0 0 0 0 0 0 0 0 0 0 0 0 0 
0 0 0 -2 0 0 0 0 0 0 0 0 0 0 0 0 0 0 0 0 0 0 0 1 0 0 0 0 0 0 0 0 0 0 0 0 0 0 0 0 
0 0 1 0 0 0 0 0 0 0 0 0 0 0 0 0 0 0 0 0 0 0 0 0 -1 0 0 0 0 0 0 0 0 0 0 0 0 0 0 0 
0 0 0 0 0 0 1 0 0 0 0 0 0 0 0 0 0 0 0 0 0 0 0 1 0 0 0 0 0 0 0 0 0 0 0 0 0 0 0 0 
0 0 0 0 0 2 0 0 0 0 0 0 0 0 0 0 0 0 0 0 0 0 0 0 0 0 0 1 0 0 0 0 0 0 0 0 0 0 0 0 
0 0 0 0 1 0 0 0 0 0 0 0 0 0 0 0 0 0 0 0 0 0 0 0 0 0 3 0 0 0 0 0 0 0 0 0 0 0 0 0 
0 0 0 0 0 0 0 0 2 0 0 0 0 0 0 0 0 0 0 0 0 0 0 0 0 1 0 0 0 0 0 0 0 0 0 0 0 0 0 0 
0 0 0 0 0 0 0 1 0 0 0 0 0 0 0 0 0 0 0 0 0 0 0 0 0 0 0 0 0 2 0 0 0 0 0 0 0 0 0 0 
0 0 0 0 0 0 1 0 0 0 0 0 0 0 0 0 0 0 0 0 0 0 0 0 0 0 0 0 2 0 0 0 0 0 0 0 0 0 0 0 
0 0 0 0 0 0 0 0 0 0 0 0 0 0 0 1 0 0 0 0 0 0 0 0 0 0 0 1 0 0 0 0 0 0 0 0 0 0 0 0 
0 0 0 0 0 0 0 0 0 3 0 0 0 0 0 0 0 0 0 0 0 0 0 0 0 0 0 0 0 0 0 0 0 0 0 0 0 0 0 0 
0 0 0 1 0 0 0 0 1 3 0 0 0 0 0 0 0 0 0 0 0 0 0 0 0 0 0 0 0 0 3 0 0 0 0 0 0 0 0 0 
0 0 0 0 0 0 0 0 0 0 0 0 0 0 0 0 0 0 0 0 0 0 0 0 0 0 0 0 0 1 2 0 0 0 0 0 0 0 0 0 
0 0 0 0 0 0 0 0 0 0 0 1 0 0 0 0 0 0 0 0 0 0 0 0 0 0 0 0 0 0 0 0 0 0 0 0 0 0 0 0 
0 0 0 0 0 0 0 0 0 0 1 2 0 0 0 0 0 0 0 0 0 0 0 0 0 0 0 0 0 0 0 0 2 0 0 0 0 0 0 0 
0 6 0 0 0 0 0 0 0 0 0 0 0 0 0 0 0 0 0 0 0 0 0 0 0 0 0 0 0 0 0 3 24 0 0 0 0 0 0 0 
0 0 0 0 0 0 0 0 0 0 0 0 0 -6 0 0 0 0 0 0 0 0 2 0 0 0 0 0 0 0 0 0 0 0 0 0 0 0 0 0 
0 0 0 0 0 0 0 0 0 0 0 0 1 8 0 0 0 0 0 0 0 0 0 0 0 0 0 0 0 0 0 0 0 0 -2 0 0 0 0 0 
0 0 0 2 0 0 0 0 0 0 0 0 0 0 0 0 0 0 0 0 0 0 0 0 0 0 0 0 0 0 0 0 0 1 8 0 0 0 0 0 
0 0 0 0 0 0 0 0 0 0 0 0 0 0 0 -3 0 0 0 0 0 0 0 0 3 0 0 0 0 0 0 0 0 0 0 0 0 0 0 0 
0 0 0 0 0 0 0 0 0 0 0 0 0 0 1 11 0 0 0 0 0 0 0 0 0 0 0 0 0 0 0 0 0 0 0 0 -4 0 0 0 
0 0 0 0 0 3 0 0 0 0 0 0 0 0 0 0 0 0 0 0 0 0 0 0 0 0 0 0 0 0 0 0 0 0 0 1 11 0 0 0 
0 0 0 0 0 0 0 0 0 0 0 0 0 0 0 0 0 -5 0 0 0 0 0 0 0 0 1 0 0 0 0 0 0 0 0 0 0 0 0 0 
0 0 0 0 0 0 0 0 0 0 0 0 0 0 0 0 1 5 0 0 0 0 0 0 0 0 0 0 0 0 0 0 0 0 0 0 0 0 0 0 
0 0 0 0 0 0 0 1 0 0 0 0 0 0 0 0 0 0 0 0 0 0 0 0 0 0 0 0 0 0 0 0 0 0 0 0 0 1 5 0 
0 0 0 0 0 0 0 0 0 0 0 0 0 0 0 0 0 0 0 -1 0 0 0 0 0 0 0 0 1 0 0 0 0 0 0 0 0 0 0 0 
0 0 0 3 0 0 0 0 0 0 0 0 0 0 0 0 0 0 2 10 0 0 0 0 0 0 0 0 0 0 0 0 0 0 0 0 0 0 0 0 
-1 0 0 0 0 0 0 0 0 2 0 0 0 0 0 0 0 0 0 0 0 0 0 0 1 0 0 0 0 0 0 0 0 0 0 0 0 0 0 1 
9 0 0 0 0 0 0 0 0 0 0 0 0 0 0 0 0 0 0 0 0 -4 0 0 0 0 0 0 0 0 1 0 0 0 0 0 0 0 0 0 
0 0 0 0 0 2 0 0 0 0 0 0 0 0 0 0 0 0 0 0 1 7 0 0 0 0 0 0 0 0 0 0 0 0 0 0 0 0 0 0 
0 0 -3 0 0 0 0 0 0 0 0 1 0 0 0 0 0 0 0 0 0 0 0 0 0 0 1 0 0 0 0 0 0 0 0 0 0 0 0 0 
0 1 6 0 0 0 0 0 0 0 0 0 0 0 0 0 0 0 0 0 0 0 0 -2 0 0 0 0 0 0 0 0 0 0 0 0 1 0 0 0 
0 0 0 0 0 0 0 0 0 0 0 0 0 0 0 0 0 0 0 0 0 0 1 2 0 0 0 0 0 0 0 0 0 0 0 0 0 0 0 0 
0 0 0 0 -2 0 0 0 0 0 0 0 0 0 0 0 0 0 1 0 0 0 0 0 0 0 0 0 0 0 0 0 0 0 0 0 0 0 0 0 
0 0 0 1 2 0 0 0 0 0 0 0 0 0 0 0 0 0 0 0 0 0 0 0 0 1 0 0 0 0 0 0 0 0 0 0 0 0 0 0 
0 0 0 0 0 1 0 0 0 0 0 0 0 0 0 0 0 0 0 0 0 0 0 0 1 2 0 0 0 0 0 0 0 0 0 0 0 0 0 0 
0 0 0 0 0 0 -3 0 0 0 0 0 0 0 0 0 0 0 0 0 0 0 0 0 0 0 1 0 0 0 1 0 0 0 0 0 0 0 0 0 
0 0 0 0 0 1 3 0 0 0 0 0 0 0 0 0 0 0 0 0 0 0 0 0 0 0 0 -4 0 0 0 0 0 0 0 0 0 0 0 0 
0 0 0 0 0 0 0 0 0 1 0 0 0 0 0 0 0 0 0 0 0 0 0 0 0 0 1 2 0 0 0 0 0 0 0 0 0 0 0 0 
0 0 0 0 0 0 0 0 0 0 0 0 0 0 0 0 0 0 0 0 0 0 0 0 0 0 0 0 0 0 1 0 0 0 0 0 0 0 0 0 
0 0 0 0 0 0 0 1 2 0 0 0 0 0 0 0 0 0 0 0 0 0 0 0 0 0 0 0 0 1 0 0 0 0 0 0 0 0 0 0 
0 0 0 0 0 0 0 0 0 0 0 2 0 0 0 0 0 0 0 0 0 0 0 0 0 0 0 0 1 2 0 0 0 0 0 0 0 0 0 0 
0 0 0 0 0 0 0 0 0 0 0 0 0 0 0 0 0 0 0 0 0 0 0 0 0 0 0 0 0 0 0 0 2 0 0 0 0 0 0 0 
0 0 0 0 0 0 0 0 0 1 2 0 0 0 0 0 0 0 0 0 0 0 0 0 0 0 0 0 0 0 0 -1 0 0 0 0 0 0 0 0 
0 0 0 0 0 0 0 0 0 0 0 0 0 0 0 2 0 0 0 0 0 0 0 0 0 0 0 0 0 0 1 2 0 0 0 0 0 0 0 0 
0 0 0 0 0 0 0 0 0 0 0 0 1 0 0 0 0 0 0 0 0 0 0 0 0 0 0 0 0 0 0 0 0 0 0 0 2 0 0 0 
0 0 0 0 0 0 0 0 0 0 0 1 2 0 0 0 0 0 0 0 0 0 0 0 0 0 0 0 0 0 0 0 0 2 0 0 0 0 0 0 
0 0 0 0 0 0 0 0 0 0 0 0 0 0 0 0 0 3 0 0 0 0 0 0 0 0 0 0 0 0 0 0 1 3 0 0 0 0 0 0 
0 0 0 0 0 0 0 0 0 0 0 0 0 0 0 0 0 0 0 0 0 0 0 0 0 0 0 0 0 0 0 0 0 0 0 0 0 0 3 0 
0 0 0 0 0 0 0 0 0 0 0 0 0 1 3 0 0 0 0 0 0 0 0 0 0 0 0 0 0 0 0 0 0 0 0 1 0 0 0 0 
0 0 0 0 0 0 0 0 0 0 0 0 0 0 0 0 0 0 0 4 0 0 0 0 0 0 0 0 0 0 0 0 0 0 1 4 0 0 0 0 
0 0 0 0 0 0 0 0 0 0 0 0 0 0 0 0 0 0 0 0 0 0 0 0 0 0 0 0 0 0 0 0 0 0 0 0 0 0 0 0 
1 0 0 0 0 0 0 0 0 0 0 0 0 0 0 1 1 0 0 0 0 0 0 0 0 0 0 0 0 0 0 0 0 0 0 0 0 2 0 0 
0 0 0 0 0 0 0 0 0 0 0 0 0 0 0 0 0 0 0 0 0 1 0 0 0 0 0 0 0 0 0 0 0 0 0 0 1 1 0 0 
0 0 0 0 0 0 0 0 0 0 0 0 0 0 0 0 0 0 3 0 0 0 0 0 0 0 0 2 0 0 0 0 0 0 0 0 0 0 0 0 
0 0 2 0 0 0 0 0 0 0 0 0 0 0 0 0 0 1 8 0 0 0 0 0 0 0 0 0 0 0 0 0 0 0 0 0 0 0 0 -2 
0 0 0 0 0 0 0 0 1 0 0 0 0 0 0 0 0 0 0 0 0 0 0 4 0 0 0 0 0 0 0 0 0 0 0 0 0 0 1 7 
0 0 0 0 0 0 0 0 0 0 0 0 0 0 0 0 0 0 0 0 -2 0 0 0 0 0 0 0 0 0 0 0 0 0 0 0 0 0 0 0 
1 0 0 0 2 0 0 0 0 0 0 0 0 0 0 0 0 0 0 1 2 0 0 0 0 0 0 0 0 0 0 0 0 0 0 0 0 0 0 0 
0 -1 0 0 0 0 0 0 0 0 0 0 0 0 0 0 0 0 0 0 0 1 0 0 0 1 0 0 0 0 0 0 0 0 0 0 0 0 0 0 
1 2 0 0 0 0 0 0 0 0 0 0 0 0 0 0 0 0 0 0 0 0 -2 0 0 0 0 0 0 0 0 0 0 0 0 0 0 0 0 0 
0 0 0 0 0 0 6 0 0 0 1 0 0 0 0 0 0 0 0 0 0 1 3 0 0 0 0 0 0 0 0 0 0 0 0 0 0 0 0 0 
0 0 0 0 0 0 0 0 0 0 0 0 0 0 0 0 0 0 0 0 0 0 0 0 0 0 0 9 0 0 0 2 0 0 0 0 0 0 0 0 
0 0 1 3 0 0 0 0 0 0 0 0 0 0 0 0 0 0 0 0 0 0 0 0 -1 0 0 0 0 0 0 0 0 0 0 0 0 0 0 0 
0 0 0 0 0 0 0 0 7 0 0 0 1 0 0 0 0 0 0 0 0 0 0 1 4 0 0 0 0 0 0 0 0 0 0 0 0 0 0 0 
0 0 0 0 0 -1 0 0 0 0 0 0 0 0 0 0 0 0 0 0 0 0 0 0 0 0 0 0 0 10 0 0 0 2 0 0 0 0 0 0 
0 0 0 0 1 4 0 0 0 0 0 0 0 0 0 0 0 0 0 0 0 0 0 0 0 0 -2 0 0 0 0 0 0 0 0 0 0 0 0 0 
0 0 0 0 0 0 0 0 0 0 2 0 0 0 0 0 0 0 0 0 0 0 0 0 0 1 10 0 2 0 0 0 0 0 0 0 0 0 0 0 
0 0 0 0 0 0 0 -2 0 0 0 0 0 0 0 0 0 0 0 0 0 0 0 0 0 0 0 0 0 0 0 2 0 0 0 0 0 0 0 0 
0 0 0 0 0 0 1 6 0 1 0 0 0 0 0 0 0 0 0 0 0 0 0 0 0 0 0 0 0 0 0 0 0 0 0 0 0 0 0 0 
0 0 0 0 0 0 0 0 0 0 0 0 2 0 0 0 0 0 0 0 0 0 0 0 0 0 0 1 6 0 1 0 0 0 0 0 0 0 0 0 
0 0 0 0 0 0 0 0 0 1 0 0 0 0 0 0 0 0 0 0 0 0 0 0 0 0 0 0 0 0 0 0 0 1 0 0 0 0 0 0 
0 0 0 0 0 0 0 0 1 6 0 1 0 0 0 0 0 0 0 0 0 0 0 0 0 0 0 0 0 0 0 0 0 0 0 0 0 0 0 0 
0 0 0 0 0 0 0 0 0 0 0 0 0 0 1 0 0 0 0 0 0 0 0 0 0 0 0 0 0 1 6 0 1 0 0 0 0 0 0 0 
0 0 0 0 0 0 0 0 0 0 0 -1 0 0 0 0 0 0 0 0 0 0 0 0 0 0 0 0 0 0 0 0 0 0 0 0 0 0 1 0 
0 0 0 0 0 0 0 0 0 0 1 5 0 0 0 0 0 0 0 0 0 0 0 0 0 0 0 0 0 0 0 0 0 0 0 0 0 0 0 0 
0 0 0 0 0 0 0 0 0 0 0 0 0 0 0 0 0 0 0 1 0 0 0 0 0 0 0 0 0 0 0 1 5 0 0 0 0 0 0 0 
0 0 0 0 0 0 0 0 0 0 0 0 0 1 0 0 0 0 0 0 0 0 0 0 0 0 0 0 0 0 0 0 0 0 0 0 0 2 0 0 
0 0 0 0 0 0 0 0 0 0 0 0 2 6 0 0 0 0 0 0 0 0 0 0 0 0 0 0 0 0 0 0 0 0 2 0 0 0 0 0 
0 0 0 0 0 0 0 0 0 0 0 0 0 0 0 0 0 0 5 0 0 0 0 0 0 0 0 0 0 0 0 0 0 3 11 0 0 0 0 0 
0 0 0 0 0 0 0 0 0 0 0 0 0 0 0 1 0 0 0 0 0 0 0 0 0 0 0 0 0 0 0 0 0 0 0 0 0 0 0 1 
0 0 0 0 0 0 0 0 0 0 0 0 0 0 1 3 0 0 0 0 0 0 0 0 0 0 0 0 0 0 0 0 0 0 0 0 0 0 0 0 
0 0 0 0 0 0 0 0 0 0 0 0 0 0 0 0 0 0 0 0 2 0 0 0 0 0 0 0 0 0 0 0 0 0 0 1 4 0 0 0 
0 0 0 0 0 0 0 0 0 0 0 0 0 0 0 0 0 0 0 0 0 0 0 0 0 0 0 0 0 0 0 0 0 0 0 0 0 0 0 0 
0 2 0 0 0 0 0 0 0 0 0 0 0 0 0 0 1 4 0 0 0 0 0 0 0 0 0 0 0 0 0 0 0 0 0 0 0 0 -1 0 
0 0 0 0 0 0 0 0 0 0 0 0 0 0 0 0 0 0 0 0 0 0 3 0 0 0 0 0 0 0 0 0 0 0 0 0 0 1 5 0 
0 0 0 0 0 0 0 0 0 0 0 0 0 0 0 0 0 0 0 -1 0 0 0 0 0 0 0 0 0 0 0 0 0 0 0 0 0 0 0 0 
0 0 0 4 0 0 0 0 0 0 0 0 0 0 0 0 0 0 1 6 0 0 0 0 0 0 0 0 0 0 0 0 0 0 0 0 0 0 0 0 
-2 0 0 0 0 0 0 0 0 0 0 0 0 0 0 0 0 0 0 0 0 0 0 0 1 0 0 0 0 0 0 0 0 0 0 0 0 0 0 1 
3 0 0 0 0 0 0 0 0 0 0 0 0 0 0 0 0 0 0 0 0 1 0 0 0 0 0 0 0 0 0 0 0 0 0 0 0 0 0 0 
0 0 0 0 0 0 0 0 0 0 0 0 0 0 0 0 0 0 0 0 1 2 2 0 0 0 0 0 0 0 0 0 0 0 0 0 0 0 0 0 
0 0 -3 0 0 0 0 0 0 0 0 0 0 0 0 0 0 0 0 0 0 0 0 0 0 0 0 0 0 0 0 0 0 0 0 0 0 0 0 0 
0 1 2 1 0 0 0 0 0 0 0 0 0 0 0 0 0 0 0 0 0 0 0 -1 0 0 0 0 0 0 0 0 1 0 0 0 0 0 0 0 
0 0 0 0 0 0 0 0 0 0 0 0 0 0 0 0 0 1 0 0 0 0 1 2 0 0 0 0 0 0 0 0 1 0 0 0 0 0 0 0 
0 0 0 0 0 0 0 0 0 0 0 0 0 0 0 0 0 0 0 0 0 0 0 0 0 0 0 0 0 0 0 0 0 0 0 0 0 0 0 0 
0 0 0 1 10 0 0 0 0 0 0 0 0 2 0 0 0 0 0 0 0 0 0 0 0 -2 0 0 0 0 0 0 0 0 0 0 0 0 0 0 
0 0 0 0 0 0 0 0 0 0 0 0 0 0 0 0 0 0 0 0 0 0 0 0 1 6 0 0 0 0 0 0 0 0 1 0 0 0 0 0 
0 0 0 0 0 0 0 0 0 0 0 0 0 0 0 0 0 0 0 0 0 0 0 0 0 0 0 0 0 0 0 0 0 0 0 0 0 0 0 0 
0 0 0 0 0 1 6 0 0 0 0 0 0 0 0 1 0 0 0 0 0 0 0 0 0 0 0 -1 0 0 0 0 0 0 0 0 0 0 0 0 
0 0 0 0 0 0 0 0 0 0 0 3 0 0 0 0 0 0 0 0 0 0 0 0 0 0 1 6 0 0 0 0 0 0 0 0 0 0 1 0 
0 0 0 0 0 0 0 0 0 0 0 0 0 0 0 0 0 0 0 0 0 0 0 0 0 0 0 0 0 0 0 0 3 0 0 0 0 0 0 0 
0 0 0 0 0 0 0 1 6 0 0 0 0 0 0 0 0 0 0 1 0 0 0 0 0 0 0 0 0 1 0 0 0 0 0 0 0 0 0 0 
0 0 0 0 0 0 0 0 0 0 0 0 0 0 0 0 0 0 0 0 0 0 0 0 0 0 0 0 1 0 1 0 0 0 0 0 0 0 0 0 
0 0 0 0 0 0 0 0 0 0 2 0 0 0 0 0 0 0 0 0 0 0 0 0 0 0 0 0 0 0 0 0 0 0 0 0 0 0 0 0 
0 0 0 0 0 0 0 0 0 1 0 2 0 0 0 0 0 0 0 0 0 0 0 0 0 0 0 0 0 0 0 0 0 0 0 0 0 0 0 0 
0 0 0 0 0 0 0 0 0 0 0 0 0 0 0 0 0 0 0 0 0 0 0 0 0 0 0 0 0 0 1 0 3 0 0 0 0 0 0 0 
0 0 0 0 0 0 0 0 0 0 0 0 -2 0 0 0 0 0 0 0 0 2 0 0 0 0 0 0 0 0 0 0 0 0 0 0 0 0 0 0 
0 0 0 0 0 0 2 0 0 0 0 1 0 0 0 0 0 0 0 0 0 2 0 0 0 0 0 0 0 0 0 0 0 2 0 0 0 0 0 0 
0 0 3 0 0 0 0 0 0 0 0 0 0 0 0 0 0 0 0 0 0 0 0 0 0 0 0 3 0 0 0 0 1 0 0 0 0 0 0 0 
0 0 3 0 0 0 0 0 0 0 0 0 0 0 1 0 0 0 0 0 0 0 0 1 0 0 0 0 0 0 0 0 0 0 0 0 0 0 0 0 
0 0 0 0 0 0 0 0 1 0 0 0 0 1 0 0 0 0 0 0 0 0 0 1 0 0 0 0 0 0 0 0 0 0 0 3 0 0 0 0 
0 0 0 0 0 0 0 0 0 0 0 0 0 0 0 0 0 0 0 0 0 0 0 0 0 0 0 0 0 0 0 0 0 0 1 8 0 0 0 0 
0 0 0 0 2 0 0 0 0 0 0 0 0 0 0 0 0 0 0 0 0 0 0 0 0 0 0 0 0 0 0 0 0 0 0 0 0 0 0 0 
0 0 0 0 0 0 0 0 0 0 0 0 0 0 0 1 8 0 0 0 0 0 0 0 0 2 0 0 0 0 0 0 0 0 0 0 0 -1 0 0 
0 0 0 0 0 0 0 0 0 0 0 0 0 0 0 0 0 0 0 0 0 0 0 0 0 0 0 0 0 0 0 0 0 0 0 0 1 4 0 0 
0 0 0 0 0 0 1 0 0 0 0 0 0 0 0 0 0 0 1 0 0 0 0 0 0 0 0 0 0 0 0 0 0 0 0 0 0 0 0 0 
0 0 0 0 0 0 0 0 0 0 0 0 0 0 0 0 0 1 4 0 0 0 0 0 0 0 0 1 0 0 0 0 0 0 0 0 0 0 0 2 
0 0 0 0 0 0 0 0 0 0 0 0 0 0 0 0 0 0 0 0 0 0 0 3 0 0 0 0 0 0 0 0 0 0 0 0 0 0 1 4 
0 0 0 0 0 0 0 0 0 0 1 0 0 0 0 0 0 0 0 0 2 0 0 0 0 0 0 0 0 0 0 0 0 0 0 0 0 0 0 0 
0 0 0 0 3 0 0 0 0 0 0 0 0 0 0 0 0 0 0 1 4 0 0 0 0 0 0 0 0 0 0 1 0 0 0 0 0 0 0 0 
0 3 0 0 0 0 0 0 0 0 0 0 0 0 0 0 0 0 0 0 0 0 0 0 0 0 0 0 0 0 0 0 0 0 0 0 0 0 0 0 
0 2 0 0 0 0 0 0 0 0 0 0 0 0 0 0 0 0 0 0 0 0 0 0 0 0 0 0 0 0 0 0 0 0 0 0 0 0 0 0 
0 0 0 0 0 0 0 0 0 0 0 0 0 0 0 0 0 0 0 0 0 0 0 1 0 0 0 0 0 0 0 0 0 0 0 0 0 0 0 0 
0 0 0 -2 0 0 0 0 0 0 0 0 0 0 0 0 0 0 0 0 0 0 0 0 0 0 0 0 0 0 0 0 0 0 0 0 0 0 0 0 
0 0 0 7 0 2 0 0 0 0 0 0 0 0 0 0 0 0 0 0 0 0 0 0 -4 0 0 0 0 0 0 0 0 0 0 0 0 0 0 0 
0 0 0 0 0 0 0 0 0 0 0 0 0 0 0 0 0 0 0 0 0 0 0 0 4 0 1 0 0 0 0 0 0 0 0 0 0 0 0 0 
0 0 0 0 0 -3 0 0 0 0 0 0 0 0 0 0 0 0 0 0 0 0 0 0 0 0 0 0 0 0 0 0 0 0 0 0 0 0 0 0 
0 0 0 0 0 0 0 0 1 0 0 0 0 0 0 0 0 0 0 0 0 0 0 0 0 0 4 0 0 0 0 0 0 0 0 0 0 0 0 0 
0 0 0 0 0 0 0 0 0 0 0 0 0 0 0 0 0 0 0 0 0 0 0 0 0 0 1 0 0 1 0 0 0 0 0 0 0 0 0 0 
0 0 0 0 0 0 0 3 0 0 0 0 0 0 0 0 0 0 0 0 0 0 0 0 0 0 0 0 0 1 0 0 0 0 0 0 0 0 0 0 
0 0 0 0 0 0 0 1 0 0 1 0 0 0 0 0 0 0 0 0 0 0 0 0 0 0 0 0 2 0 0 0 0 0 0 0 0 0 0 0 
0 0 0 0 0 0 0 0 0 0 2 0 0 0 0 0 0 0 0 0 0 0 0 0 0 0 0 0 1 0 0 1 0 0 0 0 0 0 0 0 
0 0 0 0 0 0 0 0 0 1 0 0 0 0 0 0 0 0 0 0 0 0 0 0 0 0 0 0 0 0 0 3 0 0 0 0 0 0 0 0 
0 0 0 0 0 0 0 0 0 1 0 0 1 0 0 0 0 0 0 0 0 0 0 0 0 0 0 0 0 0 0 0 0 0 0 0 0 0 0 0 
0 0 0 0 0 0 0 0 0 0 0 0 0 0 2 0 0 0 0 0 0 0 0 0 0 0 0 0 0 0 2 0 0 1 0 0 0 0 0 0 
0 0 0 0 0 0 0 0 0 0 0 2 0 0 0 0 0 0 0 0 0 0 0 0 0 0 0 0 0 0 0 0 0 0 0 3 0 0 0 0 
0 0 0 0 0 0 0 0 0 0 0 3 0 0 1 0 0 0 0 0 0 0 0 0 0 0 0 0 0 0 0 0 1 0 0 0 0 0 0 0 
0 0 0 0 0 0 0 0 0 0 0 0 0 0 0 0 1 0 0 0 0 0 0 0 0 0 0 0 0 0 0 0 1 0 0 1 0 0 0 0 
0 0 0 0 0 0 0 0 0 0 0 0 0 3 0 0 0 0 0 0 0 0 0 0 0 0 0 0 0 0 0 0 0 0 0 0 0 1 0 0 
0 0 0 0 0 0 0 0 0 0 0 0 0 2 0 0 1 0 0 0 0 0 0 0 0 0 0 0 0 0 0 0 0 0 2 0 0 0 0 0 
0 0 0 0 0 0 0 0 0 0 0 0 0 0 0 0 0 0 2 0 0 0 0 0 0 0 0 0 0 0 0 0 0 0 3 0 0 1 0 0 
0 0 0 0 0 0 0 0 0 0 0 0 0 0 0 1 0 0 0 0 0 0 0 0 0 0 0 0 0 0 0 0 0 0 0 0 0 0 0 3 
0 0 0 0 0 0 0 0 0 0 0 0 0 0 0 4 0 0 1 0 0 0 0 0 0 0 0 0 0 0 0 0 0 0 0 0 0 0 0 0 
0 0 0 0 0 0 0 0 0 0 0 0 0 0 0 0 0 0 0 0 4 0 0 0 0 0 0 0 0 0 0 0 0 0 0 0 5 0 0 1 
0 0 0 0 0 0 0 0 0 0 0 0 0 0 0 0 0 -1 0 0 0 0 0 0 0 0 0 0 0 0 0 0 0 0 0 0 0 0 0 0 
0 0 0 0 0 0 0 0 0 0 0 0 0 0 0 0 0 9 0 0 1 0 0 0 0 0 2 0 0 0 0 0 0 0 0 0 0 0 -1 0 
0 0 0 0 0 0 0 0 0 0 0 0 0 0 0 0 0 0 0 0 0 0 0 0 0 0 0 0 0 0 0 0 0 0 0 0 0 0 13 0 
0 1 0 0 0 0 0 3 0 0 0 0 0 0 0 0 0 0 0 -3 0 0 0 0 0 0 0 0 0 0 0 0 0 0 0 0 0 0 0 0 
0 0 0 0 0 0 0 0 0 0 0 0 0 0 0 0 0 0 0 5 0 0 1 0 0 0 0 0 1 0 0 0 0 0 0 0 0 0 0 0 
1 0 0 0 0 0 0 0 0 0 0 0 0 0 0 0 0 0 0 0 0 0 0 0 0 0 0 0 0 0 0 0 0 0 0 0 0 0 0 0 
0 0 0 0 1 0 0 0 0 0 0 0 0 0 0 0 0 0 0 0 0 0 0 0 0 0 0 0 0 0 0 0 0 0 0 0 0 0 0 0 
0 0 0 0 0 0 0 0 0 0 0 0 0 0 0 0 0 0 0 0 0 0 0 0 0 1 0 0 0 0 0 0 0 0 0 0 0 0 0 0 
0 0 2 0 0 0 0 0 1 0 0 0 0 0 0 0 0 0 0 0 0 0 0 0 0 0 4 0 0 0 0 0 0 0 0 0 0 0 0 0 
0 0 4 0 0 0 1 0 0 0 0 0 0 0 0 0 0 0 0 0 0 0 0 1 0 0 0 0 0 3 0 0 0 0 0 0 0 0 0 0 
0 0 0 0 0 0 0 12 0 0 0 0 0 0 0 0 0 0 0 0 0 0 0 12 0 0 0 1 0 0 0 0 0 0 0 0 0 0 0 0 
0 0 0 0 -1 0 0 0 0 0 0 0 0 2 0 0 0 0 0 0 0 0 0 0 0 0 0 0 0 0 0 0 0 0 0 0 0 0 0 0 
0 0 0 0 6 0 0 0 1 0 0 0 0 0 0 0 0 0 0 0 0 0 0 0 0 -2 0 0 0 0 0 0 0 0 1 0 0 0 0 0 
0 0 0 0 0 0 0 0 0 0 0 0 0 0 0 0 0 0 0 0 0 0 0 0 0 3 0 0 0 1 0 0 0 0 0 0 0 0 0 0 
0 0 0 0 0 0 0 0 0 0 0 0 0 0 0 1 0 0 0 0 1 0 0 0 0 0 0 0 0 0 0 0 0 0 0 0 0 0 0 0 
0 0 0 0 0 0 3 0 0 0 1 0 0 0 0 0 0 0 0 0 0 0 0 0 0 0 0 -1 0 0 0 0 0 0 0 0 1 0 0 0 
0 0 0 0 0 0 0 0 0 0 0 1 0 0 0 0 0 0 0 0 0 0 0 0 0 0 0 4 0 0 0 1 0 0 0 0 0 0 0 0 
0 0 0 0 0 0 0 0 -1 0 0 0 0 0 0 0 0 0 0 0 0 0 1 0 0 0 0 0 0 0 0 0 0 0 0 0 0 0 0 0 
0 0 0 0 0 0 0 0 0 0 0 0 1 0 0 0 0 0 0 0 0 0 0 0 0 0 0 0 0 1 0 0 0 0 0 0 0 0 0 0 
0 0 0 2 0 0 0 0 0 0 0 0 0 0 0 0 0 0 0 0 0 0 0 0 0 0 0 0 0 0 0 0 0 1 0 0 0 0 0 0 
0 0 0 0 0 0 0 0 0 0 0 0 0 0 0 0 0 0 0 0 0 0 0 0 3 0 0 0 0 0 0 0 0 0 0 0 0 0 0 0 
0 0 0 0 0 0 0 0 0 0 0 0 0 0 1 0 0 0 0 0 0 0 0 0 0 0 0 0 0 0 0 -1 0 0 0 0 0 0 0 0 
0 0 0 0 0 4 0 0 0 0 0 0 0 0 0 0 0 0 0 0 0 0 0 0 0 0 0 0 0 0 0 0 0 0 0 1 0 0 0 0 
0 0 0 0 0 0 0 0 0 0 0 0 -2 0 0 0 0 0 0 0 0 0 0 0 0 0 0 0 0 0 0 0 1 0 0 0 1 0 0 0 
0 0 0 0 0 0 0 0 0 0 0 0 1 0 0 0 1 0 0 0 0 0 0 0 0 0 0 0 0 0 0 0 0 -3 0 0 0 0 0 0 
0 0 0 0 0 0 0 0 0 0 0 0 0 1 0 0 0 0 0 0 0 0 0 0 0 0 0 0 0 0 0 0 0 0 0 0 0 1 0 0 
0 0 0 0 0 0 0 0 0 0 0 0 0 0 -2 0 0 0 0 0 0 0 0 1 0 0 0 0 0 0 0 0 0 0 0 0 0 0 1 0 
0 0 0 0 0 0 0 0 0 0 0 0 0 0 3 0 0 0 1 0 0 0 0 0 0 0 0 0 0 0 0 0 0 0 0 1 0 0 0 0 
0 0 0 0 0 0 0 0 0 0 0 0 0 0 0 0 0 0 0 2 0 0 0 0 0 0 0 0 0 0 0 0 0 0 0 8 0 2 0 1 
0 0 0 0 0 0 0 0 0 0 0 0 0 0 0 0 -2 0 0 0 0 0 0 0 0 0 0 0 0 0 0 0 0 0 0 0 0 0 0 0 
2 0 0 0 0 0 0 0 0 0 0 0 0 0 0 0 4 0 1 0 1 0 0 0 0 0 0 0 0 0 0 0 0 0 0 0 0 1 0 0 
0 0 0 0 0 0 0 0 0 0 0 0 0 0 0 0 0 0 0 0 0 1 0 0 0 0 0 0 0 0 0 0 0 0 0 0 0 4 0 1 
0 1 0 0 0 0 0 0 0 0 0 0 0 0 0 0 0 0 0 0 0 0 0 0 0 0 0 0 0 0 0 0 0 0 0 0 0 0 0 0 
0 0 2 0 0 0 0 0 0 0 0 0 0 0 0 0 0 0 0 0 0 0 1 0 0 0 0 2 0 0 0 0 0 0 0 0 0 0 0 0 
0 0 0 0 0 0 0 0 0 0 0 0 0 0 0 0 0 0 0 0 0 0 0 2 0 0 0 0 0 0 0 0 0 0 0 0 0 0 0 2 
0 0 0 1 0 0 0 0 0 0 0 0 0 0 0 0 0 0 0 0 0 0 0 0 0 0 0 0 0 0 0 0 0 0 0 0 0 0 0 0 
0 0 0 0 3 0 0 0 0 0 0 0 0 0 0 0 0 0 0 0 3 0 0 0 1 0 0 0 0 0 0 0 0 0 0 0 0 0 0 0 
0 -1 0 0 0 0 0 0 0 0 0 0 0 0 0 0 0 0 0 0 0 0 0 0 0 1 0 0 0 0 0 0 0 0 0 0 0 0 0 0 
0 1 0 0 0 2 0 0 0 0 0 0 0 0 0 0 0 0 0 0 0 0 3 0 0 0 0 0 0 0 0 0 0 0 0 0 0 0 0 0 
0 0 0 0 0 0 4 0 0 0 0 0 0 0 0 0 0 0 0 0 0 0 4 0 0 0 3 0 0 0 0 0 0 0 0 0 0 0 0 0 
0 0 0 2 0 0 0 0 0 0 0 0 0 0 0 0 0 0 0 0 0 0 0 0 0 0 0 4 0 0 0 0 0 0 0 0 0 0 0 0 
0 0 0 4 0 0 0 4 0 0 0 0 0 0 0 0 0 0 0 0 0 0 0 0 4 0 0 0 0 0 0 0 0 0 0 0 0 0 0 0 
0 0 0 0 0 0 0 0 8 0 0 0 0 0 0 0 0 0 0 0 0 0 0 0 8 0 0 0 6 0 0 0 0 0 0 0 0 0 0 0 
0 0 0 0 0 4 0 0 0 0 0 0 0 0 0 0 0 0 0 0 0 0 0 0 0 0 0 0 0 1 0 0 0 0 0 0 0 0 0 0 
0 0 0 0 0 1 0 0 0 1 0 0 0 0 0 0 0 0 0 0 0 0 0 0 0 0 1 0 0 0 0 0 0 0 0 0 0 0 0 0 
0 0 0 0 0 0 0 0 0 0 1 0 0 0 0 0 0 0 0 0 0 0 0 0 0 0 0 0 0 0 1 0 0 0 0 2 0 0 0 0 
0 0 0 0 0 0 0 -1 0 0 0 0 0 0 0 0 0 0 0 0 0 0 0 0 0 0 0 0 0 0 0 0 0 0 0 0 0 0 0 0 
0 0 0 0 0 0 0 8 0 0 0 1 0 0 0 0 2 0 0 0 0 0 0 0 0 0 0 0 -2 0 0 0 0 0 0 0 0 0 0 0 
0 0 0 0 0 0 0 0 0 0 0 0 0 0 0 0 0 0 0 0 0 0 0 0 0 0 0 0 4 0 0 0 1 0 0 0 0 1 0 0 
0 0 0 0 0 0 0 0 0 0 0 0 0 0 0 0 0 0 0 0 0 0 0 0 0 0 0 0 0 0 0 0 0 0 0 0 0 0 0 0 
0 0 0 0 0 0 0 0 0 0 0 0 0 0 1 0 0 0 0 0 0 0 0 0 0 0 0 0 0 0 0 0 0 0 0 0 0 0 0 0 
0 0 0 0 0 0 0 0 0 0 0 0 0 0 0 0 0 0 0 0 0 0 0 0 0 0 0 0 0 0 0 0 0 0 0 1 0 0 0 0 
0 0 0 0 0 0 0 0 0 0 0 2 0 0 0 0 0 0 0 0 0 0 0 0 0 1 0 0 0 0 0 0 0 0 0 0 0 0 0 0 
0 0 0 0 0 0 0 0 0 0 0 0 0 0 0 0 1 0 0 0 0 0 0 0 0 0 0 0 0 0 0 0 1 0 0 0 0 0 0 0 
0 0 0 0 0 0 2 0 0 0 0 0 0 0 0 0 0 0 0 0 0 0 0 0 0 0 0 0 0 0 0 0 0 0 0 0 0 1 0 0 
0 0 0 0 0 0 0 0 0 0 0 0 0 0 0 0 0 0 0 0 0 0 0 0 0 0 0 3 0 0 0 0 0 0 0 0 0 0 0 0 
0 0 0 0 0 0 0 0 0 0 0 0 0 0 0 0 0 0 1 0 0 0 0 0 0 0 0 0 0 0 0 0 0 0 -1 0 0 0 0 0 
0 0 0 0 0 0 0 0 4 0 0 0 0 0 0 0 0 0 0 0 0 0 0 0 0 0 0 0 0 0 0 0 0 0 0 0 0 0 0 1 
0 0 0 0 0 0 0 0 0 0 0 0 0 0 0 -2 0 0 0 0 0 0 0 0 0 0 0 0 0 0 0 0 0 0 0 0 0 0 0 6 
0 0 0 0 0 0 0 0 0 2 0 0 0 0 0 0 0 0 0 0 1 0 0 0 0 0 0 0 0 0 0 0 0 0 0 0 2 0 0 0 
0 0 0 0 0 0 0 0 0 0 0 0 0 0 0 0 0 0 0 0 9 0 0 0 0 0 0 0 0 0 3 0 0 0 0 0 0 0 0 0 
0 1 0 0 0 0 0 0 0 0 0 0 0 0 0 0 0 2 0 0 0 0 0 0 0 0 0 0 0 0 0 0 0 0 0 0 0 0 0 0 
0 12 0 0 0 0 0 0 0 0 0 4 0 0 0 0 0 0 0 0 0 0 1 0 0 0 0 0 0 0 0 0 0 0 0 0 0 0 2 0 
0 0 0 0 0 0 0 0 0 0 0 0 0 0 0 0 0 0 0 0 0 0 3 0 0 0 0 0 0 0 0 0 1 0 0 0 0 0 0 0 
0 0 0 1 0 0 0 0 0 0 0 0 0 0 0 0 0 0 0 2 0 0 0 0 0 0 0 0 0 0 0 0 0 0 0 0 0 0 0 0 
0 0 0 2 0 0 0 0 0 0 0 0 0 0 0 0 0 0 0 2 0 0 0 0 1 0 0 0 0 0 0 0 0 0 0 0 0 0 0 0 
0 0 0 0 0 0 0 0 0 0 0 0 0 0 0 0 0 0 0 0 0 0 0 0 3 0 0 0 0 0 0 0 0 0 0 0 0 0 0 0 
3 0 0 0 0 1 0 0 0 0 0 0 0 0 0 0 0 0 0 0 0 -1 0 0 0 0 0 0 0 0 0 0 0 0 0 0 0 0 0 0 
0 0 0 0 0 1 0 0 0 0 0 0 0 0 0 0 0 0 0 0 0 1 0 0 0 0 1 0 0 0 0 0 0 0 0 0 0 0 0 0 
0 0 1 0 0 0 0 0 0 0 0 0 0 0 0 0 0 0 0 0 0 0 0 0 0 0 0 0 0 0 0 0 0 0 0 0 0 0 0 0 
0 0 0 0 0 0 0 0 1 0 0 0 0 0 0 0 0 0 0 0 0 0 0 0 0 0 0 0 0 0 0 0 0 0 0 0 0 0 0 0 
0 0 0 0 0 0 0 0 0 0 0 0 0 0 0 0 0 0 0 0 0 0 0 0 0 0 0 0 0 1 0 0 0 0 0 0 0 0 0 0 
0 0 0 0 2 0 0 0 0 0 0 0 0 0 0 0 0 0 0 0 0 0 0 0 0 0 0 0 0 0 0 0 0 0 0 0 0 0 0 0 
0 0 0 0 0 0 0 0 0 0 1 0 0 0 0 0 0 0 0 0 0 0 0 0 0 4 0 0 0 0 0 0 0 0 0 0 0 0 0 0 
0 0 0 0 0 0 0 0 0 0 0 0 0 0 0 0 0 0 0 0 0 0 0 0 0 0 0 0 0 0 0 1 0 0 0 0 0 0 0 0 
0 0 0 0 0 0 -2 0 0 0 0 0 0 0 0 0 0 0 0 0 1 0 0 0 0 0 0 0 0 0 0 0 0 0 0 0 0 0 0 0 
0 0 0 0 0 0 0 0 0 0 0 0 1 0 0 0 0 0 0 0 0 0 0 0 0 0 0 1 0 0 0 0 0 0 0 0 0 0 0 0 
0 2 0 0 0 0 0 0 0 0 0 0 0 0 0 0 0 0 0 0 0 0 0 0 0 0 0 0 0 0 0 0 0 1 0 0 0 0 0 0 
0 0 0 0 0 0 0 0 0 0 0 0 0 0 0 0 0 0 0 0 0 0 3 0 0 0 0 0 0 0 0 0 0 0 0 0 0 0 0 0 
0 0 0 0 0 0 0 0 0 0 0 0 0 0 1 0 0 0 0 0 0 0 0 0 0 0 0 0 0 -1 0 0 0 0 0 0 0 0 0 0 
0 0 0 4 0 0 0 0 0 0 0 0 0 0 0 0 0 0 0 0 0 0 0 0 0 0 0 0 0 0 0 0 0 0 0 1 0 0 0 0 
0 0 0 0 0 0 0 0 0 0 -2 0 0 0 0 0 0 0 0 0 0 0 0 0 6 0 0 0 0 0 0 0 0 0 0 0 0 0 0 0 
0 0 0 0 0 0 0 0 0 0 0 0 0 0 0 0 1 0 0 0 0 0 0 0 0 0 0 0 0 0 0 -2 0 0 0 0 0 0 0 0 
0 0 0 0 0 0 0 0 0 0 0 0 0 0 0 0 0 0 0 0 0 0 0 0 0 2 0 0 0 0 0 6 0 0 0 0 0 1 0 0 
0 0 0 0 0 0 0 0 0 0 0 0 2 0 0 0 0 0 0 0 0 0 0 0 0 0 0 0 0 0 0 0 0 0 0 0 0 0 0 0 
0 0 0 0 0 0 3 0 0 0 0 0 9 0 0 0 0 0 1 0 0 0 0 0 0 0 0 0 0 0 0 0 0 1 0 0 0 0 0 0 
0 0 0 0 0 0 0 0 0 0 0 0 0 0 0 0 0 0 0 0 0 0 0 0 0 0 0 1 0 0 0 0 0 3 0 0 0 0 0 1 
0 0 0 0 0 0 0 0 0 0 0 0 0 0 3 0 0 0 0 0 0 0 0 0 0 0 0 0 0 0 0 0 0 0 0 0 0 0 2 0 
0 0 0 0 0 0 0 0 0 0 0 0 0 0 2 0 0 0 0 0 1 0 0 0 0 0 0 0 0 0 0 0 0 0 0 2 0 0 0 0 
0 0 0 0 0 0 0 0 0 0 0 0 0 0 0 0 0 0 0 3 0 0 0 0 0 0 0 0 0 0 0 0 0 0 0 3 0 0 0 0 
0 1 0 0 0 0 0 0 0 0 0 0 0 0 0 0 1 0 0 0 0 0 0 0 0 0 0 0 0 0 0 0 0 0 0 0 0 0 0 0 
4 0 0 0 0 0 0 0 0 0 0 0 0 0 0 0 4 0 0 0 0 0 1 0 0 0 0 0 0 0 0 0 0 0 0 0 0 0 0 0 
0 0 0 0 0 0 0 0 0 0 0 0 0 0 0 0 0 0 0 0 0 6 0 0 0 0 0 0 0 0 0 0 0 0 0 0 0 6 0 0 
0 0 0 1 0 0 0 0 0 0 0 0 0 0 0 0 0 0 -2 0 0 0 0 0 0 0 0 0 0 0 0 0 0 0 0 0 0 0 0 0 
0 0 1 0 0 0 0 0 0 0 0 0 0 0 0 0 0 0 1 0 0 0 0 0 1 0 0 0 0 0 0 0 0 0 0 0 0 0 0 3 
0 0 0 0 0 0 0 0 0 0 0 0 0 4 0 0 0 0 0 0 0 0 0 1 0 0 0 0 0 0 0 0 0 0 0 0 0 0 0 1 
0 0 0 0 0 1 0 0 0 0 0 0 0 0 0 0 0 0 0 0 -1 0 0 0 0 0 0 0 0 0 0 0 0 0 0 0 0 0 0 0 
0 0 0 0 0 0 0 0 0 0 0 0 0 0 0 0 0 0 0 0 8 0 0 0 0 0 1 0 0 2 0 0 0 0 0 0 0 0 0 0 
0 0 0 0 0 0 0 0 0 0 0 0 0 0 0 0 0 0 0 0 0 0 0 0 0 0 0 0 0 0 0 0 0 0 0 0 0 0 0 0 
0 12 0 0 0 0 0 1 0 0 3 0 0 0 0 0 0 0 0 0 0 0 -2 0 0 0 0 0 0 0 0 0 0 0 0 0 0 0 0 0 
0 0 0 0 0 0 0 0 0 0 0 0 0 0 0 0 0 0 0 0 0 0 4 0 0 0 0 0 1 0 0 1 0 0 0 0 0 0 0 0 
0 0 0 0 0 0 0 0 0 0 0 0 0 0 0 0 0 0 0 0 0 0 0 0 0 0 0 0 0 0 0 0 0 0 0 0 0 0 0 0 
0 0 0 4 0 0 0 0 0 1 0 0 1 0 0 0 0 0 0 0 0 0 0 0 2 0 0 0 0 0 0 0 0 0 0 0 0 0 0 0 
0 0 0 0 0 0 0 0 0 0 0 0 0 0 0 0 0 0 0 0 0 0 0 0 0 0 0 0 0 0 0 1 0 0 0 0 0 0 0 0 
0 0 0 0 0 3 0 0 0 0 0 0 0 0 0 0 0 0 0 0 0 0 0 0 0 0 0 0 0 0 0 0 0 0 0 0 0 0 0 0 
0 0 0 0 0 0 0 0 0 0 0 0 1 0 0 0 0 0 0 0 0 0 0 0 0 0 4 0 0 0 0 0 0 0 0 2 0 0 0 0 
0 0 0 0 0 0 0 0 0 0 0 0 0 0 0 0 0 0 0 0 0 0 0 0 0 0 6 0 0 0 0 0 0 1 0 0 0 0 0 0 
0 0 0 0 0 0 0 -1 0 0 0 0 0 0 0 0 3 0 0 0 0 0 0 0 0 0 0 0 0 0 0 0 0 0 0 0 0 0 0 0 
0 0 0 0 0 0 0 9 0 0 0 0 0 0 1 0 0 0 0 0 0 0 0 0 0 0 0 0 -3 0 0 0 0 0 0 0 0 4 0 0 
0 0 0 0 0 0 0 0 0 0 0 0 0 0 0 0 0 0 0 0 0 0 0 0 0 0 0 0 12 0 0 0 0 0 0 1 0 0 0 0 
0 0 0 0 0 0 0 0 0 -4 0 0 0 0 0 0 0 0 5 0 0 0 0 0 0 0 0 0 0 0 0 0 0 0 0 0 0 0 0 0 
0 0 0 0 0 0 0 0 0 15 0 0 0 0 0 0 1 0 0 0 0 0 0 0 0 0 0 0 0 0 -6 0 0 0 0 0 0 0 0 1 
0 0 0 0 0 0 0 0 0 0 0 0 0 0 0 0 0 0 0 0 0 0 0 0 0 0 0 0 0 0 3 0 0 0 0 0 0 1 0 0 
0 0 0 0 0 0 0 0 0 0 0 1 0 0 0 0 0 0 0 0 1 0 0 0 0 0 0 0 0 0 0 0 0 0 0 3 0 0 0 0 
0 0 0 0 0 0 0 0 0 0 0 6 0 0 0 0 0 0 1 0 0 0 0 0 0 0 0 0 0 0 0 0 -1 0 0 0 0 0 0 0 
0 0 1 0 0 0 0 0 0 0 0 0 1 0 0 0 4 0 0 0 0 0 0 0 0 0 0 0 0 0 0 0 4 0 0 0 0 0 0 1 
0 0 0 0 0 0 0 0 0 0 0 0 0 -2 0 0 0 0 0 0 0 0 0 0 0 0 1 0 0 0 0 0 0 0 0 0 0 0 0 0 
0 0 0 0 0 0 0 0 0 0 0 0 0 0 0 0 0 0 0 0 1 0 0 0 0 0 0 0 0 0 0 0 0 0 0 0 0 0 0 0 
0 0 0 0 0 0 0 0 1 0 0 0 0 0 0 0 0 0 0 0 0 0 0 0 0 0 0 0 0 0 0 0 0 0 0 0 0 0 0 0 
0 1 0 0 0 0 0 0 0 0 0 0 0 0 0 2 0 0 0 0 0 0 0 0 0 0 0 0 0 1 0 0 0 0 0 0 0 0 0 0 
0 0 0 0 0 0 0 0 0 0 0 0 0 0 0 0 0 0 0 0 0 0 1 0 0 0 0 0 0 0 0 0 0 0 0 0 3 0 0 0 
0 0 0 0 0 0 0 0 0 0 0 0 0 0 0 0 1 0 0 0 0 0 0 0 0 0 0 0 0 0 0 0 0 0 0 0 0 0 0 0 
0 0 0 1 0 0 0 0 0 0 0 0 0 0 0 0 0 0 0 0 0 0 0 0 0 0 0 0 0 0 0 0 0 0 0 0 0 1 0 0 
0 0 0 0 0 0 0 0 0 0 0 0 0 0 0 0 0 0 0 0 0 0 0 0 1 0 0 0 0 0 0 0 0 0 0 0 0 0 -1 0 
0 0 0 0 0 0 0 0 0 0 0 0 0 0 0 0 0 0 1 0 0 0 3 0 0 0 0 0 0 0 0 0 0 0 0 0 0 0 3 0 
0 0 0 0 0 1 0 0 0 0 0 0 0 0 0 0 0 0 0 -3 0 0 0 0 0 0 0 0 0 0 0 0 0 0 0 0 0 0 0 1 
0 0 0 1 0 0 0 0 0 0 0 0 0 0 0 0 0 0 0 1 0 0 0 0 0 0 1 0 0 0 0 0 0 0 0 0 0 0 0 0 
-2 0 0 0 0 0 0 0 0 0 0 0 0 0 0 0 0 0 0 0 1 0 0 0 2 0 0 0 0 0 0 0 0 0 0 0 0 0 0 0 
2 0 0 0 0 0 0 1 0 0 0 0 0 0 0 0 0 0 0 0 0 -2 0 0 0 0 0 0 0 0 0 0 0 0 0 0 0 0 0 0 
0 1 0 0 0 1 0 0 0 0 0 0 0 0 0 0 0 0 0 0 0 1 0 0 0 0 0 0 1 0 0 0 0 0 0 0 0 0 0 0 
0 0 -1 0 0 0 0 0 0 0 0 0 0 0 0 0 0 0 0 0 0 0 0 0 1 0 0 0 0 0 0 0 0 0 0 0 0 0 0 0 
0 0 0 0 0 0 0 0 0 1 0 0 0 0 0 0 0 0 0 0 0 0 0 2 0 0 0 0 0 0 0 0 0 0 0 0 0 0 0 0 
0 0 0 0 0 1 0 0 0 0 0 0 0 0 0 0 0 0 0 0 0 0 0 0 0 0 0 0 0 0 1 0 0 0 0 0 0 0 0 0 
0 0 0 0 3 0 0 0 0 0 0 0 0 0 0 0 0 0 0 0 0 0 0 0 0 0 2 0 0 0 0 0 0 0 0 0 0 0 0 0 
0 0 0 0 0 0 0 0 0 0 0 1 0 0 0 0 0 0 0 0 0 0 0 0 0 1 0 0 0 0 0 0 0 0 0 0 0 0 0 0 
0 0 0 0 0 0 0 2 0 0 0 0 0 0 0 0 0 0 0 0 0 0 0 0 0 0 0 0 0 0 0 0 1 0 0 0 0 0 0 0 
0 0 0 0 0 0 2 0 0 0 0 0 0 0 0 0 0 0 0 1 0 0 0 0 0 0 0 0 0 0 1 0 0 0 0 0 0 0 0 0 
0 0 0 0 0 0 0 0 0 0 0 0 0 1 0 0 0 0 0 0 0 0 0 0 0 0 0 1 0 0 0 0 0 0 0 0 0 0 0 0 
0 0 0 0 0 0 0 1 0 0 0 1 0 0 0 0 0 0 0 0 0 0 0 0 0 0 0 0 0 0 0 0 0 0 1 0 0 0 0 0 
0 0 0 0 0 0 0 0 0 0 0 0 0 0 0 0 0 0 0 0 0 0 0 0 0 0 0 0 0 0 0 0 2 0 0 0 0 0 0 0 
0 0 0 0 0 0 0 0 4 0 1 0 0 0 0 1 0 0 0 0 0 0 0 0 0 0 0 0 0 2 0 0 0 0 0 0 0 0 0 0 
0 0 0 0 0 0 0 0 0 0 0 0 0 3 0 0 0 0 0 0 0 0 0 0 0 0 0 0 0 4 0 1 0 0 0 0 1 0 0 0 
0 0 0 0 0 0 0 0 0 0 4 0 0 0 0 0 0 0 0 0 0 0 0 0 0 0 0 0 0 0 0 0 0 0 0 0 0 0 0 0 
0 0 0 0 1 0 0 0 0 0 3 0 0 0 0 0 0 1 0 0 0 0 0 0 0 0 0 0 0 0 0 3 0 0 0 0 0 0 0 0 
0 0 0 0 0 0 0 0 0 0 0 0 0 0 0 0 0 0 0 0 0 0 0 0 0 0 0 0 0 0 0 2 0 0 0 0 0 0 1 0 
0 0 0 0 0 0 0 0 0 0 0 0 1 0 0 0 0 0 0 0 0 0 0 0 0 0 0 0 0 0 0 0 0 0 0 0 0 0 0 0 
0 0 0 0 0 0 0 0 0 0 0 0 2 0 0 0 0 0 0 1 0 0 0 0 0 0 0 0 0 0 0 0 0 2 0 0 0 0 0 0 
0 0 6 0 0 0 0 0 0 0 0 0 0 0 0 0 0 0 0 0 0 0 0 0 0 0 0 0 0 0 0 0 0 24 0 0 0 0 0 0 
3 0 0 0 0 0 0 0 0 0 0 0 0 0 -6 0 0 0 0 0 0 0 0 2 0 0 0 0 0 0 0 0 0 0 0 0 0 0 0 0 
0 0 0 0 0 0 0 0 0 0 0 0 0 0 8 0 0 0 0 0 0 1 0 0 0 0 0 0 0 0 0 0 0 0 0 -2 0 0 0 0 
0 0 0 0 2 0 0 0 0 0 0 0 0 0 0 0 0 0 0 0 0 0 0 0 0 0 0 0 0 0 0 0 0 0 0 8 0 0 0 0 
0 0 1 0 0 0 0 0 0 0 0 0 0 0 0 0 -3 0 0 0 0 0 0 0 0 3 0 0 0 0 0 0 0 0 0 0 0 0 0 0 
0 0 0 0 0 0 0 0 0 0 0 0 0 0 0 0 11 0 0 0 0 0 0 1 0 0 0 0 0 0 0 0 0 0 0 0 0 -4 0 0 
0 0 0 0 0 0 3 0 0 0 0 0 0 0 0 0 0 0 0 0 0 0 0 0 0 0 0 0 0 0 0 0 0 0 0 0 0 11 0 0 
0 0 0 0 1 0 0 0 0 0 0 0 0 0 0 0 0 0 -5 0 0 0 0 0 0 0 0 1 0 0 0 0 0 0 0 0 0 0 0 0 
0 0 0 0 0 0 0 0 0 0 0 0 0 0 0 0 0 0 5 0 0 0 0 0 0 1 0 0 0 0 0 0 0 0 0 0 0 0 0 0 
0 0 0 0 0 0 0 0 1 0 0 0 0 0 0 0 0 0 0 0 0 0 0 0 0 0 0 0 0 0 0 0 0 0 0 0 0 0 0 5 
0 0 0 0 0 0 1 0 0 0 0 0 0 0 0 0 0 0 0 0 -1 0 0 0 0 0 0 0 0 0 0 0 0 0 1 0 0 0 0 0 
0 0 0 0 0 0 0 0 0 0 0 0 0 0 0 0 0 0 0 0 2 0 0 0 0 0 0 1 0 0 0 0 0 0 0 0 0 0 0 0 
0 1 0 0 0 0 0 0 0 0 0 0 0 0 0 2 0 0 0 0 0 0 0 0 0 0 0 0 0 0 0 0 0 0 0 0 0 0 0 0 
0 2 0 0 0 0 0 0 1 0 0 0 0 0 0 0 0 0 0 0 0 0 0 0 0 0 0 0 0 0 0 0 0 0 0 0 0 0 0 0 
0 0 0 0 1 0 0 0 0 0 0 0 0 0 0 0 0 0 0 0 0 0 2 0 0 0 0 0 0 1 0 0 0 0 0 0 0 0 0 0 
0 0 0 1 0 0 0 0 0 0 0 0 0 0 0 0 0 0 0 0 0 0 0 0 0 2 0 0 0 0 0 0 0 0 0 0 0 0 0 0 
0 0 0 2 0 0 0 0 0 0 1 0 0 0 0 0 0 0 0 0 0 0 0 0 0 0 0 0 0 0 0 0 0 0 0 0 0 0 0 0 
0 0 0 0 0 0 0 0 2 0 0 0 0 0 0 0 0 0 0 0 0 0 0 0 2 0 0 0 0 0 0 1 0 0 0 0 0 0 0 0 
0 0 0 0 0 1 0 0 0 0 0 0 0 0 0 0 0 0 0 0 0 0 0 0 0 0 0 0 0 2 0 0 0 0 0 0 0 0 0 0 
0 0 0 0 0 2 0 0 0 0 0 0 1 0 0 0 0 0 0 0 0 0 0 0 0 0 2 0 0 0 0 0 0 0 0 0 0 0 0 0 
0 0 0 0 0 0 0 0 0 0 3 0 0 0 0 0 0 0 0 0 0 0 0 0 0 0 3 0 0 0 0 0 0 1 0 0 0 0 0 0 
0 0 0 0 0 0 0 0 0 0 0 0 0 0 0 0 0 0 0 0 0 0 0 0 0 0 0 0 0 0 0 3 0 0 0 0 0 0 0 0 
0 0 0 0 0 0 0 3 0 0 0 0 0 0 1 0 0 0 0 0 0 0 0 0 0 0 0 0 1 0 0 0 0 0 0 0 0 0 0 0 
0 0 0 0 0 0 0 0 0 0 0 0 4 0 0 0 0 0 0 0 0 0 0 0 0 0 0 0 4 0 0 0 0 0 0 1 0 0 0 0 
0 0 0 0 0 0 0 0 0 0 0 0 0 0 0 0 0 0 0 0 0 0 0 0 0 0 0 0 0 0 0 0 0 1 0 0 0 0 0 0 
0 0 0 0 0 0 0 0 0 1 0 0 0 0 0 0 1 0 0 0 0 0 0 0 0 0 0 0 0 0 2 0 0 0 0 0 0 0 0 0 
0 0 0 0 0 0 0 0 0 0 0 0 0 0 1 0 0 0 0 0 0 0 0 0 0 0 0 0 0 0 1 0 0 0 0 0 0 1 0 0 
0 0 0 0 0 0 0 0 0 0 0 3 0 0 0 0 0 0 0 0 0 0 0 0 0 0 0 0 0 0 0 0 0 0 0 4 0 0 0 0 
0 0 0 0 0 0 0 0 0 0 0 10 0 2 0 0 0 0 1 0 0 0 0 0 0 0 0 0 0 0 0 0 0 0 0 0 0 0 0 0 
0 0 0 0 0 0 0 0 0 0 0 0 0 0 0 0 2 0 0 0 0 0 0 0 0 0 0 0 0 0 0 0 6 0 1 0 0 0 0 1 
0 0 0 0 0 0 0 0 0 0 0 0 0 1 0 0 0 0 0 0 0 0 0 0 0 0 0 0 0 0 0 0 0 0 0 0 0 1 0 0 
0 0 0 0 0 0 0 0 0 0 0 0 0 6 0 1 0 0 0 0 1 0 0 0 0 0 0 0 0 0 0 0 0 0 0 0 0 0 0 0 
0 0 0 0 0 0 0 0 0 0 0 0 0 0 0 0 0 0 2 0 0 0 0 0 0 0 0 0 0 0 0 0 0 0 6 0 0 0 0 0 
0 2 0 0 0 0 0 0 0 0 0 0 0 0 0 2 0 0 0 0 0 0 0 0 0 0 0 0 0 0 0 0 0 0 0 0 0 0 0 2 
0 0 0 0 0 0 0 0 0 0 0 0 0 0 0 4 0 0 0 0 0 0 1 0 0 0 0 0 0 0 0 0 0 0 0 0 0 0 0 0 
0 0 0 0 0 0 0 0 0 0 0 0 0 0 0 0 0 0 0 0 3 0 0 0 0 0 0 0 0 0 0 0 0 0 0 0 5 0 0 0 
0 0 0 1 0 0 0 0 0 0 0 0 0 0 0 0 0 -1 0 0 0 0 0 0 0 0 0 0 0 0 0 0 0 0 0 0 0 0 0 0 
0 1 0 0 0 0 0 0 0 0 0 0 0 0 0 0 0 3 0 0 0 0 0 0 1 0 0 0 0 0 0 0 0 0 0 0 0 0 0 0 
0 0 0 0 0 0 0 0 0 0 0 0 0 0 0 0 0 0 0 0 0 0 1 0 0 0 0 0 0 0 0 0 0 0 0 0 0 0 3 0 
0 0 0 0 0 1 0 0 0 0 0 0 0 0 0 0 0 0 0 1 0 0 0 0 0 0 0 0 0 0 0 0 0 0 0 0 0 0 0 0 
0 0 0 0 0 0 0 0 0 0 0 0 0 0 0 0 0 0 0 6 0 1 0 0 0 0 1 0 0 0 0 0 0 0 0 0 0 0 0 0 
-1 0 0 0 0 0 0 0 0 0 0 0 0 0 0 0 0 0 0 0 0 0 0 0 0 0 0 0 0 0 0 0 0 0 0 0 0 0 0 0 
10 0 0 0 0 0 0 1 0 2 0 0 0 0 0 0 0 0 0 0 0 -2 0 0 0 0 0 0 0 0 0 0 0 0 0 0 0 0 0 0 
0 0 0 0 0 0 0 0 0 0 0 0 0 0 0 0 0 0 0 0 0 6 0 0 0 0 0 0 1 0 1 0 0 0 0 0 0 0 0 0 
0 0 0 0 0 0 0 0 0 0 0 0 0 0 0 0 0 0 0 0 0 0 0 0 0 0 0 0 0 0 0 0 0 0 0 0 0 0 0 0 
0 0 6 0 0 0 0 0 0 1 0 1 0 0 0 0 0 0 0 0 0 0 0 -1 0 0 0 0 0 0 0 0 0 0 0 0 0 0 0 0 
0 0 0 0 0 0 0 3 0 0 0 0 0 0 0 0 0 0 0 0 0 0 0 6 0 0 0 0 0 0 1 0 0 0 1 0 0 0 0 0 
0 0 0 0 0 0 0 0 0 0 0 0 0 0 0 0 0 0 0 0 0 0 0 0 0 0 0 0 3 0 0 0 0 0 0 0 0 0 0 0 
0 0 0 0 6 0 0 0 0 0 0 1 0 0 0 1 0 0 0 0 0 0 0 0 0 1 0 0 0 0 0 0 0 0 0 0 0 0 0 0 
0 0 0 0 0 0 0 0 0 0 0 0 0 0 0 0 0 0 0 0 0 0 0 0 0 0 1 0 0 0 0 0 1 0 0 0 0 0 0 0 
0 0 0 0 0 0 1 0 0 0 0 0 0 0 0 0 0 0 0 0 0 0 0 0 0 0 0 0 0 0 0 0 0 0 0 0 0 0 0 0 
0 0 0 0 0 0 0 1 0 0 0 0 0 1 0 0 0 0 0 0 0 0 0 0 0 0 0 2 0 0 0 0 0 0 0 0 0 0 0 0 
0 0 0 0 0 0 0 0 0 0 0 0 0 0 0 0 0 0 0 0 0 0 0 0 0 0 0 0 2 0 0 0 0 0 1 0 0 0 0 0 
0 0 0 0 0 0 0 0 0 0 0 0 0 0 0 0 0 0 0 0 0 0 0 0 0 0 0 0 0 0 0 0 0 0 0 0 0 0 0 0 
0 0 0 0 0 0 0 0 0 2 0 0 0 0 0 1 0 0 0 0 0 0 0 0 0 0 0 0 0 -1 0 0 0 0 0 0 0 0 0 0 
0 0 0 0 0 0 0 0 0 0 0 0 0 0 0 0 0 0 0 0 0 0 0 0 0 0 0 0 0 0 3 0 0 0 0 0 1 0 0 0 
0 0 0 0 0 0 0 0 0 0 -2 0 0 0 0 0 0 0 0 0 0 0 0 0 0 0 0 0 0 0 0 0 0 0 0 0 0 0 0 0 
0 0 0 0 0 0 0 0 0 0 0 3 0 0 0 0 0 1 0 0 0 0 0 0 0 0 0 0 0 0 0 -3 0 0 0 0 0 0 0 0 
1 0 0 0 0 0 0 0 0 0 0 0 0 0 0 0 0 0 0 0 0 0 0 0 0 1 0 0 0 0 0 0 0 0 0 0 0 0 1 0 
1 0 0 0 0 0 0 0 0 0 0 0 2 0 0 0 0 0 0 0 0 0 0 0 0 0 0 0 0 0 0 0 0 0 0 0 0 0 0 0 
0 0 0 0 0 0 0 0 0 0 0 0 8 0 0 0 0 0 0 1 0 2 0 0 0 0 0 0 0 0 0 0 0 0 0 0 0 0 0 0 
0 0 0 0 0 0 0 0 0 0 0 0 0 0 0 0 0 0 0 0 0 0 0 0 0 0 0 0 0 0 0 0 0 8 0 0 0 0 0 0 
1 0 2 0 0 0 0 0 0 0 0 0 0 0 -1 0 0 0 0 0 0 0 0 0 0 0 0 0 0 0 0 0 0 0 0 0 0 0 0 0 
0 0 0 0 0 0 0 0 0 0 0 0 0 0 4 0 0 0 0 0 0 1 0 1 0 0 0 0 0 0 0 0 0 0 0 1 0 0 0 0 
0 0 0 0 0 0 0 0 0 0 0 0 0 0 0 0 0 0 0 0 0 0 0 0 0 0 0 0 0 0 0 0 0 0 0 4 0 0 0 0 
0 0 1 0 1 0 0 0 0 0 0 0 0 0 0 0 2 0 0 0 0 0 0 0 0 0 0 0 0 0 0 0 0 0 0 0 0 0 0 0 
3 0 0 0 0 0 0 0 0 0 0 0 0 0 0 0 4 0 0 0 0 0 0 1 0 0 0 1 0 0 0 0 0 0 0 0 0 2 0 0 
0 0 0 0 0 0 0 0 0 0 0 0 0 0 0 0 0 0 0 0 0 3 0 0 0 0 0 0 0 0 0 0 0 0 0 0 0 4 0 0 
0 0 0 0 1 0 0 0 1 0 0 0 0 0 0 0 0 0 3 0 0 0 0 0 0 0 0 0 0 0 0 0 0 0 0 0 0 0 0 0 
0 0 0 0 0 0 0 0 0 0 0 0 0 0 0 0 0 0 0 0 0 0 0 0 0 0 1 0 0 0 0 0 0 0 0 0 0 0 0 2 
0 0 0 0 0 0 0 0 1 0 0 0 0 0 0 0 0 0 0 0 0 0 0 0 0 0 0 0 0 0 0 0 0 0 0 0 0 0 0 3 
0 0 0 0 0 0 0 1 0 0 0 0 0 0 0 0 0 0 0 0 0 0 0 0 0 0 0 0 0 0 0 0 0 0 0 0 0 0 0 0 
0 0 1 0 0 0 0 0 0 0 0 0 0 0 0 0 0 0 0 0 0 0 0 0 0 0 0 0 1 0 0 0 0 0 0 0 0 0 0 0 
0 1 0 0 0 0 0 0 0 0 1 0 0 0 0 0 0 0 0 0 0 0 0 0 0 1 0 0 0 0 0 0 0 0 0 0 0 0 0 0 
0 3 0 0 0 0 0 0 0 1 0 0 0 0 0 0 0 0 0 0 0 0 1 0 0 0 0 0 0 0 0 0 0 0 0 0 0 0 0 0 
0 0 0 0 0 0 1 0 0 0 0 0 0 0 0 0 0 0 0 0 0 0 1 0 0 0 0 0 0 0 1 0 0 0 0 0 0 0 0 0 
0 0 0 1 0 0 0 0 0 0 0 0 0 0 0 0 0 0 0 0 0 0 0 0 0 0 0 0 0 0 0 0 0 0 0 0 0 0 0 0 
0 0 0 4 0 0 0 0 0 0 0 1 1 0 0 0 0 0 0 0 0 0 0 0 0 0 0 0 0 0 0 0 0 0 0 0 0 0 0 0 
0 0 0 0 0 0 0 0 0 0 0 0 0 0 0 0 0 0 0 0 0 0 0 0 0 0 0 0 0 0 0 0 0 1 0 0 0 0 0 0 
0 0 0 0 0 0 0 0 0 0 0 0 0 0 0 0 0 0 0 0 0 0 0 0 0 0 0 0 0 0 0 0 0 0 0 0 0 0 0 0 
0 0 0 0 0 0 0 0 0 0 0 0 0 0 1 0 0 0 0 0 0 0 0 0 0 0 -2 0 0 0 0 0 0 0 0 1 0 0 0 0 
0 0 0 0 0 0 0 0 0 0 0 0 0 0 0 0 0 0 0 0 1 0 0 0 0 0 0 0 0 0 0 0 0 0 0 1 0 0 0 0 
0 0 0 0 0 0 0 -1 0 0 0 0 0 0 0 0 0 0 0 0 0 0 0 0 0 0 0 0 0 0 0 0 0 0 0 0 0 0 0 0 
0 0 0 0 0 0 0 3 0 0 0 0 0 0 0 0 2 0 0 0 0 0 0 0 0 0 0 0 -2 0 0 0 0 0 0 0 0 0 0 0 
0 0 0 0 0 0 0 0 0 0 0 0 0 0 0 0 0 0 0 0 0 0 0 0 0 0 0 0 3 0 0 0 0 0 0 0 0 1 0 0 
0 0 0 0 0 0 0 0 0 -2 0 0 0 0 0 0 0 0 0 0 0 0 0 0 0 0 0 0 0 0 0 0 0 0 0 0 0 0 0 0 
0 0 0 0 0 0 0 0 0 4 0 0 0 0 0 0 0 0 1 0 0 0 0 0 0 0 0 0 0 0 -2 0 0 0 0 0 0 0 0 0 
0 0 0 0 0 0 0 0 0 0 0 0 0 0 0 0 0 0 0 0 0 0 0 0 0 0 0 0 0 0 0 0 0 0 0 0 0 0 0 0 
1 0 0 0 0 0 0 0 0 0 0 0 0 0 0 0 0 0 0 0 0 0 0 0 0 0 0 0 0 0 0 0 0 0 0 0 0 0 0 0 
0 0 0 0 0 0 0 0 0 0 0 0 0 0 0 0 0 0 0 0 0 1 0 0 0 0 0 0 0 0 0 0 -2 0 0 0 0 0 0 0 
0 1 0 0 0 0 0 0 0 0 0 0 0 0 0 0 0 0 0 0 0 0 0 0 0 0 1 0 0 0 0 0 0 0 0 0 0 0 0 0 
0 0 1 0 0 0 0 0 0 0 0 0 0 -1 0 0 0 0 0 0 0 0 0 0 0 0 0 0 0 0 0 0 0 0 0 0 0 0 0 0 
0 0 0 0 0 0 0 0 0 0 0 0 0 3 0 0 0 0 0 0 0 0 0 1 0 0 0 0 0 0 0 0 0 0 -2 0 0 0 0 0 
0 0 0 0 0 0 0 0 0 0 0 0 0 0 0 0 0 0 0 0 0 0 0 0 0 0 0 0 0 0 0 0 0 0 4 0 0 0 0 0 
0 0 0 0 1 0 0 0 0 0 0 0 0 0 0 -2 0 0 0 0 0 0 0 0 0 0 0 0 0 0 0 0 0 0 0 0 0 0 0 0 
0 0 0 0 0 0 0 0 0 0 0 0 0 0 0 0 0 0 0 0 0 0 0 0 0 2 0 0 0 0 0 0 0 0 0 0 -2 0 0 0 
0 0 0 0 0 0 0 0 0 0 0 0 0 0 0 0 0 0 0 0 0 0 0 0 0 0 0 0 0 0 0 0 0 0 0 0 0 0 0 0 
0 0 0 0 0 0 3 0 0 0 0 0 0 0 0 0 0 -2 0 0 0 0 0 0 0 0 0 0 0 0 0 0 0 0 0 0 0 0 0 0 
0 0 0 0 0 0 0 0 0 0 0 0 0 0 0 0 0 0 0 0 0 0 0 0 0 0 0 4 0 0 0 0 0 0 0 0 0 0 -2 0 
0 1 0 0 0 0 0 0 0 0 0 0 0 0 0 0 0 0 0 0 0 0 4 0 0 0 0 0 0 0 0 0 0 0 0 0 0 0 7 0 
0 0 0 0 0 0 0 0 0 1 0 0 0 0 0 0 0 0 0 -3 0 0 0 0 0 0 0 0 0 0 0 0 0 0 0 0 0 0 0 0 
0 0 0 4 0 0 0 0 0 0 0 0 0 0 0 0 0 0 0 4 0 0 0 0 0 0 0 0 0 0 1 0 0 0 0 0 0 0 0 0 
0 0 0 0 0 0 0 0 0 0 0 0 0 0 0 0 0 0 0 0 0 0 0 0 4 0 0 0 0 0 0 0 0 0 0 0 0 0 0 0 
12 0 0 0 0 0 0 0 0 0 0 4 0 0 0 0 0 0 0 0 0 -4 0 0 0 0 0 0 0 0 0 0 0 0 0 0 0 0 0 0 
0 0 0 0 0 3 0 0 0 0 0 0 0 0 0 0 0 0 0 0 0 4 0 0 0 0 0 0 0 0 0 0 1 0 0 0 0 0 0 0 
0 0 -1 0 0 0 0 0 0 0 0 0 0 0 0 0 0 0 0 0 0 0 0 0 0 0 2 0 0 0 0 0 0 0 0 0 0 0 0 0 
0 0 4 0 0 0 0 0 0 0 0 0 0 1 0 0 0 0 0 0 0 0 0 -2 0 0 0 0 0 0 0 0 0 0 0 0 0 0 0 0 
0 0 0 0 0 0 0 0 0 0 0 0 0 0 0 0 0 0 0 0 0 0 0 0 0 0 0 0 0 0 0 0 0 0 0 1 0 0 0 0 
0 0 0 0 3 0 0 0 0 0 0 0 0 2 0 0 0 0 0 0 0 0 0 0 0 0 0 0 0 0 0 0 0 0 0 0 0 0 0 0 
0 0 0 0 6 0 0 0 0 0 0 0 0 0 0 0 1 0 0 0 0 0 0 0 0 -1 0 0 0 0 0 0 0 0 1 0 0 0 0 0 
0 0 0 0 0 0 0 0 0 0 0 0 0 0 0 0 0 0 0 0 0 0 0 0 0 3 0 0 0 0 0 0 0 0 0 0 0 1 0 0 
0 0 0 0 0 0 1 0 0 0 0 0 0 0 0 0 0 0 0 0 0 0 0 0 0 0 0 0 1 0 0 0 0 0 0 0 0 0 0 0 
0 0 0 0 0 0 0 0 0 0 0 0 0 0 0 0 0 0 1 0 0 0 0 0 0 0 0 2 0 0 0 0 0 0 0 0 0 0 0 0 
0 0 0 0 0 0 0 0 0 2 0 0 0 0 0 0 0 0 0 0 0 0 0 0 0 0 0 0 0 0 0 0 0 0 0 0 0 0 0 1 
0 0 0 0 0 0 0 0 1 0 0 0 0 0 0 0 0 0 0 0 0 0 0 0 0 0 0 0 0 0 0 0 2 0 0 0 0 0 0 0 
0 0 0 0 0 0 0 0 4 0 1 0 0 0 0 0 0 0 0 0 1 0 0 0 0 0 0 0 0 2 0 0 0 0 0 0 0 0 0 0 
0 0 0 0 0 0 0 0 0 0 0 0 0 2 0 0 0 0 0 0 0 0 0 0 0 0 0 0 0 2 0 0 0 0 0 0 0 0 0 0 
0 1 0 0 0 0 0 0 0 0 1 0 0 0 0 0 0 0 0 0 0 0 0 0 0 0 0 0 0 0 0 0 0 0 3 0 0 0 0 0 
0 0 0 0 0 0 0 0 0 0 3 0 0 0 0 0 0 0 0 0 0 0 1 0 0 0 0 0 0 0 0 0 0 0 0 0 0 0 0 0 
0 0 0 0 0 0 0 0 0 0 0 0 0 0 0 4 0 0 0 0 0 0 0 0 0 0 0 0 0 0 0 4 0 0 0 0 0 0 0 0 
0 0 0 1 0 0 0 0 0 0 0 0 -1 0 0 0 0 0 0 0 0 0 0 0 0 0 0 0 0 0 0 0 0 0 0 0 2 0 0 0 
0 0 0 0 0 0 0 0 0 0 0 0 2 0 0 0 0 0 0 0 0 0 0 0 2 0 0 0 0 0 0 0 0 4 0 0 0 0 0 0 
0 0 0 0 0 0 0 0 0 0 0 0 0 0 0 0 0 5 0 0 0 0 0 0 0 0 0 0 0 0 0 0 0 5 0 0 0 0 0 0 
0 0 0 0 0 3 0 0 0 0 0 0 0 0 4 0 0 0 0 0 0 0 0 0 0 0 0 0 0 0 0 0 0 0 0 0 0 0 1 0 
0 0 0 0 0 0 0 0 0 0 0 0 0 0 1 0 0 0 0 0 0 0 0 0 0 0 1 0 0 0 0 0 0 0 0 2 0 0 0 0 
0 0 0 0 0 0 0 0 0 0 0 0 0 0 0 0 0 0 0 0 0 0 0 0 0 0 0 0 0 0 0 0 0 0 0 8 0 0 0 0 
0 0 0 0 2 0 0 1 0 0 0 0 0 0 0 0 -1 0 0 0 0 0 0 0 0 0 0 0 0 0 0 0 0 0 0 0 0 0 0 0 
0 0 0 0 0 0 0 0 0 0 0 0 0 0 0 0 4 0 0 0 0 0 0 0 0 1 0 0 1 0 0 0 0 0 0 0 0 1 0 0 
0 0 0 0 0 0 0 0 0 0 0 0 0 0 0 0 0 0 0 0 0 3 0 0 0 0 0 0 0 0 0 0 0 0 0 0 0 4 0 0 
0 0 0 0 0 0 0 0 1 1 0 0 0 0 0 0 0 0 2 0 0 0 0 0 0 0 0 0 0 0 0 0 0 0 0 0 0 0 0 0 
0 0 0 0 0 0 0 0 0 0 0 0 0 0 0 0 0 0 0 0 0 0 0 0 0 0 0 0 0 0 0 1 0 0 0 0 0 0 0 2 
0 0 0 0 0 0 0 0 0 0 0 0 0 0 0 0 0 0 0 0 0 0 0 0 0 0 0 0 0 0 0 0 0 0 0 0 0 0 0 0 
0 0 0 0 0 0 0 0 0 0 0 0 1 0 0 0 0 0 0 0 4 0 0 0 0 0 0 0 1 0 0 0 0 0 0 0 0 0 0 0 
0 0 0 0 0 0 0 0 0 0 0 0 0 0 0 0 0 0 0 0 0 0 0 0 0 0 0 0 0 0 0 0 0 1 0 0 0 0 0 0 
0 1 0 0 0 0 0 0 0 2 0 0 0 0 0 0 0 0 0 0 0 0 0 0 0 0 0 0 0 0 0 0 0 0 0 0 0 0 0 0 
0 0 0 0 0 0 0 0 0 0 0 0 0 0 1 0 0 0 0 0 0 0 0 0 0 0 0 0 0 0 3 0 0 0 0 0 0 0 0 0 
0 0 0 0 0 0 0 0 0 0 0 0 0 0 0 0 0 0 0 0 0 0 0 0 0 0 0 0 0 0 0 0 0 0 0 1 0 0 0 0 
0 0 0 -1 0 0 0 0 0 0 0 0 0 0 0 0 0 1 0 0 0 0 0 0 0 0 0 0 0 0 0 0 0 0 0 0 0 0 0 0 
0 0 0 0 0 0 0 0 0 0 0 0 0 0 0 0 1 0 0 0 0 0 0 0 1 0 0 0 0 0 0 0 0 0 0 0 0 0 1 0 
0 0 0 0 0 0 0 0 0 0 0 0 0 0 0 0 0 0 0 0 0 0 0 0 0 0 0 0 0 0 0 0 0 0 0 0 0 1 0 0 
0 0 0 0 0 3 0 0 0 0 0 0 0 0 0 0 0 0 0 2 0 0 0 0 0 0 0 0 0 0 0 0 0 0 0 0 0 0 0 0 
0 0 0 0 0 0 0 0 0 0 0 0 0 0 0 0 0 0 1 0 0 0 0 0 0 0 0 0 0 0 0 0 0 0 0 0 0 0 0 0 
2 0 0 0 0 0 0 0 0 0 0 0 0 0 0 0 0 0 0 0 0 0 0 0 0 0 0 0 0 0 0 0 0 0 0 0 0 0 0 1 
0 0 0 0 0 0 0 2 0 0 0 0 0 0 0 0 0 0 0 0 0 3 0 0 0 0 0 0 0 0 0 0 0 0 0 0 0 0 0 0 
0 0 0 0 0 0 0 0 0 0 0 0 0 0 0 0 0 0 0 0 1 0 0 0 0 0 0 0 -1 0 0 0 0 0 0 0 0 0 0 0 
0 0 4 0 0 0 0 0 0 0 0 0 0 0 0 0 0 0 0 0 0 0 0 0 0 0 0 0 0 0 0 0 0 0 0 0 0 0 0 0 
0 1 0 0 0 0 0 0 0 0 0 0 0 0 0 0 0 0 0 0 0 0 0 4 0 0 0 0 0 0 0 0 0 0 0 0 0 0 0 0 
0 0 0 0 0 0 0 0 0 0 0 0 0 0 0 0 0 0 0 0 0 0 1 0 0 0 0 0 0 0 -2 0 0 0 0 0 0 0 0 0 
0 0 0 0 5 0 0 0 0 0 0 0 0 0 0 0 0 0 0 0 0 0 0 0 0 0 0 0 0 0 0 0 0 0 0 0 0 0 0 0 
0 0 0 1 0 0 0 0 0 0 0 -1 0 0 0 0 0 0 0 0 0 0 0 0 0 6 0 0 0 0 0 0 0 0 0 0 0 0 0 0 
0 0 0 0 0 0 0 0 0 0 0 0 0 0 0 0 0 0 0 0 0 0 0 0 1 0 0 0 0 0 0 0 -2 0 0 0 0 0 0 0 
0 0 0 0 0 0 0 0 0 0 0 0 0 0 1 0 0 0 0 0 0 0 0 0 0 0 0 0 0 0 0 0 0 0 0 0 0 0 0 0 
0 0 0 0 0 1 0 0 0 0 0 0 0 1 0 0 0 0 0 0 0 0 0 0 0 0 0 0 0 0 0 0 0 0 0 2 0 0 0 0 
0 0 0 0 0 0 0 0 0 0 0 0 0 0 0 0 0 0 0 0 0 0 0 0 0 0 1 0 0 0 0 0 0 0 0 0 0 0 0 0 
0 0 0 0 0 0 0 0 0 0 0 0 0 0 0 0 3 0 0 0 0 0 0 0 0 0 0 0 0 0 0 0 0 0 0 0 0 0 0 0 
0 0 0 0 0 0 0 1 0 0 0 0 0 0 0 -1 0 0 0 0 0 0 0 0 0 0 0 0 0 0 0 0 0 0 0 0 0 6 0 0 
0 0 0 0 0 0 0 0 0 0 0 0 0 0 0 0 0 0 0 0 0 0 0 0 0 0 0 0 1 0 0 0 0 0 0 0 -2 0 0 0 
0 0 0 0 0 0 0 0 0 0 0 0 0 0 0 0 0 0 0 0 4 0 0 0 0 0 0 0 0 0 0 0 0 0 0 0 8 0 2 0 
0 0 0 0 0 0 0 0 0 1 0 0 0 0 0 0 0 0 0 0 0 0 0 0 0 0 0 0 0 0 0 0 0 0 0 0 0 0 0 0 
0 2 0 0 0 0 0 0 0 0 0 0 0 0 0 0 0 8 0 2 0 0 0 0 0 0 0 0 0 0 1 0 0 0 0 0 0 0 -2 0 
0 0 0 0 0 0 0 0 0 0 0 0 0 0 0 0 0 0 0 0 0 0 3 0 0 0 0 0 0 0 0 0 0 0 0 0 0 0 12 0 
3 0 0 0 0 0 0 0 0 0 0 1 0 0 0 0 0 0 0 -4 0 0 0 0 0 0 0 0 0 0 0 0 0 0 0 0 0 0 0 0 
0 0 0 2 0 0 0 0 0 0 0 0 0 0 0 0 0 0 0 4 0 1 0 0 0 0 0 0 0 0 0 0 1 0 0 0 0 0 0 0 
1 0 0 0 0 0 0 0 0 0 0 0 0 0 0 0 0 0 0 0 0 0 0 0 1 0 0 0 0 0 0 0 0 0 0 0 0 0 0 0 
4 0 1 0 0 0 0 0 0 0 0 0 0 1 0 0 0 0 0 0 0 0 0 0 0 0 0 0 0 0 0 0 0 0 0 0 0 0 0 0 
0 0 0 0 0 3 0 0 0 0 0 0 0 0 0 0 0 0 0 0 0 8 0 2 0 0 0 0 0 0 0 0 0 0 1 0 0 0 0 0 
0 0 -1 0 0 0 0 0 0 0 0 0 0 0 0 0 0 0 0 0 0 0 0 0 0 0 0 0 0 0 0 0 0 0 0 0 2 0 0 0 
0 0 6 0 0 0 0 0 0 0 0 0 0 0 0 1 0 0 0 0 0 0 0 0 0 0 0 0 0 0 0 0 0 0 0 0 0 0 0 0 
0 0 0 0 0 0 0 0 0 0 0 0 0 0 0 0 0 1 0 0 0 0 0 3 0 0 0 0 0 0 0 0 0 0 0 0 1 0 0 0 
0 0 0 0 1 0 0 0 0 0 0 0 0 0 0 0 0 0 0 0 0 0 0 0 0 0 0 0 2 0 0 0 0 0 0 0 0 0 0 0 
0 0 0 0 2 0 0 0 0 0 0 0 0 0 0 0 0 1 0 0 0 0 0 0 0 0 0 0 0 0 0 0 0 0 0 0 0 0 0 0 
0 0 0 0 0 0 0 0 0 3 0 0 0 0 0 0 0 0 0 0 0 0 0 0 0 3 0 0 0 0 0 0 0 0 0 0 0 0 1 0 
0 0 0 0 0 0 -1 0 0 0 0 0 0 0 0 0 0 0 0 0 0 0 0 0 0 0 0 0 0 0 4 0 0 0 0 0 0 0 0 0 
0 0 0 0 0 0 4 0 0 0 0 0 0 0 0 0 0 0 0 1 0 0 0 0 0 0 0 0 0 0 0 0 0 0 0 0 0 0 0 0 
0 0 0 0 0 0 0 0 0 0 0 5 0 0 0 0 0 0 0 0 0 0 0 0 0 0 0 5 0 0 0 0 0 0 0 0 0 0 0 0 
1 0 0 0 0 0 0 0 -1 0 0 0 0 0 0 0 0 0 0 0 0 0 0 0 0 0 0 0 0 0 0 0 6 0 0 0 0 0 0 0 
0 0 0 0 0 0 0 0 6 0 0 0 0 0 0 0 0 0 0 0 0 1 0 0 0 0 0 0 0 -2 0 0 0 0 0 0 0 0 0 0 
0 0 0 0 0 0 0 0 0 0 0 0 0 4 0 0 0 0 0 0 0 0 0 0 0 0 0 0 0 4 0 0 0 0 0 0 0 0 0 0 
0 0 3 0 0 0 0 0 0 0 2 0 0 0 0 0 0 0 0 0 0 0 0 0 0 0 0 0 0 0 0 0 0 0 1 0 0 0 0 0 
0 0 0 0 0 0 0 0 0 0 1 0 0 0 0 0 0 0 0 0 0 0 0 1 0 0 0 0 0 0 0 1 0 0 0 0 0 0 0 0 
0 0 0 0 0 1 0 0 0 0 0 0 0 0 0 1 0 0 0 0 0 0 0 0 0 0 0 0 0 0 0 1 0 0 0 0 0 0 0 0 
0 0 0 0 1 0 0 0 0 0 0 0 0 0 0 0 0 0 0 0 0 0 0 0 0 0 0 0 0 0 0 0 0 0 0 0 0 0 0 0 
0 0 0 0 0 0 0 0 0 0 0 0 4 0 1 0 0 0 0 0 0 0 0 0 0 1 0 0 0 0 0 0 0 -1 0 0 0 0 0 0 
0 0 1 0 0 0 0 0 0 0 0 0 0 0 0 0 0 0 0 0 0 0 0 0 0 0 0 1 0 0 0 0 0 0 0 0 0 0 0 0 
0 0 1 0 0 0 1 0 0 0 0 0 0 0 1 0 0 0 0 0 0 0 0 0 0 0 0 0 0 0 0 0 0 0 0 0 0 0 0 0 
0 0 0 0 0 0 0 0 0 0 0 0 0 0 4 0 0 0 0 0 0 0 0 1 0 0 0 1 0 0 0 0 0 0 0 0 0 0 0 0 
0 0 0 0 0 0 0 0 0 0 0 0 0 0 0 0 0 0 0 0 0 0 0 0 0 0 0 0 0 0 0 0 0 0 0 0 0 0 0 0 
0 0 0 0 0 0 0 0 0 1 0 0 0 0 0 0 2 0 0 0 0 0 1 0 0 0 0 0 0 0 0 0 0 0 0 0 0 0 0 0 
4 0 0 0 0 0 0 0 0 0 0 0 0 0 0 0 4 0 0 0 0 0 0 0 0 0 0 0 0 0 1 0 0 0 0 0 0 1 0 0 
0 0 0 0 0 0 1 0 0 0 0 0 0 0 0 0 0 0 0 0 0 0 0 0 0 0 0 0 0 0 0 0 0 0 0 0 0 3 0 0 
0 0 0 0 0 0 0 0 0 0 0 1 0 0 0 0 0 0 0 0 0 0 0 0 0 0 0 0 0 0 0 0 0 0 0 0 0 0 0 0 
1 0 0 0 0 0 0 0 0 0 0 0 0 0 0 0 0 0 0 0 0 0 0 0 0 0 0 0 0 0 0 0 1 0 0 0 0 0 0 1 
0 0 0 0 0 0 0 0 1 0 0 0 0 0 0 0 0 0 0 0 0 0 0 1 0 0 0 0 0 0 0 0 0 0 0 0 0 0 0 3 
0 0 0 0 0 0 0 0 0 0 0 0 0 1 0 0 0 0 0 0 1 0 0 0 0 0 0 0 0 0 0 0 0 0 0 0 0 0 0 0 
0 0 0 0 2 0 0 0 0 0 0 0 0 0 0 0 0 0 0 0 4 0 1 0 0 0 0 0 0 0 0 0 0 0 1 0 0 0 0 0 
0 1 0 0 0 0 0 0 0 0 0 0 0 0 0 0 0 0 0 0 0 0 0 0 0 1 0 0 0 0 0 0 0 0 0 0 0 0 0 0 
0 4 0 1 0 0 0 0 0 0 0 0 0 0 0 1 0 0 0 0 0 0 0 0 0 0 0 0 0 0 0 0 0 0 0 0 0 0 0 0 
0 0 0 0 0 0 1 0 0 0 0 0 0 0 0 0 0 0 0 0 0 0 1 0 0 0 0 0 0 0 0 0 0 0 0 0 1 0 0 0 
0 0 0 1 0 0 0 0 0 0 0 0 0 0 0 0 0 0 0 0 0 0 0 0 0 0 0 0 0 0 0 0 0 0 0 0 0 0 0 0 
0 0 0 4 0 1 0 0 0 0 0 0 0 0 0 0 0 1 0 0 0 0 0 0 -1 0 0 0 0 0 0 0 0 0 0 0 0 0 0 0 
0 0 0 0 0 0 0 0 0 0 0 0 0 0 0 0 0 0 0 0 0 0 0 0 4 0 0 0 0 0 0 0 0 1 0 0 0 0 1 0 
0 0 0 0 0 0 0 0 0 0 0 0 0 0 3 0 0 0 0 0 0 0 0 0 0 0 0 0 0 0 0 0 0 0 0 0 0 0 0 0 
0 0 0 0 0 11 0 0 0 0 0 0 0 0 0 0 0 0 0 2 0 0 0 1 0 0 0 0 0 0 0 0 0 0 0 3 0 0 0 0 
0 0 0 0 0 0 0 0 0 0 0 0 0 0 0 0 0 0 0 0 0 0 0 0 0 0 11 0 0 0 0 0 0 0 0 0 0 0 0 0 
1 0 0 0 1 0 0 -2 0 0 0 0 0 0 0 0 0 0 0 0 0 0 0 0 0 0 0 0 0 0 0 0 0 0 0 0 0 0 0 0 
0 0 0 0 0 0 0 0 0 0 0 0 0 0 0 0 0 0 0 0 0 0 1 0 0 0 0 0 3 0 0 0 0 0 0 0 0 1 0 0 
0 0 0 0 0 0 0 0 0 0 0 0 2 0 0 0 0 0 0 0 0 0 0 0 0 0 0 0 5 0 0 0 0 0 0 0 0 0 0 0 
0 0 0 1 0 0 0 0 0 0 0 0 0 0 0 0 0 0 1 0 0 0 0 0 0 0 0 0 0 0 0 0 0 3 0 0 0 0 0 0 
0 0 0 0 0 0 0 0 0 6 0 0 0 0 0 0 0 0 0 0 0 0 0 0 1 0 0 0 0 0 -1 0 0 0 0 0 0 0 0 0 
0 0 0 0 5 0 0 0 0 0 0 0 0 0 0 0 0 0 0 0 0 0 0 0 0 0 0 0 0 0 0 0 0 0 0 0 0 0 0 0 
0 0 0 0 0 1 0 0 0 0 0 -1 0 0 0 0 0 0 0 0 0 0 0 0 0 6 0 0 0 0 0 0 0 0 0 0 0 0 0 0 
0 0 0 0 0 0 0 0 0 0 0 0 0 0 0 0 0 0 0 0 0 0 0 0 0 0 1 0 0 0 0 0 -2 0 0 0 0 0 0 0 
0 0 0 0 0 0 0 0 0 0 0 0 0 0 0 0 0 0 0 0 0 0 0 0 0 0 0 0 0 0 0 0 4 0 0 0 0 0 0 0 
0 0 0 0 0 0 0 1 0 0 0 0 0 -1 0 0 0 0 0 0 0 0 0 0 0 0 0 10 0 0 0 0 0 0 0 0 0 0 0 0 
0 0 0 0 0 0 0 0 0 0 0 0 0 1 0 0 0 0 0 0 0 0 0 0 0 0 0 0 2 0 0 0 0 0 -4 0 0 0 0 0 
0 0 0 0 0 0 0 0 0 0 0 0 0 0 0 0 0 0 2 0 0 0 0 0 0 0 0 0 0 0 0 0 0 0 4 0 0 0 0 0 
0 0 0 0 0 0 0 0 0 2 0 0 0 0 0 2 0 0 0 0 0 0 0 0 0 0 0 0 0 0 0 0 0 0 0 0 0 0 0 2 
0 0 0 0 0 0 0 0 0 0 0 0 0 0 0 3 0 0 0 0 0 0 0 0 0 0 0 0 0 0 1 0 0 0 0 0 0 0 0 0 
0 0 0 0 0 0 0 0 0 0 0 0 0 0 0 0 0 0 0 0 3 0 0 0 0 0 0 0 0 0 0 0 0 0 0 0 4 0 0 0 
0 0 0 0 0 0 0 0 0 0 0 1 0 0 0 0 0 -1 0 0 0 0 0 0 0 0 0 0 0 0 0 0 0 0 0 0 0 0 0 0 
0 0 0 0 0 0 0 0 0 0 0 0 0 0 0 0 0 0 0 0 0 0 0 0 0 0 0 0 0 0 0 0 0 1 0 0 0 0 4 0 
0 0 0 0 0 0 0 5 0 0 0 0 0 0 0 0 0 0 0 0 0 0 0 0 0 0 0 0 0 0 0 0 0 0 0 0 0 0 15 0 
0 0 0 0 0 0 0 0 0 0 0 0 0 0 1 0 0 0 0 -6 0 0 0 0 0 0 0 0 0 0 0 0 0 1 0 0 0 0 0 0 
0 0 0 0 0 0 0 0 0 0 0 0 0 0 0 0 0 0 0 0 0 0 0 0 0 0 0 0 0 0 0 0 0 0 0 1 0 0 0 0 
3 0 0 0 0 0 0 0 0 0 0 0 0 0 0 0 0 0 0 0 0 0 1 0 0 0 0 0 0 0 0 0 0 0 0 0 0 0 0 0 
0 0 0 0 0 0 0 0 0 0 0 0 0 0 0 0 1 0 0 0 0 3 0 0 0 0 0 0 0 0 0 0 0 0 0 0 0 0 0 0 
0 0 0 2 0 0 0 0 0 0 0 0 0 0 0 0 0 0 0 0 0 0 0 0 0 0 0 0 0 0 0 0 0 0 0 0 0 1 0 0 
0 0 2 0 0 0 0 0 0 0 0 0 0 0 0 0 0 0 0 0 0 0 0 0 3 0 0 0 0 0 0 0 0 0 0 0 0 0 0 0 
0 0 0 0 0 0 0 0 0 0 0 0 0 0 0 0 0 0 1 0 0 0 0 1 0 0 0 0 0 0 0 0 0 0 0 0 0 0 0 0 
0 0 0 0 0 4 0 0 0 0 0 0 0 0 0 0 0 0 0 0 0 0 0 0 0 0 0 0 0 0 0 0 0 0 0 0 0 0 0 1 
0 0 0 0 0 0 0 0 0 0 0 0 0 0 0 0 0 0 0 0 0 0 0 0 0 0 6 0 0 0 0 0 0 0 0 0 0 0 0 0 
0 0 0 0 0 0 0 0 0 0 0 0 0 0 0 0 0 0 0 0 1 0 0 0 0 -2 0 0 0 0 0 0 0 0 0 0 0 0 0 0 
0 0 0 0 0 0 0 0 0 4 0 0 0 0 0 0 0 0 0 0 0 0 0 0 0 8 0 2 0 0 0 0 0 0 0 0 0 0 0 0 
0 1 0 0 0 0 2 0 0 0 0 0 0 0 0 0 0 0 0 0 0 0 0 0 0 0 0 0 0 0 2 0 0 0 0 0 0 0 0 0 
0 0 0 0 0 0 4 0 1 0 0 0 0 0 0 0 0 0 0 0 0 0 1 0 0 0 0 3 0 0 0 0 0 0 0 0 0 0 0 0 
0 0 0 0 0 0 0 0 0 0 0 3 0 0 0 0 0 0 0 0 0 0 0 0 0 0 0 4 0 1 0 0 0 0 0 0 0 0 0 0 
0 0 0 1 0 0 0 0 4 0 0 0 0 0 0 0 0 0 0 0 0 0 0 0 0 0 0 0 0 0 0 0 5 0 0 0 0 0 0 0 
0 0 0 0 0 0 0 0 8 0 2 0 0 0 0 0 0 0 0 0 0 0 0 0 1 0 0 0 0 3 0 0 0 0 0 0 0 0 0 0 
0 0 0 0 0 0 0 0 0 0 0 0 0 0 0 0 2 0 0 0 0 0 0 0 0 0 0 0 0 6 0 0 0 0 0 0 0 0 0 0 
0 0 0 0 0 1 0 0 0 0 2 0 0 0 0 0 0 0 0 0 0 0 0 0 0 0 0 0 0 0 0 0 0 0 0 0 0 3 0 0 
0 0 0 0 0 0 0 0 0 0 9 0 0 0 0 0 0 0 0 0 0 0 0 0 0 0 1 0 0 0 0 1 0 0 0 0 0 0 0 0 
0 0 0 0 0 0 0 0 0 0 0 0 0 0 0 0 0 0 1 0 0 0 0 0 0 0 0 0 0 0 0 3 0 0 0 0 0 0 0 0 
0 0 0 0 0 0 0 1 0 0 0 0 3 0 0 0 0 0 0 0 0 0 0 0 0 0 0 0 0 0 0 0 0 0 0 0 0 0 0 0 
0 0 0 0 0 0 2 0 0 0 0 0 6 0 0 0 0 0 0 0 0 0 0 0 0 0 0 0 1 0 0 0 0 2 0 0 0 0 0 0 
0 0 0 0 0 0 0 0 0 0 0 0 0 0 0 0 0 0 0 0 0 0 0 0 0 0 0 1 0 0 0 0 0 3 0 0 0 0 0 0 
0 0 0 0 0 0 0 0 0 1 0 0 0 0 3 0 0 0 0 0 0 0 0 0 0 0 0 0 0 0 0 0 0 0 0 0 0 0 2 0 
0 0 0 0 0 0 0 0 0 0 0 0 0 0 2 0 0 0 0 0 0 0 0 0 0 0 0 0 0 0 1 0 0 0 0 2 0 0 0 0 
0 0 0 0 0 0 0 0 0 0 0 0 0 0 0 0 0 0 0 4 0 0 0 0 0 0 0 0 0 0 0 0 0 0 0 4 0 0 0 0 
0 0 0 0 0 0 0 0 0 0 0 1 0 0 0 0 0 0 0 0 0 0 0 0 0 0 0 0 0 0 0 0 0 0 0 0 0 0 0 0 
2 0 0 0 0 0 0 0 0 0 0 0 0 0 0 0 2 0 0 0 0 0 0 0 0 0 0 0 0 0 0 0 2 0 0 0 0 6 0 0 
0 0 0 0 0 0 0 0 0 0 0 0 0 0 0 0 0 0 0 0 0 3 0 0 0 0 0 0 0 0 0 0 0 0 0 0 0 3 0 0 
0 0 0 0 0 0 0 0 0 0 0 0 0 2 0 0 0 0 5 0 0 0 0 0 0 0 0 0 0 0 0 0 0 0 0 0 0 0 0 0 
0 0 12 0 0 0 0 0 0 0 0 0 0 0 0 0 0 0 12 0 0 0 0 0 0 0 0 0 0 0 0 0 0 0 4 0 0 0 0 4 
0 0 0 0 0 0 0 0 0 0 0 0 0 0 0 0 0 0 0 0 0 0 0 8 0 0 0 0 0 0 0 0 0 0 0 0 0 0 0 8 
0 0 0 0 0 0 0 0 0 0 0 0 0 0 0 4 0 0 0 0 8 0 0 0 0 0 0 0 0 0 0 0 0 0 0 0 0 0 0 0 
0 0 0 0 14 0 0 0 0 0 0 0 0 0 0 0 0 0 0 0 14 0 0 0 0 0 0 0 0 0 0 0 0 0 0 0 6 0 0 0 
0 10 0 0 0 0 0 0 0 0 0 0 0 0 0 0 0 0 0 0 0 0 0 0 0 15 0 0 0 0 0 0 0 0 0 0 0 0 0 0 
0 15 0 0 0 0 0 0 0 0 0 0 0 0 0 0 0 6 0 0 0 0 9 0 0 0 0 0 0 0 0 0 0 0 0 0 0 0 0 0 
0 0 0 0 0 0 1 0 0 0 0 0 0 0 0 0 0 0 0 0 0 0 1 0 0 0 0 0 0 0 0 0 0 0 0 0 0 0 1 0 
0 0 0 3 0 0 0 0 0 0 0 0 2 0 0 0 0 0 0 0 0 0 0 0 0 0 0 2 0 0 0 0 0 0 0 0 0 0 0 0 
0 0 0 8 0 0 0 0 0 0 0 0 0 0 0 0 0 0 0 1 0 0 0 0 -2 0 0 0 0 0 0 0 0 1 0 0 0 0 0 0 
0 0 0 0 0 0 0 0 2 0 0 0 0 0 0 0 0 0 0 0 0 0 0 0 5 0 0 0 0 0 0 0 0 0 0 0 0 0 0 0 
1 0 0 0 0 0 0 0 0 0 0 0 0 0 1 0 0 0 0 0 0 0 0 0 0 0 0 0 0 3 0 0 0 0 0 0 0 0 0 0 
0 0 0 0 0 6 0 0 0 0 0 0 0 0 0 0 0 0 0 0 0 1 0 0 0 0 -1 0 0 0 0 0 0 0 0 1 0 0 0 0 
0 0 0 0 0 0 0 0 0 0 4 0 0 0 0 0 0 0 0 0 0 0 0 0 0 0 7 0 0 0 0 0 0 0 0 0 0 0 0 0 
0 0 1 0 0 0 0 -2 0 0 0 0 0 0 0 0 4 0 0 0 0 0 0 0 0 0 0 0 0 0 0 1 0 0 0 0 0 0 0 0 
0 0 0 0 0 0 0 13 0 0 0 0 0 0 0 0 0 0 0 0 0 0 0 1 0 0 0 0 -5 0 0 0 0 0 0 0 0 0 0 0 
0 0 0 0 0 0 0 0 0 0 0 0 12 0 0 0 0 0 0 0 0 0 0 0 0 0 0 0 15 0 0 0 0 0 0 0 0 0 0 3 
0 0 0 0 1 0 0 0 0 -2 0 0 0 0 0 0 0 0 2 0 0 0 0 0 0 0 0 0 0 0 0 0 0 0 0 0 0 0 0 0 
0 0 0 2 0 0 0 0 0 0 0 0 0 0 0 0 0 0 2 0 0 0 0 0 0 1 0 0 0 0 2 0 0 0 0 0 0 0 0 1 
0 0 0 0 0 0 0 0 0 0 0 0 0 0 0 0 0 0 0 0 0 0 0 0 1 0 0 0 0 0 0 0 0 0 0 0 0 0 0 1 
0 0 0 0 0 0 1 0 0 0 0 3 0 0 0 0 0 0 0 0 0 0 0 0 0 0 0 0 0 0 0 0 0 0 0 0 0 0 0 0 
0 0 0 0 0 0 0 0 0 0 0 8 0 0 0 0 0 0 0 0 2 0 0 0 0 0 0 1 0 0 0 0 0 0 0 0 0 0 0 0 
0 0 0 0 0 0 0 0 0 0 0 0 0 0 0 0 0 0 0 0 0 0 0 0 0 0 0 0 0 0 0 0 12 0 0 0 0 0 0 0 
0 3 0 0 0 0 0 0 1 0 0 0 0 -2 0 0 0 0 0 0 0 0 0 0 0 0 0 0 0 0 0 0 0 0 0 0 0 0 0 0 
0 0 0 0 0 0 0 0 0 0 0 0 0 4 0 0 0 0 0 0 0 0 1 0 0 0 0 0 0 1 0 0 0 0 2 0 0 0 0 0 
0 0 0 0 0 0 0 0 0 0 0 0 0 0 0 0 0 0 0 0 0 0 0 0 0 0 0 0 0 0 0 0 0 0 0 0 0 0 0 0 
0 0 0 0 0 0 0 0 0 0 0 1 0 0 0 3 0 0 0 0 0 0 0 0 0 0 0 0 0 0 0 0 0 0 0 0 0 0 0 0 
0 0 0 0 0 0 0 0 0 0 0 0 0 0 0 1 0 0 0 0 0 0 0 0 0 0 0 0 0 0 0 0 1 0 0 0 2 0 0 0 
0 0 0 0 0 0 0 0 0 0 0 0 0 0 0 0 0 0 0 0 2 0 0 0 0 0 0 0 0 0 0 0 0 0 0 0 2 0 0 0 
0 0 0 0 0 0 0 0 0 0 0 0 0 2 0 0 0 4 0 0 0 0 0 0 0 0 0 0 0 0 0 0 0 0 0 0 0 0 0 0 
0 1 0 0 0 0 0 0 0 0 0 0 0 0 0 0 0 1 0 0 0 0 0 0 0 0 0 0 0 0 0 0 0 0 1 0 0 0 2 0 
0 0 0 0 0 0 0 0 0 0 0 0 0 0 0 0 0 0 0 0 0 0 2 0 0 0 0 0 0 0 0 0 0 0 0 0 0 0 3 0 
0 0 0 0 0 0 0 0 0 0 0 0 0 0 0 1 0 0 0 0 0 0 0 0 0 0 0 0 0 0 0 0 0 0 0 0 0 0 0 0 
0 0 0 3 0 0 0 0 0 0 0 0 0 0 0 0 0 0 0 4 0 0 0 0 0 0 0 0 0 0 0 0 0 0 0 0 1 0 0 0 
-1 0 0 0 0 0 0 0 0 0 0 0 0 0 0 0 0 0 0 0 0 0 0 0 1 0 0 0 0 0 0 0 0 0 0 0 0 0 0 0 
2 0 0 0 0 0 0 0 0 0 0 0 0 0 0 0 0 1 0 0 0 1 0 0 0 0 0 0 0 0 0 0 0 0 0 0 0 0 0 0 
0 0 0 0 0 0 0 0 0 0 0 0 0 0 0 0 0 0 0 0 0 0 0 0 0 0 0 0 0 0 0 0 0 0 0 0 0 0 0 1 
0 0 4 0 0 0 0 0 0 0 0 4 0 0 0 0 0 0 0 0 0 0 0 0 0 0 0 0 0 0 0 0 0 0 0 0 0 0 0 0 
0 0 12 0 0 0 0 0 0 0 0 0 0 0 0 0 0 0 0 0 1 0 0 -4 0 0 0 0 0 0 0 0 5 0 0 0 0 0 0 0 
0 0 0 0 0 0 0 0 0 0 0 0 0 0 0 0 0 0 0 0 0 0 0 15 0 0 0 0 0 0 0 0 0 0 0 0 0 0 0 0 
0 1 0 0 -6 0 0 0 0 0 0 0 0 1 0 0 0 0 0 0 0 0 0 0 0 0 0 0 3 0 0 0 0 0 0 0 0 0 0 0 
0 0 0 0 6 0 0 0 0 0 0 0 0 0 0 0 0 0 0 0 0 0 1 0 0 -1 0 0 0 0 0 0 0 0 0 1 0 0 0 0 
0 0 0 0 0 1 0 0 0 4 0 0 0 0 0 0 0 0 0 0 0 0 0 0 0 4 0 0 0 0 0 0 0 0 0 0 0 0 0 0 
0 0 0 1 0 0 -2 0 0 0 0 0 0 0 0 0 0 0 0 0 1 0 0 0 0 0 0 0 0 0 0 0 0 0 0 0 0 0 0 0 
0 0 0 0 0 0 0 0 0 0 0 0 0 0 0 0 0 0 0 0 0 0 0 0 1 0 0 3 0 0 0 0 0 0 0 0 0 0 0 0 
0 0 0 0 0 0 0 1 0 0 0 0 0 0 0 0 0 0 0 0 0 0 0 0 0 0 0 0 0 0 0 0 0 0 0 0 0 0 0 0 
0 0 0 0 0 1 0 0 0 0 0 0 0 0 0 0 0 0 0 0 0 0 0 0 0 0 0 0 2 0 0 0 2 0 0 0 0 0 0 0 
0 0 0 0 0 0 0 0 2 0 0 0 0 0 0 0 0 0 0 0 0 0 0 0 0 0 2 0 0 -2 0 0 0 0 0 0 0 0 0 0 
0 0 0 0 0 0 0 0 0 1 0 0 0 2 0 0 0 0 0 0 0 0 0 0 0 0 0 0 0 2 0 0 0 0 0 0 0 0 0 0 
0 0 0 0 0 0 0 1 0 0 -2 0 0 0 0 0 0 0 0 0 0 0 0 0 0 0 0 0 0 0 1 0 0 0 3 0 0 0 0 0 
0 0 0 0 0 0 0 0 0 0 3 0 0 0 0 0 0 0 0 0 0 0 0 0 0 0 0 0 1 0 0 -3 0 0 0 0 0 0 0 0 
0 0 0 0 0 0 0 0 0 0 0 1 0 0 0 1 0 0 0 0 0 0 0 0 0 0 0 0 0 0 0 1 0 0 0 0 0 0 0 0 
0 0 0 0 0 0 0 0 0 1 0 0 -1 0 0 0 0 0 0 0 0 0 0 0 0 0 0 0 0 0 0 0 0 0 1 0 0 0 0 0 
0 0 0 0 0 0 0 0 0 0 0 0 0 0 0 0 0 0 0 0 0 0 0 0 0 0 0 0 0 0 1 0 0 3 0 0 0 0 0 0 
0 0 0 0 0 0 0 0 0 0 0 0 0 0 0 2 0 0 0 0 0 0 0 0 0 0 0 0 0 0 0 0 0 0 0 0 0 0 0 0 
0 0 0 0 0 0 0 0 0 0 0 1 0 0 2 0 0 0 0 0 0 0 0 0 0 0 0 0 0 0 0 0 0 0 0 0 3 0 0 0 
0 0 0 0 0 0 0 0 0 0 0 0 0 0 0 0 0 0 0 0 0 0 0 0 0 0 0 0 0 0 0 0 1 0 0 1 0 0 0 0 
0 0 0 0 0 0 0 0 0 0 0 0 0 0 0 0 0 4 0 0 0 0 0 0 0 0 0 0 0 0 0 0 0 0 0 0 0 0 0 0 
0 0 0 0 0 0 0 0 0 0 0 0 0 1 0 0 0 0 0 0 0 0 0 0 0 0 0 0 0 0 0 0 0 0 0 0 0 0 5 0 
0 0 0 0 0 0 0 0 0 0 0 0 0 0 0 0 0 0 0 0 0 0 0 0 0 0 0 0 0 0 0 0 0 0 1 0 0 -1 0 0 
0 0 0 0 0 0 0 0 0 0 0 0 0 0 0 0 0 0 0 6 0 0 0 0 0 0 0 0 0 0 0 0 0 0 0 0 0 0 0 0 
0 0 0 0 0 0 0 0 0 0 0 0 0 0 0 1 0 0 -2 0 0 0 0 0 0 0 0 0 0 0 0 0 0 0 0 0 0 0 0 0 
0 0 2 0 0 0 0 0 0 0 0 0 0 0 0 0 0 0 4 0 1 0 0 0 0 0 0 0 0 0 0 0 0 0 0 0 1 0 0 3 
0 0 0 0 0 0 0 0 0 0 0 0 0 0 0 0 0 0 0 0 0 0 0 0 0 0 1 0 0 0 0 0 0 0 0 0 0 0 0 0 
0 0 0 0 0 0 0 0 0 0 0 0 0 0 0 0 0 1 0 0 3 0 0 0 0 0 0 0 0 0 0 0 0 0 0 0 0 0 0 0 
0 0 0 0 0 0 0 0 0 0 0 0 0 0 2 0 0 0 0 0 6 0 0 0 0 0 0 0 0 0 0 0 0 0 0 0 0 0 1 0 
0 2 0 0 0 0 0 0 0 0 0 0 0 0 0 0 0 0 0 0 0 0 0 0 0 0 0 0 0 0 0 0 0 0 0 1 0 0 0 0 
0 3 0 0 0 0 0 0 0 0 0 0 0 0 0 0 0 0 0 1 0 0 3 0 0 0 0 0 0 0 0 0 0 0 0 0 0 0 0 0 
0 0 0 0 0 0 0 0 0 0 0 0 0 0 0 0 0 0 0 0 0 0 2 0 0 0 0 0 0 0 0 0 0 0 0 0 0 0 0 0 
1 0 0 1 0 0 0 0 0 0 0 0 0 0 0 0 0 0 0 0 0 0 0 0 0 0 0 0 0 0 0 0 0 0 0 0 0 0 0 0 
0 0 0 2 0 0 0 0 0 0 0 0 0 0 0 0 0 0 0 0 0 1 0 0 2 0 0 0 0 0 0 0 0 6 0 0 0 0 0 0 
0 0 0 0 0 0 0 0 0 0 0 0 0 0 0 0 0 0 0 0 0 0 0 0 24 0 0 0 0 0 0 0 0 0 0 0 0 0 0 0 
0 0 3 0 0 -6 0 0 0 0 0 0 0 0 2 0 0 0 0 0 0 0 0 0 0 0 0 0 0 0 0 0 0 0 0 0 0 0 0 0 
0 0 0 0 0 8 0 0 0 0 0 0 0 0 0 0 0 0 0 0 0 0 0 1 0 0 -2 0 0 0 0 0 0 0 0 3 0 0 0 0 
0 0 0 0 0 0 0 0 0 0 0 0 0 0 0 0 0 0 0 0 0 0 0 0 0 0 11 0 0 0 0 0 0 0 0 0 0 0 0 0 
0 0 0 0 1 0 0 -4 0 0 0 0 0 0 0 0 3 0 0 0 0 0 0 0 0 0 0 0 0 0 0 0 0 0 0 0 0 0 0 0 
0 0 0 0 0 0 0 11 0 0 0 0 0 0 0 0 0 0 0 0 0 0 0 0 0 1 0 0 -5 0 0 0 0 0 0 0 0 1 0 0 
0 0 0 0 0 0 0 0 0 0 0 0 0 0 0 0 0 0 0 0 0 0 0 0 0 0 0 0 5 0 0 0 0 0 0 0 0 0 0 0 
0 0 0 0 0 0 1 0 0 0 0 0 0 0 0 0 0 0 1 0 0 0 0 0 0 0 0 0 0 0 0 1 0 0 0 0 0 0 0 0 
0 0 0 0 0 0 0 0 0 5 0 0 0 0 0 0 0 0 0 0 0 0 0 0 0 0 0 1 0 0 -1 0 0 0 0 0 0 0 0 1 
0 0 0 0 0 0 0 0 0 0 0 0 2 0 0 0 0 0 0 0 0 0 0 0 0 0 0 0 0 0 5 0 0 0 0 0 0 0 0 0 
0 0 0 0 0 0 0 0 1 0 0 -2 0 0 0 0 0 0 0 0 1 0 0 0 0 0 0 0 0 0 0 0 0 3 0 0 0 0 0 0 
0 0 0 0 0 0 0 0 0 0 0 5 0 0 0 0 0 0 0 0 0 0 0 0 0 0 0 0 0 1 0 0 -3 0 0 0 0 0 0 0 
0 1 0 0 0 0 0 0 0 0 0 0 0 0 0 0 3 0 0 0 0 0 0 0 0 0 0 0 0 0 0 0 10 0 0 0 0 0 0 0 
0 0 0 0 0 0 0 0 0 0 2 0 0 -1 0 0 0 0 0 0 0 0 0 0 0 0 2 0 0 0 0 0 0 0 0 0 0 0 0 0 
0 0 0 0 0 0 0 0 0 0 0 0 0 4 0 0 0 0 0 0 0 0 0 0 0 0 0 0 0 0 0 2 0 0 -2 0 0 0 0 0 
0 0 0 0 0 0 0 1 0 0 0 0 0 0 0 0 0 0 0 0 0 0 0 0 0 0 0 0 0 0 0 0 0 0 2 0 0 0 0 0 
0 0 0 0 0 0 0 0 0 0 0 0 1 0 0 -1 0 0 0 0 0 0 0 0 0 0 0 0 0 1 0 0 0 0 0 0 0 0 0 0 
0 0 0 0 0 0 0 0 0 0 0 0 0 0 0 2 0 0 0 0 0 0 0 0 0 0 0 0 0 0 0 0 0 1 0 0 1 0 0 0 
0 0 0 0 0 0 0 0 0 0 2 0 0 0 0 0 0 0 0 0 0 0 0 0 0 0 0 0 0 0 0 0 0 0 0 0 2 0 0 0 
0 0 0 0 0 0 0 0 0 0 0 0 0 0 1 0 0 0 0 0 0 0 0 0 0 0 0 0 0 0 0 0 0 0 0 0 0 1 0 0 
0 0 0 0 0 0 0 0 0 0 0 0 0 0 0 0 0 4 0 0 0 0 0 0 0 0 0 0 0 0 0 0 0 0 0 2 0 0 0 0 
0 0 0 0 0 0 0 0 0 0 0 0 0 0 0 0 0 0 1 0 0 0 1 0 0 0 0 0 0 0 0 0 0 0 0 0 0 0 3 0 
0 0 0 0 0 0 0 0 0 0 0 0 0 0 0 0 1 0 0 -3 0 0 0 0 0 0 0 0 0 0 0 0 0 0 0 0 0 0 0 1 
0 0 0 0 0 0 0 0 0 0 0 0 0 0 0 0 0 0 0 2 0 0 0 0 0 0 0 0 0 0 0 0 0 0 0 0 0 1 0 0 
-2 0 0 0 0 0 0 0 0 0 0 0 0 0 0 0 0 0 0 0 0 0 1 0 0 0 0 0 0 0 0 0 0 0 0 0 0 0 0 0 
2 0 0 0 0 0 0 0 0 0 0 0 0 0 0 0 0 0 1 0 0 1 0 0 0 0 0 0 0 0 0 0 0 0 0 0 0 0 0 0 
0 0 0 2 0 0 0 0 0 0 0 0 0 0 0 0 0 0 0 0 0 2 0 0 0 0 0 0 0 0 0 0 0 0 0 0 0 0 0 1 
0 0 0 0 0 0 0 0 0 0 0 0 0 0 0 0 0 0 0 0 0 0 0 0 3 0 0 0 0 0 0 0 0 0 0 0 0 0 0 0 
0 0 2 0 0 0 0 0 0 0 0 0 0 0 0 0 0 0 0 0 1 0 0 -1 0 0 0 0 0 0 0 0 0 0 0 0 0 0 0 0 
0 0 0 0 0 4 0 0 0 0 0 0 0 0 0 0 0 0 0 0 0 0 0 2 0 0 0 0 0 0 0 0 0 0 0 0 0 0 0 0 
0 1 0 0 -2 0 0 0 0 0 0 0 0 0 0 0 0 0 0 0 0 0 0 0 0 0 0 0 2 0 0 0 0 0 0 0 0 0 0 0 
0 0 0 0 2 0 0 0 0 0 0 0 0 0 0 0 0 0 0 0 0 0 1 0 0 2 0 0 0 0 0 0 0 0 0 0 0 0 0 0 
0 0 0 0 0 0 0 0 0 3 0 0 0 0 0 0 0 0 0 0 0 0 0 0 0 3 0 0 0 0 0 0 0 0 0 0 0 0 0 0 
0 0 0 1 0 0 1 0 0 0 0 0 0 0 0 0 0 0 0 0 0 0 0 0 0 0 0 0 0 0 4 0 0 0 0 0 0 0 0 0 
0 0 0 0 0 0 4 0 0 0 0 0 0 0 0 0 0 0 0 0 0 0 0 0 1 0 0 0 0 0 0 0 0 0 0 0 0 0 0 0 
0 0 0 0 0 0 0 0 0 0 0 1 0 0 0 0 0 0 0 0 0 0 0 0 0 0 0 1 0 0 0 0 0 0 0 0 0 0 0 0 
0 0 0 0 0 1 0 0 3 0 0 0 0 2 0 0 0 0 0 0 0 0 0 0 0 0 0 0 0 0 0 0 4 0 0 0 0 0 0 0 
0 0 0 0 0 0 0 0 10 0 0 0 0 0 0 0 0 0 0 0 0 0 0 0 0 0 1 0 0 0 0 0 0 0 1 0 0 0 0 0 
0 0 0 0 0 0 0 0 0 0 0 0 0 2 0 0 0 0 0 0 0 0 0 0 0 0 0 0 0 6 0 0 0 0 0 0 0 0 0 0 
0 0 0 0 0 0 0 1 0 0 1 0 0 0 0 1 0 0 0 0 0 0 0 0 0 0 0 0 0 0 0 0 0 0 1 0 0 0 0 0 
0 0 0 0 0 0 0 0 0 0 6 0 0 0 0 0 0 0 0 0 0 0 0 0 0 0 0 0 1 0 0 0 0 0 0 0 0 0 0 0 
0 0 0 0 1 0 0 0 0 0 0 0 0 0 0 1 0 0 0 0 0 0 0 0 0 0 0 0 0 0 0 2 0 0 0 0 0 0 0 0 
0 0 0 0 0 0 0 0 0 1 0 0 0 0 0 0 0 0 0 0 0 0 0 0 0 0 0 0 0 0 0 0 1 0 0 0 1 0 0 0 
0 0 0 0 0 0 0 0 0 0 0 0 2 0 0 0 0 0 0 0 0 0 0 0 0 0 0 0 0 0 1 0 0 -1 0 0 0 0 0 0 
0 0 0 0 0 0 0 0 0 0 0 0 0 0 0 0 0 3 0 0 0 1 0 0 0 0 0 0 0 0 0 0 0 2 0 0 0 0 0 0 
0 0 0 0 0 0 0 0 0 0 0 1 0 0 1 0 0 0 0 0 0 0 0 0 0 0 0 0 0 0 0 0 0 0 0 0 0 0 6 0 
0 0 2 0 0 0 0 0 0 0 0 0 0 0 2 0 0 0 0 0 0 0 0 0 0 0 0 0 0 0 0 0 1 0 0 0 0 0 0 0 
0 0 0 0 0 0 0 0 0 0 0 0 0 0 0 0 0 0 0 9 0 0 0 3 0 0 0 0 0 0 0 0 0 0 0 2 0 0 0 0 
0 0 0 0 0 0 0 0 0 0 0 0 0 1 0 0 -1 0 0 0 0 0 0 0 0 0 0 0 0 0 0 0 0 0 0 0 0 0 0 0 
4 0 0 0 0 0 0 0 0 0 0 0 0 0 0 0 10 0 2 0 0 0 0 0 0 0 0 0 0 0 0 0 0 0 1 0 0 0 0 0 
0 0 0 0 0 0 0 0 0 0 0 0 0 0 0 0 0 0 0 0 0 2 0 0 0 0 0 0 0 0 0 0 0 0 0 0 0 6 0 1 
0 0 0 0 0 0 0 0 0 0 0 0 0 0 0 1 0 0 1 0 0 0 0 0 0 0 0 0 0 0 0 0 0 0 0 0 0 0 0 0 
0 0 3 0 0 0 0 0 0 0 0 0 0 0 0 0 0 0 6 0 1 0 0 0 0 0 0 0 0 0 0 0 0 0 0 0 1 0 0 2 
0 0 0 0 0 0 0 0 0 0 0 0 0 0 0 0 0 0 0 0 0 0 0 1 0 0 0 0 0 0 0 0 0 0 0 0 0 0 0 6 
0 1 0 0 0 0 0 0 0 0 0 0 0 0 0 0 0 1 0 0 0 0 0 0 0 0 0 0 0 0 0 0 0 0 0 0 0 0 0 0 
0 0 0 0 5 0 0 0 0 0 0 0 0 0 0 0 0 0 0 0 10 0 2 0 0 0 0 0 0 0 0 0 0 0 0 0 0 0 1 0 
0 1 0 0 0 0 0 0 0 0 0 0 0 0 0 0 0 0 0 0 0 0 0 0 0 2 0 0 0 0 0 0 0 0 0 0 0 0 0 0 
0 8 0 0 0 0 0 0 0 0 0 2 0 0 0 0 0 0 0 1 0 0 0 0 0 0 0 0 0 0 0 0 0 0 0 0 0 0 0 0 
0 0 0 0 0 0 1 0 0 0 0 0 0 0 0 0 0 0 0 0 0 0 5 0 0 0 0 0 0 0 0 0 1 0 0 0 0 0 0 0 
1 0 0 1 0 0 0 0 0 0 0 0 0 0 0 0 0 0 0 0 0 0 0 0 0 0 0 0 0 0 2 0 0 0 0 0 0 0 0 0 
0 0 0 8 0 0 0 0 0 0 0 0 0 0 0 0 0 0 0 0 0 1 0 0 0 0 0 0 0 0 0 0 0 0 0 0 0 0 0 0 
0 0 0 0 0 0 0 0 0 0 0 1 0 0 0 0 0 0 0 0 0 0 0 0 5 0 0 0 0 0 0 0 0 0 0 0 0 0 0 0 
0 0 1 0 0 1 0 0 0 0 0 0 0 0 0 0 0 0 0 0 0 0 0 0 0 0 0 0 0 0 0 0 0 0 0 0 0 0 0 1 
0 0 0 0 0 5 0 0 0 0 0 0 0 0 0 0 0 0 0 0 0 0 0 1 0 0 1 0 0 0 0 0 0 0 0 6 0 0 0 0 
0 0 0 0 0 0 0 0 0 0 0 0 0 0 0 0 0 0 0 0 0 0 0 0 0 1 24 0 0 0 0 0 0 0 0 0 0 0 0 0 
0 0 0 0 2 0 0 -6 0 0 0 0 0 0 0 0 0 0 0 0 0 0 0 0 0 0 0 0 0 0 0 2 0 0 0 0 0 0 0 0 
0 0 0 0 0 0 0 6 0 0 0 0 0 0 0 0 0 0 0 0 0 0 0 0 0 2 0 0 2 0 0 0 0 0 0 0 0 0 0 0 
0 0 0 0 0 0 0 0 0 0 0 0 1 0 0 0 0 0 0 0 0 0 0 0 0 0 0 0 5 0 0 0 0 0 0 0 0 0 0 0 
0 0 0 0 0 0 2 0 0 3 0 0 0 0 0 0 0 0 0 0 0 0 0 0 0 0 0 0 0 0 0 0 0 4 0 0 0 0 0 0 
0 0 0 0 0 0 0 0 0 10 0 0 0 0 0 0 0 0 0 0 0 0 0 0 0 0 0 3 0 0 2 0 0 0 0 0 0 0 0 0 
0 0 0 0 0 0 0 0 0 0 0 0 0 0 5 0 0 0 0 0 0 0 0 0 0 0 0 0 0 0 11 0 0 0 0 0 0 0 0 0 
0 0 0 0 0 0 0 0 3 0 0 1 0 0 0 0 0 0 0 0 0 0 0 0 0 0 0 0 0 0 0 0 0 0 0 7 0 0 0 0 
0 0 0 0 0 0 0 0 0 0 0 13 0 0 0 0 0 0 0 0 0 0 0 0 0 0 0 0 0 3 0 0 -1 0 0 0 0 0 0 0 
0 0 0 0 0 0 0 0 0 0 0 0 0 0 0 0 7 0 0 0 0 0 0 0 0 0 0 0 0 0 0 0 15 0 0 0 0 0 0 0 
0 0 0 0 0 0 0 0 0 0 4 0 0 1 0 0 0 0 0 0 0 0 0 0 0 0 0 0 0 0 0 0 0 0 0 0 0 2 0 0 
0 0 0 0 0 0 0 0 0 0 0 0 0 4 0 0 0 0 0 0 0 0 0 0 0 0 0 0 0 0 0 1 0 0 0 0 0 0 0 0 
0 0 0 0 0 0 0 0 0 0 0 0 0 0 0 0 0 0 3 0 0 0 0 0 0 0 0 0 0 0 0 0 0 0 5 0 0 0 0 0 
0 0 0 0 0 0 0 0 0 0 0 0 1 0 0 -1 0 0 0 0 0 0 0 0 0 0 0 0 0 0 0 0 0 0 0 0 0 0 0 4 
0 0 0 0 0 0 0 0 0 0 0 0 0 0 0 6 0 0 0 0 0 0 0 0 0 0 0 0 0 0 0 0 0 1 0 0 -2 0 0 0 
0 0 0 0 0 0 0 0 0 0 0 0 0 0 0 0 0 0 0 0 1 0 0 0 0 0 0 0 0 0 0 0 0 0 0 0 3 0 0 0 
0 0 0 0 0 0 0 0 0 0 0 0 0 0 1 0 0 1 0 0 0 0 0 0 0 0 1 0 0 0 0 0 0 0 0 0 0 0 0 0 
0 3 0 0 0 0 0 0 0 0 0 0 0 0 0 0 0 12 0 0 0 0 0 0 0 0 0 0 0 0 0 0 0 0 0 3 0 0 1 0 
0 0 0 0 0 0 0 0 0 0 0 0 0 0 0 0 0 0 0 0 0 0 0 0 0 0 0 0 0 0 0 0 0 0 0 0 0 0 2 2 
0 0 0 0 0 0 0 0 0 0 0 0 0 0 0 0 1 0 0 -2 0 0 0 0 0 0 0 0 0 0 0 0 0 0 0 0 0 0 0 0 
0 0 0 0 0 0 0 0 0 0 0 0 0 0 0 0 0 0 0 2 3 0 0 0 0 0 0 0 0 0 0 0 0 0 0 0 0 1 0 0 
-4 0 0 0 0 0 0 0 0 0 0 0 0 0 0 0 0 0 0 0 0 0 0 0 0 0 0 0 0 0 0 0 0 0 0 0 0 0 0 0 
2 1 0 0 0 0 0 0 0 0 0 0 0 0 0 0 0 0 1 0 0 0 0 0 0 0 0 0 0 0 0 0 0 0 0 0 0 0 0 0 
0 0 0 0 0 0 0 0 0 0 0 0 0 0 0 0 0 0 0 0 0 6 0 1 0 0 0 0 0 0 0 0 0 0 0 0 0 0 0 1 
0 0 -1 0 0 0 0 0 0 0 0 6 0 0 0 0 0 0 0 0 0 0 0 0 0 0 0 0 0 0 0 0 0 0 0 0 0 0 0 0 
0 0 24 0 0 0 0 0 0 1 0 0 0 0 0 0 0 0 0 0 2 0 0 -6 0 0 0 0 0 0 0 0 2 0 0 0 0 0 0 0 
0 0 0 0 0 0 0 0 0 0 0 0 0 0 0 0 0 2 0 0 0 0 0 2 0 0 0 0 0 0 0 0 2 0 0 0 0 0 0 0 
0 1 0 0 0 0 0 0 0 0 0 0 0 3 0 0 0 0 0 0 0 0 0 0 0 0 0 0 0 0 0 0 0 0 0 0 0 0 3 0 
0 0 0 0 2 0 0 0 0 0 0 0 0 3 0 0 0 0 0 0 0 0 1 0 0 -1 0 0 0 0 0 0 0 0 1 0 0 0 0 0 
0 0 0 0 0 0 0 0 0 0 0 0 0 0 0 0 0 0 0 1 0 0 0 0 0 2 0 0 0 0 0 0 0 0 1 0 0 0 0 0 
0 0 0 1 0 0 1 0 0 0 0 0 0 0 0 0 0 0 0 0 0 0 0 0 0 0 0 0 0 0 0 0 0 0 0 0 0 0 0 0 
0 0 0 0 0 0 10 0 0 0 0 0 0 0 0 2 0 0 0 0 0 0 0 0 1 0 0 -2 0 0 0 0 0 0 0 0 0 0 0 0 
0 0 0 0 0 0 0 0 0 0 0 0 0 0 0 0 0 0 0 0 0 0 0 0 0 0 0 14 0 0 0 0 0 0 0 0 3 0 0 0 
0 0 0 0 0 1 0 0 -4 0 0 0 0 0 0 0 0 0 0 0 0 0 0 0 0 0 0 0 0 0 0 0 0 0 0 0 0 0 0 0 
0 0 0 0 0 0 0 0 6 0 0 0 0 0 0 0 0 1 0 0 0 0 0 0 0 0 1 0 0 0 0 0 0 0 0 0 0 0 0 0 
0 0 0 0 0 0 0 0 0 0 0 0 0 0 0 0 0 0 0 0 0 0 0 0 0 0 0 0 0 10 0 0 0 0 0 0 0 0 0 2 
0 0 0 0 0 0 0 1 0 0 -2 0 0 0 0 0 0 0 0 0 0 0 0 0 0 0 0 0 0 0 0 0 0 0 0 0 0 0 0 0 
0 0 0 0 0 0 0 0 0 0 6 0 0 0 0 0 0 0 0 0 1 0 0 0 0 0 0 0 1 0 0 0 0 0 0 0 0 0 0 0 
0 0 0 0 0 0 0 0 0 0 0 0 0 0 0 3 0 0 0 0 0 0 0 0 0 0 0 0 0 0 0 6 0 0 0 0 0 0 0 0 
0 0 1 0 0 0 0 0 0 1 0 0 1 0 0 0 0 0 0 0 0 0 0 0 0 0 0 0 0 0 0 0 0 0 0 0 0 0 0 0 
0 0 0 0 0 0 0 0 0 0 0 0 0 2 0 0 0 0 0 0 0 0 0 0 0 0 0 0 0 0 1 0 0 0 0 0 0 0 0 0 
0 0 0 0 0 0 0 0 0 0 0 0 0 0 0 0 0 0 0 0 0 0 0 0 0 0 0 0 0 0 0 0 0 0 3 0 0 0 0 0 
0 0 0 0 0 0 0 0 0 0 0 1 0 0 -2 0 0 0 0 0 0 0 0 0 0 0 0 0 0 0 0 0 0 0 0 0 0 0 0 0 
0 0 0 0 0 0 0 0 0 0 0 0 0 0 0 4 0 0 0 0 0 0 0 0 0 0 0 0 0 0 0 0 1 0 0 -4 0 0 0 0 
0 0 0 0 0 0 0 0 0 0 0 0 0 0 0 0 0 0 0 0 0 0 0 0 0 0 0 0 0 0 0 0 0 0 0 0 1 0 0 0 
0 0 0 0 0 0 0 0 0 0 0 0 0 1 0 0 2 0 0 0 0 0 0 0 0 2 0 0 0 0 0 0 0 0 0 0 0 0 0 0 
0 0 0 0 0 0 0 0 0 0 2 0 0 0 0 0 0 0 0 0 0 0 0 0 0 2 0 0 0 0 0 0 0 0 1 0 0 2 0 0 
0 0 0 0 0 0 1 0 0 0 0 0 0 0 0 0 0 0 0 0 0 0 0 0 0 0 0 0 0 0 0 1 0 0 0 0 0 0 0 0 
0 0 0 0 0 0 1 0 0 0 0 0 0 0 0 1 0 0 3 0 0 0 0 0 0 0 0 0 0 0 0 0 0 0 0 0 0 0 0 0 
0 0 0 0 0 0 0 0 0 0 0 0 0 0 0 0 0 0 8 0 0 0 0 0 0 0 0 2 0 0 0 0 0 0 0 0 1 0 0 0 
0 0 0 0 0 0 0 0 0 0 0 0 0 0 0 0 0 0 0 0 0 0 0 0 0 0 0 0 0 0 0 0 0 0 0 0 0 0 0 4 
0 0 0 0 0 0 0 0 1 0 0 0 0 0 0 0 0 1 0 0 2 0 0 0 0 0 0 0 0 0 0 0 0 0 0 0 0 0 0 0 
0 0 0 0 0 0 0 0 0 0 0 0 0 0 0 0 0 0 0 0 0 0 0 0 0 0 0 0 0 0 0 0 0 0 0 0 0 0 0 1 
0 2 0 0 0 0 0 0 0 0 2 0 0 0 0 0 0 0 0 0 0 0 0 0 0 0 0 0 0 0 0 0 0 0 0 0 0 0 0 0 
0 6 0 0 0 0 0 0 0 0 0 0 0 0 0 0 0 0 0 0 1 0 -2 0 0 0 0 0 0 0 0 1 0 0 0 0 0 0 0 0 
0 0 0 0 0 0 0 0 0 0 0 0 0 0 0 0 0 0 0 0 0 0 3 0 0 0 0 0 0 0 0 0 0 0 0 0 0 0 0 0 
0 2 0 2 0 0 0 0 0 0 0 0 1 0 0 0 0 0 0 0 0 0 0 0 0 0 0 0 0 0 0 0 0 0 0 0 0 0 0 0 
0 0 0 3 0 0 0 0 0 0 0 0 0 0 0 0 0 0 0 0 0 0 1 0 0 0 0 0 0 0 0 0 0 0 0 0 0 0 1 0 
0 0 0 0 0 0 0 0 0 0 0 0 0 0 0 0 0 0 0 0 0 0 0 0 0 0 0 0 0 0 0 0 0 0 0 0 0 0 0 0 
0 0 0 1 0 1 0 0 0 0 0 0 0 0 0 0 0 0 0 2 0 0 0 0 0 0 0 0 0 0 0 0 0 0 0 0 0 0 0 0 
0 0 0 0 0 0 0 0 0 0 0 0 0 0 0 0 0 0 0 0 0 0 0 0 1 0 0 0 0 0 0 0 0 0 0 0 0 0 0 0 
3 0 0 0 0 0 0 0 0 0 0 0 0 0 0 0 0 0 0 0 0 0 0 0 0 0 0 0 0 0 0 0 0 0 0 0 0 0 0 0 
0 0 0 0 0 1 0 -1 0 0 0 0 0 0 0 0 0 0 0 0 0 4 0 0 0 0 0 0 0 0 0 0 0 0 0 0 0 0 0 0 
0 0 0 0 0 0 0 0 0 0 0 0 0 0 0 0 0 0 0 0 0 0 0 0 0 0 1 0 -2 0 0 0 0 0 0 0 0 1 0 0 
0 0 0 0 0 0 0 0 0 0 0 0 1 0 0 0 0 0 0 0 0 0 0 0 0 0 0 0 3 0 0 0 0 0 0 0 0 0 0 0 
0 0 0 0 0 0 0 1 0 1 0 0 0 0 0 0 0 0 0 0 0 0 0 0 0 0 0 0 0 0 0 0 0 4 0 0 0 0 0 0 
0 0 0 0 0 0 0 0 0 8 0 2 0 0 0 0 0 0 0 0 0 0 0 0 0 0 0 0 1 0 0 0 0 0 0 0 0 0 0 0 
0 0 0 0 0 0 0 0 0 0 0 0 0 0 2 0 0 0 0 0 0 0 0 0 0 0 0 0 0 0 8 0 2 0 0 0 0 0 0 0 
0 0 0 0 0 0 0 0 0 1 0 -2 0 0 0 0 0 0 0 0 0 0 0 0 0 0 0 0 0 0 0 0 0 0 0 3 0 0 0 0 
0 0 0 0 0 0 0 0 0 0 0 12 0 3 0 0 0 0 0 0 0 0 0 0 0 0 0 0 0 0 1 0 -4 0 0 0 0 0 0 0 
0 0 0 0 0 0 0 0 0 0 0 0 0 0 0 0 2 0 0 0 0 0 0 0 0 0 0 0 0 0 0 0 4 0 1 0 0 0 0 0 
0 0 0 0 0 0 0 0 0 0 0 1 0 1 0 0 0 0 0 0 0 0 0 0 0 0 0 0 0 0 0 0 0 0 0 0 0 1 0 0 
0 0 0 0 0 0 0 0 0 0 0 0 0 4 0 1 0 0 0 0 0 0 0 0 0 0 0 0 0 0 0 0 1 0 0 0 0 0 0 0 
0 0 0 0 0 0 0 0 0 0 0 0 0 0 0 0 0 0 3 0 0 0 0 0 0 0 0 0 0 0 0 0 0 0 8 0 2 0 0 0 
0 0 0 0 0 0 0 0 0 0 0 0 0 1 0 -1 0 0 0 0 0 0 0 0 0 0 0 0 0 0 0 0 0 0 0 0 0 0 0 1 
0 0 0 0 0 0 0 0 0 0 0 0 0 0 0 8 0 2 0 0 0 0 0 0 0 0 0 0 0 0 0 0 0 0 1 0 -3 0 0 0 
0 0 0 0 0 0 0 0 0 0 0 0 0 0 0 0 0 0 0 0 2 0 0 0 0 0 0 0 0 0 0 0 0 0 0 0 0 0 0 0 
0 0 0 0 0 2 0 0 0 0 0 0 0 0 0 1 0 0 0 0 0 0 0 0 0 0 0 0 0 0 0 0 0 0 0 0 0 0 0 0 
0 3 0 0 0 0 0 0 0 0 0 0 0 0 0 0 0 0 0 0 0 0 0 0 0 0 3 0 0 0 0 0 0 0 0 0 1 0 -1 0 
0 0 0 0 0 0 0 0 0 0 0 0 0 0 0 0 0 0 0 0 0 0 2 0 0 0 0 0 0 0 0 0 0 0 0 0 0 0 2 0 
0 0 0 0 0 0 0 0 0 0 0 0 0 0 0 0 0 1 0 0 0 0 0 0 0 0 0 0 0 0 0 0 0 0 0 0 0 0 0 0 
0 0 0 3 0 0 0 0 0 0 0 0 0 0 0 0 0 0 0 3 0 0 0 0 0 0 0 0 0 0 0 0 0 0 0 0 0 0 1 0 
-1 0 0 0 0 0 0 0 0 0 0 0 0 0 0 0 0 0 0 0 0 0 0 0 4 0 0 0 0 0 0 0 0 0 0 0 0 0 0 0 
4 0 0 0 0 0 0 0 0 0 0 0 0 0 0 0 0 0 0 1 0 -2 0 0 0 0 0 0 0 0 0 0 0 0 0 0 0 0 0 0 
0 0 0 0 0 1 0 0 0 0 0 0 0 0 0 0 0 0 0 0 0 1 0 0 0 0 0 0 0 0 0 0 0 0 0 0 0 0 0 0 
2 0 3 0 0 0 0 0 0 0 0 0 0 0 0 0 0 0 0 0 0 0 0 0 0 0 1 0 0 0 0 0 0 0 0 0 0 0 0 0 
0 0 1 0 0 0 0 0 0 0 0 0 0 0 0 0 0 0 0 0 0 1 0 1 0 0 0 0 0 0 0 0 0 0 0 0 0 0 0 0 
0 0 0 0 0 0 0 3 0 0 0 0 0 0 0 0 0 0 0 0 0 0 0 6 0 1 0 0 0 0 0 0 0 0 0 0 0 0 0 0 
0 0 1 0 -2 0 0 0 0 0 0 0 0 0 0 0 0 0 0 0 0 0 0 0 0 0 0 0 1 0 0 0 0 0 0 0 0 0 0 0 
0 0 0 0 0 0 0 0 0 0 0 0 0 2 0 0 0 0 0 0 0 0 0 1 0 -1 0 0 0 0 0 0 0 0 0 0 0 0 0 0 
0 0 0 0 0 0 0 0 0 0 0 0 0 0 0 0 0 0 0 0 0 0 0 0 0 8 0 0 0 0 0 0 0 0 2 0 0 0 0 0 
0 0 0 0 1 0 -2 0 0 0 0 0 0 0 0 0 0 0 0 0 0 0 0 0 0 0 0 0 0 0 0 0 0 0 0 0 0 0 0 0 
0 0 0 0 0 0 4 0 0 0 0 0 0 0 0 1 0 0 0 0 0 0 0 0 0 1 0 0 0 0 0 0 0 0 0 0 0 0 0 0 
0 0 0 0 0 0 0 0 0 0 0 0 0 0 0 0 0 0 0 0 0 0 0 0 0 0 0 0 0 0 0 0 0 0 0 0 0 0 0 0 
0 0 0 0 0 0 0 1 4 0 0 0 0 0 0 0 0 4 0 0 0 0 0 0 0 0 0 0 0 0 0 0 0 0 0 0 0 0 0 0 
0 0 0 0 0 0 0 0 12 0 0 0 0 0 0 0 0 0 0 0 0 0 0 0 0 0 0 0 1 -4 0 0 0 0 0 0 0 0 0 0 
0 0 0 1 0 0 0 0 0 0 0 0 0 0 0 0 0 0 0 0 0 0 0 0 0 0 0 0 0 0 0 0 0 0 0 0 0 0 0 0 
0 0 0 0 0 0 0 0 0 1 3 0 0 0 0 0 0 0 0 0 0 0 0 0 2 0 0 0 0 0 0 0 0 0 0 0 0 0 0 0 
0 0 0 0 0 0 0 0 0 0 0 0 0 0 0 0 0 0 0 0 0 0 0 0 0 0 0 0 0 0 1 2 0 0 0 0 0 0 0 0 
0 0 0 0 0 0 0 0 0 0 0 0 0 1 0 0 0 0 0 0 0 0 0 0 0 0 0 0 0 0 0 0 0 0 0 0 0 0 0 0 
0 0 0 0 0 0 0 0 0 0 0 1 3 0 0 0 0 0 0 0 0 0 0 0 0 0 0 0 0 0 0 0 0 0 2 0 0 0 0 0 
0 0 0 0 0 0 0 0 0 0 0 0 0 0 0 0 0 0 0 0 0 0 0 0 0 0 0 0 0 0 0 0 1 2 0 0 0 0 0 0 
0 0 0 0 0 0 0 0 0 0 0 0 0 0 0 3 0 0 0 0 0 0 0 0 0 0 0 0 0 0 0 0 0 0 0 0 0 0 0 0 
0 0 0 0 0 0 0 0 0 0 0 0 0 1 1 0 0 0 0 0 0 0 0 0 0 0 0 0 0 0 0 0 0 0 0 0 4 0 0 0 
0 0 0 0 0 0 0 0 0 0 0 0 0 0 0 0 0 0 0 0 0 0 0 0 0 0 0 0 0 0 0 0 0 0 1 0 0 0 0 0 
0 0 0 0 0 0 0 0 0 0 0 0 0 0 0 0 0 5 0 0 0 0 0 0 0 0 0 0 0 0 0 0 0 0 0 0 0 0 0 0 
0 0 0 0 0 0 0 0 0 0 0 0 0 0 0 1 -1 0 0 0 0 0 0 0 0 0 0 0 0 0 0 0 0 0 0 0 0 0 6 0 
0 0 0 0 0 0 0 0 0 0 0 0 0 0 0 0 0 0 0 0 0 0 0 0 0 0 0 0 0 0 0 0 0 0 0 0 1 -2 0 0 
0 0 0 0 0 0 0 0 0 0 0 0 0 0 0 0 0 0 0 0 0 0 0 0 0 0 0 0 0 0 0 2 0 0 0 0 0 6 0 0 
0 0 0 0 0 0 0 0 0 0 0 0 0 0 0 0 0 1 2 0 0 0 0 0 0 0 0 0 0 0 0 0 0 0 0 0 0 0 0 0 
0 0 0 0 0 0 0 0 0 0 0 0 1 0 0 0 0 0 3 0 0 0 0 0 0 0 0 0 0 0 0 0 0 0 0 0 0 0 1 3 
0 0 0 0 0 0 0 0 0 0 0 0 0 0 0 0 0 0 0 0 0 0 0 2 0 0 0 0 0 0 0 0 0 0 0 0 0 0 0 2 
0 0 0 0 0 0 0 0 0 0 0 0 0 0 0 0 0 0 0 1 2 0 0 0 0 0 0 0 0 0 0 0 0 0 0 0 0 0 0 0 
0 0 0 0 4 0 0 0 0 0 0 0 0 0 0 0 0 0 0 0 4 0 0 0 0 0 0 0 0 0 0 0 0 0 0 0 0 0 0 0 
1 0 0 0 0 0 0 0 0 0 0 0 0 0 0 0 0 0 0 0 0 0 0 0 0 6 0 0 0 0 0 0 0 0 0 0 0 0 0 0 
0 6 0 0 0 0 0 0 0 0 0 0 0 0 0 0 0 0 0 0 0 1 -2 0 0 0 0 0 0 0 0 0 0 0 0 0 0 0 0 0 
0 0 0 0 0 0 4 0 0 0 0 0 0 0 0 0 0 0 0 0 0 0 4 0 0 0 0 0 0 0 0 0 0 0 0 0 0 0 0 0 
0 0 3 8 0 0 0 0 0 0 0 0 0 0 0 0 0 0 0 0 0 0 0 0 0 0 0 9 0 0 0 0 0 0 0 0 0 0 0 0 
0 0 0 9 0 0 0 0 0 0 0 0 0 0 0 0 0 0 0 0 0 0 0 3 3 0 0 0 0 0 0 0 0 0 0 0 0 0 0 0 
0 0 0 0 0 0 0 0 15 0 0 0 0 0 0 0 0 0 0 0 0 0 0 0 15 0 0 0 0 0 0 0 0 0 0 0 0 0 0 0 
0 0 0 0 4 1 0 0 0 0 0 0 0 0 0 0 0 0 0 0 0 0 0 0 0 0 0 0 0 16 0 0 0 0 0 0 0 0 0 0 
0 0 0 0 0 16 0 0 0 0 0 0 0 0 0 0 0 0 0 0 0 0 0 0 0 4 0 0 0 0 0 0 0 0 0 0 0 0 0 0 
0 0 0 0 0 0 0 0 0 0 8 0 0 0 0 0 0 0 0 0 0 0 0 0 0 0 8 0 0 0 0 0 0 0 0 0 0 0 0 0 
0 0 0 0 0 0 4 8 0 0 0 0 0 0 0 0 0 0 0 0 0 0 0 0 0 0 0 0 0 0 0 1 0 0 0 0 0 0 0 0 
0 0 0 0 0 0 0 1 0 0 0 0 0 0 0 0 0 0 0 0 0 0 0 0 0 0 0 1 3 0 0 0 0 0 0 0 0 0 0 0 
0 0 0 0 0 0 0 0 0 0 0 0 0 0 0 0 0 0 0 0 0 0 0 0 0 0 0 0 8 0 0 0 0 0 0 0 0 2 0 0 
0 0 0 0 0 0 0 0 1 0 0 0 0 0 0 0 0 0 0 0 0 0 0 0 0 0 0 0 0 0 0 0 0 0 0 0 0 0 0 0 
0 0 0 0 0 0 0 0 0 12 0 0 0 0 0 0 0 0 3 0 0 0 0 0 0 0 0 0 0 1 -2 0 0 0 0 0 0 0 0 0 
0 0 0 0 0 0 0 0 0 0 0 0 0 0 0 0 0 0 0 0 0 0 0 0 0 0 0 0 0 0 4 0 0 0 0 0 0 0 0 1 
0 0 0 0 0 0 0 0 0 0 1 2 0 0 0 0 0 0 0 0 0 0 0 0 0 0 0 0 0 0 0 0 0 0 0 0 0 0 0 0 
0 0 0 0 0 0 2 0 0 0 0 0 0 0 0 0 0 0 0 0 0 0 0 0 0 0 0 0 0 0 0 0 0 0 0 0 0 0 0 0 
0 0 0 0 0 0 0 0 0 0 0 0 0 0 0 0 1 0 0 0 0 0 0 0 0 0 0 0 0 0 0 0 1 0 0 0 0 0 0 0 
0 0 0 0 0 0 0 0 0 0 0 0 0 -1 0 0 0 0 0 0 0 0 0 0 0 0 0 0 0 0 0 0 0 0 0 0 0 1 0 0 
0 0 0 0 0 0 0 0 0 0 0 0 0 0 0 0 0 0 0 0 0 0 0 0 0 0 0 0 0 0 0 0 0 0 1 0 0 0 0 0 
0 0 0 0 0 0 0 0 0 0 0 0 0 0 0 0 0 0 2 0 0 0 0 0 0 0 0 0 0 0 0 0 0 0 1 0 0 0 0 0 
0 0 0 0 0 0 0 0 0 0 0 0 0 0 0 0 0 0 0 0 0 0 0 0 1 0 0 0 0 0 0 0 0 0 0 0 0 0 0 4 
0 0 0 0 0 0 0 0 0 0 0 0 0 0 0 0 0 0 0 0 0 0 0 0 0 0 0 0 0 0 0 0 0 0 0 0 0 0 0 0 
0 0 0 0 0 1 0 0 0 0 0 0 0 0 0 0 0 0 0 0 0 0 0 0 0 0 0 0 0 0 0 0 0 0 0 0 2 0 0 0 
0 0 0 0 0 0 0 0 0 0 0 0 0 0 0 0 0 0 0 0 0 0 0 0 0 0 0 0 0 0 0 0 0 0 0 0 0 0 0 0 
0 2 0 0 0 0 0 0 0 0 0 0 0 0 0 0 0 0 0 0 0 0 0 0 0 0 0 0 0 0 0 0 0 0 0 0 0 0 0 0 
0 0 0 0 0 0 0 0 0 0 0 0 0 0 0 0 0 0 0 0 0 0 2 0 0 0 0 0 0 0 0 0 0 0 0 0 0 0 1 0 
0 0 0 0 0 0 0 0 0 0 0 0 0 0 0 0 0 0 0 0 0 0 0 0 0 0 0 0 0 0 0 0 0 0 0 0 0 0 0 0 
0 0 0 2 0 0 0 0 0 0 0 0 0 0 0 0 0 0 0 0 0 0 0 0 0 0 0 0 1 0 0 0 0 0 0 0 0 0 0 0 
0 0 0 0 0 0 0 0 0 0 0 0 0 0 0 0 0 0 0 0 0 0 0 0 2 0 0 0 0 0 0 0 0 0 0 0 0 0 0 0 
0 0 0 0 0 0 0 0 0 0 1 0 0 0 0 0 0 0 0 0 0 0 0 0 0 0 0 0 0 0 0 0 0 0 0 0 0 0 0 0 
0 0 0 0 0 0 1 0 0 0 0 0 0 0 0 0 0 0 0 0 0 0 0 0 0 0 0 0 0 0 0 0 0 0 0 0 0 0 0 0 
0 0 0 0 0 0 0 0 0 0 0 0 0 0 0 0 0 0 0 0 0 0 0 0 0 0 0 0 0 0 0 0 0 0 0 0 2 0 0 0 
0 0 0 0 0 0 0 0 0 0 0 0 0 0 0 0 0 0 0 0 0 0 0 0 0 0 0 0 0 0 0 0 0 0 0 0 0 0 0 0 
0 0 0 0 0 0 0 0 0 0 0 0 0 0 0 0 0 0 2 0 0 0 0 0 0 0 0 0 0 0 0 0 0 0 0 0 0 0 0 0 
0 0 0 0 0 0 0 0 0 0 0 0 0 0 0 0 0 0 0 0 0 0 0 0 0 0 0 0 0 0 0 0 0 0 0 0 0 0 0 0 
0 0 0 0 2 0 0 0 0 0 0 0 0 0 0 0 0 0 0 0 0 0 0 0 0 0 1 0 0 0 0 0 0 0 0 0 0 0 0 0 
0 0 0 0 0 0 0 0 0 3 0 0 0 0 0 0 0 0 0 0 0 0 0 0 0 3 0 0 0 0 0 0 0 0 0 0 0 0 0 0 
0 0 0 0 0 0 0 1 0 0 0 0 0 0 0 0 0 0 0 0 0 0 0 0 0 0 0 0 0 0 3 0 0 0 0 0 0 0 0 0 
0 0 0 0 0 0 3 0 0 0 0 0 0 0 0 0 0 0 0 0 0 0 0 0 0 0 0 0 2 0 0 0 0 0 0 0 0 0 0 0 
0 0 0 0 0 0 0 0 0 0 0 0 0 0 0 0 0 0 0 0 0 0 0 0 0 0 0 0 3 0 0 0 0 0 0 0 0 0 0 0 
0 0 0 0 0 0 0 0 0 0 1 0 0 0 0 0 0 0 0 0 0 0 0 0 0 0 0 0 0 0 0 0 0 0 0 0 0 0 0 0 
0 0 0 0 0 0 0 0 0 0 0 0 0 0 0 0 0 0 0 0 0 0 0 0 0 0 0 0 0 0 0 1 0 0 0 0 0 1 0 0 
0 0 0 0 0 0 0 0 0 0 0 0 0 0 0 0 0 0 0 0 0 0 0 0 0 0 0 0 0 0 0 0 0 0 0 0 0 0 0 0 
0 0 0 0 0 0 0 0 0 0 0 0 1 0 0 0 0 0 0 1 0 0 0 0 0 0 0 0 0 0 0 0 0 0 0 0 0 0 0 0 
0 0 0 0 1 0 0 0 0 0 0 0 0 0 0 0 0 0 0 0 0 0 0 0 0 0 0 0 0 0 0 0 0 2 0 0 0 0 0 0 
1 0 0 0 0 0 0 0 0 0 0 0 0 0 0 0 0 0 0 0 0 0 0 0 0 0 0 0 0 0 0 3 0 0 0 0 0 0 0 0 
0 0 0 0 0 0 0 0 0 0 0 0 0 0 1 0 0 0 0 0 0 0 0 0 0 0 1 0 0 0 0 0 0 0 0 0 0 0 0 0 
0 0 0 0 0 0 0 0 0 0 0 0 0 0 0 0 0 0 0 0 0 0 0 0 0 0 0 0 0 0 0 0 0 0 0 1 0 0 0 0 
0 0 0 0 0 0 0 0 0 0 0 0 0 0 0 0 0 0 0 0 1 0 0 0 0 0 0 0 0 0 0 0 0 0 0 0 0 0 0 0 
0 0 0 0 0 0 0 0 0 0 0 0 0 0 0 0 2 0 0 0 0 0 0 0 0 0 0 0 0 0 0 0 0 0 0 0 0 0 0 0 
0 0 0 0 0 0 0 0 0 0 0 0 0 0 1 0 0 0 0 0 0 0 0 0 0 0 0 0 0 0 0 0 0 0 0 0 0 2 0 0 
0 0 0 0 0 0 0 0 0 0 0 0 0 0 0 0 0 0 0 0 0 0 0 0 0 0 0 0 0 0 0 0 0 0 0 1 0 0 0 0 
0 0 0 0 0 0 0 0 0 0 0 0 0 0 0 0 0 0 3 0 0 0 0 0 0 0 0 0 0 0 0 0 0 0 0 0 0 0 0 0 
0 0 0 0 0 0 0 0 0 0 0 0 0 0 0 0 4 0 1 0 0 0 0 0 0 0 0 0 0 0 0 0 0 0 0 0 0 0 0 2 
0 0 0 0 0 0 0 0 0 0 0 0 0 0 0 0 0 0 0 0 0 0 0 0 0 0 0 0 0 0 0 0 0 0 0 0 0 0 0 0 
0 0 0 0 0 0 1 0 0 0 0 0 0 0 0 0 0 0 0 0 2 0 0 0 0 0 0 0 0 0 0 0 0 0 0 0 0 0 0 0 
0 0 0 0 0 0 0 0 0 0 0 0 0 0 0 0 0 0 4 0 0 0 0 0 0 0 0 1 0 0 0 0 0 0 0 0 0 0 0 0 
0 2 0 0 0 0 0 0 0 0 0 0 0 0 0 0 0 0 0 0 0 0 0 0 0 0 0 0 0 0 0 0 0 0 0 0 0 0 0 0 
0 0 0 0 0 0 0 0 0 1 0 0 0 0 0 0 0 0 0 0 0 0 1 0 0 0 0 0 0 1 0 0 0 0 0 0 0 0 0 0 
0 0 0 0 0 0 0 0 0 0 0 0 0 0 1 0 0 0 0 0 0 0 0 0 0 0 0 0 0 0 1 0 0 0 0 0 0 0 0 0 
0 0 0 2 0 0 0 0 0 0 0 0 0 0 0 0 0 0 0 0 0 0 0 0 0 0 0 0 0 0 0 0 0 0 0 0 0 0 0 0 
0 3 0 0 0 0 0 0 0 0 0 1 0 0 0 0 0 0 0 0 0 0 0 0 2 0 0 0 0 0 0 0 0 0 0 0 0 0 0 0 
0 0 0 0 0 0 0 0 0 0 0 0 0 0 0 0 0 0 0 0 0 0 4 0 0 0 0 0 0 0 0 0 1 0 0 0 0 0 0 0 
0 0 0 0 0 0 2 0 0 0 0 0 0 0 0 0 0 0 0 0 0 0 0 0 0 0 0 0 0 0 0 0 0 0 0 0 0 0 0 0 
0 0 0 3 0 0 0 0 0 0 0 0 0 0 0 0 0 0 0 0 0 0 0 0 0 0 0 1 0 0 0 0 0 0 0 0 0 0 0 0 
0 0 0 0 0 0 0 0 3 0 0 0 0 0 0 0 0 0 0 0 0 0 0 0 3 0 0 0 0 0 0 0 0 0 0 0 0 0 0 0 
0 0 0 0 0 0 0 0 1 0 0 0 0 0 0 0 0 0 0 0 0 0 0 0 0 0 0 0 0 3 0 0 0 0 0 0 0 0 0 0 
0 0 0 0 0 3 0 0 0 0 0 0 0 0 0 0 0 0 0 0 0 0 0 0 0 0 0 0 0 1 0 0 0 0 0 0 0 0 0 0 
0 0 0 0 0 0 0 0 0 0 3 0 0 0 0 0 0 0 0 0 0 0 0 0 0 0 3 0 0 0 0 0 0 0 0 0 0 0 0 0 
0 0 0 0 0 0 0 0 0 0 1 0 0 0 0 0 0 0 0 0 0 0 0 0 0 0 0 0 0 0 0 1 0 0 0 0 0 0 0 0 
0 0 0 0 0 0 0 2 0 0 0 0 0 0 0 0 0 0 0 0 0 0 0 0 0 0 0 0 0 0 0 1 0 0 0 0 0 0 0 0 
0 0 0 0 0 0 0 0 0 0 0 0 1 0 0 0 0 0 0 0 0 0 0 0 0 0 0 0 2 0 0 0 0 0 0 0 0 0 0 0 
0 0 0 0 0 0 0 0 0 0 0 0 1 0 0 0 0 0 0 0 0 0 0 0 0 0 0 0 0 0 0 0 0 1 0 0 0 0 0 0 
0 0 0 0 0 0 0 0 0 2 0 0 0 0 0 0 0 0 0 0 0 0 0 0 0 0 0 0 0 0 0 0 0 2 0 0 0 0 0 0 
0 0 0 0 0 0 0 0 0 0 0 0 0 0 4 0 0 0 0 0 0 0 0 0 0 0 0 0 0 0 9 0 0 0 0 0 0 0 0 0 
0 2 0 0 0 0 0 0 0 0 0 0 0 0 0 2 0 0 0 0 3 0 0 0 0 0 0 0 0 0 0 0 0 0 0 0 0 0 0 0 
0 0 0 0 0 0 0 0 0 0 0 9 0 0 0 0 0 0 0 0 0 0 0 0 0 0 0 0 0 0 0 0 0 0 0 0 1 0 0 0 
0 0 0 0 0 0 0 0 0 0 0 0 0 0 0 0 3 0 0 0 0 0 0 0 0 0 0 0 0 0 0 0 3 0 0 0 0 0 0 0 
0 0 0 0 0 0 0 0 0 0 0 0 0 0 0 0 0 1 0 0 0 0 0 0 0 0 0 0 0 0 0 0 0 0 0 0 0 3 0 0 
0 0 0 0 0 0 0 0 0 0 0 0 0 3 0 0 0 0 0 0 0 0 0 0 0 0 0 0 0 0 0 0 0 0 0 0 0 0 1 0 
0 0 0 1 0 0 0 0 0 0 0 0 0 0 0 0 0 0 1 0 0 0 0 0 0 0 0 0 0 0 0 0 0 0 4 0 0 0 0 0 
0 0 0 0 0 0 0 0 0 0 0 0 0 0 0 0 0 0 0 1 0 0 0 0 1 0 0 0 0 0 0 0 0 0 0 0 0 0 0 2 
0 0 0 0 0 0 0 0 0 0 0 0 0 0 0 4.5 0 0 0 0 0 0 0 0 0 0 0 0 0 0 0 0 0 0 0 0 0 0 0 0 
1 0 0 0 0 0 0 0 0 0 0 0 0 0 0 0 0 0 0 0 1 0 0 0 0 0 0 0 0 0 0 0 0 0 0 0 3 0 0 0 
0 0 0 0 0 0 0 0 0 0 0 0 0 0 0 0 0 0 0 0 0 0 1 0 0 0 0 0 0 0 0 0 0 0 0 0 0 0 0 0 
0 0 0 0 0 0 0 0 0 0 0 0 0 0 0 0 0 0 0 0 0 0 0 0 0 0 0 0 0 0 0 0 0 0 0 0 0 0 0 0 
0 0 0 0 1 0 0 0 0 0 0 0 0 0 0 0 0 0 0 0 0 0 0 0 0 0 0 0 0 0 0 0 0 0 0 0 0 0 0 0 
0 0 0 0 0 0 0 0 0 0 0 0 0 0 0 0 0 0 0 0 0 0 0 0 0 2 0 0 0 0 0 0 0 0 0 0 0 0 0 0 
0 0 0 0 0 0 0 0 0 0 0 0 0 0 0 0 0 0 0 3 0 0 0 0 0 0 0 0 0 0 0 0 0 0 0 0 0 0 0 0 
0 0 0 0 0 0 2 0 0 0 0 0 0 0 0 0 0 0 0 0 0 0 0 0 0 0 0 0 0 0 0 0 0 0 0 0 0 0 0 0 
3 0 0 0 0 0 0 0 0 0 0 0 0 0 0 0 0 0 0 0 0 0 0 0 0 0 0 1 0 0 0 0 0 0 0 0 0 0 0 0 
0 0 0 0 0 3 0 0 0 0 0 0 0 0 0 0 0 0 0 0 0 3 0 0 0 0 0 0 0 0 0 0 0 0 0 0 0 0 0 0 
0 0 0 0 0 0 0 0 0 1 0 1 0 0 0 0 0 0 0 0 0 0 0 0 0 0 0 0 0 0 0 0 0 0 0 0 0 0 0 0 
0 0 3 0 0 0 0 0 0 0 0 0 0 0 0 0 0 0 0 0 0 0 0 0 0 0 0 0 0 0 1 0 0 0 0 0 0 0 0 0 
0 0 0 0 0 0 0 1 0 0 0 0 0 0 0 0 0 0 0 0 0 0 0 4 0 1 0 0 0 0 0 0 0 0 0 0 0 0 0 0 
0 0 0 0 0 0 0 0 0 0 0 3 0 0 0 0 0 0 0 0 0 0 0 0 0 0 0 0 0 0 0 0 0 0 0 0 0 0 0 0 
0 0 0 0 8 0 2 0 0 0 0 0 0 0 0 0 0 0 0 0 0 0 0 0 0 0 0 0 0 0 0 0 1 0 0 0 0 0 0 0 
0 0 0 0 0 0 0 0 0 0 0 0 0 0 0 0 0 0 0 0 0 0 0 0 0 4 0 0 0 0 0 0 0 0 1 0 0 0 0 0 
0 0 0 0 0 0 0 0 0 0 0 0 0 1 0 0 0 0 0 0 0 0 0 0 0 0 0 0 0 0 0 0 0 0 0 0 0 0 0 0 
0 0 0 0 0 0 3 0 0 0 0 0 0 0 0 0 1 0 0 0 0 0 0 0 0 0 0 0 0 0 0 0 0 0 1 0 0 0 0 0 
0 0 0 0 0 0 0 0 0 0 0 0 0 0 0 0 0 0 0 0 0 0 0 0 0 0 0 4 0 0 0 0 0 0 0 0 0 1 0 0 
0 0 0 0 0 0 0 0 0 0 0 0 0 2 0 1 0 0 0 0 0 0 0 0 0 0 0 0 0 0 0 0 14 0 0 0 0 0 0 0 
0 0 0 0 0 0 0 0 19 0 0 0 0 0 0 0 0 0 0 0 0 0 0 0 0 0 2 0 0 0 0 0 0 0 0 0 1 0 0 0 
0 0 0 0 0 0 0 0 0 0 0 0 0 12 0 0 0 0 0 0 0 0 0 0 0 0 0 0 0 18 0 2 0 0 0 0 0 0 0 0 
0 0 0 0 0 0 0 2 0 0 0 0 0 0 0 0 0 0 0 1 0 0 0 0 0 0 0 0 0 0 0 0 0 0 0 0 0 0 0 0 
0 0 0 0 0 0 0 0 0 0 0 0 0 0 0 0 0 0 0 0 0 0 0 0 0 0 0 0 0 0 0 0 0 0 2 0 0 0 0 0 
0 4 0 0 0 0 0 0 1 0 0 0 0 0 0 30 0 0 0 0 0 0 0 0 0 0 0 0 0 0 0 25 0 0 0 0 0 0 0 0 
0 0 0 0 0 0 0 0 0 0 0 0 0 0 0 2 0 0 0 0 0 0 6 0 0 0 0 0 0 3 0 0 0 0 0 0 64 0 0 0 
0 0 0 0 0 0 0 0 0 0 0 0 50 0 0 0 0 0 0 0 0 0 0 0 0 0 0 0 0 0 0 0 0 0 0 0 2.34 0 0 0 
0 0 0 0.17 0 0 0 0 0 0 0 0 0 0 0 0 0 2 0 0 0 0 0 0 0 0 0 0 0 0 0 0 0 12 0 0 0 0 0 0 
0 0 0 0 3.66 0 0 0 0 0 0 0 0 0 0 0 0 2 0 0 0 0 0 0 1 0 0 0 0 0 0 0 0 0 0 0 0 0 12 0 
0 0 0 0 0 0 0 0 0 0 0 0 0 0 18 0 0 0 0 0 0 0 0 0 0 4 0 0 0 0 0 0 0 0 0 0 0 0 1.04 0 
0 0 0 0 0 0.52 0 0 0 0 0 0 0 0 0 0 0 0 0 6.2 0 0 0 0 0 0 0 0 0 0 0 0 0 0 0 15.1 0 0 0 0 
0 0 0 0 0 0 4.96 0 0 0 0 0 0 0 0 0 0 0 0 2.14 0 0 0 0 0 0 1.07 0 0 0 0 0 0 0 0 0 0 0 0 0 
8.8 0 0 0 0 0 0 0 0 0 0 0 0 0 0 0 22.4 0 0 0 0 0 0 0 0 0 0 6.86 0 0 0 0 0 0 0 0 0 0 0 0 
2.14 0 0 0 0 0 0 1.07 0 0 0 0 0 0 0 0 0 0 0 0 0 9 0 0 0 0 0 0 0 0 0 0 0 0 0 0 0 22.5 0 0 
0 0 0 0 0 0 0 0 6.86 0 0 0 0 0 0 0 0 0 0 0 0 2 0 0 0 0 0 0 1 0 0 0 0 0 0 0 0 0 0 0 
0 0 9 0 0 0 0 0 0 0 0 0 0 0 0 0 0 0 12.5 0 0 0 0 0 0 0 0 0 0 2 0 0 0 0 0 0 0 0 0 0 
0 0 0.68 0 0 0 0 0 0 0.34 0 0 0 0 0 0 0 0 0 0 0 0 0 5.8 0 0 0 0 0 0 0 0 0 0 0 0 0 0 0 14.9 
0 0 0 0 0 0 0 0 0 0 5.32 0 0 0 0 0 0 0 0 0 0 0 0 2 0 0 0 0 0 0 1 0 0 0 0 0 0 0 0 0 
0 0 0 0 6 0 0 0 0 0 0 0 0 0 0 0 0 0 0 0 13 0 0 0 0 0 0 0 0 0 0 3 0 0 0 0 0 0 0 0 
0 0 0 0 2.22 0 0 0 0 0 0 1.11 0 0 0 0 0 0 0 0 0 0 0 0 0 13.6 0 0 0 0 0 0 0 0 0 0 0 0 0 0 
0 24.8 0 0 0 0 0 0 0 0 0 0 6.78 0 0 0 0 0 0 0 0 0 0 0 0 0 0 0 2 0 0 0 3 0 0 0 0 0 0 0 
0 0 0 0 0 0 0 0 0 0 0 0 0 0 0 0 0 0 0 0 0 0 6 0 0 0 0 0 0 0 0 0 0 0 0 0 0 0 0 0 
0 0 0 0 0 0 0 0 0 2 0 0 0 1 0 0 0 0 0 0 0 0 0 0 0 0 0 0 0 0 0 0 0 0 0 0 0 0 0 0 
0 0 0 4 0 0 0 0 0 0 0 0 0 0 0 0 0 0 0 0 0 0 0 0 0 0 0 0 0 0 4 0 0 0 1 0 0 0 0 0 
0 0 0 0 0 0 0 0 0 0 0 0 0 0 0 0 0 0 0 0 0 0 0 0 7 0 0 0 0 0 0 0 0 0 0 0 0 0 0 0 
0 0 0 0 0 0 0 0 0 0 0 0 0 0 1 1 0 0 0 0 0 0 0 0 0 0 0 0 0 0 0 0 0 0 0 0 0 0 0 0 
0 0 0 0 0 3 0 0 0 0 0 0 0 0 0 0 0 0 0 0 0 0 0 0 0 0 0 0 0 0 0 0 0 0 0 1 1 0 0 0 
0 0 0 0 0 0 0 0 0 0 0 0 0 0 0 0 0 0 0 0 0 0 0 0 0 0 3 0 0 0 0 0 0 0 0 0 0 0 0 0 
0 0 0 0 0 0 0 0 0 0 0 0 0 0 0 0 1 1 0 0 0 0 0 0 0 0 0 0 0 0 0 0 0 0 0 0 0 0 0 0 
0 0 0 0 0 0 0 3 0 0 0 0 0 0 0 0 0 0 0 0 0 0 0 0 0 0 0 0 0 0 0 0 0 0 0 0 0 0 3 0 
0 2 0 0 0 0 0 0 0 0 0 0 8 0 0 0 0 0 0 0 0 0 0 0 0 0 0 0 4 0 0 0 0 0 0 0 0 0 0 0 
0 0 0 0 0 0 0 0 0 0 0 0 0 0 0 0 0 0 0 1 0 0 0 0 0 0 1 0 0 0 0 0 0 0 0 0 0 0 0 0 
0 0 0 0 0 0 0 0 0 4 0 0 0 0 0 0 0 0 0 0 0 0 0 0 0 0 0 0 0 0 0 0 0 0 0 0 0 0 0 0 
1 0 0 0 0 0 0 0 0 0 0 0 2 0 0 0 0 0 0 0 0 0 0 0 0 0 0 0 0 0 0 0 0 0 0 0 0 0 0 0 
0 0 0 0 0 0 0 0 0 0 0 0 0 0 0.67 0 0 0 0 0 0 0.17 0 0 0 0 0 0 0 0 0 0 0 0 1.67 2 0 0 0 0 
0 0 0 0 0 0 0 0 0 0 0 12 0 0 0 0 0 0 0 0 0 0 3.66 0 0 0 0 0 0 0 0 0 0 0 0 0 0 0 0 0 
0 0 1 0 0 0 0 0 0 0 0 0 0 0 0 0 6 0 0 0 2 0 0 0 0 0 0 0 0 0 0 0 0 0 0 0 0 0 0 0 
0 0 0 0 0 0 0 0 0 0 0 0 0 0 0 0 0 0 0 0 0 0 0 1 0 0 0 0 0 0 0 0 0 0 0 0 0 1 0 0 
0 0 3 0 0 0 0 0 0 0 0 0 0 8 0 2 0 0 0 0 0 0 0 0 0 0 0 0 0 0 0 0 0 0 0 0 0 0 0 0 
0 0 0 0 1 0 0 0 0 0 0 0 0 0 0 0 0 0 1 0 0 0 0 0 0 0 0 0 0 0 0 0 0 0 4 0 1 0 0 0 
0 0 0 0 0 0 0 0 0 0 0 0 0 0 0 0 0 0 0 0 0 0 0 0 0 4 0 0 0 0 0 0 0 0 0 0 0 0 0 6 
0 0 0 0 0 0 0 0 0 0 0 0 0 0 0 14.5 0 3 0 0 0 0 0 0 0 0 0 0 0 0 0 0 0 0 0 0 0 0 0 0 
0 0 0 0 0 0 1 0 0 0 0 0 0 0 0 0 0 0 0 0 5 0 0 0 0 0 0 0 0 0 0 0 0 0 0 0 6 0 1 0 
0 0 0 0 0 0 0 0 0 0 0 0 0 0 0 0 0 0 0 0 2.238 0 0 0 0 0 0 0.185 0 0 0 0 0 0 0 0 0 0 0 0 
0.112 2 0 0 0 0 0.104 0 0.09 0 0 0 0 0 0 0 0 12 0 0 0 0 0 0 0 0 0 0 3.574 0 0 0 0 0 0 0 0 0 0 0 
0 0.818 0 0 0 0 0 0 0.247 0 0 0 0 0 0 0 0 0 0 0 0 1.688 2 0 0 0 0 0.02 0 0.068 0 0 0 0 0 0 0 0 12 0 
0 0 0 0 0 0 0 0 0 3.458 0 0 0 0 0 0 0 0 0 0 0 0 1.66 0 0 0 0 0 0 0.17 0 0 0 0 0 0 0 0 0 0 
0 0 0 2 0 0 0 0 0 0 0.34 0 0 0 0 0 0 0 0 12 0 0 0 0 0 0 0 0 0 0 4 0 0 0 0 0 0 0 0 0 
0 0 0 1.4 0 0 0 0 0 0 0.3 0 0 0 0 0 0 0 0 0 0 0 0 0 2 0 0 0 0 0 0 0.6 0 0 0 0 0 0 0 0 
12 0 0 0 0 0 0 0 0 0 0 4 0 0 0 0 0 0 0 0 0 0 0 0 0.34 0 0 0 0 0 0 0.17 0 0 0 0 0 0 0 0 
0 0 0 0 0 2 0 0 0 0 0 0 3 0 0 0 0 0 0 0 0 12 0 0 0 0 0 0 0 0 0 0 3.66 0 0 0 0 0 0 0 
0 0 0 0 0 0.86 0 0 0 0 0 0 0.43 0 0 0 0 0 0 0 0 0 0 0 0 0 2 0 0 0 0 0 0 3 0 0 0 0 0 0 
0 0 12 0 0 0 0 0 0 0 0 0 0 3.14 0 0 0 0 0 0 0 0 0 0 0 0 0 0 0 0 0 0 2 1 0 0 0 0 0 0 
0 0 0 0 0 0 0 0 0 0 0 0 0 0 1 0 0 0 0 0 0 0 0 6 0 0 0 0 0 0 0 0 0 0 0 0 0 0 0 0 
0 0 0 0 0 0 0 0.34 0 0 0 0 0 0 0.17 0 0 0 0 0 0 0 0 0 0 0 0 1 2 0 0 0 0 0 0 2 0 0 0 0 
0 0 0 0 12 0 0 0 0 0 0 0 0 0 0 3.66 0 0 0 0 0 0 0 0 0 0 0 0 0 0 0 0 0 0 0 1 0 0 0 0 
0 0 0 0 0 0 0 0 0 0 0 0 0 0 0 0 0 0 1 0 0 0 0 0 0 4 0 0 0 0 0 0 0 0 0 0 0 0 0 0 
0 0 0 0 0 0 0 0 0 0 0 0 0 0 0 0 0.5 0 0 0 0 0 0 0 0 0 0 0 0 0 4.6 0 0 0 0 0 0 0 0 0 
0 0 0 0 0 1 5.3 0 0 0 0 0 0 0 0 0 0 0 0 0 0 0 0 0 0 0 0 0 0 0 0 0 0 0 0 0 0 1 0 0 
0 0.4 0 0 0 0 0 0 0 0 0 6.6 0 0 0 0 0 0 0 0 0 0 0 0 0 0 1 6.6 0 0 0 0 0 0 0 0 0 0 0 0 
0 0 0 0 0 0 0 0 0 0 0 0 0 0 0 0 0 0 1 0 0 0 0 0 0 0 0 0 0 0 0 0 2 0 0 0 0 0 0 0 
0 0 0 0 0 0 0 0 2 0 0 0 0 0 0 0 0 0 0 0 0 0 0 0 0 0 0 0 0 0 0 0 0 0 0 0 0 0 0 1 
0 0 0 0 0 0 0 0 0 0 0 0 0 2 0 0 0 0 0 0 0 0 0 0 0 0 0 0 0 1 1 0 0 0 0 0 0 0 0 0 
0 0 0 0 0 0 0 0 0 0 0 0 0 0 0 0 0 0 0 0 1 0 0 0 0 0 0 0 0 0 0 0 0 0 4 0 0 0 0 0 
0 0 0 0 0 0 0 0 0 0 2 1 0 0 0 0 0 0 0 0 0 0 0 0 0 0 0 0 0 0 0 0 0 0 0 0 0 0 0 0 
0 1 0 0 0 0 0 0 0 0 0 0 0 0 0 6 0 0 0 0 0 0 0 0 0 0 0 0 0 0 0 3 1 0 0 0 0 0 0 0 
0 0 0 0 0 0 0 0 0 0 0 0 0 0 0 0 0 0 0 0 0 0 3 0 0 0 0 0 0 0 0 0 0 0 0 0 0 0 0 0 
0 0 0 0 0 0 0 0 0 0 0 0 8 0 2 0 0 0 0 0 0 0 0 0 0 0 0 0 0 0 0 0 0 0 0 0 0 0 0 0 
0 0 0 5 0 0 0 1 0 0 0 0 0 0 0 0 0 0 0 0 0 0 0 0 0 0 0 0 0 0 0 0 0 12 0 3 0 0 0 0 
0 0 0 0 0 0 0 0 0 0 0 0 0 0 0 0 0 0 0 0 0 0 0 0 5 0 0 0 0 0 0 0 0 0 0 0 1 0 0 0 
0 0 0 0 0 0 0 0 0 0 0 0 0 0 12 0 3 0 0 0 0 0 0 0 0 0 0 0 0 0 0 0 0 0 0 0 0 0 0 0 
0 0 0 0 0 5 0 0 0 0 0 0 0 0 0 0 0 0 0 1 0 0 0 0 0 0 0 0 0 0 0 0 0 0 0 13 0 3 0 0 
0 0 0 0 0 0 0 0 0 0 0 0 0 0 0 0 0 0 0 0 0 0 0 0 0 0 1 0 0 0 0 0 0 0 0 0 0 0 0 0 
0 0 0 0 0 0 0 0 0 0 0 0 0 0 0 0 4 0 0 0 0 0 0 0 0 1 0 0 0 0 0 0 0 0 0 0 0 0 0 0 
0 0 0 0 0 0 0 1 0 0 0 0 0 0 0 0 0 0 0 0 0 1 0 0 0 0 0 0 0 0 0 0 0 0 0 0 0 4.5 0 0 
0 0 0 0 0 0 1 0 0 0 0 0 0 0 0 0 0 0 0 0 0 0 0 0 0 0 0 0 1 0 0 0 0 0 0 0 0 0 0 0 
0 0 4 0 0 0 0 0 0 0 0 0 0 0 0 0 0 0 6 0 0 0 0 0 0 0 0 1 0 0 0 0 0 0 0 0 0 0 0 0 
0 0 0 0 0 0 0 0 0 1 0 0 0 0 0 0 0 0 0 0 0 0 0 2 0 0 0 0 0 0 0 0 0 0 0 0 0 0 0 4 
0 0 0 0 0 0 0 0 0 1 0 0 0 0 0 0 0 0 0 0 0 0 0 1.414 0 0 0 0 0 0 0.445 0 0 0 0 0 0 0 0 0 
0 0 0 0.254 2 0 0 0 0 0 0 2.468 0.007 0 0 0 0 0 0 0 12 0 0 0 0 0 0 0 0 0 0 2.778 0 0 0 0 0 0.018 0 0 
0 0 0 0 0 0 0 0 0 0 0 1 0 0 0 0 0 0 0 0 0 0 0 0 0 0 0 0 0 0 0 0 0 0 0 0 0 0 0 0 
0 3 0 0 0 0 0 0 0 0 0 0 1 0 0 0 0 0 0 0 0 0 0 0 0 0 0 0 0 0 0 0 1 0 0 0 0 0 0 0 
0 0 0 0 0 0 6 0 0 0 0 0 0 0 0 0 0 0 0 0 0 0 6 0 0 0 0 0 0 0 0 0 0 0 0 1 0 0 0 0 
0 0 0 0 0 0 0 0 2 0 0 0 0 1 0 0 0 0 0 0 0 0 0 0 0 0 0 20 0 0 0 0 0 0 0 0 0 0 0 0 
0 0 0 22 0 0 0 0 0 0 0 0 0 0 0 0 0 0 0 0 0 2 0 0 0 0 0 0 0 0 0 0 0 0 1 0 0 0 0 0 
0 0 0 0 0 0 0 0 22 0 0 0 0 0 0 0 0 0 0 0 0 0 0 0 30 0 0 0 0 0 0 0 0 0 0 0 0 0 0 0 
0 0 6 0 0 0 0 0 0 0 0 0 0 0 0 1 0 0 0 0 0 0 0 0 0 0 0 0 0 12 0 0 0 0 0 0 0 0 0 0 
0 0 0 0 0 18 0 2 0 0 0 0 0 0 0 0 0 0 0 0 0 0 0 2 0 0 0 0 0 0 0 0 0 0 0 0 1 0 0 0 
0 0 0 0 0 0 0 0 0 0 12 0 0 0 0 0 0 0 0 0 0 0 0 0 0 0 17 0 0 0 0 0 0 0 0 0 0 2 0 0 
0 0 0 0 2 0 0 0 0 0 0 0 0 2 0 0 0 0 1 0 0 0 0 0 0 0 0 0 0 0 0 0 0 0 0 0 0 0 0 0 
0 0 0 0 0 0 0 4 0 0 0 0 0 0 0 0 0 0 0 0 0 0 0 0 0 0 0 0 0 0 0 0 0 0 0 0 0 1 0 1 
0 0 0 0 0 0 0 0 0 0 0 0 0 0 0 0 0 0 0 0 0 0 0 0 0 0 0 0 3 0 0 0 0 0 0 0 0 0 0 0 
0 0 0 0 0 0 0 0 0 0 0 0 0 0 0 0 0 0 0 0 5 0 0 0 0 0 0 0 0 0 0 0 0 10 0 0 0 0 0 0 
0 0 0 0 0 0 0 0 0 20 0 4 0 0 0 0 0 0 0 0 0 0 0 0 0 0 0 0 0 0 0 0 0 0 0 0 0 0 0 0 
0 1 0 0 0 0 0 0 0 0 0 0 0 0 2 0 0 0 0 0 0 0 0 0 0 0 0 0 0 0 2 0 0 0 0 0 0 0 0 0 
0 0 0 0 0 0 0 0 0 0 0 0 0 0 0 0 0 0 0 0 0 0 3 0 0 0 0 0 0 0 0 0 0 0 0 0 0 0 0 0 
0 0 0 0 0 0 0 0 0 0 0 8 0 2 0 0 0 0 0 0 0 0 0 0 0 0 0 0 0 0 0 0 0 0 0 0 0 0 0 0 
0 0 0 1 0 0 0 0 0 0 0 0 0 0 0 0 0 0 0 0 0 0 0 0 0 0 0 0 0 0 0 0 0 0 0 0 0 0 0 0 
0 1 0 0 0 0 0 0 0 0 0 0 0 0 0 0 0 0 2 0 0 0 0 0 1 0 0 0 0 0 0 0 0 0 0 0 0 16 0 0 
0 0 0 0 0 0 0 0 0 0 0 0 0 20 0 0 0 0 0 0 0 0 0 0 0 0 0 0 0 0 0 2 0 0 0 0 0 0 0 0 
0 0 0 0 0 1 0 0 0 0 0 0 0 0 0 0 0 0 20 0 0 0 0 0 0 0 0 0 0 0 0 0 0 0 22 0 2 0 0 0 
0 0 0 0 0 0 0 0 0 0 0 0 2 0 0 0 0 0 0 0 0 0 0 0 0 0 0 0 0 0 0 1 0 0 0 0 0 0 0 0 
0 0 0 0 0 0 0 0 0 0 0 0 0 0 0 0 0 0 0 0 0 0 0 0 0 0 0 0 0 0 0 0 0 0 0 0 0 0 0 0 
0 0 0 0 0 1 0 0 0 0 0 0 1 0 0 0 0 0 0 0 0 0 0 0 0 0 0 0 0 0 0 0 0 0 0 0 3 0 0 0 
0 0 0 0 0 0 0 0 0 0 0 0 0 0 0 0 0 0 0 0 0 0 0 0 0 0 0 0 0 0 0 2 0 1 0 0 0 0 0 0 
0 0 0 0 0 0 0 0 0 0 0 0 0 0 0 0 0 0 0 0 0 0 0 0 0 0 0 0 0 0 0 0 0 0 0 0 0 0 0 0 
0 0 0 0 0 0 0 0 0 0 0 0 2 0 1 0 0 0 0 0 0 0 12 0 0 0 0 0 0 0 0 0 0 0 0 0 0 0 6 0 
0 0 0 0 0 0 0 0 0 0 0 0 0 0 0 0 0 0 0 0 0 0 0 0 0 0 0 0 0 0 0 0 0 0 0 1 0 0 0 0 
0 2 0 0 0 0 0 0 0 0 0 0 0 0 0 0 0 0 0 0 0 0 0 0 0 0 0 0 0 0 0 0 0 0 0 0 0 0 0 0 
0 0 0 0 0 0 0 0 0 0 0 0 0 0 0 0 1 0 0 0 0 0 0 0 1 0 0 0 0 0 0 0 0 0 0 0 0 0 0 0 
4 0 1 0 0 0 0 0 0 0 0 0 0 0 0 0 0 0 0 0 0 0 0 0 0 0 0 0 0 0 0 0 0 0 0 0 0 1 0 0 
0 0 0 0 0 0 0 0 0 0 0 0 0 0 0 0 0 0 0 0 0 1 0 0 0 0 0 0 0 0 0 0 0 0 0 0 0 0 0 0 
0 0 0 0 0 0 0 0 0 0 0 0 0 0 0 0 0 0 1 0 0 0 0 0 0 0 2 0 0 0 0 0 0 0 0 0 0 0 0 0 
0 0 2 0 0 0 0 0 0 0 0 0 0 0 0 0 0 0 0 0 0 0 0 0 0 0 0 0 0 0 0 0 0 0 0 0 0 0 0 1 
0 0 0 0 0 0 0 2 0 0 0 0 0 0 0 0 0 0 0 0 0 0 0 2 0 0 0 0 0 0 0 0 0 0 0 0 0 0 0 0 
0 0 0 0 0 0 0 0 0 0 0 0 0 0 0 0 0 0 0 0 1 0 0 0 0 0 0 0 2 0 0 0 0 0 0 0 0 0 0 0 
0 0 0 0 2 0 0 0 0 0 0 0 0 0 0 0 0 0 0 0 0 0 0 0 0 0 0 0 0 0 0 0 0 0 0 0 0 0 0 0 
0 3 0 0 0 0 0 0 0 0 0 0 0 0 0 0 0 0 0 0 0 0 0 0 0 8 0 2 0 0 0 0 0 0 0 0 0 0 0 0 
0 0 0 0 0 0 0 0 0 0 0 0 0 0 0 0 0 0 0 0 0 0 1 0 0 0 0 0 0 0 0 0 0 0 0 0 0 0 0 0 
0 0 0 0 0 0 0 0 0 0 0 0 0 0 0 1 0 0 0 0 0 0 0 0 0 0 0 0 0 0 0 0 0 0 0 0 0 0 0 0 
0 0 0 1 0 0 0 0 0 0 0 0 0 0 0 0 0 0 0 0 0 0 0 0 0 0 0 0 0 0 0 0 0 0 0 0 1 0 0 0 
0 0 0 0 0 0 0 0 0 0 0 0 0 0 0 0 0 0 0 0 0 0 0 0 1 0 0 0 0 0 0 0 0 0 0 0 0 0 0 0 
0 0 0 0 0 0 0 0 0 0 0 0 0 0 0 0 0 2 0 0 0 0 0 0 0 0 0 0 0 0 0 0 0 0 0 0 0 0 0 0 
0 0 0 0 0 1 0 0 0 0 0 0 0 0 0 0 0 0 0 0 0 0 0 0 0 0 0 0 0 4 0 0 0 0 0 0 0 0 1 0 
0 0 0 0 0 0 0 0 0 0 0 0 0 0 0 0 0 0 0 0 0 0 0 0 0 0 1 0 0 0 0 0 0 0 2 0 0 0 0 0 
0 0 0 0 0 0 0 0 0 0 5 0 0 0 0 0 0 0 0 1 0 0 0 0 0 0 0 0 0 0 0 0 0 0 0 0 0 0 0 0 
0 0 0 0 0 0 0 1 0 0 0 0 0 0 0 12 0 0 0 0 0 0 0 0 0 0 0 0 0 0 0 10 0 0 0 0 0 0 0 0 
1 0 0 0 0 0 0 0 0 0 0 0 0 0 0 0 0 0 0 0 0 0 0 0 0 0 0 0 1 0 0 0 0 0 0 0 14 0 0 0 
0 0 0 0 0 0 0 0 0 0 0 0 11 0 0 0 0 0 0 0 0 1 0 0 0 0 0 0 0 0 0 0 0 0 0 0 0 0 0 0 
0 0 0 0 0 0 0 0 0 0 1 0 0 0 0 0 0 0 0 0 0 0 0 0 0 0 0 0 0 0 0 0 0 0 0 0 0 0 0 0 
0 0 0 0 0 0 0 0 0 0 0 0 0 0 0 0 0 0 0 0 0 0 0 0 0 0 0 0 2 0 0 1 0 0 0 0 0 0 0 0 
0 0 0 0 0 0 0 0 0 0 0 0 0 0 0 0 0 0 0 0 0 0 0 0 0 0 0 0 0 0 0 0 0 0 0 0 0 0 0 0 
0 0 0 0 0 0 0 0 0 3 0 0 1 0 0 0 0 0 0 0 0 0 0 0 0 0 0 0 0 0 0 0 0 0 0 0 0 0 0 0 
0 0 0 0 0 0 0 0 0 0 0 0 0 0 0 0 0 0 0 0 0 0 0 0 0 0 0 0 0 0 0 0 0 2 0 0 0 0 0 0 
0 0 0 0 0 0 0 0 0 0 0 0 0 0 0 0 3 0 0 0 0 0 0 0 0 0 0 0 0 0 0 0 0 0 0 0 0 0 0 0 
0 0 0 0 0 0 0 0 0 0 0 0 0 0 1 0 0 0 0 0 0 0 0 0 0 0 0 0 0 0 0 0 0 0 0 0 0 2 0 0 
0 0 0 0 0 0 0 0 0 0 0 0 0 0 0 0 0 0 0 0 0 0 0 0 0 0 0 0 0 0 0 0 0 0 0 1 0 0 0 0 
0 0 0 0 0 0 0 0 0 0 0 0 0 0 0 0 0 0 3 0 0 0 0 0 0 0 0 0 0 0 0 0 0 0 0 0 0 0 0 0 
0 0 0 0 0 0 0 0 0 0 0 0 0 0 0 0 1 0 0 0 0 0 0 2 0 0 0 0 0 0 0 0 0 0 0 0 0 0 0 2 
0 0 0 0 0 0 0 0 0 0 0 0 0 0 0 0 0 0 0 0 0 0 0 0 0 0 0 0 0 0 0 0 0 0 0 0 0 1 0 0 
0 0 0 0 3 0 0 0 0 0 0 0 0 0 0 0 0 0 0 0 3 0 0 0 0 0 0 0 0 0 0 0 0 0 0 0 0 0 0 0 
0 0 0 0 0 0 0 0 0 0 0 0 0 0 0 0 0 0 1 0 0 0 0 0 0 4 0 0 0 0 0 0 0 0 0 0 0 0 0 0 
0 6 0 1 0 0 0 0 0 0 0 0 0 0 0 0 0 0 0 0 0 0 0 0 0 0 0 0 0 0 0 0 0 0 0 0 0 0 0 1 
0 0 0 0 0 0 0 0 0 0 0 0 0 0 0 0 0 0 0 0 0 0 4 0 1 0 0 0 0 0 0 0 0 0 0 0 0 0 0 0 
0 0 0 0 0 0 0 0 0 0 0 0 0 0 0 0 0 0 0 0 1 0 0 0 0 0 0 0 0 0 0 0 0 0 0 0 0 0 0 0 
0 0 0 4 0 1 0 0 0 0 0 0 0 0 0 0 0 0 0 0 0 0 0 0 0 0 0 0 0 0 0 0 0 0 0 0 0 0 0 0 
0 2 0 0 0 0 0 0 0 0 0 0 0 0 0 0 0 0 0 0 0 0 0 0 0 0 0 0 0 0 0 0 0 3 0 0 0 0 0 0 
0 0 0 0 0 0 0 0 0 0 0 0 0 0 0 0 0 0 0 0 0 0 1 0 0 0 0 0 0 0 0 0 0 0 0 0 0 0 0 0 
0 0 0 0 0 0 0 0 0 0 0 0 0 0 1 0 0 0 0 0 0 0 0 0 0 0 0 0 0 0 0 0 0 0 0 0 0 0 0 0 
0 0 0 2 0 0 0 0 0 0 0 0 0 0 0 0 0 0 0 0 0 0 0 0 0 0 12 0 0 0 0 0 0 0 0 3 0 0 0 0 
0 0 0 0 0 0 0 0 0 0 0 0 1 0 0 0 0 0 0 0 0 0 0 0 0 1 0 0 0 0 0 5 0 0 0 0 0 0 0 0 
0 0 0 0 0 0 0 8.5 0 0 0 0 0 0 0 0 0 0 0 0 0 0 0 0 0 1 0 0 0 0 0 0 0 0 1 0 0 0 0 0 
0 0 0 0 0 0 1 0 0 0 0 0 2 0 0 0 0 0 0 0 0 0 0 0 0 0 0 0 6 0 0 0 0 0 0 0 0 0 0 0 
0 0 0 0 0 0 1 0 0 0 0 0 0 0 0 0 0 0 0 0 0 0 0 0 0 0 0 1 0 0 0 0 0 5 0 0 0 0 0 0 
0 0 0 0 0 0 0 0 0 8.5 0 1 0 0 0 0 0 0 0 0 0 0 0 0 0 0 0 1 0 0 0 0 0 0 0 0 0 0 0 0 
0 0 0 0 0 0 0 0 0 1 0 0 0 0 0 0 0 0 0 0 0 0 0 0 0 0 0 0 0 0 0 0 0 0 0 0 0 0 0 0 
0 0 0 0 0 0 0 0 0 0 0 0 0 0 0 0 0 0 0 0 1 0 0 0 0 0 0 0 0 0 2 0 0 0 0 2 0 0 0 0 
0 0 0 0 0 0 0 0 0 0 0 5 0 0 0 0 0 0 0 0 0 0 0 0 0 0 0 0 0 0 0 0 0 0 0 0 0 0 0 0 
0 2 0 0 0 0 0 0 0 0 0 3 0 0 0 0 2 0 0 0 0 0 0 0 0 0 0 0 0 0 0 0 8 0 0 0 0 0 0 0 
0 0 0 0 0 0 0 0 0 0 0 0 0 0 0 0 0 0 0 0 0 0 0 0 0 0 0 1 0 0 0 0 1 0 0 0 0 0 0 0 
0 0 0 0 0 0 0 0 0 0 0 0 0 0 0 0 0 0 0 0 0 0 0 0 0 0 0 0 0 0 0 0 0 0 0 0 0 0 0 0 
0 0 0 0 0 0 0 0 0 0 0 0 0 2 0 0 0 0 0 0 0 0 0 0 0 0 0 0 0 0 0 0 0 0 1 0 0 0 0 0 
0 0 0 0 0 0 0 0 0 0 0 0 0 0 0 0 0 0 0 0 0 0 0 0 0 0 0 0 0 0 0 0 0 0 1 0 0 0 0 0 
0 0 0 0 0 0 0 0 0 0 0 0 0 0 0 1 0 0 0 0 0 0 0 0 0 0 0 0 0 0 0 0 0 0 0 0 0 0 0 0 
0 0 0 0 0 0 0 0 0 0 0 0 0 0 0 1 0 0 0 0 2 0 0 0 0 0 0 0 0 0 0 0 0 0 0 0 2 0 0 0 
0 0 0 0 0 0 0 0 0 0 0 0 0 0 0 0 0 0 0 0 0 0 0 0 0 0 0 0 0 0 0 0 0 0 0 0 2 0 0 0 
0 0 0 0 0 0 0 0 0 0 0 0 0 0 0 0 0 0 0 0 0 0 0 0 0 0 1 0 0 0 0 0 0 0 0 0 0 0 0 0 
0 0 0 0 0 0 0 0 0 0 0 0 0 0 0 0 0 1 0 0 0 0 0 0 0 0 0 0 0 0 0 0 0 0 0 0 0 0 0 0 
0 0 0 0 0 0 0 1 0 0 0 0 0 0 0 0 0 0 0 0 0 0 0 0 2 0 0 0 0 0 0 0 0 0 0 0 0 0 1 0 
0 0 0 16 0 0 0 0 0 0 0 0 0 0 0 0 0 0 0 20 0 0 0 0 0 0 0 0 0 0 0 0 0 0 0 0 0 2 0 0 
0 0 0 0 0 0 0 0 0 0 0 0 0 0 0 0 0 0 0 1 0 0 0 0 16 0 0 0 0 0 0 0 0 0 0 0 0 0 0 0 
20 0 2 0 0 0 0 0 0 0 0 0 0 0 0 0 0 0 2 0 0 0 0 0 0 0 0 0 0 0 3 0 0 0 0 0 0 0 0 0 
0 0 2 0 0 0 0 0 0 0 0 0 0 0 0 0 0 0 0 0 0 9 0 0 0 0 0 0 0 0 0 0 0 0 0 0 0 0 0 0 
0 0 0 0 0 0 0 0 0 0 0 0 0 0 0 0 0 0 0 0 0 0 0 1 3 0 0 0 0 0 0 0 0 0 0 0 0 0 0 0 
0 0 0 0 0 0 0 0 0 0 0 0 0 0 0 0 0 0 0 0 0 0 0 0 0 0 0 0 0 0 0 0 0 0 0 0 0 0 0 0 
0 0 0 0 1 0 0 3 0 0 0 0 0 0 0 0 0 0 0 0 0 0 0 3 0 0 0 0 0 0 0 0 0 0 0 0 0 0 0 0 
0 0 0 0 0 0 0 0 0 0 0 0 0 0 0 0 0 0 0 0 0 0 0 0 0 1 0 0 3 0 0 0 0 0 0 0 0 0 0 0 
0 0 0 0 3 0 0 0 0 0 0 0 0 0 0 0 0 0 0 0 0 0 0 0 0 0 0 0 0 0 0 0 0 0 1 0 0 0 0 0 
0 0 0 0 0 0 1 0 0 1 0 0 0 0 0 0 0 0 0 0 0 0 0 0 0 4 0 0 0 0 0 0 0 0 0 0 0 0 0 0 
0 0 0 0 0 0 0 0 0 0 0 0 0 0 0 0 0 0 0 0 0 0 0 0 0 0 0 1 0 0 1.334 0 0 0 0 0 0 0 0 0 
0 0 0 0 0 0 4.667 0 1 0 0 0 0 0 0 0 0 0 0 0 0 0 0 0 0 0 0 0 0 0 0 0 0 0 0 0 0 0 0 0 
0 0 0 0 0 0 0 0 0 0 1 0 0 0 0 0 0 0 0 0 0 0 0 0 0 0 0 0 0 0 0 0 0 0 0 0 0 0 0 0 
0 0 0 0 0 0 0 0 0 0 0 2 0 0 0 0 0 0 0 0 0 0 0 0 0 0 0 0 0 0 0 2 4 0 0 0 0 0 0 0 
0 0 0 0 0 0 0 0 9 0 0 0 0 0 0 0 0 0 0 1 0 0 0 0 0 0 0 0 0 0 0 0 0 0 0 0 0 0 1 0 
0 0 0 0 0 0 0 0 0 0 0 0 1 0 0 0 0 0 0 0 0 0 0 0 0 0 0 0 0 3 0 0 0 0 0 0 0 0 0 0 
0 0 0 0 0 0 0 0 0 0 0 0 0 0 0 0 0 0 0 0 0 0 0 0 1 0 0 0 0 0 0 0 0 2 3 0 0 0 0 0 
0 0 0 0 0 0 0 0 0 0 3 0 0 0 0 0 0 0 0 0 0 0 0 0 0 0 0 0 0 0 0 0 0 0 0 0 0 0 0 0 
0 0 0 0 0 0 0 0 2 0 0 0 0 0 1 0 0 0 0 0 0 0 0 0 0 0 0 0 0 0 0 4 0 0 0 0 0 0 0 0 
0 0 0 0 0 0 0 0 0 0 0 0 0 0 0 0.99 0 0 0 0 0 0 0 0 0 0 0 0 0 0 0 0 0 0 0 2.67 4 0 0 0 
0 0 0 0 0 0 0 0 0 0 0 0 9 0 0 0 0 0 0 0 0 0 0 1.34 0 0 0 0 0 0 0 0 0 0 0 0 0 0 0 0 
0 0 0 0 0 0 0 0 0 0 0 0 0 0 0 0 3 0 0 0 0 0 0 0 0 0 0 0 0 0 0 0 0 4 0 0 0 0 0 0 
0 0 0 0 0 0 0 0 0 0 0 0 0 0 0 0 0 0 0 0 0 0 0 0 0 0 0 0 1 0 0 0 0 0 0 0 0 4 8 0 
0 0 0 0 0 0 0 0 0 0 0 0 0 0 8 0 0 0 0 0 0 0 0 0 0 0 0 0 0 0 0 0 0 0 0 0 0 0 0 0 
0 0 0 0 0 0 0 0 0 0 0 0 0 0 0 0 0 0 6 12 0 0 0 0 0 0 0 0 0 0 0 0 0 0 0 16 0 0 0 0 
0 0 0 0 1 0 0 0 0 0 0 0 0 0 0 0 0 0 0 0 0 0 0 0 0 0 0 0 0 0 0 0 0 0 0 0 0 0 0 0.875 
0 0 0 0 0 0 0 0 0 0 0 0 0 0 0 0 0 0 0 0 0 0 0 0 0 1 0 0 0 0 0 0 0 0 0 0 0 0 0 0 
0 0 0 0 0 0 0 0 0 0 0 0 0 0 0 0 0 0 0 0 0.9 0 0 0 0 0 0 0 0 0 0 0 0 0 0 0 0 0 0 0 
0 0 0 0 0 0 1 0 0 0 0 0 0 0 0 0 0 0 0 0 0 0 0 0 0 0 0 0 0 0 0 0 0 0 0 0 0 0 0 0 
0 3 0 0 0 0 0 0 0 0 0 0 0 0 0 0 0 0 0 0 0 0 0 0 0 0 0 4 0 0 0 0 0 0 0 0 0 0 0 0 
0 0 0 0 0 0 0 0 0 0 0 0 0 0 0 0 0 0 0 0 0 0 0.875 0 0 0 0 0 0 0 0 0 0 0 0 0 0 0 0 0 
0 0 0 0 0 0 0 0 0 1 0 0 0 0 0 0 0 0 0 0 0 0 0 0 0 0 0 0 0 0 0 0 0 0 0 0 0 0 0 0 
0 0 0 1.042 0 0 0 0 0 0 0 0 0 0 0 0 0 0 0 0 0 0 0 0 0 0 0 0 0 0 1 0 0 0 0 0 0 0 0 0 
0 0 0 0 0 0 0 0 0 0 0 0 0 0 0 0 0 0 0 0 0 0 0 0 3 0 0 0 0 0 0 0 0 0 0 0 0 0 0 0 
0 0 0 0 0 0 0 0 0 0 0 4 0 0 0 0 0 0 0 0 0 0 0 0 0 0 0 0 0 0 0 0 0 0 0 0 0 0 0 0 
0 0 0 0 0 4 4 0 0 0 0 0 0 0 0 0 0 0 0 0 0 0 9 0 0 0 0 0 0 0 0 0 0 1 0 0 0 0 0 0 
0 0 0 0 0 0 0 0 0 0 0 0 0 0 0 0 0 0 0 0 0 0 0 0 0 0 2 0 0 0 0 0 0 0 0 0 0 0 0 0 
0 0 0 3 0 0 0 0 0 0 0 0 0 0 0 0 0 0 0 0 0 0 0 0 0 0 0 0 0 0 0 0 0 0 0 0 0 0 0 0 
0 0 0 0 0 0 0 2 0 0 0 0 0 0 0 0 0 0 0 0 0 0 0 0 3 0 0 0 0 0 0 0 0 0 0 0 0 0 0 0 
0 0 0 0 0 0 0 0 0 0 0 0 0 0 0 0 0 0 0 0 0 0 0 0 0 0 0 0 1 2 0 0 0 0 0 0 0 0 0 0 
0 0 0 0 0 2 0 0 0 0 0 0 0 0 0 0 0 0 0 0 0 0 0 0 0 0 0 0 0 0 0 0 0 0 0 0 0 0 0 0 
0 0 0 0 0 0 0 0 0 1 3 0 0 0 0 0 0 0 0 0 0 0 0 0 0 0 3 0 0 0 0 0 0 0 0 0 0 0 0 0 
0 0 0 0 0 0 0 0 0 0 0 0 0 0 0 0 1 0 0 0 0 0 0 0 0 0 0 0 0 0 6 12 0 0 0 0 0 0 0 0 
0 0 0 0 0 0 0 15 0 0 0 0 0 0 0 0 0 0 0 0 0 0 0 0 0 0 0 0 0 0 0 0 0 0 0 0 0 0 0 0 
0 0 0 0 0 0 0 0 0 0 0 1 1 0 0 0 0 0 0 0 0 0 0 0 0 0 0 0 2 0 0 0 0 0 0 0 0 0 0 0 
0 0 0 0 0 0 0 0 0 0 0 0 0 0 0 0 0 0 0 0 0 0 0 0 0 0 0 0 0 0 0 0 1 1 0 0 0 0 0 0 
0 0 0 0 0 0 0 0 0 2 0 0 0 0 0 0 0 0 0 0 0 0 0 0 0 0 0 0 0 0 0 0 0 0 0 0 0 0 0 0 
0 0 0 0 0 0 0 0 0 0 0 0 0 1 0 0 0 0 0 0 0 0 0 0 0 0 0 0 0 0 4 0 1 0 0 0 0 0 0 0 
0 0 0 0 0 0 0 0 0 0 0 0 0 0 0 0 0 0 0 0 0 0 0 0 0 0 0 0 0 0 0 0 0 0 3 16 0 0 0 0 
0 0 0 0 0 0 0 0 0 0 0 16 0 2 0 0 0 0 0 0 0 0 0 0 0 0 0 0 0 0 0 0 0 0 0 0 0 0 0 0 
0 0 0 0 0 0 0 0 0 0 0 0 0 0 0 1 4 0 0 0 0 0 0 0 0 0 0 0 0 0 0 0 6 0 1 0 0 0 0 0 
0 0 0 0 0 0 0 0 0 0 0 0 0 0 0 0 0 0 0 0 0 0 0 0 0 0 0 0 0 0 0 0 0 0 0 0 1 0 0 0 
0 0 0 0 0 0 0 0 0 0 0 0 0 0 0 0 0 0 0 0 0 0 1 0 0 0 0 0 0 0 0 0 0 0 0 0 0 0 0 0 
0 0 0 0 0 0 0 0 0 0 0 0 0 0 0 0 0 1 0 0 0 0 0 0 0 0 0 0 0 0 0 0 0 0 0 0 0 0 0 0 
0 0 0 1 0 0 0 0 0 0 0 0 0 0 0 0 0 0 0 0 0 0 0 0 0 0 0 0 0 0 0 0 0 0 0 0 0 0 1 0 
0 0 0 0 0 0 0 0 0 0 0 0 0 0 0 0 0 0 0 0 0 0 0 0 2 0 0 0 0 0 0 0 0 0 0 0 0 0 0 0 
0 0 0 0 0 0 0 0 0 0 0 0 0 0 0 0 0 0 0 1 0 0 0 0 0 0 0 0 0 0 0 0 0 0 0 0 0 0 0 0 
0 0 0 0 0 2 0 0 0 0 0 0 0 0 0 0 0 0 0 0 0 0 0 0 0 0 0 0 0 0 0 0 0 0 0 0 0 0 0 0 
2 6 0 0 0 0 0 0 0 0 0 0 0 0 0 0 0 12 0 0 0 0 0 0 0 0 0 3 0 0 0 0 0 0 0 0 0 0 0 0 
0 0 0 0 0 0 0 0 0 0 0 0 0 0 0 0 0 0 0 0 0 1 0 0 0 0 0 0 0 0 0 0 0 0 0 0 0 0 0 0 
0 0 0 0 0 0 0 0 2 0 0 0 0 0 0 0 0 0 0 0 0 0 0 0 2 0 0 0 0 0 0 0 0 0 0 0 0 0 0 0 
0 0 1 16 0 0 0 0 0 0 0 0 0 0 0 0 0 0 0 20 0 0 0 0 0 0 0 0 0 0 0 0 0 0 0 0 0 2 0 0 
0 0 0 1 0 0 0 0 0 0 0 0 0 0 0 0 0 0 0 0 0 0 0 0 33 0 0 0 0 0 0 0 0 0 0 0 0 0 0 0 
40 0 4 0 0 0 0 0 0 0 0 0 0 0 0 0 0 0 4 0 0 0 0 0 0 0 0 0 0 0 0 0 0 0 0 0 0 0 0 0 
0 1 0 0 0 4 0 0 0 0 0 0 0 0 0 0 0 0 0 0 0 0 0 0 0 0 0 0 0 0 0 0 0 0 0 0 0 0 0 0 
0 0 0 0 0 0 0 0 0 0 0 1 0 0 0 0 0 0 0 0 0 0 0 0 0 0 0 3 0 0 0 0 0 0 0 0 0 0 0 0 
0 0 5 0 0 0 0 0 0 0 0 0 0 0 0 0 0 0 0 0 0 0 0 0 0 0 0 0 0 0 0 0 0 0 0 0 0 0 0 0 
0 0 0 0 0 0 0 1 1 0 0 0 0 0 0 0 0 0 0 0 0 0 0 4 0 1 0 0 0 0 0 0 0 0 0 0 0 0 0 0 
0 0 0 0 0 0 0 0 0 0 0 0 0 0 0 0 0 0 2 0 0 0 0 0 0 0 0 0 0 2 0 0 0 0 0 0 0 0 0 0 
0 0 0 0 0 0 0 0 0 0 0 0 0 0 0 0 0 0 0 0 0 0 0 0 0 0 0 0 0 0 0 0 0 0 0 0 0 0 0 0 
0 0 0 0 0 0 0 0 0 0 1 0 0 0 0 0 0 0 0 0 0 0 0 0 0 1 0 0 0 0 0 0 0 0 0 0 0 0 0 0 
0 0 0 0 0 0 0 0 0 0 0 0 0 0 0 0 0 0 0 0 0 0 0 0 0 0 0 0 0 0 3 3 0 0 0 0 0 0 0 0 
0 0 0 0 0 0 7 0 1 0 0 0 0 0 0 0 0 0 0 0 0 0 0 0 0 0 0 0 0 0 0 0 0 0 0 0 0 0 0 0 
0 0 0 0 0 0 0 0 0 0 0 0 3 0 0 0 0 0 0 0 0 0 0 0 0 0 0 8 0 2 0 0 0 0 0 0 0 0 0 0 
0 0 0 0 0 0 0 0 0 0 0 0 0 0 0 0 0 0 0 0 0 0 0 0 0 0 0 0 0 0 0 0 0 1 0 0 0 0 0 0 
0 0 0 0 0 0 0 0 0 0 0 0 0 0 0 0 0 1 0 0 0 0 0 0 0 0 0 0 0 0 0 0 0 0 0 0 0 0 3 0 
0 0 0 0 0 0 0 0 0 0 0 0 0 0 0 2 0 0 0 0 0 0 0 0 0 0 0 0 0 9 0 0 0 0 0 0 0 0 0 0 
0 0 0 0 0 0 0 0 0 0 0 0 0 0 0 0 0 0 0 0 0 0 0 0 0 0 0 0 0 0 0 0 3 0 0 0 1 0 0 0 
0 0 0 0 0 0 0 0 0 0 0 0 0 0 0 0 0 0 0 0 0 0 0 0 0 0 0 0 0 0 0 0 0 0 0 0 0 0 0 0 
0 0 0 0 0 0 0 0 0 0 0 0 0 0 0 3 0 1 0 0 0 0 0 0 0 0 0 0 0 0 0 3 0 0 0 0 0 0 0 0 
0 0 0 0 0 0 0 0 0 0 0 0 0 0 0 0 0 0 0 0 0 1 0 0 0 0 0 0 0 0 0 0 0 0 0 0 1 0 1 0 
0 0 0 0 0 0 0 0 0 0 0 0 4 0 0 0 0 0 0 0 0 0 0 0 0 0 0 0 0 0 0 0 0 0 0 0 0 0 0 0 
0 0 0 0 0 0 0 0 0 0 0 0 0 0 0 0 0 0 0 1 0 0 0 0 0 0 0 0 0 0 0 0 0 4 0 1 0 0 0 0 
0 0 0 0 0 0 0 0 0 0 0 0 0 0 0 0 0 2.34 0 0 0 0 0 0 0 0 0 0 0 0 0 0 0 0 0 0 0 0 2 0 
0 0 0 0.34 0 0 0 0 0 0 0 0 0 0 12 0 0 0 0 0 0 0 0 0 0 3.66 0 0 0 0 0 0 0 0 0 0 0 0 2.85 0 
0 0 0 0 0 0 0 0 0 0 0 0 0 0 0 0 0 0 0 2 0 0 0 0 0.85 0 0 0 0 0 0 0 0 0 0 12 0 0 0 0 
0 0 0 0 0 0 3.15 0 0 0 0 0 0 0 0 0 0 0 0 2.35 0 0 0 0 0 0 0 0 0 0 0 0 0 0 0 0 0 0 0 0.25 
2 0 0 0 0 0.85 0 0 0 0 0 0 0 0 0 0 12 0 0 0 0 0 0 0 0 0 0 3.4 0 0 0 0 0 0 0 0 0 0 0 0 
2.6 0 0 0 0 0 0 0 0 0 0 0 0 0 0 0 0 0 0 0 0.25 2 0 0 0 0 0.85 0 0 0 0 0 0 0 0 0 0 12 0 0 
0 0 0 0 0 0 0 0 3.15 0 0 0 0 0 0 0 0 0 0 0 0 0.67 0 0 0 0 0 0 0 0 0 0 0 0 0 0 0 0 0 0 
0 1.67 2 0 0 0 0 0.34 0 0 0 0 0 0 0 0 0 0 12 0 0 0 0 0 0 0 0 0 0 3.66 0 0 0 0 0 0 0 0 0 0 
0 0 0 0 0 0 0 0 0 0 0 0 0 0 0 0 2 0 0 0 0 0 1 4 0 0 0 0 1 0 0 0 0 0 0 0 0 0 0 10 
0 0 0 0 0 0 0 0 0 0 0 0 0 0 0 0 0 0 0 0 0 0 0 0 0 0 0 0 0 0 0 0 0 0 0 0 0 2 0 0 
0 0 0 3 6 0 0 0 0 1 0 0 0 0 0 0 0 0 0 0 14 0 0 0 0 0 0 0 0 0 0 0 0 0 0 0 0 0 0 0 
0 0 0 0 2.35 0 0 0 0 0 0 0 0 0 0 0 0 0 0 0 0 0 0 0 0 2 0 0 0 0 0.85 0 0.25 0 0 0 0 0 0 0 
0 12 0 0 0 0 0 0 0 0 0 0 3.4 0 0 0 0 0 0 0 0 0 0 0 0 1.66 0 0 0 0 0 0 0 0 0 0 0 0 0 0 
0 0 0 0 0 0 2 0 0 0 0 0.34 0 0.34 0 0 0 0 0 0 0 0 12 0 0 0 0 0 0 0 0 0 0 4 0 0 0 0 0 0 
0 0 0 0 0 0 1.4 0 0 0 0 0 0 0 0 0 0 0 0 0 0 0 0 0 0 0 0 2 0 0 0 0 0.6 0 0.6 0 0 0 0 0 
0 0 0 12 0 0 0 0 0 0 0 0 0 0 4 0 0 0 0 0 0 0 0 0 0 0 0 0.34 0 0 0 0 0 0 0 0 0 0 0 0 
0 0 0 0 0 0 0 0 2 0 0 0 0 0.34 0 3 0 0 0 0 0 0 0 0 12 0 0 0 0 0 0 0 0 0 0 3.66 0 0 0 0 
0 0 0 0 0 0 0 0 0.86 0 0 0 0 0 0 0 0 0 0 0 0 0 0 0 0 0 0 0 0 2 0 0 0 0 0.86 0 3 0 0 0 
0 0 0 0 0 12 0 0 0 0 0 0 0 0 0 0 3.14 0 0 0 0 0 0 0 0 0 0 0 0 0.34 0 0 0 0 0 0 0 0 0 0 
0 0 0 0 0 0 0 0 0 1 2 0 0 0 0 0.34 0 2 0 0 0 0 0 0 0 0 12 0 0 0 0 0 0 0 0 0 0 3.66 0 0 
0 0 0 0 0 0 0 0 0 0 0.5 0 0 0 0 0 0 0 0 0 0 0 0 0 0 0 0 0 0 0 1.5 2 0 0 0 0 0.75 0 0.25 0 
0 0 0 0 0 0 0 12 0 0 0 0 0 0 0 0 0 0 3.75 0 0 0 0 0 0 0 0 0 0 0 0 2.04 0 0 0 0 0 0 0 0 
0 0 0 0 0 0 0 0 0 0 0 0.376 2 0 0 0 0 0.762 0 0.241 0 0 0 0 0.044 0 0 0 12 0 0 0 0 0 0 0 0 0 0 3.387 
0 0 0 0 0 0 0 0 0 0 0 0 0 0 0 0 0 0 2 0 0 0 0 0 0 0 0 0 0 0 0 0 0 0 0 0 0 0 3 0 
0 0 0 0 0 0 0 0 1 8 0 0 0 0 0 0 0 0 0 0 0 0 0 0 0 0 0 0 0 0 0 0 0 0 0 0 0 0 0 3 
0 0 0 0 0 0 0 0 0 0 0 0 0 0 0 0 0 0 0 4 0 0 0 0 0 0 0 0 0 1 11 0 0 0 0 0 0 0 0 0 
0 0 0 0 0 0 0 0 0 0 0 0 0 0 0 0 0 0 0 0 1 0 0 0 0 0 0 0 0 0 0 0 0 0 0 0 0 0 0 0 
1 0 0 0 0 0 0 0 0 0 1 5 0 0 0 0 0 0 0 0 0 0 0 0 0 0 0 0 0 0 0 0 0 0 0 0 0 1 0 0 
0 0 0 0 0 0 0 0 0 0 0 0 0 0 0 0 6 0 0 0 0 1 0 0 0 0 0 0 0 0 0 0 9 0 0 0 0 0 0 0 
0 0 0 0 0 0 0 0 0 0 1 0 0 0 0 0 0 0 0 1 0 0 0 0 0 0 0 0 0 0 0 0 0 0 0 0 0 2 0 0 
0 0 1 0 0 0 0 0 0 0 0 0 0 6 0 0 0 0 0 0 0 0 0 0 0 0 0 0 0 0 0 1 0 0 0 0 0 0 0 0 
0 0 0 0 0 0 0 0 0 0 0 0 0 0 0 0 0 0 22 0 0 0 0 2 0 0 0 0 0 0 0 0 0 0 30 0 0 0 0 0 
0 0 0 0 0 0 0 0 0 0 0 0 6 0 0 0 0 0 0 0 0 0 0 0 0 0 0 0 0 0 0 0 0 0 0 0 0 0 0 6 
0 0 0 0 1 0 0 0 0 0 0 0 0 0 0 9 0 1 0 0 0 0 0 0 0 0 0 0 0 0 0 0 0 1 0 0 0 0 0 0 
0 0 0 0 0 0 0 0 0 0 0 0 0 0 0 0 0 0 0 0 3 0 0 0 0 1 0 0 0 0 0 0 0 0 0 0 7 0 0 0 
0 0 0 0 0 0 0 1 0 0 0 0 0 0 1 0 0 0 0 0 0 0 1 0 0 0 0 0 0 0 0 0 0 0 0 0 0 0 0 0 
0 8 0 0 0 0 0 1 0 0 0 0 0 0 0 0 0 10 0 0 0 0 0 0 0 0 0 0 0 0 0 0 0 0 0 1 0 0 0 0 
0 0 0 0 1 0 0 0 0 0 0 0 0 0 0 0 0 0 0 0 0 0 3 0 0 0 0 0 1 0 0 0 0 0 0 0 0 0 6.5 0 
0 0 0 0 0 0 0 0 0 0 0 0 0 0 0 0 1 0 0 0 0 0 0 0 0 0 0 0 0 0 0 0 0 0 0 0 0 0 0 0 
0 0 0 8 0 0 0 0 0 1 0 0 0 0 0 0 0 0 0 10 0 1 0 0 0 0 0 0 0 0 0 0 0 0 0 0 0 1 0 0 
0 0 0 2.34 0 0 0 0 0 0 0 0 0 0 0 0 0 0 0 0 0 0 0 0 2 0 0 0 0 0 0 0.17 0 0 0 0 0 0 0 0 
12 0 0 0 0 0 0 0 0 0 0 3.66 0 0 0 0 0 0 0 0 0 0 0 0 0 0 0 0 0 0 1 0 0 0 0 0 0 0 0 0 
0 0 0 0 0 0 0 0 0 0 0 0 1 0 0 0 0 0 0 0 0 3 0 0 0 0 0 0 0 0 0 0 0 0 0 0 0 0 0 0 
0 0 0 0 0 0 0 0 0 0 0 0 0 0 0 0 0 0 0 2 0 0 0 0 0 0 0 0 0 0 0 0 0 1 0 0 0 0 0 0 
0 0 4 0 0 0 0 0 0 0 0 0 0 0 0 0 0 0 0 0 0 0 0 0 0 0 0.67 0 0 0 0 0 0 0 0 0 0 0 0 0 
0 0 0 0 0 0 1.67 2 0 0 0 0 0 0 0.17 0 0 0 0 0 0 0 0 12 0 0 0 0 0 0 0 0 0 0 3.66 0 0 0 0 0 
0 0 0 0 0 0 0 0 0 0 0 0 0 0 0 0 0 0 0 0 0 0 0 0 0 0 0 0 7 0 0 0 0 0 0 1 0 0 0 0 
0 0 0 0 7 0 1 0 0 0 0 0 0 0 0 0 0 0 0 0 0 0 0 0 0 0 0 0 0 0 0 0 0 0 0 0 0 0 0 0 
0 0 0 0 0 0 0 0 0 15 0 0 0 0 0 0 1 0 0 0 0 0 0 0 0 11 0 1 0 0 0 0 0 0 0 0 0 0 0 0 
0 0 0 0 0 0 0 0 0 0 0 0 0 0 0 0 0 0 0 0 0 0 0 0 0 0 0 0 0 0 31 0 0 0 0 1 0 2 0 0 
0 0 0 0 0 0 23 0 2 0 0 0 0 0 0 0 0 0 0 0 0 0 0 0 0 0 0 0 0 0 0 0 0 0 0 0 0 0 0 0 
0 0 0 0 0 0 0 0 0 0 0 2 0 0 0 0 1 0 1 0 0 0 0 0 0 0 0 5 0 1 0 0 0 0 0 0 0 0 0 0 
0 0 0 0 0 0 0 0 0 0 0 0 0 0 0 0 0 0 0 0 0 0 0 0 0 0 0 0 0 0 0 0 12 0 0 0 0 1 0 1 
0 0 0 0 0 0 0 0 10 0 1 0 0 0 0 0 0 0 0 0 0 0 0 0 0 0 0 0 0 0 0 0 1.66 0 0 0 0 0 0 0 
0 0 0 0 0 0 0 0 0 0 0 0 0 2 0 0 0 0 0 0 0.51 0 0 0 0 0 0 0 0 12 0 0 0 0 0 0 0 0 0 0 
4 0 0 0 0 0 0 0 0 0 0 0 0 1.4 0 0 0 0 0 0 0 0 0 0 0 0 0 0 0 0 0 0 0 0 2 0 0 0 0 0 
0 0.9 0 0 0 0 0 0 0 0 12 0 0 0 0 0 0 0 0 0 0 4 0 0 0 0 0 0 0 0 0 0 0 0 0.34 0 0 0 0 0 
0 0 0 0 0 0 0 0 0 0 0 0 0 0 0 2 0 0 0 0 0 0 3.17 0 0 0 0 0 0 0 0 12 0 0 0 0 0 0 0 0 
0 0 3.66 0 0 0 0 0 0 0 0 0 0 0 0 0.86 0 0 0 0 0 0 0 0 0 0 0 0 0 0 0 0 0 0 0 0 2 0 0 0 
0 0 0 3.43 0 0 0 0 0 0 0 0 12 0 0 0 0 0 0 0 0 0 0 3.14 0 0 0 0 0 0 0 0 0 0 0 0 0.34 0 0 0 
0 0 0 0 0 0 0 0 0 0 0 0 0 0 0 0 1 2 0 0 0 0 0 0 2.17 0 0 0 0 0 0 0 0 12 0 0 0 0 0 0 
0 0 0 0 3.66 0 0 0 0 0 0 0 0 0 0 0 0 0 0 0 0 0 0 0 0 0 0 0 0 0 0 0 0 0 0 0 0 0 2 0 
0 0 0 0 0 1 0 0 0 0 0 0 0 0 2 0 0 0 0 0 0 0 0 0 0 0 0 0 0 0 0 0 0 0 0 0 0 0 0 0 
0 0 0 0 0 0 0 0 0 0 0 0 0 0 0 0 0 0 0 4 0 0 0 0 0 0 1 0 0 0 0 0 0 0 0 2 1 0 0 0 
0 0 0 0 0 0 0 0 0 0 0 0 0 0 0 0 0 0 0 0 0 0 0 0 0 0 0 0 0 0 0 0 0 0 0 0 0 0 0 0 
0 0 0 0 0 0 0 3 0 0 0 0 0 0 0 0 8 0 2 0 0 0 0 0 0 0 0 0 0 0 0 0 0 0 0 0 0 0 0 0 
0 0 0 0 0 0 0 0 0 0 0 0 0 0 0 0 0 0 0 0 0 44 0 0 0 0 0 0 3 0 0 0 0 0 0 0 0 30 0 2 
0 0 0 0 0 0 0 0 0 0 0 0 0 0 0 0 0 0 0 0 0 0 0 0 0 0 0 0 0 0 0 0 0 0 0 0 0 0 0 0 
0 0 8 0 0 0 0 0 0 3 0 0 0 0 0 0 0 0 12 0 2 0 0 0 0 0 0 0 0 0 0 0 0 0 0 0 0 0 0 0 
0 0 0 0 0 0 0 0 0 0 0 0 0 0 0 0 0 0 0 0 0 0 0 16 0 0 0 0 0 0 3 0 0 0 0 0 0 0 0 16 
0 2 0 0 0 0 0 0 0 0 0 0 0 0 0 0 0 0 0 0 0 0 0 0 0 0 0 0 0 0 0 0 0 0 0 0 0 0 0 0 
0 0 0 0 12 0 0 0 0 0 0 1 0 0 0 0 0 0 0 0 9 0 0 0 0 0 0 0 0 0 1 0 0 0 0 0 0 0 0 0 
0 0 0 0 0 0 2 0 0 0 0 0 0 0 0 0 0 0 0 0 0 0 0 0 0 20 0 0 0 0 0 0 1 0 0 0 0 0 0 0 
0 22 0 0 0 0 0 0 0 0 0 0 0 0 0 0 0 0 0 2 0 0 0 0 0 0 0 0 0 0 0 0 0 0 0 0 0 0 0 0 
0 0 0 0 0 0 16 0 0 0 0 0 0 1 0 0 0 0 0 0 0 0 20 0 2 0 0 0 0 0 0 0 0 0 0 0 0 0 0 0 
2 0 0 0 0 0 0 0 0 0 0 0 1 0 0 0 0 0 0 0 0 0 0 0 0 0 0 0 0 0 0 0 0 0 0 1 0 0 0 0 
0 0 0 3 0 0 0 0 0 0 0 0 0 0 0 0 0 0 0 0 0 0 0 0 0 0 0 0 0 0 0 0 0 0 0 0 0 0 0 0 
0 0 0 0 0 0 0 0 0 0 0 0 0 0 0 0 3 0 0 0 0 0 0 0 4 0 0 0 0 0 0 0 0 0 0 0 0 0 0 0 
0 0 0 0 0 0 0 0 0 0 0 0 0 0 0 0 0 0 0 0 0 0 0 0 0 0 0 0 0 0 0 0 0 0 0 0 0 2 0 0 
0 0 0 0 0 3 0 0 0 0 0 0 0 0 0 0 0 0 0 0 0 0 0 0 0 0 0 0 0 0 0 0 0 0 0 0 0 0 0 0 
0 0 0 0 0 0 0 0 0 0 0 0 0 0 0 0 0 0 1 0 0 0 0 0 0 0 1 0 0 0 0 0 0 0 0 0 0 0 0 0 
0 0 0 0 0 0 0 0 0 0 0 0 0 0 0 0 0 0 0 0 0 0 0 0 0 0 0 0 0 0 0 0 0 0 0 0 0 0 0 1 
0 0 0 0 0 0 0 2 0 0 0 0 0 0 0 0 0 0 0 0 0 0 0 0 0 0 0 0 0 0 0 0 0 0 0 0 0 0 0 0 
0 0 0 0 0 0 0 0 0 0 0 0 2 0 0 0 0 0 0 0 1 0 0 0 0 0 0 0 2 0 0 0 0 0 0 0 0 0 0 0 
0 0 0 0 0 0 0 0 0 0 0 0 0 0 0 0 0 0 0 0 0 0 0 0 0 0 0 0 0 0 0 0 0 1 0 0 0 0 0 0 
0 1 0 0 0 0 0 0 0 2 0 0 0 0 0 0 0 0 0 0 0 0 0 0 0 0 0 0 0 0 0 0 0 0 0 0 0 0 0 0 
0 0 0 0 0 0 0 0 0 0 0 0 0 0 4 0 0 0 0 0 0 0 1 0 0 0 0 0 0 0 5 0 0 0 0 0 0 0 0 0 
1 0 0 0 0 0 0 0 0 0 0 0 0 0 0 0 2 0 0 0 0 0 0 0 0 0 0 0 0 0 0 0 0 0 0 16 0 0 0 0 
0 0 0 1 0 0 0 0 0 0 0 20 0 0 0 0 0 0 0 0 0 0 0 0 0 0 0 0 0 2 0 0 0 0 0 0 0 0 0 0 
0 0 0 0 0 0 0 0 0 0 0 0 0 0 0 0 20 0 0 0 0 0 0 0 1 0 0 0 0 0 0 0 22 0 2 0 0 0 0 0 
0 0 0 0 0 0 0 0 0 0 2 0 0 0 0 0 0 0 0 0 0 0 0 0 0 0 0 0 0 0 0 0 0 0 0 0 0 0 0 0 
0 0 0 0 0 0 1 0 0 0 0 0 0 2 0 0 0 0 0 0 0 0 0 0 0 0 0 0 0 0 0 0 0 0 0 0 0 0 0 0 
0 0 0 0 0 0 0 0 0 0 0 0 0 0 0 0 0 0 0 0 0 0 0 0 0 0 0 1 0 0 0 0 0 0 3 0 0 0 0 0 
0 0 0 0 0 0 0 0 0 0 0 0 0 0 0 0 0 0 0 0 0 0 0 0 3 0 0 0 0 0 0 0 0 0 0 0 0 0 0 16 
0 0 0 0 0 0 0 0 0 4 0 0 0 0 1 11 0 0 0 0 0 0 0 0 0 0 0 0 0 0 0 0 0 0 0 0 0 0 0 0 
0 1 0 0 0 0 0 0 0 0 0 0 0 0 0 0 0 0 0 0 10 0 0 0 0 0 0 0 0 0 1 0 0 0 0 0 9 0 0 0 
0 0 0 0 0 0 0 0 0 0 0 0 0 0 1 0 0 0 0 0 0 0 0 0 0 0 0 0 0 0 0 0 0 0 0 0 0 0 0 0 
0 10 0 0 0 0 0 0 0 0 0 1 0 0 0 0 0 9 0 1 0 0 0 0 0 0 0 0 0 0 0 0 0 0 0 1 0 0 0 0 
0 1 0 0 0 0 0 1 0 0 0 0 0 0 0 0 0 0 0 0 0 0 2 0 0 0 0 0 0 0 0 0 0 0 1 0 0 0 5 0 
0 0 0 0 0 0 0 0 0 0 0 0 0 0 0 0 0 0 0 0 0 0 2 0 0 0 0 0 0 0 0 0 0 0 0 0 0 0 0 0 
0 0 0 4 0 0 0 0 0 0 0 0 0 0 0 2 0 0 0 14 0 0 0 0 0 0 0 0 0 0 4 0 0 0 0 0 0 0 0 0 
0 0 0 2.34 0 0 0 0 0 0 0 0 0 0 0 0 0 0 0 0 0 0 0 0 2 0 0 0 0 0 0 0 0 0 0 0 0.34 0 0 0 
12 0 0 0 0 0 0 0 0 0 0 3.66 0 0 0 0 0 0 0 0 0 0 0 0 6 0 0 0 0 0 0 0 0 0 0 0 0 0 0 0 
0 0 0 0 0 8 0 0 0 0 0 0 0 0 0 2 0 8 0 0 0 34 0 0 0 0 0 0 0 0 0 0 6 0 0 0 0 0 0 0 
0 0 0 0 0 2 0 0 0 0 0 0 0 0 0 0 0 0 0 0 0 0 0 0 0 0 12 0 0 0 0 0 0 0 0 0 0 0 2 0 
0 0 18 0 0 0 0 0 0 0 0 0 0 4 0 0 0 0 0 0 0 0 0 0 0 0 2 0 0 0 0 0 0 0 0 0 0 0 0 0 
0 0 0 0 0 0 0 12.4 0 0 0 0 0 0 0 0 0 0 0 2 0 0 0 15.2 0 0 0 0 0 0 0 0 0 0 2.5 0 0 0 0 0 
0 0 0 0 0 0 0 2 0 0 0 0 0 0 0 0 0 0 0 0 0 0 0 0 0 0 0 0 16 0 0 0 0 0 0 0 0 0 0 0 
2 0 0 0 20 0 0 0 0 0 0 0 0 0 0 4 0 0 0 0 0 0 0 0 0 0 0 0 6 0 0 0 0 0 0 0 0 0 0 0 
0 0 0 0 0 0 0 0 0 6 0 0 0 0 0 0 0 0 0 0 0 8 0 0 0 28 0 0 0 0 0 0 0 0 0 0 6 0 0 0 
0 0 0 0 0 0 0 0 0 1.98 0 0 0 0 0 0 0 0 0 0 0 0 0 0 0 0 0 0 0 0 10.62 0 0 0 0 0 0 0 0 0 
0 0 1.98 0 0 0 13.31 0 0 0 0 0 0 0 0 0 0 2.02 0 0 0 0 0 0 0 0 0 0 0 0 2 0 0 0 0 0 0 0 0 0 
0 0 0 0 0 0 0 0 0 0 0 7.6 0 0 0 0 0 0 0 0 0 0 0 2 0 0 0 11.8 0 0 0 0 0 0 0 0 0 0 2 0 
0 0 0 0 0 0 0 0 0 0 0 2 0 0 0 0 0 0 0 0 0 0 0 0 0 0 0 0 0 0 0 0 9 0 0 0 0 0 0 0 
0 0 0 0 2 0 0 0 12.5 0 0 0 0 0 0 0 0 0 0 2 0 0 0 0 0 0 0 0 0 0 0 0 0.72 0 0 0 0 0 0 0 
0 0 0 0 0 0 0 0 0 0 0 0 0 5.42 0 0 0 0 0 0 0 0 0 0 0 0.72 0 0 0 14.71 0 0 0 0 0 0 0 0 0 0 
5.28 0 0 0 0 0 0 0 0 0 0 0 0 2 0 0 0 0 0 0 0 0 0 0 0 0 0 0 0 0 0 0 0 0 4 0 0 0 0 0 
0 0 0 0 0 0 2 0 0 0 12 0 0 0 0 0 0 0 0 0 0 3 0 0 0 0 0 0 0 0 0 0 0 0 2.5 0 0 0 0 0 
0 0 0 0 0 0 0 0 0 0 0 0 0 0 0 10 0 0 0 0 0 0 0 0 0 0 0 2.5 0 0 0 21 0 0 0 0 0 0 0 0 
0 0 5.5 0 0 0 0 0 0 0 0 0 0 0 0 6 0 0 0 0 0 0 0 0 0 0 2 0 0 0 0 0 0 0 0 0 0 0 0 0 
0 0 0 0 0 0 0 0 8 0 0 0 24 0 0 0 0 0 0 0 0 0 0 6 0 0 0 0 0 0 0 0 0 0 0 0 0 1 0 0 
0 0 2 0 0 0 0 0 0 0 0 0 0 0 0 0 0 10 0 0 0 0 0 0 0 0 0 0 0 1 0 0 0 11 0 0 0 0 0 0 
0 0 0 0 0 0 0 0 0 0 0 0 0 0 0 0 0 0 1 0 0 0 0 1 0 0 0 0 0 0 0 0 0 0 0 0 0 0 0 0 
0 0 0 0 0 0 0 0 0 0 1 0 0 0 5 0 0 0 0 0 0 0 0 0 0 0 0 0 0 0 0 0 0 0 0 0 0 0 0 0 
0 4 0 0 0 0 0 0 0 0 0 0 0 0 0 0 0 0 0 0 0 0 0 0 0 0 0 0 0 0 0 2 0 0 0 7 0 0 0 0 
0 0 0 0 0 0 0 0 0 0 0 0 0 0 0 0 0 0 0 0 0 0 1 0 0 0 0 0 0 0 0 0 0 0 0 0 0 0 0 0 
0 0 0 0 0 0 0 0 0 0 0 0 1 0 0 0 2 0 0 0 0 0 0 0 0 0 0 0 0 0 0 0 0 0 0 0 0 0 0 0 
0 0 0 4 0 0 0 0 0 0 0 0 0 0 0 0 0 0 0 0 0 20 0 0 0 0 0 0 0 0 0 0 0 2 0 0 0 17 0 0 
0 0 0 0 0 0 0 0 0 0 0 0 0 0 0 0 0 0 0 0 0 0.67 0 0 0 0 0 0 0 0 0 0 0 0 0 0 0 0 0 0 
0 1.67 2 0 0 0 0 0 0 0 0 0 0 0 0.34 0 0 0 12 0 0 0 0 0 0 0 0 0 0 3.66 0 0 0 0 0 0 0 0 0 0 
0 0 0 0 0 0 0 0 0 0 0 0 0 0 0 0 0 0 0 0 0 0 0 31 0 0 0 0 0 0 0 0 0 0 0 7 6 0 0 34 
0 0 0 0 0 0 0 0 0 0 0 0 0 0 0 0 0 0 0 0 0 0 0 2.5 0 0 0 0 0 0 0 0 0 0 0 0 0 0 0 0 
0 0 0 0 10 0 0 0 0 1 0 0 0 0 0 0 1.5 0 0 0 21 0 0 0 0 0 0 0 0 0 0 5.5 0 0 0 0 0 0 0 0 
0 0 0 0 0.397 0 0 0 0 0 0 0.038 0 0 0 0 0 0 0 0 0 0 0 0 0.055 2 0 0 0 0 0.021 0 2.949 0 0 0 0 0.394 0 0 
0 12 0 0 0 0 0 0 0 0 0 0 3.569 0 0 0 0 0 0 0 0 0 0 0 0 1.86 0 0 0 0 0 0 0.009 0 0 0 0 0 0 0 
0 0 0 0 0 0.208 2 0 0 0 0 0.024 0 0.214 0 0 0 0 0.409 0 0 0 12 0 0 0 0 0 0 0 0 0 0 3.738 0 0 0 0 0 0 
0 0 0 0 0 0 1.66 0 0 0 0 0 0 0 0 0 0 0 0 0 0 0 0 0 0 0 0 2 0 0 0 0 0 0 0.34 0 0 0 0 0.34 
0 0 0 12 0 0 0 0 0 0 0 0 0 0 4 0 0 0 0 0 0 0 0 0 0 0 0 1.4 0 0 0 0 0 0 0 0 0 0 0 0 
0 0 0 0 0 0 0 0 2 0 0 0 0 0 0 0.6 0 0 0 0 0.6 0 0 0 12 0 0 0 0 0 0 0 0 0 0 4 0 0 0 0 
0 0 0 0 0 0 0 0 0.34 0 0 0 0 0 0 0 0 0 0 0 0 0 0 0 0 0 0 0 0 2 0 0 0 0 0 0 3 0 0 0 
0 0.34 0 0 0 12 0 0 0 0 0 0 0 0 0 0 3.66 0 0 0 0 0 0 0 0 0 0 0 0 0.86 0 0 0 0 0 0 0 0 0 0 
0 0 0 0 0 0 0 0 0 0 2 0 0 0 0 0 0 3 0 0 0 0 0.86 0 0 0 12 0 0 0 0 0 0 0 0 0 0 3.14 0 0 
0 0 0 0 0 0 0 0 0 0 0.34 0 0 0 0 0 0 0 0 0 0 0 0 0 0 0 0 0 0 0 1 2 0 0 0 0 0 0 2 0 
0 0 0 0.34 0 0 0 12 0 0 0 0 0 0 0 0 0 0 3.66 0 0 0 0 0 0 0 0 0 0 0 0 0 0 0 0 0 0 2 0 0 
0 0 0 0 0 0 0 0 0 0 0 0 0 0 0 0 0 0 0 0 0 0 0 0 3 0 0 1 8 0 0 0 0 0 0 0 0 0 0 0 
0 0 0 0 0 0 0 0 0 0 0 0 0 0 0 0 0 0 1 0 0 0 0 0 0 0 0 0 0 0 0 0 0 7 0 0 0 0 0 0 
0 0 0 0 0 1 0 0 1 8.5 0 0 0 0 0 0 0 0 0 0 0 0 0 0 0 0 0 0 0 0 0 0 0 0 0 0 0 0 0 0 
0 0 0 0 0 0 0 0 0 0 0 0 0 0 0.2 0 0 0 0 0 0 0 0 0 0 0 2 0 0 2 7.1 0 0 0 0 0 0 0 0 0 
0 0 0 0 0 0 0 0 0 0 0 0 0 0 0 0 0 0 0 0 5 0 0 0 0 0 0 0 0 0 0 0 0 0 0 24 0 0 0 0 
0 0 0 0 0 0 0 6 0 0 0 27 0 0 0 0 0 0 0 0 0 0 0 0 0 0 0 1 0 0 0 0 0 0 0 0 0 1 0 0 
0 0 0 0 0 0 0 0 0 0 0 0 0 0 0 0 6 0 0 0 0 0 0 0 0 0 0 0 1 0 0 0 9 0 0 0 0 0 0 0 
0 0 0 0 0 0 0 0 0 0 1 0 0 0 0 0 0 0 0 1 0 0 0 0 0 0 0 0 0 0 0 0 0 0 0 0 0 2 0 0 
0 0 0 0 0 0 0 0 0 1 0 0 0 6 0 0 0 0 0 0 0 0 0 0 0 0 0 0 0 0 0 1 0 0 0 0 0 0 0 0 
0 0 0 0 0 0 0 0 0 0 0 0 0 0 0 0 0 0 2 0 0 0 0 0 0 0 0 0 0 0 2 0 0 0 8 0 0 0 0 0 
0 0 0 0 0 0 0 0 0 0 0 0 2 0 0 0 0 0 0 0 0 0 0 0 0 0 0 0 0 0 0 0 0 0 0 0 0 0 0 6 
0 0 0 0 0 0 0 0 0 0 0 1 0 0 0 9 0 1 0 0 0 0 0 0 0 0 0 0 0 0 0 0 0 1 0 0 0 0 0 0 
0 0 0 0 0 0 0 0 0 0 0 0 0 0 0 0 0 0 0 0 3 0 0 0 0 0 0 0 0 0 0 0 1 0 0 0 7 0 0 0 
0 0 0 0 0 0 0 1 0 0 0 0 0 0 1 0 0 0 0 0 0 0 0 0 0 0 0 0 0 0 0 0 0 0 0 0 0 0 0 0 
0 0 0 0 0 0 0 0 0 0 0 0 0 0 2 0 0 5 0 0 0 0 0 0 0 0 0 0 0 0 0 0 0 0 0 0 0 0 0 0 
0 0 0 2 0 0 0 0 0 0 0 0 0 0 0 0 0 0 0 0 0 0 0 0 0 0 0 0 0 0 0 0 0 0 0 0 3 0 6 0 
0 0 0 0 0 0 0 0 0 0 0 0 0 0 0 0 0 0 0 0 0 0 0 0 2 0 0 0 0 0 0 0 0 0 0 0 0 0 0 0 
0 0 0 16 0 0 0 0 0 0 0 0 0 0 0 0 0 3 0 16 0 0 0 0 0 0 0 0 0 0 0 0 0 0 0 0 0 0 0 0 
0 0 0 0 0 0 2 0 0 0 0 0 0 0 0 0 0 0 0 0 0 0 0 0 0 0 0 0 0 0 0 0 0 0 0 0 0 0 1 0 
4 0 0 0 0 0 0 0 0 0 0 0 0 0 0 0 0 0 0 0 0 0 0 0 0 0 0 0 0 0 1 0 0 0 0 0 0 0 0 0 
0 0 0 0 0 0 0 0 0 0 0 0 0 0 0 0 0 0 0 1 0 3 0 0 0 0 0 0 0 0 0 0 0 0 0 0 0 0 0 0 
0 0 0 0 0 0 0 0 0 0 0 1 0 0 0 0 0 0 0 0 0 0 0 0 0 0 11 0 0 0 0 0 0 0 0 0 0 0 0 0 
1 0 8.5 0 0 0 0 0 0 0 0 0 0 0 0 0 0 0 0 0 0 0 0 0 0 0 0 0 0 0 0 0 0 0 0 0 0 0 0 0 
0 0 0 0 0 0 0 0 0 0 0 0 0 0 0 0 0 0 0 0 0 1 0 1 0 0 0 0 0 0 0 0 0 0 0 0 0 0 0 0 
0 0 0 0 0 0 0 0 0 0 0 0 0 0 0 0 0 0 0 0 0 0 0 0 0 0 0 0 2 0 0 0 0 0 0 0 0 0 0 0 
0 0 1 0 2 0 0 0 0 0 0 0 0 0 0 0 0 0 0 0 0 0 0 0 0 0 0 0 0 0 0 0 0 0 0 0 0 0 0 0 
0 0 0 0 0 0 0 0 0 4 0 0 0 0 0 0 0 0 0 0 0 0 0 1 0 2 1 0 0 0 0 0 0 0 0 0 0 0 0 0 
0 0 0 0 0 0 0 0 0 0 0 0 0 0 0 0 0 0 0 0 0 0 0 0 0 0 0 0 0 0 4 0 0 0 0 0 0 0 0 0 
0 0 0 0 1 0 5 0 0 0 0 0 0 0 0 0 1 0 0 0 0 0 0 0 0 0 0 0 0 0 0 0 2 0 0 0 0 0 0 0 
0 0 0 0 0 0 0 0 0 0 0 20 0 0 0 0 0 0 0 0 0 0 0 0 0 1 0 22 0 0 0 0 0 0 0 0 0 0 0 0 
0 0 0 0 0 2 0 0 0 0 0 0 0 0 0 0 0 0 0 0 0 0 0 0 0 0 0 0 0 0 0 0 16 0 0 0 0 0 0 0 
0 0 0 0 0 0 1 0 20 0 2 0 0 0 0 0 0 0 0 0 0 0 0 0 0 0 2 0 0 0 0 0 0 0 0 0 0 0 0 0 
0 0 0 0 0 0 0 0 0 0 0 0 0 0 0 0 0 0 0 0 0 0 0 0 0 0 0 0 1 2 0 0 0 0 0 0 0 0 0 0 
0 0 0 0 0 0 0 0 0 0 0 0 0 0 0 0 0 0 0 1 0 0 0 0 0 0 0 0 0 0 0 0 0 0 0 0 0 0 0 0 
0 0 0 0 0 0 0 0 0 1 5 0 0 0 0 0 0 0 0 0 0 0 0 0 0 0 0 0 0 0 0 0 0 0 0 0 0 0 0 0 
0 0 0 0 0 0 0 0 0 0 0 0 0 0 0 1 0 0 0 0 0 0 0 0 0 0 0 0 0 0 1 3 0 0 0 0 0 0 0 0 
0 0 0 0 0 0 0 0 0 0 0 0 0 0 0 0 0 0 0 0 0 0 0 0 0 0 0 0 0 0 0 0 0 0 0 0 4 0 0 0 
0 0 0 0 0 0 0 0 0 0 0 1 5 0 0 0 0 0 0 0 0 0 0 0 0 0 0 0 0 0 0 0 0 0 0 0 0 0 0 0 
0 0 0 0 0 0 0 0 0 0 0 0 0 0 0 0 0 12 0 0 0 0 0 0 0 0 0 0 0 0 0 0 1 6 2 0 0 0 0 0 
0 0 0 0 0 0 0 0 0 0 0 0 0 0 0 0 0 0 0 0 0 0 0 0 0 0 0 0 0 0 0 0 0 0 0 0 0 0 0 0 
0 0 0 0 0 0 0 0 0 0 0 0 0 0 5 0 0 2 0 0 0 0 0 0 0 0 0 0 0 0 0 0 0 0 0 0 0 0 0 0 
0 0 0 0 0 0 0 0 0 0 0 0 0 0 0 0 0 0 0 0 0 0 0 0 0 0 0 0 0 0 0 0 0 0 0 0 0 0 0 1 
0 0 0 0 0 0 0 0 0 0 0 0 0 0 0 0 0 0 0 0 0 0 2 0 0 0 0 0 0 0 0 0 0 0 0 0 0 0 0 0 
0 0 0 0 0 0 0 0 0 0 0 0 0 0 0 0 4 0 0 0 1 0 0 0 0 0 0 0 0 0 0 0 0 0 0 0 0 0 0 0 
0 0 0 0 0 0 1 0 0 0 0 0 0 0 0 0 0 0 0 0 0 0 0 0 0 0 0 0 0 0 0 0 0 0 0 0 0 3 0 0 
0 1 0 0 0 0 0 0 0 0 0 0 0 0 0 0 0 0 0 0 0 0 0 0 0 0 0 1 0 0 0 0 2 0 0 0 0 0 0 0 
0 0 0 0 0 0 0 0 0 0 0 0 0 0 0 0 0 0 3 0 0 0 2 0 0 0 0 0 0 0 0 0 0 0 0 0 0 0 0 0 
0 0 0 0 0 0 0 0 0 0 0 0 0 1 0 0 0 0 0 0 0 0 0 1 0 0 0 0 0 0 0 0 0 0 0 0 0 0 0 1 
0 0 0 1 0 0 0 0 0 0 0 0 0 0 0 0 0 0 0 0 0 0 0 0 0 0 0 0 0 0 0 0 0 0 0 0 0 1 0 0 
0 0 0 0 0 0 0 0 0 0 0 0 0 0 0 0 0 0 0 0 4 0 0 0 1 0 0 0 0 0 0 0 0 0 0 0 0 0 0 0 
0 0 0 0 0 0 0 0 0 0 0 0 0 0 0 0 0 0 0 0 0 0 0 0 0 1 0 0 0 0 0 0 0 0 0 0 0 0 0 0 
0 4 0 1 0 1 0 0 0 0 0 0 0 0 0 0 0 0 0 0 0 0 0 0 0 0 0 0 0 0 0 0 0 0 0 0 0 0 0 0 
0 0 0 0 0 0 0 0 0 0 0 0 0 0 0 0 0 0 0 0 0 0 1 0 0 0 1 0 0 0 0 0 0 0 0 0 0 0 0 0 
0 0 0 0 0 0 0 0 0 0 0 0 0 0 0 0 0 0 0 0 0 0 0 0 0 0 0 0 0 0 0 0 0 0 0 0 0 0 0 0 
0 0 0 1 0 0 0 1 0 0 0 0 0 0 0 0 0 0 0 0 0 0 0 0 0 0 0 0 0 0 0 0 0 0 0 0 0 0 0 0 
0 0 0 0 0 0 0 0 0 0 0 0 0 0 0 0 0 0 0 0 0 0 0 0 8 0 2 0 3 0 0 0 0 0 0 0 0 0 0 0 
0 0 0 0 0 0 0 0 0 0 0 0 0 0 0 0 0 0 0 1 0 0 0 0 0 0 0 0 0 0 0 0 0 0 0 0 0 0 0 0 
0 0 0 0 0 12 0 3 0 5 0 0 0 0 0 0 0 0 0 0 0 0 0 0 0 0 0 0 0 0 0 0 0 0 0 0 0 0 0 0 
0 0 0 0 0 0 0 0 0 0 0 0 0 0 0 0 0 0 0 0 0 0 0 0 0 0 0 0 0 0 1 0 0 0 0 1 0 0 0 0 
0 0 0 0 0 0 0 0 0 0 0 0 0 0 0 0 0 0 0 0 0 0 0 0 0 0 0 0 0 0 0 0 0 0 0 0 0 0 0 0 
0 0 0 0 0 0 0 4 0 0 0 1 0 0 0 0 1 0 0 0 0 0 0 0 0 0 0 0 0 0 0 0 0 2 0 0 0 0 0 0 
0 0 0 0 0 0 0 0 0 0 0 0 20 0 0 0 0 0 0 0 0 0 0 0 0 0 0 0 22 0 0 0 1 0 0 0 0 0 0 0 
0 0 0 0 0 0 2 0 0 0 0 0 0 0 0 0 0 0 0 0 0 0 0 0 0 0 0 0 0 0 0 0 0 4 0 0 0 0 0 0 
0 0 0 0 0 0 0 0 0 12 0 2 0 2 0 0 0 0 0 0 0 0 0 0 0 0 0 1 0 0 0 0 0 0 0 0 0 0 0 0 
0 0 0 0 0 0 0 0 0 0 0 0 0 0 16 0 0 0 0 0 0 0 0 0 0 0 0 0 0 0 20 0 2 0 1 0 0 0 0 0 
0 0 0 0 0 0 0 0 2 0 0 0 0 0 0 0 0 0 0 0 0 0 0 0 0 0 0 0 0 0 0 0 0 0 0 0 0 0 0 0 
0 0 0 0 0 0 0 0 0 0 0 0 0 0 0 0 1 0 0 0 0 0 0 0 0 0 0 0 0 0 0 0 0 0 0 0 0 0 0 0 
0 0 0 0 0 0 0 0 0 0 0 0 0 0 0 0 0 0 0 0 0 0 0 0 0 0 0 0 0 0 0 0 1 0 0 0 0 1 0 0 
0 0 0 0 0 0 0 0 0 0 0 0 0 0 0 0 0 0 0 0 0 0 0 0 0 0 0 0 0 0 0 0 0 0 0 0 0 0 0 0 
0 0 0 0 0 0 0 0 0 0 0 0 0 0 0 0 0 0 0 1 0 0 0 0 0 0 0 0 0 0 0 0 0 0 0 0 0 0 0 0 
0 0 0 0 0 0 0 0 0 0 0 0 0 0 0 0 0 0 0 0 0 0 0 0 0 0 0 0 0 0 0 0 0 0 2 0 0 0 0 0 
1 0 0 0 0 0 0 0 0 0 0 0 0 0 0 0 0 0 0 0 0 0 0 0 0 0 0 0 0 0 0 0 0 0 0 0 0 0 0 0 
0 0 0 0 0 0 0 0 0 0 0 0 0 0 0 4 0 0 0 0 0 1 0 0 1 0 0 0 0 0 0 0 0 0 0 0 0 0 0 0 
0 0 0 0 0 0 0 0 0 0 0 0 0 0 0 0 0 0 0 0 2 0 0 0 0 0 0 0 0 0 0 0 0 0 0 0 9 0 0 0 
0 0 1 0 0 2 0 0 0 0 0 0 0 0 0 0 0 0 0 0 0 0 0 0 0 0 0 0 0 0 0 0 0 0 0 0 0 0 0 0 
0 2 0 0 0 0 0 0 0 0 0 0 0 0 0 0 0 8 0 2 0 0 0 0 1 0 0 0 0 0 0 0 0 0 0 0 0 0 0 0 
0 0 0 0 0 0 0 0 0 0 0 0 0 0 0 0 0 0 0 0 0 0 0 0 0 0 0 0 0 0 0 0 0 0 0 0 0 0 2 0 
0 0 0 0 0 1 0 0 0 0 0 0 0 0 0 0 0 0 0 0 0 0 0 0 0 0 0 0 1 0 0 0 0 0 0 0 0 0 0 0 
0 0 0 0 0 0 0 0 0 0 0 0 0 0 0 0 0 0 0 5 0 0 0 0 0 0 1 0 0 0 0 0 0 0 0 0 0 0 0 0 
0 0 0 0 0 0 0 0 0 0 0 0 0 0 0 0 0 0 0 0 0 0 0 0 3 0 0 0 0 0 0 0 0 0 0 0 0 0 0 0 
3 0 0 0 0 0 0 1 0 0 0 0 0 0 0 0 0 0 0 0 0 0 0 0 0 0 0 0 0 0 0 0 0 0 0 0 0 0 0 0 
0 0 0 0 0 2 0 0 0 0 0 0 0 0 0 0 0 0 0 0 0 4 0 0 0 0 0 0 1 0 0 0 0 0 0 0 0 0 0 0 
0 0 0 0 0 0 0 0 0 0 0 0 0 0 0 0 0 0 0 0 0 0 0 0 0 0 1 0 0 0 0 0 0 0 0 0 0 0 0 0 
0 0 3 0 0 0 0 0 0 1 0 0 0 0 0 0 0 0 0 0 0 0 0 0 0 0 0 0 0 0 0 0 0 0 0 0 0 0 0 0 
0 0 0 0 0 0 0 8 0 0 0 0 0 0 0 0 0 0 0 0 0 0 0 18 0 2 0 0 0 0 3 0 0 0 0 0 0 0 0 0 
0 0 0 0 0 0 0 0 0 0 0 0 0 0 0 0 0 0 0 0 0 0 0 0 0 0 0 0 12 0 0 0 0 0 0 0 0 0 0 0 
0 0 0 0 6 2 0 0 0 0 0 1 0 0 0 0 0 0 0 0 0 0 0 0 0 0 0 0 0 0 0 0 0 0 0 0 0 0 0 0 
0 0 0 0 0 0 0 0 0 20 0 0 0 0 0 0 0 0 0 0 0 0 0 0 0 10 3 0 0 0 0 0 2 0 0 0 0 0 0 0 
0 0 0 0 0 0 0 0 0 0 0 0 0 0 0 0 0 0 0 0 0 0 0 0 0 0 0 0 0 0 0 0 0 0 0 0 0 0 0 0 
0 0 0 0 0 0 4 0 1 0 0 0 0 1 0 0 0 0 0 0 0 0 0 0 0 0 0 0 0 0 0 0 0 0 0 0 1 0 0 0 
0 0 0 0 0 0 0 0 0 0 0 0 0 0 0 0 0 0 0 0 0 0 0 0 0 0 0 3 0 0 0 0 0 0 0 1 0 0 0 0 
0 0 0 0 0 0 0 0 0 0 0 0 0 0 0 0 0 0 0 0 0 0 0 0 0 0 0 0 0 0 0 0 0 0 0 0 0 0 0 0 
0 0 0 0 0 0 0 0 4 0 0 0 0 0 0 0 1 1 0 0 0 0 0 0 0 0 0 0 0 0 0 0 0 0 0 0 0 0 0 0 
0 0 0 0 0 0 0 0 0 0 0 0 0 0 0 0 0 0 0 0 0 0 0 0 0 0 0 0 0 0 0 0 0 0 0 0 0 0 1 0 
0 0 0 0 0 0 0 0 0 0 0 0 0 0 0 0 0 0 0 0 0 0 0 0 0 0 0 0 0 0 0 0 0 0 0 0 0 0 0 0 
0 0 0 0 0 0 0 0 0 0 0 0 0 0 0 0 0 0 0 0 1 0 0 0 0 0 0 0 0 0 0 0 0 0 1.644 0 0 0 0 0 
0 0 0 0 0 0 0 0 0 0 0 0 0 0 1.622 4 0 0 0 0 0 0 0.157 0 0 0 0 0 0 0 0 9 0 0 0 0 0 0 0 0 
0 0 1.332 0 0 0 0 0 0 0 0 0 0 0 0 2.483 0 0 0 0 0 0 0.011 0 0 0 0 0 0 0 0 0 0 0 0 1.927 8 0 0 0 
0 0 0 2.952 0.012 0 0 0 0 0 0 0 18 0 0 0 0 0 0 0 0 0 0 2.633 0 0 0 0 0 0 0 0 0 0 0 0 0 0 0 0 
0 0 0 0 0 0 0 0 0 0 0 0 0 0 0 0 0 0 0 0 0 0 0 0 0 0 0 0 0 0 0 0 0 2 0 0 0 0 0 0 
0 0 0 0 1 0 0 0 0 0 0 0 0 0 0 0 0 0 0 0 0 0 0 0 0 0 0 0 0 0 0 0 0 0 0 0 0 0 0 0 
0 0 0 0 0 0 0 0 0 0 0 0 0 0 2 0 0 0 0 0 0 0 0 0 0 1 0 0 0 0 0 0 0 0 0 0 0 0 0 0 
0 0 0 0 3 0 0 0 0 0 0 0 0 0 0 0 0 0 0 0 0 0 0 0 0 0 0 0 0 0 0 0 0 0 0 9 0 0 0 0 
0 0 0 0 0 0 0 2 0 0 0 0 0 0 0 0 0 0 0 0 0 0 0 0 0 0 0 0 0 0 0 0 0 0 0 0 0 0 3 0 
0 0 0 0 0 0 0 0 0 0 0 0 0 0 0 0 0 0 0 0 0 0 0 0 0 0 0 0 1 0 0 0 0 0 0 0 0 0 0 0 
0 0 0 0 0 0 0 0 0 0 0 0 0 0 0 0 0 0 0 0 0 3 0 0 0 0 0 0 0 0 0 0 0 0 0 0 0 3 0 0 
0 0 0 0 0 0 0 0 0 1 0 0 0 0 0 0 0 0 0 0 0 0 0 0 0 0 0 1 0 0 0 0 0 0 0 0 0 0 0 0 
0 0 1 0 0 0 0 0 0 0 0 0 0 0 0 0 0 0 4 0 0 0 0 0 0 0 0 0 0 0 1 0 0 0 0 0 0 0 0 0 
0 0 0 0 0 0 0 0 0 0 0 0 0 0 0 0 0 0 0 0 0 0 0 1.334 0 0 0 0 0 0 0 0 0 0 0 0 0 0 0 4.667 
0 1 0 0 0 0 0 0 0 0 0 1 0 0 0 0 0 0 0 0 0 0 0 0 0 0 0 0 0 0 0 0 0 0 0 0 0 0 0 0 
0 0 0 0 0 0 0 0 0 0 0 0 0 0 0 0 0 0 0 0 0 0 0 0 0 0 0 0 0 0 0 0 0 1 0 0 0 0 0 0 
0 0 0 0 0 0 0 0 0 0 0 0 0 0 0 0 0 0 0 0 0 0 0 0 0 0 0 0 0 0 0 0 0 0 0 0 0 0 0 0 
0 1 0 0 0 0 0 0 0 0 0 0 0 0 1 0 0 0 0 0 0 0 0 0 0 0 0 0 0 0 0 0 0 0 0 0 0 0 0 0 
0 0 0 0 0 0 0 0 0 0 0 0 0 0 0 0 0 0 0 0 0 0 2 0 0 0 0 0 0 0 0 0 0 0 0 1 0 0 0 0 
0 0 0 0 0 0 0 0 0 0 0 0 0 0 0 0 0 0 0 0 0 0 0 0 0 0 0 0 0 0 0 0 0 0 0 0 0 0 0 0 
0 0 0 2 0 0 0 0 0 0 0 0 0 0 0 0 1 0 0 0 0 0 0 0 0 0 0 0 0 0 0 0 0 1 0 0 0 0 0 0 
0 0 0 0 0 0 0 0 0 0 0 0 0 0 0 0 0 0 0 0 0 0 0 0 3 0 0 0 0 0 0 0 0 0 0 0 0 0 1 0 
0 0 0 0 0 0 0 0 0 0 0 0 0 0 0 0 0 0 0 0 0 0 1 0 0 0 0 0 0 0 0 0 0 0 0 0 0 0 0 0 
0 0 0 0 0 4 0 0 0 0 0 0 0 0 0 0 0 0 0 1 0 0 0 0 0 0 0 0 0 0 0 0 0 0 0 0 0 0 0 0 
0 0 0 0 0 0 0 0 0 0 1 0 0 0 0 0 0 0 0 0 0 0 0 0 0 0 4 0 1 0 0 0 0 0 0 0 0 0 0 0 
1 0 0 0 0 0 0 0 0 0 0 0 0 0 0 0 0 0 0 0 0 0 0 0 0 0 0 0 0 0 0 0 0 0 0 0 0 0 0 0 
0 0 0 0 0 0 0 8 0 2 0 0 0 0 0 0 0 0 0 0 0 3 0 0 0 0 0 0 0 0 0 0 0 0 0 0 0 0 0 0 
0 0 0 0 0 0 0 0 0 0 0 0 0 0 0 0 0 0 0 0 0 0 0 0 0 0 0 0 4 0 0 0 0 0 0 0 0 1 0 0 
0 0 1 0 0 0 0 0 0 0 0 0 0 0 0 0 0 0 0 0 0 0 0 0 0 0 0 0 0 0 0 0 0 0 0 0 0 0 0 0 
0 0 0 0 0 0 0 0 0 3 0 0 0 0 0 0 0 0 0 1 0 0 0 1 0 0 0 0 0 0 0 0 0 0 0 2 0 0 0 0 
0 0 0 0 0 0 0 0 0 0 0 0 0 0 16 0 0 0 0 0 0 0 0 0 0 0 0 0 0 0 20 0 0 0 0 0 0 0 0 0 
0 0 0 0 1 0 0 0 2 0 0 0 0 0 0 0 0 0 0 0 0 0 0 0 0 0 0 0 0 0 0 0 0 0 0 12 0 0 0 0 
0 0 0 0 0 0 0 0 0 0 0 18 0 2 0 0 0 0 0 0 0 0 0 0 0 1 0 0 0 2 0 0 0 0 0 0 0 0 0 0 
0 0 0 0 0 0 0 0 0 0 0 0 0 0 0 0 0 0 0 0 0 0 0 0 0 0 0 0 0 0 0 0 2 0 0 0 0 0 0 0 
0 0 0 0 0 0 0 1 0 0 0 0 0 0 0 0 0 0 0 0 0 0 0 0 0 0 0 0 0 0 0 0 0 0 0 0 0 0 0 0 
0 0 0 0 0 0 0 0 0 0 0 0 0 2 0 0 0 0 0 0 0 0 0 0 0 0 0 0 1 0 0 0 0 0 0 0 0 0 0 0 
0 0 0 0 0 0 0 0 0 0 0 0 0 0 0 0 4 0 0 0 0 0 0 0 0 0 0 0 0 0 0 0 0 0 0 0 0 0 0 0 
0 0 0 0 0 0 0 0 0 0 1 0 0 0 0 0 0 0 0 0 0 0 0 0 0 0 0 0 0 0 0 0 0 0 0 0 0 0 0 0 
0 0 0 0 0 0 0 0 0 0 0 0 0 0 0 2 0 0 0 0 0 0 0 0 0 0 0 0 0 0 0 1 0 0 0 0 0 0 0 0 
0 0 0 0 0 0 0 0 0 0 0 0 0 0 0 0 0 0 0 0 0 0 0 0 0 0 0 0 0 0 0 0 0 0 0 0 2 0 0 0 
0 0 0 0 0 0 0 0 0 0 0 0 1 0 0 0 0 0 0 0 0 0 0 0 0 0 0 0 0 0 0 0 0 0 0 0 0 0 0 0 
0 0 0 0 0 0 0 0 0 0 0 0 0 0 0 0 0 16 0 4 0 0 0 0 0 0 0 0 0 0 0 0 0 3 0 0 0 0 0 0 
0 0 0 0 0 0 0 0 0 0 0 0 0 0 0 0 0 0 0 0 0 0 0 0 0 0 0 0 0 0 0 0 0 0 0 0 0 0 0 0 
0 0 0 0 0 0 0 0 0 0 0 0 0 0 0 1 0 0 0 0 0 0 0 0 0 0 0 0 0 0 0 0 0 0 0 0 0 0 0 0 
0 0 0 0 0 0 0 0 0 0 0 0 0 0 0 0 0 0 0 2 0 0 0 0 0 0 0 0 0 0 0 0 0 0 0 0 1 0 0 0 
0 0 0 0 0 0 0 0 0 0 0 0 0 0 0 0 0 0 0 0 0 0 4 0 5 0 0 0 0 0 0 0 0 0 0 0 0 0 0 0 
2.5 0 0 0 0 0 0 0 0 0 0 0 0 0 0 0 0 0 1 0 0 0 0 0 0 0 0 0 0 0 0 0 0 0 0 0 0 0 0 0 
0 0 0 0 0 0 0 0 0 0 0 0 0 0 0 0 0 0 0 0 0 2 0 0 0 0 0 0 0 0 0 0 0 0 0 0 0 0 0 1 
0 0 0 0 0 0 0 2 0 0 0 0 0 0 0 0 0 0 0 0 0 0 0 0 0 0 24 0 0 0 0 0 0 0 0 0 0 0 0 0 
0 0 26 0 0 0 0 0 0 0 0 0 0 0 0 0 0 0 0 0 3 0 0 0 0 0 0 0 0 0 0 0 1 0 0 0 0 0 0 0 
0 0 0 0 0 0 0 0 0 0 0 0 0 0 0 0 0 0 0 0 0 0 0 5 0 0 0 0 0 0 0 0 0 0 0 0 0 0 0 0 
0 1 0 0 0 0 0 0 0 1 0 0 0 0 0 0 0 0 0 0 0 0 0 0 0 0 0 0 9 0 0 0 0 0 0 0 0 0 0 0 
0 0 0 0 10 0 0 0 0 0 0 0 0 0 0 0 0 0 0 0 0 0 1 0 0 0 0 0 0 0 0 0 0 0 0 0 0 0 0 0 
0 0 0 0 0 0 0 0 0 4 0 0 0 0 0 0 0 0 0 0 0 0 0 0 0 5 0 0 0 0 0 0 0 0 0 0 0 0 0 0 
0 0 0 1 0 0 0 0 0 0 0 0 0 0 0 0 0 0 0 0 0 0 0 0 0 0 0 0 0 0 9 0 0 0 0 0 0 0 0 0 
0 0 0 0 0 0 10 0 1 0 0 0 0 0 0 0 0 0 0 0 0 0 0 0 1 0 0 0 0 0 0 0 0 0 0 0 0 0 0 0 
0 0 0 0 0 0 0 0 0 0 0 2 0 0 0 0 0 0 0 0 0 0 0 0 0 0 0 6 0 0 0 0 0 0 0 0 1 0 0 0 
0 0 0 0 0 1 0 0 0 0 0 0 0 0 0 0 0 0 0 0 0 0 0 0 0 0 0 0 0 0 0 0 6 0 0 0 0 0 0 0 
0 0 0 0 0 0 0 0 5 1 0 0 0 0 0 0 0 0 0 0 0 0 0 0 0 0 1 0 0 0 0 0 0 0 0 0 0 0 0 0 
0 0 0 0 0 0 0 0 0 0 0 0 0 8 0 0 0 0 0 0 0 0 0 0 0 0 0 0 0 18 0 2 0 0 0 0 0 0 0 0 
0 0 0 0 0 0 0 3 0 0 0 0 0 0 0 0 0 0 0 0 0 0 0 0 0 0 0 0 0 0 0 0 0 0 4 0 0 0 0 0 
0 0 0 0 0 0 0 0 0 0 10 0 0 0 0 0 0 0 0 0 0 1 0 0 0 0 0 0 2 0 0 0 0 0 0 0 0 0 0 0 
0 0 0 0 0 0 0 0 0 0 0 0 0 0 0 12 0 0 0 0 0 0 0 0 0 0 0 0 0 0 0 6 2 0 0 0 0 0 0 0 
0 0 0 0 0 0 0 0 0 1 0 0 0 0 0 0 0 0 0 0 0 0 0 0 0 0 0 0 0 0 0 0 0 0 0 0 0 0 0 0 
0 0 0 0 0 0 0 0 0 0 0 0 4 0 0 0 0 0 0 0 0 0 0 1 0 0 0 0 0 0 1 0 0 0 0 0 0 0 0 2 
0 0 0 0 0 0 0 0 0 0 0 0 0 0 0 0 0 0 0 0 0 0 0 0 0 0 0 0 0 0 0 0 0 4 0 0 0 0 0 0 
0 0 0 0 0 0 0 0 0 0 0 0 1 0 0 0 0 0 0 0 0 0 0 1 0 0 0 0 0 0 0 0 0 0 0 0 0 0 0 0 
0 0 0 0 0 0 0 0 0 0 0 0 0 0 3 0 0 0 0 0 0 0 0 0 0 0 0 0 0 0 0 0 0 1 0 0 0 0 0 0 
0 0 0 0 0 0 0 0 0 0 0 0 0 0 0 0 0 0 0 0 0 0 0 0 0 0 0 0 0 0 0 0 0 0 0 1 0 0 0 0 
0 0 0 0 0 0 0 0 0 0 0 0 0 0 1 0 0 0 0 0 0 0 0 0 0 0 0 0 0 0 0 0 0 0 0 0 0 0 0 0 
2 0 0 0 0 0 0 0 0 0 0 0 0 0 0 0 2 0 0 0 0 0 0 0 0 0 0 0 0 0 0 0 0 0 0 1 0 0 0 0 
0 0 0 0 0 0 2 0 0 0 0 0 0 0 0 0 0 0 0 0 0 6 0 0 0 0 0 0 0 0 0 0 0 0 0 0 0 12 0 0 
0 0 0 0 0 0 0 0 0 0 0 0 0 0 0 0 5 0 0 0 0 0 0 0 0 0 0 0 0 0 0 0 0 0 0 0 0 0 0 0 
0 0 8 0 0 0 0 0 0 0 0 0 0 0 0 0 0 0 12 0 2 0 0 0 0 0 0 0 0 0 0 0 0 0 0 0 0 3 0 0 
0 0 0 0 0 0 0 0 0 0 0 0 0 0 0 0 0 0 0 0 0 0 0 0 0 0 0 0 0 0 0 0 0 0 0 0 0 0 0 0 
0 0 0 0 0 0 0 0 1 0 0 0 0 0 0 0 0 0 1 0 0 0 0 0 0 2 0 0 0 0 0 0 0 0 0 0 0 0 0 0 
0 0 0 0 16 0 0 0 0 0 0 0 0 0 0 0 0 0 0 0 20 0 0 0 0 0 0 0 0 0 0 0 0 0 0 0 0 0 2 1 
0 0 0 0 0 0 0 0 0 0 0 0 0 0 0 0 0 0 0 0 0 0 0 0 0 16 0 0 0 0 0 0 0 0 0 0 0 0 0 0 
0 20 0 2 0 0 0 0 0 0 0 0 0 0 0 0 0 0 0 2 1 0 0 0 0 0 0 0 0 0 0 0 0 0 0 0 0 0 0 0 
0 0 0 0 0 0 4 0 0 0 0 0 0 0 0 0 0 0 0 0 0 0 9 0 2 0 0 0 0 0 0 0 0 0 0 0 0 0 0 0 
0 0 1 0 0 0 0 0 0 0 0 0 0 0 0 0 0 0 0 0 0 0 0 0 0 0 0 0 0 0 0 0 0 0 0 0 0 0 0 0 
0 0 0 2 0 0 0 0 0 0 0 0 0 0 0 0 0 0 0 0 0 0 0 1 0 0 0 0 0 0 0 0 0 0 0 0 0 0 0 0 
0 0 0 0 0 0 0 0 4 0 0 0 0 0 0 0 0 0 0 0 0 0 0 0 4 0 0 0 0 0 0 0 0 0 0 0 0 0 0 0 
0 0 0 0 1 0 
<XFs>
55.3578523307887 1.29193115993484 0 0 0 0 0 0 0 0 0 0 0 0 0 0 0 0 0 0 0 0 0 0 0.0168932585144467 0 0 0 0 0 0 0 0 0 0 0 0 0 0 0 
0 0 0 0 0 0 0 0 0 0 0 0 0 0 0 0 0 0 0 0 0 0 0 0.213689710812514 0 0 0 0 0 0 0 0 0 0 0 0 0 0 0 0 
0 0 0 0 0 0 0.000994458940017993 0 0 0 0 0 2.83294997189574e-10 0 0 0 0 0 0.011527593448011 0 0 0 0 0 0 0 0 0 0 9.99389957915679e-10 0 0 0 0 0 0 0 0 0 0 
0 0 0 0 9.99989572061381e-10 0 0 0 0 0 0 0 0 0 0 0 0 0 0 0 0 0 0 0 0 0 0 0 0 0 0 0 0 0 4.99569956806052e-10 0 0 0 0 0 
0 0 0 0 0 0 0 0 4.99681679973418e-10 0 0.223475708061458 0 0 0 0 0 0 0 0 0.0474462053357063 0 0 0 0 0 0 0 0 0 0 0 0 0 0.21801637395554 0 0 0 0 0 0 
0 0 0 0 0 0 0 0 0 0 0 0 0 0 0 0 0 0 0 0 0 0 0.00301953376955853 0 0 0 0 0 0 0 0 0 0 0 0 0 0 0 0 0 
0 0 0 0 0 0 0 0 0 0 0 0 0 0 0 0 0 0 0 0 0 0 0 0 0 0 0 0 0 0 0 0 0 0 0 0 0 0 0 0 
0 0 0 0 0 0 0 0 0 0 0 0 0 0 0 0 0 0 0 0 0 0 0 0 0 0 0 0 0 0 0 0 0 0 0 0 0 0 0 0 
0 0 0 0 0 0 0 0 0 0 0 0 0 0 0 0 0 0 0 0 0 0 0 9.78126849125345e-10 0 0 0 0 6.84723952056994e-10 0 0 0 0 0 0 2.28029677766685e-10 0 0 0 0 
0 0 0 0 0 0 0 0 0 8.33333333333333e-08 0 0 0 0 0 0 0 0 0 0 0 0 0 0 0 0 0 0 0 0 0 0 0 0 0 0 0 0 0 0 
0 0 0 0 0 0 0 0 0 0 0 0 0 0 0 0 9.98686010998634e-10 0 0 0 3.56421475616129e-10 0 
<Falps>
-2.17367695555608e-07 -5.21544697587042e-10 -2.29830848620649 -4.49830848163275 -18.1407500202361 -2.59874131869775 -21.7843340651136 -39.6946082456637 -44.4810077767579 -24.3361717874216 -18.0042946980587 -41.2951399888832 -40.4951399904986 -67.0726339124691 -8.50696418419687 -58.9451420549123 -5.57585362068472 -44.7160724813129 -75.5461339816201 -92.9390191272959 -4.55571258224633 -0.864769556033459 -1.30902413912806 -1.10802413958321 -3.76182140530536e-09 -0.722000002205376 -1.51200000066487 -4.06493506909305 -92.9390191272959 -45.0781772668664 -43.7781772694257 -48.8552717955447 -46.6553076504745 -89.6093416562436 -3.28298072693082 -61.0345981523416 -28.9500705731867 -26.840070577559 -10.4805673459486 -6.04591200669575 
-13.6500039865639 -25.1398687010188 -12.9900463005607 -43.9110381975643 -67.6595488765586 -52.5525893119724 -41.8995837858475 -1.80112603968925 -50.335491627144 -92.9390191272959 -5.5683465028322 -5.30083704951189 -11.2030734372854 -13.0373393724301 -14.1084668941356 -2.33919467735621 -12.4784132501501 -6.61152983995384 -13.1429854446527 -24.9063566642538 -18.982165954762 -37.3022365500069 -0.137680155012155 -1.79838278218042e-09 -0.547680154041907 -0.803656575047852 -44.660602768695 -10.6343191883853 -8.93647185543585 -2.7196784836451 -28.2263839831152 -7.8317721347314 -14.2270686340882 -8.10191553553377 -5.38192304322345 -8.52727969945507 -5.72836427909074 -4.19910607078045 -1.30718969502955 -0.453013228963071 
-4.19541570183578 -1.43044216332549 -3.78199843738702 -13.759803769356 -20.0494223576505 -4.28470554521984 -1.2088525198258e-07 -0.430071820652504 -0.540143521241033 -6.76517314715993 -18.035267685497 -4.41491933791357 -2.15746092190424e-07 -12.3363087387287 -12.9168502870402 -12.1819578395869 -37.8528780468409 -7.26138771654991 -2.90346094580074e-07 -2.52618439079877 -45.9945725637924 -68.4007210215891 -37.941351930062 -18.9424792600666 -29.3785294511009 -13.2540436456484 -92.8309334638436 -12.1582475542109 -49.3342636126323 -5.98346831501559e-09 -62.5507926457954 -54.4580022166375 -8.68198409786064 -11.0811262907217 -43.3757232092288 -37.4417191983804 -33.5303478904453 -21.796130387268 -9.18206019341555 -9.20823541594539 
-7.60821216251498 -8.60820479698129 -42.3803174154085 -3.6299662554686 -1.31395403284672e-11 -3.21876917113828 -33.6277757058956 -29.5681365939785 -28.4208160946679 -28.2670697272193 -37.5466333472391 -58.316845596927 -77.3514512038253 -3.59414091812396 -18.0912157711442 -63.2085073693134 -17.0942787821539 -5.42260250261088 -24.7102792526414 -20.7595698594093 -26.3795698477589 -46.175801836364 -23.4444824037939 -92.9390191272959 -27.8855247513712 -23.3298790862839 -25.6090578322761 -2.67389515061461 -42.7754099880883 -68.4397145770866 -22.5256896907065 -18.4581758355691 -18.1684368101224 -19.1985085087218 -1.10367818710645e-09 -4.14026096645976 -74.341053590463 -64.088119764155 -16.2472832048467 -25.878600148282 
-2.90994747266197 -0.209947478354877 -4.48704200608922 -5.86975577920791 -8.46063414491412 -4.1215405082408 -5.00767783811623 -15.010329428688 -1.42674794735429e-09 -3.44275443638448 -1.49275793118355e-08 -13.8069094245333 -21.0668538545611 -0.385403082037456 -0.447049301626572 -11.1686879145477 -4.02050150159231 -4.22655787088222 -14.7390816155864 5.30386647073308e-08 -1.34996849913334 -3.84958136692171 -1.29188175212245 -3.81489823052649 -9.93274162721758 -0.484587024648566 -2.17623539157335 -24.8227145756319 -22.0158516019105 -18.1128579910762 -1.50363417811752 -0.703634179908117 -0.679999998860499 -2.77393038883494e-10 -92.9390191272959 -6.08019684182288 -52.4444268422163 -92.9390191272959 -28.4621978096579 -92.9390191272959 
-46.7914821310824 -52.1541881558652 -31.32544270941 -92.9390191272959 -92.9390191272959 -7.77334654918265 -16.7072765708597 -27.2085968290016 -0.239944161809057 -4.71703868909576 -5.69970463873472 -5.05108806369201 -3.59892973320584 -2.03003754280431 -4.73425934375105 -8.41921341629556 -92.9390191272959 -92.9390191272959 -2.85722441299372 -4.98861273452422 -2.89582629792976 -0.789931255889155 -1.03092006420595e-10 -0.911431809969041 -6.59178753662686 -8.40817907381344 -27.0852679903543 -53.0355932778746 -17.1028670486963 -24.1645032816126 -17.6888217702213 -68.8354418277725 -20.3880363656997 -10.1084924812747 -32.6859253613745 -23.9902080043508 -26.0094584516022 -5.79835757105506 -5.11149760006787 -4.15758490692436 
-9.16648292365861 -13.6158171671769 -14.5361039680362 -27.1305103745191 -13.3039044998564 -13.294263003492 -5.98990980320069 -4.66014172679345 -1.53720076325221 -0.91031696782845 -1.65870131733229 -3.19579707871767 -6.83395765007323 -26.7668306337065 -26.1484080506907 -25.6771174387668 -23.877404245469 -42.9371223825314 -50.9984583959963 -43.245381163194 -92.9390191272959 -92.9390191272959 -92.9390191272959 -92.9390191272959 -92.9390191272959 -92.9390191272959 -92.9390191272959 -92.9390191272959 -92.9390191272959 -92.9390191272959 -4.27452623598518 -18.731752507199 -80.9024631368077 -29.8337207488865 -26.8572538313582 -6.89369227802152 -12.8475215722393 -3.6282474493796 -92.9390191272959 -7.71645163655969 
-9.5221772819664 -10.1009502858967 -33.4440943551956 -10.4295107605073 -9.10861628339323 -8.20432835561651 -12.7306156477219 -7.58524732655967 -12.8953861135446 -40.7323445059434 -53.1426108026432 -92.4976206055237 -47.5253181904202 -15.6226237954781 -39.0088652152132 -8.7482870179367 -77.4094312510841 -12.8878807309805 -2.25604371131782 -5.06756862814093 -5.40002630431511 -3.61896473885236 -1.11900485753039 -0.51804861845066 -1.06706590423085 -26.8378092726808 -18.757298425135 -66.6347483922271 -37.0551855773124 -24.1686837088141 -17.7630021972487 -24.2643390377372 -21.0922167915096 -10.942672906811 -16.7737302891974 -36.0771783883858 -52.2948353439122 -26.3208842188525 -11.3163984111209 -14.786792757779 
-7.92053062376888 -6.46060232753861 -32.5487900333611 -52.311667996951 -59.0532908159736 -51.9002135818284 -1.52630578503058 -40.550791379148 -15.9687685231387 -33.9750669998823 -32.5229680438469 -6.65161774243174 -4.39992405102053 -25.3285296471872 -10.3140438393729 -39.7454234459143 -17.0961121249083 -50.2969664625831 -18.3281358186212 -9.23817604724859 -9.51817604672699 -36.3742642025818 -54.8170861371083 -1.93618088030104e-07 -23.9806535641192 -59.8309362405218 -39.6759182132097 -53.1278590056321 -5.83587052071331e-09 -23.5246086845607 -1.99869099239316 -44.3632897363829 -46.5044901596403 -92.9390191272959 -38.0999001867076 1.93144999877336e-05 -44.1157372816906 -0.983483770785835 -37.229941202284 -23.0253682748717 
-92.9390191272959 -30.1266429461058 -29.8018175670368 -7.42324424562321 -7.0454306226135 -12.6895649192129 -9.97992049638605 -8.59484865611151 -5.65042221660361 -1.97494265150158e-13 -2.50843167948942 -1.45413328646754 -16.0072883398339 -63.6586026370777 -0.189950045624641 -4.36704457358282 -5.449758347373 -18.4036341058513 -11.6696827640543 -4.75415692329018 -3.91415692503016 -5.34644567476244 -49.3193682896938 -13.9105376526921 -25.3414697007717 -16.3705799603012 -44.1115718637917 -52.153194680255 -42.8001174506833 -0.502194739432469 -1.56219473727016 -38.825317824758 -0.100304206077291 -0.900304204461892 -44.6403846835261 -70.2084695815005 -3.72755310310353 -51.1152047197532 -3.71001186721337 -71.9025902329043 
-19.8355544357758 -31.7563442329077 -13.0698300567077 -28.9779332153759 -34.2500856072585 -25.9380177901226 -64.7151945955994 -26.3899483963138 -32.6866741301304 -2.91044355362339 -24.3985294685958 -10.9440436576753 -6.19817587308209 -6.38824757342148 -37.8428300421515 -40.6445504551156 -1.31378554129539e-08 -59.4207926595875 -51.5678588282581 -31.7159907002843 5.14789291094357e-07 -3.76014287877972 
<G>
-253.872711147459 -743.212641906351 -308.186302036148 -292.556140709581 -375.749494965537 -496.498012087705 -617.01627070061 -298.542861951209 -718.808783351412 -469.014015731251 -329.731132509451 -541.819364383156 -824.700330414679 -218.769575600751 -562.057881073619 18.7530784773744 35.116532685237 -17.2295829521919 -65.8915624410203 -109.672061532922 -149.03159724602 121.738184801261 186.969620944838 -183.360918919594 -25.2528569978978 -82.6058602090104 -135.284615681654 -184.993036384289 -78.7012033070454 -417.357948995567 4.93629797704831 8.97400688493734 -0.2318351827132 -32.9092043431397 -57.9650168454906 -78.5077625658159 -100.159852474672 -33.4887456339825 8.42049329305783 9.43325396089257 
-267.726639825068 2.73519664890545 167.880837575204 -118.207127132021 -144.481752397512 -192.733638152505 -322.600391633886 -449.174449041641 -572.064370300392 -691.408310516181 -807.275347241422 -920.839798873637 -359.571448066184 -443.650874362244 -522.720156610264 -5384.54900897271 -563.25941688342 -936.870660248446 -276.941715906571 -487.762138232853 -606.289347930946 -515.788100771719 -805.534970501383 -501.056962575034 -715.507103095658 -237.494948988531 -693.100791451669 -910.887467528712 -468.866877114069 -726.028974964803 -1207.19472864387 -290.979609243391 -341.493934728646 -282.786797767652 -352.333146199318 -358.888189936876 -477.978845792193 -481.362219775794 -735.953116715906 -1229.3455972387 
-287.783407419411 -701.878400770335 -693.883825327601 -288.612338052836 -328.908306660246 -285.135799302717 -291.428614029139 -732.758428915592 -942.025540148719 -516.123045385263 -394.04722040783 -464.149179037456 -316.576989480599 -428.408912157913 -361.070055640241 -526.846179131011 -810.878437708845 -1090.51275875908 -203.08258896961 -849.2601186552 -545.680118914691 -760.995344240105 -257.528093861873 -254.072158163898 -328.475345747335 -601.184806410154 -499.85399638086 -536.24820477967 -568.060268843434 -770.630392138977 -1046.99394360118 -386.979544252316 -461.375824080109 -220.938080268062 -689.749901486241 -440.060255699069 -336.045263912698 -459.946896509204 -681.038723777103 -668.231745489858 
-285.928299991097 -645.436281784349 -526.291070529851 -1537.50049442215 -1302.99015213613 -37.8758454332213 -9.85545588618386 71.3663483111172 -151.678090465514 -208.934714219184 -218.981623720949 -980.477710857548 -1340.68642483619 -686.917077868795 -688.50724605545 -439.370220690588 -698.880955335959 -979.146513440689 -1339.35522741933 -685.585880451937 -517.497108193041 -248.201428288384 -335.608513264284 -458.174646506827 -717.002300018091 -709.196536552767 -256.3525795174 -195.03473849112 -222.896018116703 -679.980275153721 -667.035141760839 -562.193404219227 -1722.47505148494 -1383.29984843573 -729.069984449417 -285.69878200114 -500.688271092439 -776.960817906559 -647.532374738628 -1716.67796741426 
-524.42671712385 -400.882493634213 -727.215879543457 -702.971273909095 -1793.88465007661 -1536.00529515036 -1304.25731445658 -1177.09855994366 -1398.71516622868 -949.495232417 -27.3404263616764 -467.518948701817 -250.42304815256 -84.831584678427 -139.283330672754 -191.43249157365 -242.982980350787 -267.984078018863 -490.43443049153 -478.018891669992 -50.6819833436041 -50.0454445126207 -50.0075778058001 -39.4371830949571 -172.172539657788 -237.185785231627 -301.116815811975 -134.233446054623 -100.435745612116 -33.1132590840243 -635.237253072092 -332.900649281922 -218.898524468172 -341.673316472494 -184.946681467775 -527.313952903594 -464.830389549152 -48.9155062595291 0.833761670554423 -236.163751571673 
-691.76959403481 -909.556270111854 -467.535679697211 -289.648411826533 -340.162737311788 -357.556992520017 -476.647648375334 -480.031022358936 -700.547203353476 -692.552627910743 -327.577109243388 -283.804601885858 -392.716022990971 -462.817981620597 -315.24579206374 -201.751391552751 -847.928921238341 -544.348921497832 -759.664146823246 -18.4068815150847 -241.104766649788 -72.6515626794498 -124.316948000362 -173.265480411413 -225.322560487407 -135.425185354313 -259.502318343932 -467.570396874082 -28.715542016163 -26.5198988728814 -166.900339793045 -232.397269668276 -294.164023024206 -113.856560055949 -399.519020525969 -92.8147662201361 -232.606432958684 -323.82874897601 -60.2258609259006 -74.9722306516913 
-115.437007209417 -126.052377279412 -129.331873242063 -179.201474901085 -200.533150618438 -323.538201131949 -443.089374005957 -539.585940942878 -538.872139564044 -518.561242763378 -288.120790144824 -263.997715998777 -143.682161463196 -162.757391163828 -245.799226384387 -328.933165008662 -398.067386267501 -336.07065787394 -598.090119133384 -618.95229987284 -611.416783101328 -392.800529921909 -263.302499264419 -794.053444020299 -1254.38434603852 -775.586711574435 -1308.82807440402 -751.041154483077 -385.713270031191 -113.554821974795 23.7666628304685 30.2532247889799 -451.545176353732 -929.17589847807 -1400.81989936066 -419.488662751211 -198.278829278911 -271.931473569772 -191.974045711737 -36.7639078091097 
-24.5899606710523 -76.9924059324197 -94.715583144385 -146.104890965079 -210.712788781094 -891.559871793937 -897.816175243186 -871.011602424027 -436.95567865354 -431.090814669996 -421.32324870558 -886.763766796577 -883.012675928651 -5.90700315718172 -1.22457042351954 -123.766203028029 -124.634457359814 -195.479971222896 -260.884656262441 -110.815428108031 -24.4341928707745 -251.331460582489 -53.818697351192 -47.1018768834182 -10.4343060842741 -275.283972280461 4.01653388216503 -228.297585017508 -682.061359406143 -459.899771652308 -351.717100847602 -471.107092765405 -693.99351030247 -384.849856436806 -460.708277798797 -527.586617298348 -306.366488068901 -841.674564249013 -537.518918235549 -751.797980269081 
-109.54791812928 -32.5792935878836 -2.5289240480729 -487.7609619969 -969.167923673786 292.450455539615 278.472129679252 -475.344347995042 -696.644707854231 -258.325219392285 -83.2087480264347 -58.9608926512768 -113.458690347214 -163.627628068374 -211.954497715031 -312.721300221763 -215.565220800389 -142.930418568611 -65.6904461508316 -70.687076575902 -150.058139577231 -130.116118325642 -253.627737559765 -1401.52784495861 -497.515365490703 -482.98144838379 -339.76974645288 -311.216056953347 -408.354476121557 -206.534115536817 -385.64672839549 -176.651553502256 -180.702468919593 -261.28118972247 -244.312771933217 -335.435698115598 -193.695164539527 -383.756164757138 -106.526569021421 -93.1238894344142 
-335.778484515823 -467.787357594456 -23.469241313461 60.1018426601415 27.8308867778035 -617.103246957044 -637.436707674339 -338.323723014245 -312.441032223042 -176.115332112783 -530.381204554773 11.16606059591 -299.819674264939 -305.030424330396 -284.244988695982 -565.220104159049 50.1595396045473 -232.712723386904 -490.481187485332 -497.688278826494 -479.474830740738 -302.673127932583 -303.133644951184 -671.949198606583 -665.847348110122 -37.522101195536 -44.7752442383078 -49.9100089957049 -52.9033696165185 -51.7520770702069 -21.8645225632773 -116.860928005319 -231.447727418933 263.090861258269 268.617065481372 -48.7570643894291 4.01653388216503 -5.19380648994168 -352.089723399332 -342.879383027629 
-2312.17493729399 -2338.88492437246 -2282.24133108505 -283.354473080174 -280.130853950098 -454.702558570898 -459.630090669838 -798.387046889792 -438.09631558987 87.3172207249891 88.4467215635359 -7.13616296285775 8.95890653131852 -209.251717867258 -300.687127383286 12.6894867495777 21.5544393575892 -167.49754816964 -161.418723523985 -177.308690020254 20.5030431478488 19.0524145394558 70.4420748039438 -168.912129200995 -365.521688734416 0.678137941453725 -67.6581961634486 -122.72012720734 -177.056743946834 -56.8330716847241 16.2622475656538 -178.882322653688 -396.768951472069 -6.71089580142436 65.9644107654191 -19.1043509686789 -107.109772663467 -167.955339219377 -17.3897890417056 -250.434909891622 
-87.9826565376207 -383.874474951362 28.9791731402874 7.79539028452269 -538.55999275077 -236.131285557379 -268.515882732905 -722.27965712154 -500.118069367705 -391.958424414208 -511.14118367315 -734.211808017867 -425.597748723547 -501.456170085538 -568.334509585089 -347.114380355642 -881.89286196441 -577.737215950947 -792.016277984478 -16.8485737510468 10.5254763140654 -16.948050536145 -46.9426273362967 -109.94606683653 -324.96964076113 -114.090719963166 175.126080626099 159.098454032776 -345.892444862744 -569.332908925682 -554.085190439773 -172.219236109135 -526.983892610696 -412.006360374531 -114.144582769779 -228.238628973337 -574.245226278819 -559.204740451367 -177.937458244488 -531.965287516651 
-416.343031454311 -179.810938096967 -648.743730393826 -399.623888729586 -659.733295499523 -204.909115284419 -297.704249377783 -419.003960819182 -677.325045610311 -669.289023635321 -215.270748202837 -641.085899676949 -628.209843836885 -248.53134534444 -462.369541889024 -740.438105076035 -604.769656306006 -485.11787633097 -362.172324965092 -688.482685023531 -667.300517562923 -1449.14435893115 -1263.24456069443 -88.0660219803602 -29.4650981176142 -311.609160789769 -141.228320322334 -84.2392060248273 -204.738963488222 -158.226611363563 -283.994763988698 -405.388004937043 -327.719562047275 -228.315990941223 -224.24028208051 -295.977209372185 -359.539826337632 -159.365324858312 -127.888853390944 -255.499074090582 
-393.326908838525 -270.957003746005 -333.43878414626 11.3526759338041 -6.74309746330763 -28.0120759992872 -8.97272601259729 -40.6770077458293 -101.653513745079 -566.804224595224 -316.930372000481 -108.100751935477 -214.57324148096 -337.968305356928 -561.063381655771 -546.138025083152 -164.156941497681 -518.921597999242 -403.414471191734 -2250.00513978308 -478.441681439954 -569.750448776151 -654.358693491321 -728.375046779213 -14.4467708965084 185.414417010782 256.678626098001 -454.164776218125 -237.068875668868 -498.85916955646 -971.712591049669 -67.563017536468 -61.7418687065744 -128.389948359304 -131.303919211618 -309.385790244473 -253.478612988456 -513.664791704489 -507.516889506418 -70.1693301468665 
-19.972975119611 -828.685639046486 -463.582504192403 -30.1207195187501 -22.1686159529981 -47.2487005433248 -61.6924680373981 -74.9849429851597 -87.3563838958721 -97.8857567320824 -31.4233819928707 -60.2916048378024 -164.321545545989 -234.193245666353 -104.16332685112 -389.112156120405 -88.1407622711111 -300.75858871616 -580.761323381299 -815.307619656045 54.1707164828774 90.8165840420064 18.7912707248928 -319.983967965949 90.3978251955075 36.478846838891 -197.890373084705 -534.493288508743 -202.883816150205 -194.372220545442 -658.489658613343 -876.276334690386 -1135.74777018992 -1346.16617396936 -434.255744275743 -820.505997860854 -256.368476405065 -250.758138017492 -307.043982846764 -254.239432963442 
-427.186110244848 -500.926153321263 -342.992330846221 -318.576959621082 -248.935518010206 -324.27705709855 -328.56783461087 -443.367712953867 -457.651709769705 -218.691205817992 -243.440673617216 -362.183773700962 -317.044079474754 -2355.29474181158 -777.485350633207 -803.122149121709 -1001.7192649704 -1013.70173385759 -552.698815873458 -586.555843143796 -1133.8702206804 -871.543220633276 -719.621746614706 -654.677578593685 -839.504210274585 -370.897153344514 -383.436634109142 -450.545232117955 -478.971844463253 -441.13134498183 -561.672629445944 -593.687588642183 -360.357121606553 -386.499431651619 -430.459080236179 -474.906941770223 -557.903376920557 -282.886890679725 -291.299295508365 -854.086353662263 
-777.30186256284 -414.014964144262 -401.46587538765 -484.799088343894 -489.634517039209 -563.417622042029 -567.79253371882 -1223.14433538308 -824.126485284101 -783.407754436697 -773.432955813824 -811.089248487595 -414.294227465735 -370.766342804767 -814.988790622102 -1398.04831520556 -431.825215312064 -480.27384766387 -499.164071829735 -555.211234988812 -623.701384053198 -400.961548662137 -924.261569614599 -645.525256751009 -324.962259868475 -928.118473613232 -624.722680680374 -665.303256422543 -873.480467959615 -839.162923670753 -496.710030612253 -786.383622667619 -1074.90592217627 -129.001378147341 -93.2074670724423 -163.874255184787 -820.0680300247 -811.655625195657 -510.60846905784 -510.271050533301 
-726.384211401779 -725.586275858715 10.6807041947896 -270.344867305038 -776.742747015503 -409.659518887915 -224.142635504282 -324.663499180979 -454.198681018017 -584.51674178687 -712.301958953433 -419.83885350463 -513.196921573383 -322.796649286874 -420.232048939133 -512.991444883723 -597.047069176744 -671.063422464233 -940.941735629673 -1244.72896802864 -633.654573889758 20.8254050611387 -5.76090944808374 -483.115321361307 -1427.64671907662 -454.988591203485 -233.563830679451 -286.541922214176 -307.231806427841 -62.1468269201332 -116.460417808822 -169.162199132271 -220.850843014642 -117.977149428531 -51.3290684385532 -249.397921726084 -904.953410077326 -470.927240161702 -457.5446156011 -24.6584772004014 
-158.076424296229 -228.201408776661 -95.7026082642959 -354.975925766084 -370.37167672306 -721.175476755091 -84.2442778159884 -9.92193260559542 -613.266296692391 -312.150063001755 25.8910922657168 74.7716935539875 10.2806765545326 -50.5952818491408 -108.362750377168 -163.321065091629 10.6546066426538 -17.3744129003172 -43.7916228780486 41.9072453157008 -105.957721341889 -173.987353387751 -16.2837894217378 20.1346295329484 54.0776246191843 115.554741688658 114.546258797099 -7.48910931227607 -65.9013016664795 -120.882642231746 -175.04968834316 -219.987685991056 17.6480940547773 -28.6572569054447 66.2560301076226 -72.3239989589641 -162.228189387974 -247.527209631335 -381.445069586475 21.0340691101914 
-204.810675686459 -505.651026858976 -810.842836164322 -248.628600111349 -196.544822895767 -229.548103803042 -188.805394984033 -685.153946266179 -902.940622343223 -1125.80603295172 -1335.6487904578 -460.92003192858 -702.554112409258 -814.939172299445 -718.427517543409 -285.243245747304 -245.882087984273 -248.672607402033 -276.014270979682 -399.698674598075 -345.655712590659 -421.619284683439 -337.425505284812 -350.941344751386 -322.724698838184 -470.032000606703 -452.084884208296 -727.085237493367 -280.251027550835 -693.332883460683 -657.978223759139 -237.988977310236 -339.916471455326 -303.530408727855 -2308.23741375791 -763.280904358521 -780.417355708353 -983.830682547116 -991.687715972022 -538.356214493135 
-564.449721855006 -356.99204313191 -406.746515536155 -427.594648384126 -547.353053916425 -386.791150750127 -377.363599196039 -456.893109379753 -468.649340681027 -550.033966266121 -309.320919823299 -284.466048145812 -1232.29731229146 -769.755928584161 -762.313973563576 -785.129269463934 -464.457591823944 -535.250325981358 -413.172971662209 -386.526843878189 -744.284861000967 -913.914027338546 -611.439268443141 -642.943850773283 -851.213165713979 -823.807184849352 -523.481478280769 -492.985273125346 -787.954810894553 -807.513736858603 -1076.01659338468 -1080.49358698983 -195.13574378412 -814.708437121345 -842.925083034546 -538.654307766653 -504.796328375517 -753.048499054615 -721.700337414962 -222.488723562124 
-441.587873142326 -337.15841603904 -461.70477246132 -286.60396094972 -527.864739674718 19.3287247507319 52.7080236038205 41.4222545219001 -205.462914235407 -192.627053495936 -296.10958888623 17.8320444403251 55.8859830941289 59.0177272322741 -142.16911214675 -173.279166107558 49.4539777514318 44.5647044211553 42.4927307862334 -900.917779490109 -524.098929113905 -1642.2649181699 -501.523697644123 -470.762776196508 -264.360933219679 -718.124707608315 -495.96311985448 -387.527164689707 -506.917156607106 -730.056858504641 -420.636894427702 -496.495315790096 -563.373655289243 -690.6722227968 -1201.36149857983 -342.153526059797 -877.737912451184 -573.582266437721 -787.861328471253 -7.0324046777621 
22.8549942964986 -51.9872221667812 -95.3532559417691 -137.153531853531 -63.2110894917579 -37.422291983012 -118.008223249776 -96.7094666722509 -171.285650846179 -210.908904374341 -223.434811747479 -266.972459933504 -317.371656163926 -132.685428048064 -254.631289418961 -374.205488144012 -716.096342821651 -938.51635865131 -922.57325946705 -1364.45584972017 -473.580286446955 -471.250070332962 -932.041489369789 -99.6200807469976 -54.6502291407391 -180.66985748731 -254.870417582048 -377.149109951739 -453.00753131373 -525.481152589202 -398.878417924024 -94.5649324613301 -149.868634939887 -462.385246440445 26.9194383226347 -315.056393647478 -223.442344984383 -692.392321308119 -442.817804775458 -339.125174901973 
-462.888652392841 -683.750221151477 -670.966268715442 -288.824004173123 -650.058924786448 -528.841386948186 -1542.39389459996 -1306.18519238024 32.7381266337828 -388.644433005128 -465.193629894906 -215.022896639745 -263.165559479154 -253.106264149874 -537.851105702047 -296.433700897321 -226.913946490288 -297.430370436425 -280.288105222659 -1416.42448001392 -337.134539713636 -414.276486629629 -543.406413490478 -668.575893991451 -793.446038430342 -1028.97937728426 -1221.85738190335 -751.878648345624 -748.286615600244 -1220.06136553086 -398.25544575795 -455.892103745826 -340.779968726114 -374.971133726464 -327.975007238455 -457.333383969531 -622.865737251674 -742.328798602546 -835.91712518056 -2219.88109700501 
-1851.51451193418 -2956.32531358943 -3051.98596675121 -370.192295652072 -917.768675577169 -690.311142109494 -771.69277791918 -839.949678698897 -1277.48659614467 -2087.60458802741 -213.305453259318 -247.487554768977 -902.852398975465 -1205.41465610433 -594.621177347292 -137.171070936181 -228.902674752443 -463.601157432429 -229.032458694526 -407.582788915361 -475.81965361968 -318.852916883468 -209.741499812811 -1142.64353631499 -1352.55537137389 -718.885047051982 -835.875277128223 -266.633986005399 -269.60871223081 -734.319026606233 -442.555389512217 -516.295432588632 -358.36161011359 -344.996303020925 -475.001212217214 -600.838442395168 -724.649397690968 -841.414442602454 -959.745245377165 -684.118170898132 
-233.484838812407 -304.424528316616 -257.819841294312 -383.644289633351 -380.235617459879 -2550.78699945616 -844.384050618141 -1069.37781803594 -1039.05361859704 -616.074560665832 -738.411861502435 -856.167018003788 -971.596563561311 -1262.44075248885 -1751.2266781455 -869.713703324409 -433.559096758296 -483.566853523012 -811.921021717627 -491.553849254078 -411.781033234062 -505.681408172128 -627.69634709544 -746.027149870151 -861.756031489755 -396.687894459577 -484.750016814489 -569.358261530062 -304.15875702425 -998.997283561983 -692.368039696878 -684.98364930371 -875.239907547915 -425.389311133765 -388.294665285271 -394.511645036564 -398.656298203689 -1309.00252102349 -846.461137316185 -845.632206682356 
-839.0191822956 -1311.32813196732 -723.79337613443 -553.200328120078 -490.420220380651 -435.799948864394 -424.491667687142 -2486.65140158278 -942.868546902759 -853.931442212812 -1503.98177018443 -1591.23798775672 -1744.22125228185 -2152.19003008194 -543.580514903425 -620.590228812131 -688.274473093898 -463.80769888357 -1650.19283317224 -955.783536167581 -1235.09549530493 -671.014450359946 -819.263130912918 -2472.93049817742 -308.279381695584 -272.853884235989 -346.05351595022 -990.020563946407 -1287.56779074287 -687.614882603418 -744.10643536425 -564.277891772238 -904.035348773534 -802.213418953916 -1088.08774560625 -1369.35690207253 -509.431337022903 -144.73907102961 -178.85209498645 -834.19391334173 
-525.018631825299 -55.3641489523349 -496.80909309362 -339.899780161483 -279.252675525839 -109.217222822095 -162.817012331788 -215.26550929517 -262.487138097126 -295.82359380187 -977.407504044514 -955.938200637555 -1398.74182492773 -516.155567989162 -505.075528521587 -965.40643053989 -939.935362956293 -66.8934444074513 -71.1614118241992 -205.492207962287 -277.919777535745 -345.097453096973 -192.215062714066 -130.439691382915 -649.654357457228 -53.2160889549293 -662.984665451475 -360.786216766943 -209.176749393537 -1159.76263940972 -265.769899524044 -320.037438710719 -346.043362166892 -479.018606133188 -606.790007788866 -732.765393072458 -856.668451772286 -978.314977080698 -304.642656829157 -257.531401086315 
-402.754589108108 -586.77670068688 -716.365700667243 -1019.12696262911 -1524.57770668459 -2312.63291711721 -2398.64573873916 -1629.05467932136 -305.574229785117 -836.000825568302 -1142.4820825256 -525.513070549116 11.3526740999788 -59.4049385683072 4.01653388216503 -95.6606688673104 -20.3834562042029 -159.087369357216 0 -92.2092213137051 -13.4906773369713 6.13843366434506 12.8448448932165 0 0 0 -496.286659052945 -491.220971848367 -1398.03913051096 0 -39.1141771560181 61.9768653589012 -176.240866754917 -44.277640515984 -26.7906771254117 -4.40203168213022 -6.24409975663224 -369.651247444839 -15.3592533209452 -249.300894854119 
-18.9191390456584 53.7488436437159 -120.36649289227 -133.194021214502 -638.271809113726 -465.880884403102 -464.857950420449 -465.320770024054 -372.211271628404 -370.548805191393 -368.729762967696 -1528.26068885727 -1198.7830499927 -489.579754284245 -492.573114905462 -564.39642121548 -617.292435000948 -378.902100080163 0.000429692373469937 0.0180895867701884 -476.938410746813 -481.796865293055 -391.158035115238 -457.639015778924 -683.646075582324 -1568.99091330634 -548.014483777234 -386.107063283614 -418.944056064091 -2289.09829811164 -2514.96988081797 0.0125983422268189 -3421.74380740392 -6103.74744128533 -2165.34588792018 -2881.84474485232 -2481.6504959605 -3773.2024333862 -3780.30215294278 -2047.63576481734 
-2418.63645096429 -2243.07571527003 -4011.64409433499 -1314.99750474668 -776.139725581757 -1277.55461586715 -455.10691269594 -455.42393296499 -454.162852808086 -2030.54720469597 -522.388624410524 -474.212100677582 -1867.64577226335 -237.734701935811 -1443.81596861593 -680.906739840884 -2483.80174231325 -871.606348189473 -2161.07395439153 -1889.85659946705 -2147.11251724078 -2166.54396559535 -2268.743621826 -2329.85365112295 -872.387458978489 -2128.01185127464 -579.933345255927 -765.057745043594 -1004.58884205053 -362.04428532648 -613.121779551452 -707.792321123362 -803.19968992467 -1562.8912843682 -2514.86989555136 -2606.88654216861 -2553.65809859595 -533.383460446084 -579.877123257686 -725.060503043816 
-479.581001126505 -2287.72326984515 -625.017958654897 -774.830919214045 -2575.0448348244 -4157.14812603871 -2507.94773680377 -2499.51087149892 -599.373228185763 -272.077383847124 -2381.10101487298 -191.086799091605 -1006.38837382173 -58.8810371001184 -2192.77310693228 -2699.73203128554 -2.93507150944675e-15 -261.170297268233 -108.774561290463 -696.403020048612 -252.753646752646 -480.014217191276 -86.3684917989485 -181.96903938039 -185.653229079836 -183.350660941827 -974.669185609058 -34.6123172095738 -42.9706234148191 -58.5387497001803 -315.619646460376 -420.628129240599 -901.574023618536 -997.58885597183 0.0401005110696055 -140.794566239597 -191.295691004322 -427.112499187564 -219.797573199331 -203.431129477654 
-230.233964148046 -348.699380926948 -726.978559314593 -544.753767371557 -531.813239148876 -135.44357126158 -55.410918309888 -1048.27057266267 -1060.54491219087 -972.983840819448 -1214.28814559142 0.0102466976807683 -363.674531420471 -577.421436887138 -48.609231007404 -57.3116878114834 -51.8322121445789 -145.121202660512 -35.2728650677223 -19.5929374388427 -2135.87023130941 -2456.48143314047 -1184.07245819925 -616.06581503523 -478.770580748385 -484.987560499274 -558.652934883795 -767.130194953521 0 -1393.36433622599 -274.645252064271 -373.501190056303 -542.389604165812 -1272.01560685041 -408.523828522407 -873.186771781626 -1540.52387826425 -39.1383566559864 -39.4834442419217 -124.645600793621 
-27.5789874273997 -30.3579072288411 -103.667482349345 -1055.61534797954 -298.414121544056 -292.658550204475 -199.687440252393 -285.468369019323 -1459.79619101559 -197.475875714168 -193.580711393808 -468.465143091712 -1785.31761587642 -675.236795389071 -38.9987006607594 -40.840768734858 -63.8748046599146 -65.4405625231404 -840.634331910187 -45.0619003267132 -2199.62378342219 -5129.3694619125 -62.6763662310486 -231.42191341409 -410.686601254128 -85.0050229295599 -23.6077777050973 -562.054376784396 -754.026627549428 -13.298139992699 -1264.50905363005 -653.751269148339 -525.666375233197 -598.871232599192 -744.463871047061 -2168.87557804064 -2233.73312976262 -2189.09767698219 -2187.71403845497 -1871.1754623838 
-940.844723096963 -1334.48586267877 -2222.30500163546 -2151.15451667015 -2173.67192267289 -2272.27331194646 -2336.81218307471 -2131.54557532667 -1936.37186435735 -2148.41951106824 -1169.58856991768 -1477.77337476778 -723.393149615696 -1100.39157191581 -969.421137341902 -4169.90395936985 -1257.5886829557 -1111.67528693309 -1193.57324428232 -1019.88422203371 -1357.44785209162 -2159.92024996359 -414.854169482145 -673.264382374269 -1862.22013430675 -925.770833434867 -1306.29506779661 -2809.89455918504 -832.340083840342 -1310.66637550004 -2141.614268516 -2156.84236017855 -2263.31798386941 -2316.41662507581 -2122.59024724962 -335.751484448544 -664.246723758926 -1430.43545005159 -3536.39742236831 -1815.58788045019 
-2202.37514626443 -917.37808189379 -2534.72285659045 -2658.25628936518 -330.028043228667 -517.351723370082 -355.833103457894 -146.391376538794 -187.577817830088 -248.427594623367 -224.987145130585 -447.089154921759 -2251.19611745793 -2760.18131669335 -215.029932317811 -269.260898114851 -1150.98147134291 -1021.68120021811 -1177.03624318349 -718.911805138222 -2476.71296372342 -2168.94415487726 -5486.4696446096 -2871.17096192805 -2362.9923989396 -3057.00208738996 -5333.42228098651 -2099.15713878134 -1959.97439795141 -2029.01917063915 -2402.58947119379 -2140.06120486299 -3516.71296261006 -5130.79789841435 -1299.74157795289 -639.164620363747 -1248.90347565442 -371.395655889637 -2225.12151594875 -1867.21010765419 
-4487.56798237237 -3526.16446426976 -2268.05785345974 -2135.23258877821 -2146.99956715692 -2166.3463029486 -2268.30795721685 -2327.5059029514 -2127.97957982211 -1141.85570504035 -1044.96232461106 -1091.98420228614 -3228.17809022176 -1090.94772624879 -959.816110718431 -1306.30393417649 -1246.53302772343 -1100.32029563874 -706.072060995761 -505.483106259369 -1408.46703623153 -586.617727826193 -256.742988183292 -774.886610300502 -85.3876959798342 -184.410123377327 -461.212264763194 -369.325250670378 -2372.35205033698 -2494.50393205614 -391.321870316404 -568.159197667938 -449.657259751985 -595.447432383629 -1376.33751800412 -947.565644742103 0 -582.928476029568 -253.076762237834 -384.099553654488 
-156.686259431272 -330.812210274388 -478.139762152573 -76.379472618523 -75.7347487923464 -958.919211278447 -1537.18559307086 -33.1108153173867 -327.973158488825 -2364.587222926 -1542.67538933909 -2485.70294135288 0 -33.3525461896595 0 -77.4918253874407 -270.581064542128 -620.39172558158 -1147.16134247244 -389.508258456415 -554.62250106983 -486.974906514609 -486.963884002738 -428.080733034136 -2245.39313563974 -1376.52715517507 -2303.11821607272 -703.515868937461 -456.887073979959 -550.255902599083 0 0 -1396.52290464236 -3063.14979909691 -342.992715714964 -345.420327483346 -1256.1991546036 -564.861188212861 -520.820650192184 -594.716283085967 
-803.88431868348 0 -103.025455573105 -206.469001881668 -208.403173359795 -461.755090060484 -530.30322357597 -685.551668174482 -1576.04319043637 -542.736010879036 -388.15081098141 -2388.18425002679 -2515.40181895053 -155.348369221738 -152.907629023073 -811.784651590802 -456.053972137856 -454.211904063354 -2765.5076540472 -0.0244839302953786 -328.142370628668 -976.521336129148 -401.625462379195 -2928.14972972115 -631.189554696217 -1081.398848872 -658.91528058003 -1236.29785127353 -712.504656864086 -966.157596894976 -2476.41572293139 -1474.70120769112 -1391.29233195497 -752.23512958167 -630.965957670593 -297.52221113348 -129.275408805669 -224.498570799728 -1275.93143281496 -1469.41801809181 
-79.0068928218286 -2220.10605399474 -2535.1910516027 -1288.64612566177 -420.632685250043 -603.296271624046 
<G0>
-253.872711147459 -743.212641906351 -308.186302036148 -292.556140709581 -375.749494965537 -496.498012087705 -617.01627070061 -298.542861951209 -718.808783351412 -469.014015731251 -329.731132509451 -541.819364383156 -824.700330414679 -218.769575600751 -562.057881073619 18.7530784773744 35.116532685237 -17.2295829521919 -65.8915624410203 -109.672061532922 -149.03159724602 121.738184801261 186.969620944838 -183.360918919594 -25.2528569978978 -82.6058602090104 -135.284615681654 -184.993036384289 -78.7012033070454 -417.357948995567 4.93629797704831 8.97400688493734 -0.2318351827132 -32.9092043431397 -57.9650168454906 -78.5077625658159 -100.159852474672 -33.4887456339825 8.42049329305783 9.43325396089257 
-267.726639825068 2.73519664890545 167.880837575204 -118.207127132021 -144.481752397512 -192.733638152505 -322.600391633886 -449.174449041641 -572.064370300392 -691.408310516181 -807.275347241422 -920.839798873637 -359.571448066184 -443.650874362244 -522.720156610264 -5384.54900897271 -563.25941688342 -936.870660248446 -276.941715906571 -487.762138232853 -606.289347930946 -515.788100771719 -805.534970501383 -501.056962575034 -715.507103095658 -237.494948988531 -693.100791451669 -910.887467528712 -468.866877114069 -726.028974964803 -1207.19472864387 -290.979609243391 -341.493934728646 -282.786797767652 -352.333146199318 -358.888189936876 -477.978845792193 -481.362219775794 -735.953116715906 -1229.3455972387 
-287.783407419411 -701.878400770335 -693.883825327601 -288.612338052836 -328.908306660246 -285.135799302717 -291.428614029139 -732.758428915592 -942.025540148719 -516.123045385263 -394.04722040783 -464.149179037456 -316.576989480599 -428.408912157913 -361.070055640241 -526.846179131011 -810.878437708845 -1090.51275875908 -203.08258896961 -849.2601186552 -545.680118914691 -760.995344240105 -257.528093861873 -254.072158163898 -328.475345747335 -601.184806410154 -499.85399638086 -536.24820477967 -568.060268843434 -770.630392138977 -1046.99394360118 -386.979544252316 -461.375824080109 -220.938080268062 -689.749901486241 -440.060255699069 -336.045263912698 -459.946896509204 -681.038723777103 -668.231745489858 
-285.928299991097 -645.436281784349 -526.291070529851 -1537.50049442215 -1302.99015213613 -37.8758454332213 -9.85545588618386 71.3663483111172 -151.678090465514 -208.934714219184 -218.981623720949 -980.477710857548 -1340.68642483619 -686.917077868795 -688.50724605545 -439.370220690588 -698.880955335959 -979.146513440689 -1339.35522741933 -685.585880451937 -517.497108193041 -248.201428288384 -335.608513264284 -458.174646506827 -717.002300018091 -709.196536552767 -256.3525795174 -195.03473849112 -222.896018116703 -679.980275153721 -667.035141760839 -562.193404219227 -1722.47505148494 -1383.29984843573 -729.069984449417 -285.69878200114 -500.688271092439 -776.960817906559 -647.532374738628 -1716.67796741426 
-524.42671712385 -400.882493634213 -727.215879543457 -702.971273909095 -1793.88465007661 -1536.00529515036 -1304.25731445658 -1177.09855994366 -1398.71516622868 -949.495232417 -27.3404263616764 -467.518948701817 -250.42304815256 -84.831584678427 -139.283330672754 -191.43249157365 -242.982980350787 -267.984078018863 -490.43443049153 -478.018891669992 -50.6819833436041 -50.0454445126207 -50.0075778058001 -39.4371830949571 -172.172539657788 -237.185785231627 -301.116815811975 -134.233446054623 -100.435745612116 -33.1132590840243 -635.237253072092 -332.900649281922 -218.898524468172 -341.673316472494 -184.946681467775 -527.313952903594 -464.830389549152 -48.9155062595291 0.833761670554423 -236.163751571673 
-691.76959403481 -909.556270111854 -467.535679697211 -289.648411826533 -340.162737311788 -357.556992520017 -476.647648375334 -480.031022358936 -700.547203353476 -692.552627910743 -327.577109243388 -283.804601885858 -392.716022990971 -462.817981620597 -315.24579206374 -201.751391552751 -847.928921238341 -544.348921497832 -759.664146823246 -18.4068815150847 -241.104766649788 -72.6515626794498 -124.316948000362 -173.265480411413 -225.322560487407 -135.425185354313 -259.502318343932 -467.570396874082 -28.715542016163 -26.5198988728814 -166.900339793045 -232.397269668276 -294.164023024206 -113.856560055949 -399.519020525969 -92.8147662201361 -232.606432958684 -323.82874897601 -60.2258609259006 -74.9722306516913 
-115.437007209417 -126.052377279412 -129.331873242063 -179.201474901085 -200.533150618438 -323.538201131949 -443.089374005957 -539.585940942878 -538.872139564044 -518.561242763378 -288.120790144824 -263.997715998777 -143.682161463196 -162.757391163828 -245.799226384387 -328.933165008662 -398.067386267501 -336.07065787394 -598.090119133384 -618.95229987284 -611.416783101328 -392.800529921909 -263.302499264419 -794.053444020299 -1254.38434603852 -775.586711574435 -1308.82807440402 -751.041154483077 -385.713270031191 -113.554821974795 23.7666628304685 30.2532247889799 -451.545176353732 -929.17589847807 -1400.81989936066 -419.488662751211 -198.278829278911 -271.931473569772 -191.974045711737 -36.7639078091097 
-24.5899606710523 -76.9924059324197 -94.715583144385 -146.104890965079 -210.712788781094 -891.559871793937 -897.816175243186 -871.011602424027 -436.95567865354 -431.090814669996 -421.32324870558 -886.763766796577 -883.012675928651 -5.90700315718172 -1.22457042351954 -123.766203028029 -124.634457359814 -195.479971222896 -260.884656262441 -110.815428108031 -24.4341928707745 -251.331460582489 -53.818697351192 -47.1018768834182 -10.4343060842741 -275.283972280461 4.01653388216503 -228.297585017508 -682.061359406143 -459.899771652308 -351.717100847602 -471.107092765405 -693.99351030247 -384.849856436806 -460.708277798797 -527.586617298348 -306.366488068901 -841.674564249013 -537.518918235549 -751.797980269081 
-109.54791812928 -32.5792935878836 -2.5289240480729 -487.7609619969 -969.167923673786 292.450455539615 278.472129679252 -475.344347995042 -696.644707854231 -258.325219392285 -83.2087480264347 -58.9608926512768 -113.458690347214 -163.627628068374 -211.954497715031 -312.721300221763 -215.565220800389 -142.930418568611 -65.6904461508316 -70.687076575902 -150.058139577231 -130.116118325642 -253.627737559765 -1401.52784495861 -497.515365490703 -482.98144838379 -339.76974645288 -311.216056953347 -408.354476121557 -206.534115536817 -385.64672839549 -176.651553502256 -180.702468919593 -261.28118972247 -244.312771933217 -335.435698115598 -193.695164539527 -383.756164757138 -106.526569021421 -93.1238894344142 
-335.778484515823 -467.787357594456 -23.469241313461 60.1018426601415 27.8308867778035 -617.103246957044 -637.436707674339 -338.323723014245 -312.441032223042 -176.115332112783 -530.381204554773 11.16606059591 -299.819674264939 -305.030424330396 -284.244988695982 -565.220104159049 50.1595396045473 -232.712723386904 -490.481187485332 -497.688278826494 -479.474830740738 -302.673127932583 -303.133644951184 -671.949198606583 -665.847348110122 -37.522101195536 -44.7752442383078 -49.9100089957049 -52.9033696165185 -51.7520770702069 -21.8645225632773 -116.860928005319 -231.447727418933 263.090861258269 268.617065481372 -48.7570643894291 4.01653388216503 -5.19380648994168 -352.089723399332 -342.879383027629 
-2312.17493729399 -2338.88492437246 -2282.24133108505 -283.354473080174 -280.130853950098 -454.702558570898 -459.630090669838 -798.387046889792 -438.09631558987 87.3172207249891 88.4467215635359 -7.13616296285775 8.95890653131852 -209.251717867258 -300.687127383286 12.6894867495777 21.5544393575892 -167.49754816964 -161.418723523985 -177.308690020254 20.5030431478488 19.0524145394558 70.4420748039438 -168.912129200995 -365.521688734416 0.678137941453725 -67.6581961634486 -122.72012720734 -177.056743946834 -56.8330716847241 16.2622475656538 -178.882322653688 -396.768951472069 -6.71089580142436 65.9644107654191 -19.1043509686789 -107.109772663467 -167.955339219377 -17.3897890417056 -250.434909891622 
-87.9826565376207 -383.874474951362 28.9791731402874 7.79539028452269 -538.55999275077 -236.131285557379 -268.515882732905 -722.27965712154 -500.118069367705 -391.958424414208 -511.14118367315 -734.211808017867 -425.597748723547 -501.456170085538 -568.334509585089 -347.114380355642 -881.89286196441 -577.737215950947 -792.016277984478 -16.8485737510468 10.5254763140654 -16.948050536145 -46.9426273362967 -109.94606683653 -324.96964076113 -114.090719963166 175.126080626099 159.098454032776 -345.892444862744 -569.332908925682 -554.085190439773 -172.219236109135 -526.983892610696 -412.006360374531 -114.144582769779 -228.238628973337 -574.245226278819 -559.204740451367 -177.937458244488 -531.965287516651 
-416.343031454311 -179.810938096967 -648.743730393826 -399.623888729586 -659.733295499523 -204.909115284419 -297.704249377783 -419.003960819182 -677.325045610311 -669.289023635321 -215.270748202837 -641.085899676949 -628.209843836885 -248.53134534444 -462.369541889024 -740.438105076035 -604.769656306006 -485.11787633097 -362.172324965092 -688.482685023531 -667.300517562923 -1449.14435893115 -1263.24456069443 -88.0660219803602 -29.4650981176142 -311.609160789769 -141.228320322334 -84.2392060248273 -204.738963488222 -158.226611363563 -283.994763988698 -405.388004937043 -327.719562047275 -228.315990941223 -224.24028208051 -295.977209372185 -359.539826337632 -159.365324858312 -127.888853390944 -255.499074090582 
-393.326908838525 -270.957003746005 -333.43878414626 11.3526759338041 -6.74309746330763 -28.0120759992872 -8.97272601259729 -40.6770077458293 -101.653513745079 -566.804224595224 -316.930372000481 -108.100751935477 -214.57324148096 -337.968305356928 -561.063381655771 -546.138025083152 -164.156941497681 -518.921597999242 -403.414471191734 -2250.00513978308 -478.441681439954 -569.750448776151 -654.358693491321 -728.375046779213 -14.4467708965084 185.414417010782 256.678626098001 -454.164776218125 -237.068875668868 -498.85916955646 -971.712591049669 -67.563017536468 -61.7418687065744 -128.389948359304 -131.303919211618 -309.385790244473 -253.478612988456 -513.664791704489 -507.516889506418 -70.1693301468665 
-19.972975119611 -828.685639046486 -463.582504192403 -30.1207195187501 -22.1686159529981 -47.2487005433248 -61.6924680373981 -74.9849429851597 -87.3563838958721 -97.8857567320824 -31.4233819928707 -60.2916048378024 -164.321545545989 -234.193245666353 -104.16332685112 -389.112156120405 -88.1407622711111 -300.75858871616 -580.761323381299 -815.307619656045 54.1707164828774 90.8165840420064 18.7912707248928 -319.983967965949 90.3978251955075 36.478846838891 -197.890373084705 -534.493288508743 -202.883816150205 -194.372220545442 -658.489658613343 -876.276334690386 -1135.74777018992 -1346.16617396936 -434.255744275743 -820.505997860854 -256.368476405065 -250.758138017492 -307.043982846764 -254.239432963442 
-427.186110244848 -500.926153321263 -342.992330846221 -318.576959621082 -248.935518010206 -324.27705709855 -328.56783461087 -443.367712953867 -457.651709769705 -218.691205817992 -243.440673617216 -362.183773700962 -317.044079474754 -2355.29474181158 -777.485350633207 -803.122149121709 -1001.7192649704 -1013.70173385759 -552.698815873458 -586.555843143796 -1133.8702206804 -871.543220633276 -719.621746614706 -654.677578593685 -839.504210274585 -370.897153344514 -383.436634109142 -450.545232117955 -478.971844463253 -441.13134498183 -561.672629445944 -593.687588642183 -360.357121606553 -386.499431651619 -430.459080236179 -474.906941770223 -557.903376920557 -282.886890679725 -291.299295508365 -854.086353662263 
-777.30186256284 -414.014964144262 -401.46587538765 -484.799088343894 -489.634517039209 -563.417622042029 -567.79253371882 -1223.14433538308 -824.126485284101 -783.407754436697 -773.432955813824 -811.089248487595 -414.294227465735 -370.766342804767 -814.988790622102 -1398.04831520556 -431.825215312064 -480.27384766387 -499.164071829735 -555.211234988812 -623.701384053198 -400.961548662137 -924.261569614599 -645.525256751009 -324.962259868475 -928.118473613232 -624.722680680374 -665.303256422543 -873.480467959615 -839.162923670753 -496.710030612253 -786.383622667619 -1074.90592217627 -129.001378147341 -93.2074670724423 -163.874255184787 -820.0680300247 -811.655625195657 -510.60846905784 -510.271050533301 
-726.384211401779 -725.586275858715 10.6807041947896 -270.344867305038 -776.742747015503 -409.659518887915 -224.142635504282 -324.663499180979 -454.198681018017 -584.51674178687 -712.301958953433 -419.83885350463 -513.196921573383 -322.796649286874 -420.232048939133 -512.991444883723 -597.047069176744 -671.063422464233 -940.941735629673 -1244.72896802864 -633.654573889758 20.8254050611387 -5.76090944808374 -483.115321361307 -1427.64671907662 -454.988591203485 -233.563830679451 -286.541922214176 -307.231806427841 -62.1468269201332 -116.460417808822 -169.162199132271 -220.850843014642 -117.977149428531 -51.3290684385532 -249.397921726084 -904.953410077326 -470.927240161702 -457.5446156011 -24.6584772004014 
-158.076424296229 -228.201408776661 -95.7026082642959 -354.975925766084 -370.37167672306 -721.175476755091 -84.2442778159884 -9.92193260559542 -613.266296692391 -312.150063001755 25.8910922657168 74.7716935539875 10.2806765545326 -50.5952818491408 -108.362750377168 -163.321065091629 10.6546066426538 -17.3744129003172 -43.7916228780486 41.9072453157008 -105.957721341889 -173.987353387751 -16.2837894217378 20.1346295329484 54.0776246191843 115.554741688658 114.546258797099 -7.48910931227607 -65.9013016664795 -120.882642231746 -175.04968834316 -219.987685991056 17.6480940547773 -28.6572569054447 66.2560301076226 -72.3239989589641 -162.228189387974 -247.527209631335 -381.445069586475 21.0340691101914 
-204.810675686459 -505.651026858976 -810.842836164322 -248.628600111349 -196.544822895767 -229.548103803042 -188.805394984033 -685.153946266179 -902.940622343223 -1125.80603295172 -1335.6487904578 -460.92003192858 -702.554112409258 -814.939172299445 -718.427517543409 -285.243245747304 -245.882087984273 -248.672607402033 -276.014270979682 -399.698674598075 -345.655712590659 -421.619284683439 -337.425505284812 -350.941344751386 -322.724698838184 -470.032000606703 -452.084884208296 -727.085237493367 -280.251027550835 -693.332883460683 -657.978223759139 -237.988977310236 -339.916471455326 -303.530408727855 -2308.23741375791 -763.280904358521 -780.417355708353 -983.830682547116 -991.687715972022 -538.356214493135 
-564.449721855006 -356.99204313191 -406.746515536155 -427.594648384126 -547.353053916425 -386.791150750127 -377.363599196039 -456.893109379753 -468.649340681027 -550.033966266121 -309.320919823299 -284.466048145812 -1232.29731229146 -769.755928584161 -762.313973563576 -785.129269463934 -464.457591823944 -535.250325981358 -413.172971662209 -386.526843878189 -744.284861000967 -913.914027338546 -611.439268443141 -642.943850773283 -851.213165713979 -823.807184849352 -523.481478280769 -492.985273125346 -787.954810894553 -807.513736858603 -1076.01659338468 -1080.49358698983 -195.13574378412 -814.708437121345 -842.925083034546 -538.654307766653 -504.796328375517 -753.048499054615 -721.700337414962 -222.488723562124 
-441.587873142326 -337.15841603904 -461.70477246132 -286.60396094972 -527.864739674718 19.3287247507319 52.7080236038205 41.4222545219001 -205.462914235407 -192.627053495936 -296.10958888623 17.8320444403251 55.8859830941289 59.0177272322741 -142.16911214675 -173.279166107558 49.4539777514318 44.5647044211553 42.4927307862334 -900.917779490109 -524.098929113905 -1642.2649181699 -501.523697644123 -470.762776196508 -264.360933219679 -718.124707608315 -495.96311985448 -387.527164689707 -506.917156607106 -730.056858504641 -420.636894427702 -496.495315790096 -563.373655289243 -690.6722227968 -1201.36149857983 -342.153526059797 -877.737912451184 -573.582266437721 -787.861328471253 -7.0324046777621 
22.8549942964986 -51.9872221667812 -95.3532559417691 -137.153531853531 -63.2110894917579 -37.422291983012 -118.008223249776 -96.7094666722509 -171.285650846179 -210.908904374341 -223.434811747479 -266.972459933504 -317.371656163926 -132.685428048064 -254.631289418961 -374.205488144012 -716.096342821651 -938.51635865131 -922.57325946705 -1364.45584972017 -473.580286446955 -471.250070332962 -932.041489369789 -99.6200807469976 -54.6502291407391 -180.66985748731 -254.870417582048 -377.149109951739 -453.00753131373 -525.481152589202 -398.878417924024 -94.5649324613301 -149.868634939887 -462.385246440445 26.9194383226347 -315.056393647478 -223.442344984383 -692.392321308119 -442.817804775458 -339.125174901973 
-462.888652392841 -683.750221151477 -670.966268715442 -288.824004173123 -650.058924786448 -528.841386948186 -1542.39389459996 -1306.18519238024 32.7381266337828 -388.644433005128 -465.193629894906 -215.022896639745 -263.165559479154 -253.106264149874 -537.851105702047 -296.433700897321 -226.913946490288 -297.430370436425 -280.288105222659 -1416.42448001392 -337.134539713636 -414.276486629629 -543.406413490478 -668.575893991451 -793.446038430342 -1028.97937728426 -1221.85738190335 -751.878648345624 -748.286615600244 -1220.06136553086 -398.25544575795 -455.892103745826 -340.779968726114 -374.971133726464 -327.975007238455 -457.333383969531 -622.865737251674 -742.328798602546 -835.91712518056 -2219.88109700501 
-1851.51451193418 -2956.32531358943 -3051.98596675121 -370.192295652072 -917.768675577169 -690.311142109494 -771.69277791918 -839.949678698897 -1277.48659614467 -2087.60458802741 -213.305453259318 -247.487554768977 -902.852398975465 -1205.41465610433 -594.621177347292 -137.171070936181 -228.902674752443 -463.601157432429 -229.032458694526 -407.582788915361 -475.81965361968 -318.852916883468 -209.741499812811 -1142.64353631499 -1352.55537137389 -718.885047051982 -835.875277128223 -266.633986005399 -269.60871223081 -734.319026606233 -442.555389512217 -516.295432588632 -358.36161011359 -344.996303020925 -475.001212217214 -600.838442395168 -724.649397690968 -841.414442602454 -959.745245377165 -684.118170898132 
-233.484838812407 -304.424528316616 -257.819841294312 -383.644289633351 -380.235617459879 -2550.78699945616 -844.384050618141 -1069.37781803594 -1039.05361859704 -616.074560665832 -738.411861502435 -856.167018003788 -971.596563561311 -1262.44075248885 -1751.2266781455 -869.713703324409 -433.559096758296 -483.566853523012 -811.921021717627 -491.553849254078 -411.781033234062 -505.681408172128 -627.69634709544 -746.027149870151 -861.756031489755 -396.687894459577 -484.750016814489 -569.358261530062 -304.15875702425 -998.997283561983 -692.368039696878 -684.98364930371 -875.239907547915 -425.389311133765 -388.294665285271 -394.511645036564 -398.656298203689 -1309.00252102349 -846.461137316185 -845.632206682356 
-839.0191822956 -1311.32813196732 -723.79337613443 -553.200328120078 -490.420220380651 -435.799948864394 -424.491667687142 -2486.65140158278 -942.868546902759 -853.931442212812 -1503.98177018443 -1591.23798775672 -1744.22125228185 -2152.19003008194 -543.580514903425 -620.590228812131 -688.274473093898 -463.80769888357 -1650.19283317224 -955.783536167581 -1235.09549530493 -671.014450359946 -819.263130912918 -2472.93049817742 -308.279381695584 -272.853884235989 -346.05351595022 -990.020563946407 -1287.56779074287 -687.614882603418 -744.10643536425 -564.277891772238 -904.035348773534 -802.213418953916 -1088.08774560625 -1369.35690207253 -509.431337022903 -144.73907102961 -178.85209498645 -834.19391334173 
-525.018631825299 -55.3641489523349 -496.80909309362 -339.899780161483 -279.252675525839 -109.217222822095 -162.817012331788 -215.26550929517 -262.487138097126 -295.82359380187 -977.407504044514 -955.938200637555 -1398.74182492773 -516.155567989162 -505.075528521587 -965.40643053989 -939.935362956293 -66.8934444074513 -71.1614118241992 -205.492207962287 -277.919777535745 -345.097453096973 -192.215062714066 -130.439691382915 -649.654357457228 -53.2160889549293 -662.984665451475 -360.786216766943 -209.176749393537 -1159.76263940972 -265.769899524044 -320.037438710719 -346.043362166892 -479.018606133188 -606.790007788866 -732.765393072458 -856.668451772286 -978.314977080698 -304.642656829157 -257.531401086315 
-402.754589108108 -586.77670068688 -716.365700667243 -1019.12696262911 -1524.57770668459 -2312.63291711721 -2398.64573873916 -1629.05467932136 -305.574229785117 -836.000825568302 -1142.4820825256 -525.513070549116 11.3526740999788 -59.4049385683072 4.01653388216503 -95.6606688673104 -20.3834562042029 -159.087369357216 0 -92.2092213137051 -13.4906773369713 6.13843366434506 12.8448448932165 0 0 0 -496.286659052945 -491.220971848367 -1398.03913051096 0 -39.1141771560181 61.9768653589012 -176.240866754917 -44.277640515984 -26.7906771254117 -4.40203168213022 -6.24409975663224 -369.651247444839 -15.3592533209452 -249.300894854119 
-18.9191390456584 53.7488436437159 -120.36649289227 -133.194021214502 -638.271809113726 -465.880884403102 -464.857950420449 -465.320770024054 -372.211271628404 -370.548805191393 -368.729762967696 -1528.26068885727 -1198.7830499927 -489.579754284245 -492.573114905462 -564.39642121548 -617.292435000948 -378.902100080163 0.000429692373469937 0.0180895867701884 -476.938410746813 -481.796865293055 -391.158035115238 -457.639015778924 -683.646075582324 -1568.99091330634 -548.014483777234 -386.107063283614 -418.944056064091 -2289.09829811164 -2514.96988081797 0.0125983422268189 -3421.74380740392 -6103.74744128533 -2165.34588792018 -2881.84474485232 -2481.6504959605 -3773.2024333862 -3780.30215294278 -2047.63576481734 
-2418.63645096429 -2243.07571527003 -4011.64409433499 -1314.99750474668 -776.139725581757 -1277.55461586715 -455.10691269594 -455.42393296499 -454.162852808086 -2030.54720469597 -522.388624410524 -474.212100677582 -1867.64577226335 -237.734701935811 -1443.81596861593 -680.906739840884 -2483.80174231325 -871.606348189473 -2161.07395439153 -1889.85659946705 -2147.11251724078 -2166.54396559535 -2268.743621826 -2329.85365112295 -872.387458978489 -2128.01185127464 -579.933345255927 -765.057745043594 -1004.58884205053 -362.04428532648 -613.121779551452 -707.792321123362 -803.19968992467 -1562.8912843682 -2514.86989555136 -2606.88654216861 -2553.65809859595 -533.383460446084 -579.877123257686 -725.060503043816 
-479.581001126505 -2287.72326984515 -625.017958654897 -774.830919214045 -2575.0448348244 -4157.14812603871 -2507.94773680377 -2499.51087149892 -599.373228185763 -272.077383847124 -2381.10101487298 -191.086799091605 -1006.38837382173 -58.8810371001184 -2192.77310693228 -2699.73203128554 -2.93507150944675e-15 -261.170297268233 -108.774561290463 -696.403020048612 -252.753646752646 -480.014217191276 -86.3684917989485 -181.96903938039 -185.653229079836 -183.350660941827 -974.669185609058 -34.6123172095738 -42.9706234148191 -58.5387497001803 -315.619646460376 -420.628129240599 -901.574023618536 -997.58885597183 0.0401005110696055 -140.794566239597 -191.295691004322 -427.112499187564 -219.797573199331 -203.431129477654 
-230.233964148046 -348.699380926948 -726.978559314593 -544.753767371557 -531.813239148876 -135.44357126158 -55.410918309888 -1048.27057266267 -1060.54491219087 -972.983840819448 -1214.28814559142 0.0102466976807683 -363.674531420471 -577.421436887138 -48.609231007404 -57.3116878114834 -51.8322121445789 -145.121202660512 -35.2728650677223 -19.5929374388427 -2135.87023130941 -2456.48143314047 -1184.07245819925 -616.06581503523 -478.770580748385 -484.987560499274 -558.652934883795 -767.130194953521 0 -1393.36433622599 -274.645252064271 -373.501190056303 -542.389604165812 -1272.01560685041 -408.523828522407 -873.186771781626 -1540.52387826425 -39.1383566559864 -39.4834442419217 -124.645600793621 
-27.5789874273997 -30.3579072288411 -103.667482349345 -1055.61534797954 -298.414121544056 -292.658550204475 -199.687440252393 -285.468369019323 -1459.79619101559 -197.475875714168 -193.580711393808 -468.465143091712 -1785.31761587642 -675.236795389071 -38.9987006607594 -40.840768734858 -63.8748046599146 -65.4405625231404 -840.634331910187 -45.0619003267132 -2199.62378342219 -5129.3694619125 -62.6763662310486 -231.42191341409 -410.686601254128 -85.0050229295599 -23.6077777050973 -562.054376784396 -754.026627549428 -13.298139992699 -1264.50905363005 -653.751269148339 -525.666375233197 -598.871232599192 -744.463871047061 -2168.87557804064 -2233.73312976262 -2189.09767698219 -2187.71403845497 -1871.1754623838 
-940.844723096963 -1334.48586267877 -2222.30500163546 -2151.15451667015 -2173.67192267289 -2272.27331194646 -2336.81218307471 -2131.54557532667 -1936.37186435735 -2148.41951106824 -1169.58856991768 -1477.77337476778 -723.393149615696 -1100.39157191581 -969.421137341902 -4169.90395936985 -1257.5886829557 -1111.67528693309 -1193.57324428232 -1019.88422203371 -1357.44785209162 -2159.92024996359 -414.854169482145 -673.264382374269 -1862.22013430675 -925.770833434867 -1306.29506779661 -2809.89455918504 -832.340083840342 -1310.66637550004 -2141.614268516 -2156.84236017855 -2263.31798386941 -2316.41662507581 -2122.59024724962 -335.751484448544 -664.246723758926 -1430.43545005159 -3536.39742236831 -1815.58788045019 
-2202.37514626443 -917.37808189379 -2534.72285659045 -2658.25628936518 -330.028043228667 -517.351723370082 -355.833103457894 -146.391376538794 -187.577817830088 -248.427594623367 -224.987145130585 -447.089154921759 -2251.19611745793 -2760.18131669335 -215.029932317811 -269.260898114851 -1150.98147134291 -1021.68120021811 -1177.03624318349 -718.911805138222 -2476.71296372342 -2168.94415487726 -5486.4696446096 -2871.17096192805 -2362.9923989396 -3057.00208738996 -5333.42228098651 -2099.15713878134 -1959.97439795141 -2029.01917063915 -2402.58947119379 -2140.06120486299 -3516.71296261006 -5130.79789841435 -1299.74157795289 -639.164620363747 -1248.90347565442 -371.395655889637 -2225.12151594875 -1867.21010765419 
-4487.56798237237 -3526.16446426976 -2268.05785345974 -2135.23258877821 -2146.99956715692 -2166.3463029486 -2268.30795721685 -2327.5059029514 -2127.97957982211 -1141.85570504035 -1044.96232461106 -1091.98420228614 -3228.17809022176 -1090.94772624879 -959.816110718431 -1306.30393417649 -1246.53302772343 -1100.32029563874 -706.072060995761 -505.483106259369 -1408.46703623153 -586.617727826193 -256.742988183292 -774.886610300502 -85.3876959798342 -184.410123377327 -461.212264763194 -369.325250670378 -2372.35205033698 -2494.50393205614 -391.321870316404 -568.159197667938 -449.657259751985 -595.447432383629 -1376.33751800412 -947.565644742103 0 -582.928476029568 -253.076762237834 -384.099553654488 
-156.686259431272 -330.812210274388 -478.139762152573 -76.379472618523 -75.7347487923464 -958.919211278447 -1537.18559307086 -33.1108153173867 -327.973158488825 -2364.587222926 -1542.67538933909 -2485.70294135288 0 -33.3525461896595 0 -77.4918253874407 -270.581064542128 -620.39172558158 -1147.16134247244 -389.508258456415 -554.62250106983 -486.974906514609 -486.963884002738 -428.080733034136 -2245.39313563974 -1376.52715517507 -2303.11821607272 -703.515868937461 -456.887073979959 -550.255902599083 0 0 -1396.52290464236 -3063.14979909691 -342.992715714964 -345.420327483346 -1256.1991546036 -564.861188212861 -520.820650192184 -594.716283085967 
-803.88431868348 0 -103.025455573105 -206.469001881668 -208.403173359795 -461.755090060484 -530.30322357597 -685.551668174482 -1576.04319043637 -542.736010879036 -388.15081098141 -2388.18425002679 -2515.40181895053 -155.348369221738 -152.907629023073 -811.784651590802 -456.053972137856 -454.211904063354 -2765.5076540472 -0.0244839302953786 -328.142370628668 -976.521336129148 -401.625462379195 -2928.14972972115 -631.189554696217 -1081.398848872 -658.91528058003 -1236.29785127353 -712.504656864086 -966.157596894976 -2476.41572293139 -1474.70120769112 -1391.29233195497 -752.23512958167 -630.965957670593 -297.52221113348 -129.275408805669 -224.498570799728 -1275.93143281496 -1469.41801809181 
-79.0068928218286 -2220.10605399474 -2535.1910516027 -1288.64612566177 -420.632685250043 -603.296271624046 
<lnGam>
-0.798653076152118 0 -0.354956922426374 -0.0887090071240041 -0.354956922426374 -0.0887392303756679 0 0 -0.354956922426374 0 -0.354956922426374 -0.0887392306527786 -0.0881045328593374 -0.354956922426374 -0.0887392303756679 0 -0.088739230837519 0 -0.0888903494107226 -0.355259160496483 -0.799106433268541 -0.0880440853985301 -0.354050211888335 -0.0888903494107226 0 -0.0888903494107226 -0.355259160496483 -0.799106433268541 0 -0.0888903494107226 -0.0884369936911116 0 0 -0.0888903494107226 -0.355259160496483 -0.799106433268541 -0.0888903494107226 0 -0.0885881122643153 -0.354654686203668 
-0.0890716916918115 0 -0.355259160496483 -0.0888903494107226 -0.0888903494107226 -0.798653076775617 -0.354956923003688 -0.0887392307220562 0 -0.0888903494107226 -0.355259160496483 -0.799106433268541 -0.0887392307220562 0 -0.0888903494107226 -4.34822230824423 -1.41982769256897 -2.21848076976025 -0.354956923003688 0 -0.0888903494107226 0 -0.0888903494107226 -0.0887392307220562 -0.354956923003688 -0.798653077006542 -0.0891623628379856 -0.79934822297666 -0.0887392308144264 0 -0.799106433268541 -0.354956923003688 -0.0887392307220562 -0.0887090071240041 -0.355259160496483 -0.354956923003688 -0.0887392307220562 -0.354956922980595 -0.0887392303756679 -0.0888903494107226 
0 -0.354956923003688 -0.0887392307220562 -0.0888903494107226 -0.0887392307220562 -0.354956923003688 -0.088739230629686 -0.799650460145585 -2.22008262770359 -0.0892832577145633 -0.0887392314610178 0 -0.354956923442446 -0.0887694545510338 0 -0.0887392306527786 -0.0893739288157005 -0.79934822297666 -0.354956923003688 -0.0888903494107226 -0.0887392307220562 -0.354956922380189 -0.799106433268541 0 -0.0888903494107226 -0.088739230837519 -0.088739230837519 -0.088739230837519 -0.088739230837519 -0.088739230837519 -0.354956923350076 0 -0.0889507968377523 -0.354956923188428 -0.088739230837519 0 -0.0887392307220562 -0.0887392307220562 -0.0887392307220562 0 
-0.0887392307220562 -0.0888903494107226 0 0 -0.355259160496483 -0.0885881122643153 0 -0.0885276648372856 0 -0.355198713058194 -0.35495692302678 -0.798653076867987 -0.798653077537671 -0.354956923234613 -0.088739230837519 0 -0.0886485596969745 -0.798653076867987 -0.798653077537671 -0.354956923234613 0 -0.354987147063591 -0.0887392306065935 -0.0887392307220562 -0.0887392307220562 0 -0.0884067699832264 0 -0.0887392307220562 -0.0887392307220562 0 0 -1.4198276934234 -0.354956923811927 -0.0887392309991668 -0.0887392307220562 0 -0.355410279080946 -0.0888903494107226 -1.4198276934234 
0 0 -0.0887392307220562 0 -1.4198276934234 0 -0.355259160496483 -0.35495692311915 -1.4198276924766 0 -0.354956922818947 -0.355259160496483 0 -0.0887392305604084 0 -0.0889810205456375 -0.355259160496483 -0.0887392303756679 -0.0887392303756679 0 0 -0.0888903494107226 -0.355259160496483 -0.0887392303756679 0 -0.0888903494107226 -0.354352449057261 -0.798653076244488 -0.0887392307451488 -0.0888903494107226 -0.354654686203668 0 -0.798653076960357 -0.354956923003688 -0.354956923003688 -0.0887392307220562 -0.798882777758132 -0.0882678850647991 -0.0887388505476206 -0.798653077006542 
-0.0891623628379856 -0.79934822297666 -0.0887392308144264 -0.354956923003688 -0.0887392307220562 -0.354956923003688 -0.0887392307220562 -0.354956922980595 -0.354956923003688 -0.0887392307220562 -0.0887392307220562 -0.354956923003688 -0.0887392314610178 0 -0.354956923442446 -0.354956923003688 -0.0888903494107226 -0.0887392307220562 -0.354956922380189 -0.354956922980595 0 -0.088739230837519 0 -0.088739230837519 -0.354956923350076 -0.088739230837519 -0.088739230837519 0 0 -0.088739230837519 0 -0.088739230837519 -0.354956923350076 -0.798653077537671 -1.4198276934003 -0.088739230837519 0 0 -0.354956923350076 -0.798653076844894 
-0.354956923350076 -0.088739230837519 -0.354956923350076 -0.088739230837519 -0.354956923350076 -0.088739230837519 0 -0.354956923350076 -0.088739230837519 -0.354956923350076 -0.354956923350076 -0.088739230837519 -0.088739230837519 -0.354956923350076 -0.088739230837519 0 -0.088739230837519 -1.4198276934003 -2.21848077093797 -0.354956923350076 -0.798653077537671 0 0 -0.088739230837519 -0.354956923350076 -0.354956923350076 -1.4198276934003 -0.798653077537671 -0.088739230837519 -0.0887392307220562 -0.0887392305835009 -0.354956922611114 -0.088739230837519 0 -0.088739230837519 -0.353929317056794 0 -0.0884369936911116 -0.355259160496483 0 
-0.0887392301447424 0 -0.0888903494107226 -0.355259160496483 -0.0887392297752616 0 -0.0888601256915782 -0.355017370777105 0 -0.0887392306065935 0 -0.355138265631165 -0.0887180742369327 -0.0888903494107226 0 0 -0.0888903494107226 -0.0875302822518894 -0.354382672787665 -0.354956922680392 -0.798653076290673 -0.354956922588022 0 -0.0887392311839072 -0.355259160496483 0 -1.41886053456783 -0.798653076937264 -0.0922754052680861 -0.0887392307220562 -0.354956923003688 -0.0887392307220562 -0.354956923003688 -0.0887392307220562 0 -0.0888903494107226 -0.354956923003688 -0.0880743091289338 -0.0887392307220562 -0.354956922380189 
-0.0886787834104893 -0.354956922957502 -0.798653075782637 -0.354956923350076 -0.088739230837519 -0.799106433268541 -1.42043216769312 -0.35510804192328 -0.79934822297666 0 -0.0887392304680382 -0.354956921872153 -0.0887392296367064 0 -0.0888903494107226 -0.088739230837519 -0.798955314684078 -0.354987147063591 -0.0887090071240041 -0.354987147063591 -0.0887392307220562 -0.354956922287818 -0.0887392306065935 0 -0.0887392307220562 0 -0.0887392307220562 -0.354956922010708 0 -0.0887392307220562 -0.0887392307220562 0 -0.0887392298445393 0 -0.0888903494107226 -0.0888903494107226 -1.41982769109105 -2.21848076862872 -0.0887392307220562 -0.354956922726577 
0 0 0 -0.0887392303756679 -0.354956922218541 -0.0880138617131633 -0.355259160496483 0 -0.088739229913817 -0.0887392303756679 -0.354956923257706 0 -0.0887694545510338 0 -0.355259160496483 -0.088739230837519 0 -0.088739230837519 -0.0888903494107226 0 -0.355077818204135 0 -0.088739230837519 -0.088739230837519 -0.354956923350076 -0.356075200789531 -0.0897366134454336 0 -0.0887392313686476 -0.354956923811927 -0.798955314684078 0 -0.0890716916918115 -0.355259160496483 -0.799106433268541 0 -0.0888903494107226 0 0 -0.0888903494107226 
-3.19370559868894 -2.21772517808322 -4.34716448105978 0 -0.0889507968377523 -0.0889810205456375 0 -0.799106433268541 -0.355410279080946 0 -0.0888903494107226 0 -0.0884974411294004 -0.0888903494107226 -0.0887694545510338 0 -0.0888903494107226 0 -0.0888903494107226 -0.0887694545510338 -0.0888299019780634 0 -0.354956922564929 0 -0.354987147063591 -0.0887392304911307 0 -0.0885881122643153 -0.354715133641957 -0.798955314684078 -0.354987147063591 -0.0887392303756679 0 0 -0.354956923142243 -0.0887392311377221 0 -0.0888903494107226 -0.0887392306989637 -0.0888903494107226 
0 -0.0888903494107226 -0.355259160496483 -0.0884974411294004 -0.355259160496483 0 -0.798653076867987 -0.0922754052680861 -0.0887392307220562 -0.35495692293441 -0.0887392307220562 -0.354956923003688 -0.0887392307220562 0 -0.0888903494107226 -0.354956923003688 -0.0880743091289338 -0.0887392307220562 -0.354956922380189 -0.0884974411294004 0 -0.0888903494107226 -0.0889205731186079 -0.088739230837519 -0.0888903494107226 -0.799106433268541 -0.355259160496483 -0.799106433268541 0 0 -0.0888903494107226 0 -0.355259160496483 -0.0888903494107226 -0.0887392306065935 0 0 -0.0888903494107226 0 -0.355259160496483 
-0.0888903494107226 -0.354956922911317 -0.088739230837519 0 -0.0886485596969745 -0.354987147063591 -0.0887392308837041 -0.0887392307220562 -0.0887392307220562 0 -0.0884067699832264 -0.0887392307220562 0 -0.0887392307220562 0 -0.355410279080946 -0.0888903494107226 0 0 -0.0887392307220562 0 0 -0.355259160496483 -0.354956922472559 -0.798653076152118 0 -0.088739229913817 -0.354956922426374 -0.0887392303063903 -0.354956922426374 -0.0887392303756679 0 -0.0887392303756679 0 -0.0887392303756679 -0.0888903494107226 -0.355259160496483 -0.0887392303756679 -0.354956922426374 -0.0887392303756679 
0 0 -0.354836028496017 0 0 -0.0887392308606115 -0.0888601256915782 -0.0888601256915782 -0.0887653824531535 0 -0.0888903494107226 -0.799106433268541 0 0 0 -0.0888903494107226 0 -0.355259160496483 -0.0888903494107226 -5.67810182501558 -0.0887392307220562 0 -0.0839941075511013 -0.348972627882736 -0.354956922957502 -0.354397784630348 -0.797897484682912 -0.355259160496483 0 -0.0880743091289338 -1.42043216769312 -0.0887392297521691 -0.355259160496483 -0.798955314684078 -0.0887392307220562 0 -0.0887392307220562 -0.0887392305604084 0 -0.0888903494107226 
-0.0887392303756679 -0.0888903494107226 0 0 -0.0887392307220562 -0.354956923003688 -0.354956923003688 -0.354956923003688 -0.354956923003688 -0.354956923003688 -0.354956923003688 -0.0887392307220562 0 -0.0888903494107226 -0.798653076960357 -1.41982769240732 -0.0887392308606115 0 -0.355742739890202 -0.355259160496483 0 -0.0867444656216897 -0.0887392307220562 0 0 -0.0887392307220562 0 -0.0887392296828915 -0.798653076960357 -1.41982769259206 -0.0891623628379856 -0.79934822297666 -1.42043216769312 -3.19551902161242 -0.0887392308144264 -0.354987147063591 -0.354956923003688 -0.798653076960357 -0.0887392307220562 0 
-0.354987147063591 -0.798955314684078 -0.0887090071240041 -0.354987147063591 -0.0887090071240041 -0.354956923003688 -0.798653076960357 -0.0887392307220562 -0.354956923003688 -0.798653076960357 -0.798653076960357 -0.088739230629686 -0.354956923003688 -3.19600260102866 -0.355017370777105 -0.799650460145585 -1.42103664198593 -2.22008262770359 0 -0.0892832577145633 -0.088739230837519 -1.42103664198593 -0.799106433268541 -0.355259160496483 -0.355138265631165 -0.0887392307220562 -0.798048603244856 -1.41886053456783 0 -0.0887392307220562 0 -0.0887694545510338 -0.0887392307220562 -0.354956923003688 0 -0.0887392307220562 0 -0.354956923003688 -0.798653076960357 -0.355863634811816 
-0.354956923350076 -0.0892832577145633 -0.354745357349843 0 -0.0888903494107226 -0.0888903494107226 -0.355259160496483 -0.355259160496483 0 -0.0887392307220562 0 -0.0888903494107226 0 -0.0887392307220562 -0.354956923003688 -0.0887392307220562 0 0 -0.0887694545510338 -0.0893437051303337 -0.355319607912254 -0.0887392307220562 -0.799559788999411 -0.0899481794231485 0 -0.355259160496483 0 -0.0885276648372856 0 -0.0887392303756679 -0.354956922426374 0 -0.355259160496483 -0.354956923003688 -0.0887392307220562 -0.798653076960357 0 -0.0888903494107226 -0.0887392307220562 -0.354956923003688 
-0.354956923003688 -0.798653076521598 0 -0.355198713058194 -1.42061350994043 -0.79940867039243 -1.41982769259206 -0.798653076960357 -0.354956923003688 -0.0887392307220562 0 -0.354956923003688 -0.0887392307220562 -0.798653076960357 -0.354956923003688 -0.0887392307220562 0 -0.0888903494107226 -0.0880743091289338 -0.798562406397126 -0.0887392307220562 0 -0.354956923003688 -0.088739230837519 -0.088739230837519 -0.355561397642891 0 -0.0888903494107226 -0.0888903494107226 -0.0887392307451488 0 -0.0889810205456375 -0.355259160496483 -0.798955314684078 -0.354987147063591 -0.0887392303756679 -0.355259160496483 -0.0887392303756679 0 0 
0 -0.0887694545510338 -0.798653076752524 -0.354956924504703 -1.41982769374669 -1.41982769485513 -0.0887392309529817 -0.0884974411294004 -0.355289384204368 0 0 -0.354956921456487 -0.0887392303756679 0 -0.0887996782645486 -0.355259160496483 -0.354956921456487 -0.354956921456487 -0.354956921456487 -0.354956921456487 0 -0.0888903494107226 -0.0887392303756679 0 -0.354956922426374 -1.4198276915529 -0.355259160496483 -0.0887392303756679 0 -0.0888903494107226 -0.355259160496483 -0.355259160496483 -0.354956921733597 -0.0887392296828915 -0.798653075921192 -0.354956922426374 -0.0887392303756679 0 -0.355259160496483 -0.798653076152118 
-0.0888903494107226 0 -0.355259160496483 0 -0.354956922426374 -0.798653077006542 -1.41982769254588 -0.0890414679839263 -0.799106433268541 -1.42043216769312 -3.19551902161242 -0.0887392307220562 -0.0888903494107226 -0.354987147063591 0 -0.354956922449466 -0.798653075574804 0 -0.0887090071240041 -0.798955314684078 -0.354956923350076 -0.355017370777105 -0.0888903494107226 -0.354956923003688 -0.798653076960357 -0.0887392307220562 -0.354956923003688 -0.0887392307220562 0 -0.354956923003688 -1.41982769259206 -0.798653076960357 -0.0887392307220562 -0.354956922911317 -3.19349403271123 -0.355259160496483 -0.799106433268541 -1.42043216769312 -2.21923636379273 0 
-0.0892832577145633 -0.0887392300061871 0 -0.0887392307220562 0 -0.0887392307220562 -0.35495692311915 0 -0.0887392307220562 0 -0.354956923003688 -0.79865307707582 0 -0.0887392307220562 0 -0.354956923003688 0 -0.0888903494107226 0 -0.0887392307220562 -0.0888903494107226 -0.355259160496483 0 -0.0885276648372856 0 -0.0887392303756679 -0.0887392307220562 -0.354956922426374 0 -0.0888903494107226 -0.355259160496483 -0.799106433268541 -0.354956923003688 0 -0.0888903494107226 -0.0887392307220562 -0.354956923003688 -0.354956923003688 -0.79865307626758 -0.354956923211521 
0 -0.0887392307220562 -0.0887392307220562 -0.0887392307220562 0 0 -0.355259160496483 -0.0885881122643153 -0.355198713058194 -0.355198713058194 -0.355319607912254 0 -0.355259160496483 -0.0885881122643153 -0.355259160496483 -0.355319607912254 -0.355259160496483 -0.355259160496483 -0.35510804192328 -0.799106433268541 0 -1.4198276934003 -0.0888903494107226 -0.355168489350309 -0.798653076960357 -0.0922754052680861 -0.0887392307220562 -0.354956923003688 -0.0887392307220562 -0.354956923003688 -0.0887392307220562 0 -0.0888903494107226 -1.41982769259206 -1.41982769259206 -0.354956923003688 -0.0880743091289338 -0.0887392307220562 -0.354956922380189 -0.35495692302678 
-1.41982769178382 -0.0887392304911307 0 -0.0882556514212819 -0.0887392307451488 -0.798653076244488 0 -0.354956922218541 -0.0885276648372856 0 -0.355259160496483 -0.0888903494107226 -0.355259160496483 -0.0887392305142232 0 -0.0888903494107226 -0.355259160496483 0 -0.355259160496483 -1.42043216769312 -0.0887392303756679 0 -0.0888903494107226 0 -0.0887392304449456 0 -0.0880743091289338 0 -0.0888903494107226 -0.355259160496483 -0.354956923396261 -0.0887392309991668 0 -0.0888903494107226 -0.0887392312300923 0 -0.354956923072965 -0.088739230837519 0 -0.0887392307220562 
-0.0887392307220562 -0.0887392307220562 0 -0.0887392307220562 -0.0888903494107226 0 0 -0.355259160496483 -0.798653076960357 0 -0.0888903494107226 -0.0888903494107226 -0.355259160496483 -0.0888903494107226 -1.4171377828806 -0.354956924343056 0 -0.0889810205456375 -1.41982769282299 -3.19551902161242 -0.798653076105933 -0.798653076960357 -0.354956923003688 -0.0887392307220562 0 -0.355863634811816 -0.354956923003688 -0.798653076960357 -1.41982769259206 -0.798653076960357 -0.354956923003688 -0.0887392307220562 -0.798653076960357 -0.354956923003688 -0.798653076960357 -0.354956923049873 0 -3.19461230922698 -2.21848077026829 -1.41982769282299 
-5.67931077198473 -8.87392308183522 -7.18787769617637 -0.798653077098912 -0.355259160496483 0 -0.0888903494107226 -0.355259160496483 -2.21914569264656 -0.355259160496483 -0.354956923003688 -0.798653076960357 0 -0.355231959143624 -0.35495692302678 -0.798653076960357 -0.354956923003688 -1.41982769201475 -0.35495692302678 0 -0.0888903494107226 -0.0887392307220562 -1.41982769259206 -1.42009970683883 -3.19551902161242 -0.0888903494107226 -0.354987147063591 -0.79865307617521 0 -0.355259160496483 -0.355017370777105 -0.798955314684078 -0.0888903494107226 -0.798653076960357 -0.354956922657299 -0.0887392306065935 0 -0.0888903494107226 -0.355259160496483 -0.798653076960357 
-0.798653076960357 -0.354956923003688 -0.798653076960357 -0.0887392307220562 -0.354956922865132 -3.19349403271123 -0.355410279080946 -1.41985791711382 -2.22126135269393 0 -0.088739230837519 -0.355017370777105 -0.79940867039243 -0.088739230837519 -0.355259160496483 -0.0890716916918115 -0.0887392300754648 0 0 -0.798955314684078 -0.355621845058661 -0.0887392307220562 0 -0.0891623628379856 -0.355863634811816 -0.354956923003688 -0.0887392307220562 0 -0.798653076960357 0 -0.0887392307220562 0 0 -0.0892832577145633 -0.0887392303756679 0 -0.0888903494107226 0 -0.0887392307220562 -0.354956923003688 
0 -0.0887392307220562 0 -0.0887392307220562 0 -0.0887392307220562 -0.0887392307220562 -3.19434029671216 -0.35495692175669 -0.798653076960357 -0.354956922195448 -0.0887392289670224 -0.0888903494107226 -0.0887392307220562 0 -0.0894645999618746 -0.354926699636561 -0.0887392307220562 -0.0887392307220562 -0.35550095022712 -1.41985791711382 0 -0.0890112442760411 -3.19349403271123 0 -0.088739230837519 -0.0887392307220562 -0.355319607912254 -1.42061350994043 0 -0.355259160496483 0 -0.0887392301447424 0 -0.355259160496483 -1.42043216769312 -0.354956922426374 -0.354956923003688 -0.798653076960357 0 
-0.354956923003688 -0.354956922541837 -0.355259160496483 -0.354956922426374 0 -0.0887392302832978 0 -0.0882254276908783 -0.355259160496483 -0.0887392297983542 0 -0.355259160496483 -1.42043216769312 -0.0887392303756679 0 -0.0888903494107226 -0.799106433268541 0 -0.0888903494107226 0 -0.0885276648372856 -0.354564015080013 -0.798653075551711 -0.0887392303987605 -0.355259160496483 -0.0888903494107226 -0.353808422225254 0 -1.41982769263825 -1.42009970683883 -0.798653075528619 -0.354956921410302 -0.798653076960357 -0.354956923003688 -0.0887392307220562 0 -0.0891623628379856 -0.355410279080946 -0.354956923003688 -0.798653076960357 
-0.354956923003688 0 -0.355259160496483 -5.67931077283916 -0.798653076960357 -0.0887392307220562 0 -5.67931077186927 -0.798653076960357 0 -0.355259160496483 -0.354956923003688 0 -0.0886183359834597 -0.0887392305604084 0 0 0 0 0 0 0 0 0 0 0 0 0 0 0 0 0 0 0 0 0 0 0 0 0 
0 0 0 0 0 0 0 0 0 0 0 0 0 0 0 0 0 0 0 0 0 0 0 0 0 0 0 0 0 0 0 0 0 0 0 0 0 0 0 0 
0 0 0 0 0 0 0 0 0 0 0 0 0 0 0 0 0 0 0 0 0 0 0 0 0 0 0 0 0 0 0 0 0 0 0 0 0 0 0 0 
0 0 0 0 0 0 0 0 0 0 0 0 0 0 0 0 0 0 0 0 0 0 0 0 0 0 0 0 0 0 0 0 0 0 0 0 0 0 0 0 
0 0 0 0 0 0 0 0 0 0 0 0 0 0 0 0 0 0 0 0 0 0 0 0 0 0 0 0 0 0 0 0 0 0 0 0 0 0 0 0 
0 0 0 0 0 0 0 0 0 0 0 0 0 0 0 0 0 0 0 0 0 0 0 0 0 0 0 0 0 0 0 0 0 0 0 0 0 0 0 0 
0 0 0 0 0 0 0 0 0 0 0 0 0 0 0 0 0 0 0 0 0 0 0 0 0 0 0 0 0 0 0 0 0 0 0 0 0 0 0 0 
0 0 0 0 0 0 0 0 0 0 0 0 0 0 0 0 0 0 0 0 0 0 0 0 0 0 0 0 0 0 0 0 0 0 0 0 0 0 0 0 
0 0 0 0 0 0 0 0 0 0 0 0 0 0 0 0 0 0 0 0 0 0 0 0 0 0 0 0 0 0 0 0 0 0 0 0 0 0 0 0 
0 0 0 0 0 0 0 0 0 0 0 0 0 0 0 0 0 0 0 0 0 0 0 0 0 0 0 0 0 0 0 0 0 0 0 0 0 0 0 0 
0 0 0 0 0 0 0 0 0 0 0 0 0 0 0 0 0 0 0 0 0 0 0 0 0 0 0 0 0 0 0 0 0 0 0 0 0 0 0 0 
0 0 0 0 0 0 
<lnGmo>
-0.798802433236515 -0.000149357084397006 -0.355106279510771 -0.0888583642084012 -0.355106279510771 -0.0888885874600649 -0.000149357084397006 -0.000149357084397006 -0.355106279510771 -0.000149357084397006 -0.355106279510771 -0.0888885877371756 -0.0882538899437344 -0.355106279510771 -0.0888885874600649 -0.000149357084397006 -0.088888587921916 -0.000149357084397006 -0.0890397064951196 -0.35540851758088 -0.799255790352938 -0.0881934424829272 -0.354199568972732 -0.0890397064951196 -0.000149357084397006 -0.0890397064951196 -0.35540851758088 -0.799255790352938 -0.000149357084397006 -0.0890397064951196 -0.0885863507755086 -0.000149357084397006 -0.000149357084397006 -0.0890397064951196 -0.35540851758088 -0.799255790352938 -0.0890397064951196 -0.000149357084397006 -0.0887374693487123 -0.354804043288065 
-0.0892210487762086 -0.000149357084397006 -0.35540851758088 -0.0890397064951196 -0.0890397064951196 -0.798802433860014 -0.355106280088085 -0.0888885878064532 -0.000149357084397006 -0.0890397064951196 -0.35540851758088 -0.799255790352938 -0.0888885878064532 -0.000149357084397006 -0.0890397064951196 -4.34837166532863 -1.41997704965337 -2.21863012684465 -0.355106280088085 -0.000149357084397006 -0.0890397064951196 -0.000149357084397006 -0.0890397064951196 -0.0888885878064532 -0.355106280088085 -0.798802434090939 -0.0893117199223826 -0.799497580061057 -0.0888885878988234 -0.000149357084397006 -0.799255790352938 -0.355106280088085 -0.0888885878064532 -0.0888583642084012 -0.35540851758088 -0.355106280088085 -0.0888885878064532 -0.355106280064992 -0.0888885874600649 -0.0890397064951196 
-0.000149357084397006 -0.355106280088085 -0.0888885878064532 -0.0890397064951196 -0.0888885878064532 -0.355106280088085 -0.088888587714083 -0.799799817229982 -2.22023198478799 -0.0894326147989603 -0.0888885885454148 -0.000149357084397006 -0.355106280526843 -0.0889188116354308 -0.000149357084397006 -0.0888885877371756 -0.0895232859000975 -0.799497580061057 -0.355106280088085 -0.0890397064951196 -0.0888885878064532 -0.355106279464586 -0.799255790352938 -0.000149357084397006 -0.0890397064951196 -0.088888587921916 -0.088888587921916 -0.088888587921916 -0.088888587921916 -0.088888587921916 -0.355106280434473 -0.000149357084397006 -0.0891001539221493 -0.355106280272825 -0.088888587921916 -0.000149357084397006 -0.0888885878064532 -0.0888885878064532 -0.0888885878064532 -0.000149357084397006 
-0.0888885878064532 -0.0890397064951196 -0.000149357084397006 -0.000149357084397006 -0.35540851758088 -0.0887374693487123 -0.000149357084397006 -0.0886770219216826 -0.000149357084397006 -0.355348070142591 -0.355106280111177 -0.798802433952384 -0.798802434622068 -0.35510628031901 -0.088888587921916 -0.000149357084397006 -0.0887979167813715 -0.798802433952384 -0.798802434622068 -0.35510628031901 -0.000149357084397006 -0.355136504147988 -0.0888885876909905 -0.0888885878064532 -0.0888885878064532 -0.000149357084397006 -0.0885561270676234 -0.000149357084397006 -0.0888885878064532 -0.0888885878064532 -0.000149357084397006 -0.000149357084397006 -1.41997705050779 -0.355106280896324 -0.0888885880835638 -0.0888885878064532 -0.000149357084397006 -0.355559636165343 -0.0890397064951196 -1.41997705050779 
-0.000149357084397006 -0.000149357084397006 -0.0888885878064532 -0.000149357084397006 -1.41997705050779 -0.000149357084397006 -0.35540851758088 -0.355106280203547 -1.419977049561 -0.000149357084397006 -0.355106279903344 -0.35540851758088 -0.000149357084397006 -0.0888885876448054 -0.000149357084397006 -0.0891303776300345 -0.35540851758088 -0.0888885874600649 -0.0888885874600649 -0.000149357084397006 -0.000149357084397006 -0.0890397064951196 -0.35540851758088 -0.0888885874600649 -0.000149357084397006 -0.0890397064951196 -0.354501806141658 -0.798802433328885 -0.0888885878295458 -0.0890397064951196 -0.354804043288065 -0.000149357084397006 -0.798802434044754 -0.355106280088085 -0.355106280088085 -0.0888885878064532 -0.799032134842529 -0.0884172421491961 -0.0888882076320176 -0.798802434090939 
-0.0893117199223826 -0.799497580061057 -0.0888885878988234 -0.355106280088085 -0.0888885878064532 -0.355106280088085 -0.0888885878064532 -0.355106280064992 -0.355106280088085 -0.0888885878064532 -0.0888885878064532 -0.355106280088085 -0.0888885885454148 -0.000149357084397006 -0.355106280526843 -0.355106280088085 -0.0890397064951196 -0.0888885878064532 -0.355106279464586 -0.355106280064992 -0.000149357084397006 -0.088888587921916 -0.000149357084397006 -0.088888587921916 -0.355106280434473 -0.088888587921916 -0.088888587921916 -0.000149357084397006 -0.000149357084397006 -0.088888587921916 -0.000149357084397006 -0.088888587921916 -0.355106280434473 -0.798802434622068 -1.4199770504847 -0.088888587921916 -0.000149357084397006 -0.000149357084397006 -0.355106280434473 -0.798802433929291 
-0.355106280434473 -0.088888587921916 -0.355106280434473 -0.088888587921916 -0.355106280434473 -0.088888587921916 -0.000149357084397006 -0.355106280434473 -0.088888587921916 -0.355106280434473 -0.355106280434473 -0.088888587921916 -0.088888587921916 -0.355106280434473 -0.088888587921916 -0.000149357084397006 -0.088888587921916 -1.4199770504847 -2.21863012802237 -0.355106280434473 -0.798802434622068 -0.000149357084397006 -0.000149357084397006 -0.088888587921916 -0.355106280434473 -0.355106280434473 -1.4199770504847 -0.798802434622068 -0.088888587921916 -0.0888885878064532 -0.0888885876678979 -0.355106279695511 -0.088888587921916 -0.000149357084397006 -0.088888587921916 -0.354078674141191 -0.000149357084397006 -0.0885863507755086 -0.35540851758088 -0.000149357084397006 
-0.0888885872291394 -0.000149357084397006 -0.0890397064951196 -0.35540851758088 -0.0888885868596586 -0.000149357084397006 -0.0890094827759752 -0.355166727861502 -0.000149357084397006 -0.0888885876909905 -0.000149357084397006 -0.355287622715562 -0.0888674313213297 -0.0890397064951196 -0.000149357084397006 -0.000149357084397006 -0.0890397064951196 -0.0876796393362864 -0.354532029872062 -0.355106279764789 -0.79880243337507 -0.355106279672419 -0.000149357084397006 -0.0888885882683042 -0.35540851758088 -0.000149357084397006 -1.41900989165223 -0.798802434021661 -0.0924247623524831 -0.0888885878064532 -0.355106280088085 -0.0888885878064532 -0.355106280088085 -0.0888885878064532 -0.000149357084397006 -0.0890397064951196 -0.355106280088085 -0.0882236662133308 -0.0888885878064532 -0.355106279464586 
-0.0888281404948863 -0.355106280041899 -0.798802432867034 -0.355106280434473 -0.088888587921916 -0.799255790352938 -1.42058152477752 -0.355257399007677 -0.799497580061057 -0.000149357084397006 -0.0888885875524352 -0.35510627895655 -0.0888885867211034 -0.000149357084397006 -0.0890397064951196 -0.088888587921916 -0.799104671768475 -0.355136504147988 -0.0888583642084012 -0.355136504147988 -0.0888885878064532 -0.355106279372216 -0.0888885876909905 -0.000149357084397006 -0.0888885878064532 -0.000149357084397006 -0.0888885878064532 -0.355106279095105 -0.000149357084397006 -0.0888885878064532 -0.0888885878064532 -0.000149357084397006 -0.0888885869289363 -0.000149357084397006 -0.0890397064951196 -0.0890397064951196 -1.41997704817545 -2.21863012571312 -0.0888885878064532 -0.355106279810974 
-0.000149357084397006 -0.000149357084397006 -0.000149357084397006 -0.0888885874600649 -0.355106279302938 -0.0881632187975604 -0.35540851758088 -0.000149357084397006 -0.088888586998214 -0.0888885874600649 -0.355106280342103 -0.000149357084397006 -0.0889188116354308 -0.000149357084397006 -0.35540851758088 -0.088888587921916 -0.000149357084397006 -0.088888587921916 -0.0890397064951196 -0.000149357084397006 -0.355227175288532 -0.000149357084397006 -0.088888587921916 -0.088888587921916 -0.355106280434473 -0.356224557873928 -0.0898859705298306 -0.000149357084397006 -0.0888885884530446 -0.355106280896324 -0.799104671768475 -0.000149357084397006 -0.0892210487762086 -0.35540851758088 -0.799255790352938 -0.000149357084397006 -0.0890397064951196 -0.000149357084397006 -0.000149357084397006 -0.0890397064951196 
-3.19385495577334 -2.21787453516761 -4.34731383814418 -0.000149357084397006 -0.0891001539221493 -0.0891303776300345 -0.000149357084397006 -0.799255790352938 -0.355559636165343 -0.000149357084397006 -0.0890397064951196 -0.000149357084397006 -0.0886467982137974 -0.0890397064951196 -0.0889188116354308 -0.000149357084397006 -0.0890397064951196 -0.000149357084397006 -0.0890397064951196 -0.0889188116354308 -0.0889792590624604 -0.000149357084397006 -0.355106279649326 -0.000149357084397006 -0.355136504147988 -0.0888885875755277 -0.000149357084397006 -0.0887374693487123 -0.354864490726354 -0.799104671768475 -0.355136504147988 -0.0888885874600649 -0.000149357084397006 -0.000149357084397006 -0.35510628022664 -0.0888885882221191 -0.000149357084397006 -0.0890397064951196 -0.0888885877833607 -0.0890397064951196 
-0.000149357084397006 -0.0890397064951196 -0.35540851758088 -0.0886467982137974 -0.35540851758088 -0.000149357084397006 -0.798802433952384 -0.0924247623524831 -0.0888885878064532 -0.355106280018807 -0.0888885878064532 -0.355106280088085 -0.0888885878064532 -0.000149357084397006 -0.0890397064951196 -0.355106280088085 -0.0882236662133308 -0.0888885878064532 -0.355106279464586 -0.0886467982137974 -0.000149357084397006 -0.0890397064951196 -0.0890699302030049 -0.088888587921916 -0.0890397064951196 -0.799255790352938 -0.35540851758088 -0.799255790352938 -0.000149357084397006 -0.000149357084397006 -0.0890397064951196 -0.000149357084397006 -0.35540851758088 -0.0890397064951196 -0.0888885876909905 -0.000149357084397006 -0.000149357084397006 -0.0890397064951196 -0.000149357084397006 -0.35540851758088 
-0.0890397064951196 -0.355106279995714 -0.088888587921916 -0.000149357084397006 -0.0887979167813715 -0.355136504147988 -0.0888885879681011 -0.0888885878064532 -0.0888885878064532 -0.000149357084397006 -0.0885561270676234 -0.0888885878064532 -0.000149357084397006 -0.0888885878064532 -0.000149357084397006 -0.355559636165343 -0.0890397064951196 -0.000149357084397006 -0.000149357084397006 -0.0888885878064532 -0.000149357084397006 -0.000149357084397006 -0.35540851758088 -0.355106279556956 -0.798802433236515 -0.000149357084397006 -0.088888586998214 -0.355106279510771 -0.0888885873907873 -0.355106279510771 -0.0888885874600649 -0.000149357084397006 -0.0888885874600649 -0.000149357084397006 -0.0888885874600649 -0.0890397064951196 -0.35540851758088 -0.0888885874600649 -0.355106279510771 -0.0888885874600649 
-0.000149357084397006 -0.000149357084397006 -0.354985385580414 -0.000149357084397006 -0.000149357084397006 -0.0888885879450085 -0.0890094827759752 -0.0890094827759752 -0.0889147395375505 -0.000149357084397006 -0.0890397064951196 -0.799255790352938 -0.000149357084397006 -0.000149357084397006 -0.000149357084397006 -0.0890397064951196 -0.000149357084397006 -0.35540851758088 -0.0890397064951196 -5.67825118209998 -0.0888885878064532 -0.000149357084397006 -0.0841434646354983 -0.349121984967133 -0.355106280041899 -0.354547141714745 -0.798046841767309 -0.35540851758088 -0.000149357084397006 -0.0882236662133308 -1.42058152477752 -0.0888885868365661 -0.35540851758088 -0.799104671768475 -0.0888885878064532 -0.000149357084397006 -0.0888885878064532 -0.0888885876448054 -0.000149357084397006 -0.0890397064951196 
-0.0888885874600649 -0.0890397064951196 -0.000149357084397006 -0.000149357084397006 -0.0888885878064532 -0.355106280088085 -0.355106280088085 -0.355106280088085 -0.355106280088085 -0.355106280088085 -0.355106280088085 -0.0888885878064532 -0.000149357084397006 -0.0890397064951196 -0.798802434044754 -1.41997704949172 -0.0888885879450085 -0.000149357084397006 -0.355892096974599 -0.35540851758088 -0.000149357084397006 -0.0868938227060867 -0.0888885878064532 -0.000149357084397006 -0.000149357084397006 -0.0888885878064532 -0.000149357084397006 -0.0888885867672885 -0.798802434044754 -1.41997704967646 -0.0893117199223826 -0.799497580061057 -1.42058152477752 -3.19566837869682 -0.0888885878988234 -0.355136504147988 -0.355106280088085 -0.798802434044754 -0.0888885878064532 -0.000149357084397006 
-0.355136504147988 -0.799104671768475 -0.0888583642084012 -0.355136504147988 -0.0888583642084012 -0.355106280088085 -0.798802434044754 -0.0888885878064532 -0.355106280088085 -0.798802434044754 -0.798802434044754 -0.088888587714083 -0.355106280088085 -3.19615195811306 -0.355166727861502 -0.799799817229982 -1.42118599907033 -2.22023198478799 -0.000149357084397006 -0.0894326147989603 -0.088888587921916 -1.42118599907033 -0.799255790352938 -0.35540851758088 -0.355287622715562 -0.0888885878064532 -0.798197960329253 -1.41900989165223 -0.000149357084397006 -0.0888885878064532 -0.000149357084397006 -0.0889188116354308 -0.0888885878064532 -0.355106280088085 -0.000149357084397006 -0.0888885878064532 -0.000149357084397006 -0.355106280088085 -0.798802434044754 -0.356012991896213 
-0.355106280434473 -0.0894326147989603 -0.35489471443424 -0.000149357084397006 -0.0890397064951196 -0.0890397064951196 -0.35540851758088 -0.35540851758088 -0.000149357084397006 -0.0888885878064532 -0.000149357084397006 -0.0890397064951196 -0.000149357084397006 -0.0888885878064532 -0.355106280088085 -0.0888885878064532 -0.000149357084397006 -0.000149357084397006 -0.0889188116354308 -0.0894930622147307 -0.355468964996651 -0.0888885878064532 -0.799709146083808 -0.0900975365075455 -0.000149357084397006 -0.35540851758088 -0.000149357084397006 -0.0886770219216826 -0.000149357084397006 -0.0888885874600649 -0.355106279510771 -0.000149357084397006 -0.35540851758088 -0.355106280088085 -0.0888885878064532 -0.798802434044754 -0.000149357084397006 -0.0890397064951196 -0.0888885878064532 -0.355106280088085 
-0.355106280088085 -0.798802433605995 -0.000149357084397006 -0.355348070142591 -1.42076286702483 -0.799558027476827 -1.41997704967646 -0.798802434044754 -0.355106280088085 -0.0888885878064532 -0.000149357084397006 -0.355106280088085 -0.0888885878064532 -0.798802434044754 -0.355106280088085 -0.0888885878064532 -0.000149357084397006 -0.0890397064951196 -0.0882236662133308 -0.798711763481523 -0.0888885878064532 -0.000149357084397006 -0.355106280088085 -0.088888587921916 -0.088888587921916 -0.355710754727288 -0.000149357084397006 -0.0890397064951196 -0.0890397064951196 -0.0888885878295458 -0.000149357084397006 -0.0891303776300345 -0.35540851758088 -0.799104671768475 -0.355136504147988 -0.0888885874600649 -0.35540851758088 -0.0888885874600649 -0.000149357084397006 -0.000149357084397006 
-0.000149357084397006 -0.0889188116354308 -0.798802433836921 -0.3551062815891 -1.41997705083109 -1.41997705193953 -0.0888885880373787 -0.0886467982137974 -0.355438741288765 -0.000149357084397006 -0.000149357084397006 -0.355106278540884 -0.0888885874600649 -0.000149357084397006 -0.0889490353489456 -0.35540851758088 -0.355106278540884 -0.355106278540884 -0.355106278540884 -0.355106278540884 -0.000149357084397006 -0.0890397064951196 -0.0888885874600649 -0.000149357084397006 -0.355106279510771 -1.4199770486373 -0.35540851758088 -0.0888885874600649 -0.000149357084397006 -0.0890397064951196 -0.35540851758088 -0.35540851758088 -0.355106278817994 -0.0888885867672885 -0.798802433005589 -0.355106279510771 -0.0888885874600649 -0.000149357084397006 -0.35540851758088 -0.798802433236515 
-0.0890397064951196 -0.000149357084397006 -0.35540851758088 -0.000149357084397006 -0.355106279510771 -0.798802434090939 -1.41997704963028 -0.0891908250683233 -0.799255790352938 -1.42058152477752 -3.19566837869682 -0.0888885878064532 -0.0890397064951196 -0.355136504147988 -0.000149357084397006 -0.355106279533863 -0.798802432659201 -0.000149357084397006 -0.0888583642084012 -0.799104671768475 -0.355106280434473 -0.355166727861502 -0.0890397064951196 -0.355106280088085 -0.798802434044754 -0.0888885878064532 -0.355106280088085 -0.0888885878064532 -0.000149357084397006 -0.355106280088085 -1.41997704967646 -0.798802434044754 -0.0888885878064532 -0.355106279995714 -3.19364338979562 -0.35540851758088 -0.799255790352938 -1.42058152477752 -2.21938572087713 -0.000149357084397006 
-0.0894326147989603 -0.0888885870905841 -0.000149357084397006 -0.0888885878064532 -0.000149357084397006 -0.0888885878064532 -0.355106280203547 -0.000149357084397006 -0.0888885878064532 -0.000149357084397006 -0.355106280088085 -0.798802434160217 -0.000149357084397006 -0.0888885878064532 -0.000149357084397006 -0.355106280088085 -0.000149357084397006 -0.0890397064951196 -0.000149357084397006 -0.0888885878064532 -0.0890397064951196 -0.35540851758088 -0.000149357084397006 -0.0886770219216826 -0.000149357084397006 -0.0888885874600649 -0.0888885878064532 -0.355106279510771 -0.000149357084397006 -0.0890397064951196 -0.35540851758088 -0.799255790352938 -0.355106280088085 -0.000149357084397006 -0.0890397064951196 -0.0888885878064532 -0.355106280088085 -0.355106280088085 -0.798802433351977 -0.355106280295918 
-0.000149357084397006 -0.0888885878064532 -0.0888885878064532 -0.0888885878064532 -0.000149357084397006 -0.000149357084397006 -0.35540851758088 -0.0887374693487123 -0.355348070142591 -0.355348070142591 -0.355468964996651 -0.000149357084397006 -0.35540851758088 -0.0887374693487123 -0.35540851758088 -0.355468964996651 -0.35540851758088 -0.35540851758088 -0.355257399007677 -0.799255790352938 -0.000149357084397006 -1.4199770504847 -0.0890397064951196 -0.355317846434706 -0.798802434044754 -0.0924247623524831 -0.0888885878064532 -0.355106280088085 -0.0888885878064532 -0.355106280088085 -0.0888885878064532 -0.000149357084397006 -0.0890397064951196 -1.41997704967646 -1.41997704967646 -0.355106280088085 -0.0882236662133308 -0.0888885878064532 -0.355106279464586 -0.355106280111177 
-1.41997704886822 -0.0888885875755277 -0.000149357084397006 -0.0884050085056789 -0.0888885878295458 -0.798802433328885 -0.000149357084397006 -0.355106279302938 -0.0886770219216826 -0.000149357084397006 -0.35540851758088 -0.0890397064951196 -0.35540851758088 -0.0888885875986203 -0.000149357084397006 -0.0890397064951196 -0.35540851758088 -0.000149357084397006 -0.35540851758088 -1.42058152477752 -0.0888885874600649 -0.000149357084397006 -0.0890397064951196 -0.000149357084397006 -0.0888885875293426 -0.000149357084397006 -0.0882236662133308 -0.000149357084397006 -0.0890397064951196 -0.35540851758088 -0.355106280480658 -0.0888885880835638 -0.000149357084397006 -0.0890397064951196 -0.0888885883144893 -0.000149357084397006 -0.355106280157362 -0.088888587921916 -0.000149357084397006 -0.0888885878064532 
-0.0888885878064532 -0.0888885878064532 -0.000149357084397006 -0.0888885878064532 -0.0890397064951196 -0.000149357084397006 -0.000149357084397006 -0.35540851758088 -0.798802434044754 -0.000149357084397006 -0.0890397064951196 -0.0890397064951196 -0.35540851758088 -0.0890397064951196 -1.41728713996499 -0.355106281427453 -0.000149357084397006 -0.0891303776300345 -1.41997704990739 -3.19566837869682 -0.79880243319033 -0.798802434044754 -0.355106280088085 -0.0888885878064532 -0.000149357084397006 -0.356012991896213 -0.355106280088085 -0.798802434044754 -1.41997704967646 -0.798802434044754 -0.355106280088085 -0.0888885878064532 -0.798802434044754 -0.355106280088085 -0.798802434044754 -0.35510628013427 -0.000149357084397006 -3.19476166631138 -2.21863012735269 -1.41997704990739 
-5.67946012906913 -8.87407243891961 -7.18802705326077 -0.798802434183309 -0.35540851758088 -0.000149357084397006 -0.0890397064951196 -0.35540851758088 -2.21929504973096 -0.35540851758088 -0.355106280088085 -0.798802434044754 -0.000149357084397006 -0.355381316228021 -0.355106280111177 -0.798802434044754 -0.355106280088085 -1.41997704909915 -0.355106280111177 -0.000149357084397006 -0.0890397064951196 -0.0888885878064532 -1.41997704967646 -1.42024906392322 -3.19566837869682 -0.0890397064951196 -0.355136504147988 -0.798802433259607 -0.000149357084397006 -0.35540851758088 -0.355166727861502 -0.799104671768475 -0.0890397064951196 -0.798802434044754 -0.355106279741696 -0.0888885876909905 -0.000149357084397006 -0.0890397064951196 -0.35540851758088 -0.798802434044754 
-0.798802434044754 -0.355106280088085 -0.798802434044754 -0.0888885878064532 -0.355106279949529 -3.19364338979562 -0.355559636165343 -1.42000727419822 -2.22141070977833 -0.000149357084397006 -0.088888587921916 -0.355166727861502 -0.799558027476827 -0.088888587921916 -0.35540851758088 -0.0892210487762086 -0.0888885871598618 -0.000149357084397006 -0.000149357084397006 -0.799104671768475 -0.355771202143058 -0.0888885878064532 -0.000149357084397006 -0.0893117199223826 -0.356012991896213 -0.355106280088085 -0.0888885878064532 -0.000149357084397006 -0.798802434044754 -0.000149357084397006 -0.0888885878064532 -0.000149357084397006 -0.000149357084397006 -0.0894326147989603 -0.0888885874600649 -0.000149357084397006 -0.0890397064951196 -0.000149357084397006 -0.0888885878064532 -0.355106280088085 
-0.000149357084397006 -0.0888885878064532 -0.000149357084397006 -0.0888885878064532 -0.000149357084397006 -0.0888885878064532 -0.0888885878064532 -3.19448965379656 -0.355106278841087 -0.798802434044754 -0.355106279279845 -0.0888885860514194 -0.0890397064951196 -0.0888885878064532 -0.000149357084397006 -0.0896139570462716 -0.355076056720958 -0.0888885878064532 -0.0888885878064532 -0.355650307311517 -1.42000727419822 -0.000149357084397006 -0.0891606013604381 -3.19364338979562 -0.000149357084397006 -0.088888587921916 -0.0888885878064532 -0.355468964996651 -1.42076286702483 -0.000149357084397006 -0.35540851758088 -0.000149357084397006 -0.0888885872291394 -0.000149357084397006 -0.35540851758088 -1.42058152477752 -0.355106279510771 -0.355106280088085 -0.798802434044754 -0.000149357084397006 
-0.355106280088085 -0.355106279626234 -0.35540851758088 -0.355106279510771 -0.000149357084397006 -0.0888885873676948 -0.000149357084397006 -0.0883747847752753 -0.35540851758088 -0.0888885868827513 -0.000149357084397006 -0.35540851758088 -1.42058152477752 -0.0888885874600649 -0.000149357084397006 -0.0890397064951196 -0.799255790352938 -0.000149357084397006 -0.0890397064951196 -0.000149357084397006 -0.0886770219216826 -0.35471337216441 -0.798802432636108 -0.0888885874831575 -0.35540851758088 -0.0890397064951196 -0.353957779309651 -0.000149357084397006 -1.41997704972265 -1.42024906392322 -0.798802432613016 -0.355106278494699 -0.798802434044754 -0.355106280088085 -0.0888885878064532 -0.000149357084397006 -0.0893117199223826 -0.355559636165343 -0.355106280088085 -0.798802434044754 
-0.355106280088085 -0.000149357084397006 -0.35540851758088 -5.67946012992356 -0.798802434044754 -0.0888885878064532 -0.000149357084397006 -5.67946012895367 -0.798802434044754 -0.000149357084397006 -0.35540851758088 -0.355106280088085 -0.000149357084397006 -0.0887676930678567 -0.0888885876448054 2.23108709285214e-08 0 0 0 0 0 0 0 0 0 0 0 0 0 0 0 0 0 0 0 0 0 0 0 0 
0 0 0 0 0 0 0 0 0 0 0 0 0 0 0 0 0 0 0 0 0 0 0 0 0 0 0 0 0 0 0 0 0 0 0 0 0 0 0 0 
0 0 0 0 0 0 0 0 0 0 0 0 0 0 0 0 0 0 0 0 0 0 0 0 0 0 0 0 0 0 0 0 0 0 0 0 0 0 0 0 
0 0 0 0 0 0 0 0 0 0 0 0 0 0 0 0 0 0 0 0 0 0 0 0 0 0 0 0 0 0 0 0 0 0 0 0 0 0 0 0 
0 0 0 0 0 0 0 0 0 0 0 0 0 0 0 0 0 0 0 0 0 0 0 0 0 0 0 0 0 0 0 0 0 0 0 0 0 0 0 0 
0 0 0 0 0 0 0 0 0 0 0 0 0 0 0 0 0 0 0 0 0 0 0 0 0 0 0 0 0 0 0 0 0 0 0 0 0 0 0 0 
0 0 0 0 0 0 0 0 0 0 0 0 0 0 0 0 0 0 0 0 0 0 0 0 0 0 0 0 0 0 0 0 0 0 0 0 0 0 0 0 
0 0 0 0 0 0 0 0 0 0 0 0 0 0 0 0 0 0 0 0 0 0 0 0 0 0 0 0 0 0 0 0 0 0 0 0 0 0 0 0 
0 0 0 0 0 0 0 0 0 0 0 0 0 0 0 0 0 0 0 0 0 0 0 0 0 0 0 0 0 0 0 0 0 0 0 0 0 0 0 0 
0 0 0 0 0 0 0 0 0 0 0 0 0 0 0 0 0 0 0 0 0 0 0 0 0 0 0 0 0 0 0 0 0 0 0 0 0 0 0 0 
0 0 0 0 0 0 0 0 0 0 0 0 0 0 0 0 0 0 0 0 0 0 0 0 0 0 0 0 0 0 0 0 0 0 0 0 0 0 0 0 
0 0 0 0 0 0 
<B>
1e-09 1e-09 0.0194961076696215 1e-09 1e-09 1e-09 1e-09 1e-09 1.46524330388007 0.229690284276506 1e-09 1e-09 0.001 1e-09 1e-09 1e-09 1e-09 1e-09 1e-09 0.001 1e-09 1e-09 1.07822905131286 116.00649133627 1e-09 1e-09 1e-09 0.001 0.00301475810453813 1e-09 0.0090589288740832 1e-09 1e-09 1e-09 0.001 0.00130909910566428 1e-09 1e-09 1e-09 57.4590067736479 
0.001 1e-09 1e-09 1e-09 1e-09 1e-09 1e-09 1e-09 0.436045253467681 1e-09 0.0685189600435629 1e-09 1e-09 1e-09 1e-09 1e-09 1e-09 1e-09 1e-09 1e-09 0 
<U>
-226.807543188732 -5.98382303341089 -193.100923161189 -318.604926759237 -7.55891280574667 -140.519266567622 -204.86571633905 -83.2906371059344 -4.13464763597981 -188.729406640168 -35.9014209019177 -182.689114436336 -541.783099696908 -94.3299239772321 -214.09418482182 -19.9910072028712 -86.4142179059817 -117.794828799875 -6.14662442914273 -111.931281368665 -210.699815699604 -154.984559462797 -19.4813300998229 -4.07042934722112 -8.21731570472541 -251.44770034983 -62.2632747597369 -15.4225051797511 -101.243110810657 -118.38526441112 -159.929301354422 -550.17143015939 -49.8324736001918 -19.304877380271 -3.92877163415628 -91.808890933005 -153.54760228608 -16.1054321962834 -219.796400143011 -87.5199595643277 
-328.731554930862 -156.060387402802 -262.640881405149 -10.1311995512307 -1.34375885149961e-08 -4.6021560941457 -214.46829485448 -206.415251210048 -22.9796162119782 -19.7903704332114 -173.728673990293 -246.486859601915 -42.3759336370744 -207.371209868304 18.5352037837185 -281.245011979359 -161.685459726391 -235.128161288561 -56.0272766401015 -245.592764936042 -20.5874679771186 
<Uc>
-226.807543188732 -226.806925622881 -5.98382303341089 -5.98382293987656 -193.100923161189 -193.100910365333 -318.604926759237 -318.604937354706 -7.55891280574667 -7.55929380684907 -140.519266567622 -140.519621096232 -204.86571633905 -204.865820784304 -83.2906371059344 -83.2910467923533 -4.13464763597981 -4.13466426845989 -188.729406640168 -188.729365025419 -35.9014209019177 -35.9014146295481 -182.689114436336 -182.689734226571 -541.783099696908 -541.783604760168 -94.3299239772321 -94.3303294164749 -214.09418482182 -214.094101820183 -19.9910072028712 -19.9910014293422 -86.4142179059817 -86.4142069782604 -117.794828799875 -117.794727195609 -6.14662442914273 -6.14662148104634 -111.931281368665 -111.932450564303 
-210.699815699604 -210.699809315586 -154.984559462797 -154.98495912154 -19.4813300998229 -19.4813185298938 -4.07042934722112 -4.0704251851299 -8.21731570472541 -8.21731567860962 -251.44770034983 -251.447693965228 -62.2632747597369 -62.2636844467181 -15.4225051797511 -15.4229042688261 -101.243110810657 -101.243009233413 -118.38526441112 -118.385162872541 -159.929301354422 -159.929311180662 -550.17143015939 -550.165421617468 -49.8324736001918 -49.8333714441072 -19.304877380271 -19.3048863502102 -3.92877163415628 -3.92877162190407 -91.808890933005 -91.8087871158234 -153.54760228608 -153.548674883024 -16.1054321962834 -16.1054108098967 -219.796400143011 -219.796383936504 -87.5199595643277 -87.5199679015976 
-328.731554930862 -328.731590314946 -156.060387402802 -156.060373284312 -262.640881405149 -262.641248631076 -10.1311995512307 -10.1311863386814 -1.34375885149961e-08 -1.66890595000128e-08 -4.6021560941457 -4.60215604857081 -214.46829485448 -214.468245988663 -206.415251210048 -206.415355886774 -22.9796162119782 -22.9796219855376 -19.7903704332114 -19.7907843128214 -173.728673990293 -173.728666715868 -246.486859601915 -246.486853218351 -42.3759336370744 -42.3769287005014 -207.371209868304 -207.371314076436 18.5352037837185 18.535057385755 -281.245011979359 -281.244996983457 -161.685459726391 -161.685469117872 -235.128161288561 -235.128144597359 -56.0272766401015 -56.027269869713 -245.592764936042 -245.592746730656 
-20.5874679771186 -20.5877236219922 
<Uefd>
43.4975876355641 -7.00976896191935e-06 -7.87453732586016e-07 -0.000179169642566737 0.571181244563213 -0.00151203415646971 0.00281812686659773 -0.0014071059340968 1.04969898398266e-06 -2.62384209839647e-06 2.52719398872189e-05 223684.14380718 0.00505259058191235 -0.001378647350635 0.358448671403747 1.82619262130332e-05 7.09220245223042e-06 0.00137569735368603 6.14292534587109e-06 -0.00282678775058152 0.002050111431228 -0.00128223854893027 -7.01910320825919e-07 -2.62427848547361e-07 -9.68908328330382e-07 0.00108662484694915 -0.0014236762221983 -0.0014067971704287 0.00141469011604537 0.00147388449916116 -0.000406446313096841 0.0986937373022775 -0.00286266861958298 -5.80604966083978e-05 7.32608959313638e-13 0.00141470612568677 -0.00319100116765066 4277.61192977902 0.00343717947125354 5.24855479820407e-07 
2.60324810191778e-06 26.6599957659218 -0.00191545668261824 49.5337074484211 -1.36476221906591e-07 -1.55104102720114e-07 -0.0003898317254979 0.00299932389208414 3.50954066721843e-07 -0.0014584916685723 -7.61376992041867e-07 0.00223078850315279 -0.00264992860765472 0.00276386874165144 -0.000169503477673892 -6.44355486162753e-05 0.000323765455815677 0.00203873993669248 -2.61669841728926e-05 0.00536902906150968 -0.00141470603503571 
<U_r>
-562249.357641495 -14833.7247054259 -478691.618810111 -789812.423754942 -18738.3268199445 -348343.208753669 -507856.201760215 -206475.08699212 -10249.6722318849 -467854.755444336 -88998.5868932202 -452881.045294204 -1343064.6772278 -233841.160734396 -530733.308947673 -49557.1302453014 -214218.353700434 -292009.982979744 -15237.3046696831 -277474.418023006 -522318.765799183 -384202.252611133 -48293.6554077161 -10090.4769463323 -20370.4886158688 -623331.596535484 -154348.862238622 -38231.9455015748 -250978.751493951 -293473.655829793 -396460.125136807 -1363859.10649548 -123533.264711923 -47856.2342054612 -9739.31156154879 -227591.592533174 -380640.077216925 -39924.901877553 -544868.936257058 -216959.455378015 
-814916.042905003 -386869.199043761 -651079.169521101 -25114.9514682466 -3.33113943415911e-05 -11408.6122150979 -531660.716927993 -511697.45401141 -56965.8057769336 -49059.7574803814 -430668.371878927 -611033.815409412 -105048.717216066 -514067.247952033 45948.2355596879 -697198.272606327 -400813.591087166 -582875.929915222 -138890.002768058 -608817.380521532 -51035.7393006443 
<C>
3.77285750059779e-27 -1.47622227537606e-26 5.44901747399797e-19 0 -5.25278352297431e-26 3.27794461757861e-26 1.21796757678868e-26 0 -4.71039484485976e-16 -6.93496271537788e-17 0 6.67188624112553e-26 4.9199141057291e-20 -1.70778104634223e-26 3.14165804674954e-26 0 0 0 0 -1.39038883657144e-19 -1.10107528148402e-25 1.51438665289031e-25 2.26256262797772e-17 -4.51386825069719e-14 0 -1.63071687989094e-25 0 2.41222499274676e-20 0 2.24863750304492e-26 -2.86376639709291e-19 0 -1.46229901812342e-25 -1.77590822022917e-26 0 -5.25722794556873e-20 0 -1.51133443193726e-25 -1.70152443241928e-26 9.19101005750458e-15 
-1.53333165522779e-19 0 0 1.46229901812342e-25 -1.46229901812342e-25 -1.089536418488e-32 0 -5.721754547896e-26 3.60433530527987e-17 -6.53835268067485e-26 -8.78296564818222e-19 -7.70687989593248e-27 4.62618626842127e-26 6.80638836020636e-27 0 -3.55712447310236e-26 -5.86410310256166e-26 -7.666431545433e-27 0 0 2.14116146676885e-19 
<XF>
55.3578523307887 1.29193115993484 0 0 0 0 0 0 0 0 0 0 0 0 0 0 0 0 0 0 0 0 0 0 0.0168932585144467 0 0 0 0 0 0 0 0 0 0 0 0 0 0 0 
0 0 0 0 0 0 0 0 0 0 0 0 0 0 0 0 0 0 0 0 0 0 0 0.213689710812514 0 0 0 0 0 0 0 0 0 0 0 0 0 0 0 0 
0 0 0 0 0 0 0.000994458940017993 0 0 0 0 0 2.83294997189574e-10 0 0 0 0 0 0.011527593448011 0 0 0 0 0 0 0 0 0 0 9.99389957915679e-10 0 0 0 0 0 0 0 0 0 0 
0 0 0 0 9.99989572061381e-10 0 0 0 0 0 0 0 0 0 0 0 0 0 0 0 0 0 0 0 0 0 0 0 0 0 0 0 0 0 4.99569956806052e-10 0 0 0 0 0 
0 0 0 0 0 0 0 0 4.99681679973418e-10 0 0.223475708061458 0 0 0 0 0 0 0 0 0.0474462053357063 0 0 0 0 0 0 0 0 0 0 0 0 0 0.21801637395554 0 0 0 0 0 0 
0 0 0 0 0 0 0 0 0 0 0 0 0 0 0 0 0 0 0 0 0 0 0.00301953376955853 0 0 0 0 0 0 0 0 0 0 0 0 0 0 0 0 0 
0 0 0 0 0 0 0 0 0 0 0 0 0 0 0 0 0 0 0 0 0 0 0 0 0 0 0 0 0 0 0 0 0 0 0 0 0 0 0 0 
0 0 0 0 0 0 0 0 0 0 0 0 0 0 0 0 0 0 0 0 0 0 0 0 0 0 0 0 0 0 0 0 0 0 0 0 0 0 0 0 
0 0 0 0 0 0 0 0 0 0 0 0 0 0 0 0 0 0 0 0 0 0 0 9.78126849125345e-10 0 0 0 0 6.84723952056994e-10 0 0 0 0 0 0 2.28029677766685e-10 0 0 0 0 
0 0 0 0 0 0 0 0 0 8.33333333333333e-08 0 0 0 0 0 0 0 0 0 0 0 0 0 0 0 0 0 0 0 0 0 0 0 0 0 0 0 0 0 0 
0 0 0 0 0 0 0 0 0 0 0 0 0 0 0 0 9.98686010998634e-10 0 0 0 3.56421475616129e-10 0 
<YF>
55.3578523307072 1.29193116004497 0 0 0 0 0 0 0 0 0 0 0 0 0 0 0 0 0 0 0 0 0 0 0.0168932585147221 0 0 0 0 0 0 0 0 0 0 0 0 0 0 0 
0 0 0 0 0 0 0 0 0 0 0 0 0 0 0 0 0 0 0 0 0 0 0 0.213689710703167 0 0 0 0 0 0 0 0 0 0 0 0 0 0 0 0 
0 0 0 0 0 0 0.000994458940133201 0 0 0 0 0 2.83294960879833e-10 0 0 0 0 0 0.0115275948090693 0 0 0 0 0 0 0 0 0 0 9.99389957915534e-10 0 0 0 0 0 0 0 0 0 0 
0 0 0 0 9.99989572061276e-10 0 0 0 0 0 0 0 0 0 0 0 0 0 0 0 0 0 0 0 0 0 0 0 0 0 0 0 0 0 4.99569956806035e-10 0 0 0 0 0 
0 0 0 0 0 0 0 0 4.99681679973396e-10 0 0.223475709843789 0 0 0 0 0 0 0 0 0.0474462039990158 0 0 0 0 0 0 0 0 0 0 0 0 0 0.218016373956128 0 0 0 0 0 0 
0 0 0 0 0 0 0 0 0 0 0 0 0 0 0 0 0 0 0 0 0 0 0.00301953376955664 0 0 0 0 0 0 0 0 0 0 0 0 0 0 0 0 0 
0 0 0 0 0 0 0 0 0 0 0 0 0 0 0 0 0 0 0 0 0 0 0 0 0 0 0 0 0 0 0 0 0 0 0 0 0 0 0 0 
0 0 0 0 0 0 0 0 0 0 0 0 0 0 0 0 0 0 0 0 0 0 0 0 0 0 0 0 0 0 0 0 0 0 0 0 0 0 0 0 
0 0 0 0 0 0 0 0 0 0 0 0 0 0 0 0 0 0 0 0 0 0 0 9.78126581051083e-10 0 0 0 0 6.84723952056995e-10 0 0 0 0 0 0 2.28029677766799e-10 0 0 0 0 
0 0 0 0 0 0 0 0 0 8.33333333338636e-08 0 0 0 0 0 0 0 0 0 0 0 0 0 0 0 0 0 0 0 0 0 0 0 0 0 0 0 0 0 0 
0 0 0 0 0 0 0 0 0 0 0 0 0 0 0 0 9.98686010998779e-10 0 0 0 3.5642147561227e-10 0 
<Falp>
-2.13740572953797e-07 -5.21544697587042e-10 -2.29830848620649 -4.49830848163275 -18.1407500202361 -2.59874131869775 -21.7843340651136 -39.6946082456637 -44.4810077767579 -24.3361717874216 -18.0042946980587 -41.2951399888832 -40.4951399904986 -67.0726339124691 -8.50696418419687 -58.9451420549123 -5.57585362068472 -44.7160724813129 -75.5461339816201 -92.9390191272959 -4.55571258224633 -0.864769556033459 -1.30902413912806 -1.10802413958321 -3.76182140530536e-09 -0.722000002205376 -1.51200000066487 -4.06493506909305 -92.9390191272959 -45.0781772668664 -43.7781772694257 -48.8552717955447 -46.6553076504745 -89.6093416562436 -3.28298072693082 -61.0345981523416 -28.9500705731867 -26.840070577559 -10.4805673459486 -6.04591200669575 
-13.6500039865639 -25.1398687010188 -12.9900463005607 -43.9110381975643 -67.6595488765586 -52.5525893119724 -41.8995837858475 -1.80112603968925 -50.335491627144 -92.9390191272959 -5.5683465028322 -5.30083704951189 -11.2030734372854 -13.0373393724301 -14.1084668941356 -2.33919467735621 -12.4784132501501 -6.61152983995384 -13.1429854446527 -24.9063566642538 -18.982165954762 -37.3022365500069 -0.137680155012155 -1.79838278218042e-09 -0.547680154041907 -0.803656575047852 -44.660602768695 -10.6343191883853 -8.93647185543585 -2.7196784836451 -28.2263839831152 -7.8317721347314 -14.2270686340882 -8.10191553553377 -5.38192304322345 -8.52727969945507 -5.72836427909074 -4.19910607078045 -1.30718969502955 -0.453013228963071 
-4.19541570183578 -1.43044216332549 -3.78199843738702 -13.759803769356 -20.0494223576505 -4.28470554521984 -1.2088525198258e-07 -0.430071820652504 -0.540143521241033 -6.76517314715993 -18.035267685497 -4.41491933791357 -2.15746092190424e-07 -12.3363087387287 -12.9168502870402 -12.1819578395869 -37.8528780468409 -7.26138771654991 -2.90346094580074e-07 -2.52618439079877 -45.9945725637924 -68.4007210215891 -37.941351930062 -18.9424792600666 -29.3785294511009 -13.2540436456484 -92.8309334638436 -12.1582475542109 -49.3342636126323 -5.98346831501559e-09 -62.5507926457954 -54.4580022166375 -8.68198409786064 -11.0811262907217 -43.3757232092288 -37.4417191983804 -33.5303478904453 -21.796130387268 -9.18206019341555 -9.20823541594539 
-7.60821216251498 -8.60820479698129 -42.3803174154085 -3.6299662554686 -1.31395403284672e-11 -3.21876917113828 -33.6277757058956 -29.5681365939785 -28.4208160946679 -28.2670697272193 -37.5466333472391 -58.316845596927 -77.3514512038253 -3.59414091812396 -18.0912157711442 -63.2085073693134 -17.0942787821539 -5.42260250261088 -24.7102792526414 -20.7595698594093 -26.3795698477589 -46.175801836364 -23.4444824037939 -92.9390191272959 -27.8855247513712 -23.3298790862839 -25.6090578322761 -2.67389515061461 -42.7754099880883 -68.4397145770866 -22.5256896907065 -18.4581758355691 -18.1684368101224 -19.1985085087218 -1.10367818710645e-09 -4.14026096645976 -74.341053590463 -64.088119764155 -16.2472832048467 -25.878600148282 
-2.90994747266197 -0.209947478354877 -4.48704200608922 -5.86975577920791 -8.46063414491412 -4.1215405082408 -5.00767783811623 -15.010329428688 -1.42674794735429e-09 -3.44275443638448 -1.49275793118355e-08 -13.8069094245333 -21.0668538545611 -0.385403082037456 -0.447049301626572 -11.1686879145477 -4.02050150159231 -4.22655787088222 -14.7390816155864 5.30386647073308e-08 -1.34996849913334 -3.84958136692171 -1.29188175212245 -3.81489823052649 -9.93274162721758 -0.484587024648566 -2.17623539157335 -24.8227145756319 -22.0158516019105 -18.1128579910762 -1.50363417811752 -0.703634179908117 -0.679999998860499 -2.77393038883494e-10 -92.9390191272959 -6.08019684182288 -52.4444268422163 -92.9390191272959 -28.4621978096579 -92.9390191272959 
-46.7914821310824 -52.1541881558652 -31.32544270941 -92.9390191272959 -92.9390191272959 -7.77334654918265 -16.7072765708597 -27.2085968290016 -0.239944161809057 -4.71703868909576 -5.69970463873472 -5.05108806369201 -3.59892973320584 -2.03003754280431 -4.73425934375105 -8.41921341629556 -92.9390191272959 -92.9390191272959 -2.85722441299372 -4.98861273452422 -2.89582629792976 -0.789931255889155 -1.03092006420595e-10 -0.911431809969041 -6.59178753662686 -8.40817907381344 -27.0852679903543 -53.0355932778746 -17.1028670486963 -24.1645032816126 -17.6888217702213 -68.8354418277725 -20.3880363656997 -10.1084924812747 -32.6859253613745 -23.9902080043508 -26.0094584516022 -5.79835757105506 -5.11149760006787 -4.15758490692436 
-9.16648292365861 -13.6158171671769 -14.5361039680362 -27.1305103745191 -13.3039044998564 -13.294263003492 -5.98990980320069 -4.66014172679345 -1.53720076325221 -0.91031696782845 -1.65870131733229 -3.19579707871767 -6.83395765007323 -26.7668306337065 -26.1484080506907 -25.6771174387668 -23.877404245469 -42.9371223825314 -50.9984583959963 -43.245381163194 -92.9390191272959 -92.9390191272959 -92.9390191272959 -92.9390191272959 -92.9390191272959 -92.9390191272959 -92.9390191272959 -92.9390191272959 -92.9390191272959 -92.9390191272959 -4.27452623598518 -18.731752507199 -80.9024631368077 -29.8337207488865 -26.8572538313582 -6.89369227802152 -12.8475215722393 -3.6282474493796 -92.9390191272959 -7.71645163655969 
-9.5221772819664 -10.1009502858967 -33.4440943551956 -10.4295107605073 -9.10861628339323 -8.20432835561651 -12.7306156477219 -7.58524732655967 -12.8953861135446 -40.7323445059434 -53.1426108026432 -92.4976206055237 -47.5253181904202 -15.6226237954781 -39.0088652152132 -8.7482870179367 -77.4094312510841 -12.8878807309805 -2.25604371131782 -5.06756862814093 -5.40002630431511 -3.61896473885236 -1.11900485753039 -0.51804861845066 -1.06706590423085 -26.8378092726808 -18.757298425135 -66.6347483922271 -37.0551855773124 -24.1686837088141 -17.7630021972487 -24.2643390377372 -21.0922167915096 -10.942672906811 -16.7737302891974 -36.0771783883858 -52.2948353439122 -26.3208842188525 -11.3163984111209 -14.786792757779 
-7.92053062376888 -6.46060232753861 -32.5487900333611 -52.311667996951 -59.0532908159736 -51.9002135818284 -1.52630578503058 -40.550791379148 -15.9687685231387 -33.9750669998823 -32.5229680438469 -6.65161774243174 -4.39992405102053 -25.3285296471872 -10.3140438393729 -39.7454234459143 -17.0961121249083 -50.2969664625831 -18.3281358186212 -9.23817604724859 -9.51817604672699 -36.3742642025818 -54.8170861371083 -1.93618088030104e-07 -23.9806535641192 -59.8309362405218 -39.6759182132097 -53.1278590056321 -5.83587052071331e-09 -23.5246086845607 -1.99869099239316 -44.3632897363829 -46.5044901596403 -92.9390191272959 -38.0999001867076 1.93144999877336e-05 -44.1157372816906 -0.983483770785835 -37.229941202284 -23.0253682748717 
-92.9390191272959 -30.1266429461058 -29.8018175670368 -7.42324424562321 -7.0454306226135 -12.6895649192129 -9.97992049638605 -8.59484865611151 -5.65042221660361 -1.97494265150158e-13 -2.50843167948942 -1.45413328646754 -16.0072883398339 -63.6586026370777 -0.189950045624641 -4.36704457358282 -5.449758347373 -18.4036341058513 -11.6696827640543 -4.75415692329018 -3.91415692503016 -5.34644567476244 -49.3193682896938 -13.9105376526921 -25.3414697007717 -16.3705799603012 -44.1115718637917 -52.153194680255 -42.8001174506833 -0.502194739432469 -1.56219473727016 -38.825317824758 -0.100304206077291 -0.900304204461892 -44.6403846835261 -70.2084695815005 -3.72755310310353 -51.1152047197532 -3.71001186721337 -71.9025902329043 
-19.8355544357758 -31.7563442329077 -13.0698300567077 -28.9779332153759 -34.2500856072585 -25.9380177901226 -64.7151945955994 -26.3899483963138 -32.6866741301304 -2.91044355362339 -24.3985294685958 -10.9440436576753 -6.19817587308209 -6.38824757342148 -37.8428300421515 -40.6445504551156 -1.31378554129539e-08 -59.4207926595875 -51.5678588282581 -31.7159907002843 5.14789291094357e-07 -3.76014287877972 
<X>
1.06697728831086e-13 5.26646171888707e-10 2.47692486742631e-22 4.64052564094117e-10 2.47891105126282e-19 2.23166629388364e-25 1.91317788968174e-31 3.29925579546569e-18 2.1837987858331e-26 3.98453066882945e-13 8.71901680173292e-12 7.63815241539154e-14 7.11348177982217e-16 0 2.63694329533e-24 9.99884121110635e-10 9.81182090738055e-26 2.84685738796832e-30 0 0 0 0 0 8.57889710163916e-29 1.39485093871783e-31 0 0 0 0 6.28846681458005e-33 3.05772069697357e-18 3.15689645455878e-17 1.60105070731975e-28 2.16712881561612e-32 0 0 1.17284572587545e-28 8.14860823135809e-27 0 1.03011904637671e-23 
0 5.79221313295388e-14 0 0 0 1.30134433715218e-25 8.92283143907307e-28 2.7166405488967e-31 0 0 0 0 3.83917971760154e-15 1.67459329039537e-09 5.84152154782257e-06 0 0 0 4.49696982993843e-20 7.07065163618308e-18 9.9244936906973e-25 3.08491934262826e-33 0 0 1.27703516251602e-22 0 0 0 0 0 0 0 0 0 0 0 0 0 0 0 
0 0 0 1e-09 0 0 0 0 0 0 0 0 0 0 0 0 0 0 0 0 0 0 2.77163084443086e-15 2.95665304901155e-11 9.70416877836222e-10 0 1.38043989428037e-20 2.58972472262772e-32 0 1.89059482505097e-28 0 2.80411375767147e-11 9.14070759568738e-10 9.96974806329137e-10 1.94275490021356e-17 1.15553753629079e-12 3.18457741001137e-18 1.07161024006874e-14 1.95567681268346e-24 2.50439400829899e-19 
1.85891540153254e-12 1.76598863767464e-18 2.08281533393428e-21 0 1.21120526248885e-29 1e-09 0.00143385399115924 3.5455090403456e-31 6.33094026342181e-11 4.98800961680043e-06 0.00143516224084858 0 0 0 5.71011681232178e-11 5.90215781550833e-06 0.000968343665962814 3.12482005714715e-16 2.58786103895487e-21 3.08348797092691e-13 0 0.000999738266517799 2.09545724391253e-11 1.8546572308861e-08 2.74462940241878e-17 5.2226313336778e-10 5.16185585324764e-11 1.77012613514454e-06 4.77087737716621e-05 6.91072939996901e-18 7.7077818629007e-13 1.80605482431246e-10 1.37735703387848e-27 3.319404460537e-32 3.01103790797499e-24 1.50482630512612e-05 2.87584222685881e-06 5.19812975688303e-11 1.46289944680347e-10 8.61730836139034e-28 
3.28758905837135e-15 0 8.17863493927081e-07 1.12924430985148e-06 2.91767447146928e-23 1.93981134174694e-21 4.4126742946536e-22 9.43838188956775e-15 7.03437663714876e-18 6.55658447075482e-14 1.99771346678991e-20 3.8361479886502e-25 1.21515909813092e-21 1.33214959938907e-27 0 0 0 1.10125015239297e-24 7.80425888535169e-34 1.48098868457226e-28 4.64297532138735e-16 4.1988535272052e-19 8.28365106417183e-22 4.25878435837568e-18 2.34661896892204e-19 6.43576278506191e-22 7.16342063250983e-25 0 1.23341365232624e-19 6.09572727448896e-13 0 5.13481877422307e-32 9.99994303495884e-10 5.6964730382764e-15 0 3.10775347594262e-20 3.16233300122187e-05 9.99999999996196e-10 0 7.22093002886596e-16 
3.36882952787204e-14 3.04957235940002e-17 1.21808939002663e-13 7.31741404097453e-25 0 1.03444105844589e-21 1.77448769365906e-28 8.3500721058608e-19 8.50453527246979e-29 1.12615393331724e-21 0 0 7.26923310152837e-10 2.69663646510539e-10 1.48222110612091e-12 0 0 1.78462046566156e-26 1.46591028864082e-12 2.1406646688425e-17 8.86256799101481e-19 5.55445342552665e-26 0 0 0 4.62280446055511e-25 1.85399787754331e-21 3.48845223486271e-26 1.08817011456656e-18 8.4954241411973e-17 9.78498001079123e-15 4.35224356878342e-17 5.56708799668544e-21 3.74174499459978e-33 0 4.91093435799457e-16 0 4.79102330010873e-29 4.41640428903975e-28 2.01701975885388e-30 
0 1.22768973580899e-31 0 0 1.85144080155721e-34 0 0 0 5.73980888581153e-33 0 0 0 8.61710484347773e-23 2.49312731670801e-23 3.21393442157563e-18 5.44612790391049e-13 9.20230583876431e-14 0 0 4.3231826331765e-21 9.84007536452585e-19 1.59866884947859e-21 0 2.32389833425228e-25 0 1.48983227137571e-22 0 2.62027588318213e-22 0 1e-09 7.08325508684465e-21 1.61054315239875e-32 0 0 0 4.39661868474341e-33 2.29644910942101e-31 3.55658326140635e-30 0 1.18307170844267e-26 
0 0 1.7938373566166e-33 0 0 0 0 0 0 0 0 0 0 1.3306932592775e-13 7.20681887238126e-13 1.86286025493327e-27 4.24349953720777e-18 4.14712479982227e-27 2.01776822814312e-29 0 0 0 4.67268718427751e-18 7.09326934726932e-30 3.16312572972081e-15 0 6.03150876096636e-13 8.25118240125955e-18 6.12001271314275e-17 1.75226774834829e-15 8.96658399991107e-23 2.07488543595838e-29 3.61055230398644e-30 8.30634379559413e-12 9.7441448178591e-10 1.72544527388395e-11 6.14942279318407e-15 0 5.74734379258023e-28 1.67505377156598e-14 
9.78475007908575e-10 5.09215099895111e-11 8.02843235177012e-33 1.78214105886749e-33 0 0 0 1.29871664512582e-14 3.44515966053765e-25 4.44282754626054e-11 3.55566588301908e-21 0 0 0 0 0 8.18066548013179e-15 1.01755806048663e-15 1.5159389153514e-18 2.56966545707951e-07 1.74288636052177e-18 0 0 0 1.25751784815202e-23 2.86364834568438e-19 1.42775988988024e-32 0 0 0 0 2.79776042409197e-10 2.01585153147261e-17 2.65333673084339e-13 1.08384698348982e-11 6.7912515975015e-12 0 0 7.37015627714412e-10 1.674491662006e-24 
3.22094222707904e-17 4.22642566365146e-24 3.12650497374838e-07 0 0 0 0 1.57350380363783e-22 0 0 1.28551571405663e-27 2.28120498511377e-07 1.19517778642899e-18 3.91070750202985e-27 1.38188476399098e-14 2.16994030003615e-20 1.02713839157076e-32 1.57601435164501e-06 8.08809913918902e-16 1.94812443999598e-23 9.01062049177648e-10 0 0 0 0 8.5523633388448e-17 1.79932947371776e-24 5.45136467049342e-33 0 0 1.08871550052618e-12 2.62066656618709e-17 7.15222213521214e-26 0 0 0 0.000950519922075548 1.69719422713918e-10 2.744468499861e-23 1.53705227295913e-16 
0 0 0 3.16586494839394e-22 7.05907490679265e-13 7.06196030745684e-16 1.74043073273283e-24 1.8291600231843e-28 2.91029965503805e-12 0 3.50863844203995e-32 2.12224823747046e-09 1.21577969271873e-05 6.67388993216249e-25 3.34796964070747e-23 1.26388402973111e-16 9.99854762372779e-10 0 0 0 0 7.94247990684128e-11 0 0 0 0 0 0 0 0 0 0 0 3.9214556857614e-23 0 0 0 0 0 0 
0 0 4.66296700041897e-17 1.10028664226877e-18 0 0 4.85869350938799e-18 3.60375817566261e-17 1.03181962523058e-15 5.40294240231451e-23 1.01624269912181e-29 2.1260670546468e-30 8.30640722420821e-12 9.74421922570275e-10 1.72545844966341e-11 6.14946975118388e-15 0 3.38431277053522e-28 9.86352317700784e-15 1e-09 0 0 0 0.000417885541603796 1.15541774974204e-08 7.74014858529727e-15 0 0 2.51865313049844e-10 4.81314106202141e-19 6.43661642156415e-15 6.17150562335308e-08 7.34005308747979e-16 4.6623593469363e-17 9.99325407276248e-10 1.38941930264165e-18 2.35005589516087e-24 3.86640399510938e-20 6.74591291697597e-13 3.84015543231605e-21 
1.280133742749e-22 4.49795413158299e-08 9.89204684912452e-16 1.0401951270815e-10 3.10540416412387e-08 5.08148108131499e-10 2.3301439942016e-15 5.81256264979096e-13 5.18307700656494e-22 7.83417605618543e-15 2.39281877124836e-16 2.85514308455988e-22 3.4121916234257e-17 3.4961528913796e-09 2.11285188627211e-10 2.30118329001183e-14 1.26275326118113e-16 8.97390615929329e-20 0 3.96994798204836e-11 1.17190365380133e-09 3.80203957938077e-34 2.17552343358748e-27 0 0 0 0 0 0 0 0 0 0 0 0 0 0 0 0 0 
0 0 8.19394363863499e-10 1.10823467020782e-20 9.64368188645244e-10 3.56317672511066e-11 0 0 0.00130880800693146 7.85903763343287e-13 4.66185218222728e-08 2.42420236457475e-13 5.62345463566699e-13 1.14021782825611e-09 1.54258128024916e-18 2.84758759689084e-14 2.43338371021693e-07 2.894134158191e-15 1.08249327502642e-16 0 6.79742539390602e-26 4.08957886279378e-17 3.61169661545388e-11 9.63882992949673e-10 1.98697944040961e-17 0 0 2.40744063823794e-22 7.62593870352667e-19 1.22193260211121e-15 3.67028341095288e-18 1.66806563981525e-26 9.80160581464297e-10 1.9787156698808e-11 3.65225644123611e-25 1.05879157062877e-28 2.18547651373631e-22 1.25824776181967e-30 1.25652701748056e-22 6.67264953667024e-17 
3.31040436431954e-18 0 3.14928458647841e-26 2.1600138838941e-16 5.33268354955316e-17 1.47671658860413e-30 0 0 0 0 9.63263852813416e-24 0 3.61495374439797e-14 1.27720385226593e-14 5.56243985920693e-34 0 2.23238406332465e-16 3.98150759556678e-18 3.00105572907159e-21 0 0 0 0 4.99068338886052e-29 0 0 0 1.52743702129359e-15 8.35459214352494e-33 0 3.95331302448409e-31 3.52485396333994e-34 4.17876363597444e-28 6.82144770780995e-34 1.42935283256835e-30 9.62580690726696e-10 0 0 0 1.23124037290136e-32 
4.84515726960221e-19 1.17635097604806e-17 6.89335080334696e-25 1.96858987772515e-26 5.85164202644167e-26 0 0 0 0 0 0 4.57706368532562e-22 0 0 0 3.88005878004146e-26 0 5.13631334119534e-32 0 1.45358163416808e-22 0 5.53249828331442e-27 3.9300506528038e-26 1.06950540674414e-23 4.03722030598964e-23 0 2.27941708606453e-25 8.74293816255027e-27 9.41267938247783e-30 0 0 0 2.14662092164205e-26 7.28337104007764e-24 7.96322860769443e-27 2.00866720253354e-16 2.9664826615241e-11 4.37703283043134e-29 3.49204278851663e-34 1.1201439194159e-16 
9.36208902860932e-14 8.042412911643e-34 1.91783015630602e-28 3.15833903711383e-15 3.79078366777697e-16 7.01969535746495e-12 6.3730386298148e-13 0 0 0 0 8.2676503302031e-31 0 0 0 0 1.07132386951717e-22 0 3.00625442757629e-24 0 0 0 2.0620652323032e-27 6.76834385871483e-24 0 0 0 0 6.68521195232223e-24 0 0 0 0 0 0 0 0 0 0 0 
1.72335283996259e-29 0 0 2.66490167742412e-06 6.93514660820542e-27 1.04552416986149e-13 0 0 0 0 0 5.42437228034611e-28 2.1131228448555e-18 0 4.7084225563533e-26 1.00797715334786e-16 4.29323463211662e-11 9.57067550767996e-10 0 0 0 1.98962954969281e-12 1.31988409637128e-18 1.31907628876708e-22 0 2.15788948831497e-19 9.00815274713715e-18 9.46756047757276e-27 1.4174075854185e-16 2.91444321697034e-26 0 0 0 2.33742852507453e-13 1.15747399178484e-11 1.45173912198442e-21 0 4.0957314617645e-31 2.95506632850143e-26 3.60411777281522e-16 
2.75705338699132e-14 1.25472955084594e-14 1.79074277755037e-32 0 0 0 1.7828358162604e-15 8.03262519146682e-12 0 7.77145703784819e-30 3.15276047943006e-10 0 0 0 0 0 0 0 0 0 1.6050879505883e-32 8.98787533844116e-34 0 1e-09 0 0 1.089536418488e-32 0 0 0 0 0 0 0 0 0 0 0 0 0 
0 0 0 0 0 6.65242357181819e-19 0 3.10326395729257e-17 2.80601988277756e-20 4.14355314700085e-30 0 1.12220260102421e-16 3.47472580731873e-13 7.58172230715712e-10 2.07183597600746e-15 6.14822447831799e-27 0 9.69768226419555e-33 6.94069780145622e-12 0 2.33489559326493e-12 3.81638105843913e-19 5.43050103669465e-25 9.53010832953257e-25 0 1.631624097286e-31 0 2.55240575947187e-22 8.57533803129929e-21 4.30563638665552e-32 0 0 2.0136909552366e-29 0 0 0 1.08409509842539e-33 0 0 0 
7.5135514146036e-30 0 0 0 0 1.33622842337999e-12 1.61682551646849e-25 4.95694986305924e-13 7.92937070025393e-17 2.33653635327461e-12 2.72461496807362e-15 0 0 0 0 0 0 0 1.75116327290332e-28 0 0 0 0 0 2.9411761799722e-31 0 1.89594401803567e-16 0 0 5.58806653241006e-18 0 5.38698726859925e-24 0 0 0 4.12988520277448e-29 0 1.35051539198283e-15 0 9.98080528564267e-10 
1.13048669870365e-12 2.05841628365747e-18 1.31983078463552e-14 7.75784368633338e-13 2.13369414482341e-21 2.33758900605048e-17 8.16603450349507e-14 3.75263839135728e-28 1.06159614537185e-25 2.69984399629203e-21 2.3112473850861e-14 2.53425008720313e-15 8.25892956910113e-14 2.07488663346755e-34 0 0 1.30457076858746e-19 4.40566003420481e-26 8.823348113456e-34 5.42854376154149e-13 6.28220547901097e-06 2.40453050622967e-14 5.52132139897902e-05 1.62065620993994e-07 1.08771125037194e-17 8.06770031080427e-17 2.3099251129928e-15 9.17538833734531e-23 2.1232031755757e-29 4.75960676636838e-30 8.30629469591882e-12 9.7440872231363e-10 1.72543507459934e-11 8.18692095111637e-28 2.04565495121e-32 6.1493864433048e-15 0 7.57642989891309e-28 2.20813786945858e-14 4.63155072057944e-32 
0 0 0 0 0 0 0 0 0 0 0 0 0 0 0 0 0 0 0 0 0 2.62458430966196e-34 0 0 0 1.77406476579383e-18 4.75087829985032e-17 1.0578407274332e-12 1.48791832905608e-10 8.5015027708411e-10 0 5.36581081438205e-25 4.81263211507986e-33 2.07665831432017e-27 0 0 9.95750426964075e-10 2.22784171261953e-17 1.48679254641256e-12 5.65611366009761e-18 
1.65768944651519e-14 2.403053303519e-24 3.14897326714184e-19 2.74616067262418e-12 1.46708143858253e-17 2.17829695361805e-21 0 2.43187909542027e-29 1.25520925548774e-31 1.5868934453555e-17 4.45354082643067e-15 0 0 4.5515760804731e-24 0 1.924232360479e-27 5.97625202500264e-10 4.0237032808997e-10 0 4.56959939411282e-30 0 0 0 0 0 0 0 0 0 0 0 0 0 0 0 8.67629115174896e-20 9.95963668260426e-10 0 0 0 
0 0 0 1.33664494088585e-26 1.04495934032919e-15 1.04673603643511e-16 3.68719570984064e-12 3.10679023337023e-13 1.04895340265759e-23 3.730728664951e-14 0 0 0 0 0 0 1.58912304666123e-25 0 3.08857846913031e-27 9.3554976322367e-10 6.44502162773114e-11 2.04990181558643e-17 0 9.06144255773041e-32 0 4.58019244000647e-15 9.9938088020998e-10 0 1.27831169146101e-32 0 5.03054333251369e-19 1.22132382852071e-17 7.15818671320167e-25 0 0 0 0 0 0 0 
0 0 0 2.10025156946651e-19 1.0447680494525e-29 0 5.15760008803756e-24 9.02866399083896e-24 1.20818355918019e-27 2.20353436613123e-25 1.39638336440922e-30 0 0 3.72100506231748e-33 0 1.01931143809444e-25 0 0 0 7.53750691623382e-25 7.45196747498171e-29 1.02935002510441e-33 0 0 0 4.25232378435267e-26 8.30236609050134e-19 6.1451955206888e-13 0 0 0 0 4.57103164419723e-34 9.00467910233083e-34 2.19132902378893e-29 8.73279590250495e-30 5.24310701057276e-31 0 0 0 
2.56481847932488e-34 0 0 0 0 0 0 0 0 0 0 0 0 0 1.34564115830526e-20 5.98874868513161e-18 2.84352149057594e-19 2.2887346067948e-24 0 1.61434187770805e-29 1.22050771143788e-32 1.82336689967118e-28 3.77200605584983e-32 0 0 0 0 0 0 0 0 0 3.42601954077562e-26 0 0 0 0 0 0 0 
0 5.37691770331963e-17 3.66349450907699e-21 1.39055973366807e-33 7.32206087457054e-18 9.43090110465161e-26 0 0 0 2.46539308479964e-21 0 2.76985210686404e-33 0 2.10054338174756e-31 1.51548601361614e-25 0 2.47817354974655e-29 9.2639577924574e-18 1.13013654069104e-18 1.26020955823759e-13 5.7338023826619e-13 1.64139278620641e-14 2.00924809167515e-30 2.40496601379304e-15 2.85511469653809e-24 5.95697421936255e-13 0 1.20364951146789e-28 0 7.03411923072853e-29 0 0 0 0 0 0 0 0 0 0 
5.23165399813121e-28 6.43499766574484e-10 3.74645064936349e-15 0 0 8.10563038455447e-27 2.44410928508541e-20 0 0 0 0 0 2.5128009825181e-07 0.000556460012588693 2.13444739927768e-11 55.3495842433661 1.250107192122 2.44043381450355e-09 0.000376454673946229 0.0409477325664012 2.84915837007377e-08 2.06530079618255e-15 9.20575153201591e-10 2.20407376980795e-17 0.000499748719901748 0 0 0 0 0 0 0 0 0 0 0 0 0 0 0 
0 0 0 0 0 0 0 0 0.0168932585144467 0 0 0 0 0 0 0 0 0 0 0 0 0 0 0 0 0 0 0 0 0 0 0 0 0 0 0 0 0 0 0 
0 0 0 0 0 0 0 0.213689710812514 0 0 0 0 0 0 0 0 0 0 0 0 0 0 0 0 0 0 0 0 0 0 0.000994458940017993 0 0 0 0 0 2.83294997189574e-10 0 0 0 
0 0 0.011527593448011 0 0 0 0 0 0 0 0 0 0 9.99389957915679e-10 0 0 0 0 0 0 0 0 0 0 0 0 0 0 9.99989572061381e-10 0 0 0 0 0 0 0 0 0 0 0 
0 0 0 0 0 0 0 0 0 0 0 0 0 0 0 0 0 0 4.99569956806052e-10 0 0 0 0 0 0 0 0 0 0 0 0 0 4.99681679973418e-10 0 0.223475708061458 0 0 0 0 0 
0 0 0 0.0474462053357063 0 0 0 0 0 0 0 0 0 0 0 0 0 0.21801637395554 0 0 0 0 0 0 0 0 0 0 0 0 0 0 0 0 0 0 0 0 0 0 
0 0 0 0 0 0 0.00301953376955853 0 0 0 0 0 0 0 0 0 0 0 0 0 0 0 0 0 0 0 0 0 0 0 0 0 0 0 0 0 0 0 0 0 
0 0 0 0 0 0 0 0 0 0 0 0 0 0 0 0 0 0 0 0 0 0 0 0 0 0 0 0 0 0 0 0 0 0 0 0 0 0 0 0 
0 0 0 0 0 0 0 0 0 0 0 0 0 0 0 0 0 0 0 0 0 0 0 0 0 0 0 0 0 0 0 0 0 0 0 0 0 0 0 0 
0 0 0 0 0 0 0 9.78126849125345e-10 0 0 0 0 6.84723952056994e-10 0 0 0 0 0 0 2.28029677766685e-10 0 0 0 0 0 0 0 0 0 0 0 0 0 8.33333333333333e-08 0 0 0 0 0 0 
0 0 0 0 0 0 0 0 0 0 0 0 0 0 0 0 0 0 0 0 0 0 0 0 0 0 0 0 0 0 0 0 0 0 0 0 0 0 0 0 
9.98686010998634e-10 0 0 0 3.56421475616129e-10 0 
<Y>
1.06697728831086e-13 5.26646171888707e-10 2.47692486742631e-22 4.64052564094117e-10 2.47891105126282e-19 2.23166629388364e-25 1.91317788968174e-31 3.29925579546569e-18 2.1837987858331e-26 3.98453066882945e-13 8.71901680173292e-12 7.63815241539154e-14 7.11348177982217e-16 0 2.63694329533e-24 9.99884121110635e-10 9.81182090738055e-26 2.84685738796832e-30 0 0 0 0 0 8.57889710163916e-29 1.39485093871783e-31 0 0 0 0 6.28846681458005e-33 3.05772069697357e-18 3.15689645455878e-17 1.60105070731975e-28 2.16712881561612e-32 0 0 1.17284572587545e-28 8.14860823135809e-27 0 1.03011904637671e-23 
0 5.79221313295388e-14 0 0 0 1.30134433715218e-25 8.92283143907307e-28 2.7166405488967e-31 0 0 0 0 3.83917971760154e-15 1.67459329039537e-09 5.84152154782257e-06 0 0 0 4.49696982993843e-20 7.07065163618308e-18 9.9244936906973e-25 3.08491934262826e-33 0 0 1.27703516251602e-22 0 0 0 0 0 0 0 0 0 0 0 0 0 0 0 
0 0 0 1e-09 0 0 0 0 0 0 0 0 0 0 0 0 0 0 0 0 0 0 2.77163084443086e-15 2.95665304901155e-11 9.70416877836222e-10 0 1.38043989428037e-20 2.58972472262772e-32 0 1.89059482505097e-28 0 2.80411375767147e-11 9.14070759568738e-10 9.96974806329137e-10 1.94275490021356e-17 1.15553753629079e-12 3.18457741001137e-18 1.07161024006874e-14 1.95567681268346e-24 2.50439400829899e-19 
1.85891540153254e-12 1.76598863767464e-18 2.08281533393428e-21 0 1.21120526248885e-29 1e-09 0.00143385399115924 3.5455090403456e-31 6.33094026342181e-11 4.98800961680043e-06 0.00143516224084858 0 0 0 5.71011681232178e-11 5.90215781550833e-06 0.000968343665962814 3.12482005714715e-16 2.58786103895487e-21 3.08348797092691e-13 0 0.000999738266517799 2.09545724391253e-11 1.8546572308861e-08 2.74462940241878e-17 5.2226313336778e-10 5.16185585324764e-11 1.77012613514454e-06 4.77087737716621e-05 6.91072939996901e-18 7.7077818629007e-13 1.80605482431246e-10 1.37735703387848e-27 3.319404460537e-32 3.01103790797499e-24 1.50482630512612e-05 2.87584222685881e-06 5.19812975688303e-11 1.46289944680347e-10 8.61730836139034e-28 
3.28758905837135e-15 0 8.17863493927081e-07 1.12924430985148e-06 2.91767447146928e-23 1.93981134174694e-21 4.4126742946536e-22 9.43838188956775e-15 7.03437663714876e-18 6.55658447075482e-14 1.99771346678991e-20 3.8361479886502e-25 1.21515909813092e-21 1.33214959938907e-27 0 0 0 1.10125015239297e-24 7.80425888535169e-34 1.48098868457226e-28 4.64297532138735e-16 4.1988535272052e-19 8.28365106417183e-22 4.25878435837568e-18 2.34661896892204e-19 6.43576278506191e-22 7.16342063250983e-25 0 1.23341365232624e-19 6.09572727448896e-13 0 5.13481877422307e-32 9.99994303495884e-10 5.6964730382764e-15 0 3.10775347594262e-20 3.16233300122187e-05 9.99999999996196e-10 0 7.22093002886596e-16 
3.36882952787204e-14 3.04957235940002e-17 1.21808939002663e-13 7.31741404097453e-25 0 1.03444105844589e-21 1.77448769365906e-28 8.3500721058608e-19 8.50453527246979e-29 1.12615393331724e-21 0 0 7.26923310152837e-10 2.69663646510539e-10 1.48222110612091e-12 0 0 1.78462046566156e-26 1.46591028864082e-12 2.1406646688425e-17 8.86256799101481e-19 5.55445342552665e-26 0 0 0 4.62280446055511e-25 1.85399787754331e-21 3.48845223486271e-26 1.08817011456656e-18 8.4954241411973e-17 9.78498001079123e-15 4.35224356878342e-17 5.56708799668544e-21 3.74174499459978e-33 0 4.91093435799457e-16 0 4.79102330010873e-29 4.41640428903975e-28 2.01701975885388e-30 
0 1.22768973580899e-31 0 0 1.85144080155721e-34 0 0 0 5.73980888581153e-33 0 0 0 8.61710484347773e-23 2.49312731670801e-23 3.21393442157563e-18 5.44612790391049e-13 9.20230583876431e-14 0 0 4.3231826331765e-21 9.84007536452585e-19 1.59866884947859e-21 0 2.32389833425228e-25 0 1.48983227137571e-22 0 2.62027588318213e-22 0 1e-09 7.08325508684465e-21 1.61054315239875e-32 0 0 0 4.39661868474341e-33 2.29644910942101e-31 3.55658326140635e-30 0 1.18307170844267e-26 
0 0 1.7938373566166e-33 0 0 0 0 0 0 0 0 0 0 1.3306932592775e-13 7.20681887238126e-13 1.86286025493327e-27 4.24349953720777e-18 4.14712479982227e-27 2.01776822814312e-29 0 0 0 4.67268718427751e-18 7.09326934726932e-30 3.16312572972081e-15 0 6.03150876096636e-13 8.25118240125955e-18 6.12001271314275e-17 1.75226774834829e-15 8.96658399991107e-23 2.07488543595838e-29 3.61055230398644e-30 8.30634379559413e-12 9.7441448178591e-10 1.72544527388395e-11 6.14942279318407e-15 0 5.74734379258023e-28 1.67505377156598e-14 
9.78475007908575e-10 5.09215099895111e-11 8.02843235177012e-33 1.78214105886749e-33 0 0 0 1.29871664512582e-14 3.44515966053765e-25 4.44282754626054e-11 3.55566588301908e-21 0 0 0 0 0 8.18066548013179e-15 1.01755806048663e-15 1.5159389153514e-18 2.56966545707951e-07 1.74288636052177e-18 0 0 0 1.25751784815202e-23 2.86364834568438e-19 1.42775988988024e-32 0 0 0 0 2.79776042409197e-10 2.01585153147261e-17 2.65333673084339e-13 1.08384698348982e-11 6.7912515975015e-12 0 0 7.37015627714412e-10 1.674491662006e-24 
3.22094222707904e-17 4.22642566365146e-24 3.12650497374838e-07 0 0 0 0 1.57350380363783e-22 0 0 1.28551571405663e-27 2.28120498511377e-07 1.19517778642899e-18 3.91070750202985e-27 1.38188476399098e-14 2.16994030003615e-20 1.02713839157076e-32 1.57601435164501e-06 8.08809913918902e-16 1.94812443999598e-23 9.01062049177648e-10 0 0 0 0 8.5523633388448e-17 1.79932947371776e-24 5.45136467049342e-33 0 0 1.08871550052618e-12 2.62066656618709e-17 7.15222213521214e-26 0 0 0 0.000950519922075548 1.69719422713918e-10 2.744468499861e-23 1.53705227295913e-16 
0 0 0 3.16586494839394e-22 7.05907490679265e-13 7.06196030745684e-16 1.74043073273283e-24 1.8291600231843e-28 2.91029965503805e-12 0 3.50863844203995e-32 2.12224823747046e-09 1.21577969271873e-05 6.67388993216249e-25 3.34796964070747e-23 1.26388402973111e-16 9.99854762372779e-10 0 0 0 0 7.94247990684128e-11 0 0 0 0 0 0 0 0 0 0 0 3.9214556857614e-23 0 0 0 0 0 0 
0 0 4.66296700041897e-17 1.10028664226877e-18 0 0 4.85869350938799e-18 3.60375817566261e-17 1.03181962523058e-15 5.40294240231451e-23 1.01624269912181e-29 2.1260670546468e-30 8.30640722420821e-12 9.74421922570275e-10 1.72545844966341e-11 6.14946975118388e-15 0 3.38431277053522e-28 9.86352317700784e-15 1e-09 0 0 0 0.000417885541603796 1.15541774974204e-08 7.74014858529727e-15 0 0 2.51865313049844e-10 4.81314106202141e-19 6.43661642156415e-15 6.17150562335308e-08 7.34005308747979e-16 4.6623593469363e-17 9.99325407276248e-10 1.38941930264165e-18 2.35005589516087e-24 3.86640399510938e-20 6.74591291697597e-13 3.84015543231605e-21 
1.280133742749e-22 4.49795413158299e-08 9.89204684912452e-16 1.0401951270815e-10 3.10540416412387e-08 5.08148108131499e-10 2.3301439942016e-15 5.81256264979096e-13 5.18307700656494e-22 7.83417605618543e-15 2.39281877124836e-16 2.85514308455988e-22 3.4121916234257e-17 3.4961528913796e-09 2.11285188627211e-10 2.30118329001183e-14 1.26275326118113e-16 8.97390615929329e-20 0 3.96994798204836e-11 1.17190365380133e-09 3.80203957938077e-34 2.17552343358748e-27 0 0 0 0 0 0 0 0 0 0 0 0 0 0 0 0 0 
0 0 8.19394363863499e-10 1.10823467020782e-20 9.64368188645244e-10 3.56317672511066e-11 0 0 0.00130880800693146 7.85903763343287e-13 4.66185218222728e-08 2.42420236457475e-13 5.62345463566699e-13 1.14021782825611e-09 1.54258128024916e-18 2.84758759689084e-14 2.43338371021693e-07 2.894134158191e-15 1.08249327502642e-16 0 6.79742539390602e-26 4.08957886279378e-17 3.61169661545388e-11 9.63882992949673e-10 1.98697944040961e-17 0 0 2.40744063823794e-22 7.62593870352667e-19 1.22193260211121e-15 3.67028341095288e-18 1.66806563981525e-26 9.80160581464297e-10 1.9787156698808e-11 3.65225644123611e-25 1.05879157062877e-28 2.18547651373631e-22 1.25824776181967e-30 1.25652701748056e-22 6.67264953667024e-17 
3.31040436431954e-18 0 3.14928458647841e-26 2.1600138838941e-16 5.33268354955316e-17 1.47671658860413e-30 0 0 0 0 9.63263852813416e-24 0 3.61495374439797e-14 1.27720385226593e-14 5.56243985920693e-34 0 2.23238406332465e-16 3.98150759556678e-18 3.00105572907159e-21 0 0 0 0 4.99068338886052e-29 0 0 0 1.52743702129359e-15 8.35459214352494e-33 0 3.95331302448409e-31 3.52485396333994e-34 4.17876363597444e-28 6.82144770780995e-34 1.42935283256835e-30 9.62580690726696e-10 0 0 0 1.23124037290136e-32 
4.84515726960221e-19 1.17635097604806e-17 6.89335080334696e-25 1.96858987772515e-26 5.85164202644167e-26 0 0 0 0 0 0 4.57706368532562e-22 0 0 0 3.88005878004146e-26 0 5.13631334119534e-32 0 1.45358163416808e-22 0 5.53249828331442e-27 3.9300506528038e-26 1.06950540674414e-23 4.03722030598964e-23 0 2.27941708606453e-25 8.74293816255027e-27 9.41267938247783e-30 0 0 0 2.14662092164205e-26 7.28337104007764e-24 7.96322860769443e-27 2.00866720253354e-16 2.9664826615241e-11 4.37703283043134e-29 3.49204278851663e-34 1.1201439194159e-16 
9.36208902860932e-14 8.042412911643e-34 1.91783015630602e-28 3.15833903711383e-15 3.79078366777697e-16 7.01969535746495e-12 6.3730386298148e-13 0 0 0 0 8.2676503302031e-31 0 0 0 0 1.07132386951717e-22 0 3.00625442757629e-24 0 0 0 2.0620652323032e-27 6.76834385871483e-24 0 0 0 0 6.68521195232223e-24 0 0 0 0 0 0 0 0 0 0 0 
1.72335283996259e-29 0 0 2.66490167742412e-06 6.93514660820542e-27 1.04552416986149e-13 0 0 0 0 0 5.42437228034611e-28 2.1131228448555e-18 0 4.7084225563533e-26 1.00797715334786e-16 4.29323463211662e-11 9.57067550767996e-10 0 0 0 1.98962954969281e-12 1.31988409637128e-18 1.31907628876708e-22 0 2.15788948831497e-19 9.00815274713715e-18 9.46756047757276e-27 1.4174075854185e-16 2.91444321697034e-26 0 0 0 2.33742852507453e-13 1.15747399178484e-11 1.45173912198442e-21 0 4.0957314617645e-31 2.95506632850143e-26 3.60411777281522e-16 
2.75705338699132e-14 1.25472955084594e-14 1.79074277755037e-32 0 0 0 1.7828358162604e-15 8.03262519146682e-12 0 7.77145703784819e-30 3.15276047943006e-10 0 0 0 0 0 0 0 0 0 1.6050879505883e-32 8.98787533844116e-34 0 1e-09 0 0 1.089536418488e-32 0 0 0 0 0 0 0 0 0 0 0 0 0 
0 0 0 0 0 6.65242357181819e-19 0 3.10326395729257e-17 2.80601988277756e-20 4.14355314700085e-30 0 1.12220260102421e-16 3.47472580731873e-13 7.58172230715712e-10 2.07183597600746e-15 6.14822447831799e-27 0 9.69768226419555e-33 6.94069780145622e-12 0 2.33489559326493e-12 3.81638105843913e-19 5.43050103669465e-25 9.53010832953257e-25 0 1.631624097286e-31 0 2.55240575947187e-22 8.57533803129929e-21 4.30563638665552e-32 0 0 2.0136909552366e-29 0 0 0 1.08409509842539e-33 0 0 0 
7.5135514146036e-30 0 0 0 0 1.33622842337999e-12 1.61682551646849e-25 4.95694986305924e-13 7.92937070025393e-17 2.33653635327461e-12 2.72461496807362e-15 0 0 0 0 0 0 0 1.75116327290332e-28 0 0 0 0 0 2.9411761799722e-31 0 1.89594401803567e-16 0 0 5.58806653241006e-18 0 5.38698726859925e-24 0 0 0 4.12988520277448e-29 0 1.35051539198283e-15 0 9.98080528564267e-10 
1.13048669870365e-12 2.05841628365747e-18 1.31983078463552e-14 7.75784368633338e-13 2.13369414482341e-21 2.33758900605048e-17 8.16603450349507e-14 3.75263839135728e-28 1.06159614537185e-25 2.69984399629203e-21 2.3112473850861e-14 2.53425008720313e-15 8.25892956910113e-14 2.07488663346755e-34 0 0 1.30457076858746e-19 4.40566003420481e-26 8.823348113456e-34 5.42854376154149e-13 6.28220547901097e-06 2.40453050622967e-14 5.52132139897902e-05 1.62065620993994e-07 1.08771125037194e-17 8.06770031080427e-17 2.3099251129928e-15 9.17538833734531e-23 2.1232031755757e-29 4.75960676636838e-30 8.30629469591882e-12 9.7440872231363e-10 1.72543507459934e-11 8.18692095111637e-28 2.04565495121e-32 6.1493864433048e-15 0 7.57642989891309e-28 2.20813786945858e-14 4.63155072057944e-32 
0 0 0 0 0 0 0 0 0 0 0 0 0 0 0 0 0 0 0 0 0 2.62458430966196e-34 0 0 0 1.77406476579383e-18 4.75087829985032e-17 1.0578407274332e-12 1.48791832905608e-10 8.5015027708411e-10 0 5.36581081438205e-25 4.81263211507986e-33 2.07665831432017e-27 0 0 9.95750426964075e-10 2.22784171261953e-17 1.48679254641256e-12 5.65611366009761e-18 
1.65768944651519e-14 2.403053303519e-24 3.14897326714184e-19 2.74616067262418e-12 1.46708143858253e-17 2.17829695361805e-21 0 2.43187909542027e-29 1.25520925548774e-31 1.5868934453555e-17 4.45354082643067e-15 0 0 4.5515760804731e-24 0 1.924232360479e-27 5.97625202500264e-10 4.0237032808997e-10 0 4.56959939411282e-30 0 0 0 0 0 0 0 0 0 0 0 0 0 0 0 8.67629115174896e-20 9.95963668260426e-10 0 0 0 
0 0 0 1.33664494088585e-26 1.04495934032919e-15 1.04673603643511e-16 3.68719570984064e-12 3.10679023337023e-13 1.04895340265759e-23 3.730728664951e-14 0 0 0 0 0 0 1.58912304666123e-25 0 3.08857846913031e-27 9.3554976322367e-10 6.44502162773114e-11 2.04990181558643e-17 0 9.06144255773041e-32 0 4.58019244000647e-15 9.9938088020998e-10 0 1.27831169146101e-32 0 5.03054333251369e-19 1.22132382852071e-17 7.15818671320167e-25 0 0 0 0 0 0 0 
0 0 0 2.10025156946651e-19 1.0447680494525e-29 0 5.15760008803756e-24 9.02866399083896e-24 1.20818355918019e-27 2.20353436613123e-25 1.39638336440922e-30 0 0 3.72100506231748e-33 0 1.01931143809444e-25 0 0 0 7.53750691623382e-25 7.45196747498171e-29 1.02935002510441e-33 0 0 0 4.25232378435267e-26 8.30236609050134e-19 6.1451955206888e-13 0 0 0 0 4.57103164419723e-34 9.00467910233083e-34 2.19132902378893e-29 8.73279590250495e-30 5.24310701057276e-31 0 0 0 
2.56481847932488e-34 0 0 0 0 0 0 0 0 0 0 0 0 0 1.34564115830526e-20 5.98874868513161e-18 2.84352149057594e-19 2.2887346067948e-24 0 1.61434187770805e-29 1.22050771143788e-32 1.82336689967118e-28 3.77200605584983e-32 0 0 0 0 0 0 0 0 0 3.42601954077562e-26 0 0 0 0 0 0 0 
0 5.37691770331963e-17 3.66349450907699e-21 1.39055973366807e-33 7.32206087457054e-18 9.43090110465161e-26 0 0 0 2.46539308479964e-21 0 2.76985210686404e-33 0 2.10054338174756e-31 1.51548601361614e-25 0 2.47817354974655e-29 9.2639577924574e-18 1.13013654069104e-18 1.26020955823759e-13 5.7338023826619e-13 1.64139278620641e-14 2.00924809167515e-30 2.40496601379304e-15 2.85511469653809e-24 5.95697421936255e-13 0 1.20364951146789e-28 0 7.03411923072853e-29 0 0 0 0 0 0 0 0 0 0 
5.23165399813121e-28 6.43499766574484e-10 3.74645064936349e-15 0 0 8.10563038455447e-27 2.44410928508541e-20 0 0 0 0 0 2.5128009825181e-07 0.000556460012588693 2.13444739927768e-11 55.3495842433661 1.250107192122 2.44043381450355e-09 0.000376454673946229 0.0409477325664012 2.84915837007377e-08 2.06530079618255e-15 9.20575153201591e-10 2.20407376980795e-17 0.000499748719901748 0 0 0 0 0 0 0 0 0 0 0 0 0 0 0 
0 0 0 0 0 0 0 0 0.0168932585144467 0 0 0 0 0 0 0 0 0 0 0 0 0 0 0 0 0 0 0 0 0 0 0 0 0 0 0 0 0 0 0 
0 0 0 0 0 0 0 0.213689710812514 0 0 0 0 0 0 0 0 0 0 0 0 0 0 0 0 0 0 0 0 0 0 0.000994458940017993 0 0 0 0 0 2.83294997189574e-10 0 0 0 
0 0 0.011527593448011 0 0 0 0 0 0 0 0 0 0 9.99389957915679e-10 0 0 0 0 0 0 0 0 0 0 0 0 0 0 9.99989572061381e-10 0 0 0 0 0 0 0 0 0 0 0 
0 0 0 0 0 0 0 0 0 0 0 0 0 0 0 0 0 0 4.99569956806052e-10 0 0 0 0 0 0 0 0 0 0 0 0 0 4.99681679973418e-10 0 0.223475708061458 0 0 0 0 0 
0 0 0 0.0474462053357063 0 0 0 0 0 0 0 0 0 0 0 0 0 0.21801637395554 0 0 0 0 0 0 0 0 0 0 0 0 0 0 0 0 0 0 0 0 0 0 
0 0 0 0 0 0 0.00301953376955853 0 0 0 0 0 0 0 0 0 0 0 0 0 0 0 0 0 0 0 0 0 0 0 0 0 0 0 0 0 0 0 0 0 
0 0 0 0 0 0 0 0 0 0 0 0 0 0 0 0 0 0 0 0 0 0 0 0 0 0 0 0 0 0 0 0 0 0 0 0 0 0 0 0 
0 0 0 0 0 0 0 0 0 0 0 0 0 0 0 0 0 0 0 0 0 0 0 0 0 0 0 0 0 0 0 0 0 0 0 0 0 0 0 0 
0 0 0 0 0 0 0 9.78126849125345e-10 0 0 0 0 6.84723952056994e-10 0 0 0 0 0 0 2.28029677766685e-10 0 0 0 0 0 0 0 0 0 0 0 0 0 8.33333333333333e-08 0 0 0 0 0 0 
0 0 0 0 0 0 0 0 0 0 0 0 0 0 0 0 0 0 0 0 0 0 0 0 0 0 0 0 0 0 0 0 0 0 0 0 0 0 0 0 
9.98686010998634e-10 0 0 0 3.56421475616129e-10 0 
<XY>
1.06818983882209e-13 5.2664610363637e-10 2.47692486742631e-22 4.64052511109538e-10 2.47891105126282e-19 2.23166629388364e-25 1.91317788968174e-31 3.29925579546568e-18 0 3.9845306684388e-13 8.71901678302885e-12 7.638152415248e-14 7.11348177982092e-16 0 2.63694329533e-24 9.99884121110675e-10 9.81182090738055e-26 2.84685738796832e-30 0 0 0 0 0 8.57889710163916e-29 1.39485093871783e-31 0 0 0 0 0 3.05772069697357e-18 3.15689645455878e-17 1.60105070731975e-28 2.16712881561612e-32 0 0 1.17284572587545e-28 8.14860823135809e-27 0 1.03011904637671e-23 
0 5.79221313295389e-14 0 0 0 1.30284353081451e-25 8.92283143907307e-28 0 0 0 0 0 3.83917971760154e-15 1.67459329039537e-09 5.84152127469673e-06 0 0 0 4.49696982993843e-20 7.07065163618308e-18 9.9244936906973e-25 0 0 0 1.27703516251602e-22 0 0 0 0 0 0 0 0 0 0 0 0 0 0 0 
0 0 0 1.00000000000097e-09 0 0 0 0 0 0 0 0 0 0 0 0 0 0 0 0 0 0 2.7746837812343e-15 2.9566530487291e-11 9.70416874786011e-10 0 1.38043989428037e-20 0 0 1.89059482505097e-28 0 2.80411375767215e-11 9.14070759569193e-10 9.969748063292e-10 1.94275490021356e-17 1.15553753629077e-12 3.18457741001137e-18 1.07161024006874e-14 1.95567681268346e-24 2.50439400829899e-19 
1.85891540153251e-12 1.76598863767464e-18 2.08281533393428e-21 0 0 9.99999999999957e-10 0.00143385399115938 3.5455090403456e-31 6.33094026342181e-11 4.98800921821862e-06 0.00143519523864087 0 0 0 5.71011681232718e-11 5.90215781550825e-06 0.000968309378213257 3.12862409624001e-16 2.59109088772883e-21 3.083487970925e-13 0 0.0009997382665151 2.0954572439132e-11 1.85465723116142e-08 2.74462940241878e-17 5.22263133359989e-10 5.16185585324977e-11 1.77012616013504e-06 4.77088101436143e-05 6.910729399969e-18 7.70778186200475e-13 1.80605482431775e-10 1.38032473590263e-27 0 3.01103790797499e-24 1.50482648664739e-05 2.87584222685977e-06 5.1981297568787e-11 1.46289941452773e-10 8.63598552757423e-28 
3.28758905837135e-15 0 8.17863499287861e-07 1.12924430986454e-06 2.92395650526097e-23 1.93981134174694e-21 4.4126742946536e-22 9.43838188956775e-15 7.04930883161114e-18 6.5565844707548e-14 1.99771346678991e-20 3.8361479886502e-25 1.21515909813092e-21 1.33214959938907e-27 0 0 0 1.10125015239297e-24 0 1.48098868457226e-28 4.64297532138735e-16 4.1988535272052e-19 8.28365106417183e-22 4.25878435837568e-18 2.34661896892204e-19 6.43576278506191e-22 7.16342063250983e-25 0 1.23341365232624e-19 6.09572727448893e-13 0 0 9.99994303495706e-10 5.69647299721711e-15 0 3.10775347594249e-20 3.16576177599724e-05 9.99999999995992e-10 0 7.22927697150682e-16 
3.36882952787181e-14 3.04957235940002e-17 1.21808939002633e-13 7.31741404097453e-25 0 1.03444105844589e-21 1.77448769365906e-28 8.3500721058608e-19 0 1.12615393331724e-21 0 0 7.26923309085623e-10 2.69663646363092e-10 1.48222110611649e-12 0 0 1.78462046566156e-26 1.4659102886365e-12 2.1406646688425e-17 8.86256799101481e-19 5.55445342552665e-26 0 0 0 4.62280446055511e-25 1.85399787754331e-21 3.48845223486271e-26 1.08817011456656e-18 8.4954241411973e-17 9.78498001079123e-15 4.35224356878342e-17 5.56708799668544e-21 0 0 4.91093435799457e-16 0 4.79102330010873e-29 4.41640428903975e-28 2.01933996789629e-30 
0 1.22768973580899e-31 0 0 0 0 0 0 0 0 0 0 8.61710484347773e-23 2.49312731670801e-23 3.21393442157563e-18 5.44612790391049e-13 9.20230583876431e-14 0 0 4.3231826331765e-21 9.85037785424472e-19 1.59866884947859e-21 0 2.32389833425228e-25 0 1.48983227137571e-22 0 2.62308319360103e-22 0 1.00000000000022e-09 7.08325508684465e-21 0 0 0 0 0 0 3.55658326140635e-30 0 1.18307170844267e-26 
0 0 0 0 0 0 0 0 0 0 0 0 0 1.3306932592775e-13 7.20681887238126e-13 1.86286025493327e-27 4.24349953720777e-18 4.14712479982227e-27 2.01776822814312e-29 0 0 0 4.67268718427751e-18 7.09326934726932e-30 3.16312572972081e-15 0 6.04352068826851e-13 8.26069045367046e-18 6.12001271314275e-17 1.75226774834829e-15 8.96658399991107e-23 2.07488543595838e-29 0 8.30634379559389e-12 9.74414481774895e-10 1.72544527388336e-11 6.14942279318407e-15 0 5.74734379258023e-28 1.67505377156598e-14 
9.78475007907858e-10 5.09215099895526e-11 0 0 0 0 0 1.29871664512582e-14 3.44515966053765e-25 4.44282754626054e-11 3.55566588301908e-21 0 0 0 0 0 8.19000566782024e-15 1.01755806048663e-15 1.5159389153514e-18 2.56966545707233e-07 1.74288636052177e-18 0 0 0 1.25751784815202e-23 2.86364834568438e-19 0 0 0 0 0 2.79776042409197e-10 2.01585153147261e-17 2.65333673084339e-13 1.08384698348972e-11 6.79125159750113e-12 0 0 7.3701562771876e-10 1.674491662006e-24 
3.22094222707904e-17 4.22642566365146e-24 3.12650497375032e-07 0 0 0 0 1.57350380363783e-22 0 0 1.28551571405663e-27 2.28120498511531e-07 1.19517778642899e-18 3.91070750202985e-27 1.38188476399092e-14 2.16994030003615e-20 0 1.57601433173483e-06 8.08809913918902e-16 1.94812443999598e-23 9.01062049141449e-10 0 0 0 0 8.5523633388448e-17 1.79932947371776e-24 0 0 0 1.08995947166943e-12 2.62066656618709e-17 7.15222213521214e-26 0 0 0 0.000950519885678765 1.69719422714147e-10 2.744468499861e-23 1.53705227295913e-16 
0 0 0 3.16586494839394e-22 7.05907490679261e-13 7.06196030745608e-16 1.74043073273283e-24 0 2.91029965376059e-12 0 3.50863844203995e-32 2.12224823747047e-09 1.2157795744235e-05 6.67388993216249e-25 3.34796964070747e-23 1.26388402973111e-16 9.99854762373028e-10 0 0 0 0 7.94247990684128e-11 0 0 0 0 0 0 0 0 0 0 0 3.9214556857614e-23 0 0 0 0 0 0 
0 0 4.66296700041897e-17 1.10028664226877e-18 0 0 4.86429230661301e-18 3.60375817566261e-17 1.03181962523058e-15 5.40294240231451e-23 1.01624269912181e-29 0 8.30640722420833e-12 9.74421922564435e-10 1.72545844966299e-11 6.14946975118388e-15 0 3.38431277053522e-28 9.86352317700784e-15 1.00000000000005e-09 0 0 0 0.000417885541619521 1.15541774952817e-08 7.74903327262279e-15 0 0 2.51865313049335e-10 4.81314106202141e-19 6.4366164215579e-15 6.17150562030457e-08 7.34005308747898e-16 4.6623593469363e-17 9.99325407275914e-10 1.38941930264165e-18 2.35005589516087e-24 3.86640399510938e-20 6.74591291697593e-13 3.84015543231605e-21 
1.280133742749e-22 4.49795413528625e-08 9.89204684912452e-16 1.04019512708175e-10 3.10540416081763e-08 5.08148108132089e-10 2.3301439942016e-15 5.812562649791e-13 5.18307700656494e-22 7.83417605618542e-15 2.39281877124836e-16 2.85514308455988e-22 3.41219162342569e-17 3.4961528915055e-09 2.11285188627313e-10 2.30118329001183e-14 1.26275326118111e-16 8.97390615929329e-20 0 3.96994798204998e-11 1.17190365380448e-09 0 0 0 0 0 0 0 0 0 0 0 0 0 0 0 0 0 0 0 
0 0 8.19394363863617e-10 1.10823467020782e-20 9.64368188645553e-10 3.56317672511172e-11 0 0 0.00130880800693058 7.85903763343287e-13 4.66185217874567e-08 2.42698439789344e-13 5.62345463566699e-13 1.14021782824569e-09 1.54258128024916e-18 2.84758759687861e-14 2.43338370547744e-07 2.89413415818973e-15 1.08249327502642e-16 0 6.79742539390602e-26 4.08957886279378e-17 3.61169661545519e-11 9.63882992951563e-10 1.98697944040865e-17 0 0 2.40744063823794e-22 7.62593870352653e-19 1.22193260207508e-15 3.67751636725578e-18 1.66806563981525e-26 9.80137335936745e-10 1.98104022210292e-11 3.65225644123611e-25 1.05879157062877e-28 2.18547651373631e-22 1.25824776181967e-30 1.25652701748056e-22 6.67264953665947e-17 
3.31040436431927e-18 0 3.14928458647841e-26 2.16001388388281e-16 5.33268354954628e-17 1.47671658860413e-30 0 0 0 0 9.63263852813416e-24 0 3.6149537412359e-14 1.27720385187121e-14 5.56921486963749e-34 0 2.23238406331259e-16 3.98150759556639e-18 3.00105572907159e-21 0 0 0 0 4.99068338886052e-29 0 0 0 1.52743702123714e-15 0 0 0 0 0 0 0 9.62580690708675e-10 0 0 0 0 
4.84515726960221e-19 1.17769514134042e-17 6.89335080334696e-25 1.96858987772515e-26 5.85164202644167e-26 0 0 0 0 0 0 4.57706368532562e-22 0 0 0 3.88399298648566e-26 0 0 0 1.45358163416808e-22 0 5.54273922216197e-27 3.93415624589842e-26 1.06950540674414e-23 4.03722030598964e-23 0 2.28201293579544e-25 8.76031688386972e-27 9.41267938247783e-30 0 0 0 2.14662092164205e-26 7.28337104007764e-24 7.96322860769443e-27 2.00866720253354e-16 2.96648266152239e-11 4.37703283043134e-29 0 1.1201439194159e-16 
9.36208902860929e-14 0 1.91783015630602e-28 3.15833903711383e-15 3.79078366777697e-16 7.01969535746399e-12 6.37303862981472e-13 0 0 0 0 0 0 0 0 0 1.07132386951717e-22 0 3.00625442757629e-24 0 0 0 2.06417984078509e-27 6.76834385871483e-24 0 0 0 0 6.68521195232223e-24 0 0 0 0 0 0 0 0 0 0 0 
1.72335283996259e-29 0 0 2.6649015636556e-06 0 1.04664584526202e-13 0 0 0 0 0 5.42437228034611e-28 2.1131228448555e-18 0 4.7084225563533e-26 1.00797715334786e-16 4.29323463211861e-11 9.57067550770582e-10 0 0 0 1.98962954858361e-12 1.31988409637128e-18 1.31907628876708e-22 0 2.15788948831497e-19 9.00815274713712e-18 9.46756047757276e-27 1.41740758541845e-16 2.91444321697034e-26 0 0 0 2.34010983515728e-13 1.15747398803089e-11 1.45173912198442e-21 0 0 0 3.60411777281485e-16 
2.75705338697002e-14 1.25472955084153e-14 0 0 0 0 1.78283581625951e-15 8.03262517338707e-12 0 7.77145703784819e-30 3.15276047943006e-10 0 0 0 0 0 0 0 0 0 1.6050879505883e-32 8.98787533844116e-34 0 1e-09 0 0 1.089536418488e-32 0 0 0 0 0 0 0 0 0 0 0 0 0 
0 0 0 0 0 6.66019722530432e-19 0 3.10326395729257e-17 2.80883600972625e-20 0 0 1.12220260102421e-16 3.47472580731872e-13 7.58172230716976e-10 2.07183597600746e-15 6.14822447831799e-27 0 0 6.94069780145672e-12 0 2.33489559326494e-12 3.81638105843913e-19 5.43050103669465e-25 9.53010832953257e-25 0 0 0 2.55240575947187e-22 8.57533803129929e-21 0 0 0 2.0136909552366e-29 0 0 0 0 0 0 0 
7.5135514146036e-30 0 0 0 0 1.33622842338e-12 1.61682551646849e-25 4.95694986305924e-13 7.92937070025393e-17 2.33653635327463e-12 2.72461496807362e-15 0 0 0 0 0 0 0 1.75116327290332e-28 0 0 0 0 0 2.9411761799722e-31 0 1.89594401803567e-16 0 0 5.58806653241006e-18 0 5.39248678579168e-24 0 0 0 4.12988520277448e-29 0 1.35051539198283e-15 0 9.98080528563309e-10 
1.13048669870363e-12 2.05841628365747e-18 1.31983078463552e-14 7.75784368633333e-13 2.13369414482341e-21 2.33758900605048e-17 8.16603450349506e-14 3.75263839135728e-28 1.06159614537185e-25 2.69984399629203e-21 2.3112473850861e-14 2.53425008720313e-15 8.25892956910112e-14 0 0 0 1.30457076858746e-19 4.40566003420481e-26 0 5.43435632890921e-13 6.2822054789466e-06 2.40905471694434e-14 5.5213189584438e-05 1.62065620573493e-07 1.08896464870192e-17 8.06770031080427e-17 2.3099251129928e-15 9.17538833734531e-23 2.1232031755757e-29 0 8.30629469591851e-12 9.74408722301644e-10 1.72543507459873e-11 8.20354925034985e-28 0 6.1493864433048e-15 0 7.57642989891309e-28 2.20813786945858e-14 0 
0 0 0 0 0 0 0 0 0 0 0 0 0 0 0 0 0 0 0 0 0 0 0 0 0 1.77406476579383e-18 4.75087829985032e-17 1.05784072743321e-12 1.48791832905763e-10 8.5015027708337e-10 0 5.36581081438205e-25 0 2.07665831432017e-27 0 0 9.95750426964443e-10 2.22784171261953e-17 1.48679254641252e-12 5.65611366009761e-18 
1.65768944651519e-14 2.403053303519e-24 3.14897326714184e-19 2.74616067262412e-12 1.46708143858253e-17 2.17829695361805e-21 0 2.43187909542027e-29 0 1.5868934453555e-17 4.45354082643067e-15 0 0 4.5515760804731e-24 0 1.924232360479e-27 5.97625202500605e-10 4.02370328088829e-10 0 0 0 0 0 0 0 0 0 0 0 0 0 0 0 0 0 8.67629115174896e-20 9.95963668260782e-10 0 0 0 
0 0 0 1.33818483741555e-26 1.04495934032919e-15 1.04673603643511e-16 3.68719570984054e-12 3.10679023337022e-13 1.05194885416243e-23 3.73072866495099e-14 0 0 0 0 0 0 1.58912304666123e-25 0 3.08857846913031e-27 9.35549763222062e-10 6.44502162772705e-11 2.04990181558643e-17 0 0 0 4.58019244000647e-15 9.99380880198456e-10 0 0 0 5.03054333251369e-19 1.22271931447269e-17 7.15818671320167e-25 0 0 0 0 0 0 0 
0 0 0 2.10025156946651e-19 1.0447680494525e-29 0 5.15760008803756e-24 9.0450640249148e-24 1.21166574076285e-27 2.20353436613123e-25 1.39638336440922e-30 0 0 0 0 1.01931143809444e-25 0 0 0 7.54606134686694e-25 7.45196747498171e-29 0 0 0 0 4.25232378435267e-26 8.30236609050134e-19 6.14519552068876e-13 0 0 0 0 0 0 2.19132902378893e-29 8.73279590250495e-30 0 0 0 0 
0 0 0 0 0 0 0 0 0 0 0 0 0 0 1.34564115830526e-20 5.98874868513161e-18 2.84352149057594e-19 2.2887346067948e-24 0 1.61434187770805e-29 0 1.82336689967118e-28 0 0 0 0 0 0 0 0 0 0 3.42601954077562e-26 0 0 0 0 0 0 0 
0 5.37691770331963e-17 3.66349450907699e-21 0 7.32206087457054e-18 9.43090110465161e-26 0 0 0 2.46539308479964e-21 0 0 0 0 1.51548601361614e-25 0 0 9.2639577924574e-18 1.13013654069104e-18 1.26020955823759e-13 5.73380238266187e-13 1.64139278620641e-14 0 2.40496601379304e-15 2.85511469653809e-24 5.95697421936253e-13 0 1.20364951146789e-28 0 0 0 0 0 0 0 0 0 0 0 0 
5.23165399813121e-28 6.43499766561905e-10 3.74645064936349e-15 0 0 8.10563038455447e-27 2.44410928508541e-20 0 0 0 0 0 2.5128009825181e-07 0.000556457534168308 2.13444739927804e-11 55.3495842471314 1.25010719223171 2.44043381450347e-09 0.000376454674366984 0.0409477325664033 2.84915837007385e-08 2.06530079618255e-15 9.20575153201596e-10 2.20407376980795e-17 0.000499748719901746 0 0 0 0 0 0 0 0 0 0 0 0 0 0 0 
0 0 0 0 0 0 0 0 0.0168932585147221 0 0 0 0 0 0 0 0 0 0 0 0 0 0 0 0 0 0 0 0 0 0 0 0 0 0 0 0 0 0 0 
0 0 0 0 0 0 0 0.213689710703167 0 0 0 0 0 0 0 0 0 0 0 0 0 0 0 0 0 0 0 0 0 0 0.000994458940133201 0 0 0 0 0 2.83294960879833e-10 0 0 0 
0 0 0.0115275948090693 0 0 0 0 0 0 0 0 0 0 9.99389957915534e-10 0 0 0 0 0 0 0 0 0 0 0 0 0 0 9.99989572061276e-10 0 0 0 0 0 0 0 0 0 0 0 
0 0 0 0 0 0 0 0 0 0 0 0 0 0 0 0 0 0 4.99569956806035e-10 0 0 0 0 0 0 0 0 0 0 0 0 0 4.99681679973396e-10 0 0.223475709843789 0 0 0 0 0 
0 0 0 0.0474462039990158 0 0 0 0 0 0 0 0 0 0 0 0 0 0.218016373956128 0 0 0 0 0 0 0 0 0 0 0 0 0 0 0 0 0 0 0 0 0 0 
0 0 0 0 0 0 0.00301953376955664 0 0 0 0 0 0 0 0 0 0 0 0 0 0 0 0 0 0 0 0 0 0 0 0 0 0 0 0 0 0 0 0 0 
0 0 0 0 0 0 0 0 0 0 0 0 0 0 0 0 0 0 0 0 0 0 0 0 0 0 0 0 0 0 0 0 0 0 0 0 0 0 0 0 
0 0 0 0 0 0 0 0 0 0 0 0 0 0 0 0 0 0 0 0 0 0 0 0 0 0 0 0 0 0 0 0 0 0 0 0 0 0 0 0 
0 0 0 0 0 0 0 9.78126581051083e-10 0 0 0 0 6.84723952056995e-10 0 0 0 0 0 0 2.28029677766799e-10 0 0 0 0 0 0 0 0 0 0 0 0 0 8.33333333338636e-08 0 0 0 0 0 0 
0 0 0 0 0 0 0 0 0 0 0 0 0 0 0 0 0 0 0 0 0 0 0 0 0 0 0 0 0 0 0 0 0 0 0 0 0 0 0 0 
9.98686010998779e-10 0 0 0 3.5642147561227e-10 0 
<XU>
0 0 0 0 0 0 0 0 0 0 0 0 0 0 0 0 0 0 0 0 0 0 0 0 0 0 0 0 0 0 0 0 0 0 0 0 0 0 0 0 
0 0 0 0 0 0 0 0 0 0 0 0 0 0 0 0 0 0 0 0 0 0 0 0 0 0 0 0 0 0 0 0 0 0 0 0 0 0 0 0 
0 0 0 0 0 0 0 0 0 0 0 0 0 0 0 0 0 0 0 0 0 0 0 0 0 0 0 0 0 0 0 0 0 0 0 0 0 0 0 0 
0 0 0 0 0 0 0 0 0 0 0 0 0 0 0 0 0 0 0 0 0 0 0 0 0 0 0 0 0 0 0 0 0 0 0 0 0 0 0 0 
0 0 0 0 0 0 0 0 0 0 0 0 0 0 0 0 0 0 0 0 0 0 0 0 0 0 0 0 0 0 0 0 0 0 0 0 0 0 0 0 
0 0 0 0 0 0 0 0 0 0 0 0 0 0 0 0 0 0 0 0 0 0 0 0 0 0 0 0 0 0 0 0 0 0 0 0 0 0 0 0 
0 0 0 0 0 0 0 0 0 0 0 0 0 0 0 0 0 0 0 0 0 0 0 0 0 0 0 0 0 0 0 0 0 0 0 0 0 0 0 0 
0 0 0 0 0 0 0 0 0 0 0 0 0 0 0 0 0 0 0 0 0 0 0 0 0 0 0 0 0 0 0 0 0 0 0 0 0 0 0 0 
0 0 0 0 0 0 0 0 0 0 0 0 0 0 0 0 0 0 0 0 0 0 0 0 0 0 0 0 0 0 0 0 0 0 0 0 0 0 0 0 
0 0 0 0 0 0 0 0 0 0 0 0 0 0 0 0 0 0 0 0 0 0 0 0 0 0 0 0 0 0 0 0 0 0 0 0 0 0 0 0 
0 0 0 0 0 0 0 0 0 0 0 0 0 0 0 0 0 0 0 0 0 0 0 0 0 0 0 0 0 0 0 0 0 0 0 0 0 0 0 0 
0 0 0 0 0 0 0 0 0 0 0 0 0 0 0 0 0 0 0 0 0 0 0 0 0 0 0 0 0 0 0 0 0 0 0 0 0 0 0 0 
0 0 0 0 0 0 0 0 0 0 0 0 0 0 0 0 0 0 0 0 0 0 0 0 0 0 0 0 0 0 0 0 0 0 0 0 0 0 0 0 
0 0 0 0 0 0 0 0 0 0 0 0 0 0 0 0 0 0 0 0 0 0 0 0 0 0 0 0 0 0 0 0 0 0 0 0 0 0 0 0 
0 0 0 0 0 0 0 0 0 0 0 0 0 0 0 0 0 0 0 0 0 0 0 0 0 0 0 0 0 0 0 0 0 0 0 0 0 0 0 0 
0 0 0 0 0 0 0 0 0 0 0 0 0 0 0 0 0 0 0 0 0 0 0 0 0 0 0 0 0 0 0 0 0 0 0 0 0 0 0 0 
0 0 0 0 0 0 0 0 0 0 0 0 0 0 0 0 0 0 0 0 0 0 0 0 0 0 0 0 0 0 0 0 0 0 0 0 0 0 0 0 
0 0 0 0 0 0 0 0 0 0 0 0 0 0 0 0 0 0 0 0 0 0 0 0 0 0 0 0 0 0 0 0 0 0 0 0 0 0 0 0 
0 0 0 0 0 0 0 0 0 0 0 0 0 0 0 0 0 0 0 0 0 0 0 0 0 0 0 0 0 0 0 0 0 0 0 0 0 0 0 0 
0 0 0 0 0 0 0 0 0 0 0 0 0 0 0 0 0 0 0 0 0 0 0 0 0 0 0 0 0 0 0 0 0 0 0 0 0 0 0 0 
0 0 0 0 0 0 0 0 0 0 0 0 0 0 0 0 0 0 0 0 0 0 0 0 0 0 0 0 0 0 0 0 0 0 0 0 0 0 0 0 
0 0 0 0 0 0 0 0 0 0 0 0 0 0 0 0 0 0 0 0 0 0 0 0 0 0 0 0 0 0 0 0 0 0 0 0 0 0 0 0 
0 0 0 0 0 0 0 0 0 0 0 0 0 0 0 0 0 0 0 0 0 0 0 0 0 0 0 0 0 0 0 0 0 0 0 0 0 0 0 0 
0 0 0 0 0 0 0 0 0 0 0 0 0 0 0 0 0 0 0 0 0 0 0 0 0 0 0 0 0 0 0 0 0 0 0 0 0 0 0 0 
0 0 0 0 0 0 0 0 0 0 0 0 0 0 0 0 0 0 0 0 0 0 0 0 0 0 0 0 0 0 0 0 0 0 0 0 0 0 0 0 
0 0 0 0 0 0 0 0 0 0 0 0 0 0 0 0 0 0 0 0 0 0 0 0 0 0 0 0 0 0 0 0 0 0 0 0 0 0 0 0 
0 0 0 0 0 0 0 0 0 0 0 0 0 0 0 0 0 0 0 0 0 0 0 0 0 0 0 0 0 0 0 0 0 0 0 0 0 0 0 0 
0 0 0 0 0 0 0 0 0 0 0 0 0 0 0 0 0 0 0 0 0 0 0 0 0 0 0 0 0 0 0 0 0 0 0 0 0 0 0 0 
0 0 0 0 0 0 0 0 0 0 0 0 0 0 0 0 0 0 0 0 0 0 0 0 0 0 0 0 0 0 0 0 0 0 0 0 0 0 0 0 
0 0 0 0 0 0 0 0 0 0 0 0 0 0 0 0 0 0 0 0 0 0 0 0 0 0 0 0 0 0 0 0 0 0 0 0 0 0 0 0 
0 0 0 0 0 0 0 0 0 0 0 0 0 0 0 0 0 0 0 0 0 0 0 0 0 0 0 0 0 0 0 0 0 0 0 0 0 0 0 0 
0 0 0 0 0 0 0 0 0 0 0 0 0 0 0 0 0 0 0 0 0 0 0 0 0 0 0 0 0 0 0 0 0 0 0 0 0 0 0 0 
0 0 0 0 0 0 0 0 0 0 0 0 0 0 0 0 0 0 0 0 0 0 0 0 0 0 0 0 0 0 0 0 0 0 0 0 0 0 0 0 
0 0 0 0 0 0 0 0 0 0 0 0 0 0 0 0 0 0 0 0 0 0 0 0 0 0 0 0 0 0 0 0 0 0 0 0 0 0 0 0 
0 0 0 0 0 0 0 0 0 0 0 0 0 0 0 0 0 0 0 0 0 0 0 0 0 0 0 0 0 0 0 0 0 0 0 0 0 0 0 0 
0 0 0 0 0 0 0 0 0 0 0 0 0 0 0 0 0 0 0 0 0 0 0 0 0 0 0 0 0 0 0 0 0 0 0 0 0 0 0 0 
0 0 0 0 0 0 0 0 0 0 0 0 0 0 0 0 0 0 0 0 0 0 0 0 0 0 0 0 0 0 0 0 0 0 0 0 0 0 0 0 
0 0 0 0 0 0 0 0 0 0 0 0 0 0 0 0 0 0 0 0 0 0 0 0 0 0 0 0 0 0 0 0 0 0 0 0 0 0 0 0 
0 0 0 0 0 0 0 0 0 0 0 0 0 0 0 0 0 0 0 0 0 0 0 0 0 0 0 0 0 0 0 0 0 0 0 0 0 0 0 0 
0 0 0 0 0 0 
<MU>
1.58438770008356e-23 3.86083892768202e-16 8.53841262784523e-41 2.99718564603332e-16 8.55213055219603e-35 6.93126120575026e-47 5.09408029805701e-59 1.5149462978064e-32 1.07055916342546e-48 2.20977392365906e-22 1.05803556871733e-19 8.12000001615557e-24 7.04323391865351e-28 0 9.6778964233165e-45 -2.24249438425121e-22 -4.37965935831194e-52 -3.667285199516e-61 0 0 0 0 0 3.32130732246355e-58 -8.62660062722288e-64 0 0 0 0 3.37365680601769e-62 4.21199184061069e-37 -2.20715621912247e-37 -1.17349924707458e-57 -2.16349828893709e-65 0 0 6.19841927955291e-58 -1.43359960994984e-56 0 9.56144534158899e-48 
0 -1.58079660168154e-28 0 0 0 -2.3002805251779e-51 -1.04769064443745e-55 -9.39880278642595e-63 0 0 0 0 -6.67347464543288e-31 -1.53296923303219e-26 1.5449945446027e-12 0 0 0 -1.83123907584532e-40 -2.05165796400154e-36 -3.6245624692978e-50 -7.81094668091502e-67 0 0 -1.47661256253755e-45 0 0 0 0 0 0 0 0 0 0 0 0 0 0 0 
0 0 0 -5.48007155816381e-21 0 0 0 0 0 0 0 0 0 0 0 0 0 0 0 0 0 0 1.4144567521462e-28 1.59773071291541e-20 1.72541697125383e-17 0 -8.40733015979072e-42 -5.71118399804718e-65 0 -3.56704751968141e-57 0 -3.80237537535019e-23 -2.57404931672929e-21 -3.5892695818243e-22 -1.29906155478694e-36 1.20520577297533e-25 3.93252113995662e-38 5.16559332103112e-30 3.26291269231245e-45 5.35105777894964e-35 
1.55208924206863e-25 2.6609283781722e-33 3.91532526853933e-43 0 3.61229994779652e-59 2.43191100090596e-22 -8.16426690179083e-16 5.46119653137774e-63 2.69253897327889e-25 2.25466297415754e-12 -1.86659046495235e-07 0 0 0 -3.05517431468522e-22 4.71871685233106e-19 1.9395596475102e-07 1.10669344244735e-30 7.5902597838743e-41 1.0819217816897e-24 0 1.52677709536092e-14 -3.79297748453113e-23 -1.55740749959787e-17 8.76130086598047e-35 4.40730397876827e-20 -1.20638707576081e-22 -1.41364120985158e-13 -2.05745701068e-10 4.07392571181727e-32 5.06812375007991e-22 -2.98841429889649e-21 -1.35373654285032e-55 2.12339623057131e-65 5.86432749334605e-49 -1.02681379014762e-11 -5.45003214415849e-18 2.44858389935323e-22 1.82574601702807e-17 -1.43923885033863e-55 
-5.999264574187e-35 0 -3.03243929812672e-14 -7.38821177796426e-17 -1.56128460584565e-46 2.45918525270369e-43 3.03709056315928e-44 7.2287473358844e-30 -4.68820165043914e-37 7.38404798347224e-28 -3.58091839579739e-41 1.34671225378188e-50 1.31807381833419e-45 -1.57185752426575e-55 0 0 0 -5.3826899630282e-50 5.19552117458229e-64 1.87107982226329e-53 1.75546291124049e-34 8.12504372804421e-39 6.26879143185e-44 -8.06324577990353e-37 4.54547450214866e-41 1.90950852105752e-44 4.68907234900987e-50 0 -6.76241371236048e-40 1.71264656980187e-26 0 2.33888067477603e-66 7.13939821499202e-12 2.32260627303861e-22 0 6.9128420764999e-33 2.97489262842944e-10 1.15382035023597e-21 0 5.9097448397473e-30 
1.30686393399348e-26 1.07933075161869e-32 1.69511576617198e-25 6.06934640402952e-48 0 1.21326689125095e-41 3.57152059559984e-55 7.93408640926527e-36 6.25236573988904e-54 1.09638090552007e-39 0 0 6.03692358529335e-18 8.34067216408984e-19 2.4999993561179e-23 0 0 3.63858537161309e-51 2.44528255013284e-23 -4.12201569753785e-35 5.24936456658852e-40 -2.73960706124006e-52 0 0 0 -1.83172650763622e-50 -1.53332842413413e-43 1.03813607321481e-48 6.98648558040143e-40 -3.22473829604005e-34 5.75573229640671e-32 8.69019898372379e-35 2.82510646445332e-42 -1.88487891017606e-66 0 -1.0774534369163e-32 0 1.5212943659732e-60 -1.76145760881617e-56 -5.51581563120685e-61 
0 -1.34377758160741e-63 0 0 -4.5020925511043e-69 0 0 0 2.81034965432829e-62 0 0 0 -3.34390262326034e-46 -5.61284540451617e-47 -4.65075969337158e-37 7.47828207687689e-29 3.85549491601669e-28 0 0 1.69965933363331e-42 1.3182959558651e-37 8.16070760167724e-46 0 4.60729310079246e-47 0 1.89369222044034e-41 0 5.85803182331868e-41 0 -1.24821554434252e-21 -2.2613635692712e-42 -2.34328617421003e-65 0 0 0 1.75714304497643e-66 1.47945726552107e-65 5.76266851245185e-61 0 -6.14701408481388e-54 
0 0 -1.37608663280616e-67 0 0 0 0 0 0 0 0 0 0 8.05167541389872e-28 1.03563031584957e-28 7.40406414351016e-58 8.19001969173769e-37 7.82367882282914e-55 3.6954701167176e-59 0 0 0 4.47512118140991e-39 -2.26733978785757e-60 9.09954806883438e-31 0 3.29669729975725e-26 -4.77967796735867e-36 4.15882552031006e-34 6.26859369290137e-32 -5.30363898673024e-46 -2.65744895868126e-59 1.11204664750092e-56 1.40396928526436e-24 6.23103211243097e-20 3.30173801980282e-23 -9.42661529158992e-31 0 6.74194429293164e-57 -6.99171656795877e-30 
4.05823401295652e-21 -2.34819841493287e-22 -8.75485791306257e-66 -4.41176226647352e-67 0 0 0 1.52950410149715e-29 1.61461005207524e-50 1.21417376185987e-25 -1.13032986669947e-42 0 0 0 0 0 3.03474648716623e-30 7.23878565289688e-35 -1.0388847551299e-37 4.06188215423179e-18 -2.6221135667572e-37 0 0 0 1.34894324143452e-43 6.99564532994554e-35 -9.2182492217514e-66 0 0 0 0 -4.43463316590091e-25 -1.83978027807649e-35 1.92323088995529e-31 5.31810217507498e-24 2.08833862058677e-24 0 0 -2.45970379197262e-20 -2.53897222391801e-49 
7.25274556501685e-38 1.52382426705814e-44 -1.0977401549484e-18 0 0 0 0 1.38522722843019e-48 0 0 -1.49624426266303e-55 -8.73970666827144e-19 2.61723554042483e-35 2.79520665773512e-52 3.50746478310397e-27 -2.42204217139566e-41 -1.93347198417502e-67 1.12626164376322e-13 1.35365746335459e-31 6.13490919104404e-47 2.04766935490009e-19 0 0 0 0 4.9137040158625e-37 -1.46369840937135e-49 -2.68901503827079e-66 0 0 5.37462042110577e-26 -2.81844495776184e-35 -1.88243848747185e-52 0 0 0 2.05886159805253e-10 -1.29761791269802e-21 -6.8956776679208e-47 -1.093230157219e-33 
0 0 0 6.66562124772338e-48 2.25947795504167e-26 4.2546320601539e-28 2.58405588293056e-45 5.70895192890845e-53 7.2261991666216e-21 0 5.57113346402733e-65 -2.50624967580616e-23 6.69162175182861e-12 2.01865847155902e-50 5.08193019603606e-47 -7.45766687354814e-34 -1.40905827675189e-21 0 0 0 0 -1.9557946578777e-25 0 0 0 0 0 0 0 0 0 0 0 -3.89644986692199e-50 0 0 0 0 0 0 
0 0 1.96837671226921e-34 5.47827270131007e-38 0 0 -2.38511738205255e-36 1.04164819753856e-34 -1.10873918978992e-32 -2.82564807930271e-46 -9.55884265748312e-60 3.85579506457221e-57 -7.23170588092127e-25 3.3038215563545e-20 2.38391458887863e-23 -2.10854378034888e-30 0 -1.19342407542001e-57 -5.42374864049649e-30 -2.87031672555905e-22 0 0 0 -8.89525754612405e-14 1.20976987765267e-17 5.42904324182174e-30 0 0 2.87641014022367e-21 1.97637177800531e-34 3.53467728998718e-26 1.72445731511088e-16 4.59680372639575e-28 1.96974277665296e-34 1.89106242372493e-21 1.18384438739556e-38 4.71160432399534e-45 1.27541035217135e-36 2.14659715556823e-26 1.25821868084296e-38 
1.51597920722412e-45 -2.09482558239125e-16 -1.04333425921637e-31 -1.39813134874133e-22 1.87024342098083e-16 -3.33655978890326e-21 -5.39175709113037e-31 -1.96628420430221e-26 2.77733939389695e-44 9.12395493331573e-30 -3.33219645271207e-33 6.95367688035865e-41 9.93227251434625e-31 -7.12185032575725e-19 -5.76871460045599e-22 4.11443525463911e-29 1.36032239917644e-29 -1.0410422659868e-40 0 -9.18148367667013e-23 -1.78256570060883e-20 5.71146591502803e-69 6.77055704584456e-55 0 0 0 0 0 0 0 0 0 0 0 0 0 0 0 0 0 
0 0 -6.6937836981191e-22 -4.5635469610345e-43 -1.75123389377951e-21 -5.98751178630882e-23 0 0 4.96881788960147e-15 -1.90281058425823e-27 1.96944632452714e-16 5.32555533205723e-27 1.34043049911482e-27 5.8951471660406e-20 2.03005393895714e-33 6.9181296595014e-25 2.68099680390137e-15 7.14652433851165e-27 1.06181999475074e-33 0 -6.80792163327368e-52 -1.70700124019833e-34 -7.40765629800032e-23 -1.06949878318477e-20 5.40401018493496e-29 0 0 7.93306771966044e-39 7.96005960654028e-32 2.04373630780723e-25 1.84387086177426e-30 3.80851516017502e-47 1.31493282027334e-13 5.35915370874914e-17 1.82579474539644e-44 1.53464750015705e-51 6.5376526620536e-39 2.16701741586801e-55 2.16109507915002e-39 6.0943330794608e-28 
1.50000084777227e-30 0 1.36600356516385e-46 6.38620395845286e-27 3.8924333153214e-28 2.9848582203692e-55 0 0 0 0 1.27004740889017e-41 0 1.78869044802554e-22 2.23280235880972e-23 8.47013117909174e-62 0 6.82130365154281e-27 2.16982543971258e-30 1.23275878925541e-36 0 0 0 0 3.40917847217429e-52 0 0 0 3.19342102958958e-25 -1.80226783616353e-66 0 2.42901844084228e-62 3.05696212638058e-68 5.08833216945211e-56 1.77759383555394e-67 1.32389393035885e-61 1.01938324338271e-19 0 0 0 2.96089254663643e-66 
2.58430641419425e-38 2.14989852642579e-35 3.07957897262938e-50 4.26585033906502e-53 2.21885953491781e-52 0 0 0 0 0 0 1.35647065877765e-44 0 0 0 3.70335605347696e-52 0 8.88038696991672e-64 0 3.28281530822044e-45 0 8.91527301444694e-54 3.79836361059085e-52 2.29508298643396e-47 5.90402973427516e-46 0 8.07263282079899e-51 1.53372409982758e-53 6.1122585745525e-60 0 0 0 2.98287152714023e-53 1.03253664751832e-48 6.97603027714539e-54 2.61213816105792e-33 9.68159179846285e-23 3.72745844660479e-59 -3.14765175270037e-69 2.51829896011932e-33 
1.75857049380829e-27 4.19236982775262e-68 4.04931592836105e-57 6.48072558308571e-31 9.36881715896511e-33 5.43248192235616e-24 4.48695410354989e-26 0 0 0 0 5.83219010242417e-58 0 0 0 0 1.26280952361767e-45 0 1.40356084708983e-48 0 0 0 1.04597495024103e-54 7.11755029789968e-48 0 0 0 0 4.91771169227074e-48 0 0 0 0 0 0 0 0 0 0 0 
5.78106042506966e-60 0 0 6.43555873632988e-13 8.20683686410078e-50 9.32665072411941e-24 0 0 0 0 0 -4.46687145312539e-56 -4.75708134912461e-37 0 -3.3653583741727e-52 -1.08232634977984e-33 -1.12894372742547e-22 -1.46307728654015e-20 0 0 0 6.27442014133931e-21 2.76106058132735e-33 2.75767655578314e-41 0 7.38095237954954e-35 1.28617676063761e-31 1.42071075131887e-49 3.18442544763625e-29 1.34621943623674e-48 0 0 0 8.66000733680094e-23 2.12349701379644e-19 3.34036503981719e-39 0 4.08980209083154e-58 2.12903046594772e-48 2.05886135334263e-28 
1.20481262000058e-24 2.49540944802499e-25 1.01649900817754e-60 0 0 0 5.03778293342709e-27 1.02271956217066e-19 0 9.57269174658489e-56 -4.34077488995888e-25 0 0 0 0 0 0 0 0 0 3.20170836469346e-69 3.65854453369246e-68 0 -4.96308373695012e-24 0 0 1.07469248912269e-65 0 0 0 0 0 0 0 0 0 0 0 0 0 
0 0 0 0 0 -6.56204844183665e-38 0 3.17434969690756e-35 9.7306079258203e-41 2.90045460594189e-60 0 -7.26113977351802e-34 3.97267703298697e-27 -7.15104806801485e-21 6.40445255515948e-31 -5.56142946658099e-54 0 -9.6797447578529e-66 -2.77759238616264e-24 0 -6.75013506694225e-26 -1.80213099046738e-39 -1.7001169184172e-50 -1.30821626009666e-49 0 -3.72179167550286e-63 0 6.77042204180977e-45 -7.56947801033823e-42 1.58128690692436e-60 0 0 -2.34006124809611e-59 0 0 0 1.45183129958666e-67 0 0 0 
1.8579906619911e-60 0 0 0 0 -1.03069309865408e-25 -2.69238821947195e-51 -3.05883876523166e-27 -3.62896031990347e-34 -6.79171679512058e-26 -7.64640075778271e-31 0 0 0 0 0 0 0 -3.81236536808684e-58 0 0 0 0 0 -1.07463477673711e-63 0 -2.07261358182681e-33 0 0 1.02925443782814e-36 0 3.58627256659526e-48 0 0 0 -9.83513041619441e-59 0 -1.87848163543065e-31 0 5.41605517655287e-21 
1.22761565615127e-25 4.09965021143603e-38 8.84578123944929e-30 3.05215671774994e-26 4.37291140148553e-43 6.1364176205716e-39 6.03810701176881e-28 6.11950499397611e-57 1.02115687781395e-51 6.60385170841432e-43 4.84053469008131e-29 -2.99730687494931e-31 2.99218252019254e-28 -1.38855222429311e-70 0 0 -4.76897709729151e-41 -9.60234816554499e-53 -7.48471462524343e-68 4.00306368354049e-26 3.64122692149182e-16 1.04733143836844e-28 1.38054077722481e-10 2.3786531167948e-15 -7.62202619625932e-36 7.60342209942386e-34 1.39782395924243e-31 -5.06680493214481e-46 -2.52203373249631e-59 1.93250583324884e-56 1.80283614987385e-24 6.77988430733728e-20 3.47381790316348e-23 -2.56662776027641e-56 1.38570873852216e-65 -7.2402784627386e-31 0 1.50346612017152e-56 -9.33114083523998e-30 -3.7610531375673e-64 
0 0 0 0 0 0 0 0 0 0 0 0 0 0 0 0 0 0 0 0 0 5.87579059333052e-65 0 0 0 -2.6681817248016e-37 -8.91547438915001e-35 -9.48486136851281e-26 -8.74118156628403e-22 4.18733304860534e-21 0 -3.74448852144902e-50 -2.98549887399932e-66 3.67873407708169e-51 0 0 -2.07949466993754e-21 -2.57000426520757e-36 1.95685499070292e-25 6.85089776952804e-38 
1.18838893439873e-29 4.92648545271036e-45 8.4600200431334e-35 3.25633441231272e-25 1.83639007273258e-31 4.20014963905371e-43 0 1.44596989315971e-58 -2.22513147786978e-63 -1.34047287273439e-36 7.92441898423321e-31 0 0 8.26843927848809e-49 0 -3.75206262464121e-55 -1.92516009844798e-21 6.45769626413985e-21 0 5.63726702399443e-60 0 0 0 0 0 0 0 0 0 0 0 0 0 0 0 -6.96936861768334e-40 -2.01190535302073e-21 0 0 0 
0 0 0 -2.46300609964184e-53 9.68109382008324e-32 -2.14865643520881e-35 5.88894315077759e-25 8.55106711611341e-27 2.4715465586015e-47 1.23250902055135e-28 0 0 0 0 0 0 -2.02428757049771e-51 0 -7.64750779151532e-55 9.09700436056712e-21 2.31244980794994e-22 -1.46582461184249e-35 0 2.02520108387792e-63 0 2.32047689183546e-30 6.51892335150761e-20 0 -4.12054259220871e-66 0 1.65344692524174e-38 1.64995258670238e-35 1.02789069807761e-50 0 0 0 0 0 0 0 
0 0 0 8.82285346527582e-40 -2.75795740683454e-60 0 4.14905592127272e-48 2.01016508375122e-47 4.26035498581521e-55 3.1733043969504e-51 1.3569793178761e-61 0 0 2.43573271678464e-66 0 2.8282835591193e-51 0 0 0 6.2853748710832e-50 3.62922580455505e-58 -2.22803623925701e-68 0 0 0 -4.57181887712316e-53 1.3781224957695e-38 2.46481944151389e-26 0 0 0 0 4.7416851511474e-68 1.62794905519786e-68 -1.2023428138299e-59 -1.89212192363636e-60 -6.75791414916673e-63 0 0 0 
5.61222298795621e-65 0 0 0 0 0 0 0 0 0 0 0 0 0 1.18218095328261e-41 3.96537362047469e-36 1.26006436320833e-38 1.04818899091819e-49 0 4.06481926174445e-59 3.67334945539406e-65 2.1727799316625e-57 1.21391830530227e-60 0 0 0 0 0 0 0 0 0 2.34978750643476e-53 0 0 0 0 0 0 0 
0 -2.6417352032666e-34 1.2061264680598e-42 -1.78142543826297e-67 -4.03879306481637e-38 -8.02435132731572e-52 0 0 0 -2.79778222080716e-43 0 1.30904450723592e-62 0 3.76381489583897e-59 1.95925905238758e-47 0 1.04789123936934e-54 -7.13717903670805e-38 5.67585519370539e-38 -1.30307056517e-29 1.46156463533953e-26 2.41755867808055e-29 -5.54981990360198e-61 -2.66620051105167e-31 6.95474504011009e-45 1.57715831952358e-26 0 -1.09946392381471e-59 0 1.7476398488449e-57 0 0 0 0 0 0 0 0 0 0 
2.22466341859243e-56 7.115505532502e-20 3.68284154027285e-30 0 0 4.21840793929788e-53 4.10591738224907e-40 0 0 0 0 0 2.96037497658405e-24 1.40197132551361e-08 -2.06274712556831e-23 -2.12993049205479e-08 -6.20585812205628e-10 4.00091785463351e-22 -2.38009132148367e-12 -1.16572583430346e-14 -4.51715664152748e-21 -1.99138463772158e-31 -2.6274200136106e-23 -1.80505862319283e-36 1.17093805024685e-17 0 0 0 0 0 0 0 0 0 0 0 0 0 0 0 
0 0 0 0 0 0 0 0 -1.55807697559288e-12 0 0 0 0 0 0 0 0 0 0 0 0 0 0 0 0 0 0 0 0 0 0 0 0 0 0 0 0 0 0 0 
0 0 0 0 0 0 0 6.18542442428694e-10 0 0 0 0 0 0 0 0 0 0 0 0 0 0 0 0 0 0 0 0 0 0 -6.51699287050227e-13 0 0 0 0 0 2.05393791224142e-16 0 0 0 
0 0 -7.69911607674194e-09 0 0 0 0 0 0 0 0 0 0 8.18891679961625e-22 0 0 0 0 0 0 0 0 0 0 0 0 0 0 5.95570040991674e-22 0 0 0 0 0 0 0 0 0 0 0 
0 0 0 0 0 0 0 0 0 0 0 0 0 0 0 0 0 0 1.00915579456228e-22 0 0 0 0 0 0 0 0 0 0 0 0 0 1.24490452023075e-22 0 -1.00821340810739e-08 0 0 0 0 0 
0 0 0 7.56127450465784e-09 0 0 0 0 0 0 0 0 0 0 0 0 0 -3.32683469277294e-12 0 0 0 0 0 0 0 0 0 0 0 0 0 0 0 0 0 0 0 0 0 0 
0 0 0 0 0 0 1.06792096370673e-14 0 0 0 0 0 0 0 0 0 0 0 0 0 0 0 0 0 0 0 0 0 0 0 0 0 0 0 0 0 0 0 0 0 
0 0 0 0 0 0 0 0 0 0 0 0 0 0 0 0 0 0 0 0 0 0 0 0 0 0 0 0 0 0 0 0 0 0 0 0 0 0 0 0 
0 0 0 0 0 0 0 0 0 0 0 0 0 0 0 0 0 0 0 0 0 0 0 0 0 0 0 0 0 0 0 0 0 0 0 0 0 0 0 0 
0 0 0 0 0 0 0 1.51641920971871e-15 0 0 0 0 -2.04746434866319e-24 0 0 0 0 0 0 -6.46870327128079e-22 0 0 0 0 0 0 0 0 0 0 0 0 0 -2.99942583283495e-18 0 0 0 0 0 0 
0 0 0 0 0 0 0 0 0 0 0 0 0 0 0 0 0 0 0 0 0 0 0 0 0 0 0 0 0 0 0 0 0 0 0 0 0 0 0 0 
-8.23902288210361e-22 0 0 0 2.1829143763362e-20 0 
<EMU>
1.89688489913715e-15 9.51385520512141e-12 4.44045239815223e-24 8.36683408636186e-12 4.4440157382003e-21 4.02361248000681e-27 3.45591182478038e-33 5.95981230316794e-20 3.94487627777244e-28 7.19805794536684e-15 1.56312297682813e-13 1.37723139067907e-15 1.28268790014455e-17 4.18432054719163e-42 4.7546755967837e-26 1.80626929095381e-11 1.76910618022893e-27 5.14268299997111e-32 4.4853588207006e-38 3.5441376502454e-46 4.02096157247979e-56 1.41540683823685e-67 2.95332151891501e-95 1.54688321644253e-30 2.5197185313542e-33 2.09952833989263e-40 1.94983294906958e-49 1.10912123350005e-59 1.86939213946129e-36 1.13596654239975e-34 5.51325975993764e-20 5.70287461422758e-19 2.89220535599052e-30 3.90729258487652e-34 3.08765448062566e-41 3.19512173735963e-50 2.11472364296253e-30 1.47203443794666e-28 5.84549796890148e-48 1.84682658425807e-25 
4.31918687630046e-40 1.04633366589124e-15 2.95689409182107e-95 1.24259994731359e-65 3.13199209904667e-92 2.31354555480566e-27 1.59960367274679e-29 4.90741680327885e-33 4.51647333014665e-38 1.43191598055811e-44 1.6754889700751e-52 2.34137814758386e-61 6.92214889887141e-17 3.02511627589565e-11 1.05326311737282e-07 4.9735702416205e-86 1.56084539079778e-38 2.7513632186296e-48 8.06194651258183e-22 1.27726826888756e-19 1.78936382353492e-26 5.57268609751193e-35 8.33541141438585e-50 6.65821327810915e-38 2.28942579069026e-24 1.98688260591306e-62 9.40173828808799e-61 8.38278028119992e-64 3.39927578967772e-60 4.45130923848643e-59 3.11138501406315e-58 2.03029174036215e-71 1.27072226351311e-81 6.49669351758476e-56 1.97657950777403e-56 2.87016468902471e-68 4.95162077941559e-75 2.3169409131588e-65 1.94201245274157e-65 2.43680760128315e-70 
1.71934807066708e-64 2.37774138117757e-75 3.14263846745785e-68 1.80301772849155e-11 2.26488203607505e-95 2.95600054263491e-95 2.26488203586584e-95 4.61214059752607e-95 1.90990886125713e-94 2.26611452821779e-95 2.0285349157954e-56 7.53956962944827e-57 4.11267482460553e-59 2.2649504905144e-95 2.07249080839966e-95 5.87676250091611e-62 1.73301976346272e-63 1.27833092143964e-66 8.74492672504489e-89 2.53992830758818e-85 4.98026118480179e-73 4.06745300587334e-59 4.92743844277612e-17 5.34100522974132e-13 1.74968007782843e-11 6.42991566361341e-61 2.48890843589796e-22 4.67815244267459e-34 8.99787226884796e-48 3.40864896705615e-30 3.68822403772071e-38 5.06546635338117e-13 1.6480915415505e-11 1.78725165757511e-11 3.50262365890994e-19 2.08742946470084e-14 5.74151193304223e-20 1.93212140509047e-16 3.52601429782805e-26 4.52397115870663e-21 
3.35153557938908e-14 3.18407342106999e-20 3.76250875518649e-23 1.50711141485993e-36 2.18795565713378e-31 1.80301768576417e-11 2.59022653627092e-05 6.39292429358493e-33 1.14370599588603e-12 8.94291336612287e-08 2.57286899645838e-05 8.5981315483421e-63 7.12065647808756e-68 8.55539986460959e-60 1.02949757369064e-12 1.06621222912531e-07 1.7458687550801e-05 5.5553422887609e-18 4.60073026727369e-23 5.52773290312007e-15 1.64029150578927e-47 1.79220543729278e-05 3.77796666428137e-13 3.34399995442169e-10 4.94849928996434e-19 9.43429096480659e-12 9.30641955889018e-13 3.19752715165592e-08 8.60158467607211e-07 1.24599390931104e-19 1.39236044801029e-14 3.26231113665268e-12 2.41834267986131e-29 5.99626668796271e-34 5.42884155359179e-26 2.71316173751372e-07 5.19511774627498e-08 9.31952801490788e-13 2.63763636130046e-12 1.51301399009797e-29 
5.938945915367e-17 3.19305786852247e-69 1.474598738794e-08 2.03991083183739e-08 5.1229417017449e-25 3.50436278267972e-23 7.91171007691093e-24 1.69196211625094e-16 1.23511724300971e-19 1.18439586640025e-15 3.58141028639934e-22 6.8779866667712e-27 2.19523073250891e-23 2.40185210146744e-29 9.20755660190998e-38 4.21651346095685e-47 1.26703840227794e-56 1.98565035859171e-26 1.4097835360172e-35 2.67539673475327e-30 8.38741248494152e-18 7.57076085006329e-21 1.48510445620992e-23 7.67870643979509e-20 4.23912539198223e-21 1.16041120851615e-23 1.28428005089995e-26 7.24193065680984e-40 2.22388433231644e-21 1.09909527969907e-14 1.94504759890019e-46 9.27568277100474e-34 1.77555792388517e-11 1.02110276692019e-16 1.23856502312973e-37 5.60292431942033e-22 5.62202369552319e-07 1.8031137305152e-11 2.26488117619298e-95 1.2837455325466e-17 
6.0745609678126e-16 5.41620159353337e-19 2.19630746975449e-15 1.31179262614684e-26 8.21026881023359e-37 1.8544432802639e-23 3.19929372551858e-30 1.49699964033636e-20 1.53628345557699e-30 2.03049142460746e-23 2.26488203607505e-95 2.95600054263491e-95 1.310657523508e-11 4.87139441470941e-12 2.65724201177852e-14 5.65018818037563e-44 1.64107411688562e-40 3.21779858954802e-28 2.62802372399528e-14 3.83768844052664e-19 1.60105704128889e-20 1.00146272403264e-27 2.36663815562664e-37 4.41388139490661e-48 2.20110367637915e-57 8.33487767633354e-27 3.34292184081806e-23 6.30186982645254e-28 1.96575154614376e-20 1.53174925443399e-18 1.76763999320069e-16 7.84739048667168e-19 9.98085120354938e-23 6.75919464853048e-35 3.34813234438701e-56 8.85457590797099e-18 2.23584164749254e-42 8.65514827204352e-31 7.91749603664477e-30 3.58588197695168e-32 
5.05615013429752e-42 2.21350257644933e-33 8.78986552644296e-41 2.88718373555139e-51 3.34449535604843e-36 2.89181930972478e-41 9.44316679636604e-48 5.40242068822281e-45 1.03685541266327e-34 2.95600054365883e-95 3.96689841059071e-47 1.2815056028155e-69 1.553684966865e-24 4.46956387848079e-25 5.79482410342321e-20 9.83832840743933e-15 1.65923665651566e-15 1.56109840627914e-44 2.03878071265765e-56 7.75120721097169e-23 1.74938033075697e-20 2.8880542673421e-23 1.28930444271544e-45 4.19016927268632e-27 1.77275113747028e-41 2.67103284106585e-24 1.69241256381476e-37 4.65835778669995e-24 1.15791292317205e-41 1.80301770712737e-11 1.27713259733565e-22 2.90933098664715e-34 2.4888624154584e-36 3.93835261922994e-40 1.86953784146042e-46 7.94217712015016e-35 4.14837102833655e-33 6.41297484843864e-32 1.59510695101904e-68 2.13714564573961e-28 
1.38129143761841e-42 6.82155613851695e-52 3.24043885371025e-35 8.28856782887111e-45 2.22659809899009e-38 6.7779100421609e-63 3.3713439196953e-51 3.01239147295996e-50 5.60325384871485e-37 1.99017603357404e-48 5.33491185003196e-42 3.56678526293749e-45 7.35238626617346e-56 2.39931591967073e-15 1.3018948666019e-14 3.36523433029125e-29 7.6513082605108e-20 7.47756655454425e-29 3.61752801346576e-31 3.20099228632756e-55 1.04552029894923e-61 2.02663772667802e-76 8.44111957613002e-20 1.27894317148594e-31 5.67091085662001e-17 7.36351105882214e-46 1.05903055195406e-14 1.46690503880976e-19 1.10354469949696e-18 3.15948424103702e-17 1.60744679794354e-24 3.74090920345222e-31 6.52220443845475e-32 1.49765672039877e-13 1.76025806883435e-11 3.11108584037081e-13 1.102437978634e-16 9.39067580491622e-42 1.03629144098822e-29 3.00297928629193e-16 
1.76420958631947e-11 9.12893285197723e-13 1.45027886899005e-34 3.21931032857892e-35 1.86196108442624e-37 4.60963215156239e-95 8.58228077976305e-95 2.32851069596407e-16 6.11881226353755e-27 8.02609589385432e-13 6.41079770400936e-23 2.82382324433742e-42 9.49138732139926e-51 5.02259125761999e-61 5.03150091198607e-72 7.63752433192186e-72 1.45436846764803e-16 1.82420820321763e-17 2.7332049153002e-20 4.60670184638034e-09 3.14239259793044e-20 1.02609099261321e-37 1.47240211053371e-42 1.46806855416283e-70 2.26734829095531e-25 5.17313721521106e-21 2.57914609921118e-34 1.53250317781576e-55 2.07249080839966e-95 8.75959487829208e-53 2.26488203607505e-95 5.05407949867254e-12 3.63464108236122e-19 4.79320045044231e-15 1.95423919129748e-13 1.22450689594504e-13 3.14562420347356e-48 2.69816406365269e-62 1.32885623805706e-11 3.00194980411009e-26 
5.81874742201199e-19 7.63500323137138e-26 5.64793429870361e-09 1.64333138095441e-84 3.67312099882268e-59 3.0741132722707e-56 2.37442557528795e-38 2.84257342945908e-24 2.04423670346659e-44 3.15892461387796e-64 2.30463208880389e-29 4.12091644239358e-09 2.15494490112341e-20 7.06449861765416e-29 2.47743324851854e-16 3.91237277490779e-22 1.85545202295323e-34 2.84174119453705e-08 1.45833495652022e-17 3.51924866412453e-25 1.61544364930226e-11 2.2215788232692e-62 1.96790179427303e-51 7.87638035291407e-75 1.17699421727537e-66 1.53320777763189e-18 3.24414950080687e-26 9.84750028694255e-35 4.19846225069089e-44 3.38813303923076e-55 1.93553138429103e-14 4.73406877672907e-19 1.28952987842256e-27 2.95689409182107e-95 4.60963215156239e-95 2.07249080839966e-95 1.71380830459675e-05 3.06587828606142e-12 4.95753815542942e-25 2.77123527805561e-18 
2.36751050580717e-67 6.94202357548897e-67 3.83887257397323e-69 5.7192105909758e-24 1.27282784732498e-14 1.27332442513492e-17 3.14407112663355e-26 3.30424672388335e-30 5.21769775806055e-14 3.50166221878616e-44 6.32623899811768e-34 3.83378711911236e-11 2.19212254436357e-07 1.20336974914903e-26 6.03677362624104e-25 2.28312443349645e-18 1.80275585581448e-11 3.8411224000438e-54 4.91887149755929e-46 3.83091317808743e-77 8.4718891737684e-37 1.43479203848596e-12 1.29035016121116e-52 9.22129743789327e-47 1.20724028342872e-37 1.85011938769061e-54 7.59972500236233e-57 6.40377893180645e-65 3.1203764051837e-73 7.85738139790296e-41 6.2183876065257e-42 4.21265869546297e-53 1.45895427750735e-53 7.0840473789377e-25 3.06617897384339e-54 3.01755787911378e-48 2.47702127852184e-37 1.05018399015449e-41 2.01263808128784e-45 3.73359896730992e-42 
7.89521219705171e-47 2.04856155651254e-48 8.35991934991764e-19 1.98389259973551e-20 2.11761135155158e-76 9.20448279662558e-64 8.63784322318038e-20 6.49820257787185e-19 1.86045645900998e-17 9.68589875093597e-25 1.83223208725527e-31 3.840588035509e-32 1.49766815732003e-13 1.76027151112214e-11 3.11110959831434e-13 1.10244639745005e-16 5.52968210089498e-42 6.10218300747198e-30 1.7682988055102e-16 1.80301767294665e-11 2.22603933419285e-59 1.65264527341371e-65 2.26529279243942e-95 7.53455011539946e-06 2.08334377388358e-10 1.37605286386775e-16 2.95689409182107e-95 4.60963215156239e-95 4.55000592645959e-12 8.69484045595772e-21 1.16056362957997e-16 1.11486269752585e-09 1.31594626117161e-17 8.40672126674825e-19 1.80180141168748e-11 2.50988275889621e-20 4.24532781996666e-26 6.97137701753281e-22 1.21862756608539e-14 6.88474356351703e-23 
2.30821502085464e-24 8.06365369193151e-10 1.78351476164297e-17 1.87913432922076e-12 5.59919715035287e-10 9.10965565670382e-12 4.20118965263627e-17 1.04804620452279e-14 9.34518018728664e-24 1.41521829301968e-16 4.31416544885714e-18 5.14789980719363e-24 6.16404562029382e-19 6.30361744386208e-11 3.81688927012823e-12 4.12579915465696e-16 2.27682206269069e-18 1.62115125643959e-21 1.58606490536757e-73 7.15793951778026e-13 2.11702188500915e-11 6.86811250246634e-36 3.92992744595894e-29 2.95600054106489e-95 4.6075428157401e-95 2.07249080839966e-95 2.26488203424448e-95 2.95600054092837e-95 2.26488203513362e-95 2.95600054092837e-95 2.26488203529052e-95 2.07249080839966e-95 2.26488203529052e-95 2.07249080839966e-95 2.26488203529052e-95 2.26522432792885e-95 2.95689409182107e-95 2.26488203529052e-95 2.95600054092837e-95 2.26488203529052e-95 
2.07249080839966e-95 2.07249080839966e-95 1.46893614374526e-11 2.00204757572126e-22 1.74211014445914e-11 6.42450775194289e-13 2.97470806987791e-72 2.265155865462e-95 2.35987118176729e-05 1.41968044272442e-14 8.4058282171927e-10 4.30977589866725e-15 1.01583551707114e-14 2.05983073342527e-11 2.78664206774117e-20 5.13438614355681e-16 4.39583068210445e-09 5.18869001868726e-17 1.95184901633965e-18 7.43398068752665e-72 1.22550580778757e-27 7.38719263176011e-19 6.51161399008957e-13 1.72793119145134e-11 3.56204424033843e-19 2.95434819134822e-95 4.60406271075267e-95 4.31624971224353e-24 1.37760720928337e-20 2.20314937846196e-17 6.4443955260749e-20 3.00740209074923e-28 1.75706431146252e-11 3.5177825804847e-13 6.5847587910099e-27 1.91259232349389e-30 3.94046988221114e-24 2.26858606759172e-32 2.26981788261489e-24 1.20302423598204e-18 
5.9684315398981e-20 3.10800002372678e-42 5.68896715501716e-28 3.90187400031371e-18 9.61464605328696e-19 2.64729848286212e-32 1.01942366995031e-39 1.24138506702027e-47 6.01808505338783e-56 4.62391803903027e-65 1.72683606082194e-25 2.26488203607505e-95 6.5301249413504e-16 2.30280486600392e-16 9.88882817608931e-36 5.68976020701828e-54 4.02492161588416e-18 7.192454783872e-20 5.38046791570898e-23 3.21361835181098e-37 1.44605591999622e-71 2.26036863168093e-95 6.05883636504797e-45 9.01552702908112e-31 1.57432862414395e-84 3.06086640728479e-51 2.06770480758111e-82 2.75394711767021e-17 1.50919730202535e-34 6.47223269489834e-47 7.14137715895222e-33 6.36739651693103e-36 7.54863755988622e-30 1.2322457278196e-35 2.58202363621822e-32 1.72559396600051e-11 1.54217003455637e-43 1.00770731749147e-54 1.13402975854553e-53 2.22414765078337e-34 
8.68605738766085e-21 2.09133082615911e-19 1.24285507305132e-26 3.52913611758556e-28 1.05503335748159e-27 2.18012115680795e-40 2.84238414897401e-47 3.76115463442649e-47 8.98291675235888e-50 1.00742219479992e-54 4.6075428194641e-95 8.2526081297277e-24 3.07118762317531e-52 5.06994767463085e-94 3.72056225246041e-48 6.89801550584479e-28 2.98800311061065e-48 9.27838259931891e-34 5.42915742748176e-48 2.6209907230875e-24 2.02771607006965e-77 9.7141300174785e-29 6.98689138649235e-28 1.91750472827053e-25 7.23804431008031e-25 5.41749522139541e-61 4.05237482399913e-27 1.53511162924455e-28 1.70034768064044e-31 7.83694689796078e-57 6.88800431810864e-63 5.2674851444877e-40 3.87040398795017e-28 1.30572726789791e-25 1.43853478466591e-28 3.6216841980859e-18 5.35888745067181e-13 7.84690119432983e-31 6.30812547692221e-36 2.00834794577889e-18 
1.67851230546985e-15 1.45280435711424e-35 3.43816439630355e-30 5.70534749928208e-17 6.83471699117705e-18 1.26566653783901e-13 1.14251965931186e-14 4.00432786582503e-66 1.22686147814198e-37 3.17983586811098e-64 6.92851975813397e-58 1.49349188542998e-32 2.07249080839966e-95 2.26488203607505e-95 5.15597794968836e-87 2.26488203607505e-95 1.93533117851802e-24 3.55245445474153e-43 5.42048864657725e-26 1.98637413565028e-41 2.10054510188279e-42 9.55794346891381e-47 3.66596454998352e-29 1.22041066315024e-25 3.12167070927921e-51 4.00354784363248e-75 6.61604053719155e-63 2.65462420883338e-36 1.20768443021054e-25 1.8860909656213e-49 5.85879289970662e-41 3.41181893401407e-40 1.27855335706656e-39 2.95600054263491e-95 2.26488203607505e-95 1.19545198740338e-71 4.56261620005245e-64 9.66930530807623e-59 2.38685442655416e-45 2.54637364898135e-54 
3.08955802845155e-31 2.4836963788232e-40 2.20009069443505e-81 4.77782728955553e-08 1.25278462077479e-28 1.8587453924599e-15 1.35849887536674e-52 2.82119489133688e-38 1.40012783854116e-40 1.81555011063066e-42 2.23333946503612e-45 9.72428392634128e-30 3.80991889764445e-20 7.44569911379533e-41 8.44083165440087e-28 1.81736993585486e-18 7.75545703298265e-13 1.72561155406629e-11 3.28645684128224e-59 4.19667008238696e-71 1.58311695365647e-48 3.59417954236202e-14 2.36621326811969e-20 2.37827267428234e-24 1.55594779310508e-36 3.86894351990123e-21 1.62734629038713e-19 1.70706356706307e-28 2.55574299790933e-18 5.25467755011434e-28 1.75446297218051e-36 1.39621821769522e-45 4.81714353348864e-55 4.15550828549316e-15 2.07502866977575e-13 2.61759579515592e-23 3.08515630551179e-37 7.39864587729276e-33 5.33811591716871e-28 6.51070194634905e-18 
4.98053578400386e-16 2.26234694897131e-16 3.2348487180131e-34 1.34140025747924e-36 9.87443497943224e-52 2.74167993004561e-67 3.2144894065656e-17 1.44831995655589e-13 8.69372079427535e-45 1.40393077806973e-31 5.69539458068272e-12 6.29669859437161e-51 4.63025686453148e-55 1.09446836841511e-60 1.38017306407849e-67 1.25270435405798e-75 1.86301554494259e-50 5.69860124943811e-52 3.47792378510993e-54 2.42473728869607e-50 2.89957976236433e-34 1.62058087475069e-35 2.46701055748138e-42 1.80647862023484e-11 6.13397281658317e-44 4.66828588661152e-88 1.9533222235681e-34 2.42233401807262e-49 4.87340114059001e-56 3.78967418978506e-64 1.55895632454451e-72 2.95689409182107e-95 2.95600053888052e-95 2.26488203372147e-95 4.6075428146761e-95 1.34545297257123e-68 1.66696555427286e-60 2.46655430500384e-54 1.08110513564458e-57 4.10125119901252e-78 
2.26522432792885e-95 2.07249080839966e-95 2.95689409182107e-95 9.15288477914311e-57 2.95600054092837e-95 1.18267579533186e-20 5.09775813022313e-47 5.59563212266011e-19 4.98857580535325e-22 7.48503233051173e-32 6.87103923564225e-38 2.02339141012826e-18 6.26526285007811e-15 1.35913850516895e-11 3.74266768114545e-17 1.10217852901852e-28 1.58365112670788e-54 1.75181692386577e-34 1.25137040359694e-13 4.69736302408374e-61 4.1857662445381e-14 6.8416511064493e-21 9.79093907827324e-27 1.70844230868188e-26 1.69827444971415e-47 2.94741220545644e-33 7.07526120710517e-50 4.60198832233448e-24 1.54902100244705e-22 7.77782410752257e-34 2.23536156533979e-68 4.6075428194641e-95 3.63070925576797e-31 8.55776677421027e-56 5.0572453040184e-94 5.19717908101638e-52 1.95834023920671e-35 1.04754485231807e-53 5.25418061555041e-41 6.60368780238159e-52 
1.35477050425254e-31 1.0205931157923e-64 3.56821302978283e-75 2.13403236495221e-60 8.57328989230795e-67 2.40921737827007e-14 2.89852853332094e-27 8.95447352073028e-15 1.42966959767661e-18 4.22084827437914e-14 4.88447479431232e-17 1.40031398970525e-36 2.08767604480924e-81 7.71718304512092e-68 2.11687178866567e-60 2.95600054263491e-95 9.89880156376723e-48 8.76835783756873e-48 3.16341040537985e-30 1.0602750844516e-50 1.7504825952331e-57 5.59112396014173e-79 2.32087769664455e-66 1.06513167429489e-43 5.31317005421898e-33 8.32945783324533e-54 3.41846892715114e-18 2.91161030590904e-40 3.38307068232942e-37 1.00759730308772e-19 7.99915208406694e-37 9.57705075248059e-26 5.20534687800961e-47 4.42118859277023e-64 7.57730829561695e-43 7.4463872780708e-31 2.19911142190596e-54 2.42111849355296e-17 1.05056663856847e-39 1.78923378688642e-11 
2.04217611042673e-14 3.71114270104131e-20 2.37966483842281e-16 1.3987020677785e-14 3.85441880170404e-23 4.22282730610019e-19 1.46402551782053e-15 6.76643615374066e-30 1.90330815278486e-27 4.84045432275933e-23 4.14378499995887e-16 4.57799337739346e-17 1.48064252788536e-15 3.74813426609297e-36 1.4334375199801e-43 4.54877381606341e-68 2.33876176539119e-21 7.89808407732454e-28 1.59387471451598e-35 9.65092987741412e-15 1.13487685924889e-07 4.22194771850682e-16 9.95537516901983e-07 2.90558183191881e-09 1.93374602018424e-19 1.454746636108e-18 4.16498676816652e-17 1.64487932058566e-24 3.82802354288634e-31 8.59788912145994e-32 1.49764786715392e-13 1.76024766395844e-11 3.11106744950437e-13 1.43748454709459e-29 3.69532932332752e-34 1.10243146168446e-16 1.2379248474673e-41 1.36609009901668e-29 3.95867427665284e-16 8.3665650358641e-34 
3.33582311489757e-64 1.25567458711068e-41 4.59529046879328e-50 4.19415779319505e-59 1.51021707886441e-41 2.543801971625e-70 8.17781935146863e-50 8.60735141541271e-77 1.15677718808994e-58 2.1132936751334e-91 6.32823927597785e-68 2.26522432792885e-95 2.95689409182107e-95 1.0218514015429e-37 3.65876276315856e-43 1.46033446866445e-49 5.96616767415968e-94 3.08922720219272e-58 1.37331594690113e-43 6.4281119655258e-55 1.04146707766112e-45 4.74112379279916e-36 2.66230115963596e-50 2.07249080839966e-95 2.26488203544743e-95 3.20456696737391e-20 8.5654580716586e-19 1.91083634924467e-14 2.68261986600348e-12 1.52405531575721e-11 1.52418704784274e-59 9.67398248721146e-27 8.69367562047693e-35 3.74407490400046e-29 6.97006946504967e-60 2.54588627432015e-44 1.78505680822745e-11 4.01661133977628e-19 2.68582766187613e-14 1.01974739478088e-19 
2.9888267717402e-16 4.33261802334118e-26 5.68834803895109e-21 4.95119655019366e-14 2.64514451944892e-19 3.93499198893946e-23 1.33991739697721e-36 4.36018431863369e-31 2.26744572244324e-33 2.86674856039228e-19 8.03017934172872e-17 3.78174072214615e-95 2.95689409182107e-95 8.20678952794927e-26 8.55405396583143e-95 3.44960039527127e-29 1.07958634229144e-11 7.25491630643064e-12 2.73561945101618e-36 8.25465439659635e-32 6.75050046485025e-44 9.76527173271571e-37 3.23160993828469e-39 2.43365767602424e-43 1.62257952734962e-47 8.31401176336969e-62 1.19106246867073e-56 3.69778908849807e-46 3.70701409559507e-58 6.02435687501374e-68 2.95600054263491e-95 2.26488203607505e-95 4.6075428194641e-95 2.95600054263491e-95 4.6075428194641e-95 1.55544280801727e-21 1.79918662872807e-11 1.95089327582056e-54 4.73007273271962e-45 1.08570756266479e-37 
1.78396991457765e-72 1.48521738610467e-91 3.95526739824702e-82 2.37630340231542e-28 1.8735461523076e-17 1.89096395119319e-18 6.64845056603704e-14 5.57010777528599e-15 1.81255738872909e-25 6.68872452240597e-16 2.79973977486109e-88 5.05281852250849e-62 8.41812753275826e-55 2.21335233681517e-67 2.24865947268249e-44 7.53918067093942e-38 2.84889770445902e-27 1.58289678101862e-54 5.53702270350714e-29 1.69004788930847e-11 1.16207634320387e-12 3.69602549629184e-19 6.71967140279011e-47 1.63688477254792e-33 1.61061315667336e-39 8.25863191764085e-17 1.79156482357331e-11 1.73631423065029e-54 2.30917862028205e-34 8.72110595586362e-45 9.01840497554959e-21 2.17128410067681e-19 1.29060445095728e-26 8.51092345928704e-47 6.75633673042561e-49 9.9209175439724e-53 2.2934978834011e-57 5.51590060650345e-65 7.58298971267051e-72 1.47310765833291e-55 
5.88173466129744e-55 2.95600054263491e-95 4.6075428194641e-95 3.78682820142037e-21 1.87302378428641e-31 3.02827904733234e-67 9.24732568593199e-26 1.58528032978387e-25 2.08770228449961e-29 3.98079101152812e-27 2.51780349033436e-32 1.94628523831594e-39 1.7570039684801e-47 6.72172944459602e-35 5.37114388800588e-49 1.83789662665034e-27 1.945519017963e-40 8.7626127784119e-51 5.4212080745713e-53 1.34002703526567e-26 1.33594680935912e-30 1.85944718071164e-35 7.13395476965701e-41 8.21422457486729e-48 8.37403931330104e-56 7.62335934160018e-28 1.49694035532142e-20 1.11011648734051e-14 5.32346298747074e-37 1.03044287059514e-62 6.29840566257835e-46 1.8300644409871e-38 8.25724165391075e-36 1.62663086041541e-35 3.95097423542822e-31 1.57750612170094e-31 9.47129772303646e-33 4.56926087046046e-57 1.68904666056493e-43 1.88153304042803e-54 
4.63316109593917e-36 9.9910286557881e-67 2.07249080839966e-95 6.67740060816264e-72 2.07249080839966e-95 2.26488203607505e-95 2.26488203607505e-95 1.93342120241405e-88 8.56613542836896e-45 2.17186477161602e-52 8.57090304378065e-59 7.51769474908296e-52 4.40133467684595e-47 6.40215720926647e-66 2.43089086617332e-22 1.0798178366915e-19 5.0979822036523e-21 4.12668577866662e-26 1.62288825295754e-62 2.89440308864978e-31 2.20475986566356e-34 3.29398122539863e-30 6.81385909080417e-34 4.37535249124333e-92 2.69792003924156e-85 2.26488203633656e-95 1.23946197393994e-57 6.72524668992799e-55 2.38798385829352e-69 2.9911287085664e-42 2.95689409182107e-95 1.97848389840226e-94 6.17731256156879e-28 5.61409668844755e-40 1.48940488016289e-40 8.03839705278145e-43 4.30627799199079e-42 2.95600054263491e-95 8.39123824873552e-72 1.36617977732634e-64 
1.41976362466164e-54 9.63949011317072e-19 6.56842604012303e-23 2.51194667831085e-35 1.32275727587969e-19 1.70038102628223e-27 2.78063757372034e-36 1.7164269737113e-45 6.80439898735882e-57 4.44531728352248e-23 2.82720128774082e-47 5.00353967599516e-35 5.88288442940368e-46 3.79448134637857e-33 2.73771464565575e-27 9.69982872941327e-42 4.476643229229e-31 1.67350879154884e-19 2.03769659401354e-20 2.27654502424704e-15 1.03384249030194e-14 2.94273794855277e-16 3.62956293612237e-32 4.33622869456784e-17 5.1187676720757e-26 1.07407679919021e-14 3.96791803080391e-43 2.17443221231276e-30 1.08983420931216e-51 1.27066331698403e-30 2.08756844935971e-59 4.66688354515317e-68 6.91813580729105e-51 1.07083777307797e-51 1.08783802152168e-54 2.19033597229264e-58 6.63356442553058e-63 2.5114149738475e-68 2.95600054263491e-95 4.6075428194641e-95 
9.37904858028159e-30 1.16246781174871e-11 6.71673461257243e-17 6.07971129508985e-93 4.63362483914548e-43 1.46146440861384e-28 4.41521949084772e-22 6.07971128919322e-93 6.25470220228951e-41 2.3742161244054e-68 3.14316451334949e-79 6.6409229894821e-59 4.53932125675893e-09 1.00332824735055e-05 3.84846956855618e-13 0.999850642022596 0.967626783203149 1.88903944789519e-09 0.000291386883411244 0.0316949810258228 2.20534335013681e-08 1.59857670452758e-15 7.12557465153502e-10 1.70606901163515e-17 0.000386823031683861 9.57478801584174e-77 0.00503143091370311 3.1746183216789e-05 7.23185949423515e-19 0.00251917699274607 1.64310733688591e-22 2.02018784781655e-40 3.30363625279114e-45 4.61135134100176e-25 9.90159826743402e-19 5.06827313093216e-42 3.19786414389841e-41 8.45991671406895e-68 3.1119729676183e-09 1.13463962169622e-59 
2.65550044978448e-06 1.92277080246932e-45 2.84358371493407e-76 1.15074970624928e-93 2.78155350153e-05 0.136530739951974 0.0490880591074715 0.0779786766084266 0.999999991338086 0.189670591157955 0.0307609681003142 8.61122488069827e-05 1.15074970624928e-93 8.35262018037379e-46 1.66656681789369e-44 1.39549474193381e-49 2.21152752750845e-47 2.45843281236835e-90 0.000521217841135586 9.23425466875752e-62 1.12183614025542e-29 1.44520489020744e-27 3.3069882668955e-11 8.99679849061742e-07 2.23870058854002e-14 7.24655009791806e-26 1.02318390382621e-13 1.22733127876882e-44 2.1900353422881e-68 2.80162941176882e-53 1.26013250458399e-42 0.0158078920061953 4.6185789606633e-51 1.15074970624928e-93 2.70180186522577e-06 5.00222186819139e-06 6.2650791598381e-12 9.17615260574294e-14 7.78992194140798e-15 0.00457936565514743 
3.32343163766457e-13 2.44607720267828e-07 7.19473090686758e-14 1.24063301949296e-25 1.04191920997572e-19 4.98612830782893e-38 0.728315990166753 0.999999995859071 0.283347800629099 0.157160508366281 2.184727278458e-45 2.32103030857181e-11 1.15751904297708e-09 0.00190687188858413 5.93766945165986e-29 1.47308519682609e-08 5.928316285391e-15 7.90832419369041e-09 4.15027578809328e-06 2.96975280048423e-09 1.8691137007408e-06 6.32257411864908e-05 0.0492958438126427 0.352360137702694 6.37652839796664e-05 0.0371157154634423 0.00016519677420798 1.73858621019462e-14 8.92437153560299e-21 5.19151908355676e-05 0.99999972165146 0.37147379222101 0.288307857507599 1.71722361752833e-07 9.22002958274723e-19 3.84663219417711e-05 0.999999503226388 4.60989741732461e-13 1.21101553114686e-13 6.5772168452164e-13 
1.40320768052127e-38 5.47787708893793e-08 0.999999331453634 0.00297725209273558 1.01257554919604e-46 3.9744677597917e-69 1.1445850522846e-38 1.14161782180289e-19 4.18283322364215e-30 5.57129755792814e-14 1.47593263645385e-93 6.94628256446702e-13 4.6316569720897e-50 0.999999986222555 2.81324369497067e-63 3.48335537128113e-55 2.07977283873214e-09 8.29609486033339e-12 4.20994857363859e-44 3.61643614838788e-38 2.94884611493464e-34 1.59907786894164e-22 6.57566691992293e-10 6.19105388587927e-10 2.46483491637994e-08 2.46487671976298e-09 4.16564814962374e-43 0.000234441096816654 0.999999999969745 0.000604269715264247 2.35626587797608e-34 2.70310805085583e-30 3.79475642829255e-29 5.40667510263999e-29 2.84031595091593e-38 4.82119173163537e-59 4.45193480867346e-78 0.0002546004001421 8.10558246992536e-19 6.18717828768495e-64 
8.04861618863604e-18 3.77917930213164e-06 1.94859124688893e-25 1.73952286069518e-21 4.17282481356357e-27 6.67111094988491e-47 3.5934995615703e-24 1.15074970624928e-93 1.30159313288959e-28 4.67865383484901e-24 2.46003999421684e-26 0.00211887262154583 1.67721992047216e-43 3.63316751925103e-69 2.98064538027851e-23 3.48196310038467e-19 6.78520838146006e-19 6.33127957310936e-20 0.999999997458687 7.24000779094828e-05 4.5598064601764e-75 8.16357215805457e-65 5.65870162920179e-17 1.32251270149277e-26 0.00123041757917735 0.616669574630708 3.25805186754887e-05 1.34972167056762e-06 3.46230924254738e-09 7.55891552270428e-05 9.82476478883626e-06 9.76496230863044e-16 0.999999996714791 0.000360782583059372 0.999999965627979 1.55987779346002e-14 8.5732629754568e-22 0.411715216183272 0.357232282416053 6.78128638046919e-12 
9.5389044471759e-05 5.93529253587254e-05 1.82355297558222e-15 1.00000012212605 0.044671599281729 0.000141389980010134 0.0510644017057373 0.000153144628784592 1.16750398817155e-10 0.327652114752487 0.00666445451785743 1.50413017657387e-25 9.64158419531968e-23 7.71155586180909e-19 0.0313592611561333 0.197863560623555 0.208929613633593 0.999999999361279 1.15074970624928e-93 8.3138686371527e-07 3.59395932628167e-53 1.15074970624928e-93 3.44986571280572e-29 1.15074970624928e-93 1.61628472629407e-47 7.01151462318566e-53 4.72669185630888e-32 1.15074970624928e-93 1.15074970624928e-93 1.68520776205746e-08 1.96211035219385e-17 6.18590393109117e-28 0.575513927664308 1.91849782380312e-05 1.99661974332597e-06 8.89020829141592e-06 0.000251808430893939 0.00933173628647805 1.84391397672705e-05 3.80878610152602e-09 
1.15074970624928e-93 1.15074970624928e-93 0.00138923458650435 1.02656691998072e-05 0.00127108239049383 0.162206683264348 0.999999999762622 0.122621942038113 2.55983789171434e-07 3.90679772533638e-09 8.21735424698843e-28 9.21311987869882e-54 7.89101649667903e-18 6.84694309389738e-25 2.0472846479204e-18 1.46069039070966e-69 4.09226391675084e-21 7.78946299948564e-11 2.06098408724165e-33 1.02280300578607e-24 9.78456557994838e-27 1.59089834097005e-06 7.73574953575404e-06 6.95688930448928e-05 6.81580373755504e-10 2.42204848580521e-14 2.91002038961346e-15 7.40439579461228e-28 4.96701532722033e-14 5.07851800502255e-14 1.02350553778072e-06 2.18704779067441e-05 0.0290268050916955 0.122937119239982 0.0219431353867415 0.000637093129010776 1.46569075981071e-07 1.71068231743087e-27 7.10545591579186e-27 2.10320962815552e-26 
1.32615948109082e-24 1.15578650006282e-43 1.00355598195346e-51 5.68353890015169e-44 1.15074970624928e-93 1.15074970624928e-93 1.15074970624928e-93 1.15074970624928e-93 1.15074970624928e-93 1.15074970624928e-93 1.15074970624928e-93 1.15074970624928e-93 1.15074970624928e-93 1.15074970624928e-93 5.31463892490413e-05 1.85458820250503e-19 1.25180552257256e-81 1.46649049044238e-30 1.38914048531958e-27 1.27734355773437e-07 1.42062164610755e-13 0.000235370782200603 1.15074970624928e-93 1.9210928845436e-08 3.0048494522222e-10 7.92592054055692e-11 3.59671184193246e-34 3.7195400514947e-11 7.78724281335929e-10 6.24700199131935e-09 1.85944934690273e-13 2.59867921868815e-08 1.27237136442508e-13 1.85206188459293e-41 7.20094008404885e-54 3.17965056250171e-93 2.98319614800925e-48 2.38438403081849e-16 9.79794020672762e-40 1.78530730523986e-09 
3.89554969463788e-78 1.2945513114658e-13 0.00554569893227704 8.55916447289236e-06 3.98083058758911e-06 0.000240455802245862 0.076031777283181 0.303355156479096 0.0856907799519539 1.4527494755194e-27 1.74864469577625e-19 2.31873761762166e-67 8.80672474594562e-38 6.78135205116848e-25 1.72582916039092e-18 5.44077745513854e-25 8.08692114749763e-22 1.1411089014627e-11 1.68371938018645e-17 8.37185333901404e-37 5.07182962463859e-53 4.77656597996645e-27 4.82615858929518e-12 1.63383141456874e-15 1.20079639727181e-08 3.46256290828188e-07 2.82624603868276e-33 4.87901331196763e-53 8.84523109569796e-60 1.25830643666055e-52 0.0297642000589556 2.81325189998605e-41 1.07456199608954e-16 1.05909032360574e-34 2.99938321076916e-33 2.23039743806636e-07 3.98176797220523e-05 4.69321394918176e-26 4.85239515727192e-11 1.79711783434317e-40 
8.01471115151914e-18 5.04700270404595e-51 4.69747179748791e-19 5.77861755702263e-10 3.0326616074981e-10 4.22411562464412e-37 1.52375050616399e-55 0.999999554177976 1.04555392302693e-24 1.47592320005299e-60 2.10902528638181e-40 7.44973791531588e-54 0.999999986562412 2.98807377163925e-24 0.0100301864837295 4.33221761231891e-45 3.12975138549819e-47 1.15074970624928e-93 7.94510815050091e-39 1.0000444742687 7.66059880343774e-45 0.103876241936248 5.88923382377945e-38 9.43260666881277e-24 1.15074970624928e-93 7.47062701339212e-31 1.57827411200697e-30 3.77359905410436e-08 9.00677632111243e-08 2.0437844041627e-13 1.04732025696698e-10 2.54185834356659e-09 2.23654573465534e-06 0.999999999999545 0.00310147525498179 0.03514525619771 9.83358011044113e-17 2.19481218655034e-64 0.645728499167197 4.29492343784773e-05 
3.55010871472043e-06 3.94789773338153e-19 2.13952436171146e-12 1.76133950797266e-05 0.000121854921703656 4.50354311902179e-06 4.79326798312716e-50 1.22874665143501e-14 4.55543966788683e-26 4.26010241316888e-17 7.73442684694343e-45 7.02757225793012e-53 1.58446463159373e-43 0.314633716721242 0.0274034512801146 1.4951410836491e-39 0.793772034089115 0.125804389787326 2.28883937724641e-45 6.18771665535294e-71 0.000187260809695947 7.66999852175083e-52 0.000194979132045855 1.25143923581487e-72 1.46031169811185e-20 1.75249088212053e-32 8.51471161257313e-14 1.05212365409739e-29 5.62230488518901e-35 1.15340600957024e-26 1.92666143492775e-65 4.07428686370007e-27 2.0574337982086e-33 0.00122901291418405 3.99457455622674e-25 1.13751293100554e-11 6.3361306961236e-07 4.09027423546395e-07 1.4360513111817e-38 2.26698968933798e-41 
0.99999996974897 3.79496120368202e-60 2.70483745554597e-52 1.9231329092581e-32 1.00000118534685 0.000173722920273684 
<NMU>
-33.8985633810031 -25.3782719371722 -53.7712859691278 -25.506745548337 -46.8627285396546 -60.7776173848643 -74.7452217318503 -44.2666628720566 -63.0999650118086 -32.5649651350825 -29.486920480586 -34.2187011495724 -38.8949887827337 -95.2772295693044 -58.3080839477748 -24.7371724700001 -61.5993230747218 -72.0451480480987 -85.9974150368477 -104.653619405375 -127.553244136504 -153.925784222643 -217.662653358861 -68.6413107114209 -75.0611608674255 -91.3616910003099 -112.158925854946 -135.748952466401 -82.2674500288739 -78.1604092940452 -44.3445458036729 -42.0081464008866 -68.0155334797503 -76.9250484611785 -93.2785770778427 -113.967629460139 -68.3286286511265 -64.0857371884561 -108.758412676713 -56.9511585185358 
-90.6403365583006 -34.4934840878873 -217.661444410296 -149.450825128366 -210.696159299981 -61.3310162908077 -66.3052118027987 -74.394560374753 -85.9905020811659 -100.954730697715 -119.218319790582 -139.606950964672 -37.2092203249561 -24.2214864938778 -16.0662025749715 -196.4181800568 -87.0530059421183 -109.511987958997 -48.5697170157059 -43.5043931344622 -59.2853522670106 -78.8726010733761 -113.008741774863 -85.6023823617742 -54.4337411921566 -142.073708884877 -138.216796076193 -145.239266316351 -136.931543173745 -134.359322222846 -132.414867424456 -162.775362105385 -186.269807082275 -127.073471849794 -128.263397378172 -155.521416912534 -171.094167021381 -148.82778330093 -149.004306262436 -160.290267687058 
-146.823500761325 -171.82773093696 -155.430723600249 -24.7389742459876 -217.928061158059 -217.661746647778 -217.928061158151 -217.216891747339 -215.79594321714 -217.927517131086 -128.237451391532 -129.227185198592 -134.438446860918 -217.928030934231 -218.016832661447 -140.989269750436 -144.512995443766 -151.725060878206 -202.761599547103 -194.787597049221 -166.483229452157 -134.44950348017 -37.5491273135194 -28.2581923283965 -24.7690030643808 -138.596729250552 -49.7450278106661 -76.7449899070193 -108.327096328901 -67.8512367743771 -86.1930884821694 -28.3111600017426 -24.8288180459326 -24.7477569698256 -42.4956044623825 -31.5002579141095 -44.3039792812649 -36.182742915015 -58.6070442789066 -46.8448967698168 
-31.0267726791974 -44.8935405327834 -51.6343711818309 -82.4828684993147 -70.5971702648533 -24.7389742696854 -10.561180127342 -74.1301162691687 -27.4967472526033 -16.2298193279747 -10.567903847674 -142.911315940791 -154.612786400443 -136.008542932934 -27.6019502252298 -16.0539832557945 -10.9556731792899 -39.7317716345608 -51.4332420942129 -32.8289986267038 -107.726625397247 -10.9294785156419 -28.604420263524 -21.8186832483479 -42.1500324100173 -25.386670089396 -27.7029017717442 -17.2583029979911 -13.966149200014 -43.5291832347269 -31.9051908309881 -26.448585234104 -65.8918852343034 -76.4967561049008 -58.1754866485399 -15.1199810033144 -16.77296145435 -27.7014942236847 -26.6611379174958 -66.360864015469 
-37.3624149185967 -157.717392379462 -18.0322948326662 -17.7077746469352 -55.930898499669 -51.7054484372784 -53.1936982816723 -36.315472616894 -43.5379508677017 -34.3695435677084 -49.3811153882799 -60.2414715373639 -52.1731699805442 -65.8987275481429 -85.2782090170855 -106.782490778245 -128.708082997175 -59.181265920797 -80.2470420827422 -68.0934551084133 -39.3197996056356 -46.3299933818814 -52.5639720282001 -44.013250759226 -46.9099299803847 -52.8106827064614 -59.617014128182 -90.1235158836079 -47.5550315866897 -32.1417039335296 -105.253627828513 -76.0604969418889 -24.7543213260808 -36.8204783005845 -84.9816949706928 -48.9335833845303 -14.3914039636975 -24.7389210022139 -217.928061537717 -38.8941645786469 
-35.0372517699624 -42.0597220101208 -33.751998867515 -59.5958177991553 -83.0902627760446 -52.3418726063043 -67.9146227151513 -45.6482389946997 -68.6481866307303 -52.2511792940188 -217.928061158059 -217.661746647778 -25.0579070853024 -26.0476408923622 -31.2589025546883 -99.5820552408731 -91.6080527429909 -63.3036851459266 -31.2699591739396 -42.4042465501559 -45.5810377979633 -62.1683358555453 -84.3341779923914 -109.039330026448 -130.45839139501 -60.049348670649 -51.7526119116511 -62.631536216622 -45.3758272214503 -41.0201212880106 -36.2717161681787 -41.6889357124371 -50.6587887612399 -78.6795745066666 -127.736362526434 -39.26559729675 -95.9039561725121 -69.2219835629598 -67.0084777909725 -72.40571851334 
-95.0879685550627 -75.1907319316433 -92.2323893996465 -116.371558201661 -81.6857475307442 -93.3441029897595 -108.278793074096 -101.92948205601 -78.2517006707541 -217.661746647431 -106.843514838139 -158.630335777701 -54.821412724488 -56.067336487321 -44.2947367367124 -32.2524905755701 -34.0324187437761 -100.868354411654 -128.232413268372 -50.9116085384709 -45.4924402313628 -51.8988741273781 -103.362226303468 -60.7370563785121 -93.8334561579124 -54.2795770023852 -84.669493377276 -53.7233792521168 -94.2593696323115 -24.7389742578368 -50.4122546391773 -77.2199700085414 -81.9812376029636 -90.732641200834 -105.293223021009 -78.5182908206251 -74.5625923349107 -71.8243997176154 -156.108845535676 -63.7129114755184 
-96.3855550198303 -117.814337217059 -79.4147694854837 -101.501451989391 -86.6977586292342 -143.149192057561 -116.2165282886 -114.026520377108 -83.4723009673662 -109.835861369808 -95.0343015440883 -102.344664481194 -126.949740285069 -33.6635927316571 -31.9723705090081 -65.5614700986244 -44.0168252122179 -64.7630602847038 -70.0943469594475 -125.478719263457 -140.413176017397 -174.290088939939 -43.9185869088702 -71.1341037931949 -37.4085968311546 -103.9223774127 -32.1788373858985 -43.3659620013756 -41.3480042209782 -37.9935377814827 -54.7873951514223 -70.0608091984063 -71.8075105529577 -29.5297045087007 -24.7629755946141 -28.7986343988546 -36.7438374163555 -94.4688566444149 -66.7393192788561 -35.741756596599 
-24.7607332593013 -27.7221574048298 -77.9161373004154 -79.421311101847 -84.5740181620217 -217.217435774197 -216.595884131113 -35.9961326109753 -60.3584295077353 -27.8509079892481 -51.10147342887 -95.6704821786099 -115.181454953046 -138.843744685335 -164.170408363925 -163.75305318523 -36.4667897243587 -38.54280054926 -45.0462269775898 -19.195753670608 -44.9067173762523 -85.169892011206 -96.3216787498312 -160.79700888146 -56.7460163299454 -46.7108076369374 -77.3404347869444 -126.215277652231 -218.016832661447 -119.866860271576 -217.928061158059 -26.0108253772342 -42.4586064001544 -32.9715780541092 -29.2636052516895 -29.7310679798868 -109.378072118383 -141.767704200334 -25.044117422074 -58.7679504055898 
-41.9880317478922 -57.8344690559433 -18.9919759694889 -192.920422300174 -134.551478777576 -127.821748714735 -86.6334779885774 -54.2173324528449 -100.598719622057 -146.215214294003 -65.9400466475202 -19.3071902608464 -45.2839367045762 -64.8198856502786 -35.934138444126 -49.2927280081269 -77.6697648172809 -17.3762637829783 -38.7666512367155 -56.3063798057162 -24.8488263985342 -141.962057640864 -116.754871846595 -170.630013522292 -151.807652222446 -41.0191695465717 -58.690359197325 -78.3032606097901 -99.8790257642788 -125.421901070876 -31.5758093959306 -42.194331727652 -61.9155197942197 -217.661444410296 -217.217435774197 -218.016832661447 -10.974207492008 -26.5106870342247 -55.9637180469628 -40.4272385043426 
-153.411362247022 -152.335607917101 -157.533192693626 -53.5182114445601 -31.9949502253237 -38.9023154429402 -58.7216939205591 -67.8823442626518 -30.5841350398271 -100.060506316328 -76.4431872573373 -23.9845829043408 -15.3332253781598 -59.6820866721757 -55.7667576234638 -40.6209868034518 -24.7391194978574 -122.99383040611 -104.325835143946 -175.955948958069 -83.0588949140382 -27.2700011981347 -119.479511211351 -105.999983623107 -85.0073114435568 -123.724344850784 -129.219238237923 -147.811142770404 -166.950758151334 -92.3445354173065 -94.8810632598507 -120.598915961202 -121.659289997875 -55.6067819167912 -123.219162869207 -109.419636608761 -84.2885916998686 -94.3570234352186 -102.916882844955 -95.3912012666901 
-106.155242845976 -109.806946596606 -41.6256679869758 -45.3666409856813 -174.246178335057 -145.145755325734 -43.8955489351737 -41.877591154707 -38.5231247152114 -55.2939562340596 -70.7746029394044 -72.3370974866865 -29.529696872186 -24.7629679580994 -28.7986267623398 -36.7438297798407 -94.9984435781438 -67.268906212585 -36.2713435303279 -24.7389742767943 -135.052296563604 -149.165653844439 -217.927879815669 -11.7960114336538 -22.2918767434087 -36.522142330623 -217.661444410296 -217.217435774197 -26.1158925804479 -46.1915571541781 -36.6924557132227 -20.6145345808493 -38.8693905838054 -41.6200852301842 -24.7396490742123 -45.1314658174313 -58.4213933761009 -48.7150592771186 -32.0384660222296 -51.0301492530526 
-54.4255677242688 -20.9384841644826 -38.5653605783329 -27.0002099083129 -21.3032277084857 -25.421686203757 -37.7085788450897 -32.1892636287045 -53.0271815094568 -36.4940776980227 -39.9846277750486 -53.6234534047847 -41.9303834483704 -23.4873123568869 -26.2915853522461 -35.4241017524199 -40.6237510353673 -47.8711504039011 -167.627455742251 -27.9653840462121 -24.5784256930888 -80.966174024211 -65.4063467327046 -217.661746648309 -217.217889131297 -218.016832661447 -217.928061158867 -217.661746648355 -217.928061158474 -217.661746648355 -217.928061158405 -218.016832661447 -217.928061158405 -218.016832661447 -217.928061158405 -217.927910039375 -217.661444410296 -217.928061158405 -217.661746648355 -217.928061158405 
-218.016832661447 -218.016832661447 -24.9438975958875 -49.9627016011618 -24.7733389177665 -28.0734861955599 -164.695980789161 -217.927940263093 -10.6543184314194 -31.8857594959638 -20.8969256293036 -33.0778904878157 -32.2204798585129 -24.6058122117492 -45.026864548857 -35.2054011952813 -19.2426093175016 -37.4974653204577 -40.7777545370801 -163.780065221557 -61.9664438477477 -41.7493689915502 -28.0600188586854 -24.7815111731074 -42.4787821620127 -217.662305786131 -217.218644722739 -53.7996553288032 -45.7313537719836 -38.3540587085403 -44.188491017481 -63.3713059905259 -24.7647916114042 -28.6757753665396 -60.2850398063817 -68.4290932305457 -53.8907422562136 -72.863566216098 -54.4423426315052 -41.2616930908172 
-44.2652176906295 -95.5745944656104 -62.7338538915008 -40.0850747232656 -41.4858292004543 -72.7091832962235 -89.7815811886214 -108.005271624939 -127.149996096393 -148.136788638523 -57.0183364573367 -217.928061158059 -34.9649354113614 -36.007233601006 -80.6016576949052 -122.600926917307 -40.0540262375264 -44.0786693300234 -51.2766817952912 -84.0282509260625 -163.114701807392 -217.930055923088 -101.814811422058 -69.1811895665177 -192.963318900486 -116.313141727173 -188.085538422003 -38.1309113827846 -77.8763152403764 -106.353978237516 -74.0194024316458 -81.0418726718042 -67.0561856984887 -80.3816399551696 -72.7341495291983 -24.7828647036023 -98.5779684608387 -124.331917253823 -121.91123248162 -77.4885193978722 
-46.1925678118695 -43.0113161446273 -59.6498012066024 -63.2113294887348 -62.1162251259451 -91.3240232679877 -107.176856181646 -106.896773376835 -112.933930014741 -124.332200235827 -217.217889130489 -53.1515129445346 -118.612360500958 -214.819668244476 -109.210209663716 -62.5411488414457 -109.42947915541 -76.060205919056 -108.832300511701 -54.2984898469775 -176.592142089511 -64.5013861684475 -62.5283468694686 -56.9136026047433 -55.5852762778604 -138.768057100277 -60.7704944252761 -64.0437795028034 -70.8493051346404 -129.188500968425 -143.133079464597 -90.4418506732902 -63.1190237125886 -57.2978671458984 -64.1087575189094 -40.1595925081594 -28.2548498205577 -69.320019181271 -81.0512247871702 -40.7492192073042 
-34.0208685262694 -80.2169825268162 -67.84261506658 -37.4025426880844 -39.5245166104005 -29.6980073181274 -32.1029552510033 -150.583240394935 -84.9911891761738 -146.20861636996 -131.614289202383 -73.2816060504077 -218.016832661447 -217.928061158059 -198.684746282046 -217.928061158059 -54.6017637683312 -97.7435202384587 -58.1770264502624 -93.7196778783446 -95.9663770223785 -105.964126785113 -65.4758762174011 -57.3654399136066 -116.293471400452 -171.306701045643 -143.173363773777 -81.9167602440387 -57.3759224927353 -112.192163141623 -92.6380452201969 -90.8761581589455 -89.5550893777741 -217.661746647778 -217.928061158059 -163.305017256569 -145.84754976453 -133.583564019674 -102.746352825178 -123.404924773088 
-70.2521098349995 -91.1936557939089 -185.72089394826 -16.8566948427185 -64.2470138335364 -33.9188746549595 -119.428044513656 -86.4610730182356 -91.7668401740657 -96.1121853926994 -102.812831201468 -66.8029265352807 -44.7140939576764 -92.398352247228 -62.3393017628286 -40.8491413081436 -27.8852094800548 -24.7828545111836 -134.662710450135 -162.049250229277 -110.064688804523 -30.9568755586645 -45.1904109597058 -54.3956677747784 -82.4509784745813 -47.001305475376 -43.2621661214772 -63.9376079216616 -40.5081886909817 -62.8132639619742 -82.3309005364525 -103.282561876207 -125.06999899019 -33.1143416430398 -29.203631238576 -51.9972008778119 -84.0690461184135 -73.984011074893 -62.7975098376186 -39.5730843976251 
-35.2358240155059 -36.0249587404644 -77.1139109990763 -82.599349311154 -117.444475743813 -153.264630384923 -37.97627805182 -29.5632019748958 -101.453728167441 -71.0408618817964 -25.8913632359716 -115.591814279291 -125.109567769813 -138.064836842568 -153.950992330542 -172.468577276953 -114.50705821408 -117.9942040858 -123.093159519411 -114.24353146574 -77.2233273448351 -80.1076936051553 -95.8055667887301 -24.7370565863091 -99.4999014576529 -201.086696227009 -77.618361534486 -111.941938011064 -127.360973128172 -146.033165901976 -165.342110120933 -217.661444410296 -217.661746649048 -217.928061159098 -217.217889131528 -156.279055584659 -137.644100639391 -123.436772863199 -131.169366508967 -178.190345155889 
-217.927910039375 -218.016832661447 -217.661444410296 -129.033281194653 -217.661746648355 -45.883922365418 -106.592698509944 -42.0271304515834 -49.0497215865915 -71.6698176385735 -85.5709181674162 -40.7417566543784 -32.703755852123 -25.0215849759837 -37.8241479400095 -64.3750939016699 -123.879862000835 -77.7272396702538 -29.7093669352539 -138.910689380079 -30.8045015216551 -46.4312578605386 -59.8883401367037 -59.3316303930754 -107.691886664729 -74.9043805019224 -113.172650287122 -53.7355537777668 -50.2192489258128 -76.2366165404207 -155.771383334412 -217.217889130489 -70.0907098663604 -126.797925942414 -214.822176812704 -118.086308841721 -79.9183809570323 -121.990560738345 -92.7469647453132 -117.846796584768 
-71.0765058123837 -147.345062007249 -171.421817055961 -137.397092260546 -152.124549686906 -31.3568893464603 -61.105594304922 -32.3466231527812 -41.0890883068931 -30.796155181183 -37.5578848151427 -82.5563668579502 -185.773341025488 -154.532336916676 -137.405166152071 -217.661746647778 -108.231670768066 -108.352934922575 -67.9259021019769 -115.070726261613 -130.687458782038 -180.183042013359 -151.128670705954 -98.9480605693895 -74.3151194146534 -122.219796653663 -40.2173389051774 -91.0346974219028 -83.976864657812 -43.7415481779645 -83.1163128942088 -57.6078427279065 -106.571813027644 -145.879037379288 -96.9860009682739 -69.3724088971581 -123.551541642037 -38.2597169600873 -89.7514889523807 -24.746648546741 
-31.5221753418054 -44.7403620250141 -35.9744018343301 -31.9006465897572 -51.6102369080118 -42.308611885425 -34.1575865493182 -67.1655782589716 -61.5262040056372 -51.3824485542012 -35.4197518665428 -37.6226858059851 -34.1463002608833 -81.5718051606538 -98.651083578996 -155.060928617927 -47.5046653236492 -62.4057623956311 -80.1243102756832 -32.2717221238484 -15.9915714999647 -35.4010649216659 -13.8199830276611 -19.6566321803224 -43.0896577020657 -41.0716999216914 -37.7172334821958 -54.7643752116769 -70.0377892590643 -71.5312062536711 -29.5297104201161 -24.7629815056261 -28.79864031027 -66.412072953043 -76.9808234846227 -36.7438433277709 -94.1925523451282 -66.4630149795693 -35.4654522973122 -76.1636497515096 
-146.16072649164 -94.1783158649739 -113.604222681792 -134.41882793132 -93.9937354114243 -160.247296708477 -113.027829117577 -175.146435506683 -133.404297541266 -208.786995748563 -154.730764281585 -217.927910039375 -217.661444410296 -85.1740323592342 -97.7140339513329 -112.448004059098 -214.656893950788 -132.422014430402 -98.6939307841542 -124.781499248541 -103.575698814016 -81.3367891530909 -114.150063803282 -218.016832661447 -217.928061158336 -44.8871248902205 -41.601379154736 -31.5886502765135 -26.6442272369667 -24.9070612699001 -135.431059302111 -59.9003574467345 -78.4278824336553 -65.4547931320017 -136.213480388629 -100.379265260974 -24.7489857828718 -42.3586781700427 -31.2482023674987 -43.7295618224372 
-35.7464805615383 -58.4010404342142 -46.6158670739634 -30.6365620272355 -42.7763910643362 -51.5895482928434 -82.6004553797698 -69.9076235514321 -75.1666541032633 -42.6959382851249 -37.0607397192258 -217.4153994223 -217.661444410296 -57.7622506149573 -216.599178515808 -65.5367092999502 -25.2518580715647 -25.6493417656437 -81.8867054472401 -71.5719457652621 -99.4041274466612 -82.9168160496272 -88.6278381808042 -98.1217636566234 -107.73748218701 -140.642333509914 -128.769919468064 -104.611179180325 -132.239708667067 -154.779975592652 -217.661746647778 -217.928061158059 -217.217889130489 -217.661746647778 -217.217889130489 -47.9125266837831 -24.7411013330866 -123.67130766383 -102.06238860545 -85.1134165348443 
-165.207285525582 -209.139682312968 -187.436929416401 -63.6068365159079 -38.5161136076791 -40.8094449477545 -30.3418074719854 -32.8213619919152 -56.9698885548586 -34.9409382862903 -201.597961708163 -141.140329554767 -124.511792694432 -153.478692969907 -100.503409842994 -85.4781200219899 -61.1228653617389 -123.880338447568 -65.0635107586685 -24.8036791575321 -27.4808127598258 -42.4418587147839 -106.316460115775 -75.4925131622946 -89.3242036776193 -37.0326876344879 -24.7453465818612 -123.787830413381 -77.4510012761313 -101.450583125053 -46.155019466416 -42.9737980228864 -59.6121017425811 -106.080148919417 -110.916188717319 -119.742364517313 -130.417272188474 -147.96039610397 -163.760219152484 -126.25480589206 
-124.870328385844 -217.661746647778 -217.217889130489 -47.0227581703341 -70.7525837609363 -153.165206743614 -57.642878023157 -57.1038660689436 -66.0389036210249 -60.7883169646753 -72.7593360851968 -89.1348960770156 -107.657889302849 -78.6851327755406 -111.145628656346 -61.5611757307886 -91.4378749310071 -115.261345619844 -120.346691246082 -59.5745226285145 -68.7879125288534 -79.9701990259147 -92.441123065949 -108.418217108054 -126.819628845395 -62.4411654728066 -45.6482785980418 -32.1317263485486 -83.5235244116996 -142.730287084349 -104.078617745788 -86.8938823538862 -80.7819727562277 -80.1039673358766 -70.0061756924329 -70.9242926867552 -73.7370421358265 -129.727998843964 -98.4869947351513 -123.707508130097 
-81.3598239705464 -151.971513674694 -218.016832661447 -163.887397914268 -218.016832661447 -217.928061158059 -217.928061158059 -201.9681971061 -101.468512495674 -118.958838695402 -133.70414738692 -117.717165294049 -106.739591540146 -150.113981140087 -49.7686142441082 -43.6723244097072 -46.725442137776 -58.4497378079267 -142.276068331621 -70.3173589800448 -77.4972745632902 -67.8854558577183 -76.368934522138 -210.361841469461 -194.727251784197 -217.928061157943 -131.032672907186 -124.73631150734 -158.00792198059 -95.6129230950766 -217.661444410296 -215.760667897916 -62.6514992875305 -90.3781230192331 -91.7050270888762 -96.9269293069748 -95.2484999496741 -217.661746647778 -163.65893859972 -147.053427590546 
-123.989104625427 -41.4832485524879 -51.0771829027808 -79.669420233198 -43.4693983635294 -61.6389451517839 -81.8703831033133 -103.076084395438 -129.329780987729 -51.4676058925745 -107.182212092654 -78.9803326576264 -104.146867086877 -74.6517603349167 -61.1626740093985 -94.436465677158 -69.8812643964284 -43.234194271841 -45.3398818105433 -33.7161174414761 -32.2029088678962 -35.7620210649037 -72.3936107380538 -37.6769415749402 -58.2342986968117 -32.1647298007606 -97.6329174670942 -68.3007852111709 -117.345814159572 -68.8380137288626 -135.116520519331 -155.035294809766 -115.497693401369 -117.363398435087 -124.255402761606 -132.765880449587 -143.17071857815 -155.654939994689 -217.661746647778 -217.217889130489 
-66.8390744626213 -25.1778908536568 -37.2393444652096 -212.335456437956 -97.477819534331 -64.0929436512026 -49.1718144982475 -212.335456438926 -92.5726552795164 -155.71111899347 -180.758992247307 -133.959269528381 -19.2104883389864 -11.5096027439762 -28.5859306543135 -0.000149369132417344 -0.0329088205930241 -20.0871973656937 -8.14085867753182 -3.4515969378951 -17.629797532828 -34.0696627212282 -21.062160554191 -38.6097546803408 -7.85754325199065 -175.039918765058 -5.29205085944077 -10.3577380534963 -41.7706205723271 -5.98382302098112 -50.1602828791329 -91.4002132187038 -102.421305428115 -56.0361063782592 -41.4564205816216 -95.0855737515048 -93.2435056808292 -154.440446994698 -19.588008917166 -135.726205400058 
-12.8388774277055 -102.962561912712 -173.951401939409 -214 -10.4899158798458 -1.99120548859772 -3.01413946912563 -2.55131986648184 -8.66191389036202e-09 -1.66246644221977 -3.48150866213793 -9.35985889408237 -214 -103.79633899403 -100.80297837903 -112.493420550594 -107.427815905034 -206.333134290677 -7.55934248241766 -140.537355862464 -66.6600009429452 -61.8015464067953 -24.1323981369014 -13.9212268601714 -31.4302956987713 -57.8866869107935 -29.9106869689736 -101.108901971604 -155.791868641866 -121.006808747986 -96.4773570279475 -4.14724596959186 -115.901752669188 -214 -12.821591650047 -12.2056283705966 -25.7960298924108 -30.019583291262 -32.4859455554366 -5.38619479369142 
-28.7326083340149 -15.223610051363 -30.2628423622951 -57.3490055759037 -43.7080523601741 -85.8915738153836 -0.317020272532098 -4.14092938574579e-09 -1.26108015842558 -1.85048764959184 -102.834838179326 -24.4864248373165 -20.5769868782874 -6.26229113417785 -64.9936509886469 -18.0333217691587 -32.7590361538545 -18.6553499368169 -12.3923357709675 -19.634787119756 -13.1900461962739 -9.66879904247987 -3.00991550549047 -1.04310150793947 -9.66030165396022 -3.29371480166343 -8.70837322365412 -31.6831190418425 -46.1655010438675 -9.86589911629213 -2.78348579177917e-07 -0.990276963151264 -1.24372642008692 -15.5773868401741 -41.5277385207826 -10.1657274542509 -4.96773735749389e-07 -28.4054006043689 -29.7421469193745 -28.0499945249148 
-87.1594727175773 -16.7199631105779 -6.68546589189118e-07 -5.8167545204075 -105.906417144021 -157.498480574356 -87.3631913622016 -43.6166703685783 -67.6465639681915 -30.5185633203625 -213.751123562568 -27.9953995752572 -113.596339968286 -1.37774449465571e-08 -144.02852270117 -125.394184098266 -19.9910071613453 -25.5152362106003 -99.8762936594061 -86.2127444822597 -77.2064792154437 -50.1874449146778 -21.1424749243327 -21.2027456015357 -17.518555909743 -19.821124042969 -97.5842871170754 -8.35830618791342 -3.02549096891227e-11 -7.41148991125181 -77.4308150509425 -68.0831505489065 -65.4413474703076 -65.0873333765184 -86.454318237466 -134.279499341919 -178.108298463385 -8.27581530019216 -41.6565637487755 -145.542966818985 
-39.361031499272 -12.486003687744 -56.8975206508521 -47.8006760952444 -60.7412042910448 -106.323712965459 -53.9829156959371 -214 -64.2087936028237 -53.7190318054308 -58.9670348102213 -6.15687111403427 -98.4940213852808 -157.588266553967 -51.8673172912305 -42.5015205228444 -41.834371761992 -44.2061994999021 -2.54131294109399e-09 -9.53330318247535 -171.176601794872 -147.56834920696 -37.4107521091325 -59.5876789289877 -6.70040167194715 -0.483421933971631 -10.3317960348591 -13.5156121567198 -19.4813300593557 -9.49019773444637 -11.5306043405631 -34.5625607834268 -3.28520855503784e-09 -7.92723504405803 -3.43720215979186e-08 -31.7915838212494 -48.5082236417966 -0.887423391493408 -1.02936905775874 -25.7168543003404 
-9.25754682392663 -9.73200914817006 -33.9379896124718 1.22126038707409e-07 -3.10841734211596 -8.86398866974158 -2.97466766434819 -8.78412779689965 -22.8709828033926 -1.11580285921413 -5.01096717148285 -57.156412549496 -50.6933717081281 -41.7063968017701 -3.46224564384975 -1.62017757357752 -1.56575786061215 -6.38721076233452e-10 -214 -14.0001706104508 -120.757755457504 -214 -65.536632390366 -214 -107.741369234128 -120.089456184902 -72.1294974141264 -214 -214 -17.8987918868247 -38.4699259765902 -62.6501094597442 -0.552491850132486 -10.8613829685881 -13.1240549356196 -11.6305600788574 -8.28684195441281 -4.67433418427947 -10.9010349912889 -19.3859553070976 
-214 -214 -6.579002340698 -11.4867053172357 -6.66788646551319 -1.81888393430043 -2.37378117190908e-10 -2.0986492989153 -15.178151718021 -19.3605477945873 -62.3661343143387 -122.118966479729 -39.3808067137872 -55.6408250358469 -40.7300173207402 -158.499462222288 -46.9451886110807 -23.2756641000254 -75.262124487817 -55.2394953286447 -59.8889913075073 -13.3512117069605 -11.7696581767911 -9.57319302954107 -21.1066069352008 -31.351577638074 -33.4706163070118 -62.470308753688 -30.6333721799858 -30.6111718141829 -13.7922770212288 -10.7303728713541 -3.5395355624036 -2.09608228002133 -3.81930092701892 -7.35859471368923 -15.7357690112112 -61.632905203869 -60.208934583046 -59.123747845562 
-54.9797550750097 -98.8663779340778 -117.428290068298 -99.576170007216 -214 -214 -214 -214 -214 -214 -214 -214 -214 -214 -9.84246039059142 -43.1314540887304 -186.284805605314 -68.6946806649332 -61.8411123108427 -15.8733130750605 -29.5825116541577 -8.35434849063513 -214 -17.7677865091518 -21.9256234623024 -23.2582975533797 -77.0078731109596 -24.0148360043651 -20.9733640719441 -18.8911641696709 -29.3133258150812 -17.4656774208092 -29.6927238334503 -93.7896892620832 -122.365383436951 -212.983642343698 -109.43108920506 -35.972420664922 -89.8212315391638 -20.1436752767344 
-178.241802455894 -29.6754420514409 -5.19473261882336 -11.6685079808816 -12.4340200700917 -8.33297425975253 -2.57660390393739 -1.19285102629065 -2.45701004432417 -61.7963395598923 -43.1902757385566 -153.432178323351 -85.3227179284475 -55.6504508252034 -40.9008240662052 -55.8707053596471 -48.5666239623287 -25.1964355127329 -38.6229413178086 -83.070773154384 -120.41330830347 -60.606075636752 -26.0569702878286 -34.0478485772542 -18.2376957428931 -14.876086611153 -74.9463587258105 -120.452066919433 -135.975227125103 -119.504658116725 -3.514448947962 -93.3716477387376 -36.7694483548517 -78.230482807403 -74.8869013976835 -15.315915858018 -10.1311995301858 -58.321094793071 -23.7489635930271 -91.5172195412982 
-39.3652529269687 -115.813045199565 -42.2020923183274 -21.2716864528493 -21.9164102776866 -83.7548385214918 -126.221005380676 -4.45822123232127e-07 -55.2174954169955 -137.765821887303 -91.3571778285875 -122.331416169058 -1.34375884656379e-08 -54.1674132755877 -4.60215608458597 -102.150249623171 -107.080545798876 -214 -87.7282622144739 4.44732797503891e-05 -101.580239031262 -2.26455506981304 -85.7251076254239 -53.0178697504177 -214 -69.3691589496575 -68.6212208739871 -17.0926515416258 -16.2227035253536 -29.2188030195598 -22.9796161642442 -19.7903703921023 -13.0105779650739 -4.54747350886568e-13 -5.77587739198635 -3.34826562864659 -36.8581435105589 -146.579349472967 -0.437376143468837 -10.0554917355723 
-12.5485323310809 -42.3759335490499 -26.8704375724809 -10.9468508613224 -9.01267938721385 -12.3106461112105 -113.562042219732 -32.0301966346212 -58.3508903675572 -37.6946533802565 -101.570647802102 -120.087168622772 -98.5509124203376 -1.15634612079723 -3.59708631439203 -89.3985980540439 -0.230958969678174 -2.07302704035382 -102.788284317807 -161.660975460289 -8.58300820854988 -117.697108413043 -8.54261802027652 -165.561832417945 -45.6730519550894 -73.1216848386807 -30.0943958565407 -66.7241570475016 -78.8637365530433 -59.7244931053507 -149.012242366036 -60.7651017822342 -75.2638485915924 -6.70154394057383 -56.1796902453647 -25.1995917832392 -14.2718273691142 -14.7094836329157 -87.1363363317654 -93.5875359893935 
-3.02510300277787e-08 -136.821431391856 -118.739383015569 -73.0287673960124 1.18534614770684e-06 -8.6580489402059 
<W>
3.64282800987134e-25 8.87495312379127e-18 1.96315225697675e-42 6.89068776247417e-18 1.96630192426015e-36 1.59362753571734e-48 1.17122146550614e-60 3.48305468846615e-34 1.5259965697537e-50 5.0802216945397e-24 2.43255878535294e-21 1.86683079987955e-25 1.61917117554143e-29 0 2.22499940254233e-46 3.1990988525208e-17 3.08054489230341e-49 2.59334168454794e-58 0 0 0 0 0 2.35500175193334e-55 6.22563872780615e-61 0 0 0 0 1.26537096156788e-63 2.99174065253823e-34 3.18895941211889e-32 8.20235365639482e-55 1.50278818061793e-62 0 0 4.40159516544596e-55 2.1246881396654e-51 0 3.39549543758458e-45 
0 1.07353790905475e-25 0 0 0 5.41892038183919e-49 2.54761439785247e-53 2.36152569016523e-60 0 0 0 0 4.7163410463019e-28 8.97319303490042e-17 1.09189340391966e-09 0 0 0 6.47095328840321e-38 1.59973187404966e-33 3.1517011990908e-47 3.04520086277761e-64 0 0 5.21835989733739e-43 0 0 0 0 0 0 0 0 0 0 0 0 0 0 0 
0 0 0 3.19984039746236e-17 0 0 0 0 0 0 0 0 0 0 0 0 0 0 0 0 0 0 2.45809740641885e-28 2.79723559887102e-20 3.01331821564451e-17 0 6.09766162461646e-39 2.14602868425123e-62 0 1.14373456608706e-54 0 2.51605177276765e-20 2.67354777922622e-17 3.18050940790919e-17 1.20771467400332e-32 4.27264128087667e-23 3.2451287882625e-34 3.67453194184173e-27 1.22383393187889e-46 2.00693648907174e-36 
1.10572611869763e-22 9.97939302388086e-35 1.38812907139277e-40 0 4.69422406138358e-57 3.19984039745588e-17 6.57867112466586e-05 4.02240236313309e-60 1.28252177782473e-19 7.96127841263578e-10 6.59098444667048e-05 0 0 0 1.04332184923138e-19 1.11467934184199e-09 3.00024411917013e-05 3.12448428074556e-30 2.14294103600225e-40 3.04237563291672e-24 0 3.19816560590266e-05 1.40503105900553e-20 1.10066620309179e-14 2.41043674967338e-32 8.72784564499163e-18 8.52589661483189e-20 1.00262091028504e-10 7.28325453279385e-08 1.52818556359556e-33 1.90102201971832e-23 1.0437348294004e-18 6.07045689211365e-53 3.5257268540419e-62 2.90108706940307e-46 7.2460473953295e-09 2.64641792563137e-10 8.64614569529232e-20 6.84789746911623e-19 2.37613759098679e-53 
3.45846487906253e-28 0 2.14037549284178e-11 4.08041315235601e-11 2.72396791602664e-44 1.20405771697126e-40 6.23063144462652e-42 2.85051550736803e-27 1.58335957428804e-33 1.37557298629034e-25 1.27701121539963e-38 4.70889517345947e-48 4.72492155709214e-41 5.67850894221375e-53 0 0 0 3.88061251577776e-47 1.94890940773257e-65 7.01829788761353e-55 6.89796628849145e-30 5.64143731653041e-36 2.19569448102458e-41 5.80362867253507e-34 1.76203070023218e-36 1.32534325817315e-41 1.64198514566533e-47 0 4.86794675595892e-37 1.18899320721906e-23 0 8.43681561624227e-62 3.19173197927127e-17 1.03834195674313e-27 0 3.09044798727616e-38 3.1999417520559e-08 3.19984039743051e-17 0 1.66845535572905e-29 
3.6315028309908e-26 2.97581687543402e-32 4.74773682974344e-25 1.71334008544455e-47 0 3.42404778525242e-41 1.00756784822925e-54 2.23104725273287e-35 2.31435241049812e-55 4.05811016931672e-41 0 0 1.6908516545576e-17 2.32687536888745e-18 7.02998346023283e-23 0 0 1.01910763472791e-50 6.87611454907198e-23 1.4663093348263e-32 2.51331820465568e-35 9.8721325090145e-50 0 0 0 6.83816167000833e-48 1.09988374126709e-40 3.89398145326634e-50 3.78897644671633e-35 2.30939621412565e-31 3.0637138691843e-27 6.06114538672243e-32 9.91709535642306e-40 4.47998633945101e-64 0 7.71714348806581e-30 0 7.344883013748e-56 6.24116929135349e-54 1.30181305423473e-58 
0 4.82287012323512e-61 0 0 1.09685186424732e-66 0 0 0 1.05420041175438e-63 0 0 0 2.37602535620725e-43 1.98891961764612e-44 3.30523496973626e-34 9.49082554056172e-24 2.70970269268813e-25 0 0 5.98047228984828e-40 3.09831212325767e-35 8.17796678599923e-41 0 1.72807491633182e-48 0 7.10236637602629e-43 0 2.19696104463148e-42 0 3.19984039745757e-17 1.60544000741944e-39 8.29990360142523e-63 0 0 0 6.18537335909034e-64 1.68749295464078e-60 4.04756915270275e-58 0 4.47868434633205e-51 
0 0 1.02966143009397e-64 0 0 0 0 0 0 0 0 0 0 5.66609994558231e-25 1.66194072954845e-23 1.11042407936511e-52 5.76204486222803e-34 5.5032916189613e-52 1.30277937880311e-56 0 0 0 6.98653329079325e-34 1.60998273787904e-57 3.20155691408624e-28 0 1.16407307190989e-23 2.17851569198189e-33 1.19848600106539e-31 9.82492518768942e-29 2.57265979622623e-43 1.37757915187036e-56 4.17134008146329e-58 2.20774099368989e-21 3.03819592334137e-17 9.52644129560081e-21 1.21003246771715e-27 0 1.05697002159403e-53 8.97812862680229e-27 
3.06356988591616e-17 8.2971867253467e-20 2.06248035988398e-63 1.01627787098951e-64 0 0 0 5.39705856183345e-27 3.797930593455e-48 6.31607427892142e-20 4.0454813772694e-40 0 0 0 0 0 2.14143839506065e-27 3.31319284430695e-29 7.35345976630091e-35 2.11291239116513e-12 9.72000435309235e-35 0 0 0 5.06007125528247e-45 2.62402330950072e-36 6.5228692205679e-63 0 0 0 0 2.50466335668999e-18 1.30030551001516e-32 2.25275029500167e-24 3.75893021859929e-21 1.4758015338919e-21 0 0 1.73812781877471e-17 8.97210393047237e-47 
3.31966444649625e-32 5.71577055209968e-46 3.12785466026447e-12 0 0 0 0 7.92253034199289e-43 0 0 5.28789833218918e-53 1.6651637234099e-12 4.57081182751019e-35 4.89371852298261e-52 6.11043282514508e-27 1.50668993872405e-38 3.37587409860088e-63 7.94783133208966e-11 2.09325071818018e-29 1.21439985460786e-44 2.59799142913868e-17 0 0 0 0 2.34045665978888e-31 1.03597602489161e-46 9.50908626973233e-64 0 0 3.79277543434979e-23 2.1976162270385e-32 1.63685536355088e-49 0 0 0 2.89101757083487e-05 9.21703865279618e-19 2.41015413660406e-44 7.55971794163988e-31 
0 0 0 3.20710431401468e-42 1.59449770246357e-23 1.5958014724538e-29 9.69263378148345e-47 1.07061104469268e-54 2.71021492303126e-22 0 3.93917751001805e-62 1.44118814207335e-16 4.72974800376533e-09 1.42523473019109e-47 3.58666933192486e-44 5.11143414039302e-31 3.19891099050146e-17 0 0 0 0 2.01855490420638e-19 0 0 0 0 0 0 0 0 0 0 0 4.92065526869051e-44 0 0 0 0 0 0 
0 0 6.95749657105816e-32 3.87382500475769e-35 0 0 7.55383206564306e-34 4.15565607938104e-32 3.4067156437093e-29 9.34090580453289e-44 3.30463268585557e-57 1.4463794157521e-58 2.20777471116906e-21 3.03824232384789e-17 9.52658678705423e-21 1.2100509478e-27 0 3.66496053528093e-54 3.1130955869662e-27 3.19984039745648e-17 0 0 0 5.5878277173781e-06 4.27175549513112e-15 1.91702118619473e-27 0 0 2.02985510367143e-18 7.41285486206312e-36 1.32569486728128e-27 1.21873862329687e-13 1.72395815039237e-29 6.95568336004778e-32 3.19552467552391e-17 6.17724708489408e-35 1.76719592262396e-46 4.78346696197003e-38 1.45616228379553e-23 4.71873863561136e-40 
5.24371413038297e-43 6.47378634765897e-14 3.13112673246454e-29 3.4622461968003e-19 3.08577728737572e-14 8.26245187663283e-18 1.73737607345351e-28 1.08109438271664e-23 8.59614316105586e-42 1.96388010837072e-27 1.83209475331234e-30 2.60845934518668e-42 3.72559070992592e-32 3.91119212950372e-16 1.42845454100555e-18 1.69445773431165e-26 5.10229206202954e-31 2.57686320667425e-37 0 5.04310429227705e-20 4.39452696470282e-17 4.62553087468048e-66 1.514453168905e-52 0 0 0 0 0 0 0 0 0 0 0 0 0 0 0 0 0 
0 0 2.14839563701581e-17 3.92999304829786e-39 2.97587077914491e-17 4.06259044476635e-20 0 0 5.4812574811079e-05 1.97636454308951e-23 6.9541701736066e-14 1.88046847887279e-24 1.01189327376221e-23 4.16010192797792e-17 7.61420263640903e-35 2.59467222121252e-26 1.89473949623442e-12 2.68019032490156e-28 3.74954638859311e-31 0 1.4784859992004e-49 5.35162275825041e-32 4.1739845902857e-20 2.97287707512095e-17 1.26332492243655e-32 0 0 1.85455403455428e-42 1.86086529875283e-35 4.77774340320871e-29 4.31049870107566e-34 8.90337344696578e-51 3.07398810610329e-17 1.25283733557682e-20 4.26825978254828e-48 3.58714776734024e-55 1.52834219838558e-42 5.06594709565621e-59 5.05210047601189e-43 1.42470499701206e-31 
3.50663375282777e-34 0 3.17359959642401e-50 1.49293672802115e-30 9.09955055871757e-32 6.97786598181571e-59 0 0 0 0 2.96905910886873e-45 0 4.18151640955068e-26 5.21973862195244e-27 9.90054207789775e-66 0 1.59465281541836e-30 5.0725158663567e-34 2.88188361307243e-40 0 0 0 0 7.96981709932135e-56 0 0 0 7.46543196938052e-29 2.2334633149942e-63 0 5.00092940048752e-60 3.97567224841524e-66 5.58758226910168e-54 1.4889544960791e-65 6.53743238800712e-59 2.96484919401444e-17 0 0 0 4.85080718882716e-63 
7.51180099376399e-36 4.42794432205899e-33 1.52050928914401e-47 1.24004890262852e-50 1.09568021033254e-49 0 0 0 0 0 0 6.70350947390809e-42 0 0 0 4.81731368437093e-50 0 8.44172765758288e-62 0 6.76094139086459e-43 0 9.79424340151973e-52 4.9422488918659e-50 3.6601112481124e-45 5.21546715716532e-44 0 1.66255459534967e-48 2.44592496831674e-51 2.83501165552162e-57 0 0 0 1.474480497439e-50 1.69743513348873e-45 2.02911510669204e-51 1.29105366223135e-30 2.81586575140824e-20 6.13038747437628e-56 3.902001482653e-66 4.01491142376721e-31 
2.80461886177504e-25 2.06966974255114e-65 1.17692449972689e-54 3.19187454625342e-28 4.59818371157615e-30 1.57675728722558e-21 1.29963506050263e-23 0 0 0 0 2.18722024865041e-59 0 0 0 0 3.67256828547211e-43 0 2.89187677681574e-46 0 0 0 1.36060830232206e-52 1.46586220018451e-45 0 0 0 0 1.43007455345629e-45 0 0 0 0 0 0 0 0 0 0 0 
9.50335002444402e-57 0 0 2.27243076512765e-10 1.53900350842168e-51 3.49781206227753e-25 0 0 0 0 0 9.4151510718854e-54 1.42882094324918e-34 0 7.09380392337919e-50 3.25109525429991e-31 5.89790217682332e-20 2.93098435709534e-17 0 0 0 1.26669705631722e-22 5.57442284649384e-35 5.56760151547793e-43 0 1.49000153529192e-36 2.59656859692168e-33 2.86816738542434e-51 6.42862099367051e-31 2.71793779871242e-50 0 0 0 1.74825587491655e-24 4.28697347862309e-21 6.74381236078108e-41 0 5.36773745267806e-60 2.79423407027293e-50 4.15648545614588e-30 
2.43230856177894e-26 5.03765671675022e-27 1.02611192181113e-62 0 0 0 1.01707040555088e-28 2.06463516917963e-21 0 1.93256103089047e-57 3.18060892169908e-18 0 0 0 0 0 0 0 0 0 8.24377226799252e-63 2.58489196920717e-65 0 3.19984039745617e-17 0 0 3.79849728055623e-63 0 0 0 0 0 0 0 0 0 0 0 0 0 
0 0 0 0 0 1.41608102843441e-35 0 3.08152539916705e-32 2.51947355939939e-38 5.49381643611749e-58 0 4.02968277512905e-31 3.86339751990139e-24 1.8393486770239e-17 1.37353287021245e-28 1.20956092472352e-51 0 3.00929122323511e-63 1.54146826528681e-21 0 1.74446896694713e-22 4.66049214528355e-36 9.43643860970097e-48 2.90618991696186e-47 0 8.51860613005748e-61 0 2.08462407404643e-42 2.35304814923281e-39 5.93202562285863e-62 0 0 1.29751968617086e-56 0 0 0 3.7606514089419e-65 0 0 0 
1.80642045436649e-57 0 0 0 0 5.71333550687217e-23 8.36478198129143e-49 7.86244045733498e-24 2.01189708049418e-31 1.74692154820886e-22 2.37541007038531e-28 0 0 0 0 0 0 0 9.81254355394842e-55 0 0 0 0 0 2.76802747846646e-60 0 1.1502158194583e-30 0 0 9.99197763992009e-34 0 9.28581902554998e-46 0 0 0 5.45763235486131e-56 0 5.83616273896931e-29 0 3.18756818236426e-17 
4.08939659094753e-23 1.3557972061481e-34 5.57397254005122e-27 1.92579638175433e-23 1.45677556370583e-40 1.74849594361167e-32 2.13378539484162e-25 4.50610960980348e-54 3.60617653288635e-49 2.33241409657091e-40 1.70931137450564e-26 2.05507301792361e-28 2.18260849931225e-25 1.37758074199589e-66 0 0 5.44582402045936e-37 6.21083912184731e-50 2.49112284886966e-65 9.42963762457959e-24 1.26285239284199e-09 1.85007314725311e-26 9.75470162531366e-08 8.40446571868206e-13 3.7857816171086e-33 2.08270534399258e-31 1.70735612885153e-28 2.69387367072253e-43 1.44248540323323e-56 7.24887254123346e-58 2.2077148933867e-21 3.03816000770841e-17 9.52632867238333e-21 2.14471461443272e-53 1.33903854846798e-62 1.21001816250328e-27 0 1.83678166490553e-53 1.56020149200083e-26 6.86406149713636e-62 
0 0 0 0 0 0 0 0 0 0 0 0 0 0 0 0 0 0 0 0 0 2.20419175422823e-66 0 0 0 1.00708762203287e-34 7.22231004197457e-32 3.58070781521601e-23 7.08412970840202e-19 2.31270222598442e-17 0 9.21295669617828e-48 7.41128725775059e-64 1.37993429266652e-52 0 0 3.17270227201883e-17 1.58816996768543e-32 7.07341383368243e-23 1.02368083610806e-33 
8.79295118617627e-27 1.84780069233189e-46 3.1729721814923e-36 2.41312713812004e-22 6.88710591477126e-33 1.5183171067555e-40 0 1.89239710959952e-56 5.04150941836686e-61 8.05793666607644e-33 6.34657172956041e-28 0 0 6.62905969511387e-46 0 1.18479536111874e-52 1.14284182153702e-17 5.18060179012149e-18 0 6.68166308937613e-58 0 0 0 0 0 0 0 0 0 0 0 0 0 0 0 2.40877675514947e-37 3.17406129445906e-17 0 0 0 
0 0 0 5.71689788453769e-51 3.49403379700649e-29 3.50592538637259e-31 4.35031491861605e-22 3.08853252663427e-24 3.52079475983396e-45 4.45364549868676e-26 0 0 0 0 0 0 8.08059553754721e-49 0 3.05242917726677e-52 2.80067105762487e-17 1.32915942483032e-19 1.34460411858995e-32 0 2.62738067002979e-61 0 6.71267727518299e-28 3.19587945488114e-17 0 5.22879769423347e-63 0 8.09763329445293e-36 4.77298399291519e-33 1.63958660490968e-47 0 0 0 0 0 0 0 
0 0 0 1.41146772802857e-36 3.49275467429678e-57 0 8.51184381764804e-46 2.60840664785901e-45 4.67083106752231e-53 1.55370288883896e-48 6.23932559443054e-59 0 0 4.43046019186774e-64 0 3.32462075868255e-49 0 0 0 1.81795765978669e-47 1.77692958574577e-55 3.39042760867723e-65 0 0 0 5.78603382400024e-50 2.20562703353397e-35 1.20836942420807e-23 0 0 0 0 6.68585221469412e-66 2.59456645103167e-65 1.53653868504905e-56 2.44025346114191e-57 8.79641600965729e-60 0 0 0 
2.10494903496068e-66 0 0 0 0 0 0 0 0 0 0 0 0 0 5.79411140583385e-39 1.14762630440809e-33 2.58726758109376e-36 1.67617434741094e-46 0 8.33910309384894e-57 4.76660728558832e-63 1.0638403297326e-54 4.55274241634453e-62 0 0 0 0 0 0 0 0 0 3.75584783076868e-50 0 0 0 0 0 0 0 
0 9.25113664543845e-32 4.29456724013318e-40 6.1873917768008e-65 1.7155168473951e-33 2.84599870713501e-49 0 0 0 1.94491517099626e-40 0 2.45494337368821e-64 0 1.41185997840202e-60 7.34906658507119e-49 0 1.96513210823751e-56 2.74613227501197e-33 4.08686367619465e-35 5.08175654886524e-25 1.05199520071542e-23 8.62091489512343e-27 1.29180049325792e-58 1.85074337689857e-28 2.60840747483874e-46 1.1354807033773e-23 0 4.63583964094202e-55 0 1.58324369779066e-55 0 0 0 0 0 0 0 0 0 0 
8.75802830256065e-54 1.32502814848019e-17 4.49126157338286e-28 0 0 2.10233494493576e-51 1.91147912188507e-38 0 0 0 0 0 2.02043323313815e-12 9.90814539336888e-06 1.45780431131562e-20 98029.5576965807 50.0060815287525 1.90573445018944e-16 4.5347537135605e-06 0.0536522615918803 2.59753553307224e-14 1.3648814832435e-28 2.71173230406447e-17 1.55446364450468e-32 7.99156245197894e-06 0 0 0 0 0 0 0 0 0 0 0 0 0 0 0 
0 0 0 0 0 0 0 0 0.00913177438662327 0 0 0 0 0 0 0 0 0 0 0 0 0 0 0 0 0 0 0 0 0 0 0 0 0 0 0 0 0 0 0 
0 0 0 0 0 0 0 1.46115247895654 0 0 0 0 0 0 0 0 0 0 0 0 0 0 0 0 0 0 0 0 0 0 3.16447762884505e-05 0 0 0 0 0 2.56806502484378e-18 0 0 0 
0 0 0.00425212205808062 0 0 0 0 0 0 0 0 0 0 3.19593751366903e-17 0 0 0 0 0 0 0 0 0 0 0 0 0 0 3.19977366232493e-17 0 0 0 0 0 0 0 0 0 0 0 
0 0 0 0 0 0 0 0 0 0 0 0 0 0 0 0 0 0 7.98584621548698e-18 0 0 0 0 0 0 0 0 0 0 0 0 0 7.98941850315866e-18 0 1.59804486475245 0 0 0 0 0 
0 0 0 0.0720329598849846 0 0 0 0 0 0 0 0 0 0 0 0 0 1.52092059710785 0 0 0 0 0 0 0 0 0 0 0 0 0 0 0 0 0 0 0 0 0 0 
0 0 0 0 0 0 0.000291748142039477 0 0 0 0 0 0 0 0 0 0 0 0 0 0 0 0 0 0 0 0 0 0 0 0 0 0 0 0 0 0 0 0 0 
0 0 0 0 0 0 0 0 0 0 0 0 0 0 0 0 0 0 0 0 0 0 0 0 0 0 0 0 0 0 0 0 0 0 0 0 0 0 0 0 
0 0 0 0 0 0 0 0 0 0 0 0 0 0 0 0 0 0 0 0 0 0 0 0 0 0 0 0 0 0 0 0 0 0 0 0 0 0 0 0 
0 0 0 0 0 0 0 3.06138845058928e-17 0 0 0 0 1.50023522050936e-17 0 0 0 0 0 0 1.66383809677086e-18 0 0 0 0 0 0 0 0 0 0 0 0 0 2.22211138715061e-13 0 0 0 0 0 0 
0 0 0 0 0 0 0 0 0 0 0 0 0 0 0 0 0 0 0 0 0 0 0 0 0 0 0 0 0 0 0 0 0 0 0 0 0 0 0 0 
3.19143681201946e-17 0 0 0 4.06495783176832e-18 0 
<F>
-288.56881133015 -768.590654019565 -362.311871458369 -318.151202529096 -422.966507555223 -557.363959530082 -691.761162697537 -342.809216488735 0 -501.57872219956 -359.57236234237 -576.126468582841 -863.683134066415 0 -620.454371542772 -5.98382303532347 -26.571160500206 -89.2744398171576 0 0 0 0 0 -252.090801003123 -100.313727115263 0 0 0 0 0 -39.4963303549508 -33.0338700757538 -68.2470774709014 -109.922743902953 0 0 -168.577021787484 -97.5742157914579 0 -47.8719417834624 
0 -31.7579999909358 0 0 0 -254.862175721059 -389.259876110483 0 0 0 0 0 -396.869034373827 -467.872089665249 -538.874895662075 0 0 0 -325.865729162509 -531.266237052041 -665.663189193064 0 0 0 -770.295149224496 0 0 0 0 0 0 0 0 0 0 0 0 0 0 0 
0 0 0 -313.439823638789 0 0 0 0 0 0 0 0 0 0 0 0 0 0 0 0 0 0 -295.875246243159 -282.330056075178 -353.332860865276 0 -549.687364669815 0 0 -838.569951882424 0 -415.290412527266 -486.293217402148 -246.040091078904 -732.333809691148 -471.560230970051 -380.437544628989 -496.217994037914 -739.734098320991 -715.076335254476 
-317.04339654814 -690.418322539019 -577.925156768421 0 0 -62.7030288040013 -20.4163650375953 -2.85196491893223 -179.174597512647 -225.519144868621 -229.903793300087 0 0 0 -716.197511238845 -455.42393302321 -709.924892228989 -1019.67574105749 -1391.58589484459 -718.769140441651 0 -259.485190751864 -364.301246143997 -480.081695994144 -759.240669182674 -734.582905911073 -284.143455568758 -212.292718018274 -236.950481236105 -723.597800279549 -698.940037309964 -588.641630128016 -1789.78485758719 0 -787.333810483607 -300.907098507125 -517.460955860729 -805.017123548748 -674.282025050785 -1784.45673956005 
-561.788858821772 0 -745.336518570316 -720.67875560053 -1851.23347095929 -1587.71051117156 -1357.80572299118 -1213.76826697811 -1443.67106973821 -983.864473701645 -77.0758401563372 -528.115124701906 -302.595979882399 -150.818656952744 0 0 0 -327.253742855029 0 -546.112084169113 -90.0015092278628 -96.4639695101998 -102.926183441091 -83.5387996521341 -219.08220065927 -290.085006655563 -361.087566292856 0 -148.079145367962 -65.3434969630073 0 0 -244.450255452663 -378.847960851392 0 -576.335823294615 -480.019610435091 -73.7423195730998 0 -275.855433483418 
-726.895711716457 -952.414369868499 -501.376070990109 -349.598497353809 0 -410.253133427089 -544.650587862495 -526.033584146433 0 -744.89217527645 0 0 -417.86229176654 -488.865347098483 -346.858986664843 0 0 -607.740996788637 -791.288406726505 -61.1654269171253 -286.685566643229 -134.908243713709 0 0 0 -195.562879773562 -311.343329615883 -530.201670929942 -74.0910959886918 -67.6283864129874 -203.171787420099 -274.174593415516 -345.177153056401 0 0 -132.168732128815 0 -393.050492441788 -127.588632869228 -148.175472182968 
0 -201.331449663982 0 0 0 0 0 0 0 0 0 0 -198.591938080244 -219.179025625014 -290.182330836583 -361.185386127912 -432.188192123538 0 0 -670.218310169299 -657.706849504531 -444.69916535104 0 -854.878893894555 0 -830.220635271464 0 -805.562135563191 0 -138.382156453045 -26.7339592034945 0 0 0 0 0 0 -343.843992459871 0 -100.476525818185 
0 0 0 0 0 0 0 0 0 0 0 0 0 -39.659129061103 -33.196668779143 -189.327407250982 -168.739820491345 -260.330213239649 -331.332772882612 0 0 0 -97.7370144948468 -118.324351959833 -48.1975391959107 0 -29.57941991121 -272.461067968329 -723.501346371977 -497.981705883286 -406.858768402801 -541.256223162965 0 -414.467926658453 -485.47098194578 -556.473787923328 -343.464621436057 0 -604.346631681726 -787.894041498077 
-134.396952198315 -60.6557444712536 0 0 0 0 0 -511.695029018972 -757.801519476609 -286.175884196872 -134.398561265779 0 0 0 0 0 -252.829844272168 -181.827534681666 -110.824981251524 -90.2371419255261 -195.053197325652 0 0 0 -554.349751454617 -529.691988483592 0 0 0 0 0 -202.662104973751 -223.249442438524 -294.252497729885 -273.664910971247 -365.25530372642 0 0 -131.659049682186 -152.246137227039 
-377.766276953012 -525.621562977386 -42.4609409957065 0 0 0 0 -392.540809995432 0 0 -596.675557289027 -8.1408510395942 -345.192009852196 -369.850023326944 -320.53374906995 -614.60117500468 0 -250.177403501154 -529.336374983036 -553.994388671423 -504.67811381576 0 0 0 0 -78.8966735091593 -103.554938340783 0 0 0 -54.2381648323855 -159.054965676375 -293.451917818319 0 0 0 -7.04618734181441 -31.704200777091 -408.053112896952 -383.39509779083 
0 0 0 -336.872438612498 -312.214426341173 -493.693507795444 -518.351520061703 0 -469.035249174122 0 11.9150052696785 -31.1204725738166 -6.46246030686309 -269.022362052957 -356.542329300389 -27.9312049855896 -3.2731914765392 0 0 0 0 -8.21731571629604 0 0 0 0 0 0 0 0 0 0 0 -62.3174097971569 0 0 0 0 0 0 
0 0 -13.0011389101211 -37.6593975289217 0 0 -313.208952618939 -764.249231022585 -538.729590533891 -447.606653053404 -582.004107813564 0 -455.215811309058 -526.218866596385 -597.221672573937 -384.212506086663 0 -645.09451633233 -828.641926148683 -41.6756664572836 0 0 0 -121.830438464763 -347.350079287606 -151.410841035881 0 0 -372.008091296216 -615.524195584282 -590.866183582025 -192.833493812346 -566.207925433782 -453.715005086799 -138.972592068278 -273.369794545408 -632.666349187776 -608.008337185416 -209.97564741584 -583.350079036989 
-470.857158690191 -201.103711378924 -687.397429437441 -426.623851131925 -681.124810348917 -230.685108860575 -335.501164348406 -451.281614120095 -730.44058740086 -705.782824112043 -255.343373822287 -694.797718405086 -670.139955418266 -272.107016632586 -488.660873969351 -776.217041431405 -645.481943077951 -532.988776930453 0 -716.536436695915 -691.878673708893 0 0 0 0 0 0 0 0 0 0 0 0 0 0 0 0 0 0 0 
0 0 -358.736834084643 -38.6097773541086 -31.5161652092642 -56.1739281781839 0 0 -112.396220670416 -598.689686433844 -337.91585966102 -141.976621420605 -246.793421301122 -362.57387166246 -606.089975950562 -581.431963955476 -183.399274178633 -556.773705820069 -444.280785460217 0 -540.496418577159 -611.499473149976 -682.502275738843 -753.504829319338 -57.2798170557881 0 0 -508.319101467034 -282.799956802327 -537.300916013979 -1017.31979094027 -131.022633939079 -86.8612145323576 -157.863523977564 -191.67726999811 -377.814564408365 -307.457719786769 -586.616693047585 -561.958929762491 -111.519479463837 
-64.3265050880879 0 -526.316061088757 -70.2054861474035 -63.7427765835125 -120.312147426039 0 0 0 0 -88.7959822408776 0 -199.286177578863 -270.288983519551 -185.562439984051 0 -128.283122299366 -344.836979639773 -632.393147152369 0 0 0 0 -389.164882600862 0 0 0 -572.712542362666 0 0 0 0 0 0 0 -845.643146496383 0 0 0 0 
-473.732992723487 -544.735302310629 -402.730439295673 -382.142599967347 -311.140046537817 0 0 0 0 0 0 -415.423656712262 0 0 0 -866.46195455657 0 0 0 -640.943297215113 0 -937.464039592324 -782.948175370944 -711.945856838038 -895.444007525693 0 -445.004058535202 -516.006131872533 -549.820859392378 0 0 0 -423.564507724276 -444.151595268381 -494.567563015563 -515.154900480615 -586.157955771698 -352.561202512594 0 -895.190879814419 
-811.677100607591 0 -469.662567216062 -522.201338260707 -529.247525505901 -593.204143086241 -600.25008096036 0 0 0 0 0 0 0 0 0 -486.426712003152 0 -557.429517996868 0 0 0 -990.536000246596 -702.980320057419 0 0 0 0 -930.856132065911 0 0 0 0 0 0 0 0 0 0 0 
-796.990622574582 0 0 -287.556167710149 0 -444.376749468361 0 0 0 0 0 -486.996049119316 -557.999355013986 0 -482.925623613664 -553.928929508869 -624.931984547495 -695.93478935424 0 0 0 -10.131187380021 -51.3056123899045 -537.599330338196 0 -502.344896940666 -276.825752115406 -350.568068205335 -347.82855810573 -125.048429183933 0 0 0 -151.889319437859 -80.8870098440598 -301.483515087712 0 0 0 -64.2312814608801 
-193.311972892286 -264.314778889491 0 0 0 0 -122.308917600654 -39.573269195562 0 -383.190677913966 -4.26216599791474e-08 0 0 0 0 0 0 0 0 0 -183.180785554891 -254.183591437118 0 -4.6021560941457 0 0 36.5732642204574 0 0 0 0 0 0 0 0 0 0 0 0 0 
0 0 0 0 0 -276.229530923476 0 -727.26980925663 -952.788466811362 0 0 -501.750168695667 -735.346422795652 -840.315028254988 -756.251378569362 -349.972595115058 0 0 -305.811928198291 0 -376.81448172551 -468.404874481915 -397.40232095703 -410.627231186315 0 0 0 -780.909141831038 -330.469943881023 0 0 0 -410.09553845918 0 0 0 0 0 0 0 
-635.61517902815 0 0 0 0 -418.236389471277 -438.823477046834 -489.239444774208 -509.826782227573 -580.829837530301 -347.233084291089 0 0 0 0 0 0 0 -481.098593761715 0 0 0 0 0 -925.528013824379 0 -563.787191532934 0 0 -851.343854933878 0 -1138.89953534725 0 0 0 -608.115094494137 0 -791.662504352984 0 -247.589625910153 
-473.109765801588 -381.987079461451 -497.767528869619 -318.592931379839 -579.474691599958 -22.979621561404 18.1957983096433 -25.8315864521458 -267.343724954558 -244.364103423989 -331.884070669246 -19.790353975043 21.3850693688172 0 0 0 1.59471764784772 -18.1956353214306 0 -933.987557390588 -540.090238352275 -1679.08417644538 -515.432226084606 -490.773967460828 -308.248111870344 -759.288390273993 -533.768749785305 -442.64581230482 -577.043267064988 0 -450.254970560472 -521.258025847798 -592.260831825344 -758.502339914302 0 -379.251665338074 0 -640.133675583744 -823.681085400094 0 
0 0 0 0 0 0 0 0 0 0 0 0 0 0 0 0 0 0 0 0 0 0 0 0 0 -225.556635559791 -296.559438424814 -408.73742107689 -479.740223944159 -550.742777985116 0 -154.553580932739 0 -527.928503678163 0 0 -248.545584644424 -734.839303255502 -474.06572453528 -382.943038193287 
-498.723487602976 -742.239591886057 -717.58182881971 -319.548890113206 -692.923816105043 -580.430650333651 0 -1376.44751323866 0 -431.340121079067 -502.342926567707 0 0 -310.957052566442 0 -362.324686489961 -252.165523590576 -323.168329087191 0 0 0 0 0 0 0 0 0 0 0 0 0 0 0 0 0 -505.600206873656 -647.606567378481 0 0 0 
0 0 0 -434.596653424359 -956.639491406607 -731.120346601642 -802.12315258522 -873.125712204303 -1336.67331473345 -2122.90019317263 0 0 0 0 0 0 -290.37983495109 0 -294.450260457575 -432.386195482887 -503.389001399499 -361.383140208504 0 0 0 -756.006302181187 -860.974907693455 0 0 0 -489.064753920704 -560.067063511687 -418.062200490895 0 0 0 0 0 0 0 
0 0 0 -430.755417909004 -451.342505452927 0 -902.381789995924 -1127.89997270252 -1107.31144150129 -676.862645179496 -811.259597350697 0 0 0 0 -931.363604388716 0 0 0 -551.926212494475 -480.923902911369 0 0 0 0 -459.483356466015 -530.486661677358 -601.489716968771 0 0 0 0 0 0 -458.389193403116 -465.435632034208 0 0 0 0 
0 0 0 0 0 0 0 0 0 0 0 0 0 0 -593.348865956359 -664.351671954175 -735.35423158898 -522.345810665343 0 -1026.45583567941 0 -738.899668017005 0 0 0 0 0 0 0 0 0 0 -966.77523072855 0 0 0 0 0 0 0 
0 -97.2016954352685 -548.240979981109 0 -322.721835161289 -170.944512231499 0 0 0 -347.379598133895 0 0 0 0 -566.237939448004 0 0 -110.127364506753 -116.589824789203 -239.208055938161 -310.210861932734 -381.213421573122 0 -168.205000646828 -708.243305083273 -85.4693522420105 0 -429.086760959848 0 0 0 0 0 0 0 0 0 0 0 0 
-469.94795942672 -611.954319928683 -753.959685574294 0 0 -2376.81422433994 -2447.81727963321 0 0 0 0 0 -7.85754328087965 -71.002806022595 -24.6577629981121 -95.6608182584116 -20.4163650250219 -179.174597500073 -8.14085102702083 -95.6608182769469 -31.1204725612433 -27.9312049729916 -8.21731570372263 -38.6097773415354 -7.85754326830624 0 0 0 0 0 0 0 0 0 0 0 0 0 0 0 
0 0 0 0 0 0 0 0 -372.211271628404 0 0 0 0 0 0 0 0 0 0 0 0 0 0 0 0 0 0 0 0 0 0 0 0 0 0 0 0 0 0 0 
0 0 0 0 0 0 0 -455.42393296499 0 0 0 0 0 0 0 0 0 0 0 0 0 0 0 0 0 0 0 0 0 0 -613.121779551452 0 0 0 0 0 -2553.65809859595 0 0 0 
0 0 -625.017958654897 0 0 0 0 0 0 0 0 0 0 -58.8810371001184 0 0 0 0 0 0 0 0 0 0 0 0 0 0 -42.9706234148191 0 0 0 0 0 0 0 0 0 0 0 
0 0 0 0 0 0 0 0 0 0 0 0 0 0 0 0 0 0 -35.2728650677223 0 0 0 0 0 0 0 0 0 0 0 0 0 -542.389604165812 0 -408.523828522407 0 0 0 0 0 
0 0 0 -1055.61534797954 0 0 0 0 0 0 0 0 0 0 0 0 0 -65.4405625231404 0 0 0 0 0 0 0 0 0 0 0 0 0 0 0 0 0 0 0 0 0 0 
0 0 0 0 0 0 -2336.81218307471 0 0 0 0 0 0 0 0 0 0 0 0 0 0 0 0 0 0 0 0 0 0 0 0 0 0 0 0 0 0 0 0 0 
0 0 0 0 0 0 0 0 0 0 0 0 0 0 0 0 0 0 0 0 0 0 0 0 0 0 0 0 0 0 0 0 0 0 0 0 0 0 0 0 
0 0 0 0 0 0 0 0 0 0 0 0 0 0 0 0 0 0 0 0 0 0 0 0 0 0 0 0 0 0 0 0 0 0 0 0 0 0 0 0 
0 0 0 0 0 0 0 -33.1108153173867 0 0 0 0 0 0 0 0 0 0 0 -389.508258456415 0 0 0 0 0 0 0 0 0 0 0 0 0 -3063.14979909691 0 0 0 0 0 0 
0 0 0 0 0 0 0 0 0 0 0 0 0 0 0 0 0 0 0 0 0 0 0 0 0 0 0 0 0 0 0 0 0 0 0 0 0 0 0 0 
-79.0068928218286 0 0 0 -420.632685250043 0 
<F0>
-0.812643352790633 0 -0.3611748231546 -0.0902634841935477 -0.3611748231546 -0.0902937055577225 0 0 -0.355067812109244 0 -0.3611748231546 -0.0902937058348356 -0.0896590476785789 -0.354956922426374 -0.0902937055577225 0 -0.0902937060195776 0 -0.0888903494107226 -0.355259160496483 -0.799106433268541 -0.0880440853985301 -0.354050211888335 -0.0904448151553563 0 -0.0888903494107226 -0.355259160496483 -0.799106433268541 0 -0.0889180718268242 -0.08999148774802 0 0 -0.0904448151553563 -0.355259160496483 -0.799106433268541 -0.0904448151553563 0 -0.0885881122643153 -0.360872605803895 
-0.0890716916918115 0 -0.355259160496483 -0.0888903494107226 -0.0888903494107226 -0.812643353414137 -0.361174823731919 -0.0887669531427738 0 -0.0888903494107226 -0.355259160496483 -0.799106433268541 -0.0902937059041138 0 -0.0904448151553563 -4.34822230824423 -1.41982769256897 -2.21848076976025 -0.361174823731919 0 -0.0904448151553563 0 -0.0888903494107226 -0.0887392307220562 -0.361174823731919 -0.798653077006542 -0.0891623628379856 -0.79934822297666 -0.0887392308144264 0 -0.799106433268541 -0.354956923003688 -0.0887392307220562 -0.0887090071240041 -0.355259160496483 -0.354956923003688 -0.0887392307220562 -0.354956922980595 -0.0887392303756679 -0.0888903494107226 
0 -0.354956923003688 -0.0887392307220562 -0.0904448151553563 -0.0887392307220562 -0.354956923003688 -0.088739230629686 -0.799650460145585 -2.22008262770359 -0.0892832577145633 -0.0887392314610178 0 -0.354956923442446 -0.0887694545510338 0 -0.0887392306527786 -0.0893739288157005 -0.79934822297666 -0.354956923003688 -0.0888903494107226 -0.0887392307220562 -0.354956922380189 -0.813096681594793 0 -0.0904448151553563 -0.088739230837519 -0.0902937060195776 -0.0887669532582366 -0.088739230837519 -0.0902937060195776 -0.354956923350076 0 -0.0905052588074162 -0.361174823916661 -0.0902937060195776 0 -0.0902937059041138 -0.0902937059041138 -0.0902937059027453 0 
-0.0902937059041138 -0.0904448151539842 0 0 -0.355370050170121 -0.0901425968837988 0 -0.090082153231739 0 -0.361416598686549 -0.361174823755012 -0.798653076867987 -0.798653077537671 -0.354956923234613 -0.0902937060195776 0 -0.0902030405414879 -0.812643353506508 -0.812643354169251 -0.361174823962846 0 -0.36120504590434 -0.09029370578865 -0.0902937059041138 -0.0902937059041138 0 -0.0899612659276194 0 -0.0902937059041138 -0.0902937059027453 0 0 -1.44472160321723 -0.355067813494797 -0.0902937061812268 -0.0902937059041138 0 -0.361628151496905 -0.0904448151539842 -1.44472160321723 
0 0 -0.0902937059041138 0 -1.44469929632398 0 -0.361477042349868 -0.361174823847383 -1.44469929538953 0 -0.361174823547177 -0.361477042349868 0 -0.0902937057424646 0 -0.0889810205456375 -0.355259160496483 -0.0902937055577225 -0.0887669527963856 0 0 -0.0904448151539842 -0.361477042347006 -0.0902937055577225 0 -0.0904448151553563 -0.360570387535195 -0.798653076244488 -0.0902937059272065 -0.0904448151553563 -0.354654686203668 0 -0.812643353598879 -0.361174823731919 -0.354956923003688 -0.0902937059041138 -0.812873040051774 -0.0897795653933032 -0.0887388505476206 -0.812643353645065 
-0.0907168115952547 -0.813338456203032 -0.0902937059964848 -0.361174823731919 -0.0887392307220562 -0.361174823731919 -0.0902937059041138 -0.361174823708826 -0.355067812686558 -0.0902937059027453 -0.0887392307220562 -0.354956923003688 -0.0902937066430819 0 -0.361174824170681 -0.354956923003688 -0.0888903494107226 -0.0902937059041138 -0.361174823108415 -0.361174823708826 0 -0.0902937060195776 0 -0.088739230837519 -0.354956923350076 -0.0902937060195776 -0.0902937060195776 0 0 -0.090293706018209 0 -0.0902937060195776 -0.36117482407831 -0.798902579324129 -1.4198276934003 -0.0902937060195776 0 0 -0.36117482407831 -0.812643353483416 
-0.354956923350076 -0.0902937060195776 -0.354956923350076 -0.088739230837519 -0.355067813032946 -0.088739230837519 0 -0.354956923350076 -0.0887669532582366 -0.354956923350076 -0.354956923350076 -0.088739230837519 -0.0902937060195776 -0.36117482407831 -0.0902937060195776 0 -0.0902937060195776 -1.4198276934003 -2.21848077093797 -0.36117482407831 -0.812643354176198 0 0 -0.090293706018209 -0.354956923350076 -0.361174824075451 -1.4198276934003 -0.812643354169251 -0.088739230837519 -0.0902937059041138 -0.0902937057655573 -0.355067812293985 -0.088739230837519 0 -0.088739230837519 -0.354040206771055 0 -0.08999148774802 -0.355259160496483 0 
-0.0887392301447424 0 -0.0889180718268242 -0.355259160496483 -0.0887392297752616 0 -0.0888601256915782 -0.355017370777105 0 -0.0887392306065935 0 -0.355138265631165 -0.0887180742369327 -0.0904448151553563 0 0 -0.0904448151553563 -0.0890848329333474 -0.360600609375257 -0.354956922680392 -0.798653076290673 -0.354956922588022 0 -0.0902937063659689 -0.361477042347006 0 -1.44373219788028 -0.812643353575787 -0.093829659614413 -0.0902937059041138 -0.361174823731919 -0.0902937059041138 -0.355067812686558 -0.0902937059041138 0 -0.0904448151553563 -0.361174823731919 -0.0880743091289338 -0.0902937059041138 -0.361174823108415 
-0.0902332623675178 -0.361174823685734 -0.798902577569095 -0.355067813032946 -0.088739230837519 -0.799106433268541 -1.42043216769312 -0.361325933214089 -0.813338456203032 0 -0.0902937056500935 -0.354956921872153 -0.0887392296367064 0 -0.0888903494107226 -0.088739230837519 -0.812945572447756 -0.36120504590434 -0.0902634841935477 -0.36120504590434 -0.0902937059041138 -0.354956922287818 -0.0887392306065935 0 -0.0902937059027453 0 -0.0887669531427738 -0.354956922010708 0 -0.0887392307220562 -0.0887392307220562 0 -0.0902937050265892 0 -0.0904448151553563 -0.0904448151553563 -1.41982769109105 -2.21848076862872 -0.0902937059041138 -0.361174823454806 
0 0 0 -0.0887392303756679 -0.354956922218541 -0.0880138617131633 -0.355259160496483 0 -0.088739229913817 -0.0887392303756679 -0.361174823985939 0 -0.0903239278456075 0 -0.361477042349868 -0.0902937060195776 0 -0.0902937060195776 -0.0904448151553563 0 -0.36129571138243 0 -0.088739230837519 -0.088739230837519 -0.354956923350076 -0.362293031680821 -0.0912910263404862 0 -0.0887392313686476 -0.354956923811927 -0.812945572447756 0 -0.0906261461115358 -0.355259160496483 -0.799106433268541 0 -0.0904448151553563 0 0 -0.0904448151553563 
-3.19370559868894 -2.21772517808322 -4.34716448105978 0 -0.0905052588074162 -0.0905354806278168 0 -0.799355935041151 -0.361628151494043 0 -0.0904462093327847 0 -0.0900519314113383 -0.0904448151553563 -0.0903239278456075 0 -0.0904448151553563 0 -0.0888903494107226 -0.0887694545510338 -0.0888299019780634 0 -0.354956922564929 0 -0.354987147063591 -0.0887392304911307 0 -0.0885881122643153 -0.354715133641957 -0.798955314684078 -0.354987147063591 -0.0887392303756679 0 0 -0.354956923142243 -0.0887392311377221 0 -0.0888903494107226 -0.0887392306989637 -0.0888903494107226 
0 -0.0888903494107226 -0.361477042349868 -0.0900519314113383 -0.355259160496483 0 -0.812643353506508 -0.093829659614413 -0.0902937059041138 -0.361174823662641 -0.0902937059041138 -0.355067812686558 -0.0902937059041138 0 -0.0904448151553563 -0.361174823731919 -0.0880743091289338 -0.0902937059041138 -0.361174823108415 -0.0900519314113383 0 -0.0888903494107226 -0.0889205731186079 -0.0902937060195776 -0.0904448151553563 -0.813096681594793 -0.355259160496483 -0.799106433268541 0 0 -0.0904448151553563 0 -0.361477042347006 -0.0904448151553563 -0.09029370578865 0 0 -0.0904448151539842 0 -0.361477042347006 
-0.0904448151553563 -0.361174823639548 -0.0902937060195776 0 -0.0902030405414879 -0.36120504590434 -0.0902937060657631 -0.0902937059041138 -0.0902937059041138 0 -0.0899612659276194 -0.0902937059041138 0 -0.0902937059041138 0 -0.361628151496905 -0.0904448151539842 0 0 -0.0902937059041138 0 0 -0.355370050170121 -0.354956922472559 -0.798653076152118 0 -0.088739229913817 -0.354956922426374 -0.0887392303063903 -0.354956922426374 -0.0887392303756679 0 -0.0887392303756679 0 -0.0887392303756679 -0.0888903494107226 -0.355259160496483 -0.0887392303756679 -0.354956922426374 -0.0887392303756679 
0 0 -0.361053936774191 0 0 -0.0902937060426703 -0.0888601256915782 -0.0888601256915782 -0.0902972296343428 0 -0.0904448151553563 -0.813096681594793 0 0 0 -0.0904448151539842 0 -0.361477042347006 -0.0904448151553563 -5.67810182501558 -0.0902937059041138 0 -0.0855488790683078 -0.355190902332995 -0.361174823685734 -0.354397784630348 -0.797897484682912 -0.361477042349868 0 -0.0896288258356612 -1.44530373284401 -0.0902937049342182 -0.361477042349868 -0.812945572447756 -0.0902937059041138 0 -0.0902937059041138 -0.0902937057424646 0 -0.0904448151553563 
-0.0902937055577225 -0.0888903494107226 0 0 -0.0902937059041138 -0.361174823731919 -0.354956923003688 -0.354956923003688 -0.354956923003688 -0.354956923003688 -0.361174823731919 -0.0887392307220562 0 -0.0904448151553563 -0.812655901219383 -1.41982769240732 -0.0902937060426703 0 -0.361960591543829 -0.355259160496483 0 -0.0867444656216897 -0.0887392307220562 0 0 -0.0887392307220562 0 -0.0902937048649399 -0.798902578746815 -1.41982769259206 -0.0891900852457781 -0.799597724741884 -1.42087572640614 -3.19651702873056 -0.088766953235144 -0.36120504590148 -0.354956923003688 -0.798653076960357 -0.0887392307220562 0 
-0.36120504590434 -0.812945572447756 -0.0902634841935477 -0.36120504590434 -0.0902634841935477 -0.354956923003688 -0.798653076960357 -0.0887392307220562 -0.354956923003688 -0.798653076960357 -0.798653076960357 -0.0902937058117428 -0.354956923003688 -3.19600260102866 -0.355017370777105 -0.813640674497107 -1.42103664198593 -2.2207756881726 0 -0.0908376989218914 -0.088739230837519 -1.44590816939947 -0.813096681594793 -0.361477042349868 -0.36135615503449 -0.0887392307220562 -0.812038917633083 -1.44373219788028 0 -0.0887392307220562 0 -0.0887694545510338 -0.0902937059041138 -0.361174823731919 0 -0.0902937059041138 0 -0.361174823731919 -0.798902578746815 -0.3620814789155 
-0.36117482407831 -0.0893109801186629 -0.360963271290472 0 -0.0904448151553563 -0.0904448151553563 -0.361477042349868 -0.355259160496483 0 -0.0887392307220562 0 -0.0889180718268242 0 -0.0887392307220562 -0.354956923003688 -0.0887392307220562 0 0 -0.0903239278456075 -0.0893437051303337 -0.355319607912254 -0.0887392307220562 -0.813550009013388 -0.0915025791058077 0 -0.355259160496483 0 -0.0885276648372856 0 -0.0887392303756679 -0.354956922426374 0 -0.355259160496483 -0.354956923003688 -0.0887392307220562 -0.798653076960357 0 -0.0888903494107226 -0.0887392307220562 -0.354956923003688 
-0.361174823731919 -0.798653076521598 0 -0.361416598686549 -1.42105706864791 -0.813398899836886 -1.41982769259206 -0.798653076960357 -0.354956923003688 -0.0887392307220562 0 -0.361174823731919 -0.0902937059041138 -0.798653076960357 -0.361174823731919 -0.0902937059041138 0 -0.0904448151553563 -0.0880743091289338 -0.798562406397126 -0.0887392307220562 0 -0.361174823731919 -0.0902937060195776 -0.088739230837519 -0.361779260621425 0 -0.0904448151553563 -0.0904448151553563 -0.0902937059272065 0 -0.0889810205456375 -0.355259160496483 -0.812945572447756 -0.36120504590434 -0.0902937055577225 -0.355259160496483 -0.0887669527963856 0 0 
0 -0.0903239278456075 -0.798902578538982 -0.354956924504703 -1.41982769374669 -1.41982769485513 -0.0902937061350413 -0.0900519314113383 -0.355289384204368 0 0 -0.354956921456487 -0.0887392303756679 0 -0.0887996782645486 -0.355259160496483 -0.354956921456487 -0.354956921456487 -0.354956921456487 -0.354956921456487 0 -0.0904462093327847 -0.0887392303756679 0 -0.354956922426374 -1.4198276915529 -0.361482619064836 -0.0887392303756679 0 -0.0888903494107226 -0.355259160496483 -0.355259160496483 -0.354956921733597 -0.0887392296828915 -0.798653075921192 -0.354956922426374 -0.0887392303756679 0 -0.355259160496483 -0.798653076152118 
-0.0888903494107226 0 -0.355259160496483 0 -0.354956922426374 -0.812643353645065 -1.41982769254588 -0.0905959242911351 -0.813096681594793 -1.42087572640614 -3.19551902161242 -0.0902937059041138 -0.0904448151553563 -0.36120504590148 0 -0.361174823177693 -0.798653075574804 0 -0.0902634841935477 -0.798955314684078 -0.36117482407831 -0.36123526773037 -0.0904448151553563 -0.361174823731919 -0.798653076960357 -0.0887669531427738 -0.354956923003688 -0.0902937059041138 0 -0.355067812686558 -1.41982769259206 -0.798653076960357 -0.0902937059041138 -0.354956922911317 -3.19349403271123 -0.355259160496483 -0.799355935041151 -1.42043216769312 -2.21923636379273 0 
-0.0908376989218914 -0.0887392300061871 0 -0.0887392307220562 0 -0.0902937059041138 -0.361174823847383 0 -0.0902937059041138 0 -0.361174823731919 -0.79865307707582 0 -0.0887392307220562 0 -0.354956923003688 0 -0.0888903494107226 0 -0.0887392307220562 -0.0888903494107226 -0.355259160496483 0 -0.0885276648372856 0 -0.0887392303756679 -0.0902937059041138 -0.354956922426374 0 -0.0904448151553563 -0.355259160496483 -0.813096681587846 -0.354956923003688 0 -0.0888903494107226 -0.0902937059041138 -0.354956923003688 -0.361174823731919 -0.79865307626758 -0.361174823939754 
0 -0.0902937059041138 -0.0902937059041138 -0.0902937059041138 0 0 -0.361477042349868 -0.0901425968837988 -0.361416598686549 -0.361416598686549 -0.361537485990669 0 -0.361477042349868 -0.088615834689649 -0.355259160496483 -0.355319607912254 -0.361477042347006 -0.361477042347006 -0.355218931601534 -0.813096681594793 0 -1.44469929630089 -0.0904448151553563 -0.361386376866149 -0.812643353598879 -0.093829659614413 -0.0902937059041138 -0.361174823731919 -0.0902937059041138 -0.355067812686558 -0.0902937059041138 0 -0.0904448151553563 -1.44469929550499 -1.42027125132355 -0.361174823731919 -0.0880743091289338 -0.0902937059041138 -0.361174823108415 -0.355067812709651 
-1.41982769178382 -0.0887392304911307 0 -0.0882556514212819 -0.0887392307451488 -0.798653076244488 0 -0.354956922218541 -0.0885276648372856 0 -0.355259160496483 -0.0888903494107226 -0.355259160496483 -0.0887392305142232 0 -0.0888903494107226 -0.355259160496483 0 -0.355259160496483 -1.42043216769312 -0.0887392303756679 0 -0.0888903494107226 0 -0.0887392304449456 0 -0.0896288258356612 0 -0.0904448151553563 -0.361477042349868 -0.354956923396261 -0.0902937061812268 0 -0.0904448151539842 -0.0887392312300923 0 -0.361174823801197 -0.0902937060195776 0 -0.0902937059041138 
-0.0902937059041138 -0.0902937059027453 0 -0.0902937059041138 -0.0904448151539842 0 0 -0.361477042349868 -0.798902578746815 0 -0.0904448151553563 -0.0888903494107226 -0.355259160496483 -0.0904448151553563 -1.4171377828806 -0.361174825071299 0 -0.0905354806278168 -1.41982769282299 -3.19651702873056 -0.798653076105933 -0.798653076960357 -0.354956923003688 -0.0887392307220562 0 -0.355863634811816 -0.354956923003688 -0.798653076960357 -1.41982769259206 -0.798653076960357 -0.354956923003688 -0.0887392307220562 -0.798653076960357 -0.354956923003688 -0.798653076960357 -0.361174823778104 0 -3.19461230922698 -2.21848077026829 -1.41982769282299 
-5.67931077198473 -8.87392308183522 -7.18787769617637 -0.812643353737436 -0.361477042349868 0 -0.0904448151553563 -0.361477042349868 -2.25800753067336 -0.361477042349868 -0.354956923003688 -0.798653076960357 0 -0.355231959143624 -0.35495692302678 -0.798653076960357 -0.361174823731919 -1.41982769201475 -0.361174823755012 0 -0.0904448151553563 -0.0902937059041138 -1.41982769259206 -1.420543265562 -3.19551902161242 -0.0904448151553563 -0.36120504590148 -0.79865307617521 0 -0.355259160496483 -0.36123526773037 -0.812945572447756 -0.0904448151553563 -0.798653076960357 -0.354956922657299 -0.0887392306065935 0 -0.0888903494107226 -0.355259160496483 -0.798653076960357 
-0.798653076960357 -0.354956923003688 -0.798653076960357 -0.0902937059041138 -0.361174823593362 -3.19349403271123 -0.361628151496905 -1.44472951813927 -2.26012305859678 0 -0.0902937060195776 -0.355017370777105 -0.79940867039243 -0.0887669532582366 -0.355259160496483 -0.0906261461115358 -0.0887392300754648 0 0 -0.812945572447756 -0.361839704262227 -0.0887669531427738 0 -0.0891623628379856 -0.355863634811816 -0.361174823731919 -0.0902937059041138 0 -0.798653076960357 0 -0.0887392307220562 0 0 -0.0893109801186629 -0.0902937055577225 0 -0.0889180718268242 0 -0.0887392307220562 -0.354956923003688 
0 -0.0887392307220562 0 -0.0887392307220562 0 -0.0887392307220562 -0.0887392307220562 -3.19434029671216 -0.35495692175669 -0.798653076960357 -0.354956922195448 -0.0887392289670224 -0.0888903494107226 -0.0887392307220562 0 -0.0910190298442953 -0.36114460225228 -0.0902937059041138 -0.0887392307220562 -0.361718816980624 -1.42030147584438 0 -0.0890389666884497 -3.19349403271123 0 -0.088739230837519 -0.0887392307220562 -0.355319607912254 -1.42061350994043 0 -0.355259160496483 0 -0.0902937053267949 0 -0.355259160496483 -1.42043216769312 -0.354956922426374 -0.354956923003688 -0.798653076960357 0 
-0.354956923003688 -0.361174823270064 -0.361477042349868 -0.355067812109244 0 -0.0902937054653515 0 -0.0882254276908783 -0.355259160496483 -0.0902937049804037 0 -0.355370050170121 -1.42043216769312 -0.0887669527963856 0 -0.0888903494107226 -0.799355935041151 0 -0.0904448151539842 0 -0.090082153231739 -0.360781940345551 -0.79890257733817 -0.0902937055808153 -0.361477042347006 -0.0904448151553563 -0.353808422225254 0 -1.41982769263825 -1.420543265562 -0.798653075528619 -0.354956921410302 -0.798653076960357 -0.354956923003688 -0.0887392307220562 0 -0.0891623628379856 -0.355410279080946 -0.354956923003688 -0.798653076960357 
-0.361174823731919 0 -0.361477042349868 -5.67931077283916 -0.798653076960357 -0.0902937059027453 0 -5.67931077186927 -0.798653076960357 0 -0.355259160496483 -0.354956923003688 0 -0.090172818715458 -0.0902937057424646 0 0 0 0 0 0 0 0 0 0 0 0 0 0 0 0 0 0 0 0 0 0 0 0 0 
0 0 0 0 0 0 0 0 0 0 0 0 0 0 0 0 0 0 0 0 0 0 0 0 0 0 0 0 0 0 0 0 0 0 0 0 0 0 0 0 
0 0 0 0 0 0 0 0 0 0 0 0 0 0 0 0 0 0 0 0 0 0 0 0 0 0 0 0 0 0 0 0 0 0 0 0 0 0 0 0 
0 0 0 0 0 0 0 0 0 0 0 0 0 0 0 0 0 0 0 0 0 0 0 0 0 0 0 0 0 0 0 0 0 0 0 0 0 0 0 0 
0 0 0 0 0 0 0 0 0 0 0 0 0 0 0 0 0 0 0 0 0 0 0 0 0 0 0 0 0 0 0 0 0 0 0 0 0 0 0 0 
0 0 0 0 0 0 0 0 0 0 0 0 0 0 0 0 0 0 0 0 0 0 0 0 0 0 0 0 0 0 0 0 0 0 0 0 0 0 0 0 
0 0 0 0 0 0 0 0 0 0 0 0 0 0 0 0 0 0 0 0 0 0 0 0 0 0 0 0 0 0 0 0 0 0 0 0 0 0 0 0 
0 0 0 0 0 0 0 0 0 0 0 0 0 0 0 0 0 0 0 0 0 0 0 0 0 0 0 0 0 0 0 0 0 0 0 0 0 0 0 0 
0 0 0 0 0 0 0 0 0 0 0 0 0 0 0 0 0 0 0 0 0 0 0 0 0 0 0 0 0 0 0 0 0 0 0 0 0 0 0 0 
0 0 0 0 0 0 0 0 0 0 0 0 0 0 0 0 0 0 0 0 0 0 0 0 0 0 0 0 0 0 0 0 0 0 0 0 0 0 0 0 
0 0 0 0 0 0 0 0 0 0 0 0 0 0 0 0 0 0 0 0 0 0 0 0 0 0 0 0 0 0 0 0 0 0 0 0 0 0 0 0 
0 0 0 0 0 0 
<YOF>
0 0 0 0 0 0 0 0 0 0 0 0 0 0 0 0 0 0 0 0 0 0 0 0 0 0 0 0 0 0 0 0 0 0 0 0 0 0 0 0 
0 0 0 0 0 0 0 0 0 0 0 0 0 0 0 0 0 0 0 0 0 0 0 0 0 0 0 0 0 0 0 0 0 0 0 0 0 0 0 0 
0 0 0 0 0 0 0 0 0 0 0 0 0 0 0 0 0 0 0 0 0 0 0 0 0 0 0 0 0 0 0 0 0 0 0 0 0 0 0 0 
0 0 0 0 0 0 0 0 0 0 0 0 0 0 0 0 0 0 0 0 0 0 0 0 0 0 0 0 0 0 0 0 0 0 0 0 0 0 0 0 
0 0 0 0 0 0 0 0 0 0 0 0 0 0 0 0 0 0 0 0 0 0 0 0 0 0 0 0 0 0 0 0 0 0 0 0 0 0 0 0 
0 0 0 0 0 0 0 0 0 0 0 0 0 0 0 0 0 0 0 0 0 0 0 0 0 0 0 0 0 0 0 0 0 0 0 0 0 0 0 0 
0 0 0 0 0 0 0 0 0 0 0 0 0 0 0 0 0 0 0 0 0 0 0 0 0 0 0 0 0 0 0 0 0 0 0 0 0 0 0 0 
0 0 0 0 0 0 0 0 0 0 0 0 0 0 0 0 0 0 0 0 0 0 0 0 0 0 0 0 0 0 0 0 0 0 0 0 0 0 0 0 
0 0 0 0 0 0 0 0 0 0 0 0 0 0 0 0 0 0 0 0 0 0 0 0 0 0 0 0 0 0 0 0 0 0 0 0 0 0 0 0 
0 0 0 0 0 0 0 0 0 0 0 0 0 0 0 0 0 0 0 0 0 0 0 0 0 0 0 0 0 0 0 0 0 0 0 0 0 0 0 0 
0 0 0 0 0 0 0 0 0 0 0 0 0 0 0 0 0 0 0 0 0 0 
<lnGmM>
0 0 0 0 0 0 0 0 0 0 0 0 0 0 0 0 0 0 0 0 0 0 0 0 0 0 0 0 0 0 0 0 0 0 0 0 0 0 0 0 
0 0 0 0 0 0 0 0 0 0 0 0 0 0 0 0 0 0 0 0 0 0 0 0 0 0 0 0 0 0 0 0 0 0 0 0 0 0 0 0 
0 0 0 0 0 0 0 0 0 0 0 0 0 0 0 0 0 0 0 0 0 0 0 0 0 0 0 0 0 0 0 0 0 0 0 0 0 0 0 0 
0 0 0 0 0 0 0 0 0 0 0 0 0 0 0 0 0 0 0 0 0 0 0 0 0 0 0 0 0 0 0 0 0 0 0 0 0 0 0 0 
0 0 0 0 0 0 0 0 0 0 0 0 0 0 0 0 0 0 0 0 0 0 0 0 0 0 0 0 0 0 0 0 0 0 0 0 0 0 0 0 
0 0 0 0 0 0 0 0 0 0 0 0 0 0 0 0 0 0 0 0 0 0 0 0 0 0 0 0 0 0 0 0 0 0 0 0 0 0 0 0 
0 0 0 0 0 0 0 0 0 0 0 0 0 0 0 0 0 0 0 0 0 0 0 0 0 0 0 0 0 0 0 0 0 0 0 0 0 0 0 0 
0 0 0 0 0 0 0 0 0 0 0 0 0 0 0 0 0 0 0 0 0 0 0 0 0 0 0 0 0 0 0 0 0 0 0 0 0 0 0 0 
0 0 0 0 0 0 0 0 0 0 0 0 0 0 0 0 0 0 0 0 0 0 0 0 0 0 0 0 0 0 0 0 0 0 0 0 0 0 0 0 
0 0 0 0 0 0 0 0 0 0 0 0 0 0 0 0 0 0 0 0 0 0 0 0 0 0 0 0 0 0 0 0 0 0 0 0 0 0 0 0 
0 0 0 0 0 0 0 0 0 0 0 0 0 0 0 0 0 0 0 0 0 0 0 0 0 0 0 0 0 0 0 0 0 0 0 0 0 0 0 0 
0 0 0 0 0 0 0 0 0 0 0 0 0 0 0 0 0 0 0 0 0 0 0 0 0 0 0 0 0 0 0 0 0 0 0 0 0 0 0 0 
0 0 0 0 0 0 0 0 0 0 0 0 0 0 0 0 0 0 0 0 0 0 0 0 0 0 0 0 0 0 0 0 0 0 0 0 0 0 0 0 
0 0 0 0 0 0 0 0 0 0 0 0 0 0 0 0 0 0 0 0 0 0 0 0 0 0 0 0 0 0 0 0 0 0 0 0 0 0 0 0 
0 0 0 0 0 0 0 0 0 0 0 0 0 0 0 0 0 0 0 0 0 0 0 0 0 0 0 0 0 0 0 0 0 0 0 0 0 0 0 0 
0 0 0 0 0 0 0 0 0 0 0 0 0 0 0 0 0 0 0 0 0 0 0 0 0 0 0 0 0 0 0 0 0 0 0 0 0 0 0 0 
0 0 0 0 0 0 0 0 0 0 0 0 0 0 0 0 0 0 0 0 0 0 0 0 0 0 0 0 0 0 0 0 0 0 0 0 0 0 0 0 
0 0 0 0 0 0 0 0 0 0 0 0 0 0 0 0 0 0 0 0 0 0 0 0 0 0 0 0 0 0 0 0 0 0 0 0 0 0 0 0 
0 0 0 0 0 0 0 0 0 0 0 0 0 0 0 0 0 0 0 0 0 0 0 0 0 0 0 0 0 0 0 0 0 0 0 0 0 0 0 0 
0 0 0 0 0 0 0 0 0 0 0 0 0 0 0 0 0 0 0 0 0 0 0 0 0 0 0 0 0 0 0 0 0 0 0 0 0 0 0 0 
0 0 0 0 0 0 0 0 0 0 0 0 0 0 0 0 0 0 0 0 0 0 0 0 0 0 0 0 0 0 0 0 0 0 0 0 0 0 0 0 
0 0 0 0 0 0 0 0 0 0 0 0 0 0 0 0 0 0 0 0 0 0 0 0 0 0 0 0 0 0 0 0 0 0 0 0 0 0 0 0 
0 0 0 0 0 0 0 0 0 0 0 0 0 0 0 0 0 0 0 0 0 0 0 0 0 0 0 0 0 0 0 0 0 0 0 0 0 0 0 0 
0 0 0 0 0 0 0 0 0 0 0 0 0 0 0 0 0 0 0 0 0 0 0 0 0 0 0 0 0 0 0 0 0 0 0 0 0 0 0 0 
0 0 0 0 0 0 0 0 0 0 0 0 0 0 0 0 0 0 0 0 0 0 0 0 0 0 0 0 0 0 0 0 0 0 0 0 0 0 0 0 
0 0 0 0 0 0 0 0 0 0 0 0 0 0 0 0 0 0 0 0 0 0 0 0 0 0 0 0 0 0 0 0 0 0 0 0 0 0 0 0 
0 0 0 0 0 0 0 0 0 0 0 0 0 0 0 0 0 0 0 0 0 0 0 0 0 0 0 0 0 0 0 0 0 0 0 0 0 0 0 0 
0 0 0 0 0 0 0 0 0 0 0 0 0 0 0 0 0 0 0 0 0 0 0 0 0 0 0 0 0 0 0 0 0 0 0 0 0 0 0 0 
0 0 0 0 0 0 0 0 0 0 0 0 0 0 0 0 0 0 0 0 0 0 0 0 0 0 0 0 0 0 0 0 0 0 0 0 0 0 0 0 
0 0 0 0 0 0 0 0 0 0 0 0 0 0 0 0 0 0 0 0 0 0 0 0 0 0 0 0 0 0 0 0 0 0 0 0 0 0 0 0 
0 0 0 0 0 0 0 0 0 0 0 0 0 0 0 0 0 0 0 0 0 0 0 0 0 0 0 0 0 0 0 0 0 0 0 0 0 0 0 0 
0 0 0 0 0 0 0 0 0 0 0 0 0 0 0 0 0 0 0 0 0 0 0 0 0 0 0 0 0 0 0 0 0 0 0 0 0 0 0 0 
0 0 0 0 0 0 0 0 0 0 0 0 0 0 0 0 0 0 0 0 0 0 0 0 0 0 0 0 0 0 0 0 0 0 0 0 0 0 0 0 
0 0 0 0 0 0 0 0 0 0 0 0 0 0 0 0 0 0 0 0 0 0 0 0 0 0 0 0 0 0 0 0 0 0 0 0 0 0 0 0 
0 0 0 0 0 0 0 0 0 0 0 0 0 0 0 0 0 0 0 0 0 0 0 0 0 0 0 0 0 0 0 0 0 0 0 0 0 0 0 0 
0 0 0 0 0 0 0 0 0 0 0 0 0 0 0 0 0 0 0 0 0 0 0 0 0 0 0 0 0 0 0 0 0 0 0 0 0 0 0 0 
0 0 0 0 0 0 0 0 0 0 0 0 0 0 0 0 0 0 0 0 0 0 0 0 0 0 0 0 0 0 0 0 0 0 0 0 0 0 0 0 
0 0 0 0 0 0 0 0 0 0 0 0 0 0 0 0 0 0 0 0 0 0 0 0 0 0 0 0 0 0 0 0 0 0 0 0 0 0 0 0 
0 0 0 0 0 0 0 0 0 0 0 0 0 0 0 0 0 0 0 0 0 0 0 0 0 0 0 0 0 0 0 0 0 0 0 0 0 0 0 0 
0 0 0 0 0 0 
<fDQF>
0 0 0 0 0 0 0 0 0 0 0 0 0 0 0 0 0 0 0 0 0 0 0 0 0 0 0 0 0 0 0 0 0 0 0 0 0 0 0 0 
0 0 0 0 0 0 0 0 0 0 0 0 0 0 0 0 0 0 0 0 0 0 0 0 0 0 0 0 0 0 0 0 0 0 0 0 0 0 0 0 
0 0 0 0 0 0 0 0 0 0 0 0 0 0 0 0 0 0 0 0 0 0 0 0 0 0 0 0 0 0 0 0 0 0 0 0 0 0 0 0 
0 0 0 0 0 0 0 0 0 0 0 0 0 0 0 0 0 0 0 0 0 0 0 0 0 0 0 0 0 0 0 0 0 0 0 0 0 0 0 0 
0 0 0 0 0 0 0 0 0 0 0 0 0 0 0 0 0 0 0 0 0 0 0 0 0 0 0 0 0 0 0 0 0 0 0 0 0 0 0 0 
0 0 0 0 0 0 0 0 0 0 0 0 0 0 0 0 0 0 0 0 0 0 0 0 0 0 0 0 0 0 0 0 0 0 0 0 0 0 0 0 
0 0 0 0 0 0 0 0 0 0 0 0 0 0 0 0 0 0 0 0 0 0 0 0 0 0 0 0 0 0 0 0 0 0 0 0 0 0 0 0 
0 0 0 0 0 0 0 0 0 0 0 0 0 0 0 0 0 0 0 0 0 0 0 0 0 0 0 0 0 0 0 0 0 0 0 0 0 0 0 0 
0 0 0 0 0 0 0 0 0 0 0 0 0 0 0 0 0 0 0 0 0 0 0 0 0 0 0 0 0 0 0 0 0 0 0 0 0 0 0 0 
0 0 0 0 0 0 0 0 0 0 0 0 0 0 0 0 0 0 0 0 0 0 0 0 0 0 0 0 0 0 0 0 0 0 0 0 0 0 0 0 
0 0 0 0 0 0 0 0 0 0 0 0 0 0 0 0 0 0 0 0 0 0 0 0 0 0 0 0 0 0 0 0 0 0 0 0 0 0 0 0 
0 0 0 0 0 0 0 0 0 0 0 0 0 0 0 0 0 0 0 0 0 0 0 0 0 0 0 0 0 0 0 0 0 0 0 0 0 0 0 0 
0 0 0 0 0 0 0 0 0 0 0 0 0 0 0 0 0 0 0 0 0 0 0 0 0 0 0 0 0 0 0 0 0 0 0 0 0 0 0 0 
0 0 0 0 0 0 0 0 0 0 0 0 0 0 0 0 0 0 0 0 0 0 0 0 0 0 0 0 0 0 0 0 0 0 0 0 0 0 0 0 
0 0 0 0 0 0 0 0 0 0 0 0 0 0 0 0 0 0 0 0 0 0 0 0 0 0 0 0 0 0 0 0 0 0 0 0 0 0 0 0 
0 0 0 0 0 0 0 0 0 0 0 0 0 0 0 0 0 0 0 0 0 0 0 0 0 0 0 0 0 0 0 0 0 0 0 0 0 0 0 0 
0 0 0 0 0 0 0 0 0 0 0 0 0 0 0 0 0 0 0 0 0 0 0 0 0 0 0 0 0 0 0 0 0 0 0 0 0 0 0 0 
0 0 0 0 0 0 0 0 0 0 0 0 0 0 0 0 0 0 0 0 0 0 0 0 0 0 0 0 0 0 0 0 0 0 0 0 0 0 0 0 
0 0 0 0 0 0 0 0 0 0 0 0 0 0 0 0 0 0 0 0 0 0 0 0 0 0 0 0 0 0 0 0 0 0 0 0 0 0 0 0 
0 0 0 0 0 0 0 0 0 0 0 0 0 0 0 0 0 0 0 0 0 0 0 0 0 0 0 0 0 0 0 0 0 0 0 0 0 0 0 0 
0 0 0 0 0 0 0 0 0 0 0 0 0 0 0 0 0 0 0 0 0 0 0 0 0 0 0 0 0 0 0 0 0 0 0 0 0 0 0 0 
0 0 0 0 0 0 0 0 0 0 0 0 0 0 0 0 0 0 0 0 0 0 0 0 0 0 0 0 0 0 0 0 0 0 0 0 0 0 0 0 
0 0 0 0 0 0 0 0 0 0 0 0 0 0 0 0 0 0 0 0 0 0 0 0 0 0 0 0 0 0 0 0 0 0 0 0 0 0 0 0 
0 0 0 0 0 0 0 0 0 0 0 0 0 0 0 0 0 0 0 0 0 0 0 0 0 0 0 0 0 0 0 0 0 0 0 0 0 0 0 0 
0 0 0 0 0 0 0 0 0 0 0 0 0 0 0 0 0 0 0 0 0 0 0 0 0 0 0 0 0 0 0 0 0 0 0 0 0 0 0 0 
0 0 0 0 0 0 0 0 0 0 0 0 0 0 0 0 0 0 0 0 0 0 0 0 0 0 0 0 0 0 0 0 0 0 0 0 0 0 0 0 
0 0 0 0 0 0 0 0 0 0 0 0 0 0 0 0 0 0 0 0 0 0 0 0 0 0 0 0 0 0 0 0 0 0 0 0 0 0 0 0 
0 0 0 0 0 0 0 0 0 0 0 0 0 0 0 0 0 0 0 0 0 0 0 0 0 0 0 0 0 0 0 0 0 0 0 0 0 0 0 0 
0 0 0 0 0 0 0 0 0 0 0 0 0 0 0 0 0 0 0 0 0 0 0 0 0 0 0 0 0 0 0 0 0 0 0 0 0 0 0 0 
0 0 0 0 0 0 0 0 0 0 0 0 0 0 0 0 0 0 0 0 0 0 0 0 0 0 0 0 0 0 0 0 0 0 0 0 0 0 0 0 
0 0 0 0 0 0 0 0 0 0 0 0 0 0 0 0 0 0 0 0 0 0 0 0 0 0 0 0 0 0 0 0 0 0 0 0 0 0 0 0 
0 0 0 0 0 0 0 0 0 0 0 0 0 0 0 0 0 0 0 0 0 0 0 0 0 0 0 0 0 0 0 0 0 0 0 0 0 0 0 0 
0 0 0 0 0 0 0 0 0 0 0 0 0 0 0 0 0 0 0 0 0 0 0 0 0 0 0 0 0 0 0 0 0 0 0 0 0 0 0 0 
0 0 0 0 0 0 0 0 0 0 0 0 0 0 0 0 0 0 0 0 0 0 0 0 0 0 0 0 0 0 0 0 0 0 0 0 0 0 0 0 
0 0 0 0 0 0 0 0 0 0 0 0 0 0 0 0 0 0 0 0 0 0 0 0 0 0 0 0 0 0 0 0 0 0 0 0 0 0 0 0 
0 0 0 0 0 0 0 0 0 0 0 0 0 0 0 0 0 0 0 0 0 0 0 0 0 0 0 0 0 0 0 0 0 0 0 0 0 0 0 0 
0 0 0 0 0 0 0 0 0 0 0 0 0 0 0 0 0 0 0 0 0 0 0 0 0 0 0 0 0 0 0 0 0 0 0 0 0 0 0 0 
0 0 0 0 0 0 0 0 0 0 0 0 0 0 0 0 0 0 0 0 0 0 0 0 0 0 0 0 0 0 0 0 0 0 0 0 0 0 0 0 
0 0 0 0 0 0 0 0 0 0 0 0 0 0 0 0 0 0 0 0 0 0 0 0 0 0 0 0 0 0 0 0 0 0 0 0 0 0 0 0 
0 0 0 0 0 0 
<FVOL>
1000.02419538167 32026.6008166206 0 0 0 0 0 0 0 0 0 0 0 0 0 0 0 0 0 0 0 0 0 0 0.300024275083133 0 0 0 0 0 0 0 0 0 0 0 0 0 0 0 
0 0 0 0 0 0 0 0 0 0 0 0 0 0 0 0 0 0 0 0 0 0 0 7.89156118741425 0 0 0 0 0 0 0 0 0 0 0 0 0 0 0 0 
0 0 0 0 0 0 0.0654552852317196 0 0 0 0 0 4.52138816595245e-08 0 0 0 0 0 0.459950979674997 0 0 0 0 0 0 0 0 0 0 2.99117417454059e-08 0 0 0 0 0 0 0 0 0 0 
0 0 0 0 0 0 0 0 0 0 0 0 0 0 0 0 0 0 0 0 0 0 0 0 0 0 0 0 0 0 0 0 0 0 1.37281819461318e-08 0 0 0 0 0 
0 0 0 0 0 0 0 0 0 0 9.94913883831823 0 0 0 0 0 0 0 0 17.5849869532579 0 0 0 0 0 0 0 0 0 0 0 0 0 5.21931210892893 0 0 0 0 0 0 
0 0 0 0 0 0 0 0 0 0 0 0 0 0 0 0 0 0 0 0 0 0 0.445562389904844 0 0 0 0 0 0 0 0 0 0 0 0 0 0 0 0 0 
0 0 0 0 0 0 0 0 0 0 0 0 0 0 0 0 0 0 0 0 0 0 0 0 0 0 0 0 0 0 0 0 0 0 0 0 0 0 0 0 
0 0 0 0 0 0 0 0 0 0 0 0 0 0 0 0 0 0 0 0 0 0 0 0 0 0 0 0 0 0 0 0 0 0 0 0 0 0 0 0 
0 0 0 0 0 0 0 0 0 0 0 0 0 0 0 0 0 0 0 0 0 0 0 3.08012137886744e-08 0 0 0 0 6.06733889934381e-09 0 0 0 0 0 0 5.47499261536996e-09 0 0 0 0 
0 0 0 0 0 0 0 0 0 1.32308332125346e-05 0 0 0 0 0 0 0 0 0 0 0 0 0 0 0 0 0 0 0 0 0 0 0 0 0 0 0 0 0 0 
0 0 0 0 0 0 0 0 0 0 0 0 0 0 0 0 2.37986866134825e-08 0 0 0 7.53831424327212e-09 0 
<FWGT>
997.997058283873 20.8076448758648 0 0 0 0 0 0 0 0 0 0 0 0 0 0 0 0 0 0 0 0 0 0 1.01338265270983 0 0 0 0 0 0 0 0 0 0 0 0 0 0 0 
0 0 0 0 0 0 0 0 0 0 0 0 0 0 0 0 0 0 0 0 0 0 0 21.3873906755505 0 0 0 0 0 0 0 0 0 0 0 0 0 0 0 0 
0 0 0 0 0 0 0.14530158988175 0 0 0 0 0 1.42300859664147e-07 0 0 0 0 0 1.33905676342957 0 0 0 0 0 0 0 0 0 0 1.4438986298022e-07 0 0 0 0 0 0 0 0 0 0 
0 0 0 0 9.09962510989908e-08 0 0 0 0 0 0 0 0 0 0 0 0 0 0 0 0 0 0 0 0 0 0 0 0 0 0 0 0 0 7.95095570668837e-08 0 0 0 0 0 
0 0 0 0 0 0 0 0 1.1184524765885e-07 0 51.7415546201133 0 0 0 0 0 0 0 0 18.9542182248003 0 0 0 0 0 0 0 0 0 0 0 0 0 26.1560783394214 0 0 0 0 0 0 
0 0 0 0 0 0 0 0 0 0 0 0 0 0 0 0 0 0 0 0 0 0 1.24385909192804 0 0 0 0 0 0 0 0 0 0 0 0 0 0 0 0 0 
0 0 0 0 0 0 0 0 0 0 0 0 0 0 0 0 0 0 0 0 0 0 0 0 0 0 0 0 0 0 0 0 0 0 0 0 0 0 0 0 
0 0 0 0 0 0 0 0 0 0 0 0 0 0 0 0 0 0 0 0 0 0 0 0 0 0 0 0 0 0 0 0 0 0 0 0 0 0 0 0 
0 0 0 0 0 0 0 0 0 0 0 0 0 0 0 0 0 0 0 0 0 0 0 2.34030538638169e-07 0 0 0 0 7.28683217241383e-08 0 0 0 0 0 0 6.29357348198383e-08 0 0 0 0 
0 0 0 0 0 0 0 0 0 5.14543741814295e-05 0 0 0 0 0 0 0 0 0 0 0 0 0 0 0 0 0 0 0 0 0 0 0 0 0 0 0 0 0 0 
0 0 0 0 0 0 0 0 0 0 0 0 0 0 0 0 9.73159560898859e-08 0 0 0 4.39189664320591e-08 0 
<Y_la>
-13.324447527684 -9.2771552029348 -21.7622964176694 -9.37149043146408 -18.7619480481452 -24.6894485677361 -30.7169490871029 -17.4802791579653 -25.8136902493417 -12.3982964019108 -11.2157304895011 -13.1550578015683 -15.1856680706978 -39.788098689367 -23.6169438231353 -8.99872924199154 -25.0463108147893 -29.5443219855204 -35.6423331528414 -43.860344315657 -53.9983554745908 -65.1428815270651 -94.7111668635171 -28.1046728169909 -30.8541597103001 -37.9720086031733 -47.1198574916903 -57.5577063775443 -33.9838113281083 -32.238764804107 -17.5525249996023 -16.4994179172511 -27.7942826142943 -31.702254411235 -38.9202262014067 -48.0981979873966 -27.9688767236152 -26.0875937699858 -45.5271775705021 -23.1431662595102 
-37.6588071054623 -13.2358415413576 -112.205559565348 -63.1997990134605 -89.798309686445 -25.238210451723 -27.2057112440539 -30.603211768771 -35.6007122902531 -42.1382128084246 -50.1857133235101 -59.2332138365301 -14.45382377749 -8.77476966816733 -5.27159346792321 -85.4479392150973 -36.6789994396542 -46.7797881656706 -19.5032837242155 -17.1492296172071 -24.0414316916779 -32.5094471598444 -47.373203304017 -35.4707070118757 -22.0499970657887 -60.3043162993474 -58.3210403204998 -61.679402322029 -57.7626783132217 -56.6070239739014 -56.1097316416352 -69.1021651887363 -79.190014075287 -53.4813592090506 -54.1139406081773 -65.9518168194606 -72.5993173375082 -63.0448086780561 -63.0058127037614 -67.9073091035958 
-62.0201479346057 -73.0335590204321 -65.7967702921241 -9.03813034744261 -247.54656803444 -153.085442168548 -95.0180466239164 -99.2347706322267 -106.293132625991 -95.3764086316427 -53.986882227337 -54.3781651839023 -56.7955992641265 -97.2006125342604 -95.6093295800336 -59.5249265744759 -61.0555368447259 -64.4961471109937 -86.4679674617026 -82.8893088859433 -70.5968125947987 -56.8004010923945 -14.9100641898938 -10.5278887371609 -9.05117169756881 -58.4858594377293 -19.8980557947714 -31.6239903447842 -45.3399248906531 -27.7614824358779 -35.8429063428051 -10.5508923054143 -9.07717526597488 -9.15753792827698 -16.7496712376394 -11.9358999310009 -17.5350384426406 -14.0080303025554 -23.7467806454039 -18.5999919128155 
-11.7688208802882 -17.7911472709287 -20.6800342211647 -34.0773663811206 -29.069816380748 -9.03799909781415 -2.84217399208831 -30.4882732710512 -10.1971973424724 -5.45834962123718 -2.99930596307365 -60.6680844216729 -65.7499684727315 -57.4774833241688 -10.2814393870857 -5.22766808094999 -3.05201374384532 -15.857777684301 -20.9396617353595 -12.6671765867968 -45.0405907043712 -3.15634897229963 -10.7168065928888 -7.76979845160893 -16.5995912021474 -9.28080247410374 -10.3251377007671 -5.75069749943174 -4.35948624546892 -17.1985487950296 -12.1117600623418 -9.74198636169873 -27.4888414857564 -31.6318426968689 -23.5593575480332 -4.86058903068548 -5.53991634519058 -10.4405266085722 -9.87291542329134 -27.6925163825458 
-14.4818023700936 -66.7513049508025 -6.12539085634022 -5.94590055633962 -23.1628399126044 -20.7109026809943 -21.5115845325142 -14.1813330019816 -17.7806511411278 -13.1820148573598 -19.8556695599685 -24.5723935671585 -20.9140315663014 -26.9135184529411 -35.2913673430258 -44.6692162312201 -54.3070651186916 -23.9961619357153 -33.1449122798334 -27.8281235476435 -15.3318837386343 -18.4149908168045 -21.2380978955223 -17.4087766496371 -18.6282354773056 -21.2295184293917 -24.3008013804072 -37.7426341448147 -18.9469525192718 -12.2530950017552 -44.1206621430802 -31.2881658530054 -9.35315366240492 -14.4006541836874 -35.3168048252083 -19.5456499580803 -4.85269559329953 -9.0378366912171 -182.681410851565 -15.4940095619755 
-13.5107335831278 -16.8690955846571 -12.9523715758498 -24.2918584513643 -34.3797073379151 -21.1415100820887 -27.7890106001362 -18.2345019406842 -28.2232522830602 -20.9864635547522 -202.736261297068 -108.275135431176 -9.17657548996502 -9.5678584465304 -11.9852925267546 -41.6576607243307 -38.0790021485714 -25.7865058574267 -11.9900943550225 -16.8256539226866 -18.0511049354371 -25.2934299256328 -34.8813798782568 -45.6492440553225 -55.0670831375779 -24.373165484011 -20.7699384917836 -25.4560423123415 -17.9619831144295 -16.1088770368702 -14.0081179213695 -16.3993394508152 -20.410556055749 -32.7725935541593 -54.3475567098401 -15.3468969491009 -39.9060706987148 -28.3182372281226 -27.5111357821777 -30.0478925157081 
-39.7059036756438 -30.9489846826261 -38.4657414058118 -48.8335902918648 -33.8853930395496 -38.8328935610878 -45.2803940795116 -42.6771352369644 -32.2783465152968 -96.2897799516404 -44.8112725581291 -67.1863442050684 -22.1027017508555 -22.7594584882903 -17.5310244565929 -12.2625904249797 -13.0741563807357 -42.6789290458897 -54.9099655769046 -20.5203542899162 -18.3596042682499 -20.7949063908627 -43.1451562611245 -24.6718331466975 -39.1610758640837 -21.9830444090145 -35.6438530855599 -21.9342556658362 -39.2303888134171 -9.03806472257835 -20.1878287244605 -31.9459305039334 -33.8980638250056 -37.6601971423372 -44.0223304542454 -32.5093377849541 -30.637634147779 -29.4868739179041 -66.207065089073 -25.9256776201457 
-40.1537793944166 -49.4216282827348 -32.7835265135664 -42.4913754008636 -35.9464228800289 -60.424415939756 -48.7663141600591 -47.9308384791586 -34.5070714422101 -45.9951732223055 -39.5283844924298 -42.8575254291536 -53.4276272110503 -12.9140429088506 -12.1409358258018 -26.7284964296332 -17.410394645008 -26.419779387592 -28.8510623400766 -52.904439008872 -59.5831560376727 -74.1029475134128 -17.3291116878707 -29.1872134671195 -14.6562020762891 -43.3884267968953 -12.8470308053526 -17.4360865068206 -16.2528105263556 -14.794448520919 -22.2035870288006 -28.7210875469468 -29.5953292290249 -11.1186524348102 -9.00993539662722 -10.8012183502307 -14.3673694705787 -39.3210790949852 -27.2785828031926 -13.9321712998677 
-9.04748828491319 -10.4493036240663 -32.4410369874434 -32.9019607938614 -35.0240941145876 -167.980749340735 -152.969015845732 -14.0427110296209 -24.8161232768122 -10.3510073961036 -20.4871526415972 -39.9588861273413 -48.316735017576 -58.5545839038782 -69.5924327885629 -69.4111121075022 -14.4399453174011 -15.1486623584864 -17.8573793954177 -6.74634665798607 -17.7968042713258 -35.3985377611026 -40.1260382830321 -68.088765403995 -22.9385464765044 -18.541757742323 -31.8825887703625 -53.2243222524242 -154.170878955292 -50.3515806933599 -98.7226463574273 -9.5518696714619 -16.7336031829414 -12.5748861489142 -11.0031526258622 -11.2061691092132 -46.374652487464 -60.7882677385929 -9.17058671499675 -23.9323202104718 
-16.4906822344502 -23.3727025151449 -6.50362210437612 -82.0783395655247 -56.8446884012782 -53.8060298246243 -36.0342963352459 -21.801800048133 -41.9835335324088 -61.7945254523535 -27.0471220322438 -6.64051793172935 -17.9606416701254 -26.4064303958522 -14.0158529350083 -19.7016244863632 -31.9870620111905 -5.84048019155444 -15.1302730584212 -22.7090617859173 -9.20148432749044 -59.9088500133083 -49.0000612926978 -72.3977380341483 -64.3389493076227 -16.2246082848848 -23.7833970125309 -32.2621857381854 -41.6709744619487 -52.8797631818537 -12.3158195496729 -16.5802771772764 -25.1837776911722 -167.706593301771 -159.397804575718 -119.917373311057 -3.06016810151938 -9.76895683080735 -22.5602456749318 -15.8514569454686 
-66.2687331139982 -65.377521859265 -68.5599443659441 -21.4981756520531 -12.1893869280657 -15.1892306525484 -23.7580193780538 -28.0836129292421 -11.6924416083287 -41.7112374899237 -31.492984749364 -8.67188374648858 -4.95309487809539 -24.2137312546218 -22.5132729499665 -15.8969821585676 -9.03819342952814 -51.6710535937889 -43.6022648673383 -74.7107755308648 -34.3661238265614 -10.0987227822236 -50.2990160560094 -44.2907197096405 -35.3279430441609 -52.0268649600321 -54.3747138627356 -62.4875627534054 -70.9154116434657 -38.7073419329787 -39.6160589736485 -50.6695084396592 -51.0914700586173 -22.4052302832067 -51.9231261355028 -45.8144091055825 -34.8615820029638 -39.2728649511166 -42.9902990286029 -39.7220026766302 
-44.3581479333973 -45.9826813259192 -16.4876528090509 -17.9964415491152 -74.0840086402667 -61.2915123498921 -17.6660831898265 -16.4828072093615 -15.0244452039249 -22.4235837117063 -29.0310842298785 -29.8253259120308 -11.118649118314 -9.00993208013107 -10.8012150337345 -14.3673661540825 -39.5510757779911 -27.5085794861985 -14.1621679828736 -9.03795972292936 -56.9079789061924 -63.0759506984542 -109.996584588329 -3.41700738862142 -7.97536940539609 -14.4640502788256 -169.937768813586 -154.03603532035 -9.59749977804654 -18.3162501229356 -14.2294613881821 -7.2082903558527 -15.2906167422624 -16.3695036962566 -9.03835779155639 -17.8558583050742 -23.6276005086834 -19.450811774079 -12.1696407424724 -20.57196712806 
-21.9308540815318 -7.50319176873629 -15.0427880062671 -9.98155391378871 -7.54589957705642 -9.45023480182764 -14.670692427345 -12.2736842849203 -21.3234770348607 -14.1046883067681 -15.659023532236 -21.582434628715 -16.4656458960769 -8.49447486578868 -9.67380217934858 -13.7944124441977 -15.9368012533172 -19.0456882031304 -71.0551907845621 -10.4392766900248 -8.92978639275922 -33.4186743398516 -26.8154703642081 -216.827505291675 -251.218586826994 -217.685867298456 -225.765354180715 -259.456435717427 -224.525005807458 -253.666087353752 -257.413587877773 -263.061088397886 -221.397997666651 -217.590071204956 -228.301152789554 -219.041354159356 -222.272637110048 -216.698788249336 -239.309869809194 -242.257370334832 
-228.390001584438 -280.149504166343 -9.24266821595654 -19.9540373467165 -9.01443613068648 -10.4862248570285 -69.8206728666888 -94.0611137020077 -2.92118780423318 -12.1033211407647 -7.36954983401702 -12.9682307092131 -12.2486883472001 -8.94168020669193 -17.8104305513324 -13.5836418167526 -6.61247078439867 -14.6947971708084 -16.0036841243047 -71.8511556158245 -25.205749340656 -16.3870323163353 -10.478315286142 -9.16959824616634 -16.8580243276112 -108.611165728221 -140.799451059222 -21.7747483343529 -18.1163863334958 -14.9507319983819 -18.0634396586743 -25.8158732166765 -9.16506723910619 -11.05635077338 -24.4755248436428 -27.9738893320016 -21.6985167019645 -29.9383094537726 -21.899520727097 -16.2138559677724 
-17.5182044975675 -39.8016493309396 -25.5004783139424 -15.664238499358 -16.3111314133726 -29.9869207259068 -37.4013689234128 -45.3158171197983 -53.6302653152874 -62.7447135091591 -23.1724725274068 -110.419150195344 -13.4405902496278 -13.9318732059691 -33.6073436763174 -52.1172653622015 -15.689307287462 -17.398634600027 -20.6792448666183 -34.9028605978936 -69.0953266524707 -96.22897781281 -42.5116754909866 -28.300520620573 -82.0584163484111 -48.8082203392925 -79.9400232026762 -14.8541091174721 -32.423742487022 -45.0613052029013 -30.4404665081743 -33.7988285097036 -27.9947532724586 -34.5531152673429 -29.8821045008963 -9.17279814938999 -41.2215913764108 -52.5991540949034 -51.239440263136 -31.9083481256712 
-18.4709140684733 -17.2821970283864 -24.199631099126 -25.8620683535433 -25.270785397328 -38.0712430071352 -45.1488057345626 -44.7187435251828 -47.4563062616697 -52.599276992426 -137.222431073421 -21.3774734910018 -49.9224172876985 -131.087448079952 -45.8391413132062 -25.7641974989137 -46.3975033206595 -32.2525594939724 -45.5207793053554 -21.8758354985546 -74.9870575712824 -26.8854804540361 -25.7584014052643 -23.1271184532278 -22.5501811553262 -58.5602661774109 -24.9945163790276 -26.6857993328551 -29.0249740069837 -54.3999178102758 -60.4174183295424 -37.572474520949 -25.7063084159079 -23.2938711629715 -26.0975913724732 -15.7351541362128 -10.5264371044508 -28.5150254525222 -33.8025881837329 -16.1072784602199 
-13.1847991073736 -33.1320938486293 -27.8733051161797 -14.4992296389531 -15.4594098082373 -11.1918110462431 -12.3519912150789 -63.8073252672791 -35.1667162099215 -61.7916600105001 -55.4148712804752 -30.119927477109 -130.874070143861 -158.719013941951 -84.6974125851634 -113.343690852683 -21.9687564471191 -40.7049832216609 -23.5600394013459 -38.9962661825817 -40.0875491377536 -44.313700256833 -27.0386940262012 -23.2080837605796 -48.7611246508685 -72.8074098737975 -60.4349135827268 -33.8699697818737 -23.1735582730484 -47.018502079401 -38.6419154898272 -37.7225257653044 -37.3031360398364 -95.8886075306226 -122.652258691809 -69.5249563687156 -61.5962978020907 -56.3087350710553 -42.9162387820251 -52.0038015052462 
-28.9198272800691 -38.207390002842 -78.913071156069 -5.73059819812995 -26.7748241887297 -13.3335967522812 -50.7393000426515 -36.1520554184126 -38.2635559459379 -40.0350564740848 -42.906556999942 -27.4218660059322 -17.7131489835532 -38.7305830250761 -25.4833383979746 -16.0346213750481 -10.365904344282 -9.05718730448161 -56.7770480091903 -68.9795443004841 -46.0945517145605 -11.6999119724681 -18.0356697514362 -21.9178030684989 -34.1020696934731 -18.8223937668896 -17.0440317621 -26.0618806508908 -15.8866131648348 -25.5735186434383 -34.0113675334236 -43.1492164220155 -52.7270653097616 -12.9839956148209 -11.0927126613067 -20.8761621299208 -34.9205777248198 -30.4249124731426 -25.5281237400817 -15.441883926145 
-13.558235675618 -13.9395186322583 -32.0926345319563 -34.282165251939 -49.8778470719368 -65.4343425739332 -14.7869527156677 -11.1330951916543 -42.4706623343246 -29.1081660452447 -9.49998792271538 -48.6106107306265 -52.6284596299207 -58.2163085258544 -65.1541574190258 -73.3120063097086 -48.1395071572952 -49.6539553669709 -51.8684035752532 -48.0250589446576 -31.7931766803929 -33.0844596351167 -39.901893706182 -8.99867891434401 -41.62198178936 -86.2032018808772 -32.1190810055289 -46.909830685966 -53.5676795796597 -61.7155284704175 -70.2170209483926 -132.634627335643 -270.625453621868 -363.986579489875 -178.264327751621 -66.2808551137893 -58.0721380883995 -51.8634210587032 -55.3759869662595 -75.9895721363434 
-106.010212533243 -104.688194476135 -116.280690768848 -54.2939537449729 -94.7956981797874 -18.5296227986026 -45.1649800999148 -16.546346819755 -19.9047088212843 -29.9984281655649 -36.8067901599766 -15.9879848124769 -12.4971910485428 -9.27647304640343 -14.6823304734052 -26.3674716899324 -52.4028289924139 -32.0120230226847 -11.196665709326 -58.9307656424156 -11.7879486654975 -18.5745889654868 -24.3033059961395 -24.1771233187158 -45.3724806313772 -30.8246238367634 -47.5599811586831 -21.6311192021202 -20.0654544341592 -31.5188655191398 -66.5230115464056 -137.276105970634 -28.7340732420444 -53.4773631901316 -144.582285781278 -49.6940872149671 -33.3107972495831 -51.8524492190102 -39.4991592453139 -49.4357252070168 
-29.1624352495963 -62.2852120794455 -72.7030609654495 -57.964863712634 -64.3223642312788 -11.9121887272644 -24.9475460567745 -12.3034716838298 -16.138829032554 -11.6301119993987 -14.7209057638787 -34.4562630796015 -78.935848632301 -65.4066059128339 -57.9298171850986 -93.0373043874661 -45.2599291220284 -45.351212079266 -27.755356201522 -48.2686461583697 -55.0509725473422 -76.6623557755583 -63.8898594852088 -41.2665695327915 -30.530158024091 -51.3734479802167 -15.7602330777874 -37.9455903884581 -34.7262006687389 -17.2908433480374 -34.5068109428228 -23.6214536084073 -44.6932739609578 -61.6099726994285 -40.4146153867672 -28.4221190947749 -52.0674764023843 -15.0257075916497 -37.5810649014738 -9.15705654625774 
-11.9454185489067 -17.7245570602482 -13.9175489208604 -12.1483394975225 -20.6695528392204 -16.6299084191881 -13.2443062502805 -27.463639096208 -25.1303195368621 -20.7249425185388 -13.7924839347775 -14.5948365802861 -13.239404677492 -33.7201839446386 -41.2534761288409 -65.7519868061808 -19.0408689114854 -25.5123331441352 -33.2073350858003 -12.618116237258 -5.20056299978727 -14.2468464752986 -4.29607271338558 -6.94658240753396 -17.3160890743145 -16.1328130938495 -14.6744510884129 -22.1935895959955 -28.7110901143169 -29.4753317965189 -11.1186550021053 -9.00993796374714 -10.8012209175258 -27.7147561411972 -32.3047061776625 -14.3673720378738 -39.2010816624791 -27.1585853706865 -13.8121738673616 -31.4871764453636 
-62.3491563117838 -39.1951876093746 -47.5931987718921 -56.6712099329908 -39.1150253370414 -68.1970052071699 -47.3428742275498 -74.4748541017852 -56.2307231167895 -88.9305518869334 -65.6085720048086 -96.6084007785867 -106.746249665113 -35.2846769693596 -40.6921774898704 -47.1296780082659 -91.6341594418949 -55.7656618898969 -41.272084433606 -53.0645384133166 -43.2764191684145 -33.5796304452336 -47.8688731630328 -218.219428181476 -124.278302314665 -17.7497423886837 -16.3610253491326 -11.9742882462352 -9.86557120805234 -9.22685416673305 -57.2266853699836 -24.3084594176833 -32.3163083086146 -26.720785815765 -57.450827608167 -41.8496727406405 -9.15807159495207 -16.6902049044489 -11.826433597975 -17.2855721099635 
-13.8185639697788 -23.6573143124034 -18.5005255797147 -11.5993545473617 -16.87168093942 -20.6605678878145 -34.1284337144463 -28.7703500480954 -31.2469516073491 -16.7981221372728 -14.3894050997621 -92.7164385941435 -103.834287478579 -23.3799570488151 -160.48538351755 -26.8719548483205 -9.22225435866553 -9.43353731570432 -34.4353036429907 -30.7271136934208 -41.7731525352657 -34.6128041745028 -36.9003047015846 -40.9078052250574 -45.0453057482564 -59.4903067818622 -54.3337890967081 -44.0345463705461 -56.3033350884613 -65.8225778160908 -247.458496960877 -354.555093618764 -140.29190030334 -220.25755538102 -127.196429512341 -19.2178695895221 -9.00043552555015 -53.3531852964191 -43.5444682742642 -35.8366464630296 
-72.4715145573 -93.4898438140984 -82.781126793785 -26.2265866174257 -15.1371905009477 -15.9788284907078 -11.4714099005114 -12.6639912984182 -23.9613330992304 -13.5845115870359 -85.9626059693186 -59.8989548067393 -52.3302962393429 -65.0647925298019 -42.0577999439169 -35.7251643561739 -24.9550467813965 -52.6729067297054 -26.6664473324261 -9.02761272939628 -10.2288956842692 -16.7263297559814 -45.0450112896579 -31.6584593515996 -38.436821346061 -14.3772222341546 -9.15650423614653 -52.3628601820829 -31.8920542124278 -42.4692833337807 -18.4546201552298 -17.265903115143 -24.1833371858826 -44.6725118223149 -46.5800123501431 -50.2975128742132 -54.8950133965917 -62.5525139124986 -69.5300144298243 -53.4342540198021 
-52.8329830785348 -230.867263027687 -137.636137159407 -18.7157891116754 -29.1371803443791 -66.1617372552449 -23.4439043731968 -23.672266381372 -27.9008751182052 -24.6555423622853 -29.8930428831946 -37.1205434000476 -45.3580439147601 -32.4665836866848 -46.6797881098112 -25.0298880197293 -38.0050292335936 -48.3128781197214 -50.521415663762 -24.4755062069442 -28.284223241563 -33.0246808680508 -38.4021813887865 -45.3796819061122 -53.4871824210984 -25.5275772451241 -18.1188602179416 -12.2101431875731 -34.8762942682747 -60.2424878214487 -43.4948340854778 -35.9930453577548 -33.3386767456071 -33.0830119748331 -28.6973605166252 -29.0575406870785 -30.3177208558655 -54.5956657865486 -41.0664230670813 -52.1352117875103 
-33.5896343393461 -64.2944545097146 -110.831734217398 -69.4694572819462 -245.540373655323 -137.133777000249 -123.388306210619 -87.3569741977682 -42.4769386998936 -50.2656557261545 -56.476697053964 -49.4179800260849 -44.6505459508639 -63.487738379981 -19.8697462785411 -17.2610292413035 -18.7023121957788 -23.6784633130898 -60.0837760976341 -28.9484008917238 -32.5290111576427 -27.7377906208268 -31.4607897001719 -91.001920100052 -82.8244826662523 -109.428133827587 -55.2008315069585 -52.5821729292582 -67.4946692151275 -39.7796766391336 -156.611178091872 -91.9591792199917 -25.5032651377 -37.5062318523339 -38.2368421242014 -40.9674523919374 -39.7756215740944 -95.7123136177027 -69.6786624550737 -62.1200038877774 
-52.2575075915554 -16.4256695742659 -20.5923935826007 -33.0097132201155 -17.1340315812955 -25.0635184639782 -33.8113673533915 -43.0592162416844 -54.5770651253987 -20.6461619499385 -44.8041550103126 -32.7105775488188 -44.1030315294257 -30.7149122920651 -24.8181235610698 -39.3073662784208 -28.9517329131044 -17.0318837421544 -17.9849908249049 -12.8982354964064 -12.2795184551124 -13.9408014091648 -30.0426341751516 -14.656952535286 -23.7006894782829 -12.2630950088346 -40.8106621571787 -27.9181658672033 -49.8349988898441 -28.7684469678392 -57.2828477819953 -65.7406966720058 -48.7624994238944 -49.3799999543856 -52.257500480373 -55.9150010045426 -60.4725015268706 -66.0100020472828 -235.317250628495 -142.306124759792 
-27.4375648513084 -9.19013080408647 -14.5826967077103 -106.270152715994 -40.9365676388674 -26.1292764710624 -19.6105594421132 -107.150295600587 -38.8062818701778 -65.879991490079 -76.9124877840121 -56.5874951925622 -6.59852082067622 -3.29256917115951 -10.7087766576161 -6.48798863947917e-05 -0.0142921191894575 -8.72375897279975 -3.53553000159713 -1.49900950387812 -7.65652378555897 -14.7962665200961 -9.14718010562183 -16.7680034052669 -3.41248767564685 -76.0188708322614 -2.29830848620055 -4.49830848162112 -18.1407500201892 -2.59874131869103 -21.7843340650572 -39.6946082455611 -44.4810077766428 -24.3361717873587 -18.0042946980121 -41.2951399887764 -40.4951399903939 -67.0726339122956 -8.50696418417487 -58.9451420547599 
-5.5758536206703 -44.7160724811972 -75.5461339814247 -107.984644642339 -4.55571258223455 -0.864769556031223 -1.30902413912467 -1.10802413958034 -3.76182138118918e-09 -0.722000002203509 -1.51200000066097 -4.06493506908253 -103.583742786448 -45.0781772667498 -43.7781772693125 -48.8552717954184 -46.6553076503539 -89.6093416560119 -3.28298072692233 -61.0345981521838 -28.9500705731118 -26.8400705774896 -10.4805673459215 -6.04591200668012 -13.6500039865286 -25.1398687009538 -12.9900463005271 -43.9110381974507 -67.6595488763836 -52.5525893118365 -41.8995837857391 -1.80112603968459 -50.3354916270139 -134.88272608625 -5.5683465028178 -5.30083704949818 -11.2030734372564 -13.0373393723964 -14.1084668940991 -2.33919467735016 
-12.4784132501178 -6.61152983993675 -13.1429854446188 -24.9063566641894 -18.9821659547129 -37.3022365499105 -0.137680155011799 -1.79838277471663e-09 -0.547680154040491 -0.803656575045774 -44.6606027685795 -10.6343191883578 -8.93647185541275 -2.71967848363807 -28.2263839830422 -7.83177213471115 -14.2270686340514 -8.10191553551282 -5.38192304320953 -8.52727969943302 -5.72836427907593 -4.1991060707696 -1.30718969502617 -0.4530132289619 -4.19541570182493 -1.43044216332179 -3.78199843737724 -13.7598037693205 -20.0494223575986 -4.28470554520876 -1.2088525197564e-07 -0.430071820651392 -0.540143521239637 -6.76517314714244 -18.0352676854504 -4.41491933790216 -2.15746092203779e-07 -12.3363087386968 -12.9168502870068 -12.1819578395554 
-37.852878046743 -7.26138771653113 -2.9034609455944e-07 -2.52618439079224 -45.9945725636735 -68.4007210214123 -37.9413519299639 -18.9424792600177 -29.3785294510249 -13.2540436456141 -92.8309334636036 -12.1582475541794 -49.3342636125048 -5.98346830956901e-09 -62.5507926456336 -54.4580022164967 -8.68198409783819 -11.0811262906931 -43.3757232091166 -37.4417191982836 -33.5303478903586 -21.7961303872116 -9.18206019339181 -9.20823541592158 -7.60821216249531 -8.60820479695903 -42.3803174152989 -3.62996625545922 -1.31395403009407e-11 -3.21876917112996 -33.6277757058086 -29.568136593902 -28.4208160945944 -28.2670697271462 -37.546633347142 -58.3168455967762 -77.3514512036253 -3.59414091811467 -18.0912157710975 -63.20850736915 
-17.0942787821097 -5.42260250259686 -24.7102792525775 -20.7595698593557 -26.3795698476907 -46.1758018362446 -23.4444824037333 -105.85329801354 -27.8855247512991 -23.3298790862235 -25.6090578322099 -2.6738951506077 -42.7754099879777 -68.4397145769097 -22.5256896906483 -18.4581758355214 -18.1684368100754 -19.1985085086721 -1.1036781834086e-09 -4.14026096644905 -74.3410535902708 -64.0881197639893 -16.2472832048047 -25.8786001482151 -2.90994747265445 -0.209947478354335 -4.48704200607761 -5.86975577919274 -8.46063414489224 -4.12154050823014 -5.00767783810328 -15.0103294286492 -1.42674794204333e-09 -3.44275443637558 -1.49275793135416e-08 -13.8069094244976 -21.0668538545067 -0.38540308203646 -0.447049301625416 -11.1686879145189 
-4.02050150158191 -4.22655787087129 -14.7390816155483 5.30386647498735e-08 -1.34996849912985 -3.84958136691176 -1.29188175211911 -3.81489823051662 -9.93274162719189 -0.484587024647313 -2.17623539156772 -24.8227145755677 -22.0158516018535 -18.1128579910293 -1.50363417811363 -0.703634179906298 -0.679999998858741 -2.7739303821798e-10 -144.342778368696 -6.08019684180716 -52.4444268420807 -114.483589466187 -28.4621978095843 -102.043776529231 -46.7914821309614 -52.1541881557303 -31.325442709329 -105.754598585302 -122.864414938394 -7.77334654916254 -16.7072765708165 -27.2085968289312 -0.239944161808437 -4.71703868908356 -5.69970463871999 -5.05108806367895 -3.59892973319654 -2.03003754279906 -4.7342593437388 -8.41921341627379 
-106.050137687747 -107.588503228721 -2.85722441298633 -4.98861273451132 -2.89582629792227 -0.789931255887112 -1.03092006193947e-10 -0.911431809966684 -6.59178753660982 -8.4081790737917 -27.0852679902843 -53.0355932777375 -17.1028670486521 -24.1645032815501 -17.6888217701756 -68.8354418275945 -20.388036365647 -10.1084924812485 -32.68592536129 -23.9902080042888 -26.009458451535 -5.79835757104007 -5.11149760005466 -4.15758490691361 -9.16648292363491 -13.6158171671417 -14.5361039679986 -27.1305103744489 -13.303904499822 -13.2942630034576 -5.9899098031852 -4.6601417267814 -1.53720076324823 -0.910316967826096 -1.658701317328 -3.19579707870941 -6.83395765005556 -26.7668306336373 -26.1484080506231 -25.6771174387004 
-23.8774042454073 -42.9371223824204 -50.9984583958644 -43.2453811630822 -211.431018870238 -644.163990635357 -437.364784703726 -213.36888424144 -233.491275512731 -210.600083282925 -219.012376129001 -250.481148964563 -260.522628375275 -251.549837947829 -4.27452623597412 -18.7317525071506 -80.9024631365985 -29.8337207488093 -26.8572538312888 -6.8936922780037 -12.8475215722061 -3.62824744937021 -215.33661490565 -7.71645163653974 -9.52217728194178 -10.1009502858706 -33.4440943551091 -10.4295107604803 -9.10861628336968 -8.20432835559529 -12.730615647689 -7.58524732654006 -12.8953861135113 -40.7323445058381 -53.1426108025058 -92.4976206052846 -47.5253181902973 -15.6226237954377 -39.0088652151123 -8.74828701791407 
-77.409431250884 -12.8878807309472 -2.25604371131198 -5.06756862812783 -5.40002630430115 -3.618964738843 -1.11900485752749 -0.51804861844932 -1.06706590422809 -26.8378092726114 -18.7572984250865 -66.6347483920547 -37.0551855772166 -24.1686837087516 -17.7630021972027 -24.2643390376744 -21.0922167914551 -10.9426729067827 -16.773730289154 -36.0771783882925 -52.294835343777 -26.3208842187844 -11.3163984110917 -14.7867927577407 -7.9205306237484 -6.46060232752191 -32.5487900332769 -52.3116679968158 -59.0532908158209 -51.9002135816942 -1.52630578502664 -40.5507913790431 -15.9687685230974 -33.9750669997945 -32.5229680437628 -6.65161774241454 -4.39992405100915 -25.3285296471217 -10.3140438393462 -39.7454234458115 
-17.0961121248641 -50.2969664624531 -18.3281358185738 -9.2381760472247 -9.51817604670238 -36.3742642024878 -54.8170861369666 -1.93618088007193e-07 -23.9806535640572 -59.830936240367 -39.6759182131071 -53.1278590054948 -5.83587053001181e-09 -23.5246086844998 -1.99869099238799 -44.3632897362682 -46.5044901595201 -98.1462782537351 -38.099900186609 1.93144999876987e-05 -44.1157372815765 -0.983483770783292 -37.2299412021877 -23.0253682748122 -138.12963133098 -30.1266429460279 -29.8018175669598 -7.42324424560401 -7.04543062259528 -12.6895649191801 -9.97992049636024 -8.59484865608928 -5.650422216589 -1.97494264739362e-13 -2.50843167948293 -1.45413328646378 -16.0072883397925 -63.6586026369131 -0.18995004562415 -4.36704457357153 
-5.44975834735891 -18.4036341058037 -11.6696827640241 -4.75415692327789 -3.91415692502004 -5.34644567474862 -49.3193682895663 -13.9105376526561 -25.3414697007062 -16.3705799602588 -44.1115718636776 -52.1531946801201 -42.8001174505726 -0.502194739431171 -1.56219473726612 -38.8253178246577 -0.100304206077032 -0.900304204459564 -44.6403846834106 -70.2084695813189 -3.72755310309389 -51.115204719621 -3.71001186720378 -71.9025902327184 -19.8355544357246 -31.7563442328256 -13.0698300566739 -28.977933215301 -34.2500856071699 -25.9380177900556 -64.715194595432 -26.3899483962455 -32.6866741300459 -2.91044355361586 -24.3985294685327 -10.944043657647 -6.19817587306606 -6.38824757340496 -37.8428300420537 -40.6445504550105 
-1.31378554279946e-08 -59.4207926594338 -51.5678588281248 -31.7159907002023 5.14789291073113e-07 -3.76014287877 
<Y_w>
2.42689938247966e-08 0.000219577114780728 6.51381038293226e-17 0.000239565656510769 6.1103201320395e-14 5.92571311160901e-20 5.44423785002114e-26 1.7065622779299e-12 7.08939321955261e-21 1.11000527675528e-07 2.13177006850925e-06 2.41098763660434e-08 2.87274891190451e-10 0 8.53600606815762e-19 0.000108072164809251 1.06050761662607e-20 5.35633521929405e-25 0 0 0 0 0 1.44308478423699e-23 2.00312927324011e-26 0 0 0 0 1.28445086552494e-27 5.33147959926218e-13 4.45826270402966e-12 3.76637388261506e-23 7.85374157956786e-27 0 0 1.66739668758928e-23 1.01960048279851e-21 0 3.2404895309059e-18 
0 1.71043400175778e-08 0 0 0 3.5182691928355e-21 4.11094298418177e-23 1.76876959075335e-26 0 0 0 0 2.34641891956869e-10 0.000130884113020346 0.55611155812516 0 0 0 1.98211514772067e-15 5.66742735278792e-13 9.84418197057111e-20 2.53425324486843e-28 0 0 1.56222551255077e-17 0 0 0 0 0 0 0 0 0 0 0 0 0 0 0 
0 0 0 0.000422013267245303 0 0 0 0 0 0 0 0 0 0 0 0 0 0 0 0 0 0 3.85801038452761e-10 3.73115010334192e-06 0.000138998721451491 0 1.11803648987941e-15 2.14913011213565e-27 0 2.12976701684313e-23 0 1.73728281911416e-06 7.2207771776614e-05 0.000137186331316803 4.20797658694135e-12 2.28485868454817e-07 4.98829449702277e-13 2.1297306384068e-09 4.59159378220218e-19 5.85459521291282e-14 
2.87469439753977e-07 4.1105682320527e-13 4.87077596648744e-16 0 7.12863744390023e-24 8.00643635824077e-05 23.0491989392479 9.2432900745044e-27 2.79178789655984e-06 0.299922199076628 57.633868297672 0 0 0 6.80384725855879e-06 0.59191009630721 222.368164689694 1.23735598085743e-10 1.21685680430055e-15 1.0446155720697e-07 0 328.863568052839 1.2404051383307e-06 0.00187871194635424 6.35813976199904e-12 0.000120458724538707 1.70320383070633e-05 0.390673662465515 10.5776924841401 9.49110450356268e-13 1.05079231836329e-07 3.61997424295733e-05 7.36111443542395e-22 1.57744184143721e-26 1.0351296905411e-18 0.860752609354997 0.369124374329377 1.12564739613789e-05 1.97957847245803e-05 4.66585617033839e-22 
4.48464035617792e-10 0 0.110783704822163 0.151821345649337 1.54480764025498e-17 1.03056667490204e-15 2.16712244211213e-16 2.58583481756357e-09 2.2096987102184e-12 1.5330062067479e-08 2.25021669871677e-15 8.93426889385895e-20 2.09940904692286e-16 1.97376298807947e-22 0 0 0 1.91373233710748e-19 1.63748848683667e-28 3.09245150420756e-23 8.30703308297436e-11 8.90385498331035e-14 2.03109081057784e-16 6.20836577491863e-13 3.44299867162211e-14 1.0539379379228e-16 1.2951732358027e-19 0 1.59949876544116e-14 1.08446789287675e-07 0 1.07262460869741e-26 0.000251502314655192 1.54112538879634e-09 0 1.0807415761606e-14 5.99196380190996 3.55241519206673e-05 0 1.78714927296166e-10 
1.23889711574615e-08 1.30485595582653e-11 3.74713959755673e-08 2.07097358101781e-19 0 2.75711901034482e-16 5.06738280631386e-23 2.57711845228135e-13 2.93130890114667e-23 3.87020865051154e-16 0 0 0.000204685454140982 8.05266385337717e-05 3.921019561065e-07 0 0 6.13460618456779e-21 5.0250274742394e-07 1.26409411535489e-12 1.05624183150015e-13 5.25315928829229e-21 0 0 0 3.60985583821089e-20 2.22832066464427e-16 5.41483835445049e-21 1.36378210141734e-13 7.83191033746924e-12 9.11309837814776e-10 4.79506576217011e-12 7.08220465686737e-16 5.05674336145922e-28 0 3.73685318270998e-11 0 7.44066346392501e-24 2.30096219586612e-23 1.05087440136666e-25 
0 1.07575704500725e-26 0 0 1.31705724245275e-29 0 0 0 8.51045337549182e-28 0 0 0 5.95798556161294e-18 1.7237827351552e-18 2.76984633089245e-13 5.6216809895412e-08 1.10671052195938e-08 0 0 8.18804954041922e-16 1.7750818211769e-13 2.06659949390509e-16 0 4.65717808634363e-20 0 2.97063273719422e-17 0 5.1982041120154e-17 0 0.00013317213152547 4.51015896461988e-16 1.02548977096548e-27 0 0 0 8.08673598952399e-28 2.84305380057024e-26 5.00920569343421e-25 0 1.1735797790366e-21 
0 0 2.4166906872889e-28 0 0 0 0 0 0 0 0 0 0 1.7292369846112e-08 6.97705172320989e-08 1.82105020806131e-22 4.14825840783054e-13 4.7607595610915e-22 2.66017847614089e-24 0 0 0 3.77153925628367e-13 5.72530168264545e-25 7.14081859879324e-10 0 1.7418468403266e-07 1.25639921409032e-12 1.6678641526097e-11 3.7217750516043e-10 1.53602532775021e-17 3.94937943274522e-24 9.0064951318292e-25 1.54789592125379e-06 0.000198188193880025 3.80345280943628e-06 1.04115890974385e-09 0 1.42834009069024e-22 4.14685629566782e-09 
1.8626767660446e-05 2.84941900772159e-06 4.4924763130655e-28 2.40505109129113e-28 0 0 0 2.28852503949773e-09 8.14239296083345e-20 5.15748802891748e-06 3.25276695243677e-16 0 0 0 0 0 3.09908456867721e-09 3.68141662020758e-10 5.22617380747786e-13 0.0885887826334777 1.30705337873628e-13 0 0 0 1.92572919907539e-18 4.35639384739694e-14 2.18761069193205e-27 0 0 0 0 2.51907952493576e-05 1.81505545453956e-12 2.84119762419023e-08 1.16058525051895e-06 8.42938346309966e-07 0 0 5.3800749174947e-05 1.22234729516527e-19 
4.28793553443401e-12 6.38686794712362e-19 0.0275399536197272 0 0 0 0 2.39502803527138e-17 0 0 1.94438946833076e-22 0.000460768192559533 1.68778521061008e-13 5.56204947857539e-22 1.93748982700421e-09 1.88345935798704e-15 2.78152571414131e-28 0.0963552412242458 1.54886340165287e-10 3.75031458994315e-18 0.000171642534448356 0 0 0 0 2.48712199097222e-11 5.25082125494589e-19 1.59632814447701e-27 0 0 3.15511008313024e-07 5.2535065500565e-13 2.79530157530141e-21 0 0 0 172.571971468155 3.09848716982348e-05 4.45418643594462e-18 2.47906466669279e-11 
0 0 0 2.8560818112179e-17 6.29704596798968e-08 6.86283035743722e-11 1.70893186430395e-19 3.20651044903562e-23 2.79884456665385e-07 0 7.3832060420879e-27 7.24709488196463e-05 0.402888396149482 5.4213075823517e-20 3.25632597225311e-18 1.02563352403693e-11 8.01277759903957e-05 0 0 0 0 1.59639537856016e-05 0 0 0 0 0 0 0 0 0 0 0 1.04809186128302e-17 0 0 0 0 0 0 
0 0 1.23685794885007e-11 2.9296364089397e-13 0 0 8.02954037811279e-13 1.02893988954361e-11 2.32561762907579e-10 9.95750589584942e-18 2.06637063099776e-24 5.57968337531033e-25 1.65582721027811e-06 0.000210849704994294 4.027658870674e-06 1.12106271559387e-09 0 8.85045484263452e-23 2.57001867768581e-09 0.000127159195325559 0 0 0 16.3714056328187 0.00114739224815618 2.53852105738744e-09 0 0 2.52659508410104e-05 6.56305548610673e-14 8.71177316989944e-10 0.00346948478144907 9.86041955725323e-11 6.31421256266821e-12 6.95023855940361e-06 3.61130349730907e-14 2.44723483578604e-19 3.98723889798097e-15 1.61874670641791e-08 3.92138739533163e-16 
1.32119680511648e-17 0.00109542183149096 1.02233910814312e-10 8.7878193693553e-06 0.00664037877017256 0.000159124044698231 1.01105666287697e-10 4.96929554470457e-08 1.11878190162104e-16 1.68311725247843e-09 7.51715821716187e-11 3.46997030773623e-17 4.11251331601181e-12 0.000144722589196463 2.37799010201037e-05 4.61948468674939e-09 1.50916919646082e-11 1.08231200355479e-14 0 4.7500567271986e-06 0.000139035152226553 1.89973580521662e-28 1.03404480408632e-21 0 0 0 0 0 0 0 0 0 0 0 0 0 0 0 0 0 
0 0 0.000131330089305109 3.11083942841941e-16 1.64568273458328e-05 6.44037164497555e-07 0 0 30.149621597533 8.01871457148095e-08 0.00387700941593798 7.55932163384115e-08 2.36592614843794e-08 9.59772597060212e-05 1.85443235872105e-13 3.39450272389253e-09 0.00975226482200546 3.42076061839103e-10 1.29129243056349e-11 0 1.09613235414764e-20 7.29163818403587e-12 7.05505396215113e-06 0.000204709551670054 1.16856638780292e-12 0 0 4.31096693664846e-17 9.07027850099372e-14 3.03394151036692e-10 1.60673861171312e-12 1.57357553714384e-21 0.000340706197762835 7.21525727431934e-06 2.84319856995705e-20 2.10718073170875e-23 2.62147366780384e-17 3.14952323302789e-25 3.13252608037311e-17 2.32616803989802e-11 
7.95710445617231e-13 0 4.88080910009709e-21 2.70191261902246e-11 4.90337425746826e-12 1.37247452360795e-25 0 0 0 0 7.30886819439376e-19 0 3.35804839199333e-09 1.40408501368976e-09 7.49057204247405e-29 0 1.69331306126208e-11 5.85306494535471e-13 7.05852208944347e-16 0 0 0 0 7.73875244246077e-24 0 0 0 2.35389911700641e-10 1.98401219881372e-27 0 1.41423019475031e-25 1.47290093550364e-28 1.9974079884986e-22 3.67074935241738e-28 4.2538152456314e-25 0.000610843543634208 0 0 0 6.4796103076124e-27 
2.71497876214896e-13 6.79213262213938e-12 3.74521203682464e-19 1.06955045752896e-20 3.07952539776138e-20 0 0 0 0 0 0 1.23369198666863e-16 0 0 0 1.51242803054721e-20 0 2.31094944432573e-26 0 4.79197170841347e-17 0 2.25082038661056e-21 1.42955028255815e-20 3.70805580572795e-18 1.85315309468738e-17 0 1.27266488769581e-19 5.0304254732518e-21 2.71625827340414e-24 0 0 0 5.82931469153281e-21 1.97785558594723e-18 2.2981777843344e-21 5.79698834279761e-11 9.06675099262988e-06 1.11402787158145e-23 8.887831427984e-29 4.38889166524614e-11 
3.42435641757842e-08 4.50655758658914e-28 1.07271724345953e-22 1.48490601366541e-09 2.4704894760015e-10 3.4199613296205e-06 4.26197254790474e-07 0 0 0 0 3.02354744131017e-25 0 0 0 0 3.07018815662394e-17 0 9.12758763096524e-19 0 0 0 9.19532565370965e-22 2.42125940861277e-18 0 0 0 0 2.43899555980821e-18 0 0 0 0 0 0 0 0 0 0 0 
5.73483954171319e-24 0 0 0.235031141076491 1.20872455646972e-21 9.94924979796818e-09 0 0 0 0 0 1.31105940498674e-22 5.46747153852674e-13 0 1.13326071471135e-20 2.59784955774152e-11 1.17965226753496e-05 0.000279282911316981 0 0 0 4.13078609002494e-07 2.74028844544324e-13 3.780626476967e-17 0 7.07513927092133e-14 2.41188310331151e-12 2.87121404037342e-21 4.03657133654593e-11 7.08617698402936e-21 0 0 0 1.20014824031838e-07 5.74578273384085e-06 3.90161269535993e-16 0 1.24836291386571e-25 8.97708258290979e-21 9.87140415445572e-11 
6.6637402196054e-09 3.24647387372678e-09 7.74089234325218e-27 0 0 0 4.00526316277625e-10 2.19196254635101e-06 0 2.36150196941521e-24 3.36190133691391e-05 0 0 0 0 0 0 0 0 0 2.25860982380694e-27 1.41789732312405e-28 0 0.000209419454962513 0 0 2.28170122921566e-27 0 0 0 0 0 0 0 0 0 0 0 0 0 
0 0 0 0 0 1.62644903414328e-13 0 1.13190610811405e-11 1.19220937365289e-14 2.00964080417772e-24 0 3.41843483930929e-11 1.23610391667031e-07 0.000486445949980352 8.99112411336305e-10 1.72158801014166e-21 0 5.17158901371522e-27 3.70134177627709e-06 0 1.28494432274002e-06 2.1652733807757e-13 2.988523982341e-19 2.51143349487764e-19 0 4.61036202012796e-26 0 1.11024249183941e-16 4.58172466729506e-15 1.47110654322068e-26 0 0 5.56890093033521e-24 0 0 0 4.30178889576436e-28 0 0 0 
2.52966661856611e-24 0 0 0 0 3.72235506594613e-07 4.50401933282779e-20 1.46533779865096e-07 2.34402342722639e-11 7.30527029905233e-07 7.12570542673339e-10 0 0 0 0 0 0 0 5.14129188334546e-23 0 0 0 0 0 1.09367191801028e-25 0 6.30751662155163e-11 0 0 2.35190433523151e-12 0 2.74237975488989e-18 0 0 0 1.4072273463288e-23 0 4.58886588862614e-10 0 0.00022601890214326 
3.23977372187445e-07 5.0532082364121e-13 3.79572945286454e-09 1.88899308481159e-07 6.88556669950774e-16 7.51028786525432e-13 2.62361217819325e-09 2.1839893051334e-23 1.19270356334769e-20 2.16586013849693e-16 2.22464000595807e-09 2.00533923098052e-10 6.53524904840855e-09 2.18277886852154e-29 0 0 2.06460045521873e-14 1.04585292701372e-20 2.79274823110116e-28 9.3064497016218e-08 0.605017191308197 7.42957776920423e-09 5.26163003911429 0.0152806244006904 1.63876499346646e-12 2.1856935677024e-11 4.86910039079333e-10 1.55704776728268e-17 4.00722379640513e-24 1.1796305209119e-24 1.53453670292962e-06 0.000196620930260694 3.77569873607889e-06 2.74593911964615e-22 1.0989063262694e-26 1.03126931952297e-09 0 1.87073080658947e-22 5.43109924097389e-09 5.50914832098918e-27 
0 0 0 0 0 0 0 0 0 0 0 0 0 0 0 0 0 0 0 0 0 5.64596818499086e-29 0 0 0 2.71485679410494e-13 8.07988242687663e-12 1.97935088387665e-07 3.03763592392085e-05 0.000188048511241655 0 7.29692734648288e-20 8.2543103752066e-28 4.44630498354489e-22 0 0 8.74227578341073e-05 3.71585452112688e-12 2.199330226335e-07 6.0425609242576e-13 
2.46886997067278e-09 4.44507423685754e-19 5.7930456812477e-14 2.87898929285152e-07 2.68411722113442e-12 4.00912589655669e-16 0 1.31017628364977e-23 1.23257384394824e-26 3.05330008087377e-12 9.32787047115322e-10 0 0 7.38816918597297e-19 0 5.05183434248321e-22 8.86337069964099e-05 6.65322904791116e-05 0 2.43626619591974e-24 0 0 0 0 0 0 0 0 0 0 0 0 0 0 0 2.31297305732476e-14 0.00029945392850845 0 0 0 
0 0 0 3.3355229588371e-21 4.04234918272695e-10 3.41983413372479e-11 1.26749241648909e-06 1.1209179713909e-07 5.14049012070567e-18 2.12471044045706e-08 0 0 0 0 0 0 1.01694621175978e-20 0 2.00770262423272e-22 9.17552034458927e-05 7.41933308718561e-06 1.66114221175006e-12 0 4.34062260327577e-26 0 1.60196051956734e-09 0.000635226882171147 0 6.74051001515367e-27 0 2.82404596149143e-13 7.06439278693147e-12 3.8964793229779e-19 0 0 0 0 0 0 0 
0 0 0 5.68262616031688e-14 2.82681671833728e-24 0 2.01572472111832e-18 4.07151874665981e-18 5.44836092648877e-22 7.28703230739188e-20 4.88362732052584e-25 0 0 2.42754423816772e-27 0 4.68932239127829e-20 0 0 0 4.34462724615724e-19 4.1683330038553e-23 2.98105286369715e-28 0 0 0 1.1591353212398e-20 2.40461188610604e-13 1.88455167098707e-07 0 0 0 0 2.10751058216094e-28 5.04595191000623e-28 9.9075283137108e-24 5.53379392464675e-24 4.27436363624229e-25 0 0 0 
9.40619363202243e-29 0 0 0 0 0 0 0 0 0 0 0 0 0 4.09950785268922e-15 1.92653211266298e-12 9.63194451597141e-14 6.58262650660982e-19 0 7.21544528381246e-24 6.53159569018523e-27 6.5415819195532e-23 1.37953288060807e-26 0 0 0 0 0 0 0 0 0 1.25346202766093e-20 0 0 0 0 0 0 0 
0 3.52248397685054e-12 6.80561799713662e-16 2.65806963847341e-28 9.19942595403238e-13 9.5285452892153e-21 0 0 0 3.12241462452867e-16 0 7.14211510971994e-28 0 3.41740464953048e-26 2.45026104931174e-20 0 6.3649888919321e-24 1.22087623512735e-12 1.8638893528561e-13 1.25508398314883e-08 6.68758071732938e-08 2.19413738028534e-09 2.97496217571967e-25 1.98535341620803e-10 5.58927527305453e-19 7.79040197446525e-08 0 1.94707157975995e-23 0 2.33477620547463e-23 0 0 0 0 0 0 0 0 0 0 
6.56515790607512e-23 0.000102684035895472 7.25512429683818e-10 0 0 5.03557266328783e-21 1.56003789650554e-14 0 0 0 0 0 0.00705348838321626 9.48265276367328 2.15562712841767e-08 999.112832575605 0 0 0 0 0 0 0 0 0 0 0 0 0 0 0 0 0 0 0 0 0 0 0 0 
0 0 0 0 0 0 0 0 88.8319991763177 0 0 0 0 0 0 0 0 0 0 0 0 0 0 0 0 0 0 0 0 0 0 0 0 0 0 0 0 0 0 0 
0 0 0 0 0 0 0 1874.79494127289 0 0 0 0 0 0 0 0 0 0 0 0 0 0 0 0 0 0 0 0 0 0 12.7369761838515 0 0 0 0 0 1.24739355017303e-05 0 0 0 
0 0 117.380230446947 0 0 0 0 0 0 0 0 0 0 1.26570552150553e-05 0 0 0 0 0 0 0 0 0 0 0 0 0 0 7.97663042786283e-06 0 0 0 0 0 0 0 0 0 0 0 
0 0 0 0 0 0 0 0 0 0 0 0 0 0 0 0 0 0 6.96971957136631e-06 0 0 0 0 0 0 0 0 0 0 0 0 0 9.80423033820271e-06 0 4535.60728033443 0 0 0 0 0 
0 0 0 1661.50574339398 0 0 0 0 0 0 0 0 0 0 0 0 0 2292.81281191271 0 0 0 0 0 0 0 0 0 0 0 0 0 0 0 0 0 0 0 0 0 0 
0 0 0 0 0 0 109.035308167295 0 0 0 0 0 0 0 0 0 0 0 0 0 0 0 0 0 0 0 0 0 0 0 0 0 0 0 0 0 0 0 0 0 
0 0 0 0 0 0 0 0 0 0 0 0 0 0 0 0 0 0 0 0 0 0 0 0 0 0 0 0 0 0 0 0 0 0 0 0 0 0 0 0 
0 0 0 0 0 0 0 0 0 0 0 0 0 0 0 0 0 0 0 0 0 0 0 0 0 0 0 0 0 0 0 0 0 0 0 0 0 0 0 0 
0 0 0 0 0 0 0 2.05148574035161e-05 0 0 0 0 6.38755624844094e-06 0 0 0 0 0 0 5.51687669877419e-06 0 0 0 0 0 0 0 0 0 0 0 0 0 0.00451043336165287 0 0 0 0 0 0 
0 0 0 0 0 0 0 0 0 0 0 0 0 0 0 0 0 0 0 0 0 0 0 0 0 0 0 0 0 0 0 0 0 0 0 0 0 0 0 0 
8.53060875682334e-06 0 0 0 3.84988787748129e-06 0 
<Fx>
-288.569947120088 -768.59064288564 -362.312403120201 -318.151356580278 -422.967038605766 -557.364130091445 -691.761221577123 -342.809253904618 -782.263563497524 -501.578709923379 -359.572868054518 -576.126566096713 -863.683185073338 -314.401620371198 -620.45446563514 -5.98382303341089 -26.5712910105295 -89.2744601393453 -151.977629268161 -214.680798396977 -277.383967525793 -32.275405088794 -35.1274621279263 -252.090881385255 -100.313747010643 -174.056203010756 -247.79865901087 -321.541115010983 -160.968382496208 -495.607010063626 -39.4964461746909 -33.0338685926102 -68.2470977931478 -109.922904575766 -151.598711358384 -193.274518141003 -168.57713287939 -97.5742119449597 -100.426268984092 -47.8724174429613 
-358.455809525581 -31.7580165000332 -94.4985734275605 -267.746604182487 -355.266563746815 -254.863327092545 -389.260418578223 -523.657510063902 -658.054601549581 -792.451693035259 -926.848784520938 -1061.24587600662 -396.869168961405 -467.872089895836 -538.875010830266 -5585.31672210485 -651.73249605395 -1048.60166501536 -325.866248026975 -531.266260447084 -665.663351932763 -594.660430998332 -918.632364122649 -586.747845607597 -770.295659404693 -380.367330690592 -831.406511440044 -1056.92610181477 -605.886921065318 -860.388026456145 -1340.4087222217 -454.109786690706 -527.852242690819 -409.948740150783 -480.951661085213 -514.764422176271 -649.161513661949 -630.544818389658 -885.045923780485 -1389.72451687038 
-434.606637475122 -874.060947068028 -849.403049743689 -313.439963961869 -902.921906882863 -641.644618786728 -514.232313865011 -965.271494614462 -1190.79108498919 -739.751904239737 -522.373172559453 -593.376093493883 -451.370251625023 -656.238155733871 -585.235234799441 -667.923949667217 -955.480568643843 -1243.03718762047 -406.199003941703 -1044.1363677207 -712.251849205644 -895.799663002741 -295.876347131702 -282.330079540393 -353.333000474823 -739.870036441692 -549.687524787947 -613.081695339195 -676.475865890443 -838.570129547385 -1133.54184726654 -415.290433302268 -486.293354236699 -246.040652293287 -732.334006529985 -471.560242668013 -380.437743778965 -496.218139992352 -739.734268670723 -715.076371346383 
-317.043573227717 -690.418474022044 -577.925170808339 -1619.9830920822 -1373.94243978892 -62.7031691288158 -20.4163650248643 -2.85205703913228 -179.174566764635 -225.519590374726 -229.904342594405 -1124.18769961712 -1496.09788408039 -823.280436088288 -716.197696831104 -455.423932969131 -709.925038359958 -1019.67695767971 -1391.58714214297 -718.769694150872 -625.223462803461 -259.485752054596 -364.301434080084 -480.081830293471 -759.240833008637 -734.582935684298 -284.143649378935 -212.292770514361 -236.950667838701 -723.597958971841 -698.940061647502 -588.641718497671 -1789.78700990455 -1460.15141970415 -787.333971712051 -300.907263528836 -517.46096157103 -805.017580547655 -674.282164323162 -1784.45890461602 
-561.788861109457 -558.59961533069 -745.336674906554 -720.678777582214 -1851.2356217409 -1587.71047268444 -1357.80613009004 -1213.76884763991 -1443.67319023431 -983.864505045503 -77.0763568561549 -528.115537605607 -302.595947230881 -150.818812856268 -224.561268856382 -298.303724856495 -372.046180856609 -327.25384455522 -570.769973233591 -546.112075909251 -90.0015120203163 -96.464089602397 -102.926667184478 -83.5389344382356 -219.082198725015 -290.085119659446 -361.088040593876 -225.15563464674 -148.079277790585 -65.3436146959766 -740.845393886259 -408.960875371207 -244.451518367692 -378.84860985337 -270.283191618802 -576.336036882743 -480.020695765553 -73.7424560001135 -423.822294257424 -275.856588753176 
-726.895769502628 -952.415359877353 -501.376179127902 -349.59904475329 -423.341500753403 -410.253680238855 -544.650771724533 -526.034076452242 -769.550205130612 -744.892307806272 -798.411164945447 -537.133876849312 -417.862430622037 -488.865351556467 -346.859509687606 -301.688262004287 -939.62562578328 -607.741107268228 -791.288921065324 -61.1659431571083 -286.685533531834 -134.908399157222 -208.650855157335 -282.393311157449 -356.135767157562 -195.563034642787 -311.343430856174 -530.201662210205 -74.0910983212697 -67.628520739189 -203.171785025969 -274.174705960399 -345.177626894829 -193.334807248647 -528.675456366154 -132.168864091539 -328.510118319811 -393.05046167216 -127.589153860219 -148.176621837337 
-210.879790966153 -201.331609860332 -221.919077837451 -295.661533837564 -282.573713323016 -416.970804808695 -551.367896294373 -641.870238214774 -617.212340890434 -744.29321680802 -395.319120209055 -422.716552599078 -198.592074794649 -219.179542771768 -290.182463706198 -361.185384640628 -432.188305575059 -438.359085543535 -728.541549249733 -670.218723521219 -657.707895949784 -444.699133146494 -366.664454771995 -854.879001018064 -1348.5726173955 -830.221103693725 -1394.91764100559 -805.563206369385 -480.061140352389 -138.382296776993 -26.7340924062613 -47.3215603833799 -533.614914620078 -1019.90826885678 -1506.20162309348 -498.360741132831 -272.841150758106 -343.844071692536 -348.438008812977 -100.476548406375 
-121.064016383493 -194.806472383607 -174.219004406488 -247.961460406602 -297.499048082445 -1034.70879313825 -1014.12132516113 -985.392998489573 -520.427708783697 -541.015176760816 -516.357279436476 -989.463427836794 -1010.05089581391 -39.6592475704227 -33.196669988342 -189.32740225224 -168.739934275122 -260.330323186671 -331.333244121101 -236.64896263562 -165.64604170119 -425.976364887861 -97.7370133406916 -118.32448131781 -48.198020234425 -379.206078898432 -29.5814094601904 -272.462219630959 -723.501400380411 -497.981810005685 -406.859311116638 -541.256402602317 -766.155836008396 -414.46806149982 -485.47098243425 -556.473903368681 -343.46514056539 -936.231256661063 -604.346738146011 -787.894551943108 
-134.397091485679 -60.65626605406 -81.2437340311786 -567.537088267877 -1053.83044250458 -98.3560762659723 -77.7686082888537 -511.695446803512 -757.802505155356 -286.175856428786 -134.398722054173 -154.986190031292 -228.728646031406 -302.471102031519 -376.213558031632 -476.562854240234 -252.830985360229 -181.828064425799 -110.825143491369 -90.2376755142504 -195.053357539739 -215.640825516857 -350.037917002536 -1562.32458316349 -554.349882431496 -529.691985107156 -417.198681893452 -437.78614987057 -767.36260617531 -326.489476550357 -616.980584370994 -202.662107922921 -223.249575900039 -294.252496834469 -273.665028857351 -365.2554177689 -304.493309931218 -527.742885831257 -131.65918698849 -152.246654965609 
-377.766245340335 -525.621555759935 -42.460946311801 -132.907080533399 -107.075407282289 -745.012771061282 -724.425303084164 -392.540784569112 -413.12825254623 -322.419047203136 -596.676066343327 -8.14085869444224 -345.192141780381 -369.850039104721 -320.534244456042 -614.601332762657 -27.509954363472 -250.177487699065 -529.336490414232 -553.994387738572 -504.678593089892 -444.634914857735 -419.977017533395 -842.667712976401 -818.009815652061 -78.8972041088698 -103.555101433209 -128.212998757549 -152.870896081889 -177.528793406229 -54.2393067845301 -159.054988810018 -293.452080295697 -127.084402937533 -102.426505613193 -328.893582799941 -7.04632524429588 -31.7042225686356 -408.053170551945 -383.395273227605 
-2468.78089627044 -2493.43879359478 -2444.1229989461 -336.872413625304 -312.214516300965 -493.693616377436 -518.351513701776 -867.068517171763 -469.035719053096 -12.7430147885879 11.9148825357517 -31.1204749064204 -6.46257758208071 -269.022456275064 -356.542415839392 -27.9312291276536 -3.27333180331393 -290.491107820637 -265.833210496297 -353.353170060625 -62.6444431029481 -8.21731570472541 -49.3922516589626 -274.911842033688 -450.883845582419 -123.134707659076 -196.87716365919 -270.619619659303 -344.362075659417 -149.976582053583 -78.9736611191529 -299.569739358028 -518.427970712059 -62.317406823124 -57.609567363688 -128.612488298118 -191.398093527823 -262.401014462253 -120.395172593393 -345.914762968119 
-194.137628593506 -493.770073387719 -13.0016121744446 -37.6595094987843 -713.161288689066 -381.276770174014 -313.210104281186 -764.249285030637 -538.729694655912 -447.607195766864 -582.004287252543 -806.903720658622 -455.215946150046 -526.218867084477 -597.221788018907 -384.213025215616 -976.97914131129 -645.094622796238 -828.642436593334 -41.6758067826183 -124.526549519474 -166.202356302092 -304.235685475601 -121.830578787775 -347.350169162501 -151.411988247965 -220.186655053747 -199.599187076629 -372.008066486841 -615.524195165211 -590.866297840872 -192.833499722205 -566.208400516532 -453.715097302827 -138.972732388239 -273.369823873917 -632.666348765675 -608.008451441335 -209.975653322669 -583.350554116995 
-470.857250903291 -201.104237308659 -687.397591545357 -426.623827683384 -681.124933074211 -230.685646768849 -335.501328794337 -451.281725007724 -730.440727722891 -705.782830398551 -255.343544093189 -694.797853686095 -670.139956361755 -272.107158243089 -488.660856285284 -776.217475261909 -645.482059037415 -532.988755823711 -529.799510044944 -716.536569620807 -691.878672296467 -1530.11026211295 -1329.00602480429 -591.346366113627 -611.933834090745 -816.865956488353 -665.08882211374 -685.676290090859 -725.743457599305 -746.330925576424 -880.728017062102 -1015.12510854778 -841.523853812692 -733.352207982487 -753.939675959606 -804.355128916918 -875.358049851348 -662.349287048057 -682.936755025176 -817.333846510854 
-923.230884628679 -920.041638849912 -358.737375903266 -38.6097547605421 -31.5161654219344 -56.1740627462741 -173.757328531808 -261.277288096136 -112.396358910124 -598.689713146822 -337.915949284849 -141.977768370314 -246.793450395802 -362.573846609189 -606.08997528756 -581.43207796322 -183.399279844554 -556.77418063888 -444.280877425175 -2419.46510162176 -540.496625909394 -611.499546843824 -682.502467778254 -753.505388712685 -57.2803681505206 -68.6885963070497 -71.540653346182 -508.319548899972 -282.799958525246 -537.301063916073 -1017.32175968163 -131.022824150634 -86.8617776107109 -157.864698545141 -191.677459636199 -377.814612606562 -307.457855849586 -586.616858564753 -561.958961240413 -111.519674935051 
-64.3266933948164 -924.348885322283 -526.316087203617 -70.205523314682 -63.7429457326013 -120.312698994389 -151.828864416324 -183.345029838258 -214.861195260193 -246.377360682127 -88.796533572455 -318.557656246656 -199.286210019381 -270.289130953811 -185.563657235471 -513.133156339803 -128.283289084951 -344.836987127146 -632.393606103771 -899.690987997944 -108.943714652741 -134.775387903852 -83.112041401631 -389.164886665572 -102.565223095208 -79.9227956228642 -385.975640886806 -572.712700462669 -281.558804074367 -302.146272051486 -732.597984823819 -958.117575198545 -1204.22463355039 -1429.74422392511 -507.078394449093 -845.643707843802 -355.301260074481 -375.888728051599 -429.043716074594 -331.727681511676 
-473.733523380537 -544.736444314967 -402.730602446106 -382.143134468988 -311.140213534557 -415.955895560046 -436.543363537164 -550.352987045724 -570.940455022843 -343.822078834104 -563.423560147621 -415.423787248785 -436.011255225904 -2661.15130792607 -887.050435975356 -866.462967998237 -1112.57002635008 -1091.98255837296 -661.53084560063 -640.943377623511 -1310.55086362982 -937.465888932667 -782.949219492372 -711.946298557941 -895.444483014338 -509.753711226017 -445.005196708976 -516.008117643406 -549.820878734464 -570.408346711582 -704.805438197261 -684.217970220143 -423.564645943228 -444.152113920346 -494.567566877658 -515.155034854776 -586.157955789207 -352.561725008797 -373.149192985916 -895.191294669798 
-811.677546163933 -494.320991357655 -469.663094033315 -522.201360099072 -529.247685343368 -593.204281033503 -600.250606277799 -1374.0826933321 -909.117403626221 -929.70487160334 -905.046974279 -884.459506301882 -719.659472724387 -740.246940701505 -1014.02835232067 -1663.04837034986 -486.426708183216 -578.017097094764 -557.429629117646 -649.020018029195 -720.022938963625 -507.014176160334 -990.537025202035 -702.980406225411 -441.255460499896 -1099.78029225601 -767.895773740956 -747.308305763837 -930.856119560934 -951.443587538052 -589.702891028111 -877.259510004736 -1164.81612898136 -353.809618553707 -379.641291804817 -327.977945302596 -965.915309081589 -945.327841104471 -613.443322589419 -634.030790566538 
-796.991136386515 -817.578604363634 -175.039919128655 -287.556618976625 -842.410619847423 -444.377821728757 -344.990753313623 -411.923244900832 -546.320336386511 -680.717427872189 -815.114519357868 -486.996595182484 -557.999516116914 -415.993674248053 -482.926165835262 -553.929086769693 -624.932007704123 -695.934928638553 -1075.69228193094 -1407.57680044599 -743.807763415884 -10.1311995512307 -51.3061355054678 -537.599489742166 -1510.18619821556 -502.34531625492 -276.825725880194 -350.568181880307 -347.828646814624 -125.048591505581 -198.791047505695 -272.533503505808 -346.275959505922 -151.890465900088 -80.8875449656582 -301.483623204533 -989.377573611661 -544.999751882904 -520.341854558564 -64.2312906696292 
-193.311977374328 -264.314898308759 -173.615191945366 -437.930090254124 -489.236225759592 -875.860180508249 -122.309056439898 -39.5733933452895 -715.075172535572 -383.19065402052 -1.34375885149961e-08 -41.1749359676747 -114.917391967788 -188.659847967902 -262.402303968015 -336.144759968129 -104.207266811544 -135.723432233478 -167.239597655412 -72.6911013896091 -183.180777836535 -254.183698770966 -112.177856902105 -4.6021560941457 -45.7770920483828 -86.95202800262 36.5727798600914 -119.519548048496 -193.26200404861 -267.004460048723 -340.746916048837 -529.406764003301 -609.506604194891 -870.783892291027 -348.229316098756 -228.957869871481 -299.960790805911 -370.963711740341 -512.969553609202 -157.95494893705 
-452.924772937504 -750.721065032724 -1082.60558354778 -377.661610563435 -418.836546517672 -276.230698785835 -296.818166762954 -727.269879535287 -952.789469910013 -1198.89652826186 -1424.41611863658 -501.750289160561 -735.346519940971 -840.315602555271 -756.251394551388 -349.973154785949 -370.560622763067 -326.399576223144 -305.812108246026 -539.408339026435 -376.815029180456 -468.405418092005 -397.402497157575 -410.627790271514 -431.215258248633 -545.024881757193 -565.612349734311 -780.909291875728 -330.470005570366 -769.924315163272 -815.16968046473 -558.09545485909 -410.095681960254 -430.683149937372 -2645.16699206047 -881.722330686824 -861.134862709705 -1107.24192106155 -1086.65445308443 -656.202740312098 
-635.61527233498 -504.425605937486 -578.168061937599 -565.080241423051 -699.47733290873 -418.236540654696 -438.824008631815 -489.239461589126 -509.826929566245 -580.829850500675 -347.233619720266 -367.821087697384 -1418.07038269224 -924.376766314808 -899.718868990469 -1003.37214174361 -572.688991806233 -643.691912740663 -481.098602894684 -501.686070871803 -875.060971666129 -1094.45218696748 -762.567668452424 -741.980200475306 -925.528014272402 -946.115482249521 -563.78731776246 -584.374785739579 -871.931404716204 -851.343936739086 -1159.48802369283 -1138.90055571571 -302.062372036946 -960.587203793058 -939.999735815939 -608.115217300887 -628.702685278006 -791.663031097984 -812.250499075102 -247.590187164285 
-473.109777539011 -381.987278649964 -497.767674863351 -318.593108098715 -579.474705679337 -22.9796162119782 18.195319742259 -25.8316732511104 -267.344175162702 -244.364558950724 -331.884518515052 -19.7903704332114 21.3845655210258 -22.6424274723437 -241.175313171957 -328.695272736285 1.59419508781438 -18.196175345397 -37.9865457786084 -933.988627559305 -540.090229636488 -1679.08605621351 -515.432332312148 -490.774434987809 -308.24926353327 -759.288444282722 -533.768853907996 -442.646355018949 -577.043446504628 -801.942879910707 -450.255105402131 -521.258026336561 -592.260947270992 -758.504368935402 -1279.76239527196 -379.252184467701 -972.018300563374 -640.133782048322 -823.681595845419 -83.5508695913116 
-124.725805545549 -146.254038720127 -208.957207848943 -271.660376977759 -157.293325591425 -198.468261545662 -231.035781591539 -272.210717545776 -304.778237591652 -419.695629546003 -378.520693591766 -493.438085546116 -567.18054154623 -217.94796107699 -352.345052562669 -486.742144048347 -931.10835445962 -1070.93810234618 -1021.6223076975 -1490.6580267506 -577.244485968748 -552.586588644408 -1046.28020502184 -606.105445783583 -344.828157687447 -225.556711460172 -296.559632394602 -408.73748928327 -479.7404102177 -550.74333115213 -534.664292511656 -154.553790525742 -228.296246525855 -527.928691320068 -109.382542842422 -415.435388106363 -248.546145822541 -734.839500059239 -474.065736197267 -382.943237308219 
-498.723633521606 -742.239762199977 -717.581864875637 -319.549066756971 -692.923967551298 -580.430664337593 -1624.99407914071 -1376.44793331817 -43.2272001476372 -431.340100368342 -502.343021302772 -432.526948125323 -506.269404125437 -310.957166496474 -911.398919860737 -362.325225338553 -252.165533603707 -323.168454538137 -363.594883887833 -1491.19283576146 -437.337339887946 -497.991975373512 -632.38906685919 -766.786158344869 -901.183249830547 -1169.9774328019 -1350.98211664271 -857.288500265269 -881.946397589609 -1375.64001396704 -972.066254839036 -1276.30194031464 -667.830569363435 -886.149460080104 -624.872171983969 -505.600725756694 -647.606567625554 -869.195609644526 -940.198530578957 -2306.4145867645 
-2022.40290302677 -3175.61019640902 -3246.61311734345 -434.597804822263 -956.639906506145 -731.120316131419 -802.12323706585 -873.12615800028 -1336.67616632117 -2122.90064362757 -415.258230390054 -389.426557138943 -1027.36392091794 -1359.24843943299 -695.479402402885 -223.447863657747 -290.380355244956 -588.901569184354 -294.450784592177 -432.386197113816 -503.389118048247 -361.383276179386 -317.478033197035 -1219.55639469594 -1445.07598507066 -756.006386375052 -860.975468989352 -391.220489197149 -347.059442657226 -836.124727183312 -489.065284526086 -560.068205460516 -418.062363591656 -451.875124682714 -586.272216168392 -720.669307654071 -855.06639913975 -989.463490625428 -1123.86058211111 -811.171649574471 
-359.153839979654 -840.032609389306 -578.755321293171 -430.755548394335 -451.343016371454 -2707.14659136272 -902.382197120905 -1127.90178749563 -1107.31431951851 -676.862606746179 -811.259698231858 -945.656789717537 -1080.05388120322 -1341.21438592092 -1862.72742427401 -931.363712137006 -525.085472371567 -598.827928371681 -932.267442203098 -551.927346766074 -480.924425831644 -585.740107857132 -720.137199342811 -854.534290828489 -988.931382314168 -459.483875065896 -530.486796000326 -601.489716934756 -388.480954131466 -1141.72729993222 -796.535158151835 -771.877260827495 -956.021609461346 -505.582323155984 -458.389341615749 -465.435666860045 -472.481992104341 -1438.73024912633 -945.03663274889 -969.694530073229 
-920.37873542455 -1463.38814645067 -983.009437364048 -717.176226867751 -1059.81438732266 -755.578701847055 -712.620304467589 -2691.81483021717 -1044.69187461177 -973.688953677337 -1638.04073285208 -1709.04365378651 -1851.04949565537 -2302.39251202683 -593.348858240314 -664.351779174744 -735.354700109175 -522.345937305884 -1792.55740229238 -1026.4562543247 -1314.01287330133 -738.899635348079 -895.72083810021 -2686.48672492863 -503.006362873674 -528.838036124785 -477.174689622564 -1115.11205340156 -1446.99657191661 -783.227534886505 -1108.73356184402 -780.038289107739 -966.775348683602 -892.591271150285 -1180.14789012691 -1467.70450910354 -605.03465217366 -369.141379699256 -343.309706448146 -981.247070227139 
-649.362551712087 -97.2022125943386 -548.24139334379 -419.924015563403 -322.721802969064 -170.944668594452 -244.687124594566 -318.429580594679 -392.172036594793 -347.379700293404 -1084.58944534921 -1035.27365070053 -1504.30936975363 -590.895828971775 -566.237931647435 -1059.93154802487 -1010.61575337619 -110.1273677585 -116.589945340581 -239.208054463199 -310.210975397629 -381.21389633206 -265.407346123108 -168.205133528769 -708.243773516296 -85.4694704341603 -760.971249624442 -429.086731109391 -327.942636844516 -1230.02099834342 -401.685092844629 -475.427548844743 -462.339728330194 -596.736819815873 -731.133911301552 -865.53100278723 -999.928094272909 -1134.32518575859 -850.497213036787 -589.219924940651 
-469.948478713376 -611.954320582237 -753.960162451097 -1267.83959427127 -1622.85419894342 -2376.81436139452 -2447.81728232895 -1879.79391485351 -398.945557778946 -991.71167387462 -1323.59619238967 -659.827155359568 -7.85754326831256 -71.0029209344303 -24.6578973243397 -95.66081825877 -20.4163650248643 -179.174566764635 -8.14085869444224 -95.66081825877 -31.1204749064204 -27.9312291276536 -8.21731570472541 -38.6097547605421 -7.85754326831256 -175.039919128655 -501.578709923379 -501.578709923379 -1439.80975117005 -5.98382303341089 -89.2744601393453 -29.4233480496617 -278.662172395785 -100.313747010643 -68.2470977931478 -99.4876056311495 -99.4876056311495 -524.091694760345 -34.9472622787999 -385.027100536111 
-31.7580165000332 -49.2137184828731 -294.317895193016 -381.837854757344 -648.761725015362 -467.872089895836 -467.872089895836 -467.872089895836 -372.211271637066 -372.211271637066 -372.211271637066 -1537.6205477708 -1437.29343250536 -593.376093493883 -593.376093493883 -676.889841999748 -724.720251129133 -585.235234799441 -7.55891280574667 -140.519266567622 -543.598411828227 -543.598411828227 -415.290433302268 -471.560242668013 -715.076371346383 -1626.87760033737 -577.925170808339 -487.215965465244 -574.735925029572 -2410.10510711099 -2611.44723804633 -4.13464763597981 -3537.64556031386 -6414.32639631987 -2178.16747959686 -2894.05037324827 -2507.4465259065 -3803.22201673982 -3812.7880985657 -2053.02195962222 
-2447.36905935799 -2258.29932535301 -4041.90693676015 -1372.34651044171 -819.847778032723 -1363.44618986095 -455.423932969131 -455.423932969131 -455.423932969131 -2032.3976923494 -625.223462803461 -498.698525565762 -1888.22275918438 -243.996993082997 -1508.80961973958 -698.940061647502 -2516.56077853516 -890.261698165042 -2173.46629018824 -1909.4913866276 -2160.30256346445 -2176.21276465791 -2271.75353733774 -2330.89675263305 -882.047760652516 -2131.30556608315 -588.641718497671 -796.74086415125 -1050.75434319029 -371.910184463266 -613.1217798298 -708.78259808857 -804.44341634734 -1578.46867124073 -2556.39763415841 -2617.05226964398 -2553.65809909273 -561.788861109457 -609.619270238842 -753.110497626997 
-566.740474025133 -2304.44323299046 -625.017959323444 -780.647673746536 -2680.95125218842 -4314.64660694023 -2595.31092834745 -2543.1275419581 -667.019792294472 -302.595947230881 -2594.85213887956 -219.082198725015 -1119.98471402598 -58.8810371138959 -2336.80162993263 -2825.12621564427 -19.9910072028712 -286.685533531834 -208.650855157335 -782.615764709955 -329.960126128466 -530.201662210205 -107.510966767199 -203.171785025969 -203.171785025969 -203.171785025969 -1072.25347292884 -42.9706234148493 -42.9706234148493 -65.9502396268275 -393.05046167216 -488.71127993093 -967.01537122478 -1062.67618948355 -86.4142179059817 -275.074065860446 -369.403989837678 -435.388314504947 -261.454137034637 -348.974096598965 
-269.594995729079 -361.185384640628 -783.876080083634 -592.554443566094 -592.554443566094 -241.767284447898 -109.39383411796 -1292.00679921983 -1124.75370592707 -1026.70287273647 -1273.25518052413 -6.14662442914273 -462.168553010346 -735.009703768452 -100.476548406375 -99.8132084226132 -93.6665839934705 -189.32740225224 -35.2728650702636 -29.1262406411209 -2307.04683345985 -2604.04978265396 -1221.4832103861 -675.653494087995 -485.47098243425 -485.47098243425 -568.984730940115 -780.645807138316 -19.4813300998229 -1402.85453398015 -286.175856428786 -408.063750911524 -542.389604169097 -1279.94284191093 -408.523828556779 -904.978355668914 -1589.03210200681 -40.0257800493232 -40.5128133018187 -150.362455147381 
-36.8365342705564 -40.0899163972268 -137.605472032314 -1055.61534785742 -301.522538892629 -301.522538892629 -202.662107922921 -294.252496834469 -1482.66717386649 -198.591678575699 -198.591678575699 -525.621555759935 -1836.01098768985 -716.943192277475 -42.460946311801 -42.460946311801 -65.4405625237792 -65.4405625237792 -1172.99586235454 -59.0620709662456 -2320.38153913053 -5392.97766895804 -128.212998757549 -466.386392571795 -518.427970712059 -205.094479363915 -95.7372752690531 -805.563339508935 -1036.9323984344 -31.1969319167036 -1302.97897968655 -716.401378738222 -526.218867084477 -609.732615590342 -757.587926009943 -2180.50613814365 -2242.01997173424 -2193.77201117618 -2198.6150734689 -1890.56141773117 
-1185.0341897546 -1582.217546906 -2228.88400398983 -2162.64122201125 -2180.33980915226 -2274.09219588454 -2336.81218307495 -2133.64422462994 -1951.5500161069 -2167.78005890304 -1231.95470436156 -1599.89234150118 -762.773956411286 -1156.03239706724 -1010.15115474725 -4328.40342192138 -1304.5338716643 -1134.95095108147 -1268.83536892647 -1075.1237174771 -1417.33684352353 -2173.27146169828 -426.623827683384 -682.837575423696 -1883.3267412858 -957.122411138065 -1339.76568417314 -2872.3648680685 -862.973456083961 -1341.27754737781 -2155.40654556587 -2167.57273307219 -2266.85751943917 -2318.51270736018 -2126.40954818457 -343.110079177519 -679.982492802824 -1492.06835538349 -3596.60635707643 -1874.71162841857 
-2257.35490145365 -1016.24446003324 -2652.15114690267 -2757.83245957924 -816.865956488353 -2000.59412873548 -1362.90273901176 -637.691389723717 -725.211349288045 -733.352207982487 -729.281778635266 -1023.84331580312 -2851.0716391901 -3339.39622490175 -224.872392728847 -312.392352293175 -1337.26627733518 -1090.37588102574 -1238.87735562279 -734.785118246255 -2506.29547543903 -2177.29850338525 -5982.30052509838 -2888.93874847411 -2384.91802244744 -3080.26038499165 -5410.43015425743 -2123.17197483559 -1980.94776206692 -2047.91033484806 -2431.90279706976 -2157.52688232008 -3546.40568650519 -5224.58758787126 -1422.10696164402 -852.14826314986 -1358.33456508679 -407.368076629282 -2314.94274767449 -1887.35378297277 
-4665.80978519851 -3555.83990638284 -2273.25258608935 -2146.90109678333 -2159.43358725284 -2174.67927722567 -2270.88456112614 -2328.69875398017 -2130.43658987154 -1203.65204472861 -1088.15260043933 -1245.4163809282 -3313.50080832744 -1146.59817718959 -1000.7169348696 -1362.1746396522 -1295.09965178664 -1125.51673120382 -744.695002393798 -588.55387958631 -1528.88034478513 -647.223803588838 -282.799958525246 -808.934458948481 -103.625391760611 -199.286210019381 -536.158623644686 -489.777317840018 -2508.32727774453 -2614.0085904211 -394.836319271667 -661.53084560063 -486.426708183216 -673.677915353534 -1451.22441955736 -962.881560631936 -10.1311995512307 -641.249570943785 -276.825725880194 -475.616773385888 
-196.051512440012 -446.625255714523 -520.341854558564 -97.6511591155584 -97.6511591155584 -1042.67404997392 -1663.40659871372 -33.1108157632088 -383.19065402052 -2502.35304509948 -1634.03256735744 -2608.03435777605 -1.34375885149961e-08 -87.5199595777653 -4.6021560941457 -179.642075222801 -377.661610563435 -846.381883291494 -1234.88960486915 -389.508213983135 -656.202740312098 -489.239461589126 -572.688991806233 -481.098602894684 -2563.44836630471 -1445.89631426882 -2371.73943708925 -720.608520514592 -473.109777539011 -579.474705679337 -22.9796162119782 -19.7903704332114 -1409.53348263446 -3063.14979909691 -348.768593118948 -348.768593118948 -1293.05729819072 -711.440537990306 -521.258026336561 -604.771774842427 
-816.432851040627 -42.3759336370744 -129.895893201402 -217.41585276573 -217.41585276573 -474.065736197267 -643.865266031596 -717.581864875637 -1634.39408092514 -580.430664337593 -489.721458994498 -2508.27141889901 -2613.95273157558 -156.504715344937 -156.504715344937 -901.183249830547 -456.284931108014 -456.284931108014 -2868.29593857853 -161.685459726391 -336.725378855047 -1094.21844478667 -410.168080417216 -3093.711562483 -676.862606746179 -1154.52053386257 -689.009676499084 -1303.02200845963 -791.368393580948 -1025.88209012439 -2625.42796560695 -1535.46630959958 -1466.55618070291 -758.936673536165 -687.145648032656 -322.721802969064 -143.547236204429 -239.208054463199 -1363.06776932773 -1563.00555427561 
-79.0068928520796 -2356.92748567081 -2653.93043486492 -1361.67489320948 -420.632684064697 -611.954320582237 
<Wx>
1.92741814103476e-15 9.51348633869958e-12 4.47438757671728e-24 8.38277759262026e-12 4.4779754757287e-21 4.03134550912201e-27 3.45601899121668e-33 5.95986956963416e-20 3.94487628021387e-28 7.19776960460829e-15 1.57502801041355e-13 1.37977759139752e-15 1.28499959451386e-17 0 4.7634494191954e-26 1.80621913425374e-11 1.7724352543069e-27 5.14264421053952e-32 0 0 0 0 0 1.54971638899145e-30 2.51969843480009e-33 0 0 0 0 1.13596654310279e-34 5.52355369334467e-20 5.70270760450545e-19 2.89218356549083e-30 3.91476317156693e-34 0 0 2.11866189979185e-30 1.47198778281108e-28 0 1.86083636377596e-25 
0 1.04632186565742e-15 0 0 0 2.35078544842392e-27 1.61184566658313e-29 4.90741680631597e-33 0 0 0 0 6.93520350945096e-17 3.02503298066715e-11 1.05522907805686e-07 0 0 0 8.12345428985749e-22 1.27726263546726e-19 1.79278878656525e-26 5.57268610096079e-35 0 0 2.30687266349342e-24 0 0 0 0 0 0 0 0 0 0 0 0 0 0 0 
0 0 0 1.80642846117754e-11 0 0 0 0 0 0 0 0 0 0 0 0 0 0 0 0 0 0 5.00675284125743e-17 5.34098221756182e-13 1.7529886673304e-11 0 2.49366591397298e-22 4.67815244556982e-34 0 3.41522430052704e-30 0 5.06543090023725e-13 1.65120343561514e-11 1.80096366522992e-11 3.50944774483791e-19 2.08739589351466e-14 5.75271127026758e-20 1.93578723694947e-16 3.53279025529638e-26 4.52400861459379e-21 
3.35799768824965e-14 3.19013213721162e-20 3.76245689859589e-23 0 2.18795565848788e-31 1.80642846117754e-11 2.59015465880305e-05 6.40470843984256e-33 1.143639067786e-12 9.01048253641556e-08 2.59251791827621e-05 0 0 0 1.03149175264264e-12 1.06618258602957e-07 1.74924355839622e-05 5.64476388728903e-18 4.67478583434056e-23 5.57010043038094e-15 0 1.80595565836605e-05 3.78529360458423e-13 3.35030560760138e-10 4.95797666791399e-19 9.43430988339319e-12 9.3245233258024e-13 3.19760623039929e-08 8.61824867890109e-07 1.24837382756004e-19 1.39235565296918e-14 3.26250883708503e-12 2.48809694720115e-29 5.99626669167371e-34 5.43922457465049e-26 2.71836106670845e-07 5.19500324845394e-08 9.39004953772738e-13 2.64262319654667e-12 1.55665510827587e-29 
5.93879444369787e-17 0 1.47741189278798e-08 2.0398990609385e-08 5.27057020571324e-25 3.50413041704666e-23 7.97118043576878e-24 1.70497616727778e-16 1.27070981639879e-19 1.18440007960862e-15 3.60872646368694e-22 6.92972690798669e-27 2.19509797972253e-23 2.40643295088268e-29 0 0 0 1.98932961815877e-26 1.4097835368897e-35 2.67530011049321e-30 8.38720276509904e-18 7.58492851585918e-21 1.49638230447836e-23 7.69318927498754e-20 4.23899929299987e-21 1.16257450643231e-23 1.29402069099522e-26 0 2.22807352596706e-21 1.1011495240213e-14 0 9.27568277674532e-34 1.80641817085037e-11 1.0290271024673e-16 0 5.61393432926616e-22 5.71252833712816e-07 1.80642846117067e-11 0 1.3044093520315e-17 
6.08554954000334e-16 5.50883430444053e-19 2.20039134240249e-15 1.32183849858365e-26 0 1.86864376938728e-23 3.20548507383502e-30 1.50838079049116e-20 1.53628345652777e-30 2.03431651681129e-23 0 0 1.31313495655347e-11 4.87128086001556e-12 2.67752639185486e-14 0 0 3.22378920157095e-28 2.64806206693376e-14 3.86695758363428e-19 1.60095950580902e-20 1.00337227541564e-27 0 0 0 8.35076554800523e-27 3.34911453295699e-23 6.3016394025144e-28 1.96570146555586e-20 1.53463759584335e-18 1.76758663835466e-16 7.86201665262727e-19 1.00565462030924e-22 6.75919465271364e-35 0 8.87125159525604e-18 0 8.65464084748115e-31 7.97791840378796e-30 3.64360189915111e-32 
0 2.2177336802609e-33 0 0 3.34449535811829e-36 0 0 0 1.03685541330497e-34 0 0 0 1.5566183442209e-24 4.50365614224054e-25 5.80574261149238e-20 9.83804044883708e-15 1.66233071756041e-15 0 0 7.80952015143848e-23 1.77753921986114e-20 2.88788090969608e-23 0 4.1979560918764e-27 0 2.69127541739386e-24 0 4.7333409315173e-24 0 1.80642846117754e-11 1.27953935866567e-22 2.90933098844769e-34 0 0 0 7.94217712506545e-35 4.14837103090392e-33 6.42471322795207e-32 0 2.13713440574477e-28 
0 0 3.2404388557157e-35 0 0 0 0 0 0 0 0 0 0 2.40380217665598e-15 1.30186027256209e-14 3.36512378370791e-29 7.66557833900583e-20 7.49148427045415e-29 3.6449539553775e-31 0 0 0 8.44087511985842e-20 1.28134836317055e-31 5.71396034445064e-17 0 1.08954890896513e-14 1.49051707280025e-19 1.10553651477894e-18 3.16534633221984e-17 1.61974925369785e-24 3.74813210519797e-31 6.52220444249124e-32 1.50048158406867e-13 1.76021005288163e-11 3.11689345094823e-13 1.11084923534216e-16 0 1.0382165403089e-29 3.02586480695957e-16 
1.76754510283697e-11 9.19860649311892e-13 1.45027886988761e-34 3.2193103305713e-35 0 0 0 2.34603871076029e-16 6.22343446409596e-27 8.02565012766861e-13 6.42305604952363e-23 0 0 0 0 0 1.47777869546827e-16 1.83814584136366e-17 2.73843520209738e-20 4.64191681737321e-09 3.14839952624466e-20 0 0 0 2.27161603134055e-25 5.17297587444823e-21 2.57914610080738e-34 0 0 0 0 5.05395405763587e-12 3.64149157996044e-19 4.79306298768327e-15 1.95789203853743e-13 1.22679101727441e-13 0 0 1.33136600623594e-11 3.02484939625211e-26 
5.81840171080414e-19 7.63473560787117e-26 5.64780756859221e-09 0 0 0 0 2.8424220546625e-24 0 0 2.32219217316287e-29 4.12083361088959e-09 2.15900316957249e-20 7.06441333500723e-29 2.49627596774091e-16 3.91984191704143e-22 1.85545202410154e-34 2.8469571800358e-08 1.46105724818566e-17 3.51914743432428e-25 1.62770413092146e-11 0 0 0 0 1.54492325456206e-18 3.25035997235936e-26 9.84750029303702e-35 0 0 1.96668666627563e-14 4.73404667241677e-19 1.29199776257112e-27 0 0 0 1.71704624015353e-05 3.06585995605043e-12 4.95768600895413e-25 2.776574972191e-18 
0 0 0 5.71890854702318e-24 1.27517138212144e-14 1.27569260910961e-17 3.14396361031666e-26 3.30424672592829e-30 5.2572481274159e-14 0 6.33810434168259e-34 3.83368961785051e-11 2.19621903944879e-07 1.20559047202245e-26 6.0478676461323e-25 2.28311608293404e-18 1.80616609979409e-11 0 0 0 0 1.43475217560488e-12 0 0 0 0 0 0 0 0 0 0 0 7.08382916000586e-25 0 0 0 0 0 0 
0 0 8.42331630308848e-19 1.98758910604778e-20 0 0 8.77688223949703e-20 6.50993133571819e-19 1.86390833781807e-17 9.76002892964387e-25 1.83576973515751e-31 3.84058803788588e-32 1.50049304199404e-13 1.76022349412628e-11 3.11691725205125e-13 1.11085771796889e-16 0 6.11351891022142e-30 1.78177489944312e-16 1.80642846117754e-11 0 0 0 7.54880335867687e-06 2.08717950768372e-10 1.3982024698224e-16 0 0 4.54976669876629e-12 8.69459500209776e-21 1.16272870975962e-16 1.11483834063422e-09 1.32592808037776e-17 8.42221862054285e-19 1.80520985768165e-11 2.50988657280133e-20 4.24520785437666e-26 6.98438221917613e-22 1.21860090898506e-14 6.93696606828125e-23 
2.31247002701552e-24 8.12523236036261e-10 1.78692749675601e-17 1.87903808273821e-12 5.6096904655326e-10 9.17933205022261e-12 4.20923842976767e-17 1.04999786029599e-14 9.36285782113379e-24 1.4151878597769e-16 4.3224559308229e-18 5.15761172868319e-24 6.16388006354778e-19 6.31555008761625e-11 3.81671578161458e-12 4.15692298946353e-16 2.28107343044235e-18 1.62107194940838e-21 0 7.17142702416649e-13 2.11696011398468e-11 6.86811250671691e-36 3.92992744839111e-29 0 0 0 0 0 0 0 0 0 0 0 0 0 0 0 0 0 
0 0 1.48017729981149e-11 2.0019466499271e-22 1.742062143023e-11 6.43662384844527e-13 0 0 2.36426803393804e-05 1.41967892584985e-14 8.42130246377797e-10 4.37914814702172e-15 1.01583685040096e-14 2.05972193690388e-11 2.78656272832176e-20 5.14396328071976e-16 4.39573359110166e-09 5.22804631382231e-17 1.95544666104101e-18 0 1.22790626942828e-27 7.38753165198075e-19 6.52427155929448e-13 1.74118567170928e-11 3.58933621293053e-19 0 0 4.34886928750843e-24 1.37757127172459e-20 2.20733383009441e-17 6.63010441413305e-20 3.01324124687459e-28 1.77058997088143e-11 3.57440830265065e-13 6.59753998296791e-27 1.91263122763869e-30 3.94790697564833e-24 2.27293456816398e-32 2.26982616661541e-24 1.20536640345042e-18 
5.98000866171315e-20 0 5.68895730936233e-28 3.90191055640493e-18 9.6331113383661e-19 2.6675828747475e-32 0 0 0 0 1.74006723934568e-25 0 6.5301553297208e-16 2.30717738945876e-16 1.00481496752598e-35 0 4.03264210826881e-18 7.19230863902637e-20 5.42119248257483e-23 0 0 0 0 9.01531251436361e-31 0 0 0 2.75920570792099e-17 1.50919730295937e-34 0 7.14137716337191e-33 6.36739652087171e-36 7.54863756455796e-30 1.23224572858222e-35 2.58202363781619e-32 1.73883315590864e-11 0 0 0 2.22414765215986e-34 
8.75242999069068e-21 2.12499388346719e-19 1.2452345084047e-26 3.55611678350872e-28 1.05705727011868e-27 0 0 0 0 0 0 8.26813810979436e-24 0 0 0 7.00904861130869e-28 0 9.27838260506116e-34 0 2.62579123460618e-24 0 9.99406236039504e-29 7.09935535309415e-28 1.93198500612587e-25 7.29294966478358e-25 0 4.11760389916133e-27 1.57934923311461e-28 1.7003331932447e-31 0 0 0 3.87771712821336e-28 1.31568887401125e-25 1.43850027998024e-28 3.62851360369045e-18 5.35873870936683e-13 7.90679668039964e-31 6.30812548082622e-36 2.02345985664783e-18 
1.69119440773579e-15 1.45280435801336e-35 3.46442297805576e-30 5.70531352669049e-17 6.8477795076393e-18 1.26805774825205e-13 1.15124383650814e-14 0 0 0 0 1.49349188635427e-32 0 0 0 0 1.93526992903467e-24 0 5.4305835595148e-26 0 0 0 3.72497332443717e-29 1.22265289814187e-25 0 0 0 0 1.20763571396791e-25 0 0 0 0 0 0 0 0 0 0 0 
3.11311361875957e-31 0 0 4.81395423633869e-08 1.25278462155011e-28 1.88866461728682e-15 0 0 0 0 0 9.79874047123972e-30 3.81720524891143e-20 0 8.50542851304689e-28 1.82083861802428e-18 7.75542122996854e-13 1.72887406297679e-11 0 0 0 3.59412344576494e-14 2.38427619714068e-20 2.38281695049329e-24 0 3.89807298776799e-21 1.62725835050632e-19 1.7102470704607e-28 2.56044540338892e-18 5.26473317562105e-28 0 0 0 4.22239741366287e-15 2.0908939618329e-13 2.62246286815754e-23 0 7.39864588187167e-33 5.33811592047239e-28 6.51058092224921e-18 
4.98041970724705e-16 2.26657917172861e-16 3.2348487200151e-34 0 0 0 3.22056536009947e-17 1.45103627638373e-13 0 1.40385811779875e-31 5.6952362613182e-12 0 0 0 0 0 0 0 0 0 2.89947655663582e-34 1.62359538168758e-35 0 1.80642846117754e-11 0 0 1.96816959584617e-34 0 0 0 0 0 0 0 0 0 0 0 0 0 
0 0 0 0 0 1.20171272759407e-20 0 5.60582433499973e-19 5.06887417887945e-22 7.4850323351441e-32 0 2.02717871769759e-18 6.27684359312865e-15 1.36958389603933e-11 3.74262347395142e-17 1.1106327683342e-28 0 1.75181692494995e-34 1.25378740489829e-13 0 4.21782185355178e-14 6.8940193626633e-21 9.80981163113934e-27 1.72154589245728e-26 0 2.94741220728055e-33 0 4.61073840838346e-24 1.54907346839572e-22 7.77782411233615e-34 0 0 3.63758865355517e-31 0 0 0 1.9583402404187e-35 0 0 0 
1.35726931198607e-31 0 0 0 0 2.413801054628e-14 2.92067962970676e-27 8.95437531326031e-15 1.4323840912166e-18 4.22078576913124e-14 4.92182202407851e-17 0 0 0 0 0 0 0 3.16335117634137e-30 0 0 0 0 0 5.3130243608392e-33 0 3.42488723497893e-18 0 0 1.00944424270992e-19 0 9.73120712199874e-26 0 0 0 7.4603421716878e-31 0 2.43960944133612e-17 0 1.80296107334561e-11 
2.04214334752091e-14 3.71838175975015e-20 2.38417989330389e-16 1.40139896323591e-14 3.85436583065687e-23 4.22268731106531e-19 1.47513571420713e-15 6.77887279465528e-30 1.91769749127608e-27 4.87707503564123e-23 4.17510305724169e-16 4.57794148526539e-17 1.4919165432485e-15 3.74813426841263e-36 0 0 2.35661376599665e-21 7.95850967605997e-28 1.59387471550241e-35 9.80627595359632e-15 1.13483547762509e-07 4.3436123422229e-16 9.97387211842429e-07 2.92759950341963e-09 1.96487256021488e-19 1.45737234576877e-18 4.17271446729894e-17 1.6574682634937e-24 3.83541464522248e-31 8.59788912678104e-32 1.50047271456358e-13 1.76019964880698e-11 3.11687502667024e-13 1.47890870155073e-29 3.6953293256145e-34 1.11084266899651e-16 0 1.36862786035131e-29 3.98884309359391e-16 8.36656504104204e-34 
0 0 0 0 0 0 0 0 0 0 0 0 0 0 0 0 0 0 0 0 0 4.74112379573337e-36 0 0 0 3.20472108490224e-20 8.58212177644037e-19 1.91091359742808e-14 2.68781801751464e-12 1.53573565680271e-11 0 9.69295337239395e-27 8.69367562585731e-35 3.75133468312893e-29 0 0 1.79875191149759e-11 4.02443667667443e-19 2.68578437170627e-14 1.02173646952554e-19 
2.99449739597867e-16 4.34094388120342e-26 5.68839493325224e-21 4.96074279799476e-14 2.65017766552078e-19 3.93493761391197e-23 0 4.39301561210986e-31 2.26744572384653e-33 2.86660948454626e-19 8.04500290188049e-17 0 0 8.22209657498152e-26 0 3.4759881018881e-29 1.07956717491347e-11 7.26853212595066e-12 0 8.25465440170503e-32 0 0 0 0 0 0 0 0 0 0 0 0 0 0 0 1.56730992739822e-21 1.79913711664442e-11 0 0 0 
0 0 0 2.41455346370517e-28 1.88764429314395e-17 1.89085376755655e-18 6.66065527218785e-14 5.61219430046839e-15 1.8948592810097e-25 6.73929444129836e-16 0 0 0 0 0 0 2.870637099802e-27 0 5.57929605121714e-29 1.69000371913515e-11 1.16424705012383e-12 3.70300098229484e-19 0 1.63688477356096e-33 0 8.27378998129789e-17 1.80531006556797e-11 0 2.30917862171116e-34 0 9.08731665103963e-21 2.20623412415413e-19 1.29307522091504e-26 0 0 0 0 0 0 0 
0 0 0 3.79395421071709e-21 1.88729873985994e-31 0 9.31683559040282e-26 1.63096355994603e-25 2.18249716762987e-29 3.98052719416226e-27 2.52246665218366e-32 0 0 6.721729448756e-35 0 1.84131319257761e-27 0 0 0 1.36159670198073e-26 1.34614461385763e-30 1.85944718186243e-35 0 0 0 7.68151871019684e-28 1.49976304009969e-20 1.1100856088073e-14 0 0 0 0 8.25724165902103e-36 1.6266308614221e-35 3.95847911637671e-31 1.57751710639395e-31 9.4712977288981e-33 0 0 0 
4.63316109880656e-36 0 0 0 0 0 0 0 0 0 0 0 0 0 2.43080448689453e-22 1.08182460716613e-19 5.13661815054635e-21 4.13443533379611e-26 0 2.91619311396261e-31 2.20475986702805e-34 3.29378186273507e-30 6.81385909502117e-34 0 0 0 0 0 0 0 0 0 6.18885920700748e-28 0 0 0 0 0 0 0 
0 9.71301717268595e-19 6.61784074856431e-23 2.51194667986546e-35 1.32267791582987e-19 1.70362481699933e-27 0 0 0 4.45355623637237e-23 0 5.00353967909177e-35 0 3.79448134872691e-33 2.73761706751269e-27 0 4.47664323199953e-31 1.67346770194425e-19 2.04151081212101e-20 2.27647841304836e-15 1.0357703814808e-14 2.96505864497476e-16 3.62956293836865e-32 4.34439905548044e-17 5.15756044775267e-26 1.07608477723574e-14 0 2.17430673479803e-30 0 1.27066331777043e-30 0 0 0 0 0 0 0 0 0 0 
9.45060868125749e-30 1.16243629310125e-11 6.76769508140728e-17 0 0 1.46422414224446e-28 4.41510857480657e-22 0 0 0 0 0 4.53919521209558e-09 1.00520520424743e-05 3.85572653094157e-13 0.999850642915603 0.967626782982034 1.88898130967491e-09 0.000291389112377485 0.0316949802251587 2.2053484414893e-08 1.59861520507541e-15 7.12557434753737e-10 1.70603035065669e-17 0.000386823025405589 0 0 0 0 0 0 0 0 0 0 0 0 0 0 0 
0 0 0 0 0 0 0 0 1 0 0 0 0 0 0 0 0 0 0 0 0 0 0 0 0 0 0 0 0 0 0 0 0 0 0 0 0 0 0 0 
0 0 0 0 0 0 0 1 0 0 0 0 0 0 0 0 0 0 0 0 0 0 0 0 0 0 0 0 0 0 1 0 0 0 0 0 1 0 0 0 
0 0 1 0 0 0 0 0 0 0 0 0 0 1 0 0 0 0 0 0 0 0 0 0 0 0 0 0 1 0 0 0 0 0 0 0 0 0 0 0 
0 0 0 0 0 0 0 0 0 0 0 0 0 0 0 0 0 0 1 0 0 0 0 0 0 0 0 0 0 0 0 0 1 0 1 0 0 0 0 0 
0 0 0 1 0 0 0 0 0 0 0 0 0 0 0 0 0 1 0 0 0 0 0 0 0 0 0 0 0 0 0 0 0 0 0 0 0 0 0 0 
0 0 0 0 0 0 1 0 0 0 0 0 0 0 0 0 0 0 0 0 0 0 0 0 0 0 0 0 0 0 0 0 0 0 0 0 0 0 0 0 
0 0 0 0 0 0 0 0 0 0 0 0 0 0 0 0 0 0 0 0 0 0 0 0 0 0 0 0 0 0 0 0 0 0 0 0 0 0 0 0 
0 0 0 0 0 0 0 0 0 0 0 0 0 0 0 0 0 0 0 0 0 0 0 0 0 0 0 0 0 0 0 0 0 0 0 0 0 0 0 0 
0 0 0 0 0 0 0 1 0 0 0 0 1 0 0 0 0 0 0 1 0 0 0 0 0 0 0 0 0 0 0 0 0 1 0 0 0 0 0 0 
0 0 0 0 0 0 0 0 0 0 0 0 0 0 0 0 0 0 0 0 0 0 0 0 0 0 0 0 0 0 0 0 0 0 0 0 0 0 0 0 
1 0 0 0 1 0 
<VL>
-33.8825950383404 -25.3783107094223 -53.7636727438605 -25.504841801387 -46.855115911326 -60.7756973173726 -74.7451907227331 -44.2666532633327 -63.0999650111897 -32.5650051940173 -29.4793331524136 -34.2168540743841 -38.8931881781051 -54.7552246294886 -58.3062403441487 -24.7372002385043 -61.5974430599768 -72.045155590772 -54.7552246294886 -54.7552246294886 -54.7552246294886 -54.7552246294886 -54.7552246294886 -68.6394808504764 -75.0611688431712 -54.7552246294886 -54.7552246294886 -54.7552246294886 -54.7552246294886 -78.1604092934263 -44.3426804217064 -42.0081756864976 -68.0155410139947 -76.92313832676 -54.7552246294886 -54.7552246294886 -68.3267680797585 -64.0857688832818 -54.7552246294886 -56.9436012802478 
-54.7552246294886 -34.4934953656477 -54.7552246294886 -54.7552246294886 -54.7552246294886 -61.3150480051548 -66.2975877976593 -74.3945603741341 -54.7552246294886 -54.7552246294886 -54.7552246294886 -54.7552246294886 -37.207336182292 -24.2215140288112 -16.0643377720019 -54.7552246294886 -54.7552246294886 -54.7552246294886 -48.5621165769997 -43.5043975449944 -59.283440029065 -78.8726010727572 -54.7552246294886 -54.7552246294886 -54.4261494499004 -54.7552246294886 -54.7552246294886 -54.7552246294886 -54.7552246294886 -54.7552246294886 -54.7552246294886 -54.7552246294886 -54.7552246294886 -54.7552246294886 -54.7552246294886 -54.7552246294886 -54.7552246294886 -54.7552246294886 -54.7552246294886 -54.7552246294886 
-54.7552246294886 -54.7552246294886 -54.7552246294886 -24.7370843529005 -54.7552246294886 -54.7552246294886 -54.7552246294886 -54.7552246294886 -54.7552246294886 -54.7552246294886 -54.7552246294886 -54.7552246294886 -54.7552246294886 -54.7552246294886 -54.7552246294886 -54.7552246294886 -54.7552246294886 -54.7552246294886 -54.7552246294886 -54.7552246294886 -54.7552246294886 -54.7552246294886 -37.5331590114102 -28.2581966369916 -24.7671138817451 -54.7552246294886 -49.743118163489 -76.7449899064004 -54.7552246294886 -67.8493096179813 -54.7552246294886 -28.3111670007562 -24.8269316459538 -24.7401141317194 -42.493658079441 -31.5002739967876 -44.3020305909408 -36.1808474033595 -58.6051244185398 -46.8448884904244 
-31.0248464316922 -44.8916395216187 -51.6343849643764 -54.7552246294886 -70.5971702642344 -24.7370843529005 -10.561207877218 -74.1282746552024 -27.4968057729387 -16.2222921181152 -10.5602958922906 -54.7552246294886 -54.7552246294886 -54.7552246294886 -27.6000150579305 -16.054011058428 -10.9537420228278 -39.7158033040412 -51.417273788008 -32.821363310545 -54.7552246294886 -10.9218355626766 -28.6024827544778 -21.8167993621147 -42.1481190392321 -25.3866680840977 -27.7009583625757 -17.2582782670782 -13.9642137564255 -43.527275000479 -31.9051942748157 -26.4485246345983 -65.8634495567927 -76.4967561042819 -58.1735759085619 -15.1180665012603 -16.7729834940974 -27.693955640133 -26.6592490570433 -66.3324283389326 
-37.3624404237289 -54.7552246294886 -18.0303889080632 -17.7077804172525 -55.9024887697233 -51.7055147470047 -53.186209640139 -36.3078103554031 -43.5095411119985 -34.3695400104511 -49.3735171159079 -60.2339771056308 -52.1732304556453 -65.896822149128 -54.7552246294886 -54.7552246294886 -54.7552246294886 -59.1794147111611 -80.2470420821233 -68.0934912249277 -39.3198246100651 -46.3281237645277 -52.5564067408365 -44.0113664321727 -46.9099597272891 -52.8088201908828 -59.6094582319444 -54.7552246294886 -47.5531496304716 -32.13983664593 -54.7552246294886 -76.0604969412701 -24.7370900494208 -36.8127476927531 -54.7552246294886 -48.9316202656703 -14.3754339342027 -24.7370843529043 -54.7552246294886 -38.8781962463874 
-35.0354444549426 -42.0427637260967 -33.7501411674555 -59.5881888483386 -54.7552246294886 -52.3342442281348 -67.9126893618104 -45.640665108583 -68.6481866301114 -52.2492972403582 -54.7552246294886 -54.7552246294886 -25.0560186480113 -26.0476642031451 -31.2512979217235 -54.7552246294886 -54.7552246294886 -63.3018251654547 -31.2623632249422 -42.396648723126 -45.5810987192474 -62.1664309087931 -54.7552246294886 -54.7552246294886 -54.7552246294886 -60.0474442937832 -51.7507611464847 -62.6315727816665 -45.3758526983352 -41.0182374146413 -36.2717463528608 -41.6870736217735 -50.6512333529113 -78.6795745060477 -54.7552246294886 -39.2637157832126 -54.7552246294886 -69.2220421915842 -67.000875264043 -72.3897502506918 
-54.7552246294886 -75.188822259104 -54.7552246294886 -54.7552246294886 -81.6857475301253 -54.7552246294886 -54.7552246294886 -54.7552246294886 -78.2517006701352 -54.7552246294886 -54.7552246294886 -54.7552246294886 -54.8195264915826 -56.0597377819014 -44.2928543267299 -32.2525198450561 -34.030555730571 -54.7552246294886 -54.7552246294886 -50.9041136171758 -45.4764719128096 -51.8989341549375 -54.7552246294886 -60.7351997487913 -54.7552246294886 -54.2720270177486 -54.7552246294886 -53.7074109506691 -54.7552246294886 -24.7370843529005 -50.4103719087508 -77.2199700079225 -54.7552246294886 -54.7552246294886 -54.7552246294886 -78.5182908200062 -74.5625923342918 -71.8225709798061 -54.7552246294886 -63.7129167348813 
-54.7552246294886 -54.7552246294886 -79.4147694848648 -54.7552246294886 -54.7552246294886 -54.7552246294886 -54.7552246294886 -54.7552246294886 -54.7552246294886 -54.7552246294886 -54.7552246294886 -54.7552246294886 -54.7552246294886 -33.6617246708683 -31.9723970814298 -65.5615029487585 -44.0149618984784 -64.7612007519809 -70.0867941497041 -54.7552246294886 -54.7552246294886 -54.7552246294886 -43.9186158694612 -71.1322249506025 -37.4010342171824 -54.7552246294886 -32.1504275363192 -43.349993678405 -41.3462009230199 -37.9916841056273 -54.7797708762607 -70.0588802722093 -71.8075105523388 -29.5278200962961 -24.7630028727777 -28.7967693919272 -36.7362366882178 -54.7552246294886 -66.7374633208259 -35.7341645506815 
-24.7588443866005 -27.7145542044793 -77.9161372997966 -79.4213111012281 -54.7552246294886 -54.7552246294886 -54.7552246294886 -35.9886332370592 -60.3414755918293 -27.8509635303943 -51.0995631142478 -54.7552246294886 -54.7552246294886 -54.7552246294886 -54.7552246294886 -54.7552246294886 -36.4508214090199 -38.5351892122548 -45.0443151967423 -19.188138448821 -44.9048076230697 -54.7552246294886 -54.7552246294886 -54.7552246294886 -56.7441358385646 -46.7108388256092 -77.3404347863256 -54.7552246294886 -54.7552246294886 -54.7552246294886 -54.7552246294886 -26.0108501973015 -42.4567233944585 -32.9716067332207 -29.2617378049773 -29.7292043777697 -54.7552246294886 -54.7552246294886 -25.0422305354209 -58.7603511139647 
-41.9880911629953 -57.8345041087367 -18.9919984080526 -54.7552246294886 -54.7552246294886 -54.7552246294886 -54.7552246294886 -54.2173857069933 -54.7552246294886 -54.7552246294886 -65.9324560550628 -19.3072103613113 -45.282055240275 -64.8198977223542 -35.9265614795105 -49.2908207201652 -77.6697648166621 -17.3744299761504 -38.7647862646504 -56.3064085707357 -24.8412655096337 -54.7552246294886 -54.7552246294886 -54.7552246294886 -54.7552246294886 -41.0115574381995 -58.6884466669111 -78.3032606091712 -54.7552246294886 -54.7552246294886 -31.5598410704321 -42.1943363968625 -61.9136078372364 -54.7552246294886 -54.7552246294886 -54.7552246294886 -10.972319952635 -26.5106930129571 -55.9636882234263 -40.425313530148 
-54.7552246294886 -54.7552246294886 -54.7552246294886 -53.5182642581301 -31.9931107149893 -38.9004573269494 -58.721728117672 -67.8823442620329 -30.5765835817608 -54.7552246294886 -76.4413134377924 -23.9846083367653 -15.3313583875453 -59.6802429526464 -55.7649215701201 -40.6209904609738 -24.7372296010757 -54.7552246294886 -54.7552246294886 -54.7552246294886 -54.7552246294886 -27.2700289815582 -54.7552246294886 -54.7552246294886 -54.7552246294886 -54.7552246294886 -54.7552246294886 -54.7552246294886 -54.7552246294886 -54.7552246294886 -54.7552246294886 -54.7552246294886 -54.7552246294886 -55.606812721539 -54.7552246294886 -54.7552246294886 -54.7552246294886 -54.7552246294886 -54.7552246294886 -54.7552246294886 
-54.7552246294886 -54.7552246294886 -41.6181131559509 -45.364779460108 -54.7552246294886 -54.7552246294886 -43.8795806133033 -41.8757878582307 -38.5212710408348 -55.2863319603277 -70.7726740150633 -72.3370974860677 -29.52781246016 -24.7629952366474 -28.7967617557945 -36.7362290520831 -54.7552246294886 -67.2670502560333 -36.2637514858905 -24.7370843529005 -54.7552246294886 -54.7552246294886 -54.7552246294886 -11.7941215028046 -22.2900372932377 -36.5061740263806 -54.7552246294886 -54.7552246294886 -26.1159451592767 -46.1915853844056 -36.6905919091979 -20.6145564285241 -38.8618339286319 -41.6182434792149 -24.7377591732643 -45.1314642978773 -58.4214216347631 -48.7131955009976 -32.038487897159 -51.0225926258829 
-54.4237260028272 -20.9308766039351 -38.5634489181489 -27.0002611281463 -21.3013553874125 -25.414066675357 -37.7066648451102 -32.1874031755626 -53.0252916651984 -36.4940992025286 -39.9827079306678 -53.6215686027871 -41.9304103071868 -23.4854211628313 -26.2916308061339 -35.4165863533138 -40.6218855388938 -47.87119932529 -54.7552246294886 -27.9635015470339 -24.578454871779 -80.9661740235921 -65.4063467320858 -54.7552246294886 -54.7552246294886 -54.7552246294886 -54.7552246294886 -54.7552246294886 -54.7552246294886 -54.7552246294886 -54.7552246294886 -54.7552246294886 -54.7552246294886 -54.7552246294886 -54.7552246294886 -54.7552246294886 -54.7552246294886 -54.7552246294886 -54.7552246294886 -54.7552246294886 
-54.7552246294886 -54.7552246294886 -24.9362741451637 -49.9627520137191 -24.7733664717633 -28.0716020534077 -54.7552246294886 -54.7552246294886 -10.6524569903231 -31.8857605644263 -20.8950864267395 -33.0619221764187 -32.2204785459688 -24.6058650313294 -45.0268930205971 -35.2035376392687 -19.2426314048116 -37.489908926373 -40.7759130354303 -54.7552246294886 -61.9644870118545 -41.7493230996318 -28.0580769003682 -24.773869721247 -42.4711494803877 -54.7552246294886 -54.7552246294886 -53.7921263544513 -45.7313798592655 -38.3521612053915 -44.1600813070691 -63.3693662782298 -24.7571232150043 -28.6598065562229 -60.2831006611412 -68.429072889698 -53.8888566729626 -72.8616512179069 -54.4423389818796 -41.2597480839164 
-44.2632798434724 -54.7552246294886 -62.73385562216 -40.0850653544546 -41.4839105051624 -72.7015502037768 -54.7552246294886 -54.7552246294886 -54.7552246294886 -54.7552246294886 -57.0107035690692 -54.7552246294886 -34.9649307578058 -36.0053366198361 -80.5856748421457 -54.7552246294886 -40.0521099027603 -44.0786896494185 -51.2691413323761 -54.7552246294886 -54.7552246294886 -54.7552246294886 -54.7552246294886 -69.1812133607195 -54.7552246294886 -54.7552246294886 -54.7552246294886 -38.1290037295735 -77.8763152397575 -54.7552246294886 -74.0194024310269 -81.0418726711853 -67.0561856978698 -80.3816399545507 -72.7341495285794 -24.7752217347134 -54.7552246294886 -54.7552246294886 -54.7552246294886 -77.4885193972533 
-46.1849555778388 -42.995347842883 -59.6478885455017 -63.2037134454642 -62.1143086236605 -54.7552246294886 -54.7552246294886 -54.7552246294886 -54.7552246294886 -54.7552246294886 -54.7552246294886 -53.1496328860413 -54.7552246294886 -54.7552246294886 -54.7552246294886 -62.5251806307836 -54.7552246294886 -76.0602059184371 -54.7552246294886 -54.2966599585251 -54.7552246294886 -64.4729765441414 -62.512378619247 -56.9060793498953 -55.5777192427262 -54.7552246294886 -60.7545260945333 -64.0153697194149 -70.8493136549317 -54.7552246294886 -54.7552246294886 -54.7552246294886 -63.1171359923722 -57.2902669378237 -64.1087815051904 -40.1577085850414 -28.2548775769475 -69.3124151539311 -81.0512247865513 -40.7417228273287 
-34.0133413654665 -80.2169825261973 -67.8350066997466 -37.4025486426197 -39.5226072336384 -29.6961198111591 -32.0953483470825 -54.7552246294886 -54.7552246294886 -54.7552246294886 -54.7552246294886 -73.2816060497888 -54.7552246294886 -54.7552246294886 -54.7552246294886 -54.7552246294886 -54.6017954168952 -54.7552246294886 -58.1751658201499 -54.7552246294886 -54.7552246294886 -54.7552246294886 -65.4599080062464 -57.3636043202502 -54.7552246294886 -54.7552246294886 -54.7552246294886 -54.7552246294886 -57.3759628321021 -54.7552246294886 -54.7552246294886 -54.7552246294886 -54.7552246294886 -54.7552246294886 -54.7552246294886 -54.7552246294886 -54.7552246294886 -54.7552246294886 -54.7552246294886 -54.7552246294886 
-70.244514493866 -54.7552246294886 -54.7552246294886 -16.8491619110059 -64.2470138329175 -33.9029063672645 -54.7552246294886 -54.7552246294886 -54.7552246294886 -54.7552246294886 -54.7552246294886 -66.7952989357476 -44.7121833152524 -54.7552246294886 -62.3316779955925 -40.847234499796 -27.8852140965586 -24.7809656569563 -54.7552246294886 -54.7552246294886 -54.7552246294886 -30.9568911664087 -45.1828062628831 -54.393758851423 -54.7552246294886 -46.9938046275503 -43.2622201617619 -63.9357447581062 -40.5063504448363 -62.8113521384259 -54.7552246294886 -54.7552246294886 -54.7552246294886 -33.0983733206717 -29.1960145014631 -51.9953432366235 -54.7552246294886 -73.9840110742742 -62.7975098369997 -39.573102986285 
-35.2358473218557 -36.0230897658438 -77.1139109984574 -54.7552246294886 -54.7552246294886 -54.7552246294886 -37.9743896590838 -29.5613282343794 -54.7552246294886 -71.0409136380172 -25.8913910341448 -54.7552246294886 -54.7552246294886 -54.7552246294886 -54.7552246294886 -54.7552246294886 -54.7552246294886 -54.7552246294886 -54.7552246294886 -54.7552246294886 -77.2233629388086 -80.1058351933021 -54.7552246294886 -24.7370843529005 -54.7552246294886 -54.7552246294886 -77.6107891901294 -54.7552246294886 -54.7552246294886 -54.7552246294886 -54.7552246294886 -54.7552246294886 -54.7552246294886 -54.7552246294886 -54.7552246294886 -54.7552246294886 -54.7552246294886 -54.7552246294886 -54.7552246294886 -54.7552246294886 
-54.7552246294886 -54.7552246294886 -54.7552246294886 -54.7552246294886 -54.7552246294886 -45.8679540476779 -54.7552246294886 -42.0253106498119 -49.0337533083717 -71.6698176379547 -54.7552246294886 -40.7398866417365 -32.7019091533417 -25.0139290547471 -37.8241597517596 -64.3674526893701 -54.7552246294886 -77.7272396696349 -29.7074373146582 -54.7552246294886 -30.7968724555666 -46.4236326761589 -59.886414439165 -59.3239897559915 -54.7552246294886 -74.9043805013035 -54.7552246294886 -53.7336542123209 -50.2192150559943 -76.2366165398018 -54.7552246294886 -54.7552246294886 -70.0888168785034 -54.7552246294886 -54.7552246294886 -54.7552246294886 -79.9183809564134 -54.7552246294886 -54.7552246294886 -54.7552246294886 
-71.0746630603521 -54.7552246294886 -54.7552246294886 -54.7552246294886 -54.7552246294886 -31.354988595799 -61.0979811717415 -32.3466341202611 -41.0871914211956 -30.7961699899861 -37.5502677888526 -54.7552246294886 -54.7552246294886 -54.7552246294886 -54.7552246294886 -54.7552246294886 -54.7552246294886 -54.7552246294886 -67.925920825312 -54.7552246294886 -54.7552246294886 -54.7552246294886 -54.7552246294886 -54.7552246294886 -74.315146836207 -54.7552246294886 -40.2154631268144 -54.7552246294886 -54.7552246294886 -43.7397168422221 -54.7552246294886 -57.5918744674719 -54.7552246294886 -54.7552246294886 -54.7552246294886 -69.3705366021332 -54.7552246294886 -38.2521086194316 -54.7552246294886 -24.7390056688823 
-31.5221913850685 -44.7384132970604 -35.9725062829479 -31.8987203047686 -51.6102506510465 -42.3086450379423 -34.1500263997196 -67.1637419561665 -61.5186722677369 -51.3749114766391 -35.4122224455373 -37.6226971411746 -34.1387148308541 -81.571805160035 -54.7552246294886 -54.7552246294886 -47.4970612091298 -62.3981408481317 -80.1243102750643 -32.2557538107767 -15.991607964166 -35.372655149075 -13.81812676541 -19.6490830318218 -43.0736893785213 -41.0698966228642 -37.7153798054744 -54.756750936176 -70.0358603325312 -71.5312062530522 -29.5278260074192 -24.7630087834958 -28.7967753030476 -66.3836632448548 -76.9808234840038 -36.7362425993395 -54.7552246294886 -66.4611590206728 -35.4578602505272 -76.1636497508907 
-54.7552246294886 -54.7552246294886 -54.7552246294886 -54.7552246294886 -54.7552246294886 -54.7552246294886 -54.7552246294886 -54.7552246294886 -54.7552246294886 -54.7552246294886 -54.7552246294886 -54.7552246294886 -54.7552246294886 -54.7552246294886 -54.7552246294886 -54.7552246294886 -54.7552246294886 -54.7552246294886 -54.7552246294886 -54.7552246294886 -54.7552246294886 -81.3367891524721 -54.7552246294886 -54.7552246294886 -54.7552246294886 -44.8870767982867 -41.5994355906675 -31.5886098509574 -26.642291397377 -24.8994265014554 -54.7552246294886 -59.8983983457815 -78.4278824330364 -65.4528560046669 -54.7552246294886 -54.7552246294886 -24.7413429810345 -42.3567318219168 -31.2482184856285 -43.7276131659634 
-35.7445850847841 -58.3991206092309 -46.6158588300747 -30.6346358147321 -42.7744900855433 -51.5895621112713 -54.7552246294886 -69.9001219639674 -75.1666541026445 -42.6959867997458 -37.0588954397484 -54.7552246294886 -54.7552246294886 -57.7603871835152 -54.7552246294886 -65.5290889123621 -25.2518758260947 -25.6474667531668 -54.7552246294886 -71.5719457646432 -54.7552246294886 -54.7552246294886 -54.7552246294886 -54.7552246294886 -54.7552246294886 -54.7552246294886 -54.7552246294886 -54.7552246294886 -54.7552246294886 -54.7552246294886 -54.7552246294886 -54.7552246294886 -54.7552246294886 -54.7552246294886 -54.7552246294886 -47.9049262251406 -24.7411288526135 -54.7552246294886 -54.7552246294886 -54.7552246294886 
-54.7552246294886 -54.7552246294886 -54.7552246294886 -63.5908682349824 -38.5086169349809 -40.8095032179541 -30.3399734329868 -32.8138346109483 -56.9254827471164 -34.93340625076 -54.7552246294886 -54.7552246294886 -54.7552246294886 -54.7552246294886 -54.7552246294886 -54.7552246294886 -61.1152635197092 -54.7552246294886 -65.0559050840883 -24.8037052933303 -27.4789465467651 -42.4399731996854 -54.7552246294886 -75.4925131616757 -54.7552246294886 -37.0308538961527 -24.7377036644243 -54.7552246294886 -77.4510012755125 -54.7552246294886 -46.1474072861705 -42.9578297210641 -59.6101891442526 -54.7552246294886 -54.7552246294886 -54.7552246294886 -54.7552246294886 -54.7552246294886 -54.7552246294886 -54.7552246294886 
-54.7552246294886 -54.7552246294886 -54.7552246294886 -47.0208781503024 -70.7449913142483 -54.7552246294886 -57.6353893757274 -57.0754563436163 -65.9944979858606 -60.7883832394703 -72.7574857227964 -54.7552246294886 -54.7552246294886 -78.6851327749217 -54.7552246294886 -61.5593185021568 -54.7552246294886 -54.7552246294886 -54.7552246294886 -59.5585543611757 -68.7803081246542 -79.9701990252958 -54.7552246294886 -54.7552246294886 -54.7552246294886 -62.4335653274999 -45.6463947375187 -32.1317541645148 -54.7552246294886 -54.7552246294886 -54.7552246294886 -54.7552246294886 -80.7819727556088 -80.1039673352577 -70.0042779928406 -70.9242857234511 -73.7370421352076 -54.7552246294886 -54.7552246294886 -54.7552246294886 
-81.3598239699275 -54.7552246294886 -54.7552246294886 -54.7552246294886 -54.7552246294886 -54.7552246294886 -54.7552246294886 -54.7552246294886 -54.7552246294886 -54.7552246294886 -54.7552246294886 -54.7552246294886 -54.7552246294886 -54.7552246294886 -49.7686497787407 -43.6704677001881 -46.7178920373148 -58.4478616564221 -54.7552246294886 -70.3098588452231 -77.4972745626714 -67.885516382865 -76.3689345215191 -54.7552246294886 -54.7552246294886 -54.7552246294886 -54.7552246294886 -54.7552246294886 -54.7552246294886 -54.7552246294886 -54.7552246294886 -54.7552246294886 -62.649631830243 -54.7552246294886 -54.7552246294886 -54.7552246294886 -54.7552246294886 -54.7552246294886 -54.7552246294886 -54.7552246294886 
-54.7552246294886 -41.4756498044577 -51.0696879930312 -79.6694202325791 -43.4694583612568 -61.6370392844921 -54.7552246294886 -54.7552246294886 -54.7552246294886 -51.4657542075976 -54.7552246294886 -78.9803326570075 -54.7552246294886 -74.6517603342978 -61.1627096522228 -54.7552246294886 -69.8812643958095 -43.2342188251085 -45.3380117319524 -33.7161467016807 -32.2010458221423 -35.7544646765698 -72.393610737435 -37.6750591388859 -58.2267487315914 -32.1628620540282 -54.7552246294886 -68.3008429187115 -54.7552246294886 -68.8380137282437 -54.7552246294886 -54.7552246294886 -54.7552246294886 -54.7552246294886 -54.7552246294886 -54.7552246294886 -54.7552246294886 -54.7552246294886 -54.7552246294886 -54.7552246294886 
-66.8314736396749 -25.1779179675901 -37.2317860125933 -54.7552246294886 -54.7552246294886 -64.0910570973872 -49.1718396198603 -54.7552246294886 -54.7552246294886 -54.7552246294886 -54.7552246294886 -54.7552246294886 -19.2105161066649 -11.507733760971 -28.5840467550882 -0.000149368239277057 -0.0329088208215372 -20.087228142772 -8.14085102805326 -3.45159696315664 -17.6297952241868 -34.0696386372515 -21.0621605968539 -38.6097773414502 -7.857543268221 -54.7552246294886 0 0 0 0 0 0 0 0 0 0 0 0 0 0 
0 0 0 0 0 0 0 0 0 0 0 0 0 0 0 0 0 0 0 0 0 0 0 0 0 0 0 0 0 0 0 0 0 0 0 0 0 0 0 0 
0 0 0 0 0 0 0 0 0 0 0 0 0 0 0 0 0 0 0 0 0 0 0 0 0 0 0 0 0 0 0 0 0 0 0 0 0 0 0 0 
0 0 0 0 0 0 0 0 0 0 0 0 0 0 0 0 0 0 0 0 0 0 0 0 0 0 0 0 0 0 0 0 0 0 0 0 0 0 0 0 
0 0 0 0 0 0 0 0 0 0 0 0 0 0 0 0 0 0 0 0 0 0 0 0 0 0 0 0 0 0 0 0 0 0 0 0 0 0 0 0 
0 0 0 0 0 0 0 0 0 0 0 0 0 0 0 0 0 0 0 0 0 0 0 0 0 0 0 0 0 0 0 0 0 0 0 0 0 0 0 0 
0 0 0 0 0 0 0 0 0 0 0 0 0 0 0 0 0 0 0 0 0 0 0 0 0 0 0 0 0 0 0 0 0 0 0 0 0 0 0 0 
0 0 0 0 0 0 0 0 0 0 0 0 0 0 0 0 0 0 0 0 0 0 0 0 0 0 0 0 0 0 0 0 0 0 0 0 0 0 0 0 
0 0 0 0 0 0 0 0 0 0 0 0 0 0 0 0 0 0 0 0 0 0 0 0 0 0 0 0 0 0 0 0 0 0 0 0 0 0 0 0 
0 0 0 0 0 0 0 0 0 0 0 0 0 0 0 0 0 0 0 0 0 0 0 0 0 0 0 0 0 0 0 0 0 0 0 0 0 0 0 0 
0 0 0 0 0 0 0 0 0 0 0 0 0 0 0 0 0 0 0 0 0 0 0 0 0 0 0 0 0 0 0 0 0 0 0 0 0 0 0 0 
0 0 0 0 0 0 
<Gamma>
0.450001789721082 1.00014936823872 0.701308386263775 0.91524851449754 0.701308386263775 0.915220853129362 1.00014936823872 1.00014936823872 0.701308386263775 1.00014936823872 0.701308386263775 0.915220852875744 0.915801925914957 0.701308386263775 0.915220853129362 1.00014936823872 0.915220852706666 1.00014936823872 0.915082556287081 0.701096456198839 0.449797824445357 0.915857285489137 0.701944558336392 0.915082556287081 1.00014936823872 0.915082556287081 0.701096456198839 0.449797824445357 1.00014936823872 0.915082556287081 0.915497508251206 1.00014936823872 1.00014936823872 0.915082556287081 0.701096456198839 0.449797824445357 0.915082556287081 1.00014936823872 0.915359170026988 0.701520379095734 
0.914916628174285 1.00014936823872 0.701096456198839 0.915082556287081 0.915082556287081 0.450001789440506 0.7013083858589 0.91522085281234 1.00014936823872 0.915082556287081 0.701096456198839 0.449797824445357 0.91522085281234 1.00014936823872 0.915082556287081 0.01293170861893 0.241791780225334 0.108790483885211 0.7013083858589 1.00014936823872 0.915082556287081 1.00014936823872 0.915082556287081 0.91522085281234 0.7013083858589 0.450001789336589 0.914833675395723 0.449689081107711 0.915220852727801 1.00014936823872 0.449797824445357 0.7013083858589 0.91522085281234 0.91524851449754 0.701096456198839 0.7013083858589 0.91522085281234 0.701308385875095 0.915220853129362 0.915082556287081 
1.00014936823872 0.7013083858589 0.91522085281234 0.915082556287081 0.91522085281234 0.7013083858589 0.915220852896879 0.449553188889815 0.108616356485353 0.914723083376586 0.915220852136027 1.00014936823872 0.701308385551195 0.915193191751821 1.00014936823872 0.915220852875744 0.91464014818735 0.449689081107711 0.7013083858589 0.915082556287081 0.91522085281234 0.701308386296165 0.449797824445357 1.00014936823872 0.915082556287081 0.915220852706666 0.915220852706666 0.915220852706666 0.915220852706666 0.915220852706666 0.701308385615975 1.00014936823872 0.915027243572806 0.70130838572934 0.915220852706666 1.00014936823872 0.91522085281234 0.91522085281234 0.91522085281234 1.00014936823872 
0.91522085281234 0.915082556287081 1.00014936823872 1.00014936823872 0.701096456198839 0.915359170026988 1.00014936823872 0.915414502805969 1.00014936823872 0.701138836964501 0.701308385842705 0.45000178939894 0.450001789097581 0.70130838569695 0.915220852706666 1.00014936823872 0.915303840587477 0.45000178939894 0.450001789097581 0.70130838569695 1.00014936823872 0.701287189792553 0.915220852918014 0.91522085281234 0.91522085281234 1.00014936823872 0.91552517839861 1.00014936823872 0.91522085281234 0.91522085281234 1.00014936823872 1.00014936823872 0.241791780018741 0.701308385292075 0.915220852558722 0.91522085281234 1.00014936823872 0.700990515499813 0.915082556287081 0.241791780018741 
1.00014936823872 1.00014936823872 0.91522085281234 1.00014936823872 0.241791780018741 1.00014936823872 0.701096456198839 0.701308385777925 0.241791780247669 1.00014936823872 0.70130838598846 0.701096456198839 1.00014936823872 0.915220852960283 1.00014936823872 0.914999588474611 0.701096456198839 0.915220853129362 0.915220853129362 1.00014936823872 1.00014936823872 0.915082556287081 0.701096456198839 0.915220853129362 1.00014936823872 0.915082556287081 0.70173243665748 0.450001789679515 0.915220852791205 0.915082556287081 0.701520379095734 1.00014936823872 0.450001789357373 0.7013083858589 0.7013083858589 0.91522085281234 0.449898435458048 0.915652339868531 0.915221200755977 0.450001789336589 
0.914833675395723 0.449689081107711 0.915220852727801 0.7013083858589 0.91522085281234 0.7013083858589 0.91522085281234 0.701308385875095 0.7013083858589 0.91522085281234 0.91522085281234 0.7013083858589 0.915220852136027 1.00014936823872 0.701308385551195 0.7013083858589 0.915082556287081 0.91522085281234 0.701308386296165 0.701308385875095 1.00014936823872 0.915220852706666 1.00014936823872 0.915220852706666 0.701308385615975 0.915220852706666 0.915220852706666 1.00014936823872 1.00014936823872 0.915220852706666 1.00014936823872 0.915220852706666 0.701308385615975 0.450001789097581 0.241791780024325 0.915220852706666 1.00014936823872 1.00014936823872 0.701308385615975 0.450001789409331 
0.701308385615975 0.915220852706666 0.701308385615975 0.915220852706666 0.701308385615975 0.915220852706666 1.00014936823872 0.701308385615975 0.915220852706666 0.701308385615975 0.701308385615975 0.915220852706666 0.915220852706666 0.701308385615975 0.915220852706666 1.00014936823872 0.915220852706666 0.241791780024325 0.108790483757086 0.701308385615975 0.450001789097581 1.00014936823872 1.00014936823872 0.915220852706666 0.701308385615975 0.701308385615975 0.241791780024325 0.450001789097581 0.915220852706666 0.91522085281234 0.915220852939148 0.701308386134215 0.915220852706666 1.00014936823872 0.915220852706666 0.702029424935386 1.00014936823872 0.915497508251206 0.701096456198839 1.00014936823872 
0.915220853340709 1.00014936823872 0.915082556287081 0.701096456198839 0.915220853678866 1.00014936823872 0.915110213903212 0.701265994609737 1.00014936823872 0.915220852918014 1.00014936823872 0.701181220284155 0.915240215873523 0.915082556287081 1.00014936823872 1.00014936823872 0.915082556287081 0.916327976755267 0.701711228006003 0.70130838608563 0.450001789658732 0.70130838615041 1.00014936823872 0.915220852389644 0.701096456198839 1.00014936823872 0.242025744202018 0.450001789367764 0.911990187593182 0.91522085281234 0.7013083858589 0.91522085281234 0.7013083858589 0.91522085281234 1.00014936823872 0.915082556287081 0.7013083858589 0.915829605283754 0.91522085281234 0.701308386296165 
0.915276177124468 0.70130838589129 0.450001789887349 0.701308385615975 0.915220852706666 0.449797824445357 0.241645667274236 0.701202412900789 0.449689081107711 1.00014936823872 0.915220853044822 0.701308386652455 0.915220853805675 1.00014936823872 0.915082556287081 0.915220852706666 0.449865802392118 0.701287189792553 0.91524851449754 0.701287189792553 0.91522085281234 0.701308386360945 0.915220852918014 1.00014936823872 0.91522085281234 1.00014936823872 0.91522085281234 0.701308386555285 1.00014936823872 0.91522085281234 0.91522085281234 1.00014936823872 0.915220853615462 1.00014936823872 0.915082556287081 0.915082556287081 0.241791780582684 0.108790484008311 0.91522085281234 0.70130838605324 
1.00014936823872 1.00014936823872 1.00014936823872 0.915220853129362 0.70130838640953 0.915884966489883 0.701096456198839 1.00014936823872 0.915220853552057 0.915220853129362 0.701308385680755 1.00014936823872 0.915193191751821 1.00014936823872 0.701096456198839 0.915220852706666 1.00014936823872 0.915220852706666 0.915082556287081 1.00014936823872 0.701223606165848 1.00014936823872 0.915220852706666 0.915220852706666 0.701308385615975 0.700524566615476 0.91430848241254 1.00014936823872 0.915220852220566 0.701308385292075 0.449865802392118 1.00014936823872 0.914916628174285 0.701096456198839 0.449797824445357 1.00014936823872 0.915082556287081 1.00014936823872 1.00014936823872 0.915082556287081 
0.0410257138576796 0.108872716132464 0.0129453953696807 1.00014936823872 0.915027243572806 0.914999588474611 1.00014936823872 0.449797824445357 0.700990515499813 1.00014936823872 0.915082556287081 1.00014936823872 0.915442170444603 0.915082556287081 0.915193191751821 1.00014936823872 0.915082556287081 1.00014936823872 0.915082556287081 0.915193191751821 0.915137872350119 1.00014936823872 0.701308386166605 1.00014936823872 0.701287189792553 0.915220853023688 1.00014936823872 0.915359170026988 0.701477975267524 0.449865802392118 0.701287189792553 0.915220853129362 1.00014936823872 1.00014936823872 0.70130838576173 0.915220852431914 1.00014936823872 0.915082556287081 0.915220852833475 0.915082556287081 
1.00014936823872 0.915082556287081 0.701096456198839 0.915442170444603 0.701096456198839 1.00014936823872 0.45000178939894 0.911990187593182 0.91522085281234 0.701308385907485 0.91522085281234 0.7013083858589 0.91522085281234 1.00014936823872 0.915082556287081 0.7013083858589 0.915829605283754 0.91522085281234 0.701308386296165 0.915442170444603 1.00014936823872 0.915082556287081 0.915054899517156 0.915220852706666 0.915082556287081 0.449797824445357 0.701096456198839 0.449797824445357 1.00014936823872 1.00014936823872 0.915082556287081 1.00014936823872 0.701096456198839 0.915082556287081 0.915220852918014 1.00014936823872 1.00014936823872 0.915082556287081 1.00014936823872 0.701096456198839 
0.915082556287081 0.70130838592368 0.915220852706666 1.00014936823872 0.915303840587477 0.701287189792553 0.915220852664396 0.91522085281234 0.91522085281234 1.00014936823872 0.91552517839861 0.91522085281234 1.00014936823872 0.91522085281234 1.00014936823872 0.700990515499813 0.915082556287081 1.00014936823872 1.00014936823872 0.91522085281234 1.00014936823872 1.00014936823872 0.701096456198839 0.701308386231385 0.450001789721082 1.00014936823872 0.915220853552057 0.701308386263775 0.915220853192766 0.701308386263775 0.915220853129362 1.00014936823872 0.915220853129362 1.00014936823872 0.915220853129362 0.915082556287081 0.701096456198839 0.915220853129362 0.701308386263775 0.915220853129362 
1.00014936823872 1.00014936823872 0.701393175316121 1.00014936823872 1.00014936823872 0.915220852685531 0.915110213903212 0.915110213903212 0.915196918515665 1.00014936823872 0.915082556287081 0.449797824445357 1.00014936823872 1.00014936823872 1.00014936823872 0.915082556287081 1.00014936823872 0.701096456198839 0.915082556287081 0.00342055497414324 0.91522085281234 1.00014936823872 0.919574008449362 0.70551780485122 0.70130838589129 0.70170062393644 0.450341935724049 0.701096456198839 1.00014936823872 0.915829605283754 0.241645667274236 0.915220853700001 0.701096456198839 0.449865802392118 0.91522085281234 1.00014936823872 0.91522085281234 0.915220852960283 1.00014936823872 0.915082556287081 
0.915220853129362 0.915082556287081 1.00014936823872 1.00014936823872 0.91522085281234 0.7013083858589 0.7013083858589 0.7013083858589 0.7013083858589 0.7013083858589 0.7013083858589 0.91522085281234 1.00014936823872 0.915082556287081 0.450001789357373 0.241791780264419 0.915220852685531 1.00014936823872 0.700757502361763 0.701096456198839 1.00014936823872 0.917048325512066 0.91522085281234 1.00014936823872 1.00014936823872 0.91522085281234 1.00014936823872 0.915220853763405 0.450001789357373 0.241791780219751 0.914833675395723 0.449689081107711 0.241645667274236 0.040951384303546 0.915220852727801 0.701287189792553 0.7013083858589 0.450001789357373 0.91522085281234 1.00014936823872 
0.701287189792553 0.449865802392118 0.91524851449754 0.701287189792553 0.91524851449754 0.7013083858589 0.450001789357373 0.91522085281234 0.7013083858589 0.450001789357373 0.450001789357373 0.915220852896879 0.7013083858589 0.0409315858444799 0.701265994609737 0.449553188889815 0.24149964281886 0.108616356485353 1.00014936823872 0.914723083376586 0.915220852706666 0.24149964281886 0.449797824445357 0.701096456198839 0.701181220284155 0.91522085281234 0.450273885840269 0.242025744202018 1.00014936823872 0.91522085281234 1.00014936823872 0.915193191751821 0.91522085281234 0.7013083858589 1.00014936823872 0.91522085281234 1.00014936823872 0.7013083858589 0.450001789357373 0.700672789459228 
0.701308385615975 0.914723083376586 0.701456774322499 1.00014936823872 0.915082556287081 0.915082556287081 0.701096456198839 0.701096456198839 1.00014936823872 0.91522085281234 1.00014936823872 0.915082556287081 1.00014936823872 0.91522085281234 0.7013083858589 0.91522085281234 1.00014936823872 1.00014936823872 0.915193191751821 0.914667792401165 0.701054078010695 0.91522085281234 0.449593952240719 0.914115066305381 1.00014936823872 0.701096456198839 1.00014936823872 0.915414502805969 1.00014936823872 0.915220853129362 0.701308386263775 1.00014936823872 0.701096456198839 0.7013083858589 0.91522085281234 0.450001789357373 1.00014936823872 0.915082556287081 0.91522085281234 0.7013083858589 
0.7013083858589 0.450001789554815 1.00014936823872 0.701138836964501 0.2416018506789 0.449661899386399 0.241791780219751 0.450001789357373 0.7013083858589 0.91522085281234 1.00014936823872 0.7013083858589 0.91522085281234 0.450001789357373 0.7013083858589 0.91522085281234 1.00014936823872 0.915082556287081 0.915829605283754 0.450042593122891 0.91522085281234 1.00014936823872 0.7013083858589 0.915220852706666 0.915220852706666 0.700884590824967 1.00014936823872 0.915082556287081 0.915082556287081 0.915220852791205 1.00014936823872 0.914999588474611 0.701096456198839 0.449865802392118 0.701287189792553 0.915220853129362 0.701096456198839 0.915220853129362 1.00014936823872 1.00014936823872 
1.00014936823872 0.915193191751821 0.450001789450898 0.701308384806225 0.241791779940571 0.241791779672559 0.915220852600992 0.915442170444603 0.701075266784561 1.00014936823872 1.00014936823872 0.701308386943965 0.915220853129362 1.00014936823872 0.915165531632981 0.701096456198839 0.701308386943965 0.701308386943965 0.701308386943965 0.701308386943965 1.00014936823872 0.915082556287081 0.915220853129362 1.00014936823872 0.701308386263775 0.241791780471012 0.701096456198839 0.915220853129362 1.00014936823872 0.915082556287081 0.701096456198839 0.701096456198839 0.701308386749625 0.915220853763405 0.450001789824999 0.701308386263775 0.915220853129362 1.00014936823872 0.701096456198839 0.450001789721082 
0.915082556287081 1.00014936823872 0.701096456198839 1.00014936823872 0.701308386263775 0.450001789336589 0.241791780230918 0.914944280765074 0.449797824445357 0.241645667274236 0.040951384303546 0.91522085281234 0.915082556287081 0.701287189792553 1.00014936823872 0.70130838624758 0.450001789980874 1.00014936823872 0.91524851449754 0.449865802392118 0.701308385615975 0.701265994609737 0.915082556287081 0.7013083858589 0.450001789357373 0.91522085281234 0.7013083858589 0.91522085281234 1.00014936823872 0.7013083858589 0.241791780219751 0.450001789357373 0.91522085281234 0.70130838592368 0.041034394421167 0.701096456198839 0.449797824445357 0.241645667274236 0.108708313492436 1.00014936823872 
0.914723083376586 0.915220853467518 1.00014936823872 0.91522085281234 1.00014936823872 0.91522085281234 0.701308385777925 1.00014936823872 0.91522085281234 1.00014936823872 0.7013083858589 0.450001789305414 1.00014936823872 0.91522085281234 1.00014936823872 0.7013083858589 1.00014936823872 0.915082556287081 1.00014936823872 0.91522085281234 0.915082556287081 0.701096456198839 1.00014936823872 0.915414502805969 1.00014936823872 0.915220853129362 0.91522085281234 0.701308386263775 1.00014936823872 0.915082556287081 0.701096456198839 0.449797824445357 0.7013083858589 1.00014936823872 0.915082556287081 0.91522085281234 0.7013083858589 0.7013083858589 0.450001789669123 0.701308385713145 
1.00014936823872 0.91522085281234 0.91522085281234 0.91522085281234 1.00014936823872 1.00014936823872 0.701096456198839 0.915359170026988 0.701138836964501 0.701138836964501 0.701054078010695 1.00014936823872 0.701096456198839 0.915359170026988 0.701096456198839 0.701054078010695 0.701096456198839 0.701096456198839 0.701202412900789 0.449797824445357 1.00014936823872 0.241791780024325 0.915082556287081 0.701160028300136 0.450001789357373 0.911990187593182 0.91522085281234 0.7013083858589 0.91522085281234 0.7013083858589 0.91522085281234 1.00014936823872 0.915082556287081 0.241791780219751 0.241791780219751 0.7013083858589 0.915829605283754 0.91522085281234 0.701308386296165 0.701308385842705 
0.241791780415176 0.915220853023688 1.00014936823872 0.915663541701362 0.915220852791205 0.450001789679515 1.00014936823872 0.70130838640953 0.915414502805969 1.00014936823872 0.701096456198839 0.915082556287081 0.701096456198839 0.915220853002553 1.00014936823872 0.915082556287081 0.701096456198839 1.00014936823872 0.701096456198839 0.241645667274236 0.915220853129362 1.00014936823872 0.915082556287081 1.00014936823872 0.915220853065957 1.00014936823872 0.915829605283754 1.00014936823872 0.915082556287081 0.701096456198839 0.701308385583585 0.915220852558722 1.00014936823872 0.915082556287081 0.915220852347374 1.00014936823872 0.701308385810315 0.915220852706666 1.00014936823872 0.91522085281234 
0.91522085281234 0.91522085281234 1.00014936823872 0.91522085281234 0.915082556287081 1.00014936823872 1.00014936823872 0.701096456198839 0.450001789357373 1.00014936823872 0.915082556287081 0.915082556287081 0.701096456198839 0.915082556287081 0.242443053818409 0.70130838491959 1.00014936823872 0.914999588474611 0.241791780163915 0.040951384303546 0.450001789741865 0.450001789357373 0.7013083858589 0.91522085281234 1.00014936823872 0.700672789459228 0.7013083858589 0.450001789357373 0.241791780219751 0.450001789357373 0.7013083858589 0.91522085281234 0.450001789357373 0.7013083858589 0.450001789357373 0.70130838582651 1.00014936823872 0.0409885322696105 0.108790483829942 0.241791780163915 
0.00341642220322823 0.000140013218108536 0.000755804102460966 0.450001789295023 0.701096456198839 1.00014936823872 0.915082556287081 0.701096456198839 0.108718170646692 0.701096456198839 0.7013083858589 0.450001789357373 1.00014936823872 0.701115527230311 0.701308385842705 0.450001789357373 0.7013083858589 0.24179178035934 0.701308385842705 1.00014936823872 0.915082556287081 0.91522085281234 0.241791780219751 0.241726018355269 0.040951384303546 0.915082556287081 0.701287189792553 0.45000178971069 1.00014936823872 0.701096456198839 0.701265994609737 0.449865802392118 0.915082556287081 0.450001789357373 0.701308386101825 0.915220852918014 1.00014936823872 0.915082556287081 0.701096456198839 0.450001789357373 
0.450001789357373 0.7013083858589 0.450001789357373 0.91522085281234 0.70130838595607 0.041034394421167 0.700990515499813 0.241784472289269 0.108488403097347 1.00014936823872 0.915220852706666 0.701265994609737 0.449661899386399 0.915220852706666 0.701096456198839 0.914916628174285 0.915220853404114 1.00014936823872 1.00014936823872 0.449865802392118 0.70084222544315 0.91522085281234 1.00014936823872 0.914833675395723 0.700672789459228 0.7013083858589 0.91522085281234 1.00014936823872 0.450001789357373 1.00014936823872 0.91522085281234 1.00014936823872 1.00014936823872 0.914723083376586 0.915220853129362 1.00014936823872 0.915082556287081 1.00014936823872 0.91522085281234 0.7013083858589 
1.00014936823872 0.91522085281234 1.00014936823872 0.91522085281234 1.00014936823872 0.91522085281234 0.91522085281234 0.0409996831798768 0.70130838673343 0.450001789357373 0.701308386425725 0.915220854418583 0.915082556287081 0.91522085281234 1.00014936823872 0.914557220476409 0.701329582080024 0.91522085281234 0.91522085281234 0.700926958767739 0.241784472289269 1.00014936823872 0.914971934191639 0.041034394421167 1.00014936823872 0.915220852706666 0.91522085281234 0.701054078010695 0.2416018506789 1.00014936823872 0.701096456198839 1.00014936823872 0.915220853340709 1.00014936823872 0.701096456198839 0.241645667274236 0.701308386263775 0.7013083858589 0.450001789357373 1.00014936823872 
0.7013083858589 0.7013083861828 0.701096456198839 0.701308386263775 1.00014936823872 0.915220853213901 1.00014936823872 0.915691216887608 0.701096456198839 0.915220853657731 1.00014936823872 0.701096456198839 0.241645667274236 0.915220853129362 1.00014936823872 0.915082556287081 0.449797824445357 1.00014936823872 0.915082556287081 1.00014936823872 0.915414502805969 0.701583989620549 0.450001789991266 0.915220853108227 0.701096456198839 0.915082556287081 0.702114301794934 1.00014936823872 0.241791780208584 0.241726018355269 0.450001790001657 0.701308386976355 0.450001789357373 0.7013083858589 0.91522085281234 1.00014936823872 0.914833675395723 0.700990515499813 0.7013083858589 0.450001789357373 
0.7013083858589 1.00014936823872 0.701096456198839 0.00341642220030915 0.450001789357373 0.91522085281234 1.00014936823872 0.0034164222036227 0.450001789357373 1.00014936823872 0.701096456198839 0.7013083858589 1.00014936823872 0.915331504886591 0.915220852960283 0.999999977689129 1 1 1 1 1 1 1 1 1 1 1 1 1 1 1 1 1 1 1 1 1 1 1 1 
1 1 1 1 1 1 1 1 1 1 1 1 1 1 1 1 1 1 1 1 1 1 1 1 1 1 1 1 1 1 1 1 1 1 1 1 1 1 1 1 
1 1 1 1 1 1 1 1 1 1 1 1 1 1 1 1 1 1 1 1 1 1 1 1 1 1 1 1 1 1 1 1 1 1 1 1 1 1 1 1 
1 1 1 1 1 1 1 1 1 1 1 1 1 1 1 1 1 1 1 1 1 1 1 1 1 1 1 1 1 1 1 1 1 1 1 1 1 1 1 1 
1 1 1 1 1 1 1 1 1 1 1 1 1 1 1 1 1 1 1 1 1 1 1 1 1 1 1 1 1 1 1 1 1 1 1 1 1 1 1 1 
1 1 1 1 1 1 1 1 1 1 1 1 1 1 1 1 1 1 1 1 1 1 1 1 1 1 1 1 1 1 1 1 1 1 1 1 1 1 1 1 
1 1 1 1 1 1 1 1 1 1 1 1 1 1 1 1 1 1 1 1 1 1 1 1 1 1 1 1 1 1 1 1 1 1 1 1 1 1 1 1 
1 1 1 1 1 1 1 1 1 1 1 1 1 1 1 1 1 1 1 1 1 1 1 1 1 1 1 1 1 1 1 1 1 1 1 1 1 1 1 1 
1 1 1 1 1 1 1 1 1 1 1 1 1 1 1 1 1 1 1 1 1 1 1 1 1 1 1 1 1 1 1 1 1 1 1 1 1 1 1 1 
1 1 1 1 1 1 1 1 1 1 1 1 1 1 1 1 1 1 1 1 1 1 1 1 1 1 1 1 1 1 1 1 1 1 1 1 1 1 1 1 
1 1 1 1 1 1 1 1 1 1 1 1 1 1 1 1 1 1 1 1 1 1 1 1 1 1 1 1 1 1 1 1 1 1 1 1 1 1 1 1 
1 1 1 1 1 1 
<lnGmf>
0 0 0 0 0 0 0 0 0 0 0 0 0 0 0 0 0 0 0 0 0 0 0 0 0 0 0 0 0 0 0 0 0 0 0 0 0 0 0 0 
0 0 0 0 0 0 0 0 0 0 0 0 0 0 0 0 0 0 0 0 0 0 0 0 0 0 0 0 0 0 0 0 0 0 0 0 0 0 0 0 
0 0 0 0 0 0 0 0 0 0 0 0 0 0 0 0 0 0 0 0 0 0 0 0 0 0 0 0 0 0 0 0 0 0 0 0 0 0 0 0 
0 0 0 0 0 0 0 0 0 0 0 0 0 0 0 0 0 0 0 0 0 0 0 0 0 0 0 0 0 0 0 0 0 0 0 0 0 0 0 0 
0 0 0 0 0 0 0 0 0 0 0 0 0 0 0 0 0 0 0 0 0 0 0 0 0 0 0 0 0 0 0 0 0 0 0 0 0 0 0 0 
0 0 0 0 0 0 0 0 0 0 0 0 0 0 0 0 0 0 0 0 0 0 0 0 0 0 0 0 0 0 0 0 0 0 0 0 0 0 0 0 
0 0 0 0 0 0 0 0 0 0 0 0 0 0 0 0 0 0 0 0 0 0 0 0 0 0 0 0 0 0 0 0 0 0 0 0 0 0 0 0 
0 0 0 0 0 0 0 0 0 0 0 0 0 0 0 0 0 0 0 0 0 0 0 0 0 0 0 0 0 0 0 0 0 0 0 0 0 0 0 0 
0 0 0 0 0 0 0 0 0 0 0 0 0 0 0 0 0 0 0 0 0 0 0 0 0 0 0 0 0 0 0 0 0 0 0 0 0 0 0 0 
0 0 0 0 0 0 0 0 0 0 0 0 0 0 0 0 0 0 0 0 0 0 0 0 0 0 0 0 0 0 0 0 0 0 0 0 0 0 0 0 
0 0 0 0 0 0 0 0 0 0 0 0 0 0 0 0 0 0 0 0 0 0 0 0 0 0 0 0 0 0 0 0 0 0 0 0 0 0 0 0 
0 0 0 0 0 0 0 0 0 0 0 0 0 0 0 0 0 0 0 0 0 0 0 0 0 0 0 0 0 0 0 0 0 0 0 0 0 0 0 0 
0 0 0 0 0 0 0 0 0 0 0 0 0 0 0 0 0 0 0 0 0 0 0 0 0 0 0 0 0 0 0 0 0 0 0 0 0 0 0 0 
0 0 0 0 0 0 0 0 0 0 0 0 0 0 0 0 0 0 0 0 0 0 0 0 0 0 0 0 0 0 0 0 0 0 0 0 0 0 0 0 
0 0 0 0 0 0 0 0 0 0 0 0 0 0 0 0 0 0 0 0 0 0 0 0 0 0 0 0 0 0 0 0 0 0 0 0 0 0 0 0 
0 0 0 0 0 0 0 0 0 0 0 0 0 0 0 0 0 0 0 0 0 0 0 0 0 0 0 0 0 0 0 0 0 0 0 0 0 0 0 0 
0 0 0 0 0 0 0 0 0 0 0 0 0 0 0 0 0 0 0 0 0 0 0 0 0 0 0 0 0 0 0 0 0 0 0 0 0 0 0 0 
0 0 0 0 0 0 0 0 0 0 0 0 0 0 0 0 0 0 0 0 0 0 0 0 0 0 0 0 0 0 0 0 0 0 0 0 0 0 0 0 
0 0 0 0 0 0 0 0 0 0 0 0 0 0 0 0 0 0 0 0 0 0 0 0 0 0 0 0 0 0 0 0 0 0 0 0 0 0 0 0 
0 0 0 0 0 0 0 0 0 0 0 0 0 0 0 0 0 0 0 0 0 0 0 0 0 0 0 0 0 0 0 0 0 0 0 0 0 0 0 0 
0 0 0 0 0 0 0 0 0 0 0 0 0 0 0 0 0 0 0 0 0 0 0 0 0 0 0 0 0 0 0 0 0 0 0 0 0 0 0 0 
0 0 0 0 0 0 0 0 0 0 0 0 0 0 0 0 0 0 0 0 0 0 0 0 0 0 0 0 0 0 0 0 0 0 0 0 0 0 0 0 
0 0 0 0 0 0 0 0 0 0 0 0 0 0 0 0 0 0 0 0 0 0 0 0 0 0 0 0 0 0 0 0 0 0 0 0 0 0 0 0 
0 0 0 0 0 0 0 0 0 0 0 0 0 0 0 0 0 0 0 0 0 0 0 0 0 0 0 0 0 0 0 0 0 0 0 0 0 0 0 0 
0 0 0 0 0 0 0 0 0 0 0 0 0 0 0 0 0 0 0 0 0 0 0 0 0 0 0 0 0 0 0 0 0 0 0 0 0 0 0 0 
0 0 0 0 0 0 0 0 0 0 0 0 0 0 0 0 0 0 0 0 0 0 0 0 0 0 0 0 0 0 0 0 0 0 0 0 0 0 0 0 
0 0 0 0 0 0 0 0 0 0 0 0 0 0 0 0 0 0 0 0 0 0 0 0 0 0 0 0 0 0 0 0 0 0 0 0 0 0 0 0 
0 0 0 0 0 0 0 0 0 0 0 0 0 0 0 0 0 0 0 0 0 0 0 0 0 0 0 0 0 0 0 0 0 0 0 0 0 0 0 0 
0 0 0 0 0 0 0 0 0 0 0 0 0 0 0 0 0 0 0 0 0 0 0 0 0 0 0 0 0 0 0 0 0 0 0 0 0 0 0 0 
0 0 0 0 0 0 0 0 0 0 0 0 0 0 0 0 0 0 0 0 0 0 0 0 0 0 0 0 0 0 0 0 0 0 0 0 0 0 0 0 
0 0 0 0 0 0 0 0 0 0 0 0 0 0 0 0 0 0 0 0 0 0 0 0 0 0 0 0 0 0 0 0 0 0 0 0 0 0 0 0 
0 0 0 0 0 0 0 0 0 0 0 0 0 0 0 0 0 0 0 0 0 0 0 0 0 0 0 0 0 0 0 0 0 0 0 0 0 0 0 0 
0 0 0 0 0 0 0 0 0 0 0 0 0 0 0 0 0 0 0 0 0 0 0 0 0 0 0 0 0 0 0 0 0 0 0 0 0 0 0 0 
0 0 0 0 0 0 0 0 0 0 0 0 0 0 0 0 0 0 0 0 0 0 0 0 0 0 0 0 0 0 0 0 0 0 0 0 0 0 0 0 
0 0 0 0 0 0 0 0 0 0 0 0 0 0 0 0 0 0 0 0 0 0 0 0 0 0 0 0 0 0 0 0 0 0 0 0 0 0 0 0 
0 0 0 0 0 0 0 0 0 0 0 0 0 0 0 0 0 0 0 0 0 0 0 0 0 0 0 0 0 0 0 0 0 0 0 0 0 0 0 0 
0 0 0 0 0 0 0 0 0 0 0 0 0 0 0 0 0 0 0 0 0 0 0 0 0 0 0 0 0 0 0 0 0 0 0 0 0 0 0 0 
0 0 0 0 0 0 0 0 0 0 0 0 0 0 0 0 0 0 0 0 0 0 0 0 0 0 0 0 0 0 0 0 0 0 0 0 0 0 0 0 
0 0 0 0 0 0 0 0 0 0 0 0 0 0 0 0 0 0 0 0 0 0 0 0 0 0 0 0 0 0 0 0 0 0 0 0 0 0 0 0 
0 0 0 0 0 0 
<BF>
9.99999996452602e-10 9.99999996942259e-10 5.84319668780652e-06 1e-09 9.99999998804822e-10 9.99999999942665e-10 9.9999999479691e-10 1e-09 0.00144639850512119 0.00347851874282118 6.10037024981035e-13 9.99999999968922e-10 0.000999999999999993 9.99999999996196e-10 9.99999999160244e-10 1.04259567703789e-14 6.36635848778692e-13 1e-09 8.60077464625317e-13 0.00099999999999997 9.99999991748728e-10 9.99999978634965e-10 5.70747101831228e-07 110.708707404092 7.94248456980828e-11 9.99999995141253e-10 1e-09 0.000999999999999997 0.000417959062717797 9.99999998567946e-10 8.15654076128386e-08 0 9.99999999999973e-10 9.9999995589635e-10 5.02560196503621e-07 0.00130909910566428 1e-09 9.99999988271615e-10 9.99999987751185e-10 55.3504715550978 
5.54105998199166e-06 1.50114982163792e-10 9.99999997886877e-10 2.18731403292459e-11 3.15276047943006e-10 1e-09 7.7197031556147e-10 9.9999999793945e-10 1.24725892554833e-05 9.9999793443829e-10 6.36058067651485e-05 9.99999989122796e-10 9.99999998225935e-10 9.99999979355994e-10 9.99999984131061e-10 9.99999999913197e-10 1e-09 9.99999979954489e-10 1.31397127907909e-12 6.4357851725173e-10 -6.73077568139498e-18 0 0 0 0 0 0 0 0 1.25010719456243 0 0 0 0 0 0 0 0 0 0 
0 0 0 0 5.08307719995186 9.20575153201591e-10 0 0 0 0 0 0 0 0 4.4081475396159e-17 0.000999497439803496 0 0 0 0 0.0409477374472688 0 0 0 0 0 0 0 0 2.84915837007377e-08 2.06530079618255e-15 0 0 0 0 0 0 0 0 0 
0 0 
<BFC>
0 0 0.0194902644729337 0 0 0 0 0 0.213689710812514 0.226211765533684 9.99389957915679e-10 0 0 0 0 9.99989572061381e-10 9.99363359946835e-10 0 9.99139913612105e-10 0 0 0 1.07822848056575 0.214706732226386 0 0 0 0 0.00259679904182033 0 0.00905884730867558 1e-09 0 0 0 0 0 0 0 2.06758748110284 
0.000994458940017993 8.49884991568723e-10 0 9.78126849125345e-10 6.84723952056994e-10 0 2.28029677766685e-10 0 0.436032752386842 0 0.0684553542367977 0 0 0 0 0 0 0 9.98686010998634e-10 3.56421475616129e-10 0 
<XFA>
55.3495842433661 0 
<YFA>
55.3495842471314 0 
<PUL>
1000000 1000000 
<PLL>
0 0 
<Y_m>
1.07006800016752e-13 5.28171707235668e-10 2.4840997727778e-22 4.65396784610967e-10 2.4860917099907e-19 2.23813075901349e-25 1.91871978982557e-31 3.30881274584966e-18 2.19012459320865e-26 3.99607265413346e-13 8.74427316745204e-12 7.66027784251346e-14 7.13408739413085e-16 0 2.64458172587347e-24 1.00278048426875e-09 9.84024279746775e-26 2.85510387641716e-30 0 0 0 0 0 8.60374758278775e-29 1.39889140179216e-31 0 0 0 0 6.30668260900884e-33 3.0665779929217e-18 3.16604103280732e-17 1.60568846902138e-28 2.17340633510855e-32 0 0 1.17624310671075e-28 8.172212295242e-27 0 1.0331029910073e-23 
0 5.80899142992653e-14 0 0 0 1.30511393976369e-25 8.94867819441255e-28 2.72450983838089e-31 0 0 0 0 3.850300664976e-15 1.67944408281094e-09 5.8584426764226e-06 0 0 0 4.50999619715797e-20 7.09113318446504e-18 9.95324195990346e-25 3.09385542486128e-33 0 0 1.28073434876994e-22 0 0 0 0 0 0 0 0 0 0 0 0 0 0 0 
0 0 0 1.00289669882436e-09 0 0 0 0 0 0 0 0 0 0 0 0 0 0 0 0 0 0 2.77965942423947e-15 2.96521758242265e-11 9.73227883265385e-10 0 1.38443861289923e-20 2.59722637518716e-32 0 1.89607130885803e-28 0 2.81223643069668e-11 9.16718547263359e-10 9.99862742078542e-10 1.94838247604902e-17 1.15888478051366e-12 3.19380217165101e-18 1.07471437219132e-14 1.96134181940758e-24 2.51164848347855e-19 
1.86430011959074e-12 1.77110417488522e-18 2.08884862266344e-21 0 1.21471375934876e-29 1.00289669882436e-09 0.00143800743432973 3.55577931221452e-31 6.34927909063993e-11 5.00245837839329e-06 0.00143931947362441 0 0 0 5.72665730097896e-11 5.91925458911368e-06 0.000971148665921581 3.13387171973301e-16 2.59535729298401e-21 3.09241990690721e-13 0 0.00100263420717908 2.10152715244746e-11 1.86002961430639e-08 2.75257976718206e-17 5.23775972372211e-10 5.17680819502923e-11 1.77525365743917e-06 4.7846971720558e-05 6.93074770169734e-18 7.73010898556135e-13 1.81128642119877e-10 1.38134682237923e-27 3.3290197755354e-32 3.01975997794311e-24 1.50918533371504e-05 2.88417267565638e-06 5.21318717323864e-11 1.46713702591118e-10 8.64227010838989e-28 
3.2971122137317e-15 0 8.20232598148423e-07 1.13251539051624e-06 2.92612609568064e-23 1.94543039098005e-21 4.42545648309518e-22 9.46572203929108e-15 7.05475310768366e-18 6.57557692128304e-14 2.00350024104056e-20 3.84726015401898e-25 1.21867904806189e-21 1.33600843556749e-27 0 0 0 1.10444014241473e-24 7.82686547288985e-34 1.48527866275374e-28 4.65642462254233e-16 4.2110163412811e-19 8.30764630647079e-22 4.27112077401977e-18 2.35341641733053e-19 6.45440525155523e-22 7.18417090463439e-25 0 1.23698648020288e-19 6.11338476051857e-13 0 5.14969279772965e-32 1.00289098581918e-09 5.71297400502935e-15 0 3.11675570178276e-20 3.17149332750873e-05 1.00289669882054e-09 0 7.24184688839134e-16 
3.37858801240488e-14 3.05840605206828e-17 1.22161782813068e-13 7.33861038562434e-25 0 1.03743752264376e-21 1.77962785007512e-28 8.37425974991313e-19 8.52917034979524e-29 1.12941606209192e-21 0 0 7.29028988050753e-10 2.70444780878357e-10 1.48651465425645e-12 0 0 1.78978997366636e-26 1.47015658925054e-12 2.14686552967208e-17 8.88824018129516e-19 5.57054300423432e-26 0 0 0 4.63619533280123e-25 1.85936835101555e-21 3.49855723035026e-26 1.09132221565812e-18 8.52003282631951e-17 9.81332415088483e-15 4.36485070761243e-17 5.58321417394052e-21 3.75258370292668e-33 0 4.92515985577586e-16 0 4.80490145166962e-29 4.42919728215169e-28 2.02286245761806e-30 
0 1.23124598322338e-31 0 0 1.85680386795044e-34 0 0 0 5.75643538346309e-33 0 0 0 8.64206600094718e-23 2.50034915567529e-23 3.22324422163616e-18 5.46190369620704e-13 9.22896214726882e-14 0 0 4.3357055912275e-21 9.86857909926584e-19 1.60329971165541e-21 0 2.33062996782503e-25 0 1.49414786676469e-22 0 2.62786603325243e-22 0 1.00289669882436e-09 7.10377314352732e-21 1.61520841085488e-32 0 0 0 4.40935436491864e-33 2.30310123085646e-31 3.56688561195839e-30 0 1.18649871086964e-26 
0 0 1.79903356317859e-33 0 0 0 0 0 0 0 0 0 0 1.33454787687723e-13 7.22769485613623e-13 1.86825640004368e-27 4.25579167732835e-18 4.15913777135437e-27 2.0236130949974e-29 0 0 0 4.68622255175078e-18 7.11381641224839e-30 3.17228835230338e-15 0 6.04898022530334e-13 8.27508359162082e-18 6.13774054677396e-17 1.75734354027489e-15 8.9925574932421e-23 2.08089575416139e-29 3.62101098660067e-30 8.33040477190152e-12 9.77237067069735e-10 1.7304433691803e-11 6.16723581895955e-15 0 5.76399211658736e-28 1.67990589785681e-14 
9.81309355313646e-10 5.10690142676321e-11 8.05168830232491e-33 1.78730338477754e-33 0 0 0 1.30247863610493e-14 3.45513925047605e-25 4.45569707959061e-11 3.56596557620222e-21 0 0 0 0 0 8.20436240421054e-15 1.02050561972415e-15 1.5203301338253e-18 2.57710900398802e-07 1.74793497739328e-18 0 0 0 1.26116049862437e-23 2.87194347248069e-19 1.43189568027472e-32 0 0 0 0 2.80586469342326e-10 2.0216908462339e-17 2.66102264823225e-13 1.08698656177267e-11 6.81092380801988e-12 0 0 7.39150540016744e-10 1.67934216003472e-24 
3.23027232664153e-17 4.23866834590259e-24 3.13556151703018e-07 0 0 0 0 1.57806177025595e-22 0 0 1.28923946591423e-27 2.28781294891226e-07 1.19863985651783e-18 3.92203564385337e-27 1.38588766796223e-14 2.17622596355219e-20 1.03011370214207e-32 1.58057959056458e-06 8.11152792645678e-16 1.95376756977101e-23 9.03672154556172e-10 0 0 0 0 8.57713695967389e-17 1.80454158928891e-24 5.46715563212557e-33 0 0 1.09186918143661e-12 2.62825784794839e-17 7.17293996866274e-26 0 0 0 0.000953273292016351 1.70211048766163e-10 2.75241839853802e-23 1.54150465047119e-16 
0 0 0 3.17503550566802e-22 7.0795229207762e-13 7.08241667957709e-16 1.74547223639021e-24 1.83445854887302e-28 2.91872991662732e-12 0 3.5188019108901e-32 2.12839575144494e-09 1.2193014403253e-05 6.69322218128286e-25 3.35766770042968e-23 1.26754512111415e-16 1.00275104048747e-09 0 0 0 0 7.96548687904989e-11 0 0 0 0 0 0 0 0 0 0 0 3.9328149618361e-23 0 0 0 0 0 0 
0 0 4.67647421144709e-17 1.10347384129189e-18 0 0 4.87276768116454e-18 3.61419717773332e-17 1.03480849592594e-15 5.41859309921936e-23 1.01918644815361e-29 2.1322256305845e-30 8.33046838424919e-12 9.77244529407811e-10 1.73045658312602e-11 6.16728291298255e-15 0 3.39411610535888e-28 9.89209483299868e-15 1.00289669882436e-09 0 0 0 0.000419096030160875 1.15876464697936e-08 7.76256946460464e-15 0 0 2.52594891006051e-10 4.82708328207723e-19 6.45526136078533e-15 6.18938261643675e-08 7.361315010629e-16 4.67586479777529e-17 1.00222015200865e-09 1.39344403190215e-18 2.35686329930956e-24 3.8776038030165e-20 6.76545379499178e-13 3.85127920604218e-21 
1.28384190465664e-22 4.51098335002795e-08 9.92070112960285e-16 1.04320825908322e-10 3.11439958471524e-08 5.09620060158922e-10 2.33689371957018e-15 5.8293998931851e-13 5.19809081963641e-22 7.85686930475717e-15 2.39975004656993e-16 2.86341357417629e-22 3.42207571488976e-17 3.50628019334983e-09 2.11897218184711e-10 2.30784912494263e-14 1.26641107706825e-16 8.9999008627148e-20 0 3.98144772570071e-11 1.17529830573756e-09 3.81305294296052e-34 2.18182526975991e-27 0 0 0 0 0 0 0 0 0 0 0 0 0 0 0 0 0 
0 0 8.21767902553986e-10 1.11144489227412e-20 9.67161672843538e-10 3.57349817494126e-11 0 0 0.00131259922954645 7.8818028985062e-13 4.67535616396286e-08 2.43122454871422e-13 5.63974409009895e-13 1.14352069589873e-09 1.54704967363013e-18 2.855836200535e-14 2.44043248994952e-07 2.90251759320456e-15 1.08562893202356e-16 0 6.81711548805319e-26 4.10142514107774e-17 3.6221586127938e-11 9.66675071682166e-10 1.99273512141866e-17 0 0 2.41441426870443e-22 7.64802875120379e-19 1.22547217284318e-15 3.68091511659444e-18 1.67289752359305e-26 9.82999811468304e-10 1.98444741323548e-11 3.66283592817569e-25 1.06185857092665e-28 2.19180718098431e-22 1.26189252663208e-30 1.26016679781487e-22 6.69197819273845e-17 
3.3199936087498e-18 0 3.15840711543762e-26 2.16627079357217e-16 5.34813072772182e-17 1.48099419181025e-30 0 0 0 0 9.66054138083404e-24 0 3.62542517665947e-14 1.28090352716325e-14 5.57855257220764e-34 0 2.23885060761639e-16 3.99304082393802e-18 3.00974888367382e-21 0 0 0 0 5.00513989556576e-29 0 0 0 1.53186154631745e-15 8.37879288076506e-33 0 3.96476458167442e-31 3.53506440367157e-34 4.19086825568602e-28 6.84120738736557e-34 1.43349323723804e-30 9.65368997081871e-10 0 0 0 1.23480690544204e-32 
4.85919223096888e-19 1.17975851053741e-17 6.91331876451489e-25 1.97429228970959e-26 5.86859247102021e-26 0 0 0 0 0 0 4.59032206032191e-22 0 0 0 3.89129814174804e-26 0 5.1511916940123e-32 0 1.45779222237888e-22 0 5.54852426458745e-27 3.94143482590943e-26 1.0726034417985e-23 4.04891491730367e-23 0 2.28601987085795e-25 8.76826382124715e-27 9.43994507977909e-30 0 0 0 2.15283903594211e-26 7.30446877240678e-24 7.98629568264041e-27 2.01448570645764e-16 2.97507566836221e-11 4.38971177628541e-29 3.50215818475673e-34 1.12338863899038e-16 
9.38920818089201e-14 8.06570935966914e-34 1.9233855326651e-28 3.16748779408956e-15 3.80176442637081e-16 7.04002930075425e-12 6.39149940332135e-13 0 0 0 0 8.29159922319478e-31 0 0 0 0 1.0744271721105e-22 0 3.01496264124236e-24 0 0 0 2.06803841423736e-27 6.78794971241321e-24 0 0 0 0 6.70457699792509e-24 0 0 0 0 0 0 0 0 0 0 0 
1.72834487410806e-29 0 0 2.67262109498014e-06 6.95523563923215e-27 1.04855273849517e-13 0 0 0 0 0 5.44008505315346e-28 2.11924392531591e-18 0 4.72206143843685e-26 1.01089695958294e-16 4.30567083982815e-11 9.59839887217134e-10 0 0 0 1.99539290727031e-12 1.32370740308153e-18 1.32289725550199e-22 0 2.16414024425886e-19 9.03424665260939e-18 9.49498514887766e-27 1.42151338830482e-16 2.92288548121059e-26 0 0 0 2.34419935153513e-13 1.16082684533606e-11 1.45594437299234e-21 0 4.10759556227467e-31 2.96362626566109e-26 3.61455781653057e-16 
2.7650397402961e-14 1.25836412446076e-14 1.79593002004882e-32 0 0 0 1.78800015467338e-15 8.05589328741543e-12 0 7.79396860831326e-30 3.1618930770043e-10 0 0 0 0 0 0 0 0 0 1.60973740696775e-32 9.01391050636748e-34 0 1.00289669882436e-09 0 0 1.09269247735053e-32 0 0 0 0 0 0 0 0 0 0 0 0 0 
0 0 0 0 0 6.67169363935779e-19 0 3.11225317834932e-17 2.81414807727312e-20 4.15555577253043e-30 0 1.12545328397928e-16 3.48479104147974e-13 7.60368427325085e-10 2.07783746084342e-15 6.16603403293621e-27 0 9.72577352900922e-33 6.96080291261791e-12 0 2.34165908258493e-12 3.8274359649644e-19 5.4462315626633e-25 9.5577141831267e-25 0 1.6363504208904e-31 0 2.55979931023461e-22 8.600178202893e-21 4.31810851851485e-32 0 0 2.01952401145925e-29 0 0 0 1.08723539542249e-33 0 0 0 
7.53531591015301e-30 0 0 0 0 1.34009907468306e-12 1.62150897304124e-25 4.97130865389995e-13 7.95233969903924e-17 2.34330459538221e-12 2.73250735704846e-15 0 0 0 0 0 0 0 1.75623586549719e-28 0 0 0 0 0 2.94969588155494e-31 0 1.90143599684376e-16 0 0 5.60425347816491e-18 0 5.40259174828702e-24 0 0 0 4.14184823638608e-29 0 1.35442742833106e-15 0 1.00097166725797e-09 
1.13376137819473e-12 2.06437889568638e-18 1.32365393691772e-14 7.78031582301912e-13 2.13987481414425e-21 2.34436029737614e-17 8.18968904604099e-14 3.76350865457376e-28 1.06467126967809e-25 2.70766463122203e-21 2.31794237266927e-14 2.54159104645135e-15 8.28285320067438e-14 2.08089695513939e-34 0 0 1.30834971719912e-19 4.4184219044464e-26 8.84890669556313e-34 5.44426861787351e-13 6.30040313623638e-06 2.41149570692019e-14 5.53731500418433e-05 1.62535076287796e-07 1.09086202227213e-17 8.09107000880983e-17 2.31661627035196e-15 9.2019666739551e-23 2.12935345571826e-29 4.77339391369292e-30 8.33035552999924e-12 9.77231290913997e-10 1.73043314035144e-11 8.21063599541056e-28 2.05158059750221e-32 6.16719936378563e-15 0 7.59837653449408e-28 2.21453417982906e-14 4.64496692810668e-32 
0 0 0 0 0 0 0 0 0 0 0 0 0 0 0 0 0 0 0 0 0 2.63218693994618e-34 0 0 0 1.77920369711524e-18 4.76464016343615e-17 1.06090497342471e-12 1.4922283803306e-10 8.52612906392265e-10 0 5.38135395225978e-25 4.82657286086967e-33 2.08267376801785e-27 0 0 9.98634816055213e-10 2.23429509908933e-17 1.49109933663381e-12 5.67249771788723e-18 
1.66249127358605e-14 2.41001422519817e-24 3.1580948943027e-19 2.75411547301606e-12 1.47133113166091e-17 2.18460682384269e-21 0 2.43892351673695e-29 1.25884521866244e-31 1.59149019773304e-17 4.46644139290681e-15 0 0 4.56476062555438e-24 0 1.92980628209539e-27 5.99356342721752e-10 4.03535873746304e-10 0 4.58283614730552e-30 0 0 0 0 0 0 0 0 0 0 0 0 0 0 0 8.701423754128e-20 9.98848675047377e-10 0 0 0 
0 0 0 1.3405167987147e-26 1.04798627282182e-15 1.04976811548126e-16 3.6978764053185e-12 3.11578966898676e-13 1.05199190474587e-23 3.74153546228875e-14 0 0 0 0 0 0 1.59372625752225e-25 0 3.09752515075077e-27 9.38259769122927e-10 6.46369091430313e-11 2.05583976376568e-17 0 9.08769082773435e-32 0 4.59345987806276e-15 1.00227578563077e-09 0 1.28201457543482e-32 0 5.04511530147085e-19 1.22486163581895e-17 7.17892182423832e-25 0 0 0 0 0 0 0 
0 0 0 2.10633536571863e-19 1.04779442783308e-29 0 5.17254010214907e-24 9.05481731120673e-24 1.21168330307567e-27 2.20991734153903e-25 1.40042826645925e-30 0 0 3.73178369330692e-33 0 1.02226407633882e-25 0 0 0 7.55934080365664e-25 7.47355358040562e-29 1.03233174211198e-33 0 0 0 4.26464148565958e-26 8.32641554459506e-19 6.16299630132902e-13 0 0 0 0 4.58427254618706e-34 9.03076294570025e-34 2.19767664399592e-29 8.75809218212907e-30 5.25829471248625e-31 0 0 0 
2.57224798599863e-34 0 0 0 0 0 0 0 0 0 0 0 0 0 1.34953907546652e-20 6.00609628640719e-18 2.85175831593472e-19 2.29536438163956e-24 0 1.61901813992732e-29 1.22404315469072e-32 1.82864864442583e-28 3.78293242135727e-32 0 0 0 0 0 0 0 0 0 3.4359436875516e-26 0 0 0 0 0 0 0 
0 5.39249301450949e-17 3.67410654931447e-21 1.39458776641378e-33 7.34327067969777e-18 9.45821958479406e-26 0 0 0 2.47253458604996e-21 0 2.77787553420563e-33 0 2.10662802329198e-31 1.51987592017011e-25 0 2.48535207215465e-29 9.29079268810369e-18 1.13341020587982e-18 1.26386000578338e-13 5.75041148128284e-13 1.64614740676052e-14 2.01506827826015e-30 2.41193247601781e-15 2.86338510392295e-24 5.9742297795805e-13 0 1.20713612159269e-28 0 7.05449495563456e-29 0 0 0 0 0 0 0 0 0 0 
5.24680852411704e-28 6.45363791591793e-10 3.75730298855501e-15 0 0 8.12910995456007e-27 2.45118913357811e-20 0 0 0 0 0 2.52007981017e-07 0.00055807190965296 2.14063025054981e-11 55.50837344 0 0 0 0 0 0 0 0 0 0 0 0 0 0 0 0 0 0 0 0 0 0 0 0 
0 0 0 0 0 0 0 0 0.0169417414069125 0 0 0 0 0 0 0 0 0 0 0 0 0 0 0 0 0 0 0 0 0 0 0 0 0 0 0 0 0 0 0 
0 0 0 0 0 0 0 0.214302990675692 0 0 0 0 0 0 0 0 0 0 0 0 0 0 0 0 0 0 0 0 0 0 0.000997312992467931 0 0 0 0 0 2.84108041095409e-10 0 0 0 
0 0 0.0115606771229605 0 0 0 0 0 0 0 0 0 0 1.0022581621653e-09 0 0 0 0 0 0 0 0 0 0 0 0 0 0 1.00285949717664e-09 0 0 0 0 0 0 0 0 0 0 0 
0 0 0 0 0 0 0 0 0 0 0 0 0 0 0 0 0 0 5.01003700122908e-10 0 0 0 0 0 0 0 0 0 0 0 0 0 5.0111574393074e-10 0 0.224117073296792 0 0 0 0 0 
0 0 0 0.0475823738119796 0 0 0 0 0 0 0 0 0 0 0 0 0 0.218642071147425 0 0 0 0 0 0 0 0 0 0 0 0 0 0 0 0 0 0 0 0 0 0 
0 0 0 0 0 0 0.00302819969572791 0 0 0 0 0 0 0 0 0 0 0 0 0 0 0 0 0 0 0 0 0 0 0 0 0 0 0 0 0 0 0 0 0 
0 0 0 0 0 0 0 0 0 0 0 0 0 0 0 0 0 0 0 0 0 0 0 0 0 0 0 0 0 0 0 0 0 0 0 0 0 0 0 0 
0 0 0 0 0 0 0 0 0 0 0 0 0 0 0 0 0 0 0 0 0 0 0 0 0 0 0 0 0 0 0 0 0 0 0 0 0 0 0 0 
0 0 0 0 0 0 0 9.80934029208663e-10 0 0 0 0 6.86689079016247e-10 0 0 0 0 0 0 2.2868411269034e-10 0 0 0 0 0 0 0 0 0 0 0 0 0 8.35724962535814e-08 0 0 0 0 0 0 
0 0 0 0 0 0 0 0 0 0 0 0 0 0 0 0 0 0 0 0 0 0 0 0 0 0 0 0 0 0 0 0 0 0 0 0 0 0 0 0 
1.00155219495225e-09 0 0 0 3.57444389227499e-10 0 
<IC_m>
1.00289669882436e-09 1.00289669882436e-09 5.86012266878971e-06 1.00289669882436e-09 1.00289669882436e-09 1.00289669882436e-09 1.00289669882436e-09 1.00289669882436e-09 0.00145058828597056 0.00348859496397404 6.11809192508905e-13 1.00289669882436e-09 0.00100289669882436 1.00289669882436e-09 1.00289669882436e-09 1.04581452164691e-14 6.38484207658388e-13 1.00289669882436e-09 8.62577799123972e-13 0.00100289669882436 1.00289669882436e-09 1.00289669882436e-09 5.72400384293666e-07 0.00956654873072342 7.96549166587542e-11 1.00289669882436e-09 1.00289669882436e-09 0.00100289669882436 0.000419169764243401 1.00289669882436e-09 8.18016780332696e-08 0 1.00289669882436e-09 1.00289665461519e-09 5.04015962034001e-07 0.00131289117150462 1.00289669882436e-09 1.00289669882436e-09 1.00289669882436e-09 0.00088988200656333 
5.55711076394239e-06 1.50549846399718e-10 1.00289669882436e-09 2.1936510805079e-11 3.1618930770043e-10 1.00289669882436e-09 7.74206487758166e-10 1.00289669882436e-09 1.25087185901546e-05 1.00289462754101e-09 6.37900536308273e-05 1.00289669882436e-09 1.00289669882436e-09 1.00289669882436e-09 1.00289669882436e-09 1.00289669882436e-09 1.00289669882436e-09 1.00289669882436e-09 1.31779523176176e-12 6.45442777538834e-10 2.10515840614089e-19 
<IC_lm>
-8.99874377951112 -8.99874377951112 -5.23209328200442 -8.99874377951112 -8.99874377951112 -8.99874377951112 -8.99874377951112 -8.99874377951112 -2.83845582804298 -2.45734944536717 -12.2133839765724 -8.99874377951112 -2.99874379199 -8.99874377951112 -8.99874377951112 -13.9805453029959 -12.1948498147942 -8.99874377951112 -12.0642016987501 -2.99874379199 -8.99874377951112 -8.99874377951112 -6.24230007035613 -2.01924470771407 -10.0987873914284 -8.99874377951112 -8.99874377951112 -2.99874379199 -3.37761004460981 -8.99874377951112 -7.08723777262626 0 -8.99874377951112 -8.99874379865546 -6.29755569626325 -2.88177126606918 -8.99874377951112 -8.99874377951112 -8.99874377951112 -3.05066756824131 
-5.25515093587143 -9.82231966281654 -8.99874377951112 -10.6588324274556 -9.50005280055696 -8.99874377951112 -9.11114317471629 -8.99874377951112 -4.90278716753805 -8.99874467646078 -4.19524702399546 -8.99874377951112 -8.99874377951112 -8.99874377951112 -8.99874377951112 -8.99874377951112 -8.99874377951112 -8.99874377951112 -11.8801520435045 -9.19014223544676 0 
<IC_wm>
2.27455580270289e-07 1.08084689543033e-07 0.000157974629062447 2.43487691654979e-07 7.50719651124322e-08 1.083169567474e-08 1.37602605849112e-07 8.00643635824077e-08 0.0174078485601562 0.139691865761603 6.87149037075705e-11 2.51503747347324e-07 0.189479216755313 3.55241519208025e-08 2.47495719501152e-07 6.15785182767587e-13 3.31691710911054e-11 1.3317213152547e-07 5.4764741424011e-11 0.28879123107624 1.52268990429606e-07 1.90365287921451e-08 3.19373412317311e-05 0.00963357028332209 1.59639633790718e-08 1.65261306616647e-07 1.27159195325559e-07 0.178525575590324 0.0163742859525715 6.95493030478142e-09 1.98642595232995e-06 0 9.61525871123135e-08 1.40351108610673e-08 7.05348838321626e-06 0.0301563273302268 9.30928621649946e-08 5.88111967359878e-08 2.37475649885721e-07 0.014224591063725 
0.000488694071296154 4.65896398041176e-09 2.07615839373853e-07 4.5412125785925e-09 3.36190133691391e-08 2.09419454962513e-07 1.88738791423723e-07 2.26453573308746e-07 0.000400723717863091 7.91293290065526e-08 0.00179001801871414 1.50661767349201e-07 1.1894824548742e-07 8.77958527225029e-08 9.81966822312262e-08 2.32503395217195e-07 4.79630678091824e-08 2.38506614995231e-07 8.60810125513551e-11 5.88276350041105e-08 -0 
<Aalp>
0 0 0 0 0 0 0 0 0 0 0 0 0 0 0 0 0 0 0 0 0 0 0 0 0 0 0 0 0 0 0 0 0 0 0 0 0 0 0 0 
0 0 0 0 0 0 0 0 0 0 0 0 0 0 0 0 0 0 0 0 0 0 0 0 0 0 0 0 0 0 0 0 0 0 0 0 0 0 0 0 
0 0 0 0 0 0 0 0 0 0 0 0 0 0 0 0 0 0 0 0 0 0 0 0 0 0 0 0 0 0 0 0 0 0 0 0 0 0 0 0 
0 0 0 0 0 0 0 0 0 0 0 0 0 0 0 0 0 0 0 0 0 0 0 0 0 0 0 0 0 0 0 0 0 0 0 0 0 0 0 0 
0 0 0 0 0 0 0 0 0 0 0 0 0 0 0 0 0 0 0 0 0 0 0 0 0 0 0 0 0 0 0 0 0 0 0 0 0 0 0 0 
0 0 0 0 0 0 0 0 0 0 0 0 0 0 0 0 0 0 0 0 0 0 0 0 0 0 0 0 0 0 0 0 0 0 0 0 0 0 0 0 
0 0 0 0 0 0 0 0 0 0 0 0 0 0 0 0 0 0 0 0 0 0 0 0 0 0 0 0 0 0 0 0 0 0 0 0 0 0 0 0 
0 0 0 0 0 0 0 0 0 0 0 0 0 0 0 0 0 0 0 0 0 0 0 0 0 0 0 0 0 0 0 0 0 0 0 0 0 0 0 0 
0 0 0 0 0 0 0 0 0 0 0 0 0 0 0 0 0 0 0 0 0 0 0 0 0 0 0 0 0 0 0 0 0 0 0 0 0 0 0 0 
0 0 0 0 0 0 0 0 0 0 0 0 0 0 0 0 0 0 0 0 0 0 0 0 0 0 0 0 0 0 0 0 0 0 0 0 0 0 0 0 
0 0 0 0 0 0 0 0 0 0 0 0 0 0 0 0 0 0 0 0 0 0 
<Xr0h0>
0 0 0 0 0 0 0 0 0 0 0 0 0 0 0 0 0 0 0 0 0 0 0 0 0 0 0 0 0 0 0 0 0 0 0 0 0 0 0 0 
0 0 0 0 0 0 0 0 0 0 0 0 0 0 0 0 0 0 0 0 0 0 0 0 0 0 0 0 0 0 0 0 0 0 0 0 0 0 0 0 
0 0 0 0 0 0 0 0 0 0 0 0 0 0 0 0 0 0 0 0 0 0 0 0 0 0 0 0 0 0 0 0 0 0 0 0 0 0 0 0 
0 0 0 0 0 0 0 0 0 0 0 0 0 0 0 0 0 0 0 0 0 0 0 0 0 0 0 0 0 0 0 0 0 0 0 0 0 0 0 0 
0 0 0 0 0 0 0 0 0 0 0 0 0 0 0 0 0 0 0 0 0 0 0 0 0 0 0 0 0 0 0 0 0 0 0 0 0 0 0 0 
0 0 0 0 0 0 0 0 0 0 0 0 0 0 0 0 0 0 0 0 0 0 0 0 0 0 0 0 0 0 0 0 0 0 0 0 0 0 0 0 
0 0 0 0 0 0 0 0 0 0 0 0 0 0 0 0 0 0 0 0 0 0 0 0 0 0 0 0 0 0 0 0 0 0 0 0 0 0 0 0 
0 0 0 0 0 0 0 0 0 0 0 0 0 0 0 0 0 0 0 0 0 0 0 0 0 0 0 0 0 0 0 0 0 0 0 0 0 0 0 0 
0 0 0 0 0 0 0 0 0 0 0 0 0 0 0 0 0 0 0 0 0 0 0 0 0 0 0 0 0 0 0 0 0 0 0 0 0 0 0 0 
0 0 0 0 0 0 0 0 0 0 0 0 0 0 0 0 0 0 0 0 0 0 0 0 0 0 0 0 0 0 0 0 0 0 0 0 0 0 0 0 
0 0 0 0 0 0 0 0 0 0 0 0 0 0 0 0 0 0 0 0 0 0 0 0 0 0 0 0 0 0 0 0 0 0 0 0 0 0 0 0 
0 0 0 0 0 0 0 0 0 0 0 0 0 0 0 0 0 0 0 0 0 0 0 0 0 0 0 0 0 0 0 0 0 0 0 0 0 0 0 0 
0 0 0 0 0 0 0 0 0 0 0 0 0 0 0 0 0 0 0 0 0 0 0 0 0 0 0 0 0 0 0 0 0 0 0 0 0 0 0 0 
0 0 0 0 0 0 0 0 0 0 0 0 0 0 0 0 0 0 0 0 0 0 0 0 0 0 0 0 0 0 0 0 0 0 0 0 0 0 0 0 
0 0 0 0 0 0 0 0 0 0 0 0 0 0 0 0 0 0 0 0 0 0 0 0 0 0 0 0 0 0 0 0 0 0 0 0 0 0 0 0 
0 0 0 0 0 0 0 0 0 0 0 0 0 0 0 0 0 0 0 0 0 0 0 0 0 0 0 0 0 0 0 0 0 0 0 0 0 0 0 0 
0 0 0 0 0 0 0 0 0 0 0 0 0 0 0 0 0 0 0 0 0 0 0 0 0 0 0 0 0 0 0 0 0 0 0 0 0 0 0 0 
0 0 0 0 0 0 0 0 0 0 0 0 0 0 0 0 0 0 0 0 0 0 0 0 0 0 0 0 0 0 0 0 0 0 0 0 0 0 0 0 
0 0 0 0 0 0 0 0 0 0 0 0 0 0 0 0 0 0 0 0 0 0 0 0 0 0 0 0 0 0 0 0 0 0 0 0 0 0 0 0 
0 0 0 0 0 0 0 0 0 0 0 0 0 0 0 0 0 0 0 0 0 0 0 0 0 0 0 0 0 0 0 0 0 0 0 0 0 0 0 0 
0 0 0 0 0 0 0 0 0 0 0 0 0 0 0 0 0 0 0 0 0 0 0 0 0 0 0 0 0 0 0 0 0 0 0 0 0 0 0 0 
0 0 0 0 
<Sigw>
0 0 0 0 0 0 0 0 0 0 0 0 0 0 0 0 0 0 0 0 0 0 0 0 0 0 0 0 0 0 0 0 0 0 0 0 0 0 0 0 
0 0 0 0 0 0 0 0 0 0 0 0 0 0 0 0 0 0 0 0 0 0 0 0 0 0 0 0 0 0 0 0 0 0 0 0 0 0 0 0 
0 0 0 0 0 0 0 0 0 0 0 0 0 0 0 0 0 0 0 0 0 0 0 0 0 0 0 0 0 0 0 0 0 0 0 0 0 0 0 0 
0 0 0 0 0 0 0 0 0 0 0 0 0 0 0 0 0 0 0 0 0 0 0 0 0 0 0 0 0 0 0 0 0 0 0 0 0 0 0 0 
0 0 0 0 0 0 0 0 0 0 0 0 0 0 0 0 0 0 0 0 0 0 0 0 0 0 0 0 0 0 0 0 0 0 0 0 0 0 0 0 
0 0 0 0 0 0 0 0 0 0 0 0 0 0 0 0 0 0 0 0 0 0 0 0 0 0 0 0 0 0 0 0 0 0 0 0 0 0 0 0 
0 0 0 0 0 0 0 0 0 0 0 0 0 0 0 0 0 0 0 0 0 0 0 0 0 0 0 0 0 0 0 0 0 0 0 0 0 0 0 0 
0 0 0 0 0 0 0 0 0 0 0 0 0 0 0 0 0 0 0 0 0 0 0 0 0 0 0 0 0 0 0 0 0 0 0 0 0 0 0 0 
0 0 0 0 0 0 0 0 0 0 0 0 0 0 0 0 0 0 0 0 0 0 0 0 0 0 0 0 0 0 0 0 0 0 0 0 0 0 0 0 
0 0 0 0 0 0 0 0 0 0 0 0 0 0 0 0 0 0 0 0 0 0 0 0 0 0 0 0 0 0 0 0 0 0 0 0 0 0 0 0 
0 0 0 0 0 0 0 0 0 0 0 0 0 0 0 0 0 0 0 0 0 0 
<Sigg>
0 0 0 0 0 0 0 0 0 0 0 0 0 0 0 0 0 0 0 0 0 0 0 0 0 0 0 0 0 0 0 0 0 0 0 0 0 0 0 0 
0 0 0 0 0 0 0 0 0 0 0 0 0 0 0 0 0 0 0 0 0 0 0 0 0 0 0 0 0 0 0 0 0 0 0 0 0 0 0 0 
0 0 0 0 0 0 0 0 0 0 0 0 0 0 0 0 0 0 0 0 0 0 0 0 0 0 0 0 0 0 0 0 0 0 0 0 0 0 0 0 
0 0 0 0 0 0 0 0 0 0 0 0 0 0 0 0 0 0 0 0 0 0 0 0 0 0 0 0 0 0 0 0 0 0 0 0 0 0 0 0 
0 0 0 0 0 0 0 0 0 0 0 0 0 0 0 0 0 0 0 0 0 0 0 0 0 0 0 0 0 0 0 0 0 0 0 0 0 0 0 0 
0 0 0 0 0 0 0 0 0 0 0 0 0 0 0 0 0 0 0 0 0 0 0 0 0 0 0 0 0 0 0 0 0 0 0 0 0 0 0 0 
0 0 0 0 0 0 0 0 0 0 0 0 0 0 0 0 0 0 0 0 0 0 0 0 0 0 0 0 0 0 0 0 0 0 0 0 0 0 0 0 
0 0 0 0 0 0 0 0 0 0 0 0 0 0 0 0 0 0 0 0 0 0 0 0 0 0 0 0 0 0 0 0 0 0 0 0 0 0 0 0 
0 0 0 0 0 0 0 0 0 0 0 0 0 0 0 0 0 0 0 0 0 0 0 0 0 0 0 0 0 0 0 0 0 0 0 0 0 0 0 0 
0 0 0 0 0 0 0 0 0 0 0 0 0 0 0 0 0 0 0 0 0 0 0 0 0 0 0 0 0 0 0 0 0 0 0 0 0 0 0 0 
0 0 0 0 0 0 0 0 0 0 0 0 0 0 0 0 0 0 0 0 0 0 
<EZ>
3 0 2 -1 2 1 0 0 2 0 2 1 -1 2 1 0 1 0 -1 -2 -3 -1 -2 -1 0 -1 -2 -3 0 -1 -1 0 0 -1 -2 -3 -1 0 -1 -2 
-1 0 -2 -1 -1 3 2 1 0 -1 -2 -3 1 0 -1 7 4 5 2 0 -1 0 -1 1 2 3 -1 -3 1 0 -3 2 1 -1 -2 2 1 2 1 -1 
0 2 1 -1 1 2 1 -3 -5 -1 1 0 2 -1 0 1 -1 -3 2 -1 1 2 -3 0 -1 -1 -1 -1 -1 -1 -2 0 -1 2 1 0 1 1 1 0 
1 -1 0 0 -2 -1 0 -1 0 -2 2 3 3 2 1 0 -1 3 3 2 0 -2 1 1 1 0 -1 0 1 1 0 0 4 2 1 1 0 -2 -1 4 
0 0 1 0 4 0 -2 2 4 0 2 -2 0 1 0 -1 -2 1 1 0 0 -1 -2 1 0 -1 -2 3 1 -1 -2 0 3 2 2 1 -3 -1 -1 3 
-1 -3 1 2 1 2 1 2 2 1 1 2 1 0 2 2 -1 1 2 2 0 1 0 -1 -2 1 1 0 0 1 0 -1 -2 3 4 1 0 0 2 3 
2 1 2 1 2 1 0 2 1 -2 -2 -1 1 2 1 0 -1 4 5 -2 -3 0 0 -1 -2 -2 -4 -3 1 1 1 2 1 0 -1 -2 0 -1 -2 0 
1 0 -1 -2 1 0 -1 -2 0 1 0 -2 -1 -1 0 0 -1 -1 -2 2 3 2 0 1 -2 0 -4 3 -1 1 2 1 2 1 0 -1 2 -1 1 2 
-1 2 3 2 1 -3 -4 -2 -3 0 1 2 1 0 -1 1 -3 -2 -1 -2 1 2 1 0 1 0 1 2 0 1 1 0 1 0 -1 -1 4 5 1 2 
0 0 0 1 2 -1 -2 0 1 1 2 0 -1 0 -2 -1 0 -1 -1 0 -2 0 -1 -1 -2 -2 -1 0 1 2 -3 0 -1 -2 -3 0 -1 0 0 -1 
-6 -5 -7 0 -1 -1 0 -3 -2 0 -1 0 -1 -1 -1 0 -1 0 -1 -1 -1 0 2 0 -2 1 0 -1 -2 -3 -2 1 0 0 2 1 0 -1 1 -1 
0 -1 -2 -1 -2 0 3 -1 1 2 1 2 1 0 -1 2 -1 1 2 -1 0 -1 -1 1 -1 -3 -2 -3 0 0 -1 0 -2 -1 1 0 0 -1 0 -2 
-1 2 1 0 -1 -2 1 1 1 0 -1 1 0 1 0 -2 -1 0 0 1 0 0 -2 2 3 0 1 2 1 2 1 0 1 0 1 -1 -2 1 2 1 
0 0 -2 0 0 1 -1 -1 1 0 -1 -3 0 0 0 -1 0 -2 -1 -8 1 0 -1 -2 2 -2 -3 -2 0 -1 -4 1 -2 -3 1 0 1 1 0 -1 
1 -1 0 0 1 2 2 2 2 2 2 1 0 -1 3 4 1 0 -2 -2 0 -1 1 0 0 1 0 1 3 4 -1 -3 -4 -6 1 -2 2 3 1 0 
-2 -3 -1 -2 -1 2 3 1 2 3 3 1 2 -6 -2 -3 -4 -5 0 -1 -1 -4 -3 -2 -2 1 -3 -4 0 1 0 -1 1 2 0 1 0 2 3 -2 
-2 -1 -2 0 -1 -1 -2 -2 0 1 0 -1 0 1 2 1 0 0 -1 -1 -2 1 -3 -1 0 -2 0 -1 0 1 2 0 -2 2 1 3 0 -1 1 2 
2 3 0 -2 -4 -3 4 3 2 1 0 2 1 3 2 1 0 -1 -1 -3 1 0 2 1 -1 -2 0 -1 -1 1 0 -1 -2 -3 -2 1 -2 1 0 0 
0 -1 3 2 4 4 1 -1 -2 0 0 2 1 0 -1 -2 2 2 2 2 0 -1 1 0 2 4 -2 1 0 -1 -2 -2 2 1 3 2 1 0 -2 3 
-1 0 -2 0 2 3 4 -1 -3 -4 -6 1 -1 -2 0 2 3 0 -1 -3 -2 -2 -1 2 3 1 2 1 0 2 4 3 1 2 -6 -2 -3 -4 -5 0 
-1 1 0 1 0 1 2 0 1 0 2 3 0 1 0 2 0 -1 0 1 -1 -2 0 -1 0 1 1 2 0 -1 -2 -3 2 0 -1 1 2 2 3 2 
0 1 1 1 0 0 -2 -1 -2 -2 -2 0 -2 -1 -2 -2 -2 -2 -2 -3 0 -4 -1 -2 3 -1 1 2 1 2 1 0 -1 4 4 2 -1 1 2 2 
4 1 0 -1 1 3 0 2 -1 0 -2 -1 -2 1 0 -1 -2 0 -2 -4 1 0 -1 0 1 0 -1 0 -1 -2 2 1 0 -1 1 0 2 1 0 1 
1 1 0 1 -1 0 0 -2 3 0 -1 -1 -2 -1 -4 2 0 -1 4 -6 3 3 2 1 0 -2 2 3 4 3 2 1 3 2 3 2 0 6 5 4 
8 10 9 3 -2 0 -1 -2 -5 -2 2 3 0 -2 2 3 2 4 2 0 -1 1 4 -4 -6 -1 -2 3 0 -2 -2 -3 -1 3 2 1 0 -1 -2 3 
3 2 3 1 2 -6 -2 -4 -5 0 -1 -2 -3 -1 -2 -1 1 0 0 -3 -2 1 0 -1 -2 2 1 0 3 0 1 0 0 -1 1 0 -1 0 1 2 
0 1 0 1 0 1 1 -6 2 3 2 1 -1 1 0 -1 -2 1 1 -2 -4 0 -1 -6 0 -1 1 -2 -4 0 -2 0 1 0 -2 -4 2 2 3 0 
2 2 -2 2 0 1 0 -1 -2 1 0 -2 -4 1 0 -1 -3 0 -1 0 -1 -2 3 1 -2 -1 -2 0 4 -4 3 2 3 2 1 0 -1 -2 2 3 
2 0 -2 8 3 1 0 8 3 0 -2 2 0 -1 1 0 0 0 0 0 0 0 0 0 0 0 0 0 0 0 0 0 0 0 0 0 0 0 0 0 
0 0 0 0 0 0 0 0 0 0 0 0 0 0 0 0 0 0 0 0 0 0 0 0 0 0 0 0 0 0 0 0 0 0 0 0 0 0 0 0 
0 0 0 0 0 0 0 0 0 0 0 0 0 0 0 0 0 0 0 0 0 0 0 0 0 0 0 0 0 0 0 0 0 0 0 0 0 0 0 0 
0 0 0 0 0 0 0 0 0 0 0 0 0 0 0 0 0 0 0 0 0 0 0 0 0 0 0 0 0 0 0 0 0 0 0 0 0 0 0 0 
0 0 0 0 0 0 0 0 0 0 0 0 0 0 0 0 0 0 0 0 0 0 0 0 0 0 0 0 0 0 0 0 0 0 0 0 0 0 0 0 
0 0 0 0 0 0 0 0 0 0 0 0 0 0 0 0 0 0 0 0 0 0 0 0 0 0 0 0 0 0 0 0 0 0 0 0 0 0 0 0 
0 0 0 0 0 0 0 0 0 0 0 0 0 0 0 0 0 0 0 0 0 0 0 0 0 0 0 0 0 0 0 0 0 0 0 0 0 0 0 0 
0 0 0 0 0 0 0 0 0 0 0 0 0 0 0 0 0 0 0 0 0 0 0 0 0 0 0 0 0 0 0 0 0 0 0 0 0 0 0 0 
0 0 0 0 0 0 0 0 0 0 0 0 0 0 0 0 0 0 0 0 0 0 0 0 0 0 0 0 0 0 0 0 0 0 0 0 0 0 0 0 
0 0 0 0 0 0 0 0 0 0 0 0 0 0 0 0 0 0 0 0 0 0 0 0 0 0 0 0 0 0 0 0 0 0 0 0 0 0 0 0 
0 0 0 0 0 0 0 0 0 0 0 0 0 0 0 0 0 0 0 0 0 0 0 0 0 0 0 0 0 0 0 0 0 0 0 0 0 0 0 0 
0 0 0 0 0 0 
<Xcond>
0 0 0 0 0 0 0 0 0 0 0 0 0 0 0 0 0 0 0 0 0 0 0 0 0 0 0 0 0 0 0 0 0 0 0 0 0 0 0 0 
0 0 0 0 0 0 0 0 0 0 0 0 0 0 0 0 0 0 0 0 0 0 0 0 0 0 0 0 0 0 0 0 0 0 0 0 0 0 0 0 
0 0 0 0 0 0 0 0 0 0 0 0 0 0 0 0 0 0 0 0 0 0 0 0 0 0 0 0 0 0 0 0 0 0 0 0 0 0 0 0 
0 0 0 0 0 0 0 0 0 0 0 0 0 0 0 0 0 0 0 0 0 0 0 0 0 0 0 0 0 0 0 0 0 0 0 0 0 0 0 0 
0 0 0 0 0 0 0 0 0 0 0 0 0 0 0 0 0 0 0 0 0 0 0 0 0 0 0 0 0 0 0 0 0 0 0 0 0 0 0 0 
0 0 0 0 0 0 0 0 0 0 0 0 0 0 0 0 0 0 0 0 0 0 0 0 0 0 0 0 0 0 0 0 0 0 0 0 0 0 0 0 
0 0 0 0 0 0 0 0 0 0 0 0 0 0 0 0 0 0 0 0 0 0 0 0 0 0 0 0 0 0 0 0 0 0 0 0 0 0 0 0 
0 0 0 0 0 0 0 0 0 0 0 0 0 0 0 0 0 0 0 0 0 0 0 0 0 0 0 0 0 0 0 0 0 0 0 0 0 0 0 0 
0 0 0 0 0 0 0 0 0 0 0 0 0 0 0 0 0 0 0 0 0 0 0 0 0 0 0 0 0 0 0 0 0 0 0 0 0 0 0 0 
0 0 0 0 0 0 0 0 0 0 0 0 0 0 0 0 0 0 0 0 0 0 0 0 0 0 0 0 0 0 0 0 0 0 0 0 0 0 0 0 
0 0 0 0 0 0 0 0 0 0 0 0 0 0 0 0 0 0 0 0 0 0 
<Xeps>
0 0 0 0 0 0 0 0 0 0 0 0 0 0 0 0 0 0 0 0 0 0 0 0 0 0 0 0 0 0 0 0 0 0 0 0 0 0 0 0 
0 0 0 0 0 0 0 0 0 0 0 0 0 0 0 0 0 0 0 0 0 0 0 0 0 0 0 0 0 0 0 0 0 0 0 0 0 0 0 0 
0 0 0 0 0 0 0 0 0 0 0 0 0 0 0 0 0 0 0 0 0 0 0 0 0 0 0 0 0 0 0 0 0 0 0 0 0 0 0 0 
0 0 0 0 0 0 0 0 0 0 0 0 0 0 0 0 0 0 0 0 0 0 0 0 0 0 0 0 0 0 0 0 0 0 0 0 0 0 0 0 
0 0 0 0 0 0 0 0 0 0 0 0 0 0 0 0 0 0 0 0 0 0 0 0 0 0 0 0 0 0 0 0 0 0 0 0 0 0 0 0 
0 0 0 0 0 0 0 0 0 0 0 0 0 0 0 0 0 0 0 0 0 0 0 0 0 0 0 0 0 0 0 0 0 0 0 0 0 0 0 0 
0 0 0 0 0 0 0 0 0 0 0 0 0 0 0 0 0 0 0 0 0 0 0 0 0 0 0 0 0 0 0 0 0 0 0 0 0 0 0 0 
0 0 0 0 0 0 0 0 0 0 0 0 0 0 0 0 0 0 0 0 0 0 0 0 0 0 0 0 0 0 0 0 0 0 0 0 0 0 0 0 
0 0 0 0 0 0 0 0 0 0 0 0 0 0 0 0 0 0 0 0 0 0 0 0 0 0 0 0 0 0 0 0 0 0 0 0 0 0 0 0 
0 0 0 0 0 0 0 0 0 0 0 0 0 0 0 0 0 0 0 0 0 0 0 0 0 0 0 0 0 0 0 0 0 0 0 0 0 0 0 0 
0 0 0 0 0 0 0 0 0 0 0 0 0 0 0 0 0 0 0 0 0 0 
<Fug>
0.967626783137003 1.88903936907371e-09 0.000291386878483769 0.0316949807985776 2.20534326937467e-08 1.59857659139556e-15 7.12557433978461e-10 0 0.000386823025370169 0 
<Fug_l>
-0.0142921191565487 -8.72375895271255 -3.53552999345627 -1.49900950042653 -7.65652376792918 -14.7962664860264 -9.14718008455967 -16.7680033666571 -3.4124876677893 -76.0188706572215 
<Ppg_l>
-0.0142921191565487 -8.72375895271255 -3.53552999345627 -1.49900950042653 -7.65652376792918 -14.7962664860264 -9.14718008455967 -16.7680033666571 -3.4124876677893 -76.0188706572215 
<sMod>
'SNNSNNNN' 'INNINNNN' 
<LsMod>
3128 2 2 0 0 0 
<IPxPH>
197 654 198 654 528 654 197 620 198 620 528 620 197 613 198 613 528 613 197 655 198 655 528 655 197 815 198 815 528 815 197 794 198 794 528 794 197 989 198 989 
528 989 197 1048 198 1048 528 1048 197 1013 198 1013 528 1013 197 1018 198 1018 528 1018 197 1047 198 1047 528 1047 197 1049 198 1049 528 1049 197 1063 198 1063 528 1063 197 1005 
198 1005 528 1005 197 1050 198 1050 528 1050 197 1051 198 1051 528 1051 197 1052 198 1052 528 1052 197 1058 198 1058 528 1058 197 1053 198 1053 528 1053 197 1014 198 1014 528 1014 
197 1 198 1 528 1 197 3 198 3 528 3 197 9 198 9 528 9 197 11 198 11 528 11 197 12 198 12 528 12 197 0 198 0 528 0 197 2 198 2 
528 2 197 4 198 4 528 4 197 5 198 5 528 5 197 6 198 6 528 6 197 8 198 8 528 8 197 7 198 7 528 7 197 10 198 10 528 10 197 13 
198 13 528 13 197 14 198 14 528 14 197 15 198 15 15 528 197 21 198 21 528 21 197 22 198 22 528 22 197 30 198 30 528 30 197 36 198 36 528 36 
197 38 198 38 528 38 197 42 198 42 528 42 197 16 198 16 528 16 197 39 198 39 528 39 197 41 198 41 41 528 197 17 198 17 528 17 197 18 198 18 
528 18 197 19 198 19 528 19 197 20 198 20 528 20 197 24 198 24 528 24 197 25 198 25 528 25 197 26 198 26 528 26 197 27 198 27 528 27 197 23 
198 23 528 23 197 28 198 28 528 28 197 29 198 29 528 29 197 31 198 31 528 31 197 32 198 32 528 32 197 33 198 33 528 33 197 34 198 34 528 34 
197 35 198 35 528 35 197 37 198 37 528 37 197 43 198 43 528 43 197 44 198 44 528 44 197 40 198 40 528 40 197 52 52 198 52 528 197 59 59 198 
59 528 60 197 198 60 528 60 197 53 198 53 53 528 197 54 198 54 528 54 197 62 198 62 528 62 197 45 198 45 528 45 197 55 198 55 528 55 197 56 
198 56 528 56 197 57 198 57 528 57 197 46 198 46 528 46 197 47 198 47 528 47 197 48 198 48 528 48 197 49 198 49 528 49 197 50 198 50 528 50 
197 51 198 51 528 51 197 58 198 58 528 58 197 61 198 61 528 61 197 64 198 64 528 64 197 63 198 63 528 63 197 69 198 69 528 69 197 70 198 70 
528 70 197 66 198 66 528 66 197 67 198 67 528 67 197 73 198 73 528 73 197 74 198 74 528 74 197 78 198 78 528 78 197 79 198 79 528 79 197 80 
198 80 528 80 197 83 198 83 528 83 197 84 198 84 528 84 197 90 198 90 528 90 197 91 198 91 528 91 197 95 198 95 528 95 197 96 198 96 528 96 
197 97 198 97 528 97 197 99 198 99 528 99 197 65 198 65 528 65 197 71 198 71 528 71 197 72 198 72 528 72 197 68 198 68 528 68 197 75 198 75 
528 75 197 76 198 76 528 76 197 81 198 81 528 81 197 77 198 77 528 77 197 82 198 82 528 82 197 85 198 85 528 85 197 87 198 87 528 87 197 88 
198 88 528 88 197 93 198 93 528 93 197 86 198 86 528 86 197 89 198 89 528 89 197 94 198 94 528 94 197 92 198 92 528 92 197 98 198 98 528 98 
197 101 198 101 528 101 197 100 198 100 528 100 197 103 198 103 528 103 197 104 198 104 528 104 197 102 198 102 528 102 197 111 198 111 528 111 197 112 198 112 
528 112 197 113 198 113 528 113 197 123 198 123 528 123 197 115 198 115 528 115 197 116 198 116 528 116 197 118 198 118 528 118 197 117 198 117 528 117 197 119 
198 119 528 119 197 120 198 120 528 120 197 121 198 121 528 121 197 122 198 122 528 122 197 124 198 124 528 124 197 125 198 125 528 125 197 136 198 136 528 136 
197 141 198 141 528 141 197 144 198 144 528 144 197 147 198 147 528 147 197 148 198 148 528 148 197 145 198 145 528 145 197 146 198 146 528 146 197 156 198 156 
528 156 197 157 198 157 528 157 197 130 198 130 528 130 197 131 198 131 528 131 197 137 198 137 528 137 197 165 198 165 528 165 197 167 198 167 528 167 197 132 
198 132 528 132 197 138 198 138 528 138 197 153 198 153 528 153 197 168 198 168 528 168 197 152 198 152 528 152 197 159 198 159 528 159 197 164 198 164 528 164 
197 133 198 133 528 133 197 139 198 139 528 139 197 135 198 135 528 135 197 142 198 142 528 142 197 149 198 149 528 149 197 143 198 143 528 143 197 150 198 150 
528 150 197 151 198 151 528 151 197 154 198 154 528 154 197 155 198 155 528 155 197 158 198 158 528 158 197 161 198 161 528 161 197 162 198 162 528 162 197 163 
198 163 528 163 197 160 198 160 528 160 197 166 198 166 528 166 197 169 198 169 528 169 197 171 198 171 528 171 197 180 198 180 528 180 197 181 198 181 528 181 
197 182 198 182 528 182 197 184 198 184 528 184 197 185 198 185 528 185 197 186 198 186 528 186 197 190 198 190 528 190 197 170 198 170 528 170 197 187 198 187 
528 187 197 173 198 173 528 173 197 174 198 174 528 174 197 175 198 175 528 175 197 176 198 176 528 176 197 172 198 172 528 172 197 178 198 178 528 178 197 177 
198 177 528 177 197 179 198 179 528 179 197 183 198 183 528 183 197 188 198 188 528 188 197 189 198 189 528 189 197 191 198 191 528 191 197 192 198 192 528 192 
197 193 198 193 528 193 197 194 198 194 528 194 197 195 198 195 528 195 197 126 198 126 528 126 197 196 198 196 528 196 197 200 198 200 528 200 197 201 198 201 
528 201 197 210 198 210 528 210 197 212 198 212 528 212 197 213 198 213 528 213 197 216 198 216 528 216 197 199 198 199 528 199 197 203 198 203 528 203 197 204 
198 204 528 204 197 202 198 202 528 202 197 205 198 205 528 205 197 206 198 206 528 206 197 208 198 208 528 208 197 207 198 207 528 207 197 209 198 209 528 209 
197 211 198 211 528 211 197 214 198 214 528 214 197 215 198 215 528 215 197 218 198 218 528 218 197 217 198 217 528 217 197 127 198 127 528 127 197 128 198 128 
528 128 197 129 198 129 528 129 197 269 198 269 528 269 197 275 198 275 528 275 197 277 198 277 528 277 197 292 198 292 528 292 197 291 198 291 528 291 197 286 
198 286 528 286 197 285 198 285 528 285 197 287 198 287 528 287 197 293 198 293 528 293 197 296 198 296 528 296 197 295 198 295 528 295 197 297 198 297 528 297 
197 298 198 298 528 298 197 270 198 270 528 270 197 271 198 271 528 271 197 299 198 299 528 299 197 278 198 278 528 278 197 300 198 300 528 300 197 304 198 304 
528 304 197 301 198 301 528 301 197 279 198 279 528 279 197 280 198 280 528 280 197 282 198 282 528 282 197 281 198 281 528 281 197 283 198 283 528 283 197 276 
198 276 528 276 197 288 198 288 528 288 197 289 198 289 528 289 197 284 198 284 528 284 197 290 198 290 528 290 197 294 198 294 528 294 197 302 198 302 528 302 
197 303 198 303 528 303 197 305 198 305 528 305 197 306 198 306 528 306 197 308 198 308 528 308 197 313 198 313 528 313 197 314 198 314 528 314 197 315 198 315 
528 315 197 317 198 317 528 317 197 307 198 307 528 307 197 309 198 309 528 309 197 310 198 310 528 310 197 311 198 311 528 311 197 312 198 312 528 312 197 316 
198 316 528 316 197 319 198 319 528 319 197 318 198 318 528 318 197 320 198 320 528 320 197 325 198 325 528 325 197 326 198 326 528 326 197 327 198 327 528 327 
197 328 198 328 528 328 197 343 198 343 528 343 197 348 198 348 528 348 197 351 198 351 528 351 197 352 198 352 528 352 197 354 198 354 528 354 197 353 198 353 
528 353 197 355 198 355 528 355 197 360 198 360 528 360 197 363 198 363 528 363 197 365 198 365 528 365 197 366 198 366 528 366 197 321 198 321 528 321 197 322 
198 322 528 322 197 356 198 356 528 356 197 357 198 357 528 357 197 330 198 330 528 330 197 331 198 331 528 331 197 332 198 332 528 332 197 333 198 333 528 333 
197 334 198 334 528 334 197 329 198 329 528 329 197 340 198 340 528 340 197 341 198 341 528 341 197 342 198 342 528 342 197 344 198 344 528 344 197 345 198 345 
528 345 197 350 198 350 528 350 197 349 198 349 528 349 197 346 198 346 528 346 197 347 198 347 528 347 197 358 198 358 528 358 197 359 198 359 528 359 197 361 
198 361 528 361 197 362 198 362 528 362 197 364 198 364 528 364 197 369 198 369 528 369 197 370 198 370 528 370 197 367 198 367 528 367 197 368 198 368 528 368 
197 1134 198 1134 528 1134 197 371 198 371 528 371 197 372 198 372 528 372 197 378 198 378 528 378 197 385 198 385 528 385 197 393 198 393 528 393 197 398 198 398 
528 398 197 400 198 400 528 400 197 403 198 403 528 403 197 409 198 409 409 528 197 405 198 405 528 405 197 411 198 411 528 411 197 415 198 415 528 415 197 417 
198 417 528 417 197 373 198 373 528 373 197 379 198 379 528 379 197 386 198 386 528 386 197 396 198 396 528 396 197 401 198 401 528 401 197 406 198 406 528 406 
197 387 198 387 528 387 197 397 198 397 528 397 197 388 198 388 528 388 197 389 198 389 528 389 197 374 198 374 528 374 197 380 198 380 528 380 197 376 198 376 
528 376 197 377 198 377 528 377 197 390 198 390 528 390 197 391 198 391 528 391 197 392 198 392 528 392 197 394 198 394 528 394 197 421 198 421 421 528 197 433 
198 433 528 433 197 436 198 436 528 436 197 437 198 437 528 437 197 444 198 444 528 444 197 422 198 422 528 422 197 434 198 434 528 434 197 435 198 435 528 435 
197 425 198 425 528 425 197 426 198 426 528 426 197 427 198 427 528 427 197 428 198 428 528 428 197 423 198 423 528 423 197 431 198 431 528 431 197 432 198 432 
528 432 197 438 198 438 528 438 197 440 198 440 528 440 197 439 198 439 528 439 197 441 198 441 528 441 197 443 198 443 528 443 197 442 198 442 528 442 197 445 
198 445 528 445 197 395 198 395 528 395 197 399 198 399 528 399 197 402 198 402 528 402 197 447 198 447 528 447 197 452 198 452 528 452 197 453 198 453 528 453 
197 454 198 454 528 454 197 456 198 456 528 456 197 446 198 446 528 446 197 448 198 448 528 448 197 449 198 449 528 449 197 450 198 450 528 450 197 451 198 451 
528 451 197 455 198 455 528 455 197 458 198 458 528 458 197 457 198 457 528 457 197 404 198 404 528 404 197 407 198 407 528 407 197 410 198 410 410 528 197 408 
198 408 528 408 197 412 198 412 528 412 197 416 198 416 528 416 197 420 198 420 528 420 197 418 198 418 528 418 197 419 198 419 528 419 197 413 198 413 528 413 
197 414 198 414 528 414 197 459 198 459 528 459 197 460 198 460 528 460 197 461 198 461 528 461 197 462 198 462 528 462 197 463 198 463 528 463 197 464 198 464 
528 464 197 465 198 465 528 465 197 466 198 466 528 466 197 467 198 467 528 467 197 469 198 469 528 469 197 468 198 468 528 468 197 470 198 470 528 470 197 471 
198 471 528 471 197 472 198 472 528 472 197 473 198 473 528 473 474 197 474 198 474 528 197 475 198 475 528 475 197 476 198 476 528 476 197 477 198 477 528 477 
197 478 198 478 528 478 197 479 198 479 528 479 197 480 198 480 528 480 197 484 198 484 528 484 197 485 198 485 528 485 197 488 198 488 528 488 197 489 198 489 
528 489 197 490 198 490 528 490 197 494 198 494 528 494 197 495 198 495 528 495 197 481 198 481 528 481 197 501 198 501 528 501 197 483 198 483 528 483 197 486 
198 486 528 486 197 491 198 491 528 491 197 487 198 487 528 487 197 492 198 492 528 492 197 493 198 493 528 493 197 496 198 496 528 496 197 498 198 498 528 498 
197 499 198 499 528 499 197 500 198 500 528 500 197 497 198 497 528 497 197 502 198 502 528 502 197 513 198 513 528 513 197 514 198 514 528 514 197 515 198 515 
528 515 197 516 198 516 528 516 197 503 198 503 528 503 197 504 198 504 528 504 197 506 198 506 528 506 197 507 198 507 528 507 197 505 198 505 528 505 197 508 
198 508 528 508 197 509 198 509 528 509 197 510 198 510 528 510 197 511 198 511 528 511 197 512 198 512 528 512 197 517 198 517 528 517 197 518 198 518 528 518 
197 519 198 519 528 519 197 521 198 521 528 521 197 520 198 520 528 520 197 522 198 522 528 522 197 523 198 523 528 523 197 531 198 531 528 531 197 530 198 530 
528 530 197 532 198 532 528 532 197 534 198 534 528 534 197 533 198 533 528 533 197 535 198 535 528 535 197 536 198 536 528 536 197 537 198 537 528 537 197 538 
198 538 528 538 197 540 198 540 528 540 197 541 198 541 528 541 197 542 198 542 528 542 197 543 198 543 528 543 197 539 198 539 528 539 197 524 198 524 528 524 
197 525 198 525 528 525 197 549 198 549 528 549 197 550 198 550 528 550 197 545 198 545 528 545 197 546 198 546 528 546 197 547 198 547 528 547 197 552 198 552 
528 552 197 557 198 557 528 557 197 560 198 560 528 560 197 558 198 558 528 558 197 559 198 559 528 559 197 563 198 563 528 563 197 565 198 565 528 565 197 566 
198 566 528 566 197 567 198 567 528 567 197 568 198 568 528 568 197 569 198 569 528 569 197 572 198 572 528 572 197 573 198 573 528 573 197 577 198 577 528 577 
197 578 198 578 528 578 197 580 198 580 528 580 197 581 198 581 528 581 197 584 198 584 528 584 197 544 198 544 528 544 197 574 198 574 528 574 197 575 198 575 
528 575 197 551 198 551 528 551 197 548 198 548 528 548 197 554 198 554 528 554 197 555 198 555 528 555 197 556 198 556 528 556 197 561 198 561 528 561 197 562 
198 562 528 562 197 564 198 564 528 564 197 570 198 570 528 570 197 571 198 571 528 571 197 576 198 576 528 576 197 579 198 579 528 579 197 582 198 582 528 582 
197 585 198 585 528 585 197 586 198 586 528 586 197 587 198 587 528 587 197 583 198 583 528 583 197 526 198 526 526 528 197 527 198 527 528 527 197 590 198 590 
528 590 197 591 198 591 528 591 197 592 198 592 528 592 197 593 198 593 528 593 197 599 198 599 528 599 197 639 198 639 528 639 197 632 198 632 528 632 197 633 
198 633 528 633 197 634 198 634 528 634 197 643 198 643 528 643 197 644 198 644 528 644 197 635 198 635 528 635 197 636 198 636 528 636 197 645 198 645 528 645 
197 646 198 646 528 646 197 640 198 640 528 640 197 670 198 670 528 670 197 671 198 671 528 671 197 672 198 672 528 672 197 673 198 673 528 673 197 674 198 674 
528 674 197 677 198 677 528 677 197 676 198 676 528 676 197 588 198 588 528 588 197 589 198 589 528 589 197 596 198 596 528 596 197 597 198 597 528 597 197 598 
198 598 528 598 197 594 198 594 528 594 197 605 198 605 528 605 197 606 198 606 528 606 197 607 198 607 528 607 197 608 198 608 528 608 197 609 198 609 528 609 
197 610 198 610 528 610 197 614 198 614 528 614 197 615 198 615 528 615 197 621 198 621 528 621 197 616 198 616 528 616 197 617 198 617 528 617 197 641 198 641 
528 641 197 642 198 642 528 642 197 647 198 647 528 647 197 656 198 656 528 656 197 658 198 658 528 658 197 657 198 657 528 657 197 659 198 659 528 659 197 660 
198 660 528 660 197 662 198 662 528 662 197 665 198 665 528 665 197 611 198 611 528 611 197 612 198 612 528 612 197 624 198 624 528 624 197 625 198 625 528 625 
197 619 198 619 528 619 197 618 198 618 528 618 197 622 198 622 528 622 197 623 198 623 528 623 197 626 198 626 528 626 197 627 198 627 528 627 197 628 198 628 
528 628 197 629 198 629 528 629 197 631 198 631 528 631 197 630 198 630 528 630 197 648 198 648 528 648 197 649 198 649 528 649 197 651 198 651 528 651 197 650 
198 650 528 650 197 652 198 652 528 652 197 653 198 653 528 653 197 661 198 661 528 661 197 663 198 663 528 663 197 664 198 664 528 664 197 668 198 668 528 668 
197 669 198 669 528 669 197 667 198 667 528 667 197 666 198 666 528 666 197 637 198 637 528 637 197 638 198 638 528 638 197 675 198 675 528 675 197 680 198 680 
528 680 197 681 198 681 528 681 197 678 198 678 528 678 197 679 198 679 528 679 197 682 198 682 528 682 197 1133 198 1133 528 1133 197 683 198 683 528 683 197 684 
198 684 528 684 197 691 198 691 528 691 197 692 198 692 528 692 197 686 198 686 528 686 197 694 198 694 528 694 197 695 198 695 528 695 197 696 198 696 528 696 
197 697 198 697 528 697 197 698 198 698 528 698 197 699 198 699 528 699 197 687 198 687 528 687 197 688 198 688 528 688 197 689 198 689 528 689 197 690 198 690 
528 690 197 693 198 693 528 693 197 700 198 700 528 700 197 701 198 701 528 701 197 705 198 705 528 705 197 707 198 707 528 707 197 708 198 708 528 708 197 716 
198 716 528 716 197 719 198 719 528 719 197 720 198 720 528 720 197 721 198 721 528 721 197 728 198 728 528 728 197 702 198 702 528 702 197 722 198 722 528 722 
197 723 198 723 528 723 197 724 198 724 528 724 197 725 198 725 528 725 197 709 198 709 528 709 197 710 198 710 528 710 197 711 198 711 528 711 197 712 198 712 
528 712 197 706 198 706 528 706 197 717 198 717 528 717 197 715 198 715 528 715 197 718 198 718 528 718 197 726 198 726 528 726 197 727 198 727 528 727 197 729 
198 729 528 729 197 730 198 730 730 528 197 736 198 736 528 736 197 737 198 737 528 737 197 738 198 738 528 738 197 740 198 740 528 740 197 741 198 741 528 741 
197 731 198 731 528 731 197 732 198 732 528 732 197 733 198 733 528 733 197 734 198 734 528 734 197 735 198 735 528 735 197 739 198 739 528 739 197 742 198 742 
528 742 197 746 198 746 746 528 197 743 198 743 743 528 197 752 198 752 528 752 197 753 198 753 528 753 197 755 198 755 528 755 197 756 198 756 528 756 197 757 
198 757 528 757 197 758 198 758 528 758 197 760 198 760 528 760 197 761 198 761 528 761 197 762 198 762 528 762 197 744 198 744 528 744 197 745 198 745 528 745 
197 685 198 685 528 685 197 747 198 747 528 747 197 748 198 748 528 748 197 749 198 749 528 749 197 750 198 750 750 528 197 751 198 751 528 751 197 754 198 754 
528 754 197 759 198 759 528 759 197 763 198 763 763 528 197 764 198 764 528 764 197 774 198 774 528 774 197 767 198 767 528 767 197 768 198 768 528 768 197 769 
198 769 528 769 197 770 198 770 528 770 197 778 198 778 528 778 197 777 198 777 528 777 197 781 198 781 528 781 197 782 198 782 528 782 197 787 198 787 528 787 
197 788 198 788 528 788 197 805 198 805 528 805 197 806 198 806 528 806 197 807 198 807 528 807 197 808 198 808 528 808 197 809 198 809 528 809 197 826 198 826 
528 826 197 827 198 827 528 827 197 829 198 829 528 829 197 828 198 828 528 828 197 830 198 830 528 830 197 831 198 831 528 831 197 834 198 834 528 834 197 833 
198 833 528 833 197 765 198 765 528 765 197 766 198 766 528 766 197 775 198 775 528 775 197 776 198 776 528 776 197 772 198 772 528 772 197 771 198 771 528 771 
197 783 198 783 528 783 197 784 198 784 528 784 197 785 198 785 528 785 197 786 198 786 528 786 197 789 198 789 528 789 197 790 198 790 528 790 197 791 198 791 
528 791 197 795 198 795 528 795 197 796 198 796 528 796 197 797 198 797 528 797 197 798 198 798 528 798 197 812 198 812 528 812 197 816 198 816 528 816 197 817 
198 817 528 817 197 821 198 821 528 821 197 792 198 792 528 792 197 793 198 793 528 793 197 801 198 801 528 801 197 802 198 802 528 802 197 800 198 800 528 800 
197 799 198 799 528 799 197 803 198 803 528 803 197 804 198 804 528 804 197 813 198 813 528 813 197 814 198 814 528 814 197 818 198 818 528 818 197 819 198 819 
528 819 197 820 198 820 528 820 197 824 198 824 528 824 197 825 198 825 528 825 197 823 198 823 528 823 197 822 198 822 528 822 197 810 198 810 528 810 197 811 
198 811 528 811 197 832 198 832 528 832 197 837 198 837 528 837 197 838 198 838 528 838 197 835 198 835 528 835 197 836 198 836 528 836 197 839 198 839 528 839 
197 840 198 840 528 840 197 841 198 841 528 841 197 842 198 842 528 842 197 843 198 843 528 843 197 844 198 844 528 844 197 846 198 846 528 846 197 845 198 845 
845 528 197 848 198 848 528 848 197 847 198 847 528 847 197 852 198 852 528 852 197 851 198 851 528 851 197 856 198 856 528 856 197 857 198 857 528 857 197 858 
198 858 528 858 197 853 198 853 528 853 197 854 198 854 528 854 197 855 198 855 528 855 197 860 198 860 528 860 197 861 198 861 528 861 197 859 198 859 528 859 
197 862 198 862 528 862 197 863 198 863 528 863 197 865 198 865 528 865 197 870 198 870 528 870 197 871 198 871 528 871 197 872 198 872 528 872 197 876 198 876 
528 876 197 864 198 864 528 864 197 873 198 873 528 873 197 874 198 874 528 874 197 866 198 866 528 866 197 867 198 867 528 867 197 868 198 868 528 868 197 869 
198 869 528 869 197 875 198 875 528 875 197 878 198 878 528 878 197 877 198 877 528 877 197 897 198 897 528 897 197 898 198 898 528 898 197 899 198 899 528 899 
197 903 198 903 528 903 197 905 198 905 528 905 197 906 198 906 528 906 197 907 198 907 528 907 197 908 198 908 528 908 197 909 198 909 528 909 197 912 198 912 
528 912 197 879 198 879 528 879 197 880 198 880 528 880 197 910 198 910 528 910 197 881 198 881 528 881 197 882 198 882 528 882 197 883 198 883 528 883 197 884 
198 884 528 884 197 885 198 885 528 885 197 886 198 886 528 886 197 887 198 887 528 887 197 888 198 888 528 888 197 890 198 890 528 890 197 889 198 889 528 889 
197 891 198 891 528 891 197 892 198 892 528 892 197 893 198 893 528 893 197 894 198 894 528 894 197 895 198 895 528 895 197 896 198 896 528 896 197 900 198 900 
528 900 197 902 198 902 528 902 197 901 198 901 528 901 197 904 198 904 528 904 197 911 198 911 528 911 197 913 198 913 528 913 197 914 198 914 528 914 197 915 
198 915 528 915 197 849 198 849 528 849 197 850 198 850 528 850 197 916 198 916 528 916 197 926 198 926 528 926 197 918 198 918 528 918 197 919 198 919 528 919 
197 921 198 921 528 921 197 920 198 920 528 920 197 922 198 922 528 922 197 923 198 923 528 923 197 924 198 924 528 924 197 925 198 925 528 925 197 927 198 927 
528 927 197 928 198 928 928 528 197 935 198 935 528 935 197 934 198 934 528 934 197 931 198 931 528 931 197 932 198 932 528 932 197 929 198 929 528 929 197 930 
198 930 528 930 197 936 198 936 528 936 197 937 198 937 528 937 197 933 198 933 933 528 197 939 198 939 528 939 197 946 198 946 528 946 197 949 198 949 528 949 
197 950 198 950 528 950 197 951 198 951 528 951 197 953 198 953 528 953 197 964 198 964 528 964 197 955 198 955 528 955 197 965 198 965 528 965 197 969 198 969 
528 969 197 966 198 966 528 966 197 956 198 956 528 956 197 967 198 967 528 967 197 970 198 970 528 970 197 972 198 972 528 972 197 973 198 973 528 973 197 938 
198 938 528 938 197 957 198 957 528 957 197 958 198 958 528 958 197 959 198 959 528 959 197 960 198 960 528 960 197 961 198 961 528 961 197 962 198 962 528 962 
197 940 198 940 528 940 197 941 198 941 528 941 197 942 198 942 528 942 197 943 198 943 528 943 197 944 198 944 528 944 197 945 198 945 528 945 197 947 198 947 
528 947 197 948 198 948 528 948 197 952 198 952 528 952 197 954 198 954 528 954 197 968 198 968 528 968 197 963 198 963 528 963 197 971 198 971 528 971 197 974 
198 974 528 974 197 975 198 975 528 975 197 977 198 977 528 977 197 979 198 979 528 979 197 980 198 980 528 980 197 976 198 976 528 976 197 978 198 978 528 978 
197 981 198 981 528 981 197 983 198 983 528 983 197 984 198 984 528 984 197 1001 198 1001 528 1001 197 1025 198 1025 528 1025 197 1026 198 1026 528 1026 197 1027 198 1027 
528 1027 197 1073 198 1073 528 1073 197 1074 198 1074 528 1074 197 1075 198 1075 528 1075 197 1077 198 1077 528 1077 197 1079 198 1079 528 1079 197 982 198 982 528 982 197 987 
198 987 528 987 197 985 198 985 528 985 197 988 198 988 528 988 197 990 198 990 528 990 197 992 198 992 528 992 197 993 198 993 528 993 197 994 198 994 528 994 
197 995 198 995 528 995 197 996 198 996 528 996 197 997 198 997 528 997 197 998 198 998 528 998 197 999 198 999 528 999 197 1000 198 1000 528 1000 197 1002 198 1002 
528 1002 197 1006 198 1006 528 1006 197 1007 198 1007 528 1007 197 1008 198 1008 528 1008 197 1029 198 1029 528 1029 197 1041 198 1041 528 1041 197 1037 198 1037 528 1037 197 1034 
198 1034 528 1034 197 1035 198 1035 528 1035 197 1036 198 1036 528 1036 197 1032 198 1032 528 1032 197 1033 198 1033 528 1033 197 1042 198 1042 528 1042 197 1044 198 1044 528 1044 
197 1054 198 1054 528 1054 197 1055 198 1055 528 1055 197 1056 198 1056 528 1056 197 1059 198 1059 528 1059 197 1060 198 1060 528 1060 197 1064 198 1064 528 1064 197 1065 198 1065 
528 1065 197 1070 198 1070 528 1070 197 1067 198 1067 528 1067 197 1068 198 1068 528 1068 197 1003 198 1003 528 1003 197 1004 198 1004 528 1004 197 1015 198 1015 528 1015 197 1016 
198 1016 528 1016 197 1017 198 1017 528 1017 197 1009 198 1009 528 1009 197 1010 198 1010 528 1010 197 1011 198 1011 528 1011 197 1012 198 1012 528 1012 197 1020 198 1020 528 1020 
197 1021 198 1021 528 1021 197 1022 198 1022 528 1022 197 1023 198 1023 528 1023 197 1024 198 1024 528 1024 197 1030 198 1030 528 1030 197 1038 198 1038 528 1038 197 1039 198 1039 
528 1039 197 1031 198 1031 528 1031 197 1040 198 1040 528 1040 197 1043 198 1043 528 1043 197 1045 198 1045 528 1045 197 1046 198 1046 528 1046 197 1057 198 1057 528 1057 197 1061 
198 1061 528 1061 197 1062 198 1062 528 1062 197 1066 198 1066 528 1066 197 1071 198 1071 528 1071 197 1072 198 1072 528 1072 197 1069 198 1069 528 1069 197 1028 198 1028 528 1028 
197 1076 198 1076 528 1076 197 1078 198 1078 528 1078 197 1080 198 1080 528 1080 197 1082 198 1082 528 1082 197 1095 198 1095 528 1095 197 1090 198 1090 528 1090 197 1096 198 1096 
528 1096 197 1091 198 1091 528 1091 197 1092 198 1092 528 1092 197 1097 198 1097 528 1097 197 1098 198 1098 528 1098 197 1099 198 1099 528 1099 197 1104 198 1104 528 1104 197 1100 
198 1100 528 1100 197 1101 198 1101 528 1101 197 1106 198 1106 528 1106 197 1081 198 1081 528 1081 197 1083 198 1083 528 1083 197 1102 198 1102 528 1102 197 1085 198 1085 528 1085 
197 1086 198 1086 528 1086 197 1087 198 1087 528 1087 197 1088 198 1088 528 1088 197 1084 198 1084 528 1084 197 1093 198 1093 528 1093 197 1089 198 1089 528 1089 197 1094 198 1094 
528 1094 197 1103 198 1103 528 1103 197 1105 198 1105 528 1105 197 1107 198 1107 528 1107 197 1109 198 1109 528 1109 197 1118 198 1118 528 1118 197 1120 198 1120 528 1120 197 1121 
198 1121 528 1121 197 1122 198 1122 528 1122 197 1129 198 1129 528 1129 197 1130 198 1130 528 1130 197 1108 198 1108 528 1108 197 1123 198 1123 528 1123 197 1124 198 1124 528 1124 
197 1125 198 1125 528 1125 197 1126 198 1126 528 1126 197 1127 198 1127 528 1127 197 1110 198 1110 528 1110 197 1111 198 1111 528 1111 197 1112 198 1112 528 1112 197 1113 198 1113 
528 1113 197 1114 198 1114 528 1114 197 1115 198 1115 528 1115 197 1116 198 1116 528 1116 197 1117 198 1117 528 1117 197 1119 198 1119 528 1119 197 1128 198 1128 528 1128 197 1131 
198 1131 528 1131 339 528 338 528 337 528 336 528 553 528 714 528 713 528 430 528 429 528 424 528 990 528 991 528 986 528 1019 528 604 528 603 528 602 528 600 528 
601 528 595 528 781 528 779 528 773 528 239 197 219 197 219 198 
<PMc>
0.150000005960464 0 0.569999992847443 0 0 0 0 0 0 0 0 0 0 0 0 0 -0.46000000834465 0 0.0500000007450581 0 0.449999988079071 0 0 0 0.150000005960464 0 0.400000005960464 0 0 0 0 0 0 0 0.370000004768372 0 0 0 0 0 
-0.100000001490116 0 0.689999997615814 0 0.569999992847443 0 0 0 0 0 0 0 0 0 0 0 0 0 0 0 0 0 0 0 0.0900000035762787 0 0.25 0 0.600000023841858 0 0 0 0 0 0 0 0.370000004768372 0 0 0 
0 0 0.370000004768372 0 0.5 0 0.889999985694885 0 0 0 0.810000002384186 0 0.449999988079071 0 0 0 0 0 0 0 -0.0500000007450581 0 0.0500000007450581 0 0 0 0 0 0.0500000007450581 0 0.200000002980232 0 0 0 0 0 0 0 -0.100000001490116 0 
0 0 0 0 0 0 0 0 0 0 0.00999999977648258 0 0 0 0 0 0 0 0.0799999982118607 0 0.0799999982118607 0 0 0 0 0 0 0 0.209999993443489 0 0.600000023841858 0 0.600000023841858 0 0 0 0.400000005960464 0 0.400000005960464 0 
0 0 0.400000005960464 0 0.400000005960464 0 0 0 0.200000002980232 0 0.200000002980232 0 0 0 0 0 0 0 0 0 0.400000005960464 0 0.400000005960464 0 0 0 0 0 0 0 0 0 0.400000005960464 0 0.400000005960464 0 0 0 0.400000005960464 0 
0.400000005960464 0 0 0 0.200000002980232 0 0.200000002980232 0 0 0 0 0 0 0 0 0 0 0 0 0 0.230000004172325 0 0 0 0 0 0.300000011920929 0 0 0 0 0 0.100000001490116 0 0 0 0 0 -0.0500000007450581 0 
0 0 0 0 0.0500000007450581 0 0 0 0 0 -0.100000001490116 0 0 0 0 0 0 0 0 0 0 0 0.100000001490116 0 0 0 0 0 0 0 0 0 0 0 0 0 0 0 0 0 
-0.0500000007450581 0 0 0 0 0 -0.100000001490116 0 0 0 0 0 -0.150000005960464 0 0 0 0 0 0 0 0 0 0 0 -0.0500000007450581 0 0 0 0 0 -0.100000001490116 0 0 0 0 0 -0.150000005960464 0 0 0 
0 0 -0.0500000007450581 0 0 0 0 0 0 0 0 0 0 0 -0.0500000007450581 0 0 0 0 0 0 0 0 0 0 0 0 0 0 0 0 0 -0.0500000007450581 0 0 0 0 0 -0.100000001490116 0 
0 0 0 0 -0.150000005960464 0 0 0 0 0 0 0 0 0 0 0 -0.0500000007450581 0 0 0 0 0 -0.0500000007450581 0 0 0 0 0 -0.109999999403954 0 0.0500000007450581 0 0 0 0 0 0 0 0 0 
0 0 0 0 0 0 -0.0500000007450581 0 0 0 0 0 0 0 0 0 0 0 -0.0500000007450581 0 0 0 0 0 -0.0500000007450581 0 0.330000013113022 0 0 0 0 0 1.21000003814697 0 0 0 0 0 0.360000014305115 0 
0 0 0 0 0.509999990463257 0 0 0 0 0 0.150000005960464 0 0 0 0 0 0.0500000007450581 0 0 0 0 0 0 0 0 0 0 0 0 0 0 0 -0.0500000007450581 0 0 0 0 0 -0.100000001490116 0 
0 0 0 0 -0.150000005960464 0 0.150000005960464 0 0 0 0 0 0 0 0 0 0 0 0.150000005960464 0 0.400000005960464 0 0 0 0.0500000007450581 0 0 0 0 0 0 0 0 0 0 0 0 0 0 0 
-0.150000005960464 0 0 0 0 0 -0.140000000596046 0 0 0 0 0 -0.230000004172325 0 0 0 0 0 0.00999999977648258 0 0 0 0 0 -0.100000001490116 0 0.200000002980232 0 0.200000002980232 0 0 0 0 0 0 0 -0.0500000007450581 0 0 0 
0 0 0 0 0 0 0 0 -0.0500000007450581 0 0.0500000007450581 0 0.200000002980232 0 0 0 -0.270000010728836 0 0.170000001788139 0 0 0 0 0 0 0 0 0 0.0799999982118607 0 0.0799999982118607 0 0 0 0 0 0 0 -0.209999993443489 0 
0 0 0 0 -0.230000004172325 0 0 0 0 0 -0.0500000007450581 0 0.230000004172325 0 0.490000009536743 0 0 0 0.150000005960464 0 0.389999985694885 0 0 0 0.0500000007450581 0 0.170000001788139 0 0 0 0.00999999977648258 0 0.170000001788139 0 0 0 0.150000005960464 0 0.389999985694885 0 
0 0 0.0500000007450581 0 0.170000001788139 0 0 0 0.150000005960464 0 0.389999985694885 0 0 0 0.159999996423721 0 0.400000005960464 0 0 0 0.0500000007450581 0 0.200000002980232 0 0 0 0.150000005960464 0 0.389999985694885 0 0 0 0 0 0 0 -0.330000013113022 0 0 0 
0 0 -0.529999971389771 0 0 0 0 0 -0.00999999977648258 0 0.0900000035762787 0 0.25 0 0 0 0 0 0 0 -0.180000007152557 0 0 0 0 0 0 0 -0.0399999991059303 0 0.389999985694885 0 0 0 0.150000005960464 0 0.389999985694885 0 0 0 
0.419999986886978 0 0.419999986886978 0 0 0 0.0500000007450581 0 0.219999998807907 0 0 0 0 0 0 0 0 0 0 0 0 0 -0.0500000007450581 0 0 0 0 0 -0.150000005960464 0 0 0 0 0 0 0 0 0 0 0 
-0.0700000002980232 0 0.0700000002980232 0 0 0 0 0 0 0 0 0 0 0 0 0 0 0 0 0 0.0500000007450581 0 0 0 0 0 0.0500000007450581 0 0 0 0 0 0.0500000007450581 0 0 0 0 0 0 0 
0 0 0 0 0.0500000007450581 0 0 0 0 0 0 0 0 0 -0.0500000007450581 0 0 0 0 0 0 0 0 0 0 0 -0.100000001490116 0 0 0 0 0 0.0500000007450581 0 0 0 0 0 0.0299999993294477 0 
0 0 0 0 -0.00999999977648258 0 0.0500000007450581 0 0 0 0 0 0 0 0 0 0 0 0.0500000007450581 0 0 0 0 0 0 0 0 0 0 0 0 0 0 0 0.109999999403954 0 0 0 0 0 
0 0 0 0 0 0 -0.150000005960464 0 0.140000000596046 0 0 0 0 0 0.28999999165535 0 0.600000023841858 0 0 0 0.28999999165535 0 0.600000023841858 0 0 0 0 0 0 0 0 0 0.100000001490116 0 0.300000011920929 0 0 0 0 0 
0.600000023841858 0 0 0 0 0 0.600000023841858 0 0 0 -0.200000002980232 0 0.400000005960464 0 0 0 0.400000005960464 0 0.889999985694885 0 0 0 -0.00999999977648258 0 0.800000011920929 0 0 0 -0.00999999977648258 0 0.209999993443489 0 0 0 -0.00999999977648258 0 0.209999993443489 0 0 0 
0.0500000007450581 0 0.400000005960464 0 0 0 0.0500000007450581 0 0.400000005960464 0 0 0 0 0 0 0 0 0 0.100000001490116 0 0 0 0 0 0.0500000007450581 0 0 0 0 0 0.0500000007450581 0 0 0 0 0 0 0 0 0 
0 0 0 0 0 0 0 0 -0.0700000002980232 0 0.200000002980232 0 0 0 0.0500000007450581 0 0 0 0 0 0 0 0 0 -0.0500000007450581 0 0 0 0 0 0 0 0.0500000007450581 0 0.200000002980232 0 0 0 0 0 
0 0 0 0 0 0 0 0 0 0 0 0 0 0 -0.100000001490116 0 0 0 0 0 0 0 0 0 0 0 -0.100000001490116 0 0 0 0 0 0 0 0 0 0 0 -0.0500000007450581 0 
0 0 0 0 -0.100000001490116 0 0 0 0 0 0 0 0 0 0 0 -0.0500000007450581 0 0 0 0 0 0.200000002980232 0 0 0 0 0 0.100000001490116 0 0.230000004172325 0 0.230000004172325 0 0 0 0.560000002384186 0 0.560000002384186 0 
0 0 0.119999997317791 0 0.119999997317791 0 0 0 0 0 0 0 0 0 0 0 0 0 -0.0799999982118607 0 0 0 0 0 -0.100000001490116 0 0 0 0 0 0 0 0.200000002980232 0 0.200000002980232 0 0 0 0.200000002980232 0 
0.200000002980232 0 0 0 0 0 0 0 0 0 0.200000002980232 0 0.200000002980232 0 0 0 0.0399999991059303 0 0.0399999991059303 0 0 0 0 0 0 0 -0.0500000007450581 0 0 0 0 0 0 0 0.25 0 0.600000023841858 0 0 0 
0.150000005960464 0 0.400000005960464 0 0 0 0.150000005960464 0 0.400000005960464 0 0 0 0.0500000007450581 0 0.200000002980232 0 0 0 0 0 0 0 0 0 0 0 0 0 -0.0759999975562096 0 0 0 0 0 -0.140000000596046 0 0 0 0 0 
-0.230000004172325 0 0.0500000007450581 0 0.200000002980232 0 0 0 -0.270000010728836 0 0.170000001788139 0 0 0 0 0 0 0 0 0 0 0 0 0 -0.0500000007450581 0 0.230000004172325 0 0.490000009536743 0 0 0 0.150000005960464 0 0.389999985694885 0 0 0 0.0500000007450581 0 
0.170000001788139 0 0 0 0.00999999977648258 0 0.170000001788139 0 0 0 0.150000005960464 0 0.389999985694885 0 0 0 0.0500000007450581 0 0.170000001788139 0 0 0 0.150000005960464 0 0.389999985694885 0 0 0 0.159999996423721 0 0.400000005960464 0 0 0 0.0500000007450581 0 0.200000002980232 0 0 0 
0.150000005960464 0 0.389999985694885 0 0 0 -0.0399999991059303 0 0.389999985694885 0 0 0 0.150000005960464 0 0.389999985694885 0 0 0 0.419999986886978 0 0.419999986886978 0 0 0 0.0500000007450581 0 0.219999998807907 0 0 0 0 0 0 0 0.0700000002980232 0 0 0 0 0 
0 0 0 0 0 0 -0.0799999982118607 0 0.0500000007450581 0 0.200000002980232 0 0 0 0 0 0 0 0.340000003576279 0 0 0 0 0 0.100000001490116 0 0 0 0 0 0.00700000021606684 0 0 0 0 0 -0.0599999986588955 0 0 0 
0 0 -0.0399999991059303 0 0 0 0 0 0 0 0 0 0 0 -0.0199999995529652 0 0 0 0 0 -0.0500000007450581 0 0 0 0 0 -0.0500000007450581 0 0 0 0 0 0 0 0 0 0 0 0.400000005960464 0 
0 0 0 0 0.189999997615814 0 0.109999999403954 0 0.109999999403954 0 0 0 0.319999992847443 0 0.319999992847443 0 0 0 0.28999999165535 0 0.28999999165535 0 0 0 0 0 0 0 -0.100000001490116 0 0.540000021457672 0 0.540000021457672 0 0 0 0 0 0 0 
-0.100000001490116 0 0.330000013113022 0 0.330000013113022 0 0 0 0 0 0 0 0 0 0.300000011920929 0 0.300000011920929 0 0 0 0 0 0 0 -0.0500000007450581 0 0 0 0 0 0 0 0 0 0 0 -0.100000001490116 0 0 0 
0 0 0 0 0 0 0 0 0 0 0.100000001490116 0 0.100000001490116 0 0 0 0.46000000834465 0 0.46000000834465 0 0 0 0 0 0 0 0 0 0 0 0 0 0 0 0 0 0 0 0 0 
-0.150000005960464 0 -0.150000005960464 0 0 0 0 0 0 0 0 0 0 0 0 0 0.319999992847443 0 0 0 0 0 -1.16999995708466 0 0.0500000007450581 0 0.200000002980232 0 0 0 0 0 0 0 0 0 0 0 0 0 
-0.0500000007450581 0 0 0 0 0 0.219999998807907 0 0.259999990463257 0 0.469999998807907 0 0 0 0.0500000007450581 0 0.150000005960464 0 0 0 0.150000005960464 0 0.319999992847443 0 0 0 0.0500000007450581 0 0.200000002980232 0 0 0 0.150000005960464 0 0.180000007152557 0 0 0 0.150000005960464 0 
0.400000005960464 0 0 0 0.419999986886978 0 0.419999986886978 0 0 0 0.0500000007450581 0 0.270000010728836 0 0 0 0 0 0 0 0.0199999995529652 0 0 0 0 0 -0.150000005960464 0 0 0 0 0 -0.200000002980232 0 0 0 0 0 -0.0500000007450581 0 
0 0 0 0 -0.230000004172325 0 0 0 0 0 0 0 0 0 0 0 0 0 0 0 0 0 0 0 0.430000007152557 0 0.430000007152557 0 0 0 0 0 0 0 -0.0500000007450581 0 0 0 0 0 
0 0 0 0 0 0 -0.0500000007450581 0 0 0 0 0 0 0 0.200000002980232 0 0.200000002980232 0 0 0 0 0 0 0 0.239999994635582 0 0 0 0 0 -0.100000001490116 0 0.170000001788139 0 0.370000004768372 0 0 0 0.759999990463257 0 
0.730000019073486 0 0 0 1 0 1 0 0 0 1 0 1 0 0 0 0.159999996423721 0 0.200000002980232 0 0 0 0.639999985694885 0 0.629999995231628 0 0 0 0.519999980926514 0 0.519999980926514 0 0 0 0 0 0 0 0 0 
0 0 0 0 -0.0500000007450581 0 0 0 0 0 0 0 0.0500000007450581 0 0.340000003576279 0 0 0 0.46000000834465 0 0.46000000834465 0 0 0 0.100000001490116 0 0.100000001490116 0 0 0 0.0500000007450581 0 0.200000002980232 0 0 0 0 0 0 0 
0 0 0.0500000007450581 0 0.200000002980232 0 0 0 0.0500000007450581 0 0.200000002980232 0 0 0 0.0500000007450581 0 0.200000002980232 0 0 0 0.579999983310699 0 0.579999983310699 0 0 0 0.0500000007450581 0 0.200000002980232 0 0 0 0.270000010728836 0 0.270000010728836 0 0 0 0 0 
0 0 0 0 0 0 0 0 0 0 0.490000009536743 0 0.490000009536743 0 0 0 0.200000002980232 0 0.200000002980232 0 0 0 0.0399999991059303 0 0.0399999991059303 0 0 0 0 0 0 0 0 0 0.400000005960464 0 0.400000005960464 0 0 0 
0.119999997317791 0 0.140000000596046 0 0 0 0 0 0 0 0 0 0 0 0 0 -0.00999999977648258 0 0 0 0 0 -0.0500000007450581 0 0 0 0 0 -0.370000004768372 0 0 0 0 0 -0.100000001490116 0 0 0 0 0 
0 0 0 0 0 0 0.300000011920929 0 0 0 0 0 0 0 0 0 0 0 0 0 0 0 0 0 -0.0799999982118607 0 0 0 0 0 0 0 0 0 0 0 0 0 0 0 
0 0 0 0 0 0 0 0 0 0 0 0 0 0 0 0 0 0 0 0 -0.330000013113022 0 0 0 0 0 -0.0500000007450581 0 0 0 0 0 0.25 0 0 0 0 0 0 0 
0 0 0 0 0 0 0 0 0 0 0 0 -0.230000004172325 0 -0.230000004172325 0 0 0 -0.200000002980232 0 -0.200000002980232 0 0 0 0 0 0 0 -0.100000001490116 0 0 0 0 0 -0.0399999991059303 0 0 0 0 0 
0 0 0 0 0 0 0 0 0 0 0 0 -0.100000001490116 0 0 0 0 0 0 0 0 0 0 0 -0.109999999403954 0 0 0 0 0 -0.150000005960464 0 0 0 0 0 0 0 0 0 
0 0 0 0 0 0 0 0 0 0 0 0 0 0 -0.0500000007450581 0 0 0 0 0 -0.100000001490116 0 0.340000003576279 0 0.340000003576279 0 0 0 0.0900000035762787 0 0.0900000035762787 0 0 0 -0.129999995231628 0 -0.129999995231628 0 0 0 
0.150000005960464 0 0.150000005960464 0 0 0 0 0 0 0 0 0 0 0 0 0 0.0500000007450581 0 0 0 0 0 0.0799999982118607 0 0 0 0 0 0 0 0.200000002980232 0 0.200000002980232 0 0 0 0 0 0 0 
0 0 0.0599999986588955 0 0.0599999986588955 0 0 0 0 0 0 0 0 0 0 0 0 0 -0.0500000007450581 0 0 0 0 0 -0.0500000007450581 0 0 0 0 0 0.0799999982118607 0 0 0 0 0 -0.100000001490116 0 0 0 
0 0 0 0 0 0 0 0 0 0 0 0 0 0 -0.0500000007450581 0 0 0 0 0 0.349999994039536 0 0 0 0 0 -1.16999995708466 0 0.0500000007450581 0 0.200000002980232 0 0 0 0 0 0 0 0 0 
0 0 0 0 -0.0500000007450581 0 0 0 0 0 0.219999998807907 0 0.28999999165535 0 0.490000009536743 0 0 0 0.0500000007450581 0 0.150000005960464 0 0 0 0.180000007152557 0 0.340000003576279 0 0 0 0.0500000007450581 0 0.200000002980232 0 0 0 0.150000005960464 0 0.180000007152557 0 
0 0 0.150000005960464 0 -0.0500000007450581 0 0 0 0.419999986886978 0 0.419999986886978 0 0 0 0.0500000007450581 0 0.270000010728836 0 0 0 0 0 0 0 -0.0700000002980232 0 0 0 0 0 -0.150000005960464 0 0 0 0 0 -0.0500000007450581 0 0 0 
0 0 -0.150000005960464 0 0 0 0 0 0.0799999982118607 0 0 0 0 0 -0.0500000007450581 0 0 0 0 0 -0.0299999993294477 0 0 0 0 0 -0.0500000007450581 0 0 0 0 0 -0.00999999977648258 0 0 0 0 0 -0.0500000007450581 0 
0 0 0 0 -0.00999999977648258 0 0 0 0 0 0.0799999982118607 0 0 0 0 0 0 0 0 0 0 0 -0.0500000007450581 0 0 0 0 0 -0.0599999986588955 0 0 0 0 0 0 0 0 0 0 0 
-0.0500000007450581 0 0 0 0 0 -0.150000005960464 0 0 0 0 0 -0.100000001490116 0 0 0 0 0 -0.150000005960464 0 0 0 0 0 0 0 0 0 0 0 0 0 0 0 0 0 -0.0500000007450581 0 0 0 
0 0 0 0 0 0 0 0 -0.100000001490116 0 0 0 0 0 -0.0500000007450581 0 0.100000001490116 0 0 0 0 0 0 0 0 0 0 0 0 0 0 0 0 0 0 0 0 0 -0.0500000007450581 0 
0 0 0 0 0 0 0 0 0 0 -0.100000001490116 0 0 0 0 0 -0.0500000007450581 0 0 0 0 0 0.0299999993294477 0 0 0 0 0 -0.00999999977648258 0 0.0500000007450581 0 0 0 0 0 0 0 0 0 
0 0 0 0 0 0 0.109999999403954 0 0 0 0 0 0 0 0 0 0 0 -0.150000005960464 0 0.189999997615814 0 0 0 0 0 0 0 0 0 0 0 0 0 0 0 0 0 -0.0199999995529652 0 
0 0 0 0 0.0500000007450581 0 0 0 0 0 0.0500000007450581 0 0 0 0 0 0 0 0 0 0 0 0.0500000007450581 0 0 0 0 0 0 0 0 0 -0.0500000007450581 0 0 0 0 0 0 0 
0.0500000007450581 0 0.200000002980232 0 0 0 0 0 0 0 0 0 0 0 0 0 0 0 0 0 0 0 -0.100000001490116 0 0 0 0 0 0 0 0.200000002980232 0 0.200000002980232 0 0 0 0 0 0 0 
-0.0500000007450581 0 0 0 0 0 -0.100000001490116 0 0.379999995231628 0 0.379999995231628 0 0 0 0.600000023841858 0 0.600000023841858 0 0 0 0.400000005960464 0 0.400000005960464 0 0 0 0.400000005960464 0 0.400000005960464 0 0 0 0 0 0 0 0 0 0.230000004172325 0 
0.230000004172325 0 0 0 0.400000005960464 0 0.400000005960464 0 0 0 0.200000002980232 0 0.200000002980232 0 0 0 0 0 0 0 0 0 0.200000002980232 0 0.200000002980232 0 0 0 0.200000002980232 0 0.200000002980232 0 0 0 0.400000005960464 0 0.400000005960464 0 0 0 
0.200000002980232 0 0.200000002980232 0 0 0 0 0 0 0 0 0 0 0 0 0 0 0 0 0 0 0 0.0399999991059303 0 0 0 0 0 0 0 0 0 0 0 -0.150000005960464 0 0 0 0 0 
-0.0500000007450581 0 0 0 0 0 0 0 0 0 0 0 0 0 0 0 0 0 0 0 0 0 0 0 -0.0500000007450581 0 0 0 0 0 0 0 0 0 0 0 -0.100000001490116 0 0 0 
0 0 -0.0500000007450581 0 0.0500000007450581 0 0.209999993443489 0 0 0 0 0 0 0 0 0 0 0 0 0 1.57000005245209 0 0 0 0 0 1.98000001907349 0 0 0 0 0 0.400000005960464 0 0 0 0 0 0 0 
-0.00999999977648258 0 -0.0799999982118607 0 0 0 0 0 0 0 0.219999998807907 0 0 0 0 0 -0.200000002980232 0 0 0 0 0 0.185000002384186 0 0 0 0 0 0.25 0 0 0 0 0 -0.100000001490116 0 0 0 0 0 
-0.100000001490116 0 0.119999997317791 0 0.119999997317791 0 0 0 0.200000002980232 0 0.200000002980232 0 0 0 0 0 0 0 0 0 0 0 0 0 -0.0500000007450581 0 0 0 0 0 0 0 0.150000005960464 0 0.400000005960464 0 0 0 0.150000005960464 0 
0.400000005960464 0 0 0 0.150000005960464 0 0.400000005960464 0 0 0 0.150000005960464 0 0.400000005960464 0 0 0 0.150000005960464 0 0.400000005960464 0 0 0 0 0 0 0 0 0 0 0 0 0 -0.0500000007450581 0 0 0 0 0 0 0 
0 0 0 0 -0.259999990463257 0 0 0 0 0 0 0 0 0 0 0 0.660000026226044 0 0 0 0 0 0 0 0.170000001788139 0 0.370000004768372 0 0 0 0.25 0 0.589999973773956 0 0 0 0.430000007152557 0 1.08000004291534 0 
0 0 0.469999998807907 0 0.469999998807907 0 0 0 0 0 0 0 0 0 0.0500000007450581 0 0.340000003576279 0 0 0 0 0 0 0 0 0 0.0500000007450581 0 0.200000002980232 0 0 0 0 0 0 0 -0.0500000007450581 0 0 0 
0 0 0 0 0.0500000007450581 0 0.200000002980232 0 0 0 0.150000005960464 0 0.400000005960464 0 0 0 0.0500000007450581 0 0.370000004768372 0 0 0 -0.00999999977648258 0 0.140000000596046 0 0 0 0 0 0 0 -0.100000001490116 0 0.0500000007450581 0 0.310000002384186 0 0 0 
0.0500000007450581 0 0.200000002980232 0 0 0 0 0 0 0 0 0 0.5 0 0.5 0 0 0 0 0 0 0 0 0 0 0 0 0 -0.0399999991059303 0 0 0 0 0 -0.0399999991059303 0 0 0 0 0 
-0.140000000596046 0 0 0 0 0 -0.230000004172325 0 0 0 0 0 -0.200000002980232 0 0 0 0 0 -0.300000011920929 0 0 0 0 0 0 0 0 0 0 0 -0.300000011920929 0 0.0500000007450581 0 0.200000002980232 0 0 0 0.150000005960464 0 
0.400000005960464 0 0 0 0 0 0 0 0 0 0 0 0 0 0 0 0 0 0 0 -0.0500000007450581 0 0.0500000007450581 0 0.200000002980232 0 0 0 0 0 0 0 0 0 0 0 0 0 -0.0500000007450581 0 
0 0 0 0 -0.100000001490116 0 0 0 0 0 0 0 0.400000005960464 0 0.400000005960464 0 0 0 0 0 0 0 0 0 0 0 0 0 -0.100000001490116 0 0.150000005960464 0 0.379999995231628 0 0 0 0.0500000007450581 0 0.170000001788139 0 
0 0 0 0 0 0 -0.0500000007450581 0 0 0 0 0 0 0 0.25 0 0.490000009536743 0 0 0 0.349999994039536 0 0.839999973773956 0 0 0 0.150000005960464 0 0.400000005960464 0 0 0 0.25 0 0.810000002384186 0 0 0 0.0500000007450581 0 
0.200000002980232 0 0 0 0.00999999977648258 0 0.170000001788139 0 0 0 0.150000005960464 0 0.400000005960464 0 0 0 0.25 0 0.579999983310699 0 0 0 0.0500000007450581 0 0.200000002980232 0 0 0 0.150000005960464 0 0.379999995231628 0 0 0 0.25 0 0.879999995231628 0 0 0 
0.25 0 0.600000023841858 0 0 0 0 0 0 0 -0.0199999995529652 0 0 0 0 0 -0.330000013113022 0 0 0 0 0 -0.400000005960464 0 0 0 0 0 -0.400000005960464 0 0 0 0 0 -0.529999971389771 0 0 0 0 0 
-0.180000007152557 0 0 0 0 0 0.0700000002980232 0 0 0 0 0 -0.100000001490116 0 0 0 0 0 0 0 0 0 0 0 -0.00999999977648258 0 0 0 0 0 0 0 0 0 0 0 -0.200000002980232 0 0 0 
0 0 -0.119999997317791 0 0 0 0 0 -0.300000011920929 0 0 0 0 0 -0.100000001490116 0 0.0900000035762787 0 0.25 0 0 0 0.150000005960464 0 0.46000000834465 0 0 0 0 0 0 0 -0.0599999986588955 0 0.0500000007450581 0 0.5 0 0 0 
0 0 0 0 -0.180000007152557 0 0 0 0 0 0 0 0 0 0 0 -0.150000005960464 0 0 0 0 0 -0.100000001490116 0 0 0 0 0 0.200000002980232 0 0 0 0 0 0.319999992847443 0 0 0 0 0 
0 0 0.0500000007450581 0 0.28999999165535 0 0 0 0 0 0 0 -0.00999999977648258 0 0 0 0 0 0 0 0 0 0 0 0 0 0.0500000007450581 0 0.200000002980232 0 0 0 0 0 0 0 -0.0500000007450581 0 0 0 
0 0 0 0 0 0 0 0 0 0 0.0500000007450581 0 0.330000013113022 0 0 0 0.0500000007450581 0 -0.0599999986588955 0 0 0 0 0 0 0 -0.400000005960464 0 0 0 0 0 0 0 0 0 0 0 0 0 
0.200000002980232 0 0.200000002980232 0 0 0 0 0 0 0 0.0700000002980232 0 0 0 0 0 0 0 0.150000005960464 0 0.400000005960464 0 0 0 0.25 0 0.5 0 0 0 0.25 0 0.759999990463257 0 0 0 0.150000005960464 0 0.400000005960464 0 
0 0 0.439999997615814 0 0.439999997615814 0 0 0 0.0500000007450581 0 0.200000002980232 0 0 0 0.150000005960464 0 0.5 0 0 0 0 0 0 0 0 0 0 0 0 0 0.0399999991059303 0 0 0 0 0 -0.0799999982118607 0 0 0 
0 0 -0.259999990463257 0 0.150000005960464 0 0.400000005960464 0 0 0 0.0500000007450581 0 0.200000002980232 0 0 0 0.349999994039536 0 0.800000011920929 0 0 0 0.150000005960464 0 0.389999985694885 0 0 0 0.0500000007450581 0 0.259999990463257 0 0 0 0 0 0 0 0 0 
0 0 0 0 -0.0500000007450581 0 0 0 0 0 0.219999998807907 0 0 0 0 0 0.0299999993294477 0 0.25 0 0.600000023841858 0 0 0 0.150000005960464 0 0.400000005960464 0 0 0 0.0500000007450581 0 0.200000002980232 0 0 0 0 0 0 0 
0 0 0.25 0 0.600000023841858 0 0 0 0.0500000007450581 0 0.589999973773956 0 0 0 0 0 0 0 0 0 0 0 0 0 -0.200000002980232 0 0 0 0 0 -0.0500000007450581 0 0 0 0 0 -0.0500000007450581 0 0 0 
0 0 -0.100000001490116 0 0 0 0 0 0 0 0 0 0 0 0 0 0 0 0 0 -0.00999999977648258 0 0 0 0 0 -0.109999999403954 0 0.150000005960464 0 0.150000005960464 0 0 0 0.340000003576279 0 0.340000003576279 0 0 0 
-0.5 0 -0.5 0 0 0 -0.150000005960464 0 -0.150000005960464 0 0 0 -0.629999995231628 0 -0.629999995231628 0 0 0 0.0399999991059303 0 0.0399999991059303 0 0 0 0 0 0 0 0 0 0 0 0 0 -0.0799999982118607 0 0 0 0 0 
-0.100000001490116 0 0 0 0 0 0 0 0.200000002980232 0 0.200000002980232 0 0 0 0.200000002980232 0 0.200000002980232 0 0 0 0 0 0 0 0 0 -0.0500000007450581 0 -0.0500000007450581 0 0 0 0 0 0 0 0.0799999982118607 0 0 0 
0 0 0 0 0 0 0 0 0 0 0.819999992847443 0 0.819999992847443 0 0 0 0.819999992847443 0 0.819999992847443 0 0 0 0.819999992847443 0 0.819999992847443 0 0 0 0 0 0 0 0 0 0 0 0 0 -0.0500000007450581 0 
0.819999992847443 0 0.819999992847443 0 0 0 0.200000002980232 0 0.200000002980232 0 0 0 0 0 0 0 0 0 0 0 0 0 -0.0199999995529652 0 0 0 0 0 -0.100000001490116 0 0.819999992847443 0 0.819999992847443 0 0 0 0.200000002980232 0 0.200000002980232 0 
0 0 0 0 0 0 -0.100000001490116 0 0 0 0 0 0 0 0.699999988079071 0 0.699999988079071 0 0 0 0.5 0 0.5 0 0 0 0.400000005960464 0 0.400000005960464 0 0 0 0.200000002980232 0 0.200000002980232 0 0 0 0 0 
0 0 0 0 0 0 0 0 -0.100000001490116 0 0 0 0 0 -0.0500000007450581 0 0 0 0 0 0 0 0 0 0 0 -0.100000001490116 0 0.400000005960464 0 0.400000005960464 0 0 0 0.800000011920929 0 0.800000011920929 0 0 0 
0 0 0 0 -0.25 0 0.200000002980232 0 0.200000002980232 0 0 0 0 0 0 0 0 0 0 0 0 0 -0.0500000007450581 0 0 0 0 0 -0.100000001490116 0 0 0 0 0 -0.100000001490116 0 0.699999988079071 0 0.699999988079071 0 
0 0 0.600000023841858 0 0.600000023841858 0 0 0 0 0 0 0 0 0 0.400000005960464 0 0.400000005960464 0 0 0 0 0 0 0 0 0 0 0 0 0 -0.100000001490116 0 0 0 0 0 -0.150000005960464 0 0 0 
0 0 -0.200000002980232 0 0 0 0 0 -0.300000011920929 0 0 0 0 0 0.00999999977648258 0 0 0 0 0 0 0 0 0 0 0 -0.100000001490116 0 0 0 0 0 -0.0500000007450581 0 0.0500000007450581 0 0 0 0 0 
0 0 0 0 0 0 0.0500000007450581 0 0.200000002980232 0 0 0 0.100000001490116 0 0.400000005960464 0 0 0 0 0 0 0 0 0 0.0500000007450581 0 0.200000002980232 0 0 0 0 0 0 0 0 0 0.0500000007450581 0 0 0 
0 0 0.400000005960464 0 0.400000005960464 0 0 0 0 0 0 0 -0.0500000007450581 0 0 0 0 0 0 0 0 0 0 0 -0.100000001490116 0 0 0 0 0 -0.150000005960464 0 0 0 0 0 -0.0500000007450581 0 0 0 
0 0 0 0 0.230000004172325 0 0.490000009536743 0 0 0 0.370000004768372 0 0.819999992847443 0 0 0 0.389999985694885 0 0.389999985694885 0 0 0 0.850000023841858 0 0.850000023841858 0 0 0 0 0 0 0 -0.0500000007450581 0 0.0500000007450581 0 0.200000002980232 0 0 0 
0.150000005960464 0 0.400000005960464 0 0 0 0.25 0 0.560000002384186 0 0 0 0.0500000007450581 0 0.200000002980232 0 0 0 0.150000005960464 0 0.360000014305115 0 0 0 0.150000005960464 0 0.400000005960464 0 0 0 0.349999994039536 0 0.800000011920929 0 0 0 0.25 0 0.699999988079071 0 
0 0 0 0 0 0 -0.100000001490116 0 0 0 0 0 -0.150000005960464 0 0 0 0 0 -0.200000002980232 0 0 0 0 0 -0.25 0 0 0 0 0 0 0 0 0 0 0 0 0 0 0 
0 0 -0.0500000007450581 0 0 0 0 0 -0.100000001490116 0 0.0500000007450581 0 0.239999994635582 0 0 0 0.189999997615814 0 0.46000000834465 0 0 0 0.360000014305115 0 0.5 0 0 0 0 0 0 0 0 0 0 0 0 0 -0.180000007152557 0 
0 0 0 0 0 0 0.0500000007450581 0 0.28999999165535 0 0 0 0 0 0 0 0 0 0.0500000007450581 0 0.200000002980232 0 0 0 0 0 0 0 0 0 0 0 0 0 0 0 0.0500000007450581 0 0.200000002980232 0 
0 0 0 0 0 0 -0.0500000007450581 0 0 0 0 0 0 0 0.200000002980232 0 0.200000002980232 0 0 0 0 0 0 0 0.0700000002980232 0 0 0 0 0 0 0 0.150000005960464 0 0.389999985694885 0 0 0 0.200000002980232 0 
0.5 0 0 0 0.150000005960464 0 0.389999985694885 0 0 0 0.150000005960464 0 0.400000005960464 0 0 0 0.550000011920929 0 0.550000011920929 0 0 0 0.0500000007450581 0 0.200000002980232 0 0 0 0.150000005960464 0 0.360000014305115 0 0 0 0.0599999986588955 0 0 0 0 0 
0 0 0 0 0 0 0.0500000007450581 0 0 0 0 0 0.0500000007450581 0 0 0 0 0 0.0500000007450581 0 0 0 0 0 0 0 0 0 0 0 0 0 0 0 -0.100000001490116 0 0 0 0 0 
0 0 0 0 0 0 -0.0799999982118607 0 0 0 0 0 0.0500000007450581 0 0 0 0 0 -0.100000001490116 0 0 0 0 0 0 0 0 0 0 0 -0.100000001490116 0 0 0 0 0 -0.100000001490116 0 0 0 
0 0 -0.0500000007450581 0 0 0 0 0 0.0500000007450581 0 0 0 0 0 -0.100000001490116 0 0 0 0 0 -0.119999997317791 0 0 0 0 0 0 0 0 0 0 0 0 0 0 0 0 0 -0.150000005960464 0 
0 0 0 0 -0.0500000007450581 0 0 0 0 0 -0.0700000002980232 0 0 0 0 0 -1.16999995708466 0 0.0500000007450581 0 0.200000002980232 0 0 0 0 0 0 0 0 0 0 0 0 0 -0.0500000007450581 0 0 0 0 0 
0.219999998807907 0 0.25 0 0.469999998807907 0 0 0 0.349999994039536 0 0.709999978542328 0 0 0 0.349999994039536 0 0.479999989271164 0 0 0 0.0500000007450581 0 0.150000005960464 0 0 0 0.150000005960464 0 0.319999992847443 0 0 0 0.0500000007450581 0 0.200000002980232 0 0 0 0.150000005960464 0 
0.180000007152557 0 0 0 0.150000005960464 0 -0.200000002980232 0 0 0 0.419999986886978 0 0.419999986886978 0 0 0 0.0500000007450581 0 0.270000010728836 0 0 0 0 0 0 0 0 0 0 0 0 0 -0.100000001490116 0 0 0 0 0 -0.200000002980232 0 
0 0 0 0 0 0 0 0 0 0 0 0 0 0 0 0 0.219999998807907 0 0 0 0 0 0 0 0 0 0 0 -0.0500000007450581 0 0 0 0 0 -0.100000001490116 0 0 0 0 0 
0 0 0.140000000596046 0 0.189999997615814 0 0 0 0.699999988079071 0 0.699999988079071 0 0 0 -0.0199999995529652 0 -0.0199999995529652 0 0 0 0.150000005960464 0 0.150000005960464 0 0 0 0 0 0 0 0 0 0 0 0 0 0.159999996423721 0 0.0399999991059303 0 
0.0399999991059303 0 0 0 0.560000002384186 0 0.560000002384186 0 0 0 0 0 0 0 0 0 0.490000009536743 0 0.490000009536743 0 0 0 0 0 0 0 0.0700000002980232 0 0 0 0 0 -0.100000001490116 0 0 0 0 0 0 0 
0 0 0 0 -0.0500000007450581 0 0 0 0 0 -0.100000001490116 0 0.140000000596046 0 0.140000000596046 0 0 0 0 0 0 0 0 0 0 0 0 0 -0.0500000007450581 0 0 0 0 0 -0.100000001490116 0 0.200000002980232 0 0.200000002980232 0 
0 0 0 0 0 0 -0.0500000007450581 0 0 0 0 0 0 0 0.170000001788139 0 0.170000001788139 0 0 0 -0.0700000002980232 0 -0.0700000002980232 0 0 0 0 0 0 0 -0.0500000007450581 0 -0.170000001788139 0 -0.170000001788139 0 0 0 0 0 
0 0 0 0 0 0 0 0 -0.0799999982118607 0 0 0 0 0 -0.119999997317791 0 0.119999997317791 0 0 0 0 0 0 0 0 0 0 0 0 0 0 0 0 0 0.0500000007450581 0 0 0 0 0 
0.0500000007450581 0 0 0 0 0 0.0500000007450581 0 0 0 0 0 0 0 0 0 0 0 0.0500000007450581 0 0 0 0 0 0 0 0 0 -0.0500000007450581 0 0 0 0 0 0 0 0 0 0 0 
-0.100000001490116 0 0.25 0 0.600000023841858 0 0 0 -0.430000007152557 0 0.400000005960464 0 0 0 0 0 0 0 0.889999985694885 0 0 0 0 0 -0.0500000007450581 0 0 0 0 0 -0.100000001490116 0 0 0 0 0 0 0 0 0 
0 0 -0.0500000007450581 0 0 0 0 0 0 0 0 0 0 0 -0.0799999982118607 0 0 0 0 0 -0.0500000007450581 0 0 0 0 0 -0.300000011920929 0 0.150000005960464 0 0.400000005960464 0 0 0 0.25 0 0.5 0 0 0 
0.150000005960464 0 0.430000007152557 0 0 0 0.0500000007450581 0 0.25 0 0 0 0.150000005960464 0 0.430000007152557 0 0 0 0 0 0 0 -0.100000001490116 0 0.129999995231628 0 0.330000013113022 0 0 0 0 0 0 0 0 0 0 0 0 0 
-0.100000001490116 0 0 0 0 0 -0.0500000007450581 0 0 0 0 0 0 0 0 0 0 0 -0.100000001490116 0 0.150000005960464 0 0.379999995231628 0 0 0 0 0 0 0 0 0 0 0 0 0 -0.090999998152256 0 0.25 0 
0.699999988079071 0 0 0 0.400000005960464 0 1.22000002861023 0 0 0 0.28999999165535 0 0.910000026226044 0 0 0 0.25 0 0.560000002384186 0 0 0 0.699999988079071 0 1.69000005722046 0 0 0 0.829999983310699 0 2.20000004768372 0 0 0 0.720000028610229 0 1.85000002384186 0 0 0 
0.620000004768372 0 0.620000004768372 0 0 0 0.25 0 0.479999989271164 0 0 0 0.150000005960464 0 0.300000011920929 0 0 0 0.0500000007450581 0 0.100000001490116 0 0 0 0 0 0 0 0 0 0 0 0 0 -0.300000011920929 0 0.25 0 0.5 0 
0 0 0.349999994039536 0 0.699999988079071 0 0 0 0.25 0 0.560000002384186 0 0 0 0.25 0 0.560000002384186 0 0 0 0 0 0 0 -0.219999998807907 0 0.189999997615814 0 0.479999989271164 0 0 0 0.25 0 0.5 0 0 0 0.140000000596046 0 
0.300000011920929 0 0 0 0.25 0 0.600000023841858 0 0 0 0.600000023841858 0 0.800000011920929 0 0 0 0 0 0 0 0 0 0 0 0 0 -0.0500000007450581 0 0.150000005960464 0 0.400000005960464 0 0 0 0.140000000596046 0 0.400000005960464 0 0 0 
0.0500000007450581 0 0.200000002980232 0 0 0 0 0 0 0 -0.0900000035762787 0 0 0 0 0 -0.300000011920929 0 0.150000005960464 0 0.490000009536743 0 0 0 0.150000005960464 0 0.400000005960464 0 0 0 0.0500000007450581 0 0.200000002980232 0 0 0 0 0 0 0 
0 0 0 0 0 0 0 0 0 0 0 0 -0.100000001490116 0 0 0 0 0 -0.200000002980232 0 0.150000005960464 0 0.300000011920929 0 0 0 0 0 0 0 0 0 0.349999994039536 0 0.759999990463257 0 0 0 0.589999973773956 0 
0.589999973773956 0 0 0 0 0 0 0 -0.0500000007450581 0 0 0 0 0 0 0 0 0 0 0 -0.100000001490116 0 0 0 0 0 -0.0500000007450581 0 0.25 0 0.479999989271164 0 0 0 0.300000011920929 0 0.300000011920929 0 0 0 
0.100000001490116 0 0.100000001490116 0 0 0 0 0 0 0 0 0 0 0 0 0 -0.0500000007450581 0 0 0 0 0 -0.100000001490116 0 0.25 0 0.600000023841858 0 0 0 0.25 0 0.550000011920929 0 0 0 0.25 0 0.620000004768372 0 
0 0 0 0 0 0 -0.150000005960464 0 0 0 0 0 -0.00999999977648258 0 0 0 0 0 -0.920000016689301 0 0 0 0 0 0 0 0.0500000007450581 0 0.200000002980232 0 0 0 0 0 0 0 0 0 0.200000002980232 0 
0.200000002980232 0 0 0 0 0 0 0 0 0 0 0 0 0 -0.0500000007450581 0 0 0 0 0 0 0 0 0 0 0 -0.180000007152557 0 0 0 0 0 0 0 0 0 0 0 0 0 
0 0 0 0 0 0 0 0 0 0 -0.239999994635582 0 0 0 0 0 0.00999999977648258 0 0 0 0 0 -0.180000007152557 0 0 0 0 0 -0.00999999977648258 0 0 0 0 0 0 0 0 0 0 0 
0 0 0 0 0 0 -0.100000001490116 0 0 0 0 0 -0.119999997317791 0 0 0 0 0 -0.259999990463257 0 0.0500000007450581 0 0.259999990463257 0 0 0 0.209999993443489 0 0.46000000834465 0 0 0 0 0 0 0 -0.109999999403954 0 0.330000013113022 0 
0.330000013113022 0 0 0 0 0 0 0 0 0 0 0 0 0 0 0 0 0 0 0 0 0 0 0 0 0 -0.0199999995529652 0 0 0 0 0 -0.25 0 0 0 0 0 -0.219999998807907 0 
0.0500000007450581 0 0.280000001192093 0 0 0 0 0 0 0 0 0 0 0 0 0 -0.140000000596046 0 0 0 0 0 -0.300000011920929 0 0.0500000007450581 0 0.200000002980232 0 0 0 0.0500000007450581 0 0.200000002980232 0 0 0 0.150000005960464 0 0.400000005960464 0 
0 0 0 0 0 0 0 0 0 0 0 0 0 0 0.0500000007450581 0 0.200000002980232 0 0 0 0.0500000007450581 0 0.330000013113022 0 0 0 0.0500000007450581 0 0.330000013113022 0 0 0 0.0500000007450581 0 -0.0599999986588955 0 0 0 0 0 
0 0 0 0 0 0 0 0 -0.0900000035762787 0 0.0500000007450581 0 0.259999990463257 0 0 0 0 0 0 0 0 0 0.300000011920929 0 0.300000011920929 0 0 0 0 0 0 0 0 0 0.25 0 0.479999989271164 0 0 0 
0.400000005960464 0 0.400000005960464 0 0 0 0.25 0 0.519999980926514 0 0 0 0.150000005960464 0 0.300000011920929 0 0 0 0 0 0 0 -0.100000001490116 0 0 0 0 0 -0.0500000007450581 0 0 0 0 0 0 0 0 0 0 0 
-0.150000005960464 0 0 0 0 0 -0.100000001490116 0 0 0 0 0 -0.200000002980232 0 0 0 0 0 0 0 0 0 0 0 -0.0500000007450581 0 0 0 0 0 0 0 0 0 0 0 -0.100000001490116 0 0 0 
0 0 0.0700000002980232 0 0 0 0 0 0.129999995231628 0 0 0 0 0 0.379999995231628 0 0.349999994039536 0 0.349999994039536 0 0 0 0.400000005960464 0 0.400000005960464 0 0 0 0.860000014305115 0 0.860000014305115 0 0 0 0.239999994635582 0 0.239999994635582 0 0 0 
0 0 0 0 0 0 0 0 0 0 0.170000001788139 0 0 0 0 0 -0.100000001490116 0 0 0 0 0 0 0 0.200000002980232 0 0.200000002980232 0 0 0 0.449999988079071 0 0.449999988079071 0 0 0 0 0 0 0 
0 0 0.189999997615814 0 0.189999997615814 0 0 0 0 0 0 0 -0.0500000007450581 0 0 0 0 0 0 0 0 0 0 0 -0.0900000035762787 0 0.150000005960464 0 0.839999973773956 0 0 0 0.150000005960464 0 0.620000004768372 0 0 0 0 0 
0 0 0 0 0 0 0 0 -0.100000001490116 0 0 0 0 0 0 0 0 0 0 0 -0.100000001490116 0 0.330000013113022 0 0.889999985694885 0 0 0 0.330000013113022 0 1.88999998569489 0 0 0 0.25 0 0.930000007152557 0 0 0 
0.0500000007450581 0 0.0900000035762787 0 0 0 0 0 0 0 0 0 0.75 0 3.60999989509583 0 0 0 0.870000004768372 0 0.870000004768372 0 0 0 0.839999973773956 0 0.839999973773956 0 0 0 0.25 0 0.629999995231628 0 0 0 0.150000005960464 0 0.469999998807907 0 
0 0 0.0500000007450581 0 0.200000002980232 0 0 0 0 0 0 0 0 0 0 0 0 0 -0.140000000596046 0 0 0 0 0 -0.150000005960464 0 0.25 0 0.879999995231628 0 0 0 0.25 0 0.569999992847443 0 0 0 0.150000005960464 0 
0.389999985694885 0 0 0 -0.00999999977648258 0 0.00999999977648258 0 -0.00999999977648258 0 -0.100000001490116 0 -0.100000001490116 0 -0.00999999977648258 0 -0.100000001490116 0 -0.00999999977648258 0 -0.100000001490116 0 -0.00999999977648258 0 -0.00999999977648258 0 -0.100000001490116 0 -0.00999999977648258 0 -0.100000001490116 0 0.00999999977648258 0 -0.00999999977648258 0 0.00999999977648258 0 -0.00999999977648258 0 
-0.100000001490116 0 -0.00999999977648258 0 -0.00999999977648258 0 -0.100000001490116 0 -0.00999999977648258 0 0.300000011920929 0 0.159999996423721 0 0.340000003576279 0 
<LsMdc>
0 0 0 0 0 0 
<DMc>

<MoiSN>

<SitFr>

<LsMdc2>
0 0 0 0 0 0 
<DQFc>

<LsPhl>
0 0 0 0 0 0 0 0 0 0 0 0 0 0 0 0 0 0 0 0 0 0 0 0 0 0 0 0 0 0 0 0 0 0 0 0 0 0 0 0 
0 0 0 0 0 0 0 0 0 0 0 0 0 0 0 0 0 0 0 0 0 0 0 0 0 0 0 0 0 0 0 0 0 0 0 0 0 0 0 0 
0 0 0 0 0 0 0 0 0 0 0 0 0 0 0 0 0 0 0 0 0 0 0 0 0 0 0 0 0 0 0 0 0 0 0 0 0 0 0 0 
0 0 0 0 0 0 0 0 0 0 0 0 0 0 0 0 0 0 0 0 0 0 0 0 0 0 0 0 0 0 0 0 0 0 0 0 0 0 0 0 
0 0 0 0 0 0 0 0 0 0 0 0 0 0 0 0 0 0 0 0 0 0 0 0 0 0 0 0 0 0 0 0 0 0 0 0 0 0 0 0 
0 0 0 0 0 0 0 0 0 0 0 0 0 0 0 0 0 0 0 0 0 0 0 0 0 0 0 0 0 0 0 0 0 0 0 0 0 0 0 0 
0 0 0 0 0 0 0 0 0 0 0 0 0 0 0 0 0 0 0 0 0 0 0 0 0 0 0 0 0 0 0 0 0 0 0 0 0 0 0 0 
0 0 0 0 0 0 0 0 0 0 0 0 0 0 0 0 0 0 0 0 0 0 0 0 0 0 0 0 0 0 0 0 0 0 0 0 0 0 0 0 
0 0 0 0 0 0 0 0 0 0 0 0 0 0 0 0 0 0 0 0 0 0 0 0 0 0 0 0 0 0 0 0 0 0 0 0 0 0 0 0 
0 0 0 0 0 0 0 0 0 0 0 0 0 0 0 0 0 0 0 0 0 0 0 0 0 0 0 0 0 0 0 0 0 0 0 0 0 0 0 0 
0 0 0 0 0 0 0 0 0 0 0 0 0 0 0 0 0 0 0 0 0 0 0 0 0 0 0 0 0 0 0 0 0 0 0 0 0 0 0 0 
0 0 0 0 0 0 0 0 0 0 0 0 0 0 0 0 0 0 0 0 0 0 0 0 0 0 0 0 0 0 0 0 0 0 0 0 0 0 0 0 
0 0 0 0 0 0 0 0 0 0 0 0 0 0 0 0 0 0 0 0 0 0 0 0 0 0 0 0 0 0 0 0 0 0 0 0 0 0 0 0 
0 0 0 0 0 0 0 0 0 0 0 0 0 0 0 0 0 0 0 0 0 0 0 0 0 0 0 0 0 0 0 0 0 0 0 0 0 0 0 0 
0 0 0 0 0 0 0 0 0 0 0 0 0 0 0 0 0 0 0 0 0 0 0 0 0 0 0 0 0 0 0 0 0 0 0 0 0 0 0 0 
0 0 0 0 0 0 0 0 0 0 0 0 0 0 0 0 0 0 0 0 0 0 0 0 0 0 0 0 0 0 0 0 0 0 0 0 0 0 0 0 
0 0 0 0 0 0 0 0 0 0 0 0 0 0 0 0 0 0 0 0 0 0 0 0 0 0 0 0 0 0 0 0 0 0 0 0 0 0 0 0 
0 0 0 0 0 0 0 0 0 0 0 0 0 0 0 0 0 0 0 0 0 0 0 0 0 0 0 0 0 0 0 0 0 0 0 0 0 0 0 0 
0 0 0 0 0 0 0 0 0 0 0 0 0 0 0 0 0 0 0 0 0 0 0 0 0 0 0 0 0 0 0 0 0 0 0 0 0 0 0 0 
0 0 0 0 0 0 0 0 0 0 0 0 0 0 0 0 0 0 0 0 0 0 0 0 0 0 0 0 0 0 0 0 0 0 0 0 0 0 0 0 
0 0 0 0 0 0 0 0 0 0 0 0 0 0 0 0 0 0 0 0 0 0 0 0 0 0 0 0 0 0 0 0 0 0 0 0 0 0 0 0 
0 0 0 0 
<PhLin>

<lPhc>

<lnDQFt>
0 0 0 0 0 0 0 0 0 0 0 0 0 0 0 0 0 0 0 0 0 0 0 0 0 0 0 0 0 0 0 0 0 0 0 0 0 0 0 0 
0 0 0 0 0 0 0 0 0 0 0 0 0 0 0 0 0 0 0 0 0 0 0 0 0 0 0 0 0 0 0 0 0 0 0 0 0 0 0 0 
0 0 0 0 0 0 0 0 0 0 0 0 0 0 0 0 0 0 0 0 0 0 0 0 0 0 0 0 0 0 0 0 0 0 0 0 0 0 0 0 
0 0 0 0 0 0 0 0 0 0 0 0 0 0 0 0 0 0 0 0 0 0 0 0 0 0 0 0 0 0 0 0 0 0 0 0 0 0 0 0 
0 0 0 0 0 0 0 0 0 0 0 0 0 0 0 0 0 0 0 0 0 0 0 0 0 0 0 0 0 0 0 0 0 0 0 0 0 0 0 0 
0 0 0 0 0 0 0 0 0 0 0 0 0 0 0 0 0 0 0 0 0 0 0 0 0 0 0 0 0 0 0 0 0 0 0 0 0 0 0 0 
0 0 0 0 0 0 0 0 0 0 0 0 0 0 0 0 0 0 0 0 0 0 0 0 0 0 0 0 0 0 0 0 0 0 0 0 0 0 0 0 
0 0 0 0 0 0 0 0 0 0 0 0 0 0 0 0 0 0 0 0 0 0 0 0 0 0 0 0 0 0 0 0 0 0 0 0 0 0 0 0 
0 0 0 0 0 0 0 0 0 0 0 0 0 0 0 0 0 0 0 0 0 0 0 0 0 0 0 0 0 0 0 0 0 0 0 0 0 0 0 0 
0 0 0 0 0 0 0 0 0 0 0 0 0 0 0 0 0 0 0 0 0 0 0 0 0 0 0 0 0 0 0 0 0 0 0 0 0 0 0 0 
0 0 0 0 0 0 0 0 0 0 0 0 0 0 0 0 0 0 0 0 0 0 0 0 0 0 0 0 0 0 0 0 0 0 0 0 0 0 0 0 
0 0 0 0 0 0 0 0 0 0 0 0 0 0 0 0 0 0 0 0 0 0 0 0 0 0 0 0 0 0 0 0 0 0 0 0 0 0 0 0 
0 0 0 0 0 0 0 0 0 0 0 0 0 0 0 0 0 0 0 0 0 0 0 0 0 0 0 0 0 0 0 0 0 0 0 0 0 0 0 0 
0 0 0 0 0 0 0 0 0 0 0 0 0 0 0 0 0 0 0 0 0 0 0 0 0 0 0 0 0 0 0 0 0 0 0 0 0 0 0 0 
0 0 0 0 0 0 0 0 0 0 0 0 0 0 0 0 0 0 0 0 0 0 0 0 0 0 0 0 0 0 0 0 0 0 0 0 0 0 0 0 
0 0 0 0 0 0 0 0 0 0 0 0 0 0 0 0 0 0 0 0 0 0 0 0 0 0 0 0 0 0 0 0 0 0 0 0 0 0 0 0 
0 0 0 0 0 0 0 0 0 0 0 0 0 0 0 0 0 0 0 0 0 0 0 0 0 0 0 0 0 0 0 0 0 0 0 0 0 0 0 0 
0 0 0 0 0 0 0 0 0 0 0 0 0 0 0 0 0 0 0 0 0 0 0 0 0 0 0 0 0 0 0 0 0 0 0 0 0 0 0 0 
0 0 0 0 0 0 0 0 0 0 0 0 0 0 0 0 0 0 0 0 0 0 0 0 0 0 0 0 0 0 0 0 0 0 0 0 0 0 0 0 
0 0 0 0 0 0 0 0 0 0 0 0 0 0 0 0 0 0 0 0 0 0 0 0 0 0 0 0 0 0 0 0 0 0 0 0 0 0 0 0 
0 0 0 0 0 0 0 0 0 0 0 0 0 0 0 0 0 0 0 0 0 0 0 0 0 0 0 0 0 0 0 0 0 0 0 0 0 0 0 0 
0 0 0 0 0 0 0 0 0 0 0 0 0 0 0 0 0 0 0 0 0 0 0 0 0 0 0 0 0 0 0 0 0 0 0 0 0 0 0 0 
0 0 0 0 0 0 0 0 0 0 0 0 0 0 0 0 0 0 0 0 0 0 0 0 0 0 0 0 0 0 0 0 0 0 0 0 0 0 0 0 
0 0 0 0 0 0 0 0 0 0 0 0 0 0 0 0 0 0 0 0 0 0 0 0 0 0 0 0 0 0 0 0 0 0 0 0 0 0 0 0 
0 0 0 0 0 0 0 0 0 0 0 0 0 0 0 0 0 0 0 0 0 0 0 0 0 0 0 0 0 0 0 0 0 0 0 0 0 0 0 0 
0 0 0 0 0 0 0 0 0 0 0 0 0 0 0 0 0 0 0 0 0 0 0 0 0 0 0 0 0 0 0 0 0 0 0 0 0 0 0 0 
0 0 0 0 0 0 0 0 0 0 0 0 0 0 0 0 0 0 0 0 0 0 0 0 0 0 0 0 0 0 0 0 0 0 0 0 0 0 0 0 
0 0 0 0 0 0 0 0 0 0 0 0 0 0 0 0 0 0 0 0 0 0 0 0 0 0 0 0 0 0 0 0 0 0 0 0 0 0 0 0 
0 0 0 0 0 0 0 0 0 0 0 0 0 0 0 0 0 0 0 0 0 0 0 0 0 0 
<lnRcpt>
0 0 0 0 0 0 0 0 0 0 0 0 0 0 0 0 0 0 0 0 0 0 0 0 0 0 0 0 0 0 0 0 0 0 0 0 0 0 0 0 
0 0 0 0 0 0 0 0 0 0 0 0 0 0 0 0 0 0 0 0 0 0 0 0 0 0 0 0 0 0 0 0 0 0 0 0 0 0 0 0 
0 0 0 0 0 0 0 0 0 0 0 0 0 0 0 0 0 0 0 0 0 0 0 0 0 0 0 0 0 0 0 0 0 0 0 0 0 0 0 0 
0 0 0 0 0 0 0 0 0 0 0 0 0 0 0 0 0 0 0 0 0 0 0 0 0 0 0 0 0 0 0 0 0 0 0 0 0 0 0 0 
0 0 0 0 0 0 0 0 0 0 0 0 0 0 0 0 0 0 0 0 0 0 0 0 0 0 0 0 0 0 0 0 0 0 0 0 0 0 0 0 
0 0 0 0 0 0 0 0 0 0 0 0 0 0 0 0 0 0 0 0 0 0 0 0 0 0 0 0 0 0 0 0 0 0 0 0 0 0 0 0 
0 0 0 0 0 0 0 0 0 0 0 0 0 0 0 0 0 0 0 0 0 0 0 0 0 0 0 0 0 0 0 0 0 0 0 0 0 0 0 0 
0 0 0 0 0 0 0 0 0 0 0 0 0 0 0 0 0 0 0 0 0 0 0 0 0 0 0 0 0 0 0 0 0 0 0 0 0 0 0 0 
0 0 0 0 0 0 0 0 0 0 0 0 0 0 0 0 0 0 0 0 0 0 0 0 0 0 0 0 0 0 0 0 0 0 0 0 0 0 0 0 
0 0 0 0 0 0 0 0 0 0 0 0 0 0 0 0 0 0 0 0 0 0 0 0 0 0 0 0 0 0 0 0 0 0 0 0 0 0 0 0 
0 0 0 0 0 0 0 0 0 0 0 0 0 0 0 0 0 0 0 0 0 0 0 0 0 0 0 0 0 0 0 0 0 0 0 0 0 0 0 0 
0 0 0 0 0 0 0 0 0 0 0 0 0 0 0 0 0 0 0 0 0 0 0 0 0 0 0 0 0 0 0 0 0 0 0 0 0 0 0 0 
0 0 0 0 0 0 0 0 0 0 0 0 0 0 0 0 0 0 0 0 0 0 0 0 0 0 0 0 0 0 0 0 0 0 0 0 0 0 0 0 
0 0 0 0 0 0 0 0 0 0 0 0 0 0 0 0 0 0 0 0 0 0 0 0 0 0 0 0 0 0 0 0 0 0 0 0 0 0 0 0 
0 0 0 0 0 0 0 0 0 0 0 0 0 0 0 0 0 0 0 0 0 0 0 0 0 0 0 0 0 0 0 0 0 0 0 0 0 0 0 0 
0 0 0 0 0 0 0 0 0 0 0 0 0 0 0 0 0 0 0 0 0 0 0 0 0 0 0 0 0 0 0 0 0 0 0 0 0 0 0 0 
0 0 0 0 0 0 0 0 0 0 0 0 0 0 0 0 0 0 0 0 0 0 0 0 0 0 0 0 0 0 0 0 0 0 0 0 0 0 0 0 
0 0 0 0 0 0 0 0 0 0 0 0 0 0 0 0 0 0 0 0 0 0 0 0 0 0 0 0 0 0 0 0 0 0 0 0 0 0 0 0 
0 0 0 0 0 0 0 0 0 0 0 0 0 0 0 0 0 0 0 0 0 0 0 0 0 0 0 0 0 0 0 0 0 0 0 0 0 0 0 0 
0 0 0 0 0 0 0 0 0 0 0 0 0 0 0 0 0 0 0 0 0 0 0 0 0 0 0 0 0 0 0 0 0 0 0 0 0 0 0 0 
0 0 0 0 0 0 0 0 0 0 0 0 0 0 0 0 0 0 0 0 0 0 0 0 0 0 0 0 0 0 0 0 0 0 0 0 0 0 0 0 
0 0 0 0 0 0 0 0 0 0 0 0 0 0 0 0 0 0 0 0 0 0 0 0 0 0 0 0 0 0 0 0 0 0 0 0 0 0 0 0 
0 0 0 0 0 0 0 0 0 0 0 0 0 0 0 0 0 0 0 0 0 0 0 0 0 0 0 0 0 0 0 0 0 0 0 0 0 0 0 0 
0 0 0 0 0 0 0 0 0 0 0 0 0 0 0 0 0 0 0 0 0 0 0 0 0 0 0 0 0 0 0 0 0 0 0 0 0 0 0 0 
0 0 0 0 0 0 0 0 0 0 0 0 0 0 0 0 0 0 0 0 0 0 0 0 0 0 0 0 0 0 0 0 0 0 0 0 0 0 0 0 
0 0 0 0 0 0 0 0 0 0 0 0 0 0 0 0 0 0 0 0 0 0 0 0 0 0 0 0 0 0 0 0 0 0 0 0 0 0 0 0 
0 0 0 0 0 0 0 0 0 0 0 0 0 0 0 0 0 0 0 0 0 0 0 0 0 0 0 0 0 0 0 0 0 0 0 0 0 0 0 0 
0 0 0 0 0 0 0 0 0 0 0 0 0 0 0 0 0 0 0 0 0 0 0 0 0 0 0 0 0 0 0 0 0 0 0 0 0 0 0 0 
0 0 0 0 0 0 0 0 0 0 0 0 0 0 0 0 0 0 0 0 0 0 0 0 0 0 
<lnExet>
0 0 0 0 0 0 0 0 0 0 0 0 0 0 0 0 0 0 0 0 0 0 0 0 0 0 0 0 0 0 0 0 0 0 0 0 0 0 0 0 
0 0 0 0 0 0 0 0 0 0 0 0 0 0 0 0 0 0 0 0 0 0 0 0 0 0 0 0 0 0 0 0 0 0 0 0 0 0 0 0 
0 0 0 0 0 0 0 0 0 0 0 0 0 0 0 0 0 0 0 0 0 0 0 0 0 0 0 0 0 0 0 0 0 0 0 0 0 0 0 0 
0 0 0 0 0 0 0 0 0 0 0 0 0 0 0 0 0 0 0 0 0 0 0 0 0 0 0 0 0 0 0 0 0 0 0 0 0 0 0 0 
0 0 0 0 0 0 0 0 0 0 0 0 0 0 0 0 0 0 0 0 0 0 0 0 0 0 0 0 0 0 0 0 0 0 0 0 0 0 0 0 
0 0 0 0 0 0 0 0 0 0 0 0 0 0 0 0 0 0 0 0 0 0 0 0 0 0 0 0 0 0 0 0 0 0 0 0 0 0 0 0 
0 0 0 0 0 0 0 0 0 0 0 0 0 0 0 0 0 0 0 0 0 0 0 0 0 0 0 0 0 0 0 0 0 0 0 0 0 0 0 0 
0 0 0 0 0 0 0 0 0 0 0 0 0 0 0 0 0 0 0 0 0 0 0 0 0 0 0 0 0 0 0 0 0 0 0 0 0 0 0 0 
0 0 0 0 0 0 0 0 0 0 0 0 0 0 0 0 0 0 0 0 0 0 0 0 0 0 0 0 0 0 0 0 0 0 0 0 0 0 0 0 
0 0 0 0 0 0 0 0 0 0 0 0 0 0 0 0 0 0 0 0 0 0 0 0 0 0 0 0 0 0 0 0 0 0 0 0 0 0 0 0 
0 0 0 0 0 0 0 0 0 0 0 0 0 0 0 0 0 0 0 0 0 0 0 0 0 0 0 0 0 0 0 0 0 0 0 0 0 0 0 0 
0 0 0 0 0 0 0 0 0 0 0 0 0 0 0 0 0 0 0 0 0 0 0 0 0 0 0 0 0 0 0 0 0 0 0 0 0 0 0 0 
0 0 0 0 0 0 0 0 0 0 0 0 0 0 0 0 0 0 0 0 0 0 0 0 0 0 0 0 0 0 0 0 0 0 0 0 0 0 0 0 
0 0 0 0 0 0 0 0 0 0 0 0 0 0 0 0 0 0 0 0 0 0 0 0 0 0 0 0 0 0 0 0 0 0 0 0 0 0 0 0 
0 0 0 0 0 0 0 0 0 0 0 0 0 0 0 0 0 0 0 0 0 0 0 0 0 0 0 0 0 0 0 0 0 0 0 0 0 0 0 0 
0 0 0 0 0 0 0 0 0 0 0 0 0 0 0 0 0 0 0 0 0 0 0 0 0 0 0 0 0 0 0 0 0 0 0 0 0 0 0 0 
0 0 0 0 0 0 0 0 0 0 0 0 0 0 0 0 0 0 0 0 0 0 0 0 0 0 0 0 0 0 0 0 0 0 0 0 0 0 0 0 
0 0 0 0 0 0 0 0 0 0 0 0 0 0 0 0 0 0 0 0 0 0 0 0 0 0 0 0 0 0 0 0 0 0 0 0 0 0 0 0 
0 0 0 0 0 0 0 0 0 0 0 0 0 0 0 0 0 0 0 0 0 0 0 0 0 0 0 0 0 0 0 0 0 0 0 0 0 0 0 0 
0 0 0 0 0 0 0 0 0 0 0 0 0 0 0 0 0 0 0 0 0 0 0 0 0 0 0 0 0 0 0 0 0 0 0 0 0 0 0 0 
0 0 0 0 0 0 0 0 0 0 0 0 0 0 0 0 0 0 0 0 0 0 0 0 0 0 0 0 0 0 0 0 0 0 0 0 0 0 0 0 
0 0 0 0 0 0 0 0 0 0 0 0 0 0 0 0 0 0 0 0 0 0 0 0 0 0 0 0 0 0 0 0 0 0 0 0 0 0 0 0 
0 0 0 0 0 0 0 0 0 0 0 0 0 0 0 0 0 0 0 0 0 0 0 0 0 0 0 0 0 0 0 0 0 0 0 0 0 0 0 0 
0 0 0 0 0 0 0 0 0 0 0 0 0 0 0 0 0 0 0 0 0 0 0 0 0 0 0 0 0 0 0 0 0 0 0 0 0 0 0 0 
0 0 0 0 0 0 0 0 0 0 0 0 0 0 0 0 0 0 0 0 0 0 0 0 0 0 0 0 0 0 0 0 0 0 0 0 0 0 0 0 
0 0 0 0 0 0 0 0 0 0 0 0 0 0 0 0 0 0 0 0 0 0 0 0 0 0 0 0 0 0 0 0 0 0 0 0 0 0 0 0 
0 0 0 0 0 0 0 0 0 0 0 0 0 0 0 0 0 0 0 0 0 0 0 0 0 0 0 0 0 0 0 0 0 0 0 0 0 0 0 0 
0 0 0 0 0 0 0 0 0 0 0 0 0 0 0 0 0 0 0 0 0 0 0 0 0 0 0 0 0 0 0 0 0 0 0 0 0 0 0 0 
0 0 0 0 0 0 0 0 0 0 0 0 0 0 0 0 0 0 0 0 0 0 0 0 0 0 
<lnCnft>
0 0 0 0 0 0 0 0 0 0 0 0 0 0 0 0 0 0 0 0 0 0 0 0 0 0 0 0 0 0 0 0 0 0 0 0 0 0 0 0 
0 0 0 0 0 0 0 0 0 0 0 0 0 0 0 0 0 0 0 0 0 0 0 0 0 0 0 0 0 0 0 0 0 0 0 0 0 0 0 0 
0 0 0 0 0 0 0 0 0 0 0 0 0 0 0 0 0 0 0 0 0 0 0 0 0 0 0 0 0 0 0 0 0 0 0 0 0 0 0 0 
0 0 0 0 0 0 0 0 0 0 0 0 0 0 0 0 0 0 0 0 0 0 0 0 0 0 0 0 0 0 0 0 0 0 0 0 0 0 0 0 
0 0 0 0 0 0 0 0 0 0 0 0 0 0 0 0 0 0 0 0 0 0 0 0 0 0 0 0 0 0 0 0 0 0 0 0 0 0 0 0 
0 0 0 0 0 0 0 0 0 0 0 0 0 0 0 0 0 0 0 0 0 0 0 0 0 0 0 0 0 0 0 0 0 0 0 0 0 0 0 0 
0 0 0 0 0 0 0 0 0 0 0 0 0 0 0 0 0 0 0 0 0 0 0 0 0 0 0 0 0 0 0 0 0 0 0 0 0 0 0 0 
0 0 0 0 0 0 0 0 0 0 0 0 0 0 0 0 0 0 0 0 0 0 0 0 0 0 0 0 0 0 0 0 0 0 0 0 0 0 0 0 
0 0 0 0 0 0 0 0 0 0 0 0 0 0 0 0 0 0 0 0 0 0 0 0 0 0 0 0 0 0 0 0 0 0 0 0 0 0 0 0 
0 0 0 0 0 0 0 0 0 0 0 0 0 0 0 0 0 0 0 0 0 0 0 0 0 0 0 0 0 0 0 0 0 0 0 0 0 0 0 0 
0 0 0 0 0 0 0 0 0 0 0 0 0 0 0 0 0 0 0 0 0 0 0 0 0 0 0 0 0 0 0 0 0 0 0 0 0 0 0 0 
0 0 0 0 0 0 0 0 0 0 0 0 0 0 0 0 0 0 0 0 0 0 0 0 0 0 0 0 0 0 0 0 0 0 0 0 0 0 0 0 
0 0 0 0 0 0 0 0 0 0 0 0 0 0 0 0 0 0 0 0 0 0 0 0 0 0 0 0 0 0 0 0 0 0 0 0 0 0 0 0 
0 0 0 0 0 0 0 0 0 0 0 0 0 0 0 0 0 0 0 0 0 0 0 0 0 0 0 0 0 0 0 0 0 0 0 0 0 0 0 0 
0 0 0 0 0 0 0 0 0 0 0 0 0 0 0 0 0 0 0 0 0 0 0 0 0 0 0 0 0 0 0 0 0 0 0 0 0 0 0 0 
0 0 0 0 0 0 0 0 0 0 0 0 0 0 0 0 0 0 0 0 0 0 0 0 0 0 0 0 0 0 0 0 0 0 0 0 0 0 0 0 
0 0 0 0 0 0 0 0 0 0 0 0 0 0 0 0 0 0 0 0 0 0 0 0 0 0 0 0 0 0 0 0 0 0 0 0 0 0 0 0 
0 0 0 0 0 0 0 0 0 0 0 0 0 0 0 0 0 0 0 0 0 0 0 0 0 0 0 0 0 0 0 0 0 0 0 0 0 0 0 0 
0 0 0 0 0 0 0 0 0 0 0 0 0 0 0 0 0 0 0 0 0 0 0 0 0 0 0 0 0 0 0 0 0 0 0 0 0 0 0 0 
0 0 0 0 0 0 0 0 0 0 0 0 0 0 0 0 0 0 0 0 0 0 0 0 0 0 0 0 0 0 0 0 0 0 0 0 0 0 0 0 
0 0 0 0 0 0 0 0 0 0 0 0 0 0 0 0 0 0 0 0 0 0 0 0 0 0 0 0 0 0 0 0 0 0 0 0 0 0 0 0 
0 0 0 0 0 0 0 0 0 0 0 0 0 0 0 0 0 0 0 0 0 0 0 0 0 0 0 0 0 0 0 0 0 0 0 0 0 0 0 0 
0 0 0 0 0 0 0 0 0 0 0 0 0 0 0 0 0 0 0 0 0 0 0 0 0 0 0 0 0 0 0 0 0 0 0 0 0 0 0 0 
0 0 0 0 0 0 0 0 0 0 0 0 0 0 0 0 0 0 0 0 0 0 0 0 0 0 0 0 0 0 0 0 0 0 0 0 0 0 0 0 
0 0 0 0 0 0 0 0 0 0 0 0 0 0 0 0 0 0 0 0 0 0 0 0 0 0 0 0 0 0 0 0 0 0 0 0 0 0 0 0 
0 0 0 0 0 0 0 0 0 0 0 0 0 0 0 0 0 0 0 0 0 0 0 0 0 0 0 0 0 0 0 0 0 0 0 0 0 0 0 0 
0 0 0 0 0 0 0 0 0 0 0 0 0 0 0 0 0 0 0 0 0 0 0 0 0 0 0 0 0 0 0 0 0 0 0 0 0 0 0 0 
0 0 0 0 0 0 0 0 0 0 0 0 0 0 0 0 0 0 0 0 0 0 0 0 0 0 0 0 0 0 0 0 0 0 0 0 0 0 0 0 
0 0 0 0 0 0 0 0 0 0 0 0 0 0 0 0 0 0 0 0 0 0 0 0 0 0 
<SorMc>
0 0 0 0 0 0 0 0 0 0 0 0 0 0 0 0 
0 0 0 0 0 0 0 0 0 0 0 0 0 0 0 0 
<LsISmo>
0 0 0 0 0 0 0 0 
<xSMd>

<IsoPc>

<IsoSc>

<IsoCt>

<LsESmo>
0 0 0 0 0 0 0 0 
<EImc>

<mCDc>

<lnScalT>
0 0 0 0 0 0 0 0 0 0 0 0 0 0 0 0 0 0 0 0 0 0 0 0 0 0 0 0 0 0 0 0 0 0 0 0 0 0 0 0 
0 0 0 0 0 0 0 0 0 0 0 0 0 0 0 0 0 0 0 0 0 0 0 0 0 0 0 0 0 0 0 0 0 0 0 0 0 0 0 0 
0 0 0 0 0 0 0 0 0 0 0 0 0 0 0 0 0 0 0 0 0 0 0 0 0 0 0 0 0 0 0 0 0 0 0 0 0 0 0 0 
0 0 0 0 0 0 0 0 0 0 0 0 0 0 0 0 0 0 0 0 0 0 0 0 0 0 0 0 0 0 0 0 0 0 0 0 0 0 0 0 
0 0 0 0 0 0 0 0 0 0 0 0 0 0 0 0 0 0 0 0 0 0 0 0 0 0 0 0 0 0 0 0 0 0 0 0 0 0 0 0 
0 0 0 0 0 0 0 0 0 0 0 0 0 0 0 0 0 0 0 0 0 0 0 0 0 0 0 0 0 0 0 0 0 0 0 0 0 0 0 0 
0 0 0 0 0 0 0 0 0 0 0 0 0 0 0 0 0 0 0 0 0 0 0 0 0 0 0 0 0 0 0 0 0 0 0 0 0 0 0 0 
0 0 0 0 0 0 0 0 0 0 0 0 0 0 0 0 0 0 0 0 0 0 0 0 0 0 0 0 0 0 0 0 0 0 0 0 0 0 0 0 
0 0 0 0 0 0 0 0 0 0 0 0 0 0 0 0 0 0 0 0 0 0 0 0 0 0 0 0 0 0 0 0 0 0 0 0 0 0 0 0 
0 0 0 0 0 0 0 0 0 0 0 0 0 0 0 0 0 0 0 0 0 0 0 0 0 0 0 0 0 0 0 0 0 0 0 0 0 0 0 0 
0 0 0 0 0 0 0 0 0 0 0 0 0 0 0 0 0 0 0 0 0 0 0 0 0 0 0 0 0 0 0 0 0 0 0 0 0 0 0 0 
0 0 0 0 0 0 0 0 0 0 0 0 0 0 0 0 0 0 0 0 0 0 0 0 0 0 0 0 0 0 0 0 0 0 0 0 0 0 0 0 
0 0 0 0 0 0 0 0 0 0 0 0 0 0 0 0 0 0 0 0 0 0 0 0 0 0 0 0 0 0 0 0 0 0 0 0 0 0 0 0 
0 0 0 0 0 0 0 0 0 0 0 0 0 0 0 0 0 0 0 0 0 0 0 0 0 0 0 0 0 0 0 0 0 0 0 0 0 0 0 0 
0 0 0 0 0 0 0 0 0 0 0 0 0 0 0 0 0 0 0 0 0 0 0 0 0 0 0 0 0 0 0 0 0 0 0 0 0 0 0 0 
0 0 0 0 0 0 0 0 0 0 0 0 0 0 0 0 0 0 0 0 0 0 0 0 0 0 0 0 0 0 0 0 0 0 0 0 0 0 0 0 
0 0 0 0 0 0 0 0 0 0 0 0 0 0 0 0 0 0 0 0 0 0 0 0 0 0 0 0 0 0 0 0 0 0 0 0 0 0 0 0 
0 0 0 0 0 0 0 0 0 0 0 0 0 0 0 0 0 0 0 0 0 0 0 0 0 0 0 0 0 0 0 0 0 0 0 0 0 0 0 0 
0 0 0 0 0 0 0 0 0 0 0 0 0 0 0 0 0 0 0 0 0 0 0 0 0 0 0 0 0 0 0 0 0 0 0 0 0 0 0 0 
0 0 0 0 0 0 0 0 0 0 0 0 0 0 0 0 0 0 0 0 0 0 0 0 0 0 0 0 0 0 0 0 0 0 0 0 0 0 0 0 
0 0 0 0 0 0 0 0 0 0 0 0 0 0 0 0 0 0 0 0 0 0 0 0 0 0 0 0 0 0 0 0 0 0 0 0 0 0 0 0 
0 0 0 0 0 0 0 0 0 0 0 0 0 0 0 0 0 0 0 0 0 0 0 0 0 0 0 0 0 0 0 0 0 0 0 0 0 0 0 0 
0 0 0 0 0 0 0 0 0 0 0 0 0 0 0 0 0 0 0 0 0 0 0 0 0 0 0 0 0 0 0 0 0 0 0 0 0 0 0 0 
0 0 0 0 0 0 0 0 0 0 0 0 0 0 0 0 0 0 0 0 0 0 0 0 0 0 0 0 0 0 0 0 0 0 0 0 0 0 0 0 
0 0 0 0 0 0 0 0 0 0 0 0 0 0 0 0 0 0 0 0 0 0 0 0 0 0 0 0 0 0 0 0 0 0 0 0 0 0 0 0 
0 0 0 0 0 0 0 0 0 0 0 0 0 0 0 0 0 0 0 0 0 0 0 0 0 0 0 0 0 0 0 0 0 0 0 0 0 0 0 0 
0 0 0 0 0 0 0 0 0 0 0 0 0 0 0 0 0 0 0 0 0 0 0 0 0 0 0 0 0 0 0 0 0 0 0 0 0 0 0 0 
0 0 0 0 0 0 0 0 0 0 0 0 0 0 0 0 0 0 0 0 0 0 0 0 0 0 0 0 0 0 0 0 0 0 0 0 0 0 0 0 
0 0 0 0 0 0 0 0 0 0 0 0 0 0 0 0 0 0 0 0 0 0 0 0 0 0 
<lnSACT>
0 0 0 0 0 0 0 0 0 0 0 0 0 0 0 0 0 0 0 0 0 0 0 0 0 0 0 0 0 0 0 0 0 0 0 0 0 0 0 0 
0 0 0 0 0 0 0 0 0 0 0 0 0 0 0 0 0 0 0 0 0 0 0 0 0 0 0 0 0 0 0 0 0 0 0 0 0 0 0 0 
0 0 0 0 0 0 0 0 0 0 0 0 0 0 0 0 0 0 0 0 0 0 0 0 0 0 0 0 0 0 0 0 0 0 0 0 0 0 0 0 
0 0 0 0 0 0 0 0 0 0 0 0 0 0 0 0 0 0 0 0 0 0 0 0 0 0 0 0 0 0 0 0 0 0 0 0 0 0 0 0 
0 0 0 0 0 0 0 0 0 0 0 0 0 0 0 0 0 0 0 0 0 0 0 0 0 0 0 0 0 0 0 0 0 0 0 0 0 0 0 0 
0 0 0 0 0 0 0 0 0 0 0 0 0 0 0 0 0 0 0 0 0 0 0 0 0 0 0 0 0 0 0 0 0 0 0 0 0 0 0 0 
0 0 0 0 0 0 0 0 0 0 0 0 0 0 0 0 0 0 0 0 0 0 0 0 0 0 0 0 0 0 0 0 0 0 0 0 0 0 0 0 
0 0 0 0 0 0 0 0 0 0 0 0 0 0 0 0 0 0 0 0 0 0 0 0 0 0 0 0 0 0 0 0 0 0 0 0 0 0 0 0 
0 0 0 0 0 0 0 0 0 0 0 0 0 0 0 0 0 0 0 0 0 0 0 0 0 0 0 0 0 0 0 0 0 0 0 0 0 0 0 0 
0 0 0 0 0 0 0 0 0 0 0 0 0 0 0 0 0 0 0 0 0 0 0 0 0 0 0 0 0 0 0 0 0 0 0 0 0 0 0 0 
0 0 0 0 0 0 0 0 0 0 0 0 0 0 0 0 0 0 0 0 0 0 0 0 0 0 0 0 0 0 0 0 0 0 0 0 0 0 0 0 
0 0 0 0 0 0 0 0 0 0 0 0 0 0 0 0 0 0 0 0 0 0 0 0 0 0 0 0 0 0 0 0 0 0 0 0 0 0 0 0 
0 0 0 0 0 0 0 0 0 0 0 0 0 0 0 0 0 0 0 0 0 0 0 0 0 0 0 0 0 0 0 0 0 0 0 0 0 0 0 0 
0 0 0 0 0 0 0 0 0 0 0 0 0 0 0 0 0 0 0 0 0 0 0 0 0 0 0 0 0 0 0 0 0 0 0 0 0 0 0 0 
0 0 0 0 0 0 0 0 0 0 0 0 0 0 0 0 0 0 0 0 0 0 0 0 0 0 0 0 0 0 0 0 0 0 0 0 0 0 0 0 
0 0 0 0 0 0 0 0 0 0 0 0 0 0 0 0 0 0 0 0 0 0 0 0 0 0 0 0 0 0 0 0 0 0 0 0 0 0 0 0 
0 0 0 0 0 0 0 0 0 0 0 0 0 0 0 0 0 0 0 0 0 0 0 0 0 0 0 0 0 0 0 0 0 0 0 0 0 0 0 0 
0 0 0 0 0 0 0 0 0 0 0 0 0 0 0 0 0 0 0 0 0 0 0 0 0 0 0 0 0 0 0 0 0 0 0 0 0 0 0 0 
0 0 0 0 0 0 0 0 0 0 0 0 0 0 0 0 0 0 0 0 0 0 0 0 0 0 0 0 0 0 0 0 0 0 0 0 0 0 0 0 
0 0 0 0 0 0 0 0 0 0 0 0 0 0 0 0 0 0 0 0 0 0 0 0 0 0 0 0 0 0 0 0 0 0 0 0 0 0 0 0 
0 0 0 0 0 0 0 0 0 0 0 0 0 0 0 0 0 0 0 0 0 0 0 0 0 0 0 0 0 0 0 0 0 0 0 0 0 0 0 0 
0 0 0 0 0 0 0 0 0 0 0 0 0 0 0 0 0 0 0 0 0 0 0 0 0 0 0 0 0 0 0 0 0 0 0 0 0 0 0 0 
0 0 0 0 0 0 0 0 0 0 0 0 0 0 0 0 0 0 0 0 0 0 0 0 0 0 0 0 0 0 0 0 0 0 0 0 0 0 0 0 
0 0 0 0 0 0 0 0 0 0 0 0 0 0 0 0 0 0 0 0 0 0 0 0 0 0 0 0 0 0 0 0 0 0 0 0 0 0 0 0 
0 0 0 0 0 0 0 0 0 0 0 0 0 0 0 0 0 0 0 0 0 0 0 0 0 0 0 0 0 0 0 0 0 0 0 0 0 0 0 0 
0 0 0 0 0 0 0 0 0 0 0 0 0 0 0 0 0 0 0 0 0 0 0 0 0 0 0 0 0 0 0 0 0 0 0 0 0 0 0 0 
0 0 0 0 0 0 0 0 0 0 0 0 0 0 0 0 0 0 0 0 0 0 0 0 0 0 0 0 0 0 0 0 0 0 0 0 0 0 0 0 
0 0 0 0 0 0 0 0 0 0 0 0 0 0 0 0 0 0 0 0 0 0 0 0 0 0 0 0 0 0 0 0 0 0 0 0 0 0 0 0 
0 0 0 0 0 0 0 0 0 0 0 0 0 0 0 0 0 0 0 0 0 0 0 0 0 0 
<lnGammF>
0 0 0 0 0 0 0 0 0 0 0 0 0 0 0 0 0 0 0 0 0 0 0 0 0 0 0 0 0 0 0 0 0 0 0 0 0 0 0 0 
0 0 0 0 0 0 0 0 0 0 0 0 0 0 0 0 0 0 0 0 0 0 0 0 0 0 0 0 0 0 0 0 0 0 0 0 0 0 0 0 
0 0 0 0 0 0 0 0 0 0 0 0 0 0 0 0 0 0 0 0 0 0 0 0 0 0 0 0 0 0 0 0 0 0 0 0 0 0 0 0 
0 0 0 0 0 0 0 0 0 0 0 0 0 0 0 0 0 0 0 0 0 0 0 0 0 0 0 0 0 0 0 0 0 0 0 0 0 0 0 0 
0 0 0 0 0 0 0 0 0 0 0 0 0 0 0 0 0 0 0 0 0 0 0 0 0 0 0 0 0 0 0 0 0 0 0 0 0 0 0 0 
0 0 0 0 0 0 0 0 0 0 0 0 0 0 0 0 0 0 0 0 0 0 0 0 0 0 0 0 0 0 0 0 0 0 0 0 0 0 0 0 
0 0 0 0 0 0 0 0 0 0 0 0 0 0 0 0 0 0 0 0 0 0 0 0 0 0 0 0 0 0 0 0 0 0 0 0 0 0 0 0 
0 0 0 0 0 0 0 0 0 0 0 0 0 0 0 0 0 0 0 0 0 0 0 0 0 0 0 0 0 0 0 0 0 0 0 0 0 0 0 0 
0 0 0 0 0 0 0 0 0 0 0 0 0 0 0 0 0 0 0 0 0 0 0 0 0 0 0 0 0 0 0 0 0 0 0 0 0 0 0 0 
0 0 0 0 0 0 0 0 0 0 0 0 0 0 0 0 0 0 0 0 0 0 0 0 0 0 0 0 0 0 0 0 0 0 0 0 0 0 0 0 
0 0 0 0 0 0 0 0 0 0 0 0 0 0 0 0 0 0 0 0 0 0 0 0 0 0 0 0 0 0 0 0 0 0 0 0 0 0 0 0 
0 0 0 0 0 0 0 0 0 0 0 0 0 0 0 0 0 0 0 0 0 0 0 0 0 0 0 0 0 0 0 0 0 0 0 0 0 0 0 0 
0 0 0 0 0 0 0 0 0 0 0 0 0 0 0 0 0 0 0 0 0 0 0 0 0 0 0 0 0 0 0 0 0 0 0 0 0 0 0 0 
0 0 0 0 0 0 0 0 0 0 0 0 0 0 0 0 0 0 0 0 0 0 0 0 0 0 0 0 0 0 0 0 0 0 0 0 0 0 0 0 
0 0 0 0 0 0 0 0 0 0 0 0 0 0 0 0 0 0 0 0 0 0 0 0 0 0 0 0 0 0 0 0 0 0 0 0 0 0 0 0 
0 0 0 0 0 0 0 0 0 0 0 0 0 0 0 0 0 0 0 0 0 0 0 0 0 0 0 0 0 0 0 0 0 0 0 0 0 0 0 0 
0 0 0 0 0 0 0 0 0 0 0 0 0 0 0 0 0 0 0 0 0 0 0 0 0 0 0 0 0 0 0 0 0 0 0 0 0 0 0 0 
0 0 0 0 0 0 0 0 0 0 0 0 0 0 0 0 0 0 0 0 0 0 0 0 0 0 0 0 0 0 0 0 0 0 0 0 0 0 0 0 
0 0 0 0 0 0 0 0 0 0 0 0 0 0 0 0 0 0 0 0 0 0 0 0 0 0 0 0 0 0 0 0 0 0 0 0 0 0 0 0 
0 0 0 0 0 0 0 0 0 0 0 0 0 0 0 0 0 0 0 0 0 0 0 0 0 0 0 0 0 0 0 0 0 0 0 0 0 0 0 0 
0 0 0 0 0 0 0 0 0 0 0 0 0 0 0 0 0 0 0 0 0 0 0 0 0 0 0 0 0 0 0 0 0 0 0 0 0 0 0 0 
0 0 0 0 0 0 0 0 0 0 0 0 0 0 0 0 0 0 0 0 0 0 0 0 0 0 0 0 0 0 0 0 0 0 0 0 0 0 0 0 
0 0 0 0 0 0 0 0 0 0 0 0 0 0 0 0 0 0 0 0 0 0 0 0 0 0 0 0 0 0 0 0 0 0 0 0 0 0 0 0 
0 0 0 0 0 0 0 0 0 0 0 0 0 0 0 0 0 0 0 0 0 0 0 0 0 0 0 0 0 0 0 0 0 0 0 0 0 0 0 0 
0 0 0 0 0 0 0 0 0 0 0 0 0 0 0 0 0 0 0 0 0 0 0 0 0 0 0 0 0 0 0 0 0 0 0 0 0 0 0 0 
0 0 0 0 0 0 0 0 0 0 0 0 0 0 0 0 0 0 0 0 0 0 0 0 0 0 0 0 0 0 0 0 0 0 0 0 0 0 0 0 
0 0 0 0 0 0 0 0 0 0 0 0 0 0 0 0 0 0 0 0 0 0 0 0 0 0 0 0 0 0 0 0 0 0 0 0 0 0 0 0 
0 0 0 0 0 0 0 0 0 0 0 0 0 0 0 0 0 0 0 0 0 0 0 0 0 0 0 0 0 0 0 0 0 0 0 0 0 0 0 0 
0 0 0 0 0 0 0 0 0 0 0 0 0 0 0 0 0 0 0 0 0 0 0 0 0 0 
<CTerms>
0 0 0 0 0 0 0 0 0 0 0 0 0 0 0 0 0 0 0 0 0 0 0 0 0 0 0 0 0 0 0 0 0 0 0 0 0 0 0 0 
0 0 0 0 0 0 0 0 0 0 0 0 0 0 0 0 0 0 0 0 0 0 0 0 0 0 0 0 0 0 0 0 0 0 0 0 0 0 0 0 
0 0 0 0 0 0 0 0 0 0 0 0 0 0 0 0 0 0 0 0 0 0 0 0 0 0 0 0 0 0 0 0 0 0 0 0 0 0 0 0 
0 0 0 0 0 0 0 0 0 0 0 0 0 0 0 0 0 0 0 0 0 0 0 0 0 0 0 0 0 0 0 0 0 0 0 0 0 0 0 0 
0 0 0 0 0 0 0 0 0 0 0 0 0 0 0 0 0 0 0 0 0 0 0 0 0 0 0 0 0 0 0 0 0 0 0 0 0 0 0 0 
0 0 0 0 0 0 0 0 0 0 0 0 0 0 0 0 0 0 0 0 0 0 0 0 0 0 0 0 0 0 0 0 0 0 0 0 0 0 0 0 
0 0 0 0 0 0 0 0 0 0 0 0 0 0 0 0 0 0 0 0 0 0 0 0 0 0 0 0 0 0 0 0 0 0 0 0 0 0 0 0 
0 0 0 0 0 0 0 0 0 0 0 0 0 0 0 0 0 0 0 0 0 0 0 0 0 0 0 0 0 0 0 0 0 0 0 0 0 0 0 0 
0 0 0 0 0 0 0 0 0 0 0 0 0 0 0 0 0 0 0 0 0 0 0 0 0 0 0 0 0 0 0 0 0 0 0 0 0 0 0 0 
0 0 0 0 0 0 0 0 0 0 0 0 0 0 0 0 0 0 0 0 0 0 0 0 0 0 0 0 0 0 0 0 0 0 0 0 0 0 0 0 
0 0 0 0 0 0 0 0 0 0 0 0 0 0 0 0 0 0 0 0 0 0 0 0 0 0 0 0 0 0 0 0 0 0 0 0 0 0 0 0 
0 0 0 0 0 0 0 0 0 0 0 0 0 0 0 0 0 0 0 0 0 0 0 0 0 0 0 0 0 0 0 0 0 0 0 0 0 0 0 0 
0 0 0 0 0 0 0 0 0 0 0 0 0 0 0 0 0 0 0 0 0 0 0 0 0 0 0 0 0 0 0 0 0 0 0 0 0 0 0 0 
0 0 0 0 0 0 0 0 0 0 0 0 0 0 0 0 0 0 0 0 0 0 0 0 0 0 0 0 0 0 0 0 0 0 0 0 0 0 0 0 
0 0 0 0 0 0 0 0 0 0 0 0 0 0 0 0 0 0 0 0 0 0 0 0 0 0 0 0 0 0 0 0 0 0 0 0 0 0 0 0 
0 0 0 0 0 0 0 0 0 0 0 0 0 0 0 0 0 0 0 0 0 0 0 0 0 0 0 0 0 0 0 0 0 0 0 0 0 0 0 0 
0 0 0 0 0 0 0 0 0 0 0 0 0 0 0 0 0 0 0 0 0 0 0 0 0 0 0 0 0 0 0 0 0 0 0 0 0 0 0 0 
0 0 0 0 0 0 0 0 0 0 0 0 0 0 0 0 0 0 0 0 0 0 0 0 0 0 0 0 0 0 0 0 0 0 0 0 0 0 0 0 
0 0 0 0 0 0 0 0 0 0 0 0 0 0 0 0 0 0 0 0 0 0 0 0 0 0 0 0 0 0 0 0 0 0 0 0 0 0 0 0 
0 0 0 0 0 0 0 0 0 0 0 0 0 0 0 0 0 0 0 0 0 0 0 0 0 0 0 0 0 0 0 0 0 0 0 0 0 0 0 0 
0 0 0 0 0 0 0 0 0 0 0 0 0 0 0 0 0 0 0 0 0 0 0 0 0 0 0 0 0 0 0 0 0 0 0 0 0 0 0 0 
0 0 0 0 0 0 0 0 0 0 0 0 0 0 0 0 0 0 0 0 0 0 0 0 0 0 0 0 0 0 0 0 0 0 0 0 0 0 0 0 
0 0 0 0 0 0 0 0 0 0 0 0 0 0 0 0 0 0 0 0 0 0 0 0 0 0 0 0 0 0 0 0 0 0 0 0 0 0 0 0 
0 0 0 0 0 0 0 0 0 0 0 0 0 0 0 0 0 0 0 0 0 0 0 0 0 0 0 0 0 0 0 0 0 0 0 0 0 0 0 0 
0 0 0 0 0 0 0 0 0 0 0 0 0 0 0 0 0 0 0 0 0 0 0 0 0 0 0 0 0 0 0 0 0 0 0 0 0 0 0 0 
0 0 0 0 0 0 0 0 0 0 0 0 0 0 0 0 0 0 0 0 0 0 0 0 0 0 0 0 0 0 0 0 0 0 0 0 0 0 0 0 
0 0 0 0 0 0 0 0 0 0 0 0 0 0 0 0 0 0 0 0 0 0 0 0 0 0 0 0 0 0 0 0 0 0 0 0 0 0 0 0 
0 0 0 0 0 0 0 0 0 0 0 0 0 0 0 0 0 0 0 0 0 0 0 0 0 0 0 0 0 0 0 0 0 0 0 0 0 0 0 0 
0 0 0 0 0 0 0 0 0 0 0 0 0 0 0 0 0 0 0 0 0 0 0 0 0 0 
<kMod>
'NNNNNN' 'NNNNNN' 'NNNNNN' 'NNNNNN' 'NNNNNN' 'NNNNNN' 'NNNNNN' 'NNNNNN' 'NNNNNN' 'NNNNNN' 'NNNNNN' 'NNNNNN' 'NNNNNN' 'NNNNNN' 'NNNNNN' 'NNNNNN' 'NNNNNN' 'NNNNNN' 'NNNNNN' 'NNNNNN' 'NNNNNN' 'NNNNNN' 'NNNNNN' 'NNNNNN' 'NNNNNN' 'NNNNNN' 'NNNNNN' 'NNNNNN' 'NNNNNN' 'NNNNNN' 'NNNNNN' 'NNNNNN' 'NNNNNN' 'NNNNNN' 'NNNNNN' 'NNNNNN' 'NNNNNN' 'NNNNNN' 'NNNNNN' 'NNNNNN' 
'NNNNNN' 'NNNNNN' 'NNNNNN' 'NNNNNN' 'NNNNNN' 'NNNNNN' 'NNNNNN' 'NNNNNN' 'NNNNNN' 'NNNNNN' 'NNNNNN' 'NNNNNN' 'NNNNNN' 'NNNNNN' 'NNNNNN' 'NNNNNN' 'NNNNNN' 'NNNNNN' 'NNNNNN' 'NNNNNN' 'NNNNNN' 'NNNNNN' 'NNNNNN' 'NNNNNN' 'NNNNNN' 'NNNNNN' 'NNNNNN' 'NNNNNN' 'NNNNNN' 'NNNNNN' 'NNNNNN' 'NNNNNN' 'NNNNNN' 'NNNNNN' 'NNNNNN' 'NNNNNN' 'NNNNNN' 'NNNNNN' 'NNNNNN' 'NNNNNN' 
'NNNNNN' 'NNNNNN' 'NNNNNN' 'NNNNNN' 'NNNNNN' 'NNNNNN' 'NNNNNN' 'NNNNNN' 'NNNNNN' 'NNNNNN' 'NNNNNN' 'NNNNNN' 'NNNNNN' 'NNNNNN' 'NNNNNN' 'NNNNNN' 'NNNNNN' 'NNNNNN' 'NNNNNN' 'NNNNNN' 'NNNNNN' 'NNNNNN' 'NNNNNN' 'NNNNNN' 'NNNNNN' 'NNNNNN' 'NNNNNN' 'NNNNNN' 'NNNNNN' 'NNNNNN' 'NNNNNN' 'NNNNNN' 'NNNNNN' 'NNNNNN' 'NNNNNN' 'NNNNNN' 'NNNNNN' 'NNNNNN' 'NNNNNN' 'NNNNNN' 
'NNNNNN' 'NNNNNN' 'NNNNNN' 'NNNNNN' 'NNNNNN' 'NNNNNN' 'NNNNNN' 'NNNNNN' 'NNNNNN' 'NNNNNN' 'NNNNNN' 'NNNNNN' 'NNNNNN' 'NNNNNN' 'NNNNNN' 'NNNNNN' 'NNNNNN' 'NNNNNN' 'NNNNNN' 'NNNNNN' 'NNNNNN' 'NNNNNN' 'NNNNNN' 'NNNNNN' 'NNNNNN' 'NNNNNN' 'NNNNNN' 'NNNNNN' 'NNNNNN' 'NNNNNN' 'NNNNNN' 'NNNNNN' 'NNNNNN' 'NNNNNN' 'NNNNNN' 'NNNNNN' 'NNNNNN' 'NNNNNN' 'NNNNNN' 'NNNNNN' 
'NNNNNN' 'NNNNNN' 'NNNNNN' 'NNNNNN' 'NNNNNN' 'NNNNNN' 'NNNNNN' 'NNNNNN' 'NNNNNN' 'NNNNNN' 'NNNNNN' 'NNNNNN' 'NNNNNN' 'NNNNNN' 'NNNNNN' 'NNNNNN' 'NNNNNN' 'NNNNNN' 'NNNNNN' 'NNNNNN' 'NNNNNN' 'NNNNNN' 'NNNNNN' 'NNNNNN' 'NNNNNN' 'NNNNNN' 'NNNNNN' 'NNNNNN' 'NNNNNN' 'NNNNNN' 'NNNNNN' 'NNNNNN' 'NNNNNN' 'NNNNNN' 'NNNNNN' 'NNNNNN' 'NNNNNN' 'NNNNNN' 'NNNNNN' 'NNNNNN' 
'NNNNNN' 'NNNNNN' 'NNNNNN' 'NNNNNN' 'NNNNNN' 'NNNNNN' 'NNNNNN' 'NNNNNN' 'NNNNNN' 'NNNNNN' 'NNNNNN' 'NNNNNN' 'NNNNNN' 'NNNNNN' 'NNNNNN' 'NNNNNN' 'NNNNNN' 'NNNNNN' 'NNNNNN' 'NNNNNN' 'NNNNNN' 'NNNNNN' 'NNNNNN' 'NNNNNN' 'NNNNNN' 'NNNNNN' 'NNNNNN' 'NNNNNN' 'NNNNNN' 'NNNNNN' 'NNNNNN' 'NNNNNN' 'NNNNNN' 'NNNNNN' 'NNNNNN' 'NNNNNN' 'NNNNNN' 'NNNNNN' 'NNNNNN' 'NNNNNN' 
'NNNNNN' 'NNNNNN' 'NNNNNN' 'NNNNNN' 'NNNNNN' 'NNNNNN' 'NNNNNN' 'NNNNNN' 'NNNNNN' 'NNNNNN' 'NNNNNN' 'NNNNNN' 'NNNNNN' 'NNNNNN' 'NNNNNN' 'NNNNNN' 'NNNNNN' 'NNNNNN' 'NNNNNN' 'NNNNNN' 'NNNNNN' 'NNNNNN' 'NNNNNN' 'NNNNNN' 'NNNNNN' 'NNNNNN' 'NNNNNN' 'NNNNNN' 'NNNNNN' 'NNNNNN' 'NNNNNN' 'NNNNNN' 'NNNNNN' 'NNNNNN' 'NNNNNN' 'NNNNNN' 'NNNNNN' 'NNNNNN' 'NNNNNN' 'NNNNNN' 
'NNNNNN' 'NNNNNN' 'NNNNNN' 'NNNNNN' 'NNNNNN' 'NNNNNN' 'NNNNNN' 'NNNNNN' 'NNNNNN' 'NNNNNN' 'NNNNNN' 'NNNNNN' 'NNNNNN' 'NNNNNN' 'NNNNNN' 'NNNNNN' 'NNNNNN' 'NNNNNN' 'NNNNNN' 'NNNNNN' 'NNNNNN' 'NNNNNN' 'NNNNNN' 'NNNNNN' 'NNNNNN' 'NNNNNN' 'NNNNNN' 'NNNNNN' 'NNNNNN' 'NNNNNN' 'NNNNNN' 'NNNNNN' 'NNNNNN' 'NNNNNN' 'NNNNNN' 'NNNNNN' 'NNNNNN' 'NNNNNN' 'NNNNNN' 'NNNNNN' 
'NNNNNN' 'NNNNNN' 'NNNNNN' 'NNNNNN' 'NNNNNN' 'NNNNNN' 'NNNNNN' 'NNNNNN' 'NNNNNN' 'NNNNNN' 'NNNNNN' 'NNNNNN' 'NNNNNN' 'NNNNNN' 'NNNNNN' 'NNNNNN' 'NNNNNN' 'NNNNNN' 'NNNNNN' 'NNNNNN' 'NNNNNN' 'NNNNNN' 'NNNNNN' 'NNNNNN' 'NNNNNN' 'NNNNNN' 'NNNNNN' 'NNNNNN' 'NNNNNN' 'NNNNNN' 'NNNNNN' 'NNNNNN' 'NNNNNN' 'NNNNNN' 'NNNNNN' 'NNNNNN' 'NNNNNN' 'NNNNNN' 'NNNNNN' 'NNNNNN' 
'NNNNNN' 'NNNNNN' 'NNNNNN' 'NNNNNN' 'NNNNNN' 'NNNNNN' 'NNNNNN' 'NNNNNN' 'NNNNNN' 'NNNNNN' 'NNNNNN' 'NNNNNN' 'NNNNNN' 'NNNNNN' 'NNNNNN' 'NNNNNN' 'NNNNNN' 'NNNNNN' 'NNNNNN' 'NNNNNN' 'NNNNNN' 'NNNNNN' 'NNNNNN' 'NNNNNN' 'NNNNNN' 'NNNNNN' 'NNNNNN' 'NNNNNN' 'NNNNNN' 'NNNNNN' 'NNNNNN' 'NNNNNN' 'NNNNNN' 'NNNNNN' 'NNNNNN' 'NNNNNN' 'NNNNNN' 'NNNNNN' 'NNNNNN' 'NNNNNN' 
'NNNNNN' 'NNNNNN' 'NNNNNN' 'NNNNNN' 'NNNNNN' 'NNNNNN' 'NNNNNN' 'NNNNNN' 'NNNNNN' 'NNNNNN' 'NNNNNN' 'NNNNNN' 'NNNNNN' 'NNNNNN' 'NNNNNN' 'NNNNNN' 'NNNNNN' 'NNNNNN' 'NNNNNN' 'NNNNNN' 'NNNNNN' 'NNNNNN' 
<LsKin>
0 0 0 0 0 0 0 0 0 0 0 0 0 0 0 0 0 0 0 0 0 0 0 0 0 0 0 0 0 0 0 0 0 0 0 0 0 0 0 0 
0 0 0 0 0 0 0 0 0 0 0 0 0 0 0 0 0 0 0 0 0 0 0 0 0 0 0 0 0 0 0 0 0 0 0 0 0 0 0 0 
0 0 0 0 0 0 0 0 0 0 0 0 0 0 0 0 0 0 0 0 0 0 0 0 0 0 0 0 0 0 0 0 0 0 0 0 0 0 0 0 
0 0 0 0 0 0 0 0 0 0 0 0 0 0 0 0 0 0 0 0 0 0 0 0 0 0 0 0 0 0 0 0 0 0 0 0 0 0 0 0 
0 0 0 0 0 0 0 0 0 0 0 0 0 0 0 0 0 0 0 0 0 0 0 0 0 0 0 0 0 0 0 0 0 0 0 0 0 0 0 0 
0 0 0 0 0 0 0 0 0 0 0 0 0 0 0 0 0 0 0 0 0 0 0 0 0 0 0 0 0 0 0 0 0 0 0 0 0 0 0 0 
0 0 0 0 0 0 0 0 0 0 0 0 0 0 0 0 0 0 0 0 0 0 0 0 0 0 0 0 0 0 0 0 0 0 0 0 0 0 0 0 
0 0 0 0 0 0 0 0 0 0 0 0 0 0 0 0 0 0 0 0 0 0 0 0 0 0 0 0 0 0 0 0 0 0 0 0 0 0 0 0 
0 0 0 0 0 0 0 0 0 0 0 0 0 0 0 0 0 0 0 0 0 0 0 0 0 0 0 0 0 0 0 0 0 0 0 0 0 0 0 0 
0 0 0 0 0 0 0 0 0 0 0 0 0 0 0 0 0 0 0 0 0 0 0 0 0 0 0 0 0 0 0 0 0 0 0 0 0 0 0 0 
0 0 0 0 0 0 0 0 0 0 0 0 0 0 0 0 0 0 0 0 0 0 0 0 0 0 0 0 0 0 0 0 0 0 0 0 0 0 0 0 
0 0 0 0 0 0 0 0 0 0 0 0 0 0 0 0 0 0 0 0 0 0 0 0 0 0 0 0 0 0 0 0 0 0 0 0 0 0 0 0 
0 0 0 0 0 0 0 0 0 0 0 0 0 0 0 0 0 0 0 0 0 0 0 0 0 0 0 0 0 0 0 0 0 0 0 0 0 0 0 0 
0 0 0 0 0 0 0 0 0 0 0 0 0 0 0 0 0 0 0 0 0 0 0 0 0 0 0 0 0 0 0 0 0 0 0 0 0 0 0 0 
0 0 0 0 0 0 0 0 0 0 0 0 0 0 0 0 0 0 0 0 0 0 0 0 0 0 0 0 0 0 0 0 0 0 0 0 0 0 0 0 
0 0 0 0 0 0 0 0 0 0 0 0 0 0 0 0 0 0 0 0 0 0 0 0 0 0 0 0 0 0 0 0 0 0 0 0 0 0 0 0 
0 0 0 0 0 0 0 0 0 0 0 0 0 0 0 0 0 0 0 0 0 0 0 0 0 0 0 0 0 0 0 0 0 0 0 0 0 0 0 0 
0 0 0 0 0 0 0 0 0 0 0 0 0 0 0 0 0 0 0 0 0 0 0 0 0 0 0 0 0 0 0 0 0 0 0 0 0 0 0 0 
0 0 0 0 0 0 0 0 0 0 0 0 0 0 0 0 0 0 0 0 0 0 0 0 0 0 0 0 0 0 0 0 0 0 0 0 0 0 0 0 
0 0 0 0 0 0 0 0 0 0 0 0 0 0 0 0 0 0 0 0 0 0 0 0 0 0 0 0 0 0 0 0 0 0 0 0 0 0 0 0 
0 0 0 0 0 0 0 0 0 0 0 0 0 0 0 0 0 0 0 0 0 0 0 0 0 0 0 0 0 0 0 0 0 0 0 0 0 0 0 0 
0 0 0 0 0 0 0 0 0 0 0 0 0 0 0 0 0 0 0 0 0 0 0 0 0 0 0 0 0 0 0 0 0 0 0 0 0 0 0 0 
0 0 0 0 0 0 0 0 0 0 0 0 0 0 0 0 0 0 0 0 0 0 0 0 0 0 0 0 0 0 0 0 0 0 0 0 0 0 0 0 
0 0 0 0 0 0 0 0 0 0 0 0 0 0 0 0 0 0 0 0 0 0 0 0 0 0 0 0 0 0 0 0 0 0 0 0 0 0 0 0 
0 0 0 0 0 0 0 0 0 0 0 0 0 0 0 0 0 0 0 0 0 0 0 0 0 0 0 0 0 0 0 0 0 0 0 0 0 0 0 0 
0 0 0 0 0 0 0 0 0 0 0 0 0 0 0 0 0 0 0 0 0 0 0 0 0 0 0 0 0 0 0 0 0 0 0 0 0 0 0 0 
0 0 0 0 0 0 0 0 0 0 0 0 0 0 0 0 0 0 0 0 0 0 0 0 0 0 0 0 0 0 0 0 0 0 0 0 0 0 0 0 
0 0 0 0 0 0 0 0 0 0 0 0 0 0 0 0 0 0 0 0 0 0 0 0 0 0 0 0 0 0 0 0 0 0 0 0 0 0 0 0 
0 0 0 0 0 0 0 0 0 0 0 0 0 0 0 0 0 0 0 0 0 0 0 0 0 0 0 0 0 0 0 0 0 0 0 0 0 0 0 0 
0 0 0 0 0 0 0 0 0 0 0 0 0 0 0 0 0 0 0 0 0 0 0 0 0 0 0 0 0 0 0 0 0 0 0 0 0 0 0 0 
0 0 0 0 0 0 0 0 0 0 0 0 0 0 0 0 0 0 0 0 0 0 0 0 0 0 0 0 0 0 0 0 0 0 0 0 0 0 0 0 
0 0 0 0 0 0 0 0 0 0 0 0 0 0 0 0 0 0 0 0 0 0 0 0 0 0 0 0 0 0 0 0 0 0 0 0 0 0 0 0 
0 0 0 0 0 0 0 0 0 0 0 0 0 0 0 0 0 0 0 0 0 0 0 0 0 0 0 0 0 0 0 0 0 0 0 0 0 0 0 0 
0 0 0 0 0 0 0 0 0 0 0 0 0 0 0 0 0 0 0 0 0 0 0 0 0 0 0 0 0 0 0 0 0 0 0 0 0 0 0 0 
0 0 0 0 0 0 0 0 0 0 0 0 0 0 0 0 0 0 0 0 0 0 0 0 0 0 0 0 0 0 0 0 0 0 0 0 0 0 0 0 
0 0 0 0 0 0 0 0 0 0 0 0 0 0 0 0 0 0 0 0 0 0 0 0 0 0 0 0 0 0 0 0 0 0 0 0 0 0 0 0 
0 0 0 0 0 0 0 0 0 0 0 0 0 0 0 0 0 0 0 0 0 0 0 0 0 0 0 0 0 0 0 0 0 0 0 0 0 0 0 0 
0 0 0 0 0 0 0 0 0 0 0 0 0 0 0 0 0 0 0 0 0 0 0 0 0 0 0 0 0 0 0 0 0 0 0 0 0 0 0 0 
0 0 0 0 0 0 0 0 0 0 0 0 0 0 0 0 0 0 0 0 0 0 0 0 0 0 0 0 0 0 0 0 0 0 0 0 0 0 0 0 
0 0 0 0 0 0 0 0 0 0 0 0 0 0 0 0 0 0 0 0 0 0 0 0 0 0 0 0 0 0 0 0 0 0 0 0 0 0 0 0 
0 0 0 0 0 0 0 0 0 0 0 0 0 0 0 0 0 0 0 0 0 0 0 0 0 0 0 0 0 0 0 0 0 0 0 0 0 0 0 0 
0 0 0 0 0 0 0 0 0 0 0 0 0 0 0 0 0 0 0 0 0 0 0 0 0 0 0 0 0 0 0 0 0 0 0 0 0 0 0 0 
0 0 0 0 0 0 0 0 0 0 0 0 0 0 0 0 0 0 0 0 0 0 0 0 0 0 0 0 0 0 0 0 0 0 0 0 0 0 0 0 
0 0 0 0 0 0 0 0 0 0 0 0 0 0 0 0 0 0 0 0 0 0 0 0 0 0 0 0 0 0 0 0 0 0 0 0 0 0 0 0 
0 0 0 0 0 0 0 0 0 0 0 0 0 0 0 0 0 0 0 0 0 0 0 0 0 0 0 0 0 0 0 0 0 0 0 0 0 0 0 0 
0 0 0 0 0 0 0 0 0 0 0 0 0 0 0 0 0 0 0 0 0 0 0 0 0 0 0 0 0 0 0 0 0 0 0 0 0 0 0 0 
0 0 0 0 0 0 0 0 0 0 0 0 0 0 0 0 0 0 0 0 0 0 0 0 0 0 0 0 0 0 0 0 0 0 0 0 0 0 0 0 
0 0 0 0 0 0 0 0 0 0 0 0 0 0 0 0 0 0 0 0 0 0 0 0 0 0 0 0 0 0 0 0 0 0 0 0 0 0 0 0 
0 0 0 0 0 0 0 0 0 0 0 0 0 0 0 0 0 0 0 0 0 0 0 0 0 0 0 0 0 0 0 0 0 0 0 0 0 0 0 0 
0 0 0 0 0 0 0 0 0 0 0 0 0 0 0 0 0 0 0 0 0 0 0 0 0 0 0 0 0 0 0 0 0 0 0 0 0 0 0 0 
0 0 0 0 0 0 0 0 0 0 0 0 0 0 0 0 0 0 0 0 0 0 0 0 0 0 0 0 0 0 0 0 0 0 0 0 0 0 0 0 
0 0 0 0 0 0 0 0 0 0 0 0 0 0 0 0 0 0 0 0 0 0 0 0 0 0 0 0 0 0 0 0 0 0 0 0 0 0 0 0 
0 0 0 0 0 0 0 0 0 0 0 0 0 0 0 0 0 0 0 0 0 0 0 0 0 0 0 0 0 0 0 0 0 0 0 0 0 0 0 0 
0 0 0 0 0 0 0 0 0 0 0 0 0 0 0 0 0 0 0 0 0 0 0 0 0 0 0 0 0 0 0 0 0 0 0 0 0 0 0 0 
0 0 0 0 0 0 0 0 0 0 0 0 0 0 0 0 0 0 0 0 0 0 0 0 0 0 0 0 0 0 0 0 0 0 0 0 0 0 0 0 
0 0 0 0 0 0 0 0 0 0 0 0 0 0 0 0 0 0 0 0 0 0 0 0 0 0 0 0 0 0 0 0 0 0 0 0 0 0 0 0 
0 0 0 0 0 0 0 0 0 0 0 0 0 0 0 0 0 0 0 0 0 0 0 0 0 0 0 0 0 0 0 0 0 0 0 0 0 0 0 0 
0 0 0 0 0 0 0 0 0 0 0 0 0 0 0 0 0 0 0 0 0 0 0 0 0 0 0 0 0 0 0 0 0 0 0 0 0 0 0 0 
0 0 0 0 0 0 0 0 0 0 0 0 0 0 0 0 0 0 0 0 0 0 0 0 0 0 0 0 0 0 0 0 0 0 0 0 0 0 0 0 
0 0 0 0 0 0 0 0 0 0 0 0 0 0 0 0 0 0 0 0 0 0 0 0 0 0 0 0 0 0 0 0 0 0 0 0 0 0 0 0 
0 0 0 0 0 0 0 0 0 0 0 0 0 0 0 0 0 0 0 0 0 0 0 0 0 0 0 0 0 0 0 0 0 0 0 0 0 0 0 0 
0 0 0 0 0 0 0 0 0 0 0 0 0 0 0 0 0 0 0 0 0 0 0 0 0 0 0 0 0 0 0 0 0 0 0 0 0 0 0 0 
0 0 0 0 0 0 0 0 0 0 0 0 0 0 0 0 0 0 0 0 0 0 0 0 0 0 0 0 0 0 0 0 0 0 0 0 0 0 0 0 
0 0 0 0 0 0 0 0 0 0 0 0 
<xSKrC>

<ocPRkC>

<feSArC>

<rpConC>

<apConC>

<AscpC>

<LsUpt>
0 0 0 0 
<UMpcC>

<PfFact>
1 1 1 1 1 1 1 1 1 1 1 1 1 1 1 1 1 1 1 1 1 1 1 1 1 1 1 1 1 1 1 1 1 1 1 1 1 1 1 1 
1 1 1 1 1 1 1 1 1 1 1 1 1 1 1 1 1 1 1 1 1 1 1 1 1 1 1 1 1 1 1 1 1 1 1 1 1 1 1 1 
1 1 1 1 1 1 1 1 1 1 1 1 1 1 1 1 1 1 1 1 1 1 1 1 1 1 1 1 1 1 1 1 1 1 1 1 1 1 1 1 
1 1 1 1 1 1 1 1 1 1 1 1 1 1 1 1 1 1 1 1 1 1 1 1 1 1 1 1 1 1 1 1 1 1 1 1 1 1 1 1 
1 1 1 1 1 1 1 1 1 1 1 1 1 1 1 1 1 1 1 1 1 1 1 1 1 1 1 1 1 1 1 1 1 1 1 1 1 1 1 1 
1 1 1 1 1 1 1 1 1 1 1 1 1 1 1 1 1 1 1 1 1 1 1 1 1 1 1 1 1 1 1 1 1 1 1 1 1 1 1 1 
1 1 1 1 1 1 1 1 1 1 1 1 1 1 1 1 1 1 1 1 1 1 1 1 1 1 1 1 1 1 1 1 1 1 1 1 1 1 1 1 
1 1 1 1 1 1 1 1 1 1 1 1 1 1 1 1 1 1 1 1 1 1 1 1 1 1 1 1 1 1 1 1 1 1 1 1 1 1 1 1 
1 1 1 1 1 1 1 1 1 1 1 1 1 1 1 1 1 1 1 1 1 1 1 1 1 1 1 1 1 1 1 1 1 1 1 1 1 1 1 1 
1 1 1 1 1 1 1 1 1 1 1 1 1 1 1 1 1 1 1 1 1 1 1 1 1 1 1 1 1 1 1 1 1 1 1 1 1 1 1 1 
1 1 1 1 1 1 1 1 1 1 1 1 1 1 1 1 1 1 1 1 1 1 
<PrT>
0 0 0 0 0 0 0 0 0 0 0 0 0 0 0 0 0 0 0 0 0 0 0 0 0 0 0 0 0 0 0 0 0 0 0 0 0 0 0 0 
0 0 0 0 0 0 0 0 0 0 0 0 0 0 0 0 0 0 0 0 0 0 0 0 0 0 0 0 0 0 0 0 0 0 0 0 0 0 0 0 
0 0 0 0 0 0 0 0 0 0 0 0 0 0 0 0 0 0 0 0 0 0 0 0 0 0 0 0 0 0 0 0 0 0 0 0 0 0 0 0 
0 0 0 0 0 0 0 0 0 0 0 0 0 0 0 0 0 0 0 0 0 0 0 0 0 0 0 0 0 0 0 0 0 0 0 0 0 0 0 0 
0 0 0 0 0 0 0 0 0 0 0 0 0 0 0 0 0 0 0 0 0 0 0 0 0 0 0 0 0 0 0 0 0 0 0 0 0 0 0 0 
0 0 0 0 0 0 0 0 0 0 0 0 0 0 0 0 0 0 0 0 0 0 0 0 0 0 0 0 0 0 0 0 0 0 0 0 0 0 0 0 
0 0 0 0 0 0 0 0 0 0 0 0 0 0 0 0 0 0 0 0 0 0 0 0 0 0 0 0 0 0 0 0 0 0 0 0 0 0 0 0 
0 0 0 0 0 0 0 0 0 0 0 0 0 0 0 0 0 0 0 0 0 0 0 0 0 0 0 0 0 0 0 0 0 0 0 0 0 0 0 0 
0 0 0 0 0 0 0 0 0 0 0 0 0 0 0 0 0 0 0 0 0 0 0 0 0 0 0 0 0 0 0 0 0 0 0 0 0 0 0 0 
0 0 0 0 0 0 0 0 0 0 0 0 0 0 0 0 0 0 0 0 0 0 0 0 0 0 0 0 0 0 0 0 0 0 0 0 0 0 0 0 
0 0 0 0 0 0 0 0 0 0 0 0 0 0 0 0 0 0 0 0 0 0 
<PkT>
0 0 0 0 0 0 0 0 0 0 0 0 0 0 0 0 0 0 0 0 0 0 0 0 0 0 0 0 0 0 0 0 0 0 0 0 0 0 0 0 
0 0 0 0 0 0 0 0 0 0 0 0 0 0 0 0 0 0 0 0 0 0 0 0 0 0 0 0 0 0 0 0 0 0 0 0 0 0 0 0 
0 0 0 0 0 0 0 0 0 0 0 0 0 0 0 0 0 0 0 0 0 0 0 0 0 0 0 0 0 0 0 0 0 0 0 0 0 0 0 0 
0 0 0 0 0 0 0 0 0 0 0 0 0 0 0 0 0 0 0 0 0 0 0 0 0 0 0 0 0 0 0 0 0 0 0 0 0 0 0 0 
0 0 0 0 0 0 0 0 0 0 0 0 0 0 0 0 0 0 0 0 0 0 0 0 0 0 0 0 0 0 0 0 0 0 0 0 0 0 0 0 
0 0 0 0 0 0 0 0 0 0 0 0 0 0 0 0 0 0 0 0 0 0 0 0 0 0 0 0 0 0 0 0 0 0 0 0 0 0 0 0 
0 0 0 0 0 0 0 0 0 0 0 0 0 0 0 0 0 0 0 0 0 0 0 0 0 0 0 0 0 0 0 0 0 0 0 0 0 0 0 0 
0 0 0 0 0 0 0 0 0 0 0 0 0 0 0 0 0 0 0 0 0 0 0 0 0 0 0 0 0 0 0 0 0 0 0 0 0 0 0 0 
0 0 0 0 0 0 0 0 0 0 0 0 0 0 0 0 0 0 0 0 0 0 0 0 0 0 0 0 0 0 0 0 0 0 0 0 0 0 0 0 
0 0 0 0 0 0 0 0 0 0 0 0 0 0 0 0 0 0 0 0 0 0 0 0 0 0 0 0 0 0 0 0 0 0 0 0 0 0 0 0 
0 0 0 0 0 0 0 0 0 0 0 0 0 0 0 0 0 0 0 0 0 0 
<PvT>
0 0 0 0 0 0 0 0 0 0 0 0 0 0 0 0 0 0 0 0 0 0 0 0 0 0 0 0 0 0 0 0 0 0 0 0 0 0 0 0 
0 0 0 0 0 0 0 0 0 0 0 0 0 0 0 0 0 0 0 0 0 0 0 0 0 0 0 0 0 0 0 0 0 0 0 0 0 0 0 0 
0 0 0 0 0 0 0 0 0 0 0 0 0 0 0 0 0 0 0 0 0 0 0 0 0 0 0 0 0 0 0 0 0 0 0 0 0 0 0 0 
0 0 0 0 0 0 0 0 0 0 0 0 0 0 0 0 0 0 0 0 0 0 0 0 0 0 0 0 0 0 0 0 0 0 0 0 0 0 0 0 
0 0 0 0 0 0 0 0 0 0 0 0 0 0 0 0 0 0 0 0 0 0 0 0 0 0 0 0 0 0 0 0 0 0 0 0 0 0 0 0 
0 0 0 0 0 0 0 0 0 0 0 0 0 0 0 0 0 0 0 0 0 0 0 0 0 0 0 0 0 0 0 0 0 0 0 0 0 0 0 0 
0 0 0 0 0 0 0 0 0 0 0 0 0 0 0 0 0 0 0 0 0 0 0 0 0 0 0 0 0 0 0 0 0 0 0 0 0 0 0 0 
0 0 0 0 0 0 0 0 0 0 0 0 0 0 0 0 0 0 0 0 0 0 0 0 0 0 0 0 0 0 0 0 0 0 0 0 0 0 0 0 
0 0 0 0 0 0 0 0 0 0 0 0 0 0 0 0 0 0 0 0 0 0 0 0 0 0 0 0 0 0 0 0 0 0 0 0 0 0 0 0 
0 0 0 0 0 0 0 0 0 0 0 0 0 0 0 0 0 0 0 0 0 0 0 0 0 0 0 0 0 0 0 0 0 0 0 0 0 0 0 0 
0 0 0 0 0 0 0 0 0 0 0 0 0 0 0 0 0 0 0 0 0 0 
<emRd>
0 0 0 0 0 0 0 0 0 0 0 0 0 0 0 0 0 0 0 0 0 0 0 0 0 0 0 0 0 0 0 0 0 0 0 0 0 0 0 0 
0 0 0 0 0 0 0 0 0 0 0 0 0 0 0 0 0 0 0 0 0 0 0 0 0 0 0 0 0 0 0 0 0 0 0 0 0 0 0 0 
0 0 0 0 0 0 0 0 0 0 0 0 0 0 0 0 0 0 0 0 0 0 0 0 0 0 0 0 0 0 0 0 0 0 0 0 0 0 0 0 
0 0 0 0 0 0 0 0 0 0 0 0 0 0 0 0 0 0 0 0 0 0 0 0 0 0 0 0 0 0 0 0 0 0 0 0 0 0 0 0 
0 0 0 0 0 0 0 0 0 0 0 0 0 0 0 0 0 0 0 0 0 0 0 0 0 0 0 0 0 0 0 0 0 0 0 0 0 0 0 0 
0 0 0 0 0 0 0 0 0 0 0 0 0 0 0 0 0 0 0 0 0 0 0 0 0 0 0 0 0 0 0 0 0 0 0 0 0 0 0 0 
0 0 0 0 0 0 0 0 0 0 0 0 0 0 0 0 0 0 0 0 0 0 0 0 0 0 0 0 0 0 0 0 0 0 0 0 0 0 0 0 
0 0 0 0 0 0 0 0 0 0 0 0 0 0 0 0 0 0 0 0 0 0 0 0 0 0 0 0 0 0 0 0 0 0 0 0 0 0 0 0 
0 0 0 0 0 0 0 0 0 0 0 0 0 0 0 0 0 0 0 0 0 0 0 0 0 0 0 0 0 0 0 0 0 0 0 0 0 0 0 0 
0 0 0 0 0 0 0 0 0 0 0 0 0 0 0 0 0 0 0 0 0 0 0 0 0 0 0 0 0 0 0 0 0 0 0 0 0 0 0 0 
0 0 0 0 0 0 0 0 0 0 0 0 0 0 0 0 0 0 0 0 0 0 0 0 0 0 0 0 0 0 0 0 0 0 0 0 0 0 0 0 
0 0 0 0 0 0 0 0 0 0 0 0 0 0 0 0 0 0 0 0 0 0 0 0 0 0 0 0 0 0 0 0 0 0 0 0 0 0 0 0 
0 0 0 0 0 0 0 0 0 0 0 0 0 0 0 0 0 0 0 0 0 0 0 0 0 0 0 0 0 0 0 0 0 0 0 0 0 0 0 0 
0 0 0 0 0 0 0 0 0 0 0 0 0 0 0 0 0 0 0 0 0 0 0 0 0 0 0 0 0 0 0 0 0 0 0 0 0 0 0 0 
0 0 0 0 0 0 0 0 0 0 0 0 0 0 0 0 0 0 0 0 0 0 0 0 0 0 0 0 0 0 0 0 0 0 0 0 0 0 0 0 
0 0 0 0 0 0 0 0 0 0 0 0 0 0 0 0 0 0 0 0 0 0 0 0 0 0 0 0 0 0 0 0 0 0 0 0 0 0 0 0 
0 0 0 0 0 0 0 0 0 0 0 0 0 0 0 0 0 0 0 0 0 0 0 0 0 0 0 0 0 0 0 0 0 0 0 0 0 0 0 0 
0 0 0 0 0 0 0 0 0 0 0 0 0 0 0 0 0 0 0 0 0 0 0 0 0 0 0 0 0 0 0 0 0 0 0 0 0 0 0 0 
0 0 0 0 0 0 0 0 0 0 0 0 0 0 0 0 0 0 0 0 0 0 0 0 0 0 0 0 0 0 0 0 0 0 0 0 0 0 0 0 
0 0 0 0 0 0 0 0 0 0 0 0 0 0 0 0 0 0 0 0 0 0 0 0 0 0 0 0 0 0 0 0 0 0 0 0 0 0 0 0 
0 0 0 0 0 0 0 0 0 0 0 0 0 0 0 0 0 0 0 0 0 0 0 0 0 0 0 0 0 0 0 0 0 0 0 0 0 0 0 0 
0 0 0 0 0 0 0 0 0 0 0 0 0 0 0 0 0 0 0 0 0 0 0 0 0 0 0 0 0 0 0 0 0 0 0 0 0 0 0 0 
0 0 0 0 0 0 0 0 0 0 0 0 0 0 0 0 0 0 0 0 0 0 0 0 0 0 0 0 0 0 0 0 0 0 0 0 0 0 0 0 
0 0 0 0 0 0 0 0 0 0 0 0 0 0 0 0 0 0 0 0 0 0 0 0 0 0 0 0 0 0 0 0 0 0 0 0 0 0 0 0 
0 0 0 0 0 0 0 0 0 0 0 0 0 0 0 0 0 0 0 0 0 0 0 0 0 0 0 0 0 0 0 0 0 0 0 0 0 0 0 0 
0 0 0 0 0 0 0 0 0 0 0 0 0 0 0 0 0 0 0 0 0 0 0 0 0 0 0 0 0 0 0 0 0 0 0 0 0 0 0 0 
0 0 0 0 0 0 0 0 0 0 0 0 0 0 0 0 0 0 0 0 0 0 0 0 0 0 0 0 0 0 0 0 0 0 0 0 0 0 0 0 
0 0 0 0 0 0 0 0 0 0 0 0 0 0 0 0 0 0 0 0 0 0 0 0 0 0 0 0 0 0 0 0 0 0 0 0 0 0 0 0 
0 0 0 0 0 0 0 0 0 0 0 0 0 0 0 0 0 0 0 0 0 0 0 0 0 0 
<emDf>
0 0 0 0 0 0 0 0 0 0 0 0 0 0 0 0 0 0 0 0 0 0 0 0 0 0 0 0 0 0 0 0 0 0 0 0 0 0 0 0 
0 0 0 0 0 0 0 0 0 0 0 0 0 0 0 0 0 0 0 0 0 0 0 0 0 0 0 0 0 0 0 0 0 0 0 0 0 0 0 0 
0 0 0 0 0 0 0 0 0 0 0 0 0 0 0 0 0 0 0 0 0 0 0 0 0 0 0 0 0 0 0 0 0 0 0 0 0 0 0 0 
0 0 0 0 0 0 0 0 0 0 0 0 0 0 0 0 0 0 0 0 0 0 0 0 0 0 0 0 0 0 0 0 0 0 0 0 0 0 0 0 
0 0 0 0 0 0 0 0 0 0 0 0 0 0 0 0 0 0 0 0 0 0 0 0 0 0 0 0 0 0 0 0 0 0 0 0 0 0 0 0 
0 0 0 0 0 0 0 0 0 0 0 0 0 0 0 0 0 0 0 0 0 0 0 0 0 0 0 0 0 0 0 0 0 0 0 0 0 0 0 0 
0 0 0 0 0 0 0 0 0 0 0 0 0 0 0 0 0 0 0 0 0 0 0 0 0 0 0 0 0 0 0 0 0 0 0 0 0 0 0 0 
0 0 0 0 0 0 0 0 0 0 0 0 0 0 0 0 0 0 0 0 0 0 0 0 0 0 0 0 0 0 0 0 0 0 0 0 0 0 0 0 
0 0 0 0 0 0 0 0 0 0 0 0 0 0 0 0 0 0 0 0 0 0 0 0 0 0 0 0 0 0 0 0 0 0 0 0 0 0 0 0 
0 0 0 0 0 0 0 0 0 0 0 0 0 0 0 0 0 0 0 0 0 0 0 0 0 0 0 0 0 0 0 0 0 0 0 0 0 0 0 0 
0 0 0 0 0 0 0 0 0 0 0 0 0 0 0 0 0 0 0 0 0 0 0 0 0 0 0 0 0 0 0 0 0 0 0 0 0 0 0 0 
0 0 0 0 0 0 0 0 0 0 0 0 0 0 0 0 0 0 0 0 0 0 0 0 0 0 0 0 0 0 0 0 0 0 0 0 0 0 0 0 
0 0 0 0 0 0 0 0 0 0 0 0 0 0 0 0 0 0 0 0 0 0 0 0 0 0 0 0 0 0 0 0 0 0 0 0 0 0 0 0 
0 0 0 0 0 0 0 0 0 0 0 0 0 0 0 0 0 0 0 0 0 0 0 0 0 0 0 0 0 0 0 0 0 0 0 0 0 0 0 0 
0 0 0 0 0 0 0 0 0 0 0 0 0 0 0 0 0 0 0 0 0 0 0 0 0 0 0 0 0 0 0 0 0 0 0 0 0 0 0 0 
0 0 0 0 0 0 0 0 0 0 0 0 0 0 0 0 0 0 0 0 0 0 0 0 0 0 0 0 0 0 0 0 0 0 0 0 0 0 0 0 
0 0 0 0 0 0 0 0 0 0 0 0 0 0 0 0 0 0 0 0 0 0 0 0 0 0 0 0 0 0 0 0 0 0 0 0 0 0 0 0 
0 0 0 0 0 0 0 0 0 0 0 0 0 0 0 0 0 0 0 0 0 0 0 0 0 0 0 0 0 0 0 0 0 0 0 0 0 0 0 0 
0 0 0 0 0 0 0 0 0 0 0 0 0 0 0 0 0 0 0 0 0 0 0 0 0 0 0 0 0 0 0 0 0 0 0 0 0 0 0 0 
0 0 0 0 0 0 0 0 0 0 0 0 0 0 0 0 0 0 0 0 0 0 0 0 0 0 0 0 0 0 0 0 0 0 0 0 0 0 0 0 
0 0 0 0 0 0 0 0 0 0 0 0 0 0 0 0 0 0 0 0 0 0 0 0 0 0 0 0 0 0 0 0 0 0 0 0 0 0 0 0 
0 0 0 0 0 0 0 0 0 0 0 0 0 0 0 0 0 0 0 0 0 0 0 0 0 0 0 0 0 0 0 0 0 0 0 0 0 0 0 0 
0 0 0 0 0 0 0 0 0 0 0 0 0 0 0 0 0 0 0 0 0 0 0 0 0 0 0 0 0 0 0 0 0 0 0 0 0 0 0 0 
0 0 0 0 0 0 0 0 0 0 0 0 0 0 0 0 0 0 0 0 0 0 0 0 0 0 0 0 0 0 0 0 0 0 0 0 0 0 0 0 
0 0 0 0 0 0 0 0 0 0 0 0 0 0 0 0 0 0 0 0 0 0 0 0 0 0 0 0 0 0 0 0 0 0 0 0 0 0 0 0 
0 0 0 0 0 0 0 0 0 0 0 0 0 0 0 0 0 0 0 0 0 0 0 0 0 0 0 0 0 0 0 0 0 0 0 0 0 0 0 0 
0 0 0 0 0 0 0 0 0 0 0 0 0 0 0 0 0 0 0 0 0 0 0 0 0 0 0 0 0 0 0 0 0 0 0 0 0 0 0 0 
0 0 0 0 0 0 0 0 0 0 0 0 0 0 0 0 0 0 0 0 0 0 0 0 0 0 0 0 0 0 0 0 0 0 0 0 0 0 0 0 
0 0 0 0 0 0 0 0 0 0 0 0 0 0 0 0 0 0 0 0 0 0 0 0 0 0 
<Wb>
0 0 0 0 0 0 0 0 0 0 0 0 0 0 0 0 0 0 0 0 0 0 0 0 0 0 0 0 0 0 0 0 0 0 0 0 0 0 0 0 
0 0 0 0 0 0 0 0 0 0 0 0 0 0 0 0 0 0 0 0 0 0 0 0 0 0 0 0 0 0 0 0 0 0 0 0 0 0 0 0 
0 0 0 0 0 0 0 0 0 0 0 0 0 0 0 0 0 0 0 0 0 0 0 0 0 0 0 0 0 0 0 0 0 0 0 0 0 0 0 0 
0 0 0 0 0 0 0 0 0 0 0 0 0 0 0 0 0 0 0 0 0 0 0 0 0 0 0 0 0 0 0 0 0 0 0 0 0 0 0 0 
0 0 0 0 0 0 0 0 0 0 0 0 0 0 0 0 0 0 0 0 0 0 0 0 0 0 0 0 0 0 0 0 0 0 0 0 0 0 0 0 
0 0 0 0 0 0 0 0 0 0 0 0 0 0 0 0 0 0 0 0 0 0 0 0 0 0 0 0 0 0 0 0 0 0 0 0 0 0 0 0 
0 0 0 0 0 0 0 0 0 0 0 0 0 0 0 0 0 0 0 0 0 0 0 0 0 0 0 0 0 0 0 0 0 0 0 0 0 0 0 0 
0 0 0 0 0 0 0 0 0 0 0 0 0 0 0 0 0 0 0 0 0 0 0 0 0 0 0 0 0 0 0 0 0 0 0 0 0 0 0 0 
0 0 0 0 0 0 0 0 0 0 0 0 0 0 0 0 0 0 0 0 0 0 0 0 0 0 0 0 0 0 0 0 0 0 0 0 0 0 0 0 
0 0 0 0 0 0 0 0 0 0 0 0 0 0 0 0 0 0 0 0 0 0 0 0 0 0 0 0 0 0 0 0 0 0 0 0 0 0 0 0 
0 0 0 0 0 0 0 0 0 0 0 0 0 0 0 0 0 0 0 0 0 0 0 0 0 0 0 0 0 0 0 0 0 0 0 0 0 0 0 0 
0 0 0 0 0 0 0 0 0 0 0 0 0 0 0 0 0 0 0 0 0 0 0 0 0 0 0 0 0 0 0 0 0 0 0 0 0 0 0 0 
0 0 0 0 0 0 0 0 0 0 0 0 0 0 0 0 0 0 0 0 0 0 0 0 0 0 0 0 0 0 0 0 0 0 0 0 0 0 0 0 
0 0 0 0 0 0 0 0 0 0 0 0 0 0 0 0 0 0 0 0 0 0 0 0 0 0 0 0 0 0 0 0 0 0 0 0 0 0 0 0 
0 0 0 0 0 0 0 0 0 0 0 0 0 0 0 0 0 0 0 0 0 0 0 0 0 0 0 0 0 0 0 0 0 0 0 0 0 0 0 0 
0 0 0 0 0 0 0 0 0 0 0 0 0 0 0 0 0 0 0 0 0 0 0 0 0 0 0 0 0 0 0 0 0 0 0 0 0 0 0 0 
0 0 0 0 0 0 0 0 0 0 0 0 0 0 0 0 0 0 0 0 0 0 0 0 0 0 0 0 0 0 0 0 0 0 0 0 0 0 0 0 
0 0 0 0 0 0 0 0 0 0 0 0 0 0 0 0 0 0 0 0 0 0 0 0 0 0 0 0 0 0 0 0 0 0 0 0 0 0 0 0 
0 0 0 0 0 0 0 0 0 0 0 0 0 0 0 0 0 0 0 0 0 0 0 0 0 0 0 0 0 0 0 0 0 0 0 0 0 0 0 0 
0 0 0 0 0 0 0 0 0 0 0 0 0 0 0 0 0 0 0 0 0 0 0 0 0 0 0 0 0 0 0 0 0 0 0 0 0 0 0 0 
0 0 0 0 0 0 0 0 0 0 0 0 0 0 0 0 0 0 0 0 0 0 0 0 0 0 0 0 0 0 0 0 0 0 0 0 0 0 0 0 
0 0 0 0 0 0 0 0 0 0 0 0 0 0 0 0 0 0 0 0 0 0 0 0 0 0 0 0 0 0 0 0 0 0 0 0 0 0 0 0 
0 0 0 0 0 0 0 0 0 0 0 0 0 0 0 0 0 0 0 0 0 0 0 0 0 0 0 0 0 0 0 0 0 0 0 0 0 0 0 0 
0 0 0 0 0 0 0 0 0 0 0 0 0 0 0 0 0 0 0 0 0 0 0 0 0 0 0 0 0 0 0 0 0 0 0 0 0 0 0 0 
0 0 0 0 0 0 0 0 0 0 0 0 0 0 0 0 0 0 0 0 0 0 0 0 0 0 0 0 0 0 0 0 0 0 0 0 0 0 0 0 
0 0 0 0 0 0 0 0 0 0 0 0 0 0 0 0 0 0 0 0 0 0 0 0 0 0 0 0 0 0 0 0 0 0 0 0 0 0 0 0 
0 0 0 0 0 0 0 0 0 0 0 0 0 0 0 0 0 0 0 0 0 0 0 0 0 0 0 0 0 0 0 0 0 0 0 0 0 0 0 0 
0 0 0 0 0 0 0 0 0 0 0 0 0 0 0 0 0 0 0 0 0 0 0 0 0 0 0 0 0 0 0 0 0 0 0 0 0 0 0 0 
0 0 0 0 0 0 0 0 0 0 0 0 0 0 0 0 0 0 0 0 0 0 0 0 0 0 
<Wabs>
0 0 0 0 0 0 0 0 0 0 0 0 0 0 0 0 0 0 0 0 0 0 0 0 0 0 0 0 0 0 0 0 0 0 0 0 0 0 0 0 
0 0 0 0 0 0 0 0 0 0 0 0 0 0 0 0 0 0 0 0 0 0 0 0 0 0 0 0 0 0 0 0 0 0 0 0 0 0 0 0 
0 0 0 0 0 0 0 0 0 0 0 0 0 0 0 0 0 0 0 0 0 0 0 0 0 0 0 0 0 0 0 0 0 0 0 0 0 0 0 0 
0 0 0 0 0 0 0 0 0 0 0 0 0 0 0 0 0 0 0 0 0 0 0 0 0 0 0 0 0 0 0 0 0 0 0 0 0 0 0 0 
0 0 0 0 0 0 0 0 0 0 0 0 0 0 0 0 0 0 0 0 0 0 0 0 0 0 0 0 0 0 0 0 0 0 0 0 0 0 0 0 
0 0 0 0 0 0 0 0 0 0 0 0 0 0 0 0 0 0 0 0 0 0 0 0 0 0 0 0 0 0 0 0 0 0 0 0 0 0 0 0 
0 0 0 0 0 0 0 0 0 0 0 0 0 0 0 0 0 0 0 0 0 0 0 0 0 0 0 0 0 0 0 0 0 0 0 0 0 0 0 0 
0 0 0 0 0 0 0 0 0 0 0 0 0 0 0 0 0 0 0 0 0 0 0 0 0 0 0 0 0 0 0 0 0 0 0 0 0 0 0 0 
0 0 0 0 0 0 0 0 0 0 0 0 0 0 0 0 0 0 0 0 0 0 0 0 0 0 0 0 0 0 0 0 0 0 0 0 0 0 0 0 
0 0 0 0 0 0 0 0 0 0 0 0 0 0 0 0 0 0 0 0 0 0 0 0 0 0 0 0 0 0 0 0 0 0 0 0 0 0 0 0 
0 0 0 0 0 0 0 0 0 0 0 0 0 0 0 0 0 0 0 0 0 0 0 0 0 0 0 0 0 0 0 0 0 0 0 0 0 0 0 0 
0 0 0 0 0 0 0 0 0 0 0 0 0 0 0 0 0 0 0 0 0 0 0 0 0 0 0 0 0 0 0 0 0 0 0 0 0 0 0 0 
0 0 0 0 0 0 0 0 0 0 0 0 0 0 0 0 0 0 0 0 0 0 0 0 0 0 0 0 0 0 0 0 0 0 0 0 0 0 0 0 
0 0 0 0 0 0 0 0 0 0 0 0 0 0 0 0 0 0 0 0 0 0 0 0 0 0 0 0 0 0 0 0 0 0 0 0 0 0 0 0 
0 0 0 0 0 0 0 0 0 0 0 0 0 0 0 0 0 0 0 0 0 0 0 0 0 0 0 0 0 0 0 0 0 0 0 0 0 0 0 0 
0 0 0 0 0 0 0 0 0 0 0 0 0 0 0 0 0 0 0 0 0 0 0 0 0 0 0 0 0 0 0 0 0 0 0 0 0 0 0 0 
0 0 0 0 0 0 0 0 0 0 0 0 0 0 0 0 0 0 0 0 0 0 0 0 0 0 0 0 0 0 0 0 0 0 0 0 0 0 0 0 
0 0 0 0 0 0 0 0 0 0 0 0 0 0 0 0 0 0 0 0 0 0 0 0 0 0 0 0 0 0 0 0 0 0 0 0 0 0 0 0 
0 0 0 0 0 0 0 0 0 0 0 0 0 0 0 0 0 0 0 0 0 0 0 0 0 0 0 0 0 0 0 0 0 0 0 0 0 0 0 0 
0 0 0 0 0 0 0 0 0 0 0 0 0 0 0 0 0 0 0 0 0 0 0 0 0 0 0 0 0 0 0 0 0 0 0 0 0 0 0 0 
0 0 0 0 0 0 0 0 0 0 0 0 0 0 0 0 0 0 0 0 0 0 0 0 0 0 0 0 0 0 0 0 0 0 0 0 0 0 0 0 
0 0 0 0 0 0 0 0 0 0 0 0 0 0 0 0 0 0 0 0 0 0 0 0 0 0 0 0 0 0 0 0 0 0 0 0 0 0 0 0 
0 0 0 0 0 0 0 0 0 0 0 0 0 0 0 0 0 0 0 0 0 0 0 0 0 0 0 0 0 0 0 0 0 0 0 0 0 0 0 0 
0 0 0 0 0 0 0 0 0 0 0 0 0 0 0 0 0 0 0 0 0 0 0 0 0 0 0 0 0 0 0 0 0 0 0 0 0 0 0 0 
0 0 0 0 0 0 0 0 0 0 0 0 0 0 0 0 0 0 0 0 0 0 0 0 0 0 0 0 0 0 0 0 0 0 0 0 0 0 0 0 
0 0 0 0 0 0 0 0 0 0 0 0 0 0 0 0 0 0 0 0 0 0 0 0 0 0 0 0 0 0 0 0 0 0 0 0 0 0 0 0 
0 0 0 0 0 0 0 0 0 0 0 0 0 0 0 0 0 0 0 0 0 0 0 0 0 0 0 0 0 0 0 0 0 0 0 0 0 0 0 0 
0 0 0 0 0 0 0 0 0 0 0 0 0 0 0 0 0 0 0 0 0 0 0 0 0 0 0 0 0 0 0 0 0 0 0 0 0 0 0 0 
0 0 0 0 0 0 0 0 0 0 0 0 0 0 0 0 0 0 0 0 0 0 0 0 0 0 
<Rion>
0 0 0 0 0 0 0 0 0 0 0 0 0 0 0 0 0 0 0 0 0 0 0 0 0 0 0 0 0 0 0 0 0 0 0 0 0 0 0 0 
0 0 0 0 0 0 0 0 0 0 0 0 0 0 0 0 0 0 0 0 0 0 0 0 0 0 0 0 0 0 0 0 0 0 0 0 0 0 0 0 
0 0 0 0 0 0 0 0 0 0 0 0 0 0 0 0 0 0 0 0 0 0 0 0 0 0 0 0 0 0 0 0 0 0 0 0 0 0 0 0 
0 0 0 0 0 0 0 0 0 0 0 0 0 0 0 0 0 0 0 0 0 0 0 0 0 0 0 0 0 0 0 0 0 0 0 0 0 0 0 0 
0 0 0 0 0 0 0 0 0 0 0 0 0 0 0 0 0 0 0 0 0 0 0 0 0 0 0 0 0 0 0 0 0 0 0 0 0 0 0 0 
0 0 0 0 0 0 0 0 0 0 0 0 0 0 0 0 0 0 0 0 0 0 0 0 0 0 0 0 0 0 0 0 0 0 0 0 0 0 0 0 
0 0 0 0 0 0 0 0 0 0 0 0 0 0 0 0 0 0 0 0 0 0 0 0 0 0 0 0 0 0 0 0 0 0 0 0 0 0 0 0 
0 0 0 0 0 0 0 0 0 0 0 0 0 0 0 0 0 0 0 0 0 0 0 0 0 0 0 0 0 0 0 0 0 0 0 0 0 0 0 0 
0 0 0 0 0 0 0 0 0 0 0 0 0 0 0 0 0 0 0 0 0 0 0 0 0 0 0 0 0 0 0 0 0 0 0 0 0 0 0 0 
0 0 0 0 0 0 0 0 0 0 0 0 0 0 0 0 0 0 0 0 0 0 0 0 0 0 0 0 0 0 0 0 0 0 0 0 0 0 0 0 
0 0 0 0 0 0 0 0 0 0 0 0 0 0 0 0 0 0 0 0 0 0 0 0 0 0 0 0 0 0 0 0 0 0 0 0 0 0 0 0 
0 0 0 0 0 0 0 0 0 0 0 0 0 0 0 0 0 0 0 0 0 0 0 0 0 0 0 0 0 0 0 0 0 0 0 0 0 0 0 0 
0 0 0 0 0 0 0 0 0 0 0 0 0 0 0 0 0 0 0 0 0 0 0 0 0 0 0 0 0 0 0 0 0 0 0 0 0 0 0 0 
0 0 0 0 0 0 0 0 0 0 0 0 0 0 0 0 0 0 0 0 0 0 0 0 0 0 0 0 0 0 0 0 0 0 0 0 0 0 0 0 
0 0 0 0 0 0 0 0 0 0 0 0 0 0 0 0 0 0 0 0 0 0 0 0 0 0 0 0 0 0 0 0 0 0 0 0 0 0 0 0 
0 0 0 0 0 0 0 0 0 0 0 0 0 0 0 0 0 0 0 0 0 0 0 0 0 0 0 0 0 0 0 0 0 0 0 0 0 0 0 0 
0 0 0 0 0 0 0 0 0 0 0 0 0 0 0 0 0 0 0 0 0 0 0 0 0 0 0 0 0 0 0 0 0 0 0 0 0 0 0 0 
0 0 0 0 0 0 0 0 0 0 0 0 0 0 0 0 0 0 0 0 0 0 0 0 0 0 0 0 0 0 0 0 0 0 0 0 0 0 0 0 
0 0 0 0 0 0 0 0 0 0 0 0 0 0 0 0 0 0 0 0 0 0 0 0 0 0 0 0 0 0 0 0 0 0 0 0 0 0 0 0 
0 0 0 0 0 0 0 0 0 0 0 0 0 0 0 0 0 0 0 0 0 0 0 0 0 0 0 0 0 0 0 0 0 0 0 0 0 0 0 0 
0 0 0 0 0 0 0 0 0 0 0 0 0 0 0 0 0 0 0 0 0 0 0 0 0 0 0 0 0 0 0 0 0 0 0 0 0 0 0 0 
0 0 0 0 0 0 0 0 0 0 0 0 0 0 0 0 0 0 0 0 0 0 0 0 0 0 0 0 0 0 0 0 0 0 0 0 0 0 0 0 
0 0 0 0 0 0 0 0 0 0 0 0 0 0 0 0 0 0 0 0 0 0 0 0 0 0 0 0 0 0 0 0 0 0 0 0 0 0 0 0 
0 0 0 0 0 0 0 0 0 0 0 0 0 0 0 0 0 0 0 0 0 0 0 0 0 0 0 0 0 0 0 0 0 0 0 0 0 0 0 0 
0 0 0 0 0 0 0 0 0 0 0 0 0 0 0 0 0 0 0 0 0 0 0 0 0 0 0 0 0 0 0 0 0 0 0 0 0 0 0 0 
0 0 0 0 0 0 0 0 0 0 0 0 0 0 0 0 0 0 0 0 0 0 0 0 0 0 0 0 0 0 0 0 0 0 0 0 0 0 0 0 
0 0 0 0 0 0 0 0 0 0 0 0 0 0 0 0 0 0 0 0 0 0 0 0 0 0 0 0 0 0 0 0 0 0 0 0 0 0 0 0 
0 0 0 0 0 0 0 0 0 0 0 0 0 0 0 0 0 0 0 0 0 0 0 0 0 0 0 0 0 0 0 0 0 0 0 0 0 0 0 0 
0 0 0 0 0 0 0 0 0 0 0 0 0 0 0 0 0 0 0 0 0 0 0 0 0 0 
<Qp>
0 0 0 0 0 0 0 0 0 0 0 0 0 0 0 0 0 0 0 0 0 0 0 0 0 0 0 0 0 0 0 0 0 0 0 0 0 0 0 0 
0 0 0 0 0 0 0 0 0 0 0 0 0 0 0 0 0 0 0 0 0 0 0 0 0 0 0 0 0 0 0 0 0 0 0 0 0 0 0 0 
0 0 0 0 0 0 0 0 0 0 0 0 0 0 0 0 0 0 0 0 0 0 0 0 0 0 0 0 0 0 0 0 0 0 0 0 0 0 0 0 
0 0 0 0 0 0 0 0 0 0 0 0 0 0 0 0 0 0 0 0 0 0 0 0 0 0 0 0 0 0 0 0 0 0 0 0 0 0 0 0 
0 0 0 0 0 0 0 0 0 0 0 0 0 0 0 0 0 0 0 0 0 0 0 0 0 0 0 0 0 0 0 0 0 0 0 0 0 0 0 0 
0 0 0 0 0 0 0 0 0 0 0 0 0 0 0 0 0 0 0 0 0 0 0 0 0 0 0 0 0 0 0 0 0 0 0 0 0 0 0 0 
0 0 0 0 0 0 0 0 0 0 0 0 0 0 0 0 0 0 0 0 0 0 0 0 0 0 0 0 0 0 0 0 0 0 0 0 0 0 0 0 
0 0 0 0 0 0 0 0 0 0 0 0 0 0 0 0 0 0 0 0 0 0 0 0 0 0 0 0 0 0 0 0 0 0 0 0 0 0 0 0 
0 0 0 0 0 0 0 0 0 0 0 0 0 0 0 0 0 0 0 0 0 0 0 0 0 0 0 0 0 0 0 0 0 0 0 0 0 0 0 0 
<Qd>
0 0 0 0 0 0 0 0 0 0 0 0 0 0 0 0 0 0 0 0 0 0 0 0 0 0 0 0 0 0 0 0 0 0 0 0 0 0 0 0 
0 0 0 0 0 0 0 0 0 0 0 0 0 0 0 0 0 0 0 0 0 0 0 0 0 0 0 0 0 0 0 0 0 0 0 0 0 0 0 0 
0 0 0 0 0 0 0 0 0 0 0 0 0 0 0 0 0 0 0 0 0 0 0 0 0 0 0 0 0 0 0 0 0 0 0 0 0 0 0 0 
<H0>
-653000 `  `  `  `  `  `  `  `  `  `  `  `  `  `  33700 105790 -48520 -185030 -311140 `  `  `  `  -88890 -249670 -437250 -632430 -241260 `  12090 `  -19290 -87770 -165950 `  -396770 -101240 `  `  
-797250 `  `  `  `  -539940.9985184 -870481 -1202571 -1537131 -1871311 -2209801 -2551651 -1000791 -1262249 -1502840 -14909993 -1567942 -2616843 -769811 -1323738 -1638310 -1353651 -2382121 -1459981 -1935241 -616700 `  `  `  `  `  `  -895960 -2332100 `  -939950 -1242300 `  `  `  
`  `  `  `  -1019600 -821750 -804300 `  `  `  `  `  `  `  `  `  `  `  `  -2365380 -1486040 -2034283 -888140 -742203 -1000690 -1469486.783 -1433706.696 -1482843.391 -1531980.087 -2153847.38607778 -2933014.6588605 -1072800 -1344577 -534800 -1888420.98262609 -1197430 -858450 -1202730 `  `  
-759730 `  -1440940 `  `  -121410 -88322 147434 -413209 -675229.998250507 -542999.99936169 `  `  `  -1898390.47565568 -1204330 -2062920 `  `  `  -1437811.27642569 -2270000 -865550 -1224230 `  `  `  `  `  -1842600 -1828900 -1532807 `  `  `  -774930 `  `  -1828400 `  
-1445440 `  `  -1886690.2594186 `  -4177690 -3634690 `  `  `  -75920 `  `  -239700 -402180 `  `  `  `  `  `  `  `  `  `  `  `  -392070 -306950 `  -1888900 -976960 -577000 -900550 `  -1468240 -1519920 -167079.999248851 -128099.999499613 -615000 
`  `  `  `  -894260 -938250 -1240600 `  `  `  -1017900 -820050 `  `  `  `  -2363680 -1484340 -2031783 -57600 -757059 -226860 -387686 -552152 -703350 -393581 -802666 -1336512 -140259 -106264 -523553 -754793 -986437 -371000 -1224000 -297468 -717801 -964848 -157502.788456754 -240411.681399793 
-339233.653747349 -344782.527116727 -386571.663839397 -553651.672479175 -578271.674274964 -911529.812168428 -1302918.4902927 -1583664.69643056 -1581895.20340097 -1475914.6957 -879000 -754792.6957 -413011.765008072 -489025.745260168 -718885.957986534 -954216.056378817 -1190141.92396645 -1006596.02053303 -1786589.54817415 -1832766.61101433 -1856816.28228849 -1168802.8963146 -827687.738581919 -2360552.29682609 -3704714.32537484 -2314773.799738 -3974955.9924429 -2253926.07168825 -1164539.78346688 -258000 `  64900 -1320914.33968056 -2696397.12328513 -4057038.99760927 `  `  `  `  `  
`  `  `  `  `  `  `  `  `  `  `  `  `  `  `  -416860 `  `  -911420 -370460 `  `  `  -154930 `  -837140 -1704800 -605400 `  `  -932650 -1257600 -1884820 `  `  `  `  `  `  -2023483 
-335349.99907803 -90294.9992677586 -50055.9986118262 -1444382.22770004 -2829226.20023534 1121448 435409 `  `  `  -235825 -194656 `  `  `  -909190.5 -2428360.01321785 -2175603.84509412 -1911431.59290852 -1889558.09561196 `  -372606 -698756 `  `  `  `  `  `  `  `  -546555 -508616 -761246 -807485 -1046576 -641672 -1233688 -321525 -292586 
`  `  `  `  `  `  `  -991235 `  `  `  -4039 -909560 -902500 -906340 -1599261.20692724 103834 -689929.99934328 -1519020 -1523520 -1516620 -839404 -872984 -1947252.696 -1932152.696 -1739800 -1732700 -1730800 `  `  -1724600 -322043 -655500 `  437509 `  `  `  -1031827 -981137 
`  `  `  -820060 -823360 -1302600 -1294120 `  -1298999.99827476 `  `  -38600 -16299.9992565912 -514550 -893212 14300 `  `  `  -582700 `  23000 170210 -519720 -1046118.77195693 -18170 -213050 -379630 -557210 -1922798.0055178 -1668900.22898787 -519720 `  `  166870 `  -350450 `  `  `  
`  `  `  `  `  `  -707700 `  `  -1033220 -1357400 -1987120 `  `  `  -944530 `  `  -2125283 -56780 `  `  `  -252139.999900574 -908770 `  871408 186869 -929570 -1549740 -1533140 -478970 -1530540 -1148580 -278470 -607820 `  -1557470 -509000 `  
-1187810 -466999.999206856 -1821248.86724949 -1131230 `  -2152000 -791850 -1153680 `  `  `  `  -1752700 -682030 `  `  `  -1356040 `  `  `  `  `  -220800 -113000 -880030 -376380 -257580 -541050 -443550 -775600 -1110150 -906530 -675060 `  -906390 -1107720 -449330 -375930 `  
-1117440 `  -996807 -10437 -81170 -133259.999922607 -104599.999388686 -206849.999433574 -240339.999829417 -1584230 -897570 -1949140 -562090 -918670 -1525940 -1516340 -474270 -1517740 -1144980 `  -1375000 -1651830 -1920660 -2169490 -55010 354026 491060 `  `  `  `  `  -1785910 -2023825.25884331 -380860 `  `  `  `  -1793410 
`  `  `  `  `  `  `  `  `  `  `  `  -536670 -791300 -349950 -1173360 -287040 -885670 -1724130 `  76958 145442 9674 -958690 `  `  `  `  -527200 -556000 `  `  `  `  `  -3997921.57407531 `  `  `  -2409209.09280428 
-2935318.91739743 -3166808.35726294 -2677914.96671148 -2591496.5541022 -2346160.84061868 `  -889850 `  `  `  `  -978200 -860700 `  `  `  -2928290 -3017190 `  `  `  `  `  `  `  `  `  `  `  `  `  `  `  `  `  `  `  `  `  `  
`  `  `  `  `  `  `  `  `  `  `  -2288200 `  `  `  `  -1199246 `  -1431250 `  `  `  `  `  `  -2653380 -1753340 -1865540 `  `  `  `  `  -412032 -339548 -486516 -2319280 `  `  -1435540 
-1944783 `  -12059 -830660 `  -1284399.99710506 -621400 `  `  `  `  `  `  `  -1115000 -1396130 -1624960 `  `  `  `  `  920 -1373877.81856086 -4098243.90990584 `  `  `  `  -155860 -316240 -485620 -653400 -2054757.41063549 -1816842.15179218 `  `  `  `  `  
-480740 -720770 `  -1029160 -1054640 -2070220 -228910 `  -1799360 -899220 `  176800 -8880 -186860 -357440 -538120 `  `  `  `  `  `  `  `  `  `  `  `  `  `  `  `  `  `  `  `  `  `  `  `  
`  `  `  `  `  -591800 -539900 `  `  `  `  `  `  -3981821.57407531 `  `  `  -2393109.09280428 -2305300 -2864878.35726294 -2550635.71348352 -2919218.91739743 -2661814.96671148 `  -866150 `  -1199600 `  `  `  `  `  -910100 -822000 `  -2199460 `  -2886290 -2954900 `  
`  `  `  `  `  `  `  `  `  `  `  `  `  `  `  -2150260 `  `  `  -1079830 `  -2597680 -1715240 `  `  `  `  `  `  `  `  `  `  `  -2398480 -1483940 `  -2009383 `  -527600 
-1189830 -851350 -1190530 -751430 -1435540 48200 `  76484 -648500 -635500 -909339.998376946 `  `  `  -507200 -603500 `  `  `  `  -1461899.99993243 `  -1432583 -1406819 -690000 `  `  -1017280 -1342000 -1969420 `  `  `  `  `  -933130 `  `  -2107583 -9420 
-31500 -125730 -239340 -366450 -174250 `  -348390 `  -527660 `  -677740 `  `  `  `  `  `  `  `  `  `  `  `  `  `  `  `  `  `  `  `  `  `  `  `  `  -550900 -1904863.46514795 -1205530 -875350 
-1215830 `  -1840900 -775130 `  -1451540 `  `  `  `  `  `  `  -729400 `  `  `  `  -768700 `  `  -1104450 -1442700 `  `  `  `  `  `  `  `  `  `  `  `  -1254660 `  -2050760 `  `  
-5118440 `  -8426850 -1010330 `  `  `  `  `  `  `  `  -2547000 `  -1657120 `  `  `  `  `  `  `  -591200 `  -3987350 `  -4033121.57407531 -777280 -2444409.09280428 `  -2970518.91739743 -3202008.35726294 -1008314.96671148 -932150 -1265400 -1596750 -1941030 `  `  `  
`  `  `  -1025100 -1019000 -7171080 -2350960 -3083890 `  -1689230 `  `  `  `  `  `  -1178080 -1338160 `  -2994251.09841963 `  -1354890 -1691040 -2026230 -2362520 `  `  `  -830120 `  `  `  `  `  `  `  `  `  `  `  
`  `  `  `  `  `  -1204950 `  -2561860 `  -4101120 -4365450 `  `  `  `  `  -1261530 `  `  `  -1824260 `  `  -857132 -783548 -939296 -2802580 `  -1908840 -2195000 -1602500 -2441683 `  `  `  `  -456232 -541716 -2377180 
-1492540 -153390 `  `  `  `  `  `  `  `  `  `  `  `  `  `  `  -199690 -252990 -617950 -867380 -1118410 `  -382520 `  -160090 -1962070 -1056690 -608500 `  `  `  -949150 -1289100 -1623450 -1968600 `  `  `  `  
`  `  `  -2970800 `  `  -6706160 `  `  -2359800 `  -1480900 -10437 -230014.999110029 0 -285830.098086332 -74600 -393510 0 -241826 -20600 29000 61380 0 0 0 `  `  `  0 -101120 `  `  -127010 -61390 -42250 -35450 `  -34020 -715060 
-40129 `  -363440 -422510 -1675700 -1293130 -1275900 -1289000 -1001301 -996101 -982301 -4116712 `  `  `  `  `  `  0 89.1910048144637 -1254333.4785 -1273463.478 -1094792.696 -1213330 `  `  -1470240 -1036700 -1144000 -6377867 -6900742 285 -9586403.39 -17326027.56 -5737910 -7806740 -6642180 -10118600 -10131200 -5527740 
-6489110 -6011650 -10815600 -3429251.39 -2030988.783 -3360299.2613 -1207330 -1207500 -1202830 `  -1399193 -1221500 -4982320 `  `  -1823200 -6718775 -2408260 -5720690 -5035690 -5690290 -5734420 -5998440 -6148060 -2325421 -5633570 -1544597 `  `  -985160 -1680990 -1970520 -2260850 -4116600 -6615280 -6842550 -6730215 -1434510 -1576244 -2023000 
`  -6034410 -1634800 `  -7248598 `  -6882789 -6847950 -1672155.94465085 -751150 `  -552980 `  `  -6213807 `  0 -723493 -312540 -2114800 -671530 -1357403 -237900 -550489 -540800 -535700 -2753113 -85736 -137088 -150900 -888260 -1200720 -2683490 -2979590 153.191164353513 -388188.598044231 -544311.812844258 -1140341.58928765 -597885.3914 -583092.696 
-653715.8264275 -993169.02198808 -2135628.72067205 -1586518.71744603 -1554439.52123218 -333933.596730993 -134835.298473546 -2931123.45238703 -2935299 -2596991 -3319403 0 `  `  `  `  -159230 `  `  `  -6071658 -6872698 `  `  `  -1587280 `  -2063448.61 0 -3770460 -749871 `  -1445621.67196459 -3458030 -1115780 -2774661 -4800592 -95528.375 -95887.7 `  
-65128.375 -74707.39 -248007 -2914550 -821600.3861 `  `  -826700 -4661660 -560460.02755 -549199.98055 -1267556 `  `  `  -100915 -169435 -173635 `  -120005 -6228489 `  -1759800 -750960 `  -265370 -90790 `  `  `  `  `  `  `  `  -5749860 -5913650 -5796290 -5795390 -4994270 
-2658645.109 -3981011.96233771 -5881390 -5703510 -5757740 -6010390 -6173410 -5645530 -5151130 -5711250 `  `  `  -3061531 -2609761 `  -3453899 -2991170 -3345209 -2753065 -3762478 -5723810 -1112203 -1783447.79583686 -4968220 -2608090 -3724310 -8101290 -2253470 -3724720 -5676010 -5709220 -5984340 -6113110 -5619480 -923350 `  -3785500 -10280460 -4881120 
-6072540 -2707210 -7150126 -7367055 -891910 -1384500 -959000 -385220 -520000 -669460 -620660 `  -6357809 `  -587850 -744600 `  -2947650 -3339326 -1948471 -6575840 -5747230 -14717600 -7808310 -6456940 -8352620 -14120100 -5701890 -5314820 -5486360 -6442400 -5707020 -9438720 -13473400 `  `  -3291128.2613 -976988.391 -6288452.3 -4981640 
`  -9461670 -5994060 -5656370 -5690410 -5734630 -5997760 -6143260 -5633890 `  `  `  `  -3036219 -2579039 `  -3428466 -2962270 `  `  -4178988 -1651588.4271727 -713551 -2313222 -279010 -542330 `  `  -6769766 -6965978 `  `  -1222930 `  `  `  `  -1548723.7828 `  `  
`  -927020 `  -218810 `  `  `  `  -919970 -6754670 `  `  0 -112690 0 `  `  `  `  `  `  `  `  `  `  `  `  `  -1206230 -1475740 0 0 -3774460 -8240140 -903684 -910700 `  -1769050 `  `  
-2143048.61 0 `  `  `  -1224530 -1419775 -1830600 `  -1458940 -1051900 -6685077 -6902194 `  `  `  `  `  `  `  `  -2651921 `  `  -1691490 -3083297 -1823027 -3475335 `  -2701950 `  `  `  -1974100 -1758473.4097988 -824520 -350460 -625050 -3584390 `  
-209790 -6283005 -7070346 -3466100 -1100600 `  
<A0>
0 0 0 0 0 0 0 0 0 0 0 0 0 0 0 0 0 0 0 0 0 0 0 0 0 0 0 0 0 0 0 0 0 0 0 0 0 0 0 0 
0 0 0 0 0 0 0 0 0 0 0 0 0 0 0 0 0 0 0 0 0 0 0 0 0 0 0 0 0 0 0 0 0 0 0 0 0 0 0 0 
0 0 0 0 0 0 0 0 0 0 0 0 0 0 0 0 0 0 0 0 0 0 0 0 0 0 0 0 0 0 0 0 0 0 0 0 0 0 0 0 
0 0 0 0 0 0 0 0 0 0 0 0 0 0 0 0 0 0 0 0 0 0 0 0 0 0 0 0 0 0 0 0 0 0 0 0 0 0 0 0 
0 0 0 0 0 0 0 0 0 0 0 0 0 0 0 0 0 0 0 0 0 0 0 0 0 0 0 0 0 0 0 0 0 0 0 0 0 0 0 0 
0 0 0 0 0 0 0 0 0 0 0 0 0 0 0 0 0 0 0 0 0 0 0 0 0 0 0 0 0 0 0 0 0 0 0 0 0 0 0 0 
0 0 0 0 0 0 0 0 0 0 0 0 0 0 0 0 0 0 0 0 0 0 0 0 0 0 0 0 0 0 0 0 0 0 0 0 0 0 0 0 
0 0 0 0 0 0 0 0 0 0 0 0 0 0 0 0 0 0 0 0 0 0 0 0 0 0 0 0 0 0 0 0 0 0 0 0 0 0 0 0 
0 0 0 0 0 0 0 0 0 0 0 0 0 0 0 0 0 0 0 0 0 0 0 0 0 0 0 0 0 0 0 0 0 0 0 0 0 0 0 0 
0 0 0 0 0 0 0 0 0 0 0 0 0 0 0 0 0 0 0 0 0 0 0 0 0 0 0 0 0 0 0 0 0 0 0 0 0 0 0 0 
0 0 0 0 0 0 0 0 0 0 0 0 0 0 0 0 0 0 0 0 0 0 0 0 0 0 0 0 0 0 0 0 0 0 0 0 0 0 0 0 
0 0 0 0 0 0 0 0 0 0 0 0 0 0 0 0 0 0 0 0 0 0 0 0 0 0 0 0 0 0 0 0 0 0 0 0 0 0 0 0 
0 0 0 0 0 0 0 0 0 0 0 0 0 0 0 0 0 0 0 0 0 0 0 0 0 0 0 0 0 0 0 0 0 0 0 0 0 0 0 0 
0 0 0 0 0 0 0 0 0 0 0 0 0 0 0 0 0 0 0 0 0 0 0 0 0 0 0 0 0 0 0 0 0 0 0 0 0 0 0 0 
0 0 0 0 0 0 0 0 0 0 0 0 0 0 0 0 0 0 0 0 0 0 0 0 0 0 0 0 0 0 0 0 0 0 0 0 0 0 0 0 
0 0 0 0 0 0 0 0 0 0 0 0 0 0 0 0 0 0 0 0 0 0 0 0 0 0 0 0 0 0 0 0 0 0 0 0 0 0 0 0 
0 0 0 0 0 0 0 0 0 0 0 0 0 0 0 0 0 0 0 0 0 0 0 0 0 0 0 0 0 0 0 0 0 0 0 0 0 0 0 0 
0 0 0 0 0 0 0 0 0 0 0 0 0 0 0 0 0 0 0 0 0 0 0 0 0 0 0 0 0 0 0 0 0 0 0 0 0 0 0 0 
0 0 0 0 0 0 0 0 0 0 0 0 0 0 0 0 0 0 0 0 0 0 0 0 0 0 0 0 0 0 0 0 0 0 0 0 0 0 0 0 
0 0 0 0 0 0 0 0 0 0 0 0 0 0 0 0 0 0 0 0 0 0 0 0 0 0 0 0 0 0 0 0 0 0 0 0 0 0 0 0 
0 0 0 0 0 0 0 0 0 0 0 0 0 0 0 0 0 0 0 0 0 0 0 0 0 0 0 0 0 0 0 0 0 0 0 0 0 0 0 0 
0 0 0 0 0 0 0 0 0 0 0 0 0 0 0 0 0 0 0 0 0 0 0 0 0 0 0 0 0 0 0 0 0 0 0 0 0 0 0 0 
0 0 0 0 0 0 0 0 0 0 0 0 0 0 0 0 0 0 0 0 0 0 0 0 0 0 0 0 0 0 0 0 0 0 0 0 0 0 0 0 
0 0 0 0 0 0 0 0 0 0 0 0 0 0 0 0 0 0 0 0 0 0 0 0 0 0 0 0 0 0 0 0 0 0 0 0 0 0 0 0 
0 0 0 0 0 0 0 0 0 0 0 0 0 0 0 0 0 0 0 0 0 0 0 0 0 0 0 0 0 0 0 0 0 0 0 0 0 0 0 0 
0 0 0 0 0 0 0 0 0 0 0 0 0 0 0 0 0 0 0 0 0 0 0 0 0 0 0 0 0 0 0 0 0 0 0 0 0 0 0 0 
0 0 0 0 0 0 0 0 0 0 0 0 0 0 0 0 0 0 0 0 0 0 0 0 0 0 0 0 0 0 0 0 0 0 0 0 0 0 0 0 
0 0 0 0 0 0 0 0 0 0 0 0 0 0 0 0 0 0 0 0 0 0 0 0 0 0 0 0 0 0 0 0 0 0 0 0 0 0 0 0 
0 0 0 0 0 0 0 0 0 0 0 0 0 0 0 0 0 0 0 0 0 0 0 0 0 0 0 0 0 0 0 0 0 0 0 0 0 0 0 0 
0 0 0 0 0 0 0 0 0 0 0 0 0 0 0 0 0 0 0 0 0 0 0 0 0 0 0 0 0 0 0 0 0 0 0 0 0 0 0 0 
0 0 0 0 0 0 0 0 0 0 0 0 0 0 0 0 0 0 0 0 0 0 0 0 0 0 0 0 0 0 0 0 0 0 0 0 0 0 0 0 
0 0 0 0 0 0 0 0 0 0 0 0 0 0 0 0 0 0 0 0 0 0 0 0 0 0 0 0 0 0 0 0 0 0 0 0 0 0 0 0 
0 0 0 0 0 0 0 0 0 0 0 0 0 0 0 0 0 0 0 0 0 0 0 0 0 0 0 0 0 0 0 0 0 0 0 0 0 0 0 0 
0 0 0 0 0 0 0 0 0 0 0 0 0 0 0 0 0 0 0 0 0 0 0 0 0 0 0 0 0 0 0 0 0 0 0 0 0 0 0 0 
0 0 0 0 0 0 0 0 0 0 0 0 0 0 0 0 0 0 0 0 0 0 0 0 0 0 0 0 0 0 0 0 0 0 0 0 0 0 0 0 
0 0 0 0 0 0 0 0 0 0 0 0 0 0 0 0 0 0 0 0 0 0 0 0 0 0 0 0 0 0 0 0 0 0 0 0 0 0 0 0 
0 0 0 0 0 0 0 0 0 0 0 0 0 0 0 0 0 0 0 0 0 0 0 0 0 0 0 0 0 0 0 0 0 0 0 0 0 0 0 0 
0 0 0 0 0 0 0 0 0 0 0 0 0 0 0 0 0 0 0 0 0 0 0 0 0 0 0 0 0 0 0 0 0 0 0 0 0 0 0 0 
0 0 0 0 0 0 0 0 0 0 0 0 0 0 0 0 0 0 0 0 0 0 0 0 0 0 0 0 0 0 0 0 0 0 0 0 0 0 0 0 
0 0 0 0 0 0 
<U0>
0 0 0 0 0 0 0 0 0 0 0 0 0 0 0 0 0 0 0 0 0 0 0 0 0 0 0 0 0 0 0 0 0 0 0 0 0 0 0 0 
0 0 0 0 0 0 0 0 0 0 0 0 0 0 0 0 0 0 0 0 0 0 0 0 0 0 0 0 0 0 0 0 0 0 0 0 0 0 0 0 
0 0 0 0 0 0 0 0 0 0 0 0 0 0 0 0 0 0 0 0 0 0 0 0 0 0 0 0 0 0 0 0 0 0 0 0 0 0 0 0 
0 0 0 0 0 0 0 0 0 0 0 0 0 0 0 0 0 0 0 0 0 0 0 0 0 0 0 0 0 0 0 0 0 0 0 0 0 0 0 0 
0 0 0 0 0 0 0 0 0 0 0 0 0 0 0 0 0 0 0 0 0 0 0 0 0 0 0 0 0 0 0 0 0 0 0 0 0 0 0 0 
0 0 0 0 0 0 0 0 0 0 0 0 0 0 0 0 0 0 0 0 0 0 0 0 0 0 0 0 0 0 0 0 0 0 0 0 0 0 0 0 
0 0 0 0 0 0 0 0 0 0 0 0 0 0 0 0 0 0 0 0 0 0 0 0 0 0 0 0 0 0 0 0 0 0 0 0 0 0 0 0 
0 0 0 0 0 0 0 0 0 0 0 0 0 0 0 0 0 0 0 0 0 0 0 0 0 0 0 0 0 0 0 0 0 0 0 0 0 0 0 0 
0 0 0 0 0 0 0 0 0 0 0 0 0 0 0 0 0 0 0 0 0 0 0 0 0 0 0 0 0 0 0 0 0 0 0 0 0 0 0 0 
0 0 0 0 0 0 0 0 0 0 0 0 0 0 0 0 0 0 0 0 0 0 0 0 0 0 0 0 0 0 0 0 0 0 0 0 0 0 0 0 
0 0 0 0 0 0 0 0 0 0 0 0 0 0 0 0 0 0 0 0 0 0 0 0 0 0 0 0 0 0 0 0 0 0 0 0 0 0 0 0 
0 0 0 0 0 0 0 0 0 0 0 0 0 0 0 0 0 0 0 0 0 0 0 0 0 0 0 0 0 0 0 0 0 0 0 0 0 0 0 0 
0 0 0 0 0 0 0 0 0 0 0 0 0 0 0 0 0 0 0 0 0 0 0 0 0 0 0 0 0 0 0 0 0 0 0 0 0 0 0 0 
0 0 0 0 0 0 0 0 0 0 0 0 0 0 0 0 0 0 0 0 0 0 0 0 0 0 0 0 0 0 0 0 0 0 0 0 0 0 0 0 
0 0 0 0 0 0 0 0 0 0 0 0 0 0 0 0 0 0 0 0 0 0 0 0 0 0 0 0 0 0 0 0 0 0 0 0 0 0 0 0 
0 0 0 0 0 0 0 0 0 0 0 0 0 0 0 0 0 0 0 0 0 0 0 0 0 0 0 0 0 0 0 0 0 0 0 0 0 0 0 0 
0 0 0 0 0 0 0 0 0 0 0 0 0 0 0 0 0 0 0 0 0 0 0 0 0 0 0 0 0 0 0 0 0 0 0 0 0 0 0 0 
0 0 0 0 0 0 0 0 0 0 0 0 0 0 0 0 0 0 0 0 0 0 0 0 0 0 0 0 0 0 0 0 0 0 0 0 0 0 0 0 
0 0 0 0 0 0 0 0 0 0 0 0 0 0 0 0 0 0 0 0 0 0 0 0 0 0 0 0 0 0 0 0 0 0 0 0 0 0 0 0 
0 0 0 0 0 0 0 0 0 0 0 0 0 0 0 0 0 0 0 0 0 0 0 0 0 0 0 0 0 0 0 0 0 0 0 0 0 0 0 0 
0 0 0 0 0 0 0 0 0 0 0 0 0 0 0 0 0 0 0 0 0 0 0 0 0 0 0 0 0 0 0 0 0 0 0 0 0 0 0 0 
0 0 0 0 0 0 0 0 0 0 0 0 0 0 0 0 0 0 0 0 0 0 0 0 0 0 0 0 0 0 0 0 0 0 0 0 0 0 0 0 
0 0 0 0 0 0 0 0 0 0 0 0 0 0 0 0 0 0 0 0 0 0 0 0 0 0 0 0 0 0 0 0 0 0 0 0 0 0 0 0 
0 0 0 0 0 0 0 0 0 0 0 0 0 0 0 0 0 0 0 0 0 0 0 0 0 0 0 0 0 0 0 0 0 0 0 0 0 0 0 0 
0 0 0 0 0 0 0 0 0 0 0 0 0 0 0 0 0 0 0 0 0 0 0 0 0 0 0 0 0 0 0 0 0 0 0 0 0 0 0 0 
0 0 0 0 0 0 0 0 0 0 0 0 0 0 0 0 0 0 0 0 0 0 0 0 0 0 0 0 0 0 0 0 0 0 0 0 0 0 0 0 
0 0 0 0 0 0 0 0 0 0 0 0 0 0 0 0 0 0 0 0 0 0 0 0 0 0 0 0 0 0 0 0 0 0 0 0 0 0 0 0 
0 0 0 0 0 0 0 0 0 0 0 0 0 0 0 0 0 0 0 0 0 0 0 0 0 0 0 0 0 0 0 0 0 0 0 0 0 0 0 0 
0 0 0 0 0 0 0 0 0 0 0 0 0 0 0 0 0 0 0 0 0 0 0 0 0 0 0 0 0 0 0 0 0 0 0 0 0 0 0 0 
0 0 0 0 0 0 0 0 0 0 0 0 0 0 0 0 0 0 0 0 0 0 0 0 0 0 0 0 0 0 0 0 0 0 0 0 0 0 0 0 
0 0 0 0 0 0 0 0 0 0 0 0 0 0 0 0 0 0 0 0 0 0 0 0 0 0 0 0 0 0 0 0 0 0 0 0 0 0 0 0 
0 0 0 0 0 0 0 0 0 0 0 0 0 0 0 0 0 0 0 0 0 0 0 0 0 0 0 0 0 0 0 0 0 0 0 0 0 0 0 0 
0 0 0 0 0 0 0 0 0 0 0 0 0 0 0 0 0 0 0 0 0 0 0 0 0 0 0 0 0 0 0 0 0 0 0 0 0 0 0 0 
0 0 0 0 0 0 0 0 0 0 0 0 0 0 0 0 0 0 0 0 0 0 0 0 0 0 0 0 0 0 0 0 0 0 0 0 0 0 0 0 
0 0 0 0 0 0 0 0 0 0 0 0 0 0 0 0 0 0 0 0 0 0 0 0 0 0 0 0 0 0 0 0 0 0 0 0 0 0 0 0 
0 0 0 0 0 0 0 0 0 0 0 0 0 0 0 0 0 0 0 0 0 0 0 0 0 0 0 0 0 0 0 0 0 0 0 0 0 0 0 0 
0 0 0 0 0 0 0 0 0 0 0 0 0 0 0 0 0 0 0 0 0 0 0 0 0 0 0 0 0 0 0 0 0 0 0 0 0 0 0 0 
0 0 0 0 0 0 0 0 0 0 0 0 0 0 0 0 0 0 0 0 0 0 0 0 0 0 0 0 0 0 0 0 0 0 0 0 0 0 0 0 
0 0 0 0 0 0 0 0 0 0 0 0 0 0 0 0 0 0 0 0 0 0 0 0 0 0 0 0 0 0 0 0 0 0 0 0 0 0 0 0 
0 0 0 0 0 0 
<S0>
-180 1.17549435082229e-38 1.17549435082229e-38 1.17549435082229e-38 1.17549435082229e-38 1.17549435082229e-38 1.17549435082229e-38 1.17549435082229e-38 1.17549435082229e-38 1.17549435082229e-38 1.17549435082229e-38 1.17549435082229e-38 1.17549435082229e-38 1.17549435082229e-38 1.17549435082229e-38 33.0532073974609 73.4499969482422 132.570556640625 220.760818481445 303.245727539062 1.17549435082229e-38 1.17549435082229e-38 1.17549435082229e-38 1.17549435082229e-38 99.3170623779297 213.805511474609 199.542236328125 135.091567993164 22.5139427185059 1.17549435082229e-38 335.640289306641 1.17549435082229e-38 71.2418899536133 236.663070678711 306.180755615234 1.17549435082229e-38 -20.8735218048096 182.74430847168 1.17549435082229e-38 1.17549435082229e-38 
135.671249389648 1.17549435082229e-38 1.17549435082229e-38 1.17549435082229e-38 1.17549435082229e-38 -342.799977757872 -204.921524047852 -99.6189346313477 -33.232551574707 4.94526481628418 -0.241479992866516 -35.842586517334 -34.8097114562988 20.5921516418457 104.325386047363 78.9128112792969 -411.188110351562 -524.021057128906 -180.381790161133 114.601600646973 211.75569152832 180.774627685547 -280.279876708984 -292.032257080078 14.4214038848877 -201 1.17549435082229e-38 1.17549435082229e-38 1.17549435082229e-38 1.17549435082229e-38 1.17549435082229e-38 1.17549435082229e-38 80.8281631469727 1.17549435082229e-38 1.17549435082229e-38 -109.12385559082 33.7063674926758 1.17549435082229e-38 1.17549435082229e-38 1.17549435082229e-38 
1.17549435082229e-38 1.17549435082229e-38 1.17549435082229e-38 1.17549435082229e-38 145.470855712891 -23.7573413848877 -45.9000015258789 1.17549435082229e-38 1.17549435082229e-38 1.17549435082229e-38 1.17549435082229e-38 1.17549435082229e-38 1.17549435082229e-38 1.17549435082229e-38 1.17549435082229e-38 1.17549435082229e-38 1.17549435082229e-38 1.17549435082229e-38 1.17549435082229e-38 166.505477905273 18.6676902770996 87.526481628418 -162.794784545898 195.368835449219 180.282287597656 580.075988769531 57.1407051086426 128.410995483398 161.5830078125 -187.315979003906 -226.437973022461 162.399993896484 102.681144714355 8.39999961853027 109.178001403809 51.9688491821289 46.6690521240234 199.541778564453 1.17549435082229e-38 1.17549435082229e-38 
27.5999755859375 1.17549435082229e-38 81.0916976928711 1.17549435082229e-38 1.17549435082229e-38 82.5500030517578 86.2029647827148 101.39363861084 119.506454467773 -49.9999881488755 -56.1999964393919 1.17549435082229e-38 1.17549435082229e-38 1.17549435082229e-38 44.5779991149902 2.25874805450439 111.282363891602 1.17549435082229e-38 1.17549435082229e-38 1.17549435082229e-38 -10.7999992370605 1.17549435082229e-38 -1.60591697692871 91.8649520874023 1.17549435082229e-38 1.17549435082229e-38 1.17549435082229e-38 1.17549435082229e-38 1.17549435082229e-38 65.3137893676758 3.63137197494507 47.170280456543 1.17549435082229e-38 1.17549435082229e-38 1.17549435082229e-38 -46.1194915771484 1.17549435082229e-38 1.17549435082229e-38 -156.848175048828 1.17549435082229e-38 
29.6673564910889 1.17549435082229e-38 1.17549435082229e-38 151.650039672852 1.17549435082229e-38 71.4231262207031 54.872631072998 1.17549435082229e-38 1.17549435082229e-38 1.17549435082229e-38 -72.8000030517578 1.17549435082229e-38 1.17549435082229e-38 32.775089263916 117.439178466797 1.17549435082229e-38 1.17549435082229e-38 1.17549435082229e-38 1.17549435082229e-38 1.17549435082229e-38 1.17549435082229e-38 1.17549435082229e-38 1.17549435082229e-38 1.17549435082229e-38 1.17549435082229e-38 1.17549435082229e-38 1.17549435082229e-38 -90.0329895019531 -6.66959381103516 1.17549435082229e-38 46.8788528442383 18.7202224731445 -197 -94.6431427001953 1.17549435082229e-38 -48.8707809448242 75.5869979858398 56.6000035625474 184.000003389837 -191 
1.17549435082229e-38 1.17549435082229e-38 1.17549435082229e-38 1.17549435082229e-38 90.8281631469727 -99.1238555908203 43.7063674926758 1.17549435082229e-38 1.17549435082229e-38 1.17549435082229e-38 155.470855712891 -13.7573413848877 1.17549435082229e-38 1.17549435082229e-38 1.17549435082229e-38 1.17549435082229e-38 176.505477905273 28.6676902770996 100.209701538086 -107.391624450684 -156.760620117188 -47.1894111633301 19.8549919128418 52.1014785766602 154.695098876953 -94.5909194946289 -156.760620117188 -14.8936233520508 26.5423355102539 -40.4246444702148 30.9588146209717 33.2079925537109 3.08754730224609 -232.305999755859 -219.647445678711 -59.9906806945801 -38.238639831543 -37.8434944152832 -101.189994812012 -321.998779296875 
-175.557998657227 -5.12899780273438 -183.362899780273 -152.225601196289 -244.472595214844 -172.762496948242 -324.740509033203 -316.840484619141 -316.840484619141 290.678009033203 45.4000015258789 205.046005249023 -31.015998840332 -192.706802368164 -39.9525032043457 95.2214965820312 111.996490478516 -426.781005859375 -570.221496582031 -16.5904960632324 94.8594970703125 -114.990493774414 -138.831207275391 -106.990509033203 -140.490509033203 -106.990509033203 -360.955505371094 -106.990509033203 -264.840484619141 132.100006103516 1.17549435082229e-38 -98 2.77799987792969 103.555999755859 204.333999633789 1.17549435082229e-38 1.17549435082229e-38 1.17549435082229e-38 1.17549435082229e-38 1.17549435082229e-38 
1.17549435082229e-38 1.17549435082229e-38 1.17549435082229e-38 1.17549435082229e-38 1.17549435082229e-38 1.17549435082229e-38 1.17549435082229e-38 1.17549435082229e-38 1.17549435082229e-38 1.17549435082229e-38 1.17549435082229e-38 1.17549435082229e-38 1.17549435082229e-38 1.17549435082229e-38 1.17549435082229e-38 33.2792358398438 1.17549435082229e-38 1.17549435082229e-38 -18.89626121521 -16.3041877746582 1.17549435082229e-38 1.17549435082229e-38 1.17549435082229e-38 41.113395690918 1.17549435082229e-38 -10.025242805481 1.17549435082229e-38 -217.199996948242 1.17549435082229e-38 1.17549435082229e-38 -121.892440795898 -52.374153137207 11.0533666610718 1.17549435082229e-38 1.17549435082229e-38 1.17549435082229e-38 1.17549435082229e-38 1.17549435082229e-38 1.17549435082229e-38 69.6494750976562 
-13.7999939453354 -102.170992659902 -282.403982296846 -181.621994018555 -80.843994140625 2195.50048828125 76.0783843994141 1.17549435082229e-38 1.17549435082229e-38 1.17549435082229e-38 7.56318712234497 -121.305511474609 1.17549435082229e-38 1.17549435082229e-38 1.17549435082229e-38 -20.2699966430664 -5760.1064453125 -5749.5380859375 -5738.9697265625 -5558.73974609375 1.17549435082229e-38 -136.68034362793 -36.9175758361816 1.17549435082229e-38 1.17549435082229e-38 1.17549435082229e-38 1.17549435082229e-38 1.17549435082229e-38 1.17549435082229e-38 1.17549435082229e-38 1.17549435082229e-38 31.9298305511475 127.51806640625 183.42253112793 -47.4067420959473 76.2364883422852 -379.663665771484 -487.454467773438 -29.6277961730957 -109.343795776367 
1.17549435082229e-38 1.17549435082229e-38 1.17549435082229e-38 1.17549435082229e-38 1.17549435082229e-38 1.17549435082229e-38 1.17549435082229e-38 -8.78378677368164 1.17549435082229e-38 1.17549435082229e-38 1.17549435082229e-38 57.6883163452148 116.995948791504 184.000137329102 -1.70000004768372 -78.2439880371094 131.48274230957 98.4000059746893 291.879425048828 336.709777832031 208.416610717773 299.200988769531 190.402008056641 67.963005065918 67.8740081787109 1.17549435082229e-38 1.17549435082229e-38 1.17549435082229e-38 1.17549435082229e-38 1.17549435082229e-38 1.17549435082229e-38 91.6359939575195 92.6854705810547 1.17549435082229e-38 165.06184387207 1.17549435082229e-38 1.17549435082229e-38 1.17549435082229e-38 69.6457672119141 163.081390380859 
1.17549435082229e-38 1.17549435082229e-38 1.17549435082229e-38 191.318069458008 153.447006225586 92.4983215332031 161.910400390625 1.17549435082229e-38 -33.4999883131611 1.17549435082229e-38 1.17549435082229e-38 126.028053283691 67.0000050359977 517.874450683594 110.65357208252 148.600006103516 1.17549435082229e-38 1.17549435082229e-38 1.17549435082229e-38 136.199996948242 1.17549435082229e-38 28.0263977050781 -36.189998626709 84.0351486206055 -113.527008056641 88.9184265136719 180.355926513672 256.341949462891 289.403137207031 -5503.328125 -5492.759765625 166.932418823242 1.17549435082229e-38 1.17549435082229e-38 65.7399978637695 1.17549435082229e-38 160.278533935547 1.17549435082229e-38 1.17549435082229e-38 1.17549435082229e-38 
1.17549435082229e-38 1.17549435082229e-38 1.17549435082229e-38 1.17549435082229e-38 1.17549435082229e-38 1.17549435082229e-38 -228.699996948242 1.17549435082229e-38 1.17549435082229e-38 -127.398536682129 -57.0207023620605 -0.446633011102676 1.17549435082229e-38 1.17549435082229e-38 1.17549435082229e-38 -136.266662597656 1.17549435082229e-38 1.17549435082229e-38 59.8264846801758 106.449996948242 1.17549435082229e-38 1.17549435082229e-38 1.17549435082229e-38 101.19999762173 130.815078735352 1.17549435082229e-38 2331.6953125 234.343276977539 235.01594543457 216.020416259766 144.919784545898 91.4364013671875 -71.6943969726562 179.048492431641 12.2399997711182 22.9674186706543 1.17549435082229e-38 70.3257598876953 2.702152967453 1.17549435082229e-38 
47.9703788757324 -135.899988524283 -36.2220001220703 -91.9541168212891 1.17549435082229e-38 1.17549435082229e-38 -78.490478515625 -6.11443901062012 1.17549435082229e-38 1.17549435082229e-38 1.17549435082229e-38 1.17549435082229e-38 -72.5260925292969 -52.4805793762207 1.17549435082229e-38 1.17549435082229e-38 1.17549435082229e-38 -6.23751592636108 1.17549435082229e-38 1.17549435082229e-38 1.17549435082229e-38 1.17549435082229e-38 1.17549435082229e-38 -73.5999984741211 1.17549435082229e-38 18.1306495666504 23.4856758117676 1.17549435082229e-38 -10.9087820053101 1.17549435082229e-38 1.17549435082229e-38 1.17549435082229e-38 63.2008514404297 35.4283828735352 1.17549435082229e-38 55.3707008361816 141.855651855469 -14.0175485610962 1.17549435082229e-38 1.17549435082229e-38 
30.1890621185303 1.17549435082229e-38 32.0299987792969 95.6021499633789 109.039581298828 111.169998693194 123.000004141246 146.700000785425 58.4500019184082 161.425537109375 88.1586074829102 1.17549435082229e-38 84.9040603637695 192.310516357422 213.710052490234 121.811592102051 26.7873706817627 -109.175895690918 106.306732177734 1.17549435082229e-38 42.4000015258789 106.352348327637 141.425262451172 155.512130737305 -131.800003051758 245.878753662109 279.844329833984 1.17549435082229e-38 1.17549435082229e-38 1.17549435082229e-38 1.17549435082229e-38 1.17549435082229e-38 1.17549435082229e-38 -5293.23828125 -86.3596878051758 1.17549435082229e-38 1.17549435082229e-38 1.17549435082229e-38 1.17549435082229e-38 1.17549435082229e-38 
1.17549435082229e-38 1.17549435082229e-38 1.17549435082229e-38 1.17549435082229e-38 1.17549435082229e-38 1.17549435082229e-38 1.17549435082229e-38 1.17549435082229e-38 1.17549435082229e-38 1.17549435082229e-38 1.17549435082229e-38 1.17549435082229e-38 -34.6461219787598 -74.4733200073242 -242.63623046875 -137.003616333008 -64.0459442138672 15.1588592529297 83.4994506835938 1.17549435082229e-38 138.226379394531 262.192565917969 7.75533008575439 -49.3258285522461 1.17549435082229e-38 1.17549435082229e-38 1.17549435082229e-38 1.17549435082229e-38 -193.600006103516 -426.399993896484 1.17549435082229e-38 1.17549435082229e-38 1.17549435082229e-38 1.17549435082229e-38 1.17549435082229e-38 -5659.36962890625 1.17549435082229e-38 1.17549435082229e-38 1.17549435082229e-38 -5882.9697265625 
-5743.06982421875 -5673.11962890625 -5813.02001953125 -5660.73828125 -5650.169921875 1.17549435082229e-38 -263.630981445312 1.17549435082229e-38 1.17549435082229e-38 1.17549435082229e-38 1.17549435082229e-38 -45.9000015258789 -92.4000015258789 1.17549435082229e-38 1.17549435082229e-38 1.17549435082229e-38 -1.95044004917145 -135.211654663086 1.17549435082229e-38 1.17549435082229e-38 1.17549435082229e-38 1.17549435082229e-38 1.17549435082229e-38 1.17549435082229e-38 1.17549435082229e-38 1.17549435082229e-38 1.17549435082229e-38 1.17549435082229e-38 1.17549435082229e-38 1.17549435082229e-38 1.17549435082229e-38 1.17549435082229e-38 1.17549435082229e-38 1.17549435082229e-38 1.17549435082229e-38 1.17549435082229e-38 1.17549435082229e-38 1.17549435082229e-38 1.17549435082229e-38 1.17549435082229e-38 
1.17549435082229e-38 1.17549435082229e-38 1.17549435082229e-38 1.17549435082229e-38 1.17549435082229e-38 1.17549435082229e-38 1.17549435082229e-38 1.17549435082229e-38 1.17549435082229e-38 1.17549435082229e-38 1.17549435082229e-38 -59.8168258666992 1.17549435082229e-38 1.17549435082229e-38 1.17549435082229e-38 1.17549435082229e-38 24.999605178833 1.17549435082229e-38 40.001033782959 1.17549435082229e-38 1.17549435082229e-38 1.17549435082229e-38 1.17549435082229e-38 1.17549435082229e-38 1.17549435082229e-38 121.785301208496 44.9072380065918 71.2766876220703 1.17549435082229e-38 1.17549435082229e-38 1.17549435082229e-38 1.17549435082229e-38 1.17549435082229e-38 -89.1311645507812 55.3346900939941 -247.962997436523 7.96328783035278 1.17549435082229e-38 1.17549435082229e-38 -176.807968139648 
94.9264831542969 1.17549435082229e-38 109.298728942871 47.5970001220703 1.17549435082229e-38 -220.969981610614 -397 1.17549435082229e-38 1.17549435082229e-38 1.17549435082229e-38 1.17549435082229e-38 1.17549435082229e-38 1.17549435082229e-38 1.17549435082229e-38 -21 40.5913467407227 205.23014831543 1.17549435082229e-38 1.17549435082229e-38 1.17549435082229e-38 1.17549435082229e-38 1.17549435082229e-38 18.5 119.27799987793 320.833984375 1.17549435082229e-38 1.17549435082229e-38 1.17549435082229e-38 1.17549435082229e-38 138.363662719727 228.922500610352 275.893768310547 319.807739257812 -5448.63818359375 -5438.06982421875 1.17549435082229e-38 1.17549435082229e-38 1.17549435082229e-38 1.17549435082229e-38 1.17549435082229e-38 
135.94743347168 147.194808959961 1.17549435082229e-38 268.414031982422 245.081481933594 556.838745117188 133.454208374023 1.17549435082229e-38 177.520233154297 119.930992126465 1.17549435082229e-38 -88.3000030517578 2.02252602577209 88.1135406494141 173.178695678711 201.011566162109 1.17549435082229e-38 1.17549435082229e-38 1.17549435082229e-38 1.17549435082229e-38 1.17549435082229e-38 1.17549435082229e-38 1.17549435082229e-38 1.17549435082229e-38 1.17549435082229e-38 1.17549435082229e-38 1.17549435082229e-38 1.17549435082229e-38 1.17549435082229e-38 1.17549435082229e-38 1.17549435082229e-38 1.17549435082229e-38 1.17549435082229e-38 1.17549435082229e-38 1.17549435082229e-38 1.17549435082229e-38 1.17549435082229e-38 1.17549435082229e-38 1.17549435082229e-38 1.17549435082229e-38 
1.17549435082229e-38 1.17549435082229e-38 1.17549435082229e-38 1.17549435082229e-38 1.17549435082229e-38 -184.5 -414.5 1.17549435082229e-38 1.17549435082229e-38 1.17549435082229e-38 1.17549435082229e-38 1.17549435082229e-38 1.17549435082229e-38 -5647.4697265625 1.17549435082229e-38 1.17549435082229e-38 1.17549435082229e-38 -5871.06982421875 1.17549435082229e-38 -5731.169921875 -5294.47509765625 -5731.169921875 -5801.11962890625 1.17549435082229e-38 -228.537826538086 1.17549435082229e-38 -104.631408691406 1.17549435082229e-38 1.17549435082229e-38 1.17549435082229e-38 1.17549435082229e-38 1.17549435082229e-38 1 -71.1999969482422 1.17549435082229e-38 19.6710987091064 1.17549435082229e-38 -6.05743217468262 -105.69255065918 1.17549435082229e-38 
1.17549435082229e-38 1.17549435082229e-38 1.17549435082229e-38 1.17549435082229e-38 1.17549435082229e-38 1.17549435082229e-38 1.17549435082229e-38 1.17549435082229e-38 1.17549435082229e-38 1.17549435082229e-38 1.17549435082229e-38 1.17549435082229e-38 1.17549435082229e-38 1.17549435082229e-38 1.17549435082229e-38 73.2661743164062 1.17549435082229e-38 1.17549435082229e-38 1.17549435082229e-38 -12.6343069076538 1.17549435082229e-38 194.260116577148 66.0093154907227 1.17549435082229e-38 1.17549435082229e-38 1.17549435082229e-38 1.17549435082229e-38 1.17549435082229e-38 1.17549435082229e-38 1.17549435082229e-38 1.17549435082229e-38 1.17549435082229e-38 1.17549435082229e-38 1.17549435082229e-38 1.87393796443939 -33.645938873291 1.17549435082229e-38 104.026481628418 1.17549435082229e-38 54 
98.7190093994141 88.2961273193359 263.634887695312 69.6143417358398 120.845916748047 66.4042282104492 1.17549435082229e-38 144.480514526367 69.1533279418945 -26.0197696685791 18.500010994752 1.17549435082229e-38 1.17549435082229e-38 1.17549435082229e-38 5.09999990463257 32.9329414367676 1.17549435082229e-38 1.17549435082229e-38 1.17549435082229e-38 1.17549435082229e-38 178.259994964611 1.17549435082229e-38 88.8862762451172 -80.4642639160156 -209.300003051758 1.17549435082229e-38 1.17549435082229e-38 -116.198989868164 -45.9092864990234 18.9533672332764 1.17549435082229e-38 1.17549435082229e-38 1.17549435082229e-38 1.17549435082229e-38 1.17549435082229e-38 -144.697662353516 1.17549435082229e-38 1.17549435082229e-38 79.2264862060547 -19.2000007629395 
-472.5 105.918159484863 226.882202148438 289.548522949219 71.9407958984375 1.17549435082229e-38 120.368782043457 1.17549435082229e-38 138.955047607422 1.17549435082229e-38 246.064086914062 1.17549435082229e-38 1.17549435082229e-38 1.17549435082229e-38 1.17549435082229e-38 1.17549435082229e-38 1.17549435082229e-38 1.17549435082229e-38 1.17549435082229e-38 1.17549435082229e-38 1.17549435082229e-38 1.17549435082229e-38 1.17549435082229e-38 1.17549435082229e-38 1.17549435082229e-38 1.17549435082229e-38 1.17549435082229e-38 1.17549435082229e-38 1.17549435082229e-38 1.17549435082229e-38 1.17549435082229e-38 1.17549435082229e-38 1.17549435082229e-38 1.17549435082229e-38 1.17549435082229e-38 1.17549435082229e-38 -31.5 69.2779998779297 41.0069160461426 8.87205696105957 
173.341354370117 1.17549435082229e-38 10.1765851974487 -6.69758605957031 1.17549435082229e-38 60.0216865539551 1.17549435082229e-38 1.17549435082229e-38 1.17549435082229e-38 1.17549435082229e-38 1.17549435082229e-38 1.17549435082229e-38 1.17549435082229e-38 199.600006103516 1.17549435082229e-38 1.17549435082229e-38 1.17549435082229e-38 1.17549435082229e-38 -423.100006103516 1.17549435082229e-38 1.17549435082229e-38 -268.426635742188 -162.533981323242 1.17549435082229e-38 1.17549435082229e-38 1.17549435082229e-38 1.17549435082229e-38 1.17549435082229e-38 1.17549435082229e-38 1.17549435082229e-38 1.17549435082229e-38 1.17549435082229e-38 1.17549435082229e-38 1.17549435082229e-38 1.17549435082229e-38 -114.458969116211 1.17549435082229e-38 -623.715576171875 1.17549435082229e-38 1.17549435082229e-38 
-708.329284667969 1.17549435082229e-38 -608.102111816406 -252.7646484375 1.17549435082229e-38 1.17549435082229e-38 1.17549435082229e-38 1.17549435082229e-38 1.17549435082229e-38 1.17549435082229e-38 1.17549435082229e-38 1.17549435082229e-38 -65.1510543823242 1.17549435082229e-38 -216.310150146484 1.17549435082229e-38 1.17549435082229e-38 1.17549435082229e-38 1.17549435082229e-38 1.17549435082229e-38 1.17549435082229e-38 1.17549435082229e-38 -416.899993896484 1.17549435082229e-38 -84.9693450927734 1.17549435082229e-38 -5649.86962890625 -391.097137451172 -5873.4697265625 1.17549435082229e-38 -5733.56982421875 -5663.61962890625 -346.950012207031 -269.137847900391 -139.200057983398 -37.5418586730957 3.90143203735352 1.17549435082229e-38 1.17549435082229e-38 1.17549435082229e-38 
1.17549435082229e-38 1.17549435082229e-38 1.17549435082229e-38 -25 -98.1999969482422 228.925979614258 181.84553527832 38.4464454650879 1.17549435082229e-38 58.8700561523438 1.17549435082229e-38 1.17549435082229e-38 1.17549435082229e-38 1.17549435082229e-38 1.17549435082229e-38 1.17549435082229e-38 -11.513240814209 44.2508926391602 1.17549435082229e-38 -5303.05322265625 1.17549435082229e-38 -15.0236558914185 38.7547912597656 65.1213073730469 66.1647109985352 1.17549435082229e-38 1.17549435082229e-38 1.17549435082229e-38 -199.951324462891 1.17549435082229e-38 1.17549435082229e-38 1.17549435082229e-38 1.17549435082229e-38 1.17549435082229e-38 1.17549435082229e-38 1.17549435082229e-38 1.17549435082229e-38 1.17549435082229e-38 1.17549435082229e-38 1.17549435082229e-38 
1.17549435082229e-38 1.17549435082229e-38 1.17549435082229e-38 1.17549435082229e-38 1.17549435082229e-38 1.17549435082229e-38 114.961418151855 1.17549435082229e-38 -3.77216601371765 1.17549435082229e-38 90.0945129394531 162.277099609375 1.17549435082229e-38 1.17549435082229e-38 1.17549435082229e-38 1.17549435082229e-38 1.17549435082229e-38 16.4683609008789 1.17549435082229e-38 1.17549435082229e-38 1.17549435082229e-38 171.091918945312 1.17549435082229e-38 1.17549435082229e-38 244.351409912109 395.569854736328 83.8832626342773 135.785720825195 1.17549435082229e-38 46.009651184082 148.794204711914 57.9077301025391 175.709838867188 1.17549435082229e-38 1.17549435082229e-38 1.17549435082229e-38 1.17549435082229e-38 -106.754135131836 -308.797943115234 -69.011116027832 
-245.594650268555 -109.800003051758 1.17549435082229e-38 1.17549435082229e-38 1.17549435082229e-38 1.17549435082229e-38 1.17549435082229e-38 1.17549435082229e-38 1.17549435082229e-38 1.17549435082229e-38 1.17549435082229e-38 1.17549435082229e-38 1.17549435082229e-38 1.17549435082229e-38 1.17549435082229e-38 1.17549435082229e-38 1.17549435082229e-38 156.297241210938 175.778091430664 46.8134918212891 45.6779861450195 -4.47424411773682 1.17549435082229e-38 -20.8323764801025 1.17549435082229e-38 175.395782470703 22.0037384033203 -27.0085468292236 -491 1.17549435082229e-38 1.17549435082229e-38 1.17549435082229e-38 -328.830230712891 -196.66748046875 -88.9896392822266 -32.4681701660156 1.17549435082229e-38 1.17549435082229e-38 1.17549435082229e-38 1.17549435082229e-38 
1.17549435082229e-38 1.17549435082229e-38 1.17549435082229e-38 -1192.18298339844 1.17549435082229e-38 1.17549435082229e-38 325.786865234375 1.17549435082229e-38 1.17549435082229e-38 -7.07461023330688 1.17549435082229e-38 -213.822769165039 95.6077194213867 -10.8999935898519 0 69.949401641441 186.371002197266 213.785003662109 130.679992675781 188.835006713867 205.809997558594 219 174.970993041992 191.608993530273 191.608993530273 205.151992797852 1.17549435082229e-38 1.17549435082229e-38 1.17549435082229e-38 42.5499992370605 104.713455200195 1.17549435082229e-38 1.17549435082229e-38 96.2481994628906 117.466041564941 82.5703048706055 120.693511962891 1.17549435082229e-38 130.784606933594 201.951156616211 
149.899993896484 1.17549435082229e-38 227.019500732422 227.71223449707 50.9199981689453 68.4400024414062 117.724510192871 77.6493453979492 35.1781692504883 38.7964630126953 69.9574432373047 178.006225585938 1.17549435082229e-38 1.17549435082229e-38 1.17549435082229e-38 1.17549435082229e-38 1.17549435082229e-38 1.17549435082229e-38 35.0941314697266 6.04450607299805 77.9570159912109 54.1910095214844 89.9780044555664 111.403251647949 1.17549435082229e-38 1.17549435082229e-38 130.043045043945 155.717926025391 161.015335083008 738.000671386719 641.001953125 6.58874893188477 1068.45593261719 2325.63989257812 262.470001220703 581 454 541 581 491 
386 367 748 183.81298828125 104.927017211914 134.920043945312 89.6440734863281 91.7099990844727 96.8877487182617 1.17549435082229e-38 126.000991821289 90.2939758300781 319.470001220703 1.17549435082229e-38 1.17549435082229e-38 104.689292907715 285.742492675781 194.476364135742 293.529998779297 332.75 268.850006103516 288.959991455078 289.779998779297 311.779998779297 155.169998168945 337.850006103516 121.729835510254 1.17549435082229e-38 1.17549435082229e-38 83.4000015258789 156.370330810547 205.678176879883 258.429168701172 215.092788696289 395.835845947266 388.493408203125 389.217407226562 107.400001525879 135.224563598633 193.811859130859 
1.17549435082229e-38 325.769989013672 81.6999969482422 1.17549435082229e-38 874.0009765625 1.17549435082229e-38 622.000854492188 521.566528320312 -151.043991088867 108.087089538574 1.17549435082229e-38 121.722381591797 1.17549435082229e-38 1.17549435082229e-38 709.999450683594 1.17549435082229e-38 30.040002822876 89.2598419189453 109.273071289062 349.848449707031 82.0333709716797 -14.8936233520508 52.8082504272461 32.5083694458008 95.6376647949219 93.5984191894531 -137.178863525391 62.3155899047852 -40.4246444702148 74.7421035766602 117.383735656738 175.738891601562 367.618682861328 406.067749023438 23.7929992675781 115.349983215332 123.147506713867 81.4640121459961 51.0950012207031 67.0683059692383 
81.1559982299805 95.5234985351562 -176.940505981445 -316.840484619141 -316.840484619141 149.504943847656 64.1379623413086 259.125030517578 342.001190185547 267.000885009766 337.998809814453 33.0643653869629 1.17549435082229e-38 1.17549435082229e-38 1.17549435082229e-38 1.17549435082229e-38 32.626033782959 1.17549435082229e-38 1.17549435082229e-38 1.17549435082229e-38 695.000366210938 686.002319335938 1.17549435082229e-38 1.17549435082229e-38 1.17549435082229e-38 -709.814636230469 1.17549435082229e-38 142.212112426758 27.0849990844727 253.070007324219 109.011817932129 1.17549435082229e-38 145.685531616211 287.970001220703 145.889999389648 -482.923889160156 -672.699951171875 60.7942047119141 63.1354026794434 1.17549435082229e-38 
76.6308517456055 72.1312789916992 279.648742675781 313.160003662109 87.4039993286133 1.17549435082229e-38 1.17549435082229e-38 131.597229003906 -1006.81945800781 59.7000007629395 65.0800018310547 122.132484436035 1.17549435082229e-38 1.17549435082229e-38 1.17549435082229e-38 60.2678298950195 54.0512237548828 52.9828643798828 1.17549435082229e-38 83.3902587890625 693.000183105469 1.17549435082229e-38 1.17549435082229e-38 151.746597290039 1.17549435082229e-38 191.600006103516 70.25 1.17549435082229e-38 1.17549435082229e-38 1.17549435082229e-38 1.17549435082229e-38 1.17549435082229e-38 1.17549435082229e-38 1.17549435082229e-38 1.17549435082229e-38 266.649993896484 294.410003662109 314.230010986328 308.100006103516 323.660003662109 
331.635986328125 -235.5 306.279998779297 273.040008544922 296.339996337891 293.959991455078 322.359985351562 342.040008544922 366.579986572266 324.920013427734 1.17549435082229e-38 1.17549435082229e-38 1.17549435082229e-38 346.00146484375 173.998458862305 1.17549435082229e-38 342.998809814453 258.347259521484 367.000457763672 194.001495361328 335.999542236328 263.130004882812 65.0999984741211 106.355018615723 320.140014648438 198.930679321289 552.01123046875 788.041748046875 144.325485229492 353.062835693359 269.519989013672 290.130004882812 290.440002441406 313.459991455078 338.519989013672 63.1800003051758 1.17549435082229e-38 197.541687011719 1055.03625488281 658.196166992188 
811.128723144531 339.850219726562 860.100036621094 705.100646972656 98.0299987792969 164.100006103516 113.699996948242 59.7099990844727 52.7999992370605 188.033493041992 1.17549435082229e-38 1.17549435082229e-38 692.999389648438 1.17549435082229e-38 50.0200004577637 77.6600036621094 1.17549435082229e-38 366.007568359375 350.009979248047 171.10791015625 469 271.489990234375 1149 548 566 734 943 584 374 536 388 360 692 848 1.17549435082229e-38 1.17549435082229e-38 189.709045410156 73.479606628418 586.020935058594 328.489990234375 
1.17549435082229e-38 707 314.549987792969 301.920013427734 277.880004882812 304.899993896484 298.799987792969 334.600006103516 346.869995117188 1.17549435082229e-38 1.17549435082229e-38 1.17549435082229e-38 1.17549435082229e-38 338.998504638672 183.800582885742 1.17549435082229e-38 323.000274658203 247.488265991211 1.17549435082229e-38 1.17549435082229e-38 540.800537109375 -210.043991088867 84.7687149047852 310.470062255859 -93.3991012573242 80.0013122558594 1.17549435082229e-38 1.17549435082229e-38 783.000793457031 685.999633789062 1.17549435082229e-38 1.17549435082229e-38 60.4322814941406 1.17549435082229e-38 1.17549435082229e-38 1.17549435082229e-38 64.8000030517578 139.204010009766 1.17549435082229e-38 1.17549435082229e-38 
1.17549435082229e-38 140.022491455078 1.17549435082229e-38 68.5422668457031 1.17549435082229e-38 1.17549435082229e-38 1.17549435082229e-38 1.17549435082229e-38 148.5 804.000854492188 1.17549435082229e-38 1.17549435082229e-38 37.7999992370605 39.5800018310547 62.7999992370605 1.17549435082229e-38 1.17549435082229e-38 1.17549435082229e-38 1.17549435082229e-38 1.17549435082229e-38 1.17549435082229e-38 1.17549435082229e-38 1.17549435082229e-38 1.17549435082229e-38 1.17549435082229e-38 1.17549435082229e-38 1.17549435082229e-38 1.17549435082229e-38 137.522979736328 138.790496826172 32.0540008544922 42.0900001525879 257 469.399993896484 44.806583404541 41.4599990844727 1.17549435082229e-38 -863.124633789062 1.17549435082229e-38 1.17549435082229e-38 
172.62565612793 51.1800003051758 1.17549435082229e-38 1.17549435082229e-38 1.17549435082229e-38 101.339340209961 136.882995605469 132.597900390625 1.17549435082229e-38 117.333442687988 115.00756072998 757.999389648438 633.001220703125 1.17549435082229e-38 1.17549435082229e-38 1.17549435082229e-38 1.17549435082229e-38 1.17549435082229e-38 1.17549435082229e-38 1.17549435082229e-38 1.17549435082229e-38 263.500213623047 1.17549435082229e-38 1.17549435082229e-38 143.568237304688 349.001312255859 188.540740966797 327.998413085938 1.17549435082229e-38 347.651550292969 1.17549435082229e-38 1.17549435082229e-38 1.17549435082229e-38 112.479202270508 -188.043991088867 63.3963088989258 43.6214408874512 147.633056640625 429.235015869141 1.17549435082229e-38 
26.9796695709229 695.000427246094 686.001342773438 394.514404296875 49.7596168518066 1.17549435082229e-38 
<Cp0>
1.17549435082229e-38 1.17549435082229e-38 1.17549435082229e-38 1.17549435082229e-38 1.17549435082229e-38 1.17549435082229e-38 1.17549435082229e-38 1.17549435082229e-38 1.17549435082229e-38 1.17549435082229e-38 1.17549435082229e-38 1.17549435082229e-38 1.17549435082229e-38 1.17549435082229e-38 1.17549435082229e-38 25.3500003814697 1.17549435082229e-38 1.17549435082229e-38 1.17549435082229e-38 1.17549435082229e-38 1.17549435082229e-38 1.17549435082229e-38 1.17549435082229e-38 1.17549435082229e-38 1.17549435082229e-38 1.17549435082229e-38 1.17549435082229e-38 1.17549435082229e-38 1.17549435082229e-38 1.17549435082229e-38 1.17549435082229e-38 1.17549435082229e-38 1.17549435082229e-38 1.17549435082229e-38 1.17549435082229e-38 1.17549435082229e-38 1.17549435082229e-38 1.17549435082229e-38 1.17549435082229e-38 1.17549435082229e-38 
1.17549435082229e-38 1.17549435082229e-38 1.17549435082229e-38 1.17549435082229e-38 1.17549435082229e-38 -133.194180860683 1.17549435082229e-38 1.17549435082229e-38 1.17549435082229e-38 1.17549435082229e-38 1.17549435082229e-38 1.17549435082229e-38 16.2019996643066 91.5530014038086 166.904006958008 662.731994628906 -118.297996520996 -102.096000671387 -59.148998260498 58.1500015258789 -2.61400008201599 22.2679996490479 1610.60595703125 778.052978515625 60.5 1.17549435082229e-38 1.17549435082229e-38 1.17549435082229e-38 1.17549435082229e-38 1.17549435082229e-38 1.17549435082229e-38 1.17549435082229e-38 1.17549435082229e-38 1.17549435082229e-38 1.17549435082229e-38 1.17549435082229e-38 1.17549435082229e-38 1.17549435082229e-38 1.17549435082229e-38 1.17549435082229e-38 
1.17549435082229e-38 1.17549435082229e-38 1.17549435082229e-38 1.17549435082229e-38 1.17549435082229e-38 1.17549435082229e-38 1.17549435082229e-38 1.17549435082229e-38 1.17549435082229e-38 1.17549435082229e-38 1.17549435082229e-38 1.17549435082229e-38 1.17549435082229e-38 1.17549435082229e-38 1.17549435082229e-38 1.17549435082229e-38 1.17549435082229e-38 1.17549435082229e-38 1.17549435082229e-38 1.17549435082229e-38 1.17549435082229e-38 1.17549435082229e-38 1.17549435082229e-38 1.17549435082229e-38 1.17549435082229e-38 -301.403991699219 -75.3509979248047 -150.701995849609 -226.052993774414 -527.456970214844 -678.158996582031 1.17549435082229e-38 1.17549435082229e-38 1.17549435082229e-38 2.35098870164458e-38 1.17549435082229e-38 1.17549435082229e-38 1.17549435082229e-38 1.17549435082229e-38 1.17549435082229e-38 
1.17549435082229e-38 1.17549435082229e-38 1.17549435082229e-38 1.17549435082229e-38 1.17549435082229e-38 1.17549435082229e-38 272.752014160156 1.17549435082229e-38 190.707000732422 -289.321970259243 -30.9377620198967 1.17549435082229e-38 1.17549435082229e-38 1.17549435082229e-38 2.35098870164458e-38 124.752998352051 1.17549435082229e-38 1.17549435082229e-38 1.17549435082229e-38 1.17549435082229e-38 -261.920013427734 1.17549435082229e-38 -145.356002807617 -77.0690002441406 1.17549435082229e-38 1.17549435082229e-38 1.17549435082229e-38 1.17549435082229e-38 1.17549435082229e-38 -62.4690017700195 -275.690002441406 1.17549435082229e-38 1.17549435082229e-38 1.17549435082229e-38 1.17549435082229e-38 -402.917999267578 1.17549435082229e-38 1.17549435082229e-38 -512.218994140625 1.17549435082229e-38 
-298.915985107422 1.17549435082229e-38 1.17549435082229e-38 161.544021606445 1.17549435082229e-38 1.17549435082229e-38 1.17549435082229e-38 1.17549435082229e-38 1.17549435082229e-38 1.17549435082229e-38 1.17549435082229e-38 1.17549435082229e-38 1.17549435082229e-38 1.17549435082229e-38 1.17549435082229e-38 1.17549435082229e-38 1.17549435082229e-38 1.17549435082229e-38 1.17549435082229e-38 1.17549435082229e-38 1.17549435082229e-38 1.17549435082229e-38 1.17549435082229e-38 1.17549435082229e-38 1.17549435082229e-38 1.17549435082229e-38 1.17549435082229e-38 1.17549435082229e-38 1.17549435082229e-38 1.17549435082229e-38 1.17549435082229e-38 1.17549435082229e-38 1.17549435082229e-38 1.17549435082229e-38 1.17549435082229e-38 1.17549435082229e-38 1.17549435082229e-38 -122.490362897996 -24.0069711776597 1.17549435082229e-38 
1.17549435082229e-38 1.17549435082229e-38 1.17549435082229e-38 1.17549435082229e-38 1.17549435082229e-38 1.17549435082229e-38 1.17549435082229e-38 1.17549435082229e-38 1.17549435082229e-38 1.17549435082229e-38 1.17549435082229e-38 1.17549435082229e-38 1.17549435082229e-38 1.17549435082229e-38 1.17549435082229e-38 1.17549435082229e-38 1.17549435082229e-38 1.17549435082229e-38 1.17549435082229e-38 1.17549435082229e-38 -290.513000488281 2.35098870164458e-38 3.52648305246686e-38 4.70197740328915e-38 5.87747175411144e-38 2.35098870164458e-38 -290.513000488281 2.35098870164458e-38 -372.119995117188 -186.059997558594 150.701995849609 226.052993774414 301.403991699219 75.3509979248047 301.403991699219 75.3509979248047 -261.410980224609 2.35098870164458e-38 -441.996002197266 -472.328002929688 
-472.328002929688 -441.996002197266 -472.328002929688 -472.328002929688 -472.328002929688 -472.328002929688 -472.328002929688 -472.328002929688 -472.328002929688 -599.191040039062 -261.920013427734 -337.27099609375 -366.64501953125 -396.977020263672 -321.626007080078 -246.275009155273 -170.924011230469 -793.954040527344 -1115.580078125 -396.977020263672 -170.924011230469 -396.977020263672 -396.977020263672 -246.275009155273 -246.275009155273 -246.275009155273 -170.924011230469 -246.275009155273 -472.328002929688 1.17549435082229e-38 1.17549435082229e-38 1.17549435082229e-38 1.17549435082229e-38 1.17549435082229e-38 1.17549435082229e-38 1.17549435082229e-38 1.17549435082229e-38 1.17549435082229e-38 1.17549435082229e-38 1.17549435082229e-38 
1.17549435082229e-38 1.17549435082229e-38 1.17549435082229e-38 1.17549435082229e-38 1.17549435082229e-38 1.17549435082229e-38 1.17549435082229e-38 1.17549435082229e-38 1.17549435082229e-38 1.17549435082229e-38 1.17549435082229e-38 1.17549435082229e-38 1.17549435082229e-38 1.17549435082229e-38 1.17549435082229e-38 1.17549435082229e-38 1.17549435082229e-38 1.17549435082229e-38 1.17549435082229e-38 1.17549435082229e-38 1.17549435082229e-38 1.17549435082229e-38 1.17549435082229e-38 1.17549435082229e-38 1.17549435082229e-38 1.17549435082229e-38 1.17549435082229e-38 -80.5999984741211 1.17549435082229e-38 1.17549435082229e-38 -194.486999511719 -308.373992919922 15.3999996185303 1.17549435082229e-38 1.17549435082229e-38 1.17549435082229e-38 1.17549435082229e-38 1.17549435082229e-38 1.17549435082229e-38 -98.0790023803711 
-113.119989576071 -22.3909317346647 -106.853925071497 -108 -108 1.17549435082229e-38 1.17549435082229e-38 1.17549435082229e-38 1.17549435082229e-38 1.17549435082229e-38 -146.115005493164 -231.115005493164 1.17549435082229e-38 1.17549435082229e-38 1.17549435082229e-38 -369.920013427734 -379.194000244141 -243.59700012207 -108 -23 1.17549435082229e-38 -221.886993408203 -335.773986816406 1.17549435082229e-38 1.17549435082229e-38 1.17549435082229e-38 1.17549435082229e-38 1.17549435082229e-38 1.17549435082229e-38 1.17549435082229e-38 1.17549435082229e-38 127.702003479004 42.7019996643066 -31.94700050354 203.052993774414 193.404006958008 -65.2979965209961 1.17549435082229e-38 52.351001739502 -32.648998260498 
1.17549435082229e-38 1.17549435082229e-38 1.17549435082229e-38 1.17549435082229e-38 1.17549435082229e-38 1.17549435082229e-38 1.17549435082229e-38 -290.446990966797 1.17549435082229e-38 1.17549435082229e-38 1.17549435082229e-38 173.022994995117 1.17549435082229e-38 1.17549435082229e-38 1.17549435082229e-38 -301.403991699219 1.17549435082229e-38 -45.0449206245417 1.17549435082229e-38 1.17549435082229e-38 1.17549435082229e-38 -261.920013427734 -261.920013427734 -337.27099609375 -337.27099609375 1.17549435082229e-38 1.17549435082229e-38 1.17549435082229e-38 1.17549435082229e-38 1.17549435082229e-38 1.17549435082229e-38 30.4689998626709 45.826000213623 1.17549435082229e-38 1.17549435082229e-38 1.17549435082229e-38 1.17549435082229e-38 1.17549435082229e-38 1.17549435082229e-38 1.17549435082229e-38 
1.17549435082229e-38 1.17549435082229e-38 1.17549435082229e-38 1.17549435082229e-38 1.17549435082229e-38 -31 96 1.17549435082229e-38 -242.785729425506 1.17549435082229e-38 1.17549435082229e-38 1.17549435082229e-38 -92.0643272141769 1.17549435082229e-38 -28.2099990844727 1.17549435082229e-38 1.17549435082229e-38 1.17549435082229e-38 1.17549435082229e-38 1.17549435082229e-38 1.17549435082229e-38 1.17549435082229e-38 1.17549435082229e-38 -45.5999984741211 -271.194000244141 1.17549435082229e-38 1.17549435082229e-38 1.17549435082229e-38 1.17549435082229e-38 -135.59700012207 2.35098870164458e-38 -45.5999984741211 1.17549435082229e-38 1.17549435082229e-38 1.17549435082229e-38 1.17549435082229e-38 1.17549435082229e-38 1.17549435082229e-38 1.17549435082229e-38 1.17549435082229e-38 
1.17549435082229e-38 1.17549435082229e-38 1.17549435082229e-38 1.17549435082229e-38 1.17549435082229e-38 1.17549435082229e-38 -48.7000007629395 1.17549435082229e-38 1.17549435082229e-38 -162.587005615234 -276.473999023438 47.2999992370605 1.17549435082229e-38 1.17549435082229e-38 1.17549435082229e-38 26.6509990692139 1.17549435082229e-38 1.17549435082229e-38 1.17549435082229e-38 1.17549435082229e-38 1.17549435082229e-38 1.17549435082229e-38 1.17549435082229e-38 8.38880171518843 1.17549435082229e-38 1.17549435082229e-38 1.17549435082229e-38 1.17549435082229e-38 1.17549435082229e-38 -22.6940002441406 -235.914993286133 83.6569976806641 -472.444000244141 -259.140991210938 1.17549435082229e-38 1.17549435082229e-38 1.17549435082229e-38 1.17549435082229e-38 1.17549435082229e-38 1.17549435082229e-38 
1.17549435082229e-38 -21.6544671818126 1.17549435082229e-38 -223.091995239258 1.17549435082229e-38 1.17549435082229e-38 -166.70100402832 107.786003112793 1.17549435082229e-38 1.17549435082229e-38 1.17549435082229e-38 1.17549435082229e-38 -266.535003662109 53.0369987487793 1.17549435082229e-38 1.17549435082229e-38 1.17549435082229e-38 -289.760986328125 1.17549435082229e-38 1.17549435082229e-38 1.17549435082229e-38 1.17549435082229e-38 1.17549435082229e-38 1.17549435082229e-38 1.17549435082229e-38 1.17549435082229e-38 1.17549435082229e-38 1.17549435082229e-38 1.17549435082229e-38 1.17549435082229e-38 1.17549435082229e-38 1.17549435082229e-38 1.17549435082229e-38 1.17549435082229e-38 1.17549435082229e-38 1.17549435082229e-38 1.17549435082229e-38 1.17549435082229e-38 1.17549435082229e-38 1.17549435082229e-38 
1.17549435082229e-38 1.17549435082229e-38 1.17549435082229e-38 246.901992797852 1.17549435082229e-38 67.1146761482799 -96.9741332880025 -66.8138319304562 38.118227155453 1.17549435082229e-38 -252.802001953125 1.17549435082229e-38 -75.911003112793 -7.62400007247925 6.97599983215332 -206.244995117188 113.327003479004 -442.773986816406 1.17549435082229e-38 1.17549435082229e-38 179 254.350997924805 329.701995849609 405.053009033203 -46.0999984741211 1.17549435082229e-38 1.17549435082229e-38 1.17549435082229e-38 1.17549435082229e-38 1.17549435082229e-38 1.17549435082229e-38 1.17549435082229e-38 1.17549435082229e-38 -181.696990966797 1.17549435082229e-38 1.17549435082229e-38 1.17549435082229e-38 1.17549435082229e-38 1.17549435082229e-38 1.17549435082229e-38 
1.17549435082229e-38 1.17549435082229e-38 1.17549435082229e-38 1.17549435082229e-38 1.17549435082229e-38 1.17549435082229e-38 1.17549435082229e-38 1.17549435082229e-38 1.17549435082229e-38 1.17549435082229e-38 1.17549435082229e-38 1.17549435082229e-38 104.601997375488 179.953002929688 1.17549435082229e-38 1.17549435082229e-38 29.2509994506836 1.17549435082229e-38 1.17549435082229e-38 1.17549435082229e-38 1.17549435082229e-38 1.17549435082229e-38 1.17549435082229e-38 -313.546997070312 1.17549435082229e-38 1.17549435082229e-38 1.17549435082229e-38 1.17549435082229e-38 1.17549435082229e-38 1.17549435082229e-38 1.17549435082229e-38 1.17549435082229e-38 1.17549435082229e-38 1.17549435082229e-38 1.17549435082229e-38 301.403991699219 1.17549435082229e-38 1.17549435082229e-38 1.17549435082229e-38 2.35098870164458e-38 
150.701995849609 226.052993774414 75.3509979248047 -135.59700012207 2.35098870164458e-38 1.17549435082229e-38 1.17549435082229e-38 1.17549435082229e-38 1.17549435082229e-38 1.17549435082229e-38 1.17549435082229e-38 -4 1.17549435082229e-38 1.17549435082229e-38 1.17549435082229e-38 1.17549435082229e-38 1.17549435082229e-38 1.17549435082229e-38 1.17549435082229e-38 1.17549435082229e-38 1.17549435082229e-38 1.17549435082229e-38 1.17549435082229e-38 1.17549435082229e-38 1.17549435082229e-38 1.17549435082229e-38 1.17549435082229e-38 1.17549435082229e-38 1.17549435082229e-38 1.17549435082229e-38 1.17549435082229e-38 1.17549435082229e-38 1.17549435082229e-38 1.17549435082229e-38 1.17549435082229e-38 1.17549435082229e-38 1.17549435082229e-38 1.17549435082229e-38 1.17549435082229e-38 1.17549435082229e-38 
1.17549435082229e-38 1.17549435082229e-38 1.17549435082229e-38 1.17549435082229e-38 1.17549435082229e-38 1.17549435082229e-38 1.17549435082229e-38 1.17549435082229e-38 1.17549435082229e-38 1.17549435082229e-38 1.17549435082229e-38 -248.220993041992 1.17549435082229e-38 1.17549435082229e-38 1.17549435082229e-38 1.17549435082229e-38 1.17549435082229e-38 1.17549435082229e-38 1.17549435082229e-38 1.17549435082229e-38 1.17549435082229e-38 1.17549435082229e-38 1.17549435082229e-38 1.17549435082229e-38 1.17549435082229e-38 1.17549435082229e-38 1.17549435082229e-38 1.17549435082229e-38 1.17549435082229e-38 1.17549435082229e-38 1.17549435082229e-38 1.17549435082229e-38 1.17549435082229e-38 1.17549435082229e-38 1.17549435082229e-38 1.17549435082229e-38 1.17549435082229e-38 1.17549435082229e-38 1.17549435082229e-38 1.17549435082229e-38 
1.17549435082229e-38 1.17549435082229e-38 229.162002563477 1.17549435082229e-38 1.17549435082229e-38 -478.340642286346 1.17549435082229e-38 1.17549435082229e-38 1.17549435082229e-38 1.17549435082229e-38 1.17549435082229e-38 1.17549435082229e-38 1.17549435082229e-38 1.17549435082229e-38 1.17549435082229e-38 1.17549435082229e-38 1.17549435082229e-38 1.17549435082229e-38 1.17549435082229e-38 1.17549435082229e-38 1.17549435082229e-38 1.17549435082229e-38 1.17549435082229e-38 1.17549435082229e-38 1.17549435082229e-38 1.17549435082229e-38 1.17549435082229e-38 1.17549435082229e-38 1.17549435082229e-38 1.17549435082229e-38 1.17549435082229e-38 1.17549435082229e-38 1.17549435082229e-38 -135.59700012207 2.35098870164458e-38 1.17549435082229e-38 1.17549435082229e-38 1.17549435082229e-38 1.17549435082229e-38 1.17549435082229e-38 
1.17549435082229e-38 1.17549435082229e-38 1.17549435082229e-38 1.17549435082229e-38 1.17549435082229e-38 1.17549435082229e-38 1.17549435082229e-38 1.17549435082229e-38 1.17549435082229e-38 1.17549435082229e-38 1.17549435082229e-38 1.17549435082229e-38 1.17549435082229e-38 1.17549435082229e-38 1.17549435082229e-38 1.17549435082229e-38 1.17549435082229e-38 1.17549435082229e-38 1.17549435082229e-38 1.17549435082229e-38 1.17549435082229e-38 1.17549435082229e-38 1.17549435082229e-38 1.17549435082229e-38 1.17549435082229e-38 1.17549435082229e-38 1.17549435082229e-38 1.17549435082229e-38 1.17549435082229e-38 1.17549435082229e-38 1.17549435082229e-38 1.17549435082229e-38 1.17549435082229e-38 1.17549435082229e-38 1.17549435082229e-38 1.17549435082229e-38 1.17549435082229e-38 1.17549435082229e-38 1.17549435082229e-38 1.17549435082229e-38 
1.17549435082229e-38 1.17549435082229e-38 1.17549435082229e-38 1.17549435082229e-38 1.17549435082229e-38 1.17549435082229e-38 1.17549435082229e-38 1.17549435082229e-38 1.17549435082229e-38 1.17549435082229e-38 1.17549435082229e-38 1.17549435082229e-38 1.17549435082229e-38 301.403991699219 1.17549435082229e-38 1.17549435082229e-38 1.17549435082229e-38 2.35098870164458e-38 1.17549435082229e-38 150.701995849609 -135.59700012207 150.701995849609 75.3509979248047 1.17549435082229e-38 1.17549435082229e-38 1.17549435082229e-38 1.17549435082229e-38 1.17549435082229e-38 1.17549435082229e-38 1.17549435082229e-38 1.17549435082229e-38 1.17549435082229e-38 1.17549435082229e-38 1.17549435082229e-38 1.17549435082229e-38 1.17549435082229e-38 1.17549435082229e-38 1.17549435082229e-38 1.17549435082229e-38 1.17549435082229e-38 
1.17549435082229e-38 1.17549435082229e-38 1.17549435082229e-38 1.17549435082229e-38 1.17549435082229e-38 1.17549435082229e-38 1.17549435082229e-38 1.17549435082229e-38 1.17549435082229e-38 1.17549435082229e-38 1.17549435082229e-38 1.17549435082229e-38 1.17549435082229e-38 1.17549435082229e-38 1.17549435082229e-38 1.17549435082229e-38 1.17549435082229e-38 1.17549435082229e-38 1.17549435082229e-38 1.17549435082229e-38 1.17549435082229e-38 1.17549435082229e-38 1.17549435082229e-38 1.17549435082229e-38 1.17549435082229e-38 1.17549435082229e-38 1.17549435082229e-38 1.17549435082229e-38 1.17549435082229e-38 1.17549435082229e-38 1.17549435082229e-38 1.17549435082229e-38 1.17549435082229e-38 1.17549435082229e-38 1.17549435082229e-38 1.17549435082229e-38 1.17549435082229e-38 1.17549435082229e-38 1.17549435082229e-38 1.17549435082229e-38 
1.17549435082229e-38 1.17549435082229e-38 1.17549435082229e-38 1.17549435082229e-38 1.17549435082229e-38 22.75 1.17549435082229e-38 1.17549435082229e-38 1.17549435082229e-38 1.17549435082229e-38 -266.096290727899 1.17549435082229e-38 1.17549435082229e-38 1.17549435082229e-38 1.17549435082229e-38 1.17549435082229e-38 1.17549435082229e-38 1.17549435082229e-38 1.17549435082229e-38 1.17549435082229e-38 195.074612763665 1.17549435082229e-38 -17.4790000915527 -229.957992553711 -95.9000015258789 1.17549435082229e-38 1.17549435082229e-38 -209.787002563477 -323.674011230469 0.100000001490116 1.17549435082229e-38 1.17549435082229e-38 1.17549435082229e-38 1.17549435082229e-38 1.17549435082229e-38 -20.548999786377 1.17549435082229e-38 1.17549435082229e-38 1.17549435082229e-38 1.17549435082229e-38 
1.17549435082229e-38 1.17549435082229e-38 1.17549435082229e-38 1.17549435082229e-38 1.17549435082229e-38 1.17549435082229e-38 1.17549435082229e-38 1.17549435082229e-38 1.17549435082229e-38 1.17549435082229e-38 1.17549435082229e-38 1.17549435082229e-38 1.17549435082229e-38 1.17549435082229e-38 1.17549435082229e-38 1.17549435082229e-38 1.17549435082229e-38 1.17549435082229e-38 1.17549435082229e-38 1.17549435082229e-38 1.17549435082229e-38 1.17549435082229e-38 1.17549435082229e-38 1.17549435082229e-38 1.17549435082229e-38 1.17549435082229e-38 1.17549435082229e-38 1.17549435082229e-38 1.17549435082229e-38 1.17549435082229e-38 1.17549435082229e-38 1.17549435082229e-38 1.17549435082229e-38 1.17549435082229e-38 1.17549435082229e-38 1.17549435082229e-38 1.17549435082229e-38 1.17549435082229e-38 1.17549435082229e-38 1.17549435082229e-38 
1.17549435082229e-38 1.17549435082229e-38 1.17549435082229e-38 1.17549435082229e-38 1.17549435082229e-38 1.17549435082229e-38 1.17549435082229e-38 1.17549435082229e-38 1.17549435082229e-38 1.17549435082229e-38 1.17549435082229e-38 1.17549435082229e-38 1.17549435082229e-38 -15 1.17549435082229e-38 1.17549435082229e-38 1.17549435082229e-38 1.17549435082229e-38 -224 1.17549435082229e-38 1.17549435082229e-38 1.17549435082229e-38 1.17549435082229e-38 1.17549435082229e-38 1.17549435082229e-38 1.17549435082229e-38 1.17549435082229e-38 1.17549435082229e-38 1.17549435082229e-38 1.17549435082229e-38 1.17549435082229e-38 1.17549435082229e-38 1.17549435082229e-38 1.17549435082229e-38 1.17549435082229e-38 -73.2979965209961 1.17549435082229e-38 -297.298004150391 1.17549435082229e-38 1.17549435082229e-38 
-293.191986083984 1.17549435082229e-38 -213.735000610352 -148.649002075195 1.17549435082229e-38 1.17549435082229e-38 1.17549435082229e-38 1.17549435082229e-38 1.17549435082229e-38 1.17549435082229e-38 1.17549435082229e-38 1.17549435082229e-38 1.17549435082229e-38 1.17549435082229e-38 1.17549435082229e-38 1.17549435082229e-38 1.17549435082229e-38 1.17549435082229e-38 1.17549435082229e-38 1.17549435082229e-38 1.17549435082229e-38 1.17549435082229e-38 -220 1.17549435082229e-38 1.17549435082229e-38 1.17549435082229e-38 81.4039916992188 1.17549435082229e-38 -220 1.17549435082229e-38 -69.2980041503906 6.05299377441406 -144.649002075195 1.17549435082229e-38 1.17549435082229e-38 1.17549435082229e-38 1.17549435082229e-38 1.17549435082229e-38 1.17549435082229e-38 1.17549435082229e-38 
1.17549435082229e-38 1.17549435082229e-38 1.17549435082229e-38 1.17549435082229e-38 42.4000015258789 1.17549435082229e-38 1.17549435082229e-38 1.17549435082229e-38 1.17549435082229e-38 1.17549435082229e-38 1.17549435082229e-38 1.17549435082229e-38 1.17549435082229e-38 1.17549435082229e-38 1.17549435082229e-38 1.17549435082229e-38 1.17549435082229e-38 1.17549435082229e-38 1.17549435082229e-38 -93.1969985961914 1.17549435082229e-38 1.17549435082229e-38 1.17549435082229e-38 1.17549435082229e-38 1.17549435082229e-38 1.17549435082229e-38 1.17549435082229e-38 1.17549435082229e-38 1.17549435082229e-38 1.17549435082229e-38 1.17549435082229e-38 1.17549435082229e-38 1.17549435082229e-38 1.17549435082229e-38 1.17549435082229e-38 1.17549435082229e-38 1.17549435082229e-38 1.17549435082229e-38 1.17549435082229e-38 1.17549435082229e-38 
1.17549435082229e-38 1.17549435082229e-38 1.17549435082229e-38 1.17549435082229e-38 1.17549435082229e-38 1.17549435082229e-38 1.17549435082229e-38 1.17549435082229e-38 1.17549435082229e-38 1.17549435082229e-38 1.17549435082229e-38 1.17549435082229e-38 1.17549435082229e-38 1.17549435082229e-38 1.17549435082229e-38 1.17549435082229e-38 1.17549435082229e-38 1.17549435082229e-38 1.17549435082229e-38 1.17549435082229e-38 1.17549435082229e-38 1.17549435082229e-38 1.17549435082229e-38 1.17549435082229e-38 1.17549435082229e-38 1.17549435082229e-38 1.17549435082229e-38 1.17549435082229e-38 1.17549435082229e-38 1.17549435082229e-38 1.17549435082229e-38 1.17549435082229e-38 24.9209995269775 1.17549435082229e-38 1.17549435082229e-38 1.17549435082229e-38 1.17549435082229e-38 1.17549435082229e-38 1.17549435082229e-38 1.17549435082229e-38 
1.17549435082229e-38 1.17549435082229e-38 1.17549435082229e-38 1.17549435082229e-38 1.17549435082229e-38 1.17549435082229e-38 1.17549435082229e-38 1.17549435082229e-38 1.17549435082229e-38 1.17549435082229e-38 1.17549435082229e-38 1.17549435082229e-38 1.17549435082229e-38 1.17549435082229e-38 1.17549435082229e-38 1.17549435082229e-38 1.17549435082229e-38 1.17549435082229e-38 1.17549435082229e-38 1.17549435082229e-38 1.17549435082229e-38 1.17549435082229e-38 1.17549435082229e-38 1.17549435082229e-38 1.17549435082229e-38 1.17549435082229e-38 1.17549435082229e-38 1.17549435082229e-38 1.17549435082229e-38 1.17549435082229e-38 1.17549435082229e-38 1.17549435082229e-38 1.17549435082229e-38 1.17549435082229e-38 1.17549435082229e-38 1.17549435082229e-38 1.17549435082229e-38 1.17549435082229e-38 1.17549435082229e-38 1.17549435082229e-38 
1.17549435082229e-38 1.17549435082229e-38 1.17549435082229e-38 1.17549435082229e-38 1.17549435082229e-38 1.17549435082229e-38 1.17549435082229e-38 1.17549435082229e-38 1.17549435082229e-38 1.17549435082229e-38 1.17549435082229e-38 1.17549435082229e-38 246.901992797852 -136.387340459613 0 75.3605258482016 35.6483488393139 37.0747465986246 28.8373256652201 33.5905479988852 34.1973003517897 34.7198153668295 20.7979232346319 29.1244109719064 29.1244101905586 29.3825885202285 1.17549435082229e-38 1.17549435082229e-38 1.17549435082229e-38 25.3500003814697 1.17549435082229e-38 1.17549435082229e-38 1.17549435082229e-38 1.17549435082229e-38 1.17549435082229e-38 1.17549435082229e-38 1.17549435082229e-38 1.17549435082229e-38 1.17549435082229e-38 1.17549435082229e-38 
81.1500015258789 1.17549435082229e-38 1.17549435082229e-38 1.17549435082229e-38 79.0962338387918 91.7192011785173 130 91.6999969482422 53.3320007324219 54.2019996643066 77.0019989013672 1.17549435082229e-38 1.17549435082229e-38 1.17549435082229e-38 1.17549435082229e-38 1.17549435082229e-38 1.17549435082229e-38 1.17549435082229e-38 1.17549435082229e-38 -210.407989501953 -376.755004882812 -376.755004882812 -75.3509979248047 1.17549435082229e-38 1.17549435082229e-38 1.17549435082229e-38 1.17549435082229e-38 1.17549435082229e-38 1.17549435082229e-38 1.17549435082229e-38 1.17549435082229e-38 1.17549435082229e-38 1128.45092773438 1885.57788085938 304.899993896484 617 449 611 619 435 
404 383 782 -150.701995849609 -301.403991699219 -678.158996582031 43.7529983520508 83.4720684808875 -1.24699997901917 1.17549435082229e-38 -261.920013427734 -89.2429962158203 328.779998779297 1.17549435082229e-38 1.17549435082229e-38 69.3099975585938 -1379.74853515625 157.011993408203 318.579986572266 335.149993896484 305.880004882812 310.339996337891 329.089996337891 336.399993896484 157.510938244045 339.5 1.17549435082229e-38 1.17549435082229e-38 1.17549435082229e-38 87.4875620641478 1.17549435082229e-38 1.17549435082229e-38 1.17549435082229e-38 4564.0927734375 197.289993286133 173.518005371094 201.276992797852 101.228159861773 121.652496337891 187.182006835938 
1.17549435082229e-38 346.390014648438 86.1947163957418 1.17549435082229e-38 1.17549435082229e-38 1.17549435082229e-38 1.17549435082229e-38 1.17549435082229e-38 -301.403991699219 1.17549435082229e-38 1.17549435082229e-38 1.17549435082229e-38 1.17549435082229e-38 1.17549435082229e-38 1.17549435082229e-38 1.17549435082229e-38 28.8360004425049 -290.513000488281 3.52648305246686e-38 452.105987548828 3.52648305246686e-38 2.35098870164458e-38 75.3509979248047 150.701995849609 150.701995849609 150.701995849609 5.87747175411144e-38 -186.059997558594 -186.059997558594 -400.955993652344 2.35098870164458e-38 75.3509979248047 452.105987548828 527.456970214844 -381.332000732422 -441.996002197266 -472.328002929688 -718.60302734375 -351.9580078125 -337.27099609375 
-291.294006347656 -246.275009155273 -321.626007080078 -472.328002929688 -472.328002929688 -1120.90002441406 -500.744018554688 -944.656005859375 1.17549435082229e-38 1.17549435082229e-38 1.17549435082229e-38 1.17549435082229e-38 1.17549435082229e-38 1.17549435082229e-38 1.17549435082229e-38 1.17549435082229e-38 1.17549435082229e-38 1.17549435082229e-38 1.17549435082229e-38 1.17549435082229e-38 1.17549435082229e-38 1.17549435082229e-38 1.17549435082229e-38 1.17549435082229e-38 1.17549435082229e-38 1.17549435082229e-38 1.17549435082229e-38 -511.090881347656 25.0839996337891 283.5 92.0770034790039 1.17549435082229e-38 -720.920043945312 297.410003662109 150.889820956559 302.692993164062 328.764984130859 1.17549435082229e-38 1.17549435082229e-38 1.17549435082229e-38 
1.17549435082229e-38 1.17549435082229e-38 1.17549435082229e-38 257.019989013672 104.080200553224 1.17549435082229e-38 1.17549435082229e-38 153.259994506836 691.776000976562 74.3193103049382 69.2112519094491 1.17549435082229e-38 1.17549435082229e-38 1.17549435082229e-38 1.17549435082229e-38 1.17549435082229e-38 1.17549435082229e-38 1.17549435082229e-38 1.17549435082229e-38 1.17549435082229e-38 1.17549435082229e-38 1.17549435082229e-38 1.17549435082229e-38 105.101997375488 1.17549435082229e-38 1.17549435082229e-38 1.17549435082229e-38 1.17549435082229e-38 1.17549435082229e-38 1.17549435082229e-38 1.17549435082229e-38 1.17549435082229e-38 1.17549435082229e-38 1.17549435082229e-38 1.17549435082229e-38 310.350006103516 325.700012207031 329 329.279998779297 334.230010986328 
-481.138031005859 -395.734039306641 326.410003662109 311.329986572266 319.959991455078 334.540008544922 350.190002441406 344.950012207031 344.540008544922 328.209991455078 1.17549435082229e-38 1.17549435082229e-38 1.17549435082229e-38 1.17549435082229e-38 1.17549435082229e-38 1.17549435082229e-38 1.17549435082229e-38 1.17549435082229e-38 1.17549435082229e-38 1.17549435082229e-38 1.17549435082229e-38 303.739990234375 76.1075733223843 -643.252014160156 327.619995117188 219.988998413086 380.393005371094 822.442993164062 161.593002319336 362.347991943359 304.709991455078 308.290008544922 327.929992675781 333.459991455078 338.329986572266 76.8834991093719 1.17549435082229e-38 287.558013916016 1078.28002929688 447.962005615234 
608.366027832031 1.17549435082229e-38 1.17549435082229e-38 1.17549435082229e-38 1.17549435082229e-38 1.17549435082229e-38 1.17549435082229e-38 1.17549435082229e-38 1.17549435082229e-38 1.17549435082229e-38 1.17549435082229e-38 1.17549435082229e-38 1.17549435082229e-38 1.17549435082229e-38 1.17549435082229e-38 1.17549435082229e-38 1.17549435082229e-38 1.17549435082229e-38 1.17549435082229e-38 12.0780000686646 425 309.619995117188 1119 578 586 739 895 513 384 475 405 359 620 812 1.17549435082229e-38 1.17549435082229e-38 -678.158996582031 -150.701995849609 75.3509979248047 333.5 
1.17549435082229e-38 626 346.869995117188 322.739990234375 310.600006103516 318.670013427734 333.809997558594 348.339996337891 344.230010986328 1.17549435082229e-38 1.17549435082229e-38 1.17549435082229e-38 1.17549435082229e-38 1.17549435082229e-38 1.17549435082229e-38 1.17549435082229e-38 1.17549435082229e-38 1.17549435082229e-38 1.17549435082229e-38 1.17549435082229e-38 1.17549435082229e-38 -347.503997802734 1.17549435082229e-38 1.17549435082229e-38 -1.70000004768372 82 1.17549435082229e-38 1.17549435082229e-38 1.17549435082229e-38 1.17549435082229e-38 1.17549435082229e-38 1.17549435082229e-38 1.17549435082229e-38 1.17549435082229e-38 1.17549435082229e-38 1.17549435082229e-38 26.6499996185303 -301.403991699219 1.17549435082229e-38 1.17549435082229e-38 
1.17549435082229e-38 -261.920013427734 1.17549435082229e-38 1.17549435082229e-38 1.17549435082229e-38 1.17549435082229e-38 1.17549435082229e-38 1.17549435082229e-38 1.17549435082229e-38 1.17549435082229e-38 1.17549435082229e-38 1.17549435082229e-38 25.8999996185303 38.6100006103516 1.17549435082229e-38 1.17549435082229e-38 1.17549435082229e-38 1.17549435082229e-38 1.17549435082229e-38 1.17549435082229e-38 1.17549435082229e-38 1.17549435082229e-38 1.17549435082229e-38 1.17549435082229e-38 1.17549435082229e-38 1.17549435082229e-38 1.17549435082229e-38 1.17549435082229e-38 1.17549435082229e-38 1.17549435082229e-38 22.75 25.0900001525879 263.570007324219 547.02001953125 44.2980003356934 44.5867514197975 1.17549435082229e-38 -437.561004638672 1.17549435082229e-38 1.17549435082229e-38 
-526.390869140625 27.1100006103516 1.17549435082229e-38 1.17549435082229e-38 1.17549435082229e-38 1.17549435082229e-38 -261.920013427734 1.17549435082229e-38 1.17549435082229e-38 1.17549435082229e-38 1.17549435082229e-38 1.17549435082229e-38 1.17549435082229e-38 1.17549435082229e-38 1.17549435082229e-38 1.17549435082229e-38 1.17549435082229e-38 1.17549435082229e-38 1.17549435082229e-38 1.17549435082229e-38 1.17549435082229e-38 1.17549435082229e-38 1.17549435082229e-38 1.17549435082229e-38 1.17549435082229e-38 1.17549435082229e-38 172.070007324219 1.17549435082229e-38 1.17549435082229e-38 1.17549435082229e-38 1.17549435082229e-38 1.17549435082229e-38 1.17549435082229e-38 1.17549435082229e-38 -301.403991699219 1.17549435082229e-38 1.17549435082229e-38 1.17549435082229e-38 1.17549435082229e-38 1.17549435082229e-38 
1.17549435082229e-38 1.17549435082229e-38 1.17549435082229e-38 1.17549435082229e-38 1.17549435082229e-38 1.17549435082229e-38 
<VPh>
0 0 3.16494262345178e-06 0 0 0 0 0 0 0 
<GPh>
0 -4.42066056270554 -0.0572766714110843 0 0 0 -363.547234951736 0 0 0 
<HPh>
0 0 0.0280933198126515 0 0 0 0 0 0 0 
<SPh>
0 0.0148269681794584 0.000286332353592943 0 0 0 1.21934340081079 0 0 0 
<CPh>
0 0 0.000526281955678682 0 0 0 0 0 0 0 
<APh>
0 -4.42066056270554 -0.0572798363537078 0 0 0 -363.547234951736 0 0 0 
<UPh>
0 0 0.028090154870028 0 0 0 0 0 0 0 