

Next record
07PSIna   G  complex     1    0       1       80      0   

<Short_PARAM>
2 2 -4 1 130 1 0 30000 1 9999 
<Double_PARAM>
1000 1e-13 1e-20 1e-05 0.01 0.01 1e-05 1e-05 1e-05 1e-05 1e-05 1e-05 1e-06 1e-17 0.7 -0.0065 1 1000 0.001 12.05 1e-13 1e-13 1e-33 1e-20 1e-05 1e-10 0.001 1e-10 
<Short_Const>
59 59 1392 1074 1063 10 0 0 320 2 0 16 1 0 423 1 2 1 1 0 3 0 0 2 1 2 0 2 0 2 423 0 0 0 0 0 1 0 0 
<Double_Const>
80 80 353.15 353.15 1 1 0 1027.40416894503 -13680927.2392759 0 0 0 0 0 0 0 0 0 0 0 
0 0 0 0 166.344553914059 1000 1.04000000535978 -4659.304468086 0.29761687299942 7.69733951023635 -3.22737634257724 -0.225695532526878 1e-13 1e-20 55.50837344 0 9.99999e-06 0 0 0 
0 1e-05 0 2936.2692065 32.8598306948188 54.6279855452833 4.01653388216503 0.00927805264319626 1.66e-24 5.79424032303805 5.80356168490332 331.478080357678 36.041651857386 
<Add_Double_Const>
1e-13 1e-13 1e-33 1e-20 1e-05 1e-05 1e-05 1e-05 1e-05 1e-05 1e-06 1 
<EpsW>
60.8287293347001 -0.279269679911241 0.00128239726868871 0.00352487885447098 0 
<EpsWg>
44.1020648929065 -0.203921304503049 0.000864734277252308 0.00370763636207359 0 
<DenW>
0.971817485715114 -0.000622189025703182 -5.08206904576192e-06 4.49232196760964e-05 0 
<DenWg>
0.000626036815654471 -6.42549126545584e-07 -3.0883231136938e-09 3.89088450349395e-08 0 
Error Code 
Error Message
<L1>
1064 10 1 1 1 1 1 1 1 1 1 1 1 1 1 1 1 1 1 1 1 1 1 1 1 1 1 1 1 1 1 1 1 1 1 1 1 1 1 1 
1 1 1 1 1 1 1 1 1 1 1 1 1 1 1 1 1 1 1 1 1 1 1 1 1 1 1 1 1 1 1 1 1 1 1 1 1 1 1 1 
1 1 1 1 1 1 1 1 1 1 1 1 1 1 1 1 1 1 1 1 1 1 1 1 1 1 1 1 1 1 1 1 1 1 1 1 1 1 1 1 
1 1 1 1 1 1 1 1 1 1 1 1 1 1 1 1 1 1 1 1 1 1 1 1 1 1 1 1 1 1 1 1 1 1 1 1 1 1 1 1 
1 1 1 1 1 1 1 1 1 1 1 1 1 1 1 1 1 1 1 1 1 1 1 1 1 1 1 1 1 1 1 1 1 1 1 1 1 1 1 1 
1 1 1 1 1 1 1 1 1 1 1 1 1 1 1 1 1 1 1 1 1 1 1 1 1 1 1 1 1 1 1 1 1 1 1 1 1 1 1 1 
1 1 1 1 1 1 1 1 1 1 1 1 1 1 1 1 1 1 1 1 1 1 1 1 1 1 1 1 1 1 1 1 1 1 1 1 1 1 1 1 
1 1 1 1 1 1 1 1 1 1 1 1 1 1 1 1 1 1 1 1 1 1 1 1 1 1 1 1 1 1 1 1 1 1 1 1 1 1 1 1 
<muk>
0 1 2 3 4 5 6 7 8 9 10 11 12 13 14 15 16 17 18 19 20 21 22 23 24 25 26 27 28 29 30 31 32 33 34 35 36 37 38 39 
40 41 42 43 44 45 46 47 48 49 50 51 52 53 54 55 56 57 58 59 60 61 62 63 64 65 66 67 68 70 71 72 73 74 75 76 77 78 79 80 
81 82 83 84 85 86 87 88 89 90 91 92 93 94 95 96 97 98 99 100 101 102 103 104 105 106 107 108 109 110 111 112 113 114 115 116 117 118 119 120 
121 122 123 124 125 126 127 128 129 130 131 132 133 134 135 136 137 138 139 140 141 142 143 144 145 146 147 148 149 150 151 152 153 154 155 156 157 158 159 160 
161 162 163 164 165 166 167 168 169 170 171 172 173 174 175 176 177 178 179 180 181 182 183 184 185 186 187 188 189 190 191 192 193 194 195 196 197 199 200 201 
202 203 204 205 206 207 208 209 210 211 212 213 214 215 216 217 218 219 220 221 222 223 224 225 226 227 228 229 230 231 232 233 234 235 236 237 238 239 240 241 
242 243 244 245 246 247 248 249 250 251 252 253 254 255 256 257 258 259 260 261 262 263 264 265 266 267 268 269 270 271 272 273 274 275 276 277 278 279 280 281 
282 326 327 328 329 330 354 355 356 357 358 359 360 361 362 363 366 367 370 371 391 392 393 394 397 398 399 400 401 402 403 404 405 406 407 408 409 419 420 421 
<mui>
0 1 2 3 4 5 6 7 8 9 10 11 12 13 14 15 16 17 18 20 21 22 23 24 25 26 28 29 30 31 32 33 34 35 36 37 38 39 40 41 
42 43 44 45 46 47 48 49 50 51 52 53 54 55 56 57 58 59 60 
<muj>
0 1 2 4 5 6 8 9 10 11 12 13 14 15 16 17 18 19 20 21 22 23 24 25 26 27 28 29 30 31 32 33 34 35 36 37 38 39 40 41 
42 43 44 45 46 47 48 49 50 51 52 53 54 55 56 57 58 59 60 61 62 63 64 65 66 67 68 69 70 71 72 75 76 77 78 79 81 82 84 85 
86 87 88 89 90 91 92 93 94 95 96 97 98 99 100 101 102 103 104 105 106 107 108 109 110 111 112 113 114 115 116 117 118 119 120 121 122 123 124 125 
126 127 128 129 130 131 132 133 134 135 136 137 138 139 140 142 143 144 145 149 150 151 152 153 154 155 156 157 158 159 160 161 162 163 164 165 166 167 168 169 
170 171 172 173 174 175 176 177 178 179 180 181 182 183 184 185 186 187 188 189 190 191 192 193 194 195 196 197 198 199 200 201 202 203 204 205 206 207 208 209 
210 211 212 213 214 215 216 217 218 219 220 221 222 223 224 225 226 227 228 229 230 231 232 233 234 235 236 237 238 239 240 241 242 243 244 245 246 247 248 249 
250 251 252 253 254 255 256 257 258 259 260 261 262 263 264 265 266 267 268 269 270 271 272 273 274 275 276 277 278 279 280 281 282 283 284 285 286 287 288 289 
290 291 292 293 294 295 296 297 298 299 300 301 302 303 304 305 307 308 309 310 311 312 313 314 315 316 317 318 319 320 321 322 323 324 325 326 327 328 329 330 
331 332 333 334 335 340 341 342 343 344 345 346 347 348 349 350 351 352 353 354 355 356 357 358 359 360 361 362 363 364 365 366 367 368 369 370 371 372 373 374 
375 376 377 378 379 380 381 382 383 384 391 392 393 394 395 398 399 400 401 402 403 404 405 406 407 408 409 410 411 412 413 414 415 416 417 418 419 420 421 422 
423 425 426 427 428 431 432 433 434 435 436 437 438 439 440 441 442 443 444 445 446 447 448 449 450 451 452 453 454 455 456 457 458 459 460 461 462 463 464 466 
467 468 469 470 471 472 473 474 475 476 477 478 479 480 481 482 483 484 486 487 488 489 491 492 493 494 495 496 497 498 499 500 501 502 503 504 505 506 507 508 
509 510 511 512 513 514 515 516 517 518 519 520 521 522 523 524 525 526 527 528 529 530 532 533 534 535 536 537 538 539 540 541 542 543 544 545 546 547 548 549 
550 551 554 555 556 557 558 561 562 563 564 565 566 567 568 569 570 571 572 573 574 575 576 577 578 579 580 581 582 583 584 585 586 587 588 589 590 591 592 593 
594 596 597 598 605 606 607 608 609 610 611 612 613 614 615 616 617 618 619 620 621 622 623 624 625 628 629 630 631 632 633 634 635 636 637 638 639 640 647 648 
649 650 651 652 653 654 655 656 657 658 659 660 661 662 663 664 665 666 667 668 669 670 671 672 673 674 675 676 677 678 679 680 681 682 683 684 685 686 687 688 
689 690 691 692 693 694 695 696 697 698 699 700 701 702 703 704 705 706 707 708 709 710 711 712 715 716 717 718 719 720 721 722 723 724 725 726 727 728 729 730 
731 732 733 734 735 736 737 738 739 740 741 742 743 744 745 746 747 748 749 750 751 752 753 754 755 756 757 758 759 760 761 762 763 764 765 766 767 768 769 770 
771 772 774 775 776 783 784 785 786 787 789 790 791 792 793 794 795 796 797 798 799 800 801 802 803 804 805 806 807 808 809 810 811 812 813 814 815 816 817 818 
819 820 821 822 823 824 825 826 827 828 829 830 831 832 833 834 835 836 837 838 839 840 841 842 843 844 845 846 847 848 849 850 851 852 853 854 855 856 857 858 
859 860 861 862 863 864 865 866 867 868 869 870 871 872 873 874 875 876 877 878 879 880 881 882 883 884 885 886 887 888 889 890 891 892 893 894 895 896 897 898 
899 900 901 902 903 904 905 906 907 908 909 910 911 912 913 914 915 916 917 918 919 920 921 922 923 924 925 926 927 928 929 930 931 932 933 934 935 936 937 938 
939 940 941 942 943 944 945 946 947 948 949 950 951 952 953 954 955 956 957 958 959 960 961 962 963 964 965 966 967 968 969 970 971 972 973 974 975 976 977 978 
979 980 981 982 983 984 985 987 993 994 995 996 997 998 999 1000 1001 1002 1003 1004 1005 1006 1007 1008 1009 1010 1011 1012 1013 1014 1015 1016 1017 1021 1022 1023 1024 1025 1026 1027 
1028 1029 1030 1031 1032 1037 1038 1039 1040 1041 1042 1043 1044 1045 1046 1047 1048 1049 1050 1051 1052 1053 1054 1055 1056 1057 1058 1059 1060 1061 1062 1063 1064 1065 1066 1067 1068 1069 1070 1071 
1072 1073 1074 1075 1076 1077 1078 1079 1080 1081 1082 1083 1084 1085 1086 1087 1088 1089 1090 1091 1092 1093 1094 1095 1096 1097 1098 1099 1100 1101 1102 1103 1104 1105 1106 1107 1108 1109 1110 1111 
1112 1113 1114 1115 1116 1117 1118 1119 1120 1121 1122 1123 1124 1125 1126 1127 1128 1129 1130 1131 1132 1133 1134 1135 1136 1137 1138 1139 1140 1141 1142 1143 1144 1145 1146 1147 1148 1149 1150 1151 
1152 1153 1154 1155 1156 1157 1158 1159 1160 1161 1162 1163 1164 1165 1166 1167 1168 1169 1170 1171 1172 1173 1174 1175 1176 1177 1178 1179 1180 1181 1182 1183 1184 1185 1186 1187 1188 1189 1190 1191 
1192 1193 1194 1195 1196 1197 1198 1199 1200 1201 1202 1203 1204 1205 1206 1207 1208 1209 1210 1211 1212 1214 1215 1216 1217 1218 1219 1220 1221 1222 1223 1224 1225 1226 1227 1228 1229 1230 1231 1232 
1233 1234 1235 1236 1237 1238 1239 1240 1241 1242 1243 1244 1245 1246 1247 1248 1249 1250 1251 1252 1253 1254 1255 1256 1257 1258 1259 1260 1261 1262 1263 1264 1265 1266 1267 1268 1269 1270 1271 1272 
1273 1274 1275 1276 1277 1278 1279 1280 1281 1282 1283 1284 1285 1286 1287 1288 1289 1290 1291 1292 1293 1294 1295 1296 1297 1298 1299 1300 1301 1302 1303 1304 1305 1306 1307 1308 1309 1310 1311 1312 
1313 1314 1315 1316 1317 1318 1319 1320 1321 1322 1323 1324 1325 1326 1327 1328 1329 1330 1331 1332 1333 1334 1335 1336 1337 1338 1339 1340 1341 1343 1344 1345 1346 1347 1348 1349 1350 1351 1352 1353 
1354 1355 1356 1357 1358 1359 1360 1361 1362 1363 1364 1365 1366 1367 1368 1369 1370 1371 1372 1373 1374 1375 1376 1377 1378 1379 1380 1381 1382 1383 1384 1385 1386 1387 1388 1389 1390 1391 1392 1393 
1394 1395 1396 1397 1398 1399 1400 1401 1402 1403 1404 1405 1406 1407 1408 1409 1410 1411 1412 1413 1414 1415 1416 1417 1418 1419 1420 1421 1422 1423 1424 1425 1426 1470 1471 1472 1473 1474 1498 1499 
1500 1501 1502 1503 1504 1505 1506 1507 1510 1511 1514 1515 1535 1536 1537 1538 1541 1542 1543 1544 1545 1546 1547 1548 1549 1550 1551 1552 1553 1563 1564 1565 
<DUL>
1000000 1000000 1000000 1000000 1000000 1000000 1000000 1000000 1000000 1000000 1000000 1000000 1000000 1000000 1000000 1000000 1000000 1000000 1000000 1000000 1000000 1000000 1000000 1000000 1000000 1000000 1000000 1000000 1000000 1000000 1000000 1000000 1000000 1000000 1000000 1000000 1000000 1000000 1000000 1000000 
1000000 1000000 1000000 1000000 1000000 1000000 1000000 1000000 1000000 1000000 1000000 1000000 1000000 1000000 1000000 1000000 1000000 1000000 1000000 1000000 1000000 1000000 1000000 1000000 1000000 1000000 1000000 1000000 1000000 1000000 1000000 1000000 1000000 1000000 1000000 1000000 1000000 1000000 1000000 1000000 
1000000 1000000 1000000 1000000 1000000 1000000 1000000 1000000 1000000 1000000 1000000 1000000 1000000 1000000 1000000 1000000 1000000 1000000 1000000 1000000 1000000 1000000 1000000 1000000 1000000 1000000 1000000 1000000 1000000 1000000 1000000 1000000 1000000 1000000 1000000 1000000 1000000 1000000 1000000 1000000 
1000000 1000000 1000000 1000000 1000000 1000000 1000000 1000000 1000000 1000000 1000000 1000000 1000000 1000000 1000000 1000000 1000000 1000000 1000000 1000000 1000000 1000000 1000000 1000000 1000000 1000000 1000000 1000000 1000000 1000000 1000000 1000000 1000000 1000000 1000000 1000000 1000000 1000000 1000000 1000000 
1000000 1000000 1000000 1000000 1000000 1000000 1000000 1000000 1000000 1000000 1000000 1000000 1000000 1000000 1000000 1000000 1000000 1000000 1000000 1000000 1000000 1000000 1000000 1000000 1000000 1000000 1000000 1000000 1000000 1000000 1000000 1000000 1000000 1000000 1000000 1000000 1000000 1000000 1000000 1000000 
1000000 1000000 1000000 1000000 1000000 1000000 1000000 1000000 1000000 1000000 1000000 1000000 1000000 1000000 1000000 1000000 1000000 1000000 1000000 1000000 1000000 1000000 1000000 1000000 1000000 1000000 1000000 1000000 1000000 1000000 1000000 1000000 1000000 1000000 1000000 1000000 1000000 1000000 1000000 1000000 
1000000 1000000 1000000 1000000 1000000 1000000 1000000 1000000 1000000 1000000 1000000 1000000 1000000 1000000 1000000 1000000 1000000 1000000 1000000 1000000 1000000 1000000 1000000 1000000 1000000 1000000 1000000 1000000 1000000 1000000 1000000 1000000 1000000 1000000 1000000 1000000 1000000 1000000 1000000 1000000 
1000000 1000000 1000000 1000000 1000000 1000000 1000000 1000000 1000000 1000000 1000000 1000000 1000000 1000000 1000000 1000000 1000000 1000000 1000000 1000000 1000000 1000000 1000000 1000000 1000000 1000000 1000000 1000000 1000000 1000000 1000000 1000000 1000000 1000000 1000000 1000000 1000000 1000000 1000000 1000000 
1000000 1000000 1000000 1000000 1000000 1000000 1000000 1000000 1000000 1000000 1000000 1000000 1000000 1000000 1000000 1000000 1000000 1000000 1000000 1000000 1000000 1000000 1000000 1000000 1000000 1000000 1000000 1000000 1000000 1000000 1000000 1000000 1000000 1000000 1000000 1000000 1000000 1000000 1000000 1000000 
1000000 1000000 1000000 1000000 1000000 1000000 1000000 1000000 1000000 1000000 1000000 1000000 1000000 1000000 1000000 1000000 1000000 1000000 1000000 1000000 1000000 1000000 1000000 1000000 1000000 1000000 1000000 1000000 1000000 1000000 1000000 1000000 1000000 1000000 1000000 1000000 1000000 1000000 1000000 1000000 
1000000 1000000 1000000 1000000 1000000 1000000 1000000 1000000 1000000 1000000 1000000 1000000 1000000 1000000 1000000 1000000 1000000 1000000 1000000 1000000 1000000 1000000 1000000 1000000 1000000 1000000 1000000 1000000 1000000 1000000 1000000 1000000 1000000 1000000 1000000 1000000 1000000 1000000 1000000 1000000 
1000000 1000000 1000000 1000000 1000000 1000000 1000000 1000000 1000000 1000000 1000000 1000000 1000000 1000000 1000000 1000000 1000000 1000000 1000000 1000000 1000000 1000000 1000000 1000000 1000000 1000000 1000000 1000000 1000000 1000000 1000000 1000000 1000000 1000000 1000000 1000000 1000000 1000000 1000000 1000000 
1000000 1000000 1000000 1000000 1000000 1000000 1000000 1000000 1000000 1000000 1000000 1000000 1000000 1000000 1000000 1000000 1000000 1000000 1000000 1000000 1000000 1000000 1000000 1000000 1000000 1000000 1000000 1000000 1000000 1000000 1000000 1000000 1000000 1000000 1000000 1000000 1000000 1000000 1000000 1000000 
1000000 1000000 1000000 1000000 1000000 1000000 1000000 1000000 1000000 1000000 1000000 1000000 1000000 1000000 1000000 1000000 1000000 1000000 1000000 1000000 1000000 1000000 1000000 1000000 1000000 1000000 1000000 1000000 1000000 1000000 1000000 1000000 1000000 1000000 1000000 1000000 1000000 1000000 1000000 1000000 
1000000 1000000 1000000 1000000 1000000 1000000 1000000 1000000 1000000 1000000 1000000 1000000 1000000 1000000 1000000 1000000 1000000 1000000 1000000 1000000 1000000 1000000 1000000 1000000 1000000 1000000 1000000 1000000 1000000 1000000 1000000 1000000 1000000 1000000 1000000 1000000 1000000 1000000 1000000 1000000 
1000000 1000000 1000000 1000000 1000000 1000000 1000000 1000000 1000000 1000000 1000000 1000000 1000000 1000000 1000000 1000000 1000000 1000000 1000000 1000000 1000000 1000000 1000000 1000000 1000000 1000000 1000000 1000000 1000000 1000000 1000000 1000000 1000000 1000000 1000000 1000000 1000000 1000000 1000000 1000000 
1000000 1000000 1000000 1000000 1000000 1000000 1000000 1000000 1000000 1000000 1000000 1000000 1000000 1000000 1000000 1000000 1000000 1000000 1000000 1000000 1000000 1000000 1000000 1000000 1000000 1000000 1000000 1000000 1000000 1000000 1000000 1000000 1000000 1000000 1000000 1000000 1000000 1000000 1000000 1000000 
1000000 1000000 1000000 1000000 1000000 1000000 1000000 1000000 1000000 1000000 1000000 1000000 1000000 1000000 1000000 1000000 1000000 1000000 1000000 1000000 1000000 1000000 1000000 1000000 1000000 1000000 1000000 1000000 1000000 1000000 1000000 1000000 1000000 1000000 1000000 1000000 1000000 1000000 1000000 1000000 
1000000 1000000 1000000 1000000 1000000 1000000 1000000 1000000 1000000 1000000 1000000 1000000 1000000 1000000 1000000 1000000 1000000 1000000 1000000 1000000 1000000 1000000 1000000 1000000 1000000 1000000 1000000 1000000 1000000 1000000 1000000 1000000 1000000 1000000 1000000 1000000 1000000 1000000 1000000 1000000 
1000000 1000000 1000000 1000000 1000000 1000000 1000000 1000000 1000000 1000000 1000000 1000000 1000000 1000000 1000000 1000000 1000000 1000000 1000000 1000000 1000000 1000000 1000000 1000000 1000000 1000000 1000000 1000000 1000000 1000000 1000000 1000000 1000000 1000000 1000000 1000000 1000000 1000000 1000000 1000000 
1000000 1000000 1000000 1000000 1000000 1000000 1000000 1000000 1000000 1000000 1000000 1000000 1000000 1000000 1000000 1000000 1000000 1000000 1000000 1000000 1000000 1000000 1000000 1000000 1000000 1000000 1000000 1000000 1000000 1000000 1000000 1000000 1000000 1000000 1000000 1000000 1000000 1000000 1000000 1000000 
1000000 1000000 1000000 1000000 1000000 1000000 1000000 1000000 1000000 1000000 1000000 1000000 1000000 1000000 1000000 1000000 1000000 1000000 1000000 1000000 1000000 1000000 1000000 1000000 1000000 1000000 1000000 1000000 1000000 1000000 1000000 1000000 1000000 1000000 1000000 1000000 1000000 1000000 1000000 1000000 
1000000 1000000 1000000 1000000 1000000 1000000 1000000 1000000 1000000 1000000 1000000 1000000 1000000 1000000 1000000 1000000 1000000 1000000 1000000 1000000 1000000 1000000 1000000 1000000 1000000 1000000 1000000 1000000 1000000 1000000 1000000 1000000 1000000 1000000 1000000 1000000 1000000 1000000 1000000 1000000 
1000000 1000000 1000000 1000000 1000000 1000000 1000000 1000000 1000000 1000000 1000000 1000000 1000000 1000000 1000000 1000000 1000000 1000000 1000000 1000000 1000000 1000000 1000000 1000000 1000000 1000000 1000000 1000000 1000000 1000000 1000000 1000000 1000000 1000000 1000000 1000000 1000000 1000000 1000000 1000000 
1000000 1000000 1000000 1000000 1000000 1000000 1000000 1000000 1000000 1000000 1000000 1000000 1000000 1000000 1000000 1000000 1000000 1000000 1000000 1000000 1000000 1000000 1000000 1000000 1000000 1000000 1000000 1000000 1000000 1000000 1000000 1000000 1000000 1000000 1000000 1000000 1000000 1000000 1000000 1000000 
1000000 1000000 1000000 1000000 1000000 1000000 1000000 1000000 1000000 1000000 1000000 1000000 1000000 1000000 1000000 1000000 1000000 1000000 1000000 1000000 1000000 1000000 1000000 1000000 1000000 1000000 1000000 1000000 1000000 1000000 1000000 1000000 1000000 1000000 1000000 1000000 1000000 1000000 1000000 1000000 
1000000 1000000 1000000 1000000 1000000 1000000 1000000 1000000 1000000 1000000 1000000 1000000 1000000 1000000 1000000 1000000 1000000 1000000 1000000 1000000 1000000 1000000 1000000 1000000 1000000 1000000 1000000 1000000 1000000 1000000 1000000 1000000 1000000 1000000 1000000 1000000 1000000 1000000 1000000 1000000 
1000000 1000000 1000000 1000000 1000000 1000000 1000000 1000000 1000000 1000000 1000000 1000000 1000000 1000000 1000000 1000000 1000000 1000000 1000000 1000000 1000000 1000000 1000000 1000000 1000000 1000000 1000000 1000000 1000000 1000000 1000000 1000000 1000000 1000000 1000000 1000000 1000000 1000000 1000000 1000000 
1000000 1000000 1000000 1000000 1000000 1000000 1000000 1000000 1000000 1000000 1000000 1000000 1000000 1000000 1000000 1000000 1000000 1000000 1000000 1000000 1000000 1000000 1000000 1000000 1000000 1000000 1000000 1000000 1000000 1000000 1000000 1000000 1000000 1000000 1000000 1000000 1000000 1000000 1000000 1000000 
1000000 1000000 1000000 1000000 1000000 1000000 1000000 1000000 1000000 1000000 1000000 1000000 1000000 1000000 1000000 1000000 1000000 1000000 1000000 1000000 1000000 1000000 1000000 1000000 1000000 1000000 1000000 1000000 1000000 1000000 1000000 1000000 1000000 1000000 1000000 1000000 1000000 1000000 1000000 1000000 
1000000 1000000 1000000 1000000 1000000 1000000 1000000 1000000 1000000 1000000 1000000 1000000 1000000 1000000 1000000 1000000 1000000 1000000 1000000 1000000 1000000 1000000 1000000 1000000 1000000 1000000 1000000 1000000 1000000 1000000 1000000 1000000 1000000 1000000 1000000 1000000 1000000 1000000 1000000 1000000 
1000000 1000000 1000000 1000000 1000000 1000000 1000000 1000000 1000000 1000000 1000000 1000000 1000000 1000000 1000000 1000000 1000000 1000000 1000000 1000000 1000000 1000000 1000000 1000000 1000000 1000000 1000000 1000000 1000000 1000000 1000000 1000000 1000000 1000000 1000000 1000000 1000000 1000000 1000000 1000000 
1000000 1000000 1000000 1000000 1000000 1000000 1000000 1000000 1000000 1000000 1000000 1000000 1000000 1000000 1000000 1000000 1000000 1000000 1000000 1000000 1000000 1000000 1000000 1000000 1000000 1000000 1000000 1000000 1000000 1000000 1000000 1000000 1000000 1000000 1000000 1000000 1000000 1000000 1000000 1000000 
1000000 1000000 1000000 1000000 1000000 1000000 1000000 1000000 1000000 1000000 1000000 1000000 1000000 1000000 1000000 1000000 1000000 1000000 1000000 1000000 1000000 1000000 1000000 1000000 1000000 1000000 1000000 1000000 1000000 1000000 1000000 1000000 1000000 1000000 1000000 1000000 1000000 1000000 1000000 1000000 
1000000 1000000 1000000 1000000 1000000 1000000 1000000 1000000 1000000 1000000 1000000 1000000 1000000 1000000 1000000 1000000 1000000 1000000 1000000 1000000 1000000 1000000 1000000 1000000 1000000 1000000 1000000 1000000 1000000 1000000 1000000 1000000 
<DLL>
0 0 0 0 0 0 0 0 0 0 0 0 0 0 0 0 0 0 0 0 0 0 0 0 0 0 0 0 0 0 0 0 0 0 0 0 0 0 0 0 
0 0 0 0 0 0 0 0 0 0 0 0 0 0 0 0 0 0 0 0 0 0 0 0 0 0 0 0 0 0 0 0 0 0 0 0 0 0 0 0 
0 0 0 0 0 0 0 0 0 0 0 0 0 0 0 0 0 0 0 0 0 0 0 0 0 0 0 0 0 0 0 0 0 0 0 0 0 0 0 0 
0 0 0 0 0 0 0 0 0 0 0 0 0 0 0 0 0 0 0 0 0 0 0 0 0 0 0 0 0 0 0 0 0 0 0 0 0 0 0 0 
0 0 0 0 0 0 0 0 0 0 0 0 0 0 0 0 0 0 0 0 0 0 0 0 0 0 0 0 0 0 0 0 0 0 0 0 0 0 0 0 
0 0 0 0 0 0 0 0 0 0 0 0 0 0 0 0 0 0 0 0 0 0 0 0 0 0 0 0 0 0 0 0 0 0 0 0 0 0 0 0 
0 0 0 0 0 0 0 0 0 0 0 0 0 0 0 0 0 0 0 0 0 0 0 0 0 0 0 0 0 0 0 0 0 0 0 0 0 0 0 0 
0 0 0 0 0 0 0 0 0 0 0 0 0 0 0 0 0 0 0 0 0 0 0 0 0 0 0 0 0 0 0 0 0 0 0 0 0 0 0 0 
0 0 0 0 0 0 0 0 0 0 0 0 0 0 0 0 0 0 0 0 0 0 0 0 0 0 0 0 0 0 0 0 0 0 0 0 0 0 0 0 
0 0 0 0 0 0 0 0 0 0 0 0 0 0 0 0 0 0 0 0 0 0 0 0 0 0 0 0 0 0 0 0 0 0 0 0 0 0 0 0 
0 0 0 0 0 0 0 0 0 0 0 0 0 0 0 0 0 0 0 0 0 0 0 0 0 0 0 0 0 0 0 0 0 0 0 0 0 0 0 0 
0 0 0 0 0 0 0 0 0 0 0 0 0 0 0 0 0 0 0 0 0 0 0 0 0 0 0 0 0 0 0 0 0 0 0 0 0 0 0 0 
0 0 0 0 0 0 0 0 0 0 0 0 0 0 0 0 0 0 0 0 0 0 0 0 0 0 0 0 0 0 0 0 0 0 0 0 0 0 0 0 
0 0 0 0 0 0 0 0 0 0 0 0 0 0 0 0 0 0 0 0 0 0 0 0 0 0 0 0 0 0 0 0 0 0 0 0 0 0 0 0 
0 0 0 0 0 0 0 0 0 0 0 0 0 0 0 0 0 0 0 0 0 0 0 0 0 0 0 0 0 0 0 0 0 0 0 0 0 0 0 0 
0 0 0 0 0 0 0 0 0 0 0 0 0 0 0 0 0 0 0 0 0 0 0 0 0 0 0 0 0 0 0 0 0 0 0 0 0 0 0 0 
0 0 0 0 0 0 0 0 0 0 0 0 0 0 0 0 0 0 0 0 0 0 0 0 0 0 0 0 0 0 0 0 0 0 0 0 0 0 0 0 
0 0 0 0 0 0 0 0 0 0 0 0 0 0 0 0 0 0 0 0 0 0 0 0 0 0 0 0 0 0 0 0 0 0 0 0 0 0 0 0 
0 0 0 0 0 0 0 0 0 0 0 0 0 0 0 0 0 0 0 0 0 0 0 0 0 0 0 0 0 0 0 0 0 0 0 0 0 0 0 0 
0 0 0 0 0 0 0 0 0 0 0 0 0 0 0 0 0 0 0 0 0 0 0 0 0 0 0 0 0 0 0 0 0 0 0 0 0 0 0 0 
0 0 0 0 0 0 0 0 0 0 0 0 0 0 0 0 0 0 0 0 0 0 0 0 0 0 0 0 0 0 0 0 0 0 0 0 0 0 0 0 
0 0 0 0 0 0 0 0 0 0 0 0 0 0 0 0 0 0 0 0 0 0 0 0 0 0 0 0 0 0 0 0 0 0 0 0 0 0 0 0 
0 0 0 0 0 0 0 0 0 0 0 0 0 0 0 0 0 0 0 0 0 0 0 0 0 0 0 0 0 0 0 0 0 0 0 0 0 0 0 0 
0 0 0 0 0 0 0 0 0 0 0 0 0 0 0 0 0 0 0 0 0 0 0 0 0 0 0 0 0 0 0 0 0 0 0 0 0 0 0 0 
0 0 0 0 0 0 0 0 0 0 0 0 0 0 0 0 0 0 0 0 0 0 0 0 0 0 0 0 0 0 0 0 0 0 0 0 0 0 0 0 
0 0 0 0 0 0 0 0 0 0 0 0 0 0 0 0 0 0 0 0 0 0 0 0 0 0 0 0 0 0 0 0 0 0 0 0 0 0 0 0 
0 0 0 0 0 0 0 0 0 0 0 0 0 0 0 0 0 0 0 0 0 0 0 0 0 0 0 0 0 0 0 0 0 0 0 0 0 0 0 0 
0 0 0 0 0 0 0 0 0 0 0 0 0 0 0 0 0 0 0 0 0 0 0 0 0 0 0 0 0 0 0 0 0 0 0 0 0 0 0 0 
0 0 0 0 0 0 0 0 0 0 0 0 0 0 0 0 0 0 0 0 0 0 0 0 0 0 0 0 0 0 0 0 0 0 0 0 0 0 0 0 
0 0 0 0 0 0 0 0 0 0 0 0 0 0 0 0 0 0 0 0 0 0 0 0 0 0 0 0 0 0 0 0 0 0 0 0 0 0 0 0 
0 0 0 0 0 0 0 0 0 0 0 0 0 0 0 0 0 0 0 0 0 0 0 0 0 0 0 0 0 0 0 0 0 0 0 0 0 0 0 0 
0 0 0 0 0 0 0 0 0 0 0 0 0 0 0 0 0 0 0 0 0 0 0 0 0 0 0 0 0 0 0 0 0 0 0 0 0 0 0 0 
0 0 0 0 0 0 0 0 0 0 0 0 0 0 0 0 0 0 0 0 0 0 0 0 0 0 0 0 0 0 0 0 0 0 0 0 0 0 0 0 
0 0 0 0 0 0 0 0 0 0 0 0 0 0 0 0 0 0 0 0 0 0 0 0 0 0 0 0 0 0 0 0 0 0 0 0 0 0 0 0 
0 0 0 0 0 0 0 0 0 0 0 0 0 0 0 0 0 0 0 0 0 0 0 0 0 0 0 0 0 0 0 0 
<Vol>
0 0 -0.795868054956141 -1.84495022009415 -3.68990044018831 -5.53485051127085 -3.61822823042601 1.4076727287207 0.469224640271197 0 0 -4.44383445258219 -0.422968351917543 0 0 0 0 0 0 -8.7131557593376 -13.0697336390064 -4.18685547648102 -0.795868054956141 -1.59173610991228 -2.38760654905422 -3.18347221982457 -1.84495022009415 -3.61822942251891 -0.174513145826776 -0.0872565729133878 0 0 0 0 0.938449280542395 0.469224640271197 -4.65056754962349 -0.261769718740164 -0.422968351917543 0 
-13.0697336390064 0 0 -50.591974405709 -8.03792228238695 -9.8828725024811 -11.7278227225753 -13.5727729426694 -15.4177231627636 -17.2626733828577 -5.25452471890135 -4.78530007863015 -4.31607663045185 -65.4934762608052 -11.4474987183451 -16.7020222451536 -5.72374935917255 -6.33626152283929 -7.41799743270756 -8.65043638320464 -7.03891070327884 -6.61594235136129 -3.85609143402076 0 -8.37371095296204 -12.5605652373502 -4.18685547648102 0 0 -0.795868054956141 -1.59173610991228 -1.84495022009415 -3.68990044018831 0.595351300296465 0 0 -3.61822823042601 -3.61822942251891 5.29125802943617 2.64562901471808 
0 -8.37371095296204 -12.5605652373502 -4.18685547648102 0.938449280542395 1.4076727287207 0.469224640271197 0.938449280542395 0.469224640271197 0 0 0 -4.44383445258219 -0.845936703835086 -0.422968351917543 1.57366914926678 0 -0.469224640271197 0 -86.8046996579455 -21.7011749144864 -43.4023498289727 -65.1035247434591 -129.760573029307 -166.835022466252 0 0.469224640271197 0 0 -4.18685547648102 -1.84495022009415 0.595351300296465 -3.61822823042601 -3.61822942251891 0.469224640271197 -8.52327325450985 -0.422968351917543 -12.5605652373502 -12.5605652373502 0 
-0.812323812610027 -4.3565778796688 0.12612606397882 -9.20685521898895 -18.8258610709688 0.34717663658502 0.52076376278464 0.642812958563712 -18.8258610709688 -4.9517164387309 -0.764860962249885 0.34717663658502 0.52076376278464 0.642812958563712 -18.8258610709688 -2.60981162937887 -0.169510257999868 -0.764860962249885 -0.764860962249885 -4.38309038476879 -4.38309038476879 -0.764860962249885 0.694353273170041 0.0515403146063242 0.17358831829251 -0.295636352246671 -0.764860962249885 -0.764860962249885 -9.28813540885263 0.694353273170041 -1.18782961219065 -0.764860962249885 0.808808187016896 58.0135925602436 0.694353273170041 -14.0902895460357 -13.3254273916929 1.28562591712742 0.52076376278464 2.05048330309863 
0 -8.37371095296204 -4.18685547648102 -0.795868054956141 -1.59173610991228 -2.38760654905422 -3.18347221982457 0.595351300296465 -3.61822823042601 -3.61822942251891 -0.174513145826776 -0.261769718740164 -0.349026291653551 -0.0872565729133878 0.938449280542395 1.4076727287207 1.87689856108479 0.469224640271197 0.469224640271197 -0.174513145826776 -0.845936703835086 -0.422968351917543 0 -1.84495022009415 -4.44383445258219 -0.422968351917543 0 16.9901317199767 48.2318138362904 0 -8.37371095296204 -12.5605652373502 -4.18685547648102 -0.795868054956141 -1.59173610991228 -1.84495022009415 -3.68990044018831 0.595351300296465 -3.61822823042601 -3.61822942251891 
5.29125802943617 2.64562901471808 0.938449280542395 1.4076727287207 0.469224640271197 -4.44383445258219 -0.845936703835086 -0.422968351917543 1.57366914926678 0 -9.20685521898895 16.9901317199767 33.9802634399534 50.9703951599302 67.9605268799069 -3.16395019601388 -9.20685521898895 27.3817708158997 41.1254879985824 20.5627439992912 37.074449436945 55.6116741554175 74.14889887389 18.5372247184725 74.14889887389 18.5372247184725 -3.19205871309817 13.456031596584 -29399.7665144369 -22068.3621105462 -22068.3621105462 -29382.776382717 -22051.3719788262 -22034.3818471062 -22071.5260607422 -22074.6900109382 -22077.8539611342 -22066.6003400927 -22066.6003400927 -18.5372247184725 
0 -1.54709299849577 -29381.2292897185 -22049.8248858277 -22031.2876611092 -22012.7504363908 -21994.2132116723 -44099.6497716554 -66130.9374327647 -21999.4321845165 -21969.0168610167 -22024.6285351721 -22015.8446223878 -22010.9886659373 -22009.2268954838 -22010.9886659373 -21990.6896707653 -22010.9886659373 -22054.9060789496 0 0 0 0 0 0 1.19070260059293 0.595351300296465 -4.48084484841248 -3.18347221982457 -0.795868054956141 -0.795868054956141 -1.59173610991228 -1.59173610991228 -2.38760654905422 0.595351300296465 -7.23645646085203 -7.23645646085203 -7.23645884503781 -3.61822823042601 -3.61822823042601 
-3.61822942251891 -7.23645646085203 -7.23645884503782 -0.174513145826776 -0.0872565729133878 0.938449280542395 0.938449280542395 1.4076727287207 1.87689856108479 0.938449280542395 0.469224640271197 1.87689856108479 0.469224640271197 0.469224640271197 -0.261769718740164 -0.422968351917543 0 -8.37371095296204 -4.18685547648102 -1.84495022009415 -3.68990044018831 -3.6182306146118 0.938449280542395 1.4076727287207 1.87689856108479 0.469224640271197 -0.845936703835086 -0.422968351917543 1.57366914926678 -3.16395019601388 -24.5149706636217 -41.7505211462791 -41.7505211462791 -41.7505211462791 -30.8899879474548 -28.4054378691553 -1.07527037473531 -17.3110882909779 -1.67062003590404 -3.06183894412182 
-5.54638991649102 -6.34225767342394 -7.1381260264033 -7.93399527345234 -41.7505211462791 -4.11092006617854 -6.59547252866387 -8.44042200369996 -15.60520536072 -5.88420001366136 -5.88420001366136 -2.68893894305999 -5.17348902135953 -2.26597059114245 -2.26597059114245 -2.26597059114245 -1.32752131060005 -3.81207168692281 -3.34284674862839 -0.858295478235958 -2.87362210835719 -8.56259205834157 -12.3746634472412 -1.79674595087125 -4.28129602917079 -8.4681515056518 -8.36875009196089 -2.35322716405584 -13.6381895746064 -9.19435512202417 -5.59645796932352 -3.11190729497754 -2.68893894305999 -5.17349021345242 -4.75052066944198 -3.1768515201752 0 0 0 0 
-74.14889887389 -4.3565778796688 25.1963506556126 0 0 0 0 0 -16.7754542649691 -16.7754542649691 -1.84495022009415 -3.68990044018831 -28.4054378691553 -28.4054378691553 1.4076727287207 0 0 -2.34612677763465 -2.34612677763465 -2.34612677763465 0 0 27.3817708158997 44.3817712927368 -7.70568408135546 1.76177045350343 0 0 -0.0872565729133878 20.5627439992912 -0.892192992188741 -0.422968351917543 0 0 0 0 0 0 0 0 
0.595351300296465 -0.795868054956141 -1.59173610991228 -2.38760416486842 -3.18347221982457 0.595351300296465 -3.61822942251891 -0.174513145826776 0 0.469224640271197 0.938449280542395 1.4076727287207 0.469224640271197 1.06457534452121 -0.326644606777839 -3.61822942251891 -0.174513145826776 -0.174513145826776 -0.845936703835086 -0.422968351917543 0 -8.37371095296204 -4.18685547648102 -1.84495022009415 -3.68990044018831 -3.6182306146118 0.938449280542395 1.4076727287207 1.87689856108479 0.469224640271197 -0.845936703835086 -0.422968351917543 1.57366914926678 0 0 0 1.4076727287207 10.0845177133137 -3.17033748374074 -29.8734699547145 
-27.388919876415 1.61186869699029 -2.60171321791798 -2.60171202582508 1.48574322905792 -7.50675585781602 0.593550236869178 0 -1.84495022009415 -3.61822823042601 -3.61822942251891 0.469224640271197 -8.52327325450985 -0.422968351917543 -23.6644547179417 -23.6644547179417 -6.30731028406813 -2.12045361549422 -3.9654054747161 -1.5251041033371 -2.12045361549422 -2.12045361549422 -5.73868363405957 -5.73868423010602 -1.65122986929269 -2.12045361549422 -2.12045361549422 -10.6437292541899 -2.54342315950466 -2.12045361549422 -0.546784466227437 -1.31000026656944 -16.8014772367102 -14.6810212370302 0 0 -4.18685547648102 -0.795868054956141 -0.795868054956141 -1.84495022009415 
-1.84495022009415 -3.68990044018831 -5.53485051127085 0.595351300296465 0.938449280542395 0.938449280542395 1.4076727287207 1.87689856108479 0.469224640271197 0.469224640271197 -1.37572602685779 -0.422968351917543 0 0 2.47591257199477 0.426896747557948 18.557896551101 25.3636312134657 31.6456299683924 0.285756132188721 0.285756132188721 -2.79409923175873 -0.452194124383475 1.98810635292586 -2.22547317779662 -2.22547347581984 1.86198088499349 -7.13051820188045 0.969787892804748 -2.34612677763465 0 0.469224640271197 0.938449280542395 1.4076727287207 0 -17.4263115186752 -21.782889398344 -8.37371095296204 -4.18685547648102 0 
0 -0.795868054956141 -1.84495022009415 0 0.595351300296465 0 0 -7.70568408135546 -3.61822942251891 -0.174513145826776 -0.0872565729133878 0.853793495115895 1.28069024267384 1.70758699023179 2.13448373778974 2.56138048534769 0.426896747557948 2.64562901471808 0.938449280542395 1.4076727287207 0.469224640271197 1.87689856108479 0.469224640271197 0 0 -7.70568408135546 -8.88766890516438 -13.3315033577466 -4.44383445258219 -0.422968351917543 -11.528501216779 -5.7642506083895 0 1.57366914926678 0 0 -8.37371095296204 -12.5605652373502 -16.7474219059241 -20.9342761903122 
-4.18685547648102 -0.795868054956141 -0.795868054956141 -1.59173610991228 -1.84495022009415 -1.84495022009415 -3.68990044018831 -3.68990044018831 0 2.64562901471808 0 0 -25.1211304747003 -8.37371095296204 -8.37371095296204 -12.5605652373502 -12.5605652373502 -4.18685547648102 -4.18685547648102 -2.77917917148163 -7.90448571664439 -3.24840500384573 -3.71763083620982 0 -0.795868054956141 -1.84495022009415 -1.84495022009415 -3.68990044018831 -3.68990044018831 0.938449280542395 0.938449280542395 1.4076727287207 1.4076727287207 1.87689856108479 0.469224640271197 0.469224640271197 2.12914949694953 -2.30995810748913 -7.23645884503781 -3.61822823042601 
-3.61822823042601 -3.61822942251891 -3.61822942251891 1.4076727287207 1.4076727287207 0.938449280542395 2.3461196250773 0.469224640271197 0.938449280542395 0.938449280542395 1.4076727287207 1.87689856108479 0.469224640271197 0 0 -4.44383445258219 -0.845936703835086 -0.422968351917543 -0.422968351917543 1.57366914926678 1.57366914926678 0 0 0 -8.88766890516438 -13.3315033577466 -4.44383445258219 -0.845936703835086 -0.845936703835086 -0.422968351917543 -0.422968351917543 1.57366914926678 1.57366914926678 0.938449280542395 0 -7.70568408135546 -39.1242740403375 0 -0.469224640271197 -2.31417486036535 
-4.1591250804595 -6.00407530055366 0.938449280542395 1.4076727287207 0.469224640271197 0 0.469224640271197 0.938449280542395 1.40767392081359 -1.31516134410628 -1.73812969602383 -0.892192992188741 0 0 0 0 -8.37371095296204 -4.18685547648102 -4.98272353143716 -4.48084484841248 -0.795868054956141 -1.59173610991228 -2.38760654905422 -3.18347221982457 0.595351300296465 -7.23645884503781 -3.61822823042601 -3.61822942251891 -0.174513145826776 0.938449280542395 1.4076727287207 0.469224640271197 1.87689856108479 1.87689856108479 3.75379712216958 0.469224640271197 -0.174513145826776 -0.845936703835086 -0.422968351917543 8.86099994182587 
0 -0.795868054956141 -1.59173610991228 -2.38760416486842 -3.18347221982457 0.853793495115895 1.28069024267384 1.70758699023179 0.426896747557948 0.938449280542395 1.4076727287207 0.469224640271197 0 0 0 0 -0.795868054956141 -1.59173610991228 -2.38760654905422 0 0 5.29125802943617 7.93689181252583 2.64562901471808 0 0.469223448178298 0.938449280542395 1.87690094527058 -0.469225236317645 2.06096075018348 -0.845936703835086 -1.26890505575263 0 -0.422968351917543 0 0 -8.37371095296204 -12.5605652373502 -16.7474219059241 -20.9342761903122 
-4.18685547648102 -2.77917917148163 0 -0.795868054956141 -0.795868054956141 -1.84495022009415 -1.84495022009415 -3.68990044018831 -3.68990044018831 0 -3.61822823042601 -3.6182306146118 2.64562901471808 0 0 -25.1211304747003 -8.37371095296204 -8.37371095296204 -12.5605652373502 -12.5605652373502 -4.18685547648102 -4.18685547648102 -0.795868054956141 -1.59173610991228 -1.84495022009415 -3.68990044018831 0.938449280542395 0.938449280542395 1.4076727287207 1.4076727287207 1.87689856108479 0.469224640271197 0.469224640271197 -7.23645646085203 -3.61822823042601 -3.61822942251891 0.938449280542395 0.938449280542395 1.4076727287207 0.469224640271197 
0.469224640271197 -8.52327325450985 -0.845936703835086 -0.422968351917543 -0.422968351917543 1.57366914926678 1.57366914926678 0 0 0 0 0 0 -4.44383445258219 -0.845936703835086 -0.845936703835086 -0.422968351917543 -0.422968351917543 1.57366914926678 1.57366914926678 0 -4.18685547648102 -1.84495022009415 0.595351300296465 0.469224640271197 -0.422968351917543 0 -0.0872565729133878 -4.44383445258219 -3.19205871309817 -0.892192992188741 13.456031596584 0 0 -5.7642506083895 0 0 0 0 0 
-3.97484792179827 58.2058825234613 7.4706269322356 1.57366914926678 0.810453348924778 0 -8.37371095296204 -4.18685547648102 -1.84495022009415 -3.68990044018831 -3.6182306146118 0.938449280542395 1.4076727287207 1.87689856108479 0.938449280542395 2.3461196250773 0.469224640271197 -0.845936703835086 -0.422968351917543 1.57366914926678 0 0 0 0 0 -0.795868054956141 -0.795868054956141 -1.59173610991228 -1.59173610991228 -2.38760654905422 -3.18347221982457 -3.18347221982457 -3.97933789059492 -4.77521309810843 -1.84495022009415 -3.68990044018831 -5.53485051127085 -11.0697010225417 -7.23645646085203 -7.23645884503781 
-10.8546882675567 -3.61822823042601 -3.61822942251891 -7.23645884503782 5.29125802943617 2.64562901471808 0.938449280542395 1.4076727287207 1.87689856108479 2.34612320135599 2.81534784162718 1.87689856108479 0.469224640271197 -0.326644606777839 -8.52327325450985 -4.44383445258219 -0.422968351917543 0 0 -4.18685547648102 -1.84495022009415 0.595351300296465 -3.61822823042601 -3.61822942251891 0.469224640271197 -8.52327325450985 -0.422968351917543 -12.5605652373502 -12.5605652373502 0 -4.65608011675221 -4.18685547648102 -5.38701359954786 -6.182881654504 0 -10.3048025588245 -0.938449280542395 0 0.469224640271197 0 
-20.9342761903122 -0.795868054956141 -1.84495022009415 -3.68990044018831 -5.53485051127085 -7.37980088037661 -11.0697010225417 -7.23646122922361 -3.6182306146118 -3.6182306146118 -7.23646122922361 2.8153454574414 4.2230181861621 1.4076727287207 5.29125802943617 2.64562901471808 0.938449280542395 1.87689856108479 0.938449280542395 1.4076727287207 5.63069091488281 3.75379712216958 6.56914257961098 7.03837794871824 0.469224640271197 -8.96168969682496 -4.77483422034394 -5.06882418832186 -5.36281415629976 -17.0414094897162 8.41831327243227 -8.88766890516438 -4.44383445258219 -0.845936703835086 -1.26890624784552 -0.422968351917543 0 0 0.938449280542395 0.469224640271197 
0.938449280542395 1.4076727287207 0.469224640271197 0 -16.7474219059241 -20.9342761903122 -2.77917917148163 -0.795868054956141 -1.84495022009415 -3.68990044018831 -5.53485051127085 -7.37980088037661 -9.22475095145915 -11.0697010225417 -3.61822823042601 0 5.29125802943617 2.64562901471808 0 0 -25.1211304747003 -8.37371095296204 -12.5605652373502 -12.5605652373502 -4.18685547648102 -6.03180554756356 -7.8767556186461 -9.72170568972864 -2.77917917148163 0 0 -0.795868054956141 -1.59173610991228 -1.84495022009415 -3.68990044018831 -5.53485051127085 -7.37980088037661 0.938449280542395 1.4076727287207 1.87689856108479 
0.469224640271197 0 0 0 0 -7.23646122922361 -3.6182306146118 -3.6182306146118 -3.61822942251891 -7.23646122922361 0 0 2.8153454574414 1.4076727287207 2.64562901471808 -25.1211304747003 0.938449280542395 0.469224640271197 1.87689856108479 2.3461196250773 3.28457128980549 3.28457128980549 0.938449280542395 1.4076727287207 1.87689856108479 0.469224640271197 -2.77917917148163 0 0 0 -8.52327325450985 -25.1211304747003 -8.88766890516438 -13.3315033577466 -4.44383445258219 -0.845936703835086 -1.26890624784552 -0.422968351917543 0 0 
1.57366914926678 0 0 0 0 -8.88766890516438 -4.44383445258219 -0.845936703835086 -0.422968351917543 0 -8.37371095296204 -4.18685547648102 -4.18685547648102 -0.795868054956141 -1.59173610991228 -2.38760654905422 -3.18347221982457 0.595351300296465 -7.23645646085203 -7.23645884503781 -10.8546882675567 -3.61822823042601 -3.61822942251891 -7.23645884503782 -12.1415038691216 -0.174513145826776 -0.261769718740164 0.938449280542395 1.4076727287207 1.87689856108479 0.469224640271197 0.469224640271197 -2.67977894988362 -0.174513145826776 -0.845936703835086 -0.422968351917543 0 -16.7474219059241 -0.795868054956141 -1.59173610991228 
-1.84495022009415 -3.68990044018831 -5.53485051127085 -7.37980088037661 -9.22475095145915 -11.0697010225417 5.29125802943617 2.64562901471808 0.938449280542395 1.87689856108479 2.8153454574414 1.87689856108479 4.22302295453367 7.03837794871824 7.50759424433916 3.75379712216958 0.469224640271197 -0.845936703835086 -1.26890624784552 -0.422968351917543 0 -4.47398979631653 0 18.5372247184725 29362.692065 29362.692065 29362.692065 29362.692065 29362.692065 29362.692065 29362.692065 29362.692065 29362.692065 29362.692065 46.560001373291 46.560001373291 267.929992675781 10.2699995040894 28.989999294281 43.1899976730347 
45.3800010681152 25.7299995422363 41.3000011444092 34.1799998283386 34.1799998283386 65.5000019073486 34.1899991035461 57.4200010299683 36.340000629425 56.8200016021729 57.1199989318848 62.1700000762939 25.5900001525879 31.9600009918213 38.0399990081787 33.1800007820129 17.7600002288818 19.539999961853 29.1499996185303 99.3400001525879 168.06999206543 46.560001373291 46.560001373291 88.9599990844727 91.4700031280518 0 12.960000038147 0 0 0 0 45.8099985122681 58.4700012207031 116.429996490479 52.1000003814697 53.1799983978271 57.6700019836426 270.330009460449 251.660003662109 5.29999971389771 
0 0 134.099998474121 251.159992218018 200.020008087158 317.600002288818 317.600002288818 124.750003814697 209.799995422363 172.299995422363 333.400001525879 0 0 0 34.1499996185303 36.9300007820129 37.6300001144409 285.249996185303 0 24.539999961853 133.739995956421 130.950002670288 46.4499998092651 182.630004882812 73.9200019836426 137.980003356934 136.379995346069 135.579996109009 140.319995880127 142.569999694824 149.799995422363 64.3400001525879 145.150003433228 46.9999980926514 242.660007476807 282.600002288818 33.0599999427795 65.8199977874756 83.6499977111816 97.9300022125244 
97.6200008392334 163.880004882812 157.559995651245 159.60000038147 46.0099983215332 53.1500005722046 74.689998626709 58.1599998474121 148.360004425049 39.9000000953674 81.0000038146973 262.819995880127 386.349983215332 247.369995117188 278.050003051758 0 34.300000667572 248.419990539551 29.6700000762939 109.049997329712 29.9300003051758 282.740001678467 292.159996032715 0 0 0 108.420000076294 0 0 18.07000041008 36.1400008201599 36.1400008201599 36.1400008201599 0 0 0 0 0 18.07000041008 108.420000076294 
126.490001678467 0 0 0 0 0 0 0 0 0 0 0 0 0 0 134.860000610352 90.2499961853027 130.39999961853 7.11000025272369 54.8600006103516 91.0099983215332 23.9199995994568 23.4400010108948 12.2200000286102 28.970000743866 27.4799990653992 20.4200005531311 265 254.109992980957 168.06999206543 30.4999995231628 46.560001373291 46.560001373291 88.9599990844727 53.9599990844727 7.03999996185303 103.859996795654 29.3799996376038 65.1900005340576 0 
103.269996643066 44.520001411438 187.150001525879 286.140003204346 17.4899995326996 16.8799996376038 72.519998550415 25.8800005912781 27.7600002288818 69.0500020980835 370.629997253418 30.2699995040894 29.0869998931885 24.4799995422363 34.3600010871887 281.299991607666 20.8200001716614 22.2129988670349 64.4999980926514 185.100002288818 82.5699996948242 21.0820007324219 18.2000005245209 24.5799994468689 23.9400005340576 242.509994506836 29.9399995803833 265.76000213623 680.550003051758 0 48.9400005340576 32.9399991035461 19.32000041008 1.17549435082229e-37 0 28.4200000762939 168.06999206543 28.1299996376038 46.560001373291 40.1900005340576 
42.3299980163574 133.219995498657 138.979997634888 140.670003890991 138.920001983643 132.849998474121 0 0 140.059995651245 134.689998626709 138.75 144.270000457764 147.559995651245 144.270000457764 139.759998321533 139.180002212524 0 0 87.819995880127 138.159999847412 133.78999710083 391.529998779297 129.420003890991 101.510000228882 138.159999847412 92.5500011444092 133.129997253418 130.109996795654 28.0200004577637 0 129.739999771118 83.0200004577637 160.499992370605 303.199996948242 70.5000019073486 142.5 131.579999923706 133.269996643066 138.579998016357 139.689998626709 
141.160001754761 24.6300005912781 80.1900005340576 95.2499961853027 386.180000305176 128.059997558594 185.419998168945 124.429998397827 276.310005187988 279.88000869751 31.0700011253357 46.9500017166138 31.3700008392334 13.2200002670288 16.6100001335144 24.6300005912781 20.0799989700317 66.6400003433228 269.039993286133 256.690006256104 20.6399989128113 30.5599999427795 110.659999847412 149.390001296997 118.129997253418 59.2999982833862 97.3999977111816 132.489995956421 439.51000213623 241.679992675781 228.950004577637 294.839992523193 388.899993896484 24.0199995040894 56.4400005340576 0 231.079998016357 191.609992980957 0 24.0100002288818 
56.4400005340576 46.560001373291 0 0 238.419990539551 202.390003204346 267.929992675781 88.9999961853027 15.5099999904633 16.4199995994568 27.2699999809265 22.6900005340576 50.0099992752075 26.4000010490417 26.4000010490417 285.410003662109 75.5299997329712 24.6199989318848 271.690006256104 58.0800008773804 135.780000686646 39.235999584198 134.340000152588 71.9000005722046 98.4200000762939 238.419990539551 131.269998550415 202.390003204346 64.7300004959106 146.829996109009 21.1500000953674 49.0000009536743 
<Pparc>
1 1 1 1 1 1 1 1 1 1 1 1 1 1 1 1 1 1 1 1 1 1 1 1 1 1 1 1 1 1 1 1 1 1 1 1 1 1 1 1 
1 1 1 1 1 1 1 1 1 1 1 1 1 1 1 1 1 1 1 1 1 1 1 1 1 1 1 1 1 1 1 1 1 1 1 1 1 1 1 1 
1 1 1 1 1 1 1 1 1 1 1 1 1 1 1 1 1 1 1 1 1 1 1 1 1 1 1 1 1 1 1 1 1 1 1 1 1 1 1 1 
1 1 1 1 1 1 1 1 1 1 1 1 1 1 1 1 1 1 1 1 1 1 1 1 1 1 1 1 1 1 1 1 1 1 1 1 1 1 1 1 
1 1 1 1 1 1 1 1 1 1 1 1 1 1 1 1 1 1 1 1 1 1 1 1 1 1 1 1 1 1 1 1 1 1 1 1 1 1 1 1 
1 1 1 1 1 1 1 1 1 1 1 1 1 1 1 1 1 1 1 1 1 1 1 1 1 1 1 1 1 1 1 1 1 1 1 1 1 1 1 1 
1 1 1 1 1 1 1 1 1 1 1 1 1 1 1 1 1 1 1 1 1 1 1 1 1 1 1 1 1 1 1 1 1 1 1 1 1 1 1 1 
1 1 1 1 1 1 1 1 1 1 1 1 1 1 1 1 1 1 1 1 1 1 1 1 1 1 1 1 1 1 1 1 1 1 1 1 1 1 1 1 
1 1 1 1 1 1 1 1 1 1 1 1 1 1 1 1 1 1 1 1 1 1 1 1 1 1 1 1 1 1 1 1 1 1 1 1 1 1 1 1 
1 1 1 1 1 1 1 1 1 1 1 1 1 1 1 1 1 1 1 1 1 1 1 1 1 1 1 1 1 1 1 1 1 1 1 1 1 1 1 1 
1 1 1 1 1 1 1 1 1 1 1 1 1 1 1 1 1 1 1 1 1 1 1 1 1 1 1 1 1 1 1 1 1 1 1 1 1 1 1 1 
1 1 1 1 1 1 1 1 1 1 1 1 1 1 1 1 1 1 1 1 1 1 1 1 1 1 1 1 1 1 1 1 1 1 1 1 1 1 1 1 
1 1 1 1 1 1 1 1 1 1 1 1 1 1 1 1 1 1 1 1 1 1 1 1 1 1 1 1 1 1 1 1 1 1 1 1 1 1 1 1 
1 1 1 1 1 1 1 1 1 1 1 1 1 1 1 1 1 1 1 1 1 1 1 1 1 1 1 1 1 1 1 1 1 1 1 1 1 1 1 1 
1 1 1 1 1 1 1 1 1 1 1 1 1 1 1 1 1 1 1 1 1 1 1 1 1 1 1 1 1 1 1 1 1 1 1 1 1 1 1 1 
1 1 1 1 1 1 1 1 1 1 1 1 1 1 1 1 1 1 1 1 1 1 1 1 1 1 1 1 1 1 1 1 1 1 1 1 1 1 1 1 
1 1 1 1 1 1 1 1 1 1 1 1 1 1 1 1 1 1 1 1 1 1 1 1 1 1 1 1 1 1 1 1 1 1 1 1 1 1 1 1 
1 1 1 1 1 1 1 1 1 1 1 1 1 1 1 1 1 1 1 1 1 1 1 1 1 1 1 1 1 1 1 1 1 1 1 1 1 1 1 1 
1 1 1 1 1 1 1 1 1 1 1 1 1 1 1 1 1 1 1 1 1 1 1 1 1 1 1 1 1 1 1 1 1 1 1 1 1 1 1 1 
1 1 1 1 1 1 1 1 1 1 1 1 1 1 1 1 1 1 1 1 1 1 1 1 1 1 1 1 1 1 1 1 1 1 1 1 1 1 1 1 
1 1 1 1 1 1 1 1 1 1 1 1 1 1 1 1 1 1 1 1 1 1 1 1 1 1 1 1 1 1 1 1 1 1 1 1 1 1 1 1 
1 1 1 1 1 1 1 1 1 1 1 1 1 1 1 1 1 1 1 1 1 1 1 1 1 1 1 1 1 1 1 1 1 1 1 1 1 1 1 1 
1 1 1 1 1 1 1 1 1 1 1 1 1 1 1 1 1 1 1 1 1 1 1 1 1 1 1 1 1 1 1 1 1 1 1 1 1 1 1 1 
1 1 1 1 1 1 1 1 1 1 1 1 1 1 1 1 1 1 1 1 1 1 1 1 1 1 1 1 1 1 1 1 1 1 1 1 1 1 1 1 
1 1 1 1 1 1 1 1 1 1 1 1 1 1 1 1 1 1 1 1 1 1 1 1 1 1 1 1 1 1 1 1 1 1 1 1 1 1 1 1 
1 1 1 1 1 1 1 1 1 1 1 1 1 1 1 1 1 1 1 1 1 1 1 1 1 1 1 1 1 1 1 1 1 1 1 1 1 1 1 1 
1 1 1 1 1 1 1 1 1 1 1 1 1 1 1 1 1 1 1 1 1 1 1 1 1 1 1 1 1 1 1 1 1 1 1 1 1 1 1 1 
1 1 1 1 1 1 1 1 1 1 1 1 1 1 1 1 1 1 1 1 1 1 1 1 1 1 1 1 1 1 1 1 1 1 1 1 1 1 1 1 
1 1 1 1 1 1 1 1 1 1 1 1 1 1 1 1 1 1 1 1 1 1 1 1 1 1 1 1 1 1 1 1 1 1 1 1 1 1 1 1 
1 1 1 1 1 1 1 1 1 1 1 1 1 1 1 1 1 1 1 1 1 1 1 1 1 1 1 1 1 1 1 1 1 1 1 1 1 1 1 1 
1 1 1 1 1 1 1 1 1 1 1 1 1 1 1 1 1 1 1 1 1 1 1 1 1 1 1 1 1 1 1 1 1 1 1 1 1 1 1 1 
1 1 1 1 1 1 1 1 1 1 1 1 1 1 1 1 1 1 1 1 1 1 1 1 1 1 1 1 1 1 1 1 1 1 1 1 1 1 1 1 
1 1 1 1 1 1 1 1 1 1 1 1 1 1 1 1 1 1 1 1 1 1 1 1 1 1 1 1 1 1 1 1 1 1 1 1 1 1 1 1 
1 1 1 1 1 1 1 1 1 1 1 1 1 1 1 1 1 1 1 1 1 1 1 1 1 1 1 1 1 1 1 1 1 1 1 1 1 1 1 1 
1 1 1 1 1 1 1 1 1 1 1 1 1 1 1 1 1 1 1 1 1 1 1 1 1 1 1 1 1 1 1 1 
<MM>
227 416.099700927734 262.45299911499 245.998399734497 264.996799468994 283.995199203491 323.985599040985 278.020698785782 244.006899595261 315.018402099609 403.036804199219 285.08219909668 323.059997558594 107.868202209473 107.868202209473 187.772201538086 267.676200866699 347.580200195312 427.484199523926 159.904602050781 185.922801971436 167.876400947571 143.321201324463 178.774200439453 214.227199554443 249.680198669434 126.86660194397 203.845901250839 174.01200056076 140.940101385117 234.772705078125 361.677207946777 488.58171081543 615.486213684082 141.882001399994 124.875101804733 150.893301725388 313.944201946259 203.928199768066 294.707405090332 
422.835803985596 234.836201667786 250.835201263428 26.9815006256104 45.9799003601074 64.9783000946045 83.9766998291016 102.975099563599 121.973499298096 140.971899032593 60.9952998161316 78.0021994113922 95.0090990066528 894.980295181274 87.9768004417419 148.972100257874 43.988400220871 79.9936995506287 98.9920992851257 81.9851996898651 219.101495742798 123.041498184204 122.087199449539 243 363.016397476196 423.024596214294 303.008198738098 432.099700927734 621.199401855469 278.45299911499 313.90599822998 261.998399734497 280.996799468994 304.016098737717 433.107600927353 623.215201854706 339.985599040985 338.977699041367 367.007997512817 305.003998756409 
274.997999191284 395.01439666748 455.022595405579 335.006197929382 277.013799190521 294.020698785782 260.006899595261 309.011798381805 292.004898786545 331.018402099609 419.036804199219 507.055206298828 301.08219909668 435.119995117188 339.059997558594 338.105698823929 138.917598724365 125.942299127579 142.949198722839 86.803599357605 80.8290989398956 82.8205990791321 84.8120992183685 112.424999237061 155.232998847961 61.8306992053986 78.8375988006592 137.326995849609 216.164594650269 197.335194587708 156.325395584106 198.343094587326 234.312594890594 233.304694890976 154.33389544487 232.296794891357 233.386993408203 724.705487251282 587.378491401672 79.9039993286133 
16.042799949646 26.0181999206543 44.0091991424561 60.0081987380981 40.0779991149902 391.183596611023 465.275394916534 334.098697900772 118.915597915649 100.086197853088 229.177700042725 395.183596611023 469.275394916534 338.098697900772 156.069995880127 59.0763988494873 101.094097852707 231.193500041962 230.185600042343 137.063598155975 136.055698156357 200.033996582031 533.367193222046 474.266494512558 343.089797496796 57.0848987102509 128.0964012146 216.114803314209 135.047798156738 540.367193222046 136.137996673584 183.044998168945 135.183697938919 134.175797939301 528.404897689819 530.207493782043 490.129494667053 273.421394824982 313.499393939972 233.343395709991 
112.414001464844 232.43039894104 172.422200202942 147.867000579834 183.319999694824 218.772998809814 254.225997924805 173.43010020256 209.399600505829 208.39170050621 178.557799816132 211.629698991776 244.701598167419 145.485900640488 146.427800655365 163.434700250626 180.441599845886 241.834902524948 129.420901060104 177.549899816513 304.533996582031 208.473999023438 251 269.998399734497 309.08219909668 347.059997558594 189.099700927734 35.4529991149902 99.4489974975586 247 367.016397476196 427.024596214294 307.008198738098 282.45299911499 317.90599822998 265.998399734497 284.996799468994 308.016098737717 343.985599040985 342.977699041367 
371.007997512817 309.003998756409 281.013799190521 298.020698785782 264.006899595261 305.08219909668 439.119995117188 343.059997558594 342.105698823929 58.9332008361816 118.94139957428 94.3861999511719 129.839199066162 165.292198181152 200.745197296143 77.9316005706787 119.949299573898 154.910899877548 125.076999187469 92.0051000118256 92.9470000267029 109.953899621964 126.960799217224 134.873301267624 303.760401725769 75.9401004314423 171.058197975159 154.993198394775 51.9959983825684 51.9959983825684 131.899997711182 87.4489974975586 87.4489974975586 122.901996612549 70.9943981170654 89.9927978515625 108.99119758606 148.981597423553 147.973697423935 215.984993934631 
115.991996765137 135.445996284485 69.002897977829 69.002897977829 86.0097975730896 103.01669716835 120.023596763611 138.005795955658 224.015593528748 189.019295454025 180.031795501709 129.011096715927 139.908896207809 200.002296209335 296.98789525032 198.994396209717 312.986894845963 197.986496210098 148.055995941162 132.905395507812 63.5460014343262 63.5460014343262 142.383600234985 221.221199035645 300.058797836304 183.562398910522 123.554200172424 140.561099767685 268.903999328613 98.9990005493164 98.9990005493164 134.451999664307 134.451999664307 169.904998779297 124.562100172043 257.517199516296 257.517199516296 255.501399517059 160.531600475311 160.531600475311 
159.523700475693 256.509299516678 256.509299516678 129.689799785614 96.6179006099701 97.5598006248474 97.5598006248474 114.566700220108 131.573599815369 161.105802059174 144.098902463913 258.665602684021 80.5529010295868 80.5529010295868 225.299800395966 159.60599899292 151.964004516602 271.980401992798 211.9722032547 170.962404251099 189.960803985596 248.949603557587 185.977803707123 202.984703302383 219.991602897644 168.970904111862 344.083999633789 248.024002075195 247.06970334053 18.9983997344971 55.8450012207031 55.8450012207031 134.682600021362 213.520198822021 211.954200744629 211.954200744629 175.861398696899 235.869597434998 115.853199958801 91.2980003356934 
91.2980003356934 126.750999450684 162.203998565674 197.656997680664 171.83699798584 74.8434009552002 74.8434009552002 93.8418006896973 346.801798343658 152.830600261688 151.82270026207 152.912898778915 152.912898778915 343.79479932785 183.820900678635 312.804700136185 89.8588004112244 89.8588004112244 106.865700006485 106.865700006485 123.872599601746 145.703801631927 235.562602043152 72.8519008159637 72.8519008159637 132.860099554062 150.814800262451 87.9090003967285 172.009399414062 113.927200317383 247.964996337891 247.964996337891 151.904998779297 151.904998779297 182.813000679016 150.950700044632 2.01579999923706 140.933398723602 141.941298723221 139.925498723984 
86.6238992214203 27.0260999202728 61.0160987377167 191.115500926971 192.12340092659 190.107600927353 118.007796764374 116.999896764755 196.97859621048 195.970696210861 20.0062997341156 39.0046994686127 213.970000743866 212.962100744247 175.909401655197 161.971797466278 160.96389746666 863.435207843781 864.443107843399 862.427307844162 90.0342020988464 89.0263020992279 96.9855990409851 97.9934990406036 174.948498487473 95.9776990413666 211.015799999237 210.007899999619 34.0797991752625 33.0718991756439 81.0688979625702 97.0678975582123 80.9868006706238 79.9789006710052 128.98379945755 127.975899457932 143.974899053574 316.891902685165 200.591995239258 200.591995239258 
260.600193977356 236.044994354248 271.497993469238 306.950992584229 342.403991699219 261.608093976974 296.569694280624 266.735793590546 401.183990478516 418.190890073776 234.605794429779 251.61269402504 217.598894834518 277.607093572617 253.051893949509 295.561794281006 264.719993591309 265.727893590927 392.711990356445 296.651992797852 164.930297851562 284.946695327759 224.938496589661 183.92869758606 202.927097320557 261.915896892548 198.944097042084 215.950996637344 232.957896232605 181.937197446823 357.05029296875 260.990295410156 260.035996675491 126.904502868652 253.809005737305 380.713508605957 174.901501655579 39.0983009338379 99.106499671936 251.052501678467 
251.052501678467 100.114399671555 136.083899974823 135.075999975204 56.1052005290985 134.068099975586 135.158298492432 6.94099998474121 25.9393997192383 103.926599025726 102.918699026108 23.9478995800018 101.910799026489 103.000997543335 24.3050003051758 103.142599105835 84.3131990432739 213.40470123291 43.3034000396729 85.3210990428925 215.420501232147 214.412601232529 121.290599346161 120.282699346542 41.3118999004364 112.323402404785 200.341804504395 119.274799346924 120.36499786377 167.271999359131 119.410699129105 118.402799129486 498.661496162415 474.356495857239 54.9379997253418 54.9379997253418 114.94619846344 90.390998840332 90.390998840332 73.9363994598389 
73.9363994598389 92.9347991943359 111.933198928833 115.954098463058 88.951798915863 88.951798915863 105.958698511124 122.965598106384 71.9448993206024 71.9448993206024 90.9432990550995 150.997997283936 197.904998779297 159.955997467041 28.0139999389648 17.030699968338 18.0385999679565 46.0049991607666 62.0039987564087 22.9897994995117 101.827398300171 82.9979982376099 41.9881992340088 84.0058982372284 119.975398540497 118.967498540878 39.9966990947723 117.95959854126 119.049797058105 861.419407844543 160.934000968933 177.940900564194 194.947800159454 211.954699754715 58.6934013366699 162.766201019287 188.784400939941 178.709798812866 118.701600074768 247.793102264404 
436.892803192139 94.1464004516602 77.691801071167 198.618900060654 119.709500074387 249.808902263641 248.801002264023 233.641899824142 154.671100378036 124.837199687958 91.7653005123138 92.7548012733459 109.785501241684 126.816201210022 143.84690117836 160.877601146698 75.7241013050079 120.697400093079 92.7072005271912 109.714100122452 134.3937022686 302.801203727722 75.7003009319305 146.711803436279 234.730205535889 232.633999824524 174.857799530029 232.939998626709 116.77560043335 154.753398895264 268.671802520752 163.682601928711 201.660400390625 153.799100160599 237 237 357.016397476196 417.024596214294 477.032794952393 537.040993690491 
297.008198738098 272.45299911499 272.45299911499 307.90599822998 255.998399734497 255.998399734497 274.996799468994 274.996799468994 363.904502868652 299.003998756409 268.997999191284 268.997999191284 1167.04319000244 389.01439666748 389.01439666748 449.022595405579 449.022595405579 329.006197929382 329.006197929382 649.024895906448 406.021296262741 363.019997119904 346.013097524643 458.097700119019 304.450998306274 287.996398925781 287.996398925781 306.994798660278 306.994798660278 271.013799190521 271.013799190521 288.020698785782 288.020698785782 305.027598381042 254.006899595261 254.006899595261 391.030196666718 365.035797119141 460.953397274017 365.983598232269 
365.983598232269 364.975698232651 364.975698232651 443.899500846863 443.899500846863 572.00979757309 892.028495550156 286.004898786545 303.011798381805 303.011798381805 320.018697977066 337.025597572327 286.004898786545 445.034803390503 357.016401290894 327.080198287964 461.117994308472 365.057996749878 365.057996749878 364.103698015213 364.103698015213 325.018402099609 413.036804199219 501.055206298828 353.164398193359 411.246597290039 295.08219909668 429.119995117188 429.119995117188 333.059997558594 333.059997558594 332.105698823929 332.105698823929 31.9979991912842 88.0184020996094 173.940598487854 94.969799041748 207.199996948242 223.198996543884 242.197396278381 
261.195796012878 280.194195747375 241.213796138763 258.220695734024 224.206896543503 240.205896139145 257.212795734406 274.219695329666 291.226594924927 415.318991661072 511.378989219666 319.258994102478 207.199996948242 207.199996948242 286.037595748901 443.71279335022 327.216394424438 267.20819568634 302.661194801331 284.215095281601 242.652996063232 278.105995178223 313.558994293213 349.011993408203 268.216095685959 399.155395030975 304.185595989227 303.177695989609 273.34379529953 241.213796138763 258.220695734024 431.406893491745 689.627589225769 896.827586174011 1379.25517845154 224.206896543503 272.335895299911 399.31999206543 303.259994506836 106.419998168945 
106.419998168945 141.872997283936 177.325996398926 212.778995513916 248.231994628906 140.481398105621 157.512098073959 174.542798042297 123.450698137283 140.433797359467 157.440696954727 123.426897764206 209 209 209 209 244.45299911499 279.90599822998 315.358997344971 350.811996459961 421.717994689941 333.007997512817 395.011996269226 271.003998756409 243.013799190521 260.020698785782 277.027598381042 311.041397571564 226.006899595261 367.818896055222 401.119995117188 497.179992675781 305.059997558594 305.059997558594 244 244 364.016397476196 424.024596214294 484.032794952393 544.040993690491 
304.008198738098 355.02889752388 433.099700927734 279.45299911499 279.45299911499 262.998399734497 262.998399734497 281.996799468994 281.996799468994 434.107600927353 340.985599040985 341.993499040604 306.003998756409 275.997999191284 275.997999191284 1188.04319000244 396.01439666748 396.01439666748 456.022595405579 456.022595405579 336.006197929382 336.006197929382 311.450998306274 346.903997421265 294.996398925781 313.994798660278 278.013799190521 278.013799190521 295.020698785782 295.020698785782 312.027598381042 261.006899595261 261.006899595261 469.969197273254 372.983598232269 371.975698232651 586.00979757309 310.011798381805 327.018697977066 293.004898786545 
293.004898786545 370.967798233032 468.117994308472 372.057996749878 372.057996749878 371.103698015213 371.103698015213 332.018402099609 332.018402099609 420.036804199219 420.036804199219 508.055206298828 508.055206298828 302.08219909668 436.119995117188 436.119995117188 340.059997558594 340.059997558594 339.105698823929 339.105698823929 226 286.008198738098 244.998399734497 287.016098737717 243.006899595261 322.059997558594 32.0639991760254 32.0639991760254 58.0821990966797 112.124997138977 80.0609979629517 96.0599975585938 78.9710006713867 78.9710006713867 104.989200592041 126.967999458313 142.966999053955 157.942001342773 236.91300201416 315.884002685547 
171.092098236084 96.1135988235474 308.363596916199 95.1056988239288 94.0977988243103 150.360000610352 270.376398086548 210.36819934845 169.358400344849 188.356800079346 247.345599651337 184.373799800873 201.380699396133 218.387598991394 334.733800411224 536.114499807358 167.366900205612 342.479995727539 246.419998168945 245.46569943428 118.709999084473 118.709999084473 198.613998413086 278.517997741699 358.421997070312 154.162998199463 154.162998199463 189.615997314453 189.615997314453 225.068996429443 260.521995544434 260.521995544434 295.974994659424 331.427993774414 137.70839881897 156.706798553467 175.705198287964 232.700397491455 312.681197166443 310.665397167206 
406.643096208572 215.695598125458 214.687698125839 311.673297166824 242.71799659729 180.713997840881 152.723798274994 169.730697870255 186.737597465515 203.744497060776 220.751396656036 424.15759563446 135.716898679733 171.169897794724 213.679798126221 176.792198181152 214.769996643066 87.620002746582 166.457601547241 147.62820148468 106.618402481079 148.636101484299 184.605601787567 183.597701787949 104.626902341843 182.58980178833 183.680000305176 625.291501045227 537.671498298645 98 192.021997928619 209.02889752388 275.264995574951 310.717994689941 161.995998382568 566.528990745544 262.011798381805 148.012798786163 165.019698381424 232.037704467773 
532.078698158264 267.490703582764 251.036104202271 270.034503936768 289.032903671265 308.031303405762 346.028102874756 426.008902549744 329.023303508759 330.031203508377 427.016802549362 581.840707778931 756.742209434509 406.939206123352 356.045701980591 294.041703224182 266.051503658295 300.065302848816 498.089208126068 515.096107721329 1132.23361301422 1064.20601463318 1630.32282114029 1647.32972073555 249.044604063034 386.067901134491 326.059702396393 343.066601991653 360.073501586914 489.077399015427 568.375499725342 348.202102661133 290.119903564453 424.157699584961 520.217697143555 328.097702026367 47.867000579834 63.8660001754761 129.747800350189 64.8739001750946 
97.8797993659973 114.886698961258 80.8728997707367 238.028900146484 478.061695098877 538.069893836975 349.057797670364 273.481899261475 257.027299880981 276.025699615479 295.024099349976 314.022499084473 333.02089881897 352.019298553467 335.014499187469 364.933403015137 362.036897659302 300.032898902893 270.026899337769 270.026899337769 1170.12989044189 390.043296813965 450.051495552063 450.051495552063 330.035098075867 349.033497810364 368.031897544861 387.030297279358 651.082696199417 918.253200531006 459.126600265503 305.479898452759 340.932897567749 289.025299072266 308.023698806763 327.02209854126 346.020498275757 272.042699337006 289.049598932266 306.056498527527 
255.035799741745 551.893696784973 410.960298061371 409.952398061752 460.134500265121 463.998097419739 367.012498378754 368.020398378372 366.004598379135 465.005997419357 525.978698253632 398.0027987957 619.829902648926 444.928400993347 332.030898094177 1169.10099029541 574.067597866058 557.060698270798 878.108296394348 895.115195989609 929.12899518013 1199.1558945179 304.04069852829 321.04759812355 338.054497718811 287.033798933029 921.109595537186 446.063703536987 534.082105636597 358.045301437378 364.996698379517 1176.10099029541 386.191297531128 444.273496627808 328.109098434448 462.146894454956 558.20689201355 366.086896896362 555.960897445679 412.993898391724 
365.132598161697 414.065704345703 502.084106445312 590.102508544922 326.047302246094 354.193298339844 296.111099243164 430.148895263672 334.088897705078 65.379997253418 185.396394729614 190.768193244934 125.388195991516 100.832996368408 136.285995483398 171.738994598389 207.191993713379 126.396095991135 259.351195335388 257.335395336151 353.313094377518 162.365596294403 161.357696294785 258.34329533577 256.327495336533 131.523795604706 164.59569478035 99.3937964439392 116.4006960392 133.40759563446 147.766894102097 82.3868968486786 195.371495485306 130.515895605087 257.499992370605 161.439994812012 91.2239990234375 331.25679397583 126.676998138428 162.129997253418 
110.222398757935 129.220798492432 148.219198226929 167.217597961426 186.215997695923 205.21439743042 215.231996536255 153.227997779846 125.237798213959 159.25159740448 193.265396595001 341.699595451355 426.734093427658 619.999490022659 637.00638961792 500.951192855835 108.230898618698 283.343994140625 379.403991699219 187.283996582031 28.0139999389648 17.0068995952606 1.00789999961853 18.0147995948792 16.042799949646 44.0091991424561 2.01579999923706 18.0147995948792 34.0797991752625 80.9868006706238 200.591995239258 28.0139999389648 28.0139999389648 31.9979991912842 278.020698785782 278.020698785782 718.055206298828 107.868202209473 187.772201538086 133.886402130127 
275.744603157043 143.321201324463 234.772705078125 231.735404014587 231.735404014587 418.574405670166 247.800403594971 311.796401977539 294.707405090332 212.857402801514 342.704403877258 358.7034034729 101.960000038147 78.0021994113922 78.0021994113922 78.0021994113922 59.9873998165131 59.9873998165131 59.9873998165131 258.157598495483 666.024596214294 294.020698785782 294.020698785782 320.015098333359 329.022498130798 292.004898786545 74.9216003417969 10.8100004196167 69.6169996261597 69.6169996261597 61.8306992053986 197.335194587708 233.304694890976 601.920585632324 233.386993408203 264.294995307922 280.293994903564 1081.31958913803 975.409190177917 12.0111999511719 
696.482985973358 1314.87457084656 366.748528079987 506.46179485321 436.041756277084 660.540944366455 662.342424325943 359.271596193314 425.622376451492 392.333396434784 705.291223373413 237.847995758057 125.693998336792 195.310997962952 100.086197853088 100.086197853088 100.086197853088 570.492597579956 156.069995880127 78.0747985839844 414.950574073791 348.320399999619 136.055698156357 491.266292572021 172.085297346115 374.690502426147 419.796386070252 366.214047908783 370.728297710419 385.700527744293 395.546467609406 184.399396896362 417.240528659821 200.033996582031 346.470037412643 403.504736089706 74.0917983055115 146.111200809479 164.126000404358 182.140799999237 
310.173595428467 520.752391815186 504.297792434692 502.306292295456 136.137996673584 145.145396471024 172.167595863342 185.060798168182 403.428798938751 116.160998344421 260.829395771027 1038.11499118805 1970.39518785477 878.160193443298 856.385593414307 198.030000686646 172.422200202942 1016.02420186996 146.427800655365 527.181602478027 144.478000640869 1074.42139434814 1022.55539417267 58.9332008361816 118.94139957428 129.839199066162 237.927996635437 96.9300003051758 154.910899877548 74.9322004318237 92.9470000267029 92.9470000267029 92.9470000267029 366.739200592041 90.997200012207 90.997200012207 123.061199188232 154.993198394775 173.007997989655 263.08199596405 
281.096795558929 51.9959983825684 122.901996612549 158.354995727539 151.988995552063 83.9939975738525 99.9929971694946 86.0097975730896 103.01669716835 182.995396614075 146.965797424316 146.965797424316 200.183994293213 84.0599975585938 392.171989440918 586.886892557144 479.754093647003 542.939092874527 63.5460014343262 221.114000797272 344.668200969696 98.9990005493164 143.091002464294 79.5450010299683 97.5598006248474 159.156002044678 95.6100006103516 1025.55339431763 937.657794952393 483.952605247498 208.959203720093 202.984703302383 202.984703302383 228.97910284996 258.949674888134 55.8450012207031 341.761600494385 115.853199958801 198.163700342178 223.832996368408 
361.475675830841 231.531002044678 394.888200759888 635.21280002594 80.9283752441406 82.3245002746582 295.791000366211 127.835376739502 137.161491943359 483.419006347656 399.48860168457 159.687001228333 159.687001228333 89.8588004112244 106.865700006485 599.161001205444 88.8509004116058 88.8509004116058 150.814800262451 501.592998504639 186.844399452209 87.9090003967285 87.9090003967285 119.972999572754 119.972999572754 546.638399600983 213.787002563477 1017.852394104 1776.21298766136 693.782183647156 296.569694280624 472.089988708496 216.5909948349 747.766483545303 791.71558380127 232.655994415283 509.885191917419 221.925497055054 215.950996637344 241.945396184921 
259.900096893311 373.228690547943 392.605529117584 400.097529220581 399.821404266357 421.430736541748 362.956894874573 540.658695697784 392.212528991699 372.69421037674 382.163878536224 392.18069021225 411.93746679306 423.720691127777 431.984524726868 401.833021944046 506.309299468994 605.41579914093 368.10449886322 502.087197780609 385.946999073029 2008.51379060745 458.139398097992 420.229898691177 487.944696426392 362.797097921371 443.996896743774 364.067118282318 84.3131990432739 192.292995452881 412.269164276123 174.32709813118 246.386296510696 548.877793550491 176.387899875641 266.461897850037 363.532638111114 365.996398067474 383.019117946625 388.764078121185 
414.559118862152 58.318799495697 148.353001594543 262.854598999023 659.180190086365 334.91379737854 406.972995758057 259.361797332764 1022.34199237823 898.416793823242 114.94619846344 228.809997558594 157.87299823761 70.9369993209839 86.935998916626 88.951798915863 87.9438989162445 217.935598373413 1016.94539260864 965.079392433167 127.957998275757 143.956997871399 521.176995277405 481.027496814728 437.079697132111 143.993298053741 440.304196357727 367.751800060272 1094.36658859253 512.363394737244 425.840355205536 548.392993927002 968.342791080475 268.997999191284 329.006197929382 286.004898786545 321.026597976685 521.125601768494 435.955398082733 275.997999191284 
336.006197929382 295.020698785782 310.011798381805 293.004898786545 1089.99279403687 528.125601768494 932.20320224762 338.969799041748 32.0639991760254 78.9710006713867 60.0839996337891 60.0839996337891 308.031303405762 264.035703659058 264.035703659058 1075.99230957031 359.059498071671 270.026899337769 1304.09349060059 330.035098075867 482.011596441269 322.055498123169 438.063796758652 368.102696895599 412.089700222015 1072.07949447632 668.165396690369 522.154501914978 330.110898971558 301.19419670105 123.221998214722 159.25159740448 
<Awt>
227 107.868202209473 26.9815006256104 243 74.9216003417969 10.8100004196167 137.326995849609 79.9039993286133 12.0111999511719 40.0779991149902 112.414001464844 251 189.099700927734 35.4529991149902 247 58.9332008361816 51.9959983825684 132.905395507812 63.5460014343262 151.964004516602 18.9983997344971 55.8450012207031 1.00789999961853 200.591995239258 164.930297851562 126.904502868652 39.0983009338379 6.94099998474121 24.3050003051758 54.9379997253418 95.9599990844727 14.0069999694824 14.0069999694824 22.9897994995117 92.9064025878906 58.6934013366699 237 15.9989995956421 88.0184020996094 30.9738006591797 
207.199996948242 207.199996948242 106.419998168945 209 244 226 32.0639991760254 78.9710006713867 28.0860004425049 150.360000610352 118.709999084473 87.620002746582 98 232.037704467773 47.867000579834 238.028900146484 65.379997253418 91.2239990234375 0 
<A>
1 0 0 0 0 0 0 0 0 0 0 0 0 0 0 0 0 0 0 0 0 0 0 0 0 0 0 0 0 0 0 0 0 0 0 0 0 0 0 0 
0 0 0 0 0 0 0 0 0 0 0 0 0 0 0 0 0 0 3 1 0 0 0 0 0 0 0 0 0 0 0 1 0 0 0 0 0 0 0 0 
0 0 0 0 0 0 0 0 0 0 0 0 0 0 0 0 0 0 0 0 0 0 0 0 0 0 0 0 0 0 0 0 0 0 0 0 0 0 1 0 
0 0 0 0 0 0 0 0 0 0 0 1 0 0 0 0 0 0 0 0 0 0 0 0 0 0 0 0 0 0 0 0 0 0 0 0 0 0 0 0 
0 0 0 0 0 0 0 0 0 0 0 0 0 0 0 0 2 1 0 0 0 0 0 0 0 0 0 0 0 0 0 0 0 0 0 0 0 1 0 0 
0 0 0 0 0 0 0 0 0 0 0 0 0 0 0 0 0 0 0 0 0 0 0 0 0 0 0 0 0 0 0 0 0 0 0 2 1 0 0 0 
0 0 0 0 0 0 0 0 0 0 0 0 0 0 0 0 2 0 0 0 0 0 0 0 0 0 0 0 0 0 0 0 0 0 0 0 0 0 0 0 
0 0 0 0 0 0 0 0 0 0 0 0 0 0 1 1 0 0 0 0 0 0 0 0 0 0 0 0 0 0 0 0 0 0 0 3 0 0 0 0 
0 0 0 0 0 0 0 0 0 0 0 0 0 0 0 0 0 0 0 0 0 0 0 0 0 0 0 0 0 0 0 0 0 0 1 0 0 0 0 0 
0 0 0 0 0 0 0 0 0 0 0 0 0 0 0 0 2 0 0 0 0 0 0 0 0 0 0 0 0 0 0 4 0 1 0 0 0 0 0 0 
0 0 0 0 0 0 0 0 0 0 0 0 2 1 0 0 0 0 0 0 0 0 0 0 0 0 0 0 0 0 0 0 0 0 0 3 0 0 0 0 
0 0 0 0 0 0 0 0 0 0 3 0 0 0 0 0 0 0 0 0 0 0 0 0 0 0 0 0 0 0 0 0 1 0 0 0 0 0 0 0 
0 0 0 0 0 0 0 0 0 0 0 0 0 0 1 0 0 0 0 0 0 0 0 0 0 0 0 0 0 1 0 0 0 0 0 0 0 0 0 0 
0 0 0 0 0 0 0 0 0 0 2 1 0 0 0 0 0 0 0 0 0 0 0 0 0 0 0 0 0 0 0 0 0 0 0 0 0 0 0 0 
0 0 0 0 0 0 0 0 0 1 0 0 0 0 0 0 0 0 0 0 0 0 0 0 0 0 0 0 0 1 1 0 0 0 0 0 0 0 0 0 
0 0 0 0 0 0 0 0 0 0 0 0 0 0 0 0 0 0 0 0 0 0 0 0 0 0 0 0 2 0 0 0 0 0 0 0 0 0 0 0 
0 0 0 0 0 0 0 0 -1 1 0 0 0 0 0 0 0 1 0 0 0 0 0 0 0 0 0 0 0 0 0 0 0 0 0 0 0 0 0 0 
1 0 0 0 0 0 0 0 0 0 0 0 0 0 0 1 0 0 0 0 0 0 0 0 0 0 0 2 1 0 0 0 0 0 0 0 0 0 0 0 
0 0 0 0 0 0 0 0 0 0 0 0 0 0 0 0 0 0 0 0 0 0 0 0 0 4 0 0 0 0 0 0 0 0 1 0 0 0 0 0 
0 0 0 0 0 0 1 0 1 0 0 0 0 0 0 0 0 0 0 0 0 0 0 0 0 0 0 0 0 0 0 0 0 0 0 0 0 0 0 0 
0 0 0 0 0 0 0 0 0 0 0 0 0 0 0 0 0 0 0 0 0 0 0 0 0 0 0 1 0 0 0 0 0 0 0 0 0 0 0 0 
0 0 0 0 0 0 0 0 0 0 0 0 0 0 0 0 0 0 0 0 0 0 0 0 0 0 0 0 0 0 0 0 0 0 0 0 0 0 0 0 
0 0 0 0 1 0 1 0 0 0 0 0 1 0 0 0 0 0 0 0 0 0 0 0 0 0 0 0 0 0 0 0 0 0 0 0 0 0 0 0 
0 0 0 0 0 0 0 0 0 0 0 0 0 0 0 0 0 0 0 0 0 0 0 0 0 1 0 0 0 0 0 2 0 0 0 0 0 0 0 0 
0 0 0 0 0 0 0 0 0 0 0 0 0 0 0 0 0 0 0 0 0 0 0 0 0 0 0 0 0 0 0 0 0 0 0 0 0 0 0 0 
0 0 -1 0 1 0 0 0 0 0 3 0 0 0 0 0 0 0 0 0 0 0 0 0 0 0 0 0 0 0 0 0 0 0 0 0 0 0 0 0 
0 0 0 0 0 0 0 0 0 0 0 0 0 0 0 0 0 0 0 0 0 -2 0 1 0 0 0 0 0 4 0 0 0 0 0 0 0 0 0 0 
0 0 0 0 0 0 0 0 0 0 0 0 0 0 0 0 0 0 0 0 0 0 0 0 0 0 0 0 0 0 0 0 0 0 0 0 0 0 0 0 
-3 0 1 0 0 0 0 0 0 2 0 0 0 0 0 0 0 0 0 0 0 0 0 0 0 0 0 0 0 0 0 0 2 0 0 0 0 0 0 0 
0 0 0 0 0 0 0 0 0 0 0 0 0 0 0 0 0 0 0 -1 0 1 0 0 0 0 0 0 3 0 0 0 0 0 0 0 0 0 0 0 
0 0 0 0 0 0 0 0 0 0 0 3 0 0 0 0 0 0 0 0 0 0 0 0 0 0 0 0 0 0 0 0 0 0 0 0 0 0 -2 0 
1 0 0 0 0 0 0 1 0 0 0 0 0 0 0 0 0 0 0 0 0 0 0 0 0 0 0 0 0 0 0 0 0 0 0 0 3 0 0 0 
0 0 0 0 0 0 0 0 0 0 0 0 0 0 0 0 0 -1 0 1 0 0 0 0 0 0 0 0 0 0 0 1 0 0 0 0 0 0 0 0 
0 0 0 0 0 0 0 0 0 0 0 0 0 0 0 0 0 0 0 0 0 0 0 0 0 0 0 0 0 0 0 0 0 0 0 0 0 0 1 0 
0 0 0 0 0 0 0 0 0 0 2 0 0 0 0 0 0 0 0 0 0 0 0 0 0 0 0 0 0 0 0 0 0 0 0 0 0 0 0 0 
0 0 0 0 0 0 0 0 0 0 0 0 0 0 0 -1 0 1 0 0 0 0 0 0 0 0 0 0 0 3 0 0 0 0 0 0 0 0 0 0 
0 0 0 0 0 0 0 0 0 0 0 0 0 0 0 0 0 0 0 0 0 0 0 0 0 0 0 0 0 0 0 0 0 0 -2 0 1 0 0 0 
0 0 0 0 0 0 0 0 4 0 0 0 0 0 0 0 0 0 0 0 0 0 0 0 0 0 0 0 0 0 0 0 0 0 0 0 0 0 0 0 
0 0 0 0 0 0 0 0 0 0 0 0 0 -3 0 1 0 0 0 0 0 0 0 0 0 0 0 0 0 0 0 0 0 0 1 0 0 0 0 0 
0 0 0 0 0 0 0 0 0 0 0 0 0 0 0 0 0 0 0 0 0 0 0 0 0 0 0 0 0 0 0 0 0 0 1 0 0 0 0 0 
0 0 0 0 0 0 0 0 0 0 0 0 0 0 0 1 0 0 0 0 0 0 0 0 0 0 0 0 0 0 4 0 1 0 0 0 0 0 0 0 
0 0 0 0 0 0 0 0 0 0 0 -1 0 1 0 0 0 0 0 0 0 0 0 0 0 0 0 0 0 0 0 0 0 0 2 0 0 0 0 0 
0 0 0 0 0 0 0 0 0 0 0 0 0 0 0 0 0 0 2 0 0 0 0 0 0 0 0 0 0 0 -1 0 1 0 0 0 0 0 0 0 
0 0 0 0 0 0 0 0 0 0 0 0 0 1 0 0 0 0 0 0 0 0 0 0 0 0 0 0 0 0 0 0 0 0 0 0 0 1 0 0 
0 0 0 0 0 0 0 0 0 0 0 1 0 0 0 0 0 0 0 0 0 0 0 0 0 0 0 0 0 0 0 0 0 0 0 1 0 0 0 0 
0 0 0 0 0 0 0 0 0 0 0 0 0 0 0 0 0 0 0 0 0 0 0 0 0 0 0 0 0 0 1 0 0 0 0 0 0 0 0 0 
0 0 0 0 0 0 0 0 0 0 0 0 0 0 2 0 0 0 0 0 0 0 0 0 0 0 0 0 0 0 0 0 0 0 0 0 0 0 0 0 
0 0 0 0 0 0 0 -1 0 1 0 0 0 0 0 0 0 0 0 0 0 0 0 0 0 0 0 0 0 0 0 0 0 3 0 0 0 0 0 0 
0 0 0 0 0 0 0 0 0 0 0 0 0 0 0 0 0 0 0 0 0 0 0 0 0 0 -2 0 1 0 0 0 0 0 0 0 0 0 0 0 
0 0 0 0 0 0 0 0 0 0 0 0 4 0 0 0 0 0 0 0 0 0 0 0 0 0 0 0 0 0 0 0 0 0 0 0 0 0 0 0 
0 0 0 0 0 -3 0 1 0 0 0 0 0 0 0 0 0 0 0 0 0 0 0 0 0 0 0 0 2 0 0 0 0 0 0 0 0 0 0 0 
0 0 0 2 0 0 0 0 0 0 0 0 0 0 0 0 0 0 0 0 0 0 0 0 -1 0 1 0 0 0 0 0 0 0 0 0 0 0 0 0 
0 0 0 0 0 0 0 1 0 0 0 0 0 0 0 0 0 0 0 0 0 0 1 0 0 0 0 0 0 0 0 0 0 0 0 0 0 0 0 0 
0 0 0 0 0 1 0 0 0 0 0 0 1 0 0 0 0 0 0 0 0 0 0 0 0 0 1 0 0 0 0 0 0 0 0 1 0 0 0 0 
0 1 0 0 0 0 0 0 0 0 0 0 0 0 0 0 0 0 0 0 0 0 -1 0 2 0 0 0 0 0 0 0 0 0 0 0 0 0 0 0 
0 0 0 0 0 2 0 0 0 0 0 0 0 0 0 0 0 0 0 0 0 0 0 0 0 0 0 0 0 3 0 0 0 0 0 0 0 0 0 0 
0 -2 0 1 0 0 0 0 0 0 0 0 0 0 0 0 0 0 0 0 0 0 0 0 0 0 0 0 0 0 0 0 0 0 0 0 0 0 0 4 
0 0 0 0 0 0 0 0 1 0 0 0 0 0 0 0 0 0 0 0 -1 0 2 0 0 0 0 0 0 0 0 0 0 0 0 0 0 0 0 0 
0 0 0 0 0 0 0 0 0 0 0 0 0 0 0 0 0 0 0 0 0 0 0 0 0 0 0 0 1 0 0 0 0 0 0 0 0 0 0 0 
0 1 0 0 0 0 0 0 3 0 0 0 0 0 0 0 0 0 0 0 0 0 0 0 0 0 0 0 0 0 0 3 0 0 0 0 0 0 0 0 
0 0 0 0 0 0 0 3 0 0 0 0 0 0 0 0 0 0 -2 0 1 0 0 0 0 0 0 0 0 0 0 0 0 0 0 0 0 0 0 0 
0 0 0 0 0 0 0 0 0 0 0 0 0 0 0 0 3 0 0 0 0 0 0 0 0 0 1 0 0 0 0 0 0 0 0 0 0 -1 0 1 
0 0 0 0 0 0 0 0 0 0 0 0 0 0 0 0 0 0 0 0 0 0 0 0 0 0 0 0 0 0 0 0 0 0 0 4 0 0 0 0 
0 0 0 0 0 1 0 0 0 0 0 0 0 0 0 0 -1 0 0 1 0 0 0 0 0 0 0 0 0 0 0 0 0 0 0 0 0 0 0 0 
0 0 0 0 0 0 0 0 0 0 0 0 0 0 0 0 0 0 0 0 0 0 0 0 0 0 0 0 0 0 0 0 0 0 0 3 0 0 1 0 
0 0 0 0 0 0 0 0 0 0 0 0 0 0 0 0 1 0 0 0 0 0 0 0 0 0 0 0 0 0 0 0 0 0 0 0 0 0 0 0 
0 0 0 0 0 0 0 0 0 0 0 0 0 0 2 0 0 1 0 0 0 0 0 0 0 0 0 0 0 0 0 0 0 0 0 2 0 0 0 0 
0 0 0 0 0 0 0 0 0 0 0 0 0 0 0 0 0 0 0 0 0 0 0 0 0 0 0 0 0 0 0 0 0 1 0 0 1 0 0 0 
0 0 0 0 0 0 0 0 0 0 0 0 0 0 3 0 0 0 0 0 0 0 0 0 0 0 0 0 0 0 0 0 0 0 0 0 0 0 0 0 
0 0 0 0 0 0 0 0 0 0 0 0 0 0 0 1 0 0 0 0 0 0 0 0 0 0 0 0 0 0 0 0 0 4 0 0 0 0 0 0 
0 0 0 0 0 0 0 0 0 0 0 0 0 0 0 0 0 0 0 0 0 0 0 0 0 0 0 0 0 0 0 -1 0 0 1 0 0 0 0 0 
0 0 0 0 0 0 0 0 0 0 0 0 5 0 0 0 0 0 0 0 0 0 0 0 0 0 0 0 0 0 0 0 0 0 0 0 0 0 0 0 
0 0 0 0 0 0 0 0 0 0 -2 0 0 1 0 0 0 0 0 0 0 0 0 0 0 0 0 0 0 0 0 6 0 0 0 0 0 0 0 0 
0 0 0 0 0 0 0 0 0 0 0 0 0 0 0 0 0 0 0 0 0 0 0 0 0 0 0 0 0 -3 0 0 1 0 0 0 0 0 0 0 
0 0 0 0 0 0 0 0 0 0 0 0 2 0 0 0 0 0 0 0 0 0 0 0 0 0 0 2 0 0 0 0 0 0 0 0 0 0 0 0 
0 0 0 0 0 0 0 0 1 0 0 1 0 0 0 0 0 0 0 0 0 0 0 0 0 0 0 0 0 0 0 3 0 0 0 0 0 0 0 0 
0 0 0 0 0 0 3 0 0 0 0 0 0 0 0 0 0 0 0 0 0 0 0 0 0 0 0 0 0 0 1 0 0 0 0 0 0 0 0 0 
0 0 0 0 0 0 0 0 0 0 4 0 0 0 0 0 0 0 0 0 0 0 0 0 0 4 0 0 0 0 0 0 0 0 0 0 0 0 0 0 
0 0 0 0 0 0 -1 0 0 13 0 0 0 0 0 0 0 0 0 0 0 0 0 0 0 0 0 0 0 32 0 0 0 0 0 0 0 0 0 0 
0 0 0 0 32 0 0 0 0 0 0 0 0 0 0 0 0 0 0 0 0 0 0 0 0 7 0 0 2 0 0 0 0 0 0 0 0 0 0 0 
0 0 0 0 0 0 0 0 2 0 0 0 0 0 0 0 0 0 0 0 0 0 0 2 0 0 0 0 0 0 0 0 0 0 0 0 0 0 0 0 
0 0 0 0 4 0 0 3 0 0 0 0 0 0 0 0 0 0 0 0 0 0 0 0 0 0 0 4 0 0 0 0 0 0 0 0 0 0 0 0 
0 0 4 0 0 0 0 0 0 0 0 0 0 0 0 0 0 0 0 0 0 0 0 5 0 0 1 0 0 0 0 0 0 0 0 0 0 0 0 0 
0 0 0 0 0 0 1 0 0 0 0 0 0 0 0 0 0 0 0 0 0 1 0 0 0 0 0 0 0 0 0 0 0 0 0 0 0 0 0 0 
0 0 2 0 0 1 0 0 0 0 0 0 0 0 0 0 0 0 0 0 0 0 0 1 0 2 0 0 0 0 0 0 0 0 0 0 0 0 0 0 
2 0 0 0 0 0 0 0 0 0 0 0 0 0 0 0 0 0 0 0 0 0 0 0 1 0 0 0 0 0 0 0 0 0 0 0 0 0 0 0 
0 0 2 0 2 0 0 0 0 0 0 0 0 0 0 0 0 0 0 2 0 0 0 0 0 0 0 0 0 0 0 0 0 0 0 0 0 0 0 0 
-1 0 0 1 0 0 0 0 0 0 0 0 0 0 0 0 0 0 0 0 0 2 0 1 0 0 0 0 0 0 0 0 0 0 0 0 0 0 1 0 
0 0 0 0 0 0 0 0 0 0 0 0 0 0 0 0 0 0 0 0 0 0 1 0 0 0 0 0 0 0 0 0 0 0 0 0 0 0 0 0 
0 0 0 0 0 0 0 0 0 0 0 0 0 0 0 0 0 8 0 0 0 0 0 0 0 0 2 0 0 0 0 0 0 0 0 0 0 0 -1 0 
0 1 0 0 0 0 0 0 0 0 0 0 0 0 0 0 0 0 0 0 0 0 0 0 0 0 0 0 0 0 0 0 0 0 0 0 4 0 0 0 
0 0 0 0 0 1 0 0 0 0 0 0 0 0 0 0 0 1 0 0 1 0 0 0 0 0 0 0 0 0 0 0 0 0 0 0 0 0 0 0 
3 0 0 0 0 0 0 0 0 0 0 0 0 0 0 4 0 0 0 0 0 0 0 0 0 0 1 0 0 0 0 0 0 0 0 0 2 0 0 0 
1 0 0 0 0 0 0 0 0 0 0 0 0 0 0 0 0 0 0 0 0 0 0 0 0 0 0 0 0 0 0 0 0 0 0 0 0 0 0 0 
0 0 0 0 0 0 0 0 0 0 0 0 0 0 0 3 0 0 0 1 0 0 0 0 2 0 0 0 0 0 0 0 0 0 0 0 0 0 0 0 
0 0 0 0 0 0 0 0 0 0 0 0 0 6 0 0 0 0 0 0 0 0 0 0 0 0 0 0 0 0 0 0 0 0 -1 0 0 0 1 0 
0 0 0 3 0 0 0 0 0 0 0 0 0 0 0 0 0 0 0 0 0 0 0 0 0 0 0 0 0 0 0 0 9 0 0 0 0 0 0 0 
0 0 0 0 0 0 0 0 0 0 0 0 0 -3 0 0 0 1 0 0 0 0 1 0 0 0 0 0 0 0 0 0 0 0 0 0 0 0 0 0 
0 0 0 0 0 0 0 0 0 0 0 3 0 0 0 0 0 0 0 0 0 0 0 0 0 0 0 0 0 0 0 0 1 0 0 0 1 0 0 0 
0 0 0 0 0 1 0 0 0 0 0 0 0 0 0 0 0 0 0 0 0 0 0 0 0 0 0 0 0 0 0 0 0 0 0 0 0 0 0 0 
0 0 0 0 0 0 0 0 0 0 0 0 0 0 0 1 0 0 0 0 0 0 0 0 2 0 0 0 0 0 0 0 0 0 0 0 0 0 0 0 
0 0 0 0 0 0 0 0 0 0 0 0 0 0 0 0 0 0 0 0 0 0 0 0 0 0 0 0 0 0 -3 0 0 0 1 0 0 0 0 0 
0 0 0 0 1 0 0 0 0 0 0 0 0 0 0 0 0 0 0 0 0 0 0 0 0 0 0 0 0 0 0 0 0 0 0 0 0 0 0 0 
0 0 0 0 0 0 0 0 0 2 0 0 0 1 0 0 0 0 0 0 0 0 0 2 0 0 0 0 0 0 0 0 0 0 0 0 0 0 0 0 
0 0 0 0 0 0 0 0 0 0 0 0 0 0 0 0 0 0 0 0 0 0 0 0 0 0 0 0 1 0 0 0 1 0 0 0 0 0 0 0 
0 0 0 0 0 0 0 0 0 1 0 0 0 0 0 0 0 0 0 0 0 0 0 0 0 0 0 0 0 0 0 0 0 0 0 0 0 0 0 0 
0 0 0 0 0 0 0 2 0 0 0 1 0 0 0 0 0 0 0 0 0 0 0 0 0 0 0 0 2 0 0 0 0 0 0 0 0 0 0 0 
0 0 0 0 0 0 0 0 0 0 0 0 0 0 0 0 0 0 0 0 0 0 0 0 0 0 1 0 0 0 1 0 0 0 0 1 0 0 0 0 
0 0 0 0 0 0 0 0 0 1 0 0 0 0 0 0 0 0 0 0 0 0 0 0 3 0 0 0 0 0 0 0 0 0 0 0 0 0 0 0 
0 0 0 0 0 2 0 0 0 1 0 0 0 0 0 0 0 0 1 0 0 0 0 0 0 0 0 0 1 0 0 0 0 0 0 0 0 0 0 0 
0 0 0 0 0 0 0 0 0 0 0 0 0 0 0 0 0 0 0 0 0 0 0 0 1 0 0 0 1 0 0 0 0 0 0 0 0 2 0 0 
0 0 0 0 0 0 0 2 0 0 0 0 0 0 0 0 0 0 0 0 0 0 0 0 0 0 0 0 0 0 0 0 0 0 0 0 0 0 0 0 
0 0 0 -1 0 0 0 1 0 0 0 0 0 0 0 0 0 0 0 0 0 0 0 0 0 0 2 0 0 0 0 0 0 0 0 0 0 0 0 0 
0 4 0 1 0 0 0 0 0 0 0 0 0 0 0 0 0 0 0 0 0 0 2 0 0 0 1 0 0 0 0 0 0 0 0 0 0 0 0 0 
0 0 0 0 0 1 0 0 0 0 0 0 0 0 0 0 0 0 0 0 4 0 1 0 0 0 0 0 0 0 0 0 0 0 0 0 0 0 0 0 
0 1 0 0 0 1 0 0 0 0 0 0 0 0 0 0 0 0 0 0 0 0 0 0 0 0 0 0 0 0 0 0 0 2 0 0 0 0 0 6 
0 0 0 0 0 0 0 0 0 0 0 0 0 0 0 0 0 0 0 0 1 0 0 0 1 0 0 0 0 0 0 0 0 0 0 0 0 0 0 0 
0 0 0 0 0 0 0 0 0 0 0 0 1 0 0 0 0 0 3 0 0 0 0 0 0 0 0 0 0 0 0 0 0 0 0 0 0 0 0 2 
0 0 0 1 0 0 0 0 0 0 0 0 0 0 0 0 0 0 0 0 0 0 0 0 0 0 0 0 0 0 0 0 0 0 0 0 0 2 0 0 
0 0 0 0 0 0 0 0 0 0 0 0 0 0 0 0 0 0 1 0 0 0 1 0 0 0 0 2 0 0 0 0 0 0 0 0 0 0 0 0 
0 0 0 0 0 0 0 0 0 0 0 0 0 0 0 0 8 0 0 0 0 0 0 0 0 0 0 0 0 0 0 0 0 0 0 0 0 -3 0 0 
0 1 0 0 0 0 3 0 0 0 0 0 0 0 0 0 0 0 0 0 0 0 0 0 0 0 0 0 0 0 0 0 0 0 0 11 0 0 0 0 
0 0 0 0 0 0 0 0 0 0 0 0 0 0 0 0 -5 0 0 0 1 0 0 0 0 1 0 0 0 0 0 0 0 0 0 0 0 0 0 0 
0 0 0 0 0 0 0 0 0 0 0 0 0 0 5 0 0 0 0 0 0 0 0 0 0 0 0 0 0 0 0 0 0 0 0 -1 0 0 0 1 
0 0 0 0 0 0 0 0 0 0 0 0 0 0 0 0 0 0 2 0 0 0 0 0 0 0 0 0 0 0 0 0 0 2 0 0 0 0 0 0 
0 0 0 0 0 0 0 0 0 0 0 0 0 0 1 0 0 0 1 0 0 0 0 0 0 0 0 0 0 0 0 0 0 0 0 0 0 3 0 0 
0 0 0 0 0 0 0 0 0 0 0 0 3 0 0 0 0 0 0 0 0 0 0 0 0 0 0 0 0 0 0 0 0 0 0 0 0 1 0 0 
0 0 0 0 0 0 0 0 0 0 0 0 0 0 0 0 1 0 0 0 0 0 0 0 0 0 0 0 0 0 0 1 0 0 0 0 0 0 0 0 
0 0 0 0 0 0 0 0 0 0 0 0 2 0 0 0 1 0 0 0 0 0 0 0 0 0 0 0 0 0 0 0 0 0 0 2 0 0 0 0 
0 0 0 0 0 0 0 0 0 0 4 0 0 0 0 0 0 0 0 0 0 0 0 0 0 0 0 0 0 0 0 -1 0 0 0 1 0 0 0 0 
0 0 0 0 0 0 0 0 0 0 0 0 0 0 1 0 0 0 0 0 0 0 0 0 0 0 0 0 0 3 0 0 0 0 0 0 0 0 0 0 
0 0 0 0 0 0 0 0 0 0 0 0 0 0 1 0 0 0 0 0 0 0 0 0 0 0 0 0 0 0 0 0 0 0 0 0 0 0 0 0 
0 0 0 0 0 0 0 0 0 1 0 0 0 0 0 0 0 0 0 0 0 0 0 0 0 0 0 0 0 1 0 0 0 1 0 0 0 0 0 0 
0 0 0 0 0 0 0 0 0 0 0 0 0 0 0 0 0 0 0 0 0 0 0 0 0 0 0 0 2 0 0 0 0 0 0 0 0 0 0 0 
0 0 0 0 0 0 0 0 -1 0 0 0 1 0 0 0 0 0 0 0 0 0 0 0 0 0 0 0 0 0 0 0 0 0 0 0 0 0 0 0 
0 0 0 0 0 0 0 3 0 0 0 0 0 0 0 0 0 0 0 0 0 0 0 0 0 0 0 -3 0 0 0 1 0 0 0 0 1 0 0 0 
0 0 0 0 0 0 0 0 0 0 0 0 0 0 0 0 0 0 0 1 0 0 0 0 0 0 0 0 0 0 0 0 0 0 1 0 0 0 0 0 
0 0 0 0 0 0 2 0 0 0 1 0 0 0 0 0 0 0 0 0 0 0 0 0 0 0 0 0 0 0 0 0 0 0 0 0 0 0 0 0 
0 0 0 0 8 0 0 0 0 0 0 0 0 2 0 0 0 0 0 0 0 0 0 0 0 -1 0 0 0 1 0 0 0 0 0 0 0 0 0 0 
0 0 0 0 0 0 0 0 0 0 0 0 0 0 0 0 0 0 0 0 0 0 0 4 0 0 0 0 0 0 0 0 1 0 0 0 0 0 0 0 
0 0 0 0 1 0 0 0 1 0 0 0 0 0 0 0 0 0 0 0 0 0 0 0 0 0 0 3 0 0 0 0 0 0 0 0 0 0 0 0 
0 0 4 0 0 0 0 0 0 0 0 0 0 1 0 0 0 0 0 0 0 0 0 2 0 0 0 0 1 0 0 0 0 0 0 0 0 0 0 0 
0 0 0 0 0 0 0 0 0 0 0 0 0 0 0 0 0 0 0 0 0 4 0 0 0 0 0 0 0 0 0 0 0 0 0 0 0 0 0 0 
0 0 -3 0 0 0 0 1 0 0 0 0 0 0 0 0 0 0 0 0 0 0 0 0 0 3 0 0 0 0 0 0 0 0 0 0 0 0 0 0 
3 0 0 0 0 0 0 0 0 0 0 0 0 0 0 0 0 0 0 0 0 0 0 0 0 0 1 0 0 0 0 0 0 0 0 0 0 0 0 0 
0 0 0 0 4 0 0 0 0 0 0 0 0 0 0 0 0 0 0 4 0 0 0 0 0 0 0 0 0 0 0 0 0 0 0 0 0 0 0 0 
-1 0 0 0 0 0 1 0 0 0 0 0 0 0 0 0 0 0 0 0 0 4 0 0 0 0 0 0 0 0 0 0 0 0 0 0 0 0 0 0 
0 0 0 0 0 0 0 0 0 0 0 0 0 0 0 0 0 0 0 -1 0 0 0 0 0 1 0 0 0 0 0 0 0 0 0 0 0 0 0 0 
1 0 3 0 0 0 0 0 0 0 0 0 0 0 0 0 0 3 0 0 0 0 0 0 0 0 0 0 0 0 0 0 0 0 0 0 0 0 -1 0 
0 0 0 0 1 0 0 0 0 0 0 0 0 0 0 0 0 0 0 2 0 2 0 0 0 0 0 0 0 0 0 0 0 0 0 0 2 0 0 0 
0 0 0 0 0 0 0 0 0 0 0 0 0 0 0 0 0 -1 0 0 0 0 0 1 0 0 0 0 0 0 0 0 0 0 0 0 0 0 3 0 
1 0 0 0 0 0 0 0 0 0 0 0 0 0 0 1 0 0 0 0 0 0 0 0 0 0 0 0 0 0 0 0 0 0 0 0 -1 0 0 0 
0 0 3 0 0 0 0 0 0 0 0 0 0 0 0 0 0 0 0 0 0 0 0 0 0 0 0 0 0 0 0 0 0 0 5 0 0 0 0 0 
0 0 0 0 0 0 0 0 0 0 0 0 0 0 0 -1 0 0 0 0 0 4 0 0 0 0 0 0 0 0 0 0 0 0 0 0 0 0 0 0 
0 0 0 0 0 0 0 0 0 0 0 0 0 7 0 0 0 0 0 0 0 0 0 0 0 0 0 0 0 0 0 0 0 0 -2 0 0 0 0 0 
1 0 0 0 0 0 0 0 0 0 0 0 0 0 0 0 0 3 0 0 0 0 0 0 0 0 0 0 0 0 0 0 3 0 0 0 0 0 0 0 
0 0 0 0 0 0 0 0 0 0 0 0 0 0 0 0 0 0 0 1 0 0 0 0 0 0 0 0 0 0 0 0 0 0 0 0 4 0 0 0 
0 0 0 0 0 0 0 0 0 0 0 4 0 0 0 0 0 0 0 0 0 0 0 0 0 0 0 0 0 0 0 0 -1 0 0 0 0 0 0 1 
0 0 0 0 0 0 0 0 0 0 0 0 0 0 0 0 0 0 0 0 0 0 0 0 0 0 0 0 0 0 0 0 0 0 0 0 0 0 0 0 
0 0 0 0 0 0 0 0 0 0 0 2 0 0 0 0 0 1 1 0 0 0 0 0 0 0 0 0 0 0 0 0 0 0 4 0 0 0 0 0 
0 0 0 0 0 0 0 0 0 4 0 0 0 0 0 0 0 0 0 0 0 0 0 0 0 0 0 0 0 0 1 0 0 0 0 0 0 1 0 1 
0 0 0 0 0 0 0 0 0 0 0 0 0 0 0 0 0 0 0 0 0 0 0 0 0 0 0 0 3 0 0 0 0 0 0 0 0 0 0 0 
0 0 0 0 0 0 0 0 0 0 0 0 0 0 0 0 1 0 0 0 0 0 0 0 0 0 0 0 0 0 1 0 0 0 0 0 0 0 0 0 
0 0 0 0 0 0 0 0 0 0 0 0 0 0 0 0 0 0 0 0 0 0 0 0 0 0 0 0 1 0 0 0 0 0 0 1 0 1 0 0 
0 0 0 0 0 0 0 0 0 0 0 1 0 0 0 0 0 0 0 0 0 0 0 0 0 0 3 0 0 0 0 0 0 0 0 0 0 0 0 0 
0 0 0 0 0 0 0 1 0 0 0 0 0 0 1 0 0 0 0 0 0 0 0 0 0 0 0 0 0 0 2 0 0 0 0 0 0 0 0 0 
0 0 0 0 0 4 0 1 0 0 0 0 0 0 0 0 0 0 0 0 0 0 0 0 0 0 1 0 0 0 0 0 0 1 0 0 0 0 0 0 
0 0 0 0 0 0 0 0 0 1 0 0 0 0 0 0 0 0 0 0 0 0 0 0 4 0 1 0 0 0 0 0 0 0 0 0 0 0 0 0 
0 0 0 0 0 0 0 0 0 0 0 0 1 0 0 0 0 0 0 0 0 0 0 0 0 0 0 0 1 0 0 0 0 0 0 0 0 0 0 0 
0 0 0 1 0 0 0 0 0 0 0 0 0 0 0 0 0 0 0 0 0 0 0 0 1 0 0 0 0 0 0 1 0 0 0 0 0 0 0 0 
0 0 0 0 0 0 0 0 0 0 0 0 0 0 0 0 0 0 0 0 0 0 4 0 1 0 0 0 0 0 0 0 0 0 0 0 0 0 0 0 
0 0 0 -1 0 0 0 0 0 0 1 0 0 0 0 0 0 0 0 0 0 0 0 0 0 0 0 0 0 0 0 0 0 0 0 0 0 0 0 0 
0 4 0 0 0 0 0 0 0 0 1 0 0 0 0 0 0 0 0 0 0 0 0 0 0 0 0 0 0 2 0 3 0 0 0 0 0 0 0 0 
0 0 0 0 0 0 0 0 0 0 0 0 0 0 0 0 0 0 0 0 11 0 0 0 0 0 0 0 0 0 0 0 0 0 0 0 0 0 1 0 
0 0 0 0 0 0 0 0 1 0 3 0 0 0 0 0 0 0 0 0 0 0 0 0 0 0 0 0 0 0 0 0 0 0 0 0 0 0 0 11 
0 0 0 0 0 0 0 0 0 0 0 0 0 0 0 0 0 1 0 0 -2 0 0 0 0 0 0 0 1 0 0 0 0 0 0 0 0 0 0 0 
0 0 0 0 0 0 0 0 0 0 0 0 0 0 0 0 0 0 0 0 0 0 0 0 0 0 0 0 0 0 0 0 0 0 0 0 0 0 0 -1 
0 0 0 0 0 0 0 0 1 0 0 0 0 0 0 0 0 0 0 0 0 0 4 0 0 0 0 0 0 0 0 0 0 0 0 0 0 0 0 0 
0 0 0 0 0 0 0 0 0 0 0 0 0 0 0 0 0 0 0 0 0 0 0 0 0 0 0 1 0 0 0 0 0 0 0 0 0 0 0 0 
0 0 0 0 0 0 0 0 0 0 1 0 0 0 0 0 0 0 0 0 0 0 0 0 0 0 0 0 0 0 0 0 0 0 0 0 0 -1 0 0 
0 0 0 0 0 0 1 0 0 0 0 0 0 0 0 0 0 0 0 0 0 0 0 0 0 0 0 0 0 0 0 0 0 0 0 2 0 0 0 0 
0 0 0 0 0 0 0 0 0 0 0 0 0 0 0 0 0 0 0 0 0 0 0 0 0 1 0 0 0 0 0 0 0 0 0 0 0 0 0 0 
0 0 0 0 0 0 0 0 0 0 0 0 0 0 3 0 0 0 0 0 0 0 0 0 0 0 0 0 0 0 0 0 0 0 0 -2 0 0 0 0 
0 0 0 0 0 1 0 0 0 0 0 0 0 0 0 0 0 0 0 0 0 0 0 0 0 0 0 0 0 0 0 0 0 0 0 0 0 0 0 0 
0 0 0 0 0 0 0 0 0 0 0 0 0 0 2 0 0 0 1 0 0 0 0 0 2 0 0 0 0 0 0 0 0 0 0 0 0 4 0 0 
0 0 0 0 0 0 0 0 0 0 0 0 4 0 0 0 0 0 0 0 0 0 0 0 0 0 0 0 0 0 0 0 0 3 0 0 0 1 0 0 
0 0 0 3 0 0 0 0 0 0 0 0 0 0 0 0 6 0 0 0 0 0 0 0 0 0 0 0 0 0 0 6 0 0 0 0 0 0 0 0 
0 0 0 0 0 0 0 0 0 0 0 0 3 0 0 0 1 0 0 0 0 0 1 0 0 0 0 0 0 0 0 0 0 0 0 3 0 0 0 0 
0 0 0 0 0 0 0 0 0 0 3 0 0 0 0 0 0 0 0 0 0 0 0 0 0 0 0 0 0 0 0 2 0 0 0 0 0 1 0 0 
0 1 0 0 0 0 0 0 0 0 0 0 0 0 4 0 0 0 0 0 0 0 0 0 0 0 0 0 0 4 0 0 0 0 0 0 0 0 0 0 
0 0 0 0 0 0 0 0 0 0 1 0 0 0 0 0 0 0 0 1 1 0 0 0 0 0 0 0 0 0 0 0 0 0 0 0 0 0 0 0 
0 0 0 0 0 0 0 0 3 0 0 0 0 0 0 0 0 0 0 0 0 0 0 0 0 0 0 0 0 0 0 0 0 0 0 0 0 0 0 1 
0 0 1 0 0 0 0 0 0 0 0 0 0 0 0 0 0 0 0 0 0 0 0 0 0 0 0 0 0 0 0 0 0 0 0 0 0 0 0 0 
0 0 0 0 0 0 0 0 -1 0 0 0 0 0 0 0 0 0 2 0 0 0 0 1 0 0 0 0 0 0 0 4 0 0 0 0 0 0 0 0 
0 0 0 0 0 0 4 0 0 0 0 0 0 0 0 0 0 0 0 0 0 0 0 0 0 0 0 3 0 0 0 0 0 0 0 0 0 3 0 0 
0 0 1 0 0 0 0 0 0 0 6 0 0 0 0 0 0 0 0 0 0 0 0 0 0 6 0 0 0 0 0 0 0 0 0 0 0 0 0 0 
0 0 0 0 0 0 3 0 0 0 0 0 0 0 0 0 1 0 0 0 0 1 0 0 0 0 0 0 0 3 0 0 0 0 0 0 0 0 0 0 
0 0 0 0 3 0 0 0 0 0 0 0 0 0 0 0 0 0 0 0 0 0 0 0 0 2 0 0 0 0 0 0 0 0 0 1 0 0 0 0 
0 0 1 0 0 0 0 0 0 0 0 0 0 0 0 0 0 0 0 0 0 0 0 4 0 0 0 0 0 0 0 0 0 0 0 0 0 0 0 0 
0 0 0 0 0 0 0 0 0 0 0 0 0 0 1 0 0 0 0 0 0 0 0 0 0 1 0 0 0 0 0 0 0 0 0 0 0 0 0 0 
0 0 0 0 0 0 0 0 0 0 0 0 0 0 0 0 0 0 0 0 0 0 0 1 0 0 0 0 0 0 0 0 1 1 0 0 0 0 0 0 
0 0 0 0 0 0 1 0 0 0 0 0 0 0 0 0 0 0 0 0 0 3 0 0 0 0 0 0 0 0 0 0 0 0 0 0 0 0 0 0 
0 0 1 0 0 0 0 0 0 0 0 0 1 0 0 1 0 0 0 0 0 0 0 0 0 2 0 0 0 0 0 0 0 0 0 0 0 0 0 0 
0 0 0 0 0 0 0 0 0 0 0 0 0 0 0 0 0 0 0 0 0 1 0 0 0 0 0 0 0 0 0 1 0 0 1 0 0 0 0 0 
0 0 0 0 1 0 0 0 0 0 0 0 0 0 0 0 0 0 0 0 0 0 0 0 0 0 0 0 0 0 0 0 0 0 0 0 0 0 0 0 
0 0 0 0 0 0 0 0 0 0 1 0 0 0 0 0 0 0 0 0 0 0 0 2 0 0 0 0 0 0 0 0 0 0 0 0 0 0 4 0 
1 0 0 0 0 0 0 0 0 0 0 0 0 0 0 0 0 0 0 1 0 0 0 0 0 0 0 0 0 1 0 0 0 0 0 0 0 0 0 0 
0 0 1 0 0 0 0 0 0 0 0 0 0 0 0 0 0 4 0 1 0 0 0 0 0 0 0 0 0 0 0 0 0 0 0 0 0 0 0 0 
0 0 0 0 0 0 0 0 1 0 0 0 0 0 0 0 0 0 0 0 0 0 0 0 0 0 0 0 0 1 0 0 0 0 0 0 4 0 0 0 
0 0 0 0 0 0 0 0 0 0 0 0 0 0 0 0 0 0 0 0 0 0 0 0 0 0 0 4 0 0 0 0 0 0 0 0 0 0 0 0 
8 0 0 0 0 0 0 0 0 0 0 0 0 0 1 8 0 0 0 0 0 0 0 0 0 0 0 0 0 0 0 0 0 0 0 0 4 0 0 0 
0 0 0 0 0 0 3 0 0 0 0 0 0 0 0 0 0 0 0 5 0 0 0 0 0 0 0 0 0 0 0 0 0 1 7 0 0 0 0 0 
0 0 0 0 0 0 0 0 0 0 0 0 0 0 0 2 0 0 0 0 0 0 0 0 0 1 0 0 0 0 0 0 0 0 0 0 0 0 2 0 
0 0 0 0 0 0 0 0 0 0 0 0 1 4 0 0 0 0 0 0 0 0 0 0 0 0 0 0 0 0 0 0 0 0 1 0 0 0 0 0 
0 0 0 0 1 0 0 0 0 0 0 0 0 0 0 0 0 1 0 0 0 0 0 0 0 0 0 0 0 0 0 0 1 0 0 0 0 0 0 0 
0 0 0 0 0 0 0 0 0 0 0 0 0 1 0 0 0 0 0 0 0 0 0 1 0 0 0 0 0 0 0 0 0 0 0 0 0 0 0 0 
0 0 0 0 0 0 0 0 0 0 0 0 1 0 0 0 0 0 0 0 0 0 0 0 0 0 0 0 0 0 0 0 0 0 0 0 0 0 0 0 
0 0 1 0 0 0 0 0 0 0 0 0 0 0 0 0 0 0 0 0 0 0 0 0 0 0 0 0 0 0 0 2 0 0 0 0 0 0 0 0 
0 0 0 0 0 0 0 0 0 0 0 -2 0 0 0 0 0 0 0 0 0 1 0 0 0 0 0 0 0 0 0 0 0 0 0 0 0 0 0 0 
0 0 0 0 0 0 0 0 0 4 0 1 0 0 0 0 0 0 0 0 0 0 0 0 0 0 0 0 0 0 -1 0 0 0 0 0 0 0 0 0 
4 0 0 0 0 0 0 0 0 0 0 0 0 8 0 0 0 0 0 0 0 0 0 0 0 0 0 0 8 0 0 0 0 0 0 1 0 0 0 0 
0 0 0 0 0 0 0 0 0 4 0 0 0 0 0 0 0 0 0 1 0 0 0 0 0 0 0 0 0 0 0 0 0 0 0 0 0 0 0 0 
0 0 0 0 0 0 0 4 0 0 0 0 0 0 0 0 1 0 0 0 0 0 0 0 0 0 0 0 0 0 0 0 0 0 0 0 0 0 1 0 
0 0 0 0 0 0 0 0 0 0 0 0 0 0 0 0 0 0 0 0 0 0 0 0 0 0 4 0 0 0 0 0 0 0 0 0 1 0 0 0 
0 0 0 0 0 0 0 0 0 0 0 0 0 0 0 0 0 1 0 0 0 0 0 0 0 0 0 0 0 0 3 0 0 0 0 0 0 0 0 0 
0 0 0 0 0 4 0 0 0 0 0 0 0 0 0 0 1 0 0 0 0 0 0 0 0 0 1 0 0 0 0 0 0 0 0 0 1 0 0 0 
0 0 0 0 0 0 0 0 0 2 0 0 0 0 0 0 0 0 0 0 0 0 0 0 4 0 0 0 0 0 0 0 0 0 0 1 0 0 0 0 
0 0 0 0 0 0 0 0 0 0 0 0 0 0 0 4 0 0 0 0 0 0 0 0 0 0 0 0 8 0 0 0 0 0 0 0 0 0 0 0 
0 0 0 8 0 0 0 0 0 0 0 0 0 0 0 0 0 0 0 1 0 0 0 0 4 0 0 0 0 0 0 0 0 3 2 0 0 0 0 0 
0 0 0 0 0 0 0 0 0 0 0 0 0 0 0 0 0 0 0 0 0 0 11 0 0 0 0 0 0 0 0 0 0 0 0 0 0 0 0 0 
1 0 0 0 0 0 0 0 0 0 0 0 3 1 0 0 0 0 0 0 0 0 0 0 0 0 0 0 0 0 0 0 0 0 0 0 0 0 0 0 
0 11 0 0 0 0 0 0 0 0 0 0 0 0 0 0 0 0 0 1 0 0 -2 0 0 0 0 0 0 0 0 0 2 0 0 0 0 0 0 0 
0 0 0 0 0 6 0 0 0 0 0 0 0 0 0 0 0 0 0 0 6 0 0 0 0 0 0 0 0 0 0 0 0 0 0 0 0 0 0 0 
1 2 0 0 0 0 0 0 0 0 0 3 0 0 0 0 0 0 0 0 0 0 0 0 6 0 0 0 0 0 0 0 0 0 0 0 0 0 0 6 
0 0 0 0 0 0 0 0 0 0 0 0 0 0 0 0 0 0 0 1 4 0 0 0 0 0 0 0 0 0 1 0 0 0 0 0 0 0 0 0 
0 0 0 6 0 0 0 0 0 0 0 0 0 0 0 0 0 0 6 0 0 0 0 0 0 0 0 0 0 0 0 0 0 0 0 0 0 0 1 0 
0 0 0 0 0 0 0 0 0 0 1 0 0 0 0 0 0 0 0 0 0 0 0 0 0 0 0 0 0 0 0 0 0 0 0 0 0 0 0 0 
0 0 0 0 0 0 0 0 0 0 0 0 0 0 0 0 0 0 2 0 0 0 0 0 0 0 0 2 0 1 0 0 0 0 0 0 0 0 0 0 
0 0 0 0 0 0 0 0 0 0 0 0 0 0 0 0 6 0 0 0 0 0 0 0 0 0 0 0 0 0 0 0 0 0 0 0 0 -2 0 0 
0 0 0 0 0 0 1 0 1 0 0 0 0 0 0 0 0 0 0 0 0 0 0 0 0 0 0 0 0 0 0 0 0 0 0 3 0 0 0 0 
0 0 0 0 0 0 0 0 0 0 0 0 0 0 0 0 0 0 0 0 0 0 0 0 0 0 0 1 0 0 1 0 0 0 0 0 0 0 0 0 
0 0 0 0 0 0 0 0 0 0 0 0 0 0 0 0 0 0 0 0 0 0 0 0 0 0 0 0 0 0 0 0 0 0 0 1 0 0 0 0 
0 0 0 0 0 0 1 0 0 2 0 0 0 0 0 0 0 0 0 0 0 0 0 0 0 0 0 0 0 0 0 0 0 0 0 0 0 0 0 0 
0 0 0 0 0 0 0 0 0 0 0 0 0 0 0 0 0 0 0 0 0 0 0 0 0 1 0 0 3 0 0 0 0 0 0 0 0 0 0 0 
0 0 0 0 0 0 0 0 0 0 0 0 0 0 0 0 0 0 0 0 0 0 0 0 0 0 0 0 0 0 0 0 0 -1 0 0 0 0 0 0 
0 0 0 0 1 0 0 4 0 0 0 0 0 0 0 0 0 0 0 0 0 0 0 0 0 0 0 0 0 0 0 0 0 0 0 0 0 0 0 0 
0 0 0 0 0 0 0 0 0 0 0 0 -2 0 0 0 0 0 0 0 0 1 0 1 0 0 0 0 0 0 0 0 0 0 0 1 0 0 0 0 
0 0 0 0 0 0 0 0 0 0 3 0 0 0 0 0 0 0 0 0 0 0 0 0 0 0 0 0 0 0 0 1 0 0 0 0 0 0 0 0 
0 0 1 0 0 0 0 0 0 0 0 0 0 0 2 0 0 0 0 0 0 0 0 0 0 0 0 0 0 4 0 1 0 0 0 0 0 0 0 0 
0 0 0 0 0 0 0 0 0 0 1 0 0 0 0 0 0 0 0 0 0 1 0 0 0 0 0 0 0 0 0 0 0 1 0 0 0 0 0 0 
0 0 0 0 0 0 0 0 4 0 1 0 0 0 0 0 0 0 0 0 0 0 0 0 0 0 0 0 0 0 0 0 0 0 0 0 0 0 0 0 
1 0 0 0 0 0 0 0 0 0 0 0 2 0 0 0 0 0 0 0 0 0 0 0 0 0 0 0 0 0 0 0 0 0 0 0 2 0 0 0 
0 0 0 0 0 0 0 0 0 0 0 0 0 0 0 0 0 0 0 1 0 0 0 0 0 0 0 0 0 0 0 3 0 0 0 0 0 0 0 0 
0 0 0 0 0 0 0 0 0 0 0 0 0 0 0 3 0 0 0 0 0 0 0 0 0 0 0 -1 0 0 0 0 0 0 0 0 0 0 1 0 
0 0 0 0 0 0 0 0 0 0 4 0 0 0 0 0 0 0 0 0 0 0 0 0 0 0 0 0 0 0 0 0 0 0 4 0 0 0 0 0 
0 0 0 0 0 0 -2 0 0 0 0 0 0 0 0 0 0 1 0 0 0 0 0 0 0 0 0 0 0 1 0 0 0 0 0 0 0 0 0 0 
0 0 0 0 0 0 0 0 0 0 0 0 0 1 0 0 0 0 0 0 0 0 0 0 0 1 0 0 0 0 0 0 0 0 0 0 1 0 0 0 
0 0 0 0 0 0 0 0 2 0 0 0 0 0 0 0 0 0 0 0 0 0 0 2 0 0 0 0 0 0 0 0 0 0 0 0 0 0 0 0 
0 0 0 0 0 0 0 0 0 0 0 0 0 0 0 1 0 0 0 0 0 0 0 0 0 0 0 3 0 0 0 0 0 0 0 0 0 0 0 0 
0 0 3 0 0 0 0 0 0 0 0 0 0 0 0 0 0 0 0 0 0 0 0 -1 0 0 0 0 0 0 0 0 0 0 1 0 0 0 0 0 
0 0 0 0 0 0 4 0 0 0 0 0 0 0 0 0 0 0 0 0 0 4 0 0 0 0 0 0 0 0 0 0 0 0 0 0 0 0 0 0 
0 0 -2 0 0 0 0 0 0 0 0 0 0 2 0 0 0 0 0 0 0 0 0 0 0 1 0 0 0 0 0 0 0 0 0 0 0 0 0 0 
1 0 0 0 0 0 0 0 0 0 0 0 0 0 0 0 0 0 0 0 0 3 0 0 0 0 0 0 0 0 0 0 1 0 0 0 0 0 0 0 
0 0 0 0 1 0 0 0 0 0 0 0 0 0 0 0 0 0 0 1 0 0 0 0 0 0 0 0 0 0 0 0 0 0 0 0 0 0 0 0 
1 0 0 0 0 0 0 0 0 0 0 1 0 0 0 0 0 0 0 0 0 0 0 1 0 0 0 0 0 0 0 0 0 0 0 0 0 0 0 0 
0 0 0 0 0 0 0 2 0 0 0 0 0 0 0 0 0 0 0 -1 0 0 0 0 0 0 0 0 0 0 1 0 0 0 0 0 0 0 0 0 
0 0 0 0 0 0 0 0 0 0 0 0 0 0 0 0 0 8 0 0 0 0 0 0 0 0 2 0 0 0 0 0 0 0 0 0 0 0 -2 0 
0 0 0 0 0 0 0 0 0 1 0 0 0 0 0 0 0 0 0 0 0 0 0 0 0 0 0 0 0 0 0 0 0 0 0 0 4 0 0 0 
0 0 0 0 0 1 0 0 0 0 0 0 0 0 0 0 0 0 0 0 0 0 0 0 0 0 0 0 0 1 0 0 0 0 0 0 0 0 0 0 
0 0 0 0 0 0 0 0 0 0 0 0 0 0 0 0 0 0 0 0 0 0 0 0 0 0 0 0 0 0 0 0 0 0 0 0 3 0 0 0 
0 0 0 0 0 0 0 0 1 0 0 0 0 0 0 0 0 1 0 0 0 0 0 0 0 0 0 0 0 0 0 0 0 0 0 0 0 0 0 0 
0 0 0 0 0 0 0 0 0 0 0 0 0 0 0 2 0 0 0 0 0 0 0 0 1 0 0 1 0 0 0 0 0 0 0 0 0 0 0 0 
0 0 0 0 0 0 0 1 0 0 0 0 0 0 0 0 0 0 0 0 0 0 1 0 0 0 0 0 0 0 0 0 0 0 2 0 0 0 0 0 
0 0 0 0 0 0 1 0 0 0 0 0 0 0 0 0 0 0 0 0 0 0 0 0 0 0 0 0 0 0 0 0 4 0 0 0 0 0 0 0 
0 1 0 0 0 0 0 0 0 0 0 0 0 1 0 0 0 0 0 0 0 0 0 0 0 0 1 0 0 0 0 0 0 0 0 0 0 0 0 0 
0 0 0 0 0 0 0 0 0 0 0 0 0 0 0 0 0 0 0 0 0 0 0 0 0 0 0 0 0 0 0 0 -3 0 0 0 0 0 0 0 
0 0 0 0 0 0 1 0 0 0 0 0 0 0 0 0 0 0 0 0 0 0 0 0 0 0 0 0 0 0 0 0 0 0 0 0 0 0 0 0 
0 0 0 0 0 0 0 0 0 0 0 -1 0 0 0 0 0 0 0 0 0 0 0 0 0 1 0 0 0 0 0 0 0 0 0 0 0 0 0 0 
0 0 0 0 0 0 0 0 0 4 0 0 0 0 0 0 0 0 0 0 0 0 0 0 0 0 0 0 0 0 -1 0 0 0 0 0 0 0 0 0 
0 0 0 0 0 1 0 0 0 0 0 0 0 0 0 0 0 0 0 0 0 0 0 0 0 0 0 0 0 0 0 0 0 0 0 0 0 0 0 0 
0 0 0 0 0 0 0 0 0 3 0 0 0 0 0 0 0 0 2 0 0 0 0 0 1 0 0 0 0 0 0 0 0 0 0 0 0 0 0 0 
0 0 0 0 0 0 0 6 0 0 0 0 0 0 0 0 0 0 0 0 0 0 0 0 0 0 0 0 -1 0 0 0 0 0 0 0 0 3 0 0 
0 0 0 1 0 0 0 0 0 0 0 0 0 0 0 0 0 0 0 0 0 0 0 0 0 0 9 0 0 0 0 0 0 0 0 0 0 0 0 0 
0 0 0 0 0 0 0 -3 0 0 0 0 0 0 0 0 1 0 0 0 0 0 1 0 0 0 0 0 0 0 0 0 0 0 0 0 0 0 0 0 
0 0 0 0 0 3 0 0 0 0 0 0 0 0 0 0 0 0 0 0 0 0 0 0 0 0 1 0 0 0 0 0 0 0 0 0 0 0 0 0 
1 1 0 0 0 0 0 0 0 0 0 0 0 0 0 0 0 0 0 0 0 0 0 0 0 0 0 0 0 0 0 0 0 0 0 0 0 0 0 0 
0 0 0 0 0 2 0 0 0 0 0 0 0 0 0 0 0 0 0 2 1 0 0 0 0 0 0 0 0 0 0 0 0 0 0 0 0 0 0 0 
0 0 0 0 0 0 0 0 0 0 0 0 0 0 0 0 0 0 0 0 0 0 0 0 1 0 0 0 0 0 0 0 0 0 0 0 0 0 0 1 
0 0 0 0 0 1 0 0 0 0 0 0 0 0 0 0 0 0 0 0 0 0 0 0 0 0 0 0 0 0 0 0 0 0 0 0 0 0 0 0 
0 0 0 2 0 0 0 0 0 0 0 0 0 0 0 0 0 0 1 0 0 0 0 0 2 0 0 0 0 0 0 0 0 0 0 0 0 0 0 0 
0 0 0 0 0 0 0 0 0 0 0 0 0 0 0 0 0 0 0 0 0 0 1 0 0 0 0 0 0 0 0 1 0 0 0 0 0 1 0 0 
0 0 0 0 0 1 0 0 0 0 0 0 0 0 0 0 0 0 0 0 3 0 0 0 0 0 0 0 0 0 0 0 0 0 0 0 0 0 0 0 
0 2 0 0 0 0 0 0 0 0 0 0 0 0 0 0 1 0 0 0 0 0 0 0 2 0 0 0 0 0 0 0 0 0 0 0 0 0 0 4 
0 1 0 0 0 0 0 0 0 0 0 0 0 0 0 0 0 0 0 0 2 0 0 0 0 0 0 0 0 0 0 0 0 0 0 1 0 0 0 0 
0 0 0 1 0 0 0 0 0 0 0 0 0 0 0 0 0 0 4 0 1 0 0 0 0 0 0 0 0 0 0 0 0 0 0 0 0 0 0 1 
0 0 0 0 0 0 0 0 0 0 0 0 0 0 1 0 0 0 0 0 0 0 0 0 0 0 0 0 0 0 0 2 0 0 0 0 0 6 0 0 
0 0 0 0 0 0 0 0 0 0 0 0 0 0 0 0 0 0 1 0 0 0 0 0 0 0 0 0 0 0 0 0 0 1 0 0 0 0 0 0 
0 0 0 0 0 0 0 0 0 0 1 0 0 0 0 0 3 0 0 0 0 0 0 0 0 0 0 0 0 0 0 0 0 0 0 0 0 2 0 0 
0 0 0 0 0 0 0 0 0 0 0 0 1 0 0 0 0 0 0 0 2 0 0 0 0 0 0 0 0 0 0 0 0 0 0 2 0 0 0 0 
0 0 0 0 0 0 0 0 0 0 0 0 0 0 0 0 1 0 0 0 0 0 0 0 0 0 0 0 0 0 0 1 0 0 0 0 0 0 0 3 
0 0 0 0 0 0 0 0 0 0 0 0 0 0 3 0 0 0 0 0 0 0 0 0 0 0 0 0 0 0 0 0 0 0 0 0 0 0 0 0 
0 0 0 0 0 0 0 0 0 0 1 0 0 0 0 0 0 0 1 0 0 0 0 0 0 0 0 0 0 0 0 0 0 1 0 0 0 0 0 0 
0 0 0 0 0 0 0 0 0 0 0 0 0 0 2 0 0 0 0 0 0 0 0 1 0 0 0 0 0 1 0 0 0 0 0 0 0 0 0 0 
0 0 0 0 0 0 1 0 0 0 0 0 0 0 0 0 0 0 0 0 0 1 0 0 0 0 0 0 0 0 0 0 0 2 0 0 0 0 0 0 
0 0 0 0 0 0 0 0 1 0 0 0 0 0 0 0 0 0 0 0 0 0 0 0 0 0 0 0 0 0 0 8 0 0 0 0 0 0 0 0 
2 0 0 0 0 0 0 0 0 0 0 0 -1 0 0 0 0 0 0 0 0 0 0 0 0 0 0 1 0 0 0 0 0 0 0 0 0 0 0 0 
0 0 0 0 0 0 0 0 0 0 4 0 0 0 0 0 0 0 0 1 0 0 0 0 0 0 0 0 0 0 0 1 0 0 0 0 0 0 0 0 
0 0 0 0 0 0 1 0 0 0 0 0 0 0 3 0 0 0 0 0 0 0 0 0 0 0 0 0 0 4 0 0 0 0 0 0 0 0 0 0 
1 0 0 0 0 0 0 0 0 0 2 0 0 0 0 0 0 0 0 0 0 0 0 0 0 0 1 0 0 0 0 0 0 0 0 0 0 0 0 0 
0 0 0 0 0 0 0 0 0 0 0 0 0 0 0 0 0 0 0 0 0 0 0 0 0 0 0 0 0 2 0 0 0 0 0 0 0 0 1 0 
0 0 0 0 0 1 0 0 0 0 0 0 0 0 0 0 0 0 0 0 0 0 0 0 0 0 0 3 0 0 0 0 0 0 0 0 0 0 0 0 
0 0 0 0 0 0 0 0 0 0 0 0 0 0 0 0 0 0 0 0 0 0 1 0 1 0 0 0 0 0 0 0 0 0 0 0 0 0 0 0 
0 0 0 0 0 0 0 0 0 0 0 0 0 0 0 0 0 0 0 0 0 0 0 0 0 0 0 1 0 0 0 0 0 0 0 0 0 0 0 0 
0 2 0 1 0 0 0 0 0 0 0 0 0 0 0 0 0 0 0 0 0 0 0 0 0 0 0 0 0 0 0 0 0 0 0 0 0 0 0 0 
0 0 0 0 0 0 0 0 0 0 0 0 0 0 0 0 0 0 0 0 3 0 1 0 0 0 0 0 0 0 0 0 0 0 0 0 0 0 0 0 
0 0 0 0 0 0 0 0 0 0 0 0 0 0 0 0 0 0 0 0 0 0 0 0 0 -1 0 0 0 0 0 0 0 0 0 0 0 0 0 4 
0 1 0 0 0 0 0 0 0 0 0 0 0 0 0 0 0 0 0 0 0 0 0 0 0 0 0 0 0 0 0 0 0 0 0 0 0 0 0 0 
0 0 0 0 -2 0 0 0 0 0 0 0 0 0 0 0 0 0 0 0 1 0 0 0 0 1 0 0 0 0 0 0 0 0 0 0 0 0 0 0 
0 0 0 0 0 0 0 0 0 0 0 0 0 0 0 0 0 0 0 0 0 0 0 1 0 0 0 0 0 0 0 0 1 0 0 0 0 0 0 1 
0 0 0 0 0 0 1 0 0 0 0 0 0 0 0 0 0 0 0 0 0 3 0 0 0 0 0 0 0 0 0 0 0 0 0 0 0 0 0 0 
0 0 1 0 0 0 0 0 0 0 0 0 0 0 0 0 0 0 1 0 0 0 0 0 0 1 0 0 0 0 0 0 0 0 0 0 0 0 0 0 
4 0 1 0 0 0 0 0 0 0 0 0 0 0 0 0 0 0 0 0 0 0 0 0 0 0 0 0 0 0 0 0 0 0 0 0 0 1 0 0 
0 0 0 0 2 0 0 0 0 0 0 0 0 0 0 0 0 0 0 0 0 0 0 0 0 0 0 0 2 0 0 0 0 0 0 0 0 0 0 0 
0 0 0 0 0 0 0 0 0 0 0 0 0 0 0 0 1 0 0 0 0 0 0 1 0 0 0 0 0 0 0 0 0 0 0 0 0 0 0 0 
0 0 0 0 0 0 0 1 0 0 0 0 0 0 0 0 0 0 0 1 0 0 0 0 0 0 0 0 0 0 0 0 0 0 0 1 0 0 0 0 
0 0 2 0 0 0 0 0 0 0 0 0 0 0 0 0 0 2 0 0 0 0 0 0 0 0 0 0 0 0 0 0 0 0 0 0 0 0 0 0 
0 0 0 0 0 0 0 0 0 0 0 0 0 0 1 0 0 0 0 0 0 3 0 0 0 0 0 0 0 0 0 0 0 0 0 0 3 0 0 0 
0 0 0 0 0 0 0 0 0 0 0 0 0 0 0 0 0 -1 0 0 0 0 0 0 0 0 0 0 0 0 0 0 0 1 0 0 0 0 0 0 
4 0 0 0 0 0 0 0 0 0 0 0 0 0 0 4 0 0 0 0 0 0 0 0 0 0 0 0 0 0 0 0 0 0 0 0 -2 0 0 0 
0 0 0 0 0 0 0 0 0 0 0 0 2 0 0 0 0 0 0 1 0 0 0 0 0 0 0 0 0 0 0 0 0 0 1 0 0 0 0 0 
0 0 0 0 0 0 0 0 0 0 0 0 0 0 0 3 0 0 0 0 0 0 0 0 0 0 0 0 0 0 0 4 0 0 0 0 0 0 4 0 
0 0 0 0 0 0 0 0 0 0 0 0 0 4 0 0 0 0 0 0 0 0 0 0 0 0 0 0 0 0 0 0 0 0 4 0 0 0 0 0 
0 0 0 0 0 0 0 0 0 0 1 0 0 0 0 0 0 1 0 0 0 0 0 0 0 0 0 0 0 0 0 0 1 0 0 0 0 0 0 0 
0 0 0 0 0 0 0 0 0 0 0 0 0 1 0 0 0 0 0 0 0 0 0 0 0 0 0 0 0 1 0 0 0 0 0 0 0 0 0 0 
0 0 0 0 0 0 0 0 0 0 0 3 0 0 0 0 0 0 0 0 2 0 0 0 0 0 0 0 0 0 0 0 0 0 0 0 0 0 0 0 
0 0 0 0 0 0 0 0 1 0 0 0 0 0 0 0 0 0 0 0 0 0 0 0 0 0 0 0 0 0 4 0 0 0 0 0 0 0 0 1 
0 0 0 0 0 0 0 0 0 0 0 0 0 0 0 0 0 0 0 0 0 0 0 0 0 0 0 0 1 0 0 0 0 0 0 0 0 0 0 0 
0 0 0 0 0 0 0 0 0 0 0 0 0 0 0 0 0 0 0 0 0 0 0 0 0 0 0 0 0 0 2 0 0 0 0 0 0 0 0 0 
0 0 0 0 0 0 0 1 0 0 0 0 0 0 0 0 0 0 0 0 0 0 0 0 0 0 0 0 0 0 0 0 0 0 0 0 0 0 0 0 
0 0 0 0 0 0 0 0 0 3 0 0 0 0 0 0 0 1 0 0 0 0 0 0 0 0 1 0 0 0 0 0 0 0 0 0 0 0 0 0 
0 0 0 0 0 0 0 0 0 0 0 0 0 0 0 0 0 0 0 0 0 0 0 0 0 0 0 0 2 0 0 0 0 0 0 0 0 0 0 0 
0 0 1 0 0 1 0 0 0 0 0 0 0 0 0 0 0 0 0 0 0 0 0 0 0 0 0 0 0 0 0 0 0 0 0 0 0 0 0 0 
0 0 0 0 0 0 0 1 0 0 0 0 0 0 0 0 0 0 0 0 0 1 0 0 1 0 0 0 0 0 0 0 0 0 0 0 0 0 0 0 
0 0 0 0 0 0 0 0 0 0 0 0 0 0 0 0 0 0 0 0 0 0 0 0 0 0 2 0 0 0 0 0 0 0 0 0 0 0 0 0 
2 0 0 1 0 0 0 0 0 0 0 0 0 0 0 0 0 0 0 0 0 0 0 0 0 0 0 0 0 0 0 0 0 0 0 0 0 0 0 0 
0 0 0 0 0 1 0 0 0 0 0 0 0 0 0 0 0 0 0 0 0 0 1 0 0 0 1 0 0 0 0 0 0 0 0 0 0 0 0 0 
0 0 0 0 0 0 0 0 0 0 0 0 0 0 0 0 0 0 0 0 0 0 0 0 2 0 0 0 0 0 0 0 0 0 0 0 0 0 0 0 
0 1 0 0 0 2 0 0 0 0 0 0 0 0 0 0 0 0 0 0 0 0 0 0 0 0 0 0 0 0 0 0 0 0 0 0 0 0 0 0 
0 0 0 1 0 0 0 0 0 0 0 0 0 0 0 0 0 0 0 0 1 0 0 0 3 0 0 0 0 0 0 0 0 0 0 0 0 0 0 0 
0 0 0 0 0 0 0 0 0 0 0 0 0 0 0 0 0 0 0 0 0 0 0 0 0 0 0 0 0 0 0 0 0 0 0 0 0 0 0 1 
0 0 0 0 0 2 0 0 0 0 0 0 0 0 0 0 0 0 0 0 4 0 1 0 0 0 0 0 0 0 0 0 0 0 0 0 0 0 0 0 
0 2 0 0 0 0 0 0 0 0 0 0 0 0 0 0 0 0 1 0 0 0 0 0 1 0 0 0 0 0 0 0 0 0 0 0 0 0 0 4 
0 1 0 0 0 0 0 0 0 0 0 0 0 0 0 0 0 0 0 0 1 0 0 0 0 0 0 0 0 0 0 0 0 0 0 0 0 2 0 0 
0 0 0 0 0 0 0 0 0 0 0 0 0 0 0 0 0 0 7 0 0 0 0 0 0 0 0 0 0 0 0 0 0 0 0 0 0 0 0 -2 
0 0 0 0 0 0 0 0 0 0 0 0 0 0 0 0 1 0 0 0 0 0 0 0 0 0 0 0 0 0 0 0 0 0 0 0 0 4 0 0 
0 0 0 0 0 0 0 0 0 0 0 0 0 0 0 0 0 0 -2 0 0 0 0 0 0 0 0 0 0 0 0 0 1 0 0 1 0 0 0 0 
0 0 0 0 0 0 0 0 0 0 0 0 0 0 0 0 3 0 0 0 0 0 0 0 0 0 0 0 0 0 0 0 0 0 0 0 0 -1 0 0 
0 0 0 0 0 0 0 0 0 0 0 0 0 0 1 0 0 0 0 0 1 0 0 0 0 0 0 0 0 0 0 0 0 0 0 1 0 0 0 0 
0 0 0 0 0 0 0 0 0 0 0 0 0 0 0 0 1 0 0 0 0 0 0 0 0 0 0 0 0 0 0 0 0 1 0 0 0 0 0 1 
0 0 0 0 0 0 0 0 0 0 0 0 0 0 1 0 0 0 0 0 0 0 0 0 0 0 0 0 0 0 0 0 0 0 0 2 0 0 0 0 
0 0 0 0 0 0 0 0 0 0 0 0 1 0 0 0 0 0 2 0 0 0 0 0 0 0 0 0 0 0 0 0 0 2 0 0 0 0 0 0 
0 0 0 0 0 0 0 0 0 0 0 0 0 0 1 0 0 0 0 0 0 0 0 0 0 0 0 0 0 0 0 1 0 0 0 0 0 3 0 0 
0 0 0 0 0 0 0 0 0 0 0 0 3 0 0 0 0 0 0 0 0 0 0 0 0 0 0 0 0 0 0 0 0 0 0 0 0 0 0 0 
0 0 0 0 0 0 0 0 0 0 1 0 0 0 0 0 4 0 0 0 0 0 0 0 0 0 0 0 0 0 0 4 0 0 0 0 0 0 0 0 
0 0 0 0 0 0 0 0 0 0 0 0 -1 0 0 0 0 0 0 0 0 0 0 0 0 0 0 0 0 2 0 0 0 0 0 2 0 0 0 0 
0 0 0 0 0 0 0 0 0 0 2 0 0 0 0 0 0 0 0 0 0 0 0 0 0 0 0 0 0 0 0 4 0 0 0 0 0 0 0 0 
0 0 0 0 0 0 0 0 3 0 0 0 0 0 4 0 0 0 0 0 0 0 0 0 0 0 0 0 0 4 0 0 0 0 0 0 0 0 0 0 
0 0 0 0 0 0 0 0 0 0 5 0 0 0 0 0 0 0 0 2 0 0 0 0 0 0 0 1 0 0 0 0 0 1 0 0 0 0 0 0 
0 0 0 0 0 0 0 0 7 0 0 0 0 0 0 0 0 0 0 0 0 0 0 0 0 0 0 0 0 -2 0 0 0 0 0 0 0 0 1 0 
0 0 0 0 0 0 1 0 0 0 0 0 4 0 0 0 0 0 0 0 0 0 0 0 0 0 0 7 0 0 0 0 0 0 0 0 0 0 0 0 
0 0 0 0 0 0 0 0 -3 0 0 0 0 0 0 0 0 1 0 0 0 0 0 0 0 1 0 0 0 0 0 1 0 0 0 0 0 0 0 0 
0 0 0 0 0 0 4 0 0 0 0 0 0 0 0 0 0 0 0 0 0 0 0 0 0 0 0 0 0 0 0 0 0 0 0 0 0 0 0 0 
0 2 0 0 1 0 0 0 0 0 1 0 0 0 0 0 0 0 0 0 0 0 0 0 0 1 0 0 0 0 0 0 0 0 0 0 0 0 0 0 
0 0 0 0 0 0 0 0 0 0 0 0 0 0 0 0 0 0 0 0 0 0 0 1 0 0 0 0 0 5 0 0 0 0 0 0 0 0 0 0 
0 0 0 0 7 0 1 0 0 0 0 0 0 0 0 0 0 0 0 0 0 0 0 0 0 -1 0 0 0 0 0 0 0 0 0 0 0 0 0 0 
0 0 1 0 0 0 0 0 7 0 0 0 0 0 0 0 0 0 0 0 0 0 0 11 0 2 0 0 0 0 0 0 0 0 0 0 0 0 0 0 
0 0 0 0 -2 0 0 0 0 0 0 0 0 0 0 0 0 0 0 0 0 1 0 0 0 0 0 4 0 0 0 0 0 0 0 0 0 0 0 0 
0 0 7 0 1 0 0 0 0 0 0 0 0 0 0 0 0 0 0 0 0 0 0 -2 0 0 0 0 0 0 0 0 0 0 0 0 0 0 0 0 
1 0 0 0 0 0 7 0 0 0 0 0 0 0 0 0 0 0 0 0 0 12 0 2 0 0 0 0 0 0 0 0 0 0 0 0 0 0 0 0 
0 0 -4 0 0 0 0 0 0 0 0 0 0 0 0 0 0 0 0 1 0 0 0 0 0 3 0 0 0 0 0 0 0 0 0 0 0 0 0 0 
7 0 1 0 0 0 0 0 0 0 0 0 0 0 0 0 0 0 0 0 0 -3 0 0 0 0 0 0 0 0 0 0 0 0 0 0 0 0 1 0 
0 0 0 0 0 0 0 0 0 0 0 0 0 0 0 0 0 0 0 4 0 0 0 0 0 0 0 0 1 0 0 0 0 0 0 0 0 0 0 0 
1 0 0 0 0 0 0 0 0 0 0 0 0 0 0 0 0 0 1 0 0 0 0 0 0 0 0 0 0 0 0 0 0 0 0 0 0 0 0 0 
0 0 0 0 0 0 0 0 0 0 0 0 0 0 0 0 0 0 0 1 0 0 0 0 0 0 0 0 0 0 0 0 0 0 0 0 0 0 1 0 
0 0 0 0 0 0 0 0 0 0 0 0 0 0 0 0 0 0 0 0 0 0 0 0 0 0 0 0 0 0 0 0 0 0 0 0 0 0 1 0 
0 0 0 0 0 0 0 0 0 0 0 0 0 0 0 0 0 1 0 0 0 0 0 0 0 0 0 0 0 0 0 0 0 0 0 0 0 0 0 0 
0 0 0 0 0 0 0 0 0 0 0 0 0 0 0 0 0 2 0 0 0 0 0 1 0 0 0 0 0 0 0 0 0 0 0 0 1 0 0 0 
4 0 0 0 0 0 0 0 0 0 0 0 0 0 0 4 0 0 0 0 0 0 0 0 0 0 0 0 0 0 0 0 0 0 0 0 1 0 0 0 
0 0 2 0 0 0 0 0 0 0 0 0 0 0 0 1 0 0 0 8 0 0 0 0 0 0 0 0 0 0 0 0 0 0 8 0 0 0 0 0 
0 0 0 0 0 0 0 0 0 0 0 0 0 0 0 0 0 0 0 0 0 3 0 0 0 0 0 0 0 0 0 0 0 0 1 0 0 0 12 0 
0 0 0 0 0 0 0 0 0 0 0 0 0 12 0 0 0 0 0 0 0 0 0 0 0 0 0 0 0 0 0 0 0 0 -1 0 0 0 0 0 
0 0 0 2 0 0 0 0 0 0 0 0 0 1 0 0 0 0 0 0 0 0 0 0 0 0 0 0 0 0 0 0 6 0 0 0 0 0 0 0 
0 0 0 0 0 0 0 0 0 0 0 0 0 -2 0 0 0 0 0 0 0 0 1 0 0 0 0 0 0 0 0 0 1 0 0 0 0 0 0 0 
0 0 0 0 0 0 0 0 0 0 0 3 0 0 0 0 0 0 0 0 0 0 0 0 0 0 0 0 0 0 0 0 0 0 0 0 0 0 0 0 
0 1 0 0 0 0 0 0 0 0 0 1 0 0 0 1 0 0 0 0 0 0 0 0 0 0 0 0 0 0 4 0 0 0 0 0 0 0 0 0 
0 0 0 0 0 0 0 0 0 0 0 -1 0 0 0 0 0 0 0 0 0 0 0 0 0 4 0 0 0 0 2 0 0 0 0 0 0 0 0 0 
0 0 0 0 0 0 0 0 0 0 0 0 0 0 0 0 0 0 0 0 0 0 0 0 0 0 0 0 0 0 -2 0 0 0 0 0 0 0 0 0 
0 0 0 0 1 0 0 0 0 1 0 0 0 0 0 0 0 0 0 0 0 0 0 0 0 0 0 0 0 0 0 0 0 0 0 0 0 0 0 0 
0 0 0 0 0 0 0 0 0 0 0 0 0 0 0 0 0 0 0 0 0 0 0 1 0 0 0 0 1 0 0 0 0 0 0 0 0 0 0 0 
0 0 0 0 0 0 0 0 0 0 0 0 0 0 0 0 0 0 0 0 0 0 0 0 0 0 0 0 1 0 0 0 0 0 0 0 0 0 0 0 
0 0 2 0 0 0 0 1 0 0 0 0 0 0 0 0 0 0 0 0 0 0 0 0 0 0 0 0 0 0 0 0 0 0 0 0 0 0 0 0 
0 0 0 0 0 0 0 0 0 0 0 0 0 0 0 0 0 0 0 0 0 2 0 0 0 0 1 0 0 0 0 0 0 0 0 0 0 0 0 0 
0 0 0 0 0 0 0 0 0 0 0 0 0 0 0 0 0 0 0 0 0 0 0 0 0 0 -1 0 0 0 0 0 0 0 0 0 0 0 0 0 
3 0 0 0 0 1 0 0 0 0 0 0 0 0 0 0 0 0 0 0 0 0 0 0 0 0 0 0 0 0 0 0 0 0 0 0 0 0 0 0 
0 0 0 0 0 -2 0 0 0 0 0 0 0 0 1 0 0 0 0 0 0 0 0 0 1 0 0 0 1 0 0 0 0 0 0 0 0 0 0 0 
0 0 0 3 0 0 0 0 0 0 0 0 0 0 0 0 0 0 0 0 0 0 0 0 1 0 0 0 0 0 0 0 0 0 0 0 0 0 0 0 
0 0 0 1 0 0 0 4 0 0 0 0 0 0 0 0 0 0 0 0 0 0 8 0 2 0 0 0 0 0 0 0 0 0 0 0 0 0 0 0 
0 0 0 0 0 0 0 0 0 0 0 0 0 0 0 0 0 0 0 0 0 0 1 0 0 0 4 0 0 0 0 0 0 0 0 0 0 0 0 0 
0 8 0 2 0 0 0 0 0 0 0 0 0 0 0 0 0 0 0 0 0 0 -1 0 0 0 0 0 0 0 0 0 0 0 0 0 0 0 0 0 
0 1 0 0 0 2 0 0 0 0 0 0 0 0 0 0 0 0 0 0 8 0 2 0 0 0 0 0 0 0 0 0 0 0 0 0 0 0 0 0 
0 -2 0 0 0 0 0 0 0 0 0 0 0 0 0 0 0 0 0 0 1 0 0 0 2 0 0 0 0 0 0 0 0 0 0 0 0 0 0 4 
0 1 0 0 0 0 0 0 0 0 0 0 0 0 0 0 0 0 0 0 0 0 0 0 0 0 0 0 0 0 0 0 0 0 0 0 0 0 0 1 
0 0 0 2 0 0 0 0 0 0 0 0 0 0 0 0 0 0 4 0 1 0 0 0 0 0 0 0 0 0 0 0 0 0 0 0 0 0 0 1 
0 0 0 0 0 0 0 0 0 0 0 0 0 0 0 0 0 0 1 0 0 0 1 0 0 0 0 0 0 0 0 0 0 0 0 0 0 4 0 1 
0 0 0 0 0 0 0 0 0 0 0 0 0 0 0 0 0 0 0 0 0 0 0 0 0 0 0 0 0 0 0 0 0 0 0 0 0 1 0 0 
0 3 0 0 0 0 0 0 0 0 0 0 0 0 0 0 8 0 2 0 0 0 0 0 0 0 0 0 0 0 0 0 0 0 0 0 0 -2 0 0 
0 0 0 0 0 0 0 0 0 0 0 0 0 0 0 0 1 0 0 0 3 0 0 0 0 0 0 0 0 0 0 0 0 0 0 8 0 2 0 0 
0 0 0 0 0 0 0 0 0 0 0 0 0 0 0 0 -1 0 0 0 0 0 0 0 0 0 0 0 0 0 0 0 0 0 0 1 0 0 0 2 
0 0 0 0 0 0 0 0 0 0 0 0 0 0 0 0 0 0 0 0 0 0 0 2 0 0 0 0 0 0 0 0 0 0 0 -1 0 0 0 0 
0 0 0 0 0 0 0 0 0 0 0 0 0 0 1 0 0 0 1 0 0 0 0 0 0 0 0 0 0 0 0 0 0 0 0 0 0 0 0 0 
0 0 1 0 0 0 0 0 0 0 0 0 0 0 0 0 0 0 0 0 0 0 0 0 0 0 0 0 0 0 0 0 0 1 0 0 0 2 0 0 
0 0 0 0 0 0 0 0 0 0 0 0 2 0 0 0 0 0 0 0 0 0 0 0 0 0 0 0 0 0 0 0 0 0 0 0 0 0 0 0 
0 0 0 0 0 0 0 0 0 0 0 0 1 0 0 0 2 0 0 0 0 0 0 0 0 0 0 0 0 0 0 2 0 0 0 0 0 0 0 0 
0 0 0 0 0 0 0 0 0 0 0 0 -1 0 0 0 0 0 0 0 0 0 0 0 0 0 0 0 0 0 0 1 0 0 0 3 0 0 0 0 
0 0 0 0 0 0 0 0 0 0 3 0 0 0 0 0 0 0 0 0 0 0 0 0 0 0 0 0 0 0 0 -1 0 0 0 0 0 0 0 0 
0 0 0 0 0 0 0 0 0 0 1 0 0 0 4 0 0 0 0 0 0 0 0 0 0 0 0 0 0 4 0 0 0 0 0 0 0 0 0 0 
0 0 0 0 0 0 0 0 0 0 -2 0 0 0 0 0 0 0 0 0 0 0 0 0 0 0 0 0 0 2 0 0 0 2 0 0 0 0 0 0 
0 0 0 0 0 0 0 0 2 0 0 0 0 0 0 0 0 0 0 0 0 0 0 0 0 0 0 0 0 2 0 0 0 0 0 0 0 0 0 0 
0 0 0 0 0 0 0 0 2 0 0 0 1 0 0 0 0 0 0 0 0 0 0 0 0 0 0 1 0 0 0 0 0 0 0 0 0 0 0 0 
0 0 0 0 0 0 0 0 3 0 0 0 0 0 0 0 0 0 0 0 0 0 0 0 0 0 0 3 0 0 0 4 0 0 0 0 0 0 0 0 
0 0 0 0 0 0 4 0 0 0 0 0 0 0 0 0 0 0 0 0 0 0 0 0 0 0 0 2 0 0 0 0 0 0 0 0 0 0 0 0 
0 0 0 0 0 0 1 0 0 0 1 0 0 0 0 0 0 0 0 0 0 0 0 0 0 1 0 0 0 0 0 0 0 0 0 0 0 0 0 0 
0 0 0 0 0 0 0 0 0 0 0 0 0 0 0 0 0 0 0 0 0 0 0 0 0 1 0 0 0 1 0 0 0 0 0 0 0 0 0 0 
0 0 0 0 1 0 0 0 0 0 0 0 0 0 0 0 0 0 0 0 0 0 0 0 0 1 0 0 0 0 0 0 0 0 0 0 0 0 0 0 
0 0 0 0 2 0 0 0 2 0 0 0 0 0 0 0 0 0 0 0 0 0 0 0 0 0 0 0 0 0 0 0 3 0 0 0 0 0 0 0 
0 0 0 0 -2 0 0 0 0 0 0 0 0 0 0 0 0 0 0 0 0 0 0 1 0 0 0 0 0 0 0 0 0 0 0 0 0 0 0 0 
0 0 4 0 0 0 0 0 0 0 0 1 0 0 0 0 0 0 0 0 0 0 0 0 0 0 0 0 0 0 0 0 0 0 0 0 0 0 0 0 
0 0 0 1 0 0 0 0 0 0 0 0 0 0 0 0 0 0 0 0 0 0 0 0 0 0 0 0 0 0 0 0 0 0 0 0 0 0 0 0 
0 0 3 0 0 0 0 0 0 0 0 2 0 0 0 0 0 0 0 0 0 0 1 0 0 0 0 0 0 0 0 0 0 0 0 0 0 0 0 0 
6 0 0 0 0 0 0 0 0 0 0 0 0 0 0 0 0 0 0 0 0 -1 0 0 0 0 0 0 0 0 1 0 0 0 0 0 0 0 0 0 
0 1 0 0 0 0 0 0 0 0 0 0 0 0 0 0 0 0 0 3 0 0 0 0 0 0 0 0 0 0 0 0 0 0 0 0 0 0 0 0 
1 0 0 0 0 0 0 0 0 0 0 0 0 0 0 0 0 0 0 0 1 1 0 0 0 0 0 0 0 0 0 0 0 0 0 0 0 0 0 0 
0 0 0 0 0 0 0 0 0 0 0 0 0 0 0 0 0 0 0 2 0 0 0 0 0 0 0 0 0 0 0 0 0 0 0 0 0 0 0 1 
2 0 0 0 0 0 0 0 0 0 0 0 0 0 0 0 0 0 0 0 0 0 0 0 0 0 0 0 0 0 0 0 0 0 0 0 0 0 1 0 
0 0 0 0 0 0 0 0 0 0 0 0 0 0 0 0 0 0 1 0 0 2 0 0 0 0 0 0 0 0 0 0 0 0 0 0 4 0 1 0 
0 0 0 0 0 0 0 0 0 0 0 0 0 0 0 0 0 2 0 0 0 0 0 0 0 0 0 0 0 0 0 0 0 0 0 0 0 1 0 0 
2 0 0 0 0 0 0 0 0 0 0 0 0 0 0 2 0 0 0 0 0 0 0 0 0 0 0 0 0 0 0 0 0 0 0 0 1 0 0 0 
0 0 0 0 0 0 0 0 0 0 0 0 0 0 0 0 1 0 0 3 0 0 0 0 0 0 0 0 0 0 0 0 0 0 3 0 0 0 0 0 
0 0 0 0 0 0 0 0 0 0 0 0 0 0 0 0 0 0 0 0 0 0 0 0 0 0 0 0 0 0 0 0 0 0 0 1 0 0 4 0 
0 0 0 0 0 0 0 0 0 0 0 0 0 4 0 0 0 0 0 0 0 0 0 0 0 0 0 0 0 0 0 0 0 0 -1 0 0 0 0 0 
0 0 0 0 0 0 0 0 0 0 0 0 0 0 1 0 0 1 0 0 0 0 0 0 0 0 0 0 0 0 0 0 1 0 0 0 0 0 0 0 
0 0 0 0 0 0 0 0 0 0 0 0 0 2 0 0 0 0 0 0 0 0 0 0 0 0 0 0 0 0 0 0 0 1 0 0 0 0 0 0 
0 0 0 0 0 0 0 0 0 0 0 8 0 0 0 0 0 0 0 0 2 0 0 0 0 0 0 0 0 0 0 0 -1 0 0 0 0 0 0 0 
0 0 0 0 0 0 0 0 0 0 0 0 1 0 0 0 0 0 0 0 0 0 0 0 0 0 0 0 0 0 4 0 0 0 0 0 0 0 0 1 
0 0 0 0 0 0 0 0 0 0 0 1 0 0 0 0 0 0 0 0 0 0 0 0 0 0 0 0 0 0 0 1 0 0 3 0 0 0 0 0 
0 0 0 0 0 0 0 0 0 4 0 0 0 0 0 0 0 0 0 0 1 0 0 0 0 0 0 0 0 0 2 0 0 0 0 0 0 0 0 0 
0 0 0 0 0 0 0 0 0 0 0 1 0 0 0 0 0 0 0 0 0 0 0 0 0 0 0 0 0 0 0 0 0 0 0 0 0 0 0 0 
0 0 0 0 0 0 0 0 0 -1 0 0 0 0 0 0 0 0 0 0 0 0 0 0 0 0 0 0 0 0 0 1 0 0 0 0 0 0 0 0 
0 0 0 0 0 0 0 0 0 0 0 0 0 0 0 0 0 0 0 0 0 0 0 0 0 0 0 0 2 0 0 0 0 0 0 0 0 0 0 0 
0 0 0 0 0 0 0 0 0 0 1 0 0 0 0 0 0 0 0 0 0 0 0 0 0 0 0 0 0 0 0 0 0 0 0 0 0 0 0 0 
0 0 0 0 0 0 0 3 0 0 0 0 0 1 0 0 0 0 0 0 0 0 0 0 0 0 0 0 0 1 4 0 0 0 0 0 0 0 0 0 
0 0 0 0 0 4 0 0 0 0 0 0 0 0 0 0 0 0 0 0 0 0 0 0 0 0 2 0 0 0 0 0 2 0 0 0 0 0 0 0 
0 0 0 0 0 0 0 0 1 8 0 0 0 0 0 0 0 0 0 0 0 0 0 0 8 0 0 0 0 0 0 0 0 0 0 0 0 0 0 0 
0 0 0 0 0 1 0 0 0 0 0 0 0 0 6 0 0 0 0 0 0 0 0 0 0 0 0 1 0 0 0 0 0 0 0 0 0 6 0 0 
0 0 0 0 0 0 0 0 0 0 0 0 0 0 0 0 0 0 0 0 0 0 0 0 -3 0 0 0 0 0 0 0 0 6 0 0 0 0 0 0 
0 0 0 0 0 0 1 0 0 0 0 0 0 0 0 0 6 0 0 0 0 0 0 0 0 0 0 0 0 0 0 0 0 0 0 0 0 0 0 0 
0 0 0 -4 0 0 0 0 0 0 0 0 2 0 0 0 0 0 0 0 0 0 0 0 0 1 0 0 0 0 0 0 0 0 0 0 0 0 0 0 
0 6 0 0 0 0 0 0 0 0 0 0 0 0 0 0 0 0 0 0 0 0 -2 0 0 0 0 0 0 0 0 3 0 0 0 0 0 0 0 0 
0 0 0 0 1 0 0 0 0 0 0 0 0 0 0 0 0 0 0 0 9 0 0 0 0 0 0 0 0 0 0 0 0 0 0 0 0 0 0 0 
0 -3 0 0 0 0 0 0 0 0 1 0 0 0 0 0 0 0 0 0 0 0 0 1 0 0 0 0 0 0 0 0 0 0 0 0 0 0 0 3 
0 0 0 0 0 0 0 0 0 0 0 0 0 0 0 0 0 0 0 0 0 0 0 0 0 0 0 0 0 0 0 0 0 0 1 0 0 0 0 0 
0 0 1 0 0 0 0 0 0 0 0 0 0 0 0 0 0 0 0 0 0 0 0 0 0 0 0 0 0 0 0 0 0 0 0 0 0 0 0 1 
0 0 0 0 0 0 0 0 0 0 0 0 0 1 0 0 0 0 0 0 0 1 0 0 0 0 0 0 0 0 0 0 0 0 0 0 0 0 0 0 
0 0 0 0 0 0 0 0 0 0 0 0 0 0 0 0 0 0 2 0 0 0 0 0 0 0 0 0 0 0 0 0 2 0 0 0 0 0 0 0 
1 0 0 0 0 0 0 0 0 0 0 0 0 0 0 0 0 0 0 0 0 0 0 0 0 0 0 0 0 0 0 0 0 0 0 0 0 1 0 0 
0 0 0 0 0 0 0 0 0 0 0 3 0 0 0 0 0 0 0 1 0 0 0 0 0 0 0 0 0 0 0 0 0 0 0 0 0 0 0 0 
0 0 0 0 0 0 0 0 0 0 0 0 0 0 0 0 0 0 0 0 0 0 0 0 0 0 0 0 0 0 4 0 0 0 0 0 0 0 1 0 
0 0 0 0 0 0 0 0 0 0 0 0 0 0 0 0 0 0 0 0 0 0 0 0 0 0 0 0 0 0 0 0 0 0 0 -1 0 0 0 0 
0 0 0 0 0 0 0 0 0 0 0 0 1 0 0 0 0 1 0 0 0 0 0 0 0 0 0 0 0 0 0 0 0 4 0 0 0 0 0 0 
0 0 0 0 0 0 0 0 0 0 0 0 0 0 1 0 0 0 0 0 0 0 0 0 0 0 0 0 0 0 0 0 0 0 0 1 1 0 0 0 
0 0 0 0 0 0 0 0 0 0 0 0 0 0 0 0 0 0 0 0 0 0 0 0 0 0 0 0 0 0 0 0 0 1 0 0 0 0 0 0 
0 0 0 0 0 0 0 0 0 0 0 0 0 0 1 1 0 0 0 0 0 0 0 0 0 0 0 0 0 0 0 0 0 0 0 0 0 0 0 0 
0 0 0 0 0 0 0 0 0 0 0 0 2 0 0 0 0 0 0 0 0 0 0 0 0 0 0 0 0 0 0 0 0 2 1 0 0 0 0 0 
0 0 0 0 0 0 0 0 0 0 0 0 0 0 0 0 0 0 0 0 0 0 0 0 0 0 0 0 0 0 0 1 0 0 0 0 0 0 0 0 
0 0 0 0 0 0 0 0 0 0 0 0 0 1 6 0 0 0 0 0 0 0 0 0 0 0 0 0 0 12 0 3 0 0 0 0 0 0 0 0 
0 0 0 0 0 0 0 0 0 0 0 0 0 0 0 0 0 0 0 0 0 0 0 0 0 0 0 0 0 0 0 0 1 2 0 0 0 0 0 0 
0 0 0 0 0 0 0 0 4 0 1 0 0 0 0 0 0 0 0 0 0 0 0 0 0 0 0 0 0 1 0 0 0 0 0 0 0 0 0 0 
0 0 0 0 0 0 0 0 0 0 0 1 1 0 0 0 0 0 0 0 0 0 0 0 0 0 0 4 0 1 0 0 0 0 0 0 0 0 0 0 
0 0 0 0 0 0 0 0 0 0 0 0 0 0 0 0 0 0 0 0 0 0 0 0 0 0 0 0 0 0 1 1 0 0 0 0 0 0 0 0 
0 0 0 0 0 0 4 0 0 0 0 0 0 0 0 1 0 0 0 0 0 0 0 0 0 0 0 1 0 0 0 0 0 0 0 0 0 0 0 0 
0 0 0 0 0 0 0 0 0 1 1 0 0 0 0 0 0 0 0 0 0 0 0 0 0 4 0 0 0 0 0 0 0 0 1 0 0 0 0 0 
0 0 0 0 0 0 2 0 0 0 0 0 0 0 0 0 0 0 0 0 0 0 0 0 0 0 0 0 1 2 0 0 0 0 0 0 0 0 0 0 
0 0 0 0 8 0 0 0 0 0 0 0 0 0 2 0 0 0 0 0 0 0 0 0 0 0 0 0 0 0 0 0 0 0 0 0 0 0 0 0 
0 0 0 0 0 0 0 1 1 0 0 0 0 0 0 0 0 0 0 0 0 0 0 3 0 0 0 0 0 0 0 0 0 1 0 0 0 0 0 0 
0 0 0 0 1 0 0 0 0 0 0 0 0 0 0 0 0 0 0 0 0 0 0 0 0 0 1 3 0 0 0 0 0 0 0 0 0 0 0 0 
0 0 6 0 0 0 0 0 0 0 0 0 2 0 0 0 0 0 0 0 0 0 0 1 0 0 0 0 0 0 0 0 0 0 0 0 0 0 0 0 
0 0 0 0 0 1 2 0 0 0 0 0 0 0 0 0 0 0 0 0 0 2 0 0 0 0 0 0 0 0 0 0 0 0 0 0 0 0 0 0 
0 0 0 0 0 0 0 0 0 0 0 0 0 0 0 0 0 0 0 0 0 0 0 0 1 2 0 0 0 0 0 0 0 0 0 0 0 0 0 0 
2 0 0 0 0 0 0 0 0 0 0 0 0 0 0 0 0 0 0 0 0 1 0 0 0 0 0 0 0 0 0 0 0 0 0 0 0 0 0 0 
0 0 0 1 3 0 0 0 0 0 0 0 0 0 0 0 0 0 0 3 0 0 0 0 0 0 0 0 0 0 0 0 0 0 0 0 0 0 0 0 
0 0 0 0 0 0 0 0 0 0 0 0 0 0 0 0 0 0 0 0 0 0 1 3 0 0 0 0 0 0 0 0 0 0 0 0 0 0 3 0 
0 0 0 0 0 0 0 0 0 0 0 0 0 0 0 0 0 0 0 -1 0 0 0 0 0 0 0 0 0 0 0 0 0 0 0 0 0 0 0 0 
0 1 4 0 0 0 0 0 0 0 0 0 0 0 0 0 0 4 0 0 0 0 0 0 0 0 0 0 0 0 0 0 0 0 0 0 0 0 -1 0 
0 0 0 0 0 0 0 0 0 0 0 0 0 0 0 0 0 0 0 0 2 2 0 0 0 0 0 0 0 0 0 0 0 0 0 0 2 0 0 0 
0 0 0 0 0 0 0 0 0 0 0 0 0 0 0 0 0 4 0 0 0 0 0 0 0 0 0 0 0 0 0 0 0 0 0 0 0 0 0 3 
4 0 0 0 0 0 0 0 0 0 0 0 0 0 0 4 0 0 0 0 0 0 0 0 0 0 0 0 0 0 0 0 0 0 0 0 5 0 0 0 
0 0 0 0 0 0 0 0 0 0 0 0 0 0 0 0 0 0 1 1 0 0 0 0 0 0 0 0 0 0 0 0 0 0 1 0 0 0 0 0 
0 0 0 0 0 0 0 0 0 0 0 0 0 0 0 1 0 0 0 0 0 0 0 0 0 0 0 0 0 0 0 0 0 0 0 0 0 1 1 0 
0 0 0 0 0 0 0 0 0 0 0 0 0 1 0 0 0 0 0 0 0 0 0 0 0 0 0 0 0 0 0 0 0 0 2 0 0 0 0 0 
0 0 0 1 0 0 0 0 0 0 0 0 0 0 0 0 1 1 0 0 0 0 0 0 0 0 0 0 0 0 0 0 4 0 0 0 0 0 0 0 
0 0 0 0 0 0 0 0 0 0 0 0 0 0 0 0 0 0 0 0 0 0 0 0 0 0 0 0 0 0 0 0 0 0 0 1 0 0 0 0 
0 0 0 0 0 0 0 0 0 0 0 4 0 1 0 0 0 0 0 0 0 0 0 0 0 0 0 0 0 0 0 0 0 0 0 0 0 0 0 0 
0 0 0 0 0 0 0 0 0 0 0 0 0 0 1 0 0 0 0 0 0 0 0 0 0 0 0 0 0 0 0 0 0 0 0 0 0 0 0 1 
0 0 0 0 0 0 0 0 0 0 0 0 0 0 0 0 0 0 0 0 2 0 0 0 0 0 0 0 0 0 0 0 0 1 0 0 0 0 0 0 
0 0 0 2 0 0 0 0 0 0 0 0 0 0 0 0 0 0 2 0 0 0 0 0 0 0 0 0 0 0 1 0 0 0 0 0 0 0 0 1 
0 0 0 0 0 0 0 0 0 0 0 0 1 0 0 0 0 0 0 0 0 0 1 0 0 0 0 0 0 0 0 0 0 0 0 0 0 1 0 0 
0 0 0 0 0 0 0 0 0 2 0 0 0 0 0 0 0 0 0 0 0 0 0 0 0 0 0 0 0 0 0 1 0 0 0 0 0 0 0 0 
0 0 0 0 0 0 0 8 0 0 0 0 0 0 0 0 2 0 0 0 0 0 0 0 0 0 0 0 -1 0 0 0 0 0 0 0 0 0 0 0 
0 0 0 0 0 0 0 0 0 0 1 0 0 0 0 0 0 0 0 0 0 0 0 0 0 0 8 0 0 0 0 0 0 0 0 2 0 0 0 0 
0 0 0 0 0 0 0 -2 0 0 0 0 0 0 0 0 0 0 0 0 0 0 0 0 0 0 0 0 0 1 0 0 0 0 0 0 0 0 0 0 
0 0 0 0 0 4 0 0 0 0 0 0 0 0 1 0 0 0 0 0 0 0 0 0 0 0 0 0 0 0 0 0 0 0 0 0 0 0 0 0 
0 0 0 0 0 0 0 0 1 0 0 0 0 0 0 0 0 0 0 0 0 0 0 0 4 0 0 0 0 0 0 0 0 1 0 0 0 0 0 0 
0 0 0 0 0 1 0 0 0 0 0 0 0 0 0 0 0 0 0 0 0 0 0 0 0 0 0 1 0 0 0 0 0 0 0 0 0 0 0 0 
0 0 0 3 0 0 0 0 0 0 0 0 0 1 0 0 0 0 0 0 0 0 0 0 1 0 0 0 0 0 0 0 0 0 0 0 0 0 0 0 
0 0 0 0 0 0 1 3 0 0 0 0 0 0 0 0 0 0 0 0 0 0 4 0 0 0 0 0 0 0 0 0 0 1 0 0 0 0 0 0 
0 0 0 2 0 0 0 0 0 0 0 0 0 0 0 0 0 0 0 0 0 0 0 0 0 0 2 0 0 0 0 0 0 0 0 0 0 0 0 0 
0 0 0 0 0 0 0 0 0 0 0 0 0 0 0 0 0 0 0 0 0 0 0 0 0 0 0 1 0 0 0 0 0 0 0 0 0 0 0 0 
0 0 0 0 0 2 0 0 0 0 0 0 0 0 0 0 0 0 0 0 4 0 0 0 0 0 0 0 0 0 0 0 0 0 0 0 0 0 0 0 
0 -1 0 0 0 0 1 0 0 0 0 0 0 0 0 0 0 0 0 0 0 0 0 0 3 0 0 0 0 0 0 0 0 0 0 0 0 0 0 4 
0 0 0 0 0 0 0 0 0 0 0 0 0 0 0 0 0 0 0 0 0 0 0 0 0 1 0 0 0 0 0 0 0 0 0 0 0 0 0 0 
0 0 0 1 0 0 0 0 0 0 0 0 0 0 0 0 0 0 4 0 0 0 0 0 0 0 0 0 0 0 0 0 0 0 0 0 0 0 0 -2 
0 0 0 0 0 2 0 0 0 0 0 0 0 0 0 0 0 0 0 0 0 0 1 0 0 0 0 0 0 0 0 0 0 0 0 0 0 4 0 0 
0 0 0 0 0 0 0 0 0 0 0 0 0 0 0 0 0 0 -1 0 0 0 0 0 0 0 0 1 0 0 0 0 0 0 0 0 0 0 0 0 
0 1 0 0 0 0 0 0 0 0 1 0 0 0 0 0 0 0 0 0 0 0 0 0 0 0 0 0 0 0 0 0 0 0 0 0 0 0 0 0 
0 0 0 0 0 0 1 0 0 0 0 0 0 0 0 0 0 0 0 0 1 0 0 0 0 0 0 0 0 0 0 0 0 0 0 3 0 0 0 0 
0 0 0 0 0 0 0 0 0 0 0 0 0 0 0 0 -1 0 0 0 0 0 0 0 0 0 0 0 0 1 0 0 0 0 0 0 0 0 0 2 
0 0 0 0 0 0 0 0 0 0 0 0 0 0 0 0 0 0 0 0 0 0 0 0 0 0 0 0 0 0 0 0 0 0 0 -1 0 0 0 0 
0 0 0 0 0 0 0 0 1 0 0 0 0 0 0 0 0 0 3 0 0 0 0 0 0 0 0 0 0 0 0 0 0 0 0 0 0 0 0 0 
0 0 0 0 0 0 0 0 0 0 0 0 0 0 0 0 0 0 0 0 0 0 0 0 0 0 0 1 0 0 0 0 0 0 0 0 0 1 0 0 
0 0 0 0 0 0 0 0 0 0 0 0 0 0 0 0 0 0 0 0 0 0 0 0 0 0 0 0 0 0 0 0 0 -2 0 0 0 0 0 0 
0 0 0 0 0 0 0 0 0 0 1 0 0 0 0 0 2 0 0 0 0 0 0 0 0 0 0 0 0 0 0 4 0 0 0 0 0 0 0 0 
0 0 0 0 0 0 0 0 0 0 0 0 0 0 0 0 0 0 0 0 0 0 0 0 0 0 0 0 0 1 0 0 0 0 0 1 0 0 0 0 
0 0 0 0 0 0 0 0 0 0 4 0 0 0 0 0 0 0 0 0 0 0 0 0 0 0 0 0 0 0 0 -1 0 0 0 0 0 0 0 0 
0 0 0 0 0 0 0 0 1 0 0 0 0 0 2 0 0 0 0 0 0 0 0 0 0 0 0 0 0 7 0 1 0 0 0 0 0 0 0 0 
0 0 0 0 0 0 0 0 0 0 -1 0 0 0 0 0 0 0 0 0 0 0 0 0 0 0 0 1 0 0 0 0 0 1 0 0 0 0 0 0 
0 0 0 0 0 0 0 0 7 0 1 0 0 0 0 0 0 0 0 0 0 0 0 0 0 0 0 0 0 -2 0 0 0 0 0 0 0 0 0 0 
0 0 0 0 0 0 0 0 0 0 1 0 1 0 0 0 0 0 0 0 0 0 0 0 0 0 0 0 0 0 0 0 0 0 0 0 0 0 0 0 
0 0 0 0 0 0 0 0 0 0 0 0 0 0 0 0 0 0 0 0 0 0 0 0 0 0 0 0 0 2 0 1 0 0 0 0 0 0 0 0 
0 0 0 0 0 0 0 0 0 0 0 0 0 0 0 0 0 0 0 0 0 0 0 0 0 0 0 -1 0 0 0 0 0 0 0 0 6 0 0 0 
0 0 0 0 0 0 0 0 0 1 2 0 0 0 0 0 0 0 0 6 0 0 0 0 0 0 0 0 0 0 0 0 0 0 0 0 0 0 0 0 
0 0 0 0 0 0 -2 0 0 0 0 0 0 0 0 6 0 0 0 0 0 0 0 0 0 0 0 0 1 1 0 0 0 0 0 0 0 0 6 0 
0 0 0 0 0 0 0 0 0 0 0 0 0 0 0 0 0 0 0 0 0 0 0 0 0 -3 0 0 0 0 0 0 0 0 0 0 0 0 0 0 
0 0 0 0 0 0 0 0 1 0 0 1 0 0 0 0 0 0 0 0 0 0 0 3 0 0 0 0 0 0 0 0 0 0 0 0 0 0 0 0 
0 0 0 0 0 0 0 0 0 0 0 0 0 0 0 0 0 0 0 0 0 0 0 0 0 0 0 2 0 0 0 0 0 0 0 1 0 0 0 0 
0 0 4 0 0 0 0 0 0 0 0 0 0 0 0 0 0 0 0 0 0 0 0 0 0 0 0 0 0 0 0 0 0 0 0 0 0 0 0 0 
0 0 0 0 0 0 1 0 0 0 0 0 0 0 1 0 0 0 0 0 0 4 0 0 0 0 0 0 0 0 0 0 0 0 0 0 0 0 0 0 
0 0 -1 0 0 0 0 0 0 0 0 0 0 0 0 0 0 0 0 0 0 0 0 0 0 2 0 0 0 0 0 0 0 0 0 0 0 6 0 0 
19 0 0 0 0 0 0 0 0 0 0 0 0 0 0 0 0 0 0 0 0 -6 0 0 0 0 0 0 0 0 0 0 0 0 0 0 0 0 0 0 
0 0 0 0 3 0 0 0 0 0 0 0 0 0 0 0 6 0 0 19 0 0 0 0 0 0 0 0 0 0 0 0 0 0 0 0 0 0 0 0 
-5 0 0 0 0 0 0 0 0 0 0 0 0 0 0 0 0 0 0 0 0 0 0 1 0 0 0 0 0 0 0 0 0 0 0 6 0 0 19 0 
0 0 0 0 0 0 0 0 0 0 0 0 0 0 0 0 0 0 0 -7 0 0 0 0 0 0 0 0 0 0 0 0 0 0 0 0 0 0 0 0 
0 0 2 0 0 0 0 0 0 0 0 0 0 0 0 0 0 0 1 0 0 0 0 0 0 0 0 0 0 0 0 0 0 0 0 0 0 0 0 0 
0 0 0 0 0 0 0 0 0 0 0 0 0 0 0 0 0 0 0 0 0 1 0 0 0 0 0 0 0 0 0 0 0 0 0 0 0 1 0 0 
0 0 0 0 0 0 0 0 0 0 0 0 0 0 0 0 0 -1 0 0 0 0 0 0 0 0 0 0 0 0 0 0 0 0 0 0 0 0 0 0 
2 0 0 0 0 0 0 0 0 0 0 0 0 0 0 4 0 1 0 0 0 0 0 0 0 0 0 0 0 0 0 0 0 0 0 0 -1 0 0 0 
0 0 0 0 0 0 0 0 0 0 0 0 0 0 0 0 0 0 0 3 0 0 0 0 0 0 0 0 0 0 0 0 0 0 4 0 1 0 0 0 
0 0 0 0 0 0 0 0 0 0 0 0 0 0 0 0 0 0 0 0 0 0 0 0 0 0 0 0 0 0 0 0 0 0 0 0 0 0 1 0 
0 0 0 0 0 0 0 0 0 0 0 0 0 7 0 2 0 0 0 0 0 0 0 0 0 0 0 0 0 0 0 0 0 0 -3 0 0 0 0 0 
0 0 0 0 0 0 0 0 0 0 0 0 0 0 0 0 0 1 0 0 0 0 0 0 0 0 0 0 0 0 0 0 4 0 1 0 0 0 0 0 
0 0 0 0 0 0 0 0 0 0 0 0 0 -2 0 0 0 0 0 0 0 0 0 0 0 0 0 0 0 0 0 0 0 0 0 0 2 0 0 0 
0 0 0 0 0 0 0 0 0 0 0 0 0 0 0 0 0 1 0 0 0 0 0 0 0 0 0 0 0 0 0 0 0 0 0 0 0 0 0 0 
0 0 0 0 0 0 0 0 0 0 0 0 0 0 0 1 0 0 0 0 0 0 0 0 0 0 0 0 0 0 0 0 0 0 0 0 1 0 0 0 
0 0 0 0 0 0 0 0 0 0 0 -1 0 0 0 0 0 0 0 0 0 0 0 0 0 0 0 0 0 0 0 0 0 0 2 0 0 0 0 0 
0 0 0 0 0 0 0 0 0 0 0 0 0 0 0 0 0 0 1 0 0 0 0 0 0 0 0 0 0 0 0 0 0 0 0 0 0 0 0 0 
0 0 0 0 0 0 0 0 0 0 0 0 0 1 0 0 0 0 0 0 0 0 0 0 0 0 0 0 0 0 0 0 0 0 0 0 0 1 0 0 
0 0 0 0 0 0 0 0 0 -1 0 0 0 0 0 0 0 0 0 0 0 0 0 0 0 0 0 0 0 0 0 0 1 0 0 0 0 0 0 0 
0 0 0 0 0 0 0 3 0 0 0 0 0 0 0 0 1 0 0 0 0 0 0 0 0 0 0 0 -1 0 0 0 0 0 0 0 0 0 0 0 
0 0 0 0 0 0 0 0 0 0 0 1 0 0 0 0 0 0 0 0 0 0 0 0 0 0 4 0 0 0 0 0 0 0 0 1 0 0 0 0 
0 0 0 0 0 0 0 -1 0 0 0 0 0 0 0 0 0 0 0 0 0 0 0 0 0 0 0 0 0 0 2 0 0 0 0 0 0 0 0 0 
0 0 0 0 0 0 0 0 0 0 0 0 0 0 0 1 0 0 0 0 0 0 0 0 0 0 0 0 0 0 0 0 0 0 0 0 0 0 0 0 
0 0 0 0 0 0 0 0 0 1 0 0 0 0 0 0 0 0 0 0 0 0 0 0 0 0 0 0 0 0 0 0 0 0 1 0 0 0 0 0 
0 0 0 0 0 -1 0 0 0 0 0 0 0 0 0 0 0 0 0 0 0 0 0 0 0 0 0 0 2 0 0 0 0 0 0 0 0 0 0 0 
0 0 0 3 0 0 0 0 0 0 0 0 0 1 0 0 0 0 0 0 0 0 0 0 0 0 0 0 0 0 0 0 0 0 0 0 0 0 0 0 
0 0 0 0 0 0 0 1 0 0 0 0 0 0 0 0 0 0 0 0 0 0 3 0 0 0 0 0 0 0 0 0 1 0 0 0 0 0 0 0 
0 0 0 -1 0 0 0 0 0 0 0 0 0 0 0 0 0 0 0 0 0 0 0 0 0 0 1 0 0 0 0 0 0 0 0 0 0 0 0 0 
0 4 0 0 0 0 0 0 0 0 0 1 0 0 0 0 0 0 0 0 0 0 -1 0 0 0 0 0 0 0 0 0 0 0 0 0 0 0 0 0 
0 0 0 0 0 1 0 0 0 0 0 0 0 0 0 0 0 0 0 0 0 0 0 0 0 0 0 0 0 0 4 0 0 0 0 0 0 0 0 0 
0 -1 0 0 0 0 0 0 0 0 0 0 0 0 0 0 0 0 0 0 0 0 0 0 0 1 0 0 0 0 0 0 0 0 0 0 0 0 0 0 
0 0 0 0 0 0 0 0 0 0 0 0 0 0 0 0 0 0 0 0 0 0 0 0 0 0 0 0 0 0 0 0 0 0 0 0 0 0 0 0 
0 0 0 0 1 0 0 0 0 0 0 0 0 0 0 0 0 0 0 0 0 0 0 0 0 0 0 0 0 0 0 0 0 0 0 0 0 0 0 2 
0 0 0 0 0 0 0 0 1 0 0 0 0 0 0 0 0 0 0 0 0 0 0 1 0 0 0 0 0 0 0 0 0 0 0 0 0 3 0 0 
0 0 0 0 0 0 0 0 0 0 0 0 0 0 0 0 0 0 0 0 0 0 0 0 0 0 0 0 0 0 0 0 1 0 0 0 0 0 0 0 
0 0 1 0 0 0 0 0 0 0 0 0 0 0 0 0 0 0 0 0 0 0 0 0 0 0 0 0 0 0 0 0 0 0 0 0 0 1 0 0 
0 0 0 0 0 0 0 0 0 0 0 2 0 0 0 0 0 0 0 0 0 1 0 0 0 0 0 0 0 0 0 0 0 0 0 0 0 0 0 0 
0 0 0 0 0 0 0 0 0 0 0 0 0 0 0 0 0 0 0 0 0 0 0 0 0 0 0 0 0 0 3 0 0 0 0 0 0 0 0 0 
1 0 0 0 0 0 0 0 0 0 0 0 0 0 0 0 0 0 0 0 0 0 0 0 0 0 0 0 0 0 0 0 0 0 0 -1 0 0 0 0 
0 0 0 0 0 0 0 0 0 4 0 0 0 0 0 0 0 0 0 1 0 0 0 0 0 0 0 0 0 0 0 0 0 0 0 0 0 0 0 0 
0 0 0 0 0 0 0 0 0 0 0 0 0 0 -2 0 0 0 0 0 0 0 0 1 0 0 0 0 0 0 0 0 0 0 0 0 0 1 1 0 
0 0 0 0 0 0 0 0 0 0 0 0 3 0 0 0 0 0 0 0 0 0 0 0 0 0 0 0 0 0 0 0 0 1 0 0 0 0 0 0 
0 0 0 0 0 0 0 0 0 0 0 0 0 0 0 0 1 1 0 0 0 0 0 0 0 0 0 0 0 0 0 4 0 1 0 0 0 0 0 0 
0 0 0 0 0 0 0 0 0 0 0 0 0 0 0 0 0 0 0 0 0 0 0 0 0 0 0 0 0 0 0 0 0 0 0 2 1 0 0 0 
0 0 0 0 0 0 0 0 0 0 0 0 0 0 0 0 0 0 0 2 0 0 0 0 0 0 0 0 0 0 0 0 0 0 0 0 0 0 0 0 
0 0 0 0 0 0 0 0 0 0 0 0 0 0 0 2 0 0 0 0 0 0 0 0 0 0 0 0 0 0 0 0 0 0 0 0 0 0 0 0 
0 0 0 0 0 0 0 0 0 0 2 0 0 0 0 0 0 0 0 0 0 0 0 0 0 0 0 0 0 0 0 0 0 1 2 0 0 0 0 0 
0 0 0 0 0 0 0 0 1 0 0 0 0 0 0 0 0 0 0 0 0 0 0 0 0 0 0 0 0 1 0 0 0 0 0 0 0 0 0 0 
0 0 0 0 0 0 0 0 0 0 0 0 2 1 0 0 0 0 0 0 0 0 0 0 0 0 0 2 0 0 0 0 0 0 0 0 0 0 0 0 
0 0 0 0 0 0 0 0 0 0 0 0 0 0 0 0 0 0 0 0 0 0 0 0 0 0 0 0 0 0 0 3 1 0 0 0 0 0 0 0 
0 0 0 0 0 0 3 0 0 0 0 0 0 0 0 0 0 0 0 0 0 0 0 0 0 0 0 -1 0 0 0 0 0 0 0 0 0 0 0 0 
0 0 0 0 0 0 0 0 0 0 1 1 0 0 0 0 0 0 0 0 0 0 0 0 0 1 0 0 0 0 0 0 0 0 0 0 0 0 0 0 
0 0 0 0 0 0 1 0 0 0 0 0 0 0 0 1 0 0 0 0 0 0 0 0 0 0 0 0 0 1 1 0 0 0 0 0 0 0 0 0 
0 0 0 0 4 0 0 0 0 0 0 0 0 0 0 0 0 0 0 0 0 0 0 0 0 -1 0 0 0 0 0 0 0 0 0 0 0 0 0 1 
0 0 0 0 0 0 0 0 1 1 0 0 0 0 0 0 0 0 0 0 0 0 0 1 0 0 0 0 0 0 0 0 0 0 0 0 0 0 0 0 
0 0 0 0 0 0 0 0 0 0 0 0 0 0 0 0 0 0 0 0 0 0 0 0 0 0 0 0 1 0 0 0 0 0 0 0 0 0 0 0 
0 0 4 0 1 0 0 0 0 0 0 0 0 0 0 0 0 0 0 0 0 0 0 -1 0 0 0 0 0 0 0 0 0 0 0 0 0 0 0 0 
0 0 0 0 0 0 0 1 0 0 0 0 0 0 0 0 0 0 0 0 0 0 0 0 0 0 0 0 0 0 2 0 0 0 0 0 0 0 0 0 
0 0 -2 0 0 0 0 0 0 0 0 0 0 0 0 0 0 0 0 0 0 0 0 0 0 1 1 0 0 0 0 0 0 0 0 0 0 0 0 0 
0 0 0 0 0 0 0 0 0 2 0 0 0 0 0 0 0 0 0 0 0 -1 0 0 0 0 0 0 0 0 0 0 0 0 0 0 0 0 0 0 
0 0 0 0 0 1 0 0 0 0 0 0 0 0 0 0 0 0 0 8 0 0 0 0 0 0 0 0 2 0 0 0 0 0 0 0 0 0 0 0 
-2 0 0 0 0 0 0 0 0 0 0 0 0 0 0 0 0 0 0 0 0 0 0 0 1 0 0 0 0 0 0 0 0 0 0 0 0 0 4 0 
0 0 0 0 0 0 0 1 0 0 0 0 0 0 0 0 0 0 0 0 0 0 0 0 0 0 0 0 0 0 0 0 0 0 0 0 0 0 0 0 
0 0 0 0 1 0 0 0 0 0 0 0 0 0 0 0 0 0 0 0 0 0 0 0 0 0 0 0 0 0 0 0 0 0 0 0 0 0 3 0 
0 0 0 0 0 0 0 2 0 0 0 0 0 0 0 0 0 0 0 0 0 0 0 1 0 0 0 0 0 0 0 0 0 0 0 0 6 0 0 0 
0 0 0 0 0 0 0 0 0 0 0 0 0 0 0 0 0 -1 0 0 0 0 0 0 0 0 1 0 0 0 0 0 0 0 0 0 0 0 0 0 
0 0 1 0 0 0 0 0 0 0 0 0 0 0 0 3 0 0 0 0 0 0 0 0 0 0 0 0 0 0 0 0 0 0 0 0 1 0 0 0 
0 0 0 0 0 0 0 0 0 0 0 0 0 0 0 0 0 1 0 0 0 1 0 0 0 0 0 0 0 0 0 0 0 0 0 0 0 0 0 0 
0 0 0 0 0 0 0 0 0 0 0 0 0 0 0 2 0 0 0 0 0 0 0 0 0 0 0 0 0 0 0 0 0 0 0 0 2 0 0 0 
1 0 0 0 0 0 0 0 0 0 0 0 0 0 0 0 0 0 0 0 0 0 0 0 0 0 0 0 0 0 0 0 0 0 1 0 0 0 0 0 
0 0 0 0 0 0 0 0 0 0 0 0 0 0 0 0 0 2 0 1 0 0 0 0 0 0 0 0 0 0 0 0 4 0 1 0 0 0 0 0 
0 0 0 0 0 0 0 0 0 0 0 0 0 2 0 0 0 0 0 0 0 0 0 0 0 0 0 0 0 0 0 0 0 0 0 0 2 0 1 0 
0 0 0 0 0 0 0 0 0 0 0 2 0 0 0 0 0 0 0 0 0 0 0 0 0 0 0 0 0 0 0 0 1 0 0 0 0 0 0 0 
0 0 0 0 0 0 0 0 0 0 0 0 0 0 0 3 0 1 0 0 0 0 0 0 0 0 0 0 0 0 3 0 0 0 0 0 0 0 0 0 
0 0 0 0 0 0 0 0 0 0 0 0 0 0 0 0 0 0 0 0 0 0 0 0 0 0 0 0 0 0 0 0 0 0 4 0 1 0 0 0 
0 0 0 0 0 0 0 0 0 4 0 0 0 0 0 0 0 0 0 0 0 0 0 0 0 0 0 0 0 0 -1 0 0 0 0 0 0 0 0 0 
0 0 0 0 0 0 0 0 0 0 0 0 0 1 0 1 0 0 0 0 0 0 0 0 0 0 0 0 1 0 0 0 0 0 0 0 0 0 0 0 
0 0 0 0 0 0 0 0 0 2 0 0 0 0 0 0 0 0 0 0 0 0 0 0 0 0 0 0 0 0 0 0 0 0 1 0 0 0 0 0 
0 0 0 0 0 0 0 8 0 0 0 0 0 0 0 0 2 0 0 0 0 0 0 0 0 0 0 0 -1 0 0 0 0 0 0 0 0 0 0 0 
0 0 0 0 0 0 0 0 0 0 0 0 0 1 0 0 0 0 0 0 0 0 0 0 0 0 4 0 0 0 0 0 0 0 0 1 0 0 0 0 
0 0 0 0 0 0 0 1 0 0 0 0 0 0 0 0 0 0 0 0 0 0 0 0 0 0 0 0 0 0 3 0 1 0 0 0 0 0 0 0 
0 0 0 0 0 4 0 0 0 0 0 0 0 0 0 0 1 0 0 0 0 0 0 0 0 0 2 0 0 0 0 0 0 0 0 0 0 0 0 0 
0 0 0 0 0 0 0 0 0 0 0 0 1 0 0 0 0 0 0 0 0 0 0 0 0 0 0 0 0 0 0 0 0 0 0 0 0 0 0 0 
0 0 0 0 0 -1 0 0 0 0 0 0 0 0 0 0 0 0 0 0 0 0 0 0 0 0 0 0 0 0 0 2 0 0 0 0 0 0 0 0 
0 0 0 0 0 0 0 0 0 0 0 0 0 0 0 0 0 0 0 0 0 0 0 0 0 0 0 0 0 0 0 0 0 0 0 0 0 0 0 0 
0 0 0 0 0 0 0 0 0 0 3 0 0 0 0 0 0 0 0 0 0 0 0 0 0 0 0 0 0 0 0 0 0 0 0 0 0 0 0 0 
0 0 0 -1 0 0 0 0 0 0 0 0 0 0 0 0 0 0 0 0 0 0 0 0 0 0 0 0 0 1 0 0 0 0 0 0 0 0 0 0 
0 3 0 0 0 0 0 0 0 0 0 0 0 0 0 0 0 0 0 0 0 0 -1 0 0 0 0 0 0 0 0 0 0 0 0 0 0 0 0 0 
0 0 0 0 0 0 0 0 0 1 0 0 0 0 0 0 0 0 0 0 0 0 0 0 0 0 0 0 0 0 0 0 0 0 0 0 0 0 0 0 
0 1 0 0 0 0 0 0 0 0 1 0 0 0 0 0 0 0 0 0 0 0 0 0 0 0 0 0 1 0 0 0 0 0 0 0 0 0 0 3 
0 0 0 0 0 0 0 0 0 0 0 0 0 0 0 0 0 0 0 0 -1 0 0 0 0 0 0 0 0 6 0 0 0 0 0 0 0 0 0 0 
0 0 1 0 0 0 0 1 0 0 0 0 6 0 0 0 0 0 0 0 0 0 0 0 0 0 0 0 0 0 0 0 0 0 0 0 0 0 0 -2 
0 0 0 0 0 0 0 0 6 0 0 0 0 0 0 0 0 0 0 0 0 1 0 0 0 0 1 0 0 0 0 6 0 0 0 0 0 0 0 0 
0 0 0 0 0 0 0 0 0 0 0 0 0 0 0 0 0 0 -3 0 0 0 0 0 0 0 0 1 0 0 0 0 0 0 0 0 0 0 0 0 
0 1 0 0 0 1 0 0 0 0 0 0 0 0 0 0 3 0 0 0 0 0 0 0 0 0 0 0 0 0 0 0 0 0 0 0 0 0 0 0 
0 0 0 0 0 0 0 0 0 0 0 0 0 0 0 0 0 0 0 0 2 0 0 0 1 0 0 0 0 0 0 0 0 0 0 4 0 1 0 0 
0 0 0 0 0 0 0 0 0 0 0 0 0 0 0 0 0 0 0 0 0 0 0 0 0 0 0 0 0 0 0 0 0 0 0 0 0 0 0 1 
0 0 0 1 0 0 0 0 0 0 0 0 0 0 4 0 1 0 0 0 0 0 0 0 0 0 0 0 0 0 0 0 0 0 0 -1 0 0 0 0 
0 0 0 0 0 0 0 0 0 0 0 0 0 0 0 0 0 0 1 0 0 0 1 0 0 0 0 0 0 0 0 0 0 1 0 0 0 0 0 0 
0 0 0 0 0 0 0 0 0 0 0 0 0 0 0 0 0 0 0 0 0 0 0 0 0 0 0 0 0 0 0 0 0 0 0 0 0 0 0 0 
0 1 0 0 0 0 0 0 0 0 0 0 4 0 1 0 0 0 0 0 0 0 0 0 0 0 0 0 0 0 0 0 0 -2 0 0 0 0 0 0 
0 0 0 0 0 0 0 0 0 0 0 0 0 0 0 0 0 0 0 0 1 0 0 0 0 0 0 0 0 0 0 4 0 0 0 0 0 0 0 0 
1 0 0 0 0 0 0 0 0 0 0 0 -1 0 0 0 0 0 0 0 0 0 0 0 0 0 0 0 0 0 0 0 0 0 0 0 0 0 0 0 
1 0 0 0 0 0 0 0 0 0 0 0 0 0 0 0 0 0 0 0 0 0 0 0 0 0 0 0 0 0 0 1 0 0 0 0 0 0 0 0 
0 0 0 0 0 0 0 0 0 0 0 0 1 0 0 0 0 0 0 1 0 0 0 0 0 0 0 0 0 0 0 0 0 0 0 0 0 0 0 0 
0 0 0 0 0 0 0 0 0 0 0 0 0 0 0 0 0 0 0 0 0 0 0 0 0 0 0 0 0 0 0 0 0 2 0 0 0 0 1 0 
0 0 0 0 0 0 0 0 4 0 1 0 0 0 0 0 0 0 0 0 0 0 0 0 0 0 0 0 0 0 0 0 0 0 0 0 0 0 0 0 
0 0 0 0 0 0 0 0 0 0 0 0 1 0 0 0 0 1 0 0 0 0 0 0 0 0 0 4 0 1 0 0 0 0 0 0 0 0 0 0 
0 0 0 0 0 0 0 0 -1 0 0 0 0 0 0 0 0 0 0 0 0 0 0 0 0 0 0 0 0 0 0 1 0 0 0 0 1 0 0 0 
0 0 0 0 0 0 1 0 0 0 0 0 0 0 0 0 0 0 0 0 0 0 0 0 0 0 0 0 0 0 0 0 0 0 0 0 0 0 0 0 
0 0 0 0 0 0 0 0 0 0 0 0 0 0 0 1 0 0 0 0 0 0 0 0 0 4 0 1 0 0 0 0 0 0 0 0 0 0 0 0 
0 0 0 0 0 0 -2 0 0 0 0 0 0 0 0 0 0 0 0 0 0 0 0 0 0 0 0 0 0 0 0 0 0 0 1 0 0 0 0 0 
0 0 0 0 4 0 0 0 0 0 0 0 0 1 0 0 0 0 0 0 0 0 0 0 0 -1 0 0 0 0 0 0 0 0 0 0 0 0 0 0 
0 0 0 0 0 0 0 0 0 0 0 0 0 0 1 0 0 0 0 0 0 0 0 0 0 0 0 0 0 0 0 0 0 0 0 0 0 0 0 0 
0 0 0 0 2 0 0 0 0 0 1 0 0 0 0 0 0 0 0 0 0 0 0 0 0 0 0 4 0 0 0 0 0 1 0 0 0 0 0 0 
0 0 4 0 0 0 0 0 0 0 0 0 0 0 0 0 0 0 0 0 0 0 0 1 0 0 0 0 0 0 0 0 1 0 0 0 0 0 0 0 
0 0 0 0 0 0 0 0 0 0 0 0 1 0 0 0 0 0 0 0 0 3 0 0 0 0 0 0 0 0 0 0 0 0 0 0 0 0 0 0 
0 0 0 0 0 0 0 0 0 0 0 0 0 0 0 1 0 0 0 0 0 0 0 0 0 0 0 0 0 0 0 1 0 0 0 0 0 0 0 0 
0 0 0 0 0 0 0 0 0 0 0 0 0 0 0 0 0 0 0 0 0 -1 0 0 0 0 0 0 0 0 0 0 0 0 0 0 0 0 0 0 
0 0 1 0 0 0 0 0 0 0 1 0 0 0 0 0 0 0 0 0 0 0 0 0 0 0 0 0 0 0 0 0 0 0 0 0 0 0 0 0 
1 0 0 0 0 0 0 0 0 1 0 0 0 0 0 0 0 0 0 0 0 0 0 1 0 0 0 0 0 1 0 0 0 0 0 0 0 0 3 0 
0 0 0 0 0 0 0 0 0 0 0 0 0 0 0 0 0 0 0 1 0 0 0 0 0 0 0 0 0 0 0 0 1 0 0 0 0 0 0 0 
0 0 2 0 0 0 0 0 1 0 0 0 0 0 0 0 0 0 0 0 0 0 0 0 0 0 0 0 0 0 0 0 0 0 0 0 0 0 1 0 
0 0 0 0 0 0 0 0 0 0 0 1 0 0 0 0 0 0 0 0 0 1 0 0 0 0 0 1 0 0 0 0 0 0 0 0 0 0 0 0 
0 0 0 0 0 0 0 0 0 0 0 0 0 0 0 0 0 0 0 0 0 0 0 0 0 0 0 0 0 0 0 0 0 0 0 0 0 0 0 0 
2 0 0 0 0 0 1 0 0 0 0 0 0 0 0 4 0 1 0 0 0 0 0 0 0 0 0 0 0 0 0 0 0 0 0 0 1 0 0 0 
0 0 0 0 0 0 0 0 0 0 0 0 0 0 0 0 0 0 0 1 0 0 0 0 0 1 0 0 0 0 0 0 0 0 4 0 1 0 0 0 
0 0 0 0 0 0 0 0 0 0 0 0 0 0 0 0 0 0 0 0 0 0 0 0 0 0 0 0 0 0 0 0 0 0 0 0 0 0 1 0 
0 0 0 0 1 0 0 0 0 0 0 0 0 1 0 0 0 0 0 0 0 0 0 0 0 0 0 0 0 0 0 0 0 0 1 0 0 0 0 0 
0 0 0 0 0 0 0 0 0 0 0 0 0 0 0 0 0 0 0 0 0 0 0 1 0 0 0 0 0 0 0 0 0 1 0 0 0 0 0 0 
0 0 0 0 0 0 0 0 0 0 0 0 0 0 0 0 0 0 0 0 0 0 0 0 0 0 0 0 0 0 0 0 0 0 0 0 0 0 0 0 
0 0 1 0 0 0 0 0 0 0 0 0 2 0 0 0 0 0 0 0 0 0 0 0 0 0 0 0 0 0 0 0 -2 0 0 0 0 0 0 0 
0 0 0 0 0 0 0 0 0 0 0 0 0 0 0 0 0 0 0 0 0 1 0 0 0 0 0 0 0 0 4 0 1 0 0 0 0 0 0 0 
0 0 0 0 0 0 0 0 0 0 0 -1 0 0 0 0 0 0 0 0 0 0 0 0 0 0 0 0 0 0 0 0 0 0 0 0 0 0 0 0 
1 0 0 0 0 0 0 0 0 4 0 0 0 0 0 0 0 0 1 0 0 0 0 0 0 0 0 0 0 0 0 0 0 0 0 0 0 0 0 0 
0 0 0 0 0 0 0 0 0 0 0 0 0 0 0 0 0 0 0 1 0 0 0 0 0 0 0 0 4 0 0 0 0 0 0 0 0 0 1 0 
0 0 0 0 0 0 0 0 0 0 0 0 0 0 0 0 0 0 0 0 0 0 0 0 0 0 0 0 0 0 0 0 3 0 0 0 0 0 1 0 
0 0 0 0 0 0 0 4 0 0 0 0 0 0 0 0 0 0 1 0 0 0 0 0 0 0 0 0 1 0 0 0 0 0 0 0 0 0 0 0 
0 0 0 0 0 0 0 0 0 0 0 2 0 0 0 0 0 1 0 0 0 0 0 0 0 0 4 0 0 0 0 0 0 0 0 0 0 1 0 0 
0 0 0 0 0 0 0 0 0 0 0 0 0 0 0 0 3 0 0 0 0 0 0 0 0 0 0 0 0 0 0 0 0 0 0 0 2 0 0 0 
0 0 0 0 0 11 0 0 0 0 0 0 0 0 0 0 0 0 0 0 0 0 0 1 0 0 0 0 0 0 0 0 0 0 0 3 0 0 0 0 
0 0 0 0 0 0 0 0 0 0 0 0 0 0 0 1 0 0 0 0 0 0 0 0 11 0 0 0 0 0 0 0 0 0 0 0 0 0 0 0 
0 0 1 0 0 -2 0 0 0 0 0 0 0 0 0 0 0 0 0 0 0 0 0 0 0 0 0 0 0 0 0 0 0 0 0 1 0 0 0 0 
0 0 0 0 0 0 0 0 0 0 0 0 0 0 0 0 0 0 0 0 0 0 0 0 2 0 0 0 0 0 0 0 0 0 0 0 0 0 0 0 
0 0 0 0 0 0 0 0 0 0 0 0 0 0 1 0 0 0 0 0 0 0 0 0 0 0 0 0 0 0 0 0 0 0 0 0 0 0 0 0 
0 0 0 3 0 0 0 0 0 0 0 0 1 0 0 0 0 0 0 0 0 0 0 0 0 0 0 0 0 0 0 0 0 1 0 0 0 0 0 0 
0 3 0 0 0 0 0 0 0 0 0 0 0 0 0 0 0 0 0 0 0 0 0 0 0 0 0 0 0 0 0 0 0 0 0 0 1 0 0 0 
0 0 0 0 0 0 0 0 0 0 0 0 1 0 0 0 0 0 0 0 0 0 0 0 0 0 0 0 0 0 0 0 0 0 0 0 0 0 0 0 
0 1 0 0 0 0 0 0 0 0 0 0 0 0 0 1 0 0 0 0 0 0 0 0 0 0 0 0 0 0 0 1 0 0 0 0 0 0 0 0 
0 0 0 0 0 0 0 0 0 0 0 0 0 0 0 0 0 0 0 0 2 0 0 0 0 0 0 0 0 0 0 0 0 0 0 0 0 0 0 0 
0 1 0 0 0 0 0 0 0 0 1 0 0 0 0 0 0 0 0 0 0 0 0 0 0 0 0 0 0 0 0 0 0 0 0 0 0 0 0 1 
0 0 0 0 0 0 0 0 0 0 0 0 0 0 0 0 0 0 0 0 1 0 0 0 0 0 0 0 0 1 0 0 0 0 0 0 0 0 0 0 
0 0 0 0 0 0 0 0 0 0 0 0 0 0 0 0 0 0 2 0 0 0 0 0 0 0 0 0 0 0 0 0 0 0 0 0 0 0 0 2 
0 0 0 0 0 0 0 0 1 0 0 0 0 0 0 0 0 0 0 0 0 0 0 0 0 0 0 0 0 0 0 0 0 0 0 0 0 1 0 0 
0 0 0 0 0 0 0 0 0 0 0 0 0 0 0 0 0 0 3 0 0 0 0 0 0 0 0 1 0 0 0 0 0 0 0 0 0 0 0 0 
0 0 0 0 0 0 0 0 0 0 0 0 0 0 0 0 0 0 0 0 0 0 0 0 0 1 0 0 0 0 0 0 0 0 0 0 0 0 0 1 
0 0 0 0 0 0 1 0 0 0 0 0 0 0 3 0 0 0 0 0 0 0 0 0 0 0 0 0 0 0 0 0 0 0 0 1 0 0 0 0 
0 0 0 0 0 0 0 0 0 0 0 0 0 0 0 0 0 0 2 0 0 0 0 0 0 1 0 0 0 0 0 0 0 2 0 0 0 0 0 0 
0 0 0 0 0 0 0 0 0 0 0 0 0 0 0 0 0 0 0 0 0 0 0 0 0 0 0 0 0 0 0 0 0 0 0 0 0 2 0 0 
0 0 0 0 1 0 0 0 0 0 0 0 2 0 0 0 0 0 0 0 0 0 0 0 0 0 0 0 0 0 0 0 0 1 0 0 0 0 0 0 
0 0 0 0 0 0 0 0 0 0 0 0 0 0 0 0 3 0 0 0 0 0 0 1 0 0 0 0 0 0 0 3 0 0 0 0 0 0 0 0 
0 0 0 0 0 0 0 0 0 0 0 0 -1 0 0 0 0 0 0 0 0 0 0 0 0 0 0 0 0 0 0 0 0 0 0 4 0 0 0 0 
0 0 1 0 0 0 0 0 0 0 4 0 0 0 0 0 0 0 0 0 0 0 0 0 0 0 0 0 0 0 0 -2 0 0 0 0 0 0 0 0 
0 0 0 0 0 0 0 0 0 0 0 0 0 0 1 0 0 0 0 0 0 1 0 0 0 0 0 0 0 1 0 0 0 0 0 0 0 0 0 0 
0 0 0 0 0 0 0 0 0 0 1 0 0 0 0 0 0 0 0 0 0 0 0 0 0 0 0 0 0 0 0 0 0 1 0 0 0 0 0 0 
1 0 0 0 0 0 0 0 1 0 0 0 0 0 0 0 0 0 0 0 0 0 0 0 0 0 0 0 0 2 0 0 0 0 0 0 0 0 0 0 
0 0 0 0 0 0 0 0 0 0 1 0 1 0 0 0 0 0 0 1 0 0 0 0 0 0 0 1 0 0 0 0 0 0 0 0 0 0 0 0 
0 0 0 0 0 0 0 0 1 0 0 0 0 0 0 0 0 0 0 0 0 0 0 0 0 0 0 0 0 0 0 0 0 0 0 0 0 0 1 0 
0 0 0 0 0 0 4 0 0 0 0 0 0 0 0 1 0 0 0 0 0 0 0 0 0 0 0 0 0 0 0 0 0 0 0 0 0 0 0 0 
0 0 0 0 0 0 0 0 0 0 0 0 0 0 0 0 0 1 0 0 0 0 0 0 0 4 0 0 0 0 0 0 0 0 0 1 0 0 0 0 
0 0 0 0 0 0 0 0 0 0 0 0 0 0 0 0 0 0 0 0 0 0 0 0 0 0 0 0 0 0 0 0 0 0 0 0 0 1 0 0 
0 0 0 0 4 0 0 0 0 0 0 0 0 0 0 0 0 0 0 0 0 0 0 0 0 -2 0 0 0 0 0 0 0 0 0 0 0 0 0 0 
0 0 0 0 0 0 0 0 0 0 0 0 0 0 0 0 0 2 0 0 0 0 0 0 0 0 0 0 0 0 0 0 0 0 0 0 0 0 0 0 
0 0 0 0 0 0 0 0 0 0 0 0 0 0 0 0 0 0 0 0 0 0 0 0 0 0 0 3 0 0 0 0 0 0 0 0 1 0 0 0 
0 0 0 0 0 0 0 0 0 0 0 0 0 0 0 0 0 0 0 0 0 0 0 0 0 0 0 0 0 0 0 0 0 0 0 0 0 0 0 0 
0 0 0 0 0 0 4 0 0 0 0 0 0 0 0 1 0 0 0 0 0 0 0 0 0 0 0 0 0 0 0 0 0 0 0 0 0 0 0 0 
0 0 1 0 0 0 0 0 0 0 0 0 0 0 0 0 0 0 0 0 0 0 0 0 0 0 0 0 0 0 0 0 0 0 1 0 0 0 0 0 
2 0 0 0 0 0 0 0 0 0 0 0 0 0 0 0 0 0 0 0 0 -1 0 0 0 0 0 0 0 0 0 0 0 0 0 0 0 0 0 0 
0 0 0 0 0 0 0 0 0 0 0 0 0 1 0 0 0 0 0 3 0 0 0 0 0 0 0 0 0 0 0 0 0 0 0 0 0 0 0 0 
-1 0 0 0 0 0 0 0 0 0 0 0 0 0 0 0 0 0 0 0 0 0 0 0 0 0 0 0 0 0 0 0 0 0 1 0 0 0 0 0 
0 0 0 0 0 0 0 0 0 0 0 0 0 0 0 0 0 0 0 1 0 0 0 0 0 1 0 0 0 0 0 0 0 0 0 0 0 0 0 0 
0 0 4 0 0 0 0 0 0 0 0 0 0 1 0 0 0 4 0 0 0 0 0 0 0 0 0 0 0 0 0 0 0 0 0 0 0 0 0 0 
0 0 0 0 0 0 0 1 0 0 0 0 0 0 0 0 0 0 0 0 0 0 0 0 0 0 0 0 0 0 0 0 1 0 0 0 3 0 0 0 
0 0 0 0 0 0 0 0 0 0 0 0 0 0 0 0 0 -1 0 0 0 0 0 0 0 0 0 0 0 0 0 0 0 0 0 0 0 0 1 0 
0 0 0 0 0 0 0 0 0 0 0 1 0 0 0 0 0 0 0 0 0 0 0 0 0 0 0 0 0 0 0 0 0 0 0 0 0 0 0 0 
0 0 0 0 0 1 0 0 0 0 0 0 0 0 0 0 0 0 0 1 0 0 0 0 0 0 0 0 0 0 1 0 0 0 3 0 0 0 0 0 
0 0 0 0 0 0 0 0 0 0 0 0 0 0 0 0 0 0 0 0 0 0 0 0 0 0 0 0 0 0 0 0 0 0 0 0 0 0 2 0 
0 0 0 0 0 0 0 0 0 1 0 0 0 4 0 1 0 0 0 0 0 0 0 0 0 0 0 0 0 0 0 0 0 0 0 0 0 0 0 0 
0 0 0 0 0 0 0 0 0 0 0 0 0 0 0 0 0 1 0 0 0 0 0 0 0 0 0 0 1 0 0 0 4 0 1 0 0 0 0 0 
0 0 0 0 0 0 0 0 0 0 0 0 0 -1 0 0 0 0 0 0 0 0 0 0 0 0 0 0 0 0 0 0 0 0 0 0 1 0 0 0 
0 0 0 0 0 0 0 1 0 0 0 1 0 0 0 0 0 0 0 0 0 0 0 0 0 0 0 0 0 0 0 0 0 0 0 0 0 0 0 0 
0 0 0 0 0 0 0 0 0 0 0 0 0 0 0 0 0 0 0 0 0 0 0 0 0 0 1 0 0 0 4 0 1 0 0 0 0 0 0 0 
0 0 0 0 0 0 0 0 0 0 0 -2 0 0 0 0 0 0 0 0 0 0 0 0 0 0 0 0 0 0 0 0 0 0 0 0 0 0 0 0 
0 0 0 0 0 1 0 0 0 4 0 0 0 0 0 0 0 0 1 0 0 0 0 0 0 0 0 0 0 0 -1 0 0 0 0 0 0 0 0 0 
0 0 0 0 0 0 0 0 0 0 0 0 0 0 0 0 0 0 0 0 0 0 0 0 0 6 0 0 19 0 0 0 0 0 0 0 0 0 0 0 
0 0 0 0 0 0 0 0 0 -8 0 0 0 0 0 0 0 0 0 0 0 0 0 0 0 0 0 0 0 0 0 0 4 0 0 0 0 0 0 0 
0 0 0 0 1 0 0 4 0 0 0 0 0 0 0 0 0 0 0 0 0 0 0 0 0 0 0 0 1 0 0 0 0 0 0 0 0 0 0 0 
0 0 0 0 0 0 0 0 0 0 0 5 0 0 0 0 0 0 0 0 0 0 0 1 0 0 5 0 0 0 0 0 0 0 0 0 0 0 0 0 
0 0 0 0 0 0 0 0 0 0 0 0 0 0 0 0 0 0 0 0 0 0 0 0 0 0 0 0 0 0 6 0 0 0 0 0 0 0 0 0 
0 0 1 0 0 6 0 0 0 0 0 0 0 0 0 0 0 0 0 0 0 0 0 0 0 0 -1 0 0 0 0 0 0 0 0 0 0 0 0 0 
0 0 0 0 0 0 0 0 0 7 0 0 0 0 0 0 0 0 0 0 0 1 0 0 7 0 0 0 0 0 0 0 0 0 0 0 0 0 0 0 
0 0 0 0 0 -2 0 0 0 0 0 0 0 0 0 0 0 0 0 0 0 0 0 0 0 0 0 0 0 0 0 0 0 0 0 0 0 0 0 0 
0 1 0 0 0 0 0 0 0 0 0 0 0 0 0 0 0 0 0 0 0 0 0 0 2 0 0 0 0 0 0 0 0 4 0 0 0 0 0 0 
0 0 0 0 0 0 0 0 0 0 0 0 0 0 0 0 4 0 0 0 1 0 0 0 0 0 0 0 0 0 0 0 0 0 0 0 0 0 0 0 
0 0 0 -2 0 0 0 0 0 0 0 0 5 0 0 0 0 0 0 0 0 0 0 0 0 0 0 0 0 0 0 0 0 0 0 5 0 0 0 1 
0 0 0 0 0 0 0 0 0 0 0 0 0 0 0 0 0 0 0 0 0 0 -3 0 0 0 0 0 0 0 0 2 0 0 0 0 0 0 0 0 
0 0 0 0 0 0 0 0 0 0 0 0 0 0 0 0 0 0 1 0 6 0 0 0 0 0 0 0 0 0 0 0 0 0 0 0 0 0 0 0 
0 -2 0 0 0 0 0 0 0 0 1 0 0 0 0 0 0 0 0 0 0 0 0 0 0 0 0 0 0 0 0 0 0 0 0 0 0 1 0 3 
0 0 0 0 0 0 0 0 0 0 0 0 0 0 0 0 0 0 0 0 0 0 0 0 0 0 0 0 0 0 0 0 0 1 0 0 0 0 0 0 
0 0 0 0 0 0 0 0 0 0 0 0 0 0 0 0 1 0 0 0 0 0 0 0 0 0 0 0 0 0 0 0 0 0 0 0 0 0 0 -1 
0 0 0 0 0 0 0 0 0 0 0 0 2 0 0 0 0 0 0 0 0 0 0 0 0 0 0 0 0 0 0 0 0 0 0 1 0 0 0 0 
0 0 0 0 0 0 0 0 0 0 0 0 0 0 0 0 0 0 -4 0 0 0 0 0 0 0 0 0 0 0 0 0 1 0 0 0 0 0 0 0 
0 0 0 0 0 0 0 0 0 0 0 0 0 0 1 0 0 0 0 0 0 0 0 0 0 0 0 0 0 0 0 0 0 0 0 0 0 1 0 0 
0 0 0 0 0 0 0 0 0 0 0 0 0 0 0 0 0 0 1 0 0 0 0 0 0 0 0 0 0 0 0 0 0 1 0 0 0 0 0 0 
0 0 0 0 0 0 0 0 0 0 0 0 0 0 0 0 1 0 0 0 0 1 0 0 0 0 0 0 0 0 0 0 0 0 0 0 0 0 0 1 
0 0 0 0 0 0 0 0 0 0 0 0 1 0 4 0 0 0 0 0 0 0 0 0 0 0 0 0 0 0 0 0 0 0 0 0 0 0 0 0 
0 0 0 0 1 0 0 0 0 0 0 0 0 0 0 0 0 0 1 0 0 0 0 0 0 0 0 0 0 0 0 1 0 3 0 0 0 0 0 0 
0 0 0 0 0 0 0 0 0 0 0 0 0 0 1 0 0 0 0 0 0 0 0 0 0 0 0 1 0 0 0 0 0 0 0 0 0 2 0 0 
0 0 0 0 0 0 0 0 0 0 1 0 0 0 0 0 0 0 0 0 0 0 0 0 0 0 0 0 0 0 0 0 0 1 0 0 0 0 0 0 
0 0 0 0 0 0 1 0 0 0 0 0 0 0 0 0 1 0 0 0 0 0 0 0 0 0 0 0 0 1 0 0 0 0 0 0 0 0 0 0 
0 0 0 0 0 0 0 0 0 0 0 0 0 0 0 0 0 0 0 0 0 0 0 0 0 0 0 0 0 0 0 0 0 0 0 1 0 0 0 0 
0 0 0 0 0 0 0 0 1 0 7 0 2 0 0 0 0 0 0 0 0 0 0 0 0 0 0 0 0 0 0 -1 0 0 0 0 0 0 0 0 
0 0 0 0 0 0 0 0 0 0 0 0 0 0 1 0 0 0 0 0 0 0 0 0 0 0 0 1 0 4 0 1 0 0 0 0 0 0 0 0 
0 0 0 0 0 0 0 0 0 0 0 0 0 0 0 0 0 0 0 0 0 0 0 0 0 0 0 0 0 0 0 0 0 2 0 0 0 0 0 0 
0 0 0 0 0 0 1 0 0 0 0 0 0 0 0 0 0 2 0 0 0 0 0 0 0 0 0 0 0 0 0 0 0 0 0 0 0 0 0 0 
0 0 0 0 0 0 0 0 0 0 0 0 1 0 0 0 0 0 0 0 0 0 0 0 0 1 0 0 0 0 0 0 0 0 0 0 1 0 0 0 
0 0 0 0 0 0 0 0 1 0 0 0 0 0 0 0 0 0 0 0 0 0 0 0 0 0 0 0 0 0 0 6 0 0 0 0 0 0 0 0 
2 0 0 0 1 0 0 0 0 0 0 0 0 0 0 0 0 0 0 0 0 0 0 0 0 0 0 2 0 0 0 0 0 0 0 0 0 0 0 0 
0 0 0 0 0 0 0 0 0 0 9 0 0 0 0 0 0 0 0 3 0 0 0 1 0 0 0 0 0 0 0 0 0 0 0 0 0 0 0 0 
0 0 0 0 0 0 2 0 0 0 0 0 0 0 0 0 0 0 0 0 0 0 0 0 0 0 0 0 0 12 0 0 0 0 0 0 0 0 4 0 
0 0 1 0 0 0 0 0 0 0 0 0 0 0 0 0 0 0 0 0 0 0 0 0 0 2 0 0 0 0 0 0 0 0 0 0 0 0 0 0 
0 0 0 0 0 0 0 0 15 0 0 0 0 0 0 0 0 5 0 0 0 1 0 0 0 0 0 0 0 0 0 0 0 0 0 0 0 0 0 0 
0 0 0 0 2 0 0 0 0 0 0 0 0 0 0 0 0 0 0 0 0 0 0 0 0 0 0 18 0 0 0 0 0 0 0 0 6 0 0 0 
1 0 0 0 0 0 0 0 0 0 0 0 0 0 0 0 0 0 0 0 0 0 0 2 0 0 0 0 0 0 0 0 0 0 0 0 0 0 0 0 
0 0 0 0 0 0 3 0 0 0 0 0 0 0 0 1 0 0 0 1 0 0 0 0 0 0 0 0 0 0 0 0 0 0 0 0 0 0 0 0 
0 0 2 0 0 0 0 0 0 0 0 0 0 0 0 0 0 0 0 0 0 0 0 0 0 0 0 0 0 0 0 0 0 0 1 0 0 0 1 0 
3 0 0 0 0 0 0 0 0 0 0 0 0 0 0 0 0 0 0 0 0 1 0 0 0 0 0 0 0 0 0 0 0 0 0 0 0 0 0 0 
0 0 0 0 2 0 0 0 0 0 0 0 0 0 0 0 0 1 0 2 0 0 0 0 0 0 0 0 0 0 0 0 0 0 0 0 0 0 0 0 
0 0 0 0 0 0 0 0 0 0 0 0 0 0 0 0 0 0 0 0 0 0 0 3 0 0 0 0 0 0 0 0 0 0 0 0 1 0 3 0 
0 0 0 0 0 0 0 0 0 0 0 0 0 0 0 0 0 0 0 -1 0 0 0 0 0 0 0 0 0 0 0 0 0 0 0 0 0 0 0 0 
0 0 1 0 0 0 0 0 0 0 0 0 0 0 0 2 0 1 0 0 0 0 0 0 0 0 0 0 0 0 0 0 0 0 0 0 0 0 3 0 
0 0 0 0 0 0 0 0 0 0 0 0 0 0 0 0 0 0 0 0 0 4 0 0 0 0 0 0 0 0 0 0 0 0 4 0 4 0 0 0 
0 0 0 0 0 0 0 0 0 0 0 0 0 0 0 0 0 4 0 0 0 0 0 0 0 0 0 0 0 0 0 0 0 0 0 0 0 0 0 0 
1 0 0 0 0 0 0 0 0 0 0 0 0 1 0 1 0 0 0 0 0 0 0 0 0 0 0 0 0 0 0 0 0 0 0 0 1 0 0 0 
0 0 0 0 0 0 0 0 0 0 0 0 0 0 0 0 0 0 0 0 0 0 0 0 0 0 0 0 0 0 0 0 1 0 0 1 0 0 0 0 
0 0 0 0 0 0 0 0 0 0 0 0 0 0 0 0 0 0 0 0 0 0 0 0 0 0 0 0 0 0 0 0 0 0 0 0 0 0 0 0 
0 0 0 0 0 0 0 0 0 0 0 1 0 0 2 0 0 0 0 0 0 0 0 0 0 0 0 0 0 0 0 0 0 0 -2 0 0 0 0 0 
0 0 0 0 0 0 0 0 0 0 0 0 0 0 0 0 0 0 0 0 0 0 0 0 0 0 0 0 0 0 1 0 7 0 2 0 0 0 0 0 
0 0 0 0 0 0 0 0 0 0 0 0 0 -2 0 0 0 0 0 0 0 0 2 0 0 0 0 0 0 0 0 0 0 0 0 0 0 0 0 0 
0 0 0 0 0 2 0 0 0 1 0 0 0 0 0 0 0 0 0 0 2 0 0 0 0 0 0 0 0 0 0 0 0 0 0 0 0 0 0 0 
0 3 0 0 0 0 0 0 0 0 0 0 0 0 0 0 0 0 0 0 0 0 0 0 3 0 0 0 1 0 0 0 0 0 0 0 0 0 0 3 
0 0 0 0 0 0 0 0 0 0 0 -1 0 0 0 0 0 0 0 0 1 0 0 0 0 0 0 0 0 0 0 0 0 0 0 0 0 0 0 0 
0 0 0 1 0 0 0 1 0 0 0 0 0 0 0 0 0 0 1 0 0 0 0 0 0 0 0 0 0 0 1 0 0 0 0 0 0 0 0 0 
0 0 0 0 0 0 0 0 0 0 0 0 0 0 0 0 0 0 0 0 0 0 0 0 0 0 1 0 4 0 0 0 0 0 0 0 0 1 0 0 
0 0 0 0 0 0 0 0 0 0 0 0 0 0 0 0 0 0 2 0 0 0 0 0 0 0 0 0 0 0 0 0 0 0 0 0 0 0 0 0 
0 2 0 0 0 1 0 0 0 0 0 0 0 0 0 0 0 2 0 0 0 0 0 0 0 0 0 0 0 0 0 0 0 0 0 0 0 1 0 0 
0 0 0 0 0 0 0 0 0 0 0 0 0 0 0 0 0 0 0 0 1 0 0 0 1 0 0 0 0 0 0 0 0 0 0 0 1 0 0 0 
0 0 0 0 0 0 0 1 0 0 0 0 0 0 0 0 0 0 0 0 0 0 0 0 0 0 0 0 0 0 0 0 0 0 0 0 0 0 0 0 
0 0 0 1 0 4 0 0 0 0 0 0 0 0 0 1 0 0 0 0 0 0 0 0 0 0 0 0 0 0 0 0 0 0 0 0 0 0 0 0 
0 0 0 0 0 0 0 0 0 3 0 0 0 0 0 0 0 0 0 0 0 0 1 0 4 0 0 0 0 0 0 0 0 0 0 1 0 0 0 0 
0 0 0 0 0 1 0 0 0 0 0 0 0 0 0 0 0 0 0 0 0 0 0 0 0 0 0 0 0 0 0 0 0 0 0 0 0 0 0 0 
0 0 1 0 0 0 0 0 0 0 0 0 0 0 0 0 0 0 0 0 0 0 0 0 3 0 0 0 0 0 0 0 0 0 0 0 0 0 0 0 
0 0 0 0 0 0 0 0 0 0 0 0 0 0 0 0 0 0 0 0 0 1 0 0 0 0 0 0 0 0 0 0 0 0 0 0 0 0 0 0 
0 0 0 4 0 0 0 0 0 0 0 0 2 0 0 0 0 0 0 0 0 0 0 0 0 0 0 0 0 0 0 0 0 0 0 0 0 0 0 0 
1 6 0 0 0 0 0 0 0 0 0 0 0 0 0 0 0 0 0 0 0 0 -1 0 0 0 0 0 0 0 0 3 0 0 0 0 0 0 0 0 
0 0 0 0 0 0 0 0 0 0 0 0 0 0 0 0 0 0 0 1 9 0 0 0 0 0 0 0 0 0 0 0 0 0 0 0 0 0 0 0 
0 -3 0 0 0 0 0 0 0 0 4 0 0 0 0 0 0 0 0 0 0 0 0 0 0 0 0 0 0 0 0 0 0 0 0 0 0 0 1 12 
0 0 0 0 0 0 0 0 0 0 0 0 0 0 0 0 0 0 0 0 -4 0 0 0 0 0 0 0 0 5 0 0 0 0 0 0 0 0 0 0 
0 0 0 0 0 0 0 0 0 0 0 0 0 0 0 0 0 1 15 0 0 0 0 0 0 0 0 0 0 0 0 0 0 0 0 0 0 0 0 -6 
0 0 0 0 0 0 0 0 1 0 0 0 0 0 0 0 0 0 0 0 0 0 0 0 0 0 0 0 0 0 0 0 0 0 0 0 1 3 0 0 
0 0 0 0 0 0 0 0 0 0 0 0 0 0 0 0 0 0 1 0 0 0 0 0 0 0 0 0 0 0 0 0 1 0 0 0 0 0 0 0 
0 0 0 0 0 0 0 0 0 0 0 0 0 0 0 1 0 0 0 0 0 0 0 0 0 0 0 0 0 0 0 0 0 0 0 0 0 2 0 0 
0 0 0 0 0 0 0 0 0 0 0 1 0 0 0 0 0 0 0 0 0 0 0 0 0 0 0 0 0 0 0 0 0 0 1 0 0 0 0 0 
0 0 0 0 0 0 0 0 0 0 0 0 0 0 0 0 3 0 0 0 0 0 0 0 0 0 0 0 0 0 2 0 0 0 0 0 0 0 0 0 
0 0 0 0 0 0 0 0 0 0 0 0 0 1 0 0 0 0 0 0 0 0 0 0 0 0 0 0 0 0 0 0 0 0 0 1 0 0 0 0 
0 0 0 0 0 0 0 0 0 0 0 0 0 0 0 0 1 0 0 0 0 0 0 0 0 0 0 0 0 0 0 0 1 0 0 0 0 0 0 0 
0 0 0 0 0 0 0 0 0 0 0 0 0 0 2 0 0 0 0 0 0 0 0 0 0 0 0 0 0 0 0 0 0 0 0 1 0 0 0 0 
0 0 0 0 0 0 0 0 0 0 0 1 0 0 0 0 0 0 0 0 0 0 0 0 0 0 0 0 0 0 0 0 0 3 0 0 0 0 0 0 
0 0 0 0 0 0 0 0 0 0 0 0 0 0 2 0 0 0 0 0 0 0 0 0 0 0 0 0 0 0 1 0 0 0 0 0 0 0 0 0 
0 0 0 0 0 0 0 0 0 0 0 0 1 0 0 0 0 0 0 0 0 0 0 0 0 0 0 0 0 0 0 0 0 2 0 0 0 0 0 0 
0 0 0 0 0 0 0 0 0 1 0 0 0 0 0 0 0 0 0 0 0 0 0 0 0 0 0 0 0 0 0 2 0 0 0 0 0 0 0 0 
0 0 0 0 0 0 0 0 0 0 0 0 0 0 0 0 0 1 0 0 0 0 0 0 0 0 0 0 1 0 0 0 0 0 0 0 0 0 0 0 
0 0 0 0 0 0 0 0 0 0 3 0 0 0 0 0 0 0 0 0 0 0 0 0 0 0 0 0 0 0 0 0 0 0 0 0 0 0 0 0 
0 0 1 0 0 0 0 1 3 0 0 0 0 0 0 0 0 0 0 0 0 0 0 0 0 0 0 0 0 3 0 0 0 0 0 0 0 0 0 0 
0 0 0 0 0 0 0 0 0 0 0 0 0 0 0 0 0 0 0 0 0 0 0 0 0 0 1 2 0 0 0 0 0 0 0 0 0 0 0 0 
0 0 0 0 0 0 0 0 1 0 0 0 0 0 0 0 0 0 0 0 0 0 0 0 0 0 0 0 0 0 0 0 0 0 0 0 0 0 0 0 
0 0 0 0 0 1 2 0 0 0 0 0 0 0 0 0 0 0 0 0 0 0 0 0 0 0 0 2 0 0 0 0 0 0 0 0 6 0 0 0 
0 0 0 0 0 0 0 0 0 0 0 0 0 0 0 0 0 0 0 0 0 0 0 0 3 24 0 0 0 0 0 0 0 0 0 0 0 0 0 0 
0 0 0 0 0 0 -6 0 0 0 0 0 0 0 0 2 0 0 0 0 0 0 0 0 0 0 0 0 0 0 0 0 0 0 0 0 0 0 0 0 
0 0 0 1 8 0 0 0 0 0 0 0 0 0 0 0 0 0 0 0 0 0 0 0 0 -2 0 0 0 0 0 0 0 0 2 0 0 0 0 0 
0 0 0 0 0 0 0 0 0 0 0 0 0 0 0 0 0 0 0 0 0 0 1 8 0 0 0 0 0 0 0 0 0 0 0 0 0 0 0 0 
0 0 0 0 -3 0 0 0 0 0 0 0 0 3 0 0 0 0 0 0 0 0 0 0 0 0 0 0 0 0 0 0 0 0 0 0 0 0 0 0 
0 1 11 0 0 0 0 0 0 0 0 0 0 0 0 0 0 0 0 0 0 0 0 -4 0 0 0 0 0 0 0 0 3 0 0 0 0 0 0 0 
0 0 0 0 0 0 0 0 0 0 0 0 0 0 0 0 0 0 0 0 1 11 0 0 0 0 0 0 0 0 0 0 0 0 0 0 0 0 0 0 
0 0 -5 0 0 0 0 0 0 0 0 1 0 0 0 0 0 0 0 0 0 0 0 0 0 0 0 0 0 0 0 0 0 0 0 0 0 0 0 1 
5 0 0 0 0 0 0 0 0 0 0 0 0 0 0 0 0 0 0 0 0 0 0 0 0 0 0 0 0 0 1 0 0 0 0 0 0 0 0 0 
0 0 0 0 0 0 0 0 0 0 0 0 0 0 0 0 0 0 1 5 0 0 0 0 0 0 0 0 0 0 0 0 0 0 0 0 0 0 0 0 
-1 0 0 0 0 0 0 0 0 1 0 0 0 0 0 0 0 0 0 0 0 0 0 3 0 0 0 0 0 0 0 0 0 0 0 0 0 2 10 0 
0 0 0 0 0 0 0 0 0 0 0 0 0 0 0 0 0 0 0 -1 0 0 0 0 0 0 0 0 2 0 0 0 0 0 0 0 0 0 0 0 
0 0 1 0 0 0 0 0 0 0 0 0 0 0 0 0 1 9 0 0 0 0 0 0 0 0 0 0 0 0 0 0 0 0 0 0 0 0 -4 0 
0 0 0 0 0 0 0 1 0 0 0 0 0 0 0 0 0 0 0 0 0 2 0 0 0 0 0 0 0 0 0 0 0 0 0 1 7 0 0 0 
0 0 0 0 0 0 0 0 0 0 0 0 0 0 0 0 0 -3 0 0 0 0 0 0 0 0 1 0 0 0 0 0 0 0 0 0 0 0 0 0 
1 0 0 0 0 0 0 0 0 0 0 0 0 0 1 6 0 0 0 0 0 0 0 0 0 0 0 0 0 0 0 0 0 0 0 0 -2 0 0 0 
0 0 0 0 0 0 0 0 0 1 0 0 0 0 0 0 0 0 0 0 0 0 0 0 0 0 0 0 0 0 0 0 0 1 2 0 0 0 0 0 
0 0 0 0 0 0 0 0 0 0 0 0 0 0 0 -2 0 0 0 0 0 0 0 0 0 0 0 0 0 1 0 0 0 0 0 0 0 0 0 0 
0 0 0 0 0 0 0 0 0 0 0 0 1 2 0 0 0 0 0 0 0 0 0 0 0 0 0 0 0 0 0 0 0 0 1 0 0 0 0 0 
0 0 0 0 0 0 0 0 0 0 0 0 0 0 0 1 0 0 0 0 0 0 0 0 0 0 0 0 0 0 0 1 2 0 0 0 0 0 0 0 
0 0 0 0 0 0 0 0 0 0 0 0 0 0 0 0 0 0 0 0 0 0 0 0 0 0 0 0 0 0 0 0 0 0 1 0 0 0 0 0 
0 0 0 0 0 0 0 0 0 0 1 2 0 0 0 0 0 0 0 0 0 0 0 0 0 0 0 0 0 0 0 0 1 0 0 0 0 0 0 0 
0 0 0 0 0 0 0 0 0 0 0 0 0 2 0 0 0 0 0 0 0 0 0 0 0 0 0 0 0 1 2 0 0 0 0 0 0 0 0 0 
0 0 0 0 0 0 0 0 0 0 0 0 0 0 0 0 0 0 0 0 0 0 0 0 0 0 0 0 0 0 0 0 2 0 0 0 0 0 0 0 
0 0 0 0 0 0 0 0 1 2 0 0 0 0 0 0 0 0 0 0 0 0 0 0 0 0 0 0 0 0 -1 0 0 0 0 0 0 0 0 0 
0 0 0 0 0 0 0 0 0 0 0 0 0 2 0 0 0 0 0 0 0 0 0 0 0 0 0 1 2 0 0 0 0 0 0 0 0 0 0 0 
0 0 0 0 0 0 0 0 0 1 0 0 0 0 0 0 0 0 0 0 0 0 0 0 0 0 0 0 0 0 0 0 2 0 0 0 0 0 0 0 
0 0 0 0 0 0 1 2 0 0 0 0 0 0 0 0 0 0 0 0 0 0 0 0 0 0 0 0 2 0 0 0 0 0 0 0 0 0 0 0 
0 0 0 0 0 0 0 0 0 0 0 3 0 0 0 0 0 0 0 0 0 0 0 0 0 1 3 0 0 0 0 0 0 0 0 0 0 0 0 0 
0 0 0 0 0 0 0 0 0 0 0 0 0 0 0 0 0 0 0 0 0 0 0 0 0 0 0 0 0 0 3 0 0 0 0 0 0 0 0 0 
0 0 0 0 1 3 0 0 0 0 0 0 0 0 0 0 0 0 0 0 0 0 0 0 0 0 1 0 0 0 0 0 0 0 0 0 0 0 0 0 
0 0 0 0 0 0 0 0 0 4 0 0 0 0 0 0 0 0 0 0 0 0 0 1 4 0 0 0 0 0 0 0 0 0 0 0 0 0 0 0 
0 0 0 0 0 0 0 0 0 0 0 0 0 0 0 0 0 0 0 0 0 0 0 0 0 0 0 0 1 0 0 0 0 0 0 0 0 0 0 0 
0 0 1 1 0 0 0 0 0 0 0 0 0 0 0 0 0 0 0 0 0 0 0 0 2 0 0 0 0 0 0 0 0 0 0 0 0 0 0 0 
0 0 0 0 0 0 0 1 0 0 0 0 0 0 0 0 0 0 0 0 0 1 1 0 0 0 0 0 0 0 0 0 0 0 0 0 0 0 0 0 
0 0 0 3 0 0 0 0 0 0 0 0 2 0 0 0 0 0 0 0 0 0 0 0 0 0 2 0 0 0 0 0 0 0 0 0 0 0 0 0 
1 8 0 0 0 0 0 0 0 0 0 0 0 0 0 0 0 0 0 0 0 0 -2 0 0 0 0 0 0 0 0 1 0 0 0 0 0 0 0 0 
0 0 0 0 0 4 0 0 0 0 0 0 0 0 0 0 0 0 0 1 7 0 0 0 0 0 0 0 0 0 0 0 0 0 0 0 0 0 0 0 
0 -2 0 0 0 0 0 0 0 0 0 0 0 0 0 0 0 0 0 0 0 0 0 0 2 0 0 0 0 0 0 0 0 0 0 0 0 0 1 10 
0 2 0 0 0 0 0 0 0 0 0 0 0 0 0 0 0 0 0 0 -2 0 0 0 0 0 0 0 0 0 0 0 0 0 0 0 0 0 0 0 
0 0 0 2 0 0 0 0 0 0 0 0 0 0 0 0 0 1 6 0 1 0 0 0 0 0 0 0 0 0 0 0 0 0 0 0 0 0 0 0 
0 0 0 0 0 0 0 0 0 0 0 0 0 0 0 0 0 0 0 0 0 0 2 0 0 0 0 0 0 0 0 0 0 0 0 0 1 6 0 1 
0 0 0 0 0 0 0 0 0 0 0 0 0 0 0 0 0 0 1 0 0 0 0 0 0 0 0 0 0 0 0 0 0 0 0 0 0 0 0 0 
0 1 0 0 0 0 0 0 0 0 0 0 0 0 0 1 6 0 1 0 0 0 0 0 0 0 0 0 0 0 0 0 0 0 0 0 0 0 0 0 
0 0 0 0 0 0 0 0 0 0 0 0 0 0 0 0 0 0 0 0 1 0 0 0 0 0 0 0 0 0 0 0 0 0 1 6 0 1 0 0 
0 0 0 0 0 0 0 0 0 0 0 0 0 0 0 0 -1 0 0 0 0 0 0 0 0 0 0 0 0 0 0 0 0 0 0 0 0 0 0 0 
0 0 1 0 0 0 0 0 0 0 0 0 0 1 5 0 0 0 0 0 0 0 0 0 0 0 0 0 0 0 0 0 0 0 0 0 0 0 0 0 
0 0 0 0 0 0 0 0 0 0 0 0 0 0 0 0 0 0 0 0 0 1 0 0 0 0 0 0 0 0 0 0 1 5 0 0 0 0 0 0 
0 0 0 0 0 0 0 0 0 0 0 0 0 0 1 0 0 0 0 0 0 0 0 0 0 0 0 0 0 0 0 0 0 0 0 0 0 2 0 0 
0 0 0 0 0 0 0 0 0 0 0 2 6 0 0 0 0 0 0 0 0 0 0 0 0 0 0 0 0 0 0 0 0 2 0 0 0 0 0 0 
0 0 0 0 0 0 0 0 0 0 0 0 0 0 0 0 5 0 0 0 0 0 0 0 0 0 0 0 0 0 3 11 0 0 0 0 0 0 0 0 
0 0 0 0 0 0 0 0 0 0 0 0 1 0 0 0 0 0 0 0 0 0 0 0 0 0 0 0 0 0 0 0 0 0 0 1 0 0 0 0 
0 0 0 0 0 0 0 0 0 1 3 0 0 0 0 0 0 0 0 0 0 0 0 0 0 0 0 0 0 0 0 0 0 0 0 0 0 0 0 0 
0 0 0 0 0 0 0 0 0 0 0 0 0 0 2 0 0 0 0 0 0 0 0 0 0 0 0 0 1 4 0 0 0 0 0 0 0 0 0 0 
0 0 0 0 0 0 0 0 0 0 0 0 0 0 0 0 0 0 0 0 0 0 0 0 0 0 0 0 0 0 0 0 0 2 0 0 0 0 0 0 
0 0 0 0 0 0 0 1 4 0 0 0 0 0 0 0 0 0 0 0 0 0 0 0 0 0 0 0 0 -1 0 0 0 0 0 0 0 0 0 0 
0 0 0 0 0 0 0 0 0 0 0 0 3 0 0 0 0 0 0 0 0 0 0 0 0 0 1 5 0 0 0 0 0 0 0 0 0 0 0 0 
0 0 0 0 0 0 0 0 -1 0 0 0 0 0 0 0 0 0 0 0 0 0 0 0 0 0 0 0 0 0 0 4 0 0 0 0 0 0 0 0 
0 0 0 0 0 1 6 0 0 0 0 0 0 0 0 0 0 0 0 0 0 0 0 0 0 0 0 -2 0 0 0 0 0 0 0 0 0 0 0 0 
0 0 0 0 0 0 0 0 0 0 1 0 0 0 0 0 0 0 0 0 0 0 0 0 1 3 0 0 0 0 0 0 0 0 0 0 0 0 0 0 
0 0 0 0 0 0 1 0 0 0 0 0 0 0 0 0 0 0 0 0 0 0 0 0 0 0 0 0 0 0 0 0 0 0 0 0 0 0 0 0 
0 0 0 1 2 2 0 0 0 0 0 0 0 0 0 0 0 0 0 0 0 0 0 0 0 -3 0 0 0 0 0 0 0 0 0 0 0 0 0 0 
0 0 0 0 0 0 0 0 0 0 0 0 0 0 0 0 0 0 0 0 0 0 1 2 1 0 0 0 0 0 0 0 0 0 0 0 0 0 0 0 
0 0 0 0 -1 0 0 0 0 0 0 0 0 1 0 0 0 0 0 0 0 0 0 0 0 0 0 0 0 0 0 0 0 0 0 0 1 0 0 0 
0 1 2 0 0 0 0 0 0 0 0 1 0 0 0 0 0 0 0 0 0 0 0 0 0 0 0 0 0 0 0 0 0 0 0 0 0 0 0 0 
0 0 0 0 0 0 0 0 0 0 0 0 0 0 0 0 0 0 0 0 1 10 0 0 0 0 0 0 0 0 2 0 0 0 0 0 0 0 0 0 
0 0 -2 0 0 0 0 0 0 0 0 0 0 0 0 0 0 0 0 0 0 0 0 0 0 0 0 0 0 0 0 0 0 0 0 0 0 0 0 1 
6 0 0 0 0 0 0 0 0 1 0 0 0 0 0 0 0 0 0 0 0 0 0 0 0 0 0 0 0 0 0 0 0 0 0 0 0 0 0 0 
0 0 0 0 0 0 0 0 0 0 0 0 0 0 0 0 0 0 1 6 0 0 0 0 0 0 0 0 1 0 0 0 0 0 0 0 0 0 0 0 
-1 0 0 0 0 0 0 0 0 0 0 0 0 0 0 0 0 0 0 0 0 0 0 3 0 0 0 0 0 0 0 0 0 0 0 0 0 1 6 0 
0 0 0 0 0 0 0 0 0 1 0 0 0 0 0 0 0 0 0 0 0 0 0 0 0 0 0 0 0 0 0 0 0 0 0 0 0 0 0 0 
0 0 3 0 0 0 0 0 0 0 0 0 0 0 0 0 1 6 0 0 0 0 0 0 0 0 0 0 1 0 0 0 0 0 0 0 0 0 1 0 
0 0 0 0 0 0 0 0 0 0 0 0 0 0 0 0 0 0 0 0 0 0 0 0 0 0 0 0 0 0 0 0 0 0 0 1 0 1 0 0 
0 0 0 0 0 0 0 0 0 0 0 0 0 0 0 0 0 2 0 0 0 0 0 0 0 0 0 0 0 0 0 0 0 0 0 0 0 0 0 0 
0 0 0 0 0 0 0 0 0 0 0 0 0 0 1 0 2 0 0 0 0 0 0 0 0 0 0 0 0 0 0 0 0 0 0 0 0 0 0 0 
0 0 0 0 0 0 0 0 0 0 0 0 0 0 0 0 0 0 0 0 0 0 0 0 0 0 0 0 0 0 0 0 0 1 0 3 0 0 0 0 
0 0 0 0 0 0 0 0 0 0 0 0 0 0 0 -2 0 0 0 0 0 0 0 0 2 0 0 0 0 0 0 0 0 0 0 0 0 0 0 0 
0 0 0 0 0 0 0 2 0 0 0 0 1 0 0 0 0 0 0 0 0 0 2 0 0 0 0 0 0 0 0 0 0 0 2 0 0 0 0 0 
0 0 0 3 0 0 0 0 0 0 0 0 0 0 0 0 0 0 0 0 0 0 0 0 0 0 3 0 0 0 0 1 0 0 0 0 0 0 0 0 
0 3 0 0 0 0 0 0 0 0 0 0 0 1 0 0 0 0 0 0 0 0 1 0 0 0 0 0 0 0 0 0 0 0 0 0 0 0 0 0 
0 0 0 0 0 1 0 0 0 0 1 0 0 0 0 0 0 0 0 0 1 0 0 0 0 0 0 0 0 0 0 0 3 0 0 0 0 0 0 0 
0 0 0 0 0 0 0 0 0 0 0 0 0 0 0 0 0 0 0 0 0 0 0 0 0 0 0 0 0 1 8 0 0 0 0 0 0 0 0 2 
0 0 0 0 0 0 0 0 0 0 0 0 0 0 0 0 0 0 0 0 0 0 0 0 0 0 0 0 0 0 0 0 0 0 0 0 0 0 0 0 
0 0 0 0 0 0 0 0 1 8 0 0 0 0 0 0 0 0 2 0 0 0 0 0 0 0 0 0 0 0 -1 0 0 0 0 0 0 0 0 0 
0 0 0 0 0 0 0 0 0 0 0 0 0 0 0 0 0 0 0 0 0 0 0 0 0 0 0 1 4 0 0 0 0 0 0 0 0 1 0 0 
0 0 0 0 0 0 0 0 0 1 0 0 0 0 0 0 0 0 0 0 0 0 0 0 0 0 0 0 0 0 0 0 0 0 0 0 0 0 0 0 
0 0 0 0 0 0 1 4 0 0 0 0 0 0 0 0 1 0 0 0 0 0 0 0 0 0 0 0 2 0 0 0 0 0 0 0 0 0 0 0 
0 0 0 0 0 0 0 0 0 0 0 3 0 0 0 0 0 0 0 0 0 0 0 0 0 1 4 0 0 0 0 0 0 0 0 0 0 1 0 0 
0 0 0 0 0 0 0 2 0 0 0 0 0 0 0 0 0 0 0 0 0 0 0 0 0 0 0 0 0 0 3 0 0 0 0 0 0 0 0 0 
0 0 0 0 1 4 0 0 0 0 0 0 0 0 0 0 1 0 0 0 0 0 0 0 0 0 3 0 0 0 0 0 0 0 0 0 0 0 0 0 
0 0 0 0 0 0 0 0 0 0 0 0 0 0 0 0 0 0 0 0 0 0 0 0 2 0 0 0 0 0 0 0 0 0 0 0 0 0 0 0 
0 0 0 0 0 0 0 0 0 0 0 0 0 0 0 0 0 0 0 0 0 0 0 0 0 0 0 0 0 0 0 0 0 0 0 0 0 0 0 0 
0 0 0 0 1 0 0 0 0 0 0 0 0 0 0 0 0 0 0 0 0 0 0 0 -2 0 0 0 0 0 0 0 0 0 0 0 0 0 0 0 
0 0 0 0 0 0 0 0 0 0 0 0 0 0 0 0 0 0 0 0 0 0 7 0 2 0 0 0 0 0 0 0 0 0 0 0 0 0 0 0 
0 0 0 -4 0 0 0 0 0 0 0 0 0 0 0 0 0 0 0 0 0 0 0 0 0 0 0 0 0 0 0 0 0 0 0 0 0 0 0 0 
0 4 0 1 0 0 0 0 0 0 0 0 0 0 0 0 0 0 0 0 0 0 -3 0 0 0 0 0 0 0 0 0 0 0 0 0 0 0 0 0 
0 0 0 0 0 0 0 0 0 0 0 0 0 0 0 0 0 0 0 0 0 0 0 1 0 0 0 0 0 0 0 0 0 0 0 0 0 0 0 0 
0 4 0 0 0 0 0 0 0 0 0 0 0 0 0 0 0 0 0 0 0 0 0 0 0 0 0 0 0 0 0 0 0 0 0 0 0 0 0 1 
0 0 1 0 0 0 0 0 0 0 0 0 0 0 0 0 0 0 0 0 3 0 0 0 0 0 0 0 0 0 0 0 0 0 0 0 0 0 0 0 
0 1 0 0 0 0 0 0 0 0 0 0 0 0 0 0 0 0 1 0 0 1 0 0 0 0 0 0 0 0 0 0 0 0 0 0 0 0 0 2 
0 0 0 0 0 0 0 0 0 0 0 0 0 0 0 0 0 0 0 0 2 0 0 0 0 0 0 0 0 0 0 0 0 0 0 0 0 1 0 0 
1 0 0 0 0 0 0 0 0 0 0 0 0 0 0 0 0 0 1 0 0 0 0 0 0 0 0 0 0 0 0 0 0 0 0 0 0 0 0 3 
0 0 0 0 0 0 0 0 0 0 0 0 0 0 0 0 1 0 0 1 0 0 0 0 0 0 0 0 0 0 0 0 0 0 0 0 0 0 0 0 
0 0 0 0 0 0 0 0 0 0 0 0 0 0 0 0 0 0 0 0 2 0 0 0 0 0 0 0 0 0 0 0 0 0 0 2 0 0 1 0 
0 0 0 0 0 0 0 0 0 0 0 0 0 0 0 0 2 0 0 0 0 0 0 0 0 0 0 0 0 0 0 0 0 0 0 0 0 0 0 3 
0 0 0 0 0 0 0 0 0 0 0 0 0 0 3 0 0 1 0 0 0 0 0 0 0 0 0 0 0 0 0 0 0 0 0 1 0 0 0 0 
0 0 0 0 0 0 0 0 0 0 0 0 0 0 0 0 0 0 1 0 0 0 0 0 0 0 0 0 0 0 0 0 0 1 0 0 1 0 0 0 
0 0 0 0 0 0 0 0 0 0 0 0 0 0 3 0 0 0 0 0 0 0 0 0 0 0 0 0 0 0 0 0 0 0 0 0 0 1 0 0 
0 0 0 0 0 0 0 0 0 0 0 0 2 0 0 1 0 0 0 0 0 0 0 0 0 0 0 0 0 0 0 0 0 2 0 0 0 0 0 0 
0 0 0 0 0 0 0 0 0 0 0 0 0 0 0 0 2 0 0 0 0 0 0 0 0 0 0 0 0 0 0 3 0 0 1 0 0 0 0 0 
0 0 0 0 0 0 0 0 0 0 0 0 1 0 0 0 0 0 0 0 0 0 0 0 0 0 0 0 0 0 0 0 0 0 0 3 0 0 0 0 
0 0 0 0 0 0 0 0 0 0 4 0 0 1 0 0 0 0 0 0 0 0 0 0 0 0 0 0 0 0 0 0 0 0 0 0 0 0 0 0 
0 0 0 0 0 0 0 0 0 0 0 0 0 0 4 0 0 0 0 0 0 0 0 0 0 0 0 0 0 5 0 0 1 0 0 0 0 0 0 0 
0 0 0 0 0 0 0 0 0 0 -1 0 0 0 0 0 0 0 0 0 0 0 0 0 0 0 0 0 0 0 0 0 0 0 0 0 0 0 0 0 
0 0 0 0 0 0 0 0 9 0 0 1 0 0 0 0 0 2 0 0 0 0 0 0 0 0 0 0 0 -1 0 0 0 0 0 0 0 0 0 0 
0 0 0 0 0 0 0 0 0 0 0 0 0 0 0 0 0 0 0 0 0 0 0 0 0 0 0 13 0 0 1 0 0 0 0 0 3 0 0 0 
0 0 0 0 0 0 0 0 -3 0 0 0 0 0 0 0 0 0 0 0 0 0 0 0 0 0 0 0 0 0 0 0 0 0 0 0 0 0 0 0 
0 0 0 0 0 0 5 0 0 1 0 0 0 0 0 1 0 0 0 0 0 0 0 0 0 0 0 1 0 0 0 0 0 0 0 0 0 0 0 0 
0 0 0 0 0 0 0 0 0 0 0 0 0 0 0 0 0 0 0 0 0 0 0 0 0 0 0 0 0 1 0 0 0 0 0 0 0 0 0 0 
0 0 0 0 0 0 0 0 0 0 0 0 0 0 0 0 0 0 0 0 0 0 0 0 0 0 0 0 0 0 0 0 0 0 0 0 0 0 0 0 
0 0 0 0 0 0 0 0 1 0 0 0 0 0 0 0 0 0 0 0 0 0 0 0 0 2 0 0 0 0 0 1 0 0 0 0 0 0 0 0 
0 0 0 0 0 0 0 0 4 0 0 0 0 0 0 0 0 0 0 0 0 0 0 4 0 0 0 1 0 0 0 0 0 0 0 0 0 0 0 0 
0 0 0 0 1 0 0 0 0 0 3 0 0 0 0 0 0 0 0 0 0 0 0 0 0 0 0 12 0 0 0 0 0 0 0 0 0 0 0 0 
0 0 12 0 0 0 1 0 0 0 0 0 0 0 0 0 0 0 0 0 0 0 0 -1 0 0 0 0 0 0 0 0 2 0 0 0 0 0 0 0 
0 0 0 0 0 0 0 0 0 0 0 0 0 0 0 0 0 0 0 0 0 6 0 0 0 1 0 0 0 0 0 0 0 0 0 0 0 0 0 0 
0 0 -2 0 0 0 0 0 0 0 0 1 0 0 0 0 0 0 0 0 0 0 0 0 0 0 0 0 0 0 0 0 0 0 0 0 0 0 0 0 
3 0 0 0 1 0 0 0 0 0 0 0 0 0 0 0 0 0 0 0 0 0 0 0 0 0 0 0 0 0 1 0 0 0 0 1 0 0 0 0 
0 0 0 0 0 0 0 0 0 0 0 0 0 0 0 0 0 0 0 3 0 0 0 1 0 0 0 0 0 0 0 0 0 0 0 0 0 0 0 0 
-1 0 0 0 0 0 0 0 0 1 0 0 0 0 0 0 0 0 0 0 0 0 0 1 0 0 0 0 0 0 0 0 0 0 0 0 0 0 4 0 
0 0 1 0 0 0 0 0 0 0 0 0 0 0 0 0 0 0 0 -1 0 0 0 0 0 0 0 0 0 0 0 0 0 1 0 0 0 0 0 0 
0 0 0 0 0 0 0 0 0 0 0 0 0 0 0 0 0 0 0 0 0 1 0 0 0 0 0 0 0 0 0 0 0 0 0 0 0 0 1 0 
0 0 0 0 0 0 0 0 0 0 0 0 2 0 0 0 0 0 0 0 0 0 0 0 0 0 0 0 0 0 0 0 0 0 0 0 0 0 0 0 
1 0 0 0 0 0 0 0 0 0 0 0 0 0 0 0 0 0 0 0 0 0 0 0 0 0 0 0 0 0 0 3 0 0 0 0 0 0 0 0 
0 0 0 0 0 0 0 0 0 0 0 0 0 0 0 0 0 0 0 1 0 0 0 0 0 0 0 0 0 0 0 0 0 0 0 0 -1 0 0 0 
0 0 0 0 0 0 0 0 0 0 4 0 0 0 0 0 0 0 0 0 0 0 0 0 0 0 0 0 0 0 0 0 0 0 0 0 0 0 1 0 
0 0 0 0 0 0 0 0 0 0 0 0 0 0 0 -2 0 0 0 0 0 0 0 0 1 0 0 0 0 0 0 0 0 0 0 0 0 0 1 0 
0 0 0 0 0 0 0 0 0 0 0 0 0 3 0 0 0 1 0 0 0 0 0 0 0 0 0 0 0 0 0 0 0 0 1 0 0 0 0 0 
0 0 0 0 0 0 0 0 0 0 0 0 0 0 0 0 0 2 0 0 0 0 0 0 0 0 0 0 0 0 0 0 8 0 2 0 1 0 0 0 
0 0 0 0 0 0 0 0 0 0 0 0 0 -2 0 0 0 0 0 0 0 0 0 0 0 0 0 0 0 0 0 0 0 0 0 0 2 0 0 0 
0 0 0 0 0 0 0 0 0 0 0 4 0 1 0 1 0 0 0 0 0 0 0 0 0 0 0 0 0 0 0 0 1 0 0 0 0 0 0 0 
0 0 0 0 0 0 0 0 0 0 0 0 0 0 0 1 0 0 0 0 0 0 0 0 0 0 0 0 0 0 4 0 1 0 1 0 0 0 0 0 
0 0 0 0 0 0 0 0 0 0 0 0 0 0 0 0 0 0 0 0 0 0 0 0 0 0 0 0 0 0 0 0 0 0 2 0 0 0 0 0 
0 0 0 0 0 0 0 0 0 0 0 0 0 1 0 0 0 0 2 0 0 0 0 0 0 0 0 0 0 0 0 0 0 0 0 0 0 0 0 0 
0 0 0 0 0 0 0 0 0 0 0 0 0 2 0 0 0 0 0 0 0 0 0 0 0 0 0 0 2 0 0 0 1 0 0 0 0 0 0 0 
0 0 0 0 0 0 0 0 0 0 0 0 0 0 0 0 0 0 0 0 0 0 0 0 0 0 0 0 0 0 0 0 3 0 0 0 0 0 0 0 
0 0 0 0 0 0 0 3 0 0 0 1 0 0 0 0 0 0 0 0 0 0 0 0 0 0 0 0 -1 0 0 0 0 0 0 0 0 0 0 0 
0 0 0 0 0 0 0 0 0 0 0 1 0 0 0 0 0 0 0 0 0 0 0 0 0 0 1 0 0 0 2 0 0 0 0 0 0 0 0 0 
0 0 0 0 0 0 0 3 0 0 0 0 0 0 0 0 0 0 0 0 0 0 0 0 0 0 0 0 0 0 4 0 0 0 0 0 0 0 0 0 
0 0 0 0 0 4 0 0 0 3 0 0 0 0 0 0 0 0 0 0 0 0 0 0 0 0 2 0 0 0 0 0 0 0 0 0 0 0 0 0 
0 0 0 0 0 0 0 0 0 4 0 0 0 0 0 0 0 0 0 0 0 0 0 0 4 0 0 0 4 0 0 0 0 0 0 0 0 0 0 0 
0 0 0 0 0 4 0 0 0 0 0 0 0 0 0 0 0 0 0 0 0 0 0 0 0 0 0 0 8 0 0 0 0 0 0 0 0 0 0 0 
0 0 0 8 0 0 0 6 0 0 0 0 0 0 0 0 0 0 0 0 0 0 0 0 4 0 0 0 0 0 0 0 0 0 0 0 0 0 0 0 
0 0 0 0 0 0 0 1 0 0 0 0 0 0 0 0 0 0 0 0 0 0 1 0 0 0 1 0 0 0 0 0 0 0 0 0 0 0 0 0 
0 0 0 1 0 0 0 0 0 0 0 0 0 0 0 0 0 0 0 0 0 0 0 0 0 0 1 0 0 0 0 0 0 0 0 0 0 0 0 0 
0 0 0 0 0 1 0 0 0 0 2 0 0 0 0 0 0 0 0 0 0 0 -1 0 0 0 0 0 0 0 0 0 0 0 0 0 0 0 0 0 
0 0 0 0 0 0 0 0 0 0 0 0 0 0 0 0 0 0 0 0 8 0 0 0 1 0 0 0 0 2 0 0 0 0 0 0 0 0 0 0 
0 -2 0 0 0 0 0 0 0 0 0 0 0 0 0 0 0 0 0 0 0 0 0 0 0 0 0 0 0 0 0 0 0 0 0 0 0 0 0 4 
0 0 0 1 0 0 0 0 1 0 0 0 0 0 0 0 0 0 0 0 0 0 0 0 0 0 0 0 0 0 0 0 0 0 0 0 0 0 0 0 
0 0 0 0 0 0 0 0 0 0 0 0 0 0 0 0 0 0 0 0 0 0 0 1 0 0 0 0 0 0 0 0 0 0 0 0 0 0 0 0 
0 0 0 0 0 0 0 0 0 0 0 0 0 0 0 0 0 0 0 0 0 0 0 0 0 0 0 0 0 0 0 0 0 0 0 0 0 0 0 0 
0 0 1 0 0 0 0 0 0 0 0 0 0 0 0 0 0 0 2 0 0 0 0 0 0 0 0 0 0 0 0 0 1 0 0 0 0 0 0 0 
0 0 0 0 0 0 0 0 0 0 0 0 0 0 0 0 0 0 0 0 0 1 0 0 0 0 0 0 0 0 0 0 0 0 0 0 0 1 0 0 
0 0 0 0 0 0 0 0 0 0 0 2 0 0 0 0 0 0 0 0 0 0 0 0 0 0 0 0 0 0 0 0 0 0 0 0 0 0 0 0 
1 0 0 0 0 0 0 0 0 0 0 0 0 0 0 0 0 0 0 0 0 0 0 0 0 0 0 0 0 0 3 0 0 0 0 0 0 0 0 0 
0 0 0 0 0 0 0 0 0 0 0 0 0 0 0 0 0 0 0 1 0 0 0 0 0 0 0 0 0 0 0 0 0 0 0 -1 0 0 0 0 
0 0 0 0 0 0 0 0 0 4 0 0 0 0 0 0 0 0 0 0 0 0 0 0 0 0 0 0 0 0 0 0 0 0 0 0 0 0 1 0 
0 0 0 0 0 0 0 0 0 0 0 0 0 0 -2 0 0 0 0 0 0 0 0 0 0 0 0 0 0 0 0 0 0 0 0 0 0 6 0 0 
0 0 0 0 0 0 2 0 0 0 0 0 0 0 0 0 0 1 0 0 0 0 0 0 0 0 0 0 0 0 0 0 0 2 0 0 0 0 0 0 
0 0 0 0 0 0 0 0 0 0 0 0 0 0 0 0 9 0 0 0 0 0 0 0 0 3 0 0 0 0 0 0 0 0 0 0 1 0 0 0 
0 0 0 0 0 0 0 0 0 0 0 0 2 0 0 0 0 0 0 0 0 0 0 0 0 0 0 0 0 0 0 0 0 0 0 12 0 0 0 0 
0 0 0 0 4 0 0 0 0 0 0 0 0 0 0 1 0 0 0 0 0 0 0 0 0 0 0 0 0 0 0 2 0 0 0 0 0 0 0 0 
0 0 0 0 0 0 0 0 0 0 0 0 0 0 3 0 0 0 0 0 0 0 0 1 0 0 0 0 0 0 0 0 0 0 1 0 0 0 0 0 
0 0 0 0 0 0 0 0 0 0 2 0 0 0 0 0 0 0 0 0 0 0 0 0 0 0 0 0 0 0 0 0 0 2 0 0 0 0 0 0 
0 0 0 0 0 0 0 0 2 0 0 0 0 1 0 0 0 0 0 0 0 0 0 0 0 0 0 0 0 0 0 0 0 0 0 0 0 0 0 0 
0 0 0 0 0 0 0 0 0 0 0 0 3 0 0 0 0 0 0 0 0 0 0 0 0 0 0 3 0 0 0 0 1 0 0 0 0 0 0 0 
0 0 0 0 0 0 0 0 -1 0 0 0 0 0 0 0 0 0 0 0 0 0 0 0 0 0 0 0 0 0 0 1 0 0 0 0 0 0 0 0 
0 0 0 0 0 0 1 0 0 0 0 1 0 0 0 0 0 0 0 0 0 0 0 0 0 0 0 1 0 0 0 0 0 0 0 0 0 0 0 0 
0 0 0 0 0 0 0 0 0 0 0 0 0 0 0 0 0 0 0 0 0 0 0 0 0 0 0 0 0 0 0 1 0 0 0 0 0 0 0 0 
0 0 0 0 0 0 0 0 0 0 0 0 0 0 0 0 0 0 0 0 0 0 0 0 0 0 0 0 0 0 0 0 0 0 0 0 0 0 0 0 
0 0 0 0 0 0 0 0 0 0 1 0 0 0 0 0 0 0 0 0 0 0 0 0 0 2 0 0 0 0 0 0 0 0 0 0 0 0 0 0 
0 0 0 0 0 0 0 0 0 0 0 0 0 0 0 0 0 0 0 0 0 0 0 0 0 0 0 0 0 1 0 0 0 0 0 0 0 0 0 0 
0 0 0 0 4 0 0 0 0 0 0 0 0 0 0 0 0 0 0 0 0 0 0 0 0 0 0 0 0 0 0 0 0 0 0 0 0 0 0 0 
0 0 0 0 0 0 0 0 1 0 0 0 0 0 0 0 0 0 0 0 0 0 0 -2 0 0 0 0 0 0 0 0 0 0 0 0 0 1 0 0 
0 0 0 0 0 0 0 0 0 0 0 0 0 0 0 0 0 0 0 0 0 0 0 0 0 0 0 1 0 0 0 0 0 0 0 0 0 0 0 0 
0 0 1 0 0 0 0 0 0 0 0 0 0 0 0 0 2 0 0 0 0 0 0 0 0 0 0 0 0 0 0 0 0 0 0 0 0 0 0 0 
0 0 0 0 0 0 1 0 0 0 0 0 0 0 0 0 0 0 0 0 0 0 0 0 0 0 0 0 0 0 0 0 0 0 0 3 0 0 0 0 
0 0 0 0 0 0 0 0 0 0 0 0 0 0 0 0 0 0 0 0 0 0 0 0 0 1 0 0 0 0 0 0 0 0 0 0 0 0 0 0 
-1 0 0 0 0 0 0 0 0 0 0 0 0 0 4 0 0 0 0 0 0 0 0 0 0 0 0 0 0 0 0 0 0 0 0 0 0 0 0 0 
0 0 0 0 1 0 0 0 0 0 0 0 0 0 0 0 0 0 0 -2 0 0 0 0 0 0 0 0 0 0 0 0 0 6 0 0 0 0 0 0 
0 0 0 0 0 0 0 0 0 0 0 0 0 0 0 0 0 0 0 0 0 0 0 1 0 0 0 0 0 0 0 0 0 0 0 0 0 0 -2 0 
0 0 0 0 0 0 0 0 0 0 0 0 0 0 0 0 0 0 0 0 0 0 0 0 0 0 0 0 0 0 2 0 0 0 0 0 6 0 0 0 
0 0 1 0 0 0 0 0 0 0 0 0 0 0 0 0 0 2 0 0 0 0 0 0 0 0 0 0 0 0 0 0 0 0 0 0 0 0 0 0 
0 0 0 0 0 0 0 0 0 3 0 0 0 0 0 9 0 0 0 0 0 1 0 0 0 0 0 0 0 0 0 0 0 0 0 0 1 0 0 0 
0 0 0 0 0 0 0 0 0 0 0 0 0 0 0 0 0 0 0 0 0 0 0 0 0 0 0 0 1 0 0 0 0 0 3 0 0 0 0 0 
1 0 0 0 0 0 0 0 0 0 0 0 0 0 0 3 0 0 0 0 0 0 0 0 0 0 0 0 0 0 0 0 0 0 0 0 0 0 2 0 
0 0 0 0 0 0 0 0 0 0 0 0 0 2 0 0 0 0 0 1 0 0 0 0 0 0 0 0 0 0 0 0 0 0 2 0 0 0 0 0 
0 0 0 0 0 0 0 0 0 0 0 0 0 0 0 0 0 3 0 0 0 0 0 0 0 0 0 0 0 0 0 0 3 0 0 0 0 0 1 0 
0 0 0 0 0 0 0 0 0 0 0 0 0 1 0 0 0 0 0 0 0 0 0 0 0 0 0 0 0 0 0 0 0 0 0 0 4 0 0 0 
0 0 0 0 0 0 0 0 0 0 0 4 0 0 0 0 0 1 0 0 0 0 0 0 0 0 0 0 0 0 0 0 0 0 0 0 0 0 0 0 
0 0 0 0 0 0 0 0 0 0 0 0 0 0 0 6 0 0 0 0 0 0 0 0 0 0 0 0 0 0 6 0 0 0 0 0 1 0 0 0 
0 0 0 0 0 0 0 0 0 0 0 -2 0 0 0 0 0 0 0 0 0 0 0 0 0 0 0 0 0 0 0 0 0 0 1 0 0 0 0 0 
0 0 0 0 0 0 0 0 0 1 0 0 0 0 0 1 0 0 0 0 0 0 0 0 0 0 0 0 0 0 3 0 0 0 0 0 0 0 0 0 
0 0 0 0 4 0 0 0 0 0 0 0 0 1 0 0 0 0 0 0 0 0 0 0 0 0 0 0 1 0 0 0 0 0 1 0 0 0 0 0 
0 0 0 0 0 0 0 0 0 -1 0 0 0 0 0 0 0 0 0 0 0 0 0 0 0 0 0 0 0 0 0 0 0 0 0 0 0 0 0 0 
0 0 0 0 0 0 0 8 0 0 0 0 0 1 0 0 2 0 0 0 0 0 0 0 0 0 0 0 0 0 0 0 0 0 0 0 0 0 0 0 
0 0 0 0 0 0 0 0 0 0 0 0 0 0 0 0 0 0 0 0 0 0 0 0 0 0 12 0 0 0 0 0 1 0 0 3 0 0 0 0 
0 0 0 0 0 0 0 -2 0 0 0 0 0 0 0 0 0 0 0 0 0 0 0 0 0 0 0 0 0 0 0 0 0 0 0 0 0 0 0 0 
0 0 0 0 0 4 0 0 0 0 0 1 0 0 1 0 0 0 0 0 0 0 0 0 0 0 0 0 0 0 0 0 0 0 0 0 0 0 0 0 
0 0 0 0 0 0 0 0 0 0 0 0 0 0 0 0 0 0 0 0 0 0 0 0 4 0 0 0 0 0 1 0 0 1 0 0 0 0 0 0 
0 0 0 0 0 2 0 0 0 0 0 0 0 0 0 0 0 0 0 0 0 0 0 0 0 0 0 0 0 0 0 0 0 0 0 0 0 0 0 0 
0 0 0 0 0 0 0 0 0 0 1 0 0 0 0 0 0 0 0 0 0 0 0 0 3 0 0 0 0 0 0 0 0 0 0 0 0 0 0 0 
0 0 0 0 0 0 0 0 0 0 0 0 0 0 0 0 0 0 0 0 0 0 0 0 0 0 0 0 0 1 0 0 0 0 0 0 0 0 0 0 
0 0 0 4 0 0 0 0 0 0 0 0 2 0 0 0 0 0 0 0 0 0 0 0 0 0 0 0 0 0 0 0 0 0 0 0 0 0 0 0 
0 6 0 0 0 0 0 0 1 0 0 0 0 0 0 0 0 0 0 0 0 0 -1 0 0 0 0 0 0 0 0 3 0 0 0 0 0 0 0 0 
0 0 0 0 0 0 0 0 0 0 0 0 0 0 0 0 0 0 0 0 9 0 0 0 0 0 0 1 0 0 0 0 0 0 0 0 0 0 0 0 
0 -3 0 0 0 0 0 0 0 0 4 0 0 0 0 0 0 0 0 0 0 0 0 0 0 0 0 0 0 0 0 0 0 0 0 0 0 0 0 12 
0 0 0 0 0 0 1 0 0 0 0 0 0 0 0 0 0 0 0 0 -4 0 0 0 0 0 0 0 0 5 0 0 0 0 0 0 0 0 0 0 
0 0 0 0 0 0 0 0 0 0 0 0 0 0 0 0 0 0 15 0 0 0 0 0 0 1 0 0 0 0 0 0 0 0 0 0 0 0 0 -6 
0 0 0 0 0 0 0 0 1 0 0 0 0 0 0 0 0 0 0 0 0 0 0 0 0 0 0 0 0 0 0 0 0 0 0 0 0 3 0 0 
0 0 0 0 1 0 0 0 0 0 0 0 0 0 0 0 0 0 1 0 0 0 0 0 0 0 0 1 0 0 0 0 0 0 0 0 0 0 0 0 
0 3 0 0 0 0 0 0 0 0 0 0 0 0 0 0 6 0 0 0 0 0 0 1 0 0 0 0 0 0 0 0 0 0 0 0 0 -1 0 0 
0 0 0 0 0 0 0 0 0 0 1 0 0 0 0 0 0 0 0 0 0 0 0 0 0 0 0 0 0 0 0 0 0 0 0 0 0 0 0 0 
0 0 1 0 0 0 0 0 0 0 0 0 0 0 0 0 0 0 0 0 0 0 0 0 0 0 0 0 0 0 1 0 0 0 0 0 0 0 0 0 
0 0 0 0 0 0 0 0 0 0 0 0 0 0 0 0 0 0 0 0 0 1 0 0 0 0 0 0 0 0 0 0 0 0 0 2 0 0 0 0 
0 0 0 0 0 0 0 0 0 1 0 0 0 0 0 0 0 0 0 0 0 0 0 0 0 0 0 0 0 0 0 0 0 0 0 0 0 0 0 0 
1 0 0 0 0 0 0 0 0 0 0 0 0 0 3 0 0 0 0 0 0 0 0 0 0 0 0 0 0 0 0 0 0 0 0 1 0 0 0 0 
0 0 0 0 0 0 0 0 0 0 0 0 0 0 0 0 0 0 0 1 0 0 0 0 0 0 0 0 0 0 0 0 0 2 0 0 0 0 0 0 
0 0 0 0 0 0 0 0 0 0 0 0 0 0 1 0 0 0 0 0 0 0 0 0 0 0 0 0 0 0 0 0 0 0 0 0 0 0 1 0 
0 0 0 0 0 0 0 0 0 0 0 0 3 0 0 0 0 0 0 0 0 0 0 0 0 0 0 0 0 0 0 0 0 2 0 0 0 0 0 0 
0 0 0 0 0 0 0 0 0 0 0 0 0 0 0 0 0 1 0 0 0 0 0 0 0 0 0 0 0 0 0 1 0 0 0 0 0 0 0 0 
0 0 0 0 0 0 0 0 0 0 0 0 2 0 0 0 0 0 0 0 0 0 0 0 0 0 0 0 0 0 0 0 0 0 0 0 1 0 0 0 
0 0 0 0 0 0 0 0 0 0 2 0 0 0 0 0 0 0 0 0 0 0 0 1 0 0 0 0 0 0 0 0 0 1 0 0 0 0 0 0 
0 0 0 0 0 0 0 0 0 0 0 0 0 0 0 1 0 0 0 0 0 0 0 0 0 0 0 0 0 1 0 0 0 0 0 0 0 0 0 0 
0 0 0 0 0 0 0 0 0 0 0 0 2 0 0 0 0 0 0 0 0 0 0 0 0 0 0 4 0 1 0 0 0 0 1 0 0 0 0 0 
0 0 0 0 0 0 0 0 2 0 0 0 0 0 0 0 0 0 0 0 0 0 0 0 0 0 0 0 0 0 0 3 0 0 0 0 0 0 0 0 
0 0 0 0 0 0 4 0 1 0 0 0 0 1 0 0 0 0 0 0 0 0 0 0 0 0 0 4 0 0 0 0 0 0 0 0 0 0 0 0 
0 0 0 0 0 0 0 0 0 0 0 0 0 0 0 0 0 0 0 1 0 0 0 0 0 3 0 0 0 0 0 0 1 0 0 0 0 0 0 0 
0 0 0 0 0 0 3 0 0 0 0 0 0 0 0 0 0 0 0 0 0 0 0 0 0 0 0 0 0 0 0 0 0 0 0 0 0 0 0 0 
0 0 0 0 2 0 0 0 0 0 0 1 0 0 0 0 0 0 0 0 0 0 0 0 0 1 0 0 0 0 0 0 0 0 0 0 0 0 0 0 
0 0 0 0 0 0 0 0 0 0 0 0 0 0 0 0 0 0 0 0 0 0 0 2 0 0 0 0 0 0 1 0 0 0 0 0 0 0 0 0 
0 0 0 0 2 0 0 0 0 0 0 0 0 6 0 0 0 0 0 0 0 0 0 0 0 0 0 0 0 0 0 0 0 0 0 0 0 0 0 0 
0 0 24 0 0 0 0 0 0 3 0 0 0 0 0 0 0 0 0 0 0 0 0 -6 0 0 0 0 0 0 0 0 2 0 0 0 0 0 0 0 
0 0 0 0 0 0 0 0 0 0 0 0 0 0 0 0 0 0 0 0 0 8 0 0 0 0 0 0 1 0 0 0 0 0 0 0 0 0 0 0 
0 0 -2 0 0 0 0 0 0 0 0 2 0 0 0 0 0 0 0 0 0 0 0 0 0 0 0 0 0 0 0 0 0 0 0 0 0 0 0 0 
8 0 0 0 0 0 0 1 0 0 0 0 0 0 0 0 0 0 0 0 0 -3 0 0 0 0 0 0 0 0 3 0 0 0 0 0 0 0 0 0 
0 0 0 0 0 0 0 0 0 0 0 0 0 0 0 0 0 0 0 11 0 0 0 0 0 0 1 0 0 0 0 0 0 0 0 0 0 0 0 0 
-4 0 0 0 0 0 0 0 0 3 0 0 0 0 0 0 0 0 0 0 0 0 0 0 0 0 0 0 0 0 0 0 0 0 0 0 0 0 11 0 
0 0 0 0 0 1 0 0 0 0 0 0 0 0 0 0 0 0 0 -5 0 0 0 0 0 0 0 0 1 0 0 0 0 0 0 0 0 0 0 0 
0 0 0 0 0 0 0 0 0 0 0 0 0 0 0 0 0 5 0 0 0 0 0 0 1 0 0 0 0 0 0 0 0 0 0 0 0 0 0 0 
0 0 0 0 0 0 0 1 0 0 0 0 0 0 0 0 0 0 0 0 0 0 0 0 0 0 0 0 0 0 0 0 0 0 0 0 5 0 0 0 
0 0 0 1 0 0 0 0 0 0 0 0 0 0 0 0 0 -1 0 0 0 0 0 0 0 0 0 0 0 0 0 1 0 0 0 0 0 0 0 0 
0 0 0 0 0 0 0 0 0 0 0 0 0 0 0 2 0 0 0 0 0 0 1 0 0 0 0 0 0 0 0 0 0 0 0 0 1 0 0 0 
0 0 0 0 0 0 0 0 0 0 2 0 0 0 0 0 0 0 0 0 0 0 0 0 0 0 0 0 0 0 0 0 0 0 2 0 0 0 0 0 
0 1 0 0 0 0 0 0 0 0 0 0 0 0 0 0 0 0 0 0 0 0 0 0 0 0 0 0 0 0 0 0 0 0 0 0 1 0 0 0 
0 0 0 0 0 0 0 0 0 0 0 0 0 2 0 0 0 0 0 0 1 0 0 0 0 0 0 0 0 0 0 0 0 0 1 0 0 0 0 0 
0 0 0 0 0 0 0 0 0 0 0 0 0 0 0 2 0 0 0 0 0 0 0 0 0 0 0 0 0 0 0 0 2 0 0 0 0 0 0 1 
0 0 0 0 0 0 0 0 0 0 0 0 0 0 0 0 0 0 0 0 0 0 0 0 0 0 0 0 0 0 0 0 0 0 0 0 2 0 0 0 
0 0 0 0 0 0 0 0 0 0 0 2 0 0 0 0 0 0 1 0 0 0 0 0 0 0 0 0 0 0 0 0 1 0 0 0 0 0 0 0 
0 0 0 0 0 0 0 0 0 0 0 0 0 0 0 2 0 0 0 0 0 0 0 0 0 0 0 0 0 0 2 0 0 0 0 0 0 1 0 0 
0 0 0 0 0 0 0 0 0 0 0 2 0 0 0 0 0 0 0 0 0 0 0 0 0 0 0 0 0 0 0 0 0 0 3 0 0 0 0 0 
0 0 0 0 0 0 0 0 0 3 0 0 0 0 0 0 1 0 0 0 0 0 0 0 0 0 0 0 0 0 0 0 0 0 0 0 0 0 0 0 
0 0 0 0 0 0 0 0 0 0 0 0 0 3 0 0 0 0 0 0 0 0 0 0 0 0 0 0 3 0 0 0 0 0 0 1 0 0 0 0 
0 0 0 0 0 0 0 0 0 1 0 0 0 0 0 0 0 0 0 0 0 0 0 0 0 0 0 0 0 0 0 0 4 0 0 0 0 0 0 0 
0 0 0 0 0 0 0 4 0 0 0 0 0 0 1 0 0 0 0 0 0 0 0 0 0 0 0 0 0 0 0 0 0 0 0 0 0 0 0 0 
0 0 0 0 0 0 0 0 0 0 0 1 0 0 0 0 0 0 0 0 0 0 0 0 0 0 1 0 0 0 0 0 0 1 0 0 0 0 0 0 
0 0 0 0 0 0 0 2 0 0 0 0 0 0 0 0 0 0 0 0 0 0 0 0 0 0 0 0 0 0 1 0 0 0 0 0 0 0 0 0 
0 0 0 0 0 1 0 0 0 0 0 0 1 0 0 0 0 0 0 0 0 0 0 0 0 0 3 0 0 0 0 0 0 0 0 0 0 0 0 0 
0 0 0 0 0 0 0 0 0 4 0 0 0 0 0 0 0 0 0 0 0 0 0 0 10 0 2 0 0 0 0 1 0 0 0 0 0 0 0 0 
0 0 0 0 0 0 0 0 0 0 0 0 0 0 0 0 0 0 0 0 0 0 0 0 0 0 0 0 2 0 0 0 0 0 0 0 0 0 0 0 
0 0 0 6 0 1 0 0 0 0 1 0 0 0 0 0 0 0 0 0 0 0 0 0 1 0 0 0 0 0 0 0 0 0 0 0 0 0 0 0 
0 0 0 0 0 0 0 1 0 0 0 0 0 0 0 0 0 0 0 0 0 0 6 0 1 0 0 0 0 1 0 0 0 0 0 0 0 0 0 0 
0 0 0 0 0 0 0 0 0 0 0 0 0 0 0 0 0 0 0 0 0 0 0 0 0 0 2 0 0 0 0 0 0 0 0 0 0 0 0 0 
0 6 0 0 0 0 0 0 2 0 0 0 0 0 0 0 0 0 0 0 0 0 2 0 0 0 0 0 0 0 0 0 0 0 0 0 0 0 0 0 
0 0 0 0 0 2 0 0 0 0 0 0 0 0 0 0 0 0 0 0 4 0 0 0 0 0 0 1 0 0 0 0 0 0 0 0 0 0 0 0 
0 0 0 0 0 0 0 0 0 0 0 0 0 0 0 0 0 0 0 0 0 0 0 0 3 0 0 0 0 0 0 0 0 0 0 0 0 0 0 5 
0 0 0 0 0 0 1 0 0 0 0 0 0 0 0 0 0 0 0 0 -1 0 0 0 0 0 0 0 0 0 0 0 0 0 0 0 0 0 0 0 
0 0 0 1 0 0 0 0 0 0 0 0 0 0 0 0 0 0 3 0 0 0 0 0 0 1 0 0 0 0 0 0 0 0 0 0 0 0 0 0 
0 0 0 0 0 0 0 0 0 0 0 0 0 0 0 0 0 0 0 0 0 0 1 0 0 0 0 0 0 0 0 0 0 0 0 0 0 3 0 0 
0 0 0 0 1 0 0 0 0 0 0 0 0 0 0 0 0 0 1 0 0 0 0 0 0 0 0 0 0 0 0 0 0 0 0 0 0 0 0 0 
0 0 0 0 0 0 0 0 0 0 0 0 0 0 0 0 6 0 1 0 0 0 0 1 0 0 0 0 0 0 0 0 0 0 0 0 0 -1 0 0 
0 0 0 0 0 0 0 0 0 0 0 0 0 0 0 0 0 0 0 0 0 0 0 0 0 0 0 0 0 0 0 0 0 0 0 10 0 0 0 0 
0 0 1 0 2 0 0 0 0 0 0 0 0 0 0 0 -2 0 0 0 0 0 0 0 0 0 0 0 0 0 0 0 0 0 0 0 0 0 0 0 
0 0 0 0 0 0 0 0 0 0 0 0 0 0 6 0 0 0 0 0 0 1 0 1 0 0 0 0 0 0 0 0 0 0 0 0 0 0 0 0 
0 0 0 0 0 0 0 0 0 0 0 0 0 0 0 0 0 0 0 0 0 0 0 0 0 0 0 0 0 0 0 0 0 6 0 0 0 0 0 0 
1 0 1 0 0 0 0 0 0 0 0 0 0 0 -1 0 0 0 0 0 0 0 0 0 0 0 0 0 0 0 0 0 0 0 0 0 0 3 0 0 
0 0 0 0 0 0 0 0 0 0 0 0 6 0 0 0 0 0 0 1 0 0 0 1 0 0 0 0 0 0 0 0 0 0 0 0 0 0 0 0 
0 0 0 0 0 0 0 0 0 0 0 0 0 0 0 0 3 0 0 0 0 0 0 0 0 0 0 0 0 0 0 6 0 0 0 0 0 0 1 0 
0 0 1 0 0 0 0 0 0 0 0 0 1 0 0 0 0 0 0 0 0 0 0 0 0 0 0 0 0 0 0 0 0 0 0 0 0 0 0 0 
0 0 0 0 0 0 0 0 0 0 0 1 0 0 0 0 0 1 0 0 0 0 0 0 0 0 0 0 0 0 0 1 0 0 0 0 0 0 0 0 
0 0 0 0 0 0 0 0 0 0 0 0 0 0 0 0 0 0 0 0 0 0 0 0 0 0 0 0 0 0 1 0 0 0 0 0 1 0 0 0 
0 0 0 0 0 0 0 0 0 0 2 0 0 0 0 0 0 0 0 0 0 0 0 0 0 0 0 0 0 0 0 0 0 0 0 0 0 0 0 0 
0 0 0 0 0 0 0 0 0 2 0 0 0 0 0 1 0 0 0 0 0 0 0 0 0 0 0 0 0 0 0 0 0 0 0 0 0 0 0 0 
0 0 0 0 0 0 0 0 0 0 0 0 0 0 0 0 0 0 0 0 0 0 0 0 0 0 0 0 2 0 0 0 0 0 1 0 0 0 0 0 
0 0 0 0 0 0 0 0 -1 0 0 0 0 0 0 0 0 0 0 0 0 0 0 0 0 0 0 0 0 0 0 0 0 0 0 0 0 0 0 0 
0 0 0 0 0 0 0 3 0 0 0 0 0 1 0 0 0 0 0 0 0 0 0 0 0 0 0 -2 0 0 0 0 0 0 0 0 0 0 0 0 
0 0 0 0 0 0 0 0 0 0 0 0 0 0 0 0 0 0 0 0 0 0 0 0 0 0 3 0 0 0 0 0 1 0 0 0 0 0 0 0 
0 0 0 0 0 0 -3 0 0 0 0 0 0 0 0 1 0 0 0 0 0 0 0 0 0 0 0 0 0 0 0 0 0 0 0 0 0 0 1 0 
0 0 0 0 0 0 0 0 0 0 0 1 0 1 0 0 0 0 0 0 0 0 0 0 0 2 0 0 0 0 0 0 0 0 0 0 0 0 0 0 
0 0 0 0 0 0 0 0 0 0 0 0 0 0 0 0 0 0 0 0 0 0 0 8 0 0 0 0 0 0 1 0 2 0 0 0 0 0 0 0 
0 0 0 0 0 0 0 0 0 0 0 0 0 0 0 0 0 0 0 0 0 0 0 0 0 0 0 0 0 0 0 0 0 0 0 0 0 0 0 0 
0 0 8 0 0 0 0 0 0 1 0 2 0 0 0 0 0 0 0 0 0 0 0 -1 0 0 0 0 0 0 0 0 0 0 0 0 0 0 0 0 
0 0 0 0 0 0 0 0 0 0 0 0 0 0 0 0 0 0 0 0 0 4 0 0 0 0 0 0 1 0 1 0 0 0 0 0 0 0 0 0 
0 0 1 0 0 0 0 0 0 0 0 0 0 0 0 0 0 0 0 0 0 0 0 0 0 0 0 0 0 0 0 0 0 0 0 0 0 0 0 0 
4 0 0 0 0 0 0 1 0 1 0 0 0 0 0 0 0 0 0 0 0 2 0 0 0 0 0 0 0 0 0 0 0 0 0 0 0 0 0 0 
0 0 0 0 3 0 0 0 0 0 0 0 0 0 0 0 0 0 0 4 0 0 0 0 0 0 1 0 0 0 1 0 0 0 0 0 0 0 0 0 
2 0 0 0 0 0 0 0 0 0 0 0 0 0 0 0 0 0 0 0 0 0 0 3 0 0 0 0 0 0 0 0 0 0 0 0 0 0 4 0 
0 0 0 0 0 1 0 0 0 1 0 0 0 0 0 0 0 0 0 3 0 0 0 0 0 0 0 0 0 0 0 0 0 0 0 0 0 0 0 0 
0 0 0 0 0 0 0 0 0 0 0 0 0 0 0 0 0 0 0 0 0 0 0 0 0 1 0 0 0 0 0 0 0 0 0 0 0 0 2 0 
0 0 0 0 0 0 0 1 0 0 0 0 0 0 0 0 0 0 0 0 0 0 0 0 0 0 0 0 0 0 0 0 0 0 0 0 3 0 0 0 
0 0 0 0 1 0 0 0 0 0 0 0 0 0 0 0 0 0 0 0 0 0 0 0 0 0 0 0 0 0 0 0 0 0 0 0 0 0 1 0 
0 0 0 0 0 0 0 0 0 0 0 0 0 0 0 0 0 0 0 0 0 0 0 1 0 0 0 0 0 0 0 0 0 0 0 0 1 0 0 0 
0 0 0 0 0 1 0 0 0 0 0 0 0 0 0 0 0 0 0 1 0 0 0 0 0 0 0 0 0 0 0 0 0 0 3 0 0 0 0 0 
0 0 1 0 0 0 0 0 0 0 0 0 0 0 0 1 0 0 0 0 0 0 0 0 0 0 0 0 0 0 0 0 0 0 0 0 0 0 1 0 
0 0 0 0 0 0 0 0 0 0 0 0 0 1 0 0 0 0 0 0 0 1 0 0 0 0 0 0 0 0 0 0 0 0 1 0 0 0 0 0 
0 0 0 0 0 0 0 0 0 0 0 0 0 0 0 0 0 0 0 0 0 0 0 0 0 0 0 0 0 0 0 0 4 0 0 0 0 0 0 0 
1 1 0 0 0 0 0 0 0 0 0 0 0 0 0 0 0 0 0 0 0 0 0 0 0 0 0 0 0 0 0 0 0 0 0 0 0 0 0 0 
0 0 0 0 0 0 0 0 0 0 0 0 0 0 0 0 0 0 0 0 1 0 0 0 0 0 0 0 0 0 0 0 0 0 0 0 0 0 0 0 
0 0 0 0 0 0 0 0 0 0 0 0 0 0 0 0 0 0 0 0 0 0 0 0 0 0 0 0 0 0 0 0 0 0 0 0 0 0 0 1 
0 0 0 0 0 0 0 0 0 0 0 -2 0 0 0 0 0 0 0 0 1 0 0 0 0 0 0 0 0 0 0 0 0 0 0 0 0 0 0 0 
0 0 0 1 0 0 0 0 0 0 0 0 0 0 0 0 0 0 1 0 0 0 0 0 0 0 0 0 0 0 -1 0 0 0 0 0 0 0 0 0 
0 0 0 0 0 0 0 0 0 0 0 0 0 0 0 0 0 0 0 0 0 0 0 0 0 0 0 0 3 0 0 0 0 0 0 0 0 2 0 0 
0 0 0 0 0 0 0 0 0 -2 0 0 0 0 0 0 0 0 0 0 0 0 0 0 0 0 0 0 0 0 0 0 0 0 0 0 0 0 0 0 
0 0 0 0 0 0 0 3 0 0 0 0 0 0 0 0 1 0 0 0 0 0 0 0 0 0 0 0 -2 0 0 0 0 0 0 0 0 0 0 0 
0 0 0 0 0 0 0 0 0 0 0 0 0 0 0 0 0 0 0 0 0 0 0 0 0 0 4 0 0 0 0 0 0 0 0 1 0 0 0 0 
0 0 0 0 0 0 0 -2 0 0 0 0 0 0 0 0 0 0 0 0 0 0 0 0 0 0 0 0 0 0 0 0 0 0 0 0 0 0 0 0 
0 0 0 0 0 0 0 0 0 0 0 0 0 0 0 1 0 0 0 0 0 0 0 0 0 0 0 0 0 0 0 0 0 0 0 0 0 0 0 0 
0 0 0 0 0 0 0 0 0 0 0 0 0 0 0 0 0 0 0 0 0 0 0 0 0 0 0 0 0 0 0 0 0 0 1 0 0 0 0 0 
0 0 0 0 0 -2 0 0 0 0 0 0 0 0 1 0 0 0 0 0 0 0 0 0 0 0 0 0 0 0 0 0 0 0 0 0 0 1 0 0 
0 0 0 0 0 0 0 0 0 0 0 0 0 1 0 0 0 0 0 0 0 0 0 0 -1 0 0 0 0 0 0 0 0 0 0 0 0 0 0 0 
0 0 0 0 0 0 0 0 0 0 0 0 0 0 0 0 0 0 0 0 0 0 3 0 0 0 0 0 0 0 0 0 1 0 0 0 0 0 0 0 
0 0 0 -2 0 0 0 0 0 0 0 0 0 0 0 0 0 0 0 0 0 0 0 0 0 0 0 0 0 0 0 0 0 0 0 0 0 0 0 0 
0 4 0 0 0 0 0 0 0 0 0 1 0 0 0 0 0 0 0 0 0 0 -2 0 0 0 0 0 0 0 0 0 0 0 0 0 0 0 0 0 
0 0 0 0 0 0 0 0 0 0 0 0 0 0 0 0 0 0 0 0 0 0 0 0 0 0 0 0 0 0 2 0 0 0 0 0 0 0 0 0 
0 -2 0 0 0 0 0 0 0 0 0 0 0 0 0 0 0 0 0 0 0 0 0 0 0 0 0 0 0 0 0 0 0 0 0 0 0 0 0 0 
0 0 0 0 0 0 0 0 0 3 0 0 0 0 0 0 0 0 0 0 -2 0 0 0 0 0 0 0 0 0 0 0 0 0 0 0 0 0 0 0 
0 0 0 0 0 0 0 0 0 0 0 0 0 0 0 0 0 0 0 0 0 0 0 0 0 0 0 0 4 0 0 0 0 0 0 0 0 0 0 -2 
0 0 1 0 0 0 0 0 0 0 0 0 0 0 0 0 0 0 0 0 0 0 4 0 0 0 0 0 0 0 0 0 0 0 0 0 0 7 0 0 
0 0 0 0 0 0 0 0 1 0 0 0 0 0 0 0 0 0 -3 0 0 0 0 0 0 0 0 0 0 0 0 0 0 0 0 0 0 0 0 0 
0 4 0 0 0 0 0 0 0 0 0 0 0 0 0 0 4 0 0 0 0 0 0 0 0 0 0 1 0 0 0 0 0 0 0 0 0 0 0 0 
0 0 0 0 0 0 0 0 0 0 0 0 0 0 0 0 0 0 0 0 4 0 0 0 0 0 0 0 0 0 0 0 0 0 0 12 0 0 0 0 
0 0 0 0 0 0 4 0 0 0 0 0 0 0 0 0 -4 0 0 0 0 0 0 0 0 0 0 0 0 0 0 0 0 0 0 0 0 0 0 3 
0 0 0 0 0 0 0 0 0 0 0 0 0 0 4 0 0 0 0 0 0 0 0 0 0 1 0 0 0 0 0 0 0 0 0 -1 0 0 0 0 
0 0 0 0 0 0 0 0 0 0 0 0 0 0 0 0 0 0 2 0 0 0 0 0 0 0 0 0 0 0 0 0 0 4 0 0 0 0 0 0 
0 0 0 0 1 0 0 0 0 0 0 0 0 0 -2 0 0 0 0 0 0 0 0 0 0 0 0 0 0 0 0 0 0 0 0 0 0 0 0 0 
0 0 0 0 0 0 0 0 0 0 0 0 0 0 0 0 0 0 0 0 0 0 0 0 1 0 0 0 0 0 0 0 0 3 0 0 0 0 0 0 
0 0 2 0 0 0 0 0 0 0 0 0 0 0 0 0 0 0 0 0 0 0 0 0 0 0 0 0 0 0 0 6 0 0 0 0 0 0 0 0 
0 0 0 1 0 0 0 0 0 0 0 0 -1 0 0 0 0 0 0 0 0 1 0 0 0 0 0 0 0 0 0 0 0 0 0 0 0 0 0 0 
0 0 0 0 0 0 0 0 0 0 3 0 0 0 0 0 0 0 0 0 0 0 1 0 0 0 0 0 0 0 0 1 0 0 0 0 0 0 0 0 
0 0 0 0 0 0 0 0 0 0 0 0 1 0 0 0 0 0 0 0 0 0 0 0 0 0 0 0 0 0 0 0 0 0 0 0 0 0 0 0 
0 1 0 0 0 0 0 0 0 0 2 0 0 0 0 0 0 0 0 0 0 0 0 0 0 0 0 0 0 0 0 2 0 0 0 0 0 0 0 0 
0 0 0 0 0 0 0 0 0 0 0 0 0 0 0 0 0 0 0 0 1 0 0 0 0 0 0 0 0 1 0 0 0 0 0 0 0 0 0 0 
0 0 0 0 0 0 0 0 0 0 0 0 2 0 0 0 0 0 0 0 0 0 0 0 0 0 0 4 0 1 0 0 0 0 0 0 0 0 0 1 
0 0 0 0 0 0 0 0 2 0 0 0 0 0 0 0 0 0 0 0 0 0 0 0 0 0 0 0 0 0 0 2 0 0 0 0 0 0 0 0 
0 0 0 0 0 0 2 0 0 0 0 0 0 0 0 0 0 0 1 0 0 0 0 0 0 0 0 1 0 0 0 0 0 0 0 0 0 0 0 0 
0 0 0 0 0 0 0 0 0 0 3 0 0 0 0 0 0 0 0 0 0 0 0 0 0 3 0 0 0 0 0 0 0 0 0 0 0 1 0 0 
0 0 0 0 0 0 0 0 0 0 0 0 0 0 0 0 0 0 0 0 0 0 0 0 0 0 0 0 0 4 0 0 0 0 0 0 0 0 0 0 
0 0 0 0 4 0 0 0 0 0 0 0 0 0 0 0 1 0 0 0 0 0 0 0 0 -1 0 0 0 0 0 0 0 0 0 0 0 0 0 0 
0 0 0 0 0 0 0 0 2 0 0 0 0 0 0 0 0 0 0 0 0 0 0 2 0 0 0 0 0 0 0 0 0 0 0 2 0 0 0 0 
0 0 0 0 4 0 0 0 0 0 0 0 0 0 0 0 0 0 0 0 0 0 0 0 0 0 0 5 0 0 0 0 0 0 0 0 0 0 0 0 
0 0 5 0 0 0 0 0 0 0 0 0 0 0 3 0 0 0 0 0 0 0 0 4 0 0 0 0 0 0 0 0 0 0 0 0 0 0 0 0 
0 0 0 0 0 0 1 0 0 0 0 0 0 0 0 0 0 0 0 0 0 1 0 0 0 0 0 0 0 0 0 0 0 1 0 0 0 0 0 0 
0 0 2 0 0 0 0 0 0 0 0 0 0 0 0 0 0 0 0 0 0 0 0 0 0 0 0 0 0 0 0 0 0 0 0 0 0 0 0 0 
8 0 0 0 0 0 0 0 0 2 0 0 1 0 0 0 0 0 0 0 0 -1 0 0 0 0 0 0 0 0 0 0 0 0 0 0 0 0 0 0 
0 0 0 0 0 0 0 0 0 0 0 0 0 0 0 0 0 0 0 4 0 0 0 0 0 0 0 0 1 0 0 1 0 0 0 0 0 0 0 0 
1 0 0 0 0 0 0 0 0 0 0 0 0 0 0 0 0 0 0 0 0 0 0 3 0 0 0 0 0 0 0 0 0 0 0 0 0 0 4 0 
0 0 0 0 0 0 0 0 0 1 1 0 0 0 0 0 0 0 0 2 0 0 0 0 0 0 0 0 0 0 0 0 0 0 0 0 0 0 0 0 
0 0 0 0 0 0 0 0 0 0 0 0 0 0 0 0 0 0 0 0 0 0 0 0 0 0 0 0 0 0 1 0 0 0 0 0 0 0 2 0 
0 0 0 0 0 0 0 0 0 0 0 0 0 0 0 0 0 0 0 0 0 0 0 0 0 0 0 0 0 0 0 0 0 0 0 0 0 0 0 0 
0 0 0 0 0 0 0 0 0 1 0 0 0 0 0 0 0 4 0 0 0 0 0 0 0 1 0 0 0 0 0 0 0 0 0 0 0 0 0 0 
0 0 0 0 0 0 0 0 0 0 0 0 0 0 0 0 0 0 0 0 0 0 0 0 0 0 0 0 1 0 0 0 0 0 0 0 1 0 0 0 
0 0 0 0 2 0 0 0 0 0 0 0 0 0 0 0 0 0 0 0 0 0 0 0 0 0 0 0 0 0 0 0 0 0 0 0 0 0 0 0 
0 0 0 0 0 0 0 1 0 0 0 0 0 0 0 0 0 0 0 0 0 0 0 3 0 0 0 0 0 0 0 0 0 0 0 0 0 0 0 0 
0 0 0 0 0 0 0 0 0 0 0 0 0 0 0 0 0 0 0 0 0 0 0 0 0 0 1 0 0 0 0 0 0 0 -1 0 0 0 0 0 
0 0 0 0 0 0 0 0 1 0 0 0 0 0 0 0 0 0 0 0 0 0 0 0 0 0 0 0 0 0 0 0 0 0 0 0 0 0 0 0 
0 0 0 0 0 1 0 0 0 0 0 0 0 1 0 0 0 0 0 0 0 0 0 0 0 0 0 1 0 0 0 0 0 0 0 0 0 0 0 0 
0 0 0 0 0 0 0 0 0 0 0 0 0 0 0 0 0 0 0 0 0 0 0 0 1 0 0 0 0 0 0 0 3 0 0 0 0 0 0 0 
0 0 0 0 0 0 2 0 0 0 0 0 0 0 0 0 0 0 0 0 0 0 0 0 0 0 0 0 0 0 0 0 0 0 0 0 0 0 0 0 
0 0 0 1 0 0 0 0 0 0 0 0 0 0 0 0 0 0 0 0 0 0 0 0 0 2 0 0 0 0 0 0 0 0 0 0 0 0 0 0 
0 0 0 0 0 0 0 0 0 0 0 0 0 0 0 0 0 0 0 0 0 0 1 0 0 0 0 0 0 0 2 0 0 0 0 0 0 0 0 0 
0 0 0 0 3 0 0 0 0 0 0 0 0 0 0 0 0 0 0 0 0 0 0 0 0 0 0 0 0 0 0 0 0 0 0 0 0 0 0 0 
0 1 0 0 0 0 0 0 0 -1 0 0 0 0 0 0 0 0 0 0 0 0 0 4 0 0 0 0 0 0 0 0 0 0 0 0 0 0 0 0 
0 0 0 0 0 0 0 0 0 0 0 0 0 0 0 0 0 0 0 0 1 0 0 0 0 0 0 0 0 0 0 0 0 0 0 0 0 0 0 0 
0 0 4 0 0 0 0 0 0 0 0 0 0 0 0 0 0 0 0 0 0 0 0 0 0 0 0 0 0 0 0 0 0 0 0 0 0 0 0 1 
0 0 0 0 0 0 0 -2 0 0 0 0 0 0 0 0 0 0 0 0 0 5 0 0 0 0 0 0 0 0 0 0 0 0 0 0 0 0 0 0 
0 0 0 0 0 0 0 0 0 0 0 0 0 0 0 0 0 0 1 0 0 0 0 0 0 0 -1 0 0 0 0 0 0 0 0 0 0 0 0 0 
6 0 0 0 0 0 0 0 0 0 0 0 0 0 0 0 0 0 0 0 0 0 0 0 0 0 0 0 0 0 0 0 0 0 0 0 0 1 0 0 
0 0 0 0 0 -2 0 0 0 0 0 0 0 0 0 0 0 0 0 0 0 0 0 0 0 0 1 0 0 0 0 0 0 0 0 0 0 0 0 0 
0 0 0 0 0 0 0 0 0 0 0 0 0 0 0 0 1 0 0 0 0 0 0 0 1 0 0 0 0 0 0 0 0 0 0 0 0 0 0 0 
0 0 0 0 0 2 0 0 0 0 0 0 0 0 0 0 0 0 0 0 0 0 0 0 0 0 0 0 0 0 0 0 0 0 0 1 0 0 0 0 
0 0 0 0 0 0 0 0 0 0 0 0 0 0 0 0 0 0 0 0 0 0 0 0 3 0 0 0 0 0 0 0 0 0 0 0 0 0 0 0 
0 0 0 0 0 0 0 0 0 0 0 0 0 0 1 0 0 0 0 0 0 0 -1 0 0 0 0 0 0 0 0 0 0 0 0 0 0 0 0 0 
0 0 0 6 0 0 0 0 0 0 0 0 0 0 0 0 0 0 0 0 0 0 0 0 0 0 0 0 0 0 0 0 0 1 0 0 0 0 0 0 
0 -2 0 0 0 0 0 0 0 0 0 0 0 0 0 0 0 0 0 0 0 0 0 0 4 0 0 0 0 0 0 0 0 0 0 0 0 0 0 8 
0 2 0 0 0 0 0 0 0 0 0 0 1 0 0 0 0 0 0 0 0 0 0 0 0 0 0 0 0 0 0 0 0 0 0 0 0 0 0 0 
0 0 0 2 0 0 0 0 0 0 0 0 0 0 0 0 0 0 8 0 2 0 0 0 0 0 0 0 0 0 0 1 0 0 0 0 0 0 0 -2 
0 0 0 0 0 0 0 0 0 0 0 0 0 0 0 0 0 0 0 0 0 0 3 0 0 0 0 0 0 0 0 0 0 0 0 0 0 12 0 3 
0 0 0 0 0 0 0 0 0 0 1 0 0 0 0 0 0 0 -4 0 0 0 0 0 0 0 0 0 0 0 0 0 0 0 0 0 0 0 0 0 
0 2 0 0 0 0 0 0 0 0 0 0 0 0 0 0 4 0 1 0 0 0 0 0 0 0 0 0 0 1 0 0 0 0 0 0 0 1 0 0 
0 0 0 0 0 0 0 0 0 0 0 0 0 0 0 0 0 0 0 0 1 0 0 0 0 0 0 0 0 0 0 0 0 0 0 4 0 1 0 0 
0 0 0 0 0 0 0 0 1 0 0 0 0 0 0 0 0 0 0 0 0 0 0 0 0 0 0 0 0 0 0 0 0 0 0 0 0 0 0 3 
0 0 0 0 0 0 0 0 0 0 0 0 0 0 8 0 2 0 0 0 0 0 0 0 0 0 0 1 0 0 0 0 0 0 0 -1 0 0 0 0 
0 0 0 0 0 0 0 0 0 0 0 0 0 0 0 0 0 0 0 0 0 0 0 0 0 0 0 2 0 0 0 0 0 6 0 0 0 0 0 0 
0 0 0 0 0 0 1 0 0 0 0 0 0 0 0 0 0 0 0 0 0 0 0 0 0 0 0 0 0 0 0 0 0 0 0 0 0 0 0 0 
0 0 0 0 0 0 1 0 0 0 0 0 3 0 0 0 0 0 0 0 0 0 0 0 0 1 0 0 0 0 0 0 0 1 0 0 0 0 0 0 
0 0 0 0 0 0 0 0 0 0 0 0 0 0 0 0 2 0 0 0 0 0 0 0 0 0 0 0 0 0 0 2 0 0 0 0 0 0 0 0 
0 0 0 0 1 0 0 0 0 0 0 0 0 0 0 0 0 0 0 0 0 0 0 0 0 0 0 0 0 0 0 0 0 0 0 3 0 0 0 0 
0 0 0 0 0 0 0 0 0 0 3 0 0 0 0 0 0 0 0 0 0 0 0 1 0 0 0 0 0 0 0 -1 0 0 0 0 0 0 0 0 
0 0 0 0 0 0 0 0 0 0 0 0 0 0 4 0 0 0 0 0 0 0 0 0 0 0 0 0 0 4 0 0 0 0 0 0 0 0 0 0 
0 0 1 0 0 0 0 0 0 0 0 0 0 0 0 0 0 0 0 0 0 0 0 0 0 0 0 0 0 0 0 0 0 5 0 0 0 0 0 0 
0 0 0 0 0 0 0 0 5 0 0 0 0 0 0 0 0 0 0 0 0 1 0 0 0 0 0 0 0 -1 0 0 0 0 0 0 0 0 0 0 
0 0 0 0 0 0 0 0 0 0 0 0 6 0 0 0 0 0 0 0 0 0 0 0 0 0 0 6 0 0 0 0 0 0 0 0 0 0 0 0 
1 0 0 0 0 0 0 0 -2 0 0 0 0 0 0 0 0 0 0 0 0 0 0 0 0 0 0 0 0 0 0 4 0 0 0 0 0 0 0 0 
0 0 0 0 0 0 4 0 0 0 0 0 0 0 0 0 0 0 0 3 0 0 0 0 0 0 0 2 0 0 0 0 0 0 0 0 0 0 0 0 
0 0 0 0 0 0 0 0 0 0 1 0 0 0 0 0 0 0 0 0 0 0 0 0 0 1 0 0 0 0 0 0 0 0 0 0 0 0 1 0 
0 0 0 0 0 0 1 0 0 0 0 0 0 0 0 0 0 0 0 0 1 0 0 0 0 0 0 0 0 1 0 0 0 0 0 0 0 0 0 0 
0 0 0 0 1 0 0 0 0 0 0 0 0 0 0 0 0 1 0 0 0 0 0 0 0 0 0 0 0 0 0 0 0 0 0 0 0 0 0 0 
0 0 0 0 0 0 0 0 0 0 0 0 0 0 0 0 0 0 0 0 0 0 0 4 0 1 0 0 0 0 0 0 0 0 0 0 1 0 0 0 
0 0 0 0 -1 0 0 0 0 0 0 0 0 1 0 0 0 0 0 0 0 0 0 0 0 0 0 0 0 0 0 0 0 0 0 0 1 0 0 0 
0 0 0 0 0 0 0 0 0 0 0 1 0 0 0 1 0 0 0 0 0 0 0 1 0 0 0 0 0 0 0 0 0 0 0 0 0 0 0 0 
0 0 0 0 0 0 0 0 0 0 0 0 0 0 0 0 0 0 0 0 0 4 0 0 0 0 0 0 0 0 1 0 0 0 1 0 0 0 0 0 
0 0 0 0 0 0 0 0 0 0 0 0 0 0 0 0 0 0 0 0 0 0 0 0 0 0 0 0 0 0 0 0 0 0 0 0 0 0 0 0 
0 0 0 0 0 0 0 0 0 0 0 0 0 0 1 0 0 0 0 0 0 2 0 0 0 0 0 1 0 0 0 0 0 0 0 0 0 0 0 0 
0 0 0 0 4 0 0 0 0 0 0 0 0 0 0 0 0 0 0 4 0 0 0 0 0 0 0 0 0 0 0 0 0 1 0 0 0 0 0 0 
1 0 0 0 0 0 0 0 0 1 0 0 0 0 0 0 0 0 0 0 0 0 0 0 0 0 0 0 0 0 0 0 0 0 0 0 0 0 3 0 
0 0 0 0 0 0 0 0 0 0 0 0 1 0 0 0 0 0 0 0 0 0 0 0 0 0 0 0 0 0 0 0 0 0 0 0 0 0 0 0 
1 0 0 0 0 0 0 0 0 0 0 0 0 0 0 0 0 0 0 0 0 0 0 0 0 0 0 0 0 0 0 1 0 0 0 0 0 0 1 0 
0 0 0 0 0 0 0 1 0 0 0 0 0 0 0 0 0 0 0 0 0 1 0 0 0 0 0 0 0 0 0 0 0 0 0 0 3 0 0 0 
0 0 0 0 0 0 0 0 0 0 1 0 0 0 0 0 0 1 0 0 0 0 0 0 0 0 0 0 0 0 0 0 0 0 0 0 0 0 0 0 
2 0 0 0 0 0 0 0 0 0 0 0 0 0 0 4 0 1 0 0 0 0 0 0 0 0 0 0 0 1 0 0 0 0 0 0 1 0 0 0 
0 0 0 0 0 0 0 0 0 0 0 0 0 0 0 0 0 0 0 1 0 0 0 0 0 0 0 0 0 0 0 0 0 0 4 0 1 0 0 0 
0 0 0 0 0 0 0 0 1 0 0 0 0 0 0 0 0 0 0 0 0 0 0 0 0 0 0 0 0 0 0 0 0 0 0 0 0 0 1 0 
0 0 0 0 0 0 0 0 0 0 0 0 0 1 0 0 0 0 0 0 0 0 0 0 0 0 0 1 0 0 0 0 0 0 1 0 0 0 0 0 
0 0 0 0 0 0 0 0 0 0 0 0 0 0 0 0 0 0 0 0 0 0 0 0 0 0 0 0 0 0 0 0 4 0 1 0 0 0 0 0 
0 0 0 0 0 0 1 0 0 0 0 0 0 -1 0 0 0 0 0 0 0 0 0 0 0 0 0 0 0 0 0 0 0 0 0 0 0 0 0 0 
0 0 0 0 0 0 0 0 0 0 0 4 0 0 0 0 0 0 0 0 1 0 0 0 0 1 0 0 0 0 0 0 0 0 0 0 0 0 0 0 
0 3 0 0 0 0 0 0 0 0 0 0 0 0 0 0 0 0 0 0 0 0 0 0 0 0 0 0 0 0 11 0 0 0 0 0 0 0 0 0 
0 0 0 0 2 0 0 0 1 0 0 0 0 0 0 0 0 0 0 0 3 0 0 0 0 0 0 0 0 0 0 0 0 0 0 0 0 0 0 0 
0 0 0 0 0 0 0 0 0 11 0 0 0 0 0 0 0 0 0 0 0 0 0 1 0 0 0 1 0 0 -2 0 0 0 0 0 0 0 0 0 
0 0 0 0 0 0 0 0 0 0 0 0 0 0 0 0 0 0 0 0 0 0 0 0 0 0 0 0 0 0 0 0 0 0 0 0 0 0 0 0 
0 0 0 1 0 0 0 0 0 3 0 0 0 0 0 0 0 0 1 0 0 0 0 0 0 0 0 0 0 0 0 0 2 0 0 0 0 0 0 0 
0 0 0 0 0 0 0 5 0 0 0 0 0 0 0 0 0 0 0 0 0 0 1 0 0 0 0 0 0 0 0 0 0 0 0 0 0 1 0 0 
0 0 0 0 0 0 0 0 0 0 0 3 0 0 0 0 0 0 0 0 0 0 0 0 0 0 6 0 0 0 0 0 0 0 0 0 0 0 0 0 
0 1 0 0 0 0 0 -1 0 0 0 0 0 0 0 0 0 0 0 0 0 5 0 0 0 0 0 0 0 0 0 0 0 0 0 0 0 0 0 0 
0 0 0 0 0 0 0 0 0 0 0 0 0 0 0 0 0 0 0 0 1 0 0 0 0 0 -1 0 0 0 0 0 0 0 0 0 0 0 0 0 
6 0 0 0 0 0 0 0 0 0 0 0 0 0 0 0 0 0 0 0 0 0 0 0 0 0 0 0 0 0 0 0 0 0 0 0 0 0 0 1 
0 0 0 0 0 -2 0 0 0 0 0 0 0 0 0 0 0 0 0 0 0 0 0 0 0 0 0 0 0 0 0 0 0 0 0 0 0 0 0 0 
0 0 0 4 0 0 0 0 0 0 0 0 0 0 0 0 0 0 1 0 0 0 0 0 -1 0 0 0 0 0 0 0 0 0 0 0 0 0 10 0 
0 0 0 0 0 0 0 0 0 0 0 0 0 0 0 0 0 0 0 0 0 0 1 0 0 0 0 0 0 0 0 0 0 0 0 0 0 2 0 0 
0 0 0 -4 0 0 0 0 0 0 0 0 0 0 0 0 0 0 0 0 0 0 0 0 0 0 2 0 0 0 0 0 0 0 0 0 0 0 0 0 
0 4 0 0 0 0 0 0 0 0 0 0 0 0 0 0 2 0 0 0 0 0 2 0 0 0 0 0 0 0 0 0 0 0 0 0 0 0 0 0 
0 0 0 0 0 2 0 0 0 0 0 0 0 0 0 0 0 0 0 0 3 0 0 0 0 0 0 0 0 0 0 0 0 0 0 1 0 0 0 0 
0 0 0 0 0 0 0 0 0 0 0 0 0 0 0 0 0 0 0 0 0 0 0 0 3 0 0 0 0 0 0 0 0 0 0 0 0 0 0 4 
0 0 0 0 0 0 0 0 0 0 0 0 0 0 1 0 0 0 0 0 -1 0 0 0 0 0 0 0 0 0 0 0 0 0 0 0 0 0 0 0 
0 0 0 0 0 0 0 0 0 0 0 0 0 0 0 0 0 0 0 0 0 0 0 0 0 0 0 0 0 0 0 0 0 0 1 0 0 0 0 4 
0 0 0 0 0 0 0 0 5 0 0 0 0 0 0 0 0 0 0 0 0 0 0 0 0 0 0 0 0 0 0 0 0 0 0 0 0 15 0 0 
0 0 0 0 0 0 0 0 0 0 0 0 0 1 0 0 0 0 -6 0 0 0 0 0 0 0 0 0 0 0 0 0 1 0 0 0 0 0 0 0 
0 0 0 0 0 0 0 0 0 0 0 0 0 0 0 0 0 0 0 0 0 0 0 0 0 0 0 0 0 0 0 0 1 0 0 0 0 3 0 0 
0 0 0 0 0 0 0 0 0 0 0 0 0 0 0 0 0 0 1 0 0 0 0 0 0 0 0 0 0 0 0 0 0 0 0 0 0 0 0 0 
0 0 0 0 0 0 0 0 0 0 0 1 0 0 0 0 3 0 0 0 0 0 0 0 0 0 0 0 0 0 0 0 0 0 0 0 0 2 0 0 
0 0 0 0 0 0 0 0 0 0 0 0 0 0 0 0 0 0 0 0 0 0 0 0 0 0 0 0 0 0 1 0 0 0 0 2 0 0 0 0 
0 0 0 0 0 0 0 0 0 0 0 0 0 0 0 0 3 0 0 0 0 0 0 0 0 0 0 0 0 0 0 0 0 0 0 0 0 0 0 0 
0 0 0 0 0 0 0 0 0 1 0 0 0 0 1 0 0 0 0 0 0 0 0 0 0 0 0 0 0 0 0 0 0 0 0 4 0 0 0 0 
0 0 0 0 0 0 0 0 0 0 0 0 0 0 0 0 0 0 0 0 0 0 0 0 0 0 0 0 1 0 0 0 0 0 0 0 0 0 0 0 
0 0 0 0 0 0 0 0 0 0 0 0 0 0 6 0 0 0 0 0 0 0 0 0 0 0 0 0 0 0 0 0 0 0 0 0 0 0 0 0 
0 0 0 0 0 0 0 1 0 0 0 0 -2 0 0 0 0 0 0 0 0 0 0 0 0 0 0 0 0 0 0 0 0 0 0 4 0 0 0 0 
0 0 0 0 0 0 0 0 0 0 8 0 2 0 0 0 0 0 0 0 0 0 0 0 0 0 1 0 0 0 0 2 0 0 0 0 0 0 0 0 
0 0 0 0 0 0 0 0 0 0 0 0 0 0 2 0 0 0 0 0 0 0 0 0 0 0 0 0 0 4 0 1 0 0 0 0 0 0 0 0 
0 0 0 0 0 1 0 0 0 0 3 0 0 0 0 0 0 0 0 0 0 0 0 0 0 0 0 0 0 0 0 0 0 3 0 0 0 0 0 0 
0 0 0 0 0 0 0 0 4 0 1 0 0 0 0 0 0 0 0 0 0 0 0 0 1 0 0 0 0 4 0 0 0 0 0 0 0 0 0 0 
0 0 0 0 0 0 0 0 0 0 0 0 5 0 0 0 0 0 0 0 0 0 0 0 0 0 0 8 0 2 0 0 0 0 0 0 0 0 0 0 
0 0 0 1 0 0 0 0 3 0 0 0 0 0 0 0 0 0 0 0 0 0 0 0 0 0 0 0 0 0 0 0 0 0 2 0 0 0 0 0 
0 0 0 0 0 0 6 0 0 0 0 0 0 0 0 0 0 0 0 0 0 0 1 0 0 0 0 2 0 0 0 0 0 0 0 0 0 0 0 0 
0 0 0 0 0 0 0 0 0 0 0 0 0 3 0 0 0 0 0 0 0 0 0 0 0 9 0 0 0 0 0 0 0 0 0 0 0 0 0 0 
0 1 0 0 0 0 1 0 0 0 0 0 0 0 0 0 0 0 0 0 0 0 0 0 0 0 0 0 0 0 0 0 1 0 0 0 0 0 0 0 
0 0 0 0 3 0 0 0 0 0 0 0 0 0 0 0 0 0 0 0 1 0 0 0 0 3 0 0 0 0 0 0 0 0 0 0 0 0 0 0 
0 0 0 0 0 0 0 0 0 0 0 0 0 0 0 0 0 2 0 0 0 0 0 6 0 0 0 0 0 0 0 0 0 0 0 0 0 0 0 1 
0 0 0 0 2 0 0 0 0 0 0 0 0 0 0 0 0 0 0 0 0 0 0 0 0 0 0 0 0 0 0 0 0 0 0 0 1 0 0 0 
0 0 3 0 0 0 0 0 0 0 0 0 0 0 0 0 0 0 1 0 0 0 0 3 0 0 0 0 0 0 0 0 0 0 0 0 0 0 0 0 
0 0 0 0 0 0 2 0 0 0 0 0 0 0 0 0 0 0 0 0 0 2 0 0 0 0 0 0 0 0 0 0 0 0 0 0 0 1 0 0 
0 0 2 0 0 0 0 0 0 0 0 0 0 0 0 0 0 0 0 0 0 0 0 0 0 4 0 0 0 0 0 0 0 0 0 0 0 0 0 0 
4 0 0 0 0 0 0 0 0 0 0 0 0 0 0 0 1 0 0 0 0 0 0 0 0 0 0 0 0 0 0 0 0 0 0 0 0 0 0 0 
0 0 0 0 2 0 0 0 0 0 0 0 0 0 0 0 0 0 0 2 0 0 0 0 0 0 0 0 0 0 0 0 0 0 0 2 0 0 0 0 
6 0 0 0 0 0 0 0 0 0 0 0 0 0 0 0 0 0 0 0 0 0 0 3 0 0 0 0 0 0 0 0 0 0 0 0 0 0 3 0 
0 0 0 0 0 0 0 0 0 0 0 0 0 0 2 0 0 0 0 5 0 0 0 0 0 0 0 0 0 0 0 0 0 0 0 0 0 0 0 0 
0 0 12 0 0 0 0 0 0 0 0 0 0 0 0 0 0 12 0 0 0 0 0 0 0 0 0 0 0 0 0 0 0 4 0 0 0 0 4 0 
0 0 0 0 0 0 0 0 0 0 0 0 0 0 0 0 0 0 0 0 0 8 0 0 0 0 0 0 0 0 0 0 0 0 0 0 8 0 0 0 
0 0 0 0 0 0 0 0 0 0 0 0 4 0 0 0 0 8 0 0 0 0 0 0 0 0 0 0 0 0 0 0 0 0 0 0 0 0 0 0 
14 0 0 0 0 0 0 0 0 0 0 0 0 0 0 14 0 0 0 0 0 0 0 0 0 0 0 0 0 0 0 6 0 0 0 0 10 0 0 0 
0 0 0 0 0 0 0 0 0 0 0 0 0 0 0 0 0 0 0 15 0 0 0 0 0 0 0 0 0 0 0 0 0 0 15 0 0 0 0 0 
0 0 0 0 0 0 0 0 0 0 6 0 0 0 0 9 0 0 0 0 0 0 0 0 0 0 0 0 0 0 0 0 0 0 0 0 0 0 1 0 
0 0 0 0 0 0 0 0 0 0 0 0 0 1 0 0 0 0 0 0 0 0 0 0 0 0 0 0 0 1 0 0 0 0 3 0 0 0 0 0 
0 0 0 2 0 0 0 0 0 0 0 0 0 0 0 0 0 2 0 0 0 0 0 0 0 0 0 0 0 0 0 0 8 0 0 0 0 0 0 0 
0 0 0 0 0 0 0 0 1 0 0 0 0 -2 0 0 0 0 0 0 0 0 1 0 0 0 0 0 0 0 0 0 0 0 0 0 2 0 0 0 
0 0 0 0 0 0 0 0 0 0 0 5 0 0 0 0 0 0 0 0 0 0 0 0 0 0 0 1 0 0 0 0 0 0 0 0 0 0 0 0 
0 1 0 0 0 0 0 0 0 0 0 0 0 0 0 3 0 0 0 0 0 0 0 0 0 0 0 0 0 0 6 0 0 0 0 0 0 0 0 0 
0 0 0 0 0 0 1 0 0 0 0 -1 0 0 0 0 0 0 0 0 1 0 0 0 0 0 0 0 0 0 0 0 0 0 4 0 0 0 0 0 
0 0 0 0 0 0 0 0 0 7 0 0 0 0 0 0 0 0 0 0 0 0 0 0 0 1 0 0 0 0 -2 0 0 0 0 0 0 0 0 4 
0 0 0 0 0 0 0 0 0 0 0 0 0 1 0 0 0 0 0 0 0 0 0 0 0 0 0 0 13 0 0 0 0 0 0 0 0 0 0 0 
0 0 0 0 1 0 0 0 0 -5 0 0 0 0 0 0 0 0 0 0 0 0 0 0 0 0 0 0 0 0 0 0 12 0 0 0 0 0 0 0 
0 0 0 0 0 0 0 15 0 0 0 0 0 0 0 0 0 0 3 0 0 0 0 1 0 0 0 0 -2 0 0 0 0 0 0 0 0 2 0 0 
0 0 0 0 0 0 0 0 0 0 0 0 0 0 0 0 0 0 0 0 2 0 0 0 0 0 0 0 0 0 0 0 0 0 0 2 0 0 0 0 
0 0 1 0 0 0 0 2 0 0 0 0 0 0 0 0 1 0 0 0 0 0 0 0 0 0 0 0 0 0 0 0 0 0 0 0 0 0 0 1 
0 0 0 0 0 0 0 0 0 0 0 0 0 0 1 0 0 0 0 0 0 1 0 0 0 0 3 0 0 0 0 0 0 0 0 0 0 0 0 0 
0 0 0 0 0 0 0 0 0 0 0 0 0 0 0 0 0 0 0 0 0 0 0 0 8 0 0 0 0 0 0 0 0 2 0 0 0 0 0 0 
1 0 0 0 0 0 0 0 0 0 0 0 0 0 0 0 0 0 0 0 0 0 0 0 0 0 0 0 0 0 0 0 0 0 0 0 0 0 0 0 
0 0 0 12 0 0 0 0 0 0 0 0 3 0 0 0 0 0 0 1 0 0 0 0 -2 0 0 0 0 0 0 0 0 0 0 0 0 0 0 0 
0 0 0 0 0 0 0 0 0 0 0 0 0 0 0 0 0 0 0 0 0 0 4 0 0 0 0 0 0 0 0 1 0 0 0 0 0 0 1 0 
0 0 0 2 0 0 0 0 0 0 0 0 0 0 0 0 0 0 0 0 0 0 0 0 0 0 0 0 0 0 0 0 0 0 0 0 0 0 0 0 
0 0 0 0 0 0 0 0 0 0 0 0 0 0 0 0 0 0 1 0 0 0 3 0 0 0 0 0 0 0 0 0 0 0 0 0 0 0 0 0 
0 0 0 0 0 0 0 0 0 0 0 0 0 0 0 0 0 0 0 0 1 0 0 0 0 0 0 0 0 0 0 0 0 0 0 0 0 1 0 0 
0 2 0 0 0 0 0 0 0 0 0 0 0 0 0 0 0 0 0 0 0 0 0 0 2 0 0 0 0 0 0 0 0 0 0 0 0 0 0 2 
0 0 0 0 0 0 0 0 0 0 0 0 0 0 0 0 2 0 0 0 4 0 0 0 0 0 0 0 0 0 0 0 0 0 0 0 0 0 0 0 
0 0 0 1 0 0 0 0 0 0 0 0 0 0 0 0 0 0 1 0 0 0 0 0 0 0 0 0 0 0 0 0 0 0 0 1 0 0 0 2 
0 0 0 0 0 0 0 0 0 0 0 0 0 0 0 0 0 0 0 0 0 0 2 0 0 0 0 0 0 0 0 0 0 0 0 0 0 3 0 0 
0 0 0 0 0 0 0 0 0 0 0 0 0 0 1 0 0 0 0 0 0 0 0 0 0 0 0 0 0 0 0 0 0 0 0 0 0 0 0 0 
0 3 0 0 0 0 0 0 0 0 0 0 0 0 0 0 4 0 0 0 0 0 0 0 0 0 0 0 0 0 0 0 0 1 0 0 0 -1 0 0 
0 0 0 0 0 0 0 0 0 0 0 0 0 0 0 0 0 0 0 0 1 0 0 0 0 0 0 0 0 0 0 0 0 0 0 2 0 0 0 0 
0 0 0 0 0 0 0 0 0 0 0 0 1 0 0 0 1 0 0 0 0 0 0 0 0 0 0 0 0 0 0 0 0 0 0 0 0 0 0 0 
0 0 0 0 0 0 0 0 0 0 0 0 0 0 0 0 0 0 0 0 0 0 0 0 0 0 0 0 0 0 0 0 1 0 0 4 0 0 0 0 
0 0 0 0 4 0 0 0 0 0 0 0 0 0 0 0 0 0 0 0 0 0 0 0 0 0 0 0 0 0 0 0 0 12 0 0 0 0 0 0 
0 0 0 0 0 0 0 0 0 0 0 1 0 0 -4 0 0 0 0 0 0 0 0 5 0 0 0 0 0 0 0 0 0 0 0 0 0 0 0 0 
0 0 0 0 0 0 0 0 0 0 0 0 15 0 0 0 0 0 0 0 0 0 0 0 0 0 0 0 0 0 1 0 0 -6 0 0 0 0 0 0 
0 0 1 0 0 0 0 0 0 0 0 0 0 0 0 0 3 0 0 0 0 0 0 0 0 0 0 0 0 0 0 6 0 0 0 0 0 0 0 0 
0 0 0 0 0 0 0 0 0 1 0 0 -1 0 0 0 0 0 0 0 0 0 0 0 0 0 1 0 0 0 0 0 0 0 0 0 0 0 0 0 
0 0 0 0 0 0 0 0 0 0 0 0 0 0 0 0 0 0 0 0 0 0 0 0 0 0 0 0 1 0 0 3 0 0 0 0 0 0 0 0 
0 0 0 0 0 0 0 0 0 0 0 0 1 0 0 0 0 0 0 0 0 0 0 0 0 0 0 0 0 0 0 0 0 0 0 0 0 0 0 0 
0 0 0 0 0 0 0 1 0 0 3 0 0 0 0 0 0 0 0 0 0 0 0 0 0 0 0 0 0 0 0 2 0 0 0 0 0 0 0 0 
0 0 0 0 0 0 0 0 0 0 0 0 0 0 0 0 0 0 0 0 0 0 0 0 0 0 1 0 0 2 0 0 0 0 0 0 0 0 0 0 
0 0 0 0 0 0 0 0 0 0 3 0 0 0 0 0 0 0 0 0 0 0 0 0 0 0 0 0 0 0 0 0 0 0 0 0 0 0 0 0 
0 0 0 0 0 1 0 0 1 0 0 0 0 0 0 0 0 0 0 0 0 0 0 0 0 0 0 0 0 4 0 0 0 0 0 0 0 0 0 0 
0 0 0 0 0 0 0 0 0 0 0 0 0 0 0 0 0 0 0 0 0 0 0 0 1 0 0 0 0 0 0 0 0 0 0 0 0 0 0 0 
0 0 0 0 0 0 0 0 5 0 0 0 0 0 0 0 0 0 0 0 0 0 0 0 0 0 0 0 0 0 0 0 0 0 0 0 0 0 0 0 
0 0 0 1 0 0 -1 0 0 0 0 0 0 0 0 0 0 0 0 0 0 0 0 0 0 0 0 6 0 0 0 0 0 0 0 0 0 0 0 0 
0 0 0 0 0 0 0 0 0 0 0 0 0 0 0 0 0 0 0 0 0 0 1 0 0 -2 0 0 0 0 0 0 0 0 0 0 0 0 0 0 
0 0 0 0 0 0 0 0 2 0 0 0 0 0 0 0 0 0 0 0 0 0 0 4 0 1 0 0 0 0 0 0 0 0 0 0 0 0 0 0 
0 1 0 0 3 0 0 0 0 0 0 0 0 0 0 0 0 0 0 0 0 0 0 0 0 0 0 0 0 0 1 0 0 0 0 0 0 0 0 0 
0 0 0 0 0 0 0 0 0 0 0 0 0 0 0 0 0 0 0 0 1 0 0 3 0 0 0 0 0 0 0 0 0 0 0 0 0 0 0 0 
0 0 0 0 0 0 0 0 0 0 0 0 0 0 0 2 0 0 0 0 0 6 0 0 0 0 0 0 0 0 0 0 0 0 0 0 0 0 0 1 
0 0 2 0 0 0 0 0 0 0 0 0 0 0 0 0 0 0 0 0 0 0 0 0 0 0 0 0 0 0 0 0 0 0 1 0 0 0 0 0 
3 0 0 0 0 0 0 0 0 0 0 0 0 0 0 0 0 0 1 0 0 3 0 0 0 0 0 0 0 0 0 0 0 0 0 0 0 0 0 0 
0 0 0 0 0 0 0 0 0 0 0 0 0 0 0 0 0 0 0 2 0 0 0 0 0 0 0 0 0 0 0 0 0 0 0 0 0 1 0 0 
1 0 0 0 0 0 0 0 0 0 0 0 0 0 0 0 0 0 0 0 0 0 0 0 0 0 0 0 0 0 0 0 0 0 0 0 0 0 2 0 
0 0 0 0 0 0 0 0 0 0 0 0 0 0 0 0 1 0 0 2 0 0 0 0 0 0 0 0 6 0 0 0 0 0 0 0 0 0 0 0 
0 0 0 0 0 0 0 0 0 0 0 0 0 0 0 0 0 24 0 0 0 0 0 0 0 0 0 0 0 0 0 0 0 0 0 3 0 0 -6 0 
0 0 0 0 0 0 0 2 0 0 0 0 0 0 0 0 0 0 0 0 0 0 0 0 0 0 0 0 0 0 0 0 0 0 0 0 8 0 0 0 
0 0 0 0 0 0 0 0 0 0 0 0 0 0 1 0 0 -2 0 0 0 0 0 0 0 0 3 0 0 0 0 0 0 0 0 0 0 0 0 0 
0 0 0 0 0 0 0 0 0 0 0 0 0 0 0 11 0 0 0 0 0 0 0 0 0 0 0 0 0 0 0 0 0 1 0 0 -4 0 0 0 
0 0 0 0 0 3 0 0 0 0 0 0 0 0 0 0 0 0 0 0 0 0 0 0 0 0 0 0 0 0 0 0 0 0 11 0 0 0 0 0 
0 0 0 0 0 0 0 0 0 0 0 0 1 0 0 -5 0 0 0 0 0 0 0 0 1 0 0 0 0 0 0 0 0 0 0 0 0 0 0 0 
0 0 0 0 0 0 0 0 0 0 0 0 0 5 0 0 0 0 0 0 0 0 0 0 0 0 0 0 0 0 0 1 0 0 0 0 0 0 0 0 
0 0 0 1 0 0 0 0 0 0 0 0 0 0 0 1 0 0 0 0 0 0 0 0 0 0 0 0 0 0 0 0 5 0 0 0 0 0 0 0 
0 0 0 0 0 0 0 0 0 0 1 0 0 -1 0 0 0 0 0 0 0 0 1 0 0 0 0 0 0 0 0 0 0 0 2 0 0 0 0 0 
0 0 0 0 0 0 0 0 0 0 0 5 0 0 0 0 0 0 0 0 0 0 0 0 0 0 0 0 0 1 0 0 -2 0 0 0 0 0 0 0 
0 1 0 0 0 0 0 0 0 0 0 0 0 3 0 0 0 0 0 0 0 0 0 0 0 0 0 0 0 0 5 0 0 0 0 0 0 0 0 0 
0 0 0 0 0 0 0 0 1 0 0 -3 0 0 0 0 0 0 0 0 1 0 0 0 0 0 0 0 0 0 0 0 0 0 3 0 0 0 0 0 
0 0 0 0 0 0 0 0 0 10 0 0 0 0 0 0 0 0 0 0 0 0 0 0 0 0 0 2 0 0 -1 0 0 0 0 0 0 0 0 0 
0 0 0 2 0 0 0 0 0 0 0 0 0 0 0 0 0 0 0 0 0 0 0 0 0 0 0 0 4 0 0 0 0 0 0 0 0 0 0 0 
0 0 0 0 0 0 2 0 0 -2 0 0 0 0 0 0 0 0 0 0 0 0 1 0 0 0 0 0 0 0 0 0 0 0 0 0 0 0 0 0 
0 0 0 0 0 0 0 2 0 0 0 0 0 0 0 0 0 0 0 0 0 0 0 0 0 1 0 0 -1 0 0 0 0 0 0 0 0 0 0 0 
0 0 1 0 0 0 0 0 0 0 0 0 0 0 0 0 0 0 0 0 0 0 0 0 0 0 2 0 0 0 0 0 0 0 0 0 0 0 0 0 
0 0 0 0 1 0 0 1 0 0 0 0 0 0 0 0 0 0 0 0 0 2 0 0 0 0 0 0 0 0 0 0 0 0 0 0 0 0 0 0 
0 0 0 0 0 2 0 0 0 0 0 0 0 0 0 0 0 0 0 0 0 0 0 1 0 0 0 0 0 0 0 0 0 0 0 0 0 0 0 0 
0 0 0 0 0 0 0 1 0 0 0 0 0 0 0 0 0 0 0 0 0 0 0 0 2 0 0 0 0 0 0 0 0 0 0 0 0 0 0 0 
0 0 1 0 0 1 0 0 0 0 0 0 0 0 0 0 0 0 0 0 0 0 0 0 0 0 2 0 0 0 0 0 0 0 0 0 0 0 0 0 
0 0 0 2 0 0 0 0 0 0 0 0 0 0 0 0 0 0 0 0 0 1 0 0 0 0 0 0 0 0 0 0 0 0 0 0 0 0 0 0 
0 0 0 0 0 3 0 0 0 0 0 0 0 0 0 0 0 0 0 0 0 0 2 0 0 0 0 0 0 0 0 0 0 0 0 0 0 0 0 0 
1 0 0 -1 0 0 0 0 0 0 0 0 0 0 0 0 0 0 0 0 0 0 0 0 4 0 0 0 0 0 0 0 0 0 0 0 0 0 0 0 
0 2 0 0 0 0 0 0 0 0 0 0 0 0 0 0 0 0 0 1 0 0 -2 0 0 0 0 0 0 0 0 0 0 0 0 0 0 0 0 0 
0 0 0 0 0 2 0 0 0 0 0 0 0 0 0 0 0 0 0 0 2 0 0 0 0 0 0 0 0 0 0 0 0 0 0 0 0 0 1 0 
0 2 0 0 0 0 0 0 0 0 0 0 0 0 0 0 0 0 0 0 0 0 0 0 3 0 0 0 0 0 0 0 0 0 0 0 0 0 0 3 
0 0 0 0 0 0 0 0 0 0 0 0 0 0 0 0 0 1 0 0 1 0 0 0 0 0 0 0 0 0 0 0 0 0 0 0 0 0 0 0 
0 0 0 4 0 0 0 0 0 0 0 0 0 0 0 0 0 0 4 0 0 0 0 0 0 0 0 0 0 0 0 0 0 0 0 0 1 0 0 0 
0 0 0 0 0 0 0 0 0 0 0 0 0 0 0 0 0 0 0 0 0 0 1 0 0 0 0 0 0 0 0 0 0 0 0 0 0 1 0 0 
0 0 0 0 0 0 0 0 0 0 0 0 0 0 0 1 0 0 3 0 0 0 0 2 0 0 0 0 0 0 0 0 0 0 0 0 0 0 0 0 
0 4 0 0 0 0 0 0 0 0 0 0 0 0 0 0 10 0 0 0 0 0 0 0 0 0 0 0 0 0 0 0 0 0 1 0 0 0 0 0 
0 0 1 0 0 0 0 0 0 0 0 0 0 0 0 0 0 0 0 0 2 0 0 0 0 0 0 0 0 0 0 0 0 0 0 6 0 0 0 0 
0 0 0 0 0 0 0 0 0 0 0 0 0 1 0 0 1 0 0 0 0 1 0 0 0 0 0 0 0 0 0 0 0 0 0 0 0 0 0 1 
0 0 0 0 0 0 0 0 0 0 0 0 0 0 6 0 0 0 0 0 0 0 0 0 0 0 0 0 0 0 0 0 1 0 0 0 0 0 0 0 
0 0 0 0 0 0 0 0 1 0 0 0 0 0 0 0 0 0 1 0 0 0 0 0 0 0 0 0 0 0 0 0 0 2 0 0 0 0 0 0 
0 0 0 0 0 0 0 0 0 0 0 1 0 0 0 0 0 0 0 0 0 0 0 0 0 0 0 0 0 0 0 0 0 0 0 0 0 4 0 0 
0 0 0 0 0 0 0 0 0 0 0 0 10 0 2 0 0 0 0 0 0 0 0 0 0 0 0 0 0 0 1 0 0 0 0 0 0 0 0 0 
0 0 0 0 0 0 0 0 0 0 0 0 0 0 0 0 2 0 0 0 0 0 0 0 0 0 0 0 0 0 0 6 0 1 0 0 0 0 0 0 
0 0 0 0 0 0 0 0 0 1 0 0 1 0 0 0 0 0 0 0 0 0 0 0 0 0 0 0 0 0 0 0 0 0 0 3 0 0 0 0 
0 0 0 0 0 0 0 0 0 0 6 0 1 0 0 0 0 0 0 0 0 0 0 0 0 0 0 0 1 0 0 2 0 0 0 0 0 0 0 0 
0 0 0 0 0 0 0 0 0 0 0 0 0 0 1 0 0 0 0 0 0 0 0 0 0 0 0 0 0 6 0 1 0 0 0 0 0 0 0 0 
0 0 0 0 0 0 0 1 0 0 0 0 0 0 0 0 0 0 0 0 0 0 0 0 0 0 0 0 0 0 0 0 0 5 0 0 0 0 0 0 
0 0 0 0 0 0 0 0 10 0 2 0 0 0 0 0 0 0 0 0 0 0 0 0 0 0 1 0 0 1 0 0 0 0 0 0 0 0 0 0 
0 0 0 0 0 0 0 0 0 0 0 0 2 0 0 0 0 0 0 0 0 0 0 0 0 0 0 8 0 0 0 0 0 0 0 0 0 2 0 0 
0 0 0 0 0 1 0 0 0 0 0 0 0 0 0 0 0 0 0 0 0 0 0 0 0 0 0 0 0 0 0 1 0 0 0 0 0 0 0 0 
0 0 0 0 0 0 5 0 0 0 0 0 0 0 0 0 1 0 0 0 0 0 0 0 1 0 0 1 0 0 0 0 0 0 0 0 0 0 0 0 
0 0 0 0 0 0 0 0 0 0 0 0 0 2 0 0 0 0 0 0 0 0 0 0 0 8 0 0 0 0 0 0 0 0 0 0 0 0 0 0 
0 0 0 1 0 0 0 0 0 0 0 0 0 0 0 0 0 0 0 0 0 0 0 0 0 0 0 0 0 0 0 0 1 0 0 0 0 0 0 0 
0 0 0 0 5 0 0 0 0 0 0 0 0 0 0 0 0 0 0 0 0 0 1 0 0 1 0 0 0 0 0 0 0 0 0 0 0 0 0 0 
0 0 0 0 0 0 0 0 0 0 0 0 0 0 0 0 0 1 0 0 0 0 0 5 0 0 0 0 0 0 0 0 0 0 0 0 0 0 0 0 
0 1 0 0 1 0 0 0 0 0 0 0 0 6 0 0 0 0 0 0 0 0 0 0 0 0 0 0 0 0 0 0 0 0 0 0 0 0 0 0 
0 1 24 0 0 0 0 0 0 0 0 0 0 0 0 0 0 0 0 0 2 0 0 -6 0 0 0 0 0 0 0 0 0 0 0 0 0 0 0 0 
0 0 0 0 0 0 2 0 0 0 0 0 0 0 0 0 0 0 0 0 0 6 0 0 0 0 0 0 0 0 0 0 0 0 0 0 0 0 0 2 
0 0 2 0 0 0 0 0 0 0 0 0 0 0 0 0 0 0 0 0 0 0 0 0 0 1 0 0 0 0 0 0 0 0 0 0 0 0 0 0 
5 0 0 0 0 0 0 0 0 0 0 0 0 0 0 0 0 0 2 0 0 3 0 0 0 0 0 0 0 0 0 0 0 0 0 0 0 0 0 0 
0 0 0 0 4 0 0 0 0 0 0 0 0 0 0 0 0 0 0 10 0 0 0 0 0 0 0 0 0 0 0 0 0 0 0 0 0 3 0 0 
2 0 0 0 0 0 0 0 0 0 0 0 0 0 0 0 0 0 0 0 0 0 0 5 0 0 0 0 0 0 0 0 0 0 0 0 0 0 11 0 
0 0 0 0 0 0 0 0 0 0 0 0 0 0 0 0 3 0 0 1 0 0 0 0 0 0 0 0 0 0 0 0 0 0 0 0 0 0 0 0 
0 0 7 0 0 0 0 0 0 0 0 0 0 0 0 0 0 13 0 0 0 0 0 0 0 0 0 0 0 0 0 0 0 0 0 3 0 0 -1 0 
0 0 0 0 0 0 0 0 0 0 0 0 0 0 0 0 0 0 0 0 0 7 0 0 0 0 0 0 0 0 0 0 0 0 0 0 15 0 0 0 
0 0 0 0 0 0 0 0 0 0 0 0 0 0 4 0 0 1 0 0 0 0 0 0 0 0 0 0 0 0 0 0 0 0 0 0 0 0 0 0 
2 0 0 0 0 0 0 0 0 0 0 0 0 0 0 4 0 0 0 0 0 0 0 0 0 0 0 0 0 0 0 0 0 1 0 0 0 0 0 0 
0 0 0 0 0 0 0 0 0 0 0 0 0 0 0 0 0 0 0 3 0 0 0 0 0 0 0 0 0 0 0 0 0 0 5 0 0 0 0 0 
0 0 0 0 0 0 0 0 0 0 0 0 1 0 0 -1 0 0 0 0 0 0 0 0 0 0 0 0 0 0 0 0 0 0 0 0 0 0 4 0 
0 0 0 0 0 0 0 0 0 0 0 0 0 6 0 0 0 0 0 0 0 0 0 0 0 0 0 0 0 0 0 1 0 0 -2 0 0 0 0 0 
0 0 0 0 0 0 0 0 0 0 0 0 0 0 0 0 0 1 0 0 0 0 0 0 0 0 0 0 0 0 0 0 3 0 0 0 0 0 0 0 
0 0 0 0 0 0 0 0 0 0 1 0 0 1 0 0 0 0 0 0 0 0 1 0 0 0 0 0 0 0 0 0 0 0 0 0 3 0 0 0 
0 0 0 0 0 0 0 0 0 0 0 12 0 0 0 0 0 0 0 0 0 0 0 0 0 0 0 0 0 3 0 0 1 0 0 0 0 0 0 0 
0 0 0 0 0 0 0 0 0 0 0 0 0 0 0 0 0 0 0 0 0 0 0 0 0 0 0 0 0 0 2 2 0 0 0 0 0 0 0 0 
0 0 0 0 0 0 0 0 1 0 0 -2 0 0 0 0 0 0 0 0 0 0 0 0 0 0 0 0 0 0 0 0 0 0 0 0 0 0 0 0 
0 0 0 0 0 0 0 0 0 2 3 0 0 0 0 0 0 0 0 0 0 0 0 0 0 0 0 1 0 0 -4 0 0 0 0 0 0 0 0 0 
0 0 0 0 0 0 0 0 0 0 0 0 0 0 0 0 0 0 0 0 0 0 0 0 0 0 0 0 2 1 0 0 0 0 0 0 0 0 0 0 
0 0 0 0 0 0 1 0 0 0 0 0 0 0 0 0 0 0 0 0 0 0 0 0 0 0 0 0 0 0 0 0 0 0 0 0 0 0 0 0 
0 0 0 0 0 0 0 6 0 1 0 0 0 0 0 0 0 0 0 0 0 0 0 0 0 1 0 0 -1 0 0 0 0 0 0 0 0 6 0 0 
0 0 0 0 0 0 0 0 0 0 0 0 0 0 0 0 0 0 0 0 0 0 0 0 0 0 24 0 0 0 0 0 0 1 0 0 0 0 0 0 
0 0 0 0 2 0 0 -6 0 0 0 0 0 0 0 0 2 0 0 0 0 0 0 0 0 0 0 0 0 0 0 0 0 0 0 0 0 0 0 2 
0 0 0 0 0 2 0 0 0 0 0 0 0 0 2 0 0 0 0 0 0 0 0 1 0 0 0 0 0 0 0 0 0 0 0 3 0 0 0 0 
0 0 0 0 0 0 0 0 0 0 0 0 0 0 0 0 0 0 3 0 0 0 0 0 2 0 0 0 0 0 0 0 0 3 0 0 0 0 0 0 
0 0 1 0 0 -1 0 0 0 0 0 0 0 0 1 0 0 0 0 0 0 0 0 0 0 0 0 0 0 0 0 0 0 0 0 0 0 1 0 0 
0 0 0 2 0 0 0 0 0 0 0 0 1 0 0 0 0 0 0 0 0 1 0 0 1 0 0 0 0 0 0 0 0 0 0 0 0 0 0 0 
0 0 0 0 0 0 0 0 0 0 0 0 0 0 0 0 0 0 0 0 0 0 10 0 0 0 0 0 0 0 0 2 0 0 0 0 0 0 0 0 
1 0 0 -2 0 0 0 0 0 0 0 0 0 0 0 0 0 0 0 0 0 0 0 0 0 0 0 0 0 0 0 0 0 0 0 0 0 0 0 0 
0 14 0 0 0 0 0 0 0 0 3 0 0 0 0 0 0 0 0 1 0 0 -4 0 0 0 0 0 0 0 0 0 0 0 0 0 0 0 0 0 
0 0 0 0 0 0 0 0 0 0 0 0 0 0 0 0 0 0 0 0 6 0 0 0 0 0 0 0 0 1 0 0 0 0 0 0 0 0 1 0 
0 0 0 0 0 0 0 0 0 0 0 0 0 0 0 0 0 0 0 0 0 0 0 0 0 0 0 0 0 0 0 0 0 0 0 0 0 0 0 10 
0 0 0 0 0 0 0 0 0 2 0 0 0 0 0 0 0 1 0 0 -2 0 0 0 0 0 0 0 0 0 0 0 0 0 0 0 0 0 0 0 
0 0 0 0 0 0 0 0 0 0 0 0 0 0 0 0 0 0 6 0 0 0 0 0 0 0 0 0 1 0 0 0 0 0 0 0 1 0 0 0 
0 0 0 0 0 0 0 0 0 0 0 0 0 0 0 0 0 0 0 0 0 0 3 0 0 0 0 0 0 0 0 0 0 0 0 0 0 6 0 0 
0 0 0 0 0 0 0 0 1 0 0 0 0 0 0 1 0 0 1 0 0 0 0 0 0 0 0 0 0 0 0 0 0 0 0 0 0 0 0 0 
0 0 0 0 0 0 0 0 0 0 0 0 0 0 0 0 0 2 0 0 0 0 0 0 0 0 0 0 0 0 0 0 0 0 1 0 0 0 0 0 
0 0 0 0 0 0 0 0 0 0 0 0 0 0 0 0 0 0 0 0 0 0 0 0 0 0 0 0 0 0 0 0 0 0 0 0 3 0 0 0 
0 0 0 0 0 0 0 0 0 0 0 0 0 1 0 0 -2 0 0 0 0 0 0 0 0 0 0 0 0 0 0 0 0 0 0 0 0 0 0 0 
0 0 0 0 0 0 0 0 0 0 0 0 0 0 0 4 0 0 0 0 0 0 0 0 0 0 0 0 0 0 0 0 1 0 0 -4 0 0 0 0 
0 0 0 0 0 0 0 0 0 0 0 0 0 0 0 0 0 0 0 0 0 0 0 0 0 0 0 0 0 0 0 0 0 0 1 0 0 0 0 0 
0 0 0 0 0 0 0 0 0 0 0 1 0 0 2 0 0 0 0 0 0 0 0 2 0 0 0 0 0 0 0 0 0 0 0 0 0 0 0 0 
0 0 0 0 0 0 2 0 0 0 0 0 0 0 0 0 0 0 0 0 0 2 0 0 0 0 0 0 0 0 1 0 0 2 0 0 0 0 0 0 
0 0 1 0 0 0 0 0 0 0 0 0 0 0 0 0 0 0 0 0 0 0 0 0 0 1 0 0 0 0 0 0 0 0 0 0 0 0 0 0 
1 0 0 0 0 0 0 0 0 1 0 0 3 0 0 0 0 0 0 0 0 0 0 0 0 0 0 0 0 0 0 0 0 0 0 0 0 0 0 0 
0 0 0 0 0 0 0 0 0 0 8 0 0 0 0 0 0 0 0 2 0 0 0 0 0 0 0 0 1 0 0 0 0 0 0 0 0 0 0 0 
0 0 0 0 0 0 0 0 0 0 0 0 0 0 0 0 0 0 0 0 0 0 0 0 0 0 0 0 0 4 0 0 0 0 0 0 0 0 1 0 
0 0 0 0 0 0 0 1 0 0 2 0 0 0 0 0 0 0 0 0 0 0 0 0 0 0 0 0 0 0 0 0 0 0 0 0 0 0 0 0 
0 0 0 0 0 0 0 0 0 0 0 0 0 0 0 0 0 0 0 0 0 0 0 0 0 0 0 1 0 2 0 0 0 0 0 0 0 0 2 0 
0 0 0 0 0 0 0 0 0 0 0 0 0 0 0 0 0 0 0 0 0 0 0 0 0 0 0 6 0 0 0 0 0 0 0 0 0 0 0 0 
0 0 0 0 0 0 1 0 -2 0 0 0 0 0 0 0 0 1 0 0 0 0 0 0 0 0 0 0 0 0 0 0 0 0 0 0 0 0 0 0 
0 0 0 0 0 0 3 0 0 0 0 0 0 0 0 0 0 0 0 0 0 0 0 0 0 2 0 2 0 0 0 0 0 0 0 0 1 0 0 0 
0 0 0 0 0 0 0 0 0 0 0 0 0 0 0 0 0 0 0 0 0 0 0 0 0 3 0 0 0 0 0 0 0 0 0 0 0 0 0 0 
0 0 0 0 1 0 0 0 0 0 0 0 0 0 0 0 0 0 0 0 1 0 0 0 0 0 0 0 0 0 0 0 0 0 0 0 0 0 0 0 
0 0 0 0 0 0 0 0 0 0 0 0 0 0 0 0 0 0 0 0 0 0 0 1 0 1 0 0 0 0 0 0 0 0 0 0 0 0 0 2 
0 0 0 0 0 0 0 0 0 0 0 0 0 0 0 0 0 0 0 0 0 0 0 0 0 0 0 0 0 0 0 0 0 0 0 0 0 0 0 0 
0 0 1 0 0 0 0 0 0 0 0 0 0 0 0 0 0 0 3 0 0 0 0 0 0 0 0 0 0 0 0 0 0 0 0 0 0 0 0 0 
0 0 0 0 0 0 0 0 0 0 0 0 0 0 0 0 0 0 0 0 0 1 0 -1 0 0 0 0 0 0 0 0 0 0 0 0 0 4 0 0 
0 0 0 0 0 0 0 0 0 0 0 0 0 0 0 0 0 0 0 0 0 0 0 0 0 0 0 0 0 0 0 0 0 0 0 0 0 0 0 0 
1 0 -2 0 0 0 0 0 0 0 0 1 0 0 0 0 0 0 0 0 0 0 0 0 0 1 0 0 0 0 0 0 0 0 0 0 0 0 0 0 
3 0 0 0 0 0 0 0 0 0 0 0 0 0 0 0 0 0 0 1 0 1 0 0 0 0 0 0 0 0 0 0 0 0 0 0 0 0 0 0 
0 0 0 0 4 0 0 0 0 0 0 0 0 0 0 0 0 0 0 8 0 2 0 0 0 0 0 0 0 0 0 0 0 0 0 0 0 0 1 0 
0 0 0 0 0 0 0 0 0 0 0 0 0 0 0 0 0 0 0 0 0 0 0 2 0 0 0 0 0 0 0 0 0 0 0 0 0 0 8 0 
2 0 0 0 0 0 0 0 0 0 0 0 0 0 0 0 0 1 0 -2 0 0 0 0 0 0 0 0 0 0 0 0 0 0 0 0 0 0 0 0 
0 0 3 0 0 0 0 0 0 0 0 0 0 0 0 0 0 12 0 3 0 0 0 0 0 0 0 0 0 0 0 0 0 0 0 0 1 0 -4 0 
0 0 0 0 0 0 0 0 0 0 0 0 0 0 0 0 0 0 0 0 0 2 0 0 0 0 0 0 0 0 0 0 0 0 0 0 4 0 1 0 
0 0 0 0 0 0 0 0 0 0 0 0 0 0 0 1 0 1 0 0 0 0 0 0 0 0 0 0 0 0 0 0 0 0 0 0 0 0 0 0 
1 0 0 0 0 0 0 0 0 0 0 0 0 0 0 4 0 1 0 0 0 0 0 0 0 0 0 0 0 0 0 0 0 0 1 0 0 0 0 0 
0 0 0 0 0 0 0 0 0 0 0 0 0 0 0 0 0 0 0 3 0 0 0 0 0 0 0 0 0 0 0 0 0 0 8 0 2 0 0 0 
0 0 0 0 0 0 0 0 0 0 0 0 0 1 0 -1 0 0 0 0 0 0 0 0 0 0 0 0 0 0 0 0 0 0 0 0 0 0 1 0 
0 0 0 0 0 0 0 0 0 0 0 0 0 8 0 2 0 0 0 0 0 0 0 0 0 0 0 0 0 0 0 0 1 0 -3 0 0 0 0 0 
0 0 0 0 0 0 0 0 0 0 0 0 0 0 0 0 0 2 0 0 0 0 0 0 0 0 0 0 0 0 0 0 0 0 0 0 0 0 0 0 
0 2 0 0 0 0 0 0 0 0 0 1 0 0 0 0 0 0 0 0 0 0 0 0 0 0 0 0 0 0 0 0 0 0 0 0 3 0 0 0 
0 0 0 0 0 0 0 0 0 0 0 0 0 0 0 0 0 0 0 0 3 0 0 0 0 0 0 0 0 0 1 0 -1 0 0 0 0 0 0 0 
0 0 0 0 0 0 0 0 0 0 0 0 0 0 0 2 0 0 0 0 0 0 0 0 0 0 0 0 0 0 2 0 0 0 0 0 0 0 0 0 
0 0 0 0 0 0 0 0 0 1 0 0 0 0 0 0 0 0 0 0 0 0 0 0 0 0 0 0 0 0 0 0 0 0 3 0 0 0 0 0 
0 0 0 0 0 0 0 0 0 3 0 0 0 0 0 0 0 0 0 0 0 0 0 0 0 0 0 0 1 0 -1 0 0 0 0 0 0 0 0 0 
0 0 0 0 0 0 0 0 0 0 0 0 0 4 0 0 0 0 0 0 0 0 0 0 0 0 0 0 4 0 0 0 0 0 0 0 0 0 0 0 
0 0 0 0 0 0 0 1 0 -2 0 0 0 0 0 0 0 0 0 0 0 0 0 0 0 0 0 0 0 0 0 0 1 0 0 0 0 0 0 0 
0 0 0 0 0 0 0 1 0 0 0 0 0 0 0 0 0 0 0 0 0 0 0 0 0 0 2 0 3 0 0 0 0 0 0 0 0 0 0 0 
0 0 0 0 0 0 0 0 0 0 0 1 0 0 0 0 0 0 0 0 0 0 0 0 0 0 1 0 0 0 0 0 0 0 0 0 0 0 0 0 
0 0 0 0 0 1 0 1 0 0 0 0 0 0 0 0 0 0 0 0 0 0 0 0 0 0 0 0 0 0 3 0 0 0 0 0 0 0 0 0 
0 0 0 0 0 6 0 1 0 0 0 0 0 0 0 0 0 0 0 0 0 0 0 0 1 0 -2 0 0 0 0 0 0 0 0 0 0 0 0 0 
0 0 0 0 0 0 0 0 0 1 0 0 0 0 0 0 0 0 0 0 0 0 0 0 0 0 0 0 0 0 0 0 0 2 0 0 0 0 0 0 
0 0 0 1 0 -1 0 0 0 0 0 0 0 0 0 0 0 0 0 0 0 0 0 0 0 0 0 0 0 0 0 0 0 0 0 0 0 0 0 0 
0 0 0 8 0 0 0 0 0 0 0 0 2 0 0 0 0 0 0 0 0 0 1 0 -2 0 0 0 0 0 0 0 0 0 0 0 0 0 0 0 
0 0 0 0 0 0 0 0 0 0 0 0 0 0 0 0 0 0 0 0 0 0 4 0 0 0 0 0 0 0 0 1 0 0 0 0 0 0 0 0 
0 1 0 0 0 0 0 0 0 0 0 0 0 0 0 0 0 0 0 0 0 0 0 0 0 0 0 0 0 0 0 0 0 0 0 0 0 0 0 0 
0 0 0 0 0 0 0 0 0 0 0 0 0 0 0 0 0 0 0 0 0 1 4 0 0 0 0 0 0 0 0 4 0 0 0 0 0 0 0 0 
0 0 0 0 0 0 0 0 0 0 0 0 0 0 0 0 0 0 0 0 12 0 0 0 0 0 0 0 0 0 0 0 0 0 0 0 0 0 0 0 
1 -4 0 0 0 0 0 0 0 0 0 0 0 0 0 1 0 0 0 0 0 0 0 0 0 0 0 0 0 0 0 0 0 0 0 0 0 0 0 0 
0 0 0 0 0 0 0 0 0 0 0 0 0 0 0 0 0 0 0 1 3 0 0 0 0 0 0 0 0 0 0 0 0 0 2 0 0 0 0 0 
0 0 0 0 0 0 0 0 0 0 0 0 0 0 0 0 0 0 0 0 0 0 0 0 0 0 0 0 0 0 0 0 0 0 0 0 0 0 1 2 
0 0 0 0 0 0 0 0 0 0 0 0 0 0 0 0 0 0 0 0 1 0 0 0 0 0 0 0 0 0 0 0 0 0 0 0 0 0 0 0 
0 0 0 0 0 0 0 0 0 0 0 0 0 0 0 0 0 1 3 0 0 0 0 0 0 0 0 0 0 0 0 0 0 0 0 0 0 0 0 2 
0 0 0 0 0 0 0 0 0 0 0 0 0 0 0 0 0 0 0 0 0 0 0 0 0 0 0 0 0 0 0 0 0 0 0 0 1 2 0 0 
0 0 0 0 0 0 0 0 0 0 0 0 0 0 0 0 0 0 3 0 0 0 0 0 0 0 0 0 0 0 0 0 0 0 0 0 0 0 0 0 
0 0 0 0 0 0 0 0 0 0 0 0 0 0 0 1 1 0 0 0 0 0 0 0 0 0 0 0 0 0 0 0 0 0 0 0 0 4 0 0 
0 0 0 0 0 0 0 0 0 0 0 0 0 0 0 0 0 0 0 0 0 0 0 0 0 0 0 0 0 0 0 0 0 0 1 0 0 0 0 0 
0 0 0 0 0 0 0 0 0 0 0 0 0 0 0 0 5 0 0 0 0 0 0 0 0 0 0 0 0 0 0 0 0 0 0 0 0 0 0 0 
0 0 0 0 0 0 0 0 0 0 0 0 0 1 -1 0 0 0 0 0 0 0 0 0 0 0 0 0 0 0 0 0 0 0 0 6 0 0 0 0 
0 0 0 0 0 0 0 0 0 0 0 0 0 0 0 0 0 0 0 0 0 0 0 0 0 0 0 0 0 0 0 0 1 -2 0 0 0 0 0 0 
0 0 0 0 0 0 0 0 0 0 0 0 0 0 0 0 0 0 0 0 0 0 0 0 0 2 0 0 0 0 0 6 0 0 0 0 0 0 0 0 
0 0 0 0 0 0 0 0 0 0 0 1 2 0 0 0 0 0 0 0 0 0 0 0 0 0 0 0 0 0 0 0 0 0 0 0 0 0 0 0 
0 0 0 0 1 0 0 0 0 0 3 0 0 0 0 0 0 0 0 0 0 0 0 0 0 0 0 0 0 0 1 3 0 0 0 0 0 0 0 0 
0 0 0 0 0 0 0 0 0 0 0 0 0 0 2 0 0 0 0 0 0 0 0 0 0 0 0 0 0 2 0 0 0 0 0 0 0 0 0 0 
0 0 0 0 0 0 0 0 0 1 2 0 0 0 0 0 0 0 0 0 0 0 0 0 0 0 0 0 0 0 0 0 0 4 0 0 0 0 0 0 
0 0 0 0 0 0 0 0 4 0 0 0 0 0 0 0 0 0 0 0 0 0 0 0 0 0 0 0 1 0 0 0 0 0 0 0 0 0 0 0 
0 0 0 0 0 0 0 0 0 0 0 0 6 0 0 0 0 0 0 0 0 0 0 0 0 0 0 6 0 0 0 0 0 0 0 0 0 0 0 0 
0 0 0 0 0 0 0 1 -2 0 0 0 0 0 0 0 0 0 0 0 0 0 0 0 0 0 0 0 0 0 0 4 0 0 0 0 0 0 0 0 
0 0 0 0 0 0 4 0 0 0 0 0 0 0 0 0 0 0 0 0 0 0 0 0 0 0 3 8 0 0 0 0 0 0 0 0 0 0 0 0 
0 0 0 0 0 0 0 0 0 0 9 0 0 0 0 0 0 0 0 0 0 0 0 0 0 9 0 0 0 0 0 0 0 0 0 0 0 0 0 0 
0 0 0 0 0 3 3 0 0 0 0 0 0 0 0 0 0 0 0 0 0 0 0 0 0 0 0 0 0 15 0 0 0 0 0 0 0 0 0 0 
0 0 0 0 15 0 0 0 0 0 0 0 0 0 0 0 0 0 0 0 0 0 0 0 4 1 0 0 0 0 0 0 0 0 0 0 0 0 0 0 
0 0 0 0 0 0 0 0 16 0 0 0 0 0 0 0 0 0 0 0 0 0 0 16 0 0 0 0 0 0 0 0 0 0 0 0 0 0 0 0 
0 0 0 4 0 0 0 0 0 0 0 0 0 0 0 0 0 0 0 0 0 0 0 0 0 0 0 8 0 0 0 0 0 0 0 0 0 0 0 0 
0 0 8 0 0 0 0 0 0 0 0 0 0 0 0 0 0 0 0 0 0 0 4 8 0 0 0 0 0 0 0 0 0 0 0 0 0 0 0 0 
0 0 0 0 0 0 1 0 0 0 0 0 0 0 0 0 0 0 0 0 0 1 0 0 0 0 0 0 0 0 0 0 0 0 0 0 0 0 0 0 
0 1 3 0 0 0 0 0 0 0 0 0 0 0 0 0 0 0 0 0 0 0 0 0 0 0 0 0 0 0 0 0 0 0 0 0 0 0 0 0 
8 0 0 0 0 0 0 0 0 2 0 0 0 0 0 0 0 0 0 0 1 0 0 0 0 0 0 0 0 0 0 0 0 0 0 0 0 0 0 0 
0 0 0 0 0 0 0 0 0 0 0 0 0 0 0 0 0 0 0 12 0 0 0 0 0 0 0 0 3 0 0 0 0 0 0 0 0 0 0 1 
-2 0 0 0 0 0 0 0 0 0 0 0 0 0 0 0 0 0 0 0 0 0 0 0 0 0 0 0 0 0 0 0 0 0 0 0 0 0 4 0 
0 0 0 0 0 0 0 1 0 0 0 0 0 0 0 0 0 0 1 2 0 0 0 0 0 0 0 0 0 0 0 0 0 0 0 0 0 0 0 0 
0 0 0 0 0 0 0 0 0 0 0 0 2 0 0 0 0 0 0 0 0 0 0 0 0 0 0 0 0 0 0 0 0 0 0 0 0 0 0 0 
0 0 0 0 0 0 0 0 0 0 0 0 0 0 0 0 0 0 0 0 0 1 0 0 0 0 0 0 0 0 0 0 0 0 0 0 1 0 0 0 
0 0 0 0 0 0 0 0 0 0 0 0 0 0 0 0 0 -1 0 0 0 0 0 0 0 0 0 0 0 0 0 0 0 0 0 0 0 0 0 0 
1 0 0 0 0 0 0 0 0 0 0 0 0 0 0 0 0 0 0 0 0 0 0 0 0 0 0 0 0 0 0 0 0 0 0 0 1 0 0 0 
0 0 0 0 0 0 0 0 0 0 0 0 0 0 0 0 0 0 0 2 0 0 0 0 0 0 0 0 0 0 0 0 0 0 1 0 0 0 0 0 
0 0 0 0 0 0 0 0 0 0 0 0 0 0 0 0 0 0 0 0 0 0 0 0 1 0 0 0 0 0 0 0 0 0 0 0 0 0 4 0 
0 0 0 0 0 0 0 0 0 0 0 0 0 0 0 0 0 0 0 0 0 0 0 0 0 0 0 0 0 0 0 0 0 0 0 0 0 0 0 0 
0 0 0 1 0 0 0 0 0 0 0 0 0 0 0 0 0 0 0 0 0 0 0 0 0 0 0 0 0 0 0 0 2 0 0 0 0 0 0 0 
0 0 0 0 0 0 0 0 0 0 0 0 0 0 0 0 0 0 0 0 0 0 0 0 0 0 0 0 0 0 0 0 0 0 0 0 2 0 0 0 
0 0 0 0 0 0 0 0 0 0 0 0 0 0 0 0 0 0 0 0 0 0 0 0 0 0 0 0 0 0 0 0 0 0 0 0 0 0 0 0 
0 0 0 0 0 0 0 0 0 0 0 0 0 0 0 2 0 0 0 0 0 0 0 0 0 0 0 0 0 0 1 0 0 0 0 0 0 0 0 0 
0 0 0 0 0 0 0 0 0 0 0 0 0 0 0 0 0 0 0 0 0 0 0 0 0 0 0 0 0 0 0 0 0 0 2 0 0 0 0 0 
0 0 0 0 0 0 0 0 0 0 0 0 0 0 0 0 0 0 1 0 0 0 0 0 0 0 0 0 0 0 0 0 0 0 0 0 0 0 0 0 
0 0 0 0 0 0 0 0 0 0 0 0 0 2 0 0 0 0 0 0 0 0 0 0 0 0 0 0 0 0 0 0 0 0 0 0 0 0 1 0 
0 0 0 0 0 0 0 0 0 0 0 0 0 0 0 0 0 0 0 0 0 0 0 0 0 0 0 0 0 0 0 0 0 1 0 0 0 0 0 0 
0 0 0 0 0 0 0 0 0 0 0 0 0 0 0 0 0 0 0 0 0 0 0 0 0 0 0 0 0 0 0 0 0 0 0 0 0 0 0 0 
0 0 0 0 0 0 0 0 0 0 0 0 0 0 0 0 0 0 0 0 2 0 0 0 0 0 0 0 0 0 0 0 0 0 0 0 0 0 0 0 
0 0 0 0 0 0 0 0 0 0 0 0 0 0 0 0 0 0 0 0 0 0 0 0 0 0 0 0 0 0 0 0 0 0 0 0 0 0 0 0 
2 0 0 0 0 0 0 0 0 0 0 0 0 0 0 0 0 0 0 0 0 0 0 0 0 0 0 0 0 0 0 0 0 0 0 0 0 0 0 0 
0 0 0 0 0 0 0 0 0 0 0 0 0 0 0 0 0 0 0 0 0 0 0 0 2 0 0 0 0 0 0 0 0 0 0 0 0 0 0 0 
0 0 0 0 0 0 1 0 0 0 0 0 0 0 0 0 0 0 0 0 0 0 0 0 0 0 0 0 3 0 0 0 0 0 0 0 0 0 0 0 
0 0 0 3 0 0 0 0 0 0 0 0 0 0 0 0 0 0 0 0 0 0 0 0 0 1 0 0 0 0 0 0 0 0 0 0 0 0 0 0 
0 0 0 0 0 0 0 3 0 0 0 0 0 0 0 0 0 0 0 0 0 0 3 0 0 0 0 0 0 0 0 0 0 0 0 0 0 0 0 0 
0 0 0 0 2 0 0 0 0 0 0 0 0 0 0 0 0 0 0 0 0 0 0 0 0 0 0 0 0 0 0 0 0 0 0 0 0 0 0 0 
0 0 3 0 0 0 0 0 0 0 0 0 0 0 0 0 0 0 0 0 0 0 0 0 1 0 0 0 0 0 0 0 0 0 0 0 0 0 0 0 
0 0 0 0 0 0 0 0 0 0 0 0 0 0 0 0 0 0 0 0 0 0 0 0 0 0 0 0 0 0 0 0 0 0 0 0 0 0 0 0 
0 0 0 1 0 0 0 0 0 1 0 0 0 0 0 0 0 0 0 0 0 0 0 0 0 0 0 0 0 0 0 0 0 0 0 0 0 0 0 0 
0 0 0 0 0 0 0 0 0 0 0 0 0 0 0 0 0 0 0 0 0 0 1 0 0 0 0 0 0 1 0 0 0 0 0 0 0 0 0 0 
0 0 0 0 0 0 0 0 0 0 0 0 1 0 0 0 0 0 0 0 0 0 0 0 0 0 0 0 0 0 0 0 0 0 0 0 0 0 0 0 
0 2 0 0 0 0 0 0 1 0 0 0 0 0 0 0 0 0 0 0 0 0 0 0 0 0 0 0 0 0 0 0 0 0 0 0 0 3 0 0 
0 0 0 0 0 0 0 0 0 0 0 0 0 0 0 0 0 0 0 0 1 0 0 0 0 0 0 0 0 0 0 0 1 0 0 0 0 0 0 0 
0 0 0 0 0 0 0 0 0 0 0 0 0 0 0 0 0 0 0 0 0 0 0 0 0 0 0 0 0 0 0 0 0 0 0 0 0 0 0 1 
0 0 0 0 0 0 0 0 0 0 0 0 0 0 0 0 0 0 0 0 0 0 0 1 0 0 0 0 0 0 0 0 0 0 0 0 0 0 0 0 
0 0 0 0 0 0 0 0 0 0 0 0 0 0 0 0 0 0 2 0 0 0 0 0 0 0 0 0 0 0 0 0 0 0 0 0 0 0 0 0 
0 0 0 0 0 0 0 0 0 0 0 0 0 0 1 0 0 0 0 0 0 0 0 0 0 0 0 0 0 0 0 0 0 0 0 0 0 2 0 0 
0 0 0 0 0 0 0 0 0 0 0 0 0 0 0 0 0 0 0 0 0 0 0 0 0 0 0 0 0 0 0 0 0 1 0 0 0 0 0 0 
0 0 0 0 0 0 0 0 0 0 0 0 0 0 0 0 3 0 0 0 0 0 0 0 0 0 0 0 0 0 0 0 0 0 0 0 0 0 0 0 
0 0 0 0 0 0 0 0 0 0 0 0 4 0 1 0 0 0 0 0 0 0 0 0 0 0 0 0 0 0 0 0 0 0 0 2 0 0 0 0 
0 0 0 0 0 0 0 0 0 0 0 0 0 0 0 0 0 0 0 0 0 0 0 0 0 0 0 0 0 0 0 0 0 0 0 0 0 0 0 0 
1 0 0 0 0 0 0 0 0 0 0 0 0 0 2 0 0 0 0 0 0 0 0 0 0 0 0 0 0 0 0 0 0 0 0 0 0 0 0 0 
0 0 0 0 0 0 0 0 0 0 4 0 0 0 0 0 0 0 0 1 0 0 0 0 0 0 0 0 0 0 0 0 0 2 0 0 0 0 0 0 
0 0 0 0 0 0 0 0 0 0 0 0 0 0 0 0 0 0 0 0 0 0 0 0 0 0 0 0 0 0 0 0 0 0 0 0 0 0 0 1 
0 0 0 0 0 0 0 0 0 0 0 0 1 0 0 0 0 0 0 1 0 0 0 0 0 0 0 0 0 0 0 0 0 0 0 0 0 0 0 0 
0 0 1 0 0 0 0 0 0 0 0 0 0 0 0 0 0 0 1 0 0 0 0 0 0 0 0 0 0 0 0 2 0 0 0 0 0 0 0 0 
0 0 0 0 0 0 0 0 0 0 0 0 0 0 0 0 0 0 0 0 0 0 0 0 0 0 0 3 0 0 0 0 0 0 0 0 0 1 0 0 
0 0 0 0 0 0 0 0 0 0 2 0 0 0 0 0 0 0 0 0 0 0 0 0 0 0 0 0 0 0 0 0 0 0 0 0 0 0 0 0 
0 0 0 0 0 0 4 0 0 0 0 0 0 0 0 0 1 0 0 0 0 0 0 0 0 0 0 0 0 0 2 0 0 0 0 0 0 0 0 0 
0 0 0 0 0 0 0 0 0 0 0 0 0 0 0 0 0 0 0 0 0 0 0 0 0 3 0 0 0 0 0 0 0 0 0 0 0 0 0 0 
0 0 0 0 0 0 0 0 0 1 0 0 0 0 0 0 0 0 0 0 0 0 0 0 0 0 0 0 0 3 0 0 0 0 0 0 0 0 0 0 
0 0 0 0 3 0 0 0 0 0 0 0 0 0 0 0 0 0 0 0 0 0 0 0 0 0 0 0 1 0 0 0 0 0 0 0 0 0 0 0 
0 0 0 0 0 0 0 0 3 0 0 0 0 0 0 0 0 0 0 0 0 0 0 3 0 0 0 0 0 0 0 0 0 0 0 0 0 0 0 0 
0 0 0 0 0 0 0 1 0 0 0 0 0 0 0 0 0 0 0 0 0 0 0 0 0 0 0 3 0 0 0 0 0 0 0 0 0 0 0 0 
0 0 3 0 0 0 0 0 0 0 0 0 0 0 0 0 0 0 0 0 0 0 0 0 0 0 1 0 0 0 0 0 0 0 0 0 0 0 0 0 
0 0 0 0 0 0 1 0 0 0 0 0 0 0 0 0 0 0 0 0 0 2 0 0 0 0 0 0 0 0 0 0 0 0 0 0 0 0 0 0 
0 0 0 0 0 1 0 0 0 0 0 0 0 0 0 0 0 0 0 0 0 0 0 0 0 1 0 0 0 0 0 0 0 0 0 0 0 0 0 0 
2 0 0 0 0 0 0 0 0 0 0 0 0 0 0 0 0 0 0 0 0 0 0 0 1 0 0 0 0 0 0 0 0 0 0 0 0 0 0 0 
0 0 0 0 1 0 0 0 0 0 0 0 0 0 0 0 0 0 0 2 0 0 0 0 0 0 0 0 0 0 0 0 0 0 0 0 0 0 0 0 
0 0 0 2 0 0 0 0 0 0 0 0 0 0 0 0 0 0 0 0 0 0 0 4 0 0 0 0 0 0 0 0 0 0 0 0 0 0 9 0 
0 0 0 0 0 0 0 0 0 2 0 0 0 0 0 0 0 0 0 0 0 0 0 2 0 0 0 0 3 0 0 0 0 0 0 0 0 0 0 0 
0 0 0 0 0 0 0 0 0 0 0 0 0 0 0 0 0 9 0 0 0 0 0 0 0 0 0 0 0 0 0 0 0 0 0 0 0 0 0 0 
0 0 1 0 0 0 0 0 0 0 0 0 0 0 0 0 0 0 0 0 0 3 0 0 0 0 0 0 0 0 0 0 0 0 0 0 3 0 0 0 
0 0 0 0 0 0 0 0 0 0 0 0 0 0 0 0 0 0 0 0 0 1 0 0 0 0 0 0 0 0 0 0 0 0 0 0 0 0 0 0 
3 0 0 0 0 0 0 0 0 0 0 0 0 0 0 3 0 0 0 0 0 0 0 0 0 0 0 0 0 0 0 0 0 0 0 0 0 0 0 0 
1 0 0 0 0 1 0 0 0 0 0 0 0 0 0 0 0 0 0 1 0 0 0 0 0 0 0 0 0 0 0 0 0 0 4 0 0 0 0 0 
0 0 0 0 0 0 0 0 0 0 0 0 0 0 0 0 0 0 0 1 0 0 0 0 1 0 0 0 0 0 0 0 0 0 0 0 0 0 2 0 
0 0 0 0 0 0 0 0 0 0 0 0 0 4.5 0 0 0 0 0 0 0 0 0 0 0 0 0 0 0 0 0 0 0 0 0 0 0 0 1 0 
0 0 0 0 0 0 0 0 0 0 0 0 0 0 0 0 0 1 0 0 0 0 0 0 0 0 0 0 0 0 0 0 3 0 0 0 0 0 0 0 
0 0 0 0 0 0 0 0 0 0 0 0 0 0 0 0 0 0 1 0 0 0 0 0 0 0 0 0 0 0 0 0 0 0 0 0 0 0 0 0 
0 0 0 0 0 0 0 0 0 0 0 0 0 0 0 0 0 0 0 0 0 0 0 0 0 0 0 0 0 0 0 0 0 0 0 0 0 0 1 0 
0 0 0 0 0 0 0 0 0 0 0 0 0 0 0 0 0 0 0 0 0 0 0 0 0 0 0 0 0 0 0 0 0 0 0 0 0 0 0 0 
0 0 0 0 0 0 0 0 0 0 0 0 0 0 0 0 0 2 0 0 0 0 0 0 0 0 0 0 0 0 0 0 0 0 0 0 0 0 0 0 
0 0 0 0 0 0 0 0 0 3 0 0 0 0 0 0 0 0 0 0 0 0 0 0 0 0 0 0 0 0 0 0 0 0 0 0 2 0 0 0 
0 0 0 0 0 0 0 0 0 0 0 0 0 0 0 0 0 0 0 0 0 0 0 0 0 0 0 0 3 0 0 0 0 0 0 0 0 0 0 0 
0 0 0 0 0 0 0 0 0 0 0 0 0 0 0 1 0 0 0 0 0 0 0 0 0 0 0 0 0 0 0 0 3 0 0 0 0 0 0 0 
0 0 0 0 0 0 0 3 0 0 0 0 0 0 0 0 0 0 0 0 0 0 0 0 0 0 0 0 0 0 0 0 0 0 0 1 0 1 0 0 
0 0 0 0 0 0 0 0 0 0 0 0 0 0 0 0 0 0 0 0 0 0 0 0 0 0 3 0 0 0 0 0 0 0 0 0 0 0 0 0 
0 0 0 0 0 0 0 0 0 0 0 0 0 0 1 0 0 0 0 0 0 0 0 0 0 0 0 0 0 0 1 0 0 0 0 0 0 0 0 0 
0 0 0 0 0 4 0 1 0 0 0 0 0 0 0 0 0 0 0 0 0 0 0 0 0 0 0 0 0 0 0 0 0 3 0 0 0 0 0 0 
0 0 0 0 0 0 0 0 0 0 0 0 0 0 0 0 0 0 0 0 0 0 0 0 8 0 2 0 0 0 0 0 0 0 0 0 0 0 0 0 
0 0 0 0 0 0 0 0 0 0 0 0 1 0 0 0 0 0 0 0 0 0 0 0 0 0 0 0 0 0 0 0 0 0 0 0 0 0 0 0 
0 0 0 4 0 0 0 0 0 0 0 0 1 0 0 0 0 0 0 0 0 0 0 0 0 0 0 0 0 0 0 1 0 0 0 0 0 0 0 0 
0 0 0 0 0 0 0 0 0 0 0 0 0 0 0 0 0 0 0 0 0 0 3 0 0 0 0 0 0 0 0 0 1 0 0 0 0 0 0 0 
0 0 0 0 0 0 0 0 0 0 1 0 0 0 0 0 0 0 0 0 0 0 0 0 0 0 0 0 0 0 0 0 0 0 0 0 0 0 0 0 
0 4 0 0 0 0 0 0 0 0 0 1 0 0 0 0 0 0 0 0 0 0 0 0 0 0 0 2 0 1 0 0 0 0 0 0 0 0 0 0 
0 0 0 0 0 14 0 0 0 0 0 0 0 0 0 0 0 0 0 0 19 0 0 0 0 0 0 0 0 0 0 0 0 0 0 0 0 0 2 0 
0 0 0 0 0 0 0 0 1 0 0 0 0 0 0 0 0 0 0 0 0 0 0 0 12 0 0 0 0 0 0 0 0 0 0 0 0 0 0 18 
0 2 0 0 0 0 0 0 0 0 0 0 0 0 0 0 0 2 0 0 0 0 0 0 0 0 0 0 0 1 0 0 0 0 0 0 0 0 0 0 
0 0 0 0 0 0 0 0 0 0 0 0 0 0 0 0 0 0 0 0 0 0 0 0 0 0 0 0 0 0 0 0 0 0 0 0 0 0 0 0 
0 0 2 0 0 0 0 0 0 4 0 0 0 0 0 0 1 0 0 0 0 0 30 0 0 0 0 0 0 0 0 0 0 0 0 0 0 25 0 0 
0 0 0 0 0 0 0 0 0 0 0 0 0 0 0 0 0 0 0 0 0 2 0 0 0 0 0 0 6 0 0 0 0 0 0 3 0 0 0 0 
0 64 0 0 0 0 0 0 0 0 0 0 0 0 0 0 50 0 0 0 0 0 0 0 0 0 0 0 0 0 0 0 0 0 0 0 0 0 0 0 
2.34 0 0 0 0 0 0 0.17 0 0 0 0 0 0 0 0 0 0 0 0 2 0 0 0 0 0 0 0 0 0 0 0 0 0 0 12 0 0 0 0 
0 0 0 0 0 0 3.66 0 0 0 0 0 0 0 0 0 0 0 0 2 0 0 0 0 0 0 1 0 0 0 0 0 0 0 0 0 0 0 0 12 
0 0 0 0 0 0 0 0 0 0 0 0 0 0 18 0 0 0 0 0 0 0 0 0 0 4 0 0 0 0 0 0 0 0 0 0 0 0 1.04 0 
0 0 0 0 0 0.52 0 0 0 0 0 0 0 0 0 0 0 0 6.2 0 0 0 0 0 0 0 0 0 0 0 0 0 0 15.1 0 0 0 0 0 0 
0 0 0 0 4.96 0 0 0 0 0 0 0 0 0 0 0 0 2.14 0 0 0 0 0 0 1.07 0 0 0 0 0 0 0 0 0 0 0 0 8.8 0 0 
0 0 0 0 0 0 0 0 0 0 0 0 22.4 0 0 0 0 0 0 0 0 0 0 6.86 0 0 0 0 0 0 0 0 0 0 0 0 2.14 0 0 0 
0 0 0 1.07 0 0 0 0 0 0 0 0 0 0 0 0 9 0 0 0 0 0 0 0 0 0 0 0 0 0 0 22.5 0 0 0 0 0 0 0 0 
0 0 6.86 0 0 0 0 0 0 0 0 0 0 0 0 2 0 0 0 0 0 0 1 0 0 0 0 0 0 0 0 0 0 0 0 9 0 0 0 0 
0 0 0 0 0 0 0 0 0 0 12.5 0 0 0 0 0 0 0 0 0 0 2 0 0 0 0 0 0 0 0 0 0 0 0 0.68 0 0 0 0 0 
0 0.34 0 0 0 0 0 0 0 0 0 0 0 0 5.8 0 0 0 0 0 0 0 0 0 0 0 0 0 0 14.9 0 0 0 0 0 0 0 0 0 0 
5.32 0 0 0 0 0 0 0 0 0 0 0 0 2 0 0 0 0 0 0 1 0 0 0 0 0 0 0 0 0 0 0 0 6 0 0 0 0 0 0 
0 0 0 0 0 0 0 0 13 0 0 0 0 0 0 0 0 0 0 3 0 0 0 0 0 0 0 0 0 0 0 0 2.22 0 0 0 0 0 0 1.11 
0 0 0 0 0 0 0 0 0 0 0 0 13.6 0 0 0 0 0 0 0 0 0 0 0 0 0 0 24.8 0 0 0 0 0 0 0 0 0 0 6.78 0 
0 0 0 0 0 0 0 0 0 0 0 0 0 0 2 0 0 0 3 0 0 0 0 0 0 0 0 0 0 0 0 0 0 0 0 0 0 0 0 0 
0 0 0 0 0 0 6 0 0 0 0 0 0 0 0 0 0 0 0 0 0 0 0 0 0 0 0 0 0 0 0 0 0 2 0 0 0 1 0 0 
0 0 0 0 0 0 0 0 0 0 0 0 0 0 0 0 0 0 0 0 0 0 0 0 0 4 0 0 0 0 0 0 0 0 0 0 0 0 0 0 
0 0 0 0 0 0 0 0 0 0 0 0 4 0 0 0 1 0 0 0 0 0 0 0 0 0 0 0 0 0 0 0 0 0 0 0 0 0 0 0 
0 0 0 0 7 0 0 0 0 0 0 0 0 0 0 0 0 0 0 0 0 0 0 0 0 0 0 0 0 0 0 0 0 0 1 1 0 0 0 0 
0 0 0 0 0 0 0 0 0 0 0 0 0 0 0 0 0 0 0 0 0 0 0 3 0 0 0 0 0 0 0 0 0 0 0 0 0 0 0 0 
0 0 0 0 0 0 0 0 0 0 0 0 0 1 1 0 0 0 0 0 0 0 0 0 0 0 0 0 0 0 0 0 0 0 0 0 0 0 0 0 
0 0 3 0 0 0 0 0 0 0 0 0 0 0 0 0 0 0 0 0 0 0 0 0 0 0 0 0 0 0 0 0 1 1 0 0 0 0 0 0 
0 0 0 0 0 0 0 0 0 0 0 0 0 0 0 0 0 0 0 0 0 3 0 0 0 0 0 0 0 0 0 0 0 0 0 0 0 0 0 0 
0 0 0 0 0 0 0 0 0 0 0 0 3 0 0 2 0 0 0 0 0 0 0 0 0 8 0 0 0 0 0 0 0 0 0 0 0 0 0 0 
4 0 0 0 0 0 0 0 0 0 0 0 0 0 0 0 0 0 0 0 0 0 0 0 0 0 0 0 0 0 0 1 0 0 0 0 0 0 1 0 
0 0 0 0 0 0 0 0 0 0 0 0 0 0 0 0 0 0 0 4 0 0 0 0 0 0 0 0 0 0 0 0 0 0 0 0 0 0 0 0 
0 0 0 0 0 0 0 0 0 0 1 0 0 0 0 0 0 0 0 0 0 2 0 0 0 0 0 0 0 0 0 0 0 0 0 0 0 0 0 0 
0 0 0 0 0 0 0 0 0 0 0 0 0 0 0 0 0 0 0 0 0 0 0.67 0 0 0 0 0 0 0.17 0 0 0 0 0 0 0 0 0 0 
0 1.67 2 0 0 0 0 0 0 0 0 0 0 0 0 0 0 12 0 0 0 0 0 0 0 0 0 0 3.66 0 0 0 0 0 0 0 0 0 0 0 
0 0 0 0 0 0 0 0 1 0 0 0 0 0 0 0 0 0 0 0 0 1 0 0 0 3 0 0 0 0 0 0 0 0 0 0 8 0 2 0 
0 0 0 0 0 0 0 0 0 0 0 0 0 0 0 0 0 0 0 0 0 0 0 0 0 0 0 1 0 0 0 0 0 0 0 0 0 0 0 0 
1 0 0 0 0 0 0 0 0 0 0 0 0 0 0 4 0 1 0 0 0 0 0 0 0 0 0 0 0 0 0 0 0 0 0 0 0 0 0 0 
0 0 0 0 0 0 4 0 0 0 0 0 0 0 0 0 0 0 0 6 0 0 0 0 0 0 0 0 0 0 0 0 0 0 14.5 0 3 0 0 0 
0 0 0 0 0 0 0 0 0 0 0 0 0 0 0 0 0 0 0 0 0 0 0 0 0 1 0 0 0 0 0 0 0 0 0 0 0 0 5 0 
0 0 0 0 0 0 0 0 0 0 0 0 0 6 0 1 0 0 0 0 0 0 0 0 0 0 0 0 0 0 0 0 0 0 0 0 0 2.238 0 0 
0 0 0 0 0.185 0 0 0 0 0 0 0 0 0 0 0 0.112 2 0 0 0 0.104 0 0.09 0 0 0 0 0 0 0 0 12 0 0 0 0 0 0 0 
0 0 0 3.574 0 0 0 0 0 0 0 0 0 0 0 0 0.818 0 0 0 0 0 0 0.247 0 0 0 0 0 0 0 0 0 0 0 1.688 2 0 0 0 
0.02 0 0.068 0 0 0 0 0 0 0 0 12 0 0 0 0 0 0 0 0 0 0 3.458 0 0 0 0 0 0 0 0 0 0 0 0 1.66 0 0 0 0 
0 0 0.17 0 0 0 0 0 0 0 0 0 0 0 0 2 0 0 0 0 0 0.34 0 0 0 0 0 0 0 0 12 0 0 0 0 0 0 0 0 0 
0 4 0 0 0 0 0 0 0 0 0 0 0 0 1.4 0 0 0 0 0 0 0.3 0 0 0 0 0 0 0 0 0 0 0 0 2 0 0 0 0 0 
0.6 0 0 0 0 0 0 0 0 12 0 0 0 0 0 0 0 0 0 0 4 0 0 0 0 0 0 0 0 0 0 0 0 0.34 0 0 0 0 0 0 
0.17 0 0 0 0 0 0 0 0 0 0 0 0 2 0 0 0 0 0 3 0 0 0 0 0 0 0 0 12 0 0 0 0 0 0 0 0 0 0 3.66 
0 0 0 0 0 0 0 0 0 0 0 0 0.86 0 0 0 0 0 0 0.43 0 0 0 0 0 0 0 0 0 0 0 0 2 0 0 0 0 0 3 0 
0 0 0 0 0 0 0 12 0 0 0 0 0 0 0 0 0 0 3.14 0 0 0 0 0 0 0 0 0 0 0 0 0 0 0 0 0 0 2 1 0 
0 0 0 0 0 0 0 0 0 0 0 0 0 0 0 0 0 1 0 0 0 0 0 0 0 0 6 0 0 0 0 0 0 0 0 0 0 0 0 0 
0 0 0 0 0 0 0 0 0 0 0.34 0 0 0 0 0 0 0.17 0 0 0 0 0 0 0 0 0 0 0 1 2 0 0 0 0 0 2 0 0 0 
0 0 0 0 0 12 0 0 0 0 0 0 0 0 0 0 3.66 0 0 0 0 0 0 0 0 0 0 0 0 0 0 0 0 0 0 0 1 0 0 0 
0 0 0 0 0 0 0 0 0 0 0 0 0 0 0 0 0 1 0 0 0 0 0 0 4 0 0 0 0 0 0 0 0 0 0 0 0 0 0 0 
0 0 0 0 0 0 0 0 0 0 0 0 0 0 0 0.5 0 0 0 0 0 0 0 0 0 0 0 0 4.6 0 0 0 0 0 0 0 0 0 0 0 
0 0 1 5.3 0 0 0 0 0 0 0 0 0 0 0 0 0 0 0 0 0 0 0 0 0 0 0 0 0 0 0 0 0 0 1 0 0 0 0.4 0 
0 0 0 0 0 0 0 6.6 0 0 0 0 0 0 0 0 0 0 0 0 0 1 6.6 0 0 0 0 0 0 0 0 0 0 0 0 0 0 0 0 0 
0 0 0 0 0 0 0 0 0 0 0 0 0 1 0 0 0 0 0 0 0 0 0 0 0 0 2 0 0 0 0 0 0 0 0 0 0 0 0 0 
0 2 0 0 0 0 0 0 0 0 0 0 0 0 0 0 0 0 0 0 0 0 0 0 0 0 0 0 0 0 0 0 1 0 0 0 0 0 0 0 
0 0 0 0 0 2 0 0 0 0 0 0 0 0 0 0 0 0 0 0 1 1 0 0 0 0 0 0 0 0 0 0 0 0 0 0 0 0 0 0 
0 0 0 0 0 0 0 0 0 0 0 1 0 0 0 0 0 0 0 0 0 0 0 0 4 0 0 0 0 0 0 0 0 0 0 0 0 0 0 2 
1 0 0 0 0 0 0 0 0 0 0 0 0 0 0 0 0 0 0 0 0 0 0 0 0 0 0 0 0 0 1 0 0 0 0 0 0 0 0 0 
0 0 0 6 0 0 0 0 0 0 0 0 0 0 0 0 0 0 3 1 0 0 0 0 0 0 0 0 0 0 0 0 0 0 0 0 0 0 0 0 
0 0 0 0 0 0 0 0 0 3 0 0 0 0 0 0 0 0 0 0 0 0 0 0 0 0 0 0 0 0 0 0 0 0 0 0 0 8 0 2 
0 0 0 0 0 0 0 0 0 0 0 0 0 0 0 0 0 0 0 0 0 0 0 0 0 0 0 0 5 0 0 0 1 0 0 0 0 0 0 0 
0 0 0 0 0 0 0 0 0 0 0 0 0 0 0 0 12 0 3 0 0 0 0 0 0 0 0 0 0 0 0 0 0 0 0 0 0 0 0 0 
0 0 0 0 0 0 0 5 0 0 0 0 0 0 0 0 0 0 1 0 0 0 0 0 0 0 0 0 0 0 0 0 0 0 0 12 0 3 0 0 
0 0 0 0 0 0 0 0 0 0 0 0 0 0 0 0 0 0 0 0 0 0 0 0 0 0 5 0 0 0 0 0 0 0 0 0 0 0 0 1 
0 0 0 0 0 0 0 0 0 0 0 0 0 0 13 0 3 0 0 0 0 0 0 0 0 0 0 0 0 0 0 0 0 0 0 0 0 0 0 0 
0 0 0 0 0 1 0 0 0 0 0 0 0 0 0 0 0 0 0 0 0 0 0 0 0 0 0 0 0 0 0 0 0 4 0 0 0 0 0 0 
0 0 1 0 0 0 0 0 0 0 0 0 0 0 0 0 0 0 0 0 0 0 0 0 1 0 0 0 0 0 0 0 0 0 0 0 0 1 0 0 
0 0 0 0 0 0 0 0 0 0 0 0 4.5 0 0 0 0 0 0 0 0 1 0 0 0 0 0 0 0 0 0 0 0 0 0 0 0 0 0 0 
0 0 0 1 0 0 0 0 0 0 0 0 0 0 0 0 4 0 0 0 0 0 0 0 0 0 0 0 0 0 0 6 0 0 0 0 0 0 0 0 
1 0 0 0 0 0 0 0 0 0 0 0 0 0 0 0 0 0 0 0 0 0 1 0 0 0 0 0 0 0 0 0 0 0 0 2 0 0 0 0 
0 0 0 0 0 0 0 0 0 0 4 0 0 0 0 0 0 0 0 0 1 0 0 0 0 0 0 0 0 0 0 0 0 0 1.414 0 0 0 0 0 
0 0.445 0 0 0 0 0 0 0 0 0 0 0 0.254 2 0 0 0 0 0 2.468 0.007 0 0 0 0 0 0 0 12 0 0 0 0 0 0 0 0 0 0 
2.778 0 0 0 0 0 0.018 0 0 0 0 0 0 0 0 0 0 0 0 0 1 0 0 0 0 0 0 0 0 0 0 0 0 0 0 0 0 0 0 0 
0 0 0 0 0 0 0 0 3 0 0 0 0 0 0 0 0 0 0 1 0 0 0 0 0 0 0 0 0 0 0 0 0 0 0 0 0 0 0 1 
0 0 0 0 0 0 0 0 0 0 0 0 6 0 0 0 0 0 0 0 0 0 0 0 0 0 0 6 0 0 0 0 0 0 0 0 0 0 0 0 
1 0 0 0 0 0 0 0 0 0 0 0 0 2 0 0 0 0 1 0 0 0 0 0 0 0 0 0 0 0 0 20 0 0 0 0 0 0 0 0 
0 0 0 0 0 0 22 0 0 0 0 0 0 0 0 0 0 0 0 0 0 0 0 0 2 0 0 0 0 0 0 0 0 0 0 0 0 1 0 0 
0 0 0 0 0 0 0 0 0 0 22 0 0 0 0 0 0 0 0 0 0 0 0 0 0 30 0 0 0 0 0 0 0 0 0 0 0 0 0 0 
0 0 0 6 0 0 0 0 0 0 0 0 0 0 0 0 1 0 0 0 0 0 0 0 0 0 0 0 0 12 0 0 0 0 0 0 0 0 0 0 
0 0 0 0 18 0 2 0 0 0 0 0 0 0 0 0 0 0 0 0 0 0 2 0 0 0 0 0 0 0 0 0 0 0 0 1 0 0 0 0 
0 0 0 0 0 0 0 0 12 0 0 0 0 0 0 0 0 0 0 0 0 0 0 17 0 0 0 0 0 0 0 0 0 0 2 0 0 0 0 0 
0 2 0 0 0 0 0 0 0 0 2 0 0 0 0 1 0 0 0 0 0 0 0 0 0 0 0 0 0 0 0 0 0 0 0 0 0 0 0 0 
0 0 4 0 0 0 0 0 0 0 0 0 0 0 0 0 0 0 0 0 0 0 0 0 0 0 0 0 0 0 0 0 1 0 1 0 0 0 0 0 
0 0 0 0 0 0 0 0 0 0 0 0 0 0 0 0 0 0 0 0 0 3 0 0 0 0 0 0 0 0 0 0 0 0 0 0 0 0 0 0 
0 0 0 0 0 0 0 0 0 0 0 0 0 5 0 0 0 0 0 0 0 0 0 0 0 10 0 0 0 0 0 0 0 0 0 0 0 0 0 0 
20 0 4 0 0 0 0 0 0 0 0 0 0 0 0 0 0 0 0 0 0 0 0 0 0 0 0 0 0 0 0 0 1 0 0 0 0 0 0 0 
0 0 0 0 2 0 0 0 0 0 0 0 0 0 0 0 0 0 0 2 0 0 0 0 0 0 0 0 0 0 0 0 0 0 0 0 0 0 0 0 
0 0 0 0 0 0 0 0 0 0 0 3 0 0 0 0 0 0 0 0 0 0 0 0 0 0 0 0 0 0 0 0 0 0 0 0 0 0 8 0 
2 0 0 0 0 0 0 0 0 0 0 0 0 0 0 0 0 0 0 0 0 0 0 0 0 0 0 0 0 0 1 0 0 0 0 0 0 0 0 0 
0 0 0 0 0 0 0 0 0 0 0 0 0 0 0 0 0 0 0 0 0 0 0 0 0 0 1 0 0 0 0 0 0 0 0 0 0 0 0 0 
0 0 0 2 0 0 0 0 0 1 0 0 0 0 0 0 0 0 0 0 0 16 0 0 0 0 0 0 0 0 0 0 0 0 0 0 20 0 0 0 
0 0 0 0 0 0 0 0 0 0 0 0 0 0 2 0 0 0 0 0 0 0 0 0 0 0 0 0 1 0 0 0 0 0 0 0 0 0 0 0 
20 0 0 0 0 0 0 0 0 0 0 0 0 0 0 22 0 2 0 0 0 0 0 0 0 0 0 0 0 0 0 0 0 2 0 0 0 0 0 0 
0 0 0 0 0 0 0 0 0 0 0 0 1 0 0 0 0 0 0 0 0 0 0 0 0 0 0 0 0 0 0 0 0 0 0 0 0 0 0 0 
0 0 0 0 0 0 0 0 0 0 0 0 0 0 0 0 0 0 0 0 0 0 0 0 1 0 0 0 0 0 0 1 0 0 0 0 0 0 0 0 
0 0 0 0 0 0 0 0 0 0 0 0 0 3 0 0 0 0 0 0 0 0 0 0 0 0 0 0 0 0 0 0 0 0 0 0 0 0 0 0 
0 0 0 0 0 0 0 0 2 0 1 0 0 0 0 0 0 0 0 0 0 0 0 0 0 0 0 0 0 0 0 0 0 0 0 0 0 0 0 0 
0 0 0 0 0 0 0 0 0 0 0 0 0 0 0 0 0 0 0 0 0 0 0 0 0 0 0 2 0 1 0 0 0 0 0 0 12 0 0 0 
0 0 0 0 0 0 0 0 0 0 0 6 0 0 0 0 0 0 0 0 0 0 0 0 0 0 0 0 0 0 0 0 0 0 0 0 0 0 0 0 
0 0 0 0 0 0 0 0 1 0 0 0 0 2 0 0 0 0 0 0 0 0 0 0 0 0 0 0 0 0 0 0 0 0 0 0 0 0 0 0 
0 0 0 0 0 0 0 0 0 0 0 0 0 0 0 0 0 0 0 0 0 0 0 0 0 0 0 1 0 0 0 0 0 0 1 0 0 0 0 0 
0 0 0 0 0 0 0 0 0 4 0 1 0 0 0 0 0 0 0 0 0 0 0 0 0 0 0 0 0 0 0 0 0 0 0 0 0 0 0 0 
0 0 0 0 0 0 1 0 0 0 0 0 0 0 0 0 0 0 0 0 0 0 0 0 0 0 0 0 1 0 0 0 0 0 0 0 0 0 0 0 
0 0 0 0 0 0 0 0 0 0 0 0 0 0 0 0 0 0 0 0 0 0 0 0 0 1 0 0 0 0 0 0 2 0 0 0 0 0 0 0 
0 0 0 0 0 0 0 2 0 0 0 0 0 0 0 0 0 0 0 0 0 0 0 0 0 0 0 0 0 0 0 0 0 0 0 0 0 0 0 0 
0 0 0 0 1 0 0 0 0 0 0 2 0 0 0 0 0 0 0 0 0 0 0 0 0 0 2 0 0 0 0 0 0 0 0 0 0 0 0 0 
0 0 0 0 0 0 0 0 0 0 0 0 0 0 0 0 0 0 0 0 0 0 0 1 0 0 0 0 0 0 2 0 0 0 0 0 0 0 0 0 
0 0 0 0 0 2 0 0 0 0 0 0 0 0 0 0 0 0 0 0 0 0 0 0 0 0 0 0 0 0 0 0 0 0 0 0 0 0 0 0 
0 0 3 0 0 0 0 0 0 0 0 0 0 0 0 0 0 0 0 0 0 0 0 0 8 0 2 0 0 0 0 0 0 0 0 0 0 0 0 0 
0 0 0 0 0 0 0 0 0 0 0 0 0 0 0 0 0 0 0 0 0 1 0 0 0 0 0 0 0 0 0 0 0 0 0 0 0 0 0 0 
0 0 0 0 0 0 0 0 0 0 0 0 1 0 0 0 0 0 0 0 0 0 0 0 0 0 0 0 0 0 0 0 0 0 0 0 0 0 0 0 
1 0 0 0 0 0 0 0 0 0 0 0 0 0 0 0 0 0 0 0 0 0 0 0 0 0 0 0 0 0 0 1 0 0 0 0 0 0 0 0 
0 0 0 0 0 0 0 0 0 0 0 0 0 0 0 0 0 0 0 1 0 0 0 0 0 0 0 0 0 0 0 0 0 0 0 0 0 0 0 0 
0 0 0 0 0 0 0 0 0 0 2 0 0 0 0 0 0 0 0 0 0 0 0 0 0 0 0 0 0 0 0 0 0 0 0 0 0 0 1 0 
0 0 0 0 0 0 0 0 0 0 0 0 0 0 0 0 0 0 0 0 4 0 0 0 0 0 0 0 0 1 0 0 0 0 0 0 0 0 0 0 
0 0 0 0 0 0 0 0 0 0 0 0 0 0 0 0 0 1 0 0 0 0 0 0 2 0 0 0 0 0 0 0 0 0 0 0 0 0 0 5 
0 0 0 0 0 0 0 0 1 0 0 0 0 0 0 0 0 0 0 0 0 0 0 0 0 0 0 0 0 0 0 0 0 0 0 0 1 0 0 0 
0 0 0 12 0 0 0 0 0 0 0 0 0 0 0 0 0 0 10 0 0 0 0 0 0 0 0 1 0 0 0 0 0 0 0 0 0 0 0 0 
0 0 0 0 0 0 0 0 0 0 0 0 0 0 0 1 0 0 0 0 0 0 14 0 0 0 0 0 0 0 0 0 0 0 0 0 0 11 0 0 
0 0 0 0 0 0 1 0 0 0 0 0 0 0 0 0 0 0 0 0 0 0 0 0 0 0 0 0 0 0 0 0 0 0 0 1 0 0 0 0 
0 0 0 0 0 0 0 0 0 0 0 0 0 0 0 0 0 0 0 0 0 0 0 0 0 0 0 0 0 0 0 0 0 0 0 0 0 0 0 0 
0 0 0 0 0 0 0 0 0 0 0 2 0 0 1 0 0 0 0 0 0 0 0 0 0 0 0 0 0 0 0 0 0 0 0 0 0 0 0 0 
0 0 0 0 0 0 0 0 0 0 0 0 0 0 0 0 0 0 0 0 0 0 0 0 0 0 0 0 0 0 3 0 0 1 0 0 0 0 0 0 
0 0 0 0 0 0 0 0 0 0 0 0 0 0 0 0 0 0 0 0 0 0 0 0 0 0 0 0 0 0 0 0 0 0 0 0 0 0 0 0 
0 0 0 0 0 0 0 0 0 0 0 0 2 0 0 0 0 0 0 0 0 0 0 0 0 0 0 0 0 0 0 0 0 3 0 0 0 0 0 0 
0 0 0 0 0 0 0 0 0 0 0 0 0 0 0 0 0 0 0 0 0 0 0 0 0 0 0 0 0 0 0 1 0 0 0 0 0 0 0 0 
0 0 0 0 0 0 0 0 0 0 0 0 2 0 0 0 0 0 0 0 0 0 0 0 0 0 0 0 0 0 0 0 0 0 0 0 0 0 0 0 
0 0 0 0 0 0 0 0 0 0 1 0 0 0 0 0 0 0 0 0 0 0 0 0 0 0 0 0 0 0 0 3 0 0 0 0 0 0 0 0 
0 0 0 0 0 0 0 0 0 0 0 0 0 0 0 0 0 0 0 0 0 0 0 0 0 0 0 0 0 1 0 0 0 0 0 2 0 0 0 0 
0 0 0 0 0 0 0 0 0 0 2 0 0 0 0 0 0 0 0 0 0 0 0 0 0 0 0 0 0 0 0 0 0 0 0 0 0 0 0 0 
0 0 0 0 0 0 0 0 1 0 0 0 0 0 3 0 0 0 0 0 0 0 0 0 0 0 0 0 0 3 0 0 0 0 0 0 0 0 0 0 
0 0 0 0 0 0 0 0 0 0 0 0 0 0 0 0 0 0 0 0 0 0 0 0 0 0 0 1 0 0 0 0 0 4 0 0 0 0 0 0 
0 0 0 0 0 0 0 0 6 0 1 0 0 0 0 0 0 0 0 0 0 0 0 0 0 0 0 0 0 0 0 0 0 0 0 0 0 0 0 0 
0 0 0 0 0 0 1 0 0 0 0 0 0 0 0 0 0 0 0 0 0 0 0 0 0 0 0 4 0 1 0 0 0 0 0 0 0 0 0 0 
0 0 0 0 0 0 0 0 0 0 0 0 0 0 0 0 0 0 0 0 0 0 0 0 0 1 0 0 0 0 0 0 0 0 0 0 0 0 0 0 
0 0 0 0 0 0 4 0 1 0 0 0 0 0 0 0 0 0 0 0 0 0 0 0 0 0 0 0 0 0 0 0 0 0 0 0 0 0 0 0 
0 0 0 0 2 0 0 0 0 0 0 0 0 0 0 0 0 0 0 0 0 0 0 0 0 0 0 0 0 0 0 0 0 0 3 0 0 0 0 0 
0 0 0 0 0 0 0 0 0 0 0 0 0 0 0 0 0 0 0 0 0 0 0 1 0 0 0 0 0 0 0 0 0 0 0 0 0 0 0 0 
0 0 0 0 0 0 0 0 0 0 0 0 0 1 0 0 0 0 0 0 0 0 0 0 0 0 0 0 0 0 0 0 0 0 0 0 0 0 0 0 
0 0 2 0 0 0 0 0 0 0 0 0 0 0 0 0 0 0 0 0 0 0 0 12 0 0 0 0 0 0 0 0 3 0 0 0 0 0 0 0 
0 0 0 0 0 0 0 0 0 1 0 0 0 0 0 0 0 0 0 0 0 0 1 0 0 0 0 5 0 0 0 0 0 0 0 0 0 0 0 0 
0 0 8.5 0 0 0 0 0 0 0 0 0 0 0 0 0 0 0 0 0 1 0 0 0 0 0 0 0 0 1 0 0 0 0 0 0 0 0 0 0 
0 1 0 0 0 0 2 0 0 0 0 0 0 0 0 0 0 0 0 0 0 6 0 0 0 0 0 0 0 0 0 0 0 0 0 0 0 0 0 1 
0 0 0 0 0 0 0 0 0 0 0 0 0 0 0 0 0 0 0 0 1 0 0 0 0 5 0 0 0 0 0 0 0 0 0 0 0 0 0 0 
8.5 0 1 0 0 0 0 0 0 0 0 0 0 0 0 0 0 0 1 0 0 0 0 0 0 0 0 0 0 0 0 0 0 0 0 0 0 0 0 0 
1 0 0 0 0 0 0 0 0 0 0 0 0 0 0 0 0 0 0 0 0 0 0 0 0 0 0 0 0 0 0 0 0 0 0 0 0 0 0 0 
0 0 0 0 0 0 0 0 0 1 0 0 0 0 0 0 0 0 0 2 0 0 0 2 0 0 0 0 0 0 0 0 0 0 0 0 0 0 5 0 
0 0 0 0 0 0 0 0 0 0 0 0 0 0 0 0 0 0 0 0 0 0 0 0 0 0 0 0 2 0 0 0 0 0 0 0 0 0 3 0 
0 0 2 0 0 0 0 0 0 0 0 0 0 0 0 0 0 8 0 0 0 0 0 0 0 0 0 0 0 0 0 0 0 0 0 0 0 0 0 0 
0 0 0 0 0 0 0 0 0 0 0 0 1 0 0 0 0 1 0 0 0 0 0 0 0 0 0 0 0 0 0 0 0 0 0 0 0 0 0 0 
0 0 0 0 0 0 0 0 0 0 0 0 0 0 0 0 0 0 0 0 0 0 0 0 0 0 0 0 0 0 0 0 0 0 0 0 2 0 0 0 
0 0 0 0 0 0 0 0 0 0 0 0 0 0 0 1 0 0 0 0 0 0 0 0 0 0 0 0 0 0 0 0 0 0 0 0 0 0 0 0 
0 0 0 0 0 0 0 0 0 0 0 0 0 0 0 1 0 0 0 0 0 0 0 0 0 0 0 0 0 0 0 0 0 0 1 0 0 0 0 0 
0 0 0 0 0 0 0 0 0 0 0 0 0 0 0 0 0 0 0 0 0 0 0 0 0 0 0 0 0 0 0 0 0 0 1 0 0 0 2 0 
0 0 0 0 0 0 0 0 0 0 0 0 0 2 0 0 0 0 0 0 0 0 0 0 0 0 0 0 0 0 0 0 0 0 0 0 0 0 0 0 
0 0 0 0 0 0 0 0 0 0 0 0 0 2 0 0 0 0 0 0 0 0 0 0 0 0 0 0 0 0 0 0 0 0 0 0 0 0 0 0 
0 1 0 0 0 0 0 0 0 0 0 0 0 0 0 0 0 0 0 0 0 0 0 0 0 0 0 0 0 0 0 0 1 0 0 0 0 0 0 0 
0 0 0 0 0 0 0 0 0 0 0 0 0 0 0 0 0 0 0 0 1 0 0 0 0 0 0 0 0 0 0 0 0 0 0 0 0 2 0 0 
0 0 0 0 0 0 0 0 0 0 0 1 0 0 0 16 0 0 0 0 0 0 0 0 0 0 0 0 0 0 20 0 0 0 0 0 0 0 0 0 
0 0 0 0 0 0 0 0 2 0 0 0 0 0 0 0 0 0 0 0 0 0 0 0 0 0 0 0 0 0 1 0 0 0 16 0 0 0 0 0 
0 0 0 0 0 0 0 0 0 20 0 2 0 0 0 0 0 0 0 0 0 0 0 0 0 0 0 2 0 0 0 0 0 0 0 0 0 0 0 3 
0 0 0 0 0 0 0 0 0 0 2 0 0 0 0 0 0 0 0 0 0 0 0 0 0 0 0 0 9 0 0 0 0 0 0 0 0 0 0 0 
0 0 0 0 0 0 0 0 0 0 0 0 0 0 0 0 0 0 0 0 0 0 0 0 0 0 0 0 0 1 3 0 0 0 0 0 0 0 0 0 
0 0 0 0 0 0 0 0 0 0 0 0 0 0 0 0 0 0 0 0 0 0 0 0 0 0 0 0 0 0 0 0 0 0 0 0 0 0 0 0 
0 0 0 0 0 0 0 0 1 0 0 3 0 0 0 0 0 0 0 0 0 0 0 0 0 0 3 0 0 0 0 0 0 0 0 0 0 0 0 0 
0 0 0 0 0 0 0 0 0 0 0 0 0 0 0 0 0 0 0 0 0 0 0 0 0 0 0 1 0 0 3 0 0 0 0 0 0 0 0 0 
0 0 0 0 0 3 0 0 0 0 0 0 0 0 0 0 0 0 0 0 0 0 0 0 0 0 0 0 0 0 0 0 0 0 0 1 0 0 0 0 
0 0 0 0 0 0 1 0 0 1 0 0 0 0 0 0 0 0 0 0 0 0 0 0 4 0 0 0 0 0 0 0 0 0 0 0 0 0 0 0 
0 0 0 0 0 0 0 0 0 0 0 0 0 0 0 0 0 0 0 0 0 0 0 0 0 1 0 0 1.334 0 0 0 0 0 0 0 0 0 0 0 
0 0 0 4.667 0 1 0 0 0 0 0 0 0 0 0 0 0 0 0 0 0 0 0 0 0 0 0 0 0 0 0 0 0 0 0 0 0 0 0 0 
0 0 0 0 0 0 1 0 0 0 0 0 0 0 0 0 0 0 0 0 0 0 0 0 0 0 0 0 0 0 0 0 0 0 0 0 0 0 0 0 
0 0 0 0 0 0 2 0 0 0 0 0 0 0 0 0 0 0 0 0 0 0 0 0 0 2 4 0 0 0 0 0 0 0 0 0 0 0 0 0 
0 9 0 0 0 0 0 0 0 0 0 0 1 0 0 0 0 0 0 0 0 0 0 0 0 0 0 0 0 0 0 1 0 0 0 0 0 0 0 0 
0 0 0 0 1 0 0 0 0 0 0 0 0 0 0 0 0 0 0 0 3 0 0 0 0 0 0 0 0 0 0 0 0 0 0 0 0 0 0 0 
0 0 0 0 0 0 0 0 0 0 0 0 0 0 0 1 0 0 0 0 0 0 0 2 3 0 0 0 0 0 0 0 0 0 0 0 0 0 0 3 
0 0 0 0 0 0 0 0 0 0 0 0 0 0 0 0 0 0 0 0 0 0 0 0 0 0 0 0 0 0 0 0 0 0 0 0 0 2 0 0 
0 0 1 0 0 0 0 0 0 0 0 0 0 0 0 0 0 0 4 0 0 0 0 0 0 0 0 0 0 0 0 0 0 0 0 0 0 0 0 0 
0 0 0.99 0 0 0 0 0 0 0 0 0 0 0 0 0 0 0 0 0 0 2.67 4 0 0 0 0 0 0 0 0 0 0 0 0 0 0 9 0 0 
0 0 0 0 0 0 0 0 1.34 0 0 0 0 0 0 0 0 0 0 0 0 0 0 0 0 0 0 0 0 0 0 0 0 0 0 0 0 0 0 0 
3 0 0 0 0 0 0 0 0 0 0 0 0 0 0 0 4 0 0 0 0 0 0 0 0 0 0 0 0 0 0 0 0 0 0 0 0 0 0 0 
0 0 0 0 0 0 0 0 0 0 0 1 0 0 0 0 0 0 0 4 8 0 0 0 0 0 0 0 0 0 0 0 0 0 0 8 0 0 0 0 
0 0 0 0 0 0 0 0 0 0 0 0 0 0 0 0 0 0 0 0 0 0 0 0 0 0 0 0 0 0 0 0 0 0 0 0 0 0 6 12 
0 0 0 0 0 0 0 0 0 0 0 0 0 0 16 0 0 0 0 0 0 0 0 1 0 0 0 0 0 0 0 0 0 0 0 0 0 0 0 0 
0 0 0 0 0 0 0 0 0 0 0 0 0 0 0 0 0 0.875 0 0 0 0 0 0 0 0 0 0 0 0 0 0 0 0 0 0 0 0 0 0 
0 0 1 0 0 0 0 0 0 0 0 0 0 0 0 0 0 0 0 0 0 0 0 0 0 0 0 0 0 0 0 0 0 0 0 0 0.9 0 0 0 
0 0 0 0 0 0 0 0 0 0 0 0 0 0 0 0 0 0 0 0 0 1 0 0 0 0 0 0 0 0 0 0 0 0 0 0 0 0 0 0 
0 0 0 0 0 0 0 0 0 0 0 0 0 0 0 3 0 0 0 0 0 0 0 0 0 0 0 0 0 0 0 0 0 0 0 0 0 0 0 0 
4 0 0 0 0 0 0 0 0 0 0 0 0 0 0 0 0 0 0 0 0 0 0 0 0 0 0 0 0 0 0 0 0 0 0.875 0 0 0 0 0 
0 0 0 0 0 0 0 0 0 0 0 0 0 0 0 0 0 0 0 0 1 0 0 0 0 0 0 0 0 0 0 0 0 0 0 0 0 0 0 0 
0 0 0 0 0 0 0 0 0 0 0 0 0 1.042 0 0 0 0 0 0 0 0 0 0 0 0 0 0 0 0 0 0 0 0 0 0 0 0 0 1 
0 0 0 0 0 0 0 0 0 0 0 0 0 0 0 0 0 0 0 0 0 0 0 0 0 0 0 0 0 0 0 0 3 0 0 0 0 0 0 0 
0 0 0 0 0 0 0 0 0 0 0 0 0 0 0 0 0 0 4 0 0 0 0 0 0 0 0 0 0 0 0 0 0 0 0 0 0 0 0 0 
0 0 0 0 0 0 0 0 0 0 0 4 4 0 0 0 0 0 0 0 0 0 0 0 0 0 0 9 0 0 0 0 0 0 0 0 0 0 1 0 
0 0 0 0 0 0 0 0 0 0 0 0 0 0 0 0 0 0 0 0 0 0 0 0 0 0 0 0 0 0 2 0 0 0 0 0 0 0 0 0 
0 0 0 0 0 0 3 0 0 0 0 0 0 0 0 0 0 0 0 0 0 0 0 0 0 0 0 0 0 0 0 0 0 0 0 0 0 0 0 0 
0 0 0 0 0 0 0 0 0 2 0 0 0 0 0 0 0 0 0 0 0 0 0 0 0 3 0 0 0 0 0 0 0 0 0 0 0 0 0 0 
0 0 0 0 0 0 0 0 0 0 0 0 0 0 0 0 0 0 0 0 0 0 0 0 0 0 0 0 1 2 0 0 0 0 0 0 0 0 0 0 
0 0 0 0 2 0 0 0 0 0 0 0 0 0 0 0 0 0 0 0 0 0 0 0 0 0 0 0 0 0 0 0 0 0 0 0 0 0 0 0 
0 0 0 0 0 0 0 1 3 0 0 0 0 0 0 0 0 0 0 0 0 0 0 3 0 0 0 0 0 0 0 0 0 0 0 0 0 0 0 0 
0 0 0 0 0 0 0 0 0 0 0 0 0 1 0 0 0 0 0 0 0 0 0 0 0 0 6 12 0 0 0 0 0 0 0 0 0 0 0 0 
0 0 15 0 0 0 0 0 0 0 0 0 0 0 0 0 0 0 0 0 0 0 0 0 0 0 0 0 0 0 0 0 0 0 0 0 0 0 0 0 
0 0 0 0 0 1 1 0 0 0 0 0 0 0 0 0 0 0 0 0 0 2 0 0 0 0 0 0 0 0 0 0 0 0 0 0 0 0 0 0 
0 0 0 0 0 0 0 0 0 0 0 0 0 0 0 0 0 0 0 0 0 0 0 0 1 1 0 0 0 0 0 0 0 0 0 0 0 0 0 0 
2 0 0 0 0 0 0 0 0 0 0 0 0 0 0 0 0 0 0 0 0 0 0 0 0 0 0 0 0 0 0 0 0 0 0 0 0 0 0 0 
0 0 0 1 0 0 0 0 0 0 0 0 0 0 0 0 0 0 0 4 0 1 0 0 0 0 0 0 0 0 0 0 0 0 0 0 0 0 0 0 
0 0 0 0 0 0 0 0 0 0 0 0 0 0 0 0 0 0 0 0 0 0 3 16 0 0 0 0 0 0 0 0 0 0 0 0 0 0 16 0 
2 0 0 0 0 0 0 0 0 0 0 0 0 0 0 0 0 0 0 0 0 0 0 0 0 0 0 0 0 0 0 0 0 0 0 0 0 0 0 0 
0 1 4 0 0 0 0 0 0 0 0 0 0 0 0 0 0 6 0 1 0 0 0 0 0 0 0 0 0 0 0 0 0 0 0 0 0 0 0 0 
0 0 0 0 0 0 0 0 0 0 0 0 0 0 0 0 0 0 0 0 1 0 0 0 0 0 0 0 0 0 0 0 0 0 0 0 0 0 0 0 
0 0 0 0 0 1 0 0 0 0 0 0 0 0 0 0 0 0 0 0 0 0 0 0 0 0 0 0 0 0 0 0 0 0 0 0 0 0 0 1 
0 0 0 0 0 0 0 0 0 0 0 0 0 0 0 0 0 0 0 0 0 0 0 0 1 0 0 0 0 0 0 0 0 0 0 0 0 0 0 0 
0 0 0 0 0 0 0 0 0 0 0 0 0 0 0 0 0 0 1 0 0 0 0 0 0 0 0 0 0 0 0 0 0 0 0 0 0 0 0 0 
0 0 0 2 0 0 0 0 0 0 0 0 0 0 0 0 0 0 0 0 0 0 0 0 0 0 0 0 0 0 0 0 0 0 0 0 0 1 0 0 
0 0 0 0 0 0 0 0 0 0 0 0 0 0 0 0 0 0 0 0 0 0 2 0 0 0 0 0 0 0 0 0 0 0 0 0 0 0 0 0 
0 0 0 0 0 0 0 0 0 0 0 0 0 0 0 0 2 6 0 0 0 0 0 0 0 0 0 0 0 0 0 0 12 0 0 0 0 0 0 0 
0 0 3 0 0 0 0 0 0 0 0 0 0 0 0 0 0 0 0 0 0 0 0 0 0 0 0 0 0 0 0 0 0 0 0 1 0 0 0 0 
0 0 0 0 0 0 0 0 0 0 0 0 0 0 0 0 0 0 0 0 0 2 0 0 0 0 0 0 0 0 0 0 0 0 0 0 0 2 0 0 
0 0 0 0 0 0 0 0 0 0 0 0 0 0 1 16 0 0 0 0 0 0 0 0 0 0 0 0 0 0 20 0 0 0 0 0 0 0 0 0 
0 0 0 0 0 0 0 0 2 0 0 0 0 0 1 0 0 0 0 0 0 0 0 0 0 0 0 0 0 0 0 0 0 0 33 0 0 0 0 0 
0 0 0 0 0 0 0 0 0 40 0 4 0 0 0 0 0 0 0 0 0 0 0 0 0 0 0 4 0 0 0 0 0 0 0 0 0 0 0 1 
0 0 0 0 0 0 0 0 0 0 0 0 0 0 3 0 0 0 0 0 0 0 0 0 0 0 0 0 5 0 0 0 0 0 0 0 0 0 0 0 
0 0 0 0 0 0 0 0 0 0 0 0 0 0 0 0 0 0 0 0 0 0 0 0 0 0 0 0 0 0 0 0 1 1 0 0 0 0 0 0 
0 0 0 0 0 0 0 4 0 1 0 0 0 0 0 0 0 0 0 0 0 0 0 0 0 0 0 0 0 0 0 0 0 0 0 0 0 0 0 0 
0 0 2 0 0 0 0 0 0 0 0 0 2 0 0 0 0 0 0 0 0 0 0 0 0 0 0 0 0 0 0 0 0 0 0 0 0 0 0 0 
0 0 0 0 0 0 0 0 0 0 0 0 0 0 0 0 0 0 0 0 0 0 0 0 0 0 0 0 0 0 0 1 0 0 0 0 0 0 0 0 
0 0 0 0 0 1 0 0 0 0 0 0 0 0 0 0 0 0 0 0 0 0 0 0 0 0 0 0 0 0 0 0 0 0 0 0 0 0 0 0 
0 0 0 0 0 0 0 0 0 3 3 0 0 0 0 0 0 0 0 0 0 0 0 0 7 0 1 0 0 0 0 0 0 0 0 0 0 0 0 0 
0 0 0 0 0 0 0 0 0 0 0 0 0 0 0 0 0 0 0 0 0 0 0 0 0 0 0 0 0 3 0 0 0 0 0 0 0 0 0 0 
0 0 0 8 0 2 0 0 0 0 0 0 0 0 0 0 0 0 0 0 0 0 0 0 0 0 0 0 0 0 0 0 0 0 0 0 0 0 0 0 
0 0 0 0 0 0 0 0 1 0 0 0 0 0 0 0 0 0 0 0 0 0 0 0 0 0 0 0 0 0 0 1 0 0 0 0 0 0 0 0 
0 0 0 0 0 0 0 0 0 0 0 0 3 0 0 0 0 0 0 0 0 0 0 0 0 0 0 0 2 0 0 0 0 0 0 0 0 0 0 0 
0 9 0 0 0 0 0 0 0 0 0 0 0 0 0 0 0 0 0 0 0 0 0 0 0 0 0 0 0 0 0 0 0 0 0 0 0 0 0 0 
0 0 0 3 0 0 0 1 0 0 0 0 0 0 0 0 0 0 0 0 0 0 0 0 0 0 0 0 0 0 0 0 0 0 0 0 0 0 0 0 
0 0 0 0 0 0 0 0 0 0 0 0 0 0 0 0 0 0 0 0 0 0 0 0 3 0 1 0 0 0 0 0 0 0 0 0 0 0 0 3 
0 0 0 0 0 0 0 0 0 0 0 0 0 0 0 0 0 0 0 0 0 0 0 0 0 0 0 0 0 1 0 0 0 0 0 0 0 0 0 0 
0 0 0 1 0 1 0 0 0 0 0 0 0 0 0 0 0 0 4 0 0 0 0 0 0 0 0 0 0 0 0 0 0 0 0 0 0 0 0 0 
0 0 0 0 0 0 0 0 0 0 0 0 0 0 0 0 0 0 0 0 0 0 0 0 1 0 0 0 0 0 0 0 0 0 0 0 0 4 0 1 
0 0 0 0 0 0 0 0 0 0 0 0 0 0 0 0 0 0 0 0 0 2.34 0 0 0 0 0 0 0 0 0 0 0 0 0 0 0 0 0 0 
0 2 0 0 0 0.34 0 0 0 0 0 0 0 0 0 0 12 0 0 0 0 0 0 0 0 0 0 3.66 0 0 0 0 0 0 0 0 0 0 0 0 
2.85 0 0 0 0 0 0 0 0 0 0 0 0 0 0 0 0 0 0 0 2 0 0 0 0.85 0 0 0 0 0 0 0 0 0 0 12 0 0 0 0 
0 0 0 0 0 0 3.15 0 0 0 0 0 0 0 0 0 0 0 0 2.35 0 0 0 0 0 0 0 0 0 0 0 0 0 0 0 0 0 0 0.25 2 
0 0 0 0.85 0 0 0 0 0 0 0 0 0 0 12 0 0 0 0 0 0 0 0 0 0 3.4 0 0 0 0 0 0 0 0 0 0 0 0 2.6 0 
0 0 0 0 0 0 0 0 0 0 0 0 0 0 0 0 0 0.25 2 0 0 0 0.85 0 0 0 0 0 0 0 0 0 0 12 0 0 0 0 0 0 
0 0 0 0 3.15 0 0 0 0 0 0 0 0 0 0 0 0 0.67 0 0 0 0 0 0 0 0 0 0 0 0 0 0 0 0 0 0 1.67 2 0 0 
0 0.34 0 0 0 0 0 0 0 0 0 0 12 0 0 0 0 0 0 0 0 0 0 3.66 0 0 0 0 0 0 0 0 0 0 0 0 0 0 0 0 
0 0 0 0 0 0 0 0 0 0 2 0 0 0 0 1 4 0 0 0 1 0 0 0 0 0 0 0 0 0 0 10 0 0 0 0 0 0 0 0 
0 0 0 0 0 0 0 0 0 0 0 0 0 0 0 0 0 0 0 0 0 0 0 0 0 0 0 0 0 2 0 0 0 0 3 6 0 0 0 1 
0 0 0 0 0 0 0 0 0 0 14 0 0 0 0 0 0 0 0 0 0 0 0 0 0 0 0 0 0 0 0 0 0 0 2.35 0 0 0 0 0 
0 0 0 0 0 0 0 0 0 0 0 0 0 0 2 0 0 0 0.85 0 0.25 0 0 0 0 0 0 0 0 12 0 0 0 0 0 0 0 0 0 0 
3.4 0 0 0 0 0 0 0 0 0 0 0 0 1.66 0 0 0 0 0 0 0 0 0 0 0 0 0 0 0 0 0 0 0 2 0 0 0 0.34 0 0.34 
0 0 0 0 0 0 0 0 12 0 0 0 0 0 0 0 0 0 0 4 0 0 0 0 0 0 0 0 0 0 0 0 1.4 0 0 0 0 0 0 0 
0 0 0 0 0 0 0 0 0 0 0 0 2 0 0 0 0.6 0 0.6 0 0 0 0 0 0 0 0 12 0 0 0 0 0 0 0 0 0 0 4 0 
0 0 0 0 0 0 0 0 0 0 0 0.34 0 0 0 0 0 0 0 0 0 0 0 0 0 0 0 0 0 0 0 2 0 0 0 0.34 0 3 0 0 
0 0 0 0 0 0 12 0 0 0 0 0 0 0 0 0 0 3.66 0 0 0 0 0 0 0 0 0 0 0 0 0.86 0 0 0 0 0 0 0 0 0 
0 0 0 0 0 0 0 0 0 0 2 0 0 0 0.86 0 3 0 0 0 0 0 0 0 0 12 0 0 0 0 0 0 0 0 0 0 3.14 0 0 0 
0 0 0 0 0 0 0 0 0 0.34 0 0 0 0 0 0 0 0 0 0 0 0 0 0 0 0 0 0 1 2 0 0 0 0.34 0 2 0 0 0 0 
0 0 0 0 12 0 0 0 0 0 0 0 0 0 0 3.66 0 0 0 0 0 0 0 0 0 0 0 0 0.5 0 0 0 0 0 0 0 0 0 0 0 
0 0 0 0 0 0 0 1.5 2 0 0 0 0.75 0 0.25 0 0 0 0 0 0 0 0 12 0 0 0 0 0 0 0 0 0 0 3.75 0 0 0 0 0 
0 0 0 0 0 0 0 2.04 0 0 0 0 0 0 0 0 0 0 0 0 0 0 0 0 0 0 0.376 2 0 0 0 0.762 0 0.241 0 0 0 0 0.044 0 
0 0 12 0 0 0 0 0 0 0 0 0 0 3.387 0 0 0 0 0 0 0 0 0 0 0 0 0 0 0 0 0 0 2 0 0 0 0 0 0 0 
0 0 0 0 0 0 0 0 0 0 3 0 0 0 0 0 0 0 0 0 1 8 0 0 0 0 0 0 0 0 0 0 0 0 0 0 0 0 0 0 
0 0 0 0 0 0 0 0 0 0 0 3 0 0 0 0 0 0 0 0 0 0 0 0 0 0 0 0 0 4 0 0 0 0 0 0 0 0 0 1 
11 0 0 0 0 0 0 0 0 0 0 0 0 0 0 0 0 0 0 0 0 0 0 0 0 0 0 0 0 0 1 0 0 0 0 0 0 0 0 0 
0 0 0 0 0 0 0 0 1 0 0 0 0 0 0 0 0 0 1 5 0 0 0 0 0 0 0 0 0 0 0 0 0 0 0 0 0 0 0 0 
0 0 0 0 0 1 0 0 0 0 0 0 0 0 0 0 0 0 0 0 0 0 0 6 0 0 0 1 0 0 0 0 0 0 0 0 0 0 9 0 
0 0 0 0 0 0 0 0 0 0 0 0 0 0 0 0 1 0 0 0 0 0 0 0 0 1 0 0 0 0 0 0 0 0 0 0 0 0 0 0 
0 0 2 0 0 0 1 0 0 0 0 0 0 0 0 0 0 6 0 0 0 0 0 0 0 0 0 0 0 0 0 0 0 0 0 1 0 0 0 0 
0 0 0 0 0 0 0 0 0 0 0 0 0 0 0 0 0 0 0 0 0 22 0 0 0 2 0 0 0 0 0 0 0 0 0 0 30 0 0 0 
0 0 0 0 0 0 0 0 0 0 0 0 0 0 6 0 0 0 0 0 0 0 0 0 0 0 0 0 0 0 0 0 0 0 0 0 0 0 0 0 
6 0 0 0 1 0 0 0 0 0 0 0 0 0 0 9 0 1 0 0 0 0 0 0 0 0 0 0 0 0 0 0 0 1 0 0 0 0 0 0 
0 0 0 0 0 0 0 0 0 0 0 0 0 0 0 0 0 0 0 3 0 0 0 1 0 0 0 0 0 0 0 0 0 0 7 0 0 0 0 0 
0 0 0 0 0 1 0 0 0 0 0 0 1 0 0 0 0 0 0 0 1 0 0 0 0 0 0 0 0 0 0 0 0 0 0 0 0 0 8 0 
0 0 0 1 0 0 0 0 0 0 0 0 0 10 0 0 0 0 0 0 0 0 0 0 0 0 0 0 0 0 0 1 0 0 0 0 0 0 0 0 
1 0 0 0 0 0 0 0 0 0 0 0 0 0 0 0 0 3 0 0 0 0 1 0 0 0 0 0 0 0 0 0 6.5 0 0 0 0 0 0 0 
0 0 0 0 0 0 0 0 0 0 1 0 0 0 0 0 0 0 0 0 0 0 0 0 0 0 0 0 0 0 0 0 0 0 0 0 8 0 0 0 
0 1 0 0 0 0 0 0 0 0 0 10 0 1 0 0 0 0 0 0 0 0 0 0 0 0 0 0 0 1 0 0 0 0 0 2.34 0 0 0 0 
0 0 0 0 0 0 0 0 0 0 0 0 0 0 0 2 0 0 0 0 0 0.17 0 0 0 0 0 0 0 0 12 0 0 0 0 0 0 0 0 0 
0 3.66 0 0 0 0 0 0 0 0 0 0 0 0 0 0 0 0 0 0 1 0 0 0 0 0 0 0 0 0 0 0 0 0 0 0 0 0 0 0 
1 0 0 0 0 0 0 0 0 3 0 0 0 0 0 0 0 0 0 0 0 0 0 0 0 0 0 0 0 0 0 0 0 0 0 0 0 0 0 0 
0 0 0 0 0 0 0 2 0 0 0 0 0 0 0 0 0 0 0 1 0 0 0 0 0 0 0 0 4 0 0 0 0 0 0 0 0 0 0 0 
0 0 0 0 0 0 0 0 0 0 0 0 0.67 0 0 0 0 0 0 0 0 0 0 0 0 0 0 0 0 0 0 1.67 2 0 0 0 0 0 0.17 0 
0 0 0 0 0 0 0 12 0 0 0 0 0 0 0 0 0 0 3.66 0 0 0 0 0 0 0 0 0 0 0 0 0 0 0 0 0 0 0 0 0 
0 0 0 0 0 0 0 0 0 0 0 7 0 0 0 0 0 1 0 0 0 0 0 0 0 0 7 0 1 0 0 0 0 0 0 0 0 0 0 0 
0 0 0 0 0 0 0 0 0 0 0 0 0 0 0 0 0 0 0 0 0 0 0 0 0 0 0 0 0 0 15 0 0 0 0 0 1 0 0 0 
0 0 0 0 0 11 0 1 0 0 0 0 0 0 0 0 0 0 0 0 0 0 0 0 0 0 0 0 0 0 0 0 0 0 0 0 0 0 0 0 
0 0 0 0 0 0 0 0 0 31 0 0 0 1 0 2 0 0 0 0 0 0 0 0 23 0 2 0 0 0 0 0 0 0 0 0 0 0 0 0 
0 0 0 0 0 0 0 0 0 0 0 0 0 0 0 0 0 0 0 0 0 0 0 0 0 0 0 0 2 0 0 0 1 0 1 0 0 0 0 0 
0 0 0 5 0 1 0 0 0 0 0 0 0 0 0 0 0 0 0 0 0 0 0 0 0 0 0 0 0 0 0 0 0 0 0 0 0 0 0 0 
0 0 0 0 0 0 0 12 0 0 0 1 0 1 0 0 0 0 0 0 0 0 10 0 1 0 0 0 0 0 0 0 0 0 0 0 0 0 0 0 
0 0 0 0 0 0 1.66 0 0 0 0 0 0 0 0 0 0 0 0 0 0 0 0 0 0 0 2 0 0 0 0 0 0.51 0 0 0 0 0 0 0 
0 12 0 0 0 0 0 0 0 0 0 0 4 0 0 0 0 0 0 0 0 0 0 0 0 1.4 0 0 0 0 0 0 0 0 0 0 0 0 0 0 
0 0 0 0 0 2 0 0 0 0 0 0.9 0 0 0 0 0 0 0 0 12 0 0 0 0 0 0 0 0 0 0 4 0 0 0 0 0 0 0 0 
0 0 0 0 0.34 0 0 0 0 0 0 0 0 0 0 0 0 0 0 0 0 0 0 0 2 0 0 0 0 0 3.17 0 0 0 0 0 0 0 0 12 
0 0 0 0 0 0 0 0 0 0 3.66 0 0 0 0 0 0 0 0 0 0 0 0 0.86 0 0 0 0 0 0 0 0 0 0 0 0 0 0 0 0 
0 0 0 2 0 0 0 0 0 3.43 0 0 0 0 0 0 0 0 12 0 0 0 0 0 0 0 0 0 0 3.14 0 0 0 0 0 0 0 0 0 0 
0 0 0.34 0 0 0 0 0 0 0 0 0 0 0 0 0 0 0 0 0 0 1 2 0 0 0 0 0 2.17 0 0 0 0 0 0 0 0 12 0 0 
0 0 0 0 0 0 0 0 3.66 0 0 0 0 0 0 0 0 0 0 0 0 0 0 0 0 0 0 0 0 0 0 0 0 0 0 0 0 0 0 0 
0 2 0 0 0 0 0 1 0 0 0 0 0 0 0 0 2 0 0 0 0 0 0 0 0 0 0 0 0 0 0 0 0 0 0 0 0 0 0 0 
0 0 0 0 0 0 0 0 0 0 0 0 0 0 0 0 0 0 0 0 4 0 0 0 0 0 1 0 0 0 0 0 0 0 0 2 1 0 0 0 
0 0 0 0 0 0 0 0 0 0 0 0 0 0 0 0 0 0 0 0 0 0 0 0 0 0 0 0 0 0 0 0 0 0 0 0 0 0 0 0 
0 0 0 0 0 3 0 0 0 0 0 0 0 0 8 0 2 0 0 0 0 0 0 0 0 0 0 0 0 0 0 0 0 0 0 0 0 0 0 0 
0 0 0 0 0 0 0 0 0 0 0 0 0 0 0 0 0 0 44 0 0 0 0 0 3 0 0 0 0 0 0 0 0 30 0 2 0 0 0 0 
0 0 0 0 0 0 0 0 0 0 0 0 0 0 0 0 0 0 0 0 0 0 0 0 0 0 0 0 0 0 0 0 0 0 0 0 0 8 0 0 
0 0 0 3 0 0 0 0 0 0 0 0 12 0 2 0 0 0 0 0 0 0 0 0 0 0 0 0 0 0 0 0 0 0 0 0 0 0 0 0 
0 0 0 0 0 0 0 0 0 0 0 0 0 0 0 0 16 0 0 0 0 0 3 0 0 0 0 0 0 0 0 16 0 2 0 0 0 0 0 0 
0 0 0 0 0 0 0 0 0 0 0 0 0 0 0 0 0 0 0 0 0 0 0 0 0 0 0 0 0 0 0 0 0 0 0 12 0 0 0 0 
0 1 0 0 0 0 0 0 0 0 9 0 0 0 0 0 0 0 0 0 1 0 0 0 0 0 0 0 0 0 0 0 0 0 0 0 2 0 0 0 
0 0 0 0 0 0 0 0 0 0 0 0 0 0 20 0 0 0 0 0 1 0 0 0 0 0 0 0 0 22 0 0 0 0 0 0 0 0 0 0 
0 0 0 0 0 0 0 2 0 0 0 0 0 0 0 0 0 0 0 0 0 0 0 0 0 0 0 0 0 0 0 0 0 16 0 0 0 0 0 1 
0 0 0 0 0 0 0 0 20 0 2 0 0 0 0 0 0 0 0 0 0 0 0 0 0 0 2 0 0 0 0 0 0 0 0 0 0 0 1 0 
0 0 0 0 0 0 0 0 0 0 0 0 0 0 0 0 0 0 0 1 0 0 0 0 0 0 0 3 0 0 0 0 0 0 0 0 0 0 0 0 
0 0 0 0 0 0 0 0 0 0 0 0 0 0 0 0 0 0 0 0 0 0 0 0 0 0 0 0 0 0 0 0 0 0 0 0 0 0 3 0 
0 0 0 0 0 0 4 0 0 0 0 0 0 0 0 0 0 0 0 0 0 0 0 0 0 0 0 0 0 0 0 0 0 0 0 0 0 0 0 0 
0 0 0 0 0 0 0 0 0 0 0 0 0 0 0 0 0 2 0 0 0 0 0 0 0 3 0 0 0 0 0 0 0 0 0 0 0 0 0 0 
0 0 0 0 0 0 0 0 0 0 0 0 0 0 0 0 0 0 0 0 0 0 0 0 0 0 0 0 0 0 0 0 0 0 0 0 1 0 0 0 
0 0 0 0 1 0 0 0 0 0 0 0 0 0 0 0 0 0 0 0 0 0 0 0 0 0 0 0 0 0 0 0 0 0 0 0 0 0 0 0 
0 0 0 0 0 0 0 0 0 0 0 0 0 0 0 1 0 0 0 0 0 0 0 2 0 0 0 0 0 0 0 0 0 0 0 0 0 0 0 0 
0 0 0 0 0 0 0 0 0 0 0 0 0 0 0 0 0 0 0 0 0 0 0 0 0 0 0 2 0 0 0 0 0 0 1 0 0 0 0 0 
0 0 2 0 0 0 0 0 0 0 0 0 0 0 0 0 0 0 0 0 0 0 0 0 0 0 0 0 0 0 0 0 0 0 0 0 0 0 0 0 
0 0 0 0 0 0 1 0 0 0 0 0 0 1 0 0 0 0 0 0 0 2 0 0 0 0 0 0 0 0 0 0 0 0 0 0 0 0 0 0 
0 0 0 0 0 0 0 0 0 0 0 0 0 0 0 0 0 0 0 0 0 0 0 0 0 4 0 0 0 0 0 0 1 0 0 0 0 0 0 0 
5 0 0 0 0 0 0 0 0 0 1 0 0 0 0 0 0 0 0 0 0 0 0 0 0 0 2 0 0 0 0 0 0 0 0 0 0 0 0 0 
0 0 0 0 16 0 0 0 0 0 0 1 0 0 0 0 0 0 0 20 0 0 0 0 0 0 0 0 0 0 0 0 0 0 0 0 0 2 0 0 
0 0 0 0 0 0 0 0 0 0 0 0 0 0 0 0 0 0 0 0 0 0 0 20 0 0 0 0 0 0 1 0 0 0 0 0 0 0 22 0 
2 0 0 0 0 0 0 0 0 0 0 0 0 0 0 0 2 0 0 0 0 0 0 0 0 0 0 0 0 0 0 0 0 0 0 0 0 0 0 0 
0 0 0 0 0 0 0 0 0 0 1 0 0 0 0 0 0 2 0 0 0 0 0 0 0 0 0 0 0 0 0 0 0 0 0 0 0 0 0 0 
0 0 0 0 0 0 0 0 0 0 0 0 0 0 0 0 0 0 0 0 0 0 0 0 0 0 0 0 0 1 0 0 0 0 0 0 3 0 0 0 
0 0 0 0 0 0 0 0 0 0 0 0 0 0 0 0 0 0 0 0 0 0 0 0 0 0 3 0 0 0 0 0 0 0 0 0 0 0 0 0 
16 0 0 0 0 0 0 0 0 4 0 0 0 0 1 11 0 0 0 0 0 0 0 0 0 0 0 0 0 0 0 0 0 0 0 0 0 0 0 0 
0 1 0 0 0 0 0 0 0 0 0 0 0 0 0 0 0 0 0 10 0 0 0 0 0 0 0 0 1 0 0 0 0 0 9 0 0 0 0 0 
0 0 0 0 0 0 0 0 0 0 0 0 1 0 0 0 0 0 0 0 0 0 0 0 0 0 0 0 0 0 0 0 0 0 0 0 0 0 10 0 
0 0 0 0 0 0 0 1 0 0 0 0 0 9 0 1 0 0 0 0 0 0 0 0 0 0 0 0 0 0 0 1 0 0 0 0 0 1 0 0 
0 0 0 1 0 0 0 0 0 0 0 0 0 0 0 0 0 2 0 0 0 0 0 0 0 0 0 0 1 0 0 0 5 0 0 0 0 0 0 0 
0 0 0 0 0 0 0 0 0 0 0 0 0 0 0 0 2 0 0 0 0 0 0 0 0 0 0 0 0 0 0 0 0 0 0 0 4 0 0 0 
0 0 0 0 0 0 0 2 0 0 0 14 0 0 0 0 0 0 0 0 0 0 4 0 0 0 0 0 0 0 0 0 0 0 0 2.34 0 0 0 0 
0 0 0 0 0 0 0 0 0 0 0 0 0 0 0 2 0 0 0 0 0 0 0 0 0 0 0.34 0 0 0 12 0 0 0 0 0 0 0 0 0 
0 3.66 0 0 0 0 0 0 0 0 0 0 0 0 6 0 0 0 0 0 0 0 0 0 0 0 0 0 0 0 0 0 0 0 8 0 0 0 0 0 
0 0 0 2 0 8 0 0 0 34 0 0 0 0 0 0 0 0 0 0 6 0 0 0 0 0 0 0 0 0 0 0 0 2 0 0 0 0 0 0 
0 0 0 0 0 0 0 0 0 0 0 0 0 12 0 0 0 0 0 0 0 0 0 0 2 0 0 0 18 0 0 0 0 0 0 0 0 0 0 4 
0 0 0 0 0 0 0 0 0 0 0 0 2 0 0 0 0 0 0 0 0 0 0 0 0 0 0 0 0 0 0 0 12.4 0 0 0 0 0 0 0 
0 0 0 2 0 0 0 15.2 0 0 0 0 0 0 0 0 0 0 2.5 0 0 0 0 0 0 0 0 0 0 0 0 2 0 0 0 0 0 0 0 0 
0 0 0 0 0 0 0 0 0 0 0 16 0 0 0 0 0 0 0 0 0 0 2 0 0 0 20 0 0 0 0 0 0 0 0 0 0 4 0 0 
0 0 0 0 0 0 0 0 0 0 6 0 0 0 0 0 0 0 0 0 0 0 0 0 0 0 0 0 0 0 6 0 0 0 0 0 0 0 0 0 
0 8 0 0 0 28 0 0 0 0 0 0 0 0 0 0 6 0 0 0 0 0 0 0 0 0 0 0 0 0 0 0 0 0 0 0 0 0 0 0 
0 0 0 0 0 0 0 0 0 0 0 0 0 0 0 0 0 0 0 0 0 0 0 1 2 0 0 0 0 0 0 0 0 0 0 0 0 0 0 0 
0 0 0 0 0 0 0 0 0 0 0 0 0 0 1 0 0 0 0 0 0 0 0 0 0 0 0 0 0 0 0 0 0 0 0 0 0 0 0 0 
0 0 1 5 0 0 0 0 0 0 0 0 0 0 0 0 0 0 0 0 0 0 0 0 0 0 0 0 0 0 0 0 0 0 0 0 0 0 0 0 
0 0 0 0 0 0 0 1 0 0 0 0 0 0 0 0 0 0 0 0 0 1 3 0 0 0 0 0 0 0 0 0 0 0 0 0 0 0 0 0 
0 0 0 0 0 0 0 0 0 0 0 0 0 0 0 0 0 0 0 0 0 0 0 0 0 0 4 0 0 0 0 0 0 0 0 0 0 0 0 0 
1 5 0 0 0 0 0 0 0 0 0 0 0 0 0 0 0 0 0 0 0 0 0 0 0 0 0 0 0 0 0 0 0 0 0 0 0 0 0 0 
0 0 0 0 0 12 0 0 0 0 0 0 0 0 0 0 0 0 0 1 6 2 0 0 0 0 0 0 0 0 0 0 0 0 0 0 0 0 0 0 
0 0 0 0 0 0 0 0 0 0 0 0 0 0 0 0 0 0 0 0 0 0 0 0 2 0 0 0 0 0 0 0 0 0 0 0 0 0 0 8 
0 2 0 0 0 0 1 0 0 0 0 0 0 0 0 0 0 0 0 0 0 0 0 0 0 0 0 0 0 0 0 0 0 0 0 0 0 0 0 0 
0 0 0 0 0 0 0 0 0 0 0 0 0 0 0 0 0 0 2 0 0 0 0 0 0 1 0 0 0 0 0 0 0 0 0 0 0 0 0 0 
0 0 0 0 0 0 0 0 1 0 0 0 0 0 0 0 0 0 0 0 0 0 0 0 0 0 0 0 0 0 0 0 0 0 0 0 0 5 0 0 
0 0 0 0 1 0 0 0 0 0 0 0 0 0 0 0 0 0 0 0 0 0 0 0 0 0 0 0 0 0 0 0 0 0 0 0 0 0 0 0 
0 3 0 0 0 0 0 0 0 0 0 0 0 0 0 0 3 0 0 0 0 0 0 1 0 0 0 0 0 0 0 0 0 0 0 0 0 0 0 0 
0 0 0 0 0 0 0 0 0 0 0 0 0 0 0 0 0 0 0 0 2 0 0 0 0 0 0 0 0 0 0 0 0 0 0 4 0 0 0 0 
0 0 1 0 0 0 0 0 0 0 0 0 0 0 0 0 0 0 0 0 0 0 0 0 0 0 0 0 0 0 0 0 0 0 0 0 0 0 0 1 
0 0 0 0 0 0 0 0 0 0 0 0 0 0 3 0 0 0 0 0 0 1 0 0 0 0 0 0 0 0 0 0 0 0 0 0 0 0 0 0 
0 0 0 0 0 0 0 0 0 0 0 0 0 0 0 0 0 0 8 0 0 0 0 0 0 0 0 0 0 0 0 0 0 18 0 2 0 0 0 0 
3 0 0 0 0 0 0 0 0 0 0 0 0 0 0 0 0 0 0 0 0 0 0 0 0 0 0 0 0 0 0 0 0 0 0 0 0 12 0 0 
0 0 0 0 0 0 0 0 0 0 0 0 6 2 0 0 0 0 0 1 0 0 0 0 0 0 0 0 0 0 0 0 0 0 0 0 0 0 0 0 
0 0 0 0 0 0 0 0 0 0 0 0 0 0 0 0 20 0 0 0 0 0 0 0 0 0 0 0 0 0 0 10 3 0 0 0 0 0 2 0 
0 0 0 0 0 0 0 0 0 0 0 0 0 0 0 0 0 0 0 0 0 0 0 0 0 0 0 0 0 0 0 0 0 0 0 0 0 0 0 0 
0 0 0 0 0 0 0 0 0 0 4 0 1 0 0 0 0 1 0 0 0 0 0 0 0 0 0 0 0 0 0 0 0 0 0 0 0 0 0 0 
0 0 0 0 0 0 0 0 0 0 0 0 0 0 0 0 0 0 0 0 0 0 0 0 0 0 0 0 0 0 0 0 0 0 0 0 0 0 1 0 
0 0 0 0 0 0 0 0 0 0 0 0 0 0 0 0 0 0 0 0 0 0 0 0 0 0 0 0 0 0 0 0 0 0 0 0 0 0 0 0 
0 0 0 0 0 0 0 0 0 0 0 0 0 0 0 0 0 0 1 0 0 0 0 0 0 0 0 0 0 0 0 0 0 0 0 0 0 0 0 0 
0 0 0 0 0 0 0 0 0 0 0 0 0 0 0 0 0 0 0 0 0 0 0 0 0 0 0 2 0 0 0 0 0 0 0 0 0 0 1 0 
0 0 0 0 0 0 0 0 0 0 0 0 0 0 0 0 0 0 0 0 0 0 0 0 0 0 0 0 0 0 0 0 0 0 0 0 0 0 0 0 
0 0 0 0 0 0 2 0 0 0 0 0 0 0 0 0 0 1 0 0 0 0 0 0 0 0 0 0 0 0 0 0 0 0 0 0 0 0 0 0 
0 0 0 0 0 0 0 0 4 0 0 0 0 0 0 0 0 0 0 0 0 0 0 0 0 0 0 0 0 0 0 0 0 0 0 0 0 0 0 0 
0 1 0 0 0 0 0 0 0 0 0 0 0 0 0 0 0 0 0 0 0 0 0 0 0 0 0 0 0 0 0 0 0 0 0 0 0 0 0 0 
0 0 0 0 2 0 0 0 0 0 0 0 0 0 0 0 0 0 0 0 1 0 0 0 0 0 0 0 0 0 0 0 0 0 0 0 0 0 0 0 
0 0 0 0 0 0 0 0 0 0 0 0 0 0 0 0 0 0 0 0 0 0 0 2 0 0 0 0 0 0 0 0 0 0 0 0 0 0 0 1 
0 0 0 0 0 0 0 0 0 0 0 0 0 0 0 0 0 0 0 0 0 0 0 0 0 0 0 0 0 0 0 0 0 0 0 0 0 0 0 0 
0 0 16 0 4 0 0 0 0 0 0 0 0 0 0 0 0 0 3 0 0 0 0 0 0 0 0 0 0 0 0 0 0 0 0 0 0 0 0 0 
0 0 0 0 4 0 5 0 0 0 0 0 0 0 0 0 0 0 0 0 0 2.5 0 0 0 0 0 0 0 0 0 0 0 0 0 0 0 0 0 1 
0 0 0 0 0 0 0 0 0 0 0 0 0 0 0 0 0 0 0 0 0 0 0 0 0 0 0 0 0 0 0 0 0 0 0 0 0 0 0 0 
2 0 0 0 0 0 0 0 0 0 0 0 0 0 0 0 0 0 1 0 0 0 0 0 0 0 2 0 0 0 0 0 0 0 0 0 0 0 0 0 
0 0 0 0 24 0 0 0 0 0 0 0 0 0 0 0 0 0 0 26 0 0 0 0 0 0 0 0 0 0 0 0 0 0 0 0 0 3 0 0 
0 0 0 0 0 0 0 0 0 1 0 0 0 0 0 0 0 0 0 0 0 0 0 0 0 0 0 0 0 0 0 0 0 0 0 0 0 0 5 0 
0 0 0 0 0 0 0 0 0 0 0 0 0 0 0 0 1 0 0 0 0 0 0 0 1 0 0 0 0 0 0 0 0 0 0 0 0 0 0 0 
0 0 9 0 0 0 0 0 0 0 0 0 0 0 0 0 0 10 0 0 0 0 0 0 0 0 0 0 0 0 0 0 0 0 0 1 0 0 0 0 
0 0 0 0 0 0 0 0 0 0 0 0 0 0 0 0 0 0 0 0 0 4 0 0 0 0 0 0 0 0 0 0 0 0 0 0 5 0 0 0 
0 0 0 0 0 0 0 0 0 0 0 0 0 0 1 0 0 0 0 0 0 0 0 0 0 0 0 0 0 0 0 0 0 0 0 0 0 0 0 0 
9 0 0 0 0 0 0 0 0 0 0 0 0 0 0 10 0 1 0 0 0 0 0 0 0 0 0 0 0 0 0 0 0 1 0 0 0 0 0 0 
0 0 0 0 0 0 0 0 0 0 0 0 0 0 0 0 0 0 0 2 0 0 0 0 0 0 0 0 0 0 0 0 0 0 6 0 0 0 0 0 
0 0 0 1 0 0 0 0 0 0 0 0 1 0 0 0 0 0 0 0 0 0 0 0 0 0 0 0 0 0 0 0 0 0 0 0 0 0 6 0 
0 0 0 0 0 0 0 0 0 0 0 0 0 5 1 0 0 0 0 0 0 0 0 0 0 0 0 0 0 0 0 1 0 0 0 0 0 0 0 0 
0 0 0 0 0 0 0 0 0 0 0 0 0 0 0 0 0 8 0 0 0 0 0 0 0 0 0 0 0 0 0 0 18 0 2 0 0 0 0 0 
0 0 0 0 0 0 0 0 0 0 3 0 0 0 0 0 0 0 0 0 0 0 0 0 0 0 0 0 0 0 0 0 0 0 0 0 4 0 0 0 
0 0 0 0 0 0 0 0 0 0 0 10 0 0 0 0 0 0 0 0 0 0 1 0 0 0 0 0 0 2 0 0 0 0 0 0 0 0 0 0 
0 0 0 0 0 0 0 0 0 0 0 0 0 0 0 12 0 0 0 0 0 0 0 0 0 0 0 0 0 0 6 2 0 0 0 0 0 0 0 0 
0 0 0 0 0 0 0 0 1 0 0 0 0 0 0 0 0 0 0 0 0 0 0 0 0 0 0 0 0 0 0 0 0 0 0 0 0 0 0 0 
0 0 0 0 0 0 0 0 0 4 0 0 0 0 0 0 0 0 0 0 1 0 0 0 0 0 0 1 0 0 0 0 0 0 0 0 0 0 0 0 
0 0 0 0 0 0 0 0 0 0 0 0 0 4 0 0 0 0 0 0 0 0 0 0 0 0 0 0 9 0 2 0 0 0 0 0 0 0 0 0 
0 0 0 0 0 0 0 0 1 0 0 0 0 0 0 0 0 0 0 0 0 0 0 0 0 0 0 0 0 0 0 0 0 0 0 0 0 0 0 0 
0 0 0 0 0 0 0 2 0 0 0 0 0 0 0 0 0 0 0 0 0 0 0 0 0 0 0 1 0 0 0 0 0 0 0 0 0 0 0 0 
0 0 0 0 0 0 0 0 0 0 0 4 0 0 0 0 0 0 0 0 0 0 0 0 0 0 4 0 0 0 0 0 0 0 0 0 0 0 0 0 
0 0 0 0 0 0 1 0 
<XFs>
55.1395734093865 0 0 0 0 0 0 0 0 0 0 0 0 0 0 0 0 0 0 0 0 0 0 0 0 0 0 0 0 0 0 0 0 0 0 0 0 0 0 0 
0 0 0.0214225299311863 0 0 0 0 0 0 0 0 0 0 0 0 0 0 0 0 0 0 0 0 0 0 0 0 5.90816676891515e-10 0 0 0 0 0 0 0 0 0 0 0 0 
0 0 0 0 0 0 0 0 0 0 3.05530757353831e-10 0 0.0639420578673184 0 0 0 0 0 0 0 0 0 0 0 0 0 0 0 0 0 0 0 0 0 0 0 0 0 0 0 
0 0 0 0 0 0 0 0 0 0 0 0 0 0 0 0 0 0 0 0 0 0 0 0 0 0 0 0 0 0 0 0 0 0 0 0 0 0 0 0 
0 0 0 0 0 0 0 4.21035149750639e-10 0 0 0 0 0 0 0 0 0 0 0 0 0 0 0 0 0.0535177475399115 0 0 0 0 0 0 0 0 0 0 0 0 0 0 0 
0 0 0 0 0 0 0 0 0 0 0 0 0 0 0 0 0 0 0 0.000864872242760063 0 0 0 0 0 0 0 0 0 0 0 0 0 0 0 0 0 0 0 0 
0 0 0 0 0 0 0.00366544129642155 0 0 0 0 0 0 0 0 0 0 0 0.0128571557821208 0 0 0 0 0.043260240496247 0 0 0 0 0 0 0 0 0 0 0 0.0267351932083372 0 0 0 0 
0 9.07335577360739e-13 0 0 0 0 0 0 0 0 0 0 0 0 0 0 0 0 0 0.0113320425214611 0 0 0 0 0 0 0 0 0 0 0 0 0 0 0 0 9.83658357350923e-10 0 9.95830357738714e-10 0 
<Falps>
1.17107198629132e-07 -0.332010203088737 -8.54076905637471 -10.7407693892116 -25.7724462031502 -3.5294654528624 -17.1168677198857 -38.2084322084627 -32.3759120020831 -10.7553827696916 -14.0027595512198 -32.2091839766242 -31.2236491434243 -48.4404655828237 -13.5621999211185 -34.3549908108014 -2.95711205423736 -37.3067834315223 -45.4743335808221 -67.5265626464231 -4.81584276873233 -1.76614635123519 -1.7234628345507 -1.90625860659628 -0.699878747545964 -1.27938355195834 -1.67671356484216 -2.79130172640648 -15.6899522561703 -6.97566997285865 -5.67566948635339 -5.46689795518984 -3.26894219205707 -36.7929094781434 -3.95244291674604 -60.1267875591288 -25.0845564058588 -23.4964749264466 -9.61435325056419 -5.33032023067141 
-10.7854087752594 -22.3541595948385 2.95853814222092e-09 -23.5033339703769 -38.181495875532 -8.45854418563619 -19.2891709405394 -11.3537998050422 -45.0195534148211 -92.9390191272959 -1.95560243864849 -3.6125845693612 -5.20101511324137 -7.29691439571944 -7.93280527641957 -2.74876721219812 -5.71370891612968 -5.60404667983239 -7.31201368550592 -28.2970353903715 -18.9454967410998 -35.4457559169865 -0.941553049295035 -0.809066149546595 -1.26063349150663 -12.3074064882442 -30.5225593554792 0.00249543004766522 -2.81101476445545 -27.8810490297336 -6.01632635681516 -14.9898882467065 -6.70471602707364 -1.9165279082209 -2.95130541005403 -1.63831936334874 -0.614153267472048 -0.0492687427893125 -0.622763117723165 -3.99082432943192 
-1.11343810180983 -3.77036888333657 -8.72986215002689 -13.1428218884934 -6.03196963820363 -4.22955940071638 -4.76459793645072 -5.00146420810017 -3.20397014405554 -8.71062699299933 2.68073177219049e-05 -1.96131671796719 -2.14322985565008e-06 -0.532387573172775 -0.328566845282489 -19.4001622506059 -5.21108612490269 -0.944626324643798 -4.87348061798806 -3.85647965502775 -31.2140833423824 -16.4237301306456 -3.67741802942098 -23.9252829173851 -6.24523589316035 -52.0166267488076 -6.46458343009266 -26.8599990286199 -3.895183561465 -12.1431987759874 -24.0958556271335 -10.4474108602957 -5.95483960896811 -17.6993309681931 -14.1708054358189 -15.0195717904056 -14.3762820582042 -5.32281605426811 -6.08311218783679 -4.21872912590492 
-5.07957089782533 -26.0302977000022 -9.98473250201035 -7.7558810642635 -13.6015779511135 -13.6517994073828 -10.322761234658 -10.6585078247799 -10.7889876691787 -38.8693810136727 -34.288405431828 -39.6093044478028 -1.08194181278707 -11.5375718422412 -44.1653242933144 -16.3695663596376 -4.01572639324013 -20.5201265687123 -17.1766545090076 -21.9213890312253 -65.1955757362901 -30.8685599367016 -50.6172434229612 -8.37010011008898 -16.7970470067098 -16.2849850959019 -2.91573393336847 -24.4162632775638 -40.3424758714014 -7.75405705973335 -11.9192091064542 -9.80720536854968 -13.3566723972804 -0.00348610378182892 -5.30615706917827 -21.1679121804722 -32.1934853890063 -14.0591387857759 -6.65000705203478 -7.66026245019434 
-8.35418333839321 -3.95149169374052 -3.59060158422877 -14.716390488815 -8.02382501473061 -4.8115028044331 -12.5699220553113 0.00108583915690392 -6.92121067670903 -0.822959103129681 -16.9854094652667 -24.280434182707 -10.7338034366365 -10.9596408805053 -48.4566604689157 -5.75642392116166 -7.25885371473737 -18.2537983479678 -2.26863878244633 0.00984851678426437 -6.24625234546007 -5.70643228212852 -2.78851288763455 -28.4579294028174 -1.11460825895525e-11 -1.38924449177621 -17.3335045531952 -22.6537929248777 -12.95358961689 -13.5343620277395 -11.9709411278094 -16.0669274482236 -15.5015224205438 -75.6233366057716 -4.55239294941485 -9.57230950540599 -64.4986386767221 -70.007810518893 -31.0170064510652 -22.2835175222675 
-21.2377442880254 -71.0569548710488 -81.847858662038 -5.32150317010108 -14.0971776083405 -7.76902662973556 -4.77928200239506 -3.97051110502285 -3.67073189679804 -1.90642768865711 -2.53216454125517 -1.08971570003009 -3.15109248379583 -2.76175858622746 -72.9598550344483 -79.0532668179345 -1.51495001966838 -1.4012214415231 -0.197685410713418 -9.39927979327211e-05 -1.22045284307983 -1.06270285457915 -2.67228058960255 -5.78455767578686 -19.1598567676431 -38.3482285024152 -8.05331371455778 -3.74013615511621 -11.0486506711174 -31.4125335475214 -10.380499528939 -2.76925941499624 -12.095885525463 -17.2516878699523 -16.5156613048998 -1.9063127335273 -3.94030975823694 -2.37570702216061 -2.76164363109765 -10.4754080013682 
-10.7721735062423 -25.2579599935639 -11.6444934913006 -12.9282130019296 -1.61557880770217 -0.573677552469237 2.09623318722543e-05 -0.392906414366635 -1.06259523484778 -3.87817455121345 -9.00980402111647 -19.0265963043266 -24.7500505177933 -16.7512994869361 -16.3798599241401 -23.5253077777248 -6.7761152995849 -19.9538007556607 -3.58931016323672e-09 -6.80439943905734 -9.41339822391991 -2.86177438319069 -14.5778584104564 2.30365950634219e-09 -2.75751992395467 -19.5316906699626 -5.9595385305801 -17.0561515791661 -7.54878236163252 -14.2009407925543 -75.0912515636685 -11.7647859584813 -19.1862694891026 -5.38561150657139 -7.10804619340562 2.42026258569558e-08 -92.9390191272959 -4.53076798014789 -7.31485627765344 -6.1696506318083 
-25.4422409235484 0.00113841678998071 -23.6151444842975 -7.18388018254513 -20.9396926931877 -27.2137231741349 -25.624962490735 -0.146810193967535 -28.2412040187969 -4.72125271539339 -25.251666816341 -15.6190154835137 -89.0742460868155 -26.4916716179478 -31.5966239116003 -4.59270226535231 -12.137359864031 -3.02355291743542 -0.858153301487739 1.24917314635905e-06 -9.60579016819984 -2.8446265803936 -3.64462626668914 -26.624195170216 -20.5530079985195 -4.97213691048582 -16.5384151730086 -8.78797456587406 -8.50446374894667 -4.60681271010127 -15.7440393902574 -18.6669029160405 -17.1138787373401 -30.1156783725639 -10.2197352937968 -31.3924043905905 1.04611082666573e-07 -20.0715520330181 -1.62932768749149e-12 -5.93892845899467 
<G>
-210.337108694851 -628.074102281648 -257.286232126967 -314.109459162366 -416.753543328533 -519.167367698795 -605.567224376276 -385.082812272797 -272.730328410766 -456.445942966413 -697.489091091667 -182.592609969928 -471.758975528913 15.7975359757304 28.8971715315069 -16.4039000723662 -59.1391192937523 -97.6462370996618 -135.338543653891 92.7350447126092 146.57459054602 -155.0679137164 -22.3737824976461 -72.7581153844876 -116.784492161048 -157.363064518459 -66.0810792952288 -353.749913120895 -1.23433967444972 0.859707434525917 -0.904638716918661 -31.5913415877472 -54.0470854575183 -79.70466496569 -83.7900134848466 -31.1935101142522 1.07475506664204 -8.69028525525592 -227.578494686439 2.74157307350969 
122.56764119992 -101.754891683722 -123.70574600761 -155.47580017851 -267.54030964758 -376.214743238814 -481.049863237475 -582.362875210105 -679.928208309239 -774.979864560363 -302.34483833557 -374.490232271703 -442.936450787669 -4548.20623655576 -467.065503683691 -780.427629933916 -229.734360004025 -413.424852308492 -515.2000937014 -438.293404792799 -676.991183358764 -418.287327750966 -603.855201372638 -196.116682343082 -582.697791699208 -765.972101688672 -392.976244128975 -613.047771691071 -1022.61058794516 -242.236875109481 -288.835821500992 -300.165671842108 -403.225116580037 -404.902726984728 -623.541157805632 -1045.89994528669 -590.794177542465 -582.678161503151 -279.615245498524 -239.573965645488 
-244.555871638541 -616.860954398574 -791.615697820259 -434.73793604777 -325.738550878109 -382.375307812886 -261.733520849395 -354.605768552896 -300.732112651948 -443.63009338641 -685.824533150324 -923.621036230329 -169.062959106016 -718.752991768548 -460.051546619125 -643.51620058436 -213.745473205542 -217.512668571564 -280.168477262395 -516.66537408178 -422.16837495276 -453.946949367885 -481.143378318345 -645.617337716624 -877.961194924187 -329.127306436997 -390.62074698025 -186.060724273701 -583.746934391772 -371.928387601621 -283.798526386247 -391.804118194036 -576.455411425415 -563.526992423075 -241.411780804573 -541.305788280123 -444.851451123044 -1302.59451533414 -1102.96152474061 -32.897741528246 
-9.77279692755513 59.9744584594836 -129.997883446715 -174.422347004089 -183.153892395368 -813.583179851406 -1111.0337619216 -569.315475212145 -581.44273561864 -370.632125545957 -591.45028757166 -812.646617224957 -1110.09719929515 -568.378912585696 -435.601616837763 -282.480507767691 -387.812266317051 -610.262353661044 -602.335113136955 -574.635062397687 -562.20302057397 -474.849717639688 -1432.55821826133 -1150.59189699251 -608.413096196885 -239.063703393068 -423.022721250758 -657.457449387529 -542.38868134625 -1427.85101228937 -442.269174871325 -338.059395046935 -614.344896869059 -596.067649082719 -1490.28380360833 -1296.24579188664 -1100.32554291586 -982.251872300332 -1168.04074530815 -790.476275797886 
-21.0932209281022 -392.247010214298 -209.663475942118 -71.4272339667282 -118.803507050836 -163.091883895376 -207.277904802563 -226.655646320553 -414.481268794839 -401.944288899157 -48.2246587730936 -49.4830601043511 -51.34013305099 -35.0849173072663 -138.994933112638 -190.542977646265 -241.00880471787 -111.138650851779 -84.1661451582624 -30.6559327867899 -535.821543036141 -280.411588019756 -180.49141205164 -285.903104857455 -153.898205882947 -443.28066776221 -393.227452570819 -41.5510384595367 -2.10290478448708 -195.180119716634 -581.761229072759 -765.035539062223 -392.039681502526 -241.300312483032 -287.899258874544 -299.229109215659 -402.288553953588 -403.96616435828 -589.857614916017 -581.741598876702 
-278.678682872076 -238.637403019039 -324.80198825166 -381.438745186437 -260.796958222947 -168.126396479568 -717.816429142099 -459.114983992676 -642.629897796646 -12.9030525594442 -199.564953305917 -59.6463078843908 -104.34013276747 -146.088422119801 -191.778820016558 -111.777280576656 -215.09724847117 -393.848808440629 -23.8566913029335 -20.8777695979846 -141.107143371564 -196.568485412591 -248.274268305403 -91.2703337434244 -333.049048208981 -76.7332954470075 -193.876360477901 -271.693046599103 -47.6041106137503 -55.8685225718846 -92.7742864541821 -104.797112332668 -104.177996285483 -146.683129910699 -163.167319141051 -268.199357468668 -366.125471104257 -447.87464322745 -447.272010122255 -441.641814977647 
-243.046372168691 -225.3664260329 -119.500126179382 -132.526570511417 -205.619502522043 -278.460892758753 -337.265136472743 -273.815708502747 -491.816367185689 -520.839815650376 -517.000144535635 -328.132138477758 -218.059906219983 -667.010382988 -1054.676586661 -651.41968136338 -1096.63444982174 -630.696878455833 -318.917197331281 -97.7185180927738 20.6907543152294 28.002754166085 -380.647490510927 -785.779135444758 -1185.856438206 -351.576681679284 -165.448074048705 -229.404064914024 -168.66799305246 -32.4753486222943 -19.4759638373066 -64.5139416077328 -83.062556894541 -127.087396770448 -177.882033288924 -754.398429761973 -761.480171193334 -733.607278591754 -370.325630821458 -363.635328840832 
-353.746322145627 -750.427762470026 -745.729792781803 -7.66887409022962 -6.19541906072397 -106.648183363083 -104.160695602801 -157.334839460979 -221.174649306927 -92.8716672418452 -15.4699332473921 -204.22206722651 -44.6415954591134 -41.6769153697267 -22.2709435597788 -231.229761413491 -187.916879809779 -572.65592181002 -385.006700473952 -293.740843839597 -395.679781647172 -585.570176762277 -317.538748344805 -379.931969895906 -433.345106205109 -252.520581453874 -707.767252648207 -450.37490976093 -635.284984504855 -91.4434844762028 -24.9414043174201 3.93004686313709 -407.617714159015 -815.937482617037 212.533608598413 240.306545891502 -397.54400606082 -586.648638494563 -215.606104325916 -69.5602685904832 
-46.5497595109813 -92.2707848841499 -135.075255274423 -176.037657391216 -262.432417234283 -124.315817183442 -106.356874048212 -212.34204922876 -1188.17041076998 -420.171519998854 -405.516162735651 -285.368554192051 -259.397047743968 -349.339369141232 -176.224629901671 -332.665646651679 -149.333259068953 -154.418595176929 -223.373360191241 -205.093617323002 -284.33862313473 -155.737851873997 -314.275379727674 -88.8537201070344 -75.9200376291672 -281.341945675336 -392.362232559937 -16.3252969803257 51.8435390544273 26.9312201279376 -517.117670123662 -536.272212423291 -284.450260486861 -259.218758805277 -146.984765525216 -446.878983117359 8.68993433476314 -254.691343295367 -260.345637235887 -239.318954027356 
-474.609501062734 41.5068165285835 -197.631497002632 -419.568972097189 -426.682464101724 -408.441138349429 -260.086302032295 -258.437146220327 -567.051581890107 -561.898297846123 -99.8278474254009 -196.639845063323 224.793344648852 230.319549010506 0.378589922297394 -297.933864686536 -291.908120081252 -1938.57794825011 -1965.28794142722 -1908.6443454586 -242.182598809608 -238.751657496261 -384.996602179138 -390.663936031008 -672.197453372481 -368.268917764177 74.3438729227653 75.297463960604 -7.63010703626603 7.06396696812853 -185.293830634587 -255.327088370279 8.55528653972282 17.4202395897149 -144.825951813221 -138.747126969523 -151.620081051 14.6910228946836 16.1857392895889 60.7747662525286 
-143.498211577881 -0.286531742570973 -59.5118652919623 -107.24074121601 -153.553228799195 -153.468404903764 -336.608862752529 -20.168084092269 55.0851824194121 -16.5183777463233 -93.050750365881 -137.227043657839 -13.5918967822343 -214.759862491527 -76.8202964593141 -323.714386673355 15.5219833155857 -5.66179678268166 -454.700695239279 -199.035290727545 -221.708128701048 -606.447170701286 -418.797949365218 -327.663806552243 -429.443886395311 -619.361425653542 -351.859591922038 -414.252813473162 -467.665949782331 -289.919846576365 -741.558501539472 -484.166158652195 -669.107646942329 -15.5929589070831 15.5315169743235 -10.6863948857991 2.19302696521916 -94.1138209903251 -275.793572572759 110.909546935456 
136.53894636343 -295.764284559504 -484.108831423674 -469.556396402863 -146.628459815534 -442.275458885393 -350.221252893841 -95.9713007950809 -192.33786331808 -486.365987946799 -472.460559482401 -149.668692790722 -444.53886834243 -351.40644619914 -148.619698143551 -546.519745815083 -334.758082290438 -556.939118657114 -249.018514193663 -353.222116607561 -575.221590519287 -567.064091575772 -540.188703762281 -528.026778222842 -208.322909579478 -389.340483288665 -625.571227648004 -504.32527898897 -408.438679518173 -303.985717634091 -580.248193889553 -560.377763624834 -1221.61060646965 -1066.90205188018 -72.3463553200788 -24.2506290251949 -262.382326700413 -119.393253870445 -73.0738305867851 -171.863520009079 
-135.20926852517 -243.080311144817 -346.419378357205 -277.559128881392 -193.041568631801 -192.095410794019 -250.661544302408 -306.067667178287 -133.780325495763 -110.64787389246 -218.714970020473 -331.935266430049 -228.241969496599 -281.483054533336 7.96533505937377 -7.2186138686909 -25.2150417921569 -9.12497776785234 -36.3803555455313 -86.3651667603132 -481.001615180966 -268.260507220456 -182.034880545925 -288.327501436223 -477.137101947037 -462.46725402354 -138.664006789302 -434.819888332073 -341.658098362186 -1876.40815388422 -404.389092133142 -482.798082735925 -555.009150388451 -617.884824877632 -9.02733877806001 156.618754478116 217.144452842943 -379.72061122531 -197.137076953106 -421.836800077389 
-823.087285139921 -54.7791179327736 -108.376890505716 -259.040323605459 -212.977954775311 -437.333144421489 -431.063765114152 -700.085928612736 -388.335674742136 -28.491167721425 -18.6441238105996 -42.7803009637614 -57.6995852615856 -71.4675770031834 -84.3145332316364 -95.3194239394088 -26.4794661490249 -50.575520761984 -137.625954639628 -195.992591912085 -82.7429258288668 -325.510359247292 -72.6361101979649 -253.501338317143 -491.176219330261 -685.621035609813 46.1921983626453 75.9820286288334 17.5934002190368 -268.156821871763 34.6551806215576 11.3360881758159 -165.475573436623 -452.030605080534 -167.034539552273 -155.487914585609 -553.615648908395 -736.889958897859 -958.813994967677 -1134.72003553361 
-363.894101338162 -213.154732318668 -204.509364595996 -256.465771312102 -270.323346925947 -271.673332740012 -371.309570104752 -382.558536466753 -178.551285043541 -200.259715818729 -304.285017667618 -265.310950861213 -1993.02115517286 -656.727489320532 -676.198660518097 -843.816671643638 -851.430307020227 -466.453320809444 -494.144720931887 -955.49599345905 -731.15453021066 -600.280222420994 -548.801254816768 -710.002517261026 -311.799557224957 -402.968655045777 -371.293783256905 -473.730634799659 -499.579966189771 -297.577443600441 -320.6847234407 -354.214200535204 -395.627032696239 -465.158267086582 -233.572413571727 -238.94978840165 -718.109193391473 -650.044385553629 -1031.75641272225 -696.521772748712 
-661.968669569275 -651.872430021254 -682.672021053304 -307.259817140794 -269.897559958985 -684.592131159734 -1175.52292229855 -364.531308347232 -401.610317690513 -421.786578442304 -463.082501893286 -518.107454020884 -335.763219388322 -782.687176453599 -545.788681714268 -274.422140643253 -784.492187016243 -527.275425003417 -562.023345755622 -738.538460359232 -710.386544315461 -416.653850508354 -665.15556831258 -912.505993560586 -104.268921218081 -75.5823475822652 -131.908811579135 -691.137617938996 -682.279742165778 -427.995889088562 -426.495624117643 -614.434057793547 -609.65871905054 7.22190109792999 -228.507048592939 -650.553153682414 -340.406380279265 -181.17254850724 -271.662366347915 -384.164467859815 
-497.449447577904 -608.201584222838 -349.938364412819 -429.831231350426 -266.36136115762 -353.765714991479 -433.355186980923 -507.526630675761 -568.077783035809 -794.413996609556 -1051.43792584215 -533.890138116168 19.5681722402462 -4.58468699502568 -409.483054597785 -1210.68740810998 -384.78763569979 -197.875241673095 -243.488865606933 -261.277705020612 -54.2532335760253 -101.623284648582 -146.816100387454 -191.096299859168 -213.140473217187 -764.1223935187 -400.045061095945 -386.540995930182 -27.2721347287878 -135.62404320426 -195.570409300713 -79.8849620053511 -304.585150791525 -317.14610132504 -619.646310821002 -73.1210503964651 -12.5355894585151 -519.719446656716 -264.788527128316 25.140826822768 
65.4061706936731 9.25090065155613 -43.7779534011657 -94.0099755861963 -140.933625542269 0.338052446740144 -28.1664854827295 -55.0592149346014 32.0662054962068 -88.3928415221334 -142.957274057942 -12.1841111314876 18.9583070248222 46.2810509520851 98.1836488687316 97.3322282992328 -7.92121556132354 -58.9689402137402 -106.585812534746 -147.161702438041 -185.101003014907 8.87030528077708 -33.1383935421164 53.1815892161266 -60.2553301218959 -136.694319390828 -208.528138434849 -315.51559483729 19.6375368157201 -171.187726501965 -429.495513902613 -687.924019906972 -209.281347188673 -167.152612472996 -189.71655392216 -151.010974832745 -576.297663278285 -759.57197326775 -949.962143868206 -1125.29254090879 
-386.576115708052 -589.851722543934 -606.993031587594 -238.047228444687 -200.723200560386 -293.005361295834 -267.397552819834 -393.991584474642 -378.772672708011 -616.219994789172 -583.795377047365 -551.217649107555 -195.897905046209 -286.370668392232 -254.299017869288 -1953.46904535728 -643.328506925114 -657.846819740993 -828.637149369238 -833.404229124634 -454.612457323856 -476.391552687775 -300.396184782267 -342.786189581604 -360.258824010126 -461.912795733716 -320.029199092043 -312.638776752058 -376.66595602682 -390.459317226108 -458.378742221276 -256.02416906333 -233.206426882816 -1043.65400826804 -650.818581342138 -643.255186243678 -663.844835910632 -388.295799586125 -445.623331320569 -346.161967188016 
-325.58934994141 -625.800332439319 -773.857501256411 -516.456055551913 -542.634744519341 -720.624111083847 -697.532542132436 -441.812109853128 -414.018978111377 -667.816641398965 -684.006548699415 -914.706549635926 -915.148581575207 -162.662830685094 -683.387411013274 -710.32082525909 -453.140043719603 -420.238604427272 -637.116072163438 -606.862666539882 -188.224013663829 -373.627520996493 -285.518042024232 -394.055109715886 -242.769195616548 -446.924681672111 15.6630627711029 50.8130841047749 34.063617719542 -172.971785202811 -161.070491105413 -249.346285058316 17.0027423660148 51.7517818179234 27.6513773495377 -119.497515576212 -146.283798544497 43.6803872163535 37.151720492573 36.6807127373503 
-758.867760486196 -445.520723637414 -1381.81290349272 -424.480446028318 -395.031261888464 -218.486712840124 -603.225754840383 -415.576533504315 -324.055508392178 -426.008894962825 -616.140009792605 -347.832273657546 -410.225491538231 -463.63863151784 -571.993381367171 -996.41283158988 -285.496729099667 -738.337085678569 -480.944742791292 -665.886231081426 -4.95198981441654 28.7715869403424 -45.2491106028309 -84.127074977219 -120.591144705422 -53.9075631125054 -24.1412317816275 -101.201548260451 -76.06393897865 -146.708964666096 -175.534441108469 -191.896526794341 -224.233529056293 -267.268259242457 -112.500580013172 -216.342007410091 -317.81177368275 -601.553151021248 -797.024030572462 -780.838049168342 
-1152.89324193641 -401.793914891037 -399.342258907361 -790.427721202863 -88.9463618935361 -48.273162224819 -151.659040324311 -212.39439905289 -317.371712787625 -379.764932503553 -438.773353315394 -338.776369328667 -79.0193161238893 -126.958551425051 -391.051694878317 21.6412163542778 -266.212675617209 -187.427594863119 -585.230443646699 -373.977779950823 -285.690783415051 -393.731742952035 -578.02951463825 -565.68954553525 -243.214068433045 -544.791037613443 -446.609910842872 -1305.21312340342 -1105.01917196489 28.2649917014907 -331.631882093913 -394.715876609502 -182.630775266728 -223.408970556173 -216.775958410272 -459.601662206287 -251.433328961523 -190.948559486225 -247.999781667838 -227.719787242207 
-1191.29432648918 -277.201754091564 -343.578604968023 -454.421906945553 -561.694276114609 -668.459985576644 -867.784456669176 -1031.35675458225 -630.344175609817 -626.75214316475 -1029.5607379009 -247.415819933878 -255.916823309905 -239.075996671532 -313.809512039766 -271.110037270213 -383.218759375303 -516.4366130176 -613.924453528929 -690.384886486169 -1848.02541269301 -1548.78608784185 -2452.40258649037 -2564.30166746028 -306.935638565222 -775.644603650593 -582.699435454756 -653.815558378446 -711.806947262257 -1076.60329910306 -1758.90605055897 -175.454408582759 -202.27787362974 -759.294345462099 -1012.55642858806 -496.603854210748 -115.182345847666 -192.627560849276 -392.693304833947 -193.578532599826 
-344.377273085786 -399.148934574618 -269.112601710345 -168.282848981233 -963.135421728483 -1137.27839055432 -602.518426467527 -216.617194188351 -285.081398833082 -397.113806429668 -505.097904943388 -610.243399836007 -709.433624216375 -809.659994748521 -572.953563073146 -190.770573161049 -254.372573778788 -212.064538460004 -322.801251719947 -318.621446515301 -2154.93116764627 -714.907406776441 -901.763811307754 -874.673481667606 -520.26214728293 -624.180890138567 -723.831613475028 -821.156727279337 -1064.30444066993 -1484.79246381517 -736.496595796124 -365.083057842038 -408.166121478118 -425.928878194818 -529.789124517604 -630.02554628345 -727.59093916266 -328.298841275947 -402.895762730206 -474.038806056946 
-252.182023076192 -848.013538443187 -586.069081647345 -578.443442949118 -742.592044309148 -1109.45604084573 -715.880811781941 -715.051881058895 -707.577614889698 -1111.78165163955 -616.836011674441 -468.91456057462 -330.534740866202 -325.050123657156 -359.893885710249 -2104.61572944304 -795.712834211148 -717.23789934274 -1271.51068588793 -1346.65243833375 -1465.12233030559 -1811.47693846247 -455.035940948535 -518.580453220693 -572.79949560389 -391.448646231081 -1390.44235055763 -810.49372857619 -1047.96786775843 -569.158213676459 -688.395823168585 -2093.3965656629 -261.941626287887 -233.692573355622 -292.00027791564 -837.084940773817 -1085.66371026625 -580.462494285343 -630.449102545337 -476.92485196903 
-765.9998934042 -677.079131068098 -921.115639105462 -1160.54697691795 -426.13486769335 -116.866845165116 -143.055807803008 -701.263031146812 -437.299277743706 -44.0594393697617 -416.479649733756 -282.777994787477 -233.43559954018 -90.5480457335052 -136.783367766996 -181.86739724426 -221.72455851166 -249.437658164265 -826.690881717298 -804.978697327947 -1177.95492377396 -435.14490212406 -423.943421611923 -814.568367527249 -789.550119083209 -58.5179122067856 -62.3562979003046 -173.87967771005 -234.915306813243 -290.566285972432 -156.140442650406 -109.231954282944 -541.591848204513 -47.3284256662639 -558.781599246334 -303.097666310081 -166.776729518154 -979.313150350043 -216.005412151955 -262.908483877234 
-285.205937810527 -399.787754061996 -509.517547344287 -616.772811534382 -723.746268403178 -827.288360910015 -253.649333217242 -210.834729237949 -333.424166909212 -490.515876450627 -593.174477227769 -837.941705176458 -1276.19083762057 -1941.05482074439 -2032.52029038695 -1351.73299094278 -249.709008820266 -704.307342414189 -959.792154548835 -438.670498740809 8.0167627720204 -49.1394258984458 4.01653388216503 -82.1954520500707 -20.7591114982859 -138.377123211206 -2.49497257272469 -81.4403295433055 -15.3007670733508 1.02327633121572 7.53305087490145 -3.63657488202317 -3.63657488040036 -3.89082048099019 -412.355452487391 -407.289764505896 -1185.45446886833 -0.838342423520764 -34.9839028644086 44.3656131644754 
-154.167221938259 -39.0036797274194 -24.8185513405724 -5.38595051236594 -7.65522833263211 -318.481934149566 -15.2871589687657 -213.889442891782 -18.9127618891657 34.4982000463553 -105.872831978262 -116.715561550742 -539.955620861666 -394.762842509345 -394.861124938784 -394.440222118135 -315.01315410311 -313.678794976379 -312.763908809814 -1293.97954974865 -1012.48941566302 -407.805884341995 -410.799246089325 -478.240276897785 -524.403687233914 -318.564156291243 -0.28311531593577 0.245511147524381 -403.503332737281 -407.160025485831 -331.800753182465 -388.870153670905 -578.941323345959 -1325.85256738121 -465.422887933045 -328.891083423771 -356.7132301499 -1947.41330041381 -2134.79222345187 0.217640524935151 
-2910.80948470033 -5199.81483153493 -1833.52581499546 -2444.91156663428 -2104.39128847789 -3196.68911939989 -3203.44541256425 -1738.64075890536 -2049.8440377631 -1901.23520962791 -3402.15174062076 -1113.25968369958 -656.690159102038 -1079.95956671594 -386.048289938942 -386.353352299954 -385.313580067714 -1725.99733308476 -442.91927681979 -401.962616582411 -1583.29648109174 -1221.98522353458 -576.995167811327 -2100.38772989489 -739.819812616592 -1830.52329236315 -1602.30730361184 -1818.25323427554 -1835.04236206524 -1921.37125012512 -1973.38793586565 -739.692409631038 -1803.47459517786 -491.848954019673 -644.809960304673 -845.976642823503 -307.366855967881 -520.640292337752 -601.613180879367 -683.272636432834 
-1331.16538730595 -2131.27649648639 -2208.79269886737 -2163.92609285677 -452.495509349851 -492.372076742957 -616.148681764715 -407.616472138656 -1938.09732674261 -529.352301694037 -652.295387964762 -2191.69715288178 -3509.26174667391 -2128.46277111788 -2121.37532565099 -502.70548154308 -231.317812739995 -2016.69459467902 -163.852429778257 -849.140479365784 -54.5287721769629 -1865.6882602036 -2297.098194365 -0.609697691870713 -221.739265790274 -93.5187881919539 -594.872680304322 -214.607523237311 -404.980153169753 -74.029376916074 -154.483590669754 -158.776491324706 -156.794329889139 -820.30930996221 -30.2598584281274 -35.3919785338422 -50.5165684394647 -268.29557918606 -358.16583317324 -768.41704958186 
-850.32146893732 0.210700185583682 -119.94463959325 -162.496443647688 -360.947042272944 -185.962843491238 -172.454530515137 -195.421761631975 -295.77989138514 -609.574257650922 -452.863165988966 -441.938010985199 -114.214766791473 -46.7966756396354 -887.220980626968 -902.156753410171 -826.643419410938 -1031.19316874333 -0.6576967897646 -313.132084998151 -494.617087993767 -44.3206728961655 -48.9177149135321 -46.4093609530588 -120.441271368385 -43.319621980431 -23.7383485432724 -1817.36655254526 -2086.50145508506 -999.773945308172 -521.371809268845 -397.994273331116 -396.396461434913 -473.494350197961 -649.583087170791 -0.548229944140546 -1181.56262441228 -234.140117205748 -310.465340222775 -459.494640573243 
-1079.78928794951 -347.886435130109 -728.728057197776 -1288.70866450865 -33.9990335623972 -34.3398729140437 -106.065547620114 -24.6663590982137 -26.9573598649879 -92.4361504000366 -897.497455340085 -253.750210576586 -239.345005960992 -165.119149334882 -243.750268995375 -1214.81040794299 -167.966196914642 -164.767343250735 -397.646619495071 -1515.02754532868 -572.141466958404 -31.8547555071664 -35.4546651728985 -54.6081125542192 -55.9100057451629 -719.305998311092 -39.5342793740224 -1871.12896354754 -4351.38789803707 -198.412210844929 -350.526513719375 -75.35514790193 -21.2469448856715 -480.833302259848 -643.373759555279 -24.8603853481365 -1067.3564430907 -552.630214169363 -438.463018681458 -507.285599089226 
-628.402981190853 -1836.59296854248 -1891.89453279586 -1854.58729186199 -1853.30477664807 -1586.3638221342 -799.78868134021 -1121.69047600227 -1882.46973226445 -1821.75309691755 -1841.21412268797 -1924.43840367213 -1979.48339579455 -1806.54534190256 -1642.22721235033 -1820.44334096946 -995.168343998536 -1259.1741666499 -615.149782087871 -935.954823593523 -821.914345176408 -3526.18082466241 -1067.92593339724 -943.925714126717 -1015.11964073806 -864.933535136503 -1152.20384244492 -1828.95564389406 -351.592427770876 -569.468187189941 -1578.72649748578 -785.79136411081 -1113.92747748468 -2388.6200479805 -705.800867301743 -1113.86929539051 -1813.62193149819 -1826.87026994597 -1916.80107902371 -1962.0702835324 
-1798.90800036376 -284.775182780653 -564.287262953626 -1212.07953512702 -3007.40772136341 -1546.13804087469 -1875.81275327964 -781.591305367218 -2157.42347369749 -2257.19323404589 -280.465308872169 -439.852550807214 -302.544977097334 -124.710652939802 -159.353236046015 -213.504992293775 -196.863069650232 -381.767489982462 -1914.69397317514 -2348.07502103936 -182.477852793291 -228.780555513897 -984.52310611963 -869.965603745877 -1000.13811791698 -610.22754616117 -2100.46457539584 -1836.74033421128 -4655.34684707732 -2435.21841900544 -2006.53439315214 -2595.85447283619 -4521.91144031977 -325.507162077814 -481.913701489278 -380.87540726995 -503.318700622078 -1174.31825597879 -969.712126663138 -324.783436145421 
-470.878744077685 -406.747751620199 -410.802091297346 -361.069728762181 -1905.33188168797 -1175.59777946587 -1965.28748252808 -594.431181526884 -0.63750049413005 -0.829302190881148 -290.500294122197 -292.476268002138 -686.798600399823 -376.555251768636 -374.713184412745 -2330.79015261375 -828.683781621098 -333.236409294854 -2494.159559923 -535.235158858415 -920.078271556229 -560.107183547681 -1050.66964412243 -597.352300692154 -822.636693414133 -2099.78009670947 -1245.96425801804 -1183.87712375418 -637.161443015733 -1095.88332300038 -356.300614984977 -507.035447420001 
<G0>
-210.337108694851 -628.074102281648 -257.286232126967 -314.109459162366 -416.753543328533 -519.167367698795 -605.567224376276 -385.082812272797 -272.730328410766 -456.445942966413 -697.489091091667 -182.592609969928 -471.758975528913 15.7975359757304 28.8971715315069 -16.4039000723662 -59.1391192937523 -97.6462370996618 -135.338543653891 92.7350447126092 146.57459054602 -155.0679137164 -22.3737824976461 -72.7581153844876 -116.784492161048 -157.363064518459 -66.0810792952288 -353.749913120895 -1.23433967444972 0.859707434525917 -0.904638716918661 -31.5913415877472 -54.0470854575183 -79.70466496569 -83.7900134848466 -31.1935101142522 1.07475506664204 -8.69028525525592 -227.578494686439 2.74157307350969 
122.56764119992 -101.754891683722 -123.70574600761 -155.47580017851 -267.54030964758 -376.214743238814 -481.049863237475 -582.362875210105 -679.928208309239 -774.979864560363 -302.34483833557 -374.490232271703 -442.936450787669 -4548.20623655576 -467.065503683691 -780.427629933916 -229.734360004025 -413.424852308492 -515.2000937014 -438.293404792799 -676.991183358764 -418.287327750966 -603.855201372638 -196.116682343082 -582.697791699208 -765.972101688672 -392.976244128975 -613.047771691071 -1022.61058794516 -242.236875109481 -288.835821500992 -300.165671842108 -403.225116580037 -404.902726984728 -623.541157805632 -1045.89994528669 -590.794177542465 -582.678161503151 -279.615245498524 -239.573965645488 
-244.555871638541 -616.860954398574 -791.615697820259 -434.73793604777 -325.738550878109 -382.375307812886 -261.733520849395 -354.605768552896 -300.732112651948 -443.63009338641 -685.824533150324 -923.621036230329 -169.062959106016 -718.752991768548 -460.051546619125 -643.51620058436 -213.745473205542 -217.512668571564 -280.168477262395 -516.66537408178 -422.16837495276 -453.946949367885 -481.143378318345 -645.617337716624 -877.961194924187 -329.127306436997 -390.62074698025 -186.060724273701 -583.746934391772 -371.928387601621 -283.798526386247 -391.804118194036 -576.455411425415 -563.526992423075 -241.411780804573 -541.305788280123 -444.851451123044 -1302.59451533414 -1102.96152474061 -32.897741528246 
-9.77279692755513 59.9744584594836 -129.997883446715 -174.422347004089 -183.153892395368 -813.583179851406 -1111.0337619216 -569.315475212145 -581.44273561864 -370.632125545957 -591.45028757166 -812.646617224957 -1110.09719929515 -568.378912585696 -435.601616837763 -282.480507767691 -387.812266317051 -610.262353661044 -602.335113136955 -574.635062397687 -562.20302057397 -474.849717639688 -1432.55821826133 -1150.59189699251 -608.413096196885 -239.063703393068 -423.022721250758 -657.457449387529 -542.38868134625 -1427.85101228937 -442.269174871325 -338.059395046935 -614.344896869059 -596.067649082719 -1490.28380360833 -1296.24579188664 -1100.32554291586 -982.251872300332 -1168.04074530815 -790.476275797886 
-21.0932209281022 -392.247010214298 -209.663475942118 -71.4272339667282 -118.803507050836 -163.091883895376 -207.277904802563 -226.655646320553 -414.481268794839 -401.944288899157 -48.2246587730936 -49.4830601043511 -51.34013305099 -35.0849173072663 -138.994933112638 -190.542977646265 -241.00880471787 -111.138650851779 -84.1661451582624 -30.6559327867899 -535.821543036141 -280.411588019756 -180.49141205164 -285.903104857455 -153.898205882947 -443.28066776221 -393.227452570819 -41.5510384595367 -2.10290478448708 -195.180119716634 -581.761229072759 -765.035539062223 -392.039681502526 -241.300312483032 -287.899258874544 -299.229109215659 -402.288553953588 -403.96616435828 -589.857614916017 -581.741598876702 
-278.678682872076 -238.637403019039 -324.80198825166 -381.438745186437 -260.796958222947 -168.126396479568 -717.816429142099 -459.114983992676 -642.629897796646 -12.9030525594442 -199.564953305917 -59.6463078843908 -104.34013276747 -146.088422119801 -191.778820016558 -111.777280576656 -215.09724847117 -393.848808440629 -23.8566913029335 -20.8777695979846 -141.107143371564 -196.568485412591 -248.274268305403 -91.2703337434244 -333.049048208981 -76.7332954470075 -193.876360477901 -271.693046599103 -47.6041106137503 -55.8685225718846 -92.7742864541821 -104.797112332668 -104.177996285483 -146.683129910699 -163.167319141051 -268.199357468668 -366.125471104257 -447.87464322745 -447.272010122255 -441.641814977647 
-243.046372168691 -225.3664260329 -119.500126179382 -132.526570511417 -205.619502522043 -278.460892758753 -337.265136472743 -273.815708502747 -491.816367185689 -520.839815650376 -517.000144535635 -328.132138477758 -218.059906219983 -667.010382988 -1054.676586661 -651.41968136338 -1096.63444982174 -630.696878455833 -318.917197331281 -97.7185180927738 20.6907543152294 28.002754166085 -380.647490510927 -785.779135444758 -1185.856438206 -351.576681679284 -165.448074048705 -229.404064914024 -168.66799305246 -32.4753486222943 -19.4759638373066 -64.5139416077328 -83.062556894541 -127.087396770448 -177.882033288924 -754.398429761973 -761.480171193334 -733.607278591754 -370.325630821458 -363.635328840832 
-353.746322145627 -750.427762470026 -745.729792781803 -7.66887409022962 -6.19541906072397 -106.648183363083 -104.160695602801 -157.334839460979 -221.174649306927 -92.8716672418452 -15.4699332473921 -204.22206722651 -44.6415954591134 -41.6769153697267 -22.2709435597788 -231.229761413491 -187.916879809779 -572.65592181002 -385.006700473952 -293.740843839597 -395.679781647172 -585.570176762277 -317.538748344805 -379.931969895906 -433.345106205109 -252.520581453874 -707.767252648207 -450.37490976093 -635.284984504855 -91.4434844762028 -24.9414043174201 3.93004686313709 -407.617714159015 -815.937482617037 212.533608598413 240.306545891502 -397.54400606082 -586.648638494563 -215.606104325916 -69.5602685904832 
-46.5497595109813 -92.2707848841499 -135.075255274423 -176.037657391216 -262.432417234283 -124.315817183442 -106.356874048212 -212.34204922876 -1188.17041076998 -420.171519998854 -405.516162735651 -285.368554192051 -259.397047743968 -349.339369141232 -176.224629901671 -332.665646651679 -149.333259068953 -154.418595176929 -223.373360191241 -205.093617323002 -284.33862313473 -155.737851873997 -314.275379727674 -88.8537201070344 -75.9200376291672 -281.341945675336 -392.362232559937 -16.3252969803257 51.8435390544273 26.9312201279376 -517.117670123662 -536.272212423291 -284.450260486861 -259.218758805277 -146.984765525216 -446.878983117359 8.68993433476314 -254.691343295367 -260.345637235887 -239.318954027356 
-474.609501062734 41.5068165285835 -197.631497002632 -419.568972097189 -426.682464101724 -408.441138349429 -260.086302032295 -258.437146220327 -567.051581890107 -561.898297846123 -99.8278474254009 -196.639845063323 224.793344648852 230.319549010506 0.378589922297394 -297.933864686536 -291.908120081252 -1938.57794825011 -1965.28794142722 -1908.6443454586 -242.182598809608 -238.751657496261 -384.996602179138 -390.663936031008 -672.197453372481 -368.268917764177 74.3438729227653 75.297463960604 -7.63010703626603 7.06396696812853 -185.293830634587 -255.327088370279 8.55528653972282 17.4202395897149 -144.825951813221 -138.747126969523 -151.620081051 14.6910228946836 16.1857392895889 60.7747662525286 
-143.498211577881 -0.286531742570973 -59.5118652919623 -107.24074121601 -153.553228799195 -153.468404903764 -336.608862752529 -20.168084092269 55.0851824194121 -16.5183777463233 -93.050750365881 -137.227043657839 -13.5918967822343 -214.759862491527 -76.8202964593141 -323.714386673355 15.5219833155857 -5.66179678268166 -454.700695239279 -199.035290727545 -221.708128701048 -606.447170701286 -418.797949365218 -327.663806552243 -429.443886395311 -619.361425653542 -351.859591922038 -414.252813473162 -467.665949782331 -289.919846576365 -741.558501539472 -484.166158652195 -669.107646942329 -15.5929589070831 15.5315169743235 -10.6863948857991 2.19302696521916 -94.1138209903251 -275.793572572759 110.909546935456 
136.53894636343 -295.764284559504 -484.108831423674 -469.556396402863 -146.628459815534 -442.275458885393 -350.221252893841 -95.9713007950809 -192.33786331808 -486.365987946799 -472.460559482401 -149.668692790722 -444.53886834243 -351.40644619914 -148.619698143551 -546.519745815083 -334.758082290438 -556.939118657114 -249.018514193663 -353.222116607561 -575.221590519287 -567.064091575772 -540.188703762281 -528.026778222842 -208.322909579478 -389.340483288665 -625.571227648004 -504.32527898897 -408.438679518173 -303.985717634091 -580.248193889553 -560.377763624834 -1221.61060646965 -1066.90205188018 -72.3463553200788 -24.2506290251949 -262.382326700413 -119.393253870445 -73.0738305867851 -171.863520009079 
-135.20926852517 -243.080311144817 -346.419378357205 -277.559128881392 -193.041568631801 -192.095410794019 -250.661544302408 -306.067667178287 -133.780325495763 -110.64787389246 -218.714970020473 -331.935266430049 -228.241969496599 -281.483054533336 7.96533505937377 -7.2186138686909 -25.2150417921569 -9.12497776785234 -36.3803555455313 -86.3651667603132 -481.001615180966 -268.260507220456 -182.034880545925 -288.327501436223 -477.137101947037 -462.46725402354 -138.664006789302 -434.819888332073 -341.658098362186 -1876.40815388422 -404.389092133142 -482.798082735925 -555.009150388451 -617.884824877632 -9.02733877806001 156.618754478116 217.144452842943 -379.72061122531 -197.137076953106 -421.836800077389 
-823.087285139921 -54.7791179327736 -108.376890505716 -259.040323605459 -212.977954775311 -437.333144421489 -431.063765114152 -700.085928612736 -388.335674742136 -28.491167721425 -18.6441238105996 -42.7803009637614 -57.6995852615856 -71.4675770031834 -84.3145332316364 -95.3194239394088 -26.4794661490249 -50.575520761984 -137.625954639628 -195.992591912085 -82.7429258288668 -325.510359247292 -72.6361101979649 -253.501338317143 -491.176219330261 -685.621035609813 46.1921983626453 75.9820286288334 17.5934002190368 -268.156821871763 34.6551806215576 11.3360881758159 -165.475573436623 -452.030605080534 -167.034539552273 -155.487914585609 -553.615648908395 -736.889958897859 -958.813994967677 -1134.72003553361 
-363.894101338162 -213.154732318668 -204.509364595996 -256.465771312102 -270.323346925947 -271.673332740012 -371.309570104752 -382.558536466753 -178.551285043541 -200.259715818729 -304.285017667618 -265.310950861213 -1993.02115517286 -656.727489320532 -676.198660518097 -843.816671643638 -851.430307020227 -466.453320809444 -494.144720931887 -955.49599345905 -731.15453021066 -600.280222420994 -548.801254816768 -710.002517261026 -311.799557224957 -402.968655045777 -371.293783256905 -473.730634799659 -499.579966189771 -297.577443600441 -320.6847234407 -354.214200535204 -395.627032696239 -465.158267086582 -233.572413571727 -238.94978840165 -718.109193391473 -650.044385553629 -1031.75641272225 -696.521772748712 
-661.968669569275 -651.872430021254 -682.672021053304 -307.259817140794 -269.897559958985 -684.592131159734 -1175.52292229855 -364.531308347232 -401.610317690513 -421.786578442304 -463.082501893286 -518.107454020884 -335.763219388322 -782.687176453599 -545.788681714268 -274.422140643253 -784.492187016243 -527.275425003417 -562.023345755622 -738.538460359232 -710.386544315461 -416.653850508354 -665.15556831258 -912.505993560586 -104.268921218081 -75.5823475822652 -131.908811579135 -691.137617938996 -682.279742165778 -427.995889088562 -426.495624117643 -614.434057793547 -609.65871905054 7.22190109792999 -228.507048592939 -650.553153682414 -340.406380279265 -181.17254850724 -271.662366347915 -384.164467859815 
-497.449447577904 -608.201584222838 -349.938364412819 -429.831231350426 -266.36136115762 -353.765714991479 -433.355186980923 -507.526630675761 -568.077783035809 -794.413996609556 -1051.43792584215 -533.890138116168 19.5681722402462 -4.58468699502568 -409.483054597785 -1210.68740810998 -384.78763569979 -197.875241673095 -243.488865606933 -261.277705020612 -54.2532335760253 -101.623284648582 -146.816100387454 -191.096299859168 -213.140473217187 -764.1223935187 -400.045061095945 -386.540995930182 -27.2721347287878 -135.62404320426 -195.570409300713 -79.8849620053511 -304.585150791525 -317.14610132504 -619.646310821002 -73.1210503964651 -12.5355894585151 -519.719446656716 -264.788527128316 25.140826822768 
65.4061706936731 9.25090065155613 -43.7779534011657 -94.0099755861963 -140.933625542269 0.338052446740144 -28.1664854827295 -55.0592149346014 32.0662054962068 -88.3928415221334 -142.957274057942 -12.1841111314876 18.9583070248222 46.2810509520851 98.1836488687316 97.3322282992328 -7.92121556132354 -58.9689402137402 -106.585812534746 -147.161702438041 -185.101003014907 8.87030528077708 -33.1383935421164 53.1815892161266 -60.2553301218959 -136.694319390828 -208.528138434849 -315.51559483729 19.6375368157201 -171.187726501965 -429.495513902613 -687.924019906972 -209.281347188673 -167.152612472996 -189.71655392216 -151.010974832745 -576.297663278285 -759.57197326775 -949.962143868206 -1125.29254090879 
-386.576115708052 -589.851722543934 -606.993031587594 -238.047228444687 -200.723200560386 -293.005361295834 -267.397552819834 -393.991584474642 -378.772672708011 -616.219994789172 -583.795377047365 -551.217649107555 -195.897905046209 -286.370668392232 -254.299017869288 -1953.46904535728 -643.328506925114 -657.846819740993 -828.637149369238 -833.404229124634 -454.612457323856 -476.391552687775 -300.396184782267 -342.786189581604 -360.258824010126 -461.912795733716 -320.029199092043 -312.638776752058 -376.66595602682 -390.459317226108 -458.378742221276 -256.02416906333 -233.206426882816 -1043.65400826804 -650.818581342138 -643.255186243678 -663.844835910632 -388.295799586125 -445.623331320569 -346.161967188016 
-325.58934994141 -625.800332439319 -773.857501256411 -516.456055551913 -542.634744519341 -720.624111083847 -697.532542132436 -441.812109853128 -414.018978111377 -667.816641398965 -684.006548699415 -914.706549635926 -915.148581575207 -162.662830685094 -683.387411013274 -710.32082525909 -453.140043719603 -420.238604427272 -637.116072163438 -606.862666539882 -188.224013663829 -373.627520996493 -285.518042024232 -394.055109715886 -242.769195616548 -446.924681672111 15.6630627711029 50.8130841047749 34.063617719542 -172.971785202811 -161.070491105413 -249.346285058316 17.0027423660148 51.7517818179234 27.6513773495377 -119.497515576212 -146.283798544497 43.6803872163535 37.151720492573 36.6807127373503 
-758.867760486196 -445.520723637414 -1381.81290349272 -424.480446028318 -395.031261888464 -218.486712840124 -603.225754840383 -415.576533504315 -324.055508392178 -426.008894962825 -616.140009792605 -347.832273657546 -410.225491538231 -463.63863151784 -571.993381367171 -996.41283158988 -285.496729099667 -738.337085678569 -480.944742791292 -665.886231081426 -4.95198981441654 28.7715869403424 -45.2491106028309 -84.127074977219 -120.591144705422 -53.9075631125054 -24.1412317816275 -101.201548260451 -76.06393897865 -146.708964666096 -175.534441108469 -191.896526794341 -224.233529056293 -267.268259242457 -112.500580013172 -216.342007410091 -317.81177368275 -601.553151021248 -797.024030572462 -780.838049168342 
-1152.89324193641 -401.793914891037 -399.342258907361 -790.427721202863 -88.9463618935361 -48.273162224819 -151.659040324311 -212.39439905289 -317.371712787625 -379.764932503553 -438.773353315394 -338.776369328667 -79.0193161238893 -126.958551425051 -391.051694878317 21.6412163542778 -266.212675617209 -187.427594863119 -585.230443646699 -373.977779950823 -285.690783415051 -393.731742952035 -578.02951463825 -565.68954553525 -243.214068433045 -544.791037613443 -446.609910842872 -1305.21312340342 -1105.01917196489 28.2649917014907 -331.631882093913 -394.715876609502 -182.630775266728 -223.408970556173 -216.775958410272 -459.601662206287 -251.433328961523 -190.948559486225 -247.999781667838 -227.719787242207 
-1191.29432648918 -277.201754091564 -343.578604968023 -454.421906945553 -561.694276114609 -668.459985576644 -867.784456669176 -1031.35675458225 -630.344175609817 -626.75214316475 -1029.5607379009 -247.415819933878 -255.916823309905 -239.075996671532 -313.809512039766 -271.110037270213 -383.218759375303 -516.4366130176 -613.924453528929 -690.384886486169 -1848.02541269301 -1548.78608784185 -2452.40258649037 -2564.30166746028 -306.935638565222 -775.644603650593 -582.699435454756 -653.815558378446 -711.806947262257 -1076.60329910306 -1758.90605055897 -175.454408582759 -202.27787362974 -759.294345462099 -1012.55642858806 -496.603854210748 -115.182345847666 -192.627560849276 -392.693304833947 -193.578532599826 
-344.377273085786 -399.148934574618 -269.112601710345 -168.282848981233 -963.135421728483 -1137.27839055432 -602.518426467527 -216.617194188351 -285.081398833082 -397.113806429668 -505.097904943388 -610.243399836007 -709.433624216375 -809.659994748521 -572.953563073146 -190.770573161049 -254.372573778788 -212.064538460004 -322.801251719947 -318.621446515301 -2154.93116764627 -714.907406776441 -901.763811307754 -874.673481667606 -520.26214728293 -624.180890138567 -723.831613475028 -821.156727279337 -1064.30444066993 -1484.79246381517 -736.496595796124 -365.083057842038 -408.166121478118 -425.928878194818 -529.789124517604 -630.02554628345 -727.59093916266 -328.298841275947 -402.895762730206 -474.038806056946 
-252.182023076192 -848.013538443187 -586.069081647345 -578.443442949118 -742.592044309148 -1109.45604084573 -715.880811781941 -715.051881058895 -707.577614889698 -1111.78165163955 -616.836011674441 -468.91456057462 -330.534740866202 -325.050123657156 -359.893885710249 -2104.61572944304 -795.712834211148 -717.23789934274 -1271.51068588793 -1346.65243833375 -1465.12233030559 -1811.47693846247 -455.035940948535 -518.580453220693 -572.79949560389 -391.448646231081 -1390.44235055763 -810.49372857619 -1047.96786775843 -569.158213676459 -688.395823168585 -2093.3965656629 -261.941626287887 -233.692573355622 -292.00027791564 -837.084940773817 -1085.66371026625 -580.462494285343 -630.449102545337 -476.92485196903 
-765.9998934042 -677.079131068098 -921.115639105462 -1160.54697691795 -426.13486769335 -116.866845165116 -143.055807803008 -701.263031146812 -437.299277743706 -44.0594393697617 -416.479649733756 -282.777994787477 -233.43559954018 -90.5480457335052 -136.783367766996 -181.86739724426 -221.72455851166 -249.437658164265 -826.690881717298 -804.978697327947 -1177.95492377396 -435.14490212406 -423.943421611923 -814.568367527249 -789.550119083209 -58.5179122067856 -62.3562979003046 -173.87967771005 -234.915306813243 -290.566285972432 -156.140442650406 -109.231954282944 -541.591848204513 -47.3284256662639 -558.781599246334 -303.097666310081 -166.776729518154 -979.313150350043 -216.005412151955 -262.908483877234 
-285.205937810527 -399.787754061996 -509.517547344287 -616.772811534382 -723.746268403178 -827.288360910015 -253.649333217242 -210.834729237949 -333.424166909212 -490.515876450627 -593.174477227769 -837.941705176458 -1276.19083762057 -1941.05482074439 -2032.52029038695 -1351.73299094278 -249.709008820266 -704.307342414189 -959.792154548835 -438.670498740809 8.0167627720204 -49.1394258984458 4.01653388216503 -82.1954520500707 -20.7591114982859 -138.377123211206 -2.49497257272469 -81.4403295433055 -15.3007670733508 1.02327633121572 7.53305087490145 -3.63657488202317 -3.63657488040036 -3.89082048099019 -412.355452487391 -407.289764505896 -1185.45446886833 -0.838342423520764 -34.9839028644086 44.3656131644754 
-154.167221938259 -39.0036797274194 -24.8185513405724 -5.38595051236594 -7.65522833263211 -318.481934149566 -15.2871589687657 -213.889442891782 -18.9127618891657 34.4982000463553 -105.872831978262 -116.715561550742 -539.955620861666 -394.762842509345 -394.861124938784 -394.440222118135 -315.01315410311 -313.678794976379 -312.763908809814 -1293.97954974865 -1012.48941566302 -407.805884341995 -410.799246089325 -478.240276897785 -524.403687233914 -318.564156291243 -0.28311531593577 0.245511147524381 -403.503332737281 -407.160025485831 -331.800753182465 -388.870153670905 -578.941323345959 -1325.85256738121 -465.422887933045 -328.891083423771 -356.7132301499 -1947.41330041381 -2134.79222345187 0.217640524935151 
-2910.80948470033 -5199.81483153493 -1833.52581499546 -2444.91156663428 -2104.39128847789 -3196.68911939989 -3203.44541256425 -1738.64075890536 -2049.8440377631 -1901.23520962791 -3402.15174062076 -1113.25968369958 -656.690159102038 -1079.95956671594 -386.048289938942 -386.353352299954 -385.313580067714 -1725.99733308476 -442.91927681979 -401.962616582411 -1583.29648109174 -1221.98522353458 -576.995167811327 -2100.38772989489 -739.819812616592 -1830.52329236315 -1602.30730361184 -1818.25323427554 -1835.04236206524 -1921.37125012512 -1973.38793586565 -739.692409631038 -1803.47459517786 -491.848954019673 -644.809960304673 -845.976642823503 -307.366855967881 -520.640292337752 -601.613180879367 -683.272636432834 
-1331.16538730595 -2131.27649648639 -2208.79269886737 -2163.92609285677 -452.495509349851 -492.372076742957 -616.148681764715 -407.616472138656 -1938.09732674261 -529.352301694037 -652.295387964762 -2191.69715288178 -3509.26174667391 -2128.46277111788 -2121.37532565099 -502.70548154308 -231.317812739995 -2016.69459467902 -163.852429778257 -849.140479365784 -54.5287721769629 -1865.6882602036 -2297.098194365 -0.609697691870713 -221.739265790274 -93.5187881919539 -594.872680304322 -214.607523237311 -404.980153169753 -74.029376916074 -154.483590669754 -158.776491324706 -156.794329889139 -820.30930996221 -30.2598584281274 -35.3919785338422 -50.5165684394647 -268.29557918606 -358.16583317324 -768.41704958186 
-850.32146893732 0.210700185583682 -119.94463959325 -162.496443647688 -360.947042272944 -185.962843491238 -172.454530515137 -195.421761631975 -295.77989138514 -609.574257650922 -452.863165988966 -441.938010985199 -114.214766791473 -46.7966756396354 -887.220980626968 -902.156753410171 -826.643419410938 -1031.19316874333 -0.6576967897646 -313.132084998151 -494.617087993767 -44.3206728961655 -48.9177149135321 -46.4093609530588 -120.441271368385 -43.319621980431 -23.7383485432724 -1817.36655254526 -2086.50145508506 -999.773945308172 -521.371809268845 -397.994273331116 -396.396461434913 -473.494350197961 -649.583087170791 -0.548229944140546 -1181.56262441228 -234.140117205748 -310.465340222775 -459.494640573243 
-1079.78928794951 -347.886435130109 -728.728057197776 -1288.70866450865 -33.9990335623972 -34.3398729140437 -106.065547620114 -24.6663590982137 -26.9573598649879 -92.4361504000366 -897.497455340085 -253.750210576586 -239.345005960992 -165.119149334882 -243.750268995375 -1214.81040794299 -167.966196914642 -164.767343250735 -397.646619495071 -1515.02754532868 -572.141466958404 -31.8547555071664 -35.4546651728985 -54.6081125542192 -55.9100057451629 -719.305998311092 -39.5342793740224 -1871.12896354754 -4351.38789803707 -198.412210844929 -350.526513719375 -75.35514790193 -21.2469448856715 -480.833302259848 -643.373759555279 -24.8603853481365 -1067.3564430907 -552.630214169363 -438.463018681458 -507.285599089226 
-628.402981190853 -1836.59296854248 -1891.89453279586 -1854.58729186199 -1853.30477664807 -1586.3638221342 -799.78868134021 -1121.69047600227 -1882.46973226445 -1821.75309691755 -1841.21412268797 -1924.43840367213 -1979.48339579455 -1806.54534190256 -1642.22721235033 -1820.44334096946 -995.168343998536 -1259.1741666499 -615.149782087871 -935.954823593523 -821.914345176408 -3526.18082466241 -1067.92593339724 -943.925714126717 -1015.11964073806 -864.933535136503 -1152.20384244492 -1828.95564389406 -351.592427770876 -569.468187189941 -1578.72649748578 -785.79136411081 -1113.92747748468 -2388.6200479805 -705.800867301743 -1113.86929539051 -1813.62193149819 -1826.87026994597 -1916.80107902371 -1962.0702835324 
-1798.90800036376 -284.775182780653 -564.287262953626 -1212.07953512702 -3007.40772136341 -1546.13804087469 -1875.81275327964 -781.591305367218 -2157.42347369749 -2257.19323404589 -280.465308872169 -439.852550807214 -302.544977097334 -124.710652939802 -159.353236046015 -213.504992293775 -196.863069650232 -381.767489982462 -1914.69397317514 -2348.07502103936 -182.477852793291 -228.780555513897 -984.52310611963 -869.965603745877 -1000.13811791698 -610.22754616117 -2100.46457539584 -1836.74033421128 -4655.34684707732 -2435.21841900544 -2006.53439315214 -2595.85447283619 -4521.91144031977 -325.507162077814 -481.913701489278 -380.87540726995 -503.318700622078 -1174.31825597879 -969.712126663138 -324.783436145421 
-470.878744077685 -406.747751620199 -410.802091297346 -361.069728762181 -1905.33188168797 -1175.59777946587 -1965.28748252808 -594.431181526884 -0.63750049413005 -0.829302190881148 -290.500294122197 -292.476268002138 -686.798600399823 -376.555251768636 -374.713184412745 -2330.79015261375 -828.683781621098 -333.236409294854 -2494.159559923 -535.235158858415 -920.078271556229 -560.107183547681 -1050.66964412243 -597.352300692154 -822.636693414133 -2099.78009670947 -1245.96425801804 -1183.87712375418 -637.161443015733 -1095.88332300038 -356.300614984977 -507.035447420001 
<lnGam>
-3.22156321018978 0 -1.3582701591806 -1.3582701591806 -0.284415753044584 0 -1.3582701591806 0 -1.3582701591806 -0.350597898788913 -0.29585876919477 -1.3582701591806 -0.284415753044584 0 -0.394719326545713 0 -0.418257555572059 -1.62595376423555 -3.62308862774419 -0.286443472673774 -1.43764792851731 -0.418257555572059 0 -0.418257555572059 -1.62595376423555 -3.62308862774419 0 -0.418257555572059 -0.347642868493021 0 0 -0.418257555572059 -1.62595376423555 -3.62308862774419 -0.418257555572059 0 -0.371181097519367 -1.53180084813016 -0.446503429351434 0 
-1.62595376423555 -0.418257555572059 -0.418257555572059 -3.37047303811452 -1.49614962400244 -0.367143433170431 0 -0.418257555572059 -1.62595376423555 -3.62308862774419 -0.367143433170431 0 -0.418257555572059 -18.6739103699635 -6.11696278749843 -9.58670906066595 -1.49614962400244 0 -0.418257555572059 0 -0.418257555572059 -0.367143433170431 -1.49614962400244 -3.42562482897421 -0.460626367117988 -3.66074979278336 -0.389204148076113 0 -3.62308862774419 -1.49614962400244 -0.367143433170431 -1.49614962400244 -0.367143433170431 -1.49063445066925 -0.284415753044584 -0.418257555572059 -1.49614962400244 -0.367143433170431 -0.367143433170431 -1.49614962400244 
-0.345082717237467 -3.70782625434352 -10.1174883741355 -0.479456953145041 -0.543629154470453 0 -1.60093802006125 -0.399426972175609 0 -0.350597898788913 -0.493579883896656 -3.66074979278336 -1.49614962400244 -0.418257555572059 -0.367143433170431 -1.34723981251422 -3.62308862774419 0 -0.418257555572059 -0.394719326545713 -0.394719326545713 -0.394719326545713 -0.394719326545713 -0.394719326545713 -1.57887730618285 0 -0.427672846831851 -1.54027105586837 -0.394719326545713 0 -0.367143433170431 -0.367143433170431 -0.367143433170431 0 -0.367143433170431 -0.418257555572059 0 0 -1.62595376423555 -0.371181097519367 
0 -0.361765806259576 0 -1.61653847122202 -1.50166480555389 -3.3925337643203 -3.55247393891142 -1.55130141280757 -0.394719326545713 0 -0.380596389656026 -3.3925337643203 -3.55247393891142 -1.55130141280757 0 -0.339567539795149 -0.367143433170431 -0.367143433170431 0 -0.367143433170431 0 0 -6.32102440320101 -1.68918087968398 -0.433325576860196 -0.367143433170431 0 -1.64949199501563 -0.418257555572059 -6.32102440320101 0 0 -0.367143433170431 0 -6.32102440320101 0 -1.62595376423555 -1.52372551943229 -6.09490207772915 0 
-1.45202819624564 -1.62595376423555 0 -0.328537184910513 0 -0.432380491584879 -1.62595376423555 -0.284415753044584 -0.284415753044584 0 0 -0.418257555572059 -1.62595376423555 -0.284415753044584 0 -0.418257555572059 -1.48472439007747 -3.24362393639556 -0.372658612667313 -0.418257555572059 -1.53180084813016 0 -3.41459447408957 -1.49614962400244 -1.49614962400244 -0.367143433170431 -3.58825204534788 -0.38488264106091 -0.393533805829304 -3.42562482897421 -0.460626367117988 -3.66074979278336 -0.389204148076113 -1.49614962400244 -0.367143433170431 -1.49614962400244 -0.367143433170431 -1.49063445066925 -1.49614962400244 -0.367143433170431 
-0.367143433170431 -1.49614962400244 -0.543629154470453 0 -1.60093802006125 -1.49614962400244 -0.418257555572059 -0.367143433170431 -1.34723981251422 -1.49063445066925 0 -0.394719326545713 0 -0.394719326545713 -1.57887730618285 -0.394719326545713 -0.394719326545713 0 0 -0.394719326545713 0 -0.394719326545713 -1.57887730618285 -3.55247393891142 -6.31550922473141 -0.394719326545713 0 0 -1.57887730618285 -3.3870185745506 -1.57887730618285 -0.394719326545713 -1.57887730618285 -0.394719326545713 -1.57887730618285 -0.394719326545713 0 -1.57887730618285 -0.394719326545713 -1.57887730618285 
-1.57887730618285 -0.394719326545713 -0.394719326545713 -1.57887730618285 -0.394719326545713 0 -0.394719326545713 -6.31550922473141 -9.86798316364283 -1.57887730618285 -3.55247393891142 0 0 -0.394719326545713 -1.57887730618285 -1.57887730618285 -6.31550922473141 -3.55247393891142 -0.394719326545713 -0.367143433170431 -0.334052362352831 -1.40239159515565 -0.394719326545713 0 -0.394719326545713 -1.41881734950519 0 -0.347642868493021 -1.62595376423555 0 -0.229263962184892 0 -0.418257555572059 -1.62595376423555 -0.141021106671291 0 -0.413549909065296 -1.58829259744264 0 -0.339567539795149 
0 -1.60712317996223 -0.391423974429413 -0.418257555572059 0 0 -0.418257555572059 -0.206413494334945 -1.48943203833797 -1.41893713159173 -3.25465428306194 -1.39687640538595 0 -0.477447008726124 -1.62595376423555 0 -3.40907930075638 -0.945513857351709 -0.367143433170431 -1.49614962400244 -0.367143433170431 -1.49614962400244 -0.367143433170431 0 -0.418257555572059 -1.49614962400244 -0.291151120934272 -0.367143433170431 -1.34723981251422 -0.385304035285922 -1.48511926911781 -3.13332037111269 -1.57887730618285 -0.394719326545713 -3.62308862774419 -6.4096621408368 -1.6024155352092 -3.66074979278336 0 -0.306476471032113 
-1.22590588412845 -0.10793005023564 0 -0.418257555572059 -0.394719326545713 -0.367143433170431 -1.32517908630843 -0.339567539795149 0 -0.367143433170431 0 -0.367143433170431 -1.25899695700062 0 -0.367143433170431 -0.367143433170431 0 -0.157566643107373 0 -0.418257555572059 -0.418257555572059 -5.76399136544402 -9.31646530435544 -0.367143433170431 -1.42996747825811 0 0 0 -0.284415753044584 -1.30863354987235 -0.281735831428215 -1.62595376423555 0 -0.174112179543455 -0.284415753044584 -1.55681659230445 0 -0.399426972175609 0 -1.62595376423555 
-0.394719326545713 0 -0.394719326545713 -0.418257555572059 0 -1.59770788870244 0 -0.394719326545713 -0.394719326545713 -1.57887730618285 0 -0.446503429351434 -1.62595376423555 -3.62308862774419 0 0 -0.418257555572059 -14.0686663779801 -9.75029202026483 -19.1764794028167 0 -0.427672846831851 -0.432380491584879 0 -3.62308862774419 -1.64949199501563 0 -0.418257555572059 0 -0.357058161506547 -0.418257555572059 -0.399426972175609 0 -0.418257555572059 0 -0.418257555572059 -0.399426972175609 -0.4088422634354 0 -1.39136123205276 
0 -0.311991644365302 0 -0.371181097519367 -1.54121614114369 -0.284415753044584 0 0 -1.52924069687461 -0.466416645623232 0 -0.418257555572059 -0.361628255728113 -0.418257555572059 0 -0.418257555572059 -1.62595376423555 -0.357058161506547 -1.62595376423555 0 -3.3925337643203 -0.945513857351709 -0.367143433170431 -1.47960408756636 -0.367143433170431 -1.49614962400244 -0.367143433170431 0 -0.418257555572059 -1.49614962400244 -0.291151120934272 -0.367143433170431 -1.34723981251422 -0.357058161506547 0 -0.418257555572059 -0.422965200325088 -0.394719326545713 -0.418257555572059 -1.62595376423555 
-3.62308862774419 0 0 -0.418257555572059 0 -1.62595376423555 -0.418257555572059 -0.339567539795149 0 0 -0.418257555572059 0 -1.62595376423555 -0.418257555572059 -1.47408891423317 -0.394719326545713 0 -0.380596389656026 -0.405749683484913 -0.367143433170431 -0.367143433170431 0 -0.367143433170431 0 -0.367143433170431 0 -1.64949199501563 -0.418257555572059 0 0 -0.367143433170431 0 0 -1.62595376423555 -1.36930052228349 -3.22156321018978 0 -0.174112179543455 -1.3582701591806 -0.267870216608502 
-1.3582701591806 -0.284415753044584 0 -0.284415753044584 0 -0.284415753044584 -0.418257555572059 -1.62595376423555 -0.284415753044584 -1.3582701591806 -0.284415753044584 0 0 -1.56004672366327 0 0 -0.400234505015313 -0.413549909065296 -0.413549909065296 -0.397580172044232 0 -0.418257555572059 0 0 0 -0.418257555572059 0 -1.62595376423555 -0.418257555572059 -25.0737310667149 -0.367143433170431 0 0.344381078560684 -0.646763441650006 -1.48511926911781 -1.49178585896075 -3.43478279553342 -1.62595376423555 0 -0.291151120934272 
-6.4096621408368 -0.135505933338101 -0.367143433170431 0 -0.367143433170431 -0.328537184910513 0 -0.418257555572059 0 0 -0.367143433170431 -1.49614962400244 -1.49614962400244 -1.49614962400244 -1.49614962400244 -1.49614962400244 -1.49614962400244 -0.367143433170431 0 -0.418257555572059 -3.41459447408957 -6.07835654129307 -0.400234505015313 0 -1.70127609080641 -1.62595376423555 0 -0.0840146956815124 -0.367143433170431 0 0 -0.367143433170431 0 -0.118960396902019 -3.41459447408957 -6.12247797726813 -0.460626367117988 -3.66074979278336 -6.4096621408368 -14.3511251333112 
-0.389204148076113 -1.49614962400244 -3.41459447408957 -0.367143433170431 -1.49614962400244 -3.41459447408957 -0.367143433170431 -1.49614962400244 -3.41459447408957 -3.41459447408957 -0.345082717237467 -1.49614962400244 -14.4264474633896 -1.58829259744264 -3.70782625434352 -6.50381505694218 -10.1174883741355 0 -0.479456953145041 -0.394719326545713 -6.50381505694218 -3.62308862774419 -1.62595376423555 -1.60712317996223 -0.367143433170431 0 -0.367143433170431 0 -0.399426972175609 -0.367143433170431 -1.49614962400244 0 -0.367143433170431 0 -1.49614962400244 -3.41459447408957 -1.7201066838484 -1.57887730618285 -1.62595376423555 0 
-0.367143433170431 0 -0.418257555572059 0 -0.367143433170431 -1.49614962400244 -0.367143433170431 0 0 -0.399426972175609 -0.488872242651097 -1.6353690537416 -0.367143433170431 -3.69370331657696 -0.583025158756482 0 -1.62595376423555 0 -0.361765806259576 0 -0.284415753044584 -1.3582701591806 0 -1.62595376423555 -1.49614962400244 -0.367143433170431 -3.41459447408957 0 -0.418257555572059 -0.367143433170431 -1.49614962400244 -1.49614962400244 -3.30980608213989 0 -1.61653847122202 -6.43790800935497 -3.67016508228941 -6.12247797726813 -3.41459447408957 -1.49614962400244 
-0.367143433170431 0 -1.49614962400244 -0.367143433170431 -3.41459447408957 -1.49614962400244 -0.367143433170431 0 -0.418257555572059 -0.291151120934272 -3.53835100202173 -0.367143433170431 0 -1.49614962400244 -0.394719326545713 -0.394719326545713 -1.67303022228824 0 -0.418257555572059 -0.418257555572059 -0.372658612667313 0 -0.432380491584879 -1.62595376423555 -0.284415753044584 -1.62595376423555 -0.284415753044584 0 0 0 -0.399426972175609 -3.36495786478133 -1.85463623582655 -6.39823690691182 -6.66296547345262 -0.422295219920995 -0.357058161506547 -1.63066140898857 0 0 
-1.12663266551196 -0.284415753044584 0 -0.404134617805505 -1.62595376423555 -1.12663266551196 -1.12663266551196 -1.12663266551196 -1.12663266551196 0 -0.418257555572059 -0.284415753044584 0 -1.3582701591806 -5.8742949307269 -1.62595376423555 -0.284415753044584 0 -0.418257555572059 -1.62595376423555 -1.62595376423555 -1.19281481125629 -0.118960396902019 -3.16641144398485 -1.3582701591806 -0.284415753044584 0 -1.62595376423555 -3.22156321018978 -0.418257555572059 0 -1.62595376423555 0 -1.3582701591806 -3.42562482897421 -6.11144761416524 -0.441795784598405 -3.62308862774419 -6.4096621408368 -14.3511251333112 
-0.367143433170431 -0.418257555572059 0 -1.3637853489503 -3.08368374536793 -1.49614962400244 -3.41459447408957 -0.367143433170431 -1.49614962400244 -0.367143433170431 -1.49614962400244 -6.12247797726813 -3.41459447408957 -0.367143433170431 -1.47408891423317 -14.0357128612015 -1.62595376423555 -3.62308862774419 -6.4096621408368 -9.98567430702083 0 -0.479456953145041 -0.196172889312727 0 -0.367143433170431 0 -0.367143433170431 -1.52372551943229 0 -0.367143433170431 0 -1.49614962400244 -3.44217036541029 0 -0.367143433170431 0 -1.49614962400244 0 -0.418257555572059 0 
-0.367143433170431 -0.418257555572059 -1.62595376423555 0 -0.361765806259576 0 -0.284415753044584 -0.367143433170431 -1.3582701591806 0 -0.418257555572059 -1.62595376423555 -3.62308862774419 -1.49614962400244 0 -0.418257555572059 -0.367143433170431 -1.49614962400244 -1.49614962400244 -3.24913910972875 -1.54578623536525 0 -0.367143433170431 -0.367143433170431 -0.367143433170431 0 0 -1.62595376423555 -0.371181097519367 -1.61653847122202 -1.61653847122202 -1.6353690537416 0 -1.62595376423555 -0.371181097519367 -1.62595376423555 -1.6353690537416 -1.62595376423555 -1.62595376423555 -1.6024155352092 
-3.62308862774419 0 -6.31550922473141 -0.418257555572059 -1.61183082646899 -3.41459447408957 -0.945513857351709 -0.367143433170431 -1.49614962400244 -0.367143433170431 -1.49614962400244 -0.367143433170431 0 -0.418257555572059 -6.12247797726813 -6.12247797726813 -1.49614962400244 -0.291151120934272 -0.367143433170431 -1.34723981251422 -1.50166480555389 -5.92944672980484 -0.311991644365302 0 -0.319396996467381 -0.372658612667313 -3.24362393639556 0 -1.30863354987235 -0.361765806259576 0 -1.62595376423555 -0.418257555572059 -1.62595376423555 -0.317506825916749 0 -0.418257555572059 -1.62595376423555 0 -1.62595376423555 
-6.4096621408368 -0.284415753044584 0 -0.418257555572059 0 -0.300961289480666 0 -0.291151120934272 0 -0.418257555572059 -1.62595376423555 -1.58990766312205 -0.433325576860196 0 -0.418257555572059 -0.48847736361076 0 -1.51269516454765 -0.394719326545713 0 -0.367143433170431 -0.367143433170431 -0.367143433170431 0 -0.367143433170431 -0.418257555572059 0 0 -1.62595376423555 -3.41459447408957 0 -0.418257555572059 -0.418257555572059 -1.62595376423555 -0.418257555572059 -5.89652876104009 -1.81602998962119 0 -0.432380491584879 -6.17762975990957 
-14.3511251333112 -3.2105328635234 -3.41459447408957 -1.49614962400244 -0.367143433170431 0 -1.7201066838484 -1.49614962400244 -3.41459447408957 -6.12247797726813 -3.41459447408957 -1.49614962400244 -0.367143433170431 -3.41459447408957 -1.49614962400244 -3.41459447408957 -1.50717998710533 0 -13.9892886086434 -9.70804298905171 -6.17762975990957 -24.8759744039991 -39.0141728405672 -31.5751725757368 -3.44768554696174 -1.62595376423555 0 -0.418257555572059 -1.62595376423555 -9.97155136925427 -1.62595376423555 -1.49614962400244 -3.41459447408957 0 -1.62171688150259 -1.50166480555389 -3.41459447408957 -1.49614962400244 -5.98459849600977 -1.50166480555389 
0 -0.418257555572059 -0.367143433170431 -6.12247797726813 -6.35787803803107 -14.3511251333112 -0.418257555572059 -3.22707841639599 -3.41459447408957 -1.41342194182203 -0.339567539795149 0 -0.418257555572059 -1.62595376423555 -3.41459447408957 -3.41459447408957 -1.49614962400244 -3.41459447408957 -0.367143433170431 -1.46305855934853 -14.0357128612015 -1.64949199501563 -6.32021687036131 -10.3010865791306 0 -0.394719326545713 -1.58829259744264 -3.67016508228941 -0.394719326545713 -1.62595376423555 -0.446503429351434 -0.212718425748809 0 -0.367143433170431 0 -0.460626367117988 -1.7201066838484 -1.49614962400244 -0.367143433170431 0 
-3.41459447408957 0 -0.367143433170431 0 0 0 -0.367143433170431 -1.49614962400244 0 -0.367143433170431 0 -0.367143433170431 0 -0.367143433170431 -0.367143433170431 -14.167526942346 -1.19832998458948 -3.41459447408957 -1.30311837653916 0.052010140791992 -0.418257555572059 -0.367143433170431 0 -0.507702821663211 -1.57416966055296 -0.367143433170431 -0.367143433170431 -1.66361493278218 -6.32021687036131 0 -0.437088139845377 -14.0357128612015 0 -0.394719326545713 -0.367143433170431 -1.6353690537416 -6.43790800935497 0 -1.62595376423555 0 
-0.229263962184892 0 -1.62595376423555 -6.4096621408368 -1.3582701591806 -1.49614962400244 -3.41459447408957 0 -1.49614962400244 -1.38584605871957 -1.62595376423555 -1.3582701591806 0 -0.262355043275313 0 -0.314689348206884 -1.62595376423555 -0.146536296440994 0 -1.62595376423555 -6.4096621408368 -0.284415753044584 0 -0.418257555572059 -3.62308862774419 0 -0.418257555572059 0 -0.361765806259576 -1.51767791387108 -3.07816857203474 -0.289930934596031 -1.62595376423555 -0.418257555572059 -1.39998677049308 0 -6.13350832393451 -6.35787803803107 -3.07265339870155 -1.11560231884558 
-3.41459447408957 -1.49614962400244 -0.367143433170431 0 -0.460626367117988 -1.64949199501563 -1.49614962400244 -3.41459447408957 -1.49614962400244 0 -1.62595376423555 -25.0800359981287 -3.41459447408957 -0.367143433170431 0 -24.8483985044601 -3.41459447408957 0 -1.62595376423555 -1.49614962400244 0 -0.37588874402613 -0.328537184910513 0 0 0 0 0 0 0 0 0 0 0 0 0 0 0 0 0 
0 0 0 0 0 0 0 0 0 0 0 0 0 0 0 0 0 0 0 0 0 0 0 0 0 0 0 0 0 0 0 0 0 0 0 0 0 0 0 0 
0 0 0 0 0 0 0 0 0 0 0 0 0 0 0 0 0 0 0 0 0 0 0 0 0 0 0 0 0 0 0 0 0 0 0 0 0 0 0 0 
0 0 0 0 0 0 0 0 0 0 0 0 0 0 0 0 0 0 0 0 0 0 0 0 0 0 0 0 0 0 0 0 0 0 0 0 0 0 0 0 
0 0 0 0 0 0 0 0 0 0 0 0 0 0 0 0 0 0 0 0 0 0 0 0 0 0 0 0 0 0 0 0 0 0 0 0 0 0 0 0 
0 0 0 0 0 0 0 0 0 0 0 0 0 0 0 0 0 0 0 0 0 0 0 0 0 0 0 0 0 0 0 0 0 0 0 0 0 0 0 0 
0 0 0 0 0 0 0 0 0 0 0 0 0 0 0 0 0 0 0 0 0 0 0 0 0 0 0 0 0 0 0 0 0 0 0 0 0 0 0 0 
0 0 0 0 0 0 0 0 0 0 0 0 0 0 0 0 0 0 0 0 0 0 0 0 0 0 0 0 0 0 0 0 0 0 0 0 0 0 0 0 
0 0 0 0 0 0 0 0 0 0 0 0 0 0 0 0 0 0 0 0 0 0 0 0 0 0 0 0 0 0 0 0 
<lnGmo>
-3.23084126282005 -0.00927805263027548 -1.36754821181087 -1.36754821181087 -0.29369380567486 -0.00927805263027548 -1.36754821181087 -0.00927805263027548 -1.36754821181087 -0.359875951419188 -0.305136821825045 -1.36754821181087 -0.29369380567486 -0.00927805263027548 -0.403997379175989 -0.00927805263027548 -0.427535608202335 -1.63523181686582 -3.63236668037447 -0.29572152530405 -1.44692598114758 -0.427535608202335 -0.00927805263027548 -0.427535608202335 -1.63523181686582 -3.63236668037447 -0.00927805263027548 -0.427535608202335 -0.356920921123297 -0.00927805263027548 -0.00927805263027548 -0.427535608202335 -1.63523181686582 -3.63236668037447 -0.427535608202335 -0.00927805263027548 -0.380459150149643 -1.54107890076044 -0.455781481981709 -0.00927805263027548 
-1.63523181686582 -0.427535608202335 -0.427535608202335 -3.37975109074479 -1.50542767663272 -0.376421485800707 -0.00927805263027548 -0.427535608202335 -1.63523181686582 -3.63236668037447 -0.376421485800707 -0.00927805263027548 -0.427535608202335 -18.6831884225937 -6.1262408401287 -9.59598711329622 -1.50542767663272 -0.00927805263027548 -0.427535608202335 -0.00927805263027548 -0.427535608202335 -0.376421485800707 -1.50542767663272 -3.43490288160448 -0.469904419748264 -3.67002784541363 -0.398482200706389 -0.00927805263027548 -3.63236668037447 -1.50542767663272 -0.376421485800707 -1.50542767663272 -0.376421485800707 -1.49991250329953 -0.29369380567486 -0.427535608202335 -1.50542767663272 -0.376421485800707 -0.376421485800707 -1.50542767663272 
-0.354360769867742 -3.71710430697379 -10.1267664267658 -0.488735005775316 -0.552907207100728 -0.00927805263027548 -1.61021607269153 -0.408705024805884 -0.00927805263027548 -0.359875951419188 -0.502857936526932 -3.67002784541363 -1.50542767663272 -0.427535608202335 -0.376421485800707 -1.35651786514449 -3.63236668037447 -0.00927805263027548 -0.427535608202335 -0.403997379175989 -0.403997379175989 -0.403997379175989 -0.403997379175989 -0.403997379175989 -1.58815535881313 -0.00927805263027548 -0.436950899462126 -1.54954910849865 -0.403997379175989 -0.00927805263027548 -0.376421485800707 -0.376421485800707 -0.376421485800707 -0.00927805263027548 -0.376421485800707 -0.427535608202335 -0.00927805263027548 -0.00927805263027548 -1.63523181686582 -0.380459150149643 
-0.00927805263027548 -0.371043858889851 -0.00927805263027548 -1.62581652385229 -1.51094285818416 -3.40181181695058 -3.56175199154169 -1.56057946543785 -0.403997379175989 -0.00927805263027548 -0.389874442286301 -3.40181181695058 -3.56175199154169 -1.56057946543785 -0.00927805263027548 -0.348845592425424 -0.376421485800707 -0.376421485800707 -0.00927805263027548 -0.376421485800707 -0.00927805263027548 -0.00927805263027548 -6.33030245583129 -1.69845893231426 -0.442603629490471 -0.376421485800707 -0.00927805263027548 -1.6587700476459 -0.427535608202335 -6.33030245583129 -0.00927805263027548 -0.00927805263027548 -0.376421485800707 -0.00927805263027548 -6.33030245583129 -0.00927805263027548 -1.63523181686582 -1.53300357206256 -6.10418013035943 -0.00927805263027548 
-1.46130624887592 -1.63523181686582 -0.00927805263027548 -0.337815237540788 -0.00927805263027548 -0.441658544215155 -1.63523181686582 -0.29369380567486 -0.29369380567486 -0.00927805263027548 -0.00927805263027548 -0.427535608202335 -1.63523181686582 -0.29369380567486 -0.00927805263027548 -0.427535608202335 -1.49400244270774 -3.25290198902584 -0.381936665297589 -0.427535608202335 -1.54107890076044 -0.00927805263027548 -3.42387252671985 -1.50542767663272 -1.50542767663272 -0.376421485800707 -3.59753009797816 -0.394160693691185 -0.40281185845958 -3.43490288160448 -0.469904419748264 -3.67002784541363 -0.398482200706389 -1.50542767663272 -0.376421485800707 -1.50542767663272 -0.376421485800707 -1.49991250329953 -1.50542767663272 -0.376421485800707 
-0.376421485800707 -1.50542767663272 -0.552907207100728 -0.00927805263027548 -1.61021607269153 -1.50542767663272 -0.427535608202335 -0.376421485800707 -1.35651786514449 -1.49991250329953 -0.00927805263027548 -0.403997379175989 -0.00927805263027548 -0.403997379175989 -1.58815535881313 -0.403997379175989 -0.403997379175989 -0.00927805263027548 -0.00927805263027548 -0.403997379175989 -0.00927805263027548 -0.403997379175989 -1.58815535881313 -3.56175199154169 -6.32478727736169 -0.403997379175989 -0.00927805263027548 -0.00927805263027548 -1.58815535881313 -3.39629662718087 -1.58815535881313 -0.403997379175989 -1.58815535881313 -0.403997379175989 -1.58815535881313 -0.403997379175989 -0.00927805263027548 -1.58815535881313 -0.403997379175989 -1.58815535881313 
-1.58815535881313 -0.403997379175989 -0.403997379175989 -1.58815535881313 -0.403997379175989 -0.00927805263027548 -0.403997379175989 -6.32478727736169 -9.87726121627311 -1.58815535881313 -3.56175199154169 -0.00927805263027548 -0.00927805263027548 -0.403997379175989 -1.58815535881313 -1.58815535881313 -6.32478727736169 -3.56175199154169 -0.403997379175989 -0.376421485800707 -0.343330414983106 -1.41166964778593 -0.403997379175989 -0.00927805263027548 -0.403997379175989 -1.42809540213547 -0.00927805263027548 -0.356920921123297 -1.63523181686582 -0.00927805263027548 -0.238542014815167 -0.00927805263027548 -0.427535608202335 -1.63523181686582 -0.150299159301567 -0.00927805263027548 -0.422827961695572 -1.59757065007292 -0.00927805263027548 -0.348845592425424 
-0.00927805263027548 -1.6164012325925 -0.400702027059688 -0.427535608202335 -0.00927805263027548 -0.00927805263027548 -0.427535608202335 -0.21569154696522 -1.49871009096824 -1.42821518422201 -3.26393233569222 -1.40615445801622 -0.00927805263027548 -0.486725061356399 -1.63523181686582 -0.00927805263027548 -3.41835735338666 -0.954791909981984 -0.376421485800707 -1.50542767663272 -0.376421485800707 -1.50542767663272 -0.376421485800707 -0.00927805263027548 -0.427535608202335 -1.50542767663272 -0.300429173564548 -0.376421485800707 -1.35651786514449 -0.394582087916197 -1.49439732174808 -3.14259842374296 -1.58815535881313 -0.403997379175989 -3.63236668037447 -6.41894019346707 -1.61169358783947 -3.67002784541363 -0.00927805263027548 -0.315754523662388 
-1.23518393675873 -0.117208102865915 -0.00927805263027548 -0.427535608202335 -0.403997379175989 -0.376421485800707 -1.33445713893871 -0.348845592425424 -0.00927805263027548 -0.376421485800707 -0.00927805263027548 -0.376421485800707 -1.26827500963089 -0.00927805263027548 -0.376421485800707 -0.376421485800707 -0.00927805263027548 -0.166844695737649 -0.00927805263027548 -0.427535608202335 -0.427535608202335 -5.7732694180743 -9.32574335698572 -0.376421485800707 -1.43924553088839 -0.00927805263027548 -0.00927805263027548 -0.00927805263027548 -0.29369380567486 -1.31791160250262 -0.291013884058491 -1.63523181686582 -0.00927805263027548 -0.183390232173731 -0.29369380567486 -1.56609464493473 -0.00927805263027548 -0.408705024805884 -0.00927805263027548 -1.63523181686582 
-0.403997379175989 -0.00927805263027548 -0.403997379175989 -0.427535608202335 -0.00927805263027548 -1.60698594133271 -0.00927805263027548 -0.403997379175989 -0.403997379175989 -1.58815535881313 -0.00927805263027548 -0.455781481981709 -1.63523181686582 -3.63236668037447 -0.00927805263027548 -0.00927805263027548 -0.427535608202335 -14.0779444306104 -9.75957007289511 -19.185757455447 -0.00927805263027548 -0.436950899462126 -0.441658544215155 -0.00927805263027548 -3.63236668037447 -1.6587700476459 -0.00927805263027548 -0.427535608202335 -0.00927805263027548 -0.366336214136823 -0.427535608202335 -0.408705024805884 -0.00927805263027548 -0.427535608202335 -0.00927805263027548 -0.427535608202335 -0.408705024805884 -0.418120316065676 -0.00927805263027548 -1.40063928468303 
-0.00927805263027548 -0.321269696995578 -0.00927805263027548 -0.380459150149643 -1.55049419377396 -0.29369380567486 -0.00927805263027548 -0.00927805263027548 -1.53851874950488 -0.475694698253507 -0.00927805263027548 -0.427535608202335 -0.370906308358389 -0.427535608202335 -0.00927805263027548 -0.427535608202335 -1.63523181686582 -0.366336214136823 -1.63523181686582 -0.00927805263027548 -3.40181181695058 -0.954791909981984 -0.376421485800707 -1.48888214019664 -0.376421485800707 -1.50542767663272 -0.376421485800707 -0.00927805263027548 -0.427535608202335 -1.50542767663272 -0.300429173564548 -0.376421485800707 -1.35651786514449 -0.366336214136823 -0.00927805263027548 -0.427535608202335 -0.432243252955363 -0.403997379175989 -0.427535608202335 -1.63523181686582 
-3.63236668037447 -0.00927805263027548 -0.00927805263027548 -0.427535608202335 -0.00927805263027548 -1.63523181686582 -0.427535608202335 -0.348845592425424 -0.00927805263027548 -0.00927805263027548 -0.427535608202335 -0.00927805263027548 -1.63523181686582 -0.427535608202335 -1.48336696686345 -0.403997379175989 -0.00927805263027548 -0.389874442286301 -0.415027736115189 -0.376421485800707 -0.376421485800707 -0.00927805263027548 -0.376421485800707 -0.00927805263027548 -0.376421485800707 -0.00927805263027548 -1.6587700476459 -0.427535608202335 -0.00927805263027548 -0.00927805263027548 -0.376421485800707 -0.00927805263027548 -0.00927805263027548 -1.63523181686582 -1.37857857491376 -3.23084126282005 -0.00927805263027548 -0.183390232173731 -1.36754821181087 -0.277148269238778 
-1.36754821181087 -0.29369380567486 -0.00927805263027548 -0.29369380567486 -0.00927805263027548 -0.29369380567486 -0.427535608202335 -1.63523181686582 -0.29369380567486 -1.36754821181087 -0.29369380567486 -0.00927805263027548 -0.00927805263027548 -1.56932477629355 -0.00927805263027548 -0.00927805263027548 -0.409512557645589 -0.422827961695572 -0.422827961695572 -0.406858224674507 -0.00927805263027548 -0.427535608202335 -0.00927805263027548 -0.00927805263027548 -0.00927805263027548 -0.427535608202335 -0.00927805263027548 -1.63523181686582 -0.427535608202335 -25.0830091193451 -0.376421485800707 -0.00927805263027548 0.335103025930408 -0.656041494280281 -1.49439732174808 -1.50106391159102 -3.4440608481637 -1.63523181686582 -0.00927805263027548 -0.300429173564548 
-6.41894019346707 -0.144783985968377 -0.376421485800707 -0.00927805263027548 -0.376421485800707 -0.337815237540788 -0.00927805263027548 -0.427535608202335 -0.00927805263027548 -0.00927805263027548 -0.376421485800707 -1.50542767663272 -1.50542767663272 -1.50542767663272 -1.50542767663272 -1.50542767663272 -1.50542767663272 -0.376421485800707 -0.00927805263027548 -0.427535608202335 -3.42387252671985 -6.08763459392335 -0.409512557645589 -0.00927805263027548 -1.71055414343668 -1.63523181686582 -0.00927805263027548 -0.0932927483117879 -0.376421485800707 -0.00927805263027548 -0.00927805263027548 -0.376421485800707 -0.00927805263027548 -0.128238449532295 -3.42387252671985 -6.1317560298984 -0.469904419748264 -3.67002784541363 -6.41894019346707 -14.3604031859415 
-0.398482200706389 -1.50542767663272 -3.42387252671985 -0.376421485800707 -1.50542767663272 -3.42387252671985 -0.376421485800707 -1.50542767663272 -3.42387252671985 -3.42387252671985 -0.354360769867742 -1.50542767663272 -14.4357255160198 -1.59757065007292 -3.71710430697379 -6.51309310957246 -10.1267664267658 -0.00927805263027548 -0.488735005775316 -0.403997379175989 -6.51309310957246 -3.63236668037447 -1.63523181686582 -1.6164012325925 -0.376421485800707 -0.00927805263027548 -0.376421485800707 -0.00927805263027548 -0.408705024805884 -0.376421485800707 -1.50542767663272 -0.00927805263027548 -0.376421485800707 -0.00927805263027548 -1.50542767663272 -3.42387252671985 -1.72938473647867 -1.58815535881313 -1.63523181686582 -0.00927805263027548 
-0.376421485800707 -0.00927805263027548 -0.427535608202335 -0.00927805263027548 -0.376421485800707 -1.50542767663272 -0.376421485800707 -0.00927805263027548 -0.00927805263027548 -0.408705024805884 -0.498150295281373 -1.64464710637188 -0.376421485800707 -3.70298136920724 -0.592303211386757 -0.00927805263027548 -1.63523181686582 -0.00927805263027548 -0.371043858889851 -0.00927805263027548 -0.29369380567486 -1.36754821181087 -0.00927805263027548 -1.63523181686582 -1.50542767663272 -0.376421485800707 -3.42387252671985 -0.00927805263027548 -0.427535608202335 -0.376421485800707 -1.50542767663272 -1.50542767663272 -3.31908413477016 -0.00927805263027548 -1.62581652385229 -6.44718606198524 -3.67944313491969 -6.1317560298984 -3.42387252671985 -1.50542767663272 
-0.376421485800707 -0.00927805263027548 -1.50542767663272 -0.376421485800707 -3.42387252671985 -1.50542767663272 -0.376421485800707 -0.00927805263027548 -0.427535608202335 -0.300429173564548 -3.54762905465201 -0.376421485800707 -0.00927805263027548 -1.50542767663272 -0.403997379175989 -0.403997379175989 -1.68230827491851 -0.00927805263027548 -0.427535608202335 -0.427535608202335 -0.381936665297589 -0.00927805263027548 -0.441658544215155 -1.63523181686582 -0.29369380567486 -1.63523181686582 -0.29369380567486 -0.00927805263027548 -0.00927805263027548 -0.00927805263027548 -0.408705024805884 -3.3742359174116 -1.86391428845682 -6.4075149595421 -6.6722435260829 -0.431573272551271 -0.366336214136823 -1.63993946161885 -0.00927805263027548 -0.00927805263027548 
-1.13591071814223 -0.29369380567486 -0.00927805263027548 -0.41341267043578 -1.63523181686582 -1.13591071814223 -1.13591071814223 -1.13591071814223 -1.13591071814223 -0.00927805263027548 -0.427535608202335 -0.29369380567486 -0.00927805263027548 -1.36754821181087 -5.88357298335717 -1.63523181686582 -0.29369380567486 -0.00927805263027548 -0.427535608202335 -1.63523181686582 -1.63523181686582 -1.20209286388656 -0.128238449532295 -3.17568949661513 -1.36754821181087 -0.29369380567486 -0.00927805263027548 -1.63523181686582 -3.23084126282005 -0.427535608202335 -0.00927805263027548 -1.63523181686582 -0.00927805263027548 -1.36754821181087 -3.43490288160448 -6.12072566679551 -0.451073837228681 -3.63236668037447 -6.41894019346707 -14.3604031859415 
-0.376421485800707 -0.427535608202335 -0.00927805263027548 -1.37306340158057 -3.0929617979982 -1.50542767663272 -3.42387252671985 -0.376421485800707 -1.50542767663272 -0.376421485800707 -1.50542767663272 -6.1317560298984 -3.42387252671985 -0.376421485800707 -1.48336696686345 -14.0449909138317 -1.63523181686582 -3.63236668037447 -6.41894019346707 -9.9949523596511 -0.00927805263027548 -0.488735005775316 -0.205450941943003 -0.00927805263027548 -0.376421485800707 -0.00927805263027548 -0.376421485800707 -1.53300357206256 -0.00927805263027548 -0.376421485800707 -0.00927805263027548 -1.50542767663272 -3.45144841804057 -0.00927805263027548 -0.376421485800707 -0.00927805263027548 -1.50542767663272 -0.00927805263027548 -0.427535608202335 -0.00927805263027548 
-0.376421485800707 -0.427535608202335 -1.63523181686582 -0.00927805263027548 -0.371043858889851 -0.00927805263027548 -0.29369380567486 -0.376421485800707 -1.36754821181087 -0.00927805263027548 -0.427535608202335 -1.63523181686582 -3.63236668037447 -1.50542767663272 -0.00927805263027548 -0.427535608202335 -0.376421485800707 -1.50542767663272 -1.50542767663272 -3.25841716235903 -1.55506428799553 -0.00927805263027548 -0.376421485800707 -0.376421485800707 -0.376421485800707 -0.00927805263027548 -0.00927805263027548 -1.63523181686582 -0.380459150149643 -1.62581652385229 -1.62581652385229 -1.64464710637188 -0.00927805263027548 -1.63523181686582 -0.380459150149643 -1.63523181686582 -1.64464710637188 -1.63523181686582 -1.63523181686582 -1.61169358783947 
-3.63236668037447 -0.00927805263027548 -6.32478727736169 -0.427535608202335 -1.62110887909927 -3.42387252671985 -0.954791909981984 -0.376421485800707 -1.50542767663272 -0.376421485800707 -1.50542767663272 -0.376421485800707 -0.00927805263027548 -0.427535608202335 -6.1317560298984 -6.1317560298984 -1.50542767663272 -0.300429173564548 -0.376421485800707 -1.35651786514449 -1.51094285818416 -5.93872478243512 -0.321269696995578 -0.00927805263027548 -0.328675049097657 -0.381936665297589 -3.25290198902584 -0.00927805263027548 -1.31791160250262 -0.371043858889851 -0.00927805263027548 -1.63523181686582 -0.427535608202335 -1.63523181686582 -0.326784878547024 -0.00927805263027548 -0.427535608202335 -1.63523181686582 -0.00927805263027548 -1.63523181686582 
-6.41894019346707 -0.29369380567486 -0.00927805263027548 -0.427535608202335 -0.00927805263027548 -0.310239342110942 -0.00927805263027548 -0.300429173564548 -0.00927805263027548 -0.427535608202335 -1.63523181686582 -1.59918571575233 -0.442603629490471 -0.00927805263027548 -0.427535608202335 -0.497755416241035 -0.00927805263027548 -1.52197321717793 -0.403997379175989 -0.00927805263027548 -0.376421485800707 -0.376421485800707 -0.376421485800707 -0.00927805263027548 -0.376421485800707 -0.427535608202335 -0.00927805263027548 -0.00927805263027548 -1.63523181686582 -3.42387252671985 -0.00927805263027548 -0.427535608202335 -0.427535608202335 -1.63523181686582 -0.427535608202335 -5.90580681367036 -1.82530804225147 -0.00927805263027548 -0.441658544215155 -6.18690781253984 
-14.3604031859415 -3.21981091615367 -3.42387252671985 -1.50542767663272 -0.376421485800707 -0.00927805263027548 -1.72938473647867 -1.50542767663272 -3.42387252671985 -6.1317560298984 -3.42387252671985 -1.50542767663272 -0.376421485800707 -3.42387252671985 -1.50542767663272 -3.42387252671985 -1.51645803973561 -0.00927805263027548 -13.9985666612737 -9.71732104168198 -6.18690781253984 -24.8852524566294 -39.0234508931975 -31.5844506283671 -3.45696359959201 -1.63523181686582 -0.00927805263027548 -0.427535608202335 -1.63523181686582 -9.98082942188455 -1.63523181686582 -1.50542767663272 -3.42387252671985 -0.00927805263027548 -1.63099493413287 -1.51094285818416 -3.42387252671985 -1.50542767663272 -5.99387654864004 -1.51094285818416 
-0.00927805263027548 -0.427535608202335 -0.376421485800707 -6.1317560298984 -6.36715609066135 -14.3604031859415 -0.427535608202335 -3.23635646902627 -3.42387252671985 -1.42269999445231 -0.348845592425424 -0.00927805263027548 -0.427535608202335 -1.63523181686582 -3.42387252671985 -3.42387252671985 -1.50542767663272 -3.42387252671985 -0.376421485800707 -1.47233661197881 -14.0449909138317 -1.6587700476459 -6.32949492299158 -10.3103646317609 -0.00927805263027548 -0.403997379175989 -1.59757065007292 -3.67944313491969 -0.403997379175989 -1.63523181686582 -0.455781481981709 -0.221996478379085 -0.00927805263027548 -0.376421485800707 -0.00927805263027548 -0.469904419748264 -1.72938473647867 -1.50542767663272 -0.376421485800707 -0.00927805263027548 
-3.42387252671985 -0.00927805263027548 -0.376421485800707 -0.00927805263027548 -0.00927805263027548 -0.00927805263027548 -0.376421485800707 -1.50542767663272 -0.00927805263027548 -0.376421485800707 -0.00927805263027548 -0.376421485800707 -0.00927805263027548 -0.376421485800707 -0.376421485800707 -14.1768049949763 -1.20760803721975 -3.42387252671985 -1.31239642916943 0.0427320881617165 -0.427535608202335 -0.376421485800707 -0.00927805263027548 -0.516980874293487 -1.58344771318323 -0.376421485800707 -0.376421485800707 -1.67289298541246 -6.32949492299158 -0.00927805263027548 -0.446366192475652 -14.0449909138317 -0.00927805263027548 -0.403997379175989 -0.376421485800707 -1.64464710637188 -6.44718606198524 -0.00927805263027548 -1.63523181686582 -0.00927805263027548 
-0.238542014815167 -0.00927805263027548 -1.63523181686582 -6.41894019346707 -1.36754821181087 -1.50542767663272 -3.42387252671985 -0.00927805263027548 -1.50542767663272 -1.39512411134984 -1.63523181686582 -1.36754821181087 -0.00927805263027548 -0.271633095905588 -0.00927805263027548 -0.323967400837159 -1.63523181686582 -0.155814349071269 -0.00927805263027548 -1.63523181686582 -6.41894019346707 -0.29369380567486 -0.00927805263027548 -0.427535608202335 -3.63236668037447 -0.00927805263027548 -0.427535608202335 -0.00927805263027548 -0.371043858889851 -1.52695596650135 -3.08744662466502 -0.299208987226306 -1.63523181686582 -0.427535608202335 -1.40926482312336 -0.00927805263027548 -6.14278637656478 -6.36715609066135 -3.08193145133183 -1.12488037147585 
-3.42387252671985 -1.50542767663272 -0.376421485800707 -0.00927805263027548 -0.469904419748264 -1.6587700476459 -1.50542767663272 -3.42387252671985 -1.50542767663272 -0.00927805263027548 -1.63523181686582 -25.089314050759 -3.42387252671985 -0.376421485800707 -0.00927805263027548 -24.8576765570904 -3.42387252671985 -0.00927805263027548 -1.63523181686582 -1.50542767663272 -0.00927805263027548 -0.385166796656406 -0.337815237540788 8.68884159059835e-05 0 0 0 0 0 0 0 0 0 0 0 0 0 0 0 0 
0 0 0 0 0 0 0 0 0 0 0 0 0 0 0 0 0 0 0 0 0 0 0 0 0 0 0 0 0 0 0 0 0 0 0 0 0 0 0 0 
0 0 0 0 0 0 0 0 0 0 0 0 0 0 0 0 0 0 0 0 0 0 0 0 0 0 0 0 0 0 0 0 0 0 0 0 0 0 0 0 
0 0 0 0 0 0 0 0 0 0 0 0 0 0 0 0 0 0 0 0 0 0 0 0 0 0 0 0 0 0 0 0 0 0 0 0 0 0 0 0 
0 0 0 0 0 0 0 0 0 0 0 0 0 0 0 0 0 0 0 0 0 0 0 0 0 0 0 0 0 0 0 0 0 0 0 0 0 0 0 0 
0 0 0 0 0 0 0 0 0 0 0 0 0 0 0 0 0 0 0 0 0 0 0 0 0 0 0 0 0 0 0 0 0 0 0 0 0 0 0 0 
0 0 0 0 0 0 0 0 0 0 0 0 0 0 0 0 0 0 0 0 0 0 0 0 0 0 0 0 0 0 0 0 0 0 0 0 0 0 0 0 
0 0 0 0 0 0 0 0 0 0 0 0 0 0 0 0 0 0 0 0 0 0 0 0 0 0 0 0 0 0 0 0 0 0 0 0 0 0 0 0 
0 0 0 0 0 0 0 0 0 0 0 0 0 0 0 0 0 0 0 0 0 0 0 0 0 0 0 0 0 0 0 0 
<B>
1e-09 1e-09 0.0641007771316634 1e-09 0.0352258305857203 1e-09 0.0214237986316646 9.8319773080982e-10 0.012870970370047 0.092010317141549 1e-09 1e-09 1e-09 0.235950563787076 1e-09 1e-09 1e-09 1e-09 1e-09 1e-09 0.00017137607289278 0.0535177564604719 109.569936112479 1e-09 1e-09 1e-09 0.00209716088566867 1e-09 0.0142414202856896 0.0575946349538885 1e-09 1e-09 9.8319773080982e-10 0.211824619333013 1e-09 1e-09 1e-09 55.7523856802678 1e-09 1e-09 
1e-09 1e-09 1e-09 1e-09 1e-09 1e-09 0.0944092788713601 1e-09 0.126429796686306 1e-09 1e-09 0.000363779148888708 1e-09 1e-09 1e-09 1e-09 1e-09 1e-09 0 
<U>
-216.284214201507 -8.96523697840063 -183.092458939546 -208.130872229863 -9.38395147584961 -138.201533863331 -190.358629116033 -65.4317104184377 -25.925449709299 -177.431255474621 -34.9129593552933 -186.965142300296 -446.61148811504 -54.8036268353987 -207.244129984681 -24.6657502491416 -89.289357296317 -115.368886947042 -7.37142229382169 -199.895593655347 -112.262807583875 -34.4339713767538 -10.2924983545172 -8.5287948019796 -233.7306363596 -48.0958598325657 -97.4036409740618 -113.603421798784 -149.880285816424 -69.6802683960386 -76.6198393821509 -8.72186676045545 -8.70393176440249 -84.9261516422458 -155.769309976072 -22.9576380810388 -202.264813592881 -61.6198635916986 -270.743097008651 -156.645063027961 
-254.913713116427 -19.2893188585374 0.4262927311995 -5.75622706674633 -201.881751926856 -199.668429791687 -28.5848044434049 -7.79129008090824 -169.236537942414 -230.499941972055 -54.6115646581307 -186.065071888435 -10.2203411917647 -259.865519357993 -163.647341859918 -221.445450465649 -56.2287705478737 -233.060887801583 -7.43130867135574 
<Uc>
-216.284214201507 -216.28421419151 -8.96523697840063 -8.9652262031909 -183.092458939546 -183.092458932994 -208.130872229863 -208.130872219881 -9.38395147584961 -9.38395146925064 -138.201533863331 -138.201533856696 -190.358629116033 -190.358629108228 -65.4317104184377 -65.4317104220876 -25.925449709299 -25.9254497000192 -177.431255474621 -177.431255467096 -34.9129593552933 -34.9129593477625 -186.965142300296 -186.965142294029 -446.61148811504 -446.611488126169 -54.8036268353987 -54.8036268391344 -207.244129984681 -207.2441299747 -24.6657502491416 -24.6657502418322 -89.289357296317 -89.2438229159963 -115.368886947042 -115.368886943219 -7.37142229382169 -7.33479039347228 -199.895593655347 -199.895593645401 
-112.262807583875 -112.262807548015 -34.4339713767538 -34.4339713706646 -10.2924983545172 -10.2924983522673 -8.5287948019796 -8.52879480196592 -233.7306363596 -233.730636349656 -48.0958598325657 -48.0958598362155 -97.4036409740618 -97.4036409704662 -113.603421798784 -113.603421794977 -149.880285816424 -149.880285811903 -69.6802683960386 -69.6802683916969 -76.6198393821509 -76.6198393714356 -8.72186676045545 -8.72186676045257 -8.70393176440249 -8.70393176439566 -84.9261516422458 -84.9261516384147 -155.769309976072 -155.769309966648 -22.9576380810388 -22.957638074922 -202.264813592881 -202.264811206301 -61.6198635916986 -61.6198635962 -270.743097008651 -270.743097016032 -156.645063027961 -156.645063034012 
-254.913713116427 -254.913713105199 -19.2893188585374 -19.2893188521728 0.4262927311995 0.426292731213169 -5.75622706674633 -5.75622706672346 -201.881751926856 -201.881751916811 -199.668429791687 -199.668429783891 -28.5848044434049 -28.5848044332044 -7.79129008090824 -7.79128437064615 -169.236537942414 -169.236537933429 -230.499941972055 -230.4999419621 -54.6115646581307 -54.6020422532814 -186.065071888435 -186.065071880664 -10.2203411917647 -10.2168421147642 -259.865519357993 -259.865519350667 -163.647341859918 -163.646818532388 -221.445450465649 -221.445450456562 -56.2287705478737 -56.2287705414003 -233.060887801583 -233.060887792581 -7.43130867135574 -7.43130867509912 
<Uefd>
0.000177465101903557 9.87758357636026e-09 0.000145795713985371 0.000167262451285485 0.000146987562343169 0.000147189283394388 0.000118088119125282 -5.90928416759641e-05 0.000196313853049474 0.00011810191022516 0.000118181677269047 0.000180541129467394 -0.000177197308431273 -5.9097096806334e-05 0.000167270877302241 0.000117695648204047 -3810.30327956221 5.90928416561528e-05 1724266100.98523 0.000167270785809781 -0.000128644496904599 0.000147245208174574 4.9081756150198e-05 -5.92576035252841e-09 0.000167270790448535 -5.90928416561528e-05 5.88392533118536e-05 5.90955674751704e-05 9.82707051687784e-05 9.81766801960184e-05 0.000274491321016742 -4.72051792727467e-09 0 5.9092836618889e-05 0.000233130776579406 0.000108249522834554 -428.880018721527 -9.81635124582167e-05 -0.000118111321796329 0.000313504675124566 
0.000245396531196916 0.000108519864943581 6.87801330666317e-09 2.99182067885862e-09 0.000167275986068411 0.000118183898170936 0.000274565930707893 -3.67760061617835e-07 0.000196323791185588 0.000167270757724383 -1349.44771775377 0.000118185083931769 1071.32451467564 0.000186324251146447 0.000196317247074086 0.000196343198414294 0.000111905391230606 0.000196327024916439 -5.90928416561528e-05 
<U_r>
-635068.678011936 -26324.3492686529 -537608.749126553 -611128.271050532 -27553.8077538274 -405796.908173967 -558944.180864963 -192125.116430284 -76124.099646079 -520985.931720763 -102513.847462734 -548979.990025249 -1311371.55982133 -160918.201881298 -608524.557101902 -72425.2829117741 -262177.590297352 -338754.11013078 -21644.4802894562 -586947.276165233 -329633.824943767 -101107.409811065 -30221.5459763208 -25042.83754561 -686296.070158342 -141222.392186503 -286003.311593119 -333570.2291808 -440088.867904183 -204600.026391943 -224976.474984786 -25609.7487919213 -25557.0868152922 -249366.043893676 -457380.628200494 -67409.8057513261 -593903.94371124 -180932.507973035 -794974.618618944 -459952.074919253 
-748495.28613834 -56638.632978683 1251.71021957587 -16901.8322817091 -592779.171537098 -586280.261907538 -83932.6810609943 -22877.3251434798 -496924.034974978 -676809.881712582 -160354.255624453 -546337.140991222 -30009.6731213021 -763035.122322006 -480512.650628857 -650223.457121805 -165102.807479076 -684329.508091341 -21820.3228156983 
<C>
5.15988712505593e-26 5.15988712505593e-26 9.23397768881944e-18 -4.98785784864734e-26 2.35878040989411e-18 -1.84761583253956e-28 0 -1.15129357400904e-31 0 -1.84679553776389e-17 -2.36494826565063e-26 0 -1.16325282228067e-26 -8.82102145868875e-18 0 -1.28997178126398e-26 1.37596990001491e-25 0 1.13708891627759e-25 0 -4.53278884312413e-21 -9.23397768881944e-18 -5.05744958016641e-14 -3.56234106443291e-26 0 0 -1.08210676040853e-19 1.61246472657998e-26 0 0 0 -2.8350684462995e-26 0 1.26967193221267e-17 6.87984950007457e-26 0 1.9967688197482e-25 1.72903841657071e-14 -3.70591735709031e-26 1.37596990001491e-25 
6.70548278140706e-26 5.48238007037192e-26 4.13479921333385e-26 1.79856845833619e-26 2.95891886706203e-26 -8.59981187509321e-27 -9.23397768881944e-18 6.23409976613308e-26 1.98135544572297e-17 0 6.35099982450253e-27 3.7652540437467e-20 -7.88763995418705e-26 -2.85239808008718e-26 -5.87667808554343e-26 0 -1.28997178126398e-26 0 7.9583712534668e-17 
<XF>
55.1395734093865 0 0 0 0 0 0 0 0 0 0 0 0 0 0 0 0 0 0 0 0 0 0 0 0 0 0 0 0 0 0 0 0 0 0 0 0 0 0 0 
0 0 0.0214225299311863 0 0 0 0 0 0 0 0 0 0 0 0 0 0 0 0 0 0 0 0 0 0 0 0 5.90816676891515e-10 0 0 0 0 0 0 0 0 0 0 0 0 
0 0 0 0 0 0 0 0 0 0 3.05530757353831e-10 0 0.0639420578673184 0 0 0 0 0 0 0 0 0 0 0 0 0 0 0 0 0 0 0 0 0 0 0 0 0 0 0 
0 0 0 0 0 0 0 0 0 0 0 0 0 0 0 0 0 0 0 0 0 0 0 0 0 0 0 0 0 0 0 0 0 0 0 0 0 0 0 0 
0 0 0 0 0 0 0 4.21035149750639e-10 0 0 0 0 0 0 0 0 0 0 0 0 0 0 0 0 0.0535177475399115 0 0 0 0 0 0 0 0 0 0 0 0 0 0 0 
0 0 0 0 0 0 0 0 0 0 0 0 0 0 0 0 0 0 0 0.000864872242760063 0 0 0 0 0 0 0 0 0 0 0 0 0 0 0 0 0 0 0 0 
0 0 0 0 0 0 0.00366544129642155 0 0 0 0 0 0 0 0 0 0 0 0.0128571557821208 0 0 0 0 0.043260240496247 0 0 0 0 0 0 0 0 0 0 0 0.0267351932083372 0 0 0 0 
0 9.07335577360739e-13 0 0 0 0 0 0 0 0 0 0 0 0 0 0 0 0 0 0.0113320425214611 0 0 0 0 0 0 0 0 0 0 0 0 0 0 0 0 9.83658357350923e-10 0 9.95830357738714e-10 0 
<YF>
55.1395734134198 0 0 0 0 0 0 0 0 0 0 0 0 0 0 0 0 0 0 0 0 0 0 0 0 0 0 0 0 0 0 0 0 0 0 0 0 0 0 0 
0 0 0.0214225299311863 0 0 0 0 0 0 0 0 0 0 0 0 0 0 0 0 0 0 0 0 0 0 0 0 5.90816676891807e-10 0 0 0 0 0 0 0 0 0 0 0 0 
0 0 0 0 0 0 0 0 0 0 3.05530757353705e-10 0 0.0639420575283466 0 0 0 0 0 0 0 0 0 0 0 0 0 0 0 0 0 0 0 0 0 0 0 0 0 0 0 
0 0 0 0 0 0 0 0 0 0 0 0 0 0 0 0 0 0 0 0 0 0 0 0 0 0 0 0 0 0 0 0 0 0 0 0 0 0 0 0 
0 0 0 0 0 0 0 4.21043271216627e-10 0 0 0 0 0 0 0 0 0 0 0 0 0 0 0 0 0.0535177475409548 0 0 0 0 0 0 0 0 0 0 0 0 0 0 0 
0 0 0 0 0 0 0 0 0 0 0 0 0 0 0 0 0 0 0 0.000864872228665368 0 0 0 0 0 0 0 0 0 0 0 0 0 0 0 0 0 0 0 0 
0 0 0 0 0 0 0.00366544130973899 0 0 0 0 0 0 0 0 0 0 0 0.0128571557821249 0 0 0 0 0.043260240348106 0 0 0 0 0 0 0 0 0 0 0 0.0267351932084501 0 0 0 0 
0 9.07335579483316e-13 0 0 0 0 0 0 0 0 0 0 0 0 0 0 0 0 0 0.0113320425239575 0 0 0 0 0 0 0 0 0 0 0 0 0 0 0 0 9.83658357350923e-10 0 9.95830357738714e-10 0 
<Falp>
1.32317613166209e-07 -0.332010203088737 -8.54076905637471 -10.7407693892116 -25.7724462031502 -3.5294654528624 -17.1168677198857 -38.2084322084627 -32.3759120020831 -10.7553827696916 -14.0027595512198 -32.2091839766242 -31.2236491434243 -48.4404655828237 -13.5621999211185 -34.3549908108014 -2.95711205423736 -37.3067834315223 -45.4743335808221 -67.5265626464231 -4.81584276873233 -1.76614635123519 -1.7234628345507 -1.90625860659628 -0.699878747545964 -1.27938355195834 -1.67671356484216 -2.79130172640648 -15.6899522561703 -6.97566997285865 -5.67566948635339 -5.46689795518984 -3.26894219205707 -36.7929094781434 -3.95244291674604 -60.1267875591288 -25.0845564058588 -23.4964749264466 -9.61435325056419 -5.33032023067141 
-10.7854087752594 -22.3541595948385 2.95853814222092e-09 -23.5033339703769 -38.181495875532 -8.45854418563619 -19.2891709405394 -11.3537998050422 -45.0195534148211 -92.9390191272959 -1.95560243864849 -3.6125845693612 -5.20101511324137 -7.29691439571944 -7.93280527641957 -2.74876721219812 -5.71370891612968 -5.60404667983239 -7.31201368550592 -28.2970353903715 -18.9454967410998 -35.4457559169865 -0.941553049295035 -0.809066149546595 -1.26063349150663 -12.3074064882442 -30.5225593554792 0.00249543004766522 -2.81101476445545 -27.8810490297336 -6.01632635681516 -14.9898882467065 -6.70471602707364 -1.9165279082209 -2.95130541005403 -1.63831936334874 -0.614153267472048 -0.0492687427893125 -0.622763117723165 -3.99082432943192 
-1.11343810180983 -3.77036888333657 -8.72986215002689 -13.1428218884934 -6.03196963820363 -4.22955940071638 -4.76459793645072 -5.00146420810017 -3.20397014405554 -8.71062699299933 2.68073177219049e-05 -1.96131671796719 -2.14322985565008e-06 -0.532387573172775 -0.328566845282489 -19.4001622506059 -5.21108612490269 -0.944626324643798 -4.87348061798806 -3.85647965502775 -31.2140833423824 -16.4237301306456 -3.67741802942098 -23.9252829173851 -6.24523589316035 -52.0166267488076 -6.46458343009266 -26.8599990286199 -3.895183561465 -12.1431987759874 -24.0958556271335 -10.4474108602957 -5.95483960896811 -17.6993309681931 -14.1708054358189 -15.0195717904056 -14.3762820582042 -5.32281605426811 -6.08311218783679 -4.21872912590492 
-5.07957089782533 -26.0302977000022 -9.98473250201035 -7.7558810642635 -13.6015779511135 -13.6517994073828 -10.322761234658 -10.6585078247799 -10.7889876691787 -38.8693810136727 -34.288405431828 -39.6093044478028 -1.08194181278707 -11.5375718422412 -44.1653242933144 -16.3695663596376 -4.01572639324013 -20.5201265687123 -17.1766545090076 -21.9213890312253 -65.1955757362901 -30.8685599367016 -50.6172434229612 -8.37010011008898 -16.7970470067098 -16.2849850959019 -2.91573393336847 -24.4162632775638 -40.3424758714014 -7.75405705973335 -11.9192091064542 -9.80720536854968 -13.3566723972804 -0.00348610378182892 -5.30615706917827 -21.1679121804722 -32.1934853890063 -14.0591387857759 -6.65000705203478 -7.66026245019434 
-8.35418333839321 -3.95149169374052 -3.59060158422877 -14.716390488815 -8.02382501473061 -4.8115028044331 -12.5699220553113 0.00108583915690392 -6.92121067670903 -0.822959103129681 -16.9854094652667 -24.280434182707 -10.7338034366365 -10.9596408805053 -48.4566604689157 -5.75642392116166 -7.25885371473737 -18.2537983479678 -2.26863878244633 0.00984851678426437 -6.24625234546007 -5.70643228212852 -2.78851288763455 -28.4579294028174 -1.11460825895525e-11 -1.38924449177621 -17.3335045531952 -22.6537929248777 -12.95358961689 -13.5343620277395 -11.9709411278094 -16.0669274482236 -15.5015224205438 -75.6233366057716 -4.55239294941485 -9.57230950540599 -64.4986386767221 -70.007810518893 -31.0170064510652 -22.2835175222675 
-21.2377442880254 -71.0569548710488 -81.847858662038 -5.32150317010108 -14.0971776083405 -7.76902662973556 -4.77928200239506 -3.97051110502285 -3.67073189679804 -1.90642768865711 -2.53216454125517 -1.08971570003009 -3.15109248379583 -2.76175858622746 -72.9598550344483 -79.0532668179345 -1.51495001966838 -1.4012214415231 -0.197685410713418 -9.39927979327211e-05 -1.22045284307983 -1.06270285457915 -2.67228058960255 -5.78455767578686 -19.1598567676431 -38.3482285024152 -8.05331371455778 -3.74013615511621 -11.0486506711174 -31.4125335475214 -10.380499528939 -2.76925941499624 -12.095885525463 -17.2516878699523 -16.5156613048998 -1.9063127335273 -3.94030975823694 -2.37570702216061 -2.76164363109765 -10.4754080013682 
-10.7721735062423 -25.2579599935639 -11.6444934913006 -12.9282130019296 -1.61557880770217 -0.573677552469237 2.09623318722543e-05 -0.392906414366635 -1.06259523484778 -3.87817455121345 -9.00980402111647 -19.0265963043266 -24.7500505177933 -16.7512994869361 -16.3798599241401 -23.5253077777248 -6.7761152995849 -19.9538007556607 -3.58931016323672e-09 -6.80439943905734 -9.41339822391991 -2.86177438319069 -14.5778584104564 2.30365950634219e-09 -2.75751992395467 -19.5316906699626 -5.9595385305801 -17.0561515791661 -7.54878236163252 -14.2009407925543 -75.0912515636685 -11.7647859584813 -19.1862694891026 -5.38561150657139 -7.10804619340562 2.42026258569558e-08 -92.9390191272959 -4.53076798014789 -7.31485627765344 -6.1696506318083 
-25.4422409235484 0.00113841678998071 -23.6151444842975 -7.18388018254513 -20.9396926931877 -27.2137231741349 -25.624962490735 -0.146810193967535 -28.2412040187969 -4.72125271539339 -25.251666816341 -15.6190154835137 -89.0742460868155 -26.4916716179478 -31.5966239116003 -4.59270226535231 -12.137359864031 -3.02355291743542 -0.858153301487739 1.24917314635905e-06 -9.60579016819984 -2.8446265803936 -3.64462626668914 -26.624195170216 -20.5530079985195 -4.97213691048582 -16.5384151730086 -8.78797456587406 -8.50446374894667 -4.60681271010127 -15.7440393902574 -18.6669029160405 -17.1138787373401 -30.1156783725639 -10.2197352937968 -31.3924043905905 1.04611082666573e-07 -20.0715520330181 -1.62932768749149e-12 -5.93892845899467 
<X>
7.3716444398493e-10 4.07919792238605e-14 7.49163856865645e-11 3.96626067793261e-11 1.52067694813123e-12 1.01985099912655e-13 8.27211189664598e-20 2.22984456903306e-19 1.41783696532829e-11 2.38215381200907e-15 8.11763817115676e-22 0 1.324123574083e-10 9.52903953060694e-10 1.7139709413829e-18 3.52638735088493e-24 1.25716544818127e-30 0 0 0 0 1.12517510187658e-23 5.6981655563791e-17 1.75988137131863e-15 2.07422249329763e-16 1.71282786976276e-18 6.07250337388518e-23 2.16654336397706e-25 9.67974723401822e-33 3.8218465325163e-20 2.21284290451754e-23 1.56053346752817e-27 0 0 1.50009016421203e-25 1.43174227543103e-20 0 0 4.34833018071263e-20 2.3547009565557e-11 
0 0 0 3.32084174886593e-19 7.05522210489782e-17 1.06454906596104e-15 7.40104819218494e-16 3.33333137244281e-17 7.79310892250109e-20 3.24870603022227e-23 9.85875960446413e-13 1.45531015623426e-09 1.16586032905555e-07 0 6.76073471040758e-28 0 8.98603906344444e-16 3.53242042432171e-10 2.52580754567984e-11 6.67380005372395e-17 5.27352167648255e-20 2.24074188139356e-19 5.13145484893757e-16 2.09544317554769e-12 5.59236917528457e-16 4.40915274339716e-20 2.56796220721363e-13 4.22342159094026e-17 6.18322316596331e-22 8.70097165478403e-14 1.29848470221796e-14 1.39151893734407e-13 7.64866880213205e-15 2.3451919976501e-15 4.06491899108547e-20 1.31566760820753e-28 1.26645839532828e-22 6.09371300070693e-19 0 0 
0 0 0 0 2.27086538734928e-13 5.16848239091389e-17 1.05220987236566e-12 0 0 2.2493601245144e-17 2.95380910230419e-23 9.81903107976868e-30 0 9.66023792513055e-13 4.11458820317253e-12 9.91038034380825e-10 4.98192498193295e-06 0.0268605069656853 0.00657752601012797 2.99554602179093e-26 1.02063901208742e-14 1.932669862501e-18 3.74491999636469e-24 4.50717940814923e-29 0 9.07757031716174e-10 7.01772415881867e-11 1.20520390209847e-06 3.79382887964252e-16 1.11007975832677e-11 3.09584507757346e-10 1.37838679136233e-10 2.14183546668883e-18 1.79452575113669e-16 4.04038516211768e-11 3.03666615929617e-18 6.29976478133422e-08 5.97591934425149e-23 8.11845377738995e-20 9.83197730809816e-10 
6.89306620720985e-24 0 2.56528257376103e-07 1.25330412779744e-07 0.0260676596825893 2.69035318587093e-23 1.44790721061634e-33 1.15354338025834e-18 1.55835214770183e-11 1.24934473875752e-06 9.3611997327653e-10 2.55960282033175e-23 1.37753934936485e-33 1.09748152074329e-18 1.0784673689828e-32 3.31653112032358e-05 1.04717805197329e-06 5.50511366354969e-17 6.853521578149e-13 1.4272699119274e-13 1.96436847573348e-11 3.80502266856506e-10 6.30795179305921e-33 1.03558057340012e-33 1.09683985081542e-18 1.58837964530304e-06 6.45921181832623e-10 1.63213939874187e-18 3.68956559026096e-12 0 0.00195949803697006 0 2.89441705700173e-06 1.15280317851789e-06 7.1471665210838e-33 1.76915280341284e-14 2.39314180702357e-15 6.43065955289603e-21 9.29702253095612e-22 2.35261673098713e-21 
8.08061910626489e-11 9.92921780322334e-20 1.21289490885532e-14 5.07834716984061e-10 3.67075086959177e-10 2.58955452899544e-11 3.53061220609152e-12 7.75560275923275e-15 2.88172391756244e-21 3.87911216283663e-19 5.57231316473553e-27 0 0 6.60590619577713e-19 2.97413969309477e-16 1.09207757805511e-21 2.59810654502161e-27 1.48144156256057e-20 6.71657759372831e-12 9.88621352138611e-27 3.0024915282034e-13 7.82083760430511e-12 5.28061497226724e-10 1.38516702054837e-10 0 3.33421800718439e-10 6.15809587281236e-11 0.2357157014693 0 1.99360525096628e-12 5.3205816877469e-16 4.194869224991e-20 2.44316000180255e-13 8.27810714529674e-14 1.2353787564437e-14 1.3238915284959e-13 7.27694575257954e-15 2.23121635976722e-15 1.20490890511168e-22 5.79756035309706e-19 
0 0 2.16050199971513e-13 4.91729567435132e-17 1.00107278224494e-12 0 9.19075320986356e-13 3.91462042663262e-12 9.91473644894581e-10 6.56944068932311e-10 1.40724854647265e-14 1.17055567651845e-10 5.41701708965656e-12 2.9017817184006e-14 1.76397701890257e-14 5.68047721500524e-13 2.33364870598232e-15 3.33545624685101e-18 4.10658466649868e-33 1.4062717615789e-20 6.93367047245543e-11 1.24500140466991e-14 1.15132574208872e-19 3.77358408939801e-20 2.7207813555854e-32 1.14537607398292e-10 1.28411212474855e-30 3.60654692061269e-11 7.25535626472858e-23 1.01797565245345e-21 1.15129357400904e-31 4.08747399596979e-19 4.26061593097847e-22 1.00324864741771e-24 1.96790740784496e-21 7.35911188007131e-22 4.97082904366513e-25 4.79996886328597e-33 4.00495242293551e-26 0 
4.02710478339098e-32 0 3.68691845920979e-20 3.24244405926515e-17 5.45370307083631e-14 1.57076884599267e-10 7.98238414145494e-13 2.91937884337844e-30 0 9.48675320728131e-19 1.75155123349335e-18 4.87041271224847e-18 6.67970354547767e-22 2.11403267613905e-22 2.59029741356714e-34 5.83149647324364e-21 2.43275772812104e-34 2.09148857536305e-21 8.8033776979712e-22 1e-09 2.91051917219348e-14 3.34868997869466e-20 6.98940967774941e-25 7.98173648147781e-31 0 1.60401526166274e-25 6.9570224297212e-22 5.82602752249207e-22 3.46316758289344e-20 7.32340924912821e-12 1.15239612613978e-20 8.87648764790867e-22 9.52543343163676e-10 4.00545696076836e-11 4.03940862671811e-24 0 0 0 2.22685439246555e-25 2.30265022183826e-31 
4.14347563497346e-28 1.07631523669804e-32 0 3.1856350205853e-29 2.18000238581096e-16 2.43473307543616e-18 5.19010555208801e-16 3.05679658884905e-24 5.80744330476405e-24 2.30941947972444e-33 0 0 4.88308188306868e-14 2.40385269777862e-18 0 3.1256289189368e-21 2.1354890529965e-12 1.49137151718934e-16 3.27653705157692e-13 8.50663527188169e-13 1.52484102008859e-14 2.57260025294462e-21 1.97220684962937e-13 1.69344425858353e-14 4.0149234582208e-19 3.56450032359217e-13 5.43602927706443e-14 9.73536902022894e-13 9.95072293408539e-10 0.000122004919892805 6.32446092653462e-09 5.63297874978917e-24 1.23375617686516e-27 1.55107683796983e-32 0 0 3.12720014265941e-17 1.58767670486718e-22 7.45855252610194e-12 1.23982310917759e-10 
1.87050995488267e-23 1.17295869792197e-24 1.09306191667153e-26 2.7320066733646e-29 0 8.8211144725536e-12 2.16145990660279e-22 2.55708537771975e-22 0 1.49540622462599e-18 2.22803832774331e-17 5.20094090149231e-17 3.95139918791986e-31 0 1.27988554620093e-28 0 1.48327025766254e-11 1.66270917475509e-12 1.24535691701441e-10 3.6771537627721e-15 5.62402029919251e-12 3.90839419203303e-34 0 1.17085754779237e-09 4.84927406191787e-18 1.54965078958039e-14 1.27416777966134e-18 2.84831371657263e-19 0 0 6.19721093849881e-25 8.35686369198617e-13 7.16434699240427e-10 5.56571197126128e-24 0 1.33144434941886e-19 1.04575095645633e-11 4.84475472527046e-05 1.86244924839525e-10 0.00173436794625967 
4.98310181657235e-21 0 8.90622653575252e-06 2.87103669375997e-16 4.6601053632785e-21 6.83677796645761e-13 0 1.19535572718128e-33 0 0 7.2942086739899e-09 3.75027847359527e-12 0 0 0 7.315353777761e-19 1.33746235441738e-13 0 0 0 2.45340667643624e-20 6.06475733697485e-14 2.16798591978997e-12 8.17003387172809e-18 1.15433453141815e-23 1.98253829681159e-11 0 0 4.93010051506602e-17 1.45785968243968e-15 2.79751197633051e-12 1.23737172583608e-08 4.94549488936841e-15 5.28722230881154e-11 1.05520051225907e-28 1.8295043864131e-23 0 5.66588069270966e-20 9.99999999999987e-10 0 
6.41346791016485e-32 1.82423954860459e-29 1.87611297449802e-24 3.88430791989972e-24 4.33680879605253e-24 0 0 1.04651115158738e-27 0 1.75095650584952e-33 9.51778419980648e-25 2.19752037033882e-33 4.27377241109714e-31 8.58047712258215e-29 2.29085920949348e-24 8.94038714347738e-34 4.17429634924788e-27 3.73387680916526e-26 0 0 2.01044612048419e-12 1.42746805489066e-16 3.13614181458924e-13 9.13598567270905e-13 1.42041948697252e-14 2.46236669527735e-21 3.20577563369676e-13 2.75265352148069e-14 6.52616278588972e-19 1.25869578246795e-11 5.20310087640024e-14 9.31822158403601e-13 9.828290784436e-10 9.99999999999978e-10 0 0 0 0.00177283386723317 1.1840549587345e-09 0 
0 7.37137694284425e-09 4.60176717641269e-15 1.66676645307129e-13 7.59096233873163e-09 3.94230225592942e-17 3.02543093315144e-05 9.90715549164343e-10 1.48663439578561e-13 4.05260092412242e-21 2.80334528738302e-19 1.46282478718659e-14 3.49362273637942e-23 9.12115886378444e-12 2.35149370973661e-05 9.79555865607564e-15 3.03396745504735e-10 8.88277348936301e-13 9.60044674805917e-08 9.18194545250654e-10 3.07600771449685e-20 3.04181002215215e-16 1.44502784109265e-16 2.6056677633167e-14 6.54067800345015e-08 1.40409164767761e-12 2.13784339966493e-20 1.00341484471847e-16 3.672581957639e-06 0 4.1569702285903e-09 3.36560321742821e-10 5.81524102988875e-23 6.73841964483117e-18 0.00107442585982476 5.25421711565024e-27 7.58658744039795e-07 0.000234858219164001 3.47891982629749e-27 1.75732204929449e-06 
3.73500825451707e-25 2.66678068750401e-24 4.51144295961392e-25 7.89616789171721e-08 7.01834545683265e-08 2.14523437321682e-11 1.11724368317669e-10 4.27995330998805e-14 1.72460489861399e-05 2.68774885937958e-18 2.33468477840978e-17 0.000148043288399486 0 6.19363986176517e-10 4.99306866850479e-10 4.68361093964299e-13 9.17905186877486e-13 0 0 0.201202191014543 6.33933669755014e-12 1.66235136959371e-07 1.41924186210213e-05 1.13950084360463e-06 1.13255477585572e-12 3.64738376619837e-11 6.92306986970293e-07 5.98077459000079e-15 0.00151627212209518 0 5.18911507086579e-19 4.0222800847677e-13 6.48650458218184e-10 3.50947313254427e-10 7.47736654878312e-11 0 0 5.60908970342304e-20 6.85131156126769e-15 2.27678743855662e-16 
9.92191337715585e-24 3.83577601228758e-12 1.01730509472749e-13 4.70727063665585e-12 1.50479010807478e-15 5.11483546106822e-25 3.47332504277569e-20 2.2760082639219e-29 7.4241645218746e-20 2.33360861527076e-30 8.08822434881899e-21 1.38563588740428e-30 0 0 0 0 1.82009487446384e-20 0 1.17738470635001e-11 3.95460038558592e-14 1.98188485585921e-22 1.0591740740812e-32 1.05626372295271e-11 1.88369613354913e-16 1.28014772468491e-23 1.98151807877734e-27 0 0 0 5.79618109617689e-12 0 0 0 8.88400573618891e-10 1.71339264876763e-22 1.47180291810759e-29 4.62344292822272e-26 3.64522074350283e-30 6.61491327235856e-21 3.77031909650743e-26 
2.12304553056348e-23 7.19350028886747e-24 5.10609918444793e-30 4.00768906252475e-26 5.37917365726863e-24 8.37136600107787e-26 3.71898509733723e-26 5.23278255506035e-24 0 0 2.75653880499769e-11 6.11878874706322e-31 0 4.37180644464577e-31 1.75685594186983e-18 8.69309010684354e-33 1.10272610628745e-24 2.53454247482522e-29 7.34025399639829e-14 0 2.10018693998704e-21 2.07717485845313e-22 1.24991853842977e-17 8.13844646877182e-19 8.17719809462721e-32 4.17366088940928e-14 6.25709348864233e-31 3.95317036762121e-32 1.67494551916422e-17 3.9529092446764e-23 7.85638142634838e-16 1.07333183455935e-26 8.87520166768344e-12 9.59386926810702e-10 1.96771136009225e-22 1.71837077914238e-22 2.60422020346557e-13 7.49322287877532e-14 0 7.07546603401637e-22 
0 0 5.17459536077621e-20 0 0 0 0 2.82724557379866e-13 2.10590162009465e-28 3.06696980233295e-16 1.69438582706423e-29 4.17047339492152e-33 7.75566522625823e-29 2.55315690333515e-24 1.99493062613012e-17 0 2.05253864357673e-31 7.98890849308529e-31 2.3866854682977e-12 1.44099112889421e-13 6.73891033855551e-29 2.47890644617984e-29 3.97949988996373e-33 0 0 0 0 1.35007132911506e-25 4.92538731377043e-26 1.73906247436378e-23 7.1072855685317e-27 9.50883122842231e-20 2.91411783007706e-24 0 3.52609540584634e-10 3.82070887148383e-24 5.91012132649685e-15 0 1.11392370103046e-26 3.50750998191922e-24 
5.32095034646126e-21 1.37354895662367e-18 5.42976780131011e-26 8.6643632403145e-20 1.88224778205246e-33 7.36141659997549e-20 8.67269736217006e-14 9.70933394154159e-10 2.89798773330885e-11 5.13157849144867e-27 5.50023239298522e-27 4.01157411488104e-27 7.20719988369883e-16 3.48534026909414e-11 1.55483973168218e-17 5.19512811326457e-33 3.6562793890495e-16 5.61668130153473e-13 1.47004377643962e-13 2.90197475996972e-13 1.12608322476854e-10 7.74073547834477e-11 1.34895257249964e-11 2.02089207559264e-12 6.3864135590301e-14 1.9130141521085e-27 9.44631942355831e-21 4.83452582761419e-19 2.7023295066425e-29 6.23196444837e-11 9.97003656870931e-13 1.66192452545038e-20 2.0297434257422e-22 8.01413958902338e-30 0 6.8721046242795e-10 7.65869309256764e-28 2.05379173303518e-13 7.82417596388808e-12 9.9999999999993e-10 
3.527996420975e-33 9.91280901356708e-30 2.13428776413117e-27 5.58112455124067e-26 1.2091841946575e-25 0 0 0 0 6.99482488179992e-23 5.24427494871289e-27 7.49946600025177e-28 9.99999999999948e-10 1.85788851967097e-27 0 0 5.87299269769592e-25 1.74400616807258e-23 3.38379071941123e-23 1.2654588614294e-25 0 0 0 0 0 0 0 0 0 0 0 0 4.6167100838951e-30 0 1.80179745123549e-12 2.42739854259237e-31 4.71887960393919e-16 3.65105700440796e-20 1.38864482818361e-24 4.45088250530098e-30 
2.15989143521326e-13 2.50860924894237e-12 5.12963062532118e-17 5.97691721167726e-13 1.22017694122901e-31 5.5945728938547e-14 1.7070072487151e-27 3.86792646569185e-16 1.74151883370436e-25 1.51147412352914e-20 5.98416842630554e-23 0 0 6.85841906230765e-19 0 0 0 2.53635278947165e-26 0 2.10364762537164e-32 2.67829154456947e-34 2.09887822570795e-21 0 0 0 0 3.26565172993975e-13 3.79617963844973e-19 8.86718400181821e-17 7.41734968172914e-14 1.59979759444659e-12 1.62559720252703e-12 8.30174733583466e-25 0 0 0 0 5.09797552169886e-34 0 4.36556363596936e-21 
4.34056848648577e-33 0 0 0 1.32988312438254e-20 3.50702265574418e-21 2.5855369245902e-34 1.92162239442822e-15 2.60814581824019e-30 8.35394295117689e-32 2.30192140501456e-21 0 1.02360272546366e-30 0 8.52828410688759e-29 1.08869956383902e-13 2.12160460921279e-12 1.99842773026191e-29 9.88960437259946e-10 2.45604791332362e-25 9.54360094686408e-10 5.49655197947393e-15 1.56446904442502e-13 1.18515382849767e-13 1.42151149722774e-14 4.53452313593482e-11 3.28644984528424e-18 2.58303203657537e-26 0 7.92219681399415e-22 1.39461849933518e-14 0.00536010151821109 9.23575769907904e-10 1.08406714764619e-17 4.81142012913831e-26 1.33100861093172e-23 0 1.43451968136258e-17 4.05843536994205e-18 2.62409993979616e-21 
2.1799080721599e-16 0.00062735844615336 3.10069843159627e-16 3.45805726210754e-05 9.22391904810617e-10 2.07444899694419e-12 1.44077458163909e-16 3.16537589941149e-13 6.3672184383101e-13 1.15795459336466e-14 2.48532087628281e-21 1.44531914054926e-13 1.24102519606482e-14 2.94231085587023e-19 1.67645022710939e-23 5.61295746218129e-33 3.81995298446777e-12 5.25160383240447e-14 9.4050828918467e-13 9.9199064817115e-10 2.31163393533281e-26 0 0 0 0 3.64080759253061e-26 0 2.31917287795988e-26 0 5.15858893933633e-27 0 2.05462423720396e-27 0 0 1.07069158381915e-25 2.89593565783262e-26 1.5256515033077e-27 0 0 0 
0 0 8.0037841725375e-29 0 0 0 2.61990169285313e-19 8.27937080453888e-21 8.39648123584197e-10 1.581297182455e-10 2.2221578997843e-12 0 1.15667560549047e-22 1.32199014369088e-22 1.5196693944773e-24 0 1.48487830788776e-26 0.000336762632097663 1.2246969836808e-13 6.31054660148034e-09 1.50400202203562e-07 6.93744160522215e-08 7.57020302348684e-16 1.14241335203071e-13 1.79397894570652e-08 7.25611787788534e-15 2.67724915919504e-05 4.39569023194598e-18 4.65342541250719e-17 6.61043202768971e-24 2.06814276631392e-13 7.77130533764165e-14 0 0 6.36367992772688e-13 0 2.52080826072912e-20 9.98166568098177e-10 9.12536528619662e-13 3.51590794279333e-23 
1.35087634654614e-26 1.49187110928827e-23 1.36519123718215e-19 8.1834431534423e-18 3.03864140981867e-17 1.45630713220237e-16 2.63220108290242e-20 0 2.6102399026315e-30 0 0 0 0 0 0 0 1.10289795760553e-13 1.72279753132401e-12 7.76279787293321e-34 1.71109963900316e-30 7.72177581848117e-33 0 0 0 5.75043615019872e-18 2.22041749001959e-13 8.576605275551e-13 9.92044943034532e-10 5.04184463494322e-12 3.18577347873432e-21 2.32602656300462e-16 0 0 5.18544552874797e-21 2.54248259200101e-23 1.93222613818141e-21 3.0643847384754e-28 5.66777202598717e-19 0 4.99843594063465e-23 
9.99877776808808e-10 9.22753879767035e-14 2.99472363879749e-14 2.48067316334987e-32 2.21186802011722e-27 2.27784887510518e-33 2.53563360564206e-15 3.58901215939292e-33 2.6049322548458e-28 4.72096742715886e-26 3.7742184999454e-25 3.67896705121574e-25 1.98334540499264e-27 6.63603901106363e-29 0 0 0 0 1.45008890090825e-11 3.93278696601764e-16 0 4.02171131861675e-14 4.96038272799125e-16 7.70083117900802e-23 2.77158082813993e-14 1.65098982357758e-14 3.06276669543907e-16 1.34977534899429e-18 5.34325422340809e-18 2.6298717224297e-34 2.26630965519751e-19 4.53135146468749e-17 5.0236145025462e-19 1.56330707574319e-15 4.10005647114438e-16 6.56474928579189e-18 1.61646015910085e-20 7.44635434116704e-21 5.95523922305382e-17 3.22639150517021e-14 
4.48491605773368e-25 1.60743632514851e-20 2.73632090133063e-17 4.60572845878745e-13 1.29206187823359e-24 0 7.2332768855822e-25 1.96013298657867e-32 6.18285407066572e-21 0 0 0 0 0 0 0 3.31702974206767e-21 2.5455702010904e-26 1.11051447590059e-26 1.22146202661416e-22 5.42497385438694e-27 9.60493159385737e-33 1.56979504864552e-13 1.02233908062622e-13 1.03755405509642e-17 5.53916103623751e-13 1.60744928894792e-32 1.10728216480592e-24 1.18244778565269e-30 4.35079893319983e-19 2.22744514210612e-21 0 0 0 0 6.71545028507079e-17 7.32811395351746e-20 4.69126435286009e-16 0 0 
4.23798804176049e-13 0 0 0 1.51972499206245e-33 0 0 1.57659448413698e-29 1.63539967953919e-30 3.93932656025415e-10 1.83514416447335e-18 1.9723600475468e-22 1.41433572195125e-13 5.29319660116771e-11 1.30632383484843e-11 1.81498323059458e-12 3.66928199421881e-15 2.92716722282791e-14 2.04843105196383e-32 9.61137329345378e-26 0 1.50084543726962e-21 7.68116116963188e-19 8.42711419216918e-30 7.02967645136713e-24 9.09935457281137e-32 0 2.32402764158494e-10 1.06419121172286e-11 4.94494117118956e-15 1.34338914063742e-19 2.62889428022276e-10 4.7652334440827e-23 9.51641882994137e-29 1.36225531921598e-12 3.07814744251373e-11 0 2.11903318256449e-25 0 0 
2.66296003657721e-33 6.7099579803196e-30 2.90877754056583e-28 2.27454363359602e-27 3.07030518403267e-26 2.77659767142144e-26 0 0 1.13064270409647e-23 4.16964222119213e-12 7.99385271437131e-23 0 0 2.08689619439098e-32 7.57238738875727e-21 0 3.4136540164961e-31 2.98764067974098e-33 0 0 4.9159886540491e-10 1.71333628683488e-05 2.71867467578092e-08 54.6279855452833 0 0 0 0 0 0 0 0 0 0 0 0 0 0 0 0 
0 0 0 0 0 0 0 0 0 0 0 0 0 0 0 0 0 0 0 0 0 0 0 0 0 0 0 0 0 0 0 0 0 0 0.0214225299311863 0 0 0 0 0 
0 0 0 0 0 0 0 0 0 0 0 0 0 0 0 0 0 0 0 5.90816676891515e-10 0 0 0 0 0 0 0 0 0 0 0 0 0 0 0 0 0 0 0 0 
0 0 3.05530757353831e-10 0 0.0639420578673184 0 0 0 0 0 0 0 0 0 0 0 0 0 0 0 0 0 0 0 0 0 0 0 0 0 0 0 0 0 0 0 0 0 0 0 
0 0 0 0 0 0 0 0 0 0 0 0 0 0 0 0 0 0 0 0 0 0 0 0 0 0 0 0 0 0 0 0 0 0 0 0 0 0 0 4.21035149750639e-10 
0 0 0 0 0 0 0 0 0 0 0 0 0 0 0 0 0.0535177475399115 0 0 0 0 0 0 0 0 0 0 0 0 0 0 0 0 0 0 0 0 0 0 0 
0 0 0 0 0 0 0 0 0 0 0 0.000864872242760063 0 0 0 0 0 0 0 0 0 0 0 0 0 0 0 0 0 0 0 0 0 0 0 0 0 0 0.00366544129642155 0 
0 0 0 0 0 0 0 0 0 0 0.0128571557821208 0 0 0 0 0.043260240496247 0 0 0 0 0 0 0 0 0 0 0 0.0267351932083372 0 0 0 0 0 9.07335577360739e-13 0 0 0 0 0 0 
0 0 0 0 0 0 0 0 0 0 0 0.0113320425214611 0 0 0 0 0 0 0 0 0 0 0 0 0 0 0 0 9.83658357350923e-10 0 9.95830357738714e-10 0 
<Y>
7.3716444398493e-10 4.07919792238605e-14 7.49163856865645e-11 3.96626067793261e-11 1.52067694813123e-12 1.01985099912655e-13 8.27211189664598e-20 2.22984456903306e-19 1.41783696532829e-11 2.38215381200907e-15 8.11763817115676e-22 0 1.324123574083e-10 9.52903953060694e-10 1.7139709413829e-18 3.52638735088493e-24 1.25716544818127e-30 0 0 0 0 1.12517510187658e-23 5.6981655563791e-17 1.75988137131863e-15 2.07422249329763e-16 1.71282786976276e-18 6.07250337388518e-23 2.16654336397706e-25 9.67974723401822e-33 3.8218465325163e-20 2.21284290451754e-23 1.56053346752817e-27 0 0 1.50009016421203e-25 1.43174227543103e-20 0 0 4.34833018071263e-20 2.3547009565557e-11 
0 0 0 3.32084174886593e-19 7.05522210489782e-17 1.06454906596104e-15 7.40104819218494e-16 3.33333137244281e-17 7.79310892250109e-20 3.24870603022227e-23 9.85875960446413e-13 1.45531015623426e-09 1.16586032905555e-07 0 6.76073471040758e-28 0 8.98603906344444e-16 3.53242042432171e-10 2.52580754567984e-11 6.67380005372395e-17 5.27352167648255e-20 2.24074188139356e-19 5.13145484893757e-16 2.09544317554769e-12 5.59236917528457e-16 4.40915274339716e-20 2.56796220721363e-13 4.22342159094026e-17 6.18322316596331e-22 8.70097165478403e-14 1.29848470221796e-14 1.39151893734407e-13 7.64866880213205e-15 2.3451919976501e-15 4.06491899108547e-20 1.31566760820753e-28 1.26645839532828e-22 6.09371300070693e-19 0 0 
0 0 0 0 2.27086538734928e-13 5.16848239091389e-17 1.05220987236566e-12 0 0 2.2493601245144e-17 2.95380910230419e-23 9.81903107976868e-30 0 9.66023792513055e-13 4.11458820317253e-12 9.91038034380825e-10 4.98192498193295e-06 0.0268605069656853 0.00657752601012797 2.99554602179093e-26 1.02063901208742e-14 1.932669862501e-18 3.74491999636469e-24 4.50717940814923e-29 0 9.07757031716174e-10 7.01772415881867e-11 1.20520390209847e-06 3.79382887964252e-16 1.11007975832677e-11 3.09584507757346e-10 1.37838679136233e-10 2.14183546668883e-18 1.79452575113669e-16 4.04038516211768e-11 3.03666615929617e-18 6.29976478133422e-08 5.97591934425149e-23 8.11845377738995e-20 9.83197730809816e-10 
6.89306620720985e-24 0 2.56528257376103e-07 1.25330412779744e-07 0.0260676596825893 2.69035318587093e-23 1.44790721061634e-33 1.15354338025834e-18 1.55835214770183e-11 1.24934473875752e-06 9.3611997327653e-10 2.55960282033175e-23 1.37753934936485e-33 1.09748152074329e-18 1.0784673689828e-32 3.31653112032358e-05 1.04717805197329e-06 5.50511366354969e-17 6.853521578149e-13 1.4272699119274e-13 1.96436847573348e-11 3.80502266856506e-10 6.30795179305921e-33 1.03558057340012e-33 1.09683985081542e-18 1.58837964530304e-06 6.45921181832623e-10 1.63213939874187e-18 3.68956559026096e-12 0 0.00195949803697006 0 2.89441705700173e-06 1.15280317851789e-06 7.1471665210838e-33 1.76915280341284e-14 2.39314180702357e-15 6.43065955289603e-21 9.29702253095612e-22 2.35261673098713e-21 
8.08061910626489e-11 9.92921780322334e-20 1.21289490885532e-14 5.07834716984061e-10 3.67075086959177e-10 2.58955452899544e-11 3.53061220609152e-12 7.75560275923275e-15 2.88172391756244e-21 3.87911216283663e-19 5.57231316473553e-27 0 0 6.60590619577713e-19 2.97413969309477e-16 1.09207757805511e-21 2.59810654502161e-27 1.48144156256057e-20 6.71657759372831e-12 9.88621352138611e-27 3.0024915282034e-13 7.82083760430511e-12 5.28061497226724e-10 1.38516702054837e-10 0 3.33421800718439e-10 6.15809587281236e-11 0.2357157014693 0 1.99360525096628e-12 5.3205816877469e-16 4.194869224991e-20 2.44316000180255e-13 8.27810714529674e-14 1.2353787564437e-14 1.3238915284959e-13 7.27694575257954e-15 2.23121635976722e-15 1.20490890511168e-22 5.79756035309706e-19 
0 0 2.16050199971513e-13 4.91729567435132e-17 1.00107278224494e-12 0 9.19075320986356e-13 3.91462042663262e-12 9.91473644894581e-10 6.56944068932311e-10 1.40724854647265e-14 1.17055567651845e-10 5.41701708965656e-12 2.9017817184006e-14 1.76397701890257e-14 5.68047721500524e-13 2.33364870598232e-15 3.33545624685101e-18 4.10658466649868e-33 1.4062717615789e-20 6.93367047245543e-11 1.24500140466991e-14 1.15132574208872e-19 3.77358408939801e-20 2.7207813555854e-32 1.14537607398292e-10 1.28411212474855e-30 3.60654692061269e-11 7.25535626472858e-23 1.01797565245345e-21 1.15129357400904e-31 4.08747399596979e-19 4.26061593097847e-22 1.00324864741771e-24 1.96790740784496e-21 7.35911188007131e-22 4.97082904366513e-25 4.79996886328597e-33 4.00495242293551e-26 0 
4.02710478339098e-32 0 3.68691845920979e-20 3.24244405926515e-17 5.45370307083631e-14 1.57076884599267e-10 7.98238414145494e-13 2.91937884337844e-30 0 9.48675320728131e-19 1.75155123349335e-18 4.87041271224847e-18 6.67970354547767e-22 2.11403267613905e-22 2.59029741356714e-34 5.83149647324364e-21 2.43275772812104e-34 2.09148857536305e-21 8.8033776979712e-22 1e-09 2.91051917219348e-14 3.34868997869466e-20 6.98940967774941e-25 7.98173648147781e-31 0 1.60401526166274e-25 6.9570224297212e-22 5.82602752249207e-22 3.46316758289344e-20 7.32340924912821e-12 1.15239612613978e-20 8.87648764790867e-22 9.52543343163676e-10 4.00545696076836e-11 4.03940862671811e-24 0 0 0 2.22685439246555e-25 2.30265022183826e-31 
4.14347563497346e-28 1.07631523669804e-32 0 3.1856350205853e-29 2.18000238581096e-16 2.43473307543616e-18 5.19010555208801e-16 3.05679658884905e-24 5.80744330476405e-24 2.30941947972444e-33 0 0 4.88308188306868e-14 2.40385269777862e-18 0 3.1256289189368e-21 2.1354890529965e-12 1.49137151718934e-16 3.27653705157692e-13 8.50663527188169e-13 1.52484102008859e-14 2.57260025294462e-21 1.97220684962937e-13 1.69344425858353e-14 4.0149234582208e-19 3.56450032359217e-13 5.43602927706443e-14 9.73536902022894e-13 9.95072293408539e-10 0.000122004919892805 6.32446092653462e-09 5.63297874978917e-24 1.23375617686516e-27 1.55107683796983e-32 0 0 3.12720014265941e-17 1.58767670486718e-22 7.45855252610194e-12 1.23982310917759e-10 
1.87050995488267e-23 1.17295869792197e-24 1.09306191667153e-26 2.7320066733646e-29 0 8.8211144725536e-12 2.16145990660279e-22 2.55708537771975e-22 0 1.49540622462599e-18 2.22803832774331e-17 5.20094090149231e-17 3.95139918791986e-31 0 1.27988554620093e-28 0 1.48327025766254e-11 1.66270917475509e-12 1.24535691701441e-10 3.6771537627721e-15 5.62402029919251e-12 3.90839419203303e-34 0 1.17085754779237e-09 4.84927406191787e-18 1.54965078958039e-14 1.27416777966134e-18 2.84831371657263e-19 0 0 6.19721093849881e-25 8.35686369198617e-13 7.16434699240427e-10 5.56571197126128e-24 0 1.33144434941886e-19 1.04575095645633e-11 4.84475472527046e-05 1.86244924839525e-10 0.00173436794625967 
4.98310181657235e-21 0 8.90622653575252e-06 2.87103669375997e-16 4.6601053632785e-21 6.83677796645761e-13 0 1.19535572718128e-33 0 0 7.2942086739899e-09 3.75027847359527e-12 0 0 0 7.315353777761e-19 1.33746235441738e-13 0 0 0 2.45340667643624e-20 6.06475733697485e-14 2.16798591978997e-12 8.17003387172809e-18 1.15433453141815e-23 1.98253829681159e-11 0 0 4.93010051506602e-17 1.45785968243968e-15 2.79751197633051e-12 1.23737172583608e-08 4.94549488936841e-15 5.28722230881154e-11 1.05520051225907e-28 1.8295043864131e-23 0 5.66588069270966e-20 9.99999999999987e-10 0 
6.41346791016485e-32 1.82423954860459e-29 1.87611297449802e-24 3.88430791989972e-24 4.33680879605253e-24 0 0 1.04651115158738e-27 0 1.75095650584952e-33 9.51778419980648e-25 2.19752037033882e-33 4.27377241109714e-31 8.58047712258215e-29 2.29085920949348e-24 8.94038714347738e-34 4.17429634924788e-27 3.73387680916526e-26 0 0 2.01044612048419e-12 1.42746805489066e-16 3.13614181458924e-13 9.13598567270905e-13 1.42041948697252e-14 2.46236669527735e-21 3.20577563369676e-13 2.75265352148069e-14 6.52616278588972e-19 1.25869578246795e-11 5.20310087640024e-14 9.31822158403601e-13 9.828290784436e-10 9.99999999999978e-10 0 0 0 0.00177283386723317 1.1840549587345e-09 0 
0 7.37137694284425e-09 4.60176717641269e-15 1.66676645307129e-13 7.59096233873163e-09 3.94230225592942e-17 3.02543093315144e-05 9.90715549164343e-10 1.48663439578561e-13 4.05260092412242e-21 2.80334528738302e-19 1.46282478718659e-14 3.49362273637942e-23 9.12115886378444e-12 2.35149370973661e-05 9.79555865607564e-15 3.03396745504735e-10 8.88277348936301e-13 9.60044674805917e-08 9.18194545250654e-10 3.07600771449685e-20 3.04181002215215e-16 1.44502784109265e-16 2.6056677633167e-14 6.54067800345015e-08 1.40409164767761e-12 2.13784339966493e-20 1.00341484471847e-16 3.672581957639e-06 0 4.1569702285903e-09 3.36560321742821e-10 5.81524102988875e-23 6.73841964483117e-18 0.00107442585982476 5.25421711565024e-27 7.58658744039795e-07 0.000234858219164001 3.47891982629749e-27 1.75732204929449e-06 
3.73500825451707e-25 2.66678068750401e-24 4.51144295961392e-25 7.89616789171721e-08 7.01834545683265e-08 2.14523437321682e-11 1.11724368317669e-10 4.27995330998805e-14 1.72460489861399e-05 2.68774885937958e-18 2.33468477840978e-17 0.000148043288399486 0 6.19363986176517e-10 4.99306866850479e-10 4.68361093964299e-13 9.17905186877486e-13 0 0 0.201202191014543 6.33933669755014e-12 1.66235136959371e-07 1.41924186210213e-05 1.13950084360463e-06 1.13255477585572e-12 3.64738376619837e-11 6.92306986970293e-07 5.98077459000079e-15 0.00151627212209518 0 5.18911507086579e-19 4.0222800847677e-13 6.48650458218184e-10 3.50947313254427e-10 7.47736654878312e-11 0 0 5.60908970342304e-20 6.85131156126769e-15 2.27678743855662e-16 
9.92191337715585e-24 3.83577601228758e-12 1.01730509472749e-13 4.70727063665585e-12 1.50479010807478e-15 5.11483546106822e-25 3.47332504277569e-20 2.2760082639219e-29 7.4241645218746e-20 2.33360861527076e-30 8.08822434881899e-21 1.38563588740428e-30 0 0 0 0 1.82009487446384e-20 0 1.17738470635001e-11 3.95460038558592e-14 1.98188485585921e-22 1.0591740740812e-32 1.05626372295271e-11 1.88369613354913e-16 1.28014772468491e-23 1.98151807877734e-27 0 0 0 5.79618109617689e-12 0 0 0 8.88400573618891e-10 1.71339264876763e-22 1.47180291810759e-29 4.62344292822272e-26 3.64522074350283e-30 6.61491327235856e-21 3.77031909650743e-26 
2.12304553056348e-23 7.19350028886747e-24 5.10609918444793e-30 4.00768906252475e-26 5.37917365726863e-24 8.37136600107787e-26 3.71898509733723e-26 5.23278255506035e-24 0 0 2.75653880499769e-11 6.11878874706322e-31 0 4.37180644464577e-31 1.75685594186983e-18 8.69309010684354e-33 1.10272610628745e-24 2.53454247482522e-29 7.34025399639829e-14 0 2.10018693998704e-21 2.07717485845313e-22 1.24991853842977e-17 8.13844646877182e-19 8.17719809462721e-32 4.17366088940928e-14 6.25709348864233e-31 3.95317036762121e-32 1.67494551916422e-17 3.9529092446764e-23 7.85638142634838e-16 1.07333183455935e-26 8.87520166768344e-12 9.59386926810702e-10 1.96771136009225e-22 1.71837077914238e-22 2.60422020346557e-13 7.49322287877532e-14 0 7.07546603401637e-22 
0 0 5.17459536077621e-20 0 0 0 0 2.82724557379866e-13 2.10590162009465e-28 3.06696980233295e-16 1.69438582706423e-29 4.17047339492152e-33 7.75566522625823e-29 2.55315690333515e-24 1.99493062613012e-17 0 2.05253864357673e-31 7.98890849308529e-31 2.3866854682977e-12 1.44099112889421e-13 6.73891033855551e-29 2.47890644617984e-29 3.97949988996373e-33 0 0 0 0 1.35007132911506e-25 4.92538731377043e-26 1.73906247436378e-23 7.1072855685317e-27 9.50883122842231e-20 2.91411783007706e-24 0 3.52609540584634e-10 3.82070887148383e-24 5.91012132649685e-15 0 1.11392370103046e-26 3.50750998191922e-24 
5.32095034646126e-21 1.37354895662367e-18 5.42976780131011e-26 8.6643632403145e-20 1.88224778205246e-33 7.36141659997549e-20 8.67269736217006e-14 9.70933394154159e-10 2.89798773330885e-11 5.13157849144867e-27 5.50023239298522e-27 4.01157411488104e-27 7.20719988369883e-16 3.48534026909414e-11 1.55483973168218e-17 5.19512811326457e-33 3.6562793890495e-16 5.61668130153473e-13 1.47004377643962e-13 2.90197475996972e-13 1.12608322476854e-10 7.74073547834477e-11 1.34895257249964e-11 2.02089207559264e-12 6.3864135590301e-14 1.9130141521085e-27 9.44631942355831e-21 4.83452582761419e-19 2.7023295066425e-29 6.23196444837e-11 9.97003656870931e-13 1.66192452545038e-20 2.0297434257422e-22 8.01413958902338e-30 0 6.8721046242795e-10 7.65869309256764e-28 2.05379173303518e-13 7.82417596388808e-12 9.9999999999993e-10 
3.527996420975e-33 9.91280901356708e-30 2.13428776413117e-27 5.58112455124067e-26 1.2091841946575e-25 0 0 0 0 6.99482488179992e-23 5.24427494871289e-27 7.49946600025177e-28 9.99999999999948e-10 1.85788851967097e-27 0 0 5.87299269769592e-25 1.74400616807258e-23 3.38379071941123e-23 1.2654588614294e-25 0 0 0 0 0 0 0 0 0 0 0 0 4.6167100838951e-30 0 1.80179745123549e-12 2.42739854259237e-31 4.71887960393919e-16 3.65105700440796e-20 1.38864482818361e-24 4.45088250530098e-30 
2.15989143521326e-13 2.50860924894237e-12 5.12963062532118e-17 5.97691721167726e-13 1.22017694122901e-31 5.5945728938547e-14 1.7070072487151e-27 3.86792646569185e-16 1.74151883370436e-25 1.51147412352914e-20 5.98416842630554e-23 0 0 6.85841906230765e-19 0 0 0 2.53635278947165e-26 0 2.10364762537164e-32 2.67829154456947e-34 2.09887822570795e-21 0 0 0 0 3.26565172993975e-13 3.79617963844973e-19 8.86718400181821e-17 7.41734968172914e-14 1.59979759444659e-12 1.62559720252703e-12 8.30174733583466e-25 0 0 0 0 5.09797552169886e-34 0 4.36556363596936e-21 
4.34056848648577e-33 0 0 0 1.32988312438254e-20 3.50702265574418e-21 2.5855369245902e-34 1.92162239442822e-15 2.60814581824019e-30 8.35394295117689e-32 2.30192140501456e-21 0 1.02360272546366e-30 0 8.52828410688759e-29 1.08869956383902e-13 2.12160460921279e-12 1.99842773026191e-29 9.88960437259946e-10 2.45604791332362e-25 9.54360094686408e-10 5.49655197947393e-15 1.56446904442502e-13 1.18515382849767e-13 1.42151149722774e-14 4.53452313593482e-11 3.28644984528424e-18 2.58303203657537e-26 0 7.92219681399415e-22 1.39461849933518e-14 0.00536010151821109 9.23575769907904e-10 1.08406714764619e-17 4.81142012913831e-26 1.33100861093172e-23 0 1.43451968136258e-17 4.05843536994205e-18 2.62409993979616e-21 
2.1799080721599e-16 0.00062735844615336 3.10069843159627e-16 3.45805726210754e-05 9.22391904810617e-10 2.07444899694419e-12 1.44077458163909e-16 3.16537589941149e-13 6.3672184383101e-13 1.15795459336466e-14 2.48532087628281e-21 1.44531914054926e-13 1.24102519606482e-14 2.94231085587023e-19 1.67645022710939e-23 5.61295746218129e-33 3.81995298446777e-12 5.25160383240447e-14 9.4050828918467e-13 9.9199064817115e-10 2.31163393533281e-26 0 0 0 0 3.64080759253061e-26 0 2.31917287795988e-26 0 5.15858893933633e-27 0 2.05462423720396e-27 0 0 1.07069158381915e-25 2.89593565783262e-26 1.5256515033077e-27 0 0 0 
0 0 8.0037841725375e-29 0 0 0 2.61990169285313e-19 8.27937080453888e-21 8.39648123584197e-10 1.581297182455e-10 2.2221578997843e-12 0 1.15667560549047e-22 1.32199014369088e-22 1.5196693944773e-24 0 1.48487830788776e-26 0.000336762632097663 1.2246969836808e-13 6.31054660148034e-09 1.50400202203562e-07 6.93744160522215e-08 7.57020302348684e-16 1.14241335203071e-13 1.79397894570652e-08 7.25611787788534e-15 2.67724915919504e-05 4.39569023194598e-18 4.65342541250719e-17 6.61043202768971e-24 2.06814276631392e-13 7.77130533764165e-14 0 0 6.36367992772688e-13 0 2.52080826072912e-20 9.98166568098177e-10 9.12536528619662e-13 3.51590794279333e-23 
1.35087634654614e-26 1.49187110928827e-23 1.36519123718215e-19 8.1834431534423e-18 3.03864140981867e-17 1.45630713220237e-16 2.63220108290242e-20 0 2.6102399026315e-30 0 0 0 0 0 0 0 1.10289795760553e-13 1.72279753132401e-12 7.76279787293321e-34 1.71109963900316e-30 7.72177581848117e-33 0 0 0 5.75043615019872e-18 2.22041749001959e-13 8.576605275551e-13 9.92044943034532e-10 5.04184463494322e-12 3.18577347873432e-21 2.32602656300462e-16 0 0 5.18544552874797e-21 2.54248259200101e-23 1.93222613818141e-21 3.0643847384754e-28 5.66777202598717e-19 0 4.99843594063465e-23 
9.99877776808808e-10 9.22753879767035e-14 2.99472363879749e-14 2.48067316334987e-32 2.21186802011722e-27 2.27784887510518e-33 2.53563360564206e-15 3.58901215939292e-33 2.6049322548458e-28 4.72096742715886e-26 3.7742184999454e-25 3.67896705121574e-25 1.98334540499264e-27 6.63603901106363e-29 0 0 0 0 1.45008890090825e-11 3.93278696601764e-16 0 4.02171131861675e-14 4.96038272799125e-16 7.70083117900802e-23 2.77158082813993e-14 1.65098982357758e-14 3.06276669543907e-16 1.34977534899429e-18 5.34325422340809e-18 2.6298717224297e-34 2.26630965519751e-19 4.53135146468749e-17 5.0236145025462e-19 1.56330707574319e-15 4.10005647114438e-16 6.56474928579189e-18 1.61646015910085e-20 7.44635434116704e-21 5.95523922305382e-17 3.22639150517021e-14 
4.48491605773368e-25 1.60743632514851e-20 2.73632090133063e-17 4.60572845878745e-13 1.29206187823359e-24 0 7.2332768855822e-25 1.96013298657867e-32 6.18285407066572e-21 0 0 0 0 0 0 0 3.31702974206767e-21 2.5455702010904e-26 1.11051447590059e-26 1.22146202661416e-22 5.42497385438694e-27 9.60493159385737e-33 1.56979504864552e-13 1.02233908062622e-13 1.03755405509642e-17 5.53916103623751e-13 1.60744928894792e-32 1.10728216480592e-24 1.18244778565269e-30 4.35079893319983e-19 2.22744514210612e-21 0 0 0 0 6.71545028507079e-17 7.32811395351746e-20 4.69126435286009e-16 0 0 
4.23798804176049e-13 0 0 0 1.51972499206245e-33 0 0 1.57659448413698e-29 1.63539967953919e-30 3.93932656025415e-10 1.83514416447335e-18 1.9723600475468e-22 1.41433572195125e-13 5.29319660116771e-11 1.30632383484843e-11 1.81498323059458e-12 3.66928199421881e-15 2.92716722282791e-14 2.04843105196383e-32 9.61137329345378e-26 0 1.50084543726962e-21 7.68116116963188e-19 8.42711419216918e-30 7.02967645136713e-24 9.09935457281137e-32 0 2.32402764158494e-10 1.06419121172286e-11 4.94494117118956e-15 1.34338914063742e-19 2.62889428022276e-10 4.7652334440827e-23 9.51641882994137e-29 1.36225531921598e-12 3.07814744251373e-11 0 2.11903318256449e-25 0 0 
2.66296003657721e-33 6.7099579803196e-30 2.90877754056583e-28 2.27454363359602e-27 3.07030518403267e-26 2.77659767142144e-26 0 0 1.13064270409647e-23 4.16964222119213e-12 7.99385271437131e-23 0 0 2.08689619439098e-32 7.57238738875727e-21 0 3.4136540164961e-31 2.98764067974098e-33 0 0 4.9159886540491e-10 1.71333628683488e-05 2.71867467578092e-08 54.6279855452833 0 0 0 0 0 0 0 0 0 0 0 0 0 0 0 0 
0 0 0 0 0 0 0 0 0 0 0 0 0 0 0 0 0 0 0 0 0 0 0 0 0 0 0 0 0 0 0 0 0 0 0.0214225299311863 0 0 0 0 0 
0 0 0 0 0 0 0 0 0 0 0 0 0 0 0 0 0 0 0 5.90816676891515e-10 0 0 0 0 0 0 0 0 0 0 0 0 0 0 0 0 0 0 0 0 
0 0 3.05530757353831e-10 0 0.0639420578673184 0 0 0 0 0 0 0 0 0 0 0 0 0 0 0 0 0 0 0 0 0 0 0 0 0 0 0 0 0 0 0 0 0 0 0 
0 0 0 0 0 0 0 0 0 0 0 0 0 0 0 0 0 0 0 0 0 0 0 0 0 0 0 0 0 0 0 0 0 0 0 0 0 0 0 4.21035149750639e-10 
0 0 0 0 0 0 0 0 0 0 0 0 0 0 0 0 0.0535177475399115 0 0 0 0 0 0 0 0 0 0 0 0 0 0 0 0 0 0 0 0 0 0 0 
0 0 0 0 0 0 0 0 0 0 0 0.000864872242760063 0 0 0 0 0 0 0 0 0 0 0 0 0 0 0 0 0 0 0 0 0 0 0 0 0 0 0.00366544129642155 0 
0 0 0 0 0 0 0 0 0 0 0.0128571557821208 0 0 0 0 0.043260240496247 0 0 0 0 0 0 0 0 0 0 0 0.0267351932083372 0 0 0 0 0 9.07335577360739e-13 0 0 0 0 0 0 
0 0 0 0 0 0 0 0 0 0 0 0.0113320425214611 0 0 0 0 0 0 0 0 0 0 0 0 0 0 0 0 9.83658357350923e-10 0 9.95830357738714e-10 0 
<XY>
7.37164443984929e-10 4.07919792238605e-14 7.49163856865644e-11 3.96626067793268e-11 1.52067694813124e-12 1.01985099912655e-13 8.27211189664598e-20 2.22984456903306e-19 1.41783696532829e-11 2.38215381200907e-15 8.11763817115676e-22 0 1.32412357408299e-10 9.52903953060694e-10 1.7139709413829e-18 3.52638735088493e-24 1.25716544818127e-30 0 0 0 0 1.12517510187658e-23 5.6981655563791e-17 1.75988137131863e-15 2.07422249329763e-16 1.71282786976276e-18 6.07250337388518e-23 2.16654336397706e-25 9.67974723401822e-33 3.8218465325163e-20 2.21284290451754e-23 1.56053346752817e-27 0 0 1.50009016421203e-25 1.43174227543103e-20 0 0 4.34833018071263e-20 2.3547009565557e-11 
0 0 0 3.32084174886593e-19 7.05522210489782e-17 1.06454906596104e-15 7.40104819218494e-16 3.33333137244281e-17 7.79310892250109e-20 3.24870603022227e-23 9.85875960446413e-13 1.45531015623428e-09 1.16586032904856e-07 0 6.76073471040758e-28 0 8.98603906344444e-16 3.53242042432232e-10 2.5258075456799e-11 6.67380005372395e-17 5.27352167648255e-20 2.24074188139356e-19 5.13145484893757e-16 2.09544317554769e-12 5.59236917528457e-16 4.40915274339716e-20 2.56796220721363e-13 4.22342159094026e-17 6.18322316596331e-22 8.70097165478403e-14 1.29848470221796e-14 1.39151893734407e-13 7.64866880213205e-15 2.3451919976501e-15 4.06491899108547e-20 1.31566760820753e-28 1.26645839532828e-22 6.09371300070693e-19 0 0 
0 0 0 0 2.27086538734928e-13 5.16848239091389e-17 1.05220987236566e-12 0 0 2.2493601245144e-17 2.95380910230419e-23 9.81903107976868e-30 0 9.66023792513055e-13 4.11458820317253e-12 9.91038034380825e-10 4.98192499213683e-06 0.026860508083437 0.00657752347341507 2.99554602179093e-26 1.02063901208742e-14 1.932669862501e-18 3.74491999636469e-24 4.50717940814923e-29 0 9.07757031716174e-10 7.01772415881864e-11 1.20520390209932e-06 3.79382887964252e-16 1.11007975832677e-11 3.09584507757386e-10 1.37838679136232e-10 2.14183546668883e-18 1.79452575113669e-16 4.04038516211768e-11 3.03666615929617e-18 6.29976478133422e-08 5.97591934425149e-23 8.11845377738995e-20 9.83197730809816e-10 
6.89306620720985e-24 0 2.56528257376108e-07 1.25330412777854e-07 0.0260676600248051 2.69035318587093e-23 1.44790721061634e-33 1.15354338025834e-18 1.55835214770183e-11 1.24934473857056e-06 9.3611997327653e-10 2.55960282033175e-23 1.37753934936485e-33 1.09748152074329e-18 1.12870990134906e-32 3.31653116636936e-05 1.04717805190793e-06 5.50511366354969e-17 6.853521578149e-13 1.4272699119274e-13 1.96436847573346e-11 3.80502266856506e-10 6.30795179305921e-33 1.03558057340012e-33 1.09683985081543e-18 1.58837964515247e-06 6.45921181832623e-10 1.63213939874187e-18 3.68956559026096e-12 0 0.00195949803665173 0 2.89441705650192e-06 1.15280317835863e-06 7.1471665210838e-33 1.76915280341284e-14 2.39314180702357e-15 6.43065955289603e-21 9.29702253095612e-22 2.35261673098713e-21 
8.08061910626489e-11 9.92921780322334e-20 1.21289490885532e-14 5.07834716984061e-10 3.67075086959177e-10 2.58955452899544e-11 3.53061220609152e-12 7.75560275923275e-15 2.88172391756244e-21 3.87911216283663e-19 5.57231316473553e-27 0 0 6.60590619577713e-19 2.97413969309477e-16 1.09207757805511e-21 2.59810654502161e-27 1.48144156256057e-20 6.71657759372831e-12 9.88621352138611e-27 3.0024915282034e-13 7.82083760430511e-12 5.28061497226718e-10 1.38516702054844e-10 0 3.33421800718437e-10 6.15809587281236e-11 0.235715702890592 0 1.99360525096628e-12 5.3205816877469e-16 4.194869224991e-20 2.44316000180255e-13 8.27810714529674e-14 1.2353787564437e-14 1.3238915284959e-13 7.27694575257954e-15 2.23121635976722e-15 1.20490890511168e-22 5.79756035309706e-19 
0 0 2.16050199971513e-13 4.91729567435132e-17 1.00107278224494e-12 0 9.19075320986356e-13 3.91462042663262e-12 9.91473644894581e-10 6.56944068932313e-10 1.40724854647265e-14 1.17055567651845e-10 5.41701708965656e-12 2.9017817184006e-14 1.76397701890257e-14 5.68047721500524e-13 2.33364870598232e-15 3.33545624685101e-18 4.10658466649868e-33 1.4062717615789e-20 6.93367047245537e-11 1.24500140466991e-14 1.15132574208872e-19 3.77358408939801e-20 2.7207813555854e-32 1.14537607398291e-10 1.28411212474855e-30 3.60654692061269e-11 7.59335202999697e-23 1.0653971082912e-21 1.20492737316228e-31 4.27788304463266e-19 4.45909963993772e-22 1.04998352696579e-24 2.05958380275644e-21 7.70192601702025e-22 5.20240554629998e-25 5.02357861823249e-33 4.19151724839657e-26 0 
4.21471021869981e-32 0 3.85866821508125e-20 3.39349551704341e-17 5.70769148950782e-14 1.5912383928451e-10 8.35285182972893e-13 3.19770920537011e-30 0 9.92870017540858e-19 1.83314563856405e-18 5.09731052283023e-18 6.99089073291128e-22 2.21251178950024e-22 2.71096811765773e-34 6.10316066718238e-21 2.54607993644873e-34 2.18891861151611e-21 9.21347024512383e-22 1e-09 3.01817222049186e-14 3.4736290493199e-20 7.25016856464476e-25 8.27954394339283e-31 0 1.66386078042666e-25 7.21659667479814e-22 6.04338296668263e-22 3.72641342168608e-20 7.08191276704983e-12 1.19538944319004e-20 9.20767924536083e-22 2.51761380312017e-10 3.13469374458499e-11 4.19011002218905e-24 0 0 0 2.30994077135544e-25 2.38855683021631e-31 
4.29807324412088e-28 1.11647234975961e-32 0 3.30448398285302e-29 2.261335506548e-16 2.52557560867726e-18 5.38370704801942e-16 3.17083798163813e-24 6.02411800605742e-24 2.4849654250781e-33 0 0 5.06265328008914e-14 2.49353482200861e-18 0 3.24224959881461e-21 2.1354890529965e-12 1.49137151718934e-16 3.27653705157692e-13 8.5066352718817e-13 1.52484102008859e-14 2.57260025294462e-21 1.97220684962937e-13 1.69344425858353e-14 4.0149234582208e-19 3.56450032359217e-13 5.43602927706443e-14 9.73536902022894e-13 9.95072293408539e-10 0.000122004926116576 6.32446092652763e-09 5.63297874978917e-24 1.23375617686516e-27 1.55107683796983e-32 0 0 3.12720014265941e-17 1.58767670486718e-22 7.45855252610193e-12 1.23982310917756e-10 
1.87050995488267e-23 1.17295869792197e-24 1.09306191667153e-26 2.7320066733646e-29 0 8.82111447255362e-12 2.16145990660279e-22 2.55708537771975e-22 0 1.49540622462599e-18 2.22803832774331e-17 5.20094090149231e-17 3.95139918791986e-31 0 1.27988554620093e-28 0 1.48327025766254e-11 1.66270917475509e-12 1.24535691701441e-10 3.6771537627721e-15 5.62402029919251e-12 3.90839419203303e-34 0 1.17085754779205e-09 4.84927406191787e-18 1.54965078958039e-14 1.27416777966134e-18 2.84831371657263e-19 0 0 6.19721093849881e-25 8.35686369198617e-13 7.16434699240337e-10 5.56571197126128e-24 0 1.33144434941886e-19 1.04575095645633e-11 4.84475485001946e-05 1.86244924839545e-10 0.0017343693639631 
4.98310181657235e-21 0 8.90622653098505e-06 2.87103669375997e-16 4.6601053632785e-21 6.83677796645761e-13 0 1.25103963472483e-33 0 0 7.29420867401534e-09 3.75027847359529e-12 0 0 0 7.315353777761e-19 1.33746235441738e-13 0 0 0 2.45340667643624e-20 6.06475733697485e-14 2.16798591978997e-12 8.17003387172809e-18 1.15433453141815e-23 1.98253829681157e-11 0 0 4.93010051506602e-17 1.45785968243968e-15 2.79751197633051e-12 1.23737172583699e-08 4.94549488936841e-15 5.28722230881136e-11 1.05520051225907e-28 1.8295043864131e-23 0 5.66588069270966e-20 9.99999999999987e-10 0 
6.41346791016485e-32 1.82423954860459e-29 1.87611297449802e-24 3.88430791989972e-24 4.33680879605253e-24 0 0 1.04651115158738e-27 0 1.75095650584952e-33 9.51778419980648e-25 2.19752037033882e-33 4.27377241109714e-31 8.58047712258215e-29 2.29085920949348e-24 8.94038714347738e-34 4.17429634924788e-27 3.73387680916526e-26 0 0 2.01044612048419e-12 1.42746805489066e-16 3.13614181458924e-13 9.13598567270905e-13 1.42041948697252e-14 2.46236669527735e-21 3.20577563369676e-13 2.75265352148069e-14 6.52616278588972e-19 1.25869578246795e-11 5.20310087640024e-14 9.31822158403601e-13 9.828290784436e-10 9.99999999999978e-10 0 0 0 0.00177283387202451 1.18405495873433e-09 0 
0 7.37137694284107e-09 4.60176717641269e-15 1.66676645307129e-13 7.59096233872825e-09 3.94230225592942e-17 3.02543093323729e-05 9.90715549164343e-10 1.48663439578561e-13 4.05260092412242e-21 2.80334528738302e-19 1.46282478718659e-14 3.49362273637942e-23 9.12115886378444e-12 2.35149371635662e-05 9.79555865607564e-15 3.03396745504735e-10 8.88277348936301e-13 9.60044674855489e-08 9.18194545250704e-10 3.07600771449685e-20 3.04181002215215e-16 1.44502784109265e-16 2.6056677633167e-14 6.54067800347562e-08 1.40409164767761e-12 2.13784339966493e-20 1.00341484471847e-16 3.67258195924587e-06 0 4.15697022859132e-09 3.36560321742821e-10 5.81524102988875e-23 6.73841964483117e-18 0.00107442599868243 5.25421711565024e-27 7.58658744039795e-07 0.00023485822580022 3.47891982629749e-27 1.75732205095718e-06 
3.73500825451707e-25 2.66678068750401e-24 4.51144295961392e-25 7.89616789175473e-08 7.01834545683261e-08 2.14523437321684e-11 1.11724368317668e-10 4.27995330998805e-14 1.72460490040163e-05 2.68774885937958e-18 2.33468477840978e-17 0.000148043291022928 0 6.19363986176517e-10 4.99306866850479e-10 4.68361093964299e-13 9.17905186877485e-13 0 0 0.201202191015769 6.33933669755013e-12 1.66235136956047e-07 1.41924187052406e-05 1.13950084352659e-06 1.13255477585572e-12 3.6473837661983e-11 6.92306986941448e-07 5.98077459000079e-15 0.0015162721207468 0 5.18911507086579e-19 4.0222800847677e-13 6.4865045821819e-10 3.50947313254422e-10 7.47736654878316e-11 0 0 5.60908970342304e-20 6.85131156126769e-15 2.27678743855662e-16 
9.92191337715585e-24 3.83577601228759e-12 1.01730509472749e-13 4.70727063665587e-12 1.50479010807478e-15 5.11483546106822e-25 3.47332504277569e-20 2.2760082639219e-29 7.4241645218746e-20 2.33360861527076e-30 8.08822434881899e-21 1.38563588740428e-30 0 0 0 0 1.82009487446384e-20 0 1.17738470635001e-11 3.95460038558592e-14 1.98188485585921e-22 1.0591740740812e-32 1.05626372295271e-11 1.88369613354913e-16 1.28014772468491e-23 1.98151807877734e-27 0 0 0 5.79618109617689e-12 0 0 0 8.88400573618891e-10 1.71339264876763e-22 1.47180291810759e-29 4.62344292822272e-26 3.64522074350283e-30 6.61491327235856e-21 3.77031909650743e-26 
2.12304553056348e-23 7.19350028886747e-24 5.10609918444793e-30 4.00768906252475e-26 5.37917365726863e-24 8.37136600107787e-26 3.71898509733723e-26 5.23278255506035e-24 0 0 2.75653900090731e-11 6.11878874706322e-31 0 4.37180644464577e-31 1.75685594186983e-18 8.69309010684354e-33 1.10272610628745e-24 2.53454247482522e-29 7.34025399778744e-14 0 2.10018693998704e-21 2.07717485845313e-22 1.24991853842981e-17 8.13844646877183e-19 8.17719809462721e-32 4.1736608898584e-14 6.25709348864233e-31 3.95317036762121e-32 1.67494551916429e-17 3.9529092446764e-23 7.8563814263643e-16 1.07333183455935e-26 8.87520187077128e-12 9.59389299916859e-10 1.96771136009225e-22 1.71837077914238e-22 2.60422020521413e-13 7.49322288022298e-14 0 7.07546603401637e-22 
0 0 5.17459536077621e-20 0 0 0 0 2.82724557585955e-13 2.10590162009465e-28 3.06696980233538e-16 1.69438582706423e-29 4.17047339492152e-33 7.75566522625823e-29 2.55315690333515e-24 1.99493062613022e-17 0 2.05253864357673e-31 7.98890849308529e-31 2.38668548298419e-12 1.44099112942957e-13 6.73891033855551e-29 2.47890644617984e-29 3.97949988996373e-33 0 0 0 0 1.35007132911506e-25 4.92538731377043e-26 1.73906247436378e-23 7.1072855685317e-27 9.50883122842231e-20 2.91411783007706e-24 0 3.52609540584634e-10 3.82070887148383e-24 5.91012132649685e-15 0 1.11392370103046e-26 3.50750998191922e-24 
5.32095034646126e-21 1.37354895662367e-18 5.42976780131011e-26 8.6643632403145e-20 1.88224778205246e-33 7.36141659997549e-20 8.67269736217006e-14 9.70933394154159e-10 2.89798773330885e-11 5.13157849144867e-27 5.50023239298522e-27 4.01157411488104e-27 7.20719988369883e-16 3.48534026909415e-11 1.55483973168218e-17 5.19512811326457e-33 3.6562793890495e-16 5.61668130153473e-13 1.47004377643962e-13 2.90197475996972e-13 1.12608322476855e-10 7.7407354783448e-11 1.34895257249964e-11 2.02089207559264e-12 6.3864135590301e-14 1.9130141521085e-27 9.44631942355831e-21 4.83452582761419e-19 2.7023295066425e-29 6.23196444836998e-11 9.97003656870931e-13 1.66192452545038e-20 2.0297434257422e-22 8.01413958902338e-30 0 6.87210462427949e-10 7.65869309256764e-28 2.05379173303518e-13 7.82417596388808e-12 9.9999999999993e-10 
3.527996420975e-33 9.91280901356708e-30 2.13428776413117e-27 5.58112455124067e-26 1.2091841946575e-25 0 0 0 0 6.99482488179992e-23 5.24427494871289e-27 7.49946600025177e-28 9.99999999999948e-10 1.85788851967097e-27 0 0 5.87299269769592e-25 1.74400616807258e-23 3.38379071941123e-23 1.2654588614294e-25 0 0 0 0 0 0 0 0 0 0 0 0 4.6167100838951e-30 0 1.80179745123549e-12 2.42739854259237e-31 4.71887960393919e-16 3.65105700440796e-20 1.38864482818361e-24 4.45088250530098e-30 
2.15989143521326e-13 2.50860924894237e-12 5.12963062532118e-17 5.97691721167726e-13 1.22017694122901e-31 5.5945728938547e-14 1.7070072487151e-27 3.86792646569185e-16 1.74151883370436e-25 1.51147412352914e-20 5.98416842630554e-23 0 0 6.85841906230765e-19 0 0 0 2.53635278947165e-26 0 2.10364762537164e-32 2.67829154456947e-34 2.09887822570795e-21 0 0 0 0 3.26565172993975e-13 3.79617963844973e-19 8.86718400181821e-17 7.41734968172914e-14 1.59979759444659e-12 1.62559720252703e-12 8.30174733583466e-25 0 0 0 0 5.09797552169886e-34 0 4.36556363596936e-21 
4.34056848648577e-33 0 0 0 1.32988312438254e-20 3.50702265574418e-21 2.5855369245902e-34 1.92162239442822e-15 2.60814581824019e-30 8.35394295117689e-32 2.30192140501456e-21 0 1.02360272546366e-30 0 8.52828410688759e-29 1.08869956383902e-13 2.12160460921279e-12 1.99842773026191e-29 9.88960437259946e-10 2.45604791332362e-25 9.54360094686408e-10 5.49655197947393e-15 1.56446904442502e-13 1.18515382849767e-13 1.42151149722774e-14 4.53452313593482e-11 3.28644984528424e-18 2.58303203657537e-26 0 7.92219681399415e-22 1.39461849933518e-14 0.00536010150136 9.23575769907906e-10 1.08406714764619e-17 4.81142012913831e-26 1.33100861093172e-23 0 1.43451968136258e-17 4.05843536994205e-18 2.62409993979616e-21 
2.1799080721599e-16 0.000627358446161012 3.10069843159627e-16 3.45805725491311e-05 9.22391904810515e-10 2.07444899694419e-12 1.44077458163909e-16 3.16537589941149e-13 6.36721843831011e-13 1.15795459336466e-14 2.48532087628281e-21 1.44531914054926e-13 1.24102519606482e-14 2.94231085587023e-19 1.67645022710939e-23 5.61295746218129e-33 3.81995298446777e-12 5.25160383240447e-14 9.4050828918467e-13 9.9199064817115e-10 2.33374849916219e-26 0 0 0 0 3.67563038411964e-26 0 2.34136244492563e-26 0 5.20792843553312e-27 0 2.07428008904471e-27 0 0 1.080932357498e-25 2.92364385318841e-26 1.54024393382238e-27 0 0 0 
0 0 8.08036330034715e-29 0 0 0 2.644968604767e-19 8.35855846302618e-21 8.3844244299236e-10 1.59314205023327e-10 2.24335171120546e-12 0 1.1677387024866e-22 1.33463878825476e-22 1.53420440583213e-24 0 1.49908544432098e-26 0.000336762632098072 1.2246969836808e-13 6.31054660147555e-09 1.5040020221302e-07 6.93744160519323e-08 7.57020302348684e-16 1.14241335203071e-13 1.79397894570458e-08 7.25611787788534e-15 2.67724915915326e-05 4.39569023194598e-18 4.65342541250719e-17 6.63358450800729e-24 2.0753905064227e-13 7.79851784918444e-14 0 0 6.3859508270186e-13 0 2.53850793857074e-20 9.98160151381966e-10 9.1572925542109e-13 3.51590794279333e-23 
1.35087634654614e-26 1.49187110928827e-23 1.36519123718215e-19 8.1834431534423e-18 3.03864140981867e-17 1.45630713220237e-16 2.63220108290242e-20 0 2.6102399026315e-30 0 0 0 0 0 0 0 1.10289795760553e-13 1.72279753132401e-12 7.76279787293321e-34 1.71109963900316e-30 7.72177581848117e-33 0 0 0 5.75043615019872e-18 2.22041749001959e-13 8.576605275551e-13 9.92044943034532e-10 5.04184463494322e-12 3.18577347873432e-21 2.32602656300462e-16 0 0 5.18544552874797e-21 2.54248259200101e-23 1.93222613818141e-21 3.0643847384754e-28 5.66777202598717e-19 0 4.99843594063465e-23 
9.99877776808808e-10 9.22753879767035e-14 2.99472363879749e-14 2.48067316334987e-32 2.21186802011722e-27 2.27784887510518e-33 2.53563360564206e-15 3.58901215939292e-33 2.6049322548458e-28 4.72096742715886e-26 3.7742184999454e-25 3.67896705121574e-25 1.98334540499264e-27 6.63603901106363e-29 0 0 0 0 1.45008890090826e-11 3.93278696601764e-16 0 4.02171131861675e-14 4.96038272799125e-16 7.70083117900802e-23 2.77158082813993e-14 1.65098982357758e-14 3.06276669543907e-16 1.34977534899429e-18 5.34325422340809e-18 2.6298717224297e-34 2.26630965519751e-19 4.53135146468749e-17 5.0236145025462e-19 1.56330707574319e-15 4.10005647114438e-16 6.56474928579189e-18 1.61646015910085e-20 7.44635434116704e-21 5.95523922305382e-17 3.22639150517021e-14 
4.48491605773368e-25 1.60743632514851e-20 2.73632090133063e-17 4.60572845878745e-13 1.29206187823359e-24 0 7.2332768855822e-25 1.96013298657867e-32 6.18285407066572e-21 0 0 0 0 0 0 0 3.31702974206767e-21 2.5455702010904e-26 1.11051447590059e-26 1.22146202661416e-22 5.42497385438694e-27 9.60493159385737e-33 1.56979504864552e-13 1.02233908062622e-13 1.03755405509642e-17 5.53916103623751e-13 1.60744928894792e-32 1.10728216480592e-24 1.18244778565269e-30 4.35079893319983e-19 2.22744514210612e-21 0 0 0 0 6.71545028507079e-17 7.32811395351746e-20 4.69126435286009e-16 0 0 
4.23798804176049e-13 0 0 0 1.51972499206245e-33 0 0 1.57659448413698e-29 1.63539967953919e-30 3.93932656025421e-10 1.83514416447335e-18 1.9723600475468e-22 1.41433572195125e-13 5.29319660116773e-11 1.30632383484843e-11 1.81498323059458e-12 3.66928199421881e-15 2.92716722282791e-14 2.04843105196383e-32 9.61137329345378e-26 0 1.50084543726962e-21 7.68116116963188e-19 8.42711419216918e-30 7.02967645136713e-24 9.09935457281137e-32 0 2.32402764158489e-10 1.06419121172286e-11 4.94494117118956e-15 1.34338914063742e-19 2.62889428022274e-10 4.7652334440827e-23 9.51641882994137e-29 1.36225531921598e-12 3.07814744251374e-11 0 2.11903318256449e-25 0 0 
2.66296003657721e-33 6.7099579803196e-30 2.90877754056583e-28 2.27454363359602e-27 3.07030518403267e-26 2.77659767142144e-26 0 0 1.13064270409647e-23 4.16964222119213e-12 7.99385271437131e-23 0 0 2.08689619439098e-32 7.57238738875727e-21 0 3.4136540164961e-31 2.98764067974098e-33 0 0 4.9159886540491e-10 1.7133362850682e-05 2.71867467578537e-08 54.6279855481146 0 0 0 0 0 0 0 0 0 0 0 0 0 0 0 0 
0 0 0 0 0 0 0 0 0 0 0 0 0 0 0 0 0 0 0 0 0 0 0 0 0 0 0 0 0 0 0 0 0 0 0.0214225299311863 0 0 0 0 0 
0 0 0 0 0 0 0 0 0 0 0 0 0 0 0 0 0 0 0 5.87431614188622e-10 0 0 0 0 0 0 0 0 0 0 0 0 0 0 0 0 0 0 0 0 
0 0 3.05530757353705e-10 0 0.0639420575283466 0 0 0 0 0 0 0 0 0 0 0 0 0 0 0 0 0 0 0 0 0 0 0 0 0 0 0 0 0 0 0 0 0 0 0 
0 0 0 0 0 0 0 0 0 0 0 0 0 0 0 0 0 0 0 0 0 0 0 0 0 3.54864095784995e-10 0 0 0 0 0 0 0 0 0 0 0 0 0 4.19991878139206e-10 
0 0 0 0 0 0 0 0 0 0 0 0 0 0 0 0 0.0535177475409548 0 0 0 0 0 0 0 0 0 0 0 0 0 0 0 0 0 0 0 0 0 0 0 
0 0 0 0 0 0 0 0 0 0 0 0.000864872228665368 0 0 0 0 0 0 0 0 0 0 0 0 0 0 0 0 0 0 0 0 0 0 0 0 0 0 0.00366544130973899 0 
0 0 0 0 0 0 0 0 0 0 0.0128571557821249 0 0 0 0 0.043260240348106 0 0 0 0 0 0 0 0 0 0 0 0.0267351932084501 0 0 0 0 0 9.0496029386546e-13 0 0 0 0 0 0 
0 0 0 0 0 0 0 0 0 0 0 0.0113320425239575 0 0 0 0 0 0 0 0 0 0 0 0 0 0 0 0 9.83658357350923e-10 0 9.95830357738714e-10 0 
<XU>
0 0 0 0 0 0 0 0 0 0 0 0 0 0 0 0 0 0 0 0 0 0 0 0 0 0 0 0 0 0 0 0 0 0 0 0 0 0 0 0 
0 0 0 0 0 0 0 0 0 0 0 0 0 0 0 0 0 0 0 0 0 0 0 0 0 0 0 0 0 0 0 0 0 0 0 0 0 0 0 0 
0 0 0 0 0 0 0 0 0 0 0 0 0 0 0 0 0 0 0 0 0 0 0 0 0 0 0 0 0 0 0 0 0 0 0 0 0 0 0 0 
0 0 0 0 0 0 0 0 0 0 0 0 0 0 0 0 0 0 0 0 0 0 0 0 0 0 0 0 0 0 0 0 0 0 0 0 0 0 0 0 
0 0 0 0 0 0 0 0 0 0 0 0 0 0 0 0 0 0 0 0 0 0 0 0 0 0 0 0 0 0 0 0 0 0 0 0 0 0 0 0 
0 0 0 0 0 0 0 0 0 0 0 0 0 0 0 0 0 0 0 0 0 0 0 0 0 0 0 0 0 0 0 0 0 0 0 0 0 0 0 0 
0 0 0 0 0 0 0 0 0 0 0 0 0 0 0 0 0 0 0 0 0 0 0 0 0 0 0 0 0 0 0 0 0 0 0 0 0 0 0 0 
0 0 0 0 0 0 0 0 0 0 0 0 0 0 0 0 0 0 0 0 0 0 0 0 0 0 0 0 0 0 0 0 0 0 0 0 0 0 0 0 
0 0 0 0 0 0 0 0 0 0 0 0 0 0 0 0 0 0 0 0 0 0 0 0 0 0 0 0 0 0 0 0 0 0 0 0 0 0 0 0 
0 0 0 0 0 0 0 0 0 0 0 0 0 0 0 0 0 0 0 0 0 0 0 0 0 0 0 0 0 0 0 0 0 0 0 0 0 0 0 0 
0 0 0 0 0 0 0 0 0 0 0 0 0 0 0 0 0 0 0 0 0 0 0 0 0 0 0 0 0 0 0 0 0 0 0 0 0 0 0 0 
0 0 0 0 0 0 0 0 0 0 0 0 0 0 0 0 0 0 0 0 0 0 0 0 0 0 0 0 0 0 0 0 0 0 0 0 0 0 0 0 
0 0 0 0 0 0 0 0 0 0 0 0 0 0 0 0 0 0 0 0 0 0 0 0 0 0 0 0 0 0 0 0 0 0 0 0 0 0 0 0 
0 0 0 0 0 0 0 0 0 0 0 0 0 0 0 0 0 0 0 0 0 0 0 0 0 0 0 0 0 0 0 0 0 0 0 0 0 0 0 0 
0 0 0 0 0 0 0 0 0 0 0 0 0 0 0 0 0 0 0 0 0 0 0 0 0 0 0 0 0 0 0 0 0 0 0 0 0 0 0 0 
0 0 0 0 0 0 0 0 0 0 0 0 0 0 0 0 0 0 0 0 0 0 0 0 0 0 0 0 0 0 0 0 0 0 0 0 0 0 0 0 
0 0 0 0 0 0 0 0 0 0 0 0 0 0 0 0 0 0 0 0 0 0 0 0 0 0 0 0 0 0 0 0 0 0 0 0 0 0 0 0 
0 0 0 0 0 0 0 0 0 0 0 0 0 0 0 0 0 0 0 0 0 0 0 0 0 0 0 0 0 0 0 0 0 0 0 0 0 0 0 0 
0 0 0 0 0 0 0 0 0 0 0 0 0 0 0 0 0 0 0 0 0 0 0 0 0 0 0 0 0 0 0 0 0 0 0 0 0 0 0 0 
0 0 0 0 0 0 0 0 0 0 0 0 0 0 0 0 0 0 0 0 0 0 0 0 0 0 0 0 0 0 0 0 0 0 0 0 0 0 0 0 
0 0 0 0 0 0 0 0 0 0 0 0 0 0 0 0 0 0 0 0 0 0 0 0 0 0 0 0 0 0 0 0 0 0 0 0 0 0 0 0 
0 0 0 0 0 0 0 0 0 0 0 0 0 0 0 0 0 0 0 0 0 0 0 0 0 0 0 0 0 0 0 0 0 0 0 0 0 0 0 0 
0 0 0 0 0 0 0 0 0 0 0 0 0 0 0 0 0 0 0 0 0 0 0 0 0 0 0 0 0 0 0 0 0 0 0 0 0 0 0 0 
0 0 0 0 0 0 0 0 0 0 0 0 0 0 0 0 0 0 0 0 0 0 0 0 0 0 0 0 0 0 0 0 0 0 0 0 0 0 0 0 
0 0 0 0 0 0 0 0 0 0 0 0 0 0 0 0 0 0 0 0 0 0 0 0 0 0 0 0 0 0 0 0 0 0 0 0 0 0 0 0 
0 0 0 0 0 0 0 0 0 0 0 0 0 0 0 0 0 0 0 0 0 0 0 0 0 0 0 0 0 0 0 0 0 0 0 0 0 0 0 0 
0 0 0 0 0 0 0 0 0 0 0 0 0 0 0 0 0 0 0 0 0 0 0 0 0 0 0 0 0 0 0 0 0 0 0 0 0 0 0 0 
0 0 0 0 0 0 0 0 0 0 0 0 0 0 0 0 0 0 0 0 0 0 0 0 0 0 0 0 0 0 0 0 0 0 0 0 0 0 0 0 
0 0 0 0 0 0 0 0 0 0 0 0 0 0 0 0 0 0 0 0 0 0 0 0 0 0 0 0 0 0 0 0 0 0 0 0 0 0 0 0 
0 0 0 0 0 0 0 0 0 0 0 0 0 0 0 0 0 0 0 0 0 0 0 0 0 0 0 0 0 0 0 0 0 0 0 0 0 0 0 0 
0 0 0 0 0 0 0 0 0 0 0 0 0 0 0 0 0 0 0 0 0 0 0 0 0 0 0 0 0 0 0 0 0 0 0 0 0 0 0 0 
0 0 0 0 0 0 0 0 0 0 0 0 0 0 0 0 0 0 0 0 0 0 0 0 0 0 0 0 0 0 0 0 0 0 0 0 0 0 0 0 
0 0 0 0 0 0 0 0 0 0 0 0 0 0 0 0 0 0 0 0 0 0 0 0 0 0 0 0 0 0 0 0 0 0 0 0 0 0 0 0 
0 0 0 0 0 0 0 0 0 0 0 0 0 0 0 0 0 0 0 0 0 0 0 0 0 0 0 0 0 0 0 0 0 0 0 0 0 0 0 0 
0 0 0 0 0 0 0 0 0 0 0 0 0 0 0 0 0 0 0 0 0 0 0 0 0 0 0 0 0 0 0 0 
<MU>
3.6641187498829e-24 1.61039483341091e-32 3.69806911904669e-26 -3.94353968943639e-24 -1.16094411547156e-26 -7.83603717783738e-29 1.9361617992219e-41 5.4303030825091e-41 7.40859819900729e-26 5.35131487857106e-35 7.98501463332785e-48 0 1.80042051740331e-25 3.24139379759497e-25 -6.2726637952581e-39 -2.65524825201401e-50 -3.37465961678477e-63 0 0 0 0 -1.7877654400611e-49 -6.93340396635875e-36 -6.61415610942362e-33 -9.18860545332118e-35 -6.26610454506851e-39 -1.71425814531405e-47 4.92539352180971e-53 2.39199560980305e-66 1.70850036495652e-41 -1.04555351899391e-48 -5.19985550549008e-57 0 0 -3.17657134298165e-53 -3.63534145788766e-43 0 0 -4.0306248883581e-42 -6.97332166956183e-27 
0 0 0 -1.25473695449239e-40 -1.81749723384103e-35 -6.98647143959791e-33 -4.75367817226921e-33 -1.2435584177794e-35 -8.32376292256576e-41 -1.71178604247999e-47 -4.0256523030879e-28 -1.10950337294406e-22 4.20559337218779e-18 0 -7.09361413180392e-58 0 -6.26594213694091e-34 -3.65324281868312e-22 -3.47139745957763e-24 -2.58468270700707e-35 -3.14454413693955e-42 -5.69497782977689e-41 -2.04360146050291e-34 -1.58939599183135e-27 3.39096731606753e-34 3.51364586141384e-42 2.38151172211531e-29 -6.40432443853887e-37 -1.36147411142101e-46 -2.74157611680356e-30 -6.10833518250282e-32 -5.56798467204688e-29 -3.15274350459033e-31 -3.60961018922128e-36 -1.19108068680632e-42 -1.86893804084899e-59 3.94687880698205e-47 1.04811497106801e-39 0 0 
0 0 0 0 1.86479165663932e-29 1.93246596689397e-36 -1.99592017759045e-31 0 0 -1.81786653856506e-37 -3.11134547946449e-49 -3.41220699224671e-62 0 -3.31216348454903e-28 -6.06850889963359e-27 -2.91845330631939e-25 -6.1341848716901e-14 -6.71949727674532e-09 1.52497502079517e-08 -9.99775558551005e-54 -2.62049943152505e-31 -2.01363511220166e-38 -1.15930303446191e-49 7.22646192092803e-61 0 -1.66723900251293e-24 1.77182584748594e-24 -5.12146624681941e-18 5.127511681639e-35 8.86734794007185e-26 -2.41244554665132e-22 6.79791217201805e-24 1.29330828455089e-38 1.02439169792492e-34 5.84865898075113e-25 3.2669535161634e-38 4.42797847322048e-29 -7.5290667305305e-48 -1.38723939051543e-41 -6.92113406491366e-31 
6.74222494543602e-49 0 -3.13256855384994e-20 1.13585038308325e-17 -2.05727071095844e-09 7.81091152851565e-49 3.7729925644817e-69 9.58588628875538e-40 8.66342382549486e-26 1.12395950600926e-15 -8.09655245314639e-26 7.07213943818019e-49 3.41574932019535e-69 8.68045288495749e-40 -1.60160870610389e-59 -2.76809661060885e-12 3.92897217800951e-16 -2.19321911944775e-36 -1.69981813650425e-28 5.74405831443098e-29 1.2276670864348e-24 -3.18224547554646e-25 -6.16730646235388e-61 -1.66221285865154e-62 -1.8646843257523e-32 9.05155376222728e-16 -1.41907062632143e-25 6.25282263559033e-42 4.82347929581699e-26 0 1.91368919744166e-12 0 3.00465926666133e-15 9.57443085473366e-16 5.48405432910901e-68 -6.59564082540877e-31 -1.2051435558594e-32 2.96725953598552e-44 6.17583890745055e-46 3.98818627486297e-45 
-9.45339344299711e-28 1.42568894285538e-41 1.0635736649736e-31 -7.69963950840217e-26 -6.0949496867449e-26 -4.06447721805279e-28 -9.47224286388048e-30 2.17244736144264e-32 2.34398665867726e-44 4.7917340637843e-40 8.58985896510336e-55 0 0 6.03597646727294e-39 6.39926079776375e-35 1.2942980388035e-45 9.7677479999904e-57 7.93387448793706e-44 1.6314968542249e-26 2.73916350657936e-54 6.22669857095802e-31 2.06809726733466e-28 3.28788230401261e-23 -4.5965174408724e-23 0 1.3499941674875e-23 1.11306412961198e-26 -8.54426579232147e-09 0 -1.43745140360858e-27 3.07023856286667e-34 3.18095640184071e-42 2.15747280008017e-29 -2.47948530324742e-30 -5.52438897261864e-32 -5.03939733646801e-29 -2.85358400666932e-31 -1.75132116197244e-36 3.57300894938368e-47 9.48816743855916e-40 
0 0 1.68936091215851e-29 1.7499320741277e-36 1.24503002102398e-31 0 -2.99547403397555e-28 -5.48832037915002e-27 7.23994009836783e-27 -7.64305200393977e-24 1.39695110144399e-31 -2.44764837927198e-25 -5.28698354725e-28 -1.53005858061082e-32 -5.70196239896548e-33 -8.16787512739178e-28 1.87127409263089e-33 3.52319247176918e-38 4.66230549686688e-67 2.73192890599601e-42 3.39358672473684e-24 1.65493275483283e-31 1.89484211430431e-41 4.64758627749955e-43 1.01886105125581e-66 4.51402434469698e-24 2.21883436068924e-62 -1.84490277572943e-26 -7.24869572686535e-40 -1.42697765635082e-37 -1.82521719942336e-57 -2.30065972602966e-32 -2.4996958266442e-38 -1.38598827747e-43 -5.33275608990195e-37 -7.45749924737328e-38 -3.40251516425572e-44 -3.17262851120176e-60 -2.20870189457374e-46 0 
-2.23320330632739e-58 0 -1.87184312606146e-34 -1.44772933448758e-28 -4.09567387500143e-22 -3.39758297056609e-15 -8.77420243762756e-20 -2.34721730616283e-54 0 -1.23930325734297e-31 -4.22462412393558e-31 -3.26643421828057e-30 -6.14407865484317e-38 -6.15411731115432e-39 -9.23935456862212e-63 -4.68276552585519e-36 -8.1496712391761e-63 -6.02356179283073e-37 -1.0671883154055e-37 0 5.27553023240244e-17 6.98774424585612e-29 3.04416445465543e-38 3.96992120852362e-50 0 1.60326055914109e-39 3.01601796222613e-32 2.11510621059819e-32 1.49473473489063e-28 2.9142485261032e-12 8.27543241006402e-30 4.9098635491499e-32 4.17101151980345e-09 5.77628469225728e-11 1.01676992999488e-36 0 0 0 3.09008736337878e-39 3.30402299935639e-51 
1.06983473769337e-44 7.21881801221796e-54 0 6.32381491694814e-47 2.96141377151693e-21 3.69393973553743e-25 1.67855209446592e-20 5.82264344771037e-37 2.10163394283747e-36 6.64695535392754e-55 0 0 1.48434829158704e-16 3.60083149259849e-25 0 6.08782205146801e-31 -1.64935257525088e-27 2.41226078324036e-35 3.88032144127478e-29 -2.08060635309281e-27 -1.25297321454253e-30 1.62880730439465e-44 1.40771278214388e-29 2.07543135256898e-31 1.74979902508445e-40 1.53649329725802e-32 -1.04792686357683e-30 -3.39444663324086e-28 4.01860121197375e-27 -3.74149379429106e-11 4.20066804634331e-20 -3.44399370836123e-50 -1.10450236383441e-57 -8.80164230138026e-68 0 0 2.4413550050184e-36 2.73235250736667e-47 9.86495082573905e-26 1.61408793652879e-23 
-3.79811139714753e-49 -1.49373861734731e-51 -1.29735910739109e-55 -8.10579639437484e-61 0 -1.13867652987834e-25 -1.68139983539293e-46 -3.99678650498344e-46 0 8.6608448443446e-39 2.1021935620088e-36 1.87165069259234e-36 -2.25406818198884e-64 0 -9.33142396337059e-59 0 3.90250043941363e-25 -1.000228470768e-27 -3.40496837458549e-29 2.88762528553161e-32 1.14434009308625e-26 -2.2106603300154e-70 0 1.93571377460424e-21 -1.70156585731464e-38 -1.14839437048501e-34 3.99536631582463e-39 1.23673460585532e-39 0 0 -4.14140626488996e-52 7.38353636515527e-28 5.40854208907149e-22 -3.35130892278612e-50 0 -1.28295516926814e-41 3.87962238564821e-25 -7.49943396524769e-12 -1.23378776898385e-22 -8.52269217590767e-09 
8.883389561116e-45 0 2.86602302611002e-14 -5.94027095148413e-35 -2.35071893403028e-44 -1.67737163995634e-28 0 -1.96759965105633e-61 0 0 -1.52985027450153e-19 -7.57930588111302e-26 0 0 0 -3.86782197482211e-40 -6.45699113639164e-30 0 0 0 -4.33927449892829e-43 -1.32084820509506e-30 1.32673926751055e-26 1.64267430892677e-37 8.00465573937811e-49 1.25167318383607e-24 0 0 3.27407085931106e-35 2.93980639259734e-32 2.49598175188697e-26 -5.48543593926541e-20 8.64415076559634e-32 1.08914142468829e-23 -7.91490413627044e-59 -2.25816741186533e-48 0 1.23793139284823e-41 -2.14154354958526e-25 0 
-1.45949715217103e-65 -1.42150646949903e-60 -1.50355290978104e-50 -6.4453080118286e-50 -8.03475353950126e-50 0 0 2.5619407102121e-56 0 -1.19868869975461e-68 -3.21388875639003e-51 -1.53855176835601e-68 -7.14092856445029e-64 -2.34603265593776e-59 -2.05185084274909e-50 -5.79534954454895e-70 4.20221307122906e-55 3.31182043737024e-53 0 0 -1.46185224770101e-27 2.20996517776201e-35 3.55491420800149e-29 -2.39985548229032e-27 -1.08724115711649e-30 1.49221217399027e-44 3.71942303877333e-29 5.48365042721707e-31 4.62327260586995e-40 1.91856511589899e-29 -9.60045212241491e-31 -3.1097824823121e-28 4.08225585491231e-27 0 0 0 0 -2.88036945213476e-11 1.00095052091825e-21 0 
0 1.91351483171398e-20 5.95812545602826e-32 8.82156530766224e-29 2.03195893429676e-20 5.49739485977776e-36 -5.16118180060086e-15 9.66891633403652e-26 -5.55496886663916e-29 4.63612890486852e-44 2.50273229252527e-40 7.74402676937017e-32 4.32857492087583e-48 3.01536941329252e-28 -3.97969973163304e-13 -3.45378483697591e-32 3.12772676009078e-25 -5.65568341124878e-28 -2.98007234920561e-17 -3.02158898300079e-22 -1.36285811084199e-42 -9.97967407493106e-35 4.39135500630133e-35 1.67349699243681e-30 -1.53120837578746e-18 -1.41360770573169e-27 -3.26481818952083e-43 2.845963480055e-35 -9.65990378608473e-15 0 -6.18706062197559e-21 4.25569018933933e-25 -1.19735331274042e-47 -1.2808949746688e-37 -8.34759357034382e-10 -7.8919707721289e-56 -8.58889272507137e-23 -3.98944220577624e-11 -3.46004415202073e-56 -9.99546082113192e-15 
-7.49447296875831e-52 -5.60818635205252e-50 -2.11660286266106e-51 -2.25578094756917e-18 2.34400359811847e-21 -9.82585636890906e-25 4.52200104483435e-24 1.32634824977183e-30 -1.07466132206389e-13 -1.80376587077425e-38 -2.73108642693321e-36 -1.57711344644149e-11 0 3.18231004544089e-25 -8.50623841786445e-26 1.16727148111672e-27 4.17855224467008e-27 0 0 -7.36958332746905e-12 1.44582544442062e-26 1.99826798546883e-17 -5.06294440642358e-13 4.69160330912075e-16 3.62068774540793e-27 4.23653378353516e-24 1.73404834440398e-16 1.26851530503652e-31 8.10597265325056e-12 0 -2.16901109400354e-40 -7.17885610714829e-29 -3.4469930266703e-23 3.44700020552643e-23 -2.00769975134072e-24 0 0 3.42036109932362e-42 1.70876418406131e-32 -1.84621365183587e-35 
-3.47723394719659e-50 -5.28559457178446e-27 -2.97293783801911e-29 -7.07383623198262e-26 5.05350577919001e-36 -2.82478123490402e-52 -8.66133340934923e-43 2.92589397686535e-60 1.55734289457788e-41 1.4869595067495e-61 8.81394217470495e-43 1.97438540640507e-62 0 0 0 0 1.64382391657063e-42 0 5.05288030804511e-26 1.13585091698363e-30 -1.39981615069632e-47 1.21507616486189e-69 3.02101968761133e-28 -1.26462180039891e-35 -5.79658225788391e-50 2.35977759519437e-56 0 0 0 -1.19453769573704e-26 0 0 0 2.04486675660592e-24 -4.55022233361128e-40 -3.35751683064379e-54 -3.3132162356253e-47 -2.05952194771443e-55 -6.78214557051963e-37 -2.20330689380082e-47 
-6.98614210158375e-42 -8.02046134398982e-43 -4.04107929414339e-55 -2.48946977552291e-47 -4.48487165865258e-43 -1.08620452934626e-46 -2.14371889663968e-47 -4.24408815836605e-43 0 0 -1.17773391440729e-17 -5.80296400672567e-57 0 -2.9623800176772e-57 -4.78399989516727e-32 -1.17129761759572e-60 -1.88475172827743e-44 -9.95676106390486e-54 -8.3510494358458e-23 0 -6.83651474287178e-38 -6.68751813257412e-40 -2.42148780851148e-30 -1.0266015620403e-32 -1.03640141139955e-58 -2.69993487212964e-23 -6.06826190339214e-57 -2.4222009027778e-59 -4.34830911519954e-30 -2.42187924741017e-41 -9.56674018027121e-27 -1.78561082414163e-48 -1.22088660482199e-18 -1.42662089115777e-14 -6.00124828601283e-40 -4.57670190905999e-40 -1.0511730708216e-21 -8.70274221383858e-23 0 -7.7594139308159e-39 
0 0 -4.15022458529402e-35 0 0 0 0 -1.23892767573628e-21 -6.87377156698768e-52 -1.45793404624444e-27 -4.44983131428998e-54 -2.69581215821646e-61 -9.32302946941434e-53 -1.01035479821034e-43 -6.16842791116037e-30 0 -6.5298265119337e-58 -9.89222193777853e-57 -8.82895455332632e-20 -3.2184109928282e-22 -7.03879479610711e-53 -9.52443347279439e-54 -2.45457254933296e-61 0 0 0 0 -2.82509012937829e-46 -3.76010172097868e-47 -4.68758533638528e-42 -7.82936265874873e-49 -1.40143541296475e-34 -1.31623394013693e-43 0 3.34132853224855e-25 9.29748886278069e-50 1.2387214486492e-31 0 -1.34732770859591e-55 -4.42820399128185e-50 
-1.73073351243259e-43 -1.62751271786071e-38 3.0949357641588e-54 1.0596704086461e-41 2.43734952186423e-69 -3.92357909622662e-42 -2.72460455755812e-30 -4.17353791642093e-25 3.0347667773837e-25 -2.84076044249392e-56 -3.25291674344832e-56 -1.74172446094513e-56 2.03716030400331e-33 -4.24337901918965e-25 2.52740401786397e-39 1.97022380938049e-68 1.46639664578102e-34 1.17922451547691e-28 8.07455815377603e-30 6.19477494676598e-29 -4.43152884161376e-24 -2.09492325475538e-24 -6.36484751321648e-26 -1.42913013765095e-27 4.89507541627873e-32 2.20301162689601e-56 2.20711746735823e-43 6.62667970104276e-40 1.9946884687106e-59 1.4535821384034e-24 7.31665748870882e-28 -9.30351421614283e-44 1.64476932166002e-47 3.20561726508711e-63 0 5.89274160005732e-24 1.62338844259099e-56 -1.44370097685666e-29 -2.1168629827869e-26 2.48568355022316e-25 
-5.31592314599078e-68 -4.19692817115802e-61 -1.9456272680269e-56 -1.33049350883967e-53 -6.24553850031303e-53 0 0 0 0 -1.73562612567609e-47 -8.76100888478753e-56 -2.19857448215795e-57 1.08123074426916e-25 -1.47426652742046e-56 0 0 -1.47323239852822e-51 -1.29916409172626e-48 -4.89092046453479e-48 -6.84061751270252e-53 0 0 0 0 0 0 0 0 0 0 0 0 -9.09584884458947e-62 0 -1.17355922612159e-27 -1.4713432912775e-64 2.41549204025752e-34 2.40991900357824e-42 7.62442224289016e-52 2.21579882934382e-62 
1.68704683184302e-29 -4.33326344768444e-27 -9.43462351630522e-37 -1.29191002660881e-28 -3.71795570435726e-65 -8.99870015662186e-30 -1.46003795646351e-56 -8.0618353771571e-34 -2.28200805123605e-52 -1.64567482245082e-43 8.81385439654008e-48 0 0 -1.4983836601061e-39 0 0 0 -1.11887315723565e-54 0 -4.49672156936853e-67 -3.2982250230062e-70 -1.08474289889325e-44 0 0 0 0 3.86166256973897e-29 -2.55576432299974e-40 5.6918148699449e-36 -7.76669398878592e-30 -2.68704275773322e-27 8.16195830679951e-31 -1.47161399347683e-51 0 0 0 0 -1.19485473583749e-69 0 -5.38141932806271e-44 
-9.34353695048104e-68 0 0 0 -5.62757079722526e-43 -3.47305215875919e-44 -3.31535321636415e-70 -1.3249163429031e-33 -1.69678935445933e-62 -1.73891780240206e-65 -1.88698414825422e-45 0 -3.70305632213478e-64 0 -1.81103547553482e-59 -4.20100578019362e-30 -1.61125804258477e-27 -9.95852614145957e-61 1.87777893896879e-25 -1.28810814243699e-52 -5.87597560776722e-26 2.18449029344751e-32 -6.15227007447944e-29 5.07415930005845e-30 7.30949368021332e-32 7.1173213938385e-27 1.07172532052758e-37 9.47022702531527e-54 0 8.45632072990804e-45 6.90677309241702e-31 1.01302295257875e-10 -1.1336851328493e-23 5.00387620398636e-37 2.13367287064027e-53 -1.13113331025801e-48 0 8.73472976282554e-37 6.96934113527539e-38 2.90448351126059e-44 
4.90827078759714e-35 -4.60002914558197e-14 1.39092186645849e-34 4.32501916744552e-13 6.15537908081237e-22 -1.55641549543864e-27 2.25135632610467e-35 3.62148674491828e-29 -1.16566551151454e-27 -7.22563127016941e-31 1.5201619184109e-44 7.56023715077272e-30 1.11462081721216e-31 9.39745667313388e-41 6.74037644019831e-53 2.28083227641988e-68 1.74980181906211e-30 -9.78030853937473e-31 -3.1680398424428e-28 2.99494919812207e-27 -2.60601583627702e-47 0 0 0 0 -6.46449172838928e-47 0 -2.62304157757115e-47 0 -1.297779091559e-48 0 -2.05875061350929e-49 0 0 -5.5907198186587e-46 -4.08993861081557e-47 -1.13514065319215e-49 0 0 0 
0 0 -3.12413388647924e-52 0 0 0 -3.34741002382054e-33 -3.34297851352718e-36 -3.43826631870015e-14 -1.21945859241761e-15 -2.40817915465177e-19 0 -6.52472297390853e-40 -8.52305633344783e-40 -1.12625603266343e-43 0 -1.07527773520987e-47 -2.45659324430844e-15 5.39584658158626e-30 2.87957991357845e-20 -5.68579084216494e-17 1.73886091114989e-18 1.61764935760023e-33 4.15615143896806e-29 1.16432084126956e-19 1.86718294001512e-31 2.51173920651668e-15 -4.0601281138495e-38 -4.55015944758361e-36 1.69185634838711e-42 1.65601710854439e-21 2.33825428654111e-22 0 0 1.56790731550773e-20 0 4.92054726782306e-35 3.85748499719996e-14 3.22406883136227e-20 -2.23582016529805e-48 
3.29735423889951e-55 -4.02588540661634e-49 -8.05557464679499e-41 -4.57785771376091e-37 -8.63260069956802e-36 -2.51592944431802e-34 -1.17022601609848e-41 0 6.90922337450871e-63 0 0 0 0 0 0 0 -1.31988383169407e-29 -1.07293093804814e-27 -1.74381490737364e-69 -7.41326631763573e-63 -1.72507523618703e-67 0 0 0 -4.78448729020471e-38 1.78053413820505e-29 -2.66259822241454e-28 -1.72870823435929e-25 9.19246540027762e-27 1.46714227655579e-44 1.95719009281184e-35 0 0 -4.84437164626236e-44 -1.16233280709973e-48 -6.73954105468247e-45 6.46111101103252e-59 -2.32557726200195e-40 0 2.62297617569632e-48 
-3.53286220595224e-25 3.07759423666238e-30 -3.2478911644345e-31 -8.90200101361628e-67 7.07369315880037e-57 1.12539678523517e-68 2.32684351411693e-33 -1.8635650925485e-68 -2.68723897379321e-58 -1.44283525469017e-53 -1.28021595818832e-51 -1.55661882339352e-51 -5.5127990107489e-56 -7.27843604576012e-59 0 0 0 0 -4.48939767325484e-25 -6.60524763612801e-34 0 -4.56816726334502e-30 -5.17019588102774e-34 2.03672279598112e-49 -2.72505161977611e-30 -1.65209945270857e-30 -8.04344653096832e-34 -2.02014747029201e-38 -1.92220549554589e-37 -5.90321768993624e-70 -2.19193751872229e-40 -8.76918830444718e-36 -1.07783466560657e-39 -1.65800049018468e-32 -1.56299076072722e-33 -5.09018642881895e-37 -3.74300433942534e-42 -4.00894810421211e-44 -1.28103274836613e-36 6.08432546271548e-34 
-2.18202613772262e-52 -2.75459242388537e-42 -5.58990472082219e-36 -1.50693158974477e-27 -7.72852250962184e-51 0 -7.57515257597418e-52 -6.95284994188356e-67 -4.1517020600411e-44 0 0 0 0 0 0 0 -8.60145468682056e-44 -5.30018639453793e-54 -1.40153022735326e-54 -1.64158422792479e-46 -3.02520597723761e-55 -1.34228774784099e-66 -8.74072116750759e-29 -3.32910381875614e-29 -3.03945177670276e-37 -1.19930918954193e-27 -2.84312910596617e-66 -5.22947319792921e-51 -5.95979819014395e-63 -8.07891258741916e-40 -3.59337357397879e-45 0 0 0 0 -1.92274111062236e-35 -2.2876820038765e-41 -9.390946330933e-34 0 0 
-7.02062243817489e-28 0 0 0 -3.33480928268627e-69 0 0 -3.57821377085941e-61 -3.85954867921436e-63 -3.52214018376924e-23 4.10618723542715e-39 1.04717454306252e-47 9.92470212474195e-30 -6.36345344283063e-25 -3.87839891102014e-26 -7.49186188178297e-28 -3.06408115657801e-33 1.15117951507132e-31 2.27365564212621e-66 5.67400615221863e-53 0 5.84710107373677e-45 1.74497971614484e-39 4.10497559041294e-61 3.214002356925e-49 2.27175054235362e-64 0 2.68232571348819e-23 9.72164980175042e-26 2.98373061831762e-32 -1.66280494622785e-42 9.31816194082944e-24 8.35900565884101e-48 2.51753715148785e-58 -4.08105189836357e-28 -2.11710207146854e-25 0 6.48974616553521e-53 0 0 
-2.80870945425256e-68 -2.91496636890686e-61 -7.60463578652218e-58 -5.95033062543907e-56 -1.32116376774612e-53 -1.27427005651327e-53 0 0 -9.25006452495021e-50 -1.98320075400068e-34 4.62387690163182e-48 0 0 -1.57567171634703e-67 -2.61634333123348e-51 0 -1.26480698047761e-64 -1.28546219066012e-68 0 0 0 1.06206039848579e-13 -2.67410515313405e-19 -1.70206896990431e-08 0 0 0 0 0 0 0 0 0 0 0 0 0 0 0 0 
0 0 0 0 0 0 0 0 0 0 0 0 0 0 0 0 0 0 0 0 0 0 0 0 0 0 0 0 0 0 0 0 0 0 5.12033468463791e-18 0 0 0 0 0 
0 0 0 0 0 0 0 0 0 0 0 0 0 0 0 0 0 0 0 -1.75584935648528e-21 0 0 0 0 0 0 0 0 0 0 0 0 0 0 0 0 0 0 0 0 
0 0 7.57091406884609e-22 0 2.03776901235104e-09 0 0 0 0 0 0 0 0 0 0 0 0 0 0 0 0 0 0 0 0 0 0 0 0 0 0 0 0 0 0 0 0 0 0 0 
0 0 0 0 0 0 0 0 0 0 0 0 0 0 0 0 0 0 0 0 0 0 0 0 0 0 0 0 0 0 0 0 0 0 0 0 0 0 0 -4.88231552927268e-14 
0 0 0 0 0 0 0 0 0 0 0 0 0 0 0 0 -6.27178759889857e-12 0 0 0 0 0 0 0 0 0 0 0 0 0 0 0 0 0 0 0 0 0 0 0 
0 0 0 0 0 0 0 0 0 0 0 8.47319296952133e-11 0 0 0 0 0 0 0 0 0 0 0 0 0 0 0 0 0 0 0 0 0 0 0 0 0 0 -8.00593550871764e-11 0 
0 0 0 0 0 0 0 0 0 0 -2.46680065484385e-14 0 0 0 0 8.90567100925761e-10 0 0 0 0 0 0 0 0 0 0 0 -6.78922891647256e-13 0 0 0 0 0 -1.27601188957225e-20 0 0 0 0 0 0 
0 0 0 0 0 0 0 0 0 0 0 -1.50073180584112e-11 0 0 0 0 0 0 0 0 0 0 0 0 0 0 0 0 4.52478403707174e-25 0 2.00111041286813e-34 0 
<EMU>
1.33699641621407e-11 7.397852805627e-16 1.35867026722989e-12 7.19321239165483e-13 2.75782946508608e-14 1.84953726794376e-15 1.49911860309303e-21 4.0439727161414e-21 2.57140578186545e-13 4.32018920579268e-17 1.47217256875329e-23 1.08053227009485e-48 2.40142499075697e-12 1.72821898815182e-11 3.10848561574952e-20 6.3954927548365e-26 2.28001580163234e-32 2.60983052836868e-40 2.91253023492159e-48 1.20660562953124e-71 8.56866323205028e-95 2.04063587843736e-25 1.03342519276084e-18 3.19174938470556e-17 3.76188042799613e-18 3.10649368834061e-20 1.10131547396816e-24 3.92927840951842e-27 1.75553488458162e-34 6.9313403524475e-22 4.0132348778674e-25 2.83020895732976e-29 1.17039934793915e-36 2.61963571694545e-42 2.72058796287248e-27 2.5966226246157e-22 5.51976669721613e-48 8.24828471305228e-44 7.88620202065114e-22 4.2703569909924e-13 
1.03441107703106e-94 1.07591937442454e-40 6.36426033179817e-58 6.02328751422222e-21 1.27960137341215e-18 1.93069900295873e-17 1.34226230702492e-17 6.04541755993546e-19 1.41341818516492e-21 5.89238043997933e-25 1.78802774496223e-14 2.63940058005604e-11 2.11447744183311e-09 4.63547893945246e-73 1.22634576373773e-29 3.02869028784173e-37 1.6298035697991e-17 6.4064886827069e-12 4.58091947846247e-13 1.21037323437285e-18 9.56467584941847e-22 4.06398237867083e-21 9.30694163835678e-18 3.8005971783375e-14 1.01425230108745e-17 7.99737833511705e-22 4.65729553401005e-15 7.65957478434864e-19 1.12150242915323e-23 1.57794951471109e-15 2.3544884511305e-16 2.52374071572047e-15 1.38715802648233e-16 4.25341044589819e-17 7.37215357468787e-22 2.38607753049407e-30 2.29517082090238e-24 1.10433329731428e-20 2.93761250085701e-95 5.90418914765656e-77 
1.62655915128235e-41 1.53352459373637e-48 5.97568940198842e-55 5.97890560129417e-44 4.11847650499775e-15 9.37357789188329e-19 1.90835227414202e-14 1.05051681199609e-49 2.84883164638495e-45 4.07944841244554e-19 5.35705482381491e-25 1.7809459074971e-31 5.73610073347501e-51 1.75205792442439e-14 7.46237155454647e-14 1.79739953982071e-11 9.03603658726244e-08 0.000487149034630518 0.00011929344072765 5.43278657627759e-28 1.85107915642392e-16 3.50516629368755e-20 6.79190771870475e-26 8.17446900877511e-31 1.04057063744822e-39 1.64633413669006e-11 1.27277499580683e-12 2.18555784298868e-08 6.88054323614744e-18 2.0132544502416e-13 5.61463835270879e-12 2.4998675068143e-12 3.88155746267789e-20 3.25212161064536e-18 7.32770472125433e-13 5.50326465173721e-20 1.14254399174583e-09 1.08375148315881e-24 1.47240348203301e-21 1.78316263651511e-11 
1.25033249941701e-25 1.91738996982187e-38 4.652481355661e-09 2.27315703290248e-09 0.000472782946622493 4.8794962232112e-25 2.62593201064836e-35 2.09193431300907e-20 2.82623938520359e-13 2.26582433783212e-08 1.69777182991484e-11 4.64235416362769e-25 2.49831249895184e-35 1.99026692998281e-20 1.95594077863642e-34 6.01484638969314e-07 1.89917409929052e-08 9.98412706107127e-19 1.24295403471261e-14 2.58657758628396e-15 3.56008310918463e-13 6.90066550367856e-12 1.14413772597252e-34 1.87810541840902e-35 1.98918795612968e-20 2.88069929354582e-08 1.17143924180616e-11 2.96018736190158e-20 6.68654708200792e-14 1.51539656622057e-36 3.55378894966874e-05 2.10604631047762e-41 5.24933353658815e-08 2.09073074132762e-08 1.29632178393064e-34 3.2083977476762e-16 4.34031753724605e-17 1.16616856593617e-22 1.68628015861271e-23 4.26672417879932e-23 
1.46540993666272e-12 1.80086923170151e-21 2.1995789079182e-16 9.21036064967716e-12 6.65749618360713e-12 4.69628132867706e-13 6.4022019330148e-14 1.40642118155191e-16 5.22153385031737e-23 7.02889222511245e-21 1.01096450540298e-28 1.19145962561374e-41 5.62696540789035e-54 1.19829022443234e-20 5.39358288736505e-18 1.98057551701323e-23 4.71217090562332e-29 2.68692690476386e-22 1.21800178063825e-13 1.79363931835003e-28 5.44502436832049e-15 1.41822259789038e-13 9.57750662339785e-12 2.51217739079387e-12 2.31636947803494e-48 6.04695079390854e-12 1.11697215894117e-12 0.00427502129627004 3.01616927172947e-95 3.61588929020966e-14 9.64959942078542e-18 7.6087081357976e-22 4.43095236158009e-15 1.50126163942246e-15 2.24006101538222e-16 2.40108767044646e-15 1.31974256055727e-16 4.04669596816297e-17 2.18362620427284e-24 1.0506630287841e-20 
2.93761250085701e-95 5.61724731788665e-77 3.91831977650324e-15 8.9180248049948e-19 1.81560692339298e-14 5.4573279504483e-51 1.66690843240692e-14 7.09970252502609e-14 1.79818959405374e-11 1.19148083102896e-11 2.55219151108163e-16 2.12292360083884e-12 9.82321520757105e-14 5.26253311804657e-16 3.1990698579981e-16 1.03020348038504e-14 4.23231136739333e-17 6.04464445128443e-20 7.45020945900858e-35 2.55086093591634e-22 1.25749126188285e-12 2.2579796522896e-16 2.08818117005901e-21 6.8438423429594e-22 4.93448504419987e-34 2.07725362260147e-12 2.32928642495984e-32 6.54088238936463e-13 1.315868742817e-24 1.84628033404486e-23 2.08804535067476e-33 7.41316500395486e-21 7.7272722434896e-24 1.8195217804927e-26 3.56909810422e-23 1.33467054272366e-23 9.01524436749747e-27 8.70547092486486e-35 7.26350165622349e-28 1.12480288447205e-66 
7.30376476323629e-34 2.5342172127708e-42 6.68670554425098e-22 5.88066321892331e-19 9.89099865735465e-16 2.8488034564054e-12 1.44770902825124e-14 5.29492446808679e-32 2.98978637124943e-40 1.72056633954448e-20 3.1767505199321e-20 8.83312600726611e-20 1.21145101420496e-23 3.83407290511387e-24 4.69789692382847e-36 1.05763019527654e-22 4.41233199318875e-36 3.7932875642203e-23 1.59660691086888e-23 1.81363576910484e-11 5.27701287475071e-16 6.07335609042241e-22 1.26762026380333e-26 1.44759166367704e-32 2.32317420804692e-40 2.90912514354561e-27 1.26174639640485e-23 1.05662577836197e-23 6.28097851623802e-22 1.2402761234823e-13 2.09002007126828e-22 1.60986634870439e-23 4.69219208079174e-12 5.52184890360599e-13 7.3259923852405e-26 2.46736759722549e-44 7.49506294818374e-38 2.80057514614693e-37 4.03868979923625e-27 4.17615550725178e-33 
7.51473156732006e-30 1.95206072528965e-34 3.12492024788678e-40 5.77756316399282e-31 3.95370849296203e-18 4.41570454255438e-20 9.41287977007676e-18 5.54389778766692e-26 1.05326790467983e-25 4.18848203294443e-35 6.42577182883452e-40 2.03089811118032e-52 8.85162493203894e-16 4.35969897419565e-20 1.73631484868476e-36 5.66873407754385e-23 3.87322973074341e-14 2.70481194272967e-18 5.94237639487915e-15 1.54281348378076e-14 2.76544264032235e-16 4.66225840770684e-23 3.5768180191785e-15 3.07123645731406e-16 7.28159245383435e-21 6.46482558724143e-15 9.85909536251887e-16 1.76564309847573e-14 1.80471631859247e-11 2.21274043683302e-06 1.14708882791847e-10 1.02169334119121e-25 2.23765936417694e-29 2.81308990689598e-34 7.62157907673507e-94 1.23665475055978e-92 5.67201753580766e-19 2.87980227286753e-24 1.35273302177924e-13 2.24856198236446e-12 
3.39233556478693e-25 2.12723973848763e-26 1.98221399466957e-28 4.95459024192617e-31 1.35490495327284e-50 1.59985150509328e-13 3.92019172853983e-24 4.63759284880252e-24 1.02139091421131e-51 2.71014677641579e-20 4.03788377158077e-19 9.43294950243692e-19 7.16672229210403e-33 9.05520397970897e-94 2.32123313607819e-30 5.01215116121224e-55 2.69015372855074e-13 3.01554551127268e-14 2.25861641215797e-12 6.66923081856366e-17 1.02000549243957e-13 7.08858891479518e-36 3.99228921630872e-46 2.1235499239867e-11 8.79512693817876e-20 2.81049802738008e-16 2.30913735075954e-20 5.16671185527184e-21 2.70437132472031e-95 9.8535927228806e-61 1.12397316224336e-26 1.5157756781033e-14 1.29938963963198e-11 1.00943531038604e-25 1.26198468190839e-38 2.41440317481347e-21 1.8966771701155e-13 8.7863873381278e-07 3.37766881491891e-12 3.145547085976e-05 
9.03763410241737e-23 2.80956771056189e-38 1.61528823417074e-07 5.20706729230077e-18 8.45169014812601e-23 1.23999818860963e-14 1.525765173341e-42 2.16793302385778e-35 3.81971021135531e-54 3.59432001701815e-48 1.32289264342456e-10 6.80165873509407e-14 1.03441107703106e-94 7.62157907673507e-94 2.03490768647008e-95 1.32671300025983e-20 2.42565650256504e-15 1.2002315224804e-56 1.27777434393928e-54 9.88397753571039e-60 4.44956131866447e-22 1.09993561633957e-15 3.929059673776e-14 1.48063152223563e-19 2.09359727396658e-25 3.59325687489854e-13 1.84057104442532e-44 5.36800859189984e-37 8.94282029224262e-19 2.64448235866028e-17 5.07398342707695e-14 2.24420062435188e-10 8.96924586319669e-17 9.588610703585e-13 1.91373236197221e-30 3.31803575834862e-25 2.19881801854584e-46 1.02756093248292e-21 1.81362980468986e-11 1.10482589528395e-36 
1.16312783889852e-33 3.30806243755675e-31 3.40232026641996e-26 7.04416638836174e-26 7.864934304073e-26 6.63433538876175e-37 8.52253799893345e-38 1.89852980532622e-29 7.41515952531253e-38 3.17543356788834e-35 1.72611373196625e-26 3.98540606089642e-35 7.75082585846746e-33 1.55615176941286e-30 4.15434047927291e-26 1.6202017291641e-35 7.57303066580182e-29 6.773892735715e-28 1.01169692514895e-38 1.85765326037627e-37 3.64643274899342e-14 2.5889142385168e-18 5.68775322834547e-15 1.65695595039507e-14 2.57606425878366e-16 4.46248664636401e-23 5.81403286984298e-15 4.99222203046588e-16 1.18360558585767e-20 2.28285820992287e-13 9.43664583836503e-16 1.6899875682926e-14 1.78251118550712e-11 1.81363586433995e-11 2.95902973003772e-49 2.39167398255586e-55 3.10625841033151e-95 3.21538700988093e-05 2.1475441986658e-11 1.03441107703106e-94 
7.62157907673507e-94 1.33694076807347e-10 8.33990040917846e-17 3.02077648247656e-15 1.37676444841866e-10 7.14512197621336e-19 5.48735611927936e-07 1.79679674230608e-11 2.69618731998665e-15 7.34439590341476e-23 5.08048511514997e-21 2.65302070488703e-16 6.33170214969032e-25 1.65428621880469e-13 4.26490971185676e-07 1.77656573397423e-16 5.50251593696933e-12 1.61102841179916e-14 1.74117340457488e-09 1.66528178507338e-11 5.57871436325446e-22 5.5166970327021e-18 2.61876261729727e-18 4.72216079164345e-16 1.18624637982964e-09 2.54650059718461e-14 3.87742269066669e-22 1.81848785054128e-18 6.66082893255557e-08 3.09522295634875e-44 7.53925291639051e-11 6.10396299204522e-12 1.05464725170332e-24 1.22213133619523e-19 1.94865032488061e-05 9.52979788705772e-29 1.37592588148406e-08 4.25929747964791e-06 6.30912754200139e-29 3.18712063311286e-08 
6.77395014948682e-27 4.83643915678042e-26 8.18180770051209e-27 1.43207743855888e-09 1.27286529136207e-09 3.89060001960972e-13 2.02629501033008e-12 7.76266008637868e-16 3.12779866177961e-07 4.87460812433372e-20 4.23417103584401e-19 2.68499288955853e-06 2.66701275784513e-42 1.12333552851353e-11 9.05557744176589e-12 8.49482180308958e-15 1.66484226892392e-14 1.12628976813571e-50 1.34073703893909e-65 0.00364907644248605 1.14971769848842e-13 3.01493641187915e-09 2.57395923957171e-07 2.06663154131418e-08 2.05249441180709e-14 6.6107073950378e-13 1.25558582175123e-08 1.08393005049021e-16 2.75002819506839e-05 1.79245630829942e-63 9.41108023545741e-21 7.2948437475412e-15 1.17640696580981e-11 6.36507362684606e-12 1.35617092221383e-12 9.0453390620521e-95 6.31342278559957e-94 1.01734036978351e-21 1.24257796185564e-16 4.12925549179979e-18 
1.79980084720748e-25 6.95647678368443e-14 1.84501540835258e-15 8.5369257709551e-14 2.72915172690587e-17 9.27645263880203e-27 6.29931553435746e-22 4.12785035109583e-31 1.34546036843556e-21 4.23369630193925e-32 1.46714950292663e-22 2.5133991510551e-32 4.80662237468909e-43 2.90682268147593e-54 6.99836253820495e-66 2.67039461579314e-78 3.30128607208365e-22 7.02980449320741e-76 2.13534282382459e-13 7.17230671605398e-16 3.59468524480538e-24 1.92101805080364e-34 1.91568228653504e-13 3.41631763543168e-18 2.32181550363111e-25 3.59378755778075e-29 1.09098756849749e-85 2.2132650350264e-95 7.10484465017066e-49 1.05122854477942e-13 1.2861747834476e-62 3.97721621080054e-37 2.87280518299986e-49 1.61123169718264e-11 3.1077365781857e-24 2.66969247934494e-31 8.38549652335624e-28 6.61196313315666e-32 1.19993733460305e-22 6.84094738599114e-28 
3.85049513487023e-25 1.30459552869178e-25 9.26064463395269e-32 7.2670694227737e-28 9.75628805093686e-26 1.51836723733439e-27 6.74492520467718e-28 9.49052528414685e-26 4.03958472339508e-40 7.08918402979375e-94 4.99925429073379e-13 1.10971911345032e-32 6.73756959806806e-83 7.92900209279106e-33 3.18658802365377e-20 1.57685646859642e-34 2.00050465441188e-26 4.59654919980056e-31 1.33124318349206e-15 2.46329537586801e-50 3.80963855119511e-23 3.76757711162292e-24 2.26696283725323e-19 1.47605394710649e-20 1.48284740512101e-33 7.56926914973059e-16 1.13476360083506e-32 7.16924570314658e-34 3.03768073460048e-19 7.16924162284868e-25 1.4249066967797e-17 1.94665421427633e-28 1.60963244436301e-13 1.73997379812122e-11 3.56888811681674e-24 3.11672127545395e-24 4.7233425730606e-15 1.3590640548193e-15 6.09072702022186e-46 1.28223338348074e-23 
1.08098214411365e-41 1.53808091720083e-38 9.37769917156557e-22 2.03490768647008e-95 2.93761250085701e-95 2.03988760754305e-54 1.57376163277554e-73 5.12745974087869e-15 3.81917420923954e-30 5.56230581276374e-18 3.07291209842575e-31 7.563784563729e-35 1.40654440695288e-30 4.63085405026796e-26 3.61801654507913e-19 2.21701592189901e-50 3.72270053808588e-33 1.448859675526e-32 4.32859764721474e-14 2.61336051341483e-15 1.2221452520836e-30 4.49592822736163e-31 7.21720235109306e-35 7.24372202172155e-38 9.08489588787916e-95 2.93761250085701e-95 5.97273525782857e-67 2.44859070147164e-27 8.93334990210705e-28 3.1541228874821e-25 1.28905342578412e-28 1.72463873379262e-21 5.2855071263818e-26 2.15362089266875e-57 6.39534245768212e-12 6.92971442694297e-26 1.07119340057014e-16 5.20031322592487e-43 2.02040653327415e-28 6.36153579209889e-26 
9.6502060636984e-23 2.49107660385905e-20 9.84815231877419e-28 1.5714295876265e-21 3.41402136974539e-35 1.33514127286864e-21 1.57291277121275e-15 1.76091308829431e-11 5.2559595139562e-13 9.30695151783e-29 9.97693088147808e-29 7.27567616177399e-29 1.30719527980473e-17 6.32144690443805e-13 2.81993312663564e-19 9.42232893602196e-35 6.63166923995661e-18 1.01867419229206e-14 2.66619846260772e-15 5.26329871610529e-15 2.04232845753914e-12 1.40377012447747e-12 2.44642549866401e-13 3.66444736849361e-14 1.1582735814775e-15 3.4695451584066e-29 1.71195998156156e-22 8.76158340411522e-21 4.90265342334704e-31 1.13026248989188e-12 1.80825660235003e-14 3.01416919909815e-22 3.68123837099444e-24 1.45353629808679e-31 9.38664676589884e-42 1.24635562406033e-11 1.38948008820351e-29 3.72514878531687e-15 1.41904484551202e-13 1.81362980468976e-11 
6.39845854563681e-35 1.7975810368933e-31 3.87051884146567e-29 1.01213331664079e-27 2.19289169767703e-27 4.66908114493076e-41 7.09268441538324e-46 2.14976171992631e-51 1.2236408056196e-37 1.26855819799149e-24 9.51097646698116e-29 1.36008659424573e-29 1.81362980468979e-11 3.36956625440921e-29 3.11251377341203e-56 2.41039554417918e-38 1.06514700217171e-26 3.16298179772734e-25 6.13696407967095e-25 2.29510405070775e-27 1.72109913419216e-58 6.70784905866512e-95 2.29197540790041e-95 4.82739200993334e-94 2.15502597123639e-45 1.14906551319973e-40 1.34923865174583e-37 1.96231147452243e-46 2.8145691791082e-51 6.48864026074854e-52 1.26412206825122e-55 1.0911250279769e-55 8.37300388744166e-32 5.77758792708673e-56 3.26790820963899e-14 4.40273100300712e-33 8.55827034397051e-18 6.62231192250504e-22 2.51889494230387e-26 8.07549090732254e-32 
3.91715679524566e-15 4.54957320571218e-14 9.3029975939639e-19 1.08399192802871e-14 2.21299226923881e-33 1.01465836588462e-15 3.09592741741229e-29 7.01475269127288e-18 3.15843600442095e-27 2.74119748827372e-22 1.08450870931564e-24 9.36232520308679e-48 6.18724222721951e-94 1.24378302232391e-20 2.6276775031393e-37 2.53646567823009e-89 1.8316058081434e-38 4.60026956860346e-28 5.38122238513027e-41 3.81618074132044e-34 4.85704154628897e-36 3.80641359443676e-23 2.04543049830259e-38 1.15290977134153e-40 2.68438661850977e-37 7.75198187198533e-39 5.92254383465335e-15 6.88357131859042e-21 1.608140096489e-18 1.34517248884749e-15 2.90130938613129e-14 2.94827506516963e-14 1.50565469903716e-26 1.04049306000558e-56 2.2790733771137e-46 4.08243555143307e-42 4.28443493723906e-63 9.24505089647385e-36 1.09855738934956e-38 7.91699446807091e-23 
7.8715392321469e-35 8.11657124436499e-42 1.31411791761949e-37 4.25202150263876e-37 2.41182768048942e-22 6.36001106538079e-23 4.68880515112204e-36 3.48502040720364e-17 4.73010081163644e-32 1.51502501732996e-33 4.17476374640425e-23 9.59428691882232e-37 1.85657660532703e-32 4.93213297770159e-51 1.54669851623582e-30 1.97452911063832e-15 3.84775811657973e-14 3.62446045563097e-31 1.79363207629889e-11 4.45441542255417e-27 1.73088059085548e-11 9.96845541967947e-17 2.83728450866915e-15 2.14938955310606e-15 2.57804604162697e-16 8.22376068149353e-13 5.96114757480868e-20 4.68565961576206e-28 1.3350937921348e-39 1.43711843180827e-23 2.52958353901617e-16 9.72188493612518e-05 1.67503137907868e-11 1.96611098055432e-19 8.7261145209298e-28 2.41397478024757e-25 1.81463763473708e-40 2.60169196757696e-19 7.36046955269661e-20 4.75909962567942e-23 
3.9540062622358e-18 1.13779442109191e-05 5.62461163458197e-18 6.27172918708849e-07 1.67296673141674e-11 3.76251871206935e-14 2.61304733485452e-18 5.74077278942696e-15 1.15479625244118e-14 2.10005956496086e-16 4.50408463294228e-23 2.62124810526453e-15 2.250727644755e-16 5.33626824747184e-21 3.04081399312562e-25 1.01797314207176e-34 6.92813228287466e-14 9.52461147265838e-16 1.70574113486054e-14 1.79912722999495e-11 4.19249823190333e-28 2.78442380381945e-47 2.61434493205706e-36 9.4862857356938e-45 5.79028431197944e-54 6.60307768724454e-28 4.83610944848557e-46 4.20612138835033e-28 6.61214186945864e-45 9.35577143114468e-29 2.01567995076815e-43 3.72637212588269e-29 1.15419380434573e-42 5.04647703642958e-44 1.94183831765505e-27 5.25215563696654e-28 2.76696727616387e-29 1.43166494606404e-48 2.44435301890744e-46 2.88093282636857e-37 
1.06814369183324e-46 4.49525934388026e-37 1.45159028514937e-30 2.52594049453078e-41 2.03490768647008e-95 1.17807646095244e-90 4.75153201327523e-21 1.50157144601827e-22 1.52282123575475e-11 2.86789139260494e-12 4.03021957054811e-14 1.9024446763121e-55 2.0977814841671e-24 2.39760087379409e-24 2.75611790483532e-26 2.50714490715135e-64 2.69301977228322e-28 6.10771558357565e-06 2.22111383849688e-15 1.1444759272973e-10 2.72763830032323e-09 1.25817772846383e-09 1.37182453373527e-17 2.07023604880178e-15 3.25356688107883e-10 1.3149618607397e-16 4.85546122252356e-07 7.9710063084536e-20 8.43956139708804e-19 1.19891972235141e-25 3.75084542244435e-15 1.40942712639175e-15 1.87627170722912e-41 8.5902270046748e-44 1.15413597236006e-14 2.61329955270927e-59 4.57186778524888e-22 1.81030466799427e-11 1.65500346199505e-14 6.37746951627474e-25 
2.4510375417817e-28 2.70553598860647e-25 2.4761166023932e-21 1.48418083757427e-19 5.51084066271169e-19 2.6411010971225e-18 4.7737362355897e-22 1.62905411321526e-39 4.73031427326062e-32 3.92254047568286e-40 3.69624686043476e-47 9.08489588787916e-95 2.93761250085701e-95 6.18724222721951e-94 9.08489588787916e-95 4.02560555229749e-88 2.00029901155663e-15 3.12447263635847e-14 1.40797547743279e-35 3.10339090359262e-32 1.40040474233938e-34 2.10855604703638e-44 2.19740796483869e-65 5.06470857351831e-48 1.04298998130579e-19 4.02718816919796e-15 1.55546005817962e-14 1.79920794875442e-11 9.14441684170773e-14 5.77950719808512e-23 4.21870206657458e-18 9.08489588787916e-95 2.09604176146731e-61 9.4045536163525e-23 4.61142018415642e-25 3.50441005390461e-23 5.55491591782472e-30 1.02739972554556e-20 4.18317850389105e-45 9.06068872575295e-25 
1.81340825306654e-11 1.6726639210172e-15 5.42849643577974e-16 4.49972419369288e-34 4.01232495618998e-29 4.13191120814662e-35 4.59879404838714e-17 6.50912841200559e-35 4.7247756711775e-30 8.56230596400643e-28 6.84500906743124e-27 6.67216865138728e-27 3.59700455871965e-29 1.20353640261971e-30 2.72952822219082e-40 3.82878849624193e-43 9.08489588787916e-95 6.18724222721951e-94 2.62990220918025e-13 7.13265308355158e-18 9.6671890739411e-38 7.29406084610144e-16 8.99776796728054e-18 1.3970530347581e-24 5.02647519444264e-16 2.99422534939533e-16 5.55480500957415e-18 2.44816130182097e-20 9.69025330455713e-20 4.76934183955598e-36 4.11015479384536e-21 8.21705178832316e-19 9.11029851278857e-21 2.83518146691765e-17 7.43569258795104e-18 1.19056652980783e-19 2.93165950717318e-22 1.35055117527585e-22 1.08006854684209e-18 5.85149765876245e-16 
8.13466588986153e-27 2.91496003907015e-22 4.9623758285265e-19 8.35254127177406e-15 2.34320816788133e-26 1.25398537559737e-36 1.31074921480751e-26 3.55216754103372e-34 1.12044050225247e-22 3.71869556708039e-43 8.15005471043499e-59 5.48218503075635e-38 2.03490768647008e-95 2.93761250085701e-95 2.86884573539882e-81 3.31798094747872e-51 6.01566114157592e-23 4.61675095956218e-28 2.01381374046852e-28 2.21499606691854e-24 9.83777269771259e-29 1.74168648614496e-34 2.84693831919121e-15 1.85411802761056e-15 1.88177503081833e-19 1.00457475978006e-14 2.91494494352879e-34 2.00820861222562e-26 2.14481819820124e-32 7.89045924496733e-21 4.03664418912578e-23 5.72227182355528e-56 1.36189754494079e-91 3.01974707598836e-95 3.81843614738029e-54 1.21799377058616e-18 1.32931905269952e-21 8.50809321097957e-18 2.52213890016447e-90 9.87447770556233e-54 
7.68593209010809e-15 5.08934209924762e-38 1.857969512974e-42 1.59522654172313e-47 2.75631006744163e-35 9.08489588787916e-95 1.93734724218502e-70 2.85945017829214e-31 2.966151476068e-32 7.14462347759353e-12 3.32846981266332e-20 3.57709051738004e-24 2.56508917458101e-15 9.59970644221585e-13 2.36878718756663e-13 3.29157850996691e-14 6.65414383041225e-17 5.30881932131442e-16 3.71509613316689e-34 1.74317024075531e-27 1.62343981960985e-36 2.71994956480353e-23 1.39203337923077e-20 1.52837170618944e-31 1.2749606843612e-25 1.65082070297649e-33 2.56753456316089e-45 4.21492885120739e-12 1.930082565459e-13 8.96879282620003e-17 2.43641337489404e-21 4.76785615597051e-12 8.63633210169782e-25 1.7265040387117e-30 2.47081543549554e-14 5.58269419696288e-13 9.10660742451579e-40 3.84391720855483e-27 2.73050512268187e-40 2.41272717419102e-41 
4.83000360078556e-35 1.21696839261995e-31 5.27540811223664e-30 4.1250968620341e-29 5.56831194202425e-28 5.03574286224796e-28 9.08489588787916e-95 6.18724222721951e-94 2.0506490994348e-25 7.56218749995774e-14 1.44986812975256e-24 2.52845310514126e-80 2.01347458898182e-39 3.78482628107863e-34 1.37334375454461e-22 1.98312841979139e-83 6.19160080354218e-33 5.41863361014963e-35 2.46345872263703e-36 1.05484028586384e-36 8.91578355565173e-12 3.10740707624538e-07 4.93068932607851e-10 0.9907219485427 7.52292797112676e-21 2.06446643056385e-05 1.39188180098272e-08 0.465552337443123 1.95373394692727e-15 1.70581524980244e-13 1.0578621240822e-07 1.0083869225743e-06 1.04521430209356e-06 1.47037633936503e-52 2.87892892816489e-09 1.81647995933831e-11 1.68870502950438e-26 0.000295484393024023 7.64068472866287e-18 6.18824915974519e-39 
4.20811885783596e-33 1.75637493335116e-11 9.93666043111267e-15 6.17754650343964e-33 5.97517812616875e-32 3.6268902765914e-49 2.74031241875668e-14 4.41579790602274e-35 0.00110379378844802 4.93419794956798e-38 3.35479833789333e-46 2.97466013701463e-68 1.52811919589108e-05 0.0171337982490284 0.0189032799212579 0.0124091316881024 0.199581945819344 0.0525552913523668 0.021051664262521 0.00161695626577848 2.04196241389785e-16 1.05762090651825e-07 2.11023350222302e-06 3.41273090067849e-06 0.000538341435141783 1.61098138392731e-37 0.000111572479151977 7.46813982980815e-61 8.23082928552873e-26 3.18804962920891e-24 2.43022648426983e-10 4.67390379987624e-06 1.63904631127665e-11 4.42425759559893e-23 1.00000000681229 3.13809458606696e-24 6.58421682904015e-39 3.4790110997646e-09 5.1384136117394e-20 4.42792437551207e-12 
9.55975110334873e-46 1.15074970624928e-93 0.0110763727205229 0.000244014385707495 6.29484276722669e-06 5.0476078173176e-08 1.16733289400587e-08 0.00178333440302002 1.93326364390184e-06 2.48858981960629e-06 4.87513127327231e-08 5.04620174722094e-29 1.13371334533935e-19 3.58297751711891e-36 0.114405512435785 0.155215057619957 0.054873986046382 4.92712422163886e-13 3.00220707805254e-31 1.00576247960507 0.00154520190732014 1.31507635809026e-28 9.63105012553515e-07 1.02355634141667e-15 1.973712869518e-07 0.0121191480735039 0.00111865093494803 0.0229975004830086 0.243134580800407 0.892752874490318 0.238361923994267 0.000102135253361843 0.0770126199426374 0.000169680180174543 1.86267827796138e-09 7.19744096700653e-14 9.29031333665952e-07 5.89441350590758e-05 1.71949953831162e-05 9.9663421325766e-06 
0.000625215672282814 1.94703163091627e-09 1.00006172803527 0.0109315886746771 0.99999506504306 0.29350292034865 0.469281198426952 3.97958467155267e-20 6.15054889130939e-06 0.11359878211462 1.3381949357642e-05 0.000139161898514218 6.10824794591387e-32 3.76937954396178e-17 0.000210175442563992 1.18772824006855e-24 5.68544034266458e-07 9.62439084215947e-53 3.43096722907776e-07 1.38038735209149e-27 0.000127296492843713 7.19119762541809e-13 8.01944610177478e-25 3.56935003301085e-11 1.10958452470018e-06 1.9983383906262e-18 6.74830284348052e-15 9.55934662595964e-16 4.20453470711776e-15 4.75536597153015e-06 8.25824593326912e-07 6.04325436067591e-05 8.32585996662075e-06 9.32614793233736e-27 1.03577994531487e-10 1.75436088472471e-08 2.50277638705462e-14 2.22946466013394e-14 4.75596626412597e-11 2.19529139573186e-11 
1.62559491023003e-11 1.35088688793872e-39 5.14747881812463e-35 2.45864344910038e-40 0.0828053099670393 2.90020139936002e-12 6.83401152217012e-45 4.27005668539405e-17 9.64436429966273e-05 3.01907172831394e-21 6.6580260647239e-18 1.198425299768e-22 6.37417912508502e-66 1.35344328994524e-31 2.41410734297148e-51 4.2648119843662e-09 1.59570642349412e-17 5.18817843390383e-17 0.00121413245005247 3.83474705364319e-25 4.54489787120523e-41 1.76174456458703e-08 1.20445587281304e-12 1.55881519822504e-10 4.39873301329192e-14 0.99200508014083 4.94131944363277e-06 6.79340989585596e-22 6.4049332936006e-33 8.72692440938771e-15 2.23868478671075e-07 2.18643992857871e-08 4.42401572116729e-09 0.00011181712103761 0.000256683773828479 1.92136338940208e-15 9.4661849461569e-09 1.54346645644129e-05 2.69201790854462e-13 1.00250336525528 
1.19891756589043e-07 0.150328352141518 1.03416666495734e-17 5.24283050041183e-25 1.84585066930385e-11 1.09738525243904e-11 3.49413379829383e-49 1.75216934884598e-06 5.50993258561099e-08 5.57444522027866e-19 0.0053871766611291 1.02293612686239 5.67214931165374e-07 1.96592849636686e-06 0.00162737302283434 3.48393943966212e-29 0.999999999974335 0.0408089582268984 4.63975925577652e-18 2.21925432598664e-23 1.11278274581596e-13 2.92171582106576e-14 1.06919980823117e-12 8.57181031051957e-17 3.15121169404021e-16 2.38047373602763e-76 2.80289643110197e-05 2.67725966212853e-10 3.17220556942393e-65 9.82176369539802e-71 9.61597994579296e-32 5.20574005032559e-23 5.78436529765998e-22 8.77091957884578e-72 1.41951941873449e-82 4.76976332452359e-06 7.9950722301177e-15 1.70205413994639e-08 1.66233288973102e-05 0.000107025901576013 
0.00021343621132253 0.0124043014329067 0.00293653687474134 0.0813362789437885 0.000706167158675684 0.00173077818949218 1.09684425674221e-73 8.84571987479855e-80 0.0305527270588562 0.0396989077907791 0.634329032912339 0.999783597003138 0.0601931618784717 0.0865559934595207 0.00212676453892127 1.64226154726317e-06 6.92059177647542e-20 4.48509346328954e-39 8.84476473488027e-09 0.000181913045590274 8.94024311524804e-12 3.86782176094301e-32 4.16390172665823e-11 0.00170114206999049 8.01889403445995e-13 5.60160047241777e-18 3.05027289167711e-17 0.0124075852112553 0.000114733499898673 0.00421010549019508 0.00173123637667634 3.34650901011173e-11 1.68976571359433e-11 5.52128298016053e-26 2.26728705634559e-12 1.17974188335186e-13 0.0242337817495959 0.266883944331608 1.00004826871778 0.404663082698969 
0.0865774450031381 0.000132380936409197 9.77678306638407e-10 9.4059723050142e-20 1.77807256990925e-25 1.77296643194701e-17 4.17003860784198e-17 2.98326767432726e-24 1.67449825931314e-07 1.11224188129342e-20 0.999999991735308 1.56891913905108e-07 3.86012862370849e-10 0.00137475597787863 2.64327038108332e-15 1.00000000530437 0.00174775307960826 2.93974276391075e-20 1.09764390305317e-06 8.78715770473114e-18 2.82629596421699e-08 6.29592009399872e-15 8.10491447317639e-76 1.71875526493632e-12 6.51224170001339e-20 4.11517675187979e-06 7.79747168891724e-08 1.00000005572861 1.15074970624928e-93 2.94599509793822e-05 4.84332622681022e-08 6.7662706915366e-07 3.61209427213612e-26 1.00262474014497 2.42580292677913e-24 6.54816806482548e-08 1.14896634260382e-21 6.11331572722437e-28 2.37157852596155e-26 0.713164646742021 
5.73846822488588e-29 1.8999723667441e-05 5.60187203188326e-26 2.40427708093338e-16 8.42857029433101e-90 3.22350525137831e-27 2.5314892553027e-32 2.55445193094746e-05 7.28853319313421e-13 0.000947211762657506 0.138626640470552 1.0000028763316 2.47861932712268e-10 0.00143012309335039 0.000226659399226342 2.37577238400967e-27 2.79892977050946e-21 1.0662599318839e-05 2.89457513422277e-17 1.62939145391649e-09 3.12994172044801e-09 2.47279030822502e-05 1.80285421561304e-16 2.15326303012572e-19 7.69345225021315e-18 7.66163798263937e-31 6.0292696324687e-11 4.05131124451104e-32 1.00000024087595 8.48101764909433e-21 0.999999999996248 1.15098997504693e-06 
<NMU>
-25.0380104052865 -34.8401716912013 -27.3245146391686 -27.960468350925 -31.2217473572759 -33.9238409125428 -47.9494096154081 -46.9570593984899 -28.9891534627289 -37.6806473819647 -52.5727178912204 -110.446630701305 -26.7549588086234 -24.7813446313276 -44.9175661925572 -58.0116189326419 -72.8585406023266 -91.1441184321949 -109.455062263787 -163.295730449948 -216.597472096249 -56.8513658604486 -41.4136529588007 -37.983377417957 -40.1216127276775 -44.9182072011204 -55.1655368811286 -60.8013417126262 -77.7251195737756 -48.7208188383175 -56.1750297060323 -65.7346171513857 -82.7357183341885 -95.7455386369776 -61.1689494910704 -49.7026604357935 -108.815748869315 -99.2037388265779 -48.591757393109 -28.4819087807288 
-216.409166484369 -92.0302281916619 -131.699237377071 -46.5586537439039 -41.1999830714865 -38.4860644658537 -38.8495901016689 -41.9498162099476 -48.008275937428 -55.7909672594318 -31.655078107969 -24.3578841845658 -19.9744581273949 -166.554972263828 -66.5709288731879 -84.0875181629417 -38.6554870826676 -25.7737097824955 -28.4117064714564 -41.2556029036882 -48.3987953327911 -46.9521235785652 -39.2157711394345 -30.9010330953373 -39.1297948890393 -48.5777582660076 -33.0003414727543 -41.7131602958568 -52.8447878979013 -34.082650166211 -35.9850380022352 -33.6130341830361 -36.5141044190445 -37.6962254619012 -48.6591621741178 -68.2079019727532 -54.4312349593487 -45.9524600578474 -217.667986657533 -175.523390036552 
-93.9195219792665 -110.096515721621 -124.854480642425 -99.5255065503408 -33.1232930802752 -41.5112218980692 -31.5899511158791 -112.777387311729 -102.56942022314 -42.3431549806383 -55.886212973953 -70.8029932509528 -115.685060077929 -31.6754002480629 -30.2263180354671 -24.7420951027174 -16.2194600962996 -7.62694045576271 -9.03392421169926 -62.7799304198852 -36.2255926910873 -44.7974638958158 -57.9514805556916 -69.2791221211967 -89.7610493742357 -24.829884942077 -27.3898215631093 -17.6388096422741 -39.5178340663223 -29.2338536667551 -25.9056439371661 -26.7147833827331 -44.6954653788817 -40.2672240872591 -27.9419438769513 -44.3463603706942 -20.5900084890911 -55.1816136142021 -47.9673908654861 -24.7500474731179 
-57.3412178093749 -86.8472686632616 -19.1858651348009 -19.9020962082756 -7.65687416142624 -55.9795853432635 -79.6250423700884 -45.3136127133064 -28.8946592201078 -17.6027421051669 -24.7991193198609 -56.0294057244272 -79.6748627512521 -45.3634330944701 -77.617021867414 -14.3238648397309 -17.7792616368666 -41.4481202288713 -32.0187004693859 -33.588440788269 -28.6638223190546 -25.6994032591678 -78.1532418862501 -79.9602147422428 -45.363975366671 -17.3626476690192 -25.1702029089022 -44.9664492956084 -30.3360936922576 -82.4773861831959 -10.2449111208872 -93.6611764095054 -16.7625796208189 -17.6831671020856 -78.0283623046164 -35.6755898194028 -37.6759990701988 -50.5031484006914 -52.4369321254645 -51.5086107772903 
-27.2488860923543 -47.7660174980338 -36.0530955513526 -25.4106921079397 -25.7352776504699 -28.3868352200402 -30.3795493186898 -36.5003131792389 -51.3066659390744 -46.4042578376893 -64.4614777728158 -94.2308096811164 -122.612024728769 -45.8708061320712 -39.761321781167 -52.2760696712333 -65.2248189808422 -49.6684739198941 -29.7363945776998 -63.888135909267 -32.8440741631785 -29.5842018129562 -25.371603826778 -26.7098712524616 -109.684083383897 -25.8314669719439 -27.5203995210033 -5.45496619502219 -217.641596261285 -30.950853476501 -39.179615270203 -48.6275786471712 -33.0501618539179 -34.1324705473747 -36.0348583833988 -33.6628545641997 -36.5639248002081 -37.7460458430648 -54.4810553405123 -46.0022804390111 
-217.667986657533 -175.573210417715 -33.1731134614388 -41.5610422792328 -31.6397714970427 -115.734880459093 -31.7252206292266 -30.2761384166308 -24.7416556452508 -25.1532390936072 -35.9044090817105 -26.878226920271 -29.9514428189257 -35.1807489957005 -35.6785013897272 -32.2064349654144 -37.7011983145234 -44.2525291945358 -78.5822361074922 -49.7204411217522 -27.4019024417618 -36.0268910336042 -47.617993519349 -48.7335227259081 -76.6916448420366 -26.8999744684261 -72.8371610105197 -28.0555341306334 -54.987545143429 -52.3462841540493 -75.2490796793472 -46.3510294787195 -53.2172863107724 -59.2686387092545 -51.6871442068595 -52.6707726619438 -59.9708805477851 -78.4265265848308 -62.4895205694825 -151.853008331105 
-76.2995032255903 -95.7786891081992 -48.7567507378252 -41.977447219003 -34.5497363708912 -26.5841220496632 -31.866208975486 -72.0159742616195 -91.0082017826544 -45.5090483560751 -44.8958430346105 -43.8731928867078 -52.7676383124094 -53.9181145719961 -81.3459484022263 -50.6008413054081 -81.4086600014491 -51.626224064577 -52.4915764421518 -24.7331024802089 -35.1780012936982 -48.8529606956614 -59.630071083178 -73.3128217218385 -91.2604692760833 -61.1019451128133 -52.7269603486583 -52.9043765359472 -48.8193462628392 -29.7182721738675 -49.9196983764608 -52.4833059765396 -26.0851212480401 -28.2248934584101 -57.8757837929048 -100.410592259525 -85.4839890035641 -84.1658236353539 -60.7738771785848 -74.5559169805899 
-67.0606874868392 -77.6190075650233 -90.9639949575754 -69.6261558869536 -40.0718776764545 -44.5665344592689 -39.2044527341622 -58.1545145926956 -57.51272970366 -79.1581398698048 -90.243086967194 -119.025946721175 -34.6607604375988 -44.5792988475192 -82.3412983835423 -51.2244913127982 -30.8821025871753 -40.4514992861074 -32.7566672750634 -31.8025836147917 -35.8241607788271 -51.419957171277 -33.2643028111926 -35.7192812525642 -46.3689373709287 -32.672400361049 -34.5529670717225 -31.6676763161524 -24.7380326077159 -13.0212787939538 -22.8886236510966 -57.5431659356387 -65.9695373039836 -77.2536096715862 -214.412015165293 -211.625418603213 -42.0135718860173 -54.2043205953205 -29.6314792023538 -26.8207302229849 
-56.3431086835165 -59.1123871759487 -63.7881682046974 -69.7798234143306 -114.825523343017 -29.4636953933006 -53.895901668909 -53.7278467828188 -117.410674402931 -45.0546990654169 -42.3533960310705 -41.5049079405212 -74.0158596606792 -214.23965912361 -68.2354542211805 -125.030314918235 -28.9440078687816 -31.132410555675 -26.8162686971293 -37.2464420471767 -29.9137981968962 -80.9345770517612 -104.534549472926 -24.5753468422034 -43.8775040488019 -35.8079997863201 -45.2148278463234 -46.7120504714745 -217.750714361451 -138.169854540516 -59.7503425436664 -31.8202639952339 -25.0665413766958 -57.5552362489796 -87.2655479076774 -47.4728348288951 -29.2935027116213 -13.9448920205436 -26.413835344114 -10.3669376357407 
-50.7580597130465 -86.4652029019203 -15.6385822370374 -39.7965148763654 -50.8250906999651 -32.0210813830994 -96.286077868516 -79.8167040647459 -122.999420462839 -109.244729637297 -22.7460301944157 -30.3190247878496 -216.409166484369 -214.412015165293 -218.035133379483 -45.7689974050436 -33.6526741844528 -128.762250734082 -124.094475251001 -135.864190564312 -49.1640665346256 -34.4435247474197 -30.8677911734241 -43.3566480659099 -56.8257435546976 -28.6545472101938 -100.703668218035 -83.5151914405341 -41.5582657585204 -38.1714712403518 -30.6120651069891 -22.217501541485 -36.9501449815846 -27.6730301998039 -68.4284973383484 -56.3652543560618 -105.130994326037 -48.3270989855584 -24.7331057688653 -82.7933755860589 
-75.8341952796411 -70.1837752311172 -58.6427547876734 -57.9150126062009 -57.8047982343167 -83.3033899454939 -85.3555193500933 -66.1338878968528 -85.4947070445498 -79.4350340749548 -59.3213399339792 -79.2078390504015 -73.9375086687327 -68.6353368306386 -58.4430587315535 -80.1079275891244 -64.750374357344 -62.5593066842671 -87.48660448884 -84.5763344376227 -30.9424419412626 -40.4952930990036 -32.8004610879596 -31.7312091477754 -35.8950987347938 -51.4637509841732 -32.7785019392222 -35.2334803805699 -45.8831364989686 -29.1081779502143 -34.5967608846187 -31.7114701290486 -24.7504128744686 -24.7331024276983 -111.741808136015 -125.770186582791 -217.612164916024 -10.3449777382015 -24.5641110668191 -216.409166484369 
-214.412015165293 -22.7354669349161 -37.0228953059449 -33.4332624831691 -22.706114786251 -41.7826868841023 -14.4156490926221 -24.7424305309873 -33.5469377235671 -50.9655195785808 -46.7288802007357 -35.8656626084498 -55.7190582228379 -29.4302365808562 -14.6676746397917 -36.2666793501547 -25.9258156852 -31.7593185617512 -20.1687065805602 -24.8184416735373 -48.9379136968726 -39.7387523563357 -40.4838297511551 -35.2890949982236 -20.552471817786 -31.3014712000622 -49.3017013679317 -40.8485263695033 -16.5244368027974 -100.183884150604 -23.3083129285305 -25.8220828848669 -55.2088358794144 -43.5485204354845 -10.8457884731217 -64.5205441874598 -18.1015538710925 -12.3664063221631 -64.9329702957607 -17.2615628576135 
-60.2567131155663 -58.2910336792941 -60.0678843943567 -20.3641396926642 -20.481995342796 -28.5750428165007 -26.9248121084961 -34.7920364178138 -14.9777661967856 -44.4676621434142 -42.3059291991838 -12.8278324782161 -95.7276148769675 -25.2121336130739 -25.4276402561387 -32.3993196166884 -31.7264609163508 -115.010325810165 -149.374811552802 -5.61328117286097 -29.7940897762578 -19.619687097577 -15.172650377352 -17.6947607368522 -31.5171354622034 -28.0449155418687 -18.1930784900413 -36.7607681160374 -10.5013143005922 -144.479273940159 -46.1123992093246 -32.5516086322824 -25.1659711739607 -25.7801953165319 -27.3263558855236 -216.543334230159 -214.600320773665 -48.3370952115817 -36.6241732649243 -40.0284345514995 
-56.9769513065104 -30.2965181649782 -33.9262887660425 -30.0917903389063 -38.1399557427313 -59.9423182958704 -48.8164310637139 -69.9623811074503 -48.0575507170213 -72.239647534073 -50.2735506412486 -72.7610868953781 -97.4411643702949 -123.272534399046 -150.02493993903 -178.619410995867 -49.462559934504 -173.046308172466 -29.1749790019126 -34.871134167313 -53.9825857981179 -77.6350378814891 -29.2835323643477 -40.2179684176782 -56.7222779005328 -65.4957610204577 -195.632649592302 -217.951115017759 -110.865892660258 -29.8836466860725 -142.508603236572 -83.8150663107313 -111.771380588617 -24.8514371071179 -54.1281475589972 -70.3981745933119 -62.3458789946457 -71.7938423716139 -50.4746027116027 -62.5494563750661 
-56.2164255783607 -57.2987342718175 -71.4569493146767 -62.4890294990899 -57.5893004124111 -61.7521619392965 -62.5635922032377 -57.6169184554225 -90.707261824311 -214.484428494996 -28.3243174494645 -73.5786160434537 -189.20686345237 -73.9147808805719 -44.89275110056 -77.8324598734335 -59.1738129419085 -69.8548320347981 -34.2526631648297 -114.227754612514 -51.6219228226775 -53.935610112964 -42.9306757884146 -45.6623295848404 -75.5913439070167 -34.8172649707264 -73.5562986277722 -76.3180927145128 -42.6380224588873 -55.5948274467056 -38.7898402452659 -63.8062704924576 -29.4576003514163 -24.7745659683725 -53.9897881364488 -54.1252606558421 -32.9862596736903 -34.2319801270634 -104.112146823783 -52.7108537505362 
-94.328118792169 -87.0676980521101 -48.4185376038175 -218.035133379483 -217.667986657533 -123.626700309682 -167.635243090461 -32.9041660355854 -67.7375185661639 -39.7305189370748 -70.2575122045585 -78.5671065861925 -68.7364168687073 -58.3344711066567 -42.4631908069339 -114.333092537362 -74.6708587127951 -73.3119461594475 -30.7709476813627 -33.5781394487292 -68.8769450719102 -69.8769657340166 -78.6140108629772 -85.5180983680778 -216.538970592434 -217.667986657533 -152.485996240983 -61.2742848756765 -62.2825911502728 -56.4159168746463 -64.2184744332688 -47.8092693540105 -58.2022438473305 -130.480199738963 -25.7754511314821 -57.9313938137258 -36.772588133311 -97.3624401392159 -63.7690838585729 -58.0169425928989 
-50.692477869989 -45.138986871822 -62.1850987480953 -47.9023011824607 -79.3625873709939 -48.065249844248 -34.0858472261466 -24.7626035482475 -28.2742436305941 -64.544206100853 -64.4746921807061 -64.7904309448896 -38.8760627467022 -28.0896580863911 -42.712403596177 -78.3473959636371 -39.5546751306515 -32.2176893315865 -33.5581227338364 -32.878018432387 -26.9169305582205 -27.2918595527346 -29.038978229851 -30.9375137641702 -34.3918457902285 -65.5309441897291 -50.1192331436788 -46.1839103103662 -69.7903613092964 -27.5085712182402 -31.6438281239387 -49.553547809517 -53.9587930224272 -71.0061384692265 -94.4692857832407 -25.1082122307232 -66.4460380569178 -33.2236696015099 -29.5836222076415 -24.7331057688653 
-78.7344211456798 -70.7936959901069 -65.4215791312097 -62.1577372128393 -61.3845764280872 -92.8650265174084 -103.959850388899 -116.66648273464 -84.9938177592183 -55.0241612534739 -64.522521147625 -66.4674193268668 -24.7331057688653 -65.5601836686371 -127.809334520693 -86.618442673523 -59.8040995980009 -56.4131121352937 -55.7502971545376 -61.3390193303554 -133.006972275416 -216.842305492416 -217.916169765177 -214.86869237614 -102.848526409631 -91.9644547049404 -84.8961079690853 -105.244791175604 -116.397030537539 -117.864371839907 -126.407802250627 -126.554970814959 -71.5577102683043 -127.190778925735 -31.0520412129391 -74.5030830379214 -39.2996335667768 -48.7664275038809 -58.9433921274564 -71.5938893150721 
-33.1734103116062 -30.7211578742957 -41.5187800967306 -32.1555408453949 -75.1909625010806 -34.5242244244098 -65.6448801853629 -39.4985162152331 -61.0197205410711 -49.648477181427 -55.1809151498847 -108.287390784942 -214.620509274661 -45.8335443001305 -84.2295480633879 -203.99930162969 -86.8930404609016 -62.9462677001849 -92.7230732552582 -76.9486430452555 -81.3126338305593 -51.6227697068346 -86.7826252538162 -91.9611147370951 -84.2081961863994 -87.7528700906772 -32.7600103365106 -46.4251493486043 -40.971453382249 -34.2422541455832 -31.1710291543662 -31.1549710262538 -59.4579845982648 -128.905070510702 -105.095145330915 -95.3018801465563 -143.607872185227 -80.6689749776644 -87.4042356789189 -50.8904454914146 
-78.5272246292564 -94.6146661012996 -84.9224827853072 -83.7482539232482 -49.7764872121394 -51.1094270216728 -81.3478855630048 -37.8954726809779 -72.1287764602904 -75.5698761168894 -51.530399369849 -82.9344806320784 -73.0639887187201 -115.836068195531 -68.6414301200695 -33.8584464499786 -30.8887006306056 -70.0924324454125 -24.7441933660059 -60.6759016768082 -24.7798057318723 -36.8445209317273 -33.4959289590684 -33.7735925218744 -35.8943297241108 -27.8265786006461 -44.2664388512294 -62.9278759049344 -89.5118170811027 -52.5968171191508 -35.9133068077994 -9.23854594182894 -24.8126041240546 -43.0730592968292 -62.3060624051142 -56.683352649518 -91.5075179222604 -42.7929547767494 -44.0555781312544 -51.3993986427807 
-40.0718023653733 -11.3838337948893 -39.7193797709269 -14.2820435469214 -24.8138374867123 -30.9111026985465 -40.4860145723808 -32.791182561337 -32.0922673783169 -36.0993957793105 -51.4544724575845 -33.5751258145136 -36.0301079263013 -46.6797603742599 -56.452502084378 -78.2700796270509 -30.3006010368904 -34.587482357996 -31.7021916024259 -24.741134347846 -63.0390858108466 -107.19745841145 -81.9320497856436 -101.366482035899 -122.58341362733 -62.5848467472434 -104.342803713202 -63.0358416662107 -101.727421548643 -64.5389742785936 -98.310202415717 -65.4595325568805 -96.5651718103905 -99.695053708447 -61.5061624000205 -62.8137440139844 -65.7572158225602 -110.165246398765 -105.02513380376 -84.1375343010308 
-105.852992003323 -83.6926250784403 -68.7048930859991 -93.4793753462979 -218.035133379483 -207.068775378911 -46.7958198577192 -50.250359855464 -24.9078713323028 -26.5774440625955 -30.8423704434353 -125.99904038381 -54.5211618816606 -54.3875736303915 -58.853389284464 -146.446301333095 -63.4817194479278 -12.0059577362671 -33.7407675957978 -22.8909041031306 -19.7198296936138 -20.4936014100589 -38.8278049506373 -33.8111137608971 -21.8460990335433 -36.5675538259354 -14.5379915542373 -43.9758911130098 -41.616186426799 -57.3832064048826 -33.2167951343523 -34.1955930664193 -93.7767021393814 -99.16311892947 -32.09283931377 -134.891906867297 -49.1369502187166 -24.7349408669631 -31.7323882012499 -55.7118559337151 
-63.5758711824802 -56.5693272848222 -47.4475955061109 -43.3542537713621 -42.0423995849946 -40.4753357614458 -49.0937427696694 -89.3128190790285 -72.128731332963 -90.7366641953416 -106.914181427928 -216.538970592434 -217.667986657533 -214.620509274661 -216.538970592434 -201.234812836146 -33.8454797197473 -31.0969257893345 -80.2483254138035 -72.5502276222567 -77.9511318652872 -100.567740716414 -148.88075257667 -108.90178786498 -43.7070251965656 -33.1457079872401 -31.7944199426924 -24.7410894833431 -30.0230477900997 -51.2051387196605 -40.0070041603158 -216.538970592434 -139.717639982012 -50.7182631396126 -56.0360914493076 -51.7054349481196 -67.3628695031495 -46.0246707879649 -102.185257819529 -55.3606821893905 
-24.7332279355589 -34.0243588771163 -35.1496992917907 -76.7838770571901 -65.3855968339483 -79.171738192597 -37.6181524751687 -78.717272692019 -67.5247327070022 -62.3250130616396 -60.2462777274202 -60.2718525686162 -65.4948662647475 -68.8922885647427 -91.0992749378831 -97.6686105651101 -216.538970592434 -214.620509274661 -28.9666595462454 -39.4818484071993 -85.2294959517838 -34.8543010536143 -39.2495551309501 -54.9276771889828 -35.2266425060098 -35.7446759377406 -39.7318683532041 -45.1563646061348 -43.7805812934987 -81.3308550315341 -46.9408262623399 -41.6429052853748 -46.1448814745451 -38.1018406362728 -39.4402399459383 -43.5746874975826 -49.5813033984746 -50.3563592587593 -41.3695071654725 -35.0746638493811 
-60.0736628417109 -49.5870159348843 -42.147232143146 -32.4162105584261 -59.0156914155392 -82.666736567846 -59.5966135244155 -77.0203351696962 -50.5431501323038 -97.6977860459631 -133.754495846482 -85.7967297840446 -218.035133379483 -217.667986657533 -185.455482766431 -116.232483293115 -51.1650908800027 -62.9426914016458 -63.7723522962027 -54.4667916040191 -64.4887383632431 -77.7330392730748 -33.492532252044 -33.9213672687304 -43.1169012701598 -32.231626974545 -77.2180422294706 -59.1699693308613 -72.9196681831048 -46.2886326137583 -51.5640434383238 -127.200399309177 -209.226364481539 -217.640410756227 -122.999754068384 -41.2493266190795 -48.0696201322047 -39.3055138209285 -206.307551058036 -122.049641602866 
-32.4993847383382 -85.8710849651512 -96.0890896740107 -107.754483612141 -79.5765854016399 -216.538970592434 -160.519636873189 -70.3295085218176 -72.5954576625724 -25.664661003263 -44.849189177215 -53.9874924665104 -33.5967831509737 -27.6718736898522 -29.0712281199607 -31.0448240619384 -37.2487067879046 -35.1719920274093 -76.9754886069325 -61.6140920779548 -82.4085161042151 -51.9588438010787 -45.7209363189237 -70.9559349584418 -57.3217119825113 -75.4840355088079 -102.673383060206 -26.1923884045205 -29.2760434268903 -36.9501954929036 -47.4637599232965 -26.0691243552509 -55.408649357438 -68.5314542127282 -31.3316430699314 -28.2139347180578 -89.8944034791091 -60.8233055578001 -91.0989171010569 -93.5252310974904 
-79.0156310416231 -71.1837750407003 -67.4144967462033 -65.3578781956111 -62.7552906583 -62.8558215488738 -216.538970592434 -214.620509274661 -56.8464709479481 -30.2130308017331 -54.8905696245586 -183.279199744671 -89.10095674586 -76.9568931726381 -50.3396235829438 -190.429887110706 -74.1621144043065 -78.9006345725714 -81.9914970005007 -82.8396739801247 -25.4431979766471 -14.9843070100613 -21.4303721289262 -0.00932136066826458 -46.3363315328307 -10.7880536590811 -18.0900240987326 -0.764530755839403 -33.8690340087348 -29.3995630600887 -16.0618456435169 -13.8071586102071 -13.7712886197985 -119.348906454492 -19.6658475119132 -24.7315354828853 -59.3432504373646 -8.12689453799845 -39.4130444505599 -87.9781664298797 
-74.5482923480835 -24.765184034937 -32.2425454034188 -74.1643868820775 -71.8951090665252 -111.538293948701 -31.2281193665726 -79.1052897108987 -6.80900213439995 -85.9020433969805 -104.708522617039 -155.485656530782 -11.0888877694862 -4.06670226039998 -3.96841983116571 -4.38932265094019 -1.61153037100268 -2.94588949496105 -3.86077565962647 -6.42720974527211 -36.1274501748459 -16.0620736931505 -13.0687119520385 -12.5879977365398 -7.5270175612899 -84.7188048922523 -9.10083614100933 -138.44704472327 -57.7593256444988 -54.1026329035444 -22.1378664735279 -12.2735159040286 -24.8343214677595 -51.4723546494848 6.8122858233322e-09 -54.1184264358504 -87.9161432312135 -19.4765177502774 -44.4149574639001 -26.143090179929 
-103.661352586216 -214 -4.50294102305481 -8.31828337659142 -11.9757798681863 -16.8017663124372 -18.2659591751082 -6.3292704069182 -13.1563009759874 -12.9037943454248 -16.8365337120144 -65.1563318657944 -43.6236183754237 -81.6168691843586 -2.16800601556983 -1.86294365519208 -2.90271588527219 -28.3388507132494 -70.2807901719523 0.00574594002836335 -6.47260069282128 -64.1984878729006 -13.8531033837898 -34.515493222513 -15.438179176698 -4.41296859177652 -6.79563184206309 -3.7723697436103 -1.41414015849472 -0.113445472697229 -1.43396507133586 -9.18921260970789 -2.5637859751989 -8.68159518585938 -20.1012504505449 -30.2624657603208 -13.8891233703204 -9.73892042602237 -10.9708921825816 -11.5162969287147 
-7.37741389210028 -20.0569598647118 6.17261301696133e-05 -4.51609863743126 -4.93496911647966e-06 -1.22586768968291 -0.75655311999954 -44.6705243999111 -11.998969229509 -2.17508249357456 -11.2216038219747 -8.87987256510172 -71.8730829956434 -37.8170361701816 -8.46756793525229 -55.0899997912359 -14.3801870698224 -119.77270933964 -14.8852534385477 -61.8474333611348 -8.96899160310476 -27.9607484828522 -55.4827579699744 -24.0560525073009 -13.7115249147805 -40.7542156433293 -32.6294853522357 -34.5838421077419 -33.1026127598989 -12.2562368993071 -14.0068834427234 -9.71398279668847 -11.696144228139 -59.9369754502223 -22.9906962166622 -17.8585761216079 -31.3187906314305 -31.4344298079845 -23.7690361374604 -24.5421212308987 
-24.8425621755474 -89.5000572959886 -78.9519712098633 -91.2037939653735 -2.49126308961046 -26.5662409332923 -101.694417345034 -37.6923194784784 -9.24655173061748 -47.249337543468 -39.5507086199498 -50.4758636010226 -150.118360819546 -71.0774859524424 -116.550510154161 -19.2728677403587 -38.6766300439703 -37.4975639214539 -6.71372549011114 -56.2205238495362 -92.8919835559608 -17.8543761959672 -27.4449932088004 -22.5819248855537 -30.754874753983 -0.00802705060066944 -12.2178781685749 -48.7409190365623 -74.1282395482474 -32.372363388462 -15.3122071063206 -17.6384061262395 -19.2362180191234 -9.0986458690967 -8.26766568272597 -33.8857413622248 -18.4755398677114 -11.0788946323867 -28.9433151446568 0.00250023705607619 
-15.9366765296615 -1.89493336301015 -39.1103506331231 -55.9077658005242 -24.7154957843276 -25.2355057160197 -111.575584051999 -13.2546559098212 -16.7141283557787 -42.03092396655 -5.22373384184909 0.0226770479355488 -14.3825275377355 -13.1395459070091 -6.42078820668909 -65.5268040204043 -2.56648036159842e-11 -3.19885365728799 -39.9118691935316 -52.1622858885975 -29.8267423526134 -31.1640202482576 -27.5641105900032 -36.9954676324964 -35.693574444257 -174.129167550921 -10.4822721427738 -22.041057172673 -148.51360393543 -161.198940893955 -71.4192966835228 -51.3096952662447 -48.9017134064266 -163.614685039628 -188.461659248692 -12.2532138717953 -32.4599510142544 -17.8888449047029 -11.0047034939296 -9.14243968199292 
-8.45217254594493 -4.38971197677295 -5.83052432570226 -2.50916312649086 -7.25565857983387 -6.35918415109566 -167.996274589327 -182.026873727457 -3.48830133191945 -3.22643160323472 -0.455187479811121 -0.000216426415368685 -2.81019652317781 -2.44696375123616 -6.15315344991617 -13.3194362738311 -44.117200577076 -88.3000592923906 -18.5434401083453 -8.61198175653865 -25.4404583330135 -72.3300314796982 -23.9019834731668 -6.37645544760376 -27.8518056974935 -39.7234793183383 -38.0287155216009 -4.38944728280469 -9.07289851109534 -5.47026757454831 -6.3589194571274 -24.120518306981 -24.803846134619 -58.1586021606203 -26.812437128535 -29.7683105372949 -3.7200076791721 -1.32094138050097 4.82675528834468e-05 -0.904700452662356 
-2.446715947647 -8.92982690965297 -20.7458404298206 -43.8103570207581 -56.9890973731203 -38.5712924868979 -37.7160212866556 -54.169022997086 -15.6025820772331 -45.9453241685576 -8.26469207600089e-09 -15.6677087151505 -21.6751504248146 -6.58947903424711 -33.5667594636948 5.30437203863755e-09 -6.3494242705321 -44.9733797776267 -13.7223445816374 -39.2732403700346 -17.3817137361514 -32.6988745754265 -172.903996464769 -27.0894207702648 -44.178018115774 -12.4008287716885 -16.3668812052488 5.57286055095387e-08 -214 -10.4324788109033 -16.8430790223187 -14.2061455737831 -58.5829246829256 0.00262130153022372 -54.375879658444 -16.5414954181838 -48.2154242472104 -62.6619133056296 -59.003656639698 -0.33804296412921 
-65.0277753818852 -10.8710861227225 -58.1441115845593 -35.9641122195817 -205.101031209185 -60.9993281559799 -72.7539152077901 -10.5750877727602 -27.947303891222 -6.96198787556546 -1.97597099950929 2.87632746537481e-06 -22.1181492477257 -6.54999475914892 -8.39206211121296 -61.3044749119035 -47.3250498335784 -11.4487683304101 -38.0811082391162 -20.2350592329924 -19.5822514522329 -10.6075782724947 -36.2519904035178 -42.9821323868419 -39.4061620639071 -69.3439120860688 -23.5318101418416 -72.2836823830145 2.40875919510018e-07 -46.2164565044818 -3.75166564482037e-12 -13.6748881380392 
<W>
1.96386479815938e-17 6.01357015791947e-26 2.02831994033275e-19 5.6851946041522e-20 8.35712218179346e-23 3.75886110242364e-25 2.47295166244313e-37 1.79693351918678e-36 7.26499661710592e-21 2.05079583193894e-28 2.38145404652029e-41 0 6.33636026352747e-19 3.28156554944522e-17 1.0616704652043e-34 4.49410129096097e-46 5.7117303904663e-59 0 0 0 0 4.5753366369439e-45 1.17341855947222e-31 1.11930801856123e-28 1.5548679282699e-30 1.06025485111492e-34 1.33265691177266e-43 1.69635834082937e-48 3.38618639214297e-63 5.27872836188398e-38 1.76963619785488e-44 8.80093879363038e-53 0 0 8.13237793809983e-49 7.40819702115241e-39 0 0 6.83325856262678e-38 2.00379988341252e-20 
0 0 0 3.98546672076537e-36 1.7988883414062e-31 4.09556848997114e-29 1.97956283140124e-29 4.01550162639153e-32 2.1948473419549e-37 3.8142017026491e-44 3.51258935132791e-23 7.65409673917475e-17 4.91219813638228e-13 0 1.65185003115366e-53 0 2.91822941642887e-29 4.5094917932462e-18 2.30559668599848e-20 1.60964167860118e-31 1.00504220024689e-37 1.81453976348761e-36 9.51620634374333e-30 1.58684534692786e-22 1.13024994101876e-29 7.02575683686741e-38 2.38319776204553e-24 6.4463175912436e-32 1.38169653785861e-41 2.73601411934936e-25 6.09335528801659e-27 6.99779263128897e-25 2.11424123156754e-27 1.98764872177294e-28 5.97154372497014e-38 6.25568960130199e-55 5.79648452934503e-43 1.34198239595727e-35 0 0 
0 0 0 0 1.86365538347439e-24 9.65403587778509e-32 4.00117522525541e-23 0 0 1.8285246122893e-32 3.15317210212107e-44 3.48433654443269e-57 0 3.37255058507106e-23 6.11836778731744e-22 3.54946968340625e-17 8.96968508132559e-10 0.0260742168617801 0.00156353511658559 3.24290942545801e-50 3.7646720995448e-27 1.34988936385682e-34 5.0683653703966e-46 7.34163040882271e-56 0 2.97798201139034e-17 1.77981725928998e-19 5.24933011084375e-11 5.20161617806789e-30 4.45339475989163e-21 3.46370794418805e-18 6.86633569184638e-19 1.6578874274802e-34 1.16381035250201e-30 5.89967871728017e-20 3.33255193252323e-34 1.43427191675844e-13 1.2906018433657e-43 2.3819326158528e-37 3.49353068056615e-17 
1.71714799176908e-45 0 2.37822668846265e-12 5.67669768894408e-13 0.0245576566539614 2.61578124269011e-44 7.57642430088321e-65 4.8089547336604e-35 8.77635201558792e-21 5.64088714301669e-11 3.16698385693349e-17 2.36770715530511e-44 6.85789534325325e-65 4.35288565885297e-35 4.20336249686584e-63 3.97512685248185e-08 3.96299832547812e-11 1.09525540992827e-31 1.69750239424645e-23 7.36198702546347e-25 1.39453281577797e-20 5.23235646380462e-18 1.43800222462479e-63 3.87570413445858e-65 4.34779710065579e-35 9.11782920115962e-11 1.50779354568805e-17 9.62714079913524e-35 4.91963969632696e-22 0 0.000138762620206273 0 3.02764564520268e-10 4.80278512541673e-11 1.84608047127843e-63 1.13113259280282e-26 2.06975859167301e-28 1.49449292273071e-39 3.12370917681647e-41 2.00025419102555e-40 
2.35978316571903e-19 3.56297603426768e-37 5.31654106531157e-27 9.32025083834465e-18 4.86959280700626e-18 2.4234437706954e-20 4.50487622812569e-22 2.17377174537405e-27 3.00114907600922e-40 5.43810390065389e-36 1.1221576079972e-51 0 0 1.57705787477612e-35 3.19672702702128e-30 4.31012442453347e-41 2.43947707100476e-52 7.93143694986273e-39 1.6303426849331e-21 3.53217976869785e-51 3.25796495111944e-24 2.21049411338394e-21 1.00774773806792e-17 6.93405228902956e-19 0 4.01763808169694e-18 1.37048951874535e-19 2.00798219297538 0 1.43635292883161e-22 1.02305988812261e-29 6.35945178548672e-38 2.1571812956604e-24 2.47653752609974e-25 5.51547708318061e-27 6.33413963150653e-25 1.91373192273893e-27 1.79914513072202e-28 5.24676067499976e-43 1.21471217185685e-35 
0 0 1.68691100623482e-24 8.73847146653477e-32 3.62171384990905e-23 0 3.05270638963657e-23 5.53811720238661e-22 3.55259070615531e-17 1.55969478005319e-17 7.15689167782186e-27 4.95184426048979e-19 1.0604818449481e-21 3.04307255396693e-26 1.12452385367968e-26 1.16614477546085e-23 1.96813002778969e-28 4.02062272312232e-34 6.09458851577614e-64 7.14695978977965e-39 1.7374376239842e-19 5.60173434849876e-27 4.79048248422319e-37 5.14625012777231e-38 2.67528535609626e-62 4.74109917600444e-19 5.95921040908111e-59 4.700737500179e-20 1.90239331890204e-43 3.74504989566888e-41 4.7902147954817e-61 6.03799615376275e-36 6.56035891879856e-42 3.63747479214181e-47 1.39956201729446e-40 1.95719292691311e-41 8.92977427250033e-48 8.32644594367204e-64 5.79665627861585e-50 0 
5.86095904082257e-62 0 4.91258289847955e-38 3.79951191470632e-32 1.0748944127193e-25 8.91683047250861e-19 2.30275688779784e-23 3.08009235867529e-58 0 3.25250544386432e-35 1.1087369387691e-34 8.5726354370841e-34 1.61249064295433e-41 1.61512529264978e-42 2.42483443245265e-66 1.22897446990818e-39 2.13885108434718e-66 1.58086148876764e-40 2.80079612430047e-41 3.61395571569404e-17 3.05958008998044e-26 4.05259039881597e-38 1.76548414013139e-47 2.30238314506993e-59 0 9.29822002662509e-49 1.7491603880068e-41 1.22667041322087e-41 4.33440851744576e-38 1.6901385026581e-21 4.79939401774243e-39 2.84750917874264e-41 2.41900685597212e-18 3.34999608758588e-20 5.89682723225822e-46 0 0 0 1.7921174473088e-48 1.91619089273319e-60 
6.20458023899036e-54 4.18660322098355e-63 0 3.66754001214324e-56 1.7174923115546e-30 2.14232578917311e-34 9.73487847094394e-30 3.37688216707599e-46 1.21885707875177e-45 1.92747376699279e-64 0 0 8.60858014165525e-26 2.08832702245972e-34 0 3.5306743245662e-40 1.64807710223028e-22 8.03812055758674e-31 3.87983264891836e-24 2.61516112408534e-23 8.4029534862558e-27 2.39181421444979e-40 1.40568416375881e-24 1.03639339968718e-26 5.82555580508354e-36 4.59177018191475e-24 1.06793888664593e-25 3.4252136244374e-23 3.57842644401996e-17 5.37944608352746e-07 1.44553913605022e-15 1.14672439677475e-45 5.500998246939e-53 8.69459689630717e-63 0 0 3.53422488932596e-32 9.1097607632919e-43 2.01044377369425e-21 5.55523301804813e-19 
1.26445353313515e-44 4.97219630703939e-47 4.31789774399514e-51 2.69740611825173e-56 0 2.81209340930856e-21 1.68840719730103e-42 2.36305203018636e-42 0 8.08167152248716e-35 1.79402355765245e-32 9.77567296655769e-32 5.64266982943788e-60 0 5.92004619667375e-55 0 7.95103020587255e-21 9.99114847605858e-23 5.6049339754874e-19 4.88659569109169e-28 1.14307989338111e-21 5.52051437424721e-66 0 4.9543986238763e-17 8.49838271985304e-34 8.67861675159429e-27 5.8672698643207e-35 2.93196289015005e-36 0 0 1.38795499468804e-47 2.52388442459264e-23 1.85496641309796e-17 1.1195004738423e-45 0 6.40661851219613e-37 3.95220412832819e-21 8.48255020725181e-08 1.25357903613616e-18 0.000108709128367878 
8.97392319865254e-40 0 2.86662115200975e-09 2.97893010036886e-30 7.84827656328797e-40 1.68921830210635e-23 0 5.16389210986974e-65 0 0 1.92282249203049e-15 5.0828800466511e-22 0 0 0 1.93398674982099e-35 6.46466403982175e-25 0 0 0 2.17531378561289e-38 1.32925922711268e-25 1.69861807520909e-22 2.41229568869956e-33 4.81555338415803e-45 1.42045015097359e-20 0 0 8.78404140248787e-32 7.68093832134615e-29 2.82830821811508e-22 5.53328707626922e-15 8.83898386965804e-28 1.0102711919509e-19 4.02395220127622e-55 1.20962216644621e-44 0 1.16015943718984e-37 3.61395571569394e-17 0 
1.48651288746515e-61 1.20267022780002e-56 1.27204009416951e-46 5.45268145770991e-46 6.79709557728715e-46 0 0 3.95795222416003e-53 0 1.10798413799704e-64 3.27381801255469e-47 1.74521382887324e-64 6.60093732087514e-60 2.66075999357511e-55 1.89661694010157e-46 2.8886536783507e-65 6.2972274898037e-52 5.03851779935119e-50 0 0 1.46072244901259e-22 7.36403124592581e-31 3.55446475758914e-24 3.01643274197716e-23 7.29148640192203e-27 2.19123160608213e-40 3.71406135430665e-24 2.73833089466055e-26 1.53921267654416e-35 5.7256445128152e-21 9.78379441740204e-26 3.13797076936722e-23 3.49091135616947e-17 3.61395571569388e-17 0 0 0 0.000113584457522861 5.06671584314293e-17 0 
0 1.96372227407782e-15 7.65300700052883e-28 1.00399679917377e-24 2.08245919368273e-15 5.61671856811792e-32 3.30793763025447e-08 3.54716005406022e-17 7.98713784987273e-25 5.93540700336281e-40 2.84011556891983e-36 7.73334611578543e-27 4.41097744568079e-44 3.00664993755769e-21 1.99834501597308e-08 3.46769782145357e-27 3.32663124498881e-18 2.8515435062204e-23 3.33093158445925e-13 3.0468582043955e-17 3.41946109728689e-38 3.34385163287341e-30 7.54632066767867e-31 2.45369685684411e-26 1.54606719541605e-13 7.12481739992273e-23 1.65171306911298e-38 3.63868005380304e-31 4.87445224055835e-10 0 6.24506057031738e-16 4.09363064310722e-18 1.22213242480201e-43 1.64096354919334e-33 4.17191877167981e-05 9.97697436113216e-52 2.08005951851568e-11 1.99339965170011e-06 4.37392837645292e-52 1.11605486199372e-10 
5.0415718215214e-48 2.57014383786226e-46 7.35552656026638e-48 2.25328213989559e-13 1.78013241726797e-13 1.66315344872088e-20 4.51106040246797e-19 6.62004420132078e-26 1.07488513807052e-08 2.61071941574243e-34 1.96987800117273e-32 7.9206402514088e-07 0 1.3863558670241e-17 9.00985712681681e-18 7.92764966923729e-24 3.0449381428581e-23 0 0 1.4630131778222 1.45234724148563e-21 9.98684886644289e-13 7.2794012186418e-09 4.69258478954954e-11 4.6355498750056e-23 4.80779286010627e-20 1.73212909152383e-11 1.29269984178011e-27 8.30877744175972e-05 0 9.73126791605809e-36 5.84692393441295e-24 1.52056253233791e-17 4.45109302050319e-18 2.02059915984273e-19 0 0 1.13701867438138e-37 1.69640780249811e-27 1.87338828406344e-30 
3.55773575800134e-45 5.3172772342958e-22 3.74011766565538e-25 8.00794649348296e-22 8.18341699838163e-29 9.45466534970754e-48 4.35987142406357e-38 1.87210626112662e-56 1.99194802044104e-37 1.96806240573904e-58 2.36422717392683e-39 6.93874731495655e-59 0 0 0 0 1.19721149996783e-38 0 5.00979098629965e-21 5.65181626975228e-26 1.41951394980393e-42 4.05431520487344e-63 4.03206528377481e-21 1.28234392660069e-30 5.92247183186061e-45 1.41898859435142e-52 0 0 0 1.21413427330102e-21 0 0 0 2.85233471161629e-17 1.06095417229541e-42 7.82856471188342e-57 7.72527287497986e-50 4.80209218140106e-58 1.58136140697571e-39 5.13734866924478e-50 
1.62892632783509e-44 1.87009365755589e-45 9.42239528660048e-58 5.80458085659242e-50 1.04571648986537e-45 2.53265180734625e-49 4.99840799677381e-50 9.89573833590645e-46 0 0 2.74606687557519e-20 1.35304968706885e-59 0 6.90724210119767e-60 1.11546289955411e-34 2.73105967042168e-63 4.39458773394172e-47 2.32157102036899e-56 1.94717508101173e-25 0 1.59403823224116e-40 1.55929735172999e-42 5.6460698334861e-33 2.39367866542694e-35 2.41652818065507e-61 6.29531036298085e-26 1.41490771412598e-59 5.6477295167485e-62 1.01387449296234e-32 5.64698343048403e-44 2.23063209678889e-29 4.1634259773157e-51 2.8466843036473e-21 3.32638541275741e-17 1.39928317559702e-42 1.06712816958659e-42 2.45097135038464e-24 2.02917791833124e-25 0 1.80922644658399e-41 
0 0 9.67688580760937e-38 0 0 0 0 2.88874956335098e-24 1.60272489905333e-54 3.39939652674976e-30 1.03754620603426e-56 6.2856983662405e-64 2.17380676253676e-55 2.35579684932678e-46 1.43826337655163e-32 0 1.52252878225085e-60 2.30652262961803e-59 2.05860588319435e-22 7.50421798804449e-25 1.64120254880327e-55 2.22076753623988e-56 5.7232118313595e-64 0 0 0 0 6.58713031694994e-49 8.76725425365399e-50 1.09298246483992e-44 1.8255358150806e-51 3.2676618289618e-37 3.06900109114593e-46 0 4.49335720012033e-18 5.27558615840533e-46 1.26233789385226e-27 0 4.48429025722796e-51 4.44611465383064e-46 
1.02320166698506e-39 6.81822161637998e-35 1.0654800984472e-49 2.71303957485886e-37 1.28037272679809e-64 1.95841902264578e-37 2.71826134968185e-25 3.40691817703235e-17 3.03512031949607e-20 9.51666493564691e-52 1.09331399032451e-51 5.81584022861286e-52 1.87722340519169e-29 4.39008768561155e-20 8.73683404217288e-33 9.75383377883161e-64 4.83127295910439e-30 1.14009854316818e-23 7.80986203894463e-25 3.04347744937089e-24 4.5827250774771e-19 2.16544561014284e-19 6.57621779391439e-21 1.47594124219148e-22 1.47399803031106e-25 1.32257159863779e-52 3.22483932036661e-39 8.44676858388776e-36 2.63912179416712e-56 1.40356574634633e-19 3.59233085929423e-23 9.9817208527039e-39 1.48889857198093e-42 2.32111485912374e-57 0 1.70672029226146e-17 2.11978668186876e-53 1.52438837905377e-24 2.21238163478513e-21 3.61395571569353e-17 
4.49820349134619e-64 3.55120958554186e-57 1.64622341929003e-52 1.12570930431164e-49 5.28406012037319e-49 0 0 0 0 1.76822089785442e-43 9.93925270064688e-52 2.03256062266696e-53 3.61395571569367e-17 1.24744707436699e-52 0 0 1.24652716766868e-47 1.0992054163327e-44 4.13799361757853e-44 5.78733855743897e-49 0 0 0 0 0 0 0 0 0 0 0 0 7.70278954872132e-58 0 1.17326134679269e-22 2.12943800212628e-60 8.04749324101716e-30 4.81748148200441e-38 6.96891533929849e-47 7.1593745956818e-58 
1.6859576884945e-24 2.27430583085918e-22 9.50944155551405e-32 1.29103289237705e-23 5.38057207733427e-61 1.13114088489479e-25 1.05306106833809e-52 5.40678679593275e-30 1.09607223738699e-48 8.25627708042933e-39 1.29416736287342e-43 0 0 1.69992931050401e-35 0 0 0 2.32488860134701e-50 0 1.59929586880633e-62 2.59237919279295e-66 1.59205222749507e-40 0 0 0 0 3.85409628644789e-24 5.20806429881919e-36 2.84154323029268e-31 1.98829277358945e-25 9.24938602917204e-23 9.55011745700446e-23 2.49070245874055e-47 0 0 0 0 9.39243759527817e-66 0 6.88752951601863e-40 
6.80888583761396e-64 0 0 0 6.39160277526422e-39 4.44487927172754e-40 2.41592982543095e-66 1.33450107874667e-28 2.45836612970098e-58 2.52212052743894e-61 1.9149780892132e-40 0 3.78656741859307e-59 0 2.62848889255611e-55 4.28350151074102e-25 1.62671595770594e-22 1.44331033437645e-56 3.53460317378167e-17 2.18000001375626e-48 3.29160239556493e-17 1.09185132437138e-27 8.84538570629829e-25 5.07612460301506e-25 7.30270201634399e-27 7.43097962846921e-20 3.90334415404135e-34 2.41125095028336e-50 0 2.2681620599152e-41 7.02900205066082e-27 0.0010383143449246 3.0826760466105e-17 4.24712646932278e-33 8.36622206926887e-50 6.40242584209654e-45 0 7.43696690209317e-33 5.95250947120448e-34 2.48853394481298e-40 
1.71735146809008e-30 1.42237570321396e-05 3.47457656160597e-30 4.32162606026063e-08 3.07477819199094e-17 1.55520752779298e-22 7.50196273512904e-31 3.62104072574193e-24 1.46515079546249e-23 4.84580446982054e-27 2.23227534309466e-40 7.54936346120294e-25 5.56601053949796e-27 3.12867127478833e-36 1.01569696450124e-44 1.13858728190769e-63 5.27349892656094e-22 9.96705235924113e-26 3.19674564113707e-23 3.55629666428768e-17 1.93117197039541e-50 0 0 0 0 4.79047174422157e-50 0 1.94378879101208e-50 0 9.61711195485556e-52 0 1.52562445072215e-52 0 0 4.14296824346403e-49 3.03082348223611e-50 8.41188853279132e-53 0 0 0 
0 0 2.31512030867663e-55 0 0 0 2.48057759947179e-36 2.4772936744169e-39 2.54790591235394e-17 9.03672226797287e-19 1.78456624020427e-22 0 4.83510577329641e-43 6.31595840139831e-43 8.34605150764093e-47 0 7.9682793706437e-51 4.09855358102752e-06 5.42050966317388e-25 1.43918552717706e-15 8.17484763433629e-13 1.73932807716704e-13 2.07108479530102e-29 4.71660348075573e-25 1.16310121710204e-14 1.90279273797255e-27 2.59036168845312e-08 6.98291870459631e-34 7.82579272554796e-32 1.57921955968781e-45 1.5457663755056e-24 2.18258301867366e-25 0 0 1.4635227535672e-23 0 2.2964788671036e-38 3.600669686231e-17 3.00942370672999e-23 4.46743062799207e-44 
6.59498817685515e-51 8.0435068132508e-45 6.73549953553384e-37 2.42022067365823e-33 3.33688877133926e-32 7.66458737487372e-31 2.50392290795286e-38 0 2.46231536657529e-58 0 0 0 0 0 0 0 4.39595756555708e-25 1.07263338036374e-22 2.17780696751157e-65 1.05811635178572e-58 2.15485079464107e-63 0 0 0 1.19504538153897e-33 1.78177190086964e-24 2.65835925730153e-23 3.55668597022736e-17 9.18674674091855e-22 3.66785882571329e-40 1.95529444567064e-30 0 0 9.71750962745935e-40 2.33613966150945e-44 1.34926958911832e-40 3.39366842752687e-54 1.16093411442075e-35 0 9.02923773202737e-44 
3.61307235128035e-17 3.07719194060003e-25 3.24112908393733e-26 2.22393414728425e-62 1.76807728854668e-52 1.87513543557635e-64 2.32357034211798e-28 4.65513934983848e-64 2.4523118298365e-54 8.05461588941878e-50 5.14798063634103e-48 4.89141626308861e-48 1.42160694103981e-52 1.59147817566888e-55 0 0 0 0 7.59927364425118e-21 5.58963784016694e-30 0 5.84527049545328e-26 8.89228144317477e-30 2.14317696079785e-43 2.77611800999085e-26 9.85080266605262e-27 3.39008555374205e-30 6.58424240151928e-35 1.031797572921e-33 2.49949318688011e-66 1.85618528127579e-36 7.4205880696719e-32 9.12043258602131e-36 8.8322512255302e-29 6.07522690829049e-30 1.55746794058202e-33 9.44306190131372e-39 2.00387313924079e-39 1.28168484835189e-31 3.76198411687028e-26 
7.26928112148974e-48 9.33792503934463e-39 2.70593202226443e-32 7.6661883583579e-24 6.03322403514617e-47 0 1.89083227367711e-47 1.38852563231404e-62 1.38153158748885e-39 0 0 0 0 0 0 0 3.97632210771511e-40 2.34181715632288e-50 4.45688342459794e-51 5.3919116387787e-43 1.06359950231066e-51 3.33404439838719e-63 8.90571384414517e-25 3.7772241005865e-25 3.89048988705975e-33 1.10884491472552e-23 9.3380756586548e-63 4.43097639025821e-47 5.05297059802956e-59 6.84101989270623e-36 1.79306841488777e-40 0 0 0 0 1.62979545826549e-31 1.94073954251507e-37 7.95357972722061e-30 0 0 
6.49086057384016e-24 0 0 0 8.34666220467704e-65 0 0 8.98302962973136e-57 9.66564061238015e-59 5.60824263895757e-18 1.21709141946506e-34 1.40590255489808e-42 7.22916017736229e-25 1.01255559200033e-19 6.1671502384668e-21 1.1904963276433e-22 4.86569638685716e-28 3.09654854911678e-26 1.51644103455462e-62 3.33851795744618e-49 0 8.14056906199607e-41 2.13224243422149e-35 2.566495956333e-57 1.78588504184605e-45 2.99229221998062e-61 0 1.95193524024029e-18 4.09281545537447e-21 8.83700468166278e-28 6.52208558118348e-37 2.49763556310198e-18 8.20637179089942e-44 3.27287879146177e-55 6.7065605706641e-23 3.42422003303335e-20 0 1.6227751236626e-48 0 0 
2.56278471134702e-64 1.62713065620876e-57 3.05776315358004e-54 1.86969760434365e-52 3.40679434999351e-50 2.78617721793809e-50 0 0 4.6199108575442e-45 6.28319314141966e-22 2.30937846084086e-43 0 0 1.57392676501921e-62 2.07228018157556e-39 0 4.21135479055329e-60 3.22581572665381e-64 0 0 8.73382670141545e-18 1.06088437122729e-08 2.6711440548015e-14 107848.273794626 0 0 0 0 0 0 0 0 0 0 0 0 0 0 0 0 
0 0 0 0 0 0 0 0 0 0 0 0 0 0 0 0 0 0 0 0 0 0 0 0 0 0 0 0 0 0 0 0 0 0 0.0165853386302465 0 0 0 0 0 
0 0 0 0 0 0 0 0 0 0 0 0 0 0 0 0 0 0 0 1.26150308726394e-17 0 0 0 0 0 0 0 0 0 0 0 0 0 0 0 0 0 0 0 0 
0 0 3.37359309994899e-18 0 0.147759713493183 0 0 0 0 0 0 0 0 0 0 0 0 0 0 0 0 0 0 0 0 0 0 0 0 0 0 0 0 0 0 0 0 0 0 0 
0 0 0 0 0 0 0 0 0 0 0 0 0 0 0 0 0 0 0 0 0 0 0 0 0 0 0 0 0 0 0 0 0 0 0 0 0 0 0 6.40672803951562e-18 
0 0 0 0 0 0 0 0 0 0 0 0 0 0 0 0 0.103509087400485 0 0 0 0 0 0 0 0 0 0 0 0 0 0 0 0 0 0 0 0 0 0 0 
0 0 0 0 0 0 0 0 0 0 0 2.70325322966984e-05 0 0 0 0 0 0 0 0 0 0 0 0 0 0 0 0 0 0 0 0 0 0 0 0 0 0 0.000485551574424187 0 
0 0 0 0 0 0 0 0 0 0 0.00597410207186636 0 0 0 0 0.0676333162364958 0 0 0 0 0 0 0 0 0 0 0 0.0258314913587988 0 0 0 0 0 2.97521742621723e-23 0 0 0 0 0 0 
0 0 0 0 0 0 0 0 0 0 0 0.0046408680180445 0 0 0 0 0 0 0 0 0 0 0 0 0 0 0 0 3.4968048742711e-17 0 3.58388074266151e-17 0 
<F>
-238.57815323375 -662.895661456747 -285.950420331923 -343.409611152325 -448.241096120788 -553.072585625002 -654.85557611446 -432.021265411249 -303.059171710421 -494.458583757275 -750.339054329334 0 -498.779762944448 -8.96523928002187 -16.3965381539169 -74.3969366252922 -132.397341620086 0 0 0 0 -212.31896126453 -63.7688530423397 -111.141174454204 -158.513490597634 -205.885810299616 -121.228033751219 -414.95093654699 -79.2885264302779 -47.8425289886762 -57.0610860394201 -97.7256404483418 0 0 -145.358644672845 -80.8775881516718 0 0 -276.598179560545 -25.7217174669957 
0 0 0 -205.386442905217 -310.217907354404 -415.049383313042 -519.88087134223 -624.71237865387 -729.54389362751 -834.3754247636 -334.348499161127 -398.829547319568 -463.310616223205 0 -539.734991021118 0 -269.867468526794 -439.179988184463 -544.011497971591 -479.530430207426 -725.789715908388 -465.58805248634 -644.548592837929 -230.424834430531 -622.269648005996 -818.192141996699 -426.347213366817 -654.742340923528 -1079.05998014452 -277.797050900162 -325.169229808547 -335.256301332484 -440.087776331616 -444.071040124888 -672.466153123758 -1114.50751274579 -646.702244441177 -628.978435662542 0 0 
0 0 0 0 -359.386896848907 -423.867943544387 -294.90585696473 0 0 -486.305263618075 -742.185746048338 -998.066287568168 0 -750.828108778543 -490.626443954636 -669.58697816299 -233.569527239442 -225.121034998264 -289.602103317631 -579.821450851437 -458.770128218977 -499.120569524237 -539.471011174124 -715.272624741856 0 -353.93861905097 -418.419688390601 -205.221126691691 -623.640910989946 -401.143660012086 -310.052731377827 -418.867470276949 -621.498694919741 -603.774881384065 -269.702291779492 -586.051088777418 -465.422887825214 -1357.7575027765 -1152.53631021607 -58.00040507072 
-67.0955914051849 0 -149.165178714531 -195.922467327112 -192.293886582211 -872.936769485795 -1194.19269593597 -616.161739463935 -610.713533572061 -388.216285153818 -616.611433000523 -872.050027242058 -1193.30595369295 -615.274997214683 -513.154532767906 -297.12535290062 -405.940092875028 -652.059037801223 -634.335224981329 -608.571320116162 -590.847554044256 -500.530514875381 -1517.01401322861 -1232.22269330628 -654.191791827754 -256.774914522097 -448.174333134517 -704.054850950746 -573.123722816197 0 -452.495510068236 0 -631.456038675021 -613.732231372528 -1574.61469361509 -1331.90275065331 -1139.60893557462 -1034.26007723491 -1226.55409875528 -841.966302794164 
-49.7754862227659 -441.62045370042 -245.69792550983 -97.1479077654957 -144.52022999764 -191.892486052068 -239.264677963217 -263.42169446927 -466.052854322812 -448.329067617226 -112.667914280926 0 0 -81.2217572197914 -178.737608036779 -243.218711761089 -307.699813273586 -164.032232212579 -114.256517693688 -94.9441181635415 -570.178777216839 -309.977085730961 -209.259086105529 -314.09055425522 0 -469.460695497454 -424.317644234166 -47.372320789083 0 -229.538092191207 -621.382905763592 -817.305399754158 -425.460471125155 -276.910308640974 -324.282487544591 -334.369559090188 -439.201034090374 -443.18429788274 -645.815502187865 -628.091693419873 
0 0 -358.500154607241 -422.981201302256 -294.01911472392 0 -749.941366537213 -489.739701714039 -668.700235922106 -39.5283788106393 -235.450776449979 -86.9006711189506 -134.272876826531 -181.645279365605 -229.01758726645 -144.359842417525 -253.174582732997 -438.08199889348 -102.420675924695 -70.9745202739913 -168.490458326429 -232.97153093422 -297.452617852335 -143.537755523036 -416.037634829353 -104.009404222853 -266.695113996319 -299.730000093769 -104.10644149866 -111.53775170989 -169.538151920748 -151.478761705941 -158.910068337795 -206.282388544991 -216.369249046675 -321.200749962752 -426.032245560054 -527.815955622006 -510.092150637801 0 
-320.860661183063 0 -168.587496815197 -176.018803453839 -240.499870052473 -305.013499366815 -369.462130542496 -352.037609359145 0 -567.863649724166 -565.38438794658 -371.941225354104 -270.763438542746 -721.259117485273 -1137.53732089036 -703.535308414746 -1184.29457083372 -685.811502927943 -371.739393684727 -122.800198906292 -14.7661094597629 -22.197408971414 -440.617083994763 -859.036753694615 0 -414.042255270761 -218.119830882105 -282.600887486702 -219.021472020537 -62.1400939567897 -69.5697291369461 -116.942044071755 -109.574625354002 -156.890524643318 -235.843641113954 0 0 0 -431.044304516832 -438.475616452081 
-420.751806164565 -829.598704167027 0 -77.6580905371354 -46.2120932323973 -151.159514291017 -143.728208990354 -215.640571061866 -280.121622079546 -173.356923262256 0 0 -79.2471643061293 -86.6784643164495 0 -282.399049211491 -222.189555754006 -614.034371873973 -418.111934571733 -327.021022761975 -431.852497770157 -638.466965748814 -351.151616386299 -415.632664974631 -480.113733767658 -286.670582973086 -742.592817863452 -482.391165401772 -661.351699605665 -104.831509210054 -49.2966341897799 -56.7279485556232 -475.147595229165 -893.567247046835 0 0 -441.141499664484 -644.495259782157 -245.219032332432 -96.6688988018577 
-104.100180996589 -151.472499276683 -198.844753090927 -246.217117782595 0 -154.128105056474 -161.559410867142 -266.390892264342 0 -465.574068757228 -447.850256046497 -327.222076197707 -334.653382403381 0 -244.808656825172 0 -178.258714062828 -185.690006114058 -250.171057206639 -242.739783777939 -314.652126565693 -242.417883307381 0 -113.777664493386 -121.20897733192 -317.131375623372 -437.557739244791 -63.0189548610604 0 0 -577.131205623367 -569.699958762087 -309.498262752831 -316.929559790687 0 -495.889921717265 -20.5850346968409 -269.017070632737 -286.740863998733 -251.293288768118 
-525.74372634161 0 -213.646247796125 -459.765189482132 -477.488981251194 -442.041405453167 0 -338.584470253591 0 0 -122.555300815996 -227.386811001528 0 0 0 -343.684274311412 -325.960481315937 0 0 0 -291.328091385198 -273.604298625965 -416.277476704221 -434.001262904793 -732.627746333579 -398.553737353452 0 0 -49.1699624954886 -31.446169795186 -216.305650387162 -277.925478077944 -28.376281071003 -10.6524324875783 -213.235871863794 -195.512068084233 0 -34.0263304186947 -8.5287948019796 0 
-219.31380266805 -70.7635993968027 -118.135973708723 -165.508291298343 -212.880617970916 0 0 -86.2836879388035 0 -96.401211819312 -152.353483875763 -216.834551185254 -87.8724375567398 -283.794869746632 -135.244679997945 -404.221230021189 -50.8360917203779 -68.5598919052109 0 0 -256.024598145427 -647.869414659211 -451.946977227757 -360.856065332125 -465.68754043245 -672.302008840363 -384.986659039044 -449.467707666353 -513.948776486076 -320.505625700342 -776.427860866523 -516.226208044363 -695.186742206796 -40.6645545016352 0 0 0 -104.834987823284 -300.757422535395 0 
0 -318.481214131543 -521.112435674701 -503.388646196893 -169.316035533386 -485.66486391484 -365.03665389913 -121.03473352729 -225.866223011367 -537.312184275815 -519.588391878677 -185.515782995083 -501.864609580237 -381.236399529582 -164.742931340435 -583.162584003279 -360.665330320879 -589.06047898569 -269.574406541905 -378.389143408962 -624.508074796135 -606.784268578038 -581.020351638186 -563.296548797939 -229.22396446965 -420.623382079619 -676.503893502259 -545.572760528423 -424.944563384926 0 -603.905088204579 -586.181275600128 -1276.80084962835 -1112.05798146082 -84.5428941214128 -91.9742299381852 -280.465308728287 -131.915166058218 -139.346445969897 -189.37438121016 
-196.805685544528 -301.637168639416 -406.468656887637 -298.189119333206 -213.504990130027 -220.936285278293 -277.98605965636 -342.467139709671 -149.023940252383 -156.455241301482 -261.286726990557 -344.744540504731 0 -308.236698823847 -17.4437334408098 -39.599418951512 -57.3232301419826 0 0 -92.3574640626252 -510.777130410379 -288.279898862555 -197.188951430473 -306.003689938845 -508.63491537318 -490.911208991195 -156.838511400877 -473.18733796743 -352.559127949806 0 -450.850060700537 -515.331108272362 -579.812168869279 -644.293243009524 -37.8202829740557 0 0 -429.665147972147 -233.742681499894 -462.137818929481 
-886.455517239977 -85.1925446944655 -142.651754624317 -289.11350471861 -251.466492721391 -497.585435232587 -479.861622867918 -770.448002241333 -436.373904700588 -100.712572934467 -69.2664165202334 -117.019113787476 0 0 0 0 -77.4196985729966 0 -166.782363288998 -231.263432737117 -140.121615222344 -409.205222849282 -102.301314387083 -293.700732184449 -549.581246635714 -752.724193193383 0 0 0 -298.021911973317 0 0 0 -476.982435327694 -224.558801874943 -231.990145650919 -616.403619516234 -812.32611576089 -1015.67989088548 -1211.60249353534 
-420.481182546023 -271.93101586252 -279.362347329013 -319.303183924955 -329.390273583378 -336.821593771535 -434.221746691403 -441.653054717366 0 0 -332.935832037193 -340.367143776886 0 -732.212013073381 -724.780763830568 -928.134539799565 -920.703328689151 -536.289543623443 -528.858267190922 0 -789.261879360342 -657.820445574412 -593.339346347853 -757.253427465692 -387.739345616619 -437.767321040406 -445.198620337939 -550.030108148394 -542.598830649705 -353.520863890419 -360.952177999142 -418.001913533157 -425.433207707634 -489.914259521018 -289.03983368899 -296.471149513924 -752.797042553995 -685.836724737123 0 -749.213279737311 
0 0 -731.489490847168 0 0 0 0 -397.41687986783 -469.329224850453 -461.897948409031 -533.810292940922 -598.291371154869 -404.848178488467 -844.69686260803 -588.816315505549 0 -860.770470839447 -600.568776999534 -593.137498692108 -772.098003661622 -779.529301043925 -487.870540414507 -743.750988480392 0 0 0 0 -752.393356091033 -744.962080748626 -484.760415043816 -492.191720426787 -663.720957876291 -671.152271430978 0 -255.880516419679 -714.90394145725 -380.82992659981 0 -338.827555804501 -443.659022905451 
-548.490497583397 -653.321986281734 -413.601099652469 -478.082129752815 -349.120068221929 -403.308583656964 -467.789613402568 -532.270662175477 -596.751731526591 -859.230803605781 -1119.43255522957 -599.029166891934 -19.2893769920623 -34.1519765329706 -452.571619582684 -1289.41098577154 -425.996850900298 -230.074375162898 -277.446708714542 -294.555448851495 -81.5242692247614 -128.896492220009 -176.268859989454 -223.641005269709 -247.7981789393 -831.260734271368 -450.429410134824 -432.705597898409 -97.0442564989699 -163.114055877955 -227.595129775705 -132.78491665762 -360.380019260255 -394.531957116349 0 -98.632997696302 -79.3204604653052 -554.555296129385 -294.353598076115 0.4262927311995 
-14.4363094730354 -61.8085116503137 -109.180886175542 -156.553203873418 -203.925530284311 0 0 0 0 -143.398396342582 -207.879463652073 -78.9173491899338 -5.75622706674633 -20.6188456434744 0 0 -67.9911658256576 -115.363480745006 -162.735802156846 -210.108118300298 0 0 0 0 0 0 0 0 0 0 0 0 -280.820485884741 0 -224.175686329584 -231.607013719462 -616.020520646787 -811.943018248599 -1015.2967934239 -1211.21939652905 
-420.098078934589 -620.972544223291 -648.493212769386 -271.547984648105 -278.979297508104 -329.007174788661 -336.438474327309 -433.838642372646 -441.269961600098 -666.217026210262 -640.453135992492 0 0 -332.552723177902 0 0 0 -724.397664856259 0 -920.320230075969 -535.906439632402 -528.475165020628 0 0 0 0 -353.137760923721 -360.568893405242 -417.618813590854 -425.050101696973 -489.531154474054 -288.656734114391 -296.088029771794 0 0 0 0 -468.946117498152 0 -397.033775088333 
-404.465067659581 0 0 0 -592.754392714016 -771.714898860057 -779.146189372723 -480.056131398281 -487.48743106993 -743.367898992268 -735.936620563541 0 -991.817165713992 0 -752.010258783257 -744.578976623658 -484.377307118579 -491.808630580222 -663.337858143962 -670.769150662871 -214.531049527484 -410.453444663202 -319.362516712036 -428.17725832214 -279.012081154864 -474.732666023573 -28.5849292496363 -13.7223877262987 0 -227.166796744032 -198.581869544858 -260.201696044086 -7.79129416179993 7.07133175232612 -35.0072954594537 -177.788259036283 0 -0.719952618304894 -8.51123698896504 -16.3025213622367 
-802.544199103811 -456.885984388249 -1427.8294203407 -439.162193627854 -421.438413205727 -252.793904068179 -644.638720209359 -448.716282873678 -357.625371085415 -462.456846074187 -669.07131416165 -381.75596468735 -446.23701328572 -510.718082085643 -634.549911400794 -1080.78681339387 -317.274931293431 -773.197166254026 -512.995513700479 -691.956047893454 -69.4646608338757 0 0 0 0 -116.836981036957 0 -164.209295931564 0 -211.581617410143 0 -258.953933486856 0 0 -174.296161730374 -279.127657349324 -383.959159470045 0 0 0 
0 0 -468.019058024374 0 0 0 -198.426766150233 -262.907822821566 -342.262456222092 -406.734604313944 -471.213626714271 0 -133.945716163299 -181.318031040897 -450.295254244813 0 -329.666301071299 -200.927691828454 -619.347347280361 -396.850091744951 -305.759164472552 -414.573905610791 -617.205071216153 -599.481276998558 -265.408728125952 -581.757498129022 -461.129314728236 -1349.17029876376 -1148.24273827965 -32.5107709093964 -364.826607225615 -429.307663294038 0 0 -249.264993303977 0 -302.360753907883 -215.664935121011 -280.142489312598 -289.590849861147 
-1269.20319060233 -336.96298418965 -394.422292902491 -499.253744826638 -604.085227161218 -708.916711449195 -918.579714357818 0 -705.868151952715 0 0 0 0 0 0 0 -418.552873917863 -547.514952946897 -708.143572578172 -772.624622516871 -1932.13557967312 0 0 0 -354.071851295876 -810.397737952866 -614.475271738623 -678.956340161562 -743.437419694187 -1137.76171878778 -1800.52047390293 0 0 -809.994044905136 -1070.1957311727 -549.79240276032 -185.940747327021 -240.129300709035 0 -250.42179906145 
-369.091929408016 -433.572462594976 -304.610356035714 -251.170793489535 -1034.86053337783 -1230.78287232409 -640.536288392495 -298.542974879865 -356.00224045477 -460.833696613189 -565.665178002118 -670.496663395306 -775.328165788716 -880.159670524457 0 0 0 0 -352.116477853928 -359.547787803863 0 -751.392652123277 -947.315180286771 -939.883973550812 -555.470188985975 -660.301697317235 -765.133218474415 -869.964757068639 -1108.46112834921 -1567.73064523682 -783.865334676089 -406.919974116098 -454.292356804586 -464.379266068551 -569.210753513066 -674.042261479945 -778.873778589643 -380.132822859027 -444.613852913879 -509.094901281823 
-315.651796308836 -897.58186799245 -628.564828923435 -610.841016566804 -801.589115498044 0 -775.825161915352 -793.549010906116 -758.1013901086 0 0 0 0 0 0 0 -848.057650980645 -783.576622775002 -1336.56746284465 -1401.04852313796 -1530.01064381541 -1889.55838483358 -488.509870343504 -552.990940450119 -617.472015344295 -424.028824364786 -1468.00883987991 -871.308746789584 -1127.18932425551 -615.428239206927 -740.377614509775 0 0 0 0 -879.9511150889 -1140.15287546529 -619.749421896912 0 0 
-798.709946440884 0 0 0 -507.051186093074 0 0 -771.573999967205 -511.372362499381 -71.0913961384066 -462.936281695603 -338.105175737074 -267.013814037309 -118.463685977176 -165.835855085133 -213.208303126526 -260.580562235667 -284.737622105368 -903.647798788107 -868.200185960596 0 -487.368847775411 -469.645035903738 -885.923995008546 -850.476380471179 -133.983699952274 0 -200.053495161724 -264.534565147901 -329.01564479154 -206.66380356037 -135.572444336661 -598.607182146178 -116.259903837308 -591.494735076195 -331.293042651317 0 -1046.47596929117 0 0 
-367.617673266434 -472.449133355748 -577.280612020923 -682.112097868181 -786.943601695991 -891.775108566999 0 0 -391.748257004996 -520.710335587323 -649.672484861156 0 0 -2018.36028080907 -2082.84133720172 0 -327.26722911331 -783.189434732013 0 0 -17.407863528805 -64.4810691675575 -17.7238110689833 -82.2048603003521 0 0 0 0 0 0 0 0 0 0 0 0 0 0 0 0 
0 0 0 0 0 0 0 0 0 0 0 0 0 0 0 0 0 0 0 0 0 0 0 0 0 0 0 0 0 0 0 0 0 0 -465.422887933045 0 0 0 0 0 
0 0 0 0 0 0 0 0 0 0 0 0 0 0 0 0 0 0 0 -401.962616582411 0 0 0 0 0 0 0 0 0 0 0 0 0 0 0 0 0 0 0 0 
0 0 -2208.79269886737 0 -452.495509349851 0 0 0 0 0 0 0 0 0 0 0 0 0 0 0 0 0 0 0 0 0 0 0 0 0 0 0 0 0 0 0 0 0 0 0 
0 0 0 0 0 0 0 0 0 0 0 0 0 0 0 0 0 0 0 0 0 0 0 0 0 -43.319621980431 0 0 0 0 0 0 0 0 0 0 0 0 0 -459.494640573243 
0 0 0 0 0 0 0 0 0 0 0 0 0 0 0 0 -167.966196914642 0 0 0 0 0 0 0 0 0 0 0 0 0 0 0 0 0 0 0 0 0 0 0 
0 0 0 0 0 0 0 0 0 0 0 -1924.43840367213 0 0 0 0 0 0 0 0 0 0 0 0 0 0 0 0 0 0 0 0 0 0 0 0 0 0 -1916.80107902371 0 
0 0 0 0 0 0 0 0 0 0 -280.465308872169 0 0 0 0 -213.504992293775 0 0 0 0 0 0 0 0 0 0 0 -1836.74033421128 0 0 0 0 0 -325.507162077814 0 0 0 0 0 0 
0 0 0 0 0 0 0 0 0 0 0 -292.476268002138 0 0 0 0 0 0 0 0 0 0 0 0 0 0 0 0 -637.161443015733 0 -356.300614984977 0 
<F0>
-3.22156321018978 0 -1.3582701591806 -1.3582701591806 -0.284415753044584 0 -1.3582701591806 0 -1.3582701591806 -0.350597898788913 -0.29585876919477 -1.3582701591806 -0.284415753044584 0 -0.394719326545713 0 -0.418257555572059 -1.62595376423555 -3.62308862774419 -0.286443472673774 -1.43764792851731 -0.418257555572059 0 -0.418257555572059 -1.62595376423555 -3.62308862774419 0 -0.418257555572059 -0.347642868493021 0 0 -0.418257555572059 -1.62595376423555 -3.62308862774419 -0.418257555572059 0 -0.371181097519367 -1.53180084813016 -0.446503429351434 0 
-1.62595376423555 -0.418257555572059 -0.418257555572059 -3.37047303811452 -1.49614962400244 -0.367143433170431 0 -0.418257555572059 -1.62595376423555 -3.62308862774419 -0.367143433170431 0 -0.418257555572059 -18.6739103699635 -6.11696278749843 -9.58670906066595 -1.49614962400244 0 -0.418257555572059 0 -0.418257555572059 -0.367143433170431 -1.49614962400244 -3.42562482897421 -0.460626367117988 -3.66074979278336 -0.389204148076113 0 -3.62308862774419 -1.49614962400244 -0.367143433170431 -1.49614962400244 -0.367143433170431 -1.49063445066925 -0.284415753044584 -0.418257555572059 -1.49614962400244 -0.367143433170431 -0.367143433170431 -1.49614962400244 
-0.345082717237467 -3.70782625434352 -10.1174883741355 -0.479456953145041 -0.543629154470453 0 -1.60093802006125 -0.399426972175609 0 -0.350597898788913 -0.493579883896656 -3.66074979278336 -1.49614962400244 -0.418257555572059 -0.367143433170431 -1.34723981251422 -3.62308862774419 0 -0.418257555572059 -0.394719326545713 -0.394719326545713 -0.394719326545713 -0.394719326545713 -0.394719326545713 -1.57887730618285 0 -0.427672846831851 -1.54027105586837 -0.394719326545713 0 -0.367143433170431 -0.367143433170431 -0.367143433170431 0 -0.367143433170431 -0.418257555572059 0 0 -1.62595376423555 -0.371181097519367 
0 -0.361765806259576 0 -1.61653847122202 -1.50166480555389 -3.3925337643203 -3.55247393891142 -1.55130141280757 -0.394719326545713 0 -0.380596389656026 -3.3925337643203 -3.55247393891142 -1.55130141280757 0 -0.339567539795149 -0.367143433170431 -0.367143433170431 0 -0.367143433170431 0 0 -6.32102440320101 -1.68918087968398 -0.433325576860196 -0.367143433170431 0 -1.64949199501563 -0.418257555572059 -6.32102440320101 0 0 -0.367143433170431 0 -6.32102440320101 0 -1.62595376423555 -1.52372551943229 -6.09490207772915 0 
-1.45202819624564 -1.62595376423555 0 -0.328537184910513 0 -0.432380491584879 -1.62595376423555 -0.284415753044584 -0.284415753044584 0 0 -0.418257555572059 -1.62595376423555 -0.284415753044584 0 -0.418257555572059 -1.48472439007747 -3.24362393639556 -0.372658612667313 -0.418257555572059 -1.53180084813016 0 -3.41459447408957 -1.49614962400244 -1.49614962400244 -0.367143433170431 -3.58825204534788 -0.38488264106091 -0.393533805829304 -3.42562482897421 -0.460626367117988 -3.66074979278336 -0.389204148076113 -1.49614962400244 -0.367143433170431 -1.49614962400244 -0.367143433170431 -1.49063445066925 -1.49614962400244 -0.367143433170431 
-0.367143433170431 -1.49614962400244 -0.543629154470453 0 -1.60093802006125 -1.49614962400244 -0.418257555572059 -0.367143433170431 -1.34723981251422 -1.49063445066925 0 -0.394719326545713 0 -0.394719326545713 -1.57887730618285 -0.394719326545713 -0.394719326545713 0 0 -0.394719326545713 0 -0.394719326545713 -1.57887730618285 -3.55247393891142 -6.31550922473141 -0.394719326545713 0 0 -1.57887730618285 -3.3870185745506 -1.57887730618285 -0.394719326545713 -1.57887730618285 -0.394719326545713 -1.57887730618285 -0.394719326545713 0 -1.57887730618285 -0.394719326545713 -1.57887730618285 
-1.57887730618285 -0.394719326545713 -0.394719326545713 -1.57887730618285 -0.394719326545713 0 -0.394719326545713 -6.31550922473141 -9.86798316364283 -1.57887730618285 -3.55247393891142 0 0 -0.394719326545713 -1.57887730618285 -1.57887730618285 -6.31550922473141 -3.55247393891142 -0.394719326545713 -0.367143433170431 -0.334052362352831 -1.40239159515565 -0.394719326545713 0 -0.394719326545713 -1.41881734950519 0 -0.347642868493021 -1.62595376423555 0 -0.229263962184892 0 -0.418257555572059 -1.62595376423555 -0.141021106671291 0 -0.413549909065296 -1.58829259744264 0 -0.339567539795149 
0 -1.60712317996223 -0.391423974429413 -0.418257555572059 0 0 -0.418257555572059 -0.206413494334945 -1.48943203833797 -1.41893713159173 -3.25465428306194 -1.39687640538595 0 -0.477447008726124 -1.62595376423555 0 -3.40907930075638 -0.945513857351709 -0.367143433170431 -1.49614962400244 -0.367143433170431 -1.49614962400244 -0.367143433170431 0 -0.418257555572059 -1.49614962400244 -0.291151120934272 -0.367143433170431 -1.34723981251422 -0.385304035285922 -1.48511926911781 -3.13332037111269 -1.57887730618285 -0.394719326545713 -3.62308862774419 -6.4096621408368 -1.6024155352092 -3.66074979278336 0 -0.306476471032113 
-1.22590588412845 -0.10793005023564 0 -0.418257555572059 -0.394719326545713 -0.367143433170431 -1.32517908630843 -0.339567539795149 0 -0.367143433170431 0 -0.367143433170431 -1.25899695700062 0 -0.367143433170431 -0.367143433170431 0 -0.157566643107373 0 -0.418257555572059 -0.418257555572059 -5.76399136544402 -9.31646530435544 -0.367143433170431 -1.42996747825811 0 0 0 -0.284415753044584 -1.30863354987235 -0.281735831428215 -1.62595376423555 0 -0.174112179543455 -0.284415753044584 -1.55681659230445 0 -0.399426972175609 0 -1.62595376423555 
-0.394719326545713 0 -0.394719326545713 -0.418257555572059 0 -1.59770788870244 0 -0.394719326545713 -0.394719326545713 -1.57887730618285 0 -0.446503429351434 -1.62595376423555 -3.62308862774419 0 0 -0.418257555572059 -14.0686663779801 -9.75029202026483 -19.1764794028167 0 -0.427672846831851 -0.432380491584879 0 -3.62308862774419 -1.64949199501563 0 -0.418257555572059 0 -0.357058161506547 -0.418257555572059 -0.399426972175609 0 -0.418257555572059 0 -0.418257555572059 -0.399426972175609 -0.4088422634354 0 -1.39136123205276 
0 -0.311991644365302 0 -0.371181097519367 -1.54121614114369 -0.284415753044584 0 0 -1.52924069687461 -0.466416645623232 0 -0.418257555572059 -0.361628255728113 -0.418257555572059 0 -0.418257555572059 -1.62595376423555 -0.357058161506547 -1.62595376423555 0 -3.3925337643203 -0.945513857351709 -0.367143433170431 -1.47960408756636 -0.367143433170431 -1.49614962400244 -0.367143433170431 0 -0.418257555572059 -1.49614962400244 -0.291151120934272 -0.367143433170431 -1.34723981251422 -0.357058161506547 0 -0.418257555572059 -0.422965200325088 -0.394719326545713 -0.418257555572059 -1.62595376423555 
-3.62308862774419 0 0 -0.418257555572059 0 -1.62595376423555 -0.418257555572059 -0.339567539795149 0 0 -0.418257555572059 0 -1.62595376423555 -0.418257555572059 -1.47408891423317 -0.394719326545713 0 -0.380596389656026 -0.405749683484913 -0.367143433170431 -0.367143433170431 0 -0.367143433170431 0 -0.367143433170431 0 -1.64949199501563 -0.418257555572059 0 0 -0.367143433170431 0 0 -1.62595376423555 -1.36930052228349 -3.22156321018978 0 -0.174112179543455 -1.3582701591806 -0.267870216608502 
-1.3582701591806 -0.284415753044584 0 -0.284415753044584 0 -0.284415753044584 -0.418257555572059 -1.62595376423555 -0.284415753044584 -1.3582701591806 -0.284415753044584 0 0 -1.56004672366327 0 0 -0.400234505015313 -0.413549909065296 -0.413549909065296 -0.397580172044232 0 -0.418257555572059 0 0 0 -0.418257555572059 0 -1.62595376423555 -0.418257555572059 -25.0737310667149 -0.367143433170431 0 0.344381078560684 -0.646763441650006 -1.48511926911781 -1.49178585896075 -3.43478279553342 -1.62595376423555 0 -0.291151120934272 
-6.4096621408368 -0.135505933338101 -0.367143433170431 0 -0.367143433170431 -0.328537184910513 0 -0.418257555572059 0 0 -0.367143433170431 -1.49614962400244 -1.49614962400244 -1.49614962400244 -1.49614962400244 -1.49614962400244 -1.49614962400244 -0.367143433170431 0 -0.418257555572059 -3.41459447408957 -6.07835654129307 -0.400234505015313 0 -1.70127609080641 -1.62595376423555 0 -0.0840146956815124 -0.367143433170431 0 0 -0.367143433170431 0 -0.118960396902019 -3.41459447408957 -6.12247797726813 -0.460626367117988 -3.66074979278336 -6.4096621408368 -14.351134728603 
-0.389204148076113 -1.49614962400244 -3.41459447408957 -0.367143433170431 -1.49614962400244 -3.41459447408957 -0.367143433170431 -1.49614962400244 -3.41459447408957 -3.41459447408957 -0.345082717237467 -1.49614962400244 -14.4264474633896 -1.58829259744264 -3.70782625434352 -6.50381505694218 -10.1174883741355 0 -0.479456953145041 -0.394719326545713 -6.50381505694218 -3.62308862774419 -1.62595376423555 -1.60712317996223 -0.367143433170431 0 -0.367143433170431 0 -0.399426972175609 -0.367143433170431 -1.49614962400244 0 -0.367143433170431 0 -1.49614962400244 -3.41459447408957 -1.7201066838484 -1.57887730618285 -1.62595376423555 0 
-0.367143433170431 0 -0.418257555572059 0 -0.367143433170431 -1.49614962400244 -0.367143433170431 0 0 -0.399426972175609 -0.488872242651097 -1.6353690537416 -0.367143433170431 -3.69370331657696 -0.583025158756482 0 -1.62595376423555 0 -0.361765806259576 0 -0.284415753044584 -1.3582701591806 0 -1.62595376423555 -1.49614962400244 -0.367143433170431 -3.41459447408957 0 -0.418257555572059 -0.367143433170431 -1.49614962400244 -1.49614962400244 -3.30980608213989 0 -1.61653847122202 -6.43790800935497 -3.67016508228941 -6.12247797726813 -3.41459447408957 -1.49614962400244 
-0.367143433170431 0 -1.49614962400244 -0.367143433170431 -3.41459447408957 -1.49614962400244 -0.367143433170431 0 -0.418257555572059 -0.291151120934272 -3.53835100202173 -0.367143433170431 0 -1.49614962400244 -0.394719326545713 -0.394719326545713 -1.67303022228824 0 -0.418257555572059 -0.418257555572059 -0.372658612667313 0 -0.432380491584879 -1.62595376423555 -0.284415753044584 -1.62595376423555 -0.284415753044584 0 0 0 -0.399426972175609 -3.36495786478133 -1.85463623582655 -6.39823690691182 -6.66296547345262 -0.422295219920995 -0.357058161506547 -1.63066140898857 0 0 
-1.12663266551196 -0.284415753044584 0 -0.404134617805505 -1.62595376423555 -1.12663266551196 -1.12663266551196 -1.12663266551196 -1.12663266551196 0 -0.418257555572059 -0.284415753044584 0 -1.3582701591806 -5.8742949307269 -1.62595376423555 -0.284415753044584 0 -0.418257555572059 -1.62595376423555 -1.62595376423555 -1.19281481125629 -0.118960396902019 -3.16641144398485 -1.3582701591806 -0.284415753044584 0 -1.62595376423555 -3.22156321018978 -0.418257555572059 0 -1.62595376423555 0 -1.3582701591806 -3.42562482897421 -6.11144761416524 -0.441795784598405 -3.62308862774419 -6.4096621408368 -14.351134728603 
-0.367143433170431 -0.418257555572059 0 -1.3637853489503 -3.08368374536793 -1.49614962400244 -3.41459447408957 -0.367143433170431 -1.49614962400244 -0.367143433170431 -1.49614962400244 -6.12247797726813 -3.41459447408957 -0.367143433170431 -1.47408891423317 -14.0357128612015 -1.62595376423555 -3.62308862774419 -6.4096621408368 -9.98567430702083 0 -0.479456953145041 -0.196172889312727 0 -0.367143433170431 0 -0.367143433170431 -1.52372551943229 0 -0.367143433170431 0 -1.49614962400244 -3.44217036541029 0 -0.367143433170431 0 -1.49614962400244 0 -0.418257555572059 0 
-0.367143433170431 -0.418257555572059 -1.62595376423555 0 -0.361765806259576 0 -0.284415753044584 -0.367143433170431 -1.3582701591806 0 -0.418257555572059 -1.62595376423555 -3.62308862774419 -1.49614962400244 0 -0.418257555572059 -0.367143433170431 -1.49614962400244 -1.49614962400244 -3.24913910972875 -1.54578623536525 0 -0.367143433170431 -0.367143433170431 -0.367143433170431 0 0 -1.62595376423555 -0.371181097519367 -1.61653847122202 -1.61653847122202 -1.6353690537416 0 -1.62595376423555 -0.371181097519367 -1.62595376423555 -1.6353690537416 -1.62595376423555 -1.62595376423555 -1.6024155352092 
-3.62308862774419 0 -6.31550922473141 -0.418257555572059 -1.61183082646899 -3.41459447408957 -0.945513857351709 -0.367143433170431 -1.49614962400244 -0.367143433170431 -1.49614962400244 -0.367143433170431 0 -0.418257555572059 -6.12247797726813 -6.12247797726813 -1.49614962400244 -0.291151120934272 -0.367143433170431 -1.34723981251422 -1.50166480555389 -5.92944672980484 -0.311991644365302 0 -0.319396996467381 -0.372658612667313 -3.24362393639556 0 -1.30863354987235 -0.361765806259576 0 -1.62595376423555 -0.418257555572059 -1.62595376423555 -0.317506825916749 0 -0.418257555572059 -1.62595376423555 0 -1.62595376423555 
-6.4096621408368 -0.284415753044584 0 -0.418257555572059 0 -0.300961289480666 0 -0.291151120934272 0 -0.418257555572059 -1.62595376423555 -1.58990766312205 -0.433325576860196 0 -0.418257555572059 -0.48847736361076 0 -1.51269516454765 -0.394719326545713 0 -0.367143433170431 -0.367143433170431 -0.367143433170431 0 -0.367143433170431 -0.418257555572059 0 0 -1.62595376423555 -3.41459447408957 0 -0.418257555572059 -0.418257555572059 -1.62595376423555 -0.418257555572059 -5.89652876104009 -1.81602998962119 0 -0.432380491584879 -6.17762975990957 
-14.351134728603 -3.2105328635234 -3.41459447408957 -1.49614962400244 -0.367143433170431 0 -1.7201066838484 -1.49614962400244 -3.41459447408957 -6.12247797726813 -3.41459447408957 -1.49614962400244 -0.367143433170431 -3.41459447408957 -1.49614962400244 -3.41459447408957 -1.50717998710533 0 -13.9892982114082 -9.70804298905171 -6.17762975990957 -24.8759744039991 -39.0141728405672 -31.5751725757368 -3.44768554696174 -1.62595376423555 0 -0.418257555572059 -1.62595376423555 -9.97155136925427 -1.62595376423555 -1.49614962400244 -3.41459447408957 0 -1.62171688150259 -1.50166480555389 -3.41459447408957 -1.49614962400244 -5.98459849600977 -1.50166480555389 
0 -0.418257555572059 -0.367143433170431 -6.12247797726813 -6.35787803803107 -14.351134728603 -0.418257555572059 -3.22707841639599 -3.41459447408957 -1.41342194182203 -0.339567539795149 0 -0.418257555572059 -1.62595376423555 -3.41459447408957 -3.41459447408957 -1.49614962400244 -3.41459447408957 -0.367143433170431 -1.46305855934853 -14.0357128612015 -1.64949199501563 -6.32021687036131 -10.3010865791306 0 -0.394719326545713 -1.58829259744264 -3.67016508228941 -0.394719326545713 -1.62595376423555 -0.446503429351434 -0.212718425748809 0 -0.367143433170431 0 -0.460626367117988 -1.7201066838484 -1.49614962400244 -0.367143433170431 0 
-3.41459447408957 0 -0.367143433170431 0 0 0 -0.367143433170431 -1.49614962400244 0 -0.367143433170431 0 -0.367143433170431 0 -0.367143433170431 -0.367143433170431 -14.167526942346 -1.19832998458948 -3.41459447408957 -1.30311837653916 0.052010140791992 -0.418257555572059 -0.367143433170431 0 -0.507702821663211 -1.57416966055296 -0.367143433170431 -0.367143433170431 -1.66361493278218 -6.32021687036131 0 -0.437088139845377 -14.0357128612015 0 -0.394719326545713 -0.367143433170431 -1.6353690537416 -6.43790800935497 0 -1.62595376423555 0 
-0.229263962184892 0 -1.62595376423555 -6.4096621408368 -1.3582701591806 -1.49614962400244 -3.41459447408957 0 -1.49614962400244 -1.38584605871957 -1.62595376423555 -1.3582701591806 0 -0.262355043275313 0 -0.314689348206884 -1.62595376423555 -0.146536296440994 0 -1.62595376423555 -6.4096621408368 -0.284415753044584 0 -0.418257555572059 -3.62308862774419 0 -0.418257555572059 0 -0.361765806259576 -1.51767791387108 -3.07816857203474 -0.289930934596031 -1.62595376423555 -0.418257555572059 -1.39998677049308 0 -6.13350832393451 -6.35787803803107 -3.07265339870155 -1.11560231884558 
-3.41459447408957 -1.49614962400244 -0.367143433170431 0 -0.460626367117988 -1.64949199501563 -1.49614962400244 -3.41459447408957 -1.49614962400244 0 -1.62595376423555 -25.0800359981287 -3.41459447408957 -0.367143433170431 0 -24.8483985044601 -3.41459447408957 0 -1.62595376423555 -1.49614962400244 0 -0.37588874402613 -0.328537184910513 0 0 0 0 0 0 0 0 0 0 0 0 0 0 0 0 0 
0 0 0 0 0 0 0 0 0 0 0 0 0 0 0 0 0 0 0 0 0 0 0 0 0 0 0 0 0 0 0 0 0 0 0 0 0 0 0 0 
0 0 0 0 0 0 0 0 0 0 0 0 0 0 0 0 0 0 0 0 0 0 0 0 0 0 0 0 0 0 0 0 0 0 0 0 0 0 0 0 
0 0 0 0 0 0 0 0 0 0 0 0 0 0 0 0 0 0 0 0 0 0 0 0 0 0 0 0 0 0 0 0 0 0 0 0 0 0 0 0 
0 0 0 0 0 0 0 0 0 0 0 0 0 0 0 0 0 0 0 0 0 0 0 0 0 0 0 0 0 0 0 0 0 0 0 0 0 0 0 0 
0 0 0 0 0 0 0 0 0 0 0 0 0 0 0 0 0 0 0 0 0 0 0 0 0 0 0 0 0 0 0 0 0 0 0 0 0 0 0 0 
0 0 0 0 0 0 0 0 0 0 0 0 0 0 0 0 0 0 0 0 0 0 0 0 0 0 0 0 0 0 0 0 0 0 0 0 0 0 0 0 
0 0 0 0 0 0 0 0 0 0 0 0 0 0 0 0 0 0 0 0 0 0 0 0 0 0 0 0 0 0 0 0 0 0 0 0 0 0 0 0 
0 0 0 0 0 0 0 0 0 0 0 0 0 0 0 0 0 0 0 0 0 0 0 0 0 0 0 0 0 0 0 0 
<YOF>
0 0 0 0 0 0 0 0 0 0 0 0 0 0 0 0 0 0 0 0 0 0 0 0 0 0 0 0 0 0 0 0 0 0 0 0 0 0 0 0 
0 0 0 0 0 0 0 0 0 0 0 0 0 0 0 0 0 0 0 0 0 0 0 0 0 0 0 0 0 0 0 0 0 0 0 0 0 0 0 0 
0 0 0 0 0 0 0 0 0 0 0 0 0 0 0 0 0 0 0 0 0 0 0 0 0 0 0 0 0 0 0 0 0 0 0 0 0 0 0 0 
0 0 0 0 0 0 0 0 0 0 0 0 0 0 0 0 0 0 0 0 0 0 0 0 0 0 0 0 0 0 0 0 0 0 0 0 0 0 0 0 
0 0 0 0 0 0 0 0 0 0 0 0 0 0 0 0 0 0 0 0 0 0 0 0 0 0 0 0 0 0 0 0 0 0 0 0 0 0 0 0 
0 0 0 0 0 0 0 0 0 0 0 0 0 0 0 0 0 0 0 0 0 0 0 0 0 0 0 0 0 0 0 0 0 0 0 0 0 0 0 0 
0 0 0 0 0 0 0 0 0 0 0 0 0 0 0 0 0 0 0 0 0 0 0 0 0 0 0 0 0 0 0 0 0 0 0 0 0 0 0 0 
0 0 0 0 0 0 0 0 0 0 0 0 0 0 0 0 0 0 0 0 0 0 0 0 0 0 0 0 0 0 0 0 0 0 0 0 0 0 0 0 
<lnGmM>
0 0 0 0 0 0 0 0 0 0 0 0 0 0 0 0 0 0 0 0 0 0 0 0 0 0 0 0 0 0 0 0 0 0 0 0 0 0 0 0 
0 0 0 0 0 0 0 0 0 0 0 0 0 0 0 0 0 0 0 0 0 0 0 0 0 0 0 0 0 0 0 0 0 0 0 0 0 0 0 0 
0 0 0 0 0 0 0 0 0 0 0 0 0 0 0 0 0 0 0 0 0 0 0 0 0 0 0 0 0 0 0 0 0 0 0 0 0 0 0 0 
0 0 0 0 0 0 0 0 0 0 0 0 0 0 0 0 0 0 0 0 0 0 0 0 0 0 0 0 0 0 0 0 0 0 0 0 0 0 0 0 
0 0 0 0 0 0 0 0 0 0 0 0 0 0 0 0 0 0 0 0 0 0 0 0 0 0 0 0 0 0 0 0 0 0 0 0 0 0 0 0 
0 0 0 0 0 0 0 0 0 0 0 0 0 0 0 0 0 0 0 0 0 0 0 0 0 0 0 0 0 0 0 0 0 0 0 0 0 0 0 0 
0 0 0 0 0 0 0 0 0 0 0 0 0 0 0 0 0 0 0 0 0 0 0 0 0 0 0 0 0 0 0 0 0 0 0 0 0 0 0 0 
0 0 0 0 0 0 0 0 0 0 0 0 0 0 0 0 0 0 0 0 0 0 0 0 0 0 0 0 0 0 0 0 0 0 0 0 0 0 0 0 
0 0 0 0 0 0 0 0 0 0 0 0 0 0 0 0 0 0 0 0 0 0 0 0 0 0 0 0 0 0 0 0 0 0 0 0 0 0 0 0 
0 0 0 0 0 0 0 0 0 0 0 0 0 0 0 0 0 0 0 0 0 0 0 0 0 0 0 0 0 0 0 0 0 0 0 0 0 0 0 0 
0 0 0 0 0 0 0 0 0 0 0 0 0 0 0 0 0 0 0 0 0 0 0 0 0 0 0 0 0 0 0 0 0 0 0 0 0 0 0 0 
0 0 0 0 0 0 0 0 0 0 0 0 0 0 0 0 0 0 0 0 0 0 0 0 0 0 0 0 0 0 0 0 0 0 0 0 0 0 0 0 
0 0 0 0 0 0 0 0 0 0 0 0 0 0 0 0 0 0 0 0 0 0 0 0 0 0 0 0 0 0 0 0 0 0 0 0 0 0 0 0 
0 0 0 0 0 0 0 0 0 0 0 0 0 0 0 0 0 0 0 0 0 0 0 0 0 0 0 0 0 0 0 0 0 0 0 0 0 0 0 0 
0 0 0 0 0 0 0 0 0 0 0 0 0 0 0 0 0 0 0 0 0 0 0 0 0 0 0 0 0 0 0 0 0 0 0 0 0 0 0 0 
0 0 0 0 0 0 0 0 0 0 0 0 0 0 0 0 0 0 0 0 0 0 0 0 0 0 0 0 0 0 0 0 0 0 0 0 0 0 0 0 
0 0 0 0 0 0 0 0 0 0 0 0 0 0 0 0 0 0 0 0 0 0 0 0 0 0 0 0 0 0 0 0 0 0 0 0 0 0 0 0 
0 0 0 0 0 0 0 0 0 0 0 0 0 0 0 0 0 0 0 0 0 0 0 0 0 0 0 0 0 0 0 0 0 0 0 0 0 0 0 0 
0 0 0 0 0 0 0 0 0 0 0 0 0 0 0 0 0 0 0 0 0 0 0 0 0 0 0 0 0 0 0 0 0 0 0 0 0 0 0 0 
0 0 0 0 0 0 0 0 0 0 0 0 0 0 0 0 0 0 0 0 0 0 0 0 0 0 0 0 0 0 0 0 0 0 0 0 0 0 0 0 
0 0 0 0 0 0 0 0 0 0 0 0 0 0 0 0 0 0 0 0 0 0 0 0 0 0 0 0 0 0 0 0 0 0 0 0 0 0 0 0 
0 0 0 0 0 0 0 0 0 0 0 0 0 0 0 0 0 0 0 0 0 0 0 0 0 0 0 0 0 0 0 0 0 0 0 0 0 0 0 0 
0 0 0 0 0 0 0 0 0 0 0 0 0 0 0 0 0 0 0 0 0 0 0 0 0 0 0 0 0 0 0 0 0 0 0 0 0 0 0 0 
0 0 0 0 0 0 0 0 0 0 0 0 0 0 0 0 0 0 0 0 0 0 0 0 0 0 0 0 0 0 0 0 0 0 0 0 0 0 0 0 
0 0 0 0 0 0 0 0 0 0 0 0 0 0 0 0 0 0 0 0 0 0 0 0 0 0 0 0 0 0 0 0 0 0 0 0 0 0 0 0 
0 0 0 0 0 0 0 0 0 0 0 0 0 0 0 0 0 0 0 0 0 0 0 0 0 0 0 0 0 0 0 0 0 0 0 0 0 0 0 0 
0 0 0 0 0 0 0 0 0 0 0 0 0 0 0 0 0 0 0 0 0 0 0 0 0 0 0 0 0 0 0 0 0 0 0 0 0 0 0 0 
0 0 0 0 0 0 0 0 0 0 0 0 0 0 0 0 0 0 0 0 0 0 0 0 0 0 0 0 0 0 0 0 0 0 0 0 0 0 0 0 
0 0 0 0 0 0 0 0 0 0 0 0 0 0 0 0 0 0 0 0 0 0 0 0 0 0 0 0 0 0 0 0 0 0 0 0 0 0 0 0 
0 0 0 0 0 0 0 0 0 0 0 0 0 0 0 0 0 0 0 0 0 0 0 0 0 0 0 0 0 0 0 0 0 0 0 0 0 0 0 0 
0 0 0 0 0 0 0 0 0 0 0 0 0 0 0 0 0 0 0 0 0 0 0 0 0 0 0 0 0 0 0 0 0 0 0 0 0 0 0 0 
0 0 0 0 0 0 0 0 0 0 0 0 0 0 0 0 0 0 0 0 0 0 0 0 0 0 0 0 0 0 0 0 0 0 0 0 0 0 0 0 
0 0 0 0 0 0 0 0 0 0 0 0 0 0 0 0 0 0 0 0 0 0 0 0 0 0 0 0 0 0 0 0 0 0 0 0 0 0 0 0 
0 0 0 0 0 0 0 0 0 0 0 0 0 0 0 0 0 0 0 0 0 0 0 0 0 0 0 0 0 0 0 0 0 0 0 0 0 0 0 0 
0 0 0 0 0 0 0 0 0 0 0 0 0 0 0 0 0 0 0 0 0 0 0 0 0 0 0 0 0 0 0 0 
<fDQF>
0 0 0 0 0 0 0 0 0 0 0 0 0 0 0 0 0 0 0 0 0 0 0 0 0 0 0 0 0 0 0 0 0 0 0 0 0 0 0 0 
0 0 0 0 0 0 0 0 0 0 0 0 0 0 0 0 0 0 0 0 0 0 0 0 0 0 0 0 0 0 0 0 0 0 0 0 0 0 0 0 
0 0 0 0 0 0 0 0 0 0 0 0 0 0 0 0 0 0 0 0 0 0 0 0 0 0 0 0 0 0 0 0 0 0 0 0 0 0 0 0 
0 0 0 0 0 0 0 0 0 0 0 0 0 0 0 0 0 0 0 0 0 0 0 0 0 0 0 0 0 0 0 0 0 0 0 0 0 0 0 0 
0 0 0 0 0 0 0 0 0 0 0 0 0 0 0 0 0 0 0 0 0 0 0 0 0 0 0 0 0 0 0 0 0 0 0 0 0 0 0 0 
0 0 0 0 0 0 0 0 0 0 0 0 0 0 0 0 0 0 0 0 0 0 0 0 0 0 0 0 0 0 0 0 0 0 0 0 0 0 0 0 
0 0 0 0 0 0 0 0 0 0 0 0 0 0 0 0 0 0 0 0 0 0 0 0 0 0 0 0 0 0 0 0 0 0 0 0 0 0 0 0 
0 0 0 0 0 0 0 0 0 0 0 0 0 0 0 0 0 0 0 0 0 0 0 0 0 0 0 0 0 0 0 0 0 0 0 0 0 0 0 0 
0 0 0 0 0 0 0 0 0 0 0 0 0 0 0 0 0 0 0 0 0 0 0 0 0 0 0 0 0 0 0 0 0 0 0 0 0 0 0 0 
0 0 0 0 0 0 0 0 0 0 0 0 0 0 0 0 0 0 0 0 0 0 0 0 0 0 0 0 0 0 0 0 0 0 0 0 0 0 0 0 
0 0 0 0 0 0 0 0 0 0 0 0 0 0 0 0 0 0 0 0 0 0 0 0 0 0 0 0 0 0 0 0 0 0 0 0 0 0 0 0 
0 0 0 0 0 0 0 0 0 0 0 0 0 0 0 0 0 0 0 0 0 0 0 0 0 0 0 0 0 0 0 0 0 0 0 0 0 0 0 0 
0 0 0 0 0 0 0 0 0 0 0 0 0 0 0 0 0 0 0 0 0 0 0 0 0 0 0 0 0 0 0 0 0 0 0 0 0 0 0 0 
0 0 0 0 0 0 0 0 0 0 0 0 0 0 0 0 0 0 0 0 0 0 0 0 0 0 0 0 0 0 0 0 0 0 0 0 0 0 0 0 
0 0 0 0 0 0 0 0 0 0 0 0 0 0 0 0 0 0 0 0 0 0 0 0 0 0 0 0 0 0 0 0 0 0 0 0 0 0 0 0 
0 0 0 0 0 0 0 0 0 0 0 0 0 0 0 0 0 0 0 0 0 0 0 0 0 0 0 0 0 0 0 0 0 0 0 0 0 0 0 0 
0 0 0 0 0 0 0 0 0 0 0 0 0 0 0 0 0 0 0 0 0 0 0 0 0 0 0 0 0 0 0 0 0 0 0 0 0 0 0 0 
0 0 0 0 0 0 0 0 0 0 0 0 0 0 0 0 0 0 0 0 0 0 0 0 0 0 0 0 0 0 0 0 0 0 0 0 0 0 0 0 
0 0 0 0 0 0 0 0 0 0 0 0 0 0 0 0 0 0 0 0 0 0 0 0 0 0 0 0 0 0 0 0 0 0 0 0 0 0 0 0 
0 0 0 0 0 0 0 0 0 0 0 0 0 0 0 0 0 0 0 0 0 0 0 0 0 0 0 0 0 0 0 0 0 0 0 0 0 0 0 0 
0 0 0 0 0 0 0 0 0 0 0 0 0 0 0 0 0 0 0 0 0 0 0 0 0 0 0 0 0 0 0 0 0 0 0 0 0 0 0 0 
0 0 0 0 0 0 0 0 0 0 0 0 0 0 0 0 0 0 0 0 0 0 0 0 0 0 0 0 0 0 0 0 0 0 0 0 0 0 0 0 
0 0 0 0 0 0 0 0 0 0 0 0 0 0 0 0 0 0 0 0 0 0 0 0 0 0 0 0 0 0 0 0 0 0 0 0 0 0 0 0 
0 0 0 0 0 0 0 0 0 0 0 0 0 0 0 0 0 0 0 0 0 0 0 0 0 0 0 0 0 0 0 0 0 0 0 0 0 0 0 0 
0 0 0 0 0 0 0 0 0 0 0 0 0 0 0 0 0 0 0 0 0 0 0 0 0 0 0 0 0 0 0 0 0 0 0 0 0 0 0 0 
0 0 0 0 0 0 0 0 0 0 0 0 0 0 0 0 0 0 0 0 0 0 0 0 0 0 0 0 0 0 0 0 0 0 0 0 0 0 0 0 
0 0 0 0 0 0 0 0 0 0 0 0 0 0 0 0 0 0 0 0 0 0 0 0 0 0 0 0 0 0 0 0 0 0 0 0 0 0 0 0 
0 0 0 0 0 0 0 0 0 0 0 0 0 0 0 0 0 0 0 0 0 0 0 0 0 0 0 0 0 0 0 0 0 0 0 0 0 0 0 0 
0 0 0 0 0 0 0 0 0 0 0 0 0 0 0 0 0 0 0 0 0 0 0 0 0 0 0 0 0 0 0 0 0 0 0 0 0 0 0 0 
0 0 0 0 0 0 0 0 0 0 0 0 0 0 0 0 0 0 0 0 0 0 0 0 0 0 0 0 0 0 0 0 0 0 0 0 0 0 0 0 
0 0 0 0 0 0 0 0 0 0 0 0 0 0 0 0 0 0 0 0 0 0 0 0 0 0 0 0 0 0 0 0 0 0 0 0 0 0 0 0 
0 0 0 0 0 0 0 0 0 0 0 0 0 0 0 0 0 0 0 0 0 0 0 0 0 0 0 0 0 0 0 0 0 0 0 0 0 0 0 0 
0 0 0 0 0 0 0 0 0 0 0 0 0 0 0 0 0 0 0 0 0 0 0 0 0 0 0 0 0 0 0 0 0 0 0 0 0 0 0 0 
0 0 0 0 0 0 0 0 0 0 0 0 0 0 0 0 0 0 0 0 0 0 0 0 0 0 0 0 0 0 0 0 0 0 0 0 0 0 0 0 
0 0 0 0 0 0 0 0 0 0 0 0 0 0 0 0 0 0 0 0 0 0 0 0 0 0 0 0 0 0 0 0 
<FVOL>
1016.33486824094 0 0 0 0 0 0 0 0 0 0 0 0 0 0 0 0 0 0 0 0 0 0 0 0 0 0 0 0 0 0 0 0 0 0 0 0 0 0 0 
0 0 1.11611381758685 0 0 0 0 0 0 0 0 0 0 0 0 0 0 0 0 0 0 0 0 0 0 0 0 1.44986412283799e-08 0 0 0 0 0 0 0 0 0 0 0 0 
0 0 0 0 0 0 0 0 0 0 4.81394247999912e-08 0 2.9419739751507 0 0 0 0 0 0 0 0 0 0 0 0 0 0 0 0 0 0 0 0 0 0 0 0 0 0 0 
0 0 0 0 0 0 0 0 0 0 0 0 0 0 0 0 0 0 0 0 0 0 0 0 0 0 0 0 0 0 0 0 0 0 0 0 0 0 0 0 
0 0 0 0 0 0 0 0 0 0 0 0 0 0 0 0 0 0 0 0 0 0 0 0 1.11423951296789 0 0 0 0 0 0 0 0 0 0 0 0 0 0 0 
0 0 0 0 0 0 0 0 0 0 0 0 0 0 0 0 0 0 0 0.124775118858901 0 0 0 0 0 0 0 0 0 0 0 0 0 0 0 0 0 0 0 0 
0 0 0 0 0 0 0.507956847587173 0 0 0 0 0 0 0 0 0 0 0 0.399471844619108 0 0 0 0 1.06549974900139 0 0 0 0 0 0 0 0 0 0 0 3.54214564006672 0 0 0 0 
0 2.17942001182476e-11 0 0 0 0 0 0 0 0 0 0 0 0 0 0 0 0 0 0.257124050863915 0 0 0 0 0 0 0 0 0 0 0 0 0 0 0 0 6.36722059591319e-08 0 2.10618121611436e-08 0 
<FWGT>
1003.9583535024 0 0 0 0 0 0 0 0 0 0 0 0 0 0 0 0 0 0 0 0 0 0 0 0 0 0 0 0 0 0 0 0 0 0 0 0 0 0 0 
0 0 4.99973985183682 0 0 0 0 0 0 0 0 0 0 0 0 0 0 0 0 0 0 0 0 0 0 0 0 4.6127893048364e-08 0 0 0 0 0 0 0 0 0 0 0 0 
0 0 0 0 0 0 0 0 0 0 1.54078486454437e-07 0 8.7049436612431 0 0 0 0 0 0 0 0 0 0 0 0 0 0 0 0 0 0 0 0 0 0 0 0 0 0 0 
0 0 0 0 0 0 0 0 0 0 0 0 0 0 0 0 0 0 0 0 0 0 0 0 0 0 0 0 0 0 0 0 0 0 0 0 0 0 0 0 
0 0 0 0 0 0 0 9.4241559145107e-08 0 0 0 0 0 0 0 0 0 0 0 0 0 0 0 0 4.75510005692214 0 0 0 0 0 0 0 0 0 0 0 0 0 0 0 
0 0 0 0 0 0 0 0 0 0 0 0 0 0 0 0 0 0 0 0.339186193111058 0 0 0 0 0 0 0 0 0 0 0 0 0 0 0 0 0 0 0 0 
0 0 0 0 0 0 1.40393409224051 0 0 0 0 0 0 0 0 0 0 0 1.47788118020702 0 0 0 0 3.84807621367404 0 0 0 0 0 0 0 0 0 0 0 9.83191542732516 0 0 0 0 
0 2.44071454905107e-10 0 0 0 0 0 0 0 0 0 0 0 0 0 0 0 0 0 0.680874438709549 0 0 0 0 0 0 0 0 0 0 0 0 0 0 0 0 3.24716344625999e-07 0 1.22708206563445e-07 0 
<Y_la>
-10.5205535660141 -13.3784581535631 -10.7043447024783 -10.9805358902392 -11.9305180422381 -12.9805007527946 -19.66162278047 -18.6407556226662 -11.4272881579105 -14.7643252310813 -21.2080964319684 -46.8038210322923 -9.99061642373473 -9.0099650670521 -17.9264408346144 -23.441689828207 -30.0712743505743 -38.5370999827914 -47.3567936446702 -69.2904007993401 -104.492380396035 -23.1194466893336 -16.2332847949685 -14.9251834241663 -16.3783073024997 -19.3287936116365 -22.2056520981941 -24.834899405581 -32.1541352111302 -19.4067466147862 -22.6440692615696 -26.9773937063375 -34.885378218602 -41.4028231840399 -24.9945494352636 -19.833155002672 -45.6668464638763 -41.9964586029841 -19.5446113218331 -10.6170996570619 
-104.217437635402 -38.3974324793742 -55.6254642711221 -19.9315209501268 -16.7902643844018 -15.1212990625925 -15.119726444866 -16.6477859043304 -19.8034416151148 -24.050773308007 -12.1546393814145 -8.82605853171964 -7.10400915125443 -78.6915155283486 -29.8155369719729 -38.929799577648 -15.6852038172357 -9.44094377623631 -10.7682595495182 -16.1646445281688 -19.4485419512834 -18.7980618187003 -15.9285320913873 -13.1554548280633 -15.4414667250001 -20.9344724620723 -12.7484606869515 -16.3633591787412 -22.7712638686004 -13.6992459777802 -14.0351170703518 -13.4952943476743 -14.2648876957318 -15.2662065786022 -19.503491075831 -28.0515276564297 -22.5365240679575 -18.3639134678937 -138.580454256322 -75.1261788196237 
-39.1861629234719 -47.6721743817006 -56.8651808596718 -41.6791690399368 -12.8689238390711 -16.2756584468978 -12.6621895704421 -47.399631191626 -42.792897054362 -16.7892265530119 -22.7329981492074 -30.5867693750121 -49.138722312355 -12.1856637473167 -11.5341367659648 -9.57802372777287 -6.86508610650818 -1.55990199328544 -2.35259564260471 -25.683967052269 -14.1515647060865 -17.8742810698759 -23.5869979201086 -28.5065301449727 -37.9159957011733 -9.03104585616039 -10.328549576863 -6.57693847685955 -15.581366968441 -10.9436651717576 -9.65769184697522 -10.0090966432743 -17.8180076150386 -15.7353970621647 -10.5420456743215 -17.6885918089774 -7.18969090868185 -22.2126341346549 -19.7856854539783 -9.15757623027565 
-23.1505383197112 -36.1219677304319 -6.57987919811407 -7.59299384645379 -2.22507249252385 -24.0325604125194 -34.3711130765591 -18.6007431628668 -10.9677807524485 -5.89233760217184 -9.18297686709273 -24.0541971291451 -34.3927497931847 -18.6223798794924 -31.9562081382464 -4.61581303257909 -6.12844885612803 -16.4077035355574 -12.153108771083 -12.9942881249842 -10.6961037029401 -9.40867286318576 -34.9342944603638 -33.7074515495459 -18.1370803619029 -5.94751570880853 -9.17884407124471 -18.4926156012598 -11.6040103005551 -36.8122464674759 -2.69687220693064 -38.9240959226616 -5.68690946670935 -5.9272657345406 -34.880059947158 -13.741275636722 -15.3161907861922 -20.8425538137616 -23.667639329939 -20.6174692705733 
-10.7122182517641 -19.6982301116917 -13.9052242929942 -9.42597051332673 -9.42425291336984 -10.7635916081579 -12.1473829216356 -14.2229700510738 -20.6532873517667 -18.4006769552236 -26.2428279315422 -39.3531328772202 -52.2034380444068 -18.2925234331917 -15.5156864822473 -21.1324208012896 -27.2191561913295 -21.2270088115132 -11.3237609244131 -26.1754770919496 -13.176822418794 -11.0958194383974 -10.7492637850224 -10.4972887792545 -46.5325312481136 -9.62547720029494 -11.7578924214483 -0.783779086841299 -124.960552539056 -13.177091544689 -15.4631034416258 -20.9561091786979 -12.7700974035771 -13.7208826944059 -14.0567537869774 -13.5169310643 -14.2865244123574 -15.2878432952278 -22.5581607845831 -18.3855501845194 
-138.602090972948 -75.1478155362493 -12.8905605556967 -16.2972951635235 -12.6838262870677 -49.1603590289807 -12.2073004639424 -11.5557734825904 -9.57783287382013 -9.81885681227844 -13.8406505796951 -10.0920553315002 -11.2553101808181 -13.6977948547298 -14.4282435442942 -12.4060666839325 -14.7924120858086 -17.4661930789513 -32.3753953565657 -20.0123029136299 -10.1480588636292 -14.0652696726968 -19.6134990929028 -20.9550965575204 -34.2971357170325 -10.1015001716588 -29.8803409438371 -10.4319274993025 -22.8140546973337 -22.4522425377828 -31.6135273411523 -18.548986029804 -22.0452410547724 -24.1590324379934 -21.3807087825169 -21.2936156213169 -24.2925863362664 -32.9934749987408 -25.557843656749 -64.8821908466351 
-32.0697204909458 -40.0151458602237 -19.5937774976283 -17.1638409597491 -13.4237495537646 -9.79290135193301 -12.2583084139069 -32.2665177847652 -42.0575701106354 -18.6975958458588 -19.288413444282 -17.3014494136765 -21.1642579816384 -21.8353293298979 -34.2613637843804 -20.9089334267423 -36.345709371814 -22.2113807866952 -21.2157916918835 -9.14846356241723 -13.6702542075524 -20.073191730429 -24.3160005235691 -30.0869177660206 -38.052907919115 -25.3999917908511 -21.1465917664462 -21.3746234730907 -20.1556849818755 -11.1540454563278 -20.0269828674206 -21.0407740171437 -9.75783642531347 -11.2116277711181 -23.443943465086 -41.8553299823878 -35.5523924203015 -35.4901090419593 -24.6413233420087 -30.7742609109955 
-27.371650367649 -32.6550409569446 -37.9227196070225 -28.6674675053031 -15.6505591938929 -17.6025638327131 -15.4554896959812 -23.5933943953902 -23.8718828775446 -33.2417494560556 -38.853129783338 -50.5465371227321 -13.3005408361324 -17.8154613794609 -34.7140838104842 -20.4940777549434 -13.1400477791573 -16.2260593623846 -12.6330534780067 -12.7090256561292 -13.9652489799619 -21.2287427411235 -12.8535167901651 -13.7602505850504 -18.5669858394014 -13.0867822692948 -13.3801735825771 -12.1601107137103 -9.576259408611 -4.06997022005752 -8.83295160836242 -24.5990398571166 -27.5834732929549 -31.9698060841041 -186.112987325875 -194.947244370845 -17.1897522141224 -23.3780574337713 -11.1163517477315 -10.028761436903 
-23.2494748777083 -23.9666222233001 -25.9504133014965 -28.7342044644904 -48.2870808661096 -11.2029339606983 -22.2297801914987 -21.7287449554333 -49.2383718491521 -17.9740208228142 -16.641410025661 -16.4323661253668 -30.9390243816021 -91.2906656015285 -28.0412948732866 -52.7069894744174 -10.8177867410952 -11.8366296779488 -9.89372135991964 -14.605136459118 -11.4206096971876 -35.9002965309578 -47.692467040967 -9.07995115934249 -17.9243544210638 -13.798780554703 -17.8841140733645 -18.5343495976467 -93.8755746650957 -58.8223072544768 -24.319165705041 -12.7730773556542 -9.13382443982196 -23.3191027100536 -36.270031366101 -19.540876625579 -10.9695704227938 -4.47722385404587 -9.71894677537172 -3.45601609928079 
-20.4629349421481 -35.7989243364035 -5.21073966703123 -15.7126190172832 -20.3206202727216 -12.8480242257754 -40.0640761418468 -33.0829438356476 -51.8369592808841 -46.3776505265664 -8.12603923816553 -11.6088643820958 -203.604649835811 -198.30729831731 -104.061290701477 -18.1247868547549 -13.0443829070997 -60.2782946019875 -56.3756435512625 -65.5809415171388 -19.5992466434086 -13.3919339467845 -11.8410570885548 -17.0771168483489 -24.5001709430441 -11.4084465362364 -41.9826112539468 -34.6993990051656 -16.2960893358992 -14.9802930057677 -11.7238631631357 -8.06997251992174 -14.2948079105374 -10.4474565208275 -27.9656826384508 -22.9083311453893 -44.0788449114848 -19.4133156187478 -8.98901519527148 -34.8085362035909 
-31.1819363889882 -28.8634878124427 -23.7157886473778 -23.5609375800501 -24.0212161521117 -34.5492880267001 -35.3169948931875 -26.9691464198887 -36.0415898577628 -32.9483244241711 -24.0104944319192 -32.828739630523 -30.5152704435453 -28.237160256582 -23.6290617521473 -33.2196431161137 -27.0744425743467 -25.5717953645972 -36.9486618597123 -34.9785991853201 -13.1590671904381 -16.2450787736668 -12.652072889289 -12.6708424817145 -13.9960569427957 -21.2477621524058 -12.6425361521651 -13.54926994704 -18.3560052014059 -11.5388601439974 -13.3991929938594 -12.1791301249926 -9.58163609014614 -9.14408358466657 -46.7764145107891 -53.0505102282491 -97.151939121694 -2.91175644381453 -9.09727009669224 -187.507458255767 
-195.410788636103 -8.12145167285395 -14.3264029749637 -12.9490936159675 -8.10870419665671 -17.0997026426652 -4.68984906150488 -9.14053862162656 -12.8168137776111 -20.3816077598041 -18.7233070241868 -13.8238232001648 -23.152191812817 -11.2106015556817 -5.25784839311645 -14.1694084153993 -9.50700253044559 -12.2057529907851 -7.18293809628348 -9.18552590316972 -19.660479509297 -15.5058847055834 -15.9889175021345 -13.5734230686001 -7.3328387348561 -11.841620057157 -20.3753916539246 -16.1695018036506 -5.42403555954696 -41.7568719016808 -8.52968532225147 -9.46195194766869 -22.2244566142215 -17.8665944099881 -3.55251528699449 -27.6676001191264 -6.10896879962119 -3.69384322922343 -27.0374894669971 -5.86050131045831 
-25.0066167776835 -23.6865597209194 -24.3347145715557 -7.21511894683898 -7.14278139527299 -10.7810688649542 -10.1225095325132 -14.0637017202496 -4.87584666011505 -18.1495190660064 -16.7443170525785 -3.81862069960573 -39.8215387462707 -9.8745797649773 -9.29064769058507 -12.3184095664628 -12.2000118152328 -48.3755175661919 -63.2998240976235 -0.858049457541935 -11.186972622677 -6.94993405066577 -4.8369621742658 -5.93230078614493 -11.9352818561484 -10.6089642727865 -6.14871743658882 -14.9187110331339 -2.98987506100877 -71.8835900327072 -18.4333741588204 -12.3845478455895 -9.02744526331862 -9.72465240985345 -10.7602342299333 -129.978466257092 -168.084204997305 -19.9462460114228 -14.1532401927357 -15.7581388948788 
-25.7760431454757 -11.4640253779302 -13.1410136374531 -11.3162623342944 -14.9709859540023 -24.4228652178521 -19.4482704766782 -28.8134882632411 -19.1186929296856 -29.6208441381542 -20.2405392640641 -30.4970776178581 -41.2154990781315 -52.4339205415903 -64.052342645213 -76.4707636381076 -20.3786559223025 -73.56007038778 -10.9180962296927 -13.5735533540745 -23.1748553769766 -34.6038519769259 -11.1390614254167 -15.7140055966633 -23.6205966148847 -27.3981598890204 -83.2097440373812 -120.381287703846 -46.5554590484464 -11.2258666944257 -60.1382638487746 -34.8074344339542 -46.7892576637707 -9.09207108375088 -23.2380720465024 -31.4800838862787 -25.5240839434407 -31.0170896805128 -22.9521090313032 -31.6451135135344 
-22.8310779053921 -23.7818631962209 -30.76387502697 -25.5456543258167 -23.9080544677083 -26.5491394218089 -25.5780364967838 -23.920048831389 -39.1241795247957 -92.8799199953541 -10.6985275569374 -30.8521260156615 -86.6844385326713 -31.0381377398146 -19.3545392075287 -34.8743654766667 -28.3404293096901 -28.5851319264644 -13.3315333395475 -48.0274732049983 -23.491273867832 -23.2450019373384 -17.5982678890929 -18.7764320502279 -31.2359171733261 -13.3685098912624 -30.3521082381292 -31.3920903747595 -16.9384920719165 -22.5515404173479 -15.7435526543782 -25.9582750251805 -11.2002869176409 -9.00702113113601 -22.3448061487189 -23.2368182803924 -13.3203528895665 -13.8000273419652 -44.1690431544082 -21.1395967597596 
-39.3731951145901 -36.0605846555037 -19.4571159106503 -107.350478738853 -126.804077173193 -52.5877328422571 -71.2100746814516 -12.5376615803978 -27.6655943705796 -15.6757793362824 -28.9723296026382 -33.0790621426723 -28.2588601867466 -25.1860705268006 -16.9422992347493 -47.9017950273335 -31.3828541877155 -30.0865375141056 -11.7683309626207 -12.8303645146749 -28.2839626246375 -29.1846394043809 -32.3891949575366 -36.0937505138747 -102.192179612037 -138.884585012804 -65.9543429808533 -24.8586476435569 -25.4781978626715 -22.9081350250507 -26.7870681645357 -19.6606409462135 -24.9619205497844 -54.9143945836708 -10.1437594798551 -26.2028192699044 -15.8116412189438 -43.1905156214086 -27.4250774817781 -24.0937771069227 
-20.4224770478246 -17.8511767566365 -25.9039843248309 -19.2107187088991 -34.197250010744 -19.7718118605982 -13.2103089962171 -9.00182591808555 -10.7085601962651 -26.4052031983362 -27.7852660841569 -26.5451402743691 -15.1312233685253 -11.0965225874313 -16.9687508873096 -32.4448314351219 -16.1525344541853 -12.2395285358967 -13.0033197338412 -12.7079541886038 -10.0992832588316 -10.1002678441521 -11.0468137187298 -12.3897038014054 -13.307274298756 -27.4134397452908 -20.1375918410968 -18.3049812400065 -28.5571326461348 -10.194384524645 -12.1637741392887 -21.2297917066699 -22.4870339438589 -31.8638798587058 -42.1687654539537 -9.33532378071446 -27.2597813523753 -13.3846131680391 -11.0955677190076 -8.9890151952715 
-32.9307844991272 -29.1163969715911 -26.6597946535594 -25.417840979951 -25.6126951064728 -39.0676284380055 -43.88604922307 -49.4044695343843 -35.6492059084239 -22.1442534432282 -26.4509871003686 -27.237518889564 -8.98901519527149 -27.3098847738125 -56.3056492837287 -36.571623973922 -24.3436759001679 -22.7474671468356 -22.6412586261613 -25.5929099103165 -56.7179064035777 -179.20532166192 -241.805157898195 -117.605485432018 -43.5040062655016 -38.3107406591247 -35.1174750654927 -44.6609443463617 -50.1972718814369 -49.617058510474 -53.1457748263745 -53.9158377720766 -29.3246825466274 -54.0757122103135 -13.2210368202602 -33.2580325452795 -15.507048717197 -21.0000544542692 -26.6300575429996 -35.5730608313128 
-12.8140426791484 -11.7712415499925 -16.2789409308696 -12.8048279429394 -32.2418236043586 -13.891019241466 -28.2397254756753 -15.5610012705401 -25.3978670001913 -19.9690733096801 -22.8621060378986 -47.9351614019007 -94.6078687735882 -18.3122690105061 -35.4681861717586 -103.362616835172 -36.6908802777231 -27.158280805778 -41.3003866572174 -36.0026938863847 -33.5611920210918 -20.8752747607922 -36.0219773225361 -38.1857685194405 -34.9781685696278 -36.3581510910071 -12.6345053511459 -19.0715013282381 -16.0412399589726 -13.2782356582597 -11.7849697965032 -12.4277710825168 -25.5647669229723 -54.2303246515544 -44.0492553268612 -39.636644502099 -61.2654455297443 -33.2816545330521 -36.3883894577693 -20.349003498014 
-32.5109539705176 -39.5198396023485 -35.8350779529425 -34.6189683873566 -20.0223319064098 -20.4441059682436 -33.7000232640497 -14.8648083093642 -30.1625883770897 -31.0671440351441 -20.80858030408 -34.9716995877857 -31.552351213553 -49.204304304552 -28.0581581705683 -13.1337486665461 -11.8218058719415 -29.3380957161345 -9.64360571996976 -26.0098691563115 -9.68062888656775 -14.2489359685282 -12.9541107480518 -13.0746985012037 -13.9957229656995 -10.3324933760281 -17.4722339660985 -26.28294155319 -37.2832554092404 -21.7921307253771 -14.5465742583998 -2.97005081660813 -9.02354089225051 -17.6601042611112 -25.4679462774756 -23.5709795612532 -38.6990113794703 -17.5384564136847 -18.086806769267 -21.2659649826741 
-17.2240267344078 -3.19150003956296 -18.2402850132267 -4.63182491025556 -9.72409147850104 -13.1550375775346 -16.2410491607544 -12.6480432763766 -12.8348337161248 -14.0847820218982 -21.2437325395081 -12.9885055053556 -13.8952408942824 -18.7019745545964 -25.4235552692345 -34.8988088044892 -12.0567229106335 -13.395163380947 -12.1751005120802 -9.57760647723376 -26.2772614074029 -47.3779773567291 -33.9656986233447 -42.2704676375737 -51.6235777743566 -25.5896624406719 -44.971768542444 -25.6236820372432 -42.9955596990181 -26.4335985785224 -40.9431422633788 -27.3824260672011 -40.3669334687253 -42.25072398837 -25.0972436574175 -25.5272262524379 -26.9872081845269 -46.797870898227 -43.8593999115571 -35.4941791576439 
-47.0026379173253 -34.7183306971012 -28.0857197864767 -39.0267890920968 -151.486933756478 -88.3070976081642 -18.5707301798451 -20.1974646488064 -9.0649149150989 -9.97164950698939 -12.3483835822204 -53.65874565638 -22.1139959351115 -21.8677869512764 -23.9889144150223 -62.0605288704946 -25.8173242974457 -4.11864591583049 -13.0724188787104 -8.18895717729198 -6.97122685492886 -7.30727164163292 -15.2697150693766 -12.9315439728743 -7.89465389629792 -14.3102990508045 -4.56133334949658 -17.3460506866606 -17.0273924128242 -24.6517261415372 -12.6734346728743 -13.2801695816583 -39.1559164776546 -42.0197076491284 -12.3669552300837 -59.3912276727511 -20.3761677370921 -8.98981216824911 -12.2165468068085 -25.1258488547162 
-32.090879800537 -24.2096400738356 -20.336745153874 -17.7258522618812 -16.6657957806302 -15.8257788138834 -20.3157439154821 -37.6854035711394 -31.0556262505528 -40.3129776906641 -46.162755277278 -212.459750909524 -306.711702235552 -118.137799949679 -149.425521082425 -87.1256850273916 -13.6010345888174 -11.7527871139796 -39.1744911123077 -33.9719126304468 -34.7842436732968 -52.7271686889655 -79.8494362427692 -59.2560485149034 -18.7266073837532 -13.3487103674528 -12.0557049759419 -9.17413084640438 -11.9925562749793 -24.8162985063058 -16.3285334341158 -96.2923839377549 -60.409116314622 -20.2742256527455 -23.2880375410483 -21.3551193779153 -28.9858387563568 -18.8855996365694 -45.2251584120897 -22.9425730847872 
-8.98906825159239 -13.205803518131 -13.6723340778865 -34.2533592294099 -29.4053819749474 -38.8640787835101 -14.7665682468603 -33.8355561940299 -29.056135052613 -25.9288201529382 -24.5596635453337 -24.4232968241202 -26.8732712192394 -28.873253059132 -39.2944286568533 -42.147454869521 -158.55303145712 -96.0831954089724 -10.9870740350146 -16.0297167096246 -41.3579479045527 -14.1009654195854 -18.0382872667127 -26.5760915753223 -13.5463002958506 -13.9427052138538 -16.1926874538356 -19.452669078592 -17.4326545669473 -34.2752538384324 -18.8276210417396 -16.4252316628755 -18.2880312319743 -14.9544327735902 -15.3762424129685 -17.371859057538 -20.5274888061649 -20.7668280367545 -16.3735623159179 -13.4802968039099 
-25.8201765258498 -19.7829312340648 -16.711323982159 -12.3257452092536 -23.8777529669591 -34.149271367824 -24.2894940286501 -32.3468456404456 -20.198175039962 -40.8366230087592 -56.3364033152798 -35.6680599454012 -206.743619072896 -111.181667881984 -78.9493064388991 -54.8796202894043 -20.9887142540038 -27.0661797978491 -26.5094873524361 -21.8796045388881 -26.4363154235283 -32.1660436527205 -12.7931857815434 -13.1999203702469 -17.656655064458 -12.4050313727154 -31.9423832784873 -24.6672594828058 -32.6610315702843 -18.3504615585017 -20.8313697464871 -59.5856796331159 -89.1134194023276 -125.61581197622 -51.8251281021606 -16.8721562261173 -21.9199053782521 -15.3177316003087 -88.5519432891017 -51.2530497058088 
-12.4614367813796 -35.5409021948656 -40.6846737062767 -47.828445230418 -33.3971307025791 -105.051015505689 -69.4433087770054 -28.7912813054657 -30.4251457560089 -9.99545549208672 -18.4314676673042 -22.2839288439716 -12.8384613716819 -10.3792466497513 -10.8730377941685 -11.8668289417712 -15.1306201058324 -13.5862072002488 -31.6775937832626 -25.7123724867205 -36.8208314032552 -20.9365245984539 -18.1039141902588 -29.2449832181993 -24.7155672944413 -31.0298639327312 -43.0196959088127 -9.62277359147216 -11.1191022939313 -14.9539547491882 -20.1976573162103 -9.69515751874002 -23.0173829554404 -28.1920446088579 -12.462735882233 -10.500720000351 -39.9519789293497 -27.424004048886 -39.1457700854095 -39.3495612239933 
-34.0465687914373 -29.8120597831328 -27.6847575720277 -26.632129688737 -25.7018891697921 -26.261871255546 -163.911651170833 -101.661815096192 -23.5854477302977 -11.3689163982833 -22.7923837862655 -88.7369217847974 -38.426570092973 -31.828967684151 -20.1097845826544 -91.7418269354406 -31.9387132980305 -32.5136740529957 -34.5621670000675 -34.8741523741336 -9.29740432275284 -4.91841353795215 -7.69733951023635 -0.00408595133847231 -20.123613096296 -4.68519217460299 -7.85639764355609 -0.332031488505517 -14.7091345773491 -12.7680680073302 -6.97557093214315 -5.99637279516042 -5.98079465626008 -51.8325714942393 -8.54076905635263 -10.7407693891838 -25.7724462030835 -3.52946545285328 -17.1168677198415 -38.2084322083639 
-32.3759120019994 -10.7553827696638 -14.0027595511836 -32.2091839765409 -31.2236491433436 -48.4404655826984 -13.5621999210835 -34.3549908107126 -2.95711205422971 -37.3067834314258 -45.4743335807045 -67.5265626462485 -4.81584276871988 -1.76614635123063 -1.72346283454625 -1.90625860659135 -0.699878747544154 -1.27938355195503 -1.67671356483783 -2.79130172639926 -15.6899522561297 -6.97566997284062 -5.67566948633872 -5.46689795517571 -3.26894219204862 -36.7929094780482 -3.95244291673582 -60.1267875589733 -25.0845564057939 -23.4964749263859 -9.61435325053933 -5.33032023065762 -10.7854087752315 -22.3541595947807 2.95853814614492e-09 -23.5033339703161 -38.1814958754332 -8.45854418561432 -19.2891709404896 -11.3537998050129 
-45.0195534147047 -103.596069298172 -1.95560243864343 -3.61258456935186 -5.20101511322792 -7.29691439570057 -7.93280527639906 -2.74876721219102 -5.7137089161149 -5.6040466798179 -7.31201368548701 -28.2970353902983 -18.9454967410508 -35.4457559168948 -0.9415530492926 -0.809066149544503 -1.26063349150337 -12.3074064882124 -30.5225593554003 0.00249543004765879 -2.81101476444818 -27.8810490296615 -6.0163263567996 -14.9898882466677 -6.70471602705631 -1.91652790821595 -2.9513054100464 -1.6383193633445 -0.61415326747046 -0.049268742789185 -0.622763117721555 -3.9908243294216 -1.11343810180695 -3.77036888332682 -8.72986215000432 -13.1428218884594 -6.03196963818803 -4.22955940070545 -4.7645979364384 -5.00146420808724 
-3.20397014404726 -8.7106269929768 2.68073177218026e-05 -1.96131671796212 -2.14322985562242e-06 -0.532387573171398 -0.328566845281639 -19.4001622505558 -5.21108612488921 -0.944626324641355 -4.87348061797546 -3.85647965501778 -31.2140833423017 -16.4237301306031 -3.67741802941147 -23.9252829173232 -6.2452358931442 -52.0166267486731 -6.46458343007595 -26.8599990285505 -3.89518356145493 -12.143198775956 -24.0958556270712 -10.4474108602687 -5.95483960895271 -17.6993309681473 -14.1708054357823 -15.0195717903668 -14.3762820581671 -5.32281605425435 -6.08311218782107 -4.21872912589401 -5.0795708978122 -26.0302976999349 -9.98473250198453 -7.75588106424344 -13.6015779510783 -13.6517994073475 -10.3227612346313 -10.6585078247524 
-10.7889876691508 -38.8693810135722 -34.2884054317394 -39.6093044477004 -1.08194181278427 -11.5375718422113 -44.1653242932002 -16.3695663595953 -4.01572639322975 -20.5201265686592 -17.1766545089632 -21.9213890311687 -65.1955757361215 -30.8685599366218 -50.6172434228303 -8.37010011006734 -16.7970470066664 -16.2849850958598 -2.91573393336094 -24.4162632775006 -40.3424758712971 -7.7540570597133 -11.9192091064234 -9.80720536852432 -13.3566723972459 -0.0034861037818199 -5.30615706916455 -21.1679121804174 -32.193485388923 -14.0591387857396 -6.65000705201759 -7.66026245017454 -8.35418333837161 -3.9514916937303 -3.59060158421948 -14.716390488777 -8.02382501470986 -4.81150280442066 -12.5699220552788 0.00108583915690108 
-6.92121067669114 -0.822959103127552 -16.9854094652228 -24.2804341826442 -10.7338034366088 -10.959640880477 -48.4566604687904 -5.75642392114677 -7.2588537147186 -18.2537983479206 -2.26863878244047 0.00984851678423887 -6.24625234544392 -5.70643228211376 -2.78851288762734 -28.4579294027438 -1.11460825662277e-11 -1.38924449177262 -17.3335045531504 -22.6537929248192 -12.9535896168565 -13.5343620277045 -11.9709411277784 -16.066927448182 -15.5015224205037 -75.623336605576 -4.55239294940308 -9.57230950538124 -64.4986386765553 -70.007810518712 -31.017006450985 -22.2835175222099 -21.2377442879704 -71.056954870865 -81.8478586618264 -5.32150317008732 -14.0971776083041 -7.76902662971547 -4.7792820023827 -3.97051110501258 
-3.67073189678855 -1.90642768865218 -2.53216454124862 -1.08971570002727 -3.15109248378768 -2.76175858622032 -72.9598550342597 -79.0532668177301 -1.51495001966446 -1.40122144151948 -0.197685410712906 -9.39927979324575e-05 -1.22045284307667 -1.0627028545764 -2.67228058959564 -5.78455767577191 -19.1598567675935 -38.348228502316 -8.05331371453696 -3.74013615510654 -11.0486506710888 -31.4125335474402 -10.3804995289122 -2.76925941498908 -12.0958855254317 -17.2516878699077 -16.5156613048571 -1.90631273352237 -3.94030975822675 -2.37570702215447 -2.76164363109051 -10.4754080013411 -10.7721735062145 -25.2579599934986 -11.6444934912705 -12.9282130018962 -1.61557880769799 -0.573677552467754 2.09623318722464e-05 -0.392906414365619 
-1.06259523484503 -3.87817455120343 -9.00980402109317 -19.0265963042774 -24.7500505177293 -16.7512994868928 -16.3798599240978 -23.525307777664 -6.77611529956738 -19.9538007556091 -3.58931014093935e-09 -6.80439943903974 -9.41339822389557 -2.86177438318329 -14.5778584104187 2.30365950766074e-09 -2.75751992394754 -19.5316906699121 -5.95953853056469 -17.056151579122 -7.54878236161301 -14.2009407925175 -75.0912515634743 -11.7647859584509 -19.1862694890529 -5.38561150655747 -7.10804619338724 2.42026259024117e-08 -144.574647924076 -4.53076798013617 -7.31485627763453 -6.16965063179235 -25.4422409234826 0.00113841678997781 -23.6151444842364 -7.18388018252655 -20.9396926931336 -27.2137231740645 -25.6249624906687 -0.146810193967155 
-28.2412040187239 -4.72125271538119 -25.2516668162757 -15.6190154834733 -89.0742460865852 -26.4916716178792 -31.5966239115186 -4.59270226534044 -12.1373598639996 -3.0235529174276 -0.85815330148552 1.24917314633985e-06 -9.605790168175 -2.84462658038624 -3.64462626667972 -26.6241951701472 -20.5530079984663 -4.97213691047296 -16.5384151729658 -8.78797456585133 -8.50446374892468 -4.60681271008936 -15.7440393902167 -18.6669029159922 -17.1138787372958 -30.115678372486 -10.2197352937704 -31.3924043905093 1.04611082704756e-07 -20.0715520329662 -1.62932768409974e-12 -5.93892845897932 
<Y_w>
0.000166676564023609 1.69066080242124e-08 1.95845077016406e-05 9.71846866254451e-06 4.01385697798362e-07 2.88490838932128e-08 2.66947838903808e-14 6.17498667254002e-14 3.44597961493513e-06 7.47463562404432e-10 3.2588074343273e-16 0 4.26084764490689e-05 0.000102382769102295 1.84154017386548e-13 6.59546796977909e-19 3.35186484435422e-25 0 0 0 0 1.88145599745145e-18 8.13448018074565e-12 3.13380912592829e-10 4.42602897263433e-11 4.25973050890988e-13 7.67360384671837e-18 4.39899706086637e-20 1.67775104937157e-27 5.36527671583259e-15 5.17466798093908e-18 5.62184064183636e-22 0 0 2.11996637147698e-20 1.7808404280802e-15 0 0 8.83250926352055e-15 6.91211748225766e-06 
0 0 0 8.92480185178966e-15 3.23119388637922e-12 6.88998586765407e-11 6.19065123854607e-11 3.41896781632731e-12 9.468049768923e-15 4.56170574089431e-18 5.98967074472397e-08 0.000113069822683375 0.0110330611867262 0 5.92442710777907e-23 0 3.93722987954829e-11 2.81457270736301e-05 2.49049166695799e-06 5.44995545070171e-12 1.15088089373284e-14 2.74617206150969e-14 6.24014880122266e-11 5.07185073844671e-07 2.02211745565588e-10 1.85782612636858e-14 7.75045697982186e-08 1.81774393327229e-11 3.8258703847979e-16 2.41325911980008e-08 4.05995064649975e-09 3.63138305002931e-08 2.14077749948451e-09 7.10165037652424e-10 1.75360592005758e-14 8.16711222295533e-23 4.28879957713447e-17 2.05748854461139e-13 0 0 
0 0 0 0 6.26580820016431e-08 1.5136492454464e-11 2.72503162788482e-07 0 0 7.41643905412811e-12 1.23287457305982e-17 4.95916071860726e-24 0 4.18678988441091e-07 1.38959177066996e-06 0.000333754488925243 0.689348370976424 3369.53618762102 936.544896953419 2.58998967263622e-21 8.21720656062396e-10 1.59433780570794e-13 3.16362252665669e-19 5.04721774319358e-24 0 5.59059564411445e-05 5.5107915562089e-06 0.164854478957243 8.16858068942247e-11 2.18194115675303e-06 4.82051077846451e-05 2.72315580405642e-05 4.99880323001236e-13 4.17020568016962e-11 6.21109808979527e-06 7.02626571608942e-13 0.0146448620738626 4.31370636545014e-17 4.74980373004698e-14 7.82516829990538e-05 
1.10148077174865e-19 0 0.0112450911187176 0.00749119950222792 1040.62049789617 1.0482726018778e-17 6.71019466964779e-28 3.83877817214105e-13 1.84581737639436e-06 0.124549155125588 0.00021369195414445 1.00752490868338e-17 6.43896552014408e-28 3.69594089076504e-13 1.67652768908999e-27 1.95156217962088 0.105446127407656 1.26772837893603e-11 1.57136197070908e-07 1.94855442943495e-08 2.66209772018814e-06 7.58132933326379e-05 3.35118935074026e-27 4.89204723102697e-28 3.74830849297555e-13 0.090314992498672 8.24139552924616e-05 3.51338762120901e-13 4.96303165745231e-07 0 265.710361698073 0 0.389735291088489 0.154068429038905 3.76170762578984e-27 9.34319706333075e-09 1.1683247422078e-09 1.75134745227579e-15 2.9031193562294e-16 5.46803136701392e-16 
9.04793236571576e-06 2.29875277906153e-14 2.08305462144133e-09 7.47959276684903e-05 6.70268887096551e-05 5.64290946844056e-06 8.94034506758024e-07 1.33975175262265e-09 6.01052658210913e-16 8.05187563057532e-14 9.91057024537487e-22 0 0 9.57276971785183e-14 4.33779680782993e-11 1.77779656892352e-16 4.66958116258801e-22 3.56851730580661e-15 8.65838230428499e-07 1.74837553187665e-21 9.10755651962697e-08 1.62401287403449e-06 0.000132020850607516 3.72518319717499e-05 0 0.000115261125065231 1.15990278259122e-05 8323.87969722732 0 4.90479007690727e-07 1.94504156143766e-10 1.78424964613761e-14 7.47112814755396e-08 2.32895735368639e-08 3.91185864821241e-09 3.50764577806887e-08 2.06572936233824e-09 6.84540903691606e-10 4.12837156111843e-17 1.98059401868798e-13 
0 0 6.04737111834009e-08 1.45967797159524e-11 2.63248092500739e-07 0 4.01993119590983e-07 1.33765476358497e-06 0.000337851448686968 3.85631700931246e-05 1.66720174280544e-09 1.10048690518302e-05 7.00568064198134e-07 4.77750772432983e-09 3.52713748981832e-09 4.40943272025449e-08 2.78815875935082e-10 5.14661317274098e-13 5.11614137382346e-28 1.28874045040319e-15 6.41922911782341e-06 1.36353026000248e-09 1.45596912327099e-14 5.06949060160267e-15 8.23207092901218e-27 8.66370340827354e-06 2.18791850569542e-25 5.56786285443517e-06 3.75762093407277e-18 5.27219681910215e-17 1.5125689153034e-26 3.56036186160429e-14 3.71117577324192e-17 1.22815116221035e-19 1.39159559241352e-16 6.59655916482902e-17 5.39640522512308e-20 7.1228754294533e-28 5.90291037433256e-21 0 
4.652702209991e-27 0 2.53404991756782e-15 2.22855894210911e-12 4.672224654638e-09 1.6117742131892e-05 9.54297010492419e-08 4.01302703016542e-25 0 1.78610935516485e-13 3.14091627784128e-13 6.25859910696851e-13 9.30865256295653e-17 4.21144351271506e-17 7.66253873224849e-29 1.15585981793361e-15 7.58419195956523e-29 4.12453856731211e-16 1.29825390482816e-16 0.000132381383195986 1.84222637169778e-09 2.11956858017952e-15 9.91253581349709e-20 1.75876749135974e-25 0 2.93275999241136e-20 8.5618027768496e-17 8.15684069943176e-17 9.2758789260179e-15 7.22151664706061e-07 1.1363625226758e-15 1.18875599778949e-16 0.000127566404331905 6.77863934948821e-06 5.0117340051185e-19 0 0 0 3.5607104458155e-20 3.68190696513433e-26 
6.58376479279186e-23 2.74996334719857e-27 0 4.1151544440908e-24 2.0979680392816e-11 2.36595544611608e-13 5.04349270183557e-11 3.48826320540876e-19 7.6109354403578e-19 3.70593935768469e-28 0 0 3.9179554637299e-09 1.92873845591648e-13 0 4.96902211478911e-16 3.23237977912734e-07 4.04024552762284e-11 6.91796403153049e-08 1.4485808231931e-07 2.88517970009155e-09 6.3792268957019e-16 3.65340551299411e-08 3.42387987697421e-09 8.79767018227451e-14 5.9992213848635e-08 1.86307598243839e-08 2.40508500940551e-07 0.000244882883315978 2.30875935203149 0.00035179699130993 3.13333420714866e-19 1.65510341253631e-22 3.29880451391412e-27 0 0 5.47785462588826e-12 3.73008167049481e-17 8.60690260900994e-07 1.12747077847414e-05 
1.70100500576578e-18 1.48087504583553e-19 1.76599968460304e-21 5.37871152540289e-24 0 6.57599197255418e-07 1.6113318831813e-17 2.39015388960497e-17 0 2.27642740505479e-13 3.36933094909069e-12 7.92155318844225e-12 6.01837618014336e-26 0 2.34342104976229e-23 0 1.32759377492331e-06 1.48819969827436e-07 1.3256121454678e-05 3.91412262788829e-10 6.93915252802664e-07 5.67222624393451e-29 0 8.4962884808736e-05 3.51885944029274e-13 2.05074998837777e-09 1.91405707736877e-13 2.49405177781204e-14 0 0 1.53063260274603e-19 2.06403947688718e-07 0.000108400922940578 8.42126037649772e-19 0 2.00190033694228e-14 2.09971336945681e-08 6.80095690257103 2.633161666528e-05 241.725465010234 
4.2995380043701e-16 0 0.541280617657264 5.46536232298347e-11 8.91785289644655e-16 1.2945989768819e-07 0 1.39305077934225e-28 0 0 0.000145354759533538 1.45701745770515e-07 0 0 0 1.18020931481083e-13 2.14434346336102e-08 0 0 0 2.20019597193771e-15 5.37794139524277e-09 2.0943439776135e-07 7.97453603108024e-13 2.011528589003e-18 1.89529240257387e-06 0 0 1.67354387640848e-12 4.80240920967306e-11 2.25897032647843e-07 0.00119635512275857 3.9894066066149e-10 4.21198973430277e-06 1.35567148563402e-23 2.33209344388296e-18 0 1.7883926228974e-14 0.000199801111808545 0 
1.66476126786121e-26 4.28904856908626e-24 5.07352627049585e-19 1.18759126547091e-18 1.47908589815934e-18 0 0 2.78041396384823e-22 0 7.29347046226784e-28 2.22412345653286e-19 5.50743981188988e-28 9.26301524545033e-26 2.37260968759963e-23 5.77420626773653e-19 2.6320184064156e-28 1.10066289001547e-21 9.88283244983356e-21 0 0 3.30276127798745e-07 4.05148583612104e-11 7.02657657466255e-08 1.67374467285835e-07 2.87105139833072e-09 6.42390174076443e-16 6.35255572644421e-08 5.9209455181811e-09 1.51432691183714e-13 2.28100679974877e-06 1.85044398085207e-08 2.42237678030242e-07 0.000254563287494102 0.000126404150556576 0 0 0 69.0415013779919 0.000116884870741896 0 
0 0.000735071305309707 6.23757371964406e-10 2.24252474804665e-08 0.00042421327810821 5.26453085566822e-12 4.07299860302563 6.84944409062697e-06 3.84103620375516e-09 4.19512452666248e-16 2.87379101824209e-14 3.48934604552781e-10 3.5463411736101e-18 9.35784296672805e-07 0.569277153114805 1.00635586720967e-09 2.54794933510767e-05 1.88815165091666e-07 0.00414092860167421 7.80324875655188e-05 6.60022521192439e-15 6.4963093043606e-11 1.74577254431498e-11 3.12181029301284e-09 0.00269142473905292 1.57090531300523e-07 4.26610728365893e-15 1.1921022804183e-11 0.440307427039781 0 0.000494429594139191 3.96925669588298e-05 2.88840347051553e-17 3.18381048296149e-12 58.7940798400974 2.87518080256493e-22 0.0868611115732044 21.1453681739249 3.13223189873795e-22 0.129417783678922 
2.75064260711996e-20 2.46859570244042e-19 5.02989233062188e-20 0.00911983077786932 0.00621833018890008 1.90070091979492e-06 1.17914937583009e-05 5.24212002215113e-09 1.23587323483837 1.92607412859846e-13 2.1148679650067e-12 22.2661029530415 0 9.8680372406295e-05 1.39324330423439e-05 7.94506788087549e-09 1.64924415607802e-08 0 0 4607.36046883816 6.42973048242868e-07 0.013742784804021 0.593564562307789 0.0953473733000397 1.3534297526208e-07 4.32209285743237e-06 0.0275808196051761 7.02708202129198e-10 179.800175764824 0 8.31812442148902e-14 7.12906205828265e-08 0.000125954407830678 7.4091651462501e-05 4.37141714353065e-06 0 0 9.98447085902609e-15 8.10055160252512e-10 5.61947834418038e-11 
4.31772148043076e-18 3.59700682041126e-07 7.87246450737e-09 9.31266633599623e-07 1.79427434341363e-10 1.27269366038055e-19 8.60759561207492e-15 5.29674256848435e-24 1.14377622535832e-14 2.90172559132354e-25 7.39291959064929e-16 1.2801764229067e-25 0 0 0 0 1.37281639400489e-15 0 1.08721681221589e-06 4.32164761750174e-09 2.65302681450675e-17 3.19454670076827e-27 7.96442217070618e-07 2.75270837594838e-11 2.99304585178565e-18 4.59150994443593e-22 0 0 0 8.93442165321557e-07 0 0 0 0.000136096490783787 4.04473010599796e-17 3.47441993360202e-24 1.64413686325977e-20 1.51415315522608e-24 3.14308910889832e-15 2.01683257782042e-20 
6.28075782896628e-18 1.9521633751034e-18 1.38568699760126e-24 1.22912618545099e-20 1.37163044995914e-18 2.1346067716768e-20 1.01867671649209e-20 1.43332484852455e-18 0 0 7.38579863049808e-06 1.63945239829136e-25 0 1.69399023423417e-25 6.8074761455385e-13 3.88800378845607e-27 4.93196691415844e-19 8.30592404778254e-24 2.40546736900595e-08 0 8.49358562327635e-16 7.5108295927077e-17 4.30782993763422e-12 3.71350424734248e-13 2.47974043402536e-26 1.19726012766761e-08 1.79491548248434e-25 1.20881781285438e-26 5.12172203786067e-12 1.06706911548451e-17 2.12079293012171e-10 3.07922917260803e-21 2.54616317228025e-06 0.000291485686813939 4.97841628720721e-17 4.34757111629537e-17 1.0143137260346e-07 2.72451001279367e-08 0 2.57929475786102e-16 
0 0 1.88115527729032e-14 0 0 0 0 8.05417955195151e-08 6.3559711903778e-23 9.25663930326944e-11 5.40097250405111e-24 1.40001453564235e-27 2.20941261190772e-23 1.13176375945972e-18 7.09414838256298e-12 0 9.42730840641859e-26 2.90491624531001e-25 8.67843385026152e-07 5.22601557133459e-08 2.44398800637616e-23 8.02513579653052e-24 1.63719930326556e-27 0 0 0 0 5.77058401014965e-20 2.10524886083373e-20 5.76928456688675e-18 2.35781943129949e-21 3.1454860942162e-14 9.6397936730819e-19 0 3.09137607342621e-05 6.61956131382659e-19 5.59070037847357e-10 0 2.47646380379319e-21 8.46160383125134e-19 
1.38433019302093e-15 3.8334303796387e-13 1.30457095051494e-20 2.22849672618514e-14 4.20349043630787e-28 1.76128388700783e-14 2.22193353668513e-08 0.000265199306924952 8.40643535423033e-06 2.12283905728069e-21 2.80161350496829e-21 1.27568151827864e-21 1.48744396487977e-10 7.19315189320915e-06 4.4298911112569e-12 2.29605620482879e-27 1.1916774779745e-10 1.49490591028258e-07 4.43170978392992e-08 8.2153311442876e-08 2.72170122748006e-05 2.1442572155572e-05 4.21308523911016e-06 7.02534691110317e-07 1.70618522597395e-08 7.60579277936045e-22 2.86210508009169e-15 1.45994143731663e-13 7.35752634477983e-24 1.49730892396977e-05 2.56431929699525e-07 7.14138882595173e-15 1.39424813843944e-16 7.15896375363767e-24 0 0.00015346983718566 2.07751350732366e-22 8.1688657271349e-08 2.36340436986418e-06 0.000106000411070521 
3.73969070878704e-28 1.40081500527563e-24 3.76972513905867e-22 1.18286388245905e-20 2.98974756738116e-20 0 0 0 0 9.78436821197582e-18 8.22406925613177e-22 9.21986275695651e-23 0.000208175965936111 3.86767737184135e-22 0 0 1.43001019287677e-19 4.86233104879915e-18 1.06290150858951e-17 4.42187813933995e-20 0 0 0 0 0 0 0 0 0 0 0 0 1.40282070666431e-24 0 4.3790519454093e-07 5.89950013689611e-26 1.71097690213675e-10 1.54203405614251e-14 6.69499521605694e-19 2.41191532749947e-24 
6.54035799790236e-08 8.87117252287588e-07 2.21288212000623e-11 1.6636819987984e-07 3.39637699599644e-26 1.46556250381183e-08 4.47170117347088e-22 1.08644236098177e-10 4.8916644361427e-20 6.53555402313249e-15 2.03247002078067e-17 0 0 1.88544667436522e-13 0 0 0 1.00047199782187e-20 0 9.55528530236456e-27 8.96374392122681e-29 7.02455525248251e-16 0 0 0 0 9.04316639337052e-08 1.05122918696108e-13 2.60568858394609e-11 2.17964388523513e-08 4.97212857036848e-07 4.22619209593833e-07 2.15827013719274e-19 0 0 0 0 1.57420131430234e-28 0 1.27408823965761e-15 
1.26679341391206e-27 0 0 0 4.92842805125437e-15 1.29633771364072e-15 9.55719239471432e-29 6.35498469245378e-10 8.62538176004945e-25 3.49512854535609e-26 9.63079501362785e-16 0 5.17996281458541e-25 0 3.7046907474583e-23 4.72931617939291e-08 7.18628273485927e-07 6.76905896248682e-24 0.000334039872287841 8.29576088576936e-20 0.000214834988569686 1.56586070073066e-09 3.81781187417922e-08 3.38817070521699e-08 3.44075130681707e-09 1.45463056808468e-05 1.0496125139417e-13 8.24957895947244e-22 0 8.84774046657091e-17 1.112143232285e-09 512.861252617628 7.26481357429129e-05 8.52723294207749e-13 5.03155485791254e-21 1.68329194136621e-18 0 2.25677597730614e-12 9.57705171354124e-13 8.25643005546976e-16 
3.71494539316788e-11 60.0599395401156 9.52372693532411e-11 3.27584258190163 8.64528370058873e-05 3.10684353946089e-07 3.88015539169773e-11 6.63268975149359e-08 1.07409030025651e-07 2.17248674790599e-09 6.12309445233069e-16 2.65428322737057e-08 2.48933156519785e-09 6.40030735396713e-14 5.58952026010754e-18 2.99732341663325e-27 6.36812959134386e-07 1.79147795504678e-08 2.30846279718923e-07 0.000242539620728416 2.73332117203544e-21 0 0 0 0 5.59064838072038e-21 0 4.38018446347778e-21 0 1.15646075508817e-21 0 5.33164353384761e-22 0 0 1.46861892350726e-20 4.52023536805697e-21 2.67007987902927e-22 0 0 0 
0 0 1.71153912341444e-23 0 0 0 3.98543760549188e-14 1.39972278698475e-15 0.000156175674785265 3.20910322643324e-05 4.8861036740849e-07 0 1.5636149189658e-17 2.25392733664484e-17 3.23442350270488e-19 0 3.17649938454e-21 29.3908035591368 2.03056353696806e-08 0.000927941524577969 0.0159722056555773 0.0102708869434466 1.39199188883636e-10 2.08917496620246e-08 0.00186958412468958 1.31966940705641e-09 4.89818252582328 2.73775075796187e-12 2.49214940543622e-11 6.45268139314351e-19 3.95563127298859e-08 1.61802268130119e-08 0 0 1.02682614242202e-07 0 6.57877394480755e-15 0.000147158920371131 1.49992778275626e-07 8.1260662389003e-18 
7.15938589818551e-21 3.9748825365729e-18 3.41361061918259e-14 2.20109928337705e-12 8.7480456418508e-12 4.46819514501238e-11 9.07224432093364e-15 0 8.55443607514287e-25 0 0 0 0 0 0 0 2.92270749059426e-08 5.14913553117517e-07 3.85132095557866e-28 8.77905702860209e-25 8.70838327441029e-27 0 0 0 1.42646862712974e-12 8.53852071675731e-08 2.78545953023022e-07 0.000338995623117794 1.80827685314624e-06 1.55194665336084e-15 1.31684397615704e-10 0 0 2.19077478575072e-15 1.3174295870184e-17 6.31459416141098e-16 1.46104572507136e-23 3.60550741914207e-14 0 3.22989527516853e-18 
9.74819680947371e-05 1.0559416815478e-08 2.41237083029009e-09 5.88143823531281e-27 1.05324027769017e-21 1.22080950681745e-27 8.81593025245213e-10 9.77659938182841e-28 6.66898882309357e-23 1.29797051082587e-20 1.10909522273699e-19 1.15072345724492e-19 6.57891303095318e-22 2.32680348711544e-23 0 0 0 0 3.9001917590542e-06 1.05777123770622e-10 0 1.56245678525904e-08 2.22362576839474e-10 3.45210593349402e-17 9.11112445301416e-09 5.73978742208077e-09 1.12275159096722e-10 5.20344248104673e-13 3.46518394325721e-12 2.40536683387564e-28 1.03642052831152e-13 1.37877909024559e-11 1.70596264540405e-13 4.50053822981996e-10 1.25793520732479e-10 2.13835372786883e-12 5.57123059680434e-15 2.01773940933305e-15 1.71457262441643e-11 9.8356478982073e-09 
1.13930438405976e-19 8.83636231261805e-15 1.12008555860849e-11 1.88068501040334e-07 5.92178196016381e-19 0 2.64423619962088e-19 7.18524747643873e-27 2.25403077037638e-15 0 0 0 0 0 0 0 1.8966915205557e-15 1.41244615254189e-20 9.71307197307964e-21 1.08903842229346e-16 5.02062708938152e-21 1.14723985283198e-26 4.75399782741382e-08 3.26925419921914e-08 3.49366897270302e-12 1.58365775790048e-07 1.47479918785876e-26 4.91970988209523e-19 6.29034263187902e-25 1.55164117126621e-13 8.09804629698003e-16 0 0 0 0 3.09128808310145e-11 4.07447549994845e-14 1.71063909520523e-10 0 0 
1.54132646963679e-07 0 0 0 4.93548594012215e-28 0 0 6.75496521608154e-24 5.44214682151335e-25 2.56537692814882e-05 3.38887674688427e-13 3.74780050772391e-17 1.76641794037727e-08 5.31624515898348e-06 1.77331702689581e-06 3.10474427696969e-07 7.57248395042098e-10 3.68523761954809e-09 5.29168406274612e-27 2.46359476721894e-20 0 2.42724873514819e-16 1.23452777386327e-13 2.16850474223443e-24 1.79479492502757e-18 1.19206304404372e-26 0 2.30083179777267e-05 1.23384199485168e-06 6.57091710926907e-10 1.97725772378866e-14 2.15732496408056e-05 9.27320123448534e-18 1.23714686192902e-23 3.49397694716322e-07 4.9497681394494e-06 0 6.99176550437494e-20 0 0 
2.92360576516041e-28 8.63647505937598e-25 4.29436812173639e-23 3.78844123903664e-22 5.69485717291998e-21 5.67551249570928e-21 0 0 1.41040913035622e-18 6.61404113042648e-07 1.53884382731152e-17 0 0 1.28877315651475e-26 4.80464068501724e-15 0 3.6800614337218e-26 8.43192389705834e-28 0 0 1.37173524553132e-05 0.290236523272755 2.72934847857307e-05 980.232106677603 0 0 0 0 0 0 0 0 0 0 0 0 0 0 0 0 
0 0 0 0 0 0 0 0 0 0 0 0 0 0 0 0 0 0 0 0 0 0 0 0 0 0 0 0 0 0 0 0 0 0 480.744214045189 0 0 0 0 0 
0 0 0 0 0 0 0 0 0 0 0 0 0 0 0 0 0 0 0 4.43537430871515e-06 0 0 0 0 0 0 0 0 0 0 0 0 0 0 0 0 0 0 0 0 
0 0 1.4815239005805e-05 0 837.013809267402 0 0 0 0 0 0 0 0 0 0 0 0 0 0 0 0 0 0 0 0 0 0 0 0 0 0 0 0 0 0 0 0 0 0 0 
0 0 0 0 0 0 0 0 0 0 0 0 0 0 0 0 0 0 0 0 0 0 0 0 0 0 0 0 0 0 0 0 0 0 0 0 0 0 0 9.06168833263655e-06 
0 0 0 0 0 0 0 0 0 0 0 0 0 0 0 0 457.221156963084 0 0 0 0 0 0 0 0 0 0 0 0 0 0 0 0 0 0 0 0 0 0 0 
0 0 0 0 0 0 0 0 0 0 0 32.6140568618284 0 0 0 0 0 0 0 0 0 0 0 0 0 0 0 0 0 0 0 0 0 0 0 0 0 0 134.993662019726 0 
0 0 0 0 0 0 0 0 0 0 142.103958902938 0 0 0 0 370.007326331004 0 0 0 0 0 0 0 0 0 0 0 945.376478524523 0 0 0 0 0 2.34684090045434e-08 0 0 0 0 0 0 
0 0 0 0 0 0 0 0 0 0 0 65.4686956923624 0 0 0 0 0 0 0 0 0 0 0 0 0 0 0 0 3.1222725283897e-05 0 1.17988659549088e-05 0 
<Fx>
-238.578140215575 -662.895702316547 -285.950458379617 -343.409639128094 -448.241138040613 -553.072636953132 -654.856345648008 -432.021300040155 -303.059193490435 -494.458619881514 -750.339099547453 -294.378952457378 -498.779781683062 -8.96523697840063 -16.3965456497564 -74.3969473968383 -132.39734914392 -190.397750891002 -248.398152638084 -70.8285612465538 -98.0445690449525 -212.31896879144 -63.7688638137993 -111.141181977842 -158.513500141885 -205.885818305928 -121.228044562276 -414.950944056317 -79.2885339028892 -47.8425397763228 -57.0610968109663 -97.7256479721762 -138.390199133386 -179.054750294596 -145.358652199476 -80.8775989246164 -108.093606723015 -109.407266653339 -276.598187117244 -25.7217640377095 
-121.418439287677 -194.184809163049 -255.804672754747 -205.386384953613 -310.217883866132 -415.049382778651 -519.880881691171 -624.71238060369 -729.543879516209 -834.375378428728 -334.348491503333 -398.829544778193 -463.310598053053 -4733.41670919249 -539.734876456945 -874.083367960278 -269.867438228473 -439.179990415852 -544.011489328371 -479.530436053511 -725.789667888588 -465.5880264211 -644.548563655017 -230.42479824393 -622.269644527296 -818.19206766898 -426.347221385613 -654.742360344903 -1079.05992244588 -277.797116407973 -325.169434572016 -335.256297156449 -440.087796068968 -444.071028411486 -672.466167370776 -1114.50753649762 -646.703003676364 -628.979196650491 -602.725095972321 -416.574947108125 
-338.801908084616 -730.646754367982 -926.569177509665 -534.724331226299 -359.38690479365 -423.86795806851 -294.90585151879 -467.764014634336 -403.282961359476 -486.305277909869 -742.185757575809 -998.066237241748 -286.225610485733 -750.828081178905 -490.626439711418 -669.586976945334 -233.569479828577 -225.121037314497 -289.602090589357 -579.821455527476 -458.770118614498 -499.120564252157 -539.471009889817 -715.272610877131 -969.282563252504 -353.938619701979 -418.419672976839 -205.221246458745 -623.640919435584 -401.143669600428 -310.052745371264 -418.867476626301 -621.499451891178 -603.775644865305 -269.702299733605 -586.051837839433 -465.422887926232 -1357.7575573343 -1152.53631087555 -58.000401747082 
-67.0954431273678 -27.2160077983987 -149.165176892696 -195.922423141683 -192.293872817332 -872.936756978034 -1194.19273634509 -616.161830885842 -610.713545794171 -388.216295959015 -616.611434918305 -872.050014732853 -1193.30599409991 -615.275088640661 -513.200067137732 -297.125371729852 -405.940102984888 -652.059048970051 -634.335241944178 -608.572078249766 -590.848271223893 -500.530549223566 -1517.01396574651 -1232.22273427393 -654.191828814686 -256.774926092192 -448.174352483272 -704.054832149211 -573.12446419802 -1516.63090408049 -452.49551428482 -431.701999922323 -631.456051518736 -613.732244492863 -1574.61467151163 -1331.90281005147 -1139.60893723414 -1034.26018777083 -1226.55406058816 -841.966314953499 
-49.7755766980048 -441.620422981371 -245.697999839688 -97.1478948620478 -144.520213026091 -191.892531190134 -239.264849354177 -263.421806865561 -466.053782130438 -448.329975104566 -112.667564951138 -144.113559077704 -175.55955320427 -81.2215708245712 -178.737683247725 -243.218736522585 -307.699789797445 -164.03220667087 -114.256629972865 -94.9437579252647 -570.17885963298 -309.977218165493 -209.259068314363 -314.090567226882 -265.059880556167 -469.460709781851 -424.317562100973 -47.372318164043 -293.851772530837 -229.538055998748 -621.382902282115 -817.305325423798 -425.460479140432 -276.910374162791 -324.282692326834 -334.369554911268 -439.201053823787 -443.184286166304 -645.816261431182 -628.092454405309 
-601.838353727139 -415.688204862944 -358.500162548468 -422.981215823328 -294.019109273608 -285.338868240552 -749.941338933724 -489.739697466236 -668.700234700152 -39.528367591853 -235.450790733536 -86.900685755896 -134.273003919939 -181.645322083982 -229.017640248025 -144.359866504372 -253.174597759409 -438.082765998414 -102.420355844986 -70.9743617184194 -168.490474141573 -232.971527416433 -297.452580691293 -143.537788458566 -416.037683466852 -104.009420866713 -266.694949911047 -299.730009059341 -104.151974639028 -111.583283310384 -169.583685057466 -151.524292803071 -158.955601474427 -206.32791963847 -216.414782222903 -321.246281135423 -426.077780047942 -527.861488742818 -510.137681716945 -595.055142391813 
-320.9061943204 -321.521266235456 -168.633027913888 -176.064336585244 -240.545389860104 -305.026443134964 -369.507496409824 -352.128673170488 -592.674063030593 -567.909182868611 -565.429919551508 -371.986759726927 -270.80897291333 -721.304648567398 -1137.58285399983 -703.580841541525 -1184.34010024882 -685.857034515652 -371.784924777872 -122.800195618398 -14.8027309651774 -22.2340396365332 -440.653712613372 -859.073385590211 -1277.49305856705 -414.0788859199 -218.156462778216 -282.637516053076 -219.094734586527 -62.1750491292204 -69.6063578005761 -116.978675964619 -109.547367293263 -156.919685457306 -235.880269804089 -854.790450501401 -847.359141830045 -819.342836449655 -431.080936397611 -438.512245068967 
-420.788438043094 -829.635334804172 -837.066643475528 -77.6947192183102 -46.2487250917438 -151.196146186253 -143.764837514897 -215.677199461113 -280.158252735973 -173.430185822786 -108.949132547926 -324.62633200904 -79.2837842400374 -86.7150929113932 -106.219637284181 -282.435681104021 -222.189519669414 -614.034365952781 -418.111942811098 -327.021018581934 -431.852517494453 -638.467725101848 -351.151626219134 -415.632679493994 -480.113732768855 -286.670572944274 -742.59280260439 -482.391161136902 -661.351698370818 -104.831498912519 -49.2965887194653 -56.727897390821 -475.14757036766 -893.567243344499 -220.023944181213 -212.592635509858 -441.141435002832 -644.495166815871 -245.219011861149 -96.6689068835082 
-104.100215554864 -151.472533718907 -198.84485188295 -246.217170046993 -377.634091711221 -154.128087631985 -161.55939630334 -266.39089521586 -1305.56251368812 -465.574794151899 -447.850987126026 -327.222037212826 -334.653345884182 -563.560456981193 -244.808659258631 -458.044536823669 -178.258695269185 -185.690003940541 -250.171057215401 -242.739748544045 -314.652110490261 -242.417901331362 -428.107905271903 -113.777641994325 -121.208950665681 -317.131373807364 -437.558488771509 -63.0187758201587 -168.329521874428 -112.528709632625 -577.131180325797 -569.699871654441 -309.498230186953 -316.929538858309 -234.516160904114 -495.890076092225 -20.5849967090344 -269.017093880323 -286.740900906196 -251.29328685445 
-525.743711776619 -44.9398148242716 -213.646230167556 -459.765176152719 -477.488983178592 -442.041369126846 -356.353808372146 -338.630001346273 -690.427153503846 -672.703346477973 -122.555305938392 -227.386804850912 -248.040249561603 -230.31644253573 -243.247948962179 -343.68429045798 -325.960483432107 -2081.39041277961 -2099.11421980548 -2063.66660575373 -291.328093717685 -273.604286691812 -416.278205432434 -434.002012458307 -732.627743538261 -398.554398406561 -26.3412237757807 -8.61741674990778 -49.1698011524393 -31.4459941265664 -216.305584901662 -277.925448493361 -28.3762867899426 -10.6524797640697 -213.235877565038 -195.512070539165 -257.131934130864 -34.0263500067944 -8.5287948019796 -23.3914121446911 
-219.313835286374 -70.763730308734 -118.136048472777 -165.50836663682 -212.880684800863 -237.037642312247 -421.945810551252 -86.2834003978239 -31.9202069466707 -96.4012602215307 -152.353518694411 -216.834571969271 -87.8724654195511 -283.794888561234 -135.244783583594 -404.222003525379 -50.835786346078 -68.5595933719509 -543.794695079667 -283.593053612179 -256.024562373667 -647.869408657034 -451.94698551535 -360.856061286186 -465.687560198706 -672.302767806101 -384.986668923387 -449.467722198247 -513.948775473107 -320.505615648527 -776.427845308643 -516.226203841155 -695.186741075071 -40.6645511612099 -96.1917196651313 -136.856270826341 -225.524141936306 -104.834949645418 -300.757372787101 -324.858893826631 
-317.427585155275 -318.481179812974 -521.113155077851 -503.389348051978 -169.316002920278 -485.665541026105 -365.036591112905 -121.03473047014 -225.866229382659 -537.312935902573 -519.5891288767 -185.515783745 -501.865321850828 -381.236371937627 -164.742903159135 -583.162576135974 -360.665326300818 -589.060465260108 -269.574402071654 -378.389133326691 -624.508079311854 -606.784272285981 -581.021108591569 -563.297301565696 -229.223956433995 -420.623382825074 -676.503862491014 -545.573494539823 -424.944544626623 -404.151030264126 -603.905081860539 -586.181274834666 -1276.80087073508 -1112.05796757594 -84.5428857387501 -91.9741944101058 -280.465308880433 -131.915203902793 -139.346512574149 -189.374384651269 
-196.805693322625 -301.637192235144 -406.468691147664 -298.189115906306 -213.50499228847 -220.936300959826 -277.98604556333 -342.46709883819 -149.02393901361 -156.455247684966 -261.286746597485 -344.744527206238 -323.951012843741 -308.236676406234 -17.4437335209109 -39.599361824007 -57.32316884988 -124.530285272497 -186.150148864195 -92.3574603136015 -510.77713329044 -288.279883455285 -197.188959226121 -306.003690481158 -508.635665746035 -490.911858720162 -156.838513588462 -473.188051694289 -352.559101781089 -2045.94279872786 -450.850066432291 -515.331119707151 -579.812172982011 -644.293226256871 -37.8202554237503 -146.684286617345 -173.900294415744 -429.665101707117 -233.742678565434 -462.137817524723 
-886.455379625696 -85.1925735877933 -142.65175433627 -289.1135422782 -251.466485591307 -497.585431576469 -479.861624550596 -770.447998962012 -436.374653830311 -100.712243676883 -69.2662495503167 -117.018979071764 -156.618340895771 -196.217702719778 -235.817064543785 -275.416426367792 -77.4196172477574 -223.970404287946 -166.78236197347 -231.26341524833 -140.121564122361 -409.205234794441 -102.30130869861 -293.70073508969 -549.581214755629 -752.724191936139 -149.421879907358 -205.222692149161 -93.621067665554 -298.021896891238 -107.834851182364 -72.8275533030573 -277.228382528741 -476.982434125154 -224.558739606948 -231.990048278304 -616.403585890315 -812.326009031998 -1015.67974084504 -1211.60216398672 
-420.481162748632 -271.931057770991 -279.362366442347 -319.303375935034 -329.390238519468 -336.821547190823 -434.221737431987 -441.653046103343 -272.654599439514 -418.1401971425 -332.935849447634 -340.36715811899 -2196.63601320707 -732.212004402356 -724.780695731001 -928.13442754404 -920.703118872684 -536.289581260673 -528.858272589317 -1070.09989920424 -789.261749005861 -657.820379139037 -593.339325864177 -757.253411548607 -387.739476283033 -437.767348360153 -445.198657031509 -550.030155944028 -542.598847272673 -353.520846156668 -360.952154828024 -418.001899431528 -425.433208102884 -489.914261377744 -289.039792881808 -296.471101553164 -752.797001111391 -685.836684519428 -1137.47595493211 -749.214054880068 
-756.645363551424 -738.921556525551 -731.490247854195 -558.45999138394 -565.891300055295 -809.6964227877 -1343.50674073127 -397.416902722494 -469.32926466871 -461.897955997354 -533.81031794357 -598.29137121843 -404.84821139385 -844.696808779513 -588.816329113574 -388.736661689438 -860.770441053965 -600.568799586478 -593.137490915122 -772.098028149038 -779.529336820394 -487.870527944244 -743.751007610183 -999.631487276122 -343.591672761911 -399.392485003715 -287.790860520108 -752.39333121328 -744.962022541924 -484.760381074436 -492.191689745792 -663.720918308352 -671.152226979708 -123.239727183397 -255.880479665939 -714.903936512389 -380.830591380688 -284.63894780185 -338.827502722193 -443.659001634712 
-548.490500547231 -653.321999459751 -413.60105435157 -478.08210762643 -349.12000107671 -403.308555997053 -467.789609271913 -532.270662546773 -596.751715821633 -859.230785657168 -1119.43242712466 -599.029144189681 -19.2893188585374 -34.1519362012488 -452.571609178088 -1289.41095513177 -425.996782484615 -230.074359342932 -277.446677506975 -294.555412617792 -81.5242543652918 -128.896572529335 -176.268890693378 -223.641208857421 -247.798166368805 -831.26073301437 -450.430141633683 -432.70633460781 -97.0439244543816 -163.114042750969 -227.595096025829 -132.784925677358 -360.380021703187 -394.531957904435 -720.760043406373 -98.6329894761089 -79.3201174285087 -554.555219136224 -294.353577668737 0.4262927311995 
-14.436324611512 -61.8086427755549 -109.180960939598 -156.553279103641 -203.925597267684 -93.635048259526 -133.234410083533 -172.83377190754 -54.035686435519 -143.398431161232 -207.879484436092 -78.917377886372 -5.75622706674633 -20.6188444094578 -35.4814617521693 9.10639027596515 -67.9911625735008 -115.363480737544 -162.735798901587 -210.10811706563 -319.715370736427 -407.78175948056 -593.931908344756 -221.631610616365 -164.443568301889 -228.924621576749 -293.405674851609 -422.367781401329 -99.9625150270293 -289.451787683201 -555.884744687145 -816.086386154633 -280.820485876946 -295.683103219657 -224.175677940923 -231.606986612279 -616.020524224289 -811.942947365973 -1015.29667917901 -1211.21910232069 
-420.098101082606 -620.972569578542 -648.493240041896 -271.547996104966 -278.979304776322 -329.007176853442 -336.438485524798 -433.838675765961 -441.269984437317 -666.217047067769 -640.453883373357 -665.608999070585 -417.757135476474 -332.552787781609 -339.984096452964 -2195.48682820899 -731.828942736331 -724.397634064975 -927.751365878014 -920.320057206658 -535.906519594648 -528.475210923292 -387.356414617007 -434.72873278105 -444.815595365484 -549.647094278003 -353.137784490643 -360.569093161999 -417.618837765503 -425.050146436859 -489.531199711719 -288.656731215783 -296.088039887139 -1172.54050731783 -756.262301885398 -738.538494859525 -808.930299455649 -468.946203002684 -533.427256277544 -397.033841056469 
-404.465149727824 -720.814687833652 -860.38737938794 -600.185737920452 -592.754429249096 -771.714966483012 -779.146275154368 -480.056157606862 -487.487466278218 -743.367945944158 -735.936637272802 -999.248425610097 -991.817116938741 -279.976490182727 -752.010269547254 -744.578960875898 -484.377319408411 -491.808628079766 -663.337856642327 -670.769165313682 -214.531047134399 -410.453470276082 -319.362546046918 -428.177277301955 -279.012100409259 -474.732688601886 -28.5848044434049 -13.7221871006935 -55.8008122418036 -227.166582319194 -198.581777875789 -260.201641467488 -7.79129008090824 7.07132726180324 -35.0072978793069 -177.788263513293 -239.408127104991 -0.719962819105007 -8.51125290001325 -16.3025429809215 
-802.544109427851 -456.885985727277 -1427.82927360268 -439.162178701404 -421.438371675531 -252.793867986122 -644.638714269489 -448.716291127805 -357.625366898641 -462.456865811161 -669.072073418556 -381.755974535842 -446.237027810702 -510.718081085562 -634.549842521964 -1080.78687033267 -317.274921260982 -773.197150921098 -512.99550945361 -691.956046687526 -69.4741820008422 -84.3367993435537 -127.474583747924 -185.474985495006 -243.475387242088 -116.846500164885 -131.709117507597 -164.218818328928 -179.08143567164 -211.591136492971 -273.826071999726 -258.963454657014 -321.198390163768 -368.570708327811 -174.305680913361 -279.137179825881 -383.9686787384 -713.325792818669 -902.03059286571 -866.582978813964 
-1265.13737722052 -485.752387433276 -468.028580407403 -884.306785839837 -441.774479729233 -255.624330865038 -198.436288550562 -262.917341825422 -342.261012442994 -406.742065717854 -471.223118992714 -466.346759101967 -133.955235275702 -181.327553439745 -450.30477338153 -125.274994242646 -329.67582346833 -200.927689231147 -619.347362207986 -396.85011237283 -305.759188143666 -414.573919398703 -617.205894663581 -599.482087637708 -265.408742506007 -581.758280611835 -461.129330698635 -1349.1704428791 -1148.24275364795 -32.5142672058319 -364.830105568591 -429.311158843451 -276.807166697402 -324.179484861445 -249.268486887203 -600.371579643792 -302.36775080207 -215.664928675895 -280.145981950755 -289.590754043416 
-1269.20286975183 -336.963072207459 -394.422252955936 -499.253751868455 -604.085250780974 -708.916749693494 -918.579747518532 -1122.14716490828 -705.86895947585 -723.592766501723 -1139.87097193416 -740.639037916028 -966.163179852333 -515.114895979722 -661.891051771807 -475.740902907612 -418.552860593136 -547.514967142856 -708.143614636553 -772.624667911413 -1932.13565547199 -1674.21144237255 -2640.27927010854 -2704.7603233834 -354.071807318276 -810.397706876503 -614.47528373482 -678.95633700968 -743.43739028454 -1137.76149988501 -1800.52044997221 -401.192378527024 -345.39156628522 -809.994036978392 -1070.19567844588 -549.792395510904 -185.941267873986 -240.129822794328 -500.844642297691 -250.422321148846 
-369.091929344048 -433.572982618908 -304.610876069188 -251.170685151071 -1034.8603777178 -1230.78280085949 -640.536268117335 -298.543003315114 -356.002184063591 -460.83368297611 -565.665181888629 -670.496680801149 -775.328179713668 -880.159678626187 -667.448890583505 -291.835236312281 -623.470982879462 -437.320834015267 -352.116486320401 -359.547794991757 -2254.17792382537 -751.392641275124 -947.315064416807 -939.883755745451 -555.47021813344 -660.30171704596 -765.133215958479 -869.964714870998 -1108.46117294978 -1567.73071418546 -783.86535709273 -406.9201131558 -454.292431319843 -464.379293904276 -569.210792816796 -674.042291729315 -778.873790641834 -380.132791700792 -444.613844975652 -509.094898250512 
-315.651738425932 -897.581982752402 -628.56488887208 -610.841081846207 -801.589164118603 -1192.10420585662 -775.826000424191 -793.549807450064 -758.102193398318 -1209.8280128825 -750.571936070088 -555.059865530923 -810.596078864369 -585.071936928063 -545.697943855953 -2234.9972869526 -848.057696533234 -783.576643258374 -1336.56759807471 -1401.04865134957 -1530.01075789929 -1889.55855289105 -488.509901541477 -552.990954816337 -617.472008091197 -424.028848266617 -1468.00896794153 -871.308754323636 -1127.18923398958 -615.428274657697 -740.378386372445 -2234.61422528658 -471.149419475364 -526.950231717168 -415.348607233561 -879.951077926733 -1140.15271939422 -619.749436459245 -838.364049201739 -598.955922096748 
-798.709973693161 -762.93164448295 -1018.81212414889 -1274.69260381483 -507.051164817011 -362.772309634679 -306.971497392875 -771.573968086047 -511.372326618559 -71.0913878905852 -462.936234173952 -338.105198922854 -267.013811032268 -118.463706054628 -165.836024218671 -213.208342382714 -260.580660546757 -284.737618058141 -903.647798755453 -868.200184703707 -1266.75458311027 -487.369593323019 -469.645786297146 -885.92399172958 -850.476377677834 -133.983376143718 -165.429370270284 -200.053494440305 -264.534547715165 -329.015600990025 -206.66382905603 -135.572441165445 -598.607892846866 -116.259569117845 -591.494670825561 -331.293029358073 -262.786122487006 -1046.47581505374 -310.158440651049 -357.530758815092 
-367.617621399526 -472.449120312045 -577.280619224564 -682.112118137084 -786.943617049603 -891.775115962122 -635.086420215397 -448.936271351202 -391.748229036726 -520.710335586446 -649.672442136167 -1046.28258056046 -1368.68784693476 -2018.36028907093 -2082.84134234579 -1566.99291614691 -327.267175761866 -783.189405421982 -1043.39104688947 -522.987763954494 -17.407863528805 -64.48105327486 -17.7238070258729 -82.204860300733 -67.0954431273678 -149.165176892696 -20.5849967090344 -82.204860300733 -49.1698011524393 -28.3762867899426 -8.5287948019796 -17.4437335209109 -17.407863528805 -123.239727183397 -432.021300040155 -432.021300040155 -1244.79771942897 -8.96523697840063 -74.3969473968383 -43.6125534481551 
-228.715514441196 -63.7688638137993 -57.0610968109663 -79.5503375484998 -79.5503375484998 -430.020228329957 -46.5152784002062 -292.994732767001 -25.7217640377095 -51.4038435290633 -210.581354812805 -272.201218404504 -551.044508654187 -398.829544778193 -398.829544778193 -398.829544778193 -316.62468447746 -316.62468447746 -316.62468447746 -1300.40675950727 -1048.61686591291 -423.86795806851 -423.86795806851 -490.828274660473 -531.93070481084 -403.282961359476 -9.38395147584961 -138.201533863331 -461.262658501759 -461.262658501759 -353.938619701979 -401.143669600428 -603.775644865305 -1377.32492213761 -465.422887926232 -383.009509972037 -444.629373563736 -1966.88981820454 -2179.20718100803 -25.925449709299 
-3014.47083750187 -5438.3535968898 -1838.02875602787 -2453.22985002815 -2116.36706837096 -3213.49088574723 -3221.7113717773 -1744.97002932543 -2063.00033876641 -1914.13900400014 -3418.98827436774 -1178.41601570072 -700.313777568078 -1161.57643606984 -388.216295959015 -388.216295959015 -388.216295959015 -1754.33618385687 -513.200067137732 -401.956870642371 -1589.76908179801 -1286.18371154083 -590.848271223893 -2134.9032231891 -755.257991825359 -1834.93626096409 -1609.10293546802 -1822.02560402699 -1836.45650222668 -1921.48469559805 -1974.82190093996 -748.881622259834 -1806.03838115838 -500.530549223566 -664.911210796973 -876.239108646686 -321.255979367052 -530.379212784005 -612.584073084738 -694.788933385471 
-1338.54280121337 -2151.33345639277 -2208.79263714124 -2168.44219150358 -452.49551428482 -493.597944435186 -616.905234886286 -452.286996631358 -1950.09629599705 -531.52738419213 -663.516991810046 -2200.57702546533 -3581.13482981885 -2166.27980736662 -2129.84289360383 -557.79548144875 -245.697999839688 -2136.46730426745 -178.737683247725 -910.98791285539 -63.4977637986983 -1893.64900874454 -2352.58095245022 -24.6657502491416 -235.450790733536 -134.273003919939 -627.502165724337 -249.191365416892 -438.082765998414 -86.2856138408401 -168.490474141573 -168.490474141573 -168.490474141573 -880.246285536935 -53.2505546925465 -53.2505546925465 -81.8353591359514 -299.730009059341 -381.934869360074 -792.959170863738 
-875.164031164471 -89.289357296317 -198.896610967114 -253.700237802513 -363.43830536773 -212.529084479714 -274.148948071413 -233.114081188749 -305.026443134964 -656.823595292538 -492.413874691072 -492.413874691072 -264.333127922849 -117.874161739722 -1003.77149102323 -921.429621190564 -865.320049535248 -1068.69073274268 -7.37142229382169 -369.35260896447 -587.509071742686 -62.1750491292204 -76.362708179342 -68.9912858855203 -151.196146186253 -43.3276490310483 -35.9562267372266 -1866.10747168306 -2160.62969478729 -1032.14630876388 -536.684016406972 -415.632679493994 -415.632679493994 -482.592996085958 -657.850752870691 -34.4339713767538 -1200.03816431837 -245.219011861149 -339.408655427554 -459.492140336182 
-1095.72596451227 -349.781368497056 -767.83840791214 -1344.61643042531 -58.7145293980645 -59.5753786824834 -217.641131903881 -37.9210150355678 -43.6714882554857 -134.467074453894 -902.721189192785 -253.727533528603 -253.727533528603 -178.258695269185 -250.171057215401 -1280.33721209951 -167.966196914668 -167.966196914668 -437.558488771509 -1567.18983132564 -601.968209372975 -63.0187758201587 -63.0187758201587 -91.6035802635637 -91.6035802635637 -893.435166223718 -50.0165515385703 -1893.170020766 -4499.90150228099 -359.611152073731 -421.945810551252 -126.664843274757 -70.1486583936782 -644.447987639341 -831.835419195449 -37.1135992453845 -1099.81639417238 -570.519059111225 -449.467722198247 -516.42803879021 
-636.855153754355 -1840.98268052837 -1897.72505713368 -1857.0964549937 -1860.56043524298 -1592.72300629851 -967.784956278504 -1303.71735010784 -1885.95803360361 -1824.97952852748 -1841.66931016873 -1924.43862009855 -1982.29359232357 -1808.99230565888 -1648.38036581302 -1833.76277727096 -1039.28554466725 -1347.47422612571 -633.693222234735 -944.56680536795 -847.354803562268 -3598.51085629235 -1091.82791692006 -950.302169587566 -1042.97144649341 -904.657014537356 -1190.23255804552 -1833.34509118598 -360.665326300818 -574.938454775852 -1585.08541695612 -809.911882467895 -1138.73132367083 -2446.77865026193 -732.613304485973 -1143.63760598964 -1817.34193918509 -1828.19121132922 -1916.80103075616 -1962.97498398694 
-1801.35471631649 -293.705009708855 -585.03310342654 -1255.88989223878 -3064.39681885491 -1584.70933344171 -1913.52877464464 -835.760328476825 -2173.02605580713 -2303.13855830989 -280.465308880433 -455.52025955491 -324.220127567173 -131.300131987737 -192.919995579436 -213.50499228847 -203.212493933953 -426.740869853509 -1928.41631778528 -2387.34826149097 -199.859566565548 -261.479430157247 -1157.42710294356 -897.055024572413 -1044.31613612452 -622.628374958618 -2116.83145663509 -1836.74033415555 -4988.24227690452 -2445.65089783802 -2023.37747220945 -2610.06061843948 -4580.49436512438 -325.504540776278 -536.289581260673 -397.416902722494 -551.534124969443 -1236.98016941458 -1028.7157834254 -325.121479110253 
-535.906519594648 -417.618837765503 -468.946203002684 -397.033841056469 -2110.4329133232 -1236.59710774856 -2038.04139788699 -605.006269321611 -28.5848044434049 -7.79129008090824 -292.476265125811 -292.476265125811 -708.916749693494 -383.105246541391 -383.105246541391 -2392.094627653 -876.008831552981 -344.685177649046 -2532.24066824122 -555.47021813344 -939.660523049139 -570.71476184221 -1086.92163460125 -640.334433168279 -862.042855559896 -2169.12400893958 -1269.49606820877 -1256.16080628735 -637.161442774857 -1142.09977960086 -356.300614984981 -520.710335586446 
<Wx>
1.33690632408745e-11 7.39794973040477e-16 1.35866821330561e-12 7.19312905902429e-13 2.75786853997018e-14 1.84958086555116e-15 1.50021325613626e-21 4.04400039963579e-21 2.57136005532994e-13 4.32022532042939e-17 1.47219821794538e-23 0 2.40140337004781e-12 1.72816707518901e-11 3.10842256369566e-20 6.39538381028647e-26 2.27996948552246e-32 0 0 0 0 2.04059449920416e-25 1.03340762433412e-18 3.19168477828492e-17 3.76176739326122e-18 3.1063495124378e-20 1.10129676354214e-24 3.92919863179109e-27 1.755499115336e-34 6.93122252531918e-22 4.01316652939655e-25 2.8301515065086e-29 0 0 2.72053277067368e-27 2.59657844067996e-22 0 0 7.88604247702142e-22 4.27043738454977e-13 
0 0 0 6.02261052005276e-21 1.27952061807152e-18 1.9306443632729e-17 1.34223892833473e-17 6.0452614453404e-19 1.41334225867885e-21 5.89178665946884e-25 1.78796443187314e-14 2.63932066617425e-11 2.11438039318797e-09 0 1.22611298789205e-29 0 1.62968962358978e-17 6.40632526859626e-12 4.58075278698087e-13 1.21034669676785e-18 9.56395080776019e-22 4.06376354194303e-21 9.30630132162762e-18 3.80025278757593e-14 1.01422060953641e-17 7.99634902987222e-22 4.65720361698787e-15 7.65951081917747e-19 1.12137667806308e-23 1.57799038272988e-15 2.35490523761818e-16 2.52363021928492e-15 1.38714689454416e-16 4.25319213160774e-17 7.3720537533094e-22 2.38606780367939e-30 2.29682298396724e-24 1.1051432979838e-20 0 0 
0 0 0 0 4.11839491482664e-15 9.37345371270872e-19 1.90826625471596e-14 0 0 4.07939341099705e-19 5.35696763624463e-25 1.78075934807598e-31 0 1.75196094706929e-14 7.46213281815506e-14 1.79732626334051e-11 9.03511702011982e-08 0.000487136648052354 0.000119288663357854 5.43266085783861e-28 1.8510099897031e-16 3.50505044381064e-20 6.79171013631235e-26 8.17412817956615e-31 0 1.6462895441292e-11 1.27272006743963e-12 2.1857330907339e-08 6.88041028441596e-18 2.01321789358966e-13 5.61456116932244e-12 2.49981402853523e-12 3.88438889576941e-20 3.25451511532949e-18 7.32755970402535e-13 5.50723549627468e-20 1.14251242652193e-09 1.08378048192048e-24 1.47234613461988e-21 1.78310724950666e-11 
1.25011235687878e-25 0 4.65234388868946e-09 2.27296667402959e-09 0.000472757732256081 4.87916938692338e-25 2.62589483575849e-35 2.09204262734099e-20 2.82619550958758e-13 2.26578600723241e-08 1.69772799351613e-11 4.64204320430238e-25 2.49827712510077e-35 1.99036998816618e-20 1.9558863123145e-34 6.01479285249422e-07 1.89914064840231e-08 9.98396128797859e-19 1.24294062401693e-14 2.58846745391113e-15 3.56253839896245e-13 6.90071111053849e-12 1.14399720618539e-34 1.87810769900485e-35 1.98920626873893e-20 2.88065276368759e-08 1.17142941429189e-11 2.96001455546993e-20 6.69132052014186e-14 0 3.55370547106281e-05 0 5.24925544039303e-08 2.0907002126383e-08 1.29619546890929e-34 3.20849925747099e-16 4.34015292293897e-17 1.16625123396427e-22 1.68608894775625e-23 4.26665747578424e-23 
1.46548451622393e-12 1.80074258636413e-21 2.1996813429261e-16 9.20998632349976e-12 6.65719852842911e-12 4.69636300913893e-13 6.40304592108161e-14 1.40654021779438e-16 5.22623542290931e-23 7.03507829854969e-21 1.01058329257711e-28 0 0 1.19803360586983e-20 5.39383877893491e-18 1.98056950848518e-23 4.71187277009171e-29 2.68671204900613e-22 1.2181047437311e-13 1.79294341796688e-28 5.44525708588866e-15 1.41837107556834e-13 9.57681506358609e-12 2.51211051319553e-12 0 6.04686942793214e-12 1.11681964368699e-12 0.00427489164123953 0 3.61556161518455e-14 9.64929787948118e-18 7.60772883360192e-22 4.43086489564072e-15 1.50130054214158e-15 2.24045758800411e-16 2.40098253692788e-15 1.31973196429205e-16 4.04648825119019e-17 2.18519809024595e-24 1.05143366091224e-20 
0 0 3.91824213741077e-15 8.91790663276012e-19 1.81552507635928e-14 0 1.66681616153e-14 7.09947535786744e-14 1.79811627763845e-11 1.19142029637189e-11 2.55215711595094e-16 2.12289577909426e-12 9.82419114750426e-14 5.26261183933393e-16 3.19911256078432e-16 1.03019970300282e-14 4.2322574544711e-17 6.04911507400818e-20 7.44761776811209e-35 2.55038563889126e-22 1.25747626318689e-12 2.25790902556742e-16 2.0880207642171e-21 6.84369474783718e-22 4.9343532917544e-34 2.07723056810581e-12 2.32883942575072e-32 6.54075956271135e-13 1.31581653903283e-24 1.84617977526856e-23 2.08796242484722e-33 7.41295904780063e-21 7.72696571180432e-24 1.8194711808324e-26 3.56895653369338e-23 1.33463344473727e-23 9.01499365393882e-27 8.70512513335634e-35 7.26329961459901e-28 0 
7.3034746814081e-34 0 6.68651973753238e-22 5.88043007730847e-19 9.89072409092652e-16 2.84871417907138e-12 1.44766882438305e-14 5.29452562446097e-32 0 1.72049811427565e-20 3.1765774110889e-20 8.83288065376902e-20 1.21141734193043e-23 3.83396632477243e-24 4.6977102893694e-36 1.05758824609458e-22 4.41199954533364e-36 3.79308080574851e-23 1.59656253279475e-23 1.81357950047138e-11 5.27845790641901e-16 6.07311549879456e-22 1.26758501119626e-26 1.44755136609727e-32 0 2.90900919699477e-27 1.26171132628619e-23 1.05659640839737e-23 6.28072973503255e-22 1.32815848877814e-13 2.08996199078974e-22 1.60982160344345e-23 1.72751308047211e-11 7.26421463406988e-13 7.32578867944319e-26 0 0 0 4.03857747671017e-27 4.17603923908174e-33 
7.51452247229049e-30 1.95198324932056e-34 0 5.77740236931721e-31 3.95360763788546e-18 4.41558199473065e-20 9.41266903454949e-18 5.54374363064746e-26 1.05322601276698e-25 4.18831582641752e-35 0 0 8.85585720225653e-16 4.35957797484412e-20 0 5.66857653346428e-23 3.87287916999548e-14 2.70472081116148e-18 5.94226042927482e-15 1.54274593470714e-14 2.76542041551054e-16 4.66561508164783e-23 3.57675391317707e-15 3.07119579255804e-16 7.28138287979089e-21 6.46450471629034e-15 9.85867126084629e-16 1.76558656846113e-14 1.80464271281276e-11 2.21265621674243e-06 1.14699126878954e-10 1.02158547872085e-25 2.23751491094259e-29 2.81300115699804e-34 0 0 5.67142607259827e-19 2.87937792532305e-24 1.35266779645275e-13 2.24851777501516e-12 
3.39231850960284e-25 2.12725384945089e-26 1.98235468482144e-28 4.95471129796504e-31 0 1.59977923787346e-13 3.91997937770559e-24 4.63747762198764e-24 0 2.71203807385898e-20 4.0407246374598e-19 9.43231980210958e-19 7.1661765653907e-33 0 2.32117418953962e-30 0 2.69002853295568e-13 3.01545527458151e-14 2.25855377546757e-12 6.66881068424467e-17 1.01996079248504e-13 7.0881835864325e-36 0 2.12344324664843e-11 8.79454403086182e-20 2.81041490487227e-16 2.31080456535494e-20 5.16564336728756e-21 0 0 1.12391347181584e-26 1.51558366800197e-14 1.29931128396881e-11 1.00938611366076e-25 0 2.41468017812449e-21 1.89655249722754e-13 8.78634785456234e-07 3.37769977755794e-12 3.14541415361118e-05 
9.03725130329728e-23 0 1.6152149871795e-07 5.2068532929042e-18 8.4514715568786e-23 1.23990403692419e-14 0 2.16787264258702e-35 0 0 1.32286273233086e-10 6.80142816077147e-14 0 0 0 1.32669756500432e-20 2.42559430862354e-15 0 0 0 4.44944805470437e-22 1.0998919581671e-15 3.93181482144168e-14 1.48170059479229e-19 2.09347744286619e-25 3.59549081399694e-13 0 0 8.9411292293871e-19 2.64394443463631e-17 5.07351037259618e-14 2.2440719964392e-10 8.96904815104451e-17 9.58879799369555e-13 1.91369001791994e-30 3.31795165122126e-25 0 1.02755250764148e-21 1.81357950047135e-11 0 
1.1631333928806e-33 3.30840344929844e-31 3.40248003111799e-26 7.04450121704875e-26 7.86514752998481e-26 0 0 1.89793117153356e-29 0 3.17549882522568e-35 1.72612583146794e-26 3.98537789551474e-35 7.7508260344459e-33 1.55613774137786e-30 4.15465530080344e-26 1.62141028496884e-35 7.57041828788845e-29 6.7716824383876e-28 0 0 3.64610387091233e-14 2.58882680192745e-18 5.68764250551015e-15 1.65688363326253e-14 2.57604366364342e-16 4.46569776119844e-23 5.81392897238308e-15 4.99215599845772e-16 1.18357150452288e-20 2.28274486841365e-13 9.43623708832413e-16 1.68993356456576e-14 1.78243866913249e-11 1.81357950047134e-11 0 0 0 3.21517515935548e-05 2.14737780059237e-11 0 
0 1.33685781137897e-10 8.34567061708411e-17 3.02281347136348e-15 1.37668136863739e-10 7.14967855601566e-19 5.48685952045544e-07 1.79674141076269e-11 2.69612966489244e-15 7.34971395957978e-23 5.08408954594089e-21 2.65294904682301e-16 6.33596257707843e-25 1.65419467359022e-13 4.26462078746571e-07 1.77650243743237e-16 5.50234118157119e-12 1.61096159076394e-14 1.74111734176472e-09 1.66521880471122e-11 5.5785845343033e-22 5.51656430050352e-18 2.62067287021603e-18 4.72558564059028e-16 1.18620395462412e-09 2.54643182901119e-14 3.87714896485035e-22 1.81977259285009e-18 6.66051935217512e-08 0 7.53899599064117e-11 6.10378900184831e-12 1.05464019221063e-24 1.22206597334394e-19 1.94855671415451e-05 9.52894045196913e-29 1.37588794604393e-08 4.25934051793045e-06 6.30929768075656e-29 3.18704324432684e-08 
6.77373440448354e-27 4.83641878711024e-26 8.18186046910172e-27 1.43203282206986e-09 1.27283274477381e-09 3.89055308297259e-13 2.02621024084038e-12 7.76203558596895e-16 3.12770809053885e-07 4.87444623378613e-20 4.23413645418653e-19 2.68488273023679e-06 0 1.12326582865997e-11 9.05532698164619e-12 8.49410078832e-15 1.66469403029736e-14 0 0 0.00364896169073901 1.14968910812628e-13 3.01480636647567e-09 2.57390794731925e-07 2.0665753707312e-08 2.05397812465289e-14 6.61482042872945e-13 1.25555375960243e-08 1.08466101933655e-16 2.74988003776806e-05 0 9.41087271810927e-21 7.29472470688897e-15 1.17637917399586e-11 6.36470853063736e-12 1.35607986903835e-12 0 0 1.01725301024331e-21 1.24253981988576e-16 4.12913502549702e-18 
1.79941787062626e-25 6.95648474428461e-14 1.84496366552286e-15 8.5370095298099e-14 2.72905649251653e-17 9.27616074047738e-27 6.29915109605185e-22 4.1277219303522e-31 1.34643125849987e-21 4.23218474677845e-32 1.46686378742316e-22 2.51296084051386e-32 0 0 0 0 3.30088675324064e-22 0 2.13528076760489e-13 7.17198219185483e-16 3.59430574688093e-24 1.92089638818442e-34 1.91561823503862e-13 3.4162326929219e-18 2.32164967106364e-25 3.59364056748401e-29 0 0 0 1.05118352170461e-13 0 0 0 1.61118506852223e-11 3.10737378406333e-24 2.66923160101388e-31 8.38498131622408e-28 6.61089761510976e-32 1.19966711081455e-22 6.83777342366164e-28 
3.8503118527973e-25 1.3045984660525e-25 9.26031680828838e-32 7.26826272805823e-28 9.75555907429803e-26 1.51821377704979e-27 6.74467513508934e-28 9.49006717228169e-26 0 0 4.99920226899767e-13 1.10969098393888e-32 0 7.92861854803821e-33 3.18619792145645e-20 1.5765610013522e-34 1.99988146099755e-26 4.59659427541701e-31 1.3312134176121e-15 0 3.8088559815182e-23 3.76712174218513e-24 2.26682663855537e-19 1.47597196814482e-20 1.48299988357095e-33 7.5692658309518e-16 1.13477364835347e-32 7.16938874058871e-34 3.03764685796261e-19 7.16891517336892e-25 1.42481723027095e-17 1.94657261236018e-28 1.60958838070601e-13 1.73992446348412e-11 3.56860098550796e-24 3.11640201926165e-24 4.72296037571855e-15 1.358955540541e-15 0 1.28319201555736e-23 
0 0 9.38454006953803e-22 0 0 0 0 5.12743461543968e-15 3.81922000821312e-30 5.56219356207579e-18 3.07290340185292e-31 7.56348505629095e-35 1.40655154668606e-30 4.6303530213756e-26 3.61796528841211e-19 0 3.72244200791608e-33 1.44885206742012e-32 4.32844383937764e-14 2.61335197172364e-15 1.22215496455189e-30 4.49569391437811e-31 7.21713942256631e-35 0 0 0 0 2.44846168665722e-27 8.93258146413584e-28 3.15392805354518e-25 1.28896274110851e-28 1.72450213893088e-21 5.28498435858589e-26 0 6.39485434474922e-12 6.9291592865922e-26 1.07184748830334e-16 0 2.02018918927806e-28 6.36114820090743e-26 
9.64996647136822e-23 2.49104023062653e-20 9.84731557677556e-28 1.57135115572721e-21 3.41360599233805e-35 1.33505142401452e-21 1.57286261498238e-15 1.76086489996108e-11 5.25573114574644e-13 9.30652555715114e-29 9.97510871574662e-29 7.27530857936985e-29 1.30708299648759e-17 6.32094166419652e-13 2.81982546389722e-19 9.42177784853916e-35 6.63095334797618e-18 1.01862980691443e-14 2.66604125774642e-15 5.26296193556643e-15 2.04224145226493e-12 1.40384391820976e-12 2.44643273259347e-13 3.66504844095987e-14 1.15822687121894e-15 3.46940325037561e-29 1.71316512614699e-22 8.76779693546051e-21 4.90088939676577e-31 1.13021629712302e-12 1.80814539399612e-14 3.01403225068744e-22 3.6811010681426e-24 1.45342792725689e-31 0 1.24631080716878e-11 1.38896487930824e-29 3.72471458527018e-15 1.41897651361883e-13 1.81357950047125e-11 
6.39830198681664e-35 1.79776672190932e-31 3.87070053713517e-29 1.01218130757076e-27 2.19295166772484e-27 0 0 0 0 1.26856710150195e-24 9.51090954182128e-29 1.36008778025387e-29 1.81357950047128e-11 3.36942853343638e-29 0 0 1.06511391629594e-26 3.16289383511207e-25 6.13677348260949e-25 2.29501024977821e-27 0 0 0 0 0 0 0 0 0 0 0 0 8.37277076777165e-32 0 3.26770292156225e-14 4.40228023631962e-33 8.5580633148966e-18 6.62148213824671e-22 2.51841779382939e-26 8.07202927062053e-32 
3.91713483014647e-15 4.54956230857478e-14 9.30299294707267e-19 1.08396145311124e-14 2.21288788756079e-33 1.01462027141877e-15 3.09579335342574e-29 7.01479214750945e-18 3.15838285649105e-27 2.74117848592538e-22 1.08527651853158e-24 0 0 1.24382882170433e-20 0 0 0 4.59987742494918e-28 0 3.8151322095893e-34 4.85729464151701e-36 3.80648252412967e-23 0 0 0 0 5.92251903309762e-15 6.88467357239928e-21 1.60813431326053e-18 1.34519533306119e-15 2.90136012219175e-14 2.94814976252664e-14 1.50558787863626e-26 0 0 0 0 9.24558390005792e-36 0 7.91729671819731e-23 
7.87196602748267e-35 0 0 0 2.411848772403e-22 6.36026439614634e-23 4.68907676414859e-36 3.48501498218175e-17 4.73007979020055e-32 1.51505396843618e-33 4.17471747183068e-23 0 1.85638491952752e-32 0 1.54667212304472e-30 1.97444321115057e-15 3.8476986273739e-14 3.62430756477654e-31 1.79355837579185e-11 4.45423814777922e-27 1.73080790379119e-11 9.96843399324928e-17 2.83728898809125e-15 2.14937068826855e-15 2.5780241110566e-16 8.22371820374457e-13 5.96023806873482e-20 4.68453395059392e-28 0 1.43675337405594e-23 2.52925152137244e-16 9.72097023387313e-05 1.67497808343704e-11 1.9660419561056e-19 8.72589291436059e-28 2.41388993173664e-25 0 2.6016154871419e-19 7.36029519091486e-20 4.75901385800249e-23 
3.95343659258128e-18 1.13776441739131e-05 5.62336311268675e-18 6.27146176201442e-07 1.67283104996528e-11 3.76217817563139e-14 2.61295924606088e-18 5.74066084245882e-15 1.15474568347426e-14 2.10004271300282e-16 4.50732699332007e-23 2.62120116493905e-15 2.25069785515163e-16 5.33611465222064e-21 3.04037576544617e-25 1.01795445904298e-34 6.92778842539521e-14 9.52420105504567e-16 1.70568655328872e-14 1.79905390418251e-11 4.19233191771357e-28 0 0 0 0 6.60289401497406e-28 0 4.20600438951725e-28 0 9.35551115173876e-29 0 3.72622439776474e-29 0 0 1.94178430774163e-27 5.25200954372934e-28 2.76689029126219e-29 0 0 0 
0 0 1.45154989015113e-30 0 0 0 4.75140000340869e-21 1.50152971679129e-22 1.52276862454156e-11 2.86780815425353e-12 4.03006001385934e-14 0 2.09772316681283e-24 2.39753422442299e-24 2.75604126131777e-26 0 2.69294485987986e-28 6.10745806097106e-06 2.22108534389262e-15 1.1444677953214e-10 2.72762723583131e-09 1.25816018809481e-09 1.37291650178022e-17 2.07185743630769e-15 3.25352344021059e-10 1.31595466363367e-16 4.85540419277035e-07 7.9719336950795e-20 8.4393569350956e-19 1.19885440146775e-25 3.7507413250351e-15 1.40938800522507e-15 0 0 1.15410394644866e-14 0 4.57168618627723e-22 1.81025442595872e-11 1.65495754173593e-14 6.37637857059448e-25 
2.44992164976774e-28 2.70562686115069e-25 2.47588284197671e-21 1.48413247463558e-19 5.51081777013059e-19 2.64112876135248e-18 4.77370592507038e-22 0 4.73387757872488e-32 0 0 0 0 0 0 0 2.00019312702514e-15 3.12443028627192e-14 1.40784510886545e-35 3.10321522856011e-32 1.4004054331633e-34 0 0 0 1.04288731207699e-19 4.02690364238764e-15 1.5554355511374e-14 1.79915237223372e-11 9.14378607449461e-14 5.77765347417795e-23 4.21843409221708e-18 0 0 9.40421771174828e-23 4.61099430915836e-25 3.50424571448078e-23 5.55750534325633e-30 1.02789551596755e-20 0 9.06506095635436e-25 
1.81335783899735e-11 1.67348752032592e-15 5.43116940090018e-16 4.49889799642081e-34 4.0113984990328e-29 4.13106002506254e-35 4.59857312789876e-17 6.5089588792175e-35 4.72425173750502e-30 8.56184974828841e-28 6.84484530180082e-27 6.6720992269945e-27 3.59695456884875e-29 1.20349843147933e-30 0 0 0 0 2.62985150454827e-13 7.13242182129061e-18 0 7.29369320425705e-16 8.99604842997721e-18 1.39660695628398e-24 5.02648217381405e-16 2.99420129952715e-16 5.55457089357476e-18 2.44792490317765e-20 9.69041632538001e-20 4.76948144466785e-36 4.11013273238656e-21 8.21796612578818e-19 9.11072428008849e-21 2.8351816655097e-17 7.43577836684247e-18 1.19056947304463e-19 2.93157900787401e-22 1.35045555863866e-22 1.08002997753335e-18 5.85131749427169e-16 
8.13375182364071e-27 2.91521356760239e-22 4.9625354933646e-19 8.35285471759454e-15 2.34325693570498e-26 0 1.31181226809253e-26 3.5548570026568e-34 1.12130973969654e-22 0 0 0 0 0 0 0 6.01569714266778e-23 4.61659393370835e-28 2.01400628847003e-28 2.21521849207166e-24 9.83862137290934e-29 1.74193070420496e-34 2.84694812016499e-15 1.85409319915446e-15 1.88168676495381e-19 1.00457089051301e-14 2.91523707848324e-34 2.00814423532958e-26 2.14446306443749e-32 7.89051975592394e-21 4.03964884814821e-23 0 0 0 0 1.2179002973439e-18 1.32901172432175e-21 8.50798086163917e-18 0 0 
7.68592823577965e-15 0 0 0 2.75614209195848e-35 0 0 2.85927943698707e-31 2.96592733388973e-32 7.14428189533935e-12 3.32817983709854e-20 3.57703174977962e-24 2.56501027211518e-15 9.59963284784253e-13 2.36912212785827e-13 3.29161638070564e-14 6.65453460616396e-17 5.30865046977243e-16 3.71499256397063e-34 1.74309895763858e-27 0 2.72190251840818e-23 1.39303964370611e-20 1.52832415470494e-31 1.27488771071458e-25 1.65024029207712e-33 0 4.21480888930728e-12 1.92999536616238e-13 8.9680439391063e-17 2.43634300661588e-21 4.76770877551845e-12 8.64212968914899e-25 1.72587821078815e-30 2.4705583213382e-14 5.5824651011713e-13 0 3.84303514071758e-27 0 0 
4.82948973291093e-35 1.21690422421319e-31 5.27529931900173e-30 4.12506570681743e-29 5.56824254195264e-28 5.03558061794648e-28 0 0 2.05051043050688e-25 7.56197765665398e-14 1.44974874125713e-24 0 0 3.78475215775921e-34 1.37331265378782e-22 0 6.1909329460191e-33 5.41832389155261e-35 0 0 8.91553624753332e-12 3.10727156721749e-07 4.93053266044694e-10 0.990721947369725 0 0 0 0 0 0 0 0 0 0 0 0 0 0 0 0 
0 0 0 0 0 0 0 0 0 0 0 0 0 0 0 0 0 0 0 0 0 0 0 0 0 0 0 0 0 0 0 0 0 0 1 0 0 0 0 0 
0 0 0 0 0 0 0 0 0 0 0 0 0 0 0 0 0 0 0 1 0 0 0 0 0 0 0 0 0 0 0 0 0 0 0 0 0 0 0 0 
0 0 1 0 1 0 0 0 0 0 0 0 0 0 0 0 0 0 0 0 0 0 0 0 0 0 0 0 0 0 0 0 0 0 0 0 0 0 0 0 
0 0 0 0 0 0 0 0 0 0 0 0 0 0 0 0 0 0 0 0 0 0 0 0 0 0 0 0 0 0 0 0 0 0 0 0 0 0 0 1 
0 0 0 0 0 0 0 0 0 0 0 0 0 0 0 0 1 0 0 0 0 0 0 0 0 0 0 0 0 0 0 0 0 0 0 0 0 0 0 0 
0 0 0 0 0 0 0 0 0 0 0 1 0 0 0 0 0 0 0 0 0 0 0 0 0 0 0 0 0 0 0 0 0 0 0 0 0 0 1 0 
0 0 0 0 0 0 0 0 0 0 1 0 0 0 0 1 0 0 0 0 0 0 0 0 0 0 0 1 0 0 0 0 0 1 0 0 0 0 0 0 
0 0 0 0 0 0 0 0 0 0 0 1 0 0 0 0 0 0 0 0 0 0 0 0 0 0 0 0 1 0 1 0 
<VL>
-25.038077791527 -34.8401585895426 -27.3245161508863 -27.9604799358899 -31.221733188667 -33.9238173406504 -47.9486796841146 -46.9570525528948 -28.9891712455862 -37.6806390224961 -52.5727004686918 -54.7552246294886 -26.7549678119471 -24.7813746701958 -44.9175864766122 -58.0116359673696 -72.8585609164755 -54.7552246294886 -54.7552246294886 -54.7552246294886 -54.7552246294886 -56.8513861382714 -41.4136699591372 -37.9833976598578 -40.1216427755313 -44.918253613334 -55.165553870434 -60.8013620162364 -77.7251399491098 -48.7208358376457 -56.175046736945 -65.7346374507364 -54.7552246294886 -54.7552246294886 -61.1689697781405 -49.7026774518633 -54.7552246294886 -54.7552246294886 -48.5917776240444 -28.481889954949 
-54.7552246294886 -54.7552246294886 -54.7552246294886 -46.5587661463446 -41.200046183242 -38.4860927667224 -38.8496075191988 -41.9498420339058 -48.0083296572162 -55.7910680354146 -31.6551135180516 -24.3579144623085 -19.9745040256724 -54.7552246294886 -66.5711187037783 -54.7552246294886 -38.6555569991869 -25.7737352904146 -28.4117428603332 -41.2556248290706 -48.3988711397659 -46.9521774278685 -39.2158399417094 -30.9011237143506 -39.1298261357479 -48.5778869796242 -33.000361209086 -41.7131686468998 -52.8449000315334 -34.0826242671001 -35.9848610000493 -33.6130779667948 -36.5141124440731 -37.6962767900992 -48.6591757145376 -68.2079060492487 -54.4305153751305 -45.9517268518858 -54.7552246294886 -54.7552246294886 
-54.7552246294886 -54.7552246294886 -54.7552246294886 -54.7552246294886 -33.1233128912367 -41.5112351459451 -31.5899961921294 -54.7552246294886 -54.7552246294886 -42.3431684632991 -55.886229249366 -70.8030980094367 -54.7552246294886 -31.6754556001364 -30.2263500280058 -24.7421358716017 -16.2195618681249 -7.62696588275684 -9.03396425971388 -62.7799535608446 -36.2256300574057 -44.7974969475405 -57.9515096469682 -69.2791638164204 -54.7552246294886 -24.8299120284162 -27.3898647204251 -17.6387294610426 -39.5178533893628 -29.2338718249089 -25.9056576840741 -26.7148047754073 -44.6947361868202 -40.2664883754335 -27.9419636674136 -44.3456390874361 -20.5900361166137 -55.1815868568005 -47.9674298144092 -24.750078534709 
-57.3413938920734 -54.7552246294886 -19.18589468226 -19.9021799538511 -7.65692749465025 -55.9796523270707 -79.625056527025 -45.3135609375278 -28.894674744609 -17.6027590221553 -24.799145140153 -56.0294727097819 -79.6748769104501 -45.3633813147246 -77.6170497144127 -14.3238737406128 -17.7792792504087 -41.4481368326733 -32.0187112588179 -33.5877104109693 -28.6631328847298 -25.6993966501373 -78.1533647109886 -79.9602135279369 -45.3639661606405 -17.3626638214285 -25.1702112982024 -44.9665076741685 -30.3353800600886 -54.7552246294886 -10.2449346111922 -54.7552246294886 -16.7625944982839 -17.6831817041152 -78.0284597504647 -35.6755581811219 -37.676036997707 -50.5030775146286 -52.4370455239987 -51.508626410721 
-27.24883520034 -47.7660878250673 -36.0530489821559 -25.4107327506245 -25.7353223612477 -28.3868178276087 -30.3794174995985 -36.5002285451287 -51.3057659243848 -46.4033781325127 -64.461854922276 -54.7552246294886 -54.7552246294886 -45.8710203089368 -39.7612743385847 -52.2760727049663 -65.2248822520965 -49.6685538864716 -29.7363100468372 -63.8885239668935 -32.8440314246011 -29.584097125648 -25.37167603605 -26.7098978741838 -54.7552246294886 -25.8314804277378 -27.520536073796 -5.45499652399313 -54.7552246294886 -30.950944101475 -39.179646519792 -48.6277073635322 -33.0501815938734 -34.1324446343599 -36.0346813625412 -33.6628983509476 -36.5639328292799 -37.7460971743992 -54.4803357482674 -46.0015472356656 
-54.7552246294886 -54.7552246294886 -33.173133276019 -41.5610555302632 -31.6398165777689 -54.7552246294886 -31.7252759852552 -30.2761704138577 -24.7416964184319 -25.1532899011345 -35.9044225585058 -26.8782400257482 -29.951343473504 -35.1807340369921 -35.6784880413156 -32.2064386320581 -37.7012110530157 -44.2517898672955 -78.5825840362046 -49.7206274671952 -27.4019143693083 -36.0269223128173 -47.6180703383556 -48.7335442922602 -76.6916715427365 -26.8999855670341 -72.8373529328613 -28.05555290911 -54.9875848167019 -52.3463386211381 -75.2491193947079 -46.3510572615916 -53.217325980368 -59.2686665189594 -51.6871838732767 -52.6708004579435 -59.9709083581289 -78.4265663067918 -62.4895483858779 -54.7552246294886 
-76.299542943133 -54.7552246294886 -48.7567785256945 -41.9774868652517 -34.5497641304985 -26.5841533886918 -31.8662367465544 -72.0160495901064 -54.7552246294886 -45.5090880096589 -44.8958975285214 -43.8732206636131 -52.7676661077904 -53.9181423705867 -81.3459881302513 -50.6008809695687 -81.4087353494466 -51.6262785724685 -52.4916042377792 -24.7331335060121 -35.1777274960235 -48.853000310726 -59.6300988936338 -73.3128495598965 -54.7552246294886 -61.1019849697654 -52.7269881439476 -52.9044043323282 -48.8193858722936 -29.6498128210298 -49.9197261662827 -52.4833337713207 -24.7817531743949 -27.9506460204183 -57.8758115991894 -54.7552246294886 -54.7552246294886 -54.7552246294886 -60.7739049905966 -74.5559448219355 
-67.0607153119101 -77.6190472551342 -54.7552246294886 -69.6261837182224 -40.0719031857613 -44.5665622123767 -39.2044751224102 -58.154542399695 -57.5127694777249 -79.1581795523971 -54.7552246294886 -54.7552246294886 -34.6602824170348 -44.5793266019654 -54.7552246294886 -51.2245191049414 -30.8821930999096 -40.451532979061 -32.7566867902755 -31.8026273987961 -35.8241688154795 -51.4192374629556 -33.2643207339875 -35.719294493168 -46.3689661526905 -32.6724499956308 -34.5530100889345 -31.6677083333362 -24.738073393783 -13.0213168561196 -22.8887087040371 -57.5432715134673 -65.9696018615742 -77.253641220986 -54.7552246294886 -54.7552246294886 -42.0136761688489 -54.2044679591919 -29.6315274209587 -26.8207498834542 
-56.3431137110932 -59.112380542509 -63.788097230948 -69.779798981521 -54.7552246294886 -29.4637405655256 -53.895955838858 -53.7278716293826 -54.7552246294886 -45.0540014508678 -42.35269272529 -41.5049746981505 -74.015935810901 -54.7552246294886 -68.2354796159959 -54.7552246294886 -28.9440544083184 -31.1324404799594 -26.8162964298415 -37.2465050450792 -29.9138420211054 -80.9346342337979 -54.7552246294886 -24.5753970788457 -43.877570327167 -35.8080293624792 -45.214106099298 -46.7122572951783 -54.7552246294886 -54.7552246294886 -59.7503956517072 -31.8203906777414 -25.0666016804133 -57.555284987045 -54.7552246294886 -47.4727201059587 -29.2935684460476 -13.9448965142738 -26.4138261772896 -10.3669798971249 
-50.7581020700642 -54.7552246294886 -15.6386275841467 -39.7965559750842 -50.8251165639131 -32.0211573148717 -54.7552246294886 -79.8167319171339 -54.7552246294886 -54.7552246294886 -22.7460528050425 -30.3190586881436 -54.7552246294886 -54.7552246294886 -54.7552246294886 -45.7690090393196 -33.6526998248263 -54.7552246294886 -54.7552246294886 -54.7552246294886 -49.1640919900342 -34.4435644397783 -30.8670901959997 -43.3559262882288 -56.8258007932751 -28.6539257002265 -54.7552246294886 -54.7552246294886 -41.5584548736662 -38.1716746747745 -30.6121583427161 -22.21755885882 -36.9501670251694 -27.673010667435 -68.4285194650165 -56.3652797048523 -54.7552246294886 -48.3271071844649 -24.7331335060121 -54.7552246294886 
-75.8341905046124 -70.1836721513923 -58.6427078312042 -57.9149650745682 -57.8047711237251 -54.7552246294886 -54.7552246294886 -66.1342032609781 -54.7552246294886 -79.4350135244802 -59.3213329243257 -79.2078461175562 -73.9375086460282 -68.6353458452467 -58.4429829530746 -80.1071819379759 -64.7507193749087 -62.5596330339892 -54.7552246294886 -54.7552246294886 -30.9425321370609 -40.4953268730331 -32.8004805550336 -31.7312527932994 -35.8951067296341 -51.4630316632393 -32.778519809501 -35.2334936076348 -45.8831652938863 -29.1082276003952 -34.5968042007398 -31.7115020846622 -24.7504535574389 -24.7331335060121 -54.7552246294886 -54.7552246294886 -54.7552246294886 -10.3450436268501 -24.5641885527775 -54.7552246294886 
-54.7552246294886 -22.7355289864821 -37.0222036654699 -33.4325883841717 -22.706175132295 -41.7820493683922 -14.415739595459 -24.7424613260093 -33.5469591077307 -50.9647957434596 -46.7281709864179 -35.865689618805 -55.7183855767519 -29.4302919205831 -14.6677423866369 -36.2667149793849 -25.9258474448851 -31.7593600398658 -20.1687387793709 -24.8184794938952 -48.9379369693425 -39.73877641671 -40.4831005683995 -35.2883699895411 -20.55250758267 -31.3014982053973 -49.3017719652074 -40.8478201295944 -16.5244832816333 -54.7552246294886 -23.3083470075208 -25.8221113897378 -55.2088425731372 -43.5485739195883 -10.8458365130257 -64.5206341656183 -18.1015814423183 -12.3663962176645 -64.932943329043 -17.2615871396331 
-60.2567449652897 -58.2910378910111 -60.0678779448749 -20.3641708482308 -20.4820209126694 -28.5750548806862 -26.9248539440938 -34.7921168703294 -14.977795154069 -44.4676953549528 -42.3059373664964 -12.8278735068467 -54.7552246294886 -25.212195662225 -25.4276679146271 -32.3994044972647 -31.7265499609584 -54.7552246294886 -54.7552246294886 -5.6133126201472 -29.7941146438558 -19.6197302322208 -15.1726703049261 -17.6947879169978 -31.5164128405873 -28.0442935577968 -18.1931040259765 -36.7600939743016 -10.501368176873 -54.7552246294886 -46.1124212598896 -32.5516249508805 -25.1659947985592 -25.7802526774834 -27.3264230276741 -54.7552246294886 -54.7552246294886 -48.3371810857825 -36.6242039612318 -40.0284637257805 
-56.9771641174634 -30.2965170206352 -33.9263168110957 -30.0917805275942 -38.1399906385746 -59.9423497629547 -48.8164571682091 -69.9624122187384 -48.0568293728954 -72.2400046274855 -50.273745402128 -72.7612613001335 -54.7552246294886 -54.7552246294886 -54.7552246294886 -54.7552246294886 -49.4626809003902 -54.7552246294886 -29.1750080638134 -34.8711794151746 -53.9826913756392 -77.6351012158612 -29.2835658002507 -40.2179932817496 -56.7223493267463 -65.4958019225145 -54.7552246294886 -54.7552246294886 -54.7552246294886 -29.8836895159968 -54.7552246294886 -54.7552246294886 -54.7552246294886 -24.8514660472978 -54.1282643048317 -70.3983472417052 -62.3459404367986 -71.7940035346284 -50.4748279352142 -62.5499204480494 
-56.2164731791053 -57.2987320202711 -71.4569847151785 -62.4888653053481 -57.5893751338493 -61.7522630136851 -62.5636292791453 -57.6169667270312 -54.7552246294886 -54.7552246294886 -28.3243278554178 -73.5786413920916 -54.7552246294886 -73.9148292541283 -44.8928735280826 -77.8326472683775 -59.174124508543 -69.8548222284426 -34.2526855245407 -54.7552246294886 -51.6221282621318 -53.9357309855953 -42.93073587003 -45.6623851256548 -75.5912410841568 -34.8172654091808 -73.5562897735281 -76.3180727631788 -42.6380336110885 -55.5948729824721 -38.7899030348631 -63.8063124123969 -29.4576277267716 -24.7745943224411 -53.989868593681 -54.1253630944359 -32.9863405936744 -34.2320599751105 -54.7552246294886 -52.7101064030424 
-54.7552246294886 -54.7552246294886 -48.4178083840066 -54.7552246294886 -54.7552246294886 -54.7552246294886 -54.7552246294886 -32.9041709357702 -67.7375065743834 -39.7305391178819 -70.2575150346379 -78.5671461845398 -68.7364117926393 -58.3345793061363 -42.4632049740969 -54.7552246294886 -74.6709281621491 -73.3119514105605 -30.7709832149424 -33.5781427172048 -68.8769371248764 -69.8770178520838 -78.6140195822562 -54.7552246294886 -54.7552246294886 -54.7552246294886 -54.7552246294886 -61.2743375664807 -62.282677172989 -56.4159786477483 -64.2185447855628 -47.8093485591615 -58.2023427581138 -54.7552246294886 -25.7755274575841 -57.9314739270687 -36.771977703751 -54.7552246294886 -63.7691914387474 -58.0170035220537 
-50.6925026979878 -45.1390014733393 -62.185183716069 -47.9023510948827 -79.3627090464708 -48.0653171419035 -34.0858791141388 -24.7626309141595 -28.2742870809233 -64.5442518699134 -64.4748748352891 -64.7904814682611 -38.8761486467521 -28.0897380143634 -42.7124417760873 -78.3474544527434 -39.554783086974 -32.2177329042469 -33.5581816977501 -32.8780824210246 -26.9169731601474 -27.291806985871 -29.0389752729169 -30.9373497494867 -34.391886118525 -65.5309850916129 -50.1185294352901 -46.1832013826706 -69.7907211846257 -27.5086120881383 -31.6438896261467 -49.5535932454275 -53.958830321129 -71.0062130286786 -54.7552246294886 -25.1082481897195 -66.4464089182501 -33.2237861674187 -29.5836703622426 -24.7331335060121 
-78.734445614188 -70.7935926982816 -65.4215321888197 -62.1576897983422 -61.3845490809875 -54.7552246294886 -54.7552246294886 -54.7552246294886 -54.7552246294886 -55.0241542348923 -64.5225281842732 -66.4674184548579 -24.7331335060121 -65.5602245414904 -54.7552246294886 -54.7552246294886 -59.8041306607458 -56.4131399457093 -55.7503282122428 -61.3390602012024 -54.7552246294886 -54.7552246294886 -54.7552246294886 -54.7552246294886 -54.7552246294886 -54.7552246294886 -54.7552246294886 -54.7552246294886 -54.7552246294886 -54.7552246294886 -54.7552246294886 -54.7552246294886 -71.5577381105122 -54.7552246294886 -31.0521040343257 -74.5031854265898 -39.2996577575969 -48.7665528130266 -58.9435815730997 -71.5943180665729 
-33.1734159190307 -30.7211602694985 -41.5187805962355 -32.1555689593919 -75.191009669858 -34.5242619692449 -65.644923489637 -39.498510590498 -61.0197373685063 -49.6484841135851 -55.1802074215454 -54.7552246294886 -54.7552246294886 -45.8335074781637 -54.7552246294886 -54.7552246294886 -54.7552246294886 -62.9463529474434 -54.7552246294886 -76.9489178424613 -81.312581722989 -51.6227515981696 -54.7552246294886 -54.7552246294886 -54.7552246294886 -54.7552246294886 -32.7600145241719 -46.4249892332345 -40.9714569784772 -34.2422371633598 -31.1710116672216 -31.1550135274801 -59.4580289788813 -54.7552246294886 -54.7552246294886 -54.7552246294886 -54.7552246294886 -80.6689173264707 -54.7552246294886 -50.8904073147608 
-78.5271704106655 -54.7552246294886 -54.7552246294886 -54.7552246294886 -49.7764784669784 -51.109387190654 -81.3478276366993 -37.8954742376477 -72.1287809044837 -75.5698570077465 -51.5304104542678 -54.7552246294886 -73.0640919709614 -54.7552246294886 -68.6414471844269 -33.8584899547088 -30.8887160914698 -70.0924746293681 -24.7442344569422 -60.6759414751399 -24.7798477270226 -36.8445230811529 -33.4959273802988 -33.7736012987479 -35.8943382308106 -27.8265837659057 -44.2665914351828 -62.9281161700187 -54.7552246294886 -52.5970711720655 -35.9134380702898 -9.23864003317969 -24.8126359422583 -43.0730944045424 -62.3060878012263 -56.6833877990162 -54.7552246294886 -42.7929841736035 -44.0556018204832 -51.3994166647715 
-40.0719464497925 -11.3838601652912 -39.7196017703407 -14.282086187598 -24.8139185923023 -30.9111932102159 -40.4860482840849 -32.7912020618579 -32.0923111696559 -36.099403803857 -51.4537528454633 -33.5751437222979 -36.0301211619322 -46.6797891579444 -56.4526462100171 -78.2700979803841 -30.3006506701824 -34.5875254491453 -31.7022236016806 -24.7411751050006 -63.0391254811051 -54.7552246294886 -54.7552246294886 -54.7552246294886 -54.7552246294886 -62.584874563791 -54.7552246294886 -63.0358694829211 -54.7552246294886 -64.5390020991777 -54.7552246294886 -65.4595722016184 -54.7552246294886 -54.7552246294886 -61.5061902142128 -62.8137718302334 -65.7572436457922 -54.7552246294886 -54.7552246294886 -54.7552246294886 
-54.7552246294886 -54.7552246294886 -68.7049209144854 -54.7552246294886 -54.7552246294886 -54.7552246294886 -46.7958476406953 -50.2503876462208 -24.9079058814152 -26.5774730872509 -30.8424100342924 -54.7552246294886 -54.5211896815841 -54.3876014291374 -58.8534170933553 -54.7552246294886 -63.4817472655644 -12.0059999006459 -33.7407804248507 -22.8909112085703 -19.7198337500587 -20.4936153512462 -38.8270092703976 -33.8103308777514 -21.8461123853998 -36.5667991057214 -14.5380032997925 -43.9757747747903 -41.616210653706 -57.383260889484 -33.2168228877898 -34.1956208235902 -54.7552246294886 -54.7552246294886 -32.092867062975 -54.7552246294886 -49.1369899404642 -24.7349686207073 -31.7324159479569 -55.7120270108168 
-63.5763265594746 -56.5692936977553 -47.447689916629 -43.3542863575035 -42.0424037391029 -40.4753252869944 -49.0937491191227 -54.7552246294886 -72.1279783250595 -54.7552246294886 -54.7552246294886 -54.7552246294886 -54.7552246294886 -54.7552246294886 -54.7552246294886 -54.7552246294886 -33.8455326555001 -31.0969393437415 -80.2484180110151 -72.5502842313048 -77.9511313719843 -54.7552246294886 -54.7552246294886 -54.7552246294886 -43.7071236388174 -33.1457786412175 -31.7944356983109 -24.7411203732572 -30.0231167708756 -51.2054595119339 -40.0070676829027 -54.7552246294886 -54.7552246294886 -50.7182988574804 -56.0361838058155 -51.7054818442518 -67.362403461516 -46.0241883361773 -54.7552246294886 -55.3601997563035 
-24.7332557366731 -34.023866610499 -35.1492070178636 -76.7840606846959 -65.385827763433 -79.1719442160873 -37.6182005151097 -78.7172987377482 -67.5248436038491 -62.3250663449344 -60.2463016525294 -60.2718629737419 -65.4948801624831 -68.8923201148805 -54.7552246294886 -54.7552246294886 -54.7552246294886 -54.7552246294886 -28.9666788264759 -39.48188083076 -54.7552246294886 -34.8543514577879 -39.249746256309 -54.927996539569 -35.2266411174887 -35.7446839698564 -39.7319105006662 -45.1564611725079 -43.7805644704657 -81.3308257606046 -46.9408316299037 -41.6427940183874 -46.1448347409117 -38.1018405662272 -39.4402284099051 -43.5746850254544 -49.581330857463 -50.3564300594989 -41.3695428761666 -35.0746946393215 
-60.0737752148056 -49.5869289637066 -42.1471999685839 -32.4161730321297 -59.0156706033396 -54.7552246294886 -59.5958028259055 -77.0195783236392 -50.5423746333465 -54.7552246294886 -54.7552246294886 -54.7552246294886 -54.7552246294886 -54.7552246294886 -54.7552246294886 -54.7552246294886 -51.1650848954595 -62.9427254144235 -63.7722566871634 -54.466691191206 -64.4886520999578 -77.7328990636045 -33.4925288094134 -33.9213806597994 -43.1169481769012 -32.2316308261991 -77.2179420147763 -59.170001388252 -72.9198337743742 -46.2886249449113 -51.5632993694428 -54.7552246294886 -54.7552246294886 -54.7552246294886 -54.7552246294886 -41.2494033656372 -48.0698513512702 -39.3055270260121 -54.7552246294886 -54.7552246294886 
-32.4993852398166 -54.7552246294886 -54.7552246294886 -54.7552246294886 -79.5766463456548 -54.7552246294886 -54.7552246294886 -70.3295682348366 -72.5955332320939 -25.6647088140988 -44.8492763007922 -53.987508895528 -33.5968139115727 -27.6718813561966 -29.0710867325807 -31.0448125566619 -37.2486480629525 -35.1720238337709 -76.9755164852528 -61.6141329715936 -54.7552246294886 -51.9581260477629 -45.7202137062591 -70.9559660714388 -57.3217692201469 -75.4843871599324 -54.7552246294886 -26.1924168661178 -29.2760886069608 -36.9502789955974 -47.4637888056261 -26.069155266991 -55.4079782806096 -68.5318167611861 -31.3317471357926 -28.2139757556795 -54.7552246294886 -60.8235350552136 -54.7552246294886 -54.7552246294886 
-79.015737438068 -71.1838277701705 -67.4145173691303 -65.3578857482421 -62.7553031217727 -62.8558537679365 -54.7552246294886 -54.7552246294886 -56.8465385722027 -30.2130585511396 -54.8906519723313 -54.7552246294886 -54.7552246294886 -76.9569127571685 -50.3396462292105 -54.7552246294886 -74.1622222752055 -78.9006917322672 -54.7552246294886 -54.7552246294886 -25.443225715269 -14.9843506194048 -21.4304039030069 -0.00932136185222514 0 0 0 0 0 0 0 0 0 0 0 0 0 0 0 0 
0 0 0 0 0 0 0 0 0 0 0 0 0 0 0 0 0 0 0 0 0 0 0 0 0 0 0 0 0 0 0 0 0 0 0 0 0 0 0 0 
0 0 0 0 0 0 0 0 0 0 0 0 0 0 0 0 0 0 0 0 0 0 0 0 0 0 0 0 0 0 0 0 0 0 0 0 0 0 0 0 
0 0 0 0 0 0 0 0 0 0 0 0 0 0 0 0 0 0 0 0 0 0 0 0 0 0 0 0 0 0 0 0 0 0 0 0 0 0 0 0 
0 0 0 0 0 0 0 0 0 0 0 0 0 0 0 0 0 0 0 0 0 0 0 0 0 0 0 0 0 0 0 0 0 0 0 0 0 0 0 0 
0 0 0 0 0 0 0 0 0 0 0 0 0 0 0 0 0 0 0 0 0 0 0 0 0 0 0 0 0 0 0 0 0 0 0 0 0 0 0 0 
0 0 0 0 0 0 0 0 0 0 0 0 0 0 0 0 0 0 0 0 0 0 0 0 0 0 0 0 0 0 0 0 0 0 0 0 0 0 0 0 
0 0 0 0 0 0 0 0 0 0 0 0 0 0 0 0 0 0 0 0 0 0 0 0 0 0 0 0 0 0 0 0 0 0 0 0 0 0 0 0 
0 0 0 0 0 0 0 0 0 0 0 0 0 0 0 0 0 0 0 0 0 0 0 0 0 0 0 0 0 0 0 0 
<Gamma>
0.0402644973419291 1.00932122718253 0.259501678925246 0.259501678925246 0.759467537029849 1.00932122718253 0.259501678925246 1.00932122718253 0.259501678925246 0.710831515113397 0.750826471951798 0.259501678925246 0.759467537029849 1.00932122718253 0.680150437327926 1.00932122718253 0.66432784894926 0.198557666123705 0.0269489599256013 0.757929110073672 0.239699343619546 0.66432784894926 1.00932122718253 0.66432784894926 0.198557666123705 0.0269489599256013 1.00932122718253 0.66432784894926 0.71293515039805 1.00932122718253 1.00932122718253 0.66432784894926 0.198557666123705 0.0269489599256013 0.66432784894926 1.00932122718253 0.696349879248704 0.218160816998713 0.64582586089217 1.00932122718253 
0.198557666123705 0.66432784894926 0.66432784894926 0.0346937756054389 0.226078821826432 0.699167190181 1.00932122718253 0.66432784894926 0.198557666123705 0.0269489599256013 0.699167190181 1.00932122718253 0.66432784894926 7.83525576838858e-09 0.00222569793284321 6.92746854353783e-05 0.226078821826432 1.00932122718253 0.66432784894926 1.00932122718253 0.66432784894926 0.699167190181 0.226078821826432 0.0328321593370342 0.63676900767544 0.025952904725744 0.683911951552544 1.00932122718253 0.0269489599256013 0.226078821826432 0.699167190181 0.226078821826432 0.699167190181 0.227329130380734 0.759467537029849 0.66432784894926 0.226078821826432 0.699167190181 0.699167190181 0.226078821826432 
0.714762710635579 0.0247594461114393 4.07436596617677e-05 0.624890465056301 0.586049453199647 1.00932122718253 0.20358738266268 0.676956055003432 1.00932122718253 0.710831515113397 0.616127207388962 0.025952904725744 0.226078821826432 0.66432784894926 0.699167190181 0.262379917204774 0.0269489599256013 1.00932122718253 0.66432784894926 0.680150437327926 0.680150437327926 0.680150437327926 0.680150437327926 0.680150437327926 0.208128572432776 1.00932122718253 0.658102362134736 0.216320753419956 0.680150437327926 1.00932122718253 0.699167190181 0.699167190181 0.699167190181 1.00932122718253 0.699167190181 0.66432784894926 1.00932122718253 1.00932122718253 0.198557666123705 0.696349879248704 
1.00932122718253 0.70293717818727 1.00932122718253 0.200435973260754 0.224835388112278 0.0339367862882355 0.0289207517970412 0.213947769784418 0.680150437327926 1.00932122718253 0.689824309983082 0.0339367862882355 0.0289207517970412 0.213947769784418 1.00932122718253 0.718715644359586 0.699167190181 0.699167190181 1.00932122718253 0.699167190181 1.00932122718253 1.00932122718253 0.00181486108647692 0.186392087427728 0.654392781656843 0.699167190181 1.00932122718253 0.193938546176981 0.66432784894926 0.00181486108647692 1.00932122718253 1.00932122718253 0.699167190181 1.00932122718253 0.00181486108647692 1.00932122718253 0.198557666123705 0.219929669726203 0.00227534400937449 1.00932122718253 
0.236277068475151 0.198557666123705 1.00932122718253 0.726687216790369 1.00932122718253 0.655011530978442 0.198557666123705 0.759467537029849 0.759467537029849 1.00932122718253 1.00932122718253 0.66432784894926 0.198557666123705 0.759467537029849 1.00932122718253 0.66432784894926 0.22867663731715 0.0393859595114825 0.695321771463291 0.66432784894926 0.218160816998713 1.00932122718253 0.033196314393722 0.226078821826432 0.226078821826432 0.699167190181 0.0279043136019255 0.686873877230658 0.680957247912489 0.0328321593370342 0.63676900767544 0.025952904725744 0.683911951552544 0.226078821826432 0.699167190181 0.226078821826432 0.699167190181 0.227329130380734 0.226078821826432 0.699167190181 
0.699167190181 0.226078821826432 0.586049453199647 1.00932122718253 0.20358738266268 0.226078821826432 0.66432784894926 0.699167190181 0.262379917204774 0.227329130380734 1.00932122718253 0.680150437327926 1.00932122718253 0.680150437327926 0.208128572432776 0.680150437327926 0.680150437327926 1.00932122718253 1.00932122718253 0.680150437327926 1.00932122718253 0.680150437327926 0.208128572432776 0.0289207517970412 0.00182489802156926 0.680150437327926 1.00932122718253 1.00932122718253 0.208128572432776 0.0341244711879694 0.208128572432776 0.680150437327926 0.208128572432776 0.680150437327926 0.208128572432776 0.680150437327926 1.00932122718253 0.208128572432776 0.680150437327926 0.208128572432776 
0.208128572432776 0.680150437327926 0.680150437327926 0.208128572432776 0.680150437327926 1.00932122718253 0.680150437327926 0.00182489802156926 5.22900156217277e-05 0.208128572432776 0.0289207517970412 1.00932122718253 1.00932122718253 0.680150437327926 0.208128572432776 0.208128572432776 0.00182489802156926 0.0289207517970412 0.680150437327926 0.699167190181 0.722690439443725 0.248301004112988 0.680150437327926 1.00932122718253 0.680150437327926 0.244255786640318 1.00932122718253 0.71293515039805 0.198557666123705 1.00932122718253 0.802530105889437 1.00932122718253 0.66432784894926 0.198557666123705 0.876566196287782 1.00932122718253 0.66746264258745 0.20617817748026 1.00932122718253 0.718715644359586 
1.00932122718253 0.202332048370777 0.682395469565213 0.66432784894926 1.00932122718253 1.00932122718253 0.66432784894926 0.821079417385231 0.227602638131958 0.244226530924735 0.0389539059551371 0.24967421454797 1.00932122718253 0.626147723245251 0.198557666123705 1.00932122718253 0.0333799036194729 0.392101005723054 0.699167190181 0.226078821826432 0.699167190181 0.226078821826432 0.699167190181 1.00932122718253 0.66432784894926 0.226078821826432 0.754369431847673 0.699167190181 0.262379917204774 0.686584493522076 0.228586355532424 0.0439790313675762 0.208128572432776 0.680150437327926 0.0269489599256013 0.00166091921116474 0.203286801332281 0.025952904725744 1.00932122718253 0.742896593382315 
0.296227413290079 0.906057963506514 1.00932122718253 0.66432784894926 0.680150437327926 0.699167190181 0.268232527781562 0.718715644359586 1.00932122718253 0.699167190181 1.00932122718253 0.699167190181 0.286585343426578 1.00932122718253 0.699167190181 0.699167190181 1.00932122718253 0.862182261445222 1.00932122718253 0.66432784894926 0.66432784894926 0.00316781465276313 9.0769498197648e-05 0.699167190181 0.241547430490247 1.00932122718253 1.00932122718253 1.00932122718253 0.759467537029849 0.272707497141055 0.761505580177444 0.198557666123705 1.00932122718253 0.848034358498976 0.759467537029849 0.212771057304063 1.00932122718253 0.676956055003432 1.00932122718253 0.198557666123705 
0.680150437327926 1.00932122718253 0.680150437327926 0.66432784894926 1.00932122718253 0.204246059885949 1.00932122718253 0.680150437327926 0.680150437327926 0.208128572432776 1.00932122718253 0.64582586089217 0.198557666123705 0.0269489599256013 1.00932122718253 1.00932122718253 0.66432784894926 7.83583407857972e-07 5.88208621430498e-05 4.74012964576406e-09 1.00932122718253 0.658102362134736 0.655011530978442 1.00932122718253 0.0269489599256013 0.193938546176981 1.00932122718253 0.66432784894926 1.00932122718253 0.706254158161674 0.66432784894926 0.676956055003432 1.00932122718253 0.66432784894926 1.00932122718253 0.66432784894926 0.676956055003432 0.670612227929042 1.00932122718253 0.251055015295763 
1.00932122718253 0.738810667552606 1.00932122718253 0.696349879248704 0.21611640843808 0.759467537029849 1.00932122718253 1.00932122718253 0.218720057252629 0.633092591785138 1.00932122718253 0.66432784894926 0.703033874219858 0.66432784894926 1.00932122718253 0.66432784894926 0.198557666123705 0.706254158161674 0.198557666123705 1.00932122718253 0.0339367862882355 0.392101005723054 0.699167190181 0.229850533664928 0.699167190181 0.226078821826432 0.699167190181 1.00932122718253 0.66432784894926 0.226078821826432 0.754369431847673 0.699167190181 0.262379917204774 0.706254158161674 1.00932122718253 0.66432784894926 0.661207779288872 0.680150437327926 0.66432784894926 0.198557666123705 
0.0269489599256013 1.00932122718253 1.00932122718253 0.66432784894926 1.00932122718253 0.198557666123705 0.66432784894926 0.718715644359586 1.00932122718253 1.00932122718253 0.66432784894926 1.00932122718253 0.198557666123705 0.66432784894926 0.23112170133172 0.680150437327926 1.00932122718253 0.689824309983082 0.672689360052784 0.699167190181 0.699167190181 1.00932122718253 0.699167190181 1.00932122718253 0.699167190181 1.00932122718253 0.193938546176981 0.66432784894926 1.00932122718253 1.00932122718253 0.699167190181 1.00932122718253 1.00932122718253 0.198557666123705 0.256655009939696 0.0402644973419291 1.00932122718253 0.848034358498976 0.259501678925246 0.772137864472409 
0.259501678925246 0.759467537029849 1.00932122718253 0.759467537029849 1.00932122718253 0.759467537029849 0.66432784894926 0.198557666123705 0.759467537029849 0.259501678925246 0.759467537029849 1.00932122718253 1.00932122718253 0.212084887645293 1.00932122718253 1.00932122718253 0.676409611423244 0.66746264258745 0.66746264258745 0.678207412682849 1.00932122718253 0.66432784894926 1.00932122718253 1.00932122718253 1.00932122718253 0.66432784894926 1.00932122718253 0.198557666123705 0.66432784894926 1.30210607183323e-11 0.699167190181 1.00932122718253 1.42426961463915 0.52862002786637 0.228586355532424 0.227067532367078 0.0325328561160394 0.198557666123705 1.00932122718253 0.754369431847673 
0.00166091921116474 0.881413966657323 0.699167190181 1.00932122718253 0.699167190181 0.726687216790369 1.00932122718253 0.66432784894926 1.00932122718253 1.00932122718253 0.699167190181 0.226078821826432 0.226078821826432 0.226078821826432 0.226078821826432 0.226078821826432 0.226078821826432 0.699167190181 1.00932122718253 0.66432784894926 0.033196314393722 0.00231330396452411 0.676409611423244 1.00932122718253 0.184151215010043 0.198557666123705 1.00932122718253 0.92798784619787 0.699167190181 1.00932122718253 1.00932122718253 0.699167190181 1.00932122718253 0.896118747343103 0.033196314393722 0.00221345657411086 0.63676900767544 0.025952904725744 0.00166091921116474 5.9076526529446e-07 
0.683911951552544 0.226078821826432 0.033196314393722 0.699167190181 0.226078821826432 0.033196314393722 0.699167190181 0.226078821826432 0.033196314393722 0.033196314393722 0.714762710635579 0.226078821826432 5.47901993068094e-07 0.20617817748026 0.0247594461114393 0.00151167495027689 4.07436596617677e-05 1.00932122718253 0.624890465056301 0.680150437327926 0.00151167495027689 0.0269489599256013 0.198557666123705 0.202332048370777 0.699167190181 1.00932122718253 0.699167190181 1.00932122718253 0.676956055003432 0.699167190181 0.226078821826432 1.00932122718253 0.699167190181 1.00932122718253 0.226078821826432 0.033196314393722 0.180715983651834 0.208128572432776 0.198557666123705 1.00932122718253 
0.699167190181 1.00932122718253 0.66432784894926 1.00932122718253 0.699167190181 0.226078821826432 0.699167190181 1.00932122718253 1.00932122718253 0.676956055003432 0.619034551239541 0.196696961495458 0.699167190181 0.0251116031204267 0.563410320125374 1.00932122718253 0.198557666123705 1.00932122718253 0.70293717818727 1.00932122718253 0.759467537029849 0.259501678925246 1.00932122718253 0.198557666123705 0.226078821826432 0.699167190181 0.033196314393722 1.00932122718253 0.66432784894926 0.699167190181 0.226078821826432 0.226078821826432 0.0368636971413324 1.00932122718253 0.200435973260754 0.00161466147590066 0.0257096973448235 0.00221345657411086 0.033196314393722 0.226078821826432 
0.699167190181 1.00932122718253 0.226078821826432 0.699167190181 0.033196314393722 0.226078821826432 0.699167190181 1.00932122718253 0.66432784894926 0.754369431847673 0.0293320956036777 0.699167190181 1.00932122718253 0.226078821826432 0.680150437327926 0.680150437327926 0.189426883179275 1.00932122718253 0.66432784894926 0.66432784894926 0.695321771463291 1.00932122718253 0.655011530978442 0.198557666123705 0.759467537029849 0.198557666123705 0.759467537029849 1.00932122718253 1.00932122718253 1.00932122718253 0.676956055003432 0.0348856464054992 0.157968729010855 0.00168000442056533 0.0012892592880623 0.661650923976581 0.706254158161674 0.197625123929531 1.00932122718253 1.00932122718253 
0.327144073660995 0.759467537029849 1.00932122718253 0.673776675357575 0.198557666123705 0.327144073660995 0.327144073660995 0.327144073660995 0.327144073660995 1.00932122718253 0.66432784894926 0.759467537029849 1.00932122718253 0.259501678925246 0.00283697516234055 0.198557666123705 0.759467537029849 1.00932122718253 0.66432784894926 0.198557666123705 0.198557666123705 0.306193887430997 0.896118747343103 0.0425475335589652 0.259501678925246 0.759467537029849 1.00932122718253 0.198557666123705 0.0402644973419291 0.66432784894926 1.00932122718253 0.198557666123705 1.00932122718253 0.259501678925246 0.0328321593370342 0.00223800695472437 0.648873347230929 0.0269489599256013 0.00166091921116474 5.9076526529446e-07 
0.699167190181 0.66432784894926 1.00932122718253 0.25807441734743 0.0462170873720029 0.226078821826432 0.033196314393722 0.699167190181 0.226078821826432 0.699167190181 0.226078821826432 0.00221345657411086 0.033196314393722 0.699167190181 0.23112170133172 8.09835409098669e-07 0.198557666123705 0.0269489599256013 0.00166091921116474 4.64842852366047e-05 1.00932122718253 0.624890465056301 0.829530968027146 1.00932122718253 0.699167190181 1.00932122718253 0.699167190181 0.219929669726203 1.00932122718253 0.699167190181 1.00932122718253 0.226078821826432 0.0322934029457378 1.00932122718253 0.699167190181 1.00932122718253 0.226078821826432 1.00932122718253 0.66432784894926 1.00932122718253 
0.699167190181 0.66432784894926 0.198557666123705 1.00932122718253 0.70293717818727 1.00932122718253 0.759467537029849 0.699167190181 0.259501678925246 1.00932122718253 0.66432784894926 0.198557666123705 0.0269489599256013 0.226078821826432 1.00932122718253 0.66432784894926 0.699167190181 0.226078821826432 0.226078821826432 0.0391693370222567 0.215130989532417 1.00932122718253 0.699167190181 0.699167190181 0.699167190181 1.00932122718253 1.00932122718253 0.198557666123705 0.696349879248704 0.200435973260754 0.200435973260754 0.196696961495458 1.00932122718253 0.198557666123705 0.696349879248704 0.198557666123705 0.196696961495458 0.198557666123705 0.198557666123705 0.203286801332281 
0.0269489599256013 1.00932122718253 0.00182489802156926 0.66432784894926 0.201381779130875 0.033196314393722 0.392101005723054 0.699167190181 0.226078821826432 0.699167190181 0.226078821826432 0.699167190181 1.00932122718253 0.66432784894926 0.00221345657411086 0.00221345657411086 0.226078821826432 0.754369431847673 0.699167190181 0.262379917204774 0.224835388112278 0.00268474728317231 0.738810667552606 1.00932122718253 0.733359722417067 0.695321771463291 0.0393859595114825 1.00932122718253 0.272707497141055 0.70293717818727 1.00932122718253 0.198557666123705 0.66432784894926 0.198557666123705 0.734747208246733 1.00932122718253 0.66432784894926 0.198557666123705 1.00932122718253 0.198557666123705 
0.00166091921116474 0.759467537029849 1.00932122718253 0.66432784894926 1.00932122718253 0.747005122195761 1.00932122718253 0.754369431847673 1.00932122718253 0.66432784894926 0.198557666123705 0.205845454938672 0.654392781656843 1.00932122718253 0.66432784894926 0.619279043278284 1.00932122718253 0.222369000643318 0.680150437327926 1.00932122718253 0.699167190181 0.699167190181 0.699167190181 1.00932122718253 0.699167190181 0.66432784894926 1.00932122718253 1.00932122718253 0.198557666123705 0.033196314393722 1.00932122718253 0.66432784894926 0.66432784894926 0.198557666123705 0.66432784894926 0.00277459438950876 0.164186559954624 1.00932122718253 0.655011530978442 0.00209468581196054 
5.9076526529446e-07 0.0407110871984398 0.033196314393722 0.226078821826432 0.699167190181 1.00932122718253 0.180715983651834 0.226078821826432 0.033196314393722 0.00221345657411086 0.033196314393722 0.226078821826432 0.699167190181 0.033196314393722 0.226078821826432 0.033196314393722 0.22359879328462 1.00932122718253 8.48317758599519e-07 6.13592308255494e-05 0.00209468581196054 1.58683215192081e-11 1.14918361808554e-17 1.95481738293349e-14 0.0321157892018095 0.198557666123705 1.00932122718253 0.66432784894926 0.198557666123705 4.71454376218464e-05 0.198557666123705 0.226078821826432 0.033196314393722 1.00932122718253 0.199400716362154 0.224835388112278 0.033196314393722 0.226078821826432 0.002540687809723 0.224835388112278 
1.00932122718253 0.66432784894926 0.699167190181 0.00221345657411086 0.00174919432040004 5.9076526529446e-07 0.66432784894926 0.0400430415847259 0.033196314393722 0.245577207785521 0.718715644359586 1.00932122718253 0.66432784894926 0.198557666123705 0.033196314393722 0.033196314393722 0.226078821826432 0.033196314393722 0.699167190181 0.233685167699748 8.09835409098669e-07 0.193938546176981 0.00181632723830695 3.39097312753836e-05 1.00932122718253 0.680150437327926 0.20617817748026 0.0257096973448235 0.680150437327926 0.198557666123705 0.64582586089217 0.815918853569025 1.00932122718253 0.699167190181 1.00932122718253 0.63676900767544 0.180715983651834 0.226078821826432 0.699167190181 1.00932122718253 
0.033196314393722 1.00932122718253 0.699167190181 1.00932122718253 1.00932122718253 1.00932122718253 0.699167190181 0.226078821826432 1.00932122718253 0.699167190181 1.00932122718253 0.699167190181 1.00932122718253 0.699167190181 0.699167190181 7.09823925644802e-07 0.304509823289772 0.033196314393722 0.274215681382919 1.06320527880681 0.66432784894926 0.699167190181 1.00932122718253 0.607486838493782 0.209110677885689 0.699167190181 0.699167190181 0.191218814663962 0.00181632723830695 1.00932122718253 0.651935213874887 8.09835409098669e-07 1.00932122718253 0.680150437327926 0.699167190181 0.196696961495458 0.00161466147590066 1.00932122718253 0.198557666123705 1.00932122718253 
0.802530105889437 1.00932122718253 0.198557666123705 0.00166091921116474 0.259501678925246 0.226078821826432 0.033196314393722 1.00932122718253 0.226078821826432 0.25244345243768 0.198557666123705 0.259501678925246 1.00932122718253 0.776408103361886 1.00932122718253 0.736820261147167 0.198557666123705 0.871745074291366 1.00932122718253 0.198557666123705 0.00166091921116474 0.759467537029849 1.00932122718253 0.66432784894926 0.0269489599256013 1.00932122718253 0.66432784894926 1.00932122718253 0.70293717818727 0.221263747542132 0.0464726868095323 0.755290464924116 0.198557666123705 0.66432784894926 0.248898843052215 1.00932122718253 0.00218917554105943 0.00174919432040004 0.0467296998167214 0.330772561151449 
0.033196314393722 0.226078821826432 0.699167190181 1.00932122718253 0.63676900767544 0.193938546176981 0.226078821826432 0.033196314393722 0.226078821826432 1.00932122718253 0.198557666123705 1.29392220881476e-11 0.033196314393722 0.699167190181 1.00932122718253 1.6311993978044e-11 0.033196314393722 1.00932122718253 0.198557666123705 0.226078821826432 1.00932122718253 0.693079414308583 0.726687216790369 0.999913115358783 1 1 1 1 1 1 1 1 1 1 1 1 1 1 1 1 
1 1 1 1 1 1 1 1 1 1 1 1 1 1 1 1 1 1 1 1 1 1 1 1 1 1 1 1 1 1 1 1 1 1 1 1 1 1 1 1 
1 1 1 1 1 1 1 1 1 1 1 1 1 1 1 1 1 1 1 1 1 1 1 1 1 1 1 1 1 1 1 1 1 1 1 1 1 1 1 1 
1 1 1 1 1 1 1 1 1 1 1 1 1 1 1 1 1 1 1 1 1 1 1 1 1 1 1 1 1 1 1 1 1 1 1 1 1 1 1 1 
1 1 1 1 1 1 1 1 1 1 1 1 1 1 1 1 1 1 1 1 1 1 1 1 1 1 1 1 1 1 1 1 1 1 1 1 1 1 1 1 
1 1 1 1 1 1 1 1 1 1 1 1 1 1 1 1 1 1 1 1 1 1 1 1 1 1 1 1 1 1 1 1 1 1 1 1 1 1 1 1 
1 1 1 1 1 1 1 1 1 1 1 1 1 1 1 1 1 1 1 1 1 1 1 1 1 1 1 1 1 1 1 1 1 1 1 1 1 1 1 1 
1 1 1 1 1 1 1 1 1 1 1 1 1 1 1 1 1 1 1 1 1 1 1 1 1 1 1 1 1 1 1 1 1 1 1 1 1 1 1 1 
1 1 1 1 1 1 1 1 1 1 1 1 1 1 1 1 1 1 1 1 1 1 1 1 1 1 1 1 1 1 1 1 
<lnGmf>
0 0 0 0 0 0 0 0 0 0 0 0 0 0 0 0 0 0 0 0 0 0 0 0 0 0 0 0 0 0 0 0 0 0 0 0 0 0 0 0 
0 0 0 0 0 0 0 0 0 0 0 0 0 0 0 0 0 0 0 0 0 0 0 0 0 0 0 0 0 0 0 0 0 0 0 0 0 0 0 0 
0 0 0 0 0 0 0 0 0 0 0 0 0 0 0 0 0 0 0 0 0 0 0 0 0 0 0 0 0 0 0 0 0 0 0 0 0 0 0 0 
0 0 0 0 0 0 0 0 0 0 0 0 0 0 0 0 0 0 0 0 0 0 0 0 0 0 0 0 0 0 0 0 0 0 0 0 0 0 0 0 
0 0 0 0 0 0 0 0 0 0 0 0 0 0 0 0 0 0 0 0 0 0 0 0 0 0 0 0 0 0 0 0 0 0 0 0 0 0 0 0 
0 0 0 0 0 0 0 0 0 0 0 0 0 0 0 0 0 0 0 0 0 0 0 0 0 0 0 0 0 0 0 0 0 0 0 0 0 0 0 0 
0 0 0 0 0 0 0 0 0 0 0 0 0 0 0 0 0 0 0 0 0 0 0 0 0 0 0 0 0 0 0 0 0 0 0 0 0 0 0 0 
0 0 0 0 0 0 0 0 0 0 0 0 0 0 0 0 0 0 0 0 0 0 0 0 0 0 0 0 0 0 0 0 0 0 0 0 0 0 0 0 
0 0 0 0 0 0 0 0 0 0 0 0 0 0 0 0 0 0 0 0 0 0 0 0 0 0 0 0 0 0 0 0 0 0 0 0 0 0 0 0 
0 0 0 0 0 0 0 0 0 0 0 0 0 0 0 0 0 0 0 0 0 0 0 0 0 0 0 0 0 0 0 0 0 0 0 0 0 0 0 0 
0 0 0 0 0 0 0 0 0 0 0 0 0 0 0 0 0 0 0 0 0 0 0 0 0 0 0 0 0 0 0 0 0 0 0 0 0 0 0 0 
0 0 0 0 0 0 0 0 0 0 0 0 0 0 0 0 0 0 0 0 0 0 0 0 0 0 0 0 0 0 0 0 0 0 0 0 0 0 0 0 
0 0 0 0 0 0 0 0 0 0 0 0 0 0 0 0 0 0 0 0 0 0 0 0 0 0 0 0 0 0 0 0 0 0 0 0 0 0 0 0 
0 0 0 0 0 0 0 0 0 0 0 0 0 0 0 0 0 0 0 0 0 0 0 0 0 0 0 0 0 0 0 0 0 0 0 0 0 0 0 0 
0 0 0 0 0 0 0 0 0 0 0 0 0 0 0 0 0 0 0 0 0 0 0 0 0 0 0 0 0 0 0 0 0 0 0 0 0 0 0 0 
0 0 0 0 0 0 0 0 0 0 0 0 0 0 0 0 0 0 0 0 0 0 0 0 0 0 0 0 0 0 0 0 0 0 0 0 0 0 0 0 
0 0 0 0 0 0 0 0 0 0 0 0 0 0 0 0 0 0 0 0 0 0 0 0 0 0 0 0 0 0 0 0 0 0 0 0 0 0 0 0 
0 0 0 0 0 0 0 0 0 0 0 0 0 0 0 0 0 0 0 0 0 0 0 0 0 0 0 0 0 0 0 0 0 0 0 0 0 0 0 0 
0 0 0 0 0 0 0 0 0 0 0 0 0 0 0 0 0 0 0 0 0 0 0 0 0 0 0 0 0 0 0 0 0 0 0 0 0 0 0 0 
0 0 0 0 0 0 0 0 0 0 0 0 0 0 0 0 0 0 0 0 0 0 0 0 0 0 0 0 0 0 0 0 0 0 0 0 0 0 0 0 
0 0 0 0 0 0 0 0 0 0 0 0 0 0 0 0 0 0 0 0 0 0 0 0 0 0 0 0 0 0 0 0 0 0 0 0 0 0 0 0 
0 0 0 0 0 0 0 0 0 0 0 0 0 0 0 0 0 0 0 0 0 0 0 0 0 0 0 0 0 0 0 0 0 0 0 0 0 0 0 0 
0 0 0 0 0 0 0 0 0 0 0 0 0 0 0 0 0 0 0 0 0 0 0 0 0 0 0 0 0 0 0 0 0 0 0 0 0 0 0 0 
0 0 0 0 0 0 0 0 0 0 0 0 0 0 0 0 0 0 0 0 0 0 0 0 0 0 0 0 0 0 0 0 0 0 0 0 0 0 0 0 
0 0 0 0 0 0 0 0 0 0 0 0 0 0 0 0 0 0 0 0 0 0 0 0 0 0 0 0 0 0 0 0 0 0 0 0 0 0 0 0 
0 0 0 0 0 0 0 0 0 0 0 0 0 0 0 0 0 0 0 0 0 0 0 0 0 0 0 0 0 0 0 0 0 0 0 0 0 0 0 0 
0 0 0 0 0 0 0 0 0 0 0 0 0 0 0 0 0 0 0 0 0 0 0 0 0 0 0 0 0 0 0 0 0 0 0 0 0 0 0 0 
0 0 0 0 0 0 0 0 0 0 0 0 0 0 0 0 0 0 0 0 0 0 0 0 0 0 0 0 0 0 0 0 0 0 0 0 0 0 0 0 
0 0 0 0 0 0 0 0 0 0 0 0 0 0 0 0 0 0 0 0 0 0 0 0 0 0 0 0 0 0 0 0 0 0 0 0 0 0 0 0 
0 0 0 0 0 0 0 0 0 0 0 0 0 0 0 0 0 0 0 0 0 0 0 0 0 0 0 0 0 0 0 0 0 0 0 0 0 0 0 0 
0 0 0 0 0 0 0 0 0 0 0 0 0 0 0 0 0 0 0 0 0 0 0 0 0 0 0 0 0 0 0 0 0 0 0 0 0 0 0 0 
0 0 0 0 0 0 0 0 0 0 0 0 0 0 0 0 0 0 0 0 0 0 0 0 0 0 0 0 0 0 0 0 0 0 0 0 0 0 0 0 
0 0 0 0 0 0 0 0 0 0 0 0 0 0 0 0 0 0 0 0 0 0 0 0 0 0 0 0 0 0 0 0 0 0 0 0 0 0 0 0 
0 0 0 0 0 0 0 0 0 0 0 0 0 0 0 0 0 0 0 0 0 0 0 0 0 0 0 0 0 0 0 0 0 0 0 0 0 0 0 0 
0 0 0 0 0 0 0 0 0 0 0 0 0 0 0 0 0 0 0 0 0 0 0 0 0 0 0 0 0 0 0 0 
<BF>
9.99999999693483e-10 9.99999996477084e-10 1.18420832660657e-07 9.99999998151543e-10 0.0352258305857203 9.99999982508962e-10 1.26870047830674e-06 9.83197730809816e-10 1.3814587926136e-05 0.0280682571557602 9.99999998818603e-10 1e-09 9.99999998832349e-10 0.235950563787076 9.99999998280668e-10 9.99999996459877e-10 1.57929692468561e-10 1e-09 9.99999995041835e-10 9.99999999595935e-10 0.00017137458572862 8.4995252408285e-09 109.367366870451 9.99999999999987e-10 9.99999999344921e-10 9.99999999999978e-10 0.00180310432313025 9.99999999715578e-10 2.73546477531315e-05 0.00147723867552074 9.99999999268465e-10 9.99999999981799e-10 9.8319773080982e-10 0.202734653642178 9.99999999481088e-10 9.99999999808225e-10 9.99092648098806e-10 54.7809497083634 9.99999996227031e-10 8.34077051241999e-11 
9.99999998460869e-10 9.99999983924857e-10 9.9999999999993e-10 9.99999999999948e-10 9.9999999885728e-10 1e-09 0.00904469107285547 9.99999948056466e-10 0.000665998485267687 9.9999999970325e-10 9.99999999729481e-10 0.000363779148888699 9.99999999949577e-10 9.99999985892901e-10 9.99999999433173e-10 1.634160116456e-11 9.99999997126112e-10 4.16964222119213e-12 -3.55462560090253e-19 0 0 0 0 0 0 0 0 0 0 0 0 0 0 0 0 0 0 0 0 0 
0 0 0 0 0 0 0 0 0 0 0 0 0 0 0 0 0 0 0 0 0 0 0 0 0 0 0 0 0 0 0 0 0 0 0 0 0 0 
<BFC>
0 0 0.0641006587108307 0 0 0 0.0214225299311863 0 0.0128571557821208 0.0639420599857888 0 0 0 0 0 0 8.42070299501278e-10 0 0 0 1.48716411113686e-09 0.0535177479609467 0.202569242027443 0 0 0 0.000294056562538422 0 0.0142140656379365 0.0561173962783677 0 0 0 0.00908996569083464 0 0 9.07335577360739e-13 0.971435971904464 0 9.16592272061493e-10 
0 0 0 0 0 0 0.0853645877985047 0 0.125763798201038 0 0 0 0 0 0 9.83658357350923e-10 0 9.95830357738714e-10 0 
<XFA>
54.6279855452833 0 
<YFA>
54.6279855481146 0 
<PUL>
1000000 1000000 
<PLL>
0 0 
<Y_m>
7.49065436942402e-10 4.14505365666973e-14 7.61258571765829e-11 4.03029312114217e-11 1.54522719034377e-12 1.03631576442731e-13 8.40565922957651e-20 2.26584381550901e-19 1.44072692953764e-11 2.42061198232868e-15 8.24869163622081e-22 0 1.34550060258534e-10 9.68287906162417e-10 1.74164177693276e-18 3.58331835368986e-24 1.27746148560855e-30 0 0 0 0 1.14334024952121e-23 5.79015836573164e-17 1.78829339793894e-15 2.10770933261333e-16 1.74048025123848e-18 6.17053959969141e-23 2.20152065775071e-25 9.83601983316777e-33 3.88354751258818e-20 2.24856767127418e-23 1.58572716475338e-27 0 0 1.52430804751546e-25 1.45485673093123e-20 0 0 4.41853086290733e-20 2.39271592014976e-11 
0 0 0 3.37445436486853e-19 7.16912362208156e-17 1.08173544959669e-15 7.5205328243207e-16 3.38714562448936e-17 7.91892309484794e-20 3.30115406661638e-23 1.00179222303606e-12 1.47880509832161e-09 1.18468231060757e-07 0 6.86988193913303e-28 0 9.13111224010433e-16 3.5894488267843e-10 2.56658490283311e-11 6.78154378456587e-17 5.35865891396734e-20 2.2769170571872e-19 5.21429851905365e-16 2.12927260760788e-12 5.682653977697e-16 4.48033536238504e-20 2.60942012124146e-13 4.29160571324886e-17 6.2830468836603e-22 8.84144262192262e-14 1.319447809463e-14 1.41398401580607e-13 7.77215109199418e-15 2.38305344590048e-15 4.13054420223115e-20 1.3369081211859e-28 1.28690446074383e-22 6.19209164077567e-19 0 0 
0 0 0 0 2.30752688561162e-13 5.2519238442246e-17 1.06919704854187e-12 0 0 2.28567443568214e-17 3.0014962386156e-23 9.9775523170354e-30 0 9.8161955604351e-13 4.18101528823939e-12 1.00703763496383e-09 5.06235459924347e-06 0.0272941506483685 0.00668371546536127 3.0439069708302e-26 1.03711649929409e-14 1.96387143578688e-18 3.80537905250433e-24 4.57994459756135e-29 0 9.22412120047822e-10 7.13102029846983e-11 1.22466105751098e-06 3.85507753473826e-16 1.12800120244128e-11 3.14582528316565e-10 1.40063986071548e-10 2.17641386912416e-18 1.82349708650228e-16 4.10561429213364e-11 3.08569096355913e-18 6.40146998009706e-08 6.07239628994613e-23 8.24952040983357e-20 9.99070755296614e-10 
7.00434983334887e-24 0 2.60669722702241e-07 1.27353782696754e-07 0.0264885034126846 2.73378701475324e-23 1.47128263743898e-33 1.17216651347728e-18 1.58351062907785e-11 1.2695145164221e-06 9.51232961023319e-10 2.60092577803441e-23 1.39977873737278e-33 1.11519957531835e-18 1.09587845367069e-32 3.37007414430998e-05 1.06408399300645e-06 5.59398978810315e-17 6.96416678452184e-13 1.45031216431608e-13 1.99608180046902e-11 3.86645203938064e-10 6.40978916527355e-33 1.05229928143263e-33 1.11454754608822e-18 1.61402289916151e-06 6.56349117551439e-10 1.65848912253625e-18 3.74913098908631e-12 0 0.00199113273195358 0 2.94114535120045e-06 1.17141436170889e-06 7.26255241513682e-33 1.79771451067627e-14 2.43177737066749e-15 6.53447795417052e-21 9.44711631338037e-22 2.39059804624937e-21 
8.21107492499078e-11 1.0089517926369e-19 1.2324762300737e-14 5.16033345444376e-10 3.73001251820234e-10 2.63136103562233e-11 3.58761141616346e-12 7.88081142138638e-15 2.9282472900991e-21 3.94173765557147e-19 5.66227417719546e-27 0 0 6.71255382881906e-19 3.02215505226039e-16 1.10970838983869e-21 2.6400511178335e-27 1.50535837752201e-20 6.82501193737241e-12 1.00458193711448e-26 3.05096460747843e-13 7.94709943639676e-12 5.36586672594156e-10 1.40752955185462e-10 0 3.388046573315e-10 6.25751392832464e-11 0.239521162958987 0 2.02579058253691e-12 5.40647867547088e-16 4.26259238976311e-20 2.48260307344373e-13 8.4117512672308e-14 1.25532306330794e-14 1.34526481078813e-13 7.39442683954733e-15 2.26723775282389e-15 1.22436129800873e-22 5.89115782038638e-19 
0 0 2.19538175998167e-13 4.99668189769371e-17 1.01723438665849e-12 0 9.33913135006952e-13 3.97781917490199e-12 1.00748027809792e-09 6.67549961283213e-10 1.42996756822911e-14 1.1894534610986e-10 5.50447095800378e-12 2.94862890979269e-14 1.7924551668252e-14 5.77218445873149e-13 2.37132379604089e-15 3.38930480347583e-18 4.17288254018758e-33 1.42897501384154e-20 7.04560962542929e-11 1.26510106231064e-14 1.16991307312477e-19 3.83450590682803e-20 2.76470642551498e-32 1.16386735188076e-10 1.30484319700514e-30 3.66477204236569e-11 7.3724888048491e-23 1.03441014162284e-21 1.16988038571444e-31 4.15346334154501e-19 4.32940052931716e-22 1.01944537961897e-24 1.99967786610949e-21 7.4779194804278e-22 5.05107952498469e-25 4.87746092913935e-33 4.06960951670784e-26 0 
4.09211951118639e-32 0 3.74644112199671e-20 3.29479100061478e-17 5.54174920812327e-14 1.59612778608604e-10 8.11125402690106e-13 2.96651012777331e-30 0 9.63991005583848e-19 1.7798287759936e-18 4.94904204368383e-18 6.7875425839736e-22 2.14816222239686e-22 2.63211591353436e-34 5.92564181493217e-21 2.4720328624901e-34 2.12525416323036e-21 8.94550193746811e-22 1.01614428511112e-09 2.95750742353074e-14 3.40275218445945e-20 7.10224870034541e-25 8.1105959109166e-31 0 1.62991094136961e-25 7.06933858335106e-22 5.9200845718804e-22 3.51907794773925e-20 7.44164045603154e-12 1.17100073776113e-20 9.01979219528183e-22 9.67921474476408e-10 4.07012219994332e-11 4.10462199126816e-24 0 0 0 2.26280536467846e-25 2.3398248635308e-31 
4.21036908697545e-28 1.09369157674873e-32 0 3.23706482061759e-29 2.21519696587041e-16 2.47404010037547e-18 5.27389609587772e-16 3.10614638450612e-24 5.90120032524281e-24 2.34670340624629e-33 0 0 4.96191574920988e-14 2.44266118109669e-18 0 3.17608996335567e-21 2.16996499711975e-12 1.51544864416944e-16 3.32943439991472e-13 8.64396881704725e-13 1.54945848826603e-14 2.61413304490509e-21 2.00404671930789e-13 1.72078370551389e-14 4.07974152722963e-19 3.62204663309491e-13 5.52379008358575e-14 9.89253959335347e-13 1.0111370242195e-09 0.000123974602104513 6.42656482690672e-09 5.72391916475064e-24 1.25367428834208e-27 1.57611786467127e-32 0 0 3.17768655336203e-17 1.61330861025483e-22 7.57896552459959e-12 1.25983916693951e-10 
1.90070800089748e-23 1.19189527756479e-24 1.11070861989838e-26 2.77611296802488e-29 0 8.96352505959632e-12 2.19635513159123e-22 2.59836769311113e-22 0 1.51954848907329e-18 2.2640084137449e-17 5.28490637425208e-17 4.01519170299748e-31 0 1.3005483833684e-28 0 1.50721659559909e-11 1.68955242572921e-12 1.2654623141478e-10 3.73651878151572e-15 5.71481608637339e-12 3.97149242219585e-34 0 1.18976020586844e-09 4.92756212495542e-18 1.57466879375004e-14 1.29473830757559e-18 2.89429770529889e-19 0 0 6.29726047878368e-25 8.49177928206434e-13 7.28001025288463e-10 5.65556641217169e-24 0 1.35293956660547e-19 1.06263385805259e-11 4.92296982684866e-05 1.89251716006633e-10 0.00176236807687167 
5.06355043303682e-21 0 9.05001119620992e-06 2.91738752870852e-16 4.73533943291112e-21 6.94715285918951e-13 0 1.2146538908501e-33 0 0 7.41196845848278e-09 3.81082403851909e-12 0 0 0 7.43345493483787e-19 1.35905472799248e-13 0 0 0 2.49301517331415e-20 6.16266850855272e-14 2.20298650259595e-12 8.30193322792077e-18 1.17297043720697e-23 2.01454496031903e-11 0 0 5.00969346340772e-17 1.48139578480499e-15 2.84267580727816e-12 1.25734820776641e-08 5.02533636887796e-15 5.37258073321086e-11 1.07223597017838e-28 1.85904042683939e-23 0 5.75735228601834e-20 1.0161442851111e-09 0 
6.51700876465756e-32 1.85369059198824e-29 1.90640147725899e-24 3.94701729441796e-24 4.4068234737284e-24 0 0 1.06340632599057e-27 0 1.77922444689712e-33 9.67144202155425e-25 2.23299776573506e-33 4.34276941140193e-31 8.71900279163854e-29 2.32784349372097e-24 9.08472330252546e-34 4.24168737964843e-27 3.79415758094222e-26 0 0 2.04290333585382e-12 1.45051350615583e-16 3.18677258219287e-13 9.28347963018035e-13 1.44335114414759e-14 2.50211984525402e-21 3.25753058952944e-13 2.7970931447436e-14 6.63152301858669e-19 1.27901652604828e-11 5.28710122041076e-14 9.46865761001727e-13 9.98696151301492e-10 1.0161442851111e-09 0 0 0 0.00180145500264043 1.20317067957554e-09 0 
0 7.49038255387106e-09 4.67605941772368e-15 1.69367520590332e-13 7.71351299899588e-09 4.00594790754335e-17 3.07427435272023e-05 1.00670994345407e-09 1.51063504532717e-13 4.11802726888303e-21 2.84860329296745e-19 1.48644104761854e-14 3.55002477790621e-23 9.26841345302517e-12 2.3894568946236e-05 9.95370094784201e-15 3.08294869065949e-10 9.02617951715277e-13 9.75543909755395e-08 9.33018139776654e-10 3.12566766004369e-20 3.09091787040363e-16 1.46835678255275e-16 2.64773440659254e-14 6.64627257395787e-08 1.42675970355986e-12 2.17235735303204e-20 1.01961426005634e-16 3.73187316785707e-06 0 4.22408154115909e-09 3.41993847534127e-10 5.90912393906515e-23 6.84720661277568e-18 0.00109177169723653 5.33904269480102e-27 7.70906747105616e-07 0.000238649837214874 3.53508449985196e-27 1.78569275749036e-06 
3.79530729267038e-25 2.7098339552519e-24 4.58427698101647e-25 8.02364587744635e-08 7.13165162689607e-08 2.17986764856821e-11 1.13528078373649e-10 4.34905009648677e-14 1.75244741180125e-05 2.73114064327249e-18 2.37237659511702e-17 0.000150433341456194 0 6.29363174956909e-10 5.07367819266852e-10 4.75922449000214e-13 9.32724109919411e-13 0 0 0.204450456551263 6.44168075661076e-12 1.68918884405929e-07 1.44215450736554e-05 1.15789727010814e-06 1.15083906306109e-12 3.70626816962954e-11 7.03483788352361e-07 6.07732992016709e-15 0.00154075125154033 0 5.27288962404425e-19 4.08721692125296e-13 6.59122456153116e-10 3.56613106738588e-10 7.59808328622702e-11 0 0 5.69964444680894e-20 6.9619210884979e-15 2.31354454410209e-16 
1.00820955755645e-23 3.89770187385234e-12 1.03372875822176e-13 4.78326615590922e-12 1.52908386861193e-15 5.19741082304816e-25 3.52939939254984e-20 2.31275279024992e-29 7.54402235062759e-20 2.37128305809346e-30 8.21880294874901e-21 1.40800598823073e-30 0 0 0 0 1.84947900504647e-20 0 1.1963927407348e-11 4.01844458171136e-14 2.01388097002961e-22 1.07627368231547e-32 1.07331634564859e-11 1.91410706099186e-16 1.30081479453658e-23 2.01350827159396e-27 0 0 0 5.88975629634924e-12 0 0 0 9.02743165772276e-10 1.74105414819663e-22 1.4955641240449e-29 4.69808510905093e-26 3.7040702264789e-30 6.72170631821283e-21 3.83118820296135e-26 
2.15732058291278e-23 7.30963420847786e-24 5.18853350548731e-30 4.07239033738686e-26 5.4660165704538e-24 8.50651572056879e-26 3.77902545307264e-26 5.31726208855373e-24 0 0 2.80104115338543e-11 6.21757221713051e-31 0 4.44238613433875e-31 1.78521912509454e-18 8.83343383202506e-33 1.12052883094683e-24 2.57546085116504e-29 7.45875714970417e-14 0 2.13409295673284e-21 2.11070936159364e-22 1.27009757967985e-17 8.26983586892524e-19 8.30921311207697e-32 4.24104166076503e-14 6.3581097898899e-31 4.01699147712891e-32 1.7019863171712e-17 4.01672613854083e-23 7.98321708803705e-16 1.09066000971532e-26 9.01848545382519e-12 9.74875542889014e-10 1.99947865330597e-22 1.74611264692747e-22 2.64626347692245e-13 7.61419560533143e-14 0 7.18969437496357e-22 
0 0 5.25813550361525e-20 0 0 0 0 2.87288943242121e-13 2.13989989626542e-28 3.116483837249e-16 1.72174047494459e-29 4.23780270645747e-33 7.88087489689733e-29 2.59437579631601e-24 2.02713735493526e-17 0 2.08567541264022e-31 8.1178837095243e-31 2.42521679896846e-12 1.46425490052167e-13 6.84770522839942e-29 2.51892661861076e-29 4.04374607078697e-33 0 0 0 0 1.37186726557264e-25 5.00490417084663e-26 1.76713839477595e-23 7.22202761311621e-27 9.66234451084747e-20 2.96116417917322e-24 0 3.58302169540733e-10 3.88239148483165e-24 6.00553601023312e-15 0 1.13190720285193e-26 3.56413622309742e-24 
5.40685328591664e-21 1.39572392259348e-18 5.51742752078163e-26 8.80424319077243e-20 1.91263532689568e-33 7.48026140838721e-20 8.81271186106738e-14 9.86608419693289e-10 2.94477367352391e-11 5.2144241576847e-27 5.58902971291498e-27 4.07633811113606e-27 7.32355497347408e-16 3.54160859610766e-11 1.57994150761255e-17 5.2789997427139e-33 3.71530740595222e-16 5.70735860584499e-13 1.49377658229229e-13 2.94882506787994e-13 1.14426303340805e-10 7.86570411887691e-11 1.37073044743145e-11 2.05351793343981e-12 6.4895176403646e-14 1.94389839800174e-27 9.59882349758294e-21 4.91257579095226e-19 2.74595668466192e-29 6.33257505922684e-11 1.01309956816428e-12 1.68875510882242e-20 2.0625121823098e-22 8.14352214346887e-30 0 6.9830498406473e-10 7.7823372174326e-28 2.08694873233216e-13 7.95049169140865e-12 1.01614428511105e-09 
3.58495340106622e-33 1.00728442285342e-29 2.16874431430447e-27 5.67122781723656e-26 1.22870560904791e-25 0 0 0 0 7.10775132899404e-23 5.32894001868601e-27 7.62053951754098e-28 1.01614428511107e-09 1.88788280163721e-27 0 0 5.96780796626304e-25 1.77216190088549e-23 3.43841960154176e-23 1.28588879008471e-25 0 0 0 0 0 0 0 0 0 0 0 0 4.69124356776488e-30 0 1.83088618300072e-12 2.4665871567423e-31 4.79506254167022e-16 3.71000070964407e-20 1.41106350620788e-24 4.52273882146264e-30 
2.19476133835241e-13 2.54910895188969e-12 5.21244484465109e-17 6.07341026722813e-13 1.23987582565422e-31 5.68489327372803e-14 1.7345656604251e-27 3.93037137334282e-16 1.76963441028207e-25 1.53587579271747e-20 6.08077854753277e-23 0 0 6.96914333506107e-19 0 0 0 2.57730039204726e-26 0 2.13760951240897e-32 2.72153064687569e-34 2.1327631141973e-21 0 0 0 0 3.31837334254152e-13 3.85746624486589e-19 9.01033834847631e-17 7.53709748975984e-14 1.62562518293141e-12 1.65184130724046e-12 8.43577311174484e-25 0 0 0 0 5.18027869201067e-34 0 4.43604253997918e-21 
4.41064386167594e-33 0 0 0 1.35135313670704e-20 3.56364102938967e-21 2.6272785698661e-34 1.95264561423978e-15 2.65025246794123e-30 8.4888113879827e-32 2.3390842804805e-21 0 1.04012805970406e-30 0 8.6659671570178e-29 1.10627583999798e-13 2.15585639891698e-12 2.03069091731322e-29 1.00492649652269e-09 2.49569905108289e-25 9.69767556153699e-10 5.58528988175864e-15 1.58972627872573e-13 1.20428728980547e-13 1.44446078412771e-14 4.60772977028431e-11 3.33950722858989e-18 2.62473324222499e-26 0 8.05009501806567e-22 1.41713361800969e-14 0.00544663652534562 9.38486240459018e-10 1.10156863675738e-17 4.8890970674925e-26 1.35249679343195e-23 0 1.45767897609601e-17 4.12395590765944e-18 2.6664641573843e-21 
2.21510112959288e-16 0.000637486699774928 3.15075699111956e-16 3.51388512447758e-05 9.37283262706068e-10 2.10793949299933e-12 1.46403485726593e-16 3.21647863041545e-13 6.47001262814295e-13 1.17664894246567e-14 2.52544460510214e-21 1.46865278483085e-13 1.26106066066018e-14 2.98981236121294e-19 1.70351531755044e-23 5.70357464776732e-33 3.88162339456009e-12 5.33638722196545e-14 9.55692123154637e-13 1.00800562802279e-09 2.34895361265736e-26 0 0 0 0 3.69958582833915e-26 0 2.35661426612364e-26 0 5.24187066994404e-27 0 2.08779467668559e-27 0 0 1.0879771340144e-25 2.94268846875613e-26 1.55028205615731e-27 0 0 0 
0 0 8.1329995461868e-29 0 0 0 2.66219813274565e-19 8.41303532734803e-21 8.53203642284356e-10 1.60682609501396e-10 2.25803305048035e-12 0 1.17534930624658e-22 1.34333272948472e-22 1.54420337045638e-24 0 1.50885060664561e-26 0.000342199424045019 1.24446884096007e-13 6.41242586502163e-09 1.52828305948707e-07 7.04944164043859e-08 7.69241853944706e-16 1.16085679890064e-13 1.82294145328935e-08 7.3732627137058e-15 2.72047143293458e-05 4.46665550831067e-18 4.72855163911003e-17 6.7171527270524e-24 2.10153145278379e-13 7.8967675066981e-14 0 0 6.466416990836e-13 0 2.56150490800079e-20 1.01428125376194e-09 9.27268778512008e-13 3.57266976304623e-23 
1.37268527943465e-26 1.51595630182566e-23 1.38723127374642e-19 8.3155589929021e-18 3.08769810308924e-17 1.479818169754e-16 2.67469608765459e-20 0 2.652380359828e-30 0 0 0 0 0 0 0 1.12070345668158e-13 1.75061086585844e-12 7.88812269505383e-34 1.73872411942876e-30 7.84643836885887e-33 0 0 0 5.84327283092081e-18 2.25626454304418e-13 8.71506843640502e-13 1.00806079943792e-09 5.12324161221571e-12 3.23720551407445e-21 2.3635785990138e-16 0 0 5.26916083979226e-21 2.58352915585633e-23 1.96342054785537e-21 3.11385703938351e-28 5.75927415351953e-19 0 5.07913211556991e-23 
1.01602008871388e-09 9.37651081489385e-14 3.04307131105125e-14 2.52072185816649e-32 2.24757704806216e-27 2.31462311678492e-33 2.57656959750888e-15 3.64695419496143e-33 2.64698702386318e-28 4.79718407130322e-26 3.83515055948018e-25 3.73836134420498e-25 2.01536509868467e-27 6.74317311686674e-29 0 0 0 0 1.47349954956098e-11 3.99627900007832e-16 0 4.08663897277911e-14 5.04046456101221e-16 7.82515559315452e-23 2.81632601923793e-14 1.67764387400497e-14 3.11221287419908e-16 1.37156650706442e-18 5.42951724301197e-18 2.67232912132227e-34 2.3028976044211e-19 4.60450689467209e-17 5.10471716736365e-19 1.58854555089022e-15 4.16624895178623e-16 6.67073246994473e-18 1.64255675278014e-20 7.56657040868926e-21 6.05138230297572e-17 3.27847928950977e-14 
4.55732182126917e-25 1.63338723547968e-20 2.78049684611723e-17 4.6800846521705e-13 1.312921293577e-24 0 7.3500529699107e-25 1.9917779323697e-32 6.28267182958299e-21 0 0 0 0 0 0 0 3.37058081594567e-21 2.58666661218717e-26 1.12844293821956e-26 1.24118165782422e-22 5.51255617901252e-27 9.7599963479814e-33 1.59513826747688e-13 1.03884401422408e-13 1.05430462358009e-17 5.62858683128292e-13 1.63340040857036e-32 1.125158443773e-24 1.20153755983328e-30 4.42103947163856e-19 2.26340565154965e-21 0 0 0 0 6.82386642912251e-17 7.44642111450981e-20 4.76700146210429e-16 0 0 
4.30640732900418e-13 0 0 0 1.5442598656248e-33 0 0 1.6020474749935e-29 1.6618020382363e-30 4.0029241713887e-10 1.86477125508461e-18 2.00420239049617e-22 1.43716916108927e-13 5.37865147624617e-11 1.32741349928567e-11 1.8442848373412e-12 3.72851992888657e-15 2.97442424504117e-14 2.08150150689721e-32 9.76654204421269e-26 0 1.52507551391662e-21 7.80516802553887e-19 8.56316392635151e-30 7.14316555223691e-24 9.24625714736199e-32 0 2.3615474064368e-10 1.08137181805766e-11 5.02477371131495e-15 1.36507719793905e-19 2.67133589900966e-10 4.842164731425e-23 9.67005460876876e-29 1.38424795748354e-12 3.12784193243974e-11 0 2.15324345842373e-25 0 0 
2.70595162264722e-33 6.81828545503751e-30 2.95573767450554e-28 2.31126451451448e-27 3.11987306630183e-26 2.82142385586773e-26 0 0 1.14889612227021e-23 4.23695811402241e-12 8.12290775172841e-23 0 0 2.12058764155054e-32 7.69463816973321e-21 0 3.46876502020913e-31 3.0358740026843e-33 0 0 4.99535377648309e-10 1.74099687634077e-05 2.7625657348711e-08 55.50837344 0 0 0 0 0 0 0 0 0 0 0 0 0 0 0 0 
0 0 0 0 0 0 0 0 0 0 0 0 0 0 0 0 0 0 0 0 0 0 0 0 0 0 0 0 0 0 0 0 0 0 0.0217678008748617 0 0 0 0 0 
0 0 0 0 0 0 0 0 0 0 0 0 0 0 0 0 0 0 0 6.00338980383435e-10 0 0 0 0 0 0 0 0 0 0 0 0 0 0 0 0 0 0 0 0 
0 0 3.1045505402898e-10 0 0.064972624039069 0 0 0 0 0 0 0 0 0 0 0 0 0 0 0 0 0 0 0 0 0 0 0 0 0 0 0 0 0 0 0 0 0 0 0 
0 0 0 0 0 0 0 0 0 0 0 0 0 0 0 0 0 0 0 0 0 0 0 0 0 0 0 0 0 0 0 0 0 0 0 0 0 0 0 4.27821052440092e-10 
0 0 0 0 0 0 0 0 0 0 0 0 0 0 0 0 0.0543803031416935 0 0 0 0 0 0 0 0 0 0 0 0 0 0 0 0 0 0 0 0 0 0 0 
0 0 0 0 0 0 0 0 0 0 0 0.000878811551346661 0 0 0 0 0 0 0 0 0 0 0 0 0 0 0 0 0 0 0 0 0 0 0 0 0 0 0.00372451790312802 0 
0 0 0 0 0 0 0 0 0 0 0.01306437697981 0 0 0 0 0.0439574739279538 0 0 0 0 0 0 0 0 0 0 0 0.0271660893451631 0 0 0 0 0 9.21959275496856e-13 0 0 0 0 0 0 
0 0 0 0 0 0 0 0 0 0 0 0.0115146831819117 0 0 0 0 0 0 0 0 0 0 0 0 0 0 0 0 9.99512164085595e-10 0 1.01188034289273e-09 0 
<IC_m>
1.01614428511112e-09 1.01614428511112e-09 1.20332652346924e-07 1.01614428511112e-09 0.0357945264379722 1.01614428511112e-09 1.28918274055449e-06 9.99070755296618e-10 1.40376145723786e-05 0.028521399101855 1.01614428511112e-09 1.01614428511112e-09 1.01614428511112e-09 0.239759816960983 1.01614428511112e-09 1.01614428511112e-09 1.60479362611087e-10 1.01614428511112e-09 1.01614428511112e-09 1.01614428511112e-09 0.000174141305901472 8.63674400779283e-09 0.11319418511551 1.01614428511112e-09 1.01614428511112e-09 1.01614428511112e-09 0.00183221415340795 1.01614428511112e-09 2.77962689855792e-05 0.00150108763787552 1.01614428511112e-09 1.01614428511112e-09 9.99070755296618e-10 0.206007659692481 1.01614428511112e-09 1.01614428511112e-09 1.01522230124951e-09 0.15543366014064 1.01614428511112e-09 8.47542860788173e-11 
1.01614428511112e-09 1.01614428511112e-09 1.01614428511112e-09 1.01614428511112e-09 1.01614428511112e-09 1.01614428511112e-09 0.00919071114427764 1.01614428511112e-09 0.000676750554697422 1.01614428511112e-09 1.01614428511112e-09 0.000369652103185847 1.01614428511112e-09 1.01614428511112e-09 1.01614428511112e-09 1.66054667871877e-11 1.01614428511112e-09 4.23695815476375e-12 -1.54205722944545e-17 
<IC_lm>
-8.99304460230633 -8.99304460230633 -6.91961649617437 -8.99304460230633 -1.44618337592172 -8.99304460230633 -5.88968550516104 -9.0004037347498 -4.85270667599315 -1.54482917100302 -8.99304460230633 -8.99304460230633 -8.99304460230633 -0.620223600324285 -8.99304460230633 -8.99304460230633 -9.79458078887198 -8.99304460230633 -8.99304460230633 -8.99304460230633 -3.7590981952323 -8.06364993588453 -0.946175880694991 -8.99304460230633 -8.99304460230633 -8.99304460230633 -2.73702376067011 -8.99304460230633 -4.55601348481195 -2.82359394576514 -8.99304460230633 -8.99304460230633 -9.0004037347498 -0.68611663014398 -8.99304460230633 -8.99304460230633 -8.99343883201637 -0.808454924456173 -8.99304460230633 -10.0718383090704 
-8.99304460230633 -8.99304460230633 -8.99304460230633 -8.99304460230633 -8.99304460230633 -8.99304460230633 -2.03665087892791 -8.99304460230633 -3.16957137299647 -8.99304460230633 -8.99304460230633 -3.43220681134364 -8.99304460230633 -8.99304460230633 -8.99304460230633 -10.7797488892597 -8.99304460230633 -11.3729458015229 0 
<IC_wm>
2.26104996495213e-07 1.07442905209329e-07 3.18257401752842e-06 2.4204191254774e-07 2.62876999991502 1.07673793259502e-08 0.000173539893075987 7.82516829990541e-08 0.000165275558737905 1.12048431244533 1.1197078152961e-07 2.50010370574003e-07 1.88354128702693e-07 8.33217344120108 2.46026141560871e-07 5.87008421520553e-08 8.17933574938019e-09 1.32381383195986e-07 6.32954556457848e-08 1.51364848936673e-07 0.0032430059201647 4.72784549520842e-07 0.111833131435966 1.99801111808547e-07 1.64280019461154e-07 1.26404150556579e-07 0.0702203584390835 6.91363337983783e-09 0.000662233368215522 0.0808365582764474 9.55816531131074e-08 1.3951773916336e-08 1.37173524553132e-08 4.64245257044469 9.25400961740877e-08 5.84619881212331e-08 2.35851378338673e-07 2.43762460337979 8.76713678336849e-08 2.57326843249006e-09 
2.06383059840487e-07 2.06383059840487e-07 1.06000411070529e-07 2.08175965936122e-07 2.43037969801022e-07 2.25108939241931e-07 0.288865535204444 7.86596380177418e-08 0.0186314837529674 1.49767169211559e-07 1.18241955625293e-07 0.0317486576147122 9.76136108217221e-08 2.31122838570235e-07 4.76782731204394e-08 3.87444679630069e-09 6.51222204838816e-08 3.7887173331911e-10 -0 
<Aalp>
0 0 0 0 0 0 0 0 0 0 0 0 0 0 0 0 0 0 0 0 0 0 0 0 0 0 0 0 0 0 0 0 0 0 0 0 0 0 0 0 
0 0 0 0 0 0 0 0 0 0 0 0 0 0 0 0 0 0 0 0 0 0 0 0 0 0 0 0 0 0 0 0 0 0 0 0 0 0 0 0 
0 0 0 0 0 0 0 0 0 0 0 0 0 0 0 0 0 0 0 0 0 0 0 0 0 0 0 0 0 0 0 0 0 0 0 0 0 0 0 0 
0 0 0 0 0 0 0 0 0 0 0 0 0 0 0 0 0 0 0 0 0 0 0 0 0 0 0 0 0 0 0 0 0 0 0 0 0 0 0 0 
0 0 0 0 0 0 0 0 0 0 0 0 0 0 0 0 0 0 0 0 0 0 0 0 0 0 0 0 0 0 0 0 0 0 0 0 0 0 0 0 
0 0 0 0 0 0 0 0 0 0 0 0 0 0 0 0 0 0 0 0 0 0 0 0 0 0 0 0 0 0 0 0 0 0 0 0 0 0 0 0 
0 0 0 0 0 0 0 0 0 0 0 0 0 0 0 0 0 0 0 0 0 0 0 0 0 0 0 0 0 0 0 0 0 0 0 0 0 0 0 0 
0 0 0 0 0 0 0 0 0 0 0 0 0 0 0 0 0 0 0 0 0 0 0 0 0 0 0 0 0 0 0 0 0 0 0 0 0 0 0 0 
<Xr0h0>
0 0 0 0 0 0 0 0 0 0 0 0 0 0 0 0 0 0 0 0 0 0 0 0 0 0 0 0 0 0 0 0 0 0 0 0 0 0 0 0 
0 0 0 0 0 0 0 0 0 0 0 0 0 0 0 0 0 0 0 0 0 0 0 0 0 0 0 0 0 0 0 0 0 0 0 0 0 0 0 0 
0 0 0 0 0 0 0 0 0 0 0 0 0 0 0 0 0 0 0 0 0 0 0 0 0 0 0 0 0 0 0 0 0 0 0 0 0 0 0 0 
0 0 0 0 0 0 0 0 0 0 0 0 0 0 0 0 0 0 0 0 0 0 0 0 0 0 0 0 0 0 0 0 0 0 0 0 0 0 0 0 
0 0 0 0 0 0 0 0 0 0 0 0 0 0 0 0 0 0 0 0 0 0 0 0 0 0 0 0 0 0 0 0 0 0 0 0 0 0 0 0 
0 0 0 0 0 0 0 0 0 0 0 0 0 0 0 0 0 0 0 0 0 0 0 0 0 0 0 0 0 0 0 0 0 0 0 0 0 0 0 0 
0 0 0 0 0 0 0 0 0 0 0 0 0 0 0 0 0 0 0 0 0 0 0 0 0 0 0 0 0 0 0 0 0 0 0 0 0 0 0 0 
0 0 0 0 0 0 0 0 0 0 0 0 0 0 0 0 0 0 0 0 0 0 0 0 0 0 0 0 0 0 0 0 0 0 0 0 0 0 0 0 
0 0 0 0 0 0 0 0 0 0 0 0 0 0 0 0 0 0 0 0 0 0 0 0 0 0 0 0 0 0 0 0 0 0 0 0 0 0 0 0 
0 0 0 0 0 0 0 0 0 0 0 0 0 0 0 0 0 0 0 0 0 0 0 0 0 0 0 0 0 0 0 0 0 0 0 0 0 0 0 0 
0 0 0 0 0 0 0 0 0 0 0 0 0 0 0 0 0 0 0 0 0 0 0 0 0 0 0 0 0 0 0 0 0 0 0 0 0 0 0 0 
0 0 0 0 0 0 0 0 0 0 0 0 0 0 0 0 0 0 0 0 0 0 0 0 0 0 0 0 0 0 0 0 0 0 0 0 0 0 0 0 
0 0 0 0 0 0 0 0 0 0 0 0 0 0 0 0 0 0 0 0 0 0 0 0 0 0 0 0 0 0 0 0 0 0 0 0 0 0 0 0 
0 0 0 0 0 0 0 0 0 0 0 0 0 0 0 0 0 0 0 0 0 0 0 0 0 0 0 0 0 0 0 0 0 0 0 0 0 0 0 0 
0 0 0 0 0 0 0 0 0 0 0 0 0 0 0 0 0 0 0 0 0 0 0 0 0 0 0 0 0 0 0 0 0 0 0 0 0 0 0 0 
0 0 0 0 0 0 0 0 0 0 0 0 0 0 0 0 0 0 0 0 0 0 0 0 0 0 0 0 0 0 0 0 0 0 0 0 0 0 0 0 
<Sigw>
0 0 0 0 0 0 0 0 0 0 0 0 0 0 0 0 0 0 0 0 0 0 0 0 0 0 0 0 0 0 0 0 0 0 0 0 0 0 0 0 
0 0 0 0 0 0 0 0 0 0 0 0 0 0 0 0 0 0 0 0 0 0 0 0 0 0 0 0 0 0 0 0 0 0 0 0 0 0 0 0 
0 0 0 0 0 0 0 0 0 0 0 0 0 0 0 0 0 0 0 0 0 0 0 0 0 0 0 0 0 0 0 0 0 0 0 0 0 0 0 0 
0 0 0 0 0 0 0 0 0 0 0 0 0 0 0 0 0 0 0 0 0 0 0 0 0 0 0 0 0 0 0 0 0 0 0 0 0 0 0 0 
0 0 0 0 0 0 0 0 0 0 0 0 0 0 0 0 0 0 0 0 0 0 0 0 0 0 0 0 0 0 0 0 0 0 0 0 0 0 0 0 
0 0 0 0 0 0 0 0 0 0 0 0 0 0 0 0 0 0 0 0 0 0 0 0 0 0 0 0 0 0 0 0 0 0 0 0 0 0 0 0 
0 0 0 0 0 0 0 0 0 0 0 0 0 0 0 0 0 0 0 0 0 0 0 0 0 0 0 0 0 0 0 0 0 0 0 0 0 0 0 0 
0 0 0 0 0 0 0 0 0 0 0 0 0 0 0 0 0 0 0 0 0 0 0 0 0 0 0 0 0 0 0 0 0 0 0 0 0 0 0 0 
<Sigg>
0 0 0 0 0 0 0 0 0 0 0 0 0 0 0 0 0 0 0 0 0 0 0 0 0 0 0 0 0 0 0 0 0 0 0 0 0 0 0 0 
0 0 0 0 0 0 0 0 0 0 0 0 0 0 0 0 0 0 0 0 0 0 0 0 0 0 0 0 0 0 0 0 0 0 0 0 0 0 0 0 
0 0 0 0 0 0 0 0 0 0 0 0 0 0 0 0 0 0 0 0 0 0 0 0 0 0 0 0 0 0 0 0 0 0 0 0 0 0 0 0 
0 0 0 0 0 0 0 0 0 0 0 0 0 0 0 0 0 0 0 0 0 0 0 0 0 0 0 0 0 0 0 0 0 0 0 0 0 0 0 0 
0 0 0 0 0 0 0 0 0 0 0 0 0 0 0 0 0 0 0 0 0 0 0 0 0 0 0 0 0 0 0 0 0 0 0 0 0 0 0 0 
0 0 0 0 0 0 0 0 0 0 0 0 0 0 0 0 0 0 0 0 0 0 0 0 0 0 0 0 0 0 0 0 0 0 0 0 0 0 0 0 
0 0 0 0 0 0 0 0 0 0 0 0 0 0 0 0 0 0 0 0 0 0 0 0 0 0 0 0 0 0 0 0 0 0 0 0 0 0 0 0 
0 0 0 0 0 0 0 0 0 0 0 0 0 0 0 0 0 0 0 0 0 0 0 0 0 0 0 0 0 0 0 0 0 0 0 0 0 0 0 0 
<EZ>
3 0 2 2 1 0 2 0 2 1 -1 2 1 0 1 0 -1 -2 -3 -1 -2 -1 0 -1 -2 -3 0 -1 -1 0 0 -1 -2 -3 -1 0 -1 -2 -1 0 
-2 -1 -1 3 2 1 0 -1 -2 -3 1 0 -1 7 4 5 2 0 -1 0 -1 1 2 3 -1 -3 1 0 -3 2 1 2 1 2 1 -1 2 1 1 2 
1 -3 -5 -1 1 0 2 -1 0 1 -1 -3 2 -1 1 2 -3 0 -1 -1 -1 -1 -1 -1 -2 0 -1 2 1 0 1 1 1 0 1 -1 0 0 -2 -1 
0 -1 0 -2 2 3 3 2 1 0 -1 3 3 2 0 1 1 1 0 1 0 0 4 2 1 1 0 -2 -1 4 0 0 1 0 4 0 -2 2 4 0 
2 -2 0 1 0 -1 -2 1 1 0 0 -1 -2 1 0 -1 -2 3 1 -1 -2 0 3 2 2 1 -3 -1 -1 3 -1 -3 1 2 1 2 1 2 2 1 
1 2 1 0 2 2 -1 1 2 2 0 1 0 -1 -2 1 1 0 0 1 0 -1 -2 3 4 1 0 0 2 3 2 1 2 1 2 1 0 2 1 -2 
-2 -1 1 2 1 0 -1 4 5 -2 -3 0 0 -1 -2 -2 -4 -3 1 1 1 2 1 0 -1 -2 0 -1 -2 0 1 0 -1 -2 1 0 -1 -2 0 1 
0 -2 -1 -1 0 0 -1 -1 -2 2 3 2 0 1 -2 0 3 -1 1 2 1 2 1 0 -1 2 -1 1 2 -1 2 3 2 1 -3 -4 -2 -3 0 1 
2 1 0 -1 1 1 2 1 0 1 0 1 2 0 1 1 0 1 0 -1 -1 4 5 1 2 0 0 0 1 2 -1 -2 0 1 1 2 0 -1 0 -2 
-1 0 -1 -1 0 -2 0 -1 -1 -2 0 -1 -2 -3 0 0 -1 -6 -5 -7 0 -1 -1 0 -3 -2 0 -1 0 -1 -1 -1 0 -1 0 -1 -1 -1 0 2 
0 1 0 -1 -2 1 0 0 2 1 0 -1 1 -1 0 -1 -2 -1 -2 0 3 -1 1 2 1 2 1 0 -1 2 -1 1 2 -1 0 -1 -1 1 -1 -2 
-3 0 0 -1 0 -2 -1 1 0 0 -1 0 -2 -1 2 1 0 -1 1 1 1 0 1 0 1 0 -2 -1 0 0 1 0 0 -2 2 3 0 1 2 1 
2 1 0 1 0 1 -1 -2 1 2 1 0 0 -2 0 0 1 -1 -1 1 0 -1 0 0 0 -1 0 -2 -1 -8 1 0 -1 -2 2 -2 -3 -2 0 -1 
-4 1 1 0 1 1 0 -1 0 0 1 2 2 2 2 2 2 1 0 -1 3 4 1 0 -2 -2 0 -1 1 0 0 1 0 1 3 4 -1 -3 -4 -6 
1 2 3 1 2 3 1 2 3 3 1 2 -6 -2 -3 -4 -5 0 -1 -1 -4 -3 -2 -2 1 0 1 0 -1 1 2 0 1 0 2 3 -2 -2 -2 0 
1 0 -1 0 1 2 1 0 0 -1 -1 -2 1 -3 -1 0 -2 0 -1 0 1 2 0 -2 2 1 3 0 -1 1 2 2 3 0 -2 -4 -3 4 3 2 
1 0 2 1 3 2 1 0 -1 -1 -3 1 0 2 1 -1 -2 0 -1 -1 1 0 -1 -2 1 -2 1 0 0 0 -1 3 2 4 4 1 -1 -2 0 0 
2 1 0 -1 -2 2 2 2 2 0 -1 1 0 2 4 -2 1 0 -1 -2 -2 2 1 3 2 1 0 -2 3 -1 0 -2 0 2 3 4 -1 -3 -4 -6 
1 -1 0 2 3 2 3 1 2 1 2 4 3 1 2 -6 -2 -3 -4 -5 0 -1 1 0 1 0 1 2 0 1 0 2 3 0 1 0 2 0 -1 0 
1 -1 -2 0 -1 0 1 1 2 0 -1 -2 -3 2 0 -1 1 2 2 3 2 0 1 1 1 0 0 -2 -1 -2 -2 -2 0 -2 -1 -2 -2 -2 -2 -2 
-3 0 -4 -1 -2 3 -1 1 2 1 2 1 0 -1 4 4 2 -1 1 2 2 4 1 0 -1 1 3 0 2 -1 0 -2 -1 -2 1 0 -1 -2 0 -2 
-4 1 0 -1 0 1 0 -1 0 -1 -2 2 1 0 -1 1 0 2 1 0 1 1 1 0 1 -1 0 0 -2 3 0 -1 -1 -2 -1 -4 2 0 -1 4 
-6 3 3 2 1 0 -2 2 3 4 3 2 1 3 2 3 2 0 6 5 4 8 10 9 3 -2 0 -1 -2 -5 -2 2 3 0 -2 2 3 2 4 2 
0 -1 1 4 -4 -6 -1 3 3 2 1 0 -1 -2 3 3 2 3 1 2 -6 -2 -4 -5 0 -1 -2 -3 -1 -2 -1 1 0 1 0 -1 -2 2 1 0 
3 0 1 0 0 0 1 2 0 1 0 1 0 1 1 -6 2 3 2 1 -1 1 0 -1 -2 1 1 -2 -4 0 -1 -6 0 -1 1 -2 -4 0 -2 0 
1 0 -2 -4 2 2 3 0 2 2 -2 2 0 1 0 -1 -2 1 0 -2 -4 1 0 -1 -3 0 -1 0 -1 -2 3 1 -2 -1 -2 0 4 -4 3 2 
3 2 1 0 -1 -2 2 3 2 0 -2 8 3 1 0 8 3 0 -2 2 0 -1 1 0 0 0 0 0 0 0 0 0 0 0 0 0 0 0 0 0 
0 0 0 0 0 0 0 0 0 0 0 0 0 0 0 0 0 0 0 0 0 0 0 0 0 0 0 0 0 0 0 0 0 0 0 0 0 0 0 0 
0 0 0 0 0 0 0 0 0 0 0 0 0 0 0 0 0 0 0 0 0 0 0 0 0 0 0 0 0 0 0 0 0 0 0 0 0 0 0 0 
0 0 0 0 0 0 0 0 0 0 0 0 0 0 0 0 0 0 0 0 0 0 0 0 0 0 0 0 0 0 0 0 0 0 0 0 0 0 0 0 
0 0 0 0 0 0 0 0 0 0 0 0 0 0 0 0 0 0 0 0 0 0 0 0 0 0 0 0 0 0 0 0 0 0 0 0 0 0 0 0 
0 0 0 0 0 0 0 0 0 0 0 0 0 0 0 0 0 0 0 0 0 0 0 0 0 0 0 0 0 0 0 0 0 0 0 0 0 0 0 0 
0 0 0 0 0 0 0 0 0 0 0 0 0 0 0 0 0 0 0 0 0 0 0 0 0 0 0 0 0 0 0 0 0 0 0 0 0 0 0 0 
0 0 0 0 0 0 0 0 0 0 0 0 0 0 0 0 0 0 0 0 0 0 0 0 0 0 0 0 0 0 0 0 0 0 0 0 0 0 0 0 
0 0 0 0 0 0 0 0 0 0 0 0 0 0 0 0 0 0 0 0 0 0 0 0 0 0 0 0 0 0 0 0 
<Xcond>
0 0 0 0 0 0 0 0 0 0 0 0 0 0 0 0 0 0 0 0 0 0 0 0 0 0 0 0 0 0 0 0 0 0 0 0 0 0 0 0 
0 0 0 0 0 0 0 0 0 0 0 0 0 0 0 0 0 0 0 0 0 0 0 0 0 0 0 0 0 0 0 0 0 0 0 0 0 0 0 0 
0 0 0 0 0 0 0 0 0 0 0 0 0 0 0 0 0 0 0 0 0 0 0 0 0 0 0 0 0 0 0 0 0 0 0 0 0 0 0 0 
0 0 0 0 0 0 0 0 0 0 0 0 0 0 0 0 0 0 0 0 0 0 0 0 0 0 0 0 0 0 0 0 0 0 0 0 0 0 0 0 
0 0 0 0 0 0 0 0 0 0 0 0 0 0 0 0 0 0 0 0 0 0 0 0 0 0 0 0 0 0 0 0 0 0 0 0 0 0 0 0 
0 0 0 0 0 0 0 0 0 0 0 0 0 0 0 0 0 0 0 0 0 0 0 0 0 0 0 0 0 0 0 0 0 0 0 0 0 0 0 0 
0 0 0 0 0 0 0 0 0 0 0 0 0 0 0 0 0 0 0 0 0 0 0 0 0 0 0 0 0 0 0 0 0 0 0 0 0 0 0 0 
0 0 0 0 0 0 0 0 0 0 0 0 0 0 0 0 0 0 0 0 0 0 0 0 0 0 0 0 0 0 0 0 0 0 0 0 0 0 0 0 
<Xeps>
0 0 0 0 0 0 0 0 0 0 0 0 0 0 0 0 0 0 0 0 0 0 0 0 0 0 0 0 0 0 0 0 0 0 0 0 0 0 0 0 
0 0 0 0 0 0 0 0 0 0 0 0 0 0 0 0 0 0 0 0 0 0 0 0 0 0 0 0 0 0 0 0 0 0 0 0 0 0 0 0 
0 0 0 0 0 0 0 0 0 0 0 0 0 0 0 0 0 0 0 0 0 0 0 0 0 0 0 0 0 0 0 0 0 0 0 0 0 0 0 0 
0 0 0 0 0 0 0 0 0 0 0 0 0 0 0 0 0 0 0 0 0 0 0 0 0 0 0 0 0 0 0 0 0 0 0 0 0 0 0 0 
0 0 0 0 0 0 0 0 0 0 0 0 0 0 0 0 0 0 0 0 0 0 0 0 0 0 0 0 0 0 0 0 0 0 0 0 0 0 0 0 
0 0 0 0 0 0 0 0 0 0 0 0 0 0 0 0 0 0 0 0 0 0 0 0 0 0 0 0 0 0 0 0 0 0 0 0 0 0 0 0 
0 0 0 0 0 0 0 0 0 0 0 0 0 0 0 0 0 0 0 0 0 0 0 0 0 0 0 0 0 0 0 0 0 0 0 0 0 0 0 0 
0 0 0 0 0 0 0 0 0 0 0 0 0 0 0 0 0 0 0 0 0 0 0 0 0 0 0 0 0 0 0 0 0 0 0 0 0 0 0 0 
<Fug>
0 2.06446638430071e-05 1.39188174867983e-08 0.465552336703777 1.95373380947482e-15 1.70581514562898e-13 1.05786208878756e-07 1.00838689365314e-06 1.04521427219404e-06 0 
<Fug_l>
-20.1236130499597 -4.68519216381493 -7.85639762546607 -0.332031487740986 -14.70913454348 -12.7680679779306 -6.9755709160813 -5.99637278135326 -5.98079464248879 -51.8325713748903 
<Ppg_l>
-20.1236130499597 -4.68519216381493 -7.85639762546607 -0.332031487740986 -14.70913454348 -12.7680679779306 -6.9755709160813 -5.99637278135326 -5.98079464248879 -51.8325713748903 
<sMod>
'SNNSNNNN' 'INNINNNN' 
<LsMod>
2955 2 2 0 0 0 
<IPxPH>
187 605 188 605 499 605 187 579 188 579 499 579 187 572 188 572 499 572 187 606 188 606 499 606 187 756 188 756 499 756 187 735 188 735 499 735 187 976 188 976 
499 976 187 948 188 948 499 948 187 975 188 975 499 975 187 977 188 977 499 977 187 991 188 991 499 991 187 940 188 940 499 940 187 978 188 978 499 978 187 979 
188 979 499 979 187 980 188 980 499 980 187 986 188 986 499 986 187 981 188 981 499 981 187 949 188 949 499 949 187 1 188 1 499 1 187 7 188 7 499 7 
187 9 188 9 499 9 187 10 188 10 499 10 187 0 188 0 499 0 187 2 188 2 499 2 187 3 188 3 499 3 187 4 188 4 499 4 187 5 188 5 
499 5 187 6 188 6 499 6 187 8 188 8 499 8 187 11 188 11 499 11 187 12 188 12 499 12 187 13 188 13 13 499 187 19 188 19 499 19 187 20 
188 20 499 20 187 28 188 28 499 28 187 34 188 34 499 34 187 36 188 36 499 36 187 40 188 40 499 40 187 14 188 14 499 14 187 37 188 37 499 37 
187 39 188 39 39 499 187 15 188 15 499 15 187 16 188 16 499 16 187 17 188 17 499 17 187 18 188 18 499 18 187 22 188 22 499 22 187 23 188 23 
499 23 187 24 188 24 499 24 187 25 188 25 499 25 187 21 188 21 499 21 187 26 188 26 499 26 187 27 188 27 499 27 187 29 188 29 499 29 187 30 
188 30 499 30 187 31 188 31 499 31 187 32 188 32 499 32 187 33 188 33 499 33 187 35 188 35 499 35 187 41 188 41 499 41 187 42 188 42 499 42 
187 38 188 38 499 38 187 50 50 188 50 499 187 57 57 188 57 499 58 187 188 58 499 58 187 51 188 51 51 499 187 52 188 52 499 52 187 60 188 60 
499 60 187 43 188 43 499 43 187 53 188 53 499 53 187 54 188 54 499 54 187 55 188 55 499 55 187 44 188 44 499 44 187 45 188 45 499 45 187 46 
188 46 499 46 187 47 188 47 499 47 187 48 188 48 499 48 187 49 188 49 499 49 187 56 188 56 499 56 187 59 188 59 499 59 187 62 188 62 499 62 
187 61 188 61 499 61 187 67 188 67 499 67 187 68 188 68 499 68 187 64 188 64 499 64 187 65 188 65 499 65 187 74 188 74 499 74 187 75 188 75 
499 75 187 78 188 78 499 78 187 84 188 84 499 84 187 85 188 85 499 85 187 89 188 89 499 89 187 90 188 90 499 90 187 91 188 91 499 91 187 93 
188 93 499 93 187 63 188 63 499 63 187 69 188 69 499 69 187 70 188 70 499 70 187 66 188 66 499 66 187 71 188 71 499 71 187 72 188 72 499 72 
187 76 188 76 499 76 187 73 188 73 499 73 187 77 188 77 499 77 187 79 188 79 499 79 187 81 188 81 499 81 187 82 188 82 499 82 187 87 188 87 
499 87 187 80 188 80 499 80 187 83 188 83 499 83 187 88 188 88 499 88 187 86 188 86 499 86 187 92 188 92 499 92 187 95 188 95 499 95 187 94 
188 94 499 94 187 97 188 97 499 97 187 98 188 98 499 98 187 96 188 96 499 96 187 105 188 105 499 105 187 106 188 106 499 106 187 107 188 107 499 107 
187 117 188 117 499 117 187 109 188 109 499 109 187 110 188 110 499 110 187 112 188 112 499 112 187 111 188 111 499 111 187 113 188 113 499 113 187 114 188 114 
499 114 187 115 188 115 499 115 187 116 188 116 499 116 187 118 188 118 499 118 187 119 188 119 499 119 187 130 188 130 499 130 187 137 188 137 499 137 187 138 
188 138 499 138 187 146 188 146 499 146 187 147 188 147 499 147 187 124 188 124 499 124 187 125 188 125 499 125 187 131 188 131 499 131 187 155 188 155 499 155 
187 157 188 157 499 157 187 126 188 126 499 126 187 132 188 132 499 132 187 143 188 143 499 143 187 158 188 158 499 158 187 142 188 142 499 142 187 149 188 149 
499 149 187 154 188 154 499 154 187 127 188 127 499 127 187 133 188 133 499 133 187 129 188 129 499 129 187 135 188 135 499 135 187 139 188 139 499 139 187 136 
188 136 499 136 187 140 188 140 499 140 187 141 188 141 499 141 187 144 188 144 499 144 187 145 188 145 499 145 187 148 188 148 499 148 187 151 188 151 499 151 
187 152 188 152 499 152 187 153 188 153 499 153 187 150 188 150 499 150 187 156 188 156 499 156 187 159 188 159 499 159 187 161 188 161 499 161 187 170 188 170 
499 170 187 171 188 171 499 171 187 172 188 172 499 172 187 174 188 174 499 174 187 175 188 175 499 175 187 176 188 176 499 176 187 180 188 180 499 180 187 160 
188 160 499 160 187 177 188 177 499 177 187 163 188 163 499 163 187 164 188 164 499 164 187 165 188 165 499 165 187 166 188 166 499 166 187 162 188 162 499 162 
187 168 188 168 499 168 187 167 188 167 499 167 187 169 188 169 499 169 187 173 188 173 499 173 187 178 188 178 499 178 187 179 188 179 499 179 187 181 188 181 
499 181 187 182 188 182 499 182 187 183 188 183 499 183 187 184 188 184 499 184 187 185 188 185 499 185 187 120 188 120 499 120 187 186 188 186 499 186 187 190 
188 190 499 190 187 191 188 191 499 191 187 200 188 200 499 200 187 202 188 202 499 202 187 203 188 203 499 203 187 206 188 206 499 206 187 189 188 189 499 189 
187 193 188 193 499 193 187 194 188 194 499 194 187 192 188 192 499 192 187 195 188 195 499 195 187 196 188 196 499 196 187 198 188 198 499 198 187 197 188 197 
499 197 187 199 188 199 499 199 187 201 188 201 499 201 187 204 188 204 499 204 187 205 188 205 499 205 187 208 188 208 499 208 187 207 188 207 499 207 187 121 
188 121 499 121 187 122 188 122 499 122 187 123 188 123 499 123 187 259 188 259 499 259 187 265 188 265 499 265 187 267 188 267 499 267 187 282 188 282 499 282 
187 281 188 281 499 281 187 276 188 276 499 276 187 275 188 275 499 275 187 277 188 277 499 277 187 283 188 283 499 283 187 286 188 286 499 286 187 285 188 285 
499 285 187 287 188 287 499 287 187 288 188 288 499 288 187 260 188 260 499 260 187 261 188 261 499 261 187 289 188 289 499 289 187 268 188 268 499 268 187 290 
188 290 499 290 187 294 188 294 499 294 187 291 188 291 499 291 187 269 188 269 499 269 187 270 188 270 499 270 187 272 188 272 499 272 187 271 188 271 499 271 
187 273 188 273 499 273 187 266 188 266 499 266 187 278 188 278 499 278 187 279 188 279 499 279 187 274 188 274 499 274 187 280 188 280 499 280 187 284 188 284 
499 284 187 292 188 292 499 292 187 293 188 293 499 293 187 295 188 295 499 295 187 297 188 297 499 297 187 302 188 302 499 302 187 303 188 303 499 303 187 304 
188 304 499 304 187 306 188 306 499 306 187 296 188 296 499 296 187 298 188 298 499 298 187 299 188 299 499 299 187 300 188 300 499 300 187 301 188 301 499 301 
187 305 188 305 499 305 187 308 188 308 499 308 187 307 188 307 499 307 187 309 188 309 499 309 187 314 188 314 499 314 187 315 188 315 499 315 187 316 188 316 
499 316 187 317 188 317 499 317 187 328 188 328 499 328 187 333 188 333 499 333 187 336 188 336 499 336 187 337 188 337 499 337 187 339 188 339 499 339 187 338 
188 338 499 338 187 340 188 340 499 340 187 345 188 345 499 345 187 348 188 348 499 348 187 350 188 350 499 350 187 351 188 351 499 351 187 310 188 310 499 310 
187 311 188 311 499 311 187 341 188 341 499 341 187 342 188 342 499 342 187 319 188 319 499 319 187 320 188 320 499 320 187 321 188 321 499 321 187 322 188 322 
499 322 187 323 188 323 499 323 187 318 188 318 499 318 187 325 188 325 499 325 187 326 188 326 499 326 187 327 188 327 499 327 187 329 188 329 499 329 187 330 
188 330 499 330 187 335 188 335 499 335 187 334 188 334 499 334 187 331 188 331 499 331 187 332 188 332 499 332 187 343 188 343 499 343 187 344 188 344 499 344 
187 346 188 346 499 346 187 347 188 347 499 347 187 349 188 349 499 349 187 354 188 354 499 354 187 355 188 355 499 355 187 352 188 352 499 352 187 353 188 353 
499 353 187 1062 188 1062 499 1062 187 356 188 356 499 356 187 357 188 357 499 357 187 363 188 363 499 363 187 372 188 372 499 372 187 375 188 375 499 375 187 377 
188 377 499 377 187 380 188 380 499 380 187 386 188 386 386 499 187 382 188 382 499 382 187 388 188 388 499 388 187 392 188 392 499 392 187 394 188 394 499 394 
187 358 188 358 499 358 187 364 188 364 499 364 187 378 188 378 499 378 187 383 188 383 499 383 187 359 188 359 499 359 187 365 188 365 499 365 187 361 188 361 
499 361 187 362 188 362 499 362 187 370 188 370 499 370 187 371 188 371 499 371 187 373 188 373 499 373 187 398 188 398 398 499 187 407 188 407 499 407 187 410 
188 410 499 410 187 411 188 411 499 411 187 418 188 418 499 418 187 399 188 399 499 399 187 408 188 408 499 408 187 409 188 409 499 409 187 401 188 401 499 401 
187 402 188 402 499 402 187 403 188 403 499 403 187 404 188 404 499 404 187 400 188 400 499 400 187 405 188 405 499 405 187 406 188 406 499 406 187 412 188 412 
499 412 187 414 188 414 499 414 187 413 188 413 499 413 187 415 188 415 499 415 187 417 188 417 499 417 187 416 188 416 499 416 187 419 188 419 499 419 187 374 
188 374 499 374 187 376 188 376 499 376 187 379 188 379 499 379 187 421 188 421 499 421 187 426 188 426 499 426 187 427 188 427 499 427 187 428 188 428 499 428 
187 430 188 430 499 430 187 420 188 420 499 420 187 422 188 422 499 422 187 423 188 423 499 423 187 424 188 424 499 424 187 425 188 425 499 425 187 429 188 429 
499 429 187 432 188 432 499 432 187 431 188 431 499 431 187 381 188 381 499 381 187 384 188 384 499 384 187 387 188 387 387 499 187 385 188 385 499 385 187 389 
188 389 499 389 187 393 188 393 499 393 187 397 188 397 499 397 187 395 188 395 499 395 187 396 188 396 499 396 187 390 188 390 499 390 187 391 188 391 499 391 
187 433 188 433 499 433 187 434 188 434 499 434 187 435 188 435 499 435 187 436 188 436 499 436 187 437 188 437 499 437 187 438 188 438 499 438 187 439 188 439 
499 439 187 440 188 440 499 440 187 442 188 442 499 442 187 441 188 441 499 441 187 443 188 443 499 443 187 444 188 444 499 444 187 445 188 445 499 445 187 446 
188 446 499 446 447 187 447 188 447 499 187 448 188 448 499 448 187 449 188 449 499 449 187 450 188 450 499 450 187 451 188 451 499 451 187 452 188 452 499 452 
187 453 188 453 499 453 187 457 188 457 499 457 187 460 188 460 499 460 187 461 188 461 499 461 187 465 188 465 499 465 187 466 188 466 499 466 187 454 188 454 
499 454 187 472 188 472 499 472 187 456 188 456 499 456 187 458 188 458 499 458 187 462 188 462 499 462 187 459 188 459 499 459 187 463 188 463 499 463 187 464 
188 464 499 464 187 467 188 467 499 467 187 469 188 469 499 469 187 470 188 470 499 470 187 471 188 471 499 471 187 468 188 468 499 468 187 473 188 473 499 473 
187 484 188 484 499 484 187 485 188 485 499 485 187 486 188 486 499 486 187 487 188 487 499 487 187 474 188 474 499 474 187 475 188 475 499 475 187 477 188 477 
499 477 187 478 188 478 499 478 187 476 188 476 499 476 187 479 188 479 499 479 187 480 188 480 499 480 187 481 188 481 499 481 187 482 188 482 499 482 187 483 
188 483 499 483 187 488 188 488 499 488 187 489 188 489 499 489 187 490 188 490 499 490 187 492 188 492 499 492 187 491 188 491 499 491 187 493 188 493 499 493 
187 494 188 494 499 494 187 501 188 501 499 501 187 502 188 502 499 502 187 504 188 504 499 504 187 503 188 503 499 503 187 505 188 505 499 505 187 506 188 506 
499 506 187 507 188 507 499 507 187 508 188 508 499 508 187 510 188 510 499 510 187 511 188 511 499 511 187 512 188 512 499 512 187 513 188 513 499 513 187 509 
188 509 499 509 187 495 188 495 499 495 187 496 188 496 499 496 187 519 188 519 499 519 187 520 188 520 499 520 187 515 188 515 499 515 187 516 188 516 499 516 
187 517 188 517 499 517 187 525 188 525 499 525 187 526 188 526 499 526 187 529 188 529 499 529 187 531 188 531 499 531 187 532 188 532 499 532 187 533 188 533 
499 533 187 534 188 534 499 534 187 535 188 535 499 535 187 538 188 538 499 538 187 539 188 539 499 539 187 543 188 543 499 543 187 544 188 544 499 544 187 546 
188 546 499 546 187 547 188 547 499 547 187 550 188 550 499 550 187 514 188 514 499 514 187 540 188 540 499 540 187 541 188 541 499 541 187 521 188 521 499 521 
187 518 188 518 499 518 187 522 188 522 499 522 187 523 188 523 499 523 187 524 188 524 499 524 187 527 188 527 499 527 187 528 188 528 499 528 187 530 188 530 
499 530 187 536 188 536 499 536 187 537 188 537 499 537 187 542 188 542 499 542 187 545 188 545 499 545 187 548 188 548 499 548 187 551 188 551 499 551 187 552 
188 552 499 552 187 553 188 553 499 553 187 549 188 549 499 549 187 497 188 497 497 499 187 498 188 498 499 498 187 556 188 556 499 556 187 557 188 557 499 557 
187 558 188 558 499 558 187 559 188 559 499 559 187 596 188 596 499 596 187 589 188 589 499 589 187 590 188 590 499 590 187 591 188 591 499 591 187 592 188 592 
499 592 187 593 188 593 499 593 187 597 188 597 499 597 187 621 188 621 499 621 187 622 188 622 499 622 187 623 188 623 499 623 187 624 188 624 499 624 187 625 
188 625 499 625 187 628 188 628 499 628 187 627 188 627 499 627 187 554 188 554 499 554 187 555 188 555 499 555 187 561 188 561 499 561 187 562 188 562 499 562 
187 563 188 563 499 563 187 560 188 560 499 560 187 564 188 564 499 564 187 565 188 565 499 565 187 566 188 566 499 566 187 567 188 567 499 567 187 568 188 568 
499 568 187 569 188 569 499 569 187 573 188 573 499 573 187 574 188 574 499 574 187 580 188 580 499 580 187 575 188 575 499 575 187 576 188 576 499 576 187 598 
188 598 499 598 187 607 188 607 499 607 187 609 188 609 499 609 187 608 188 608 499 608 187 610 188 610 499 610 187 611 188 611 499 611 187 613 188 613 499 613 
187 616 188 616 499 616 187 570 188 570 499 570 187 571 188 571 499 571 187 583 188 583 499 583 187 584 188 584 499 584 187 578 188 578 499 578 187 577 188 577 
499 577 187 581 188 581 499 581 187 582 188 582 499 582 187 585 188 585 499 585 187 586 188 586 499 586 187 588 188 588 499 588 187 587 188 587 499 587 187 599 
188 599 499 599 187 600 188 600 499 600 187 602 188 602 499 602 187 601 188 601 499 601 187 603 188 603 499 603 187 604 188 604 499 604 187 612 188 612 499 612 
187 614 188 614 499 614 187 615 188 615 499 615 187 619 188 619 499 619 187 620 188 620 499 620 187 618 188 618 499 618 187 617 188 617 499 617 187 594 188 594 
499 594 187 595 188 595 499 595 187 626 188 626 499 626 187 631 188 631 499 631 187 632 188 632 499 632 187 629 188 629 499 629 187 630 188 630 499 630 187 633 
188 633 499 633 187 1061 188 1061 499 1061 187 634 188 634 499 634 187 635 188 635 499 635 187 642 188 642 499 642 187 643 188 643 499 643 187 637 188 637 499 637 
187 645 188 645 499 645 187 646 188 646 499 646 187 647 188 647 499 647 187 648 188 648 499 648 187 649 188 649 499 649 187 650 188 650 499 650 187 638 188 638 
499 638 187 639 188 639 499 639 187 640 188 640 499 640 187 641 188 641 499 641 187 644 188 644 499 644 187 651 188 651 499 651 187 652 188 652 499 652 187 656 
188 656 499 656 187 658 188 658 499 658 187 659 188 659 499 659 187 665 188 665 499 665 187 668 188 668 499 668 187 669 188 669 499 669 187 670 188 670 499 670 
187 677 188 677 499 677 187 653 188 653 499 653 187 671 188 671 499 671 187 672 188 672 499 672 187 673 188 673 499 673 187 674 188 674 499 674 187 660 188 660 
499 660 187 661 188 661 499 661 187 662 188 662 499 662 187 663 188 663 499 663 187 657 188 657 499 657 187 666 188 666 499 666 187 664 188 664 499 664 187 667 
188 667 499 667 187 675 188 675 499 675 187 676 188 676 499 676 187 678 188 678 499 678 187 679 188 679 679 499 187 685 188 685 499 685 187 686 188 686 499 686 
187 687 188 687 499 687 187 689 188 689 499 689 187 690 188 690 499 690 187 680 188 680 499 680 187 681 188 681 499 681 187 682 188 682 499 682 187 683 188 683 
499 683 187 684 188 684 499 684 187 688 188 688 499 688 187 691 188 691 499 691 187 695 188 695 695 499 187 692 188 692 692 499 187 701 188 701 499 701 187 702 
188 702 499 702 187 704 188 704 499 704 187 705 188 705 499 705 187 706 188 706 499 706 187 707 188 707 499 707 187 709 188 709 499 709 187 710 188 710 499 710 
187 711 188 711 499 711 187 693 188 693 499 693 187 694 188 694 499 694 187 636 188 636 499 636 187 696 188 696 499 696 187 697 188 697 499 697 187 698 188 698 
499 698 187 699 188 699 699 499 187 700 188 700 499 700 187 703 188 703 499 703 187 708 188 708 499 708 187 712 188 712 712 499 187 713 188 713 499 713 187 722 
188 722 499 722 187 716 188 716 499 716 187 717 188 717 499 717 187 718 188 718 499 718 187 719 188 719 499 719 187 729 188 729 499 729 187 746 188 746 499 746 
187 747 188 747 499 747 187 748 188 748 499 748 187 749 188 749 499 749 187 750 188 750 499 750 187 767 188 767 499 767 187 768 188 768 499 768 187 770 188 770 
499 770 187 769 188 769 499 769 187 771 188 771 499 771 187 772 188 772 499 772 187 775 188 775 499 775 187 774 188 774 499 774 187 714 188 714 499 714 187 715 
188 715 499 715 187 723 188 723 499 723 187 724 188 724 499 724 187 721 188 721 499 721 187 720 188 720 499 720 187 725 188 725 499 725 187 726 188 726 499 726 
187 727 188 727 499 727 187 728 188 728 499 728 187 730 188 730 499 730 187 731 188 731 499 731 187 732 188 732 499 732 187 736 188 736 499 736 187 737 188 737 
499 737 187 738 188 738 499 738 187 739 188 739 499 739 187 753 188 753 499 753 187 757 188 757 499 757 187 758 188 758 499 758 187 762 188 762 499 762 187 733 
188 733 499 733 187 734 188 734 499 734 187 742 188 742 499 742 187 743 188 743 499 743 187 741 188 741 499 741 187 740 188 740 499 740 187 744 188 744 499 744 
187 745 188 745 499 745 187 754 188 754 499 754 187 755 188 755 499 755 187 759 188 759 499 759 187 760 188 760 499 760 187 761 188 761 499 761 187 765 188 765 
499 765 187 766 188 766 499 766 187 764 188 764 499 764 187 763 188 763 499 763 187 751 188 751 499 751 187 752 188 752 499 752 187 773 188 773 499 773 187 778 
188 778 499 778 187 779 188 779 499 779 187 776 188 776 499 776 187 777 188 777 499 777 187 780 188 780 499 780 187 781 188 781 499 781 187 782 188 782 499 782 
187 783 188 783 499 783 187 784 188 784 499 784 187 785 188 785 499 785 187 787 188 787 499 787 187 786 188 786 786 499 187 789 188 789 499 789 187 788 188 788 
499 788 187 793 188 793 499 793 187 792 188 792 499 792 187 797 188 797 499 797 187 798 188 798 499 798 187 799 188 799 499 799 187 794 188 794 499 794 187 795 
188 795 499 795 187 796 188 796 499 796 187 801 188 801 499 801 187 802 188 802 499 802 187 800 188 800 499 800 187 803 188 803 499 803 187 804 188 804 499 804 
187 806 188 806 499 806 187 811 188 811 499 811 187 812 188 812 499 812 187 813 188 813 499 813 187 817 188 817 499 817 187 805 188 805 499 805 187 814 188 814 
499 814 187 815 188 815 499 815 187 807 188 807 499 807 187 808 188 808 499 808 187 809 188 809 499 809 187 810 188 810 499 810 187 816 188 816 499 816 187 819 
188 819 499 819 187 818 188 818 499 818 187 838 188 838 499 838 187 839 188 839 499 839 187 840 188 840 499 840 187 844 188 844 499 844 187 846 188 846 499 846 
187 847 188 847 499 847 187 848 188 848 499 848 187 849 188 849 499 849 187 850 188 850 499 850 187 853 188 853 499 853 187 820 188 820 499 820 187 821 188 821 
499 821 187 851 188 851 499 851 187 822 188 822 499 822 187 823 188 823 499 823 187 824 188 824 499 824 187 825 188 825 499 825 187 826 188 826 499 826 187 827 
188 827 499 827 187 828 188 828 499 828 187 829 188 829 499 829 187 831 188 831 499 831 187 830 188 830 499 830 187 832 188 832 499 832 187 833 188 833 499 833 
187 834 188 834 499 834 187 835 188 835 499 835 187 836 188 836 499 836 187 837 188 837 499 837 187 841 188 841 499 841 187 843 188 843 499 843 187 842 188 842 
499 842 187 845 188 845 499 845 187 852 188 852 499 852 187 854 188 854 499 854 187 855 188 855 499 855 187 856 188 856 499 856 187 790 188 790 499 790 187 791 
188 791 499 791 187 857 188 857 499 857 187 867 188 867 499 867 187 859 188 859 499 859 187 860 188 860 499 860 187 862 188 862 499 862 187 861 188 861 499 861 
187 863 188 863 499 863 187 864 188 864 499 864 187 865 188 865 499 865 187 866 188 866 499 866 187 868 188 868 499 868 187 869 188 869 869 499 187 876 188 876 
499 876 187 875 188 875 499 875 187 872 188 872 499 872 187 873 188 873 499 873 187 870 188 870 499 870 187 871 188 871 499 871 187 877 188 877 499 877 187 878 
188 878 499 878 187 874 188 874 874 499 187 880 188 880 499 880 187 887 188 887 499 887 187 890 188 890 499 890 187 891 188 891 499 891 187 892 188 892 499 892 
187 894 188 894 499 894 187 905 188 905 499 905 187 896 188 896 499 896 187 906 188 906 499 906 187 910 188 910 499 910 187 907 188 907 499 907 187 897 188 897 
499 897 187 908 188 908 499 908 187 911 188 911 499 911 187 913 188 913 499 913 187 914 188 914 499 914 187 879 188 879 499 879 187 898 188 898 499 898 187 899 
188 899 499 899 187 900 188 900 499 900 187 901 188 901 499 901 187 902 188 902 499 902 187 903 188 903 499 903 187 881 188 881 499 881 187 882 188 882 499 882 
187 883 188 883 499 883 187 884 188 884 499 884 187 885 188 885 499 885 187 886 188 886 499 886 187 888 188 888 499 888 187 889 188 889 499 889 187 893 188 893 
499 893 187 895 188 895 499 895 187 909 188 909 499 909 187 904 188 904 499 904 187 912 188 912 499 912 187 915 188 915 499 915 187 916 188 916 499 916 187 918 
188 918 499 918 187 920 188 920 499 920 187 921 188 921 499 921 187 917 188 917 499 917 187 919 188 919 499 919 187 922 188 922 499 922 187 924 188 924 499 924 
187 925 188 925 499 925 187 936 188 936 499 936 187 957 188 957 499 957 187 958 188 958 499 958 187 959 188 959 499 959 187 1001 188 1001 499 1001 187 1002 188 1002 
499 1002 187 1003 188 1003 499 1003 187 1005 188 1005 499 1005 187 1007 188 1007 499 1007 187 923 188 923 499 923 187 927 188 927 499 927 187 926 188 926 499 926 187 928 
188 928 499 928 187 929 188 929 499 929 187 930 188 930 499 930 187 931 188 931 499 931 187 932 188 932 499 932 187 933 188 933 499 933 187 934 188 934 499 934 
187 935 188 935 499 935 187 937 188 937 499 937 187 941 188 941 499 941 187 942 188 942 499 942 187 943 188 943 499 943 187 961 188 961 499 961 187 969 188 969 
499 969 187 965 188 965 499 965 187 964 188 964 499 964 187 970 188 970 499 970 187 972 188 972 499 972 187 982 188 982 499 982 187 983 188 983 499 983 187 984 
188 984 499 984 187 987 188 987 499 987 187 988 188 988 499 988 187 992 188 992 499 992 187 993 188 993 499 993 187 998 188 998 499 998 187 995 188 995 499 995 
187 996 188 996 499 996 187 938 188 938 499 938 187 939 188 939 499 939 187 950 188 950 499 950 187 951 188 951 499 951 187 952 188 952 499 952 187 944 188 944 
499 944 187 945 188 945 499 945 187 946 188 946 499 946 187 947 188 947 499 947 187 953 188 953 499 953 187 954 188 954 499 954 187 955 188 955 499 955 187 956 
188 956 499 956 187 962 188 962 499 962 187 966 188 966 499 966 187 967 188 967 499 967 187 963 188 963 499 963 187 968 188 968 499 968 187 971 188 971 499 971 
187 973 188 973 499 973 187 974 188 974 499 974 187 985 188 985 499 985 187 989 188 989 499 989 187 990 188 990 499 990 187 994 188 994 499 994 187 999 188 999 
499 999 187 1000 188 1000 499 1000 187 997 188 997 499 997 187 960 188 960 499 960 187 1004 188 1004 499 1004 187 1006 188 1006 499 1006 187 1008 188 1008 499 1008 187 1010 
188 1010 499 1010 187 1023 188 1023 499 1023 187 1018 188 1018 499 1018 187 1024 188 1024 499 1024 187 1019 188 1019 499 1019 187 1020 188 1020 499 1020 187 1025 188 1025 499 1025 
187 1026 188 1026 499 1026 187 1027 188 1027 499 1027 187 1032 188 1032 499 1032 187 1028 188 1028 499 1028 187 1029 188 1029 499 1029 187 1034 188 1034 499 1034 187 1009 188 1009 
499 1009 187 1011 188 1011 499 1011 187 1030 188 1030 499 1030 187 1013 188 1013 499 1013 187 1014 188 1014 499 1014 187 1015 188 1015 499 1015 187 1016 188 1016 499 1016 187 1012 
188 1012 499 1012 187 1021 188 1021 499 1021 187 1017 188 1017 499 1017 187 1022 188 1022 499 1022 187 1031 188 1031 499 1031 187 1033 188 1033 499 1033 187 1035 188 1035 499 1035 
187 1037 188 1037 499 1037 187 1046 188 1046 499 1046 187 1048 188 1048 499 1048 187 1049 188 1049 499 1049 187 1050 188 1050 499 1050 187 1057 188 1057 499 1057 187 1058 188 1058 
499 1058 187 1036 188 1036 499 1036 187 1051 188 1051 499 1051 187 1052 188 1052 499 1052 187 1053 188 1053 499 1053 187 1054 188 1054 499 1054 187 1055 188 1055 499 1055 187 1038 
188 1038 499 1038 187 1039 188 1039 499 1039 187 1040 188 1040 499 1040 187 1041 188 1041 499 1041 187 1042 188 1042 499 1042 187 1043 188 1043 499 1043 187 1044 188 1044 499 1044 
187 1045 188 1045 499 1045 187 1047 188 1047 499 1047 187 1056 188 1056 499 1056 187 1059 188 1059 499 1059 229 187 209 187 209 188 
<PMc>
0.150000005960464 0 0.569999992847443 0 0 0 0 0 0 0 0 0 0 0 0 0 -0.46000000834465 0 0.0500000007450581 0 0.449999988079071 0 0 0 0.150000005960464 0 0.400000005960464 0 0 0 0 0 0 0 0.370000004768372 0 0.689999997615814 0 0.569999992847443 0 
0 0 0 0 0 0 0 0 0 0 0 0 0.0900000035762787 0 0.25 0 0.600000023841858 0 0 0 0 0 0 0 0.370000004768372 0 0 0 0 0 0.370000004768372 0 0.5 0 0.889999985694885 0 0 0 0.810000002384186 0 
0.449999988079071 0 0 0 0 0 0 0 -0.0500000007450581 0 0.0500000007450581 0 0 0 0 0 0.0500000007450581 0 0.200000002980232 0 0 0 0 0 0 0 -0.100000001490116 0 0 0 0 0 0 0 0 0 0 0 0 0 
0.0799999982118607 0 0.0799999982118607 0 0 0 0 0 0 0 0.209999993443489 0 0.600000023841858 0 0.600000023841858 0 0 0 0.400000005960464 0 0.400000005960464 0 0 0 0.400000005960464 0 0.400000005960464 0 0 0 0.200000002980232 0 0.200000002980232 0 0 0 0 0 0 0 
0 0 0.400000005960464 0 0.400000005960464 0 0 0 0.400000005960464 0 0.400000005960464 0 0 0 0.400000005960464 0 0.400000005960464 0 0 0 0.200000002980232 0 0.200000002980232 0 0 0 0 0 0 0 0 0 0 0 0 0 0.230000004172325 0 0 0 
0 0 0.300000011920929 0 0 0 0 0 0.100000001490116 0 0 0 0 0 -0.0500000007450581 0 0 0 0 0 0.0500000007450581 0 0 0 0 0 -0.100000001490116 0 0 0 0 0 0 0 0 0 0 0 0.100000001490116 0 
0 0 0 0 0 0 0 0 0 0 0 0 0 0 0 0 -0.0500000007450581 0 0 0 0 0 -0.100000001490116 0 0 0 0 0 -0.150000005960464 0 0 0 0 0 0 0 0 0 0 0 
-0.0500000007450581 0 0 0 0 0 -0.100000001490116 0 0 0 0 0 -0.150000005960464 0 0 0 0 0 -0.0500000007450581 0 0 0 0 0 0 0 0 0 0 0 -0.0500000007450581 0 0 0 0 0 0 0 0 0 
0 0 0 0 0 0 0 0 -0.0500000007450581 0 0 0 0 0 -0.100000001490116 0 0 0 0 0 -0.150000005960464 0 0 0 0 0 0 0 0 0 0 0 -0.0500000007450581 0 0 0 0 0 -0.0500000007450581 0 
0 0 0 0 -0.109999999403954 0 0.0500000007450581 0 0 0 0 0 0 0 0 0 0 0 0 0 0 0 -0.0500000007450581 0 0 0 0 0 0 0 0 0 0 0 -0.0500000007450581 0 0 0 0 0 
-0.0500000007450581 0 0.330000013113022 0 0 0 0 0 1.21000003814697 0 0 0 0 0 0.360000014305115 0 0 0 0 0 0.509999990463257 0 0 0 0 0 0.150000005960464 0 0 0 0 0 0.0500000007450581 0 0 0 0 0 0 0 
0 0 0 0 0 0 0 0 -0.0500000007450581 0 0 0 0 0 -0.100000001490116 0 0 0 0 0 -0.150000005960464 0 0.150000005960464 0 0 0 0 0 0 0 0 0 0 0 0.150000005960464 0 0.400000005960464 0 0 0 
0.0500000007450581 0 0 0 0 0 0 0 0 0 0 0 0 0 0 0 -0.150000005960464 0 0 0 0 0 -0.140000000596046 0 0 0 0 0 -0.230000004172325 0 0.200000002980232 0 0.200000002980232 0 0 0 0 0 0 0 
-0.0500000007450581 0 0.0500000007450581 0 0.200000002980232 0 0 0 -0.270000010728836 0 0.170000001788139 0 0 0 0 0 0 0 0 0 0.0799999982118607 0 0.0799999982118607 0 0 0 0 0 0 0 -0.209999993443489 0 0 0 0 0 -0.230000004172325 0 0 0 
0 0 -0.0500000007450581 0 0.230000004172325 0 0.490000009536743 0 0 0 0.150000005960464 0 0.389999985694885 0 0 0 0.0500000007450581 0 0.170000001788139 0 0 0 0.00999999977648258 0 0.170000001788139 0 0 0 0.150000005960464 0 0.389999985694885 0 0 0 0.0500000007450581 0 0.170000001788139 0 0 0 
0.150000005960464 0 0.389999985694885 0 0 0 0.159999996423721 0 0.400000005960464 0 0 0 0.0500000007450581 0 0.200000002980232 0 0 0 0.150000005960464 0 0.389999985694885 0 0 0 0 0 0 0 -0.330000013113022 0 0 0 0 0 -0.529999971389771 0 0 0 0 0 
-0.00999999977648258 0 0.0900000035762787 0 0.25 0 0 0 0 0 0 0 -0.180000007152557 0 0 0 0 0 0 0 -0.0399999991059303 0 0.389999985694885 0 0 0 0.150000005960464 0 0.389999985694885 0 0 0 0.419999986886978 0 0.419999986886978 0 0 0 0.0500000007450581 0 
0.219999998807907 0 0 0 0 0 0 0 0 0 0 0 0 0 -0.0500000007450581 0 0 0 0 0 -0.150000005960464 0 0 0 0 0 0 0 0 0 0 0 -0.0700000002980232 0 0.0700000002980232 0 0 0 0 0 
0 0 0 0 0 0 0 0 0 0 0 0 0.0500000007450581 0 0 0 0 0 0.0500000007450581 0 0 0 0 0 0.0500000007450581 0 0 0 0 0 0 0 0 0 0 0 0.0500000007450581 0 0 0 
0 0 0 0 0 0 -0.0500000007450581 0 0 0 0 0 0 0 0 0 0 0 -0.100000001490116 0 0 0 0 0 0.0500000007450581 0 0 0 0 0 0.0299999993294477 0 0.0500000007450581 0 0 0 0 0 0 0 
0 0 0 0 0 0 0 0 0 0 0 0 0 0 -0.150000005960464 0 0.140000000596046 0 0 0 0 0 0.28999999165535 0 0.600000023841858 0 0 0 0.28999999165535 0 0.600000023841858 0 0 0 0 0 0 0 0 0 
0.100000001490116 0 0.300000011920929 0 0 0 0 0 0.600000023841858 0 0 0 0 0 0.600000023841858 0 0 0 -0.200000002980232 0 0.400000005960464 0 0 0 0.400000005960464 0 0.889999985694885 0 0 0 -0.00999999977648258 0 0.800000011920929 0 0 0 -0.00999999977648258 0 0.209999993443489 0 
0 0 -0.00999999977648258 0 0.209999993443489 0 0 0 0.0500000007450581 0 0.400000005960464 0 0 0 0.0500000007450581 0 0.400000005960464 0 0 0 0 0 0 0 0 0 0.100000001490116 0 0 0 0 0 0.0500000007450581 0 0 0 0 0 0.0500000007450581 0 
0 0 0 0 0 0 0 0 0 0 0 0 0 0 0 0 -0.0700000002980232 0 0.200000002980232 0 0 0 0.0500000007450581 0 0 0 0 0 0 0 0 0 -0.0500000007450581 0 0 0 0 0 0 0 
0.0500000007450581 0 0.200000002980232 0 0 0 0 0 0 0 0 0 0 0 0 0 0 0 0 0 0 0 -0.100000001490116 0 0 0 0 0 0 0 0 0 0 0 -0.100000001490116 0 0 0 0 0 
0 0 0 0 0 0 -0.0500000007450581 0 0 0 0 0 -0.100000001490116 0 0 0 0 0 0 0 0 0 0 0 -0.0500000007450581 0 0 0 0 0 0.200000002980232 0 0 0 0 0 0.100000001490116 0 0.230000004172325 0 
0.230000004172325 0 0 0 0.560000002384186 0 0.560000002384186 0 0 0 0.119999997317791 0 0.119999997317791 0 0 0 0 0 0 0 0 0 0 0 0 0 -0.0799999982118607 0 0 0 0 0 -0.100000001490116 0 0 0 0 0 0 0 
0.200000002980232 0 0.200000002980232 0 0 0 0.200000002980232 0 0.200000002980232 0 0 0 0 0 0 0 0 0 0.200000002980232 0 0.200000002980232 0 0 0 0.0399999991059303 0 0.0399999991059303 0 0 0 0 0 0 0 -0.0500000007450581 0 0 0 0 0 
0 0 0.25 0 0.600000023841858 0 0 0 0.150000005960464 0 0.400000005960464 0 0 0 0.150000005960464 0 0.400000005960464 0 0 0 0.0500000007450581 0 0.200000002980232 0 0 0 0 0 0 0 0 0 0 0 0 0 -0.0759999975562096 0 0 0 
0 0 -0.140000000596046 0 0 0 0 0 -0.230000004172325 0 0.0500000007450581 0 0.200000002980232 0 0 0 -0.270000010728836 0 0.170000001788139 0 0 0 0 0 0 0 0 0 0 0 0 0 -0.0500000007450581 0 0.230000004172325 0 0.490000009536743 0 0 0 
0.150000005960464 0 0.389999985694885 0 0 0 0.0500000007450581 0 0.170000001788139 0 0 0 0.00999999977648258 0 0.170000001788139 0 0 0 0.150000005960464 0 0.389999985694885 0 0 0 0.0500000007450581 0 0.170000001788139 0 0 0 0.150000005960464 0 0.389999985694885 0 0 0 0.159999996423721 0 0.400000005960464 0 
0 0 0.0500000007450581 0 0.200000002980232 0 0 0 0.150000005960464 0 0.389999985694885 0 0 0 -0.0399999991059303 0 0.389999985694885 0 0 0 0.150000005960464 0 0.389999985694885 0 0 0 0.419999986886978 0 0.419999986886978 0 0 0 0.0500000007450581 0 0.219999998807907 0 0 0 0 0 
0 0 0.0700000002980232 0 0 0 0 0 0 0 0 0 0 0 -0.0799999982118607 0 0.0500000007450581 0 0.200000002980232 0 0 0 0 0 0 0 0.340000003576279 0 0 0 0 0 0.100000001490116 0 0 0 0 0 0.00700000021606684 0 
0 0 0 0 -0.0599999986588955 0 0 0 0 0 -0.0399999991059303 0 0 0 0 0 0 0 0 0 0 0 -0.0199999995529652 0 0 0 0 0 -0.0500000007450581 0 0 0 0 0 -0.0500000007450581 0 0 0 0 0 
0 0 0 0 0 0 0.400000005960464 0 0 0 0 0 0.189999997615814 0 0.109999999403954 0 0.109999999403954 0 0 0 0.319999992847443 0 0.319999992847443 0 0 0 0.28999999165535 0 0.28999999165535 0 0 0 0 0 0 0 -0.100000001490116 0 0.540000021457672 0 
0.540000021457672 0 0 0 0 0 0 0 -0.100000001490116 0 0.330000013113022 0 0.330000013113022 0 0 0 0 0 0 0 0 0 0.300000011920929 0 0.300000011920929 0 0 0 0 0 0 0 -0.0500000007450581 0 0 0 0 0 0 0 
0 0 0 0 -0.100000001490116 0 0 0 0 0 0 0 0 0 0 0 0 0 0.100000001490116 0 0.100000001490116 0 0 0 0.46000000834465 0 0.46000000834465 0 0 0 0 0 0 0 0 0 0 0 0 0 
0 0 0 0 0 0 0 0 -0.150000005960464 0 -0.150000005960464 0 0 0 0 0 0 0 0 0 0 0 0 0 -1.16999995708466 0 0.0500000007450581 0 0.200000002980232 0 0 0 0 0 0 0 0 0 0 0 
0 0 -0.0500000007450581 0 0 0 0 0 0.219999998807907 0 0.259999990463257 0 0.469999998807907 0 0 0 0.0500000007450581 0 0.150000005960464 0 0 0 0.150000005960464 0 0.319999992847443 0 0 0 0.0500000007450581 0 0.200000002980232 0 0 0 0.150000005960464 0 0.180000007152557 0 0 0 
0.150000005960464 0 0.400000005960464 0 0 0 0.419999986886978 0 0.419999986886978 0 0 0 0.0500000007450581 0 0.270000010728836 0 0 0 0 0 0 0 0.0199999995529652 0 0 0 0 0 -0.150000005960464 0 0 0 0 0 -0.200000002980232 0 0 0 0 0 
-0.0500000007450581 0 0 0 0 0 -0.230000004172325 0 0 0 0 0 0 0 0 0 0 0 0 0 0 0 0 0 0 0 0.430000007152557 0 0.430000007152557 0 0 0 0 0 0 0 -0.0500000007450581 0 0 0 
0 0 0 0 0 0 0 0 -0.0500000007450581 0 0 0 0 0 0 0 0.200000002980232 0 0.200000002980232 0 0 0 0 0 0 0 0.239999994635582 0 0 0 0 0 -0.100000001490116 0 0.170000001788139 0 0.370000004768372 0 0 0 
0.759999990463257 0 0.730000019073486 0 0 0 1 0 1 0 0 0 1 0 1 0 0 0 0.159999996423721 0 0.200000002980232 0 0 0 0.639999985694885 0 0.629999995231628 0 0 0 0.519999980926514 0 0.519999980926514 0 0 0 0 0 0 0 
0 0 0 0 0 0 -0.0500000007450581 0 0 0 0 0 0 0 0.0500000007450581 0 0.340000003576279 0 0 0 0.46000000834465 0 0.46000000834465 0 0 0 0.100000001490116 0 0.100000001490116 0 0 0 0.0500000007450581 0 0.200000002980232 0 0 0 0 0 
0 0 0 0 0.0500000007450581 0 0.200000002980232 0 0 0 0.0500000007450581 0 0.200000002980232 0 0 0 0.0500000007450581 0 0.200000002980232 0 0 0 0.579999983310699 0 0.579999983310699 0 0 0 0.0500000007450581 0 0.200000002980232 0 0 0 0.270000010728836 0 0.270000010728836 0 0 0 
0 0 0 0 0 0 0 0 0 0 0 0 0.490000009536743 0 0.490000009536743 0 0 0 0.200000002980232 0 0.200000002980232 0 0 0 0.0399999991059303 0 0.0399999991059303 0 0 0 0 0 0 0 0 0 0.400000005960464 0 0.400000005960464 0 
0 0 0.119999997317791 0 0.140000000596046 0 0 0 0 0 0 0 0 0 0 0 0 0 -0.00999999977648258 0 0 0 0 0 -0.0500000007450581 0 0 0 0 0 -0.100000001490116 0 0 0 0 0 0 0 0 0 
0 0 0.300000011920929 0 0 0 0 0 0 0 0 0 0 0 0 0 0 0 0 0 -0.0799999982118607 0 0 0 0 0 0 0 0 0 0 0 0 0 0 0 0 0 0 0 
0 0 0 0 0 0 0 0 0 0 0 0 0 0 0 0 0.25 0 0 0 0 0 0 0 0 0 0 0 -0.100000001490116 0 0 0 0 0 -0.0399999991059303 0 0 0 0 0 
0 0 0 0 0 0 0 0 0 0 0 0 0 0 0 0 0 0 -0.109999999403954 0 0 0 0 0 -0.150000005960464 0 0 0 0 0 0 0 0 0 0 0 0 0 0 0 
0 0 0 0 0 0 0 0 -0.0500000007450581 0 0 0 0 0 -0.100000001490116 0 0.340000003576279 0 0.340000003576279 0 0 0 0.0900000035762787 0 0.0900000035762787 0 0 0 -0.129999995231628 0 -0.129999995231628 0 0 0 0.150000005960464 0 0.150000005960464 0 0 0 
0 0 0 0 0 0 0 0 0 0 0.0500000007450581 0 0 0 0 0 0.0799999982118607 0 0 0 0 0 0 0 0.200000002980232 0 0.200000002980232 0 0 0 0 0 0 0 0 0 0.0599999986588955 0 0.0599999986588955 0 
0 0 0 0 0 0 0 0 0 0 0 0 -0.0500000007450581 0 0 0 0 0 -0.0500000007450581 0 0 0 0 0 0.0799999982118607 0 0 0 0 0 -0.100000001490116 0 0 0 0 0 0 0 0 0 
0 0 0 0 0 0 0 0 -0.0500000007450581 0 0 0 0 0 0.349999994039536 0 0 0 0 0 -1.16999995708466 0 0.0500000007450581 0 0.200000002980232 0 0 0 0 0 0 0 0 0 0 0 0 0 -0.0500000007450581 0 
0 0 0 0 0.219999998807907 0 0.28999999165535 0 0.490000009536743 0 0 0 0.0500000007450581 0 0.150000005960464 0 0 0 0.180000007152557 0 0.340000003576279 0 0 0 0.0500000007450581 0 0.200000002980232 0 0 0 0.150000005960464 0 0.180000007152557 0 0 0 0.150000005960464 0 -0.0500000007450581 0 
0 0 0.419999986886978 0 0.419999986886978 0 0 0 0.0500000007450581 0 0.270000010728836 0 0 0 0 0 0 0 -0.0700000002980232 0 0 0 0 0 -0.150000005960464 0 0 0 0 0 -0.0500000007450581 0 0 0 0 0 -0.150000005960464 0 0 0 
0 0 0.0799999982118607 0 0 0 0 0 -0.0500000007450581 0 0 0 0 0 -0.0299999993294477 0 0 0 0 0 -0.0500000007450581 0 0 0 0 0 -0.00999999977648258 0 0 0 0 0 -0.0500000007450581 0 0 0 0 0 -0.00999999977648258 0 
0 0 0 0 0.0799999982118607 0 0 0 0 0 0 0 0 0 0 0 -0.0500000007450581 0 0 0 0 0 -0.0599999986588955 0 0 0 0 0 0 0 0 0 0 0 -0.0500000007450581 0 0 0 0 0 
-0.100000001490116 0 0 0 0 0 -0.150000005960464 0 0 0 0 0 0 0 0 0 0 0 0 0 0 0 0 0 -0.0500000007450581 0 0 0 0 0 0 0 0 0 0 0 -0.100000001490116 0 0 0 
0 0 -0.0500000007450581 0 0.100000001490116 0 0 0 0 0 0 0 0 0 0 0 0 0 0 0 0 0 0 0 0 0 -0.0500000007450581 0 0 0 0 0 0 0 0 0 0 0 -0.100000001490116 0 
0 0 0 0 -0.0500000007450581 0 0 0 0 0 0.0299999993294477 0 0.0500000007450581 0 0 0 0 0 0 0 0 0 0 0 0 0 0 0 0 0 0 0 0 0 -0.150000005960464 0 0.189999997615814 0 0 0 
0 0 0 0 0 0 0 0 0 0 0 0 0 0 -0.0199999995529652 0 0 0 0 0 0.0500000007450581 0 0 0 0 0 0.0500000007450581 0 0 0 0 0 0 0 0 0 0 0 0.0500000007450581 0 
0 0 0 0 0 0 0 0 -0.0500000007450581 0 0 0 0 0 0 0 0.0500000007450581 0 0.200000002980232 0 0 0 0 0 0 0 0 0 0 0 0 0 0 0 0 0 0 0 -0.100000001490116 0 
0 0 0 0 0 0 0.200000002980232 0 0.200000002980232 0 0 0 0 0 0 0 -0.0500000007450581 0 0 0 0 0 -0.100000001490116 0 0.379999995231628 0 0.379999995231628 0 0 0 0.600000023841858 0 0.600000023841858 0 0 0 0.400000005960464 0 0.400000005960464 0 
0 0 0.400000005960464 0 0.400000005960464 0 0 0 0 0 0 0 0 0 0.230000004172325 0 0.230000004172325 0 0 0 0.400000005960464 0 0.400000005960464 0 0 0 0.200000002980232 0 0.200000002980232 0 0 0 0 0 0 0 0 0 0.200000002980232 0 
0.200000002980232 0 0 0 0.200000002980232 0 0.200000002980232 0 0 0 0.400000005960464 0 0.400000005960464 0 0 0 0.200000002980232 0 0.200000002980232 0 0 0 0 0 0 0 0 0 0 0 0 0 0 0 0 0 0 0 0.0399999991059303 0 
0 0 0 0 0 0 0 0 0 0 -0.0500000007450581 0 0 0 0 0 0 0 0 0 0 0 0 0 0 0 0 0 0 0 0 0 0 0 -0.0500000007450581 0 0 0 0 0 
0 0 0 0 0 0 -0.100000001490116 0 0 0 0 0 -0.0500000007450581 0 0.0500000007450581 0 0.209999993443489 0 0 0 0 0 0 0 0 0 0 0 0 0 1.57000005245209 0 0 0 0 0 1.98000001907349 0 0 0 
0 0 0.400000005960464 0 0 0 0 0 0 0 -0.00999999977648258 0 -0.0799999982118607 0 0 0 0 0 0 0 0.219999998807907 0 0 0 0 0 -0.200000002980232 0 0 0 0 0 0.185000002384186 0 0 0 0 0 0.25 0 
0 0 0 0 -0.100000001490116 0 0.119999997317791 0 0.119999997317791 0 0 0 0 0 0 0 0 0 0 0 0 0 0 0 0.150000005960464 0 0.400000005960464 0 0 0 0.150000005960464 0 0.400000005960464 0 0 0 0.150000005960464 0 0.400000005960464 0 
0 0 0.150000005960464 0 0.400000005960464 0 0 0 0.150000005960464 0 0.400000005960464 0 0 0 0 0 0 0 0 0 0 0 0 0 -0.0500000007450581 0 0 0 0 0 0 0 0 0 0 0 -0.259999990463257 0 0 0 
0 0 0 0 0 0 0 0 0.660000026226044 0 0 0 0 0 0 0 0.170000001788139 0 0.370000004768372 0 0 0 0.25 0 0.589999973773956 0 0 0 0.430000007152557 0 1.08000004291534 0 0 0 0.469999998807907 0 0.469999998807907 0 0 0 
0 0 0 0 0 0 0.0500000007450581 0 0.340000003576279 0 0 0 0 0 0 0 0 0 0.0500000007450581 0 0.200000002980232 0 0 0 0 0 0 0 -0.0500000007450581 0 0 0 0 0 0 0 0.0500000007450581 0 0.200000002980232 0 
0 0 0.150000005960464 0 0.400000005960464 0 0 0 0.0500000007450581 0 0.370000004768372 0 0 0 -0.00999999977648258 0 0.140000000596046 0 0 0 0 0 0 0 -0.100000001490116 0 0.0500000007450581 0 0.310000002384186 0 0 0 0.0500000007450581 0 0.200000002980232 0 0 0 0 0 
0 0 0 0 0.5 0 0.5 0 0 0 0 0 0 0 0 0 0 0 0 0 -0.0399999991059303 0 0 0 0 0 -0.0399999991059303 0 0 0 0 0 -0.140000000596046 0 0 0 0 0 -0.230000004172325 0 
0 0 0 0 -0.200000002980232 0 0 0 0 0 -0.300000011920929 0 0 0 0 0 -0.300000011920929 0 0.0500000007450581 0 0.200000002980232 0 0 0 0.150000005960464 0 0.400000005960464 0 0 0 0 0 0 0 0 0 0.0500000007450581 0 0.200000002980232 0 
0 0 0 0 0 0 0 0 0 0 0 0 0 0 0.400000005960464 0 0.400000005960464 0 0 0 0 0 0 0 0 0 0 0 0 0 -0.100000001490116 0 0.150000005960464 0 0.379999995231628 0 0 0 0.0500000007450581 0 
0.170000001788139 0 0 0 0 0 0 0 -0.0500000007450581 0 0 0 0 0 0 0 0.25 0 0.490000009536743 0 0 0 0.349999994039536 0 0.839999973773956 0 0 0 0.150000005960464 0 0.400000005960464 0 0 0 0.25 0 0.810000002384186 0 0 0 
0.0500000007450581 0 0.200000002980232 0 0 0 0.00999999977648258 0 0.170000001788139 0 0 0 0.150000005960464 0 0.400000005960464 0 0 0 0.25 0 0.579999983310699 0 0 0 0.0500000007450581 0 0.200000002980232 0 0 0 0.150000005960464 0 0.379999995231628 0 0 0 0.25 0 0.879999995231628 0 
0 0 0.25 0 0.600000023841858 0 0 0 0 0 0 0 -0.0199999995529652 0 0 0 0 0 -0.330000013113022 0 0 0 0 0 -0.400000005960464 0 0 0 0 0 -0.400000005960464 0 0 0 0 0 -0.529999971389771 0 0 0 
0 0 -0.100000001490116 0 0 0 0 0 0 0 0 0 0 0 -0.00999999977648258 0 0 0 0 0 0 0 0 0 0 0 -0.200000002980232 0 0 0 0 0 -0.119999997317791 0 0 0 0 0 -0.300000011920929 0 
0 0 0 0 -0.100000001490116 0 0.0900000035762787 0 0.25 0 0 0 0.150000005960464 0 0.46000000834465 0 0 0 0 0 0 0 -0.0599999986588955 0 0.0500000007450581 0 0.5 0 0 0 0 0 0 0 -0.180000007152557 0 0 0 0 0 
0 0 0 0 0 0 -0.150000005960464 0 0 0 0 0 -0.100000001490116 0 0 0 0 0 0 0 0.0500000007450581 0 0.28999999165535 0 0 0 0 0 0 0 -0.00999999977648258 0 0 0 0 0 0 0 0 0 
0 0 0 0 0.0500000007450581 0 0.200000002980232 0 0 0 0 0 0 0 -0.0500000007450581 0 0 0 0 0 0 0 0 0 0 0 0 0 0.0500000007450581 0 0.330000013113022 0 0 0 0.0500000007450581 0 -0.0599999986588955 0 0 0 
0 0 0 0 -0.400000005960464 0 0 0 0 0 0 0 0 0 0 0 0 0 0.200000002980232 0 0.200000002980232 0 0 0 0 0 0 0 0.0700000002980232 0 0 0 0 0 0 0 0.150000005960464 0 0.400000005960464 0 
0 0 0.25 0 0.5 0 0 0 0.25 0 0.759999990463257 0 0 0 0.150000005960464 0 0.400000005960464 0 0 0 0.439999997615814 0 0.439999997615814 0 0 0 0.0500000007450581 0 0.200000002980232 0 0 0 0.150000005960464 0 0.5 0 0 0 0 0 
0 0 0 0 0 0 0 0 0.0399999991059303 0 0 0 0 0 -0.0799999982118607 0 0 0 0 0 -0.259999990463257 0 0.150000005960464 0 0.400000005960464 0 0 0 0.0500000007450581 0 0.200000002980232 0 0 0 0.349999994039536 0 0.800000011920929 0 0 0 
0.150000005960464 0 0.389999985694885 0 0 0 0.0500000007450581 0 0.259999990463257 0 0 0 0 0 0 0 0 0 0 0 0 0 -0.0500000007450581 0 0 0 0 0 0.219999998807907 0 0 0 0 0 0.0299999993294477 0 0.25 0 0.600000023841858 0 
0 0 0.150000005960464 0 0.400000005960464 0 0 0 0.0500000007450581 0 0.200000002980232 0 0 0 0 0 0 0 0 0 0.25 0 0.600000023841858 0 0 0 0.0500000007450581 0 0.589999973773956 0 0 0 0 0 0 0 0 0 0 0 
0 0 -0.200000002980232 0 0 0 0 0 -0.0500000007450581 0 0 0 0 0 -0.0500000007450581 0 0 0 0 0 -0.100000001490116 0 0 0 0 0 0 0 0 0 0 0 0 0 0 0 0 0 -0.00999999977648258 0 
0 0 0 0 -0.109999999403954 0 0.150000005960464 0 0.150000005960464 0 0 0 0.340000003576279 0 0.340000003576279 0 0 0 -0.5 0 -0.5 0 0 0 -0.150000005960464 0 -0.150000005960464 0 0 0 -0.629999995231628 0 -0.629999995231628 0 0 0 0.0399999991059303 0 0.0399999991059303 0 
0 0 0 0 0 0 0 0 0 0 0 0 -0.0799999982118607 0 0 0 0 0 -0.100000001490116 0 0 0 0 0 0 0 0.200000002980232 0 0.200000002980232 0 0 0 0.200000002980232 0 0.200000002980232 0 0 0 0 0 
0 0 0 0 -0.0500000007450581 0 -0.0500000007450581 0 0 0 0 0 0 0 0.0799999982118607 0 0 0 0 0 0 0 0 0 0 0 0 0 0.819999992847443 0 0.819999992847443 0 0 0 0.819999992847443 0 0.819999992847443 0 0 0 
0.819999992847443 0 0.819999992847443 0 0 0 0 0 0 0 0 0 0 0 0 0 -0.0500000007450581 0 0.819999992847443 0 0.819999992847443 0 0 0 0.200000002980232 0 0.200000002980232 0 0 0 0 0 0 0 0 0 0 0 0 0 
-0.0199999995529652 0 0 0 0 0 -0.100000001490116 0 0.819999992847443 0 0.819999992847443 0 0 0 0.200000002980232 0 0.200000002980232 0 0 0 0 0 0 0 -0.100000001490116 0 0 0 0 0 0 0 0.699999988079071 0 0.699999988079071 0 0 0 0.5 0 
0.5 0 0 0 0.400000005960464 0 0.400000005960464 0 0 0 0.200000002980232 0 0.200000002980232 0 0 0 0 0 0 0 0 0 0 0 0 0 -0.100000001490116 0 0 0 0 0 -0.0500000007450581 0 0 0 0 0 0 0 
0 0 0 0 -0.100000001490116 0 0.400000005960464 0 0.400000005960464 0 0 0 0.800000011920929 0 0.800000011920929 0 0 0 0 0 0 0 -0.25 0 0.200000002980232 0 0.200000002980232 0 0 0 0 0 0 0 0 0 0 0 0 0 
-0.0500000007450581 0 0 0 0 0 -0.100000001490116 0 0 0 0 0 -0.100000001490116 0 0.699999988079071 0 0.699999988079071 0 0 0 0.600000023841858 0 0.600000023841858 0 0 0 0 0 0 0 0 0 0.400000005960464 0 0.400000005960464 0 0 0 0 0 
0 0 0 0 0 0 0 0 -0.100000001490116 0 0 0 0 0 -0.150000005960464 0 0 0 0 0 -0.200000002980232 0 0 0 0 0 -0.300000011920929 0 0.0500000007450581 0 0 0 0 0 0.0500000007450581 0 0.200000002980232 0 0 0 
0.100000001490116 0 0.400000005960464 0 0 0 0 0 0 0 0 0 0.0500000007450581 0 0.200000002980232 0 0 0 0 0 0 0 0 0 0.0500000007450581 0 0 0 0 0 0.400000005960464 0 0.400000005960464 0 0 0 0 0 0 0 
-0.0500000007450581 0 0 0 0 0 0 0 0 0 0 0 -0.100000001490116 0 0 0 0 0 -0.150000005960464 0 0 0 0 0 -0.0500000007450581 0 0 0 0 0 0 0 0.230000004172325 0 0.490000009536743 0 0 0 0.370000004768372 0 
0.819999992847443 0 0 0 0.389999985694885 0 0.389999985694885 0 0 0 0.850000023841858 0 0.850000023841858 0 0 0 0 0 0 0 -0.0500000007450581 0 0.0500000007450581 0 0.200000002980232 0 0 0 0.150000005960464 0 0.400000005960464 0 0 0 0.25 0 0.560000002384186 0 0 0 
0.0500000007450581 0 0.200000002980232 0 0 0 0.150000005960464 0 0.360000014305115 0 0 0 0.150000005960464 0 0.400000005960464 0 0 0 0.349999994039536 0 0.800000011920929 0 0 0 0.25 0 0.699999988079071 0 0 0 0 0 0 0 -0.100000001490116 0 0 0 0 0 
-0.150000005960464 0 0 0 0 0 -0.200000002980232 0 0 0 0 0 -0.25 0 0 0 0 0 0 0 0 0 0 0 0 0 0 0 0 0 -0.0500000007450581 0 0 0 0 0 -0.100000001490116 0 0.0500000007450581 0 
0.239999994635582 0 0 0 0.189999997615814 0 0.46000000834465 0 0 0 0.360000014305115 0 0.5 0 0 0 0 0 0 0 0 0 0 0 0 0 -0.180000007152557 0 0 0 0 0 0 0 0.0500000007450581 0 0.28999999165535 0 0 0 
0 0 0 0 0 0 0.0500000007450581 0 0.200000002980232 0 0 0 0 0 0 0 0 0 0 0 0 0 0 0 0.0500000007450581 0 0.200000002980232 0 0 0 0 0 0 0 -0.0500000007450581 0 0 0 0 0 
0 0 0.200000002980232 0 0.200000002980232 0 0 0 0 0 0 0 0.0700000002980232 0 0 0 0 0 0 0 0.150000005960464 0 0.389999985694885 0 0 0 0.200000002980232 0 0.5 0 0 0 0.150000005960464 0 0.389999985694885 0 0 0 0.150000005960464 0 
0.400000005960464 0 0 0 0.550000011920929 0 0.550000011920929 0 0 0 0.0500000007450581 0 0.200000002980232 0 0 0 0.150000005960464 0 0.360000014305115 0 0 0 0.0599999986588955 0 0 0 0 0 0 0 0 0 0 0 0.0500000007450581 0 0 0 0 0 
0.0500000007450581 0 0 0 0 0 0.0500000007450581 0 0 0 0 0 0 0 0 0 0 0 0 0 0 0 -0.100000001490116 0 0 0 0 0 0 0 0 0 0 0 -0.0799999982118607 0 0 0 0 0 
0.0500000007450581 0 0 0 0 0 -0.100000001490116 0 0 0 0 0 0 0 0 0 0 0 -0.100000001490116 0 0 0 0 0 -0.100000001490116 0 0 0 0 0 -0.0500000007450581 0 0 0 0 0 0.0500000007450581 0 0 0 
0 0 -0.100000001490116 0 0 0 0 0 -0.119999997317791 0 0 0 0 0 0 0 0 0 0 0 0 0 0 0 0 0 -0.150000005960464 0 0 0 0 0 -0.0500000007450581 0 0 0 0 0 -0.0700000002980232 0 
0 0 0 0 -1.16999995708466 0 0.0500000007450581 0 0.200000002980232 0 0 0 0 0 0 0 0 0 0 0 0 0 -0.0500000007450581 0 0 0 0 0 0.219999998807907 0 0.25 0 0.469999998807907 0 0 0 0.349999994039536 0 0.709999978542328 0 
0 0 0.349999994039536 0 0.479999989271164 0 0 0 0.0500000007450581 0 0.150000005960464 0 0 0 0.150000005960464 0 0.319999992847443 0 0 0 0.0500000007450581 0 0.200000002980232 0 0 0 0.150000005960464 0 0.180000007152557 0 0 0 0.150000005960464 0 -0.200000002980232 0 0 0 0.419999986886978 0 
0.419999986886978 0 0 0 0.0500000007450581 0 0.270000010728836 0 0 0 0 0 0 0 0 0 0 0 0 0 -0.100000001490116 0 0 0 0 0 -0.200000002980232 0 0 0 0 0 0 0 0 0 0 0 0 0 
0 0 0 0 0.219999998807907 0 0 0 0 0 0 0 0 0 0 0 -0.0500000007450581 0 0 0 0 0 -0.100000001490116 0 0 0 0 0 0 0 0.140000000596046 0 0.189999997615814 0 0 0 0.699999988079071 0 0.699999988079071 0 
0 0 -0.0199999995529652 0 -0.0199999995529652 0 0 0 0.150000005960464 0 0.150000005960464 0 0 0 0 0 0 0 0 0 0 0 0 0 0.159999996423721 0 0.0399999991059303 0 0.0399999991059303 0 0 0 0.560000002384186 0 0.560000002384186 0 0 0 0 0 
0 0 0 0 0.490000009536743 0 0.490000009536743 0 0 0 0 0 0 0 0.0700000002980232 0 0 0 0 0 -0.100000001490116 0 0 0 0 0 0 0 0 0 0 0 -0.0500000007450581 0 0 0 0 0 -0.100000001490116 0 
0.140000000596046 0 0.140000000596046 0 0 0 0 0 0 0 0 0 0 0 0 0 -0.0500000007450581 0 0 0 0 0 -0.100000001490116 0 0.200000002980232 0 0.200000002980232 0 0 0 0 0 0 0 -0.0500000007450581 0 0 0 0 0 
0 0 0.170000001788139 0 0.170000001788139 0 0 0 -0.0700000002980232 0 -0.0700000002980232 0 0 0 0 0 0 0 -0.0500000007450581 0 -0.170000001788139 0 -0.170000001788139 0 0 0 0 0 0 0 0 0 0 0 0 0 -0.0799999982118607 0 0 0 
0 0 -0.119999997317791 0 0.119999997317791 0 0 0 0 0 0 0 0 0 0 0 0 0 0 0 0 0 0.0500000007450581 0 0 0 0 0 0.0500000007450581 0 0 0 0 0 0.0500000007450581 0 0 0 0 0 
0 0 0 0 0 0 0.0500000007450581 0 0 0 0 0 0 0 0 0 -0.0500000007450581 0 0 0 0 0 0 0 0 0 0 0 -0.100000001490116 0 0.25 0 0.600000023841858 0 0 0 -0.430000007152557 0 0.400000005960464 0 
0 0 0 0 0 0 0.889999985694885 0 0 0 0 0 -0.0500000007450581 0 0 0 0 0 -0.100000001490116 0 0 0 0 0 0 0 0 0 0 0 -0.0500000007450581 0 0 0 0 0 0 0 0 0 
0 0 -0.0799999982118607 0 0 0 0 0 -0.0500000007450581 0 0 0 0 0 -0.300000011920929 0 0.150000005960464 0 0.400000005960464 0 0 0 0.25 0 0.5 0 0 0 0.150000005960464 0 0.430000007152557 0 0 0 0.0500000007450581 0 0.25 0 0 0 
0.150000005960464 0 0.430000007152557 0 0 0 0 0 0 0 -0.100000001490116 0 0.129999995231628 0 0.330000013113022 0 0 0 0 0 0 0 0 0 0 0 0 0 -0.100000001490116 0 0 0 0 0 -0.0500000007450581 0 0 0 0 0 
0 0 0 0 0 0 -0.100000001490116 0 0.150000005960464 0 0.379999995231628 0 0 0 0 0 0 0 0 0 0 0 0 0 -0.090999998152256 0 0.25 0 0.699999988079071 0 0 0 0.400000005960464 0 1.22000002861023 0 0 0 0.28999999165535 0 
0.910000026226044 0 0 0 0.25 0 0.560000002384186 0 0 0 0.699999988079071 0 1.69000005722046 0 0 0 0.829999983310699 0 2.20000004768372 0 0 0 0.720000028610229 0 1.85000002384186 0 0 0 0.620000004768372 0 0.620000004768372 0 0 0 0.25 0 0.479999989271164 0 0 0 
0.150000005960464 0 0.300000011920929 0 0 0 0.0500000007450581 0 0.100000001490116 0 0 0 0 0 0 0 0 0 0 0 0 0 -0.300000011920929 0 0.25 0 0.5 0 0 0 0.349999994039536 0 0.699999988079071 0 0 0 0.25 0 0.560000002384186 0 
0 0 0.25 0 0.560000002384186 0 0 0 0 0 0 0 -0.219999998807907 0 0.189999997615814 0 0.479999989271164 0 0 0 0.25 0 0.5 0 0 0 0.140000000596046 0 0.300000011920929 0 0 0 0.25 0 0.600000023841858 0 0 0 0.600000023841858 0 
0.800000011920929 0 0 0 0 0 0 0 0 0 0 0 0 0 -0.0500000007450581 0 0.150000005960464 0 0.400000005960464 0 0 0 0.140000000596046 0 0.400000005960464 0 0 0 0.0500000007450581 0 0.200000002980232 0 0 0 0 0 0 0 -0.0900000035762787 0 
0 0 0 0 -0.300000011920929 0 0.150000005960464 0 0.490000009536743 0 0 0 0.150000005960464 0 0.400000005960464 0 0 0 0.0500000007450581 0 0.200000002980232 0 0 0 0 0 0 0 0 0 0 0 0 0 0 0 0 0 0 0 
-0.100000001490116 0 0 0 0 0 -0.200000002980232 0 0.150000005960464 0 0.300000011920929 0 0 0 0 0 0 0 0 0 0.349999994039536 0 0.759999990463257 0 0 0 0.589999973773956 0 0.589999973773956 0 0 0 0 0 0 0 -0.0500000007450581 0 0.25 0 
0.479999989271164 0 0 0 0.300000011920929 0 0.300000011920929 0 0 0 0.100000001490116 0 0.100000001490116 0 0 0 0 0 0 0 0 0 0 0 0 0 -0.0500000007450581 0 0 0 0 0 -0.100000001490116 0 0.25 0 0.600000023841858 0 0 0 
0.25 0 0.550000011920929 0 0 0 0.25 0 0.620000004768372 0 0 0 0 0 0 0 -0.150000005960464 0 0 0 0 0 -0.00999999977648258 0 0 0 0 0 -0.920000016689301 0 0 0 0 0 0 0 0.0500000007450581 0 0.200000002980232 0 
0 0 0 0 0 0 0 0 0 0 0 0 0 0 0 0 0 0 0 0 0 0 0 0 0 0 0 0 0 0 0 0 0 0 0 0 -0.239999994635582 0 0 0 
0 0 0.00999999977648258 0 0 0 0 0 -0.180000007152557 0 0 0 0 0 -0.00999999977648258 0 0 0 0 0 0 0 0 0 0 0 0 0 0 0 0 0 -0.100000001490116 0 0 0 0 0 -0.119999997317791 0 
0 0 0 0 -0.259999990463257 0 0.0500000007450581 0 0.259999990463257 0 0 0 0.209999993443489 0 0.46000000834465 0 0 0 0 0 0 0 -0.109999999403954 0 0.330000013113022 0 0.330000013113022 0 0 0 0 0 0 0 0 0 0 0 0 0 
0 0 0 0 0 0 0 0 0 0 0 0 -0.0199999995529652 0 0 0 0 0 -0.25 0 0.0500000007450581 0 0.280000001192093 0 0 0 0 0 0 0 0 0 0 0 0 0 -0.140000000596046 0 0 0 
0 0 -0.300000011920929 0 0.0500000007450581 0 0.200000002980232 0 0 0 0.0500000007450581 0 0.200000002980232 0 0 0 0.150000005960464 0 0.400000005960464 0 0 0 0 0 0 0 0 0 0 0 0 0 0 0 0.0500000007450581 0 0.200000002980232 0 0 0 
0.0500000007450581 0 0.330000013113022 0 0 0 0.0500000007450581 0 0.330000013113022 0 0 0 0.0500000007450581 0 -0.0599999986588955 0 0 0 0 0 0 0 0 0 0 0 0 0 -0.0900000035762787 0 0.0500000007450581 0 0.259999990463257 0 0 0 0 0 0 0 
0 0 0.300000011920929 0 0.300000011920929 0 0 0 0 0 0 0 0 0 0.25 0 0.479999989271164 0 0 0 0.400000005960464 0 0.400000005960464 0 0 0 0.25 0 0.519999980926514 0 0 0 0.150000005960464 0 0.300000011920929 0 0 0 0 0 
0 0 -0.100000001490116 0 0 0 0 0 -0.0500000007450581 0 0 0 0 0 0 0 0 0 0 0 -0.150000005960464 0 0 0 0 0 -0.100000001490116 0 0 0 0 0 -0.200000002980232 0 0 0 0 0 0 0 
0 0 0 0 -0.0500000007450581 0 0 0 0 0 0 0 0 0 0 0 -0.100000001490116 0 0 0 0 0 0.0700000002980232 0 0 0 0 0 0.129999995231628 0 0 0 0 0 0.379999995231628 0 0.349999994039536 0 0.349999994039536 0 
0 0 0.400000005960464 0 0.400000005960464 0 0 0 0.860000014305115 0 0.860000014305115 0 0 0 0.239999994635582 0 0.239999994635582 0 0 0 0 0 0 0 0 0 0 0 0 0 0.170000001788139 0 0 0 0 0 -0.100000001490116 0 0 0 
0 0 0 0 0.200000002980232 0 0.200000002980232 0 0 0 0.449999988079071 0 0.449999988079071 0 0 0 0 0 0 0 0 0 0.189999997615814 0 0.189999997615814 0 0 0 0 0 0 0 -0.0500000007450581 0 0 0 0 0 0 0 
0 0 0 0 -0.0900000035762787 0 0.150000005960464 0 0.839999973773956 0 0 0 0.150000005960464 0 0.620000004768372 0 0 0 0 0 0 0 0 0 0 0 0 0 -0.100000001490116 0 0 0 0 0 0 0 0 0 0 0 
-0.100000001490116 0 0.330000013113022 0 0.889999985694885 0 0 0 0.330000013113022 0 1.88999998569489 0 0 0 0.25 0 0.930000007152557 0 0 0 0.0500000007450581 0 0.0900000035762787 0 0 0 0 0 0 0 0 0 0.75 0 3.60999989509583 0 0 0 0.870000004768372 0 
0.870000004768372 0 0 0 0.839999973773956 0 0.839999973773956 0 0 0 0.25 0 0.629999995231628 0 0 0 0.150000005960464 0 0.469999998807907 0 0 0 0.0500000007450581 0 0.200000002980232 0 0 0 0 0 0 0 0 0 0 0 0 0 -0.140000000596046 0 
0 0 0 0 -0.150000005960464 0 0.25 0 0.879999995231628 0 0 0 0.25 0 0.569999992847443 0 0 0 0.150000005960464 0 0.389999985694885 0 0 0 0.300000011920929 0 0.159999996423721 0 0.340000003576279 0 
<LsMdc>
0 0 0 0 0 0 
<DMc>

<MoiSN>

<SitFr>

<LsMdc2>
0 0 0 0 0 0 
<DQFc>

<LsPhl>
0 0 0 0 0 0 0 0 0 0 0 0 0 0 0 0 0 0 0 0 0 0 0 0 0 0 0 0 0 0 0 0 0 0 0 0 0 0 0 0 
0 0 0 0 0 0 0 0 0 0 0 0 0 0 0 0 0 0 0 0 0 0 0 0 0 0 0 0 0 0 0 0 0 0 0 0 0 0 0 0 
0 0 0 0 0 0 0 0 0 0 0 0 0 0 0 0 0 0 0 0 0 0 0 0 0 0 0 0 0 0 0 0 0 0 0 0 0 0 0 0 
0 0 0 0 0 0 0 0 0 0 0 0 0 0 0 0 0 0 0 0 0 0 0 0 0 0 0 0 0 0 0 0 0 0 0 0 0 0 0 0 
0 0 0 0 0 0 0 0 0 0 0 0 0 0 0 0 0 0 0 0 0 0 0 0 0 0 0 0 0 0 0 0 0 0 0 0 0 0 0 0 
0 0 0 0 0 0 0 0 0 0 0 0 0 0 0 0 0 0 0 0 0 0 0 0 0 0 0 0 0 0 0 0 0 0 0 0 0 0 0 0 
0 0 0 0 0 0 0 0 0 0 0 0 0 0 0 0 0 0 0 0 0 0 0 0 0 0 0 0 0 0 0 0 0 0 0 0 0 0 0 0 
0 0 0 0 0 0 0 0 0 0 0 0 0 0 0 0 0 0 0 0 0 0 0 0 0 0 0 0 0 0 0 0 0 0 0 0 0 0 0 0 
0 0 0 0 0 0 0 0 0 0 0 0 0 0 0 0 0 0 0 0 0 0 0 0 0 0 0 0 0 0 0 0 0 0 0 0 0 0 0 0 
0 0 0 0 0 0 0 0 0 0 0 0 0 0 0 0 0 0 0 0 0 0 0 0 0 0 0 0 0 0 0 0 0 0 0 0 0 0 0 0 
0 0 0 0 0 0 0 0 0 0 0 0 0 0 0 0 0 0 0 0 0 0 0 0 0 0 0 0 0 0 0 0 0 0 0 0 0 0 0 0 
0 0 0 0 0 0 0 0 0 0 0 0 0 0 0 0 0 0 0 0 0 0 0 0 0 0 0 0 0 0 0 0 0 0 0 0 0 0 0 0 
0 0 0 0 0 0 0 0 0 0 0 0 0 0 0 0 0 0 0 0 0 0 0 0 0 0 0 0 0 0 0 0 0 0 0 0 0 0 0 0 
0 0 0 0 0 0 0 0 0 0 0 0 0 0 0 0 0 0 0 0 0 0 0 0 0 0 0 0 0 0 0 0 0 0 0 0 0 0 0 0 
0 0 0 0 0 0 0 0 0 0 0 0 0 0 0 0 0 0 0 0 0 0 0 0 0 0 0 0 0 0 0 0 0 0 0 0 0 0 0 0 
0 0 0 0 0 0 0 0 0 0 0 0 0 0 0 0 0 0 0 0 0 0 0 0 0 0 0 0 0 0 0 0 0 0 0 0 0 0 0 0 
<PhLin>

<lPhc>

<lnDQFt>
0 0 0 0 0 0 0 0 0 0 0 0 0 0 0 0 0 0 0 0 0 0 0 0 0 0 0 0 0 0 0 0 0 0 0 0 0 0 0 0 
0 0 0 0 0 0 0 0 0 0 0 0 0 0 0 0 0 0 0 0 0 0 0 0 0 0 0 0 0 0 0 0 0 0 0 0 0 0 0 0 
0 0 0 0 0 0 0 0 0 0 0 0 0 0 0 0 0 0 0 0 0 0 0 0 0 0 0 0 0 0 0 0 0 0 0 0 0 0 0 0 
0 0 0 0 0 0 0 0 0 0 0 0 0 0 0 0 0 0 0 0 0 0 0 0 0 0 0 0 0 0 0 0 0 0 0 0 0 0 0 0 
0 0 0 0 0 0 0 0 0 0 0 0 0 0 0 0 0 0 0 0 0 0 0 0 0 0 0 0 0 0 0 0 0 0 0 0 0 0 0 0 
0 0 0 0 0 0 0 0 0 0 0 0 0 0 0 0 0 0 0 0 0 0 0 0 0 0 0 0 0 0 0 0 0 0 0 0 0 0 0 0 
0 0 0 0 0 0 0 0 0 0 0 0 0 0 0 0 0 0 0 0 0 0 0 0 0 0 0 0 0 0 0 0 0 0 0 0 0 0 0 0 
0 0 0 0 0 0 0 0 0 0 0 0 0 0 0 0 0 0 0 0 0 0 0 0 0 0 0 0 0 0 0 0 0 0 0 0 0 0 0 0 
0 0 0 0 0 0 0 0 0 0 0 0 0 0 0 0 0 0 0 0 0 0 0 0 0 0 0 0 0 0 0 0 0 0 0 0 0 0 0 0 
0 0 0 0 0 0 0 0 0 0 0 0 0 0 0 0 0 0 0 0 0 0 0 0 0 0 0 0 0 0 0 0 0 0 0 0 0 0 0 0 
0 0 0 0 0 0 0 0 0 0 0 0 0 0 0 0 0 0 0 0 0 0 0 0 0 0 0 0 0 0 0 0 0 0 0 0 0 0 0 0 
0 0 0 0 0 0 0 0 0 0 0 0 0 0 0 0 0 0 0 0 0 0 0 0 0 0 0 0 0 0 0 0 0 0 0 0 0 0 0 0 
0 0 0 0 0 0 0 0 0 0 0 0 0 0 0 0 0 0 0 0 0 0 0 0 0 0 0 0 0 0 0 0 0 0 0 0 0 0 0 0 
0 0 0 0 0 0 0 0 0 0 0 0 0 0 0 0 0 0 0 0 0 0 0 0 0 0 0 0 0 0 0 0 0 0 0 0 0 0 0 0 
0 0 0 0 0 0 0 0 0 0 0 0 0 0 0 0 0 0 0 0 0 0 0 0 0 0 0 0 0 0 0 0 0 0 0 0 0 0 0 0 
0 0 0 0 0 0 0 0 0 0 0 0 0 0 0 0 0 0 0 0 0 0 0 0 0 0 0 0 0 0 0 0 0 0 0 0 0 0 0 0 
0 0 0 0 0 0 0 0 0 0 0 0 0 0 0 0 0 0 0 0 0 0 0 0 0 0 0 0 0 0 0 0 0 0 0 0 0 0 0 0 
0 0 0 0 0 0 0 0 0 0 0 0 0 0 0 0 0 0 0 0 0 0 0 0 0 0 0 0 0 0 0 0 0 0 0 0 0 0 0 0 
0 0 0 0 0 0 0 0 0 0 0 0 0 0 0 0 0 0 0 0 0 0 0 0 0 0 0 0 0 0 0 0 0 0 0 0 0 0 0 0 
0 0 0 0 0 0 0 0 0 0 0 0 0 0 0 0 0 0 0 0 0 0 0 0 0 0 0 0 0 0 0 0 0 0 0 0 0 0 0 0 
0 0 0 0 0 0 0 0 0 0 0 0 0 0 0 0 0 0 0 0 0 0 0 0 0 0 0 0 0 0 0 0 0 0 0 0 0 0 0 0 
0 0 0 0 0 0 0 0 0 0 0 0 0 0 0 0 0 0 0 0 0 0 0 0 0 0 0 0 0 0 0 0 0 0 0 0 0 0 0 0 
0 0 0 0 0 0 0 0 0 0 0 0 0 0 0 0 0 0 0 0 0 0 0 0 0 0 0 0 0 0 0 0 0 0 0 0 0 0 0 0 
0 0 0 0 0 0 0 0 0 0 0 0 0 0 0 0 0 0 0 0 0 0 0 0 0 0 0 0 0 0 0 0 0 0 0 0 0 0 0 0 
0 0 0 0 0 0 0 0 0 0 0 0 0 0 0 0 0 0 0 0 0 0 0 0 0 0 0 0 0 0 0 0 0 0 0 0 0 0 0 0 
0 0 0 0 0 0 0 0 0 0 0 0 0 0 0 0 0 0 0 0 0 0 0 0 0 0 0 0 0 0 0 0 0 0 0 0 0 0 0 0 
0 0 0 0 0 0 0 0 0 0 0 0 0 0 0 0 0 0 0 0 0 0 0 0 0 0 0 0 0 0 0 0 0 0 
<lnRcpt>
0 0 0 0 0 0 0 0 0 0 0 0 0 0 0 0 0 0 0 0 0 0 0 0 0 0 0 0 0 0 0 0 0 0 0 0 0 0 0 0 
0 0 0 0 0 0 0 0 0 0 0 0 0 0 0 0 0 0 0 0 0 0 0 0 0 0 0 0 0 0 0 0 0 0 0 0 0 0 0 0 
0 0 0 0 0 0 0 0 0 0 0 0 0 0 0 0 0 0 0 0 0 0 0 0 0 0 0 0 0 0 0 0 0 0 0 0 0 0 0 0 
0 0 0 0 0 0 0 0 0 0 0 0 0 0 0 0 0 0 0 0 0 0 0 0 0 0 0 0 0 0 0 0 0 0 0 0 0 0 0 0 
0 0 0 0 0 0 0 0 0 0 0 0 0 0 0 0 0 0 0 0 0 0 0 0 0 0 0 0 0 0 0 0 0 0 0 0 0 0 0 0 
0 0 0 0 0 0 0 0 0 0 0 0 0 0 0 0 0 0 0 0 0 0 0 0 0 0 0 0 0 0 0 0 0 0 0 0 0 0 0 0 
0 0 0 0 0 0 0 0 0 0 0 0 0 0 0 0 0 0 0 0 0 0 0 0 0 0 0 0 0 0 0 0 0 0 0 0 0 0 0 0 
0 0 0 0 0 0 0 0 0 0 0 0 0 0 0 0 0 0 0 0 0 0 0 0 0 0 0 0 0 0 0 0 0 0 0 0 0 0 0 0 
0 0 0 0 0 0 0 0 0 0 0 0 0 0 0 0 0 0 0 0 0 0 0 0 0 0 0 0 0 0 0 0 0 0 0 0 0 0 0 0 
0 0 0 0 0 0 0 0 0 0 0 0 0 0 0 0 0 0 0 0 0 0 0 0 0 0 0 0 0 0 0 0 0 0 0 0 0 0 0 0 
0 0 0 0 0 0 0 0 0 0 0 0 0 0 0 0 0 0 0 0 0 0 0 0 0 0 0 0 0 0 0 0 0 0 0 0 0 0 0 0 
0 0 0 0 0 0 0 0 0 0 0 0 0 0 0 0 0 0 0 0 0 0 0 0 0 0 0 0 0 0 0 0 0 0 0 0 0 0 0 0 
0 0 0 0 0 0 0 0 0 0 0 0 0 0 0 0 0 0 0 0 0 0 0 0 0 0 0 0 0 0 0 0 0 0 0 0 0 0 0 0 
0 0 0 0 0 0 0 0 0 0 0 0 0 0 0 0 0 0 0 0 0 0 0 0 0 0 0 0 0 0 0 0 0 0 0 0 0 0 0 0 
0 0 0 0 0 0 0 0 0 0 0 0 0 0 0 0 0 0 0 0 0 0 0 0 0 0 0 0 0 0 0 0 0 0 0 0 0 0 0 0 
0 0 0 0 0 0 0 0 0 0 0 0 0 0 0 0 0 0 0 0 0 0 0 0 0 0 0 0 0 0 0 0 0 0 0 0 0 0 0 0 
0 0 0 0 0 0 0 0 0 0 0 0 0 0 0 0 0 0 0 0 0 0 0 0 0 0 0 0 0 0 0 0 0 0 0 0 0 0 0 0 
0 0 0 0 0 0 0 0 0 0 0 0 0 0 0 0 0 0 0 0 0 0 0 0 0 0 0 0 0 0 0 0 0 0 0 0 0 0 0 0 
0 0 0 0 0 0 0 0 0 0 0 0 0 0 0 0 0 0 0 0 0 0 0 0 0 0 0 0 0 0 0 0 0 0 0 0 0 0 0 0 
0 0 0 0 0 0 0 0 0 0 0 0 0 0 0 0 0 0 0 0 0 0 0 0 0 0 0 0 0 0 0 0 0 0 0 0 0 0 0 0 
0 0 0 0 0 0 0 0 0 0 0 0 0 0 0 0 0 0 0 0 0 0 0 0 0 0 0 0 0 0 0 0 0 0 0 0 0 0 0 0 
0 0 0 0 0 0 0 0 0 0 0 0 0 0 0 0 0 0 0 0 0 0 0 0 0 0 0 0 0 0 0 0 0 0 0 0 0 0 0 0 
0 0 0 0 0 0 0 0 0 0 0 0 0 0 0 0 0 0 0 0 0 0 0 0 0 0 0 0 0 0 0 0 0 0 0 0 0 0 0 0 
0 0 0 0 0 0 0 0 0 0 0 0 0 0 0 0 0 0 0 0 0 0 0 0 0 0 0 0 0 0 0 0 0 0 0 0 0 0 0 0 
0 0 0 0 0 0 0 0 0 0 0 0 0 0 0 0 0 0 0 0 0 0 0 0 0 0 0 0 0 0 0 0 0 0 0 0 0 0 0 0 
0 0 0 0 0 0 0 0 0 0 0 0 0 0 0 0 0 0 0 0 0 0 0 0 0 0 0 0 0 0 0 0 0 0 0 0 0 0 0 0 
0 0 0 0 0 0 0 0 0 0 0 0 0 0 0 0 0 0 0 0 0 0 0 0 0 0 0 0 0 0 0 0 0 0 
<lnExet>
0 0 0 0 0 0 0 0 0 0 0 0 0 0 0 0 0 0 0 0 0 0 0 0 0 0 0 0 0 0 0 0 0 0 0 0 0 0 0 0 
0 0 0 0 0 0 0 0 0 0 0 0 0 0 0 0 0 0 0 0 0 0 0 0 0 0 0 0 0 0 0 0 0 0 0 0 0 0 0 0 
0 0 0 0 0 0 0 0 0 0 0 0 0 0 0 0 0 0 0 0 0 0 0 0 0 0 0 0 0 0 0 0 0 0 0 0 0 0 0 0 
0 0 0 0 0 0 0 0 0 0 0 0 0 0 0 0 0 0 0 0 0 0 0 0 0 0 0 0 0 0 0 0 0 0 0 0 0 0 0 0 
0 0 0 0 0 0 0 0 0 0 0 0 0 0 0 0 0 0 0 0 0 0 0 0 0 0 0 0 0 0 0 0 0 0 0 0 0 0 0 0 
0 0 0 0 0 0 0 0 0 0 0 0 0 0 0 0 0 0 0 0 0 0 0 0 0 0 0 0 0 0 0 0 0 0 0 0 0 0 0 0 
0 0 0 0 0 0 0 0 0 0 0 0 0 0 0 0 0 0 0 0 0 0 0 0 0 0 0 0 0 0 0 0 0 0 0 0 0 0 0 0 
0 0 0 0 0 0 0 0 0 0 0 0 0 0 0 0 0 0 0 0 0 0 0 0 0 0 0 0 0 0 0 0 0 0 0 0 0 0 0 0 
0 0 0 0 0 0 0 0 0 0 0 0 0 0 0 0 0 0 0 0 0 0 0 0 0 0 0 0 0 0 0 0 0 0 0 0 0 0 0 0 
0 0 0 0 0 0 0 0 0 0 0 0 0 0 0 0 0 0 0 0 0 0 0 0 0 0 0 0 0 0 0 0 0 0 0 0 0 0 0 0 
0 0 0 0 0 0 0 0 0 0 0 0 0 0 0 0 0 0 0 0 0 0 0 0 0 0 0 0 0 0 0 0 0 0 0 0 0 0 0 0 
0 0 0 0 0 0 0 0 0 0 0 0 0 0 0 0 0 0 0 0 0 0 0 0 0 0 0 0 0 0 0 0 0 0 0 0 0 0 0 0 
0 0 0 0 0 0 0 0 0 0 0 0 0 0 0 0 0 0 0 0 0 0 0 0 0 0 0 0 0 0 0 0 0 0 0 0 0 0 0 0 
0 0 0 0 0 0 0 0 0 0 0 0 0 0 0 0 0 0 0 0 0 0 0 0 0 0 0 0 0 0 0 0 0 0 0 0 0 0 0 0 
0 0 0 0 0 0 0 0 0 0 0 0 0 0 0 0 0 0 0 0 0 0 0 0 0 0 0 0 0 0 0 0 0 0 0 0 0 0 0 0 
0 0 0 0 0 0 0 0 0 0 0 0 0 0 0 0 0 0 0 0 0 0 0 0 0 0 0 0 0 0 0 0 0 0 0 0 0 0 0 0 
0 0 0 0 0 0 0 0 0 0 0 0 0 0 0 0 0 0 0 0 0 0 0 0 0 0 0 0 0 0 0 0 0 0 0 0 0 0 0 0 
0 0 0 0 0 0 0 0 0 0 0 0 0 0 0 0 0 0 0 0 0 0 0 0 0 0 0 0 0 0 0 0 0 0 0 0 0 0 0 0 
0 0 0 0 0 0 0 0 0 0 0 0 0 0 0 0 0 0 0 0 0 0 0 0 0 0 0 0 0 0 0 0 0 0 0 0 0 0 0 0 
0 0 0 0 0 0 0 0 0 0 0 0 0 0 0 0 0 0 0 0 0 0 0 0 0 0 0 0 0 0 0 0 0 0 0 0 0 0 0 0 
0 0 0 0 0 0 0 0 0 0 0 0 0 0 0 0 0 0 0 0 0 0 0 0 0 0 0 0 0 0 0 0 0 0 0 0 0 0 0 0 
0 0 0 0 0 0 0 0 0 0 0 0 0 0 0 0 0 0 0 0 0 0 0 0 0 0 0 0 0 0 0 0 0 0 0 0 0 0 0 0 
0 0 0 0 0 0 0 0 0 0 0 0 0 0 0 0 0 0 0 0 0 0 0 0 0 0 0 0 0 0 0 0 0 0 0 0 0 0 0 0 
0 0 0 0 0 0 0 0 0 0 0 0 0 0 0 0 0 0 0 0 0 0 0 0 0 0 0 0 0 0 0 0 0 0 0 0 0 0 0 0 
0 0 0 0 0 0 0 0 0 0 0 0 0 0 0 0 0 0 0 0 0 0 0 0 0 0 0 0 0 0 0 0 0 0 0 0 0 0 0 0 
0 0 0 0 0 0 0 0 0 0 0 0 0 0 0 0 0 0 0 0 0 0 0 0 0 0 0 0 0 0 0 0 0 0 0 0 0 0 0 0 
0 0 0 0 0 0 0 0 0 0 0 0 0 0 0 0 0 0 0 0 0 0 0 0 0 0 0 0 0 0 0 0 0 0 
<lnCnft>
0 0 0 0 0 0 0 0 0 0 0 0 0 0 0 0 0 0 0 0 0 0 0 0 0 0 0 0 0 0 0 0 0 0 0 0 0 0 0 0 
0 0 0 0 0 0 0 0 0 0 0 0 0 0 0 0 0 0 0 0 0 0 0 0 0 0 0 0 0 0 0 0 0 0 0 0 0 0 0 0 
0 0 0 0 0 0 0 0 0 0 0 0 0 0 0 0 0 0 0 0 0 0 0 0 0 0 0 0 0 0 0 0 0 0 0 0 0 0 0 0 
0 0 0 0 0 0 0 0 0 0 0 0 0 0 0 0 0 0 0 0 0 0 0 0 0 0 0 0 0 0 0 0 0 0 0 0 0 0 0 0 
0 0 0 0 0 0 0 0 0 0 0 0 0 0 0 0 0 0 0 0 0 0 0 0 0 0 0 0 0 0 0 0 0 0 0 0 0 0 0 0 
0 0 0 0 0 0 0 0 0 0 0 0 0 0 0 0 0 0 0 0 0 0 0 0 0 0 0 0 0 0 0 0 0 0 0 0 0 0 0 0 
0 0 0 0 0 0 0 0 0 0 0 0 0 0 0 0 0 0 0 0 0 0 0 0 0 0 0 0 0 0 0 0 0 0 0 0 0 0 0 0 
0 0 0 0 0 0 0 0 0 0 0 0 0 0 0 0 0 0 0 0 0 0 0 0 0 0 0 0 0 0 0 0 0 0 0 0 0 0 0 0 
0 0 0 0 0 0 0 0 0 0 0 0 0 0 0 0 0 0 0 0 0 0 0 0 0 0 0 0 0 0 0 0 0 0 0 0 0 0 0 0 
0 0 0 0 0 0 0 0 0 0 0 0 0 0 0 0 0 0 0 0 0 0 0 0 0 0 0 0 0 0 0 0 0 0 0 0 0 0 0 0 
0 0 0 0 0 0 0 0 0 0 0 0 0 0 0 0 0 0 0 0 0 0 0 0 0 0 0 0 0 0 0 0 0 0 0 0 0 0 0 0 
0 0 0 0 0 0 0 0 0 0 0 0 0 0 0 0 0 0 0 0 0 0 0 0 0 0 0 0 0 0 0 0 0 0 0 0 0 0 0 0 
0 0 0 0 0 0 0 0 0 0 0 0 0 0 0 0 0 0 0 0 0 0 0 0 0 0 0 0 0 0 0 0 0 0 0 0 0 0 0 0 
0 0 0 0 0 0 0 0 0 0 0 0 0 0 0 0 0 0 0 0 0 0 0 0 0 0 0 0 0 0 0 0 0 0 0 0 0 0 0 0 
0 0 0 0 0 0 0 0 0 0 0 0 0 0 0 0 0 0 0 0 0 0 0 0 0 0 0 0 0 0 0 0 0 0 0 0 0 0 0 0 
0 0 0 0 0 0 0 0 0 0 0 0 0 0 0 0 0 0 0 0 0 0 0 0 0 0 0 0 0 0 0 0 0 0 0 0 0 0 0 0 
0 0 0 0 0 0 0 0 0 0 0 0 0 0 0 0 0 0 0 0 0 0 0 0 0 0 0 0 0 0 0 0 0 0 0 0 0 0 0 0 
0 0 0 0 0 0 0 0 0 0 0 0 0 0 0 0 0 0 0 0 0 0 0 0 0 0 0 0 0 0 0 0 0 0 0 0 0 0 0 0 
0 0 0 0 0 0 0 0 0 0 0 0 0 0 0 0 0 0 0 0 0 0 0 0 0 0 0 0 0 0 0 0 0 0 0 0 0 0 0 0 
0 0 0 0 0 0 0 0 0 0 0 0 0 0 0 0 0 0 0 0 0 0 0 0 0 0 0 0 0 0 0 0 0 0 0 0 0 0 0 0 
0 0 0 0 0 0 0 0 0 0 0 0 0 0 0 0 0 0 0 0 0 0 0 0 0 0 0 0 0 0 0 0 0 0 0 0 0 0 0 0 
0 0 0 0 0 0 0 0 0 0 0 0 0 0 0 0 0 0 0 0 0 0 0 0 0 0 0 0 0 0 0 0 0 0 0 0 0 0 0 0 
0 0 0 0 0 0 0 0 0 0 0 0 0 0 0 0 0 0 0 0 0 0 0 0 0 0 0 0 0 0 0 0 0 0 0 0 0 0 0 0 
0 0 0 0 0 0 0 0 0 0 0 0 0 0 0 0 0 0 0 0 0 0 0 0 0 0 0 0 0 0 0 0 0 0 0 0 0 0 0 0 
0 0 0 0 0 0 0 0 0 0 0 0 0 0 0 0 0 0 0 0 0 0 0 0 0 0 0 0 0 0 0 0 0 0 0 0 0 0 0 0 
0 0 0 0 0 0 0 0 0 0 0 0 0 0 0 0 0 0 0 0 0 0 0 0 0 0 0 0 0 0 0 0 0 0 0 0 0 0 0 0 
0 0 0 0 0 0 0 0 0 0 0 0 0 0 0 0 0 0 0 0 0 0 0 0 0 0 0 0 0 0 0 0 0 0 
<SorMc>
0 0 0 0 0 0 0 0 0 0 0 0 0 0 0 0 
0 0 0 0 0 0 0 0 0 0 0 0 0 0 0 0 
<LsISmo>
0 0 0 0 0 0 0 0 
<xSMd>

<IsoPc>

<IsoSc>

<IsoCt>

<LsESmo>
0 0 0 0 0 0 0 0 
<EImc>

<mCDc>

<lnScalT>
0 0 0 0 0 0 0 0 0 0 0 0 0 0 0 0 0 0 0 0 0 0 0 0 0 0 0 0 0 0 0 0 0 0 0 0 0 0 0 0 
0 0 0 0 0 0 0 0 0 0 0 0 0 0 0 0 0 0 0 0 0 0 0 0 0 0 0 0 0 0 0 0 0 0 0 0 0 0 0 0 
0 0 0 0 0 0 0 0 0 0 0 0 0 0 0 0 0 0 0 0 0 0 0 0 0 0 0 0 0 0 0 0 0 0 0 0 0 0 0 0 
0 0 0 0 0 0 0 0 0 0 0 0 0 0 0 0 0 0 0 0 0 0 0 0 0 0 0 0 0 0 0 0 0 0 0 0 0 0 0 0 
0 0 0 0 0 0 0 0 0 0 0 0 0 0 0 0 0 0 0 0 0 0 0 0 0 0 0 0 0 0 0 0 0 0 0 0 0 0 0 0 
0 0 0 0 0 0 0 0 0 0 0 0 0 0 0 0 0 0 0 0 0 0 0 0 0 0 0 0 0 0 0 0 0 0 0 0 0 0 0 0 
0 0 0 0 0 0 0 0 0 0 0 0 0 0 0 0 0 0 0 0 0 0 0 0 0 0 0 0 0 0 0 0 0 0 0 0 0 0 0 0 
0 0 0 0 0 0 0 0 0 0 0 0 0 0 0 0 0 0 0 0 0 0 0 0 0 0 0 0 0 0 0 0 0 0 0 0 0 0 0 0 
0 0 0 0 0 0 0 0 0 0 0 0 0 0 0 0 0 0 0 0 0 0 0 0 0 0 0 0 0 0 0 0 0 0 0 0 0 0 0 0 
0 0 0 0 0 0 0 0 0 0 0 0 0 0 0 0 0 0 0 0 0 0 0 0 0 0 0 0 0 0 0 0 0 0 0 0 0 0 0 0 
0 0 0 0 0 0 0 0 0 0 0 0 0 0 0 0 0 0 0 0 0 0 0 0 0 0 0 0 0 0 0 0 0 0 0 0 0 0 0 0 
0 0 0 0 0 0 0 0 0 0 0 0 0 0 0 0 0 0 0 0 0 0 0 0 0 0 0 0 0 0 0 0 0 0 0 0 0 0 0 0 
0 0 0 0 0 0 0 0 0 0 0 0 0 0 0 0 0 0 0 0 0 0 0 0 0 0 0 0 0 0 0 0 0 0 0 0 0 0 0 0 
0 0 0 0 0 0 0 0 0 0 0 0 0 0 0 0 0 0 0 0 0 0 0 0 0 0 0 0 0 0 0 0 0 0 0 0 0 0 0 0 
0 0 0 0 0 0 0 0 0 0 0 0 0 0 0 0 0 0 0 0 0 0 0 0 0 0 0 0 0 0 0 0 0 0 0 0 0 0 0 0 
0 0 0 0 0 0 0 0 0 0 0 0 0 0 0 0 0 0 0 0 0 0 0 0 0 0 0 0 0 0 0 0 0 0 0 0 0 0 0 0 
0 0 0 0 0 0 0 0 0 0 0 0 0 0 0 0 0 0 0 0 0 0 0 0 0 0 0 0 0 0 0 0 0 0 0 0 0 0 0 0 
0 0 0 0 0 0 0 0 0 0 0 0 0 0 0 0 0 0 0 0 0 0 0 0 0 0 0 0 0 0 0 0 0 0 0 0 0 0 0 0 
0 0 0 0 0 0 0 0 0 0 0 0 0 0 0 0 0 0 0 0 0 0 0 0 0 0 0 0 0 0 0 0 0 0 0 0 0 0 0 0 
0 0 0 0 0 0 0 0 0 0 0 0 0 0 0 0 0 0 0 0 0 0 0 0 0 0 0 0 0 0 0 0 0 0 0 0 0 0 0 0 
0 0 0 0 0 0 0 0 0 0 0 0 0 0 0 0 0 0 0 0 0 0 0 0 0 0 0 0 0 0 0 0 0 0 0 0 0 0 0 0 
0 0 0 0 0 0 0 0 0 0 0 0 0 0 0 0 0 0 0 0 0 0 0 0 0 0 0 0 0 0 0 0 0 0 0 0 0 0 0 0 
0 0 0 0 0 0 0 0 0 0 0 0 0 0 0 0 0 0 0 0 0 0 0 0 0 0 0 0 0 0 0 0 0 0 0 0 0 0 0 0 
0 0 0 0 0 0 0 0 0 0 0 0 0 0 0 0 0 0 0 0 0 0 0 0 0 0 0 0 0 0 0 0 0 0 0 0 0 0 0 0 
0 0 0 0 0 0 0 0 0 0 0 0 0 0 0 0 0 0 0 0 0 0 0 0 0 0 0 0 0 0 0 0 0 0 0 0 0 0 0 0 
0 0 0 0 0 0 0 0 0 0 0 0 0 0 0 0 0 0 0 0 0 0 0 0 0 0 0 0 0 0 0 0 0 0 0 0 0 0 0 0 
0 0 0 0 0 0 0 0 0 0 0 0 0 0 0 0 0 0 0 0 0 0 0 0 0 0 0 0 0 0 0 0 0 0 
<lnSACT>
0 0 0 0 0 0 0 0 0 0 0 0 0 0 0 0 0 0 0 0 0 0 0 0 0 0 0 0 0 0 0 0 0 0 0 0 0 0 0 0 
0 0 0 0 0 0 0 0 0 0 0 0 0 0 0 0 0 0 0 0 0 0 0 0 0 0 0 0 0 0 0 0 0 0 0 0 0 0 0 0 
0 0 0 0 0 0 0 0 0 0 0 0 0 0 0 0 0 0 0 0 0 0 0 0 0 0 0 0 0 0 0 0 0 0 0 0 0 0 0 0 
0 0 0 0 0 0 0 0 0 0 0 0 0 0 0 0 0 0 0 0 0 0 0 0 0 0 0 0 0 0 0 0 0 0 0 0 0 0 0 0 
0 0 0 0 0 0 0 0 0 0 0 0 0 0 0 0 0 0 0 0 0 0 0 0 0 0 0 0 0 0 0 0 0 0 0 0 0 0 0 0 
0 0 0 0 0 0 0 0 0 0 0 0 0 0 0 0 0 0 0 0 0 0 0 0 0 0 0 0 0 0 0 0 0 0 0 0 0 0 0 0 
0 0 0 0 0 0 0 0 0 0 0 0 0 0 0 0 0 0 0 0 0 0 0 0 0 0 0 0 0 0 0 0 0 0 0 0 0 0 0 0 
0 0 0 0 0 0 0 0 0 0 0 0 0 0 0 0 0 0 0 0 0 0 0 0 0 0 0 0 0 0 0 0 0 0 0 0 0 0 0 0 
0 0 0 0 0 0 0 0 0 0 0 0 0 0 0 0 0 0 0 0 0 0 0 0 0 0 0 0 0 0 0 0 0 0 0 0 0 0 0 0 
0 0 0 0 0 0 0 0 0 0 0 0 0 0 0 0 0 0 0 0 0 0 0 0 0 0 0 0 0 0 0 0 0 0 0 0 0 0 0 0 
0 0 0 0 0 0 0 0 0 0 0 0 0 0 0 0 0 0 0 0 0 0 0 0 0 0 0 0 0 0 0 0 0 0 0 0 0 0 0 0 
0 0 0 0 0 0 0 0 0 0 0 0 0 0 0 0 0 0 0 0 0 0 0 0 0 0 0 0 0 0 0 0 0 0 0 0 0 0 0 0 
0 0 0 0 0 0 0 0 0 0 0 0 0 0 0 0 0 0 0 0 0 0 0 0 0 0 0 0 0 0 0 0 0 0 0 0 0 0 0 0 
0 0 0 0 0 0 0 0 0 0 0 0 0 0 0 0 0 0 0 0 0 0 0 0 0 0 0 0 0 0 0 0 0 0 0 0 0 0 0 0 
0 0 0 0 0 0 0 0 0 0 0 0 0 0 0 0 0 0 0 0 0 0 0 0 0 0 0 0 0 0 0 0 0 0 0 0 0 0 0 0 
0 0 0 0 0 0 0 0 0 0 0 0 0 0 0 0 0 0 0 0 0 0 0 0 0 0 0 0 0 0 0 0 0 0 0 0 0 0 0 0 
0 0 0 0 0 0 0 0 0 0 0 0 0 0 0 0 0 0 0 0 0 0 0 0 0 0 0 0 0 0 0 0 0 0 0 0 0 0 0 0 
0 0 0 0 0 0 0 0 0 0 0 0 0 0 0 0 0 0 0 0 0 0 0 0 0 0 0 0 0 0 0 0 0 0 0 0 0 0 0 0 
0 0 0 0 0 0 0 0 0 0 0 0 0 0 0 0 0 0 0 0 0 0 0 0 0 0 0 0 0 0 0 0 0 0 0 0 0 0 0 0 
0 0 0 0 0 0 0 0 0 0 0 0 0 0 0 0 0 0 0 0 0 0 0 0 0 0 0 0 0 0 0 0 0 0 0 0 0 0 0 0 
0 0 0 0 0 0 0 0 0 0 0 0 0 0 0 0 0 0 0 0 0 0 0 0 0 0 0 0 0 0 0 0 0 0 0 0 0 0 0 0 
0 0 0 0 0 0 0 0 0 0 0 0 0 0 0 0 0 0 0 0 0 0 0 0 0 0 0 0 0 0 0 0 0 0 0 0 0 0 0 0 
0 0 0 0 0 0 0 0 0 0 0 0 0 0 0 0 0 0 0 0 0 0 0 0 0 0 0 0 0 0 0 0 0 0 0 0 0 0 0 0 
0 0 0 0 0 0 0 0 0 0 0 0 0 0 0 0 0 0 0 0 0 0 0 0 0 0 0 0 0 0 0 0 0 0 0 0 0 0 0 0 
0 0 0 0 0 0 0 0 0 0 0 0 0 0 0 0 0 0 0 0 0 0 0 0 0 0 0 0 0 0 0 0 0 0 0 0 0 0 0 0 
0 0 0 0 0 0 0 0 0 0 0 0 0 0 0 0 0 0 0 0 0 0 0 0 0 0 0 0 0 0 0 0 0 0 0 0 0 0 0 0 
0 0 0 0 0 0 0 0 0 0 0 0 0 0 0 0 0 0 0 0 0 0 0 0 0 0 0 0 0 0 0 0 0 0 
<lnGammF>
0 0 0 0 0 0 0 0 0 0 0 0 0 0 0 0 0 0 0 0 0 0 0 0 0 0 0 0 0 0 0 0 0 0 0 0 0 0 0 0 
0 0 0 0 0 0 0 0 0 0 0 0 0 0 0 0 0 0 0 0 0 0 0 0 0 0 0 0 0 0 0 0 0 0 0 0 0 0 0 0 
0 0 0 0 0 0 0 0 0 0 0 0 0 0 0 0 0 0 0 0 0 0 0 0 0 0 0 0 0 0 0 0 0 0 0 0 0 0 0 0 
0 0 0 0 0 0 0 0 0 0 0 0 0 0 0 0 0 0 0 0 0 0 0 0 0 0 0 0 0 0 0 0 0 0 0 0 0 0 0 0 
0 0 0 0 0 0 0 0 0 0 0 0 0 0 0 0 0 0 0 0 0 0 0 0 0 0 0 0 0 0 0 0 0 0 0 0 0 0 0 0 
0 0 0 0 0 0 0 0 0 0 0 0 0 0 0 0 0 0 0 0 0 0 0 0 0 0 0 0 0 0 0 0 0 0 0 0 0 0 0 0 
0 0 0 0 0 0 0 0 0 0 0 0 0 0 0 0 0 0 0 0 0 0 0 0 0 0 0 0 0 0 0 0 0 0 0 0 0 0 0 0 
0 0 0 0 0 0 0 0 0 0 0 0 0 0 0 0 0 0 0 0 0 0 0 0 0 0 0 0 0 0 0 0 0 0 0 0 0 0 0 0 
0 0 0 0 0 0 0 0 0 0 0 0 0 0 0 0 0 0 0 0 0 0 0 0 0 0 0 0 0 0 0 0 0 0 0 0 0 0 0 0 
0 0 0 0 0 0 0 0 0 0 0 0 0 0 0 0 0 0 0 0 0 0 0 0 0 0 0 0 0 0 0 0 0 0 0 0 0 0 0 0 
0 0 0 0 0 0 0 0 0 0 0 0 0 0 0 0 0 0 0 0 0 0 0 0 0 0 0 0 0 0 0 0 0 0 0 0 0 0 0 0 
0 0 0 0 0 0 0 0 0 0 0 0 0 0 0 0 0 0 0 0 0 0 0 0 0 0 0 0 0 0 0 0 0 0 0 0 0 0 0 0 
0 0 0 0 0 0 0 0 0 0 0 0 0 0 0 0 0 0 0 0 0 0 0 0 0 0 0 0 0 0 0 0 0 0 0 0 0 0 0 0 
0 0 0 0 0 0 0 0 0 0 0 0 0 0 0 0 0 0 0 0 0 0 0 0 0 0 0 0 0 0 0 0 0 0 0 0 0 0 0 0 
0 0 0 0 0 0 0 0 0 0 0 0 0 0 0 0 0 0 0 0 0 0 0 0 0 0 0 0 0 0 0 0 0 0 0 0 0 0 0 0 
0 0 0 0 0 0 0 0 0 0 0 0 0 0 0 0 0 0 0 0 0 0 0 0 0 0 0 0 0 0 0 0 0 0 0 0 0 0 0 0 
0 0 0 0 0 0 0 0 0 0 0 0 0 0 0 0 0 0 0 0 0 0 0 0 0 0 0 0 0 0 0 0 0 0 0 0 0 0 0 0 
0 0 0 0 0 0 0 0 0 0 0 0 0 0 0 0 0 0 0 0 0 0 0 0 0 0 0 0 0 0 0 0 0 0 0 0 0 0 0 0 
0 0 0 0 0 0 0 0 0 0 0 0 0 0 0 0 0 0 0 0 0 0 0 0 0 0 0 0 0 0 0 0 0 0 0 0 0 0 0 0 
0 0 0 0 0 0 0 0 0 0 0 0 0 0 0 0 0 0 0 0 0 0 0 0 0 0 0 0 0 0 0 0 0 0 0 0 0 0 0 0 
0 0 0 0 0 0 0 0 0 0 0 0 0 0 0 0 0 0 0 0 0 0 0 0 0 0 0 0 0 0 0 0 0 0 0 0 0 0 0 0 
0 0 0 0 0 0 0 0 0 0 0 0 0 0 0 0 0 0 0 0 0 0 0 0 0 0 0 0 0 0 0 0 0 0 0 0 0 0 0 0 
0 0 0 0 0 0 0 0 0 0 0 0 0 0 0 0 0 0 0 0 0 0 0 0 0 0 0 0 0 0 0 0 0 0 0 0 0 0 0 0 
0 0 0 0 0 0 0 0 0 0 0 0 0 0 0 0 0 0 0 0 0 0 0 0 0 0 0 0 0 0 0 0 0 0 0 0 0 0 0 0 
0 0 0 0 0 0 0 0 0 0 0 0 0 0 0 0 0 0 0 0 0 0 0 0 0 0 0 0 0 0 0 0 0 0 0 0 0 0 0 0 
0 0 0 0 0 0 0 0 0 0 0 0 0 0 0 0 0 0 0 0 0 0 0 0 0 0 0 0 0 0 0 0 0 0 0 0 0 0 0 0 
0 0 0 0 0 0 0 0 0 0 0 0 0 0 0 0 0 0 0 0 0 0 0 0 0 0 0 0 0 0 0 0 0 0 
<CTerms>
0 0 0 0 0 0 0 0 0 0 0 0 0 0 0 0 0 0 0 0 0 0 0 0 0 0 0 0 0 0 0 0 0 0 0 0 0 0 0 0 
0 0 0 0 0 0 0 0 0 0 0 0 0 0 0 0 0 0 0 0 0 0 0 0 0 0 0 0 0 0 0 0 0 0 0 0 0 0 0 0 
0 0 0 0 0 0 0 0 0 0 0 0 0 0 0 0 0 0 0 0 0 0 0 0 0 0 0 0 0 0 0 0 0 0 0 0 0 0 0 0 
0 0 0 0 0 0 0 0 0 0 0 0 0 0 0 0 0 0 0 0 0 0 0 0 0 0 0 0 0 0 0 0 0 0 0 0 0 0 0 0 
0 0 0 0 0 0 0 0 0 0 0 0 0 0 0 0 0 0 0 0 0 0 0 0 0 0 0 0 0 0 0 0 0 0 0 0 0 0 0 0 
0 0 0 0 0 0 0 0 0 0 0 0 0 0 0 0 0 0 0 0 0 0 0 0 0 0 0 0 0 0 0 0 0 0 0 0 0 0 0 0 
0 0 0 0 0 0 0 0 0 0 0 0 0 0 0 0 0 0 0 0 0 0 0 0 0 0 0 0 0 0 0 0 0 0 0 0 0 0 0 0 
0 0 0 0 0 0 0 0 0 0 0 0 0 0 0 0 0 0 0 0 0 0 0 0 0 0 0 0 0 0 0 0 0 0 0 0 0 0 0 0 
0 0 0 0 0 0 0 0 0 0 0 0 0 0 0 0 0 0 0 0 0 0 0 0 0 0 0 0 0 0 0 0 0 0 0 0 0 0 0 0 
0 0 0 0 0 0 0 0 0 0 0 0 0 0 0 0 0 0 0 0 0 0 0 0 0 0 0 0 0 0 0 0 0 0 0 0 0 0 0 0 
0 0 0 0 0 0 0 0 0 0 0 0 0 0 0 0 0 0 0 0 0 0 0 0 0 0 0 0 0 0 0 0 0 0 0 0 0 0 0 0 
0 0 0 0 0 0 0 0 0 0 0 0 0 0 0 0 0 0 0 0 0 0 0 0 0 0 0 0 0 0 0 0 0 0 0 0 0 0 0 0 
0 0 0 0 0 0 0 0 0 0 0 0 0 0 0 0 0 0 0 0 0 0 0 0 0 0 0 0 0 0 0 0 0 0 0 0 0 0 0 0 
0 0 0 0 0 0 0 0 0 0 0 0 0 0 0 0 0 0 0 0 0 0 0 0 0 0 0 0 0 0 0 0 0 0 0 0 0 0 0 0 
0 0 0 0 0 0 0 0 0 0 0 0 0 0 0 0 0 0 0 0 0 0 0 0 0 0 0 0 0 0 0 0 0 0 0 0 0 0 0 0 
0 0 0 0 0 0 0 0 0 0 0 0 0 0 0 0 0 0 0 0 0 0 0 0 0 0 0 0 0 0 0 0 0 0 0 0 0 0 0 0 
0 0 0 0 0 0 0 0 0 0 0 0 0 0 0 0 0 0 0 0 0 0 0 0 0 0 0 0 0 0 0 0 0 0 0 0 0 0 0 0 
0 0 0 0 0 0 0 0 0 0 0 0 0 0 0 0 0 0 0 0 0 0 0 0 0 0 0 0 0 0 0 0 0 0 0 0 0 0 0 0 
0 0 0 0 0 0 0 0 0 0 0 0 0 0 0 0 0 0 0 0 0 0 0 0 0 0 0 0 0 0 0 0 0 0 0 0 0 0 0 0 
0 0 0 0 0 0 0 0 0 0 0 0 0 0 0 0 0 0 0 0 0 0 0 0 0 0 0 0 0 0 0 0 0 0 0 0 0 0 0 0 
0 0 0 0 0 0 0 0 0 0 0 0 0 0 0 0 0 0 0 0 0 0 0 0 0 0 0 0 0 0 0 0 0 0 0 0 0 0 0 0 
0 0 0 0 0 0 0 0 0 0 0 0 0 0 0 0 0 0 0 0 0 0 0 0 0 0 0 0 0 0 0 0 0 0 0 0 0 0 0 0 
0 0 0 0 0 0 0 0 0 0 0 0 0 0 0 0 0 0 0 0 0 0 0 0 0 0 0 0 0 0 0 0 0 0 0 0 0 0 0 0 
0 0 0 0 0 0 0 0 0 0 0 0 0 0 0 0 0 0 0 0 0 0 0 0 0 0 0 0 0 0 0 0 0 0 0 0 0 0 0 0 
0 0 0 0 0 0 0 0 0 0 0 0 0 0 0 0 0 0 0 0 0 0 0 0 0 0 0 0 0 0 0 0 0 0 0 0 0 0 0 0 
0 0 0 0 0 0 0 0 0 0 0 0 0 0 0 0 0 0 0 0 0 0 0 0 0 0 0 0 0 0 0 0 0 0 0 0 0 0 0 0 
0 0 0 0 0 0 0 0 0 0 0 0 0 0 0 0 0 0 0 0 0 0 0 0 0 0 0 0 0 0 0 0 0 0 
<kMod>
'NNNNNN' 'NNNNNN' 'NNNNNN' 'NNNNNN' 'NNNNNN' 'NNNNNN' 'NNNNNN' 'NNNNNN' 'NNNNNN' 'NNNNNN' 'NNNNNN' 'NNNNNN' 'NNNNNN' 'NNNNNN' 'NNNNNN' 'NNNNNN' 'NNNNNN' 'NNNNNN' 'NNNNNN' 'NNNNNN' 'NNNNNN' 'NNNNNN' 'NNNNNN' 'NNNNNN' 'NNNNNN' 'NNNNNN' 'NNNNNN' 'NNNNNN' 'NNNNNN' 'NNNNNN' 'NNNNNN' 'NNNNNN' 'NNNNNN' 'NNNNNN' 'NNNNNN' 'NNNNNN' 'NNNNNN' 'NNNNNN' 'NNNNNN' 'NNNNNN' 
'NNNNNN' 'NNNNNN' 'NNNNNN' 'NNNNNN' 'NNNNNN' 'NNNNNN' 'NNNNNN' 'NNNNNN' 'NNNNNN' 'NNNNNN' 'NNNNNN' 'NNNNNN' 'NNNNNN' 'NNNNNN' 'NNNNNN' 'NNNNNN' 'NNNNNN' 'NNNNNN' 'NNNNNN' 'NNNNNN' 'NNNNNN' 'NNNNNN' 'NNNNNN' 'NNNNNN' 'NNNNNN' 'NNNNNN' 'NNNNNN' 'NNNNNN' 'NNNNNN' 'NNNNNN' 'NNNNNN' 'NNNNNN' 'NNNNNN' 'NNNNNN' 'NNNNNN' 'NNNNNN' 'NNNNNN' 'NNNNNN' 'NNNNNN' 'NNNNNN' 
'NNNNNN' 'NNNNNN' 'NNNNNN' 'NNNNNN' 'NNNNNN' 'NNNNNN' 'NNNNNN' 'NNNNNN' 'NNNNNN' 'NNNNNN' 'NNNNNN' 'NNNNNN' 'NNNNNN' 'NNNNNN' 'NNNNNN' 'NNNNNN' 'NNNNNN' 'NNNNNN' 'NNNNNN' 'NNNNNN' 'NNNNNN' 'NNNNNN' 'NNNNNN' 'NNNNNN' 'NNNNNN' 'NNNNNN' 'NNNNNN' 'NNNNNN' 'NNNNNN' 'NNNNNN' 'NNNNNN' 'NNNNNN' 'NNNNNN' 'NNNNNN' 'NNNNNN' 'NNNNNN' 'NNNNNN' 'NNNNNN' 'NNNNNN' 'NNNNNN' 
'NNNNNN' 'NNNNNN' 'NNNNNN' 'NNNNNN' 'NNNNNN' 'NNNNNN' 'NNNNNN' 'NNNNNN' 'NNNNNN' 'NNNNNN' 'NNNNNN' 'NNNNNN' 'NNNNNN' 'NNNNNN' 'NNNNNN' 'NNNNNN' 'NNNNNN' 'NNNNNN' 'NNNNNN' 'NNNNNN' 'NNNNNN' 'NNNNNN' 'NNNNNN' 'NNNNNN' 'NNNNNN' 'NNNNNN' 'NNNNNN' 'NNNNNN' 'NNNNNN' 'NNNNNN' 'NNNNNN' 'NNNNNN' 'NNNNNN' 'NNNNNN' 'NNNNNN' 'NNNNNN' 'NNNNNN' 'NNNNNN' 'NNNNNN' 'NNNNNN' 
'NNNNNN' 'NNNNNN' 'NNNNNN' 'NNNNNN' 'NNNNNN' 'NNNNNN' 'NNNNNN' 'NNNNNN' 'NNNNNN' 'NNNNNN' 'NNNNNN' 'NNNNNN' 'NNNNNN' 'NNNNNN' 'NNNNNN' 'NNNNNN' 'NNNNNN' 'NNNNNN' 'NNNNNN' 'NNNNNN' 'NNNNNN' 'NNNNNN' 'NNNNNN' 'NNNNNN' 'NNNNNN' 'NNNNNN' 'NNNNNN' 'NNNNNN' 'NNNNNN' 'NNNNNN' 'NNNNNN' 'NNNNNN' 'NNNNNN' 'NNNNNN' 'NNNNNN' 'NNNNNN' 'NNNNNN' 'NNNNNN' 'NNNNNN' 'NNNNNN' 
'NNNNNN' 'NNNNNN' 'NNNNNN' 'NNNNNN' 'NNNNNN' 'NNNNNN' 'NNNNNN' 'NNNNNN' 'NNNNNN' 'NNNNNN' 'NNNNNN' 'NNNNNN' 'NNNNNN' 'NNNNNN' 'NNNNNN' 'NNNNNN' 'NNNNNN' 'NNNNNN' 'NNNNNN' 'NNNNNN' 'NNNNNN' 'NNNNNN' 'NNNNNN' 'NNNNNN' 'NNNNNN' 'NNNNNN' 'NNNNNN' 'NNNNNN' 'NNNNNN' 'NNNNNN' 'NNNNNN' 'NNNNNN' 'NNNNNN' 'NNNNNN' 'NNNNNN' 'NNNNNN' 'NNNNNN' 'NNNNNN' 'NNNNNN' 'NNNNNN' 
'NNNNNN' 'NNNNNN' 'NNNNNN' 'NNNNNN' 'NNNNNN' 'NNNNNN' 'NNNNNN' 'NNNNNN' 'NNNNNN' 'NNNNNN' 'NNNNNN' 'NNNNNN' 'NNNNNN' 'NNNNNN' 'NNNNNN' 'NNNNNN' 'NNNNNN' 'NNNNNN' 'NNNNNN' 'NNNNNN' 'NNNNNN' 'NNNNNN' 'NNNNNN' 'NNNNNN' 'NNNNNN' 'NNNNNN' 'NNNNNN' 'NNNNNN' 'NNNNNN' 'NNNNNN' 'NNNNNN' 'NNNNNN' 'NNNNNN' 'NNNNNN' 'NNNNNN' 'NNNNNN' 'NNNNNN' 'NNNNNN' 'NNNNNN' 'NNNNNN' 
'NNNNNN' 'NNNNNN' 'NNNNNN' 'NNNNNN' 'NNNNNN' 'NNNNNN' 'NNNNNN' 'NNNNNN' 'NNNNNN' 'NNNNNN' 'NNNNNN' 'NNNNNN' 'NNNNNN' 'NNNNNN' 'NNNNNN' 'NNNNNN' 'NNNNNN' 'NNNNNN' 'NNNNNN' 'NNNNNN' 'NNNNNN' 'NNNNNN' 'NNNNNN' 'NNNNNN' 'NNNNNN' 'NNNNNN' 'NNNNNN' 'NNNNNN' 'NNNNNN' 'NNNNNN' 'NNNNNN' 'NNNNNN' 'NNNNNN' 'NNNNNN' 'NNNNNN' 'NNNNNN' 'NNNNNN' 'NNNNNN' 'NNNNNN' 'NNNNNN' 
<LsKin>
0 0 0 0 0 0 0 0 0 0 0 0 0 0 0 0 0 0 0 0 0 0 0 0 0 0 0 0 0 0 0 0 0 0 0 0 0 0 0 0 
0 0 0 0 0 0 0 0 0 0 0 0 0 0 0 0 0 0 0 0 0 0 0 0 0 0 0 0 0 0 0 0 0 0 0 0 0 0 0 0 
0 0 0 0 0 0 0 0 0 0 0 0 0 0 0 0 0 0 0 0 0 0 0 0 0 0 0 0 0 0 0 0 0 0 0 0 0 0 0 0 
0 0 0 0 0 0 0 0 0 0 0 0 0 0 0 0 0 0 0 0 0 0 0 0 0 0 0 0 0 0 0 0 0 0 0 0 0 0 0 0 
0 0 0 0 0 0 0 0 0 0 0 0 0 0 0 0 0 0 0 0 0 0 0 0 0 0 0 0 0 0 0 0 0 0 0 0 0 0 0 0 
0 0 0 0 0 0 0 0 0 0 0 0 0 0 0 0 0 0 0 0 0 0 0 0 0 0 0 0 0 0 0 0 0 0 0 0 0 0 0 0 
0 0 0 0 0 0 0 0 0 0 0 0 0 0 0 0 0 0 0 0 0 0 0 0 0 0 0 0 0 0 0 0 0 0 0 0 0 0 0 0 
0 0 0 0 0 0 0 0 0 0 0 0 0 0 0 0 0 0 0 0 0 0 0 0 0 0 0 0 0 0 0 0 0 0 0 0 0 0 0 0 
0 0 0 0 0 0 0 0 0 0 0 0 0 0 0 0 0 0 0 0 0 0 0 0 0 0 0 0 0 0 0 0 0 0 0 0 0 0 0 0 
0 0 0 0 0 0 0 0 0 0 0 0 0 0 0 0 0 0 0 0 0 0 0 0 0 0 0 0 0 0 0 0 0 0 0 0 0 0 0 0 
0 0 0 0 0 0 0 0 0 0 0 0 0 0 0 0 0 0 0 0 0 0 0 0 0 0 0 0 0 0 0 0 0 0 0 0 0 0 0 0 
0 0 0 0 0 0 0 0 0 0 0 0 0 0 0 0 0 0 0 0 0 0 0 0 0 0 0 0 0 0 0 0 0 0 0 0 0 0 0 0 
0 0 0 0 0 0 0 0 0 0 0 0 0 0 0 0 0 0 0 0 0 0 0 0 0 0 0 0 0 0 0 0 0 0 0 0 0 0 0 0 
0 0 0 0 0 0 0 0 0 0 0 0 0 0 0 0 0 0 0 0 0 0 0 0 0 0 0 0 0 0 0 0 0 0 0 0 0 0 0 0 
0 0 0 0 0 0 0 0 0 0 0 0 0 0 0 0 0 0 0 0 0 0 0 0 0 0 0 0 0 0 0 0 0 0 0 0 0 0 0 0 
0 0 0 0 0 0 0 0 0 0 0 0 0 0 0 0 0 0 0 0 0 0 0 0 0 0 0 0 0 0 0 0 0 0 0 0 0 0 0 0 
0 0 0 0 0 0 0 0 0 0 0 0 0 0 0 0 0 0 0 0 0 0 0 0 0 0 0 0 0 0 0 0 0 0 0 0 0 0 0 0 
0 0 0 0 0 0 0 0 0 0 0 0 0 0 0 0 0 0 0 0 0 0 0 0 0 0 0 0 0 0 0 0 0 0 0 0 0 0 0 0 
0 0 0 0 0 0 0 0 0 0 0 0 0 0 0 0 0 0 0 0 0 0 0 0 0 0 0 0 0 0 0 0 0 0 0 0 0 0 0 0 
0 0 0 0 0 0 0 0 0 0 0 0 0 0 0 0 0 0 0 0 0 0 0 0 0 0 0 0 0 0 0 0 0 0 0 0 0 0 0 0 
0 0 0 0 0 0 0 0 0 0 0 0 0 0 0 0 0 0 0 0 0 0 0 0 0 0 0 0 0 0 0 0 0 0 0 0 0 0 0 0 
0 0 0 0 0 0 0 0 0 0 0 0 0 0 0 0 0 0 0 0 0 0 0 0 0 0 0 0 0 0 0 0 0 0 0 0 0 0 0 0 
0 0 0 0 0 0 0 0 0 0 0 0 0 0 0 0 0 0 0 0 0 0 0 0 0 0 0 0 0 0 0 0 0 0 0 0 0 0 0 0 
0 0 0 0 0 0 0 0 0 0 0 0 0 0 0 0 0 0 0 0 0 0 0 0 0 0 0 0 0 0 0 0 0 0 0 0 0 0 0 0 
0 0 0 0 0 0 0 0 0 0 0 0 0 0 0 0 0 0 0 0 0 0 0 0 0 0 0 0 0 0 0 0 0 0 0 0 0 0 0 0 
0 0 0 0 0 0 0 0 0 0 0 0 0 0 0 0 0 0 0 0 0 0 0 0 0 0 0 0 0 0 0 0 0 0 0 0 0 0 0 0 
0 0 0 0 0 0 0 0 0 0 0 0 0 0 0 0 0 0 0 0 0 0 0 0 0 0 0 0 0 0 0 0 0 0 0 0 0 0 0 0 
0 0 0 0 0 0 0 0 0 0 0 0 0 0 0 0 0 0 0 0 0 0 0 0 0 0 0 0 0 0 0 0 0 0 0 0 0 0 0 0 
0 0 0 0 0 0 0 0 0 0 0 0 0 0 0 0 0 0 0 0 0 0 0 0 0 0 0 0 0 0 0 0 0 0 0 0 0 0 0 0 
0 0 0 0 0 0 0 0 0 0 0 0 0 0 0 0 0 0 0 0 0 0 0 0 0 0 0 0 0 0 0 0 0 0 0 0 0 0 0 0 
0 0 0 0 0 0 0 0 0 0 0 0 0 0 0 0 0 0 0 0 0 0 0 0 0 0 0 0 0 0 0 0 0 0 0 0 0 0 0 0 
0 0 0 0 0 0 0 0 0 0 0 0 0 0 0 0 0 0 0 0 0 0 0 0 0 0 0 0 0 0 0 0 0 0 0 0 0 0 0 0 
0 0 0 0 0 0 0 0 0 0 0 0 0 0 0 0 0 0 0 0 0 0 0 0 0 0 0 0 0 0 0 0 0 0 0 0 0 0 0 0 
0 0 0 0 0 0 0 0 0 0 0 0 0 0 0 0 0 0 0 0 0 0 0 0 0 0 0 0 0 0 0 0 0 0 0 0 0 0 0 0 
0 0 0 0 0 0 0 0 0 0 0 0 0 0 0 0 0 0 0 0 0 0 0 0 0 0 0 0 0 0 0 0 0 0 0 0 0 0 0 0 
0 0 0 0 0 0 0 0 0 0 0 0 0 0 0 0 0 0 0 0 0 0 0 0 0 0 0 0 0 0 0 0 0 0 0 0 0 0 0 0 
0 0 0 0 0 0 0 0 0 0 0 0 0 0 0 0 0 0 0 0 0 0 0 0 0 0 0 0 0 0 0 0 0 0 0 0 0 0 0 0 
0 0 0 0 0 0 0 0 0 0 0 0 0 0 0 0 0 0 0 0 0 0 0 0 0 0 0 0 0 0 0 0 0 0 0 0 0 0 0 0 
0 0 0 0 0 0 0 0 0 0 0 0 0 0 0 0 0 0 0 0 0 0 0 0 0 0 0 0 0 0 0 0 0 0 0 0 0 0 0 0 
0 0 0 0 0 0 0 0 0 0 0 0 0 0 0 0 0 0 0 0 0 0 0 0 0 0 0 0 0 0 0 0 0 0 0 0 0 0 0 0 
0 0 0 0 0 0 0 0 0 0 0 0 0 0 0 0 0 0 0 0 0 0 0 0 0 0 0 0 0 0 0 0 0 0 0 0 0 0 0 0 
0 0 0 0 0 0 0 0 0 0 0 0 0 0 0 0 0 0 0 0 0 0 0 0 0 0 0 0 0 0 0 0 0 0 0 0 0 0 0 0 
0 0 0 0 0 0 0 0 0 0 0 0 0 0 0 0 0 0 0 0 0 0 0 0 0 0 0 0 0 0 0 0 0 0 0 0 0 0 0 0 
0 0 0 0 0 0 0 0 0 0 0 0 0 0 0 0 0 0 0 0 0 0 0 0 0 0 0 0 0 0 0 0 0 0 0 0 0 0 0 0 
0 0 0 0 0 0 0 0 0 0 0 0 0 0 0 0 0 0 0 0 0 0 0 0 0 0 0 0 0 0 0 0 0 0 0 0 0 0 0 0 
0 0 0 0 0 0 0 0 0 0 0 0 0 0 0 0 0 0 0 0 0 0 0 0 0 0 0 0 0 0 0 0 0 0 0 0 0 0 0 0 
0 0 0 0 0 0 0 0 0 0 0 0 0 0 0 0 0 0 0 0 0 0 0 0 0 0 0 0 0 0 0 0 0 0 0 0 0 0 0 0 
0 0 0 0 0 0 0 0 0 0 0 0 0 0 0 0 0 0 0 0 0 0 0 0 0 0 0 0 0 0 0 0 0 0 0 0 0 0 0 0 
<xSKrC>

<ocPRkC>

<feSArC>

<rpConC>

<apConC>

<AscpC>

<LsUpt>
0 0 0 0 
<UMpcC>

<PfFact>
1 1 1 1 1 1 1 1 1 1 1 1 1 1 1 1 1 1 1 1 1 1 1 1 1 1 1 1 1 1 1 1 1 1 1 1 1 1 1 1 
1 1 1 1 1 1 1 1 1 1 1 1 1 1 1 1 1 1 1 1 1 1 1 1 1 1 1 1 1 1 1 1 1 1 1 1 1 1 1 1 
1 1 1 1 1 1 1 1 1 1 1 1 1 1 1 1 1 1 1 1 1 1 1 1 1 1 1 1 1 1 1 1 1 1 1 1 1 1 1 1 
1 1 1 1 1 1 1 1 1 1 1 1 1 1 1 1 1 1 1 1 1 1 1 1 1 1 1 1 1 1 1 1 1 1 1 1 1 1 1 1 
1 1 1 1 1 1 1 1 1 1 1 1 1 1 1 1 1 1 1 1 1 1 1 1 1 1 1 1 1 1 1 1 1 1 1 1 1 1 1 1 
1 1 1 1 1 1 1 1 1 1 1 1 1 1 1 1 1 1 1 1 1 1 1 1 1 1 1 1 1 1 1 1 1 1 1 1 1 1 1 1 
1 1 1 1 1 1 1 1 1 1 1 1 1 1 1 1 1 1 1 1 1 1 1 1 1 1 1 1 1 1 1 1 1 1 1 1 1 1 1 1 
1 1 1 1 1 1 1 1 1 1 1 1 1 1 1 1 1 1 1 1 1 1 1 1 1 1 1 1 1 1 1 1 1 1 1 1 1 1 1 1 
<PrT>
0 0 0 0 0 0 0 0 0 0 0 0 0 0 0 0 0 0 0 0 0 0 0 0 0 0 0 0 0 0 0 0 0 0 0 0 0 0 0 0 
0 0 0 0 0 0 0 0 0 0 0 0 0 0 0 0 0 0 0 0 0 0 0 0 0 0 0 0 0 0 0 0 0 0 0 0 0 0 0 0 
0 0 0 0 0 0 0 0 0 0 0 0 0 0 0 0 0 0 0 0 0 0 0 0 0 0 0 0 0 0 0 0 0 0 0 0 0 0 0 0 
0 0 0 0 0 0 0 0 0 0 0 0 0 0 0 0 0 0 0 0 0 0 0 0 0 0 0 0 0 0 0 0 0 0 0 0 0 0 0 0 
0 0 0 0 0 0 0 0 0 0 0 0 0 0 0 0 0 0 0 0 0 0 0 0 0 0 0 0 0 0 0 0 0 0 0 0 0 0 0 0 
0 0 0 0 0 0 0 0 0 0 0 0 0 0 0 0 0 0 0 0 0 0 0 0 0 0 0 0 0 0 0 0 0 0 0 0 0 0 0 0 
0 0 0 0 0 0 0 0 0 0 0 0 0 0 0 0 0 0 0 0 0 0 0 0 0 0 0 0 0 0 0 0 0 0 0 0 0 0 0 0 
0 0 0 0 0 0 0 0 0 0 0 0 0 0 0 0 0 0 0 0 0 0 0 0 0 0 0 0 0 0 0 0 0 0 0 0 0 0 0 0 
<PkT>
0 0 0 0 0 0 0 0 0 0 0 0 0 0 0 0 0 0 0 0 0 0 0 0 0 0 0 0 0 0 0 0 0 0 0 0 0 0 0 0 
0 0 0 0 0 0 0 0 0 0 0 0 0 0 0 0 0 0 0 0 0 0 0 0 0 0 0 0 0 0 0 0 0 0 0 0 0 0 0 0 
0 0 0 0 0 0 0 0 0 0 0 0 0 0 0 0 0 0 0 0 0 0 0 0 0 0 0 0 0 0 0 0 0 0 0 0 0 0 0 0 
0 0 0 0 0 0 0 0 0 0 0 0 0 0 0 0 0 0 0 0 0 0 0 0 0 0 0 0 0 0 0 0 0 0 0 0 0 0 0 0 
0 0 0 0 0 0 0 0 0 0 0 0 0 0 0 0 0 0 0 0 0 0 0 0 0 0 0 0 0 0 0 0 0 0 0 0 0 0 0 0 
0 0 0 0 0 0 0 0 0 0 0 0 0 0 0 0 0 0 0 0 0 0 0 0 0 0 0 0 0 0 0 0 0 0 0 0 0 0 0 0 
0 0 0 0 0 0 0 0 0 0 0 0 0 0 0 0 0 0 0 0 0 0 0 0 0 0 0 0 0 0 0 0 0 0 0 0 0 0 0 0 
0 0 0 0 0 0 0 0 0 0 0 0 0 0 0 0 0 0 0 0 0 0 0 0 0 0 0 0 0 0 0 0 0 0 0 0 0 0 0 0 
<PvT>
0 0 0 0 0 0 0 0 0 0 0 0 0 0 0 0 0 0 0 0 0 0 0 0 0 0 0 0 0 0 0 0 0 0 0 0 0 0 0 0 
0 0 0 0 0 0 0 0 0 0 0 0 0 0 0 0 0 0 0 0 0 0 0 0 0 0 0 0 0 0 0 0 0 0 0 0 0 0 0 0 
0 0 0 0 0 0 0 0 0 0 0 0 0 0 0 0 0 0 0 0 0 0 0 0 0 0 0 0 0 0 0 0 0 0 0 0 0 0 0 0 
0 0 0 0 0 0 0 0 0 0 0 0 0 0 0 0 0 0 0 0 0 0 0 0 0 0 0 0 0 0 0 0 0 0 0 0 0 0 0 0 
0 0 0 0 0 0 0 0 0 0 0 0 0 0 0 0 0 0 0 0 0 0 0 0 0 0 0 0 0 0 0 0 0 0 0 0 0 0 0 0 
0 0 0 0 0 0 0 0 0 0 0 0 0 0 0 0 0 0 0 0 0 0 0 0 0 0 0 0 0 0 0 0 0 0 0 0 0 0 0 0 
0 0 0 0 0 0 0 0 0 0 0 0 0 0 0 0 0 0 0 0 0 0 0 0 0 0 0 0 0 0 0 0 0 0 0 0 0 0 0 0 
0 0 0 0 0 0 0 0 0 0 0 0 0 0 0 0 0 0 0 0 0 0 0 0 0 0 0 0 0 0 0 0 0 0 0 0 0 0 0 0 
<emRd>
0 0 0 0 0 0 0 0 0 0 0 0 0 0 0 0 0 0 0 0 0 0 0 0 0 0 0 0 0 0 0 0 0 0 0 0 0 0 0 0 
0 0 0 0 0 0 0 0 0 0 0 0 0 0 0 0 0 0 0 0 0 0 0 0 0 0 0 0 0 0 0 0 0 0 0 0 0 0 0 0 
0 0 0 0 0 0 0 0 0 0 0 0 0 0 0 0 0 0 0 0 0 0 0 0 0 0 0 0 0 0 0 0 0 0 0 0 0 0 0 0 
0 0 0 0 0 0 0 0 0 0 0 0 0 0 0 0 0 0 0 0 0 0 0 0 0 0 0 0 0 0 0 0 0 0 0 0 0 0 0 0 
0 0 0 0 0 0 0 0 0 0 0 0 0 0 0 0 0 0 0 0 0 0 0 0 0 0 0 0 0 0 0 0 0 0 0 0 0 0 0 0 
0 0 0 0 0 0 0 0 0 0 0 0 0 0 0 0 0 0 0 0 0 0 0 0 0 0 0 0 0 0 0 0 0 0 0 0 0 0 0 0 
0 0 0 0 0 0 0 0 0 0 0 0 0 0 0 0 0 0 0 0 0 0 0 0 0 0 0 0 0 0 0 0 0 0 0 0 0 0 0 0 
0 0 0 0 0 0 0 0 0 0 0 0 0 0 0 0 0 0 0 0 0 0 0 0 0 0 0 0 0 0 0 0 0 0 0 0 0 0 0 0 
0 0 0 0 0 0 0 0 0 0 0 0 0 0 0 0 0 0 0 0 0 0 0 0 0 0 0 0 0 0 0 0 0 0 0 0 0 0 0 0 
0 0 0 0 0 0 0 0 0 0 0 0 0 0 0 0 0 0 0 0 0 0 0 0 0 0 0 0 0 0 0 0 0 0 0 0 0 0 0 0 
0 0 0 0 0 0 0 0 0 0 0 0 0 0 0 0 0 0 0 0 0 0 0 0 0 0 0 0 0 0 0 0 0 0 0 0 0 0 0 0 
0 0 0 0 0 0 0 0 0 0 0 0 0 0 0 0 0 0 0 0 0 0 0 0 0 0 0 0 0 0 0 0 0 0 0 0 0 0 0 0 
0 0 0 0 0 0 0 0 0 0 0 0 0 0 0 0 0 0 0 0 0 0 0 0 0 0 0 0 0 0 0 0 0 0 0 0 0 0 0 0 
0 0 0 0 0 0 0 0 0 0 0 0 0 0 0 0 0 0 0 0 0 0 0 0 0 0 0 0 0 0 0 0 0 0 0 0 0 0 0 0 
0 0 0 0 0 0 0 0 0 0 0 0 0 0 0 0 0 0 0 0 0 0 0 0 0 0 0 0 0 0 0 0 0 0 0 0 0 0 0 0 
0 0 0 0 0 0 0 0 0 0 0 0 0 0 0 0 0 0 0 0 0 0 0 0 0 0 0 0 0 0 0 0 0 0 0 0 0 0 0 0 
0 0 0 0 0 0 0 0 0 0 0 0 0 0 0 0 0 0 0 0 0 0 0 0 0 0 0 0 0 0 0 0 0 0 0 0 0 0 0 0 
0 0 0 0 0 0 0 0 0 0 0 0 0 0 0 0 0 0 0 0 0 0 0 0 0 0 0 0 0 0 0 0 0 0 0 0 0 0 0 0 
0 0 0 0 0 0 0 0 0 0 0 0 0 0 0 0 0 0 0 0 0 0 0 0 0 0 0 0 0 0 0 0 0 0 0 0 0 0 0 0 
0 0 0 0 0 0 0 0 0 0 0 0 0 0 0 0 0 0 0 0 0 0 0 0 0 0 0 0 0 0 0 0 0 0 0 0 0 0 0 0 
0 0 0 0 0 0 0 0 0 0 0 0 0 0 0 0 0 0 0 0 0 0 0 0 0 0 0 0 0 0 0 0 0 0 0 0 0 0 0 0 
0 0 0 0 0 0 0 0 0 0 0 0 0 0 0 0 0 0 0 0 0 0 0 0 0 0 0 0 0 0 0 0 0 0 0 0 0 0 0 0 
0 0 0 0 0 0 0 0 0 0 0 0 0 0 0 0 0 0 0 0 0 0 0 0 0 0 0 0 0 0 0 0 0 0 0 0 0 0 0 0 
0 0 0 0 0 0 0 0 0 0 0 0 0 0 0 0 0 0 0 0 0 0 0 0 0 0 0 0 0 0 0 0 0 0 0 0 0 0 0 0 
0 0 0 0 0 0 0 0 0 0 0 0 0 0 0 0 0 0 0 0 0 0 0 0 0 0 0 0 0 0 0 0 0 0 0 0 0 0 0 0 
0 0 0 0 0 0 0 0 0 0 0 0 0 0 0 0 0 0 0 0 0 0 0 0 0 0 0 0 0 0 0 0 0 0 0 0 0 0 0 0 
0 0 0 0 0 0 0 0 0 0 0 0 0 0 0 0 0 0 0 0 0 0 0 0 0 0 0 0 0 0 0 0 0 0 
<emDf>
0 0 0 0 0 0 0 0 0 0 0 0 0 0 0 0 0 0 0 0 0 0 0 0 0 0 0 0 0 0 0 0 0 0 0 0 0 0 0 0 
0 0 0 0 0 0 0 0 0 0 0 0 0 0 0 0 0 0 0 0 0 0 0 0 0 0 0 0 0 0 0 0 0 0 0 0 0 0 0 0 
0 0 0 0 0 0 0 0 0 0 0 0 0 0 0 0 0 0 0 0 0 0 0 0 0 0 0 0 0 0 0 0 0 0 0 0 0 0 0 0 
0 0 0 0 0 0 0 0 0 0 0 0 0 0 0 0 0 0 0 0 0 0 0 0 0 0 0 0 0 0 0 0 0 0 0 0 0 0 0 0 
0 0 0 0 0 0 0 0 0 0 0 0 0 0 0 0 0 0 0 0 0 0 0 0 0 0 0 0 0 0 0 0 0 0 0 0 0 0 0 0 
0 0 0 0 0 0 0 0 0 0 0 0 0 0 0 0 0 0 0 0 0 0 0 0 0 0 0 0 0 0 0 0 0 0 0 0 0 0 0 0 
0 0 0 0 0 0 0 0 0 0 0 0 0 0 0 0 0 0 0 0 0 0 0 0 0 0 0 0 0 0 0 0 0 0 0 0 0 0 0 0 
0 0 0 0 0 0 0 0 0 0 0 0 0 0 0 0 0 0 0 0 0 0 0 0 0 0 0 0 0 0 0 0 0 0 0 0 0 0 0 0 
0 0 0 0 0 0 0 0 0 0 0 0 0 0 0 0 0 0 0 0 0 0 0 0 0 0 0 0 0 0 0 0 0 0 0 0 0 0 0 0 
0 0 0 0 0 0 0 0 0 0 0 0 0 0 0 0 0 0 0 0 0 0 0 0 0 0 0 0 0 0 0 0 0 0 0 0 0 0 0 0 
0 0 0 0 0 0 0 0 0 0 0 0 0 0 0 0 0 0 0 0 0 0 0 0 0 0 0 0 0 0 0 0 0 0 0 0 0 0 0 0 
0 0 0 0 0 0 0 0 0 0 0 0 0 0 0 0 0 0 0 0 0 0 0 0 0 0 0 0 0 0 0 0 0 0 0 0 0 0 0 0 
0 0 0 0 0 0 0 0 0 0 0 0 0 0 0 0 0 0 0 0 0 0 0 0 0 0 0 0 0 0 0 0 0 0 0 0 0 0 0 0 
0 0 0 0 0 0 0 0 0 0 0 0 0 0 0 0 0 0 0 0 0 0 0 0 0 0 0 0 0 0 0 0 0 0 0 0 0 0 0 0 
0 0 0 0 0 0 0 0 0 0 0 0 0 0 0 0 0 0 0 0 0 0 0 0 0 0 0 0 0 0 0 0 0 0 0 0 0 0 0 0 
0 0 0 0 0 0 0 0 0 0 0 0 0 0 0 0 0 0 0 0 0 0 0 0 0 0 0 0 0 0 0 0 0 0 0 0 0 0 0 0 
0 0 0 0 0 0 0 0 0 0 0 0 0 0 0 0 0 0 0 0 0 0 0 0 0 0 0 0 0 0 0 0 0 0 0 0 0 0 0 0 
0 0 0 0 0 0 0 0 0 0 0 0 0 0 0 0 0 0 0 0 0 0 0 0 0 0 0 0 0 0 0 0 0 0 0 0 0 0 0 0 
0 0 0 0 0 0 0 0 0 0 0 0 0 0 0 0 0 0 0 0 0 0 0 0 0 0 0 0 0 0 0 0 0 0 0 0 0 0 0 0 
0 0 0 0 0 0 0 0 0 0 0 0 0 0 0 0 0 0 0 0 0 0 0 0 0 0 0 0 0 0 0 0 0 0 0 0 0 0 0 0 
0 0 0 0 0 0 0 0 0 0 0 0 0 0 0 0 0 0 0 0 0 0 0 0 0 0 0 0 0 0 0 0 0 0 0 0 0 0 0 0 
0 0 0 0 0 0 0 0 0 0 0 0 0 0 0 0 0 0 0 0 0 0 0 0 0 0 0 0 0 0 0 0 0 0 0 0 0 0 0 0 
0 0 0 0 0 0 0 0 0 0 0 0 0 0 0 0 0 0 0 0 0 0 0 0 0 0 0 0 0 0 0 0 0 0 0 0 0 0 0 0 
0 0 0 0 0 0 0 0 0 0 0 0 0 0 0 0 0 0 0 0 0 0 0 0 0 0 0 0 0 0 0 0 0 0 0 0 0 0 0 0 
0 0 0 0 0 0 0 0 0 0 0 0 0 0 0 0 0 0 0 0 0 0 0 0 0 0 0 0 0 0 0 0 0 0 0 0 0 0 0 0 
0 0 0 0 0 0 0 0 0 0 0 0 0 0 0 0 0 0 0 0 0 0 0 0 0 0 0 0 0 0 0 0 0 0 0 0 0 0 0 0 
0 0 0 0 0 0 0 0 0 0 0 0 0 0 0 0 0 0 0 0 0 0 0 0 0 0 0 0 0 0 0 0 0 0 
<Wb>
0 0 0 0 0 0 0 0 0 0 0 0 0 0 0 0 0 0 0 0 0 0 0 0 0 0 0 0 0 0 0 0 0 0 0 0 0 0 0 0 
0 0 0 0 0 0 0 0 0 0 0 0 0 0 0 0 0 0 0 0 0 0 0 0 0 0 0 0 0 0 0 0 0 0 0 0 0 0 0 0 
0 0 0 0 0 0 0 0 0 0 0 0 0 0 0 0 0 0 0 0 0 0 0 0 0 0 0 0 0 0 0 0 0 0 0 0 0 0 0 0 
0 0 0 0 0 0 0 0 0 0 0 0 0 0 0 0 0 0 0 0 0 0 0 0 0 0 0 0 0 0 0 0 0 0 0 0 0 0 0 0 
0 0 0 0 0 0 0 0 0 0 0 0 0 0 0 0 0 0 0 0 0 0 0 0 0 0 0 0 0 0 0 0 0 0 0 0 0 0 0 0 
0 0 0 0 0 0 0 0 0 0 0 0 0 0 0 0 0 0 0 0 0 0 0 0 0 0 0 0 0 0 0 0 0 0 0 0 0 0 0 0 
0 0 0 0 0 0 0 0 0 0 0 0 0 0 0 0 0 0 0 0 0 0 0 0 0 0 0 0 0 0 0 0 0 0 0 0 0 0 0 0 
0 0 0 0 0 0 0 0 0 0 0 0 0 0 0 0 0 0 0 0 0 0 0 0 0 0 0 0 0 0 0 0 0 0 0 0 0 0 0 0 
0 0 0 0 0 0 0 0 0 0 0 0 0 0 0 0 0 0 0 0 0 0 0 0 0 0 0 0 0 0 0 0 0 0 0 0 0 0 0 0 
0 0 0 0 0 0 0 0 0 0 0 0 0 0 0 0 0 0 0 0 0 0 0 0 0 0 0 0 0 0 0 0 0 0 0 0 0 0 0 0 
0 0 0 0 0 0 0 0 0 0 0 0 0 0 0 0 0 0 0 0 0 0 0 0 0 0 0 0 0 0 0 0 0 0 0 0 0 0 0 0 
0 0 0 0 0 0 0 0 0 0 0 0 0 0 0 0 0 0 0 0 0 0 0 0 0 0 0 0 0 0 0 0 0 0 0 0 0 0 0 0 
0 0 0 0 0 0 0 0 0 0 0 0 0 0 0 0 0 0 0 0 0 0 0 0 0 0 0 0 0 0 0 0 0 0 0 0 0 0 0 0 
0 0 0 0 0 0 0 0 0 0 0 0 0 0 0 0 0 0 0 0 0 0 0 0 0 0 0 0 0 0 0 0 0 0 0 0 0 0 0 0 
0 0 0 0 0 0 0 0 0 0 0 0 0 0 0 0 0 0 0 0 0 0 0 0 0 0 0 0 0 0 0 0 0 0 0 0 0 0 0 0 
0 0 0 0 0 0 0 0 0 0 0 0 0 0 0 0 0 0 0 0 0 0 0 0 0 0 0 0 0 0 0 0 0 0 0 0 0 0 0 0 
0 0 0 0 0 0 0 0 0 0 0 0 0 0 0 0 0 0 0 0 0 0 0 0 0 0 0 0 0 0 0 0 0 0 0 0 0 0 0 0 
0 0 0 0 0 0 0 0 0 0 0 0 0 0 0 0 0 0 0 0 0 0 0 0 0 0 0 0 0 0 0 0 0 0 0 0 0 0 0 0 
0 0 0 0 0 0 0 0 0 0 0 0 0 0 0 0 0 0 0 0 0 0 0 0 0 0 0 0 0 0 0 0 0 0 0 0 0 0 0 0 
0 0 0 0 0 0 0 0 0 0 0 0 0 0 0 0 0 0 0 0 0 0 0 0 0 0 0 0 0 0 0 0 0 0 0 0 0 0 0 0 
0 0 0 0 0 0 0 0 0 0 0 0 0 0 0 0 0 0 0 0 0 0 0 0 0 0 0 0 0 0 0 0 0 0 0 0 0 0 0 0 
0 0 0 0 0 0 0 0 0 0 0 0 0 0 0 0 0 0 0 0 0 0 0 0 0 0 0 0 0 0 0 0 0 0 0 0 0 0 0 0 
0 0 0 0 0 0 0 0 0 0 0 0 0 0 0 0 0 0 0 0 0 0 0 0 0 0 0 0 0 0 0 0 0 0 0 0 0 0 0 0 
0 0 0 0 0 0 0 0 0 0 0 0 0 0 0 0 0 0 0 0 0 0 0 0 0 0 0 0 0 0 0 0 0 0 0 0 0 0 0 0 
0 0 0 0 0 0 0 0 0 0 0 0 0 0 0 0 0 0 0 0 0 0 0 0 0 0 0 0 0 0 0 0 0 0 0 0 0 0 0 0 
0 0 0 0 0 0 0 0 0 0 0 0 0 0 0 0 0 0 0 0 0 0 0 0 0 0 0 0 0 0 0 0 0 0 0 0 0 0 0 0 
0 0 0 0 0 0 0 0 0 0 0 0 0 0 0 0 0 0 0 0 0 0 0 0 0 0 0 0 0 0 0 0 0 0 
<Wabs>
0 0 0 0 0 0 0 0 0 0 0 0 0 0 0 0 0 0 0 0 0 0 0 0 0 0 0 0 0 0 0 0 0 0 0 0 0 0 0 0 
0 0 0 0 0 0 0 0 0 0 0 0 0 0 0 0 0 0 0 0 0 0 0 0 0 0 0 0 0 0 0 0 0 0 0 0 0 0 0 0 
0 0 0 0 0 0 0 0 0 0 0 0 0 0 0 0 0 0 0 0 0 0 0 0 0 0 0 0 0 0 0 0 0 0 0 0 0 0 0 0 
0 0 0 0 0 0 0 0 0 0 0 0 0 0 0 0 0 0 0 0 0 0 0 0 0 0 0 0 0 0 0 0 0 0 0 0 0 0 0 0 
0 0 0 0 0 0 0 0 0 0 0 0 0 0 0 0 0 0 0 0 0 0 0 0 0 0 0 0 0 0 0 0 0 0 0 0 0 0 0 0 
0 0 0 0 0 0 0 0 0 0 0 0 0 0 0 0 0 0 0 0 0 0 0 0 0 0 0 0 0 0 0 0 0 0 0 0 0 0 0 0 
0 0 0 0 0 0 0 0 0 0 0 0 0 0 0 0 0 0 0 0 0 0 0 0 0 0 0 0 0 0 0 0 0 0 0 0 0 0 0 0 
0 0 0 0 0 0 0 0 0 0 0 0 0 0 0 0 0 0 0 0 0 0 0 0 0 0 0 0 0 0 0 0 0 0 0 0 0 0 0 0 
0 0 0 0 0 0 0 0 0 0 0 0 0 0 0 0 0 0 0 0 0 0 0 0 0 0 0 0 0 0 0 0 0 0 0 0 0 0 0 0 
0 0 0 0 0 0 0 0 0 0 0 0 0 0 0 0 0 0 0 0 0 0 0 0 0 0 0 0 0 0 0 0 0 0 0 0 0 0 0 0 
0 0 0 0 0 0 0 0 0 0 0 0 0 0 0 0 0 0 0 0 0 0 0 0 0 0 0 0 0 0 0 0 0 0 0 0 0 0 0 0 
0 0 0 0 0 0 0 0 0 0 0 0 0 0 0 0 0 0 0 0 0 0 0 0 0 0 0 0 0 0 0 0 0 0 0 0 0 0 0 0 
0 0 0 0 0 0 0 0 0 0 0 0 0 0 0 0 0 0 0 0 0 0 0 0 0 0 0 0 0 0 0 0 0 0 0 0 0 0 0 0 
0 0 0 0 0 0 0 0 0 0 0 0 0 0 0 0 0 0 0 0 0 0 0 0 0 0 0 0 0 0 0 0 0 0 0 0 0 0 0 0 
0 0 0 0 0 0 0 0 0 0 0 0 0 0 0 0 0 0 0 0 0 0 0 0 0 0 0 0 0 0 0 0 0 0 0 0 0 0 0 0 
0 0 0 0 0 0 0 0 0 0 0 0 0 0 0 0 0 0 0 0 0 0 0 0 0 0 0 0 0 0 0 0 0 0 0 0 0 0 0 0 
0 0 0 0 0 0 0 0 0 0 0 0 0 0 0 0 0 0 0 0 0 0 0 0 0 0 0 0 0 0 0 0 0 0 0 0 0 0 0 0 
0 0 0 0 0 0 0 0 0 0 0 0 0 0 0 0 0 0 0 0 0 0 0 0 0 0 0 0 0 0 0 0 0 0 0 0 0 0 0 0 
0 0 0 0 0 0 0 0 0 0 0 0 0 0 0 0 0 0 0 0 0 0 0 0 0 0 0 0 0 0 0 0 0 0 0 0 0 0 0 0 
0 0 0 0 0 0 0 0 0 0 0 0 0 0 0 0 0 0 0 0 0 0 0 0 0 0 0 0 0 0 0 0 0 0 0 0 0 0 0 0 
0 0 0 0 0 0 0 0 0 0 0 0 0 0 0 0 0 0 0 0 0 0 0 0 0 0 0 0 0 0 0 0 0 0 0 0 0 0 0 0 
0 0 0 0 0 0 0 0 0 0 0 0 0 0 0 0 0 0 0 0 0 0 0 0 0 0 0 0 0 0 0 0 0 0 0 0 0 0 0 0 
0 0 0 0 0 0 0 0 0 0 0 0 0 0 0 0 0 0 0 0 0 0 0 0 0 0 0 0 0 0 0 0 0 0 0 0 0 0 0 0 
0 0 0 0 0 0 0 0 0 0 0 0 0 0 0 0 0 0 0 0 0 0 0 0 0 0 0 0 0 0 0 0 0 0 0 0 0 0 0 0 
0 0 0 0 0 0 0 0 0 0 0 0 0 0 0 0 0 0 0 0 0 0 0 0 0 0 0 0 0 0 0 0 0 0 0 0 0 0 0 0 
0 0 0 0 0 0 0 0 0 0 0 0 0 0 0 0 0 0 0 0 0 0 0 0 0 0 0 0 0 0 0 0 0 0 0 0 0 0 0 0 
0 0 0 0 0 0 0 0 0 0 0 0 0 0 0 0 0 0 0 0 0 0 0 0 0 0 0 0 0 0 0 0 0 0 
<Rion>
0 0 0 0 0 0 0 0 0 0 0 0 0 0 0 0 0 0 0 0 0 0 0 0 0 0 0 0 0 0 0 0 0 0 0 0 0 0 0 0 
0 0 0 0 0 0 0 0 0 0 0 0 0 0 0 0 0 0 0 0 0 0 0 0 0 0 0 0 0 0 0 0 0 0 0 0 0 0 0 0 
0 0 0 0 0 0 0 0 0 0 0 0 0 0 0 0 0 0 0 0 0 0 0 0 0 0 0 0 0 0 0 0 0 0 0 0 0 0 0 0 
0 0 0 0 0 0 0 0 0 0 0 0 0 0 0 0 0 0 0 0 0 0 0 0 0 0 0 0 0 0 0 0 0 0 0 0 0 0 0 0 
0 0 0 0 0 0 0 0 0 0 0 0 0 0 0 0 0 0 0 0 0 0 0 0 0 0 0 0 0 0 0 0 0 0 0 0 0 0 0 0 
0 0 0 0 0 0 0 0 0 0 0 0 0 0 0 0 0 0 0 0 0 0 0 0 0 0 0 0 0 0 0 0 0 0 0 0 0 0 0 0 
0 0 0 0 0 0 0 0 0 0 0 0 0 0 0 0 0 0 0 0 0 0 0 0 0 0 0 0 0 0 0 0 0 0 0 0 0 0 0 0 
0 0 0 0 0 0 0 0 0 0 0 0 0 0 0 0 0 0 0 0 0 0 0 0 0 0 0 0 0 0 0 0 0 0 0 0 0 0 0 0 
0 0 0 0 0 0 0 0 0 0 0 0 0 0 0 0 0 0 0 0 0 0 0 0 0 0 0 0 0 0 0 0 0 0 0 0 0 0 0 0 
0 0 0 0 0 0 0 0 0 0 0 0 0 0 0 0 0 0 0 0 0 0 0 0 0 0 0 0 0 0 0 0 0 0 0 0 0 0 0 0 
0 0 0 0 0 0 0 0 0 0 0 0 0 0 0 0 0 0 0 0 0 0 0 0 0 0 0 0 0 0 0 0 0 0 0 0 0 0 0 0 
0 0 0 0 0 0 0 0 0 0 0 0 0 0 0 0 0 0 0 0 0 0 0 0 0 0 0 0 0 0 0 0 0 0 0 0 0 0 0 0 
0 0 0 0 0 0 0 0 0 0 0 0 0 0 0 0 0 0 0 0 0 0 0 0 0 0 0 0 0 0 0 0 0 0 0 0 0 0 0 0 
0 0 0 0 0 0 0 0 0 0 0 0 0 0 0 0 0 0 0 0 0 0 0 0 0 0 0 0 0 0 0 0 0 0 0 0 0 0 0 0 
0 0 0 0 0 0 0 0 0 0 0 0 0 0 0 0 0 0 0 0 0 0 0 0 0 0 0 0 0 0 0 0 0 0 0 0 0 0 0 0 
0 0 0 0 0 0 0 0 0 0 0 0 0 0 0 0 0 0 0 0 0 0 0 0 0 0 0 0 0 0 0 0 0 0 0 0 0 0 0 0 
0 0 0 0 0 0 0 0 0 0 0 0 0 0 0 0 0 0 0 0 0 0 0 0 0 0 0 0 0 0 0 0 0 0 0 0 0 0 0 0 
0 0 0 0 0 0 0 0 0 0 0 0 0 0 0 0 0 0 0 0 0 0 0 0 0 0 0 0 0 0 0 0 0 0 0 0 0 0 0 0 
0 0 0 0 0 0 0 0 0 0 0 0 0 0 0 0 0 0 0 0 0 0 0 0 0 0 0 0 0 0 0 0 0 0 0 0 0 0 0 0 
0 0 0 0 0 0 0 0 0 0 0 0 0 0 0 0 0 0 0 0 0 0 0 0 0 0 0 0 0 0 0 0 0 0 0 0 0 0 0 0 
0 0 0 0 0 0 0 0 0 0 0 0 0 0 0 0 0 0 0 0 0 0 0 0 0 0 0 0 0 0 0 0 0 0 0 0 0 0 0 0 
0 0 0 0 0 0 0 0 0 0 0 0 0 0 0 0 0 0 0 0 0 0 0 0 0 0 0 0 0 0 0 0 0 0 0 0 0 0 0 0 
0 0 0 0 0 0 0 0 0 0 0 0 0 0 0 0 0 0 0 0 0 0 0 0 0 0 0 0 0 0 0 0 0 0 0 0 0 0 0 0 
0 0 0 0 0 0 0 0 0 0 0 0 0 0 0 0 0 0 0 0 0 0 0 0 0 0 0 0 0 0 0 0 0 0 0 0 0 0 0 0 
0 0 0 0 0 0 0 0 0 0 0 0 0 0 0 0 0 0 0 0 0 0 0 0 0 0 0 0 0 0 0 0 0 0 0 0 0 0 0 0 
0 0 0 0 0 0 0 0 0 0 0 0 0 0 0 0 0 0 0 0 0 0 0 0 0 0 0 0 0 0 0 0 0 0 0 0 0 0 0 0 
0 0 0 0 0 0 0 0 0 0 0 0 0 0 0 0 0 0 0 0 0 0 0 0 0 0 0 0 0 0 0 0 0 0 
<Qp>
0 0 0 0 0 0 0 0 0 0 0 0 0 0 0 0 0 0 0 0 0 0 0 0 0 0 0 0 0 0 0 0 0 0 0 0 0 0 0 0 
0 0 0 0 0 0 0 0 0 0 0 0 0 0 0 0 0 0 0 0 0 0 0 0 0 0 0 0 0 0 0 0 0 0 0 0 0 0 0 0 
0 0 0 0 0 0 0 0 0 0 0 0 0 0 0 0 0 0 0 0 0 0 0 0 0 0 0 0 0 0 0 0 0 0 0 0 0 0 0 0 
0 0 0 0 0 0 0 0 0 0 0 0 0 0 0 0 0 0 0 0 0 0 0 0 0 0 0 0 0 0 0 0 0 0 0 0 0 0 0 0 
0 0 0 0 0 0 0 0 0 0 0 0 0 0 0 0 0 0 0 0 0 0 0 0 0 0 0 0 0 0 0 0 0 0 0 0 0 0 0 0 
0 0 0 0 0 0 0 0 0 0 0 0 0 0 0 0 0 0 0 0 0 0 0 0 0 0 0 0 0 0 0 0 0 0 0 0 0 0 0 0 
0 0 0 0 0 0 0 0 0 0 0 0 0 0 0 0 0 0 0 0 0 0 0 0 0 0 0 0 0 0 0 0 0 0 0 0 0 0 0 0 
0 0 0 0 0 0 0 0 0 0 0 0 0 0 0 0 0 0 0 0 0 0 0 0 0 0 0 0 0 0 0 0 0 0 0 0 0 0 0 0 
0 0 0 0 0 0 0 0 0 0 0 0 0 0 0 0 0 0 0 0 0 0 0 0 0 0 0 0 0 0 0 0 0 0 0 0 0 0 0 0 
<Qd>
0 0 0 0 0 0 0 0 0 0 0 0 0 0 0 0 0 0 0 0 0 0 0 0 0 0 0 0 0 0 0 0 0 0 0 0 0 0 0 0 
0 0 0 0 0 0 0 0 0 0 0 0 0 0 0 0 0 0 0 0 0 0 0 0 0 0 0 0 0 0 0 0 0 0 0 0 0 0 0 0 
0 0 0 0 0 0 0 0 0 0 0 0 0 0 0 0 0 0 0 0 0 0 0 0 0 0 0 0 0 0 0 0 0 0 0 0 0 0 0 0 
<H0>
-653000 -2172920 -826066.340432151 -993552.656053014 -1334105.31210603 -1674657.96815904 -1955134.85587585 -1498052.81052464 -934684.270174879 -1483660 -2314320 -615265.198405369 -1574191.48760676 35094.2500209808 105790 -48520 -185030 -311140 -379850 334812.196652062 449323.294978093 -582806.199758779 -94876.3404321513 -261642.680864303 -455209.021296454 -656375.361728605 -246462.656053014 -1204472.01049316 3609.36658587551 85249.6832929378 -19290 -87770 -165950 -121330 -388478.540349758 -97094.2701748789 -15590.0667092638 149959.049878813 -809101.487606758 -35665.7499160767 
487465.35490508 -401410 -497710 -546445.243633131 -882187.899686145 -1219480.55573916 -1559243.21179217 -1898625.86784519 -2242318.5238982 -2589371.17995122 -999003.783982889 -1256316.05415777 -1492761.32433265 -14861884.8128268 -1572659.02761602 -2619772.81159891 -772169.51380801 -1320246.96502107 -1638764.30636809 -1351073.77074478 -2286928.21884665 -1413436.73123989 -1930384.51419423 -616700 -1993892.39951756 -2682488.59927634 -1305296.19975878 -2136620 -3656540 -789766.340432151 -907932.680864303 -945152.656053014 -1252705.31210603 -1308397.94047502 -2121110 -3625520 -1918834.85587585 -1926962.01049316 -1024824.4461723 -824362.223086152 
-804300 -2181492.39951756 -2870088.59927634 -1492896.19975878 -1180068.54034976 -1461752.81052464 -898384.270174879 -1367668.54034976 -1085984.27017488 -1447360 -2278020 -3108680 -578965.198405369 -2389082.97521352 -1497891.48760676 -2032944.16542151 -888140 -743012.264819246 -997353.534994125 -1506880.32651254 -1443055.08187813 -1501540.16275627 -1560025.24463441 -2182867.49485363 -2970326.22728659 -1072800 -1351244.38045015 -534800 -1888420.98262609 -1195066.19975878 -863652.656053014 -1189867.94047502 -1836934.85587585 -1845062.01049316 -755584.270174879 -1841707.49314393 -1452791.48760676 -4152056.59919241 -3617256.59919241 -121410 
-72584.8545979036 114511.098326031 -401981.480877532 -688596.199758779 -544543.083661799 -2832523.24802311 -3940434.87203467 -2006295.89418644 -1899933.55931748 -1194654.28342058 -2064463.0836618 -2830823.24802311 -3938734.87203467 -2004595.89418644 -1453759.96082601 -872295.739714813 -1227541.02413682 -2042168.0836618 -2048953.0836618 -1843677.93953765 -1841705.09415496 -1534350.0836618 -4987646.49604623 -4020470.60185979 -2086331.62401156 -796901.353165291 -1375203.0836618 -2205863.0836618 -1852450.57680572 -4971546.49604623 -1458834.57126856 -1148043.0836618 -1975787.24908331 -1873652.99790578 -5212666.49604623 -4218542.76651601 -3673999.68285421 -3387691.78837287 -3932234.87203467 -2843148.70471107 
-75920 -1453112.39951756 -764516.199758779 -245686.340432151 -414152.680864303 -595119.021296454 -768185.361728605 -767617.940475018 -1378054.85587585 -1386182.01049316 -117000.633414124 -137540.950121187 -158081.266828249 -96460.3167070622 -639288.540349758 -920972.810524637 -1202657.08069952 -387924.270174879 -302804.270174879 -117000.633414124 -1912602.97521352 -988811.487606758 -577000 -905752.656053014 -539265.198405369 -1480091.48760676 -1519920 -173066.340432151 -128352.458821097 -615000 -1992192.39951756 -2680788.59927634 -1303596.19975878 -788066.340432151 -906232.680864303 -943452.656053014 -1251005.31210603 -1306697.94047502 -1917134.85587585 -1925262.01049316 
-1023124.4461723 -822662.223086152 -1178368.54034976 -1460052.81052464 -896684.270174879 -577265.198405369 -2387382.97521352 -1496191.48760676 -2030444.16542151 -57600 -770341.199758779 -232846.340432151 -399658.680864303 -570111.021296454 -727295.361728605 -398783.656053014 -815948.199758779 -1336046.85587585 -148739.633414124 -110504.316707062 -515261.540349758 -742355.810524637 -969854.080699516 -366854.270174879 -1207417.08069952 -293322.270174879 -755888.704241771 -976699.487606758 -181823.775649176 -266399.551803863 -365221.524151418 -375089.8547413 -418545.874675617 -591612.223747547 -609462.200732047 -947922.994678525 -1344514.32885581 -1620914.57732779 -1619145.0842982 -1508871.62700217 
-893405.600738525 -779330.366695798 -433187.022375373 -510867.885839116 -736582.368740361 -967766.737307523 -1199546.87507003 -1050280.30169092 -1847970.24008587 -1857574.63254332 -1867704.17386709 -1192127.97736857 -861502.560025169 -2385364.98824796 -3740789.02728986 -2339586.49115987 -4006884.9645328 -2278738.76311011 -1202379.14147771 -258000 6.46521892952258e-37 64900 -1320914.33968056 -2696397.12328513 -4057038.99760927 -1318495.88095004 -626797.940475018 -859587.364794074 -692265.361728605 -173066.340432151 -108166.340432151 -281232.680864303 -346132.680864303 -519199.021296454 -626797.940475018 -2539369.7117517 -2604269.7117517 -2555624.02098632 -1302134.85587585 -1237234.85587585 
-1245362.01049316 -2604269.7117517 -2547496.86636901 -99080.6334141245 -20540.3167070622 -343998.540349758 -517603.540349758 -780152.810524637 -847317.080699516 -362168.540349758 -151884.270174879 -932037.080699516 -287024.270174879 -95344.2701748789 -61620.9501211867 -848991.487606758 -609832.999916077 -1987025.39943363 -1298429.19967486 -942285.655969091 -1272438.3120221 -1881802.85495269 -1173201.54026583 -1454885.81044071 -1736570.08061559 -891517.270090956 -2452215.97512959 -1531024.48752283 -2026577.16533759 -340552.656053014 -91085.4582186516 -55011.0242308198 -1449333.25193086 -2834177.22446616 918955.565725367 237081.131737535 -1474481.33916869 -2120799.62350716 -782783.39869367 -242601.798650803 
-205597.364662971 -401143.705095122 -574210.045527274 -747276.385959425 -928547.124969345 -431638.114271666 -382763.680283834 -714116.336336848 -3915020.58934067 -1393220.3140945 -1401347.46871181 -1012276.94582541 -946916.476864433 -1256485.45821865 -598285.458218652 -1105485.45821865 -539053.998568409 -505279.564580578 -762013.834755457 -795838.268743288 -1034948.10493034 -643290.588811398 -1231970.15339198 -318169.728393531 -293395.294405699 -1025291.49416448 -1341680.87926744 -133925.774925714 20458.5789584424 -17276.2226361887 -1897393.99944434 -1933468.43343217 -1003876.94582541 -976202.511837578 -562211.02423082 -1486255.18965233 5477.26482963562 -909560 -902500 -906340 
-1615844.12622773 70911.0983260311 -691697.940475018 -1497625 -1495745 -1504410 -853809.600738525 -887389.600738525 -1977066.03705681 -1961966.03705681 -319306.075898595 -650857.311770334 239181.131737535 239181.131737535 -906590.75059765 -1031827 -981137 -6728508.64912561 -6728508.64912561 -6728508.64912561 -820060 -823360 -1302134.85587585 -1286669.85503662 -2338839.75081144 -1310262.01049316 6.46521892952258e-37 6.46521892952258e-37 -42840.3167070622 -20540.3167070622 -528961.237407541 -891905.452633614 14300 14300 -507200 -507200 -582700 7105.7800579071 23000 170210 
-521487.940475018 -24156.3404321513 -225022.680864303 -397589.021296454 -581155.361728605 -521487.940475018 -1140052.01049316 129129.366585876 166870 -114814.270174879 -342158.540349758 -674842.810524637 -111474.270174879 -752172.210649897 -284540.61060703 -1140052.01049316 129129.366585876 129129.366585876 -1672172.97521352 -750981.487606758 -710378.500041962 -2087570.89955952 -1398974.69980074 -1041101.15609498 -1370483.81214799 -1982348.35507858 -1273747.04039172 -1555431.3105666 -1837115.58074148 -943062.770216841 -2552761.47525548 -1631569.98764872 -2126622.66546348 -56780 -115145.980024338 -171925.980024338 -906590.75059765 -251366.608175054 -921362.807933833 669688.957550313 
-10685.4764375184 -930564.548650072 -1548501.4640509 -1543628.61866821 -474050.878349932 -1552274.10131898 -1159658.09578181 -278470 -613022.656053014 -1580604.85587585 -1568732.01049316 -508379.770090956 -1585377.49314393 -1199661.48760676 -467427.171045876 -1821676.03829537 -1140073.37080466 -1987347.17104588 -799157.32709889 -1146211.61168874 -1965052.17104588 -1971837.17104588 -1769562.02692173 -1764389.18153904 -678311.441220755 -1298087.17104588 -2128747.17104588 -1774334.6641898 -1368318.65865263 -1070927.17104588 -1898671.33646739 -1882929.23132781 -4017310.94128417 -3549883.77023829 -220800 -113000 -893396.199758779 -364601.340432151 -263566.340432151 -546252.656053014 
-448752.656053014 -786005.312106028 -1125757.96815904 -895592.940475018 -666768.540349758 -676368.540349758 -893952.810524637 -1091137.08069952 -445184.270174879 -371784.270174879 -735236.926227893 -1119391.48760676 -824300 -996807 5310.96556262276 -77518.0147524053 -129608.014752405 -108679.332191042 -209462.223086152 -237727.045858829 -1581617.04585883 -908323.245617608 -564679.701911843 -917824.986333848 -1522861.90173468 -1524989.05635199 -467511.316033708 -1537634.53900276 -1154218.53346559 -6728508.64912561 -1365155 -1637839.27017488 -1902523.54034976 -2147207.81052464 -57545.4999160767 219798.893388048 323909.991714079 -1434737.89943363 -746141.699674856 -1577465.49991608 
-3097385.49991608 -230611.840348228 -388598.155969091 -963885.499916077 -749243.440391095 -1555170.49991608 -1561955.49991608 -2348485.25072752 -1367807.51040924 -98626.1333302011 -78085.8166231389 -212581.529420887 -290099.544173292 -367617.558925698 -445135.573678103 -522653.588430508 -135063.514668482 -267007.723002229 -530914.040265835 -781398.310440714 -350875.270007032 -1166919.08036382 -285429.770090956 -888205.499916077 -1726665.49991608 -2365785.25072752 -3075.89672681445 26658.9048678167 -31610.6983214456 -973076.987522835 741326.23788261 341590.368983267 -661045.499916077 -1488789.66533759 -527200 -556000 -1904392.39951756 -2592988.59927634 -3310384.79903512 -3998980.9987939 
-1215796.19975878 -700266.340432151 -729066.340432151 -873332.680864303 -867752.656053014 -895052.656053014 -1208305.31210603 -1237105.31210603 -612780 -765462.223086152 -978420 -860700 -6713677.19855267 -2237892.39951756 -2355612.39951756 -2968388.59927634 -3057508.59927634 -1549296.19975878 -1667016.19975878 -3255049.01028342 -2637296.66969244 -2230384.74010854 -1948700.46993366 -2498340 -1033766.34043215 -1318972.65605301 -1201252.65605301 -1541805.31210603 -1659525.31210603 -1090568.54034976 -1119368.54034976 -1372252.81052464 -1401052.81052464 -1682737.08069952 -808884.270174879 -837684.270174879 -2502764.42129979 -2371333.28045829 -3481224.02098632 -2280554.85587585 
-2162834.85587585 -2170962.01049316 -2299682.01049316 -1885010.75059765 -1767290.75059765 -2284768.54034976 -3990521.35087439 -1195320.27017488 -1424068.54034976 -1423178.54034976 -1705752.81052464 -1987437.08069952 -1142384.27017488 -2639740 -1809080 -940685.198405369 -2677082.97521352 -1765191.48760676 -1877611.48760676 -2409664.16542151 -2291944.16542151 -1376060 -2196120 -3016180 -489530.396810738 -455795.595216107 -525265.198405369 -2342982.97521352 -2369582.97521352 -1448391.48760676 -1447391.48760676 -1943444.16542151 -1987244.16542151 547.759809696465 -830660 -2338839.75081144 -1306907.49314393 -621400 -833315.729825121 -1152621.80572372 
-1471927.88162231 -1791233.95752091 -1184768.54034976 -1466452.81052464 -903084.270174879 -1115000 -1391984.27017488 -1616668.54034976 -1898352.81052464 -2675698.70503864 -3596890.1926454 -1754507.21743188 1465.74997901917 920 -1373877.81856086 -4098243.90990584 -1376272.39951756 -687676.199758779 -860742.54019093 -923567.364794074 -161846.340432151 -328212.680864303 -503579.021296454 -677345.361728605 -690777.940475018 -2619604.02098632 -1301214.85587585 -1309342.01049316 -40160.6334141245 -472448.540349758 -694527.810524637 -279844.270174879 -1012577.08069952 -1038057.08069952 -2037054.16139903 -224764.270174879 -40160.6334141245 -1823062.97521352 -911071.487606758 1424.49997901917 
176800 -8211.34043215128 -185357.680864303 -360274.021296454 -540725.361728605 21763.9704951895 -55754.0442572158 -133272.059009621 99281.9852475947 -386568.540349758 -668252.810524637 -104884.270174879 6.46521892952258e-37 6.46521892952258e-37 6.46521892952258e-37 6.46521892952258e-37 -173066.340432151 -346132.680864303 -519199.021296454 6.46521892952258e-37 6.46521892952258e-37 -418924.446172305 -628386.669258457 -209462.223086152 6.46521892952258e-37 -281684.270174879 -563368.540349758 -1126737.08069952 281684.270174879 64448.4106894236 -1842382.97521352 -2763574.46282027 6.46521892952258e-37 -921191.487606758 -591800 -539900 -1968992.39951756 -2657588.59927634 -3294284.79903512 -3982880.9987939 
-1280396.19975878 -2073549.01028342 -2111720 -764866.340432151 -712966.340432151 -932352.656053014 -871352.656053014 -1272905.31210603 -1210005.31210603 -2096210 -1893934.85587585 -1826569.85503662 -749362.223086152 -910100 -822000 -6597577.19855267 -2226192.39951756 -2287292.39951756 -2926388.59927634 -2994998.59927634 -1510596.19975878 -1598696.19975878 -995066.340432151 -1168132.6808643 -1162552.65605301 -1503105.31210603 -1155168.54034976 -1103268.54034976 -1436852.81052464 -1384952.81052464 -1666637.08069952 -873484.270174879 -821584.270174879 -3426269.7117517 -2124134.85587585 -2132262.01049316 -2141968.54034976 -1385368.54034976 -1667052.81052464 -1191784.27017488 
-1075684.27017488 -2128907.49314393 -2621382.97521352 -1727091.48760676 -1831291.48760676 -2341344.16542151 -2253244.16542151 -1422460 -1359960 -2180020 -2253120 -3000080 -3083780 -554065.198405369 -2382282.97521352 -2422182.97521352 -1495791.48760676 -1461091.48760676 -2008044.16542151 -1971144.16542151 -527600 -1203196.19975878 -856552.656053014 -1192297.94047502 -747284.270174879 -1447391.48760676 49451.25 -20540.3167070622 37734.8015946311 -686587.704241771 -649911.237407541 -921191.487606758 1379.95000839233 14300 411935.868899344 -507200 -603500 27014.0199756622 39728.0399513245 7105.7800579071 
-2626579.1144397 -1450539.2705611 -4675420.00154488 -1431244.16542151 -1415502.06028193 -695274.500083923 -2072466.89960148 -1383870.6998427 -1027757.15613694 -1357679.81218995 -1967244.35512054 -1258643.04043368 -1540327.31060856 -1822011.58078344 -1953917.5405176 -3494244.85112616 -934258.770258802 -2537657.47529744 -1616465.98769068 -2111518.66550544 -9420 -31500 -125730 -239340 -366450 -180236.340432151 -204566.340432151 -350077.680864303 -377632.680864303 -523179.021296454 -723765.361728605 -701685.361728605 -896831.702160756 -1069898.04259291 -349972.656053014 -690525.312106028 -1031077.96815904 -2074815.93631808 -2613689.7117517 -2629944.02098632 
-3940206.03147948 -1311554.85587585 -1319682.01049316 -2621816.86636901 -428344.446172305 -218882.223086152 -572788.540349758 -854472.810524637 -1158237.08069952 -1439921.35087439 -1721605.62104927 -1154997.08069952 -291104.270174879 -464170.61060703 -1316327.49314393 28314.8015946311 -930611.487606758 -550900 -1904863.46514795 -1205641.19975878 -880552.656053014 -1205167.94047502 -1853034.85587585 -1852162.01049316 -770984.270174879 -1857807.49314393 -1463391.48760676 -4184256.59919241 -3633356.59919241 6.46521892952258e-37 -406911.9295839 -688596.199758779 -20278.8916361195 -193345.232068271 -730225 -322242.053447118 563368.540349758 6.46521892952258e-37 -281684.270174879 -781020 
-4224000.9987939 -954086.340432151 -1121972.65605301 -1465425.31210603 -1802677.96815904 -2143230.62421206 -2824335.93631808 -3354359.71007323 -2067689.85503662 -2067689.85503662 -3354359.71007323 -2594201.5011953 -3500792.25179295 -1687610.75059765 -1199944.4461723 -990482.223086152 -1258688.54034976 -1907757.08069952 -2067108.54034976 -2407092.81052464 -6504291.24209855 -5134554.16139903 -8629699.7824483 -8438584.05262318 -1018504.27017488 -2629994.72958815 -1941398.52982937 -2177289.69486466 -2413180.85989996 -3771295.96407041 -5977690.62220793 -705550.396810738 -743285.198405369 -2583022.97521352 -3544594.46282027 -1681291.48760676 6.46521892952258e-37 6.46521892952258e-37 -563368.540349758 -281684.270174879 
-563368.540349758 -845052.810524637 -281684.270174879 -603300 -3357684.79903512 -4066280.9987939 -2136949.01028342 -795366.340432151 -949452.656053014 -1287905.31210603 -1624457.96815904 -1973940.62421206 -2306063.28026507 -2646615.93631808 -1905434.85587585 -660080 -1022224.4461723 -812762.223086152 -1025100 -1016667.99991608 -7244281.1983009 -2375360.39943364 -3121656.59919241 -3090888.59927634 -1700264.19967486 -2045816.85572787 -2386369.51178088 -2726922.1678339 -3566985.01011557 -5073175.99983215 -2536587.99991608 -1181734.34034823 -1347800.68078038 -1357760.65596909 -1699113.3120221 -2039505.96807512 -2380998.62412813 -1166668.54034976 -1448352.81052464 -1730037.08069952 
-838074.270174879 -2821667.99991608 -1919167.99991608 -1923007.99991608 -2521077.99991608 -3590007.70998931 -2303337.85495269 -2303337.85495269 -2326930.01040924 -3590007.70998931 -2031067.99991608 -1523867.99991608 -2829849.50111138 -1923258.75051373 -1205230.22300223 -7025613.19838483 -2548904.54018191 -2315020.27000703 -4077541.08044775 -4337725.35062262 -5021793.89097238 -6038461.89088846 -1580036.54026583 -1861720.81044071 -2143405.08061559 -1255052.27009096 -4583653.01003165 -2677987.99991608 -3508647.99991608 -1821927.99991608 -2323575.49306 -6986913.19838483 -932298.396726814 -897463.595132183 -975713.198321446 -2823950.97512959 -3780242.46273635 -1918359.48752283 -2192667.99991608 -1600167.99991608 
-2438012.16533759 -2264620 -3095280 -3925940 -1433960 -545830.396810738 -592565.198405369 -2412982.97521352 -1516491.48760676 -153390 -1530582.39951756 -995376.199758779 -841986.199758779 -326456.340432151 -499522.680864303 -672589.021296454 -845655.361728605 -845087.940475018 -2757659.7117517 -2773914.02098632 -4084176.03147948 -1455524.85587585 -1463652.01049316 -2765786.86636901 -2770559.50363709 -208170.633414124 -265710.950121187 -613233.540349758 -865722.810524637 -1120967.08069952 -588464.270174879 -378374.270174879 -2027020.55084292 -168570.633414124 -1985772.97521352 -1068541.48760676 -608500 -3362884.79903512 -781566.340432151 -954632.680864303 
-954352.656053014 -1299505.31210603 -1639057.96815904 -1989410.62421206 -2311263.28026507 -2651815.93631808 -1027424.4461723 -817962.223086152 -1171868.54034976 -1735237.08069952 -2298605.62104927 -2954217.08069952 -4360658.43157391 -6659264.05262318 -6639828.32279806 -4687474.16139903 -890184.270174879 -2383502.97521352 -3372074.46282027 -1492751.48760676 3142.60960388184 -235891.165035295 0 -281684.270174879 -72578.6953962421 -391403.838024945 1593.82739806309 -239977.288432655 -18702.2418038675 30931.2042244675 62523.4093746491 1602.85014212866 1602.85008009508 1624.9268036547 -1498052.81052464 -1498052.81052464 -3797980 1394.25002098083 -101120 220301.098326031 
-477016.199758779 -132996.340432151 -61390 -38104.2701748789 -31304.2701748789 -992892.010493159 -38260.3167070622 -726911.487606758 -35665.7499160767 233015.118301693 -363440 -422510 -1671033.66157987 -1287710.1587142 -1269516.91916979 -1284723.41933764 -997471.633924143 -992223.783982889 -977169.784024851 -4102853.29856334 -3299188.59927634 -1461752.81052464 -1461752.81052464 -1541187.36479407 -1682029.49988151 -1085984.27017488 -12617.9692396398 -11493.0786607292 -1275062.12762561 -1294192.12712561 -1098938.42582512 -1198756.19975878 -1845062.01049316 -4218214.98628785 -1458853.98760676 -1036700 -1144000 -6344182.89105631 -6916218.60716928 -10748.169901706 
-9534011.48632444 -17235055.618098 -5721140.50033569 -7772805 -6617485 -10084995 -10097155 -5503815 -6466890 -5990585 -10772590 -3442172.10063564 -2049114.78596228 -3399153.91338789 -1202109.28342058 -1202717.97176934 -1200084.28342058 -5800206.33168491 -1415141.68440032 -1224098.39576783 -4964237.10006714 -3912457.89447481 -1817030.09415496 -6782105.48951617 -2397263.63450472 -5703168.10073853 -5017256.75033569 -5673466.59973145 -5717351.30020142 -5980340.05020142 -6129558.00033569 -2316333.05391583 -5614897.5 -1546140.0836618 -2180249.633408 -2887937.2626391 -980198.321462957 -1678387.35383668 -1963771.62401156 -2249955.89418644 
-3857144.23727325 -6590904.23817292 -6819205.55379379 -6704739.06277607 -1428683.85492767 -1566506.5914802 -2009656.33183316 -1333427.35383668 -6015358.54919434 -1629830.0949206 -2266148.70471107 -7204019.78524274 -11714867.9463061 -6899808.69083108 -6801378.97549054 -1688738.86395133 -764516.199758779 -6747385.12267215 -544688.540349758 -2841574.98628785 -96460.3167070622 -6175977.16123118 -7539913.68786879 1585.98002433777 -736775.199758779 -324512.680864303 -2101898.30191358 -681935.312106028 -1356937.85587585 -233754.270174879 -542197.540349758 -532508.540349758 -527408.540349758 -2752182.7117517 -89976.3167070622 -141328.316707062 -160966.613438462 -900111.487606758 -1208425.75778164 -2670467.10865603 
-2962421.37883091 -20834.029604775 -424482.266100956 -588258.704544781 -1179880.14062042 -617248.685365474 -601644.026563647 -669745.353969681 -1006719.70291679 -2164587.14191904 -1623768.59834326 -1591689.40212941 -431207.361181334 -174255.626880035 -3018653.65601545 -2922602.67535327 -2590513.27009096 -3329214.1684972 1585.98002433777 -1030578.52982937 -1654274.72958815 -173066.340432151 -298884.270174879 -90459.2701748789 -498468.540349758 -20540.3167070622 44359.6832929378 -6033828.16123118 -6879883.14751904 -3285454.59910849 -1631490.96807512 -1454885.81044071 -1579275.81044071 -1534320.36471015 -2087623.90126665 1379.6199798584 -3754867.5 -741705.632373183 -1200290.06739409 -1484298.63449142 
-3441672.44979858 -1107071.68855342 -2754807.90071796 -4775766.61104155 -101501.484151424 -101672.342306282 -372468.77350854 -66861.1674443622 -75464.4363028128 -258707.506680291 -2900413.90060425 -815633.398541885 -955074.858986277 -654453.998568409 -817281.449715173 -4620007.91190981 -556056.26933553 -545227.37765624 -1272045.88010667 -5147254.5570413 -1920514.42045643 -133925.774925714 -105945.774925714 -180292.071657114 -184492.071657114 -2476674.85898628 -122381.438242989 -6191449.61944984 -14328604.9895989 -744436.480824776 -1140052.01049316 -265370 -90790 -1644684.8210178 -2109894.02098632 149669.683292938 -3486545.59936026 -1732036.468201 -1555431.3105666 -1634865.86483604 
-2017285.99318589 -5732790.74966431 -5895736.49932861 -5778195 -5777279.60006714 -4975887.34939575 -2683342.48323268 -3999028.46573155 -5863437.44979858 -5686386.85073853 -5740142.20046997 -5991990.29953003 -6154149.54986572 -5626557.74932861 -5132180.29953003 -5693198.45046997 -3109712.22404272 -3931955.03197655 -1918382.80793383 -3045988.41861577 -2602509.87826601 -11673058.0789944 -3460863.91175969 -2972558.14882711 -3326294.08061559 -2744514.4051784 -3766070.57375952 -5707104.30053711 -1107780.62485744 -1819267.78839039 -4950200.90026855 -2591252.47471444 -3698644.55541395 -8046249.98917784 -2239530.54253973 -3699731.89341413 -5659250.95046997 -5692264.04953003 -5966303.85040283 -6094769.70046997 
-5600871.85073853 -918857.507537586 -1861455.71139563 -3759416.49942548 -10210855.4432728 -4846208.580125 -6028800.66082451 -2682762.79209515 -7104431.87262682 -7374667.31856491 -891910 -1384500 -959000 -385220 -520000 -661168.540349758 -612368.540349758 -1291368.54034976 -6319979.16123118 -7684793.68786879 -587850 -744600 -3444920.65828596 -2929228.82519312 -3343412.31833704 -1945646.27031674 -6552465 -5730200.90026855 -14656055 -7776520 -6424710 -8311975 -14070875 -1119368.54034976 -1549296.19975878 -1219004.27017488 -1705752.81052464 -3886225.62104927 -3160424.02098632 -1103268.54034976 
-1510596.19975878 -1436852.81052464 -1385368.54034976 -1191784.27017488 -6206552.06698737 -3870125.62104927 -6460622.70174879 -1898707.49314393 1251.25 1379.95000839233 -900614.73021134 -908103.352683394 -2143230.62421206 -1344388.54034976 -1344388.54034976 -7570689.9725757 -2674467.29964925 -1166668.54034976 -8206495.24184678 -1702524.19967486 -3064382.08061559 -1813558.87561863 -3448969.93565221 -2087860.02795652 -2687180.81044071 -6750080.79052098 -4047243.81074301 -3993340.62104927 -1974839.2705611 -3447053.98024811 -1092308.54034976 -1735237.08069952 
<A0>
0 0 0 0 0 0 0 0 0 0 0 0 0 0 0 0 0 0 0 0 0 0 0 0 0 0 0 0 0 0 0 0 0 0 0 0 0 0 0 0 
0 0 0 0 0 0 0 0 0 0 0 0 0 0 0 0 0 0 0 0 0 0 0 0 0 0 0 0 0 0 0 0 0 0 0 0 0 0 0 0 
0 0 0 0 0 0 0 0 0 0 0 0 0 0 0 0 0 0 0 0 0 0 0 0 0 0 0 0 0 0 0 0 0 0 0 0 0 0 0 0 
0 0 0 0 0 0 0 0 0 0 0 0 0 0 0 0 0 0 0 0 0 0 0 0 0 0 0 0 0 0 0 0 0 0 0 0 0 0 0 0 
0 0 0 0 0 0 0 0 0 0 0 0 0 0 0 0 0 0 0 0 0 0 0 0 0 0 0 0 0 0 0 0 0 0 0 0 0 0 0 0 
0 0 0 0 0 0 0 0 0 0 0 0 0 0 0 0 0 0 0 0 0 0 0 0 0 0 0 0 0 0 0 0 0 0 0 0 0 0 0 0 
0 0 0 0 0 0 0 0 0 0 0 0 0 0 0 0 0 0 0 0 0 0 0 0 0 0 0 0 0 0 0 0 0 0 0 0 0 0 0 0 
0 0 0 0 0 0 0 0 0 0 0 0 0 0 0 0 0 0 0 0 0 0 0 0 0 0 0 0 0 0 0 0 0 0 0 0 0 0 0 0 
0 0 0 0 0 0 0 0 0 0 0 0 0 0 0 0 0 0 0 0 0 0 0 0 0 0 0 0 0 0 0 0 0 0 0 0 0 0 0 0 
0 0 0 0 0 0 0 0 0 0 0 0 0 0 0 0 0 0 0 0 0 0 0 0 0 0 0 0 0 0 0 0 0 0 0 0 0 0 0 0 
0 0 0 0 0 0 0 0 0 0 0 0 0 0 0 0 0 0 0 0 0 0 0 0 0 0 0 0 0 0 0 0 0 0 0 0 0 0 0 0 
0 0 0 0 0 0 0 0 0 0 0 0 0 0 0 0 0 0 0 0 0 0 0 0 0 0 0 0 0 0 0 0 0 0 0 0 0 0 0 0 
0 0 0 0 0 0 0 0 0 0 0 0 0 0 0 0 0 0 0 0 0 0 0 0 0 0 0 0 0 0 0 0 0 0 0 0 0 0 0 0 
0 0 0 0 0 0 0 0 0 0 0 0 0 0 0 0 0 0 0 0 0 0 0 0 0 0 0 0 0 0 0 0 0 0 0 0 0 0 0 0 
0 0 0 0 0 0 0 0 0 0 0 0 0 0 0 0 0 0 0 0 0 0 0 0 0 0 0 0 0 0 0 0 0 0 0 0 0 0 0 0 
0 0 0 0 0 0 0 0 0 0 0 0 0 0 0 0 0 0 0 0 0 0 0 0 0 0 0 0 0 0 0 0 0 0 0 0 0 0 0 0 
0 0 0 0 0 0 0 0 0 0 0 0 0 0 0 0 0 0 0 0 0 0 0 0 0 0 0 0 0 0 0 0 0 0 0 0 0 0 0 0 
0 0 0 0 0 0 0 0 0 0 0 0 0 0 0 0 0 0 0 0 0 0 0 0 0 0 0 0 0 0 0 0 0 0 0 0 0 0 0 0 
0 0 0 0 0 0 0 0 0 0 0 0 0 0 0 0 0 0 0 0 0 0 0 0 0 0 0 0 0 0 0 0 0 0 0 0 0 0 0 0 
0 0 0 0 0 0 0 0 0 0 0 0 0 0 0 0 0 0 0 0 0 0 0 0 0 0 0 0 0 0 0 0 0 0 0 0 0 0 0 0 
0 0 0 0 0 0 0 0 0 0 0 0 0 0 0 0 0 0 0 0 0 0 0 0 0 0 0 0 0 0 0 0 0 0 0 0 0 0 0 0 
0 0 0 0 0 0 0 0 0 0 0 0 0 0 0 0 0 0 0 0 0 0 0 0 0 0 0 0 0 0 0 0 0 0 0 0 0 0 0 0 
0 0 0 0 0 0 0 0 0 0 0 0 0 0 0 0 0 0 0 0 0 0 0 0 0 0 0 0 0 0 0 0 0 0 0 0 0 0 0 0 
0 0 0 0 0 0 0 0 0 0 0 0 0 0 0 0 0 0 0 0 0 0 0 0 0 0 0 0 0 0 0 0 0 0 0 0 0 0 0 0 
0 0 0 0 0 0 0 0 0 0 0 0 0 0 0 0 0 0 0 0 0 0 0 0 0 0 0 0 0 0 0 0 0 0 0 0 0 0 0 0 
0 0 0 0 0 0 0 0 0 0 0 0 0 0 0 0 0 0 0 0 0 0 0 0 0 0 0 0 0 0 0 0 0 0 0 0 0 0 0 0 
0 0 0 0 0 0 0 0 0 0 0 0 0 0 0 0 0 0 0 0 0 0 0 0 0 0 0 0 0 0 0 0 0 0 0 0 0 0 0 0 
0 0 0 0 0 0 0 0 0 0 0 0 0 0 0 0 0 0 0 0 0 0 0 0 0 0 0 0 0 0 0 0 0 0 0 0 0 0 0 0 
0 0 0 0 0 0 0 0 0 0 0 0 0 0 0 0 0 0 0 0 0 0 0 0 0 0 0 0 0 0 0 0 0 0 0 0 0 0 0 0 
0 0 0 0 0 0 0 0 0 0 0 0 0 0 0 0 0 0 0 0 0 0 0 0 0 0 0 0 0 0 0 0 0 0 0 0 0 0 0 0 
0 0 0 0 0 0 0 0 0 0 0 0 0 0 0 0 0 0 0 0 0 0 0 0 0 0 0 0 0 0 0 0 0 0 0 0 0 0 0 0 
0 0 0 0 0 0 0 0 0 0 0 0 0 0 0 0 0 0 0 0 0 0 0 0 0 0 0 0 0 0 0 0 0 0 0 0 0 0 0 0 
0 0 0 0 0 0 0 0 0 0 0 0 0 0 0 0 0 0 0 0 0 0 0 0 0 0 0 0 0 0 0 0 0 0 0 0 0 0 0 0 
0 0 0 0 0 0 0 0 0 0 0 0 0 0 0 0 0 0 0 0 0 0 0 0 0 0 0 0 0 0 0 0 0 0 0 0 0 0 0 0 
0 0 0 0 0 0 0 0 0 0 0 0 0 0 0 0 0 0 0 0 0 0 0 0 0 0 0 0 0 0 0 0 
<U0>
0 0 0 0 0 0 0 0 0 0 0 0 0 0 0 0 0 0 0 0 0 0 0 0 0 0 0 0 0 0 0 0 0 0 0 0 0 0 0 0 
0 0 0 0 0 0 0 0 0 0 0 0 0 0 0 0 0 0 0 0 0 0 0 0 0 0 0 0 0 0 0 0 0 0 0 0 0 0 0 0 
0 0 0 0 0 0 0 0 0 0 0 0 0 0 0 0 0 0 0 0 0 0 0 0 0 0 0 0 0 0 0 0 0 0 0 0 0 0 0 0 
0 0 0 0 0 0 0 0 0 0 0 0 0 0 0 0 0 0 0 0 0 0 0 0 0 0 0 0 0 0 0 0 0 0 0 0 0 0 0 0 
0 0 0 0 0 0 0 0 0 0 0 0 0 0 0 0 0 0 0 0 0 0 0 0 0 0 0 0 0 0 0 0 0 0 0 0 0 0 0 0 
0 0 0 0 0 0 0 0 0 0 0 0 0 0 0 0 0 0 0 0 0 0 0 0 0 0 0 0 0 0 0 0 0 0 0 0 0 0 0 0 
0 0 0 0 0 0 0 0 0 0 0 0 0 0 0 0 0 0 0 0 0 0 0 0 0 0 0 0 0 0 0 0 0 0 0 0 0 0 0 0 
0 0 0 0 0 0 0 0 0 0 0 0 0 0 0 0 0 0 0 0 0 0 0 0 0 0 0 0 0 0 0 0 0 0 0 0 0 0 0 0 
0 0 0 0 0 0 0 0 0 0 0 0 0 0 0 0 0 0 0 0 0 0 0 0 0 0 0 0 0 0 0 0 0 0 0 0 0 0 0 0 
0 0 0 0 0 0 0 0 0 0 0 0 0 0 0 0 0 0 0 0 0 0 0 0 0 0 0 0 0 0 0 0 0 0 0 0 0 0 0 0 
0 0 0 0 0 0 0 0 0 0 0 0 0 0 0 0 0 0 0 0 0 0 0 0 0 0 0 0 0 0 0 0 0 0 0 0 0 0 0 0 
0 0 0 0 0 0 0 0 0 0 0 0 0 0 0 0 0 0 0 0 0 0 0 0 0 0 0 0 0 0 0 0 0 0 0 0 0 0 0 0 
0 0 0 0 0 0 0 0 0 0 0 0 0 0 0 0 0 0 0 0 0 0 0 0 0 0 0 0 0 0 0 0 0 0 0 0 0 0 0 0 
0 0 0 0 0 0 0 0 0 0 0 0 0 0 0 0 0 0 0 0 0 0 0 0 0 0 0 0 0 0 0 0 0 0 0 0 0 0 0 0 
0 0 0 0 0 0 0 0 0 0 0 0 0 0 0 0 0 0 0 0 0 0 0 0 0 0 0 0 0 0 0 0 0 0 0 0 0 0 0 0 
0 0 0 0 0 0 0 0 0 0 0 0 0 0 0 0 0 0 0 0 0 0 0 0 0 0 0 0 0 0 0 0 0 0 0 0 0 0 0 0 
0 0 0 0 0 0 0 0 0 0 0 0 0 0 0 0 0 0 0 0 0 0 0 0 0 0 0 0 0 0 0 0 0 0 0 0 0 0 0 0 
0 0 0 0 0 0 0 0 0 0 0 0 0 0 0 0 0 0 0 0 0 0 0 0 0 0 0 0 0 0 0 0 0 0 0 0 0 0 0 0 
0 0 0 0 0 0 0 0 0 0 0 0 0 0 0 0 0 0 0 0 0 0 0 0 0 0 0 0 0 0 0 0 0 0 0 0 0 0 0 0 
0 0 0 0 0 0 0 0 0 0 0 0 0 0 0 0 0 0 0 0 0 0 0 0 0 0 0 0 0 0 0 0 0 0 0 0 0 0 0 0 
0 0 0 0 0 0 0 0 0 0 0 0 0 0 0 0 0 0 0 0 0 0 0 0 0 0 0 0 0 0 0 0 0 0 0 0 0 0 0 0 
0 0 0 0 0 0 0 0 0 0 0 0 0 0 0 0 0 0 0 0 0 0 0 0 0 0 0 0 0 0 0 0 0 0 0 0 0 0 0 0 
0 0 0 0 0 0 0 0 0 0 0 0 0 0 0 0 0 0 0 0 0 0 0 0 0 0 0 0 0 0 0 0 0 0 0 0 0 0 0 0 
0 0 0 0 0 0 0 0 0 0 0 0 0 0 0 0 0 0 0 0 0 0 0 0 0 0 0 0 0 0 0 0 0 0 0 0 0 0 0 0 
0 0 0 0 0 0 0 0 0 0 0 0 0 0 0 0 0 0 0 0 0 0 0 0 0 0 0 0 0 0 0 0 0 0 0 0 0 0 0 0 
0 0 0 0 0 0 0 0 0 0 0 0 0 0 0 0 0 0 0 0 0 0 0 0 0 0 0 0 0 0 0 0 0 0 0 0 0 0 0 0 
0 0 0 0 0 0 0 0 0 0 0 0 0 0 0 0 0 0 0 0 0 0 0 0 0 0 0 0 0 0 0 0 0 0 0 0 0 0 0 0 
0 0 0 0 0 0 0 0 0 0 0 0 0 0 0 0 0 0 0 0 0 0 0 0 0 0 0 0 0 0 0 0 0 0 0 0 0 0 0 0 
0 0 0 0 0 0 0 0 0 0 0 0 0 0 0 0 0 0 0 0 0 0 0 0 0 0 0 0 0 0 0 0 0 0 0 0 0 0 0 0 
0 0 0 0 0 0 0 0 0 0 0 0 0 0 0 0 0 0 0 0 0 0 0 0 0 0 0 0 0 0 0 0 0 0 0 0 0 0 0 0 
0 0 0 0 0 0 0 0 0 0 0 0 0 0 0 0 0 0 0 0 0 0 0 0 0 0 0 0 0 0 0 0 0 0 0 0 0 0 0 0 
0 0 0 0 0 0 0 0 0 0 0 0 0 0 0 0 0 0 0 0 0 0 0 0 0 0 0 0 0 0 0 0 0 0 0 0 0 0 0 0 
0 0 0 0 0 0 0 0 0 0 0 0 0 0 0 0 0 0 0 0 0 0 0 0 0 0 0 0 0 0 0 0 0 0 0 0 0 0 0 0 
0 0 0 0 0 0 0 0 0 0 0 0 0 0 0 0 0 0 0 0 0 0 0 0 0 0 0 0 0 0 0 0 0 0 0 0 0 0 0 0 
0 0 0 0 0 0 0 0 0 0 0 0 0 0 0 0 0 0 0 0 0 0 0 0 0 0 0 0 0 0 0 0 
<S0>
-180 65.9763107299805 -130.368923916763 -140.7435054396 -110.867992324513 -82.9069765849143 -34.4693833188831 -529.188623485986 -261.935458520394 -19.4482879638672 98.9847259521484 -135.85230587257 -131.110675679251 37.3448637249391 73.4499969482422 132.570554733276 220.760818481445 303.245733261108 541.493057250977 472.962789639684 490.460061229546 28.135867331354 80.8612177229462 176.893822164642 144.174704270523 61.2681817438356 6.45746425644458 91.3455544413238 309.467822476303 385.819459639031 71.2418823242188 236.663055419922 306.180755615234 750.047744750977 4.64727143577488 195.504707952995 298.891499933359 904.046651011818 99.0535317792452 16.9887057230898 
904.622547550891 137.899083614349 125.527801513672 -362.836275855679 -241.01426768444 -151.768149100602 -101.438236876629 -79.3168970403499 -100.560116377655 -152.217697668696 -29.325189112287 38.8370696524754 135.330703539308 226.774063489194 -425.739864626169 -533.088277615409 -187.657667298436 125.369647443523 210.41850492786 188.688395389392 12.4437330208303 -148.916743313047 29.3159975587355 -201 -136.554841570202 -187.61242898128 -139.102875497015 38.2756118774414 216.287643432617 -158.261076226181 43.9164700223084 -125.180326423487 1.59341819794776 -48.7217793908423 169.441990243666 497.765267108426 -60.064151843053 -150.558170229086 129.281811661475 -31.8518653179443 
-45.9000015258789 -100.153008989636 -222.046617824053 -39.522995736273 -324.666693407975 -454.464319286767 -256.132647851448 -332.29804869362 -179.52659163807 -28.7699203491211 99.2355194091797 190.674270629883 -151.108846171032 93.270073202045 -17.9500158892119 91.5277423675394 -162.79478764534 192.878443256526 190.55230633037 464.808476996025 28.3238271652661 70.7772472260401 75.1323701676734 -276.638802075993 -341.281602686573 162.399993896484 82.1575718971137 8.39999961853027 109.17799949646 59.1257437926336 30.6125793840081 239.10370056433 113.726397435206 -16.7803935109467 40.360373159904 -192.04048404187 44.473989619211 221.552541912717 133.70130938403 82.5500030517578 
134.61654481237 -0.116009660138417 154.037698301197 -91.2618110438902 -60.9439468867748 -704.235318675437 -1049.66282298386 -517.322755919636 39.8340529911549 31.9283825208645 106.538413953069 -694.235318675437 -1039.66282298386 -507.322755919636 -59.8860031746211 -22.4063396554767 81.6501382853711 326.083339250633 240.959419547077 61.9109972632141 -35.8689155167401 42.4263305180103 -1082.51955702861 -864.995697561073 -336.48457947146 -113.744569504768 47.7251777164967 111.212417554143 -231.043480534968 -1072.53411391337 -11.6943015211039 10.2787246220142 54.3430766392118 191.585107460315 -1237.7545845181 -54.6720332267995 -66.4785746212747 -549.299473020913 -621.73035838425 -526.645260020856 
-72.8000030517578 -136.625451616589 -79.8244025966246 14.3192427015839 80.5274853421326 85.6656596233064 112.322892132019 52.6754030737573 57.4147223634899 -69.8374442159027 311.287982388413 401.002659922951 495.694998590302 122.78578349157 -293.914053637467 -466.021829662744 -647.127713598177 -77.2725919279866 6.09080328609423 165.212634488022 -26.3565747471737 -17.8974875078642 -197 -110.699613532862 -143.27987240089 -85.4884985552275 75.5869979858398 38.1441557264862 183.167097541721 -191 -126.554841570202 -177.61242898128 -129.102875497015 -148.261076226181 53.9164700223084 -115.180326423487 11.5934181979478 -38.7217793908423 -50.064151843053 -140.558170229086 
139.281811661475 -21.8518653179443 -314.666693407975 -444.464319286767 -246.132647851448 -141.108846171032 103.270073202045 -7.95001588921187 104.210954647813 -107.391624450684 -198.653435494574 -65.6452551030578 -17.0566926287536 -3.26604966624438 80.871731701111 -110.647394141993 -198.653435494574 -13.5521469907581 0.435923977768226 -53.4778502364577 56.4796204977408 71.4892024417483 54.1291604862959 -219.545596459847 -168.605832494661 -47.2302773985676 -155.748441661719 -74.4612043962919 -176.051732969609 -401.991015923306 -255.550214302823 -98.4465787079668 -281.810960080853 -269.129506151852 -340.52129122985 -284.867671425309 -452.902139084148 -431.58906118291 -431.58906118291 189.23349010974 
1.05794371215372 129.487701391651 -93.1173337019171 -259.938616625096 -94.4239179799627 53.510488917124 83.0458861096208 -561.244634373239 -759.156551315604 -94.7640494912536 60.4380173938273 -187.693183338937 -242.974707027593 -183.457860450146 -251.714204202182 -183.457860450146 -459.418812502849 -183.457860450146 -381.450427411883 132.100006103516 1.37450105436406e-38 -98 2.77799987792969 103.555999755859 204.333999633789 -109.33385571772 -73.2265897240943 -3.71707000508013 350.151650371765 101.322214350754 -43.9656045579376 -10.224768190277 181.202183218109 206.519274430435 30.1556887182885 126.054202875173 222.139716943777 -92.8406751749696 110.49551192953 17.6646250887097 
-87.5709418355316 130.244354089773 30.9654121502727 230.063627865235 302.797044477898 257.553752365371 -33.7395612748807 -359.122247753564 178.417242199042 9.21661500266941 -235.816745141488 -367.115094579622 -72.619085635066 224.524341085639 733.598500377053 -46.6429556475126 -230.845268820954 -181.715997842328 -167.033654571875 -151.594183501277 -98.1323743046464 20.2498767777051 -354.511962228929 -436.447405490533 -593.04785729706 -294.401653244668 -157.954948731701 -173.340755901572 60.0054563346718 -29.8564738844246 -104.61401370458 -297.680377134952 -196.902377257022 -96.1243773790923 1571.16616744328 -535.422498423223 -173.956826331479 -111.989003625997 -103.005894261193 -13.3356721870776 
-155.037732028583 -179.273359932467 -164.103043012134 -164.248621172366 -79.8924376952589 -101.924215311172 -168.013199896329 -84.3068991225508 323.583178557508 40.9166029765374 -103.948833408764 -63.9952734902757 -150.021984105528 276.911720243174 131.373078790385 410.244677510936 55.0076167666873 137.762487562542 181.032928537362 -11.5685521075578 112.001716090602 -384.695622421531 -482.242010896587 -19.310409438871 -111.859770286693 -101.381720795915 -99.526797049904 -160.147009204709 -146.398374652797 -214.094256036086 -214.83472715068 -102.559699779878 -47.8445090249437 -234.432402606683 -64.7564598414031 -19.2790843523732 86.9804411930124 116.995945692062 184.00013422966 -1.70000004768372 
-129.285601221159 29.9730978532893 92.9291338476831 357.735639180011 422.204356505763 246.00035511183 254.858938585201 146.059942613521 -23.8957997958552 -23.9847966830623 100.018443001511 106.891957245828 -400.49134989417 -446.439031321172 -2172.91519432406 69.6457633972168 163.081390380859 -629.778547515205 -407.698042144111 -878.661787261298 191.318073272705 153.447006225586 93.8394774599255 184.752173796901 -104.162441691197 -68.2563437520356 1.37450105436406e-38 1.37450105436406e-38 112.941827497917 53.9137742142259 473.378162136209 114.537772301885 148.600006103516 74.8922653198242 215.693536281586 165.151086330414 136.199996948242 183.835142782349 28.0263977050781 -36.189998626709 
78.5642828497583 70.4625799513398 143.444237203705 200.9744021465 215.5797547724 161.461554959744 104.232704252115 795.313514157212 65.7399978637695 60.3840071168132 185.799336712874 -192.015493450586 -18.5721429381184 214.780038928974 166.413138276649 -2.97854605306095 498.56809179393 674.700843258774 0.325077321918087 -0.702083455129824 -236.944721057324 -187.815450078698 -173.133106808246 -151.699731623878 -97.3783719511733 14.1504245413344 -356.208094152799 -438.143537414404 -594.743989220931 -131.750979596029 -164.054400968072 -179.440208137942 55.5830213102152 106.449996948242 -323.746784446433 -162.351021049216 -2188.00134926181 103.563103922065 91.9163822946788 1709.72421307677 
-374.794498871275 231.908188544895 219.724675345614 112.526540138291 106.559904007628 -138.782649361138 144.793893239152 12.2399997711182 6.91094402329029 117.566397587794 35.5694104136139 4.61066874286571 -243.720594973266 11.3526688947237 -137.243908630374 -36.4659087524445 -119.323178743951 30.4298966064422 -101.054397580899 16.8161245662558 245.571505406204 158.533099771251 -22.1536281766743 -108.626351015222 -41.0640860457265 -21.4911849365265 56.9290497436493 -333.855420427981 -44.1991353960509 -62.1922652587921 -18.3193595459158 -138.95686628554 -120.469222338998 -0.455660388311514 -73.5999984741211 1.37450105436406e-38 -23.1311576625425 59.7124992964515 128.925420985275 -26.9652537916511 
112.598924675146 195.278507309276 233.197790260789 96.8374014082574 60.9491856508628 194.138100903548 93.6518992801272 192.897249780729 -1.25714717243238 182.491215368766 192.611448942838 24.0446664963171 5.85496520996094 32.0299987792969 143.972221469725 120.285257179618 122.415675241828 110.378405192595 138.605474922534 66.4641831976673 169.439723120382 54.9109826884451 76.8617719658306 194.853831113954 223.065398481079 95.0694269700458 47.5619506904571 -170.6130649891 77.7032065388021 -1146.68992446833 72.7040177970401 149.41676789481 197.250089129055 224.097349267109 -139.604556704608 -167.964389259957 -235.508442285574 -207.258977132233 -150.457928112268 65.4017375458798 
174.300808285626 -99.9288115892749 -110.22071610539 -85.7844418536106 -27.530555913566 257.378061235168 186.038445196772 15.2950133229447 -149.469058568216 180.73101784689 19.605985698094 194.77580262533 345.69284996608 487.037463835151 620.724118719846 739.094901412159 32.3718396962005 8.57335168960537 -16.9298804836774 -43.9966714015321 -245.484945922531 -117.180240648544 -59.0901014848442 7.35430560007902 75.6948970307431 -153.961166486626 -108.533554664959 -104.045053576469 -119.52691472409 -93.7480960008028 2129.56230790121 1006.41683336198 -55.5548244963565 73.8956359192786 -193.600006103516 -426.399993896484 -129.154847673718 -180.212435084796 -46.7119475447014 -159.033084760467 
-131.702881600531 -150.861082329697 -359.538537754959 -131.478895692718 -158.363935432276 -279.68743701919 -142.272724075001 -185.538539809865 -291.232696533203 -251.419271018628 -46.5771862470222 -92.4000015258789 159.84961255746 12.2493805367313 -104.08482475326 -125.73588021419 -259.674268701202 5.10657427105122 -42.8804554207952 -62.5828235984798 -247.858204416232 -361.824782495762 -189.142665650173 99.4629214800286 -46.5978992127838 -49.6308475551528 -34.7644328687996 -6.61195747343896 -69.914886060549 -309.608740527116 -254.278490263902 -439.406366405908 -231.874418316308 -254.460782445833 -241.074694970589 -333.159917214852 -117.239631462121 -292.116972151833 -47.036453068036 74.0651037891973 
65.0004347963513 -41.9581717549652 -95.250354339878 -2225.00610203715 -2257.42751007419 -139.417517382584 -191.408135192301 37.0828199986096 -160.546568591081 64.8446480244461 -250.139986095849 -393.338979162142 -107.32841811512 159.657043794482 75.6847919023919 -20.0427696741044 48.5498812464786 8.2895242108858 33.9817929199183 94.1725104662204 138.330575924668 -110.640285491943 99.8226547241211 300.713161468506 -328.086535420677 -303.098364303502 -367.440680964123 -65.2721326085019 -158.999419900982 -148.539657460257 -213.425678120657 98.9277362640238 -120.047193545547 148.102521960334 47.5970001220703 -284.124187907017 -290.42135676831 -397 -102.944605549831 69.0585386679009 
247.570931559549 405.023975391138 -195.203951556168 -131.638418255273 -289.401273110848 -21 53.3517452683635 230.750950139083 133.499604167517 -5.93175160275646 6.39087655100042 -47.3545765948923 -70.4457763912144 18.5 119.27799987793 320.833999633789 29.9138779122196 50.7225792148989 89.249631364725 106.848023989061 119.907823786789 192.010815115082 220.526240067642 245.984360637879 168.863734677761 6.42894762776481 165.945102612513 30.6520958841949 365.638385220444 161.468236249007 227.969360099738 -9.13455520008131 319.455645166472 296.123087488249 658.921933338314 146.214615484733 243.111232205307 104.284813192279 83.3132821454561 -139.691465720032 
-88.3000030517578 4.0515170396052 92.6794097874262 164.367613199709 192.875095956329 506.450534500837 770.322309014439 1020.79268582296 215.775979835868 -10.9455935544595 -157.973581371728 -43.8793366942219 -71.2140693664551 1.37450105436406e-38 1.37450105436406e-38 1.37450105436406e-38 109.937406764084 193.646343679535 248.82942457692 1.37450105436406e-38 1.37450105436406e-38 348.046956009619 500.053836266626 176.895208809253 -9.57243347167969 25.2757994141765 21.8342984133139 -290.026441015169 -73.1379667725749 -34.9308241115499 137.982872274311 161.983868042814 1.37450105436406e-38 81.4355965985811 -184.5 -414.5 -120.054841570202 -171.11242898128 -71.187197788842 -188.294528852263 
-122.602875497015 -142.76140865097 57.647346496582 -123.382003560013 -341.895082249588 -149.26392932876 -244.594297370753 -133.172717971486 -136.74435035674 178.284038888686 -48.5418167905628 -183.800144776097 -238.562036063794 1 -71.1999969482422 169.269694649745 -62.8525252860225 -60.1451659720577 -129.842867213702 -229.47798379085 19.4144279697817 6.03687212261373 -28.6525218629303 -16.9282832430724 -13.75588031753 7.88733299286963 -302.423224169694 -272.053040224992 -432.220850048486 -225.717886028711 -261.705655492708 -233.889178613167 -331.789599755745 210.671699365652 85.0517462892712 -0.847499757894923 98.7869809084311 -158.491430956803 -282.545602856103 -102.569156030159 
0.126096388358633 -136.477722735107 121.024696615131 29.3916055097139 7.00482190986041 141.749696713243 144.214677792344 25.828369140625 -83.4244041442871 171.071727752686 153.833801269531 368.133261203766 189.943893432617 -134.608846171032 -237.461600992291 -71.3614880772518 -70.2636450396025 -300.709583149954 108.027742367539 -94.1714458648825 54 57.4571983555239 72.2396526719719 258.164035275906 82.3747450318523 84.2282105817354 70.2557163119515 -309.838697709602 25.0028271840705 -48.356817211035 -70.51606393801 -18.1177099810087 -68.5315603183647 -210.557685852051 1155.06638632818 5.09999990463257 32.9329376220703 -71.9291727520971 53.8723139806691 1.00164668859935 
-62.4302655585377 213.190862891954 -172.65389403811 92.8875293548441 -107.392622266982 -225.535506999493 -176.406236020867 -161.723892750415 -148.490972277961 -94.2577473708812 25.5596385991655 -351.499563688718 -433.435037467901 -590.03545875685 -563.250768930399 -912.065506105331 -148.172770634633 -152.645186910241 -168.030994080111 66.9922353680463 -19.2000007629395 -472.5 105.918159484863 226.882205963135 289.548519134521 53.4849531508027 -373.283719792313 115.115482261635 -282.299731759918 152.660362828479 -136.707007465149 172.240700664734 -72.5258339163969 -55.4410196205747 51.4540768052727 91.2849121859849 111.39654743242 -173.017169722563 285.262637933767 104.657489955646 
34.4866564575163 139.73202125265 96.3343811930328 207.404235850224 284.622313446753 143.719454262134 -0.811777789078633 -96.5315380672849 2.69389589889352 -79.2415626215003 -189.319965477832 166.030348383024 -4.07098327014967 53.792387849403 36.9007371953128 34.5201268361701 28.3491822614229 -31.5 69.2779998779297 40.5454882658314 -7.18441577895581 206.131423436516 75.5494355364025 -24.5797614156098 6.06281342174486 -214.3272024104 23.4039803876436 140.795267285031 99.5447790037814 1.37450105436406e-38 195.523729873965 119.331725333063 29.3158223492828 27.6386546809937 197.060563399228 208.923427694285 83.2710177487954 1.37450105436406e-38 -126.351550439339 -461.022350487539 
-323.840560980427 -390.33192248322 -322.405466217666 -232.569282631388 -154.867376388859 -90.7225685350023 -80.5567626417421 27.1801706292122 -210.220387261927 -240.086376946985 12.2471719719857 -4703.58532122795 -6836.06655940578 -2569.76394938314 -139.778205146865 -297.528548920107 -126.860522166998 -463.301446532004 -674.039458347896 -804.098589353641 -1360.81804750543 -757.935496871117 -2312.71962743535 -644.230235491881 -277.92658952551 2.84673215855128 -26.5041276959961 93.7566167607828 104.891628795687 -173.581555284445 -105.545856000789 -345.924151563734 -397.729789416749 -176.308826357759 -309.606452720604 -290.850204511516 1.37450105436406e-38 1.37450105436406e-38 114.878350537337 51.1213709321208 
60.3154843263999 -84.9894962887205 35.231129309196 -454.145153559364 -144.910171172425 -328.523544716315 -220.696296097053 -446.798137954338 -322.439478395937 -208.558174570401 -122.956427019278 -97.5696147708903 -72.5403769853931 -62.7669680573176 -230.12058698811 -323.764072931923 -132.90100821869 -287.396724764149 -25 -91.0218386457981 2.8896187758271 106.500071492984 -78.1608179200467 -161.133837062335 24.7864034108977 51.101789267684 56.0889738305251 41.7398546824287 -41.6388738606571 376.915993728912 156.103168983596 -22.7909233520511 14.5173654463346 -23.9019712826641 13.8200078968762 24.1300531774907 9.11697834091774 -325.099601026177 -305.56725940619 -314.752222015939 
-224.436065570969 282.53044130339 118.632416982788 44.3554012967526 250.702851182829 290.735224058782 115.172586356547 108.280433570292 -20.6693414554508 310.071538260137 344.768546600479 136.732961673874 -4398.29446514793 -2240.73345402089 114.045054428592 203.958843591059 36.1049559911025 -151.024416268533 162.670601030835 247.613590996769 -310.557435907299 -204.387135881222 -158.211176096742 -230.574201145456 -380.473938840655 36.4069224993354 -103.560513760728 227.209866066116 315.968319435257 178.270077247757 -170.658207010788 223.435825707758 12.5741973446573 44.3149624559738 -28.4162664055753 69.7284591656219 -87.5574713354063 16.5700995055174 155.972363014358 65.0858884049832 
186.889250279358 4.80131860860473 148.122653447472 253.15425439962 -195.954617060341 -382.954661849914 -465.520797749805 -179.491688023335 -319.457504653654 -109.800003051758 -163.095780901257 -209.394020821722 -110.123696114691 -63.9979007386627 -20.3017335223083 13.8220002223665 4.48688596746842 14.1438154730493 116.168685754812 -110.38413220622 -172.897021978763 1.26985542013055 -114.878288179526 -7.6374015704304 -229.166866780111 130.1247743806 136.519414073342 61.3300390653413 50.777133252945 -12.3477159782659 -288.134051660042 -8.071978906136 -338.098284352393 149.223330899155 -51.2316815586971 -63.6262625322783 -491 -34.7324858747795 -422.415506138748 -373.167327432526 
-344.886701545557 -228.780422134083 -137.159051780227 -96.6940840142607 22.1300451286585 59.4720575723589 -163.24660020376 -321.9541869427 -306.81723089882 -202.085656560823 -549.938709374316 -1141.1414050235 -495.230467015576 -482.501573850829 529.953317970574 -1177.49226649079 -402.163242200356 -80.3100354405331 -271.581523497714 -250.440494404837 137.407283707019 -29.0692115979087 0 82.7104002442546 192.587169065808 220.262343440564 135.585383974801 194.525274314906 211.649950903403 224.942487451164 178.490572377597 196.542643087627 196.542642898477 210.152880709855 -335.825494823877 -377.944208202783 274.814071655273 46.8416574718874 104.713455200195 376.588686995135 
267.571852896539 77.7923529005585 117.466037750244 95.3307005372234 133.453907629509 325.354694455972 117.698373518425 165.333442820505 163.638379185004 530.150214011104 227.019494533539 227.712223052979 65.2578040122527 85.0911271253578 137.436087686185 90.8768801001769 46.9486627640375 50.7142363928709 85.7351846576232 220.555804785554 -36.3468955340143 -276.417047558252 -251.528711376611 65.3952957175761 148.869178701032 -64.6573976073079 -3.74292775804588 -29.6056574809186 14.1549995111487 -9.61100695857783 77.217601159554 156.143898281905 77.9867039621978 -0.441603841185952 164.952969326345 155.717925548553 161.015325546265 841.679795328068 593.017953615216 -27.3996906191678 
1233.03402154593 2608.97282203457 314.088405556547 685.455743236349 530.013984948332 644.439966154634 685.79433559692 564.64383842433 454.39565683547 431.840437049468 880.389612983508 144.060347132416 49.1414540893317 15.3324643426679 105.600714488514 106.413767079331 105.22606923698 641.876871522749 76.9149916984258 82.2174348748008 375.131199168414 97.7476525635031 123.596189045148 90.313657407044 228.238399877799 347.464373621488 389.48961378949 320.634322555983 341.499367424997 345.493678129575 368.731232794144 183.107964376616 395.32605931055 116.985893201116 -39.586696184174 -92.778478840725 98.6602932725325 164.386784168027 226.455033533375 291.966424835979 
1013.40279150934 470.354891159886 459.824982716731 467.070324807199 125.311827582578 165.06543111765 234.752259195777 149.393598647855 384.4124953828 96.9789897313579 -64.5587121692939 1011.21735473131 106.345099170176 569.272945098193 664.842648236966 -202.085604272917 66.8252861240786 302.6229734054 147.243180554427 -92.797166051269 251.056398115593 826.438972198909 955.170172039134 34.9218280293493 47.367026541559 72.3613857937928 389.499183987836 49.9204216769517 -13.5521469907581 65.5686537232585 58.0291760378257 121.158475201644 119.119229596175 -134.4959184322 49.2623841385423 -53.4778502364577 43.7538673145383 80.7660256757296 151.881592545961 407.563396471091 
458.772875465956 -40.8077724699307 3.57655956246481 -12.2122467113765 -40.2392207012504 -8.50689676495824 9.96584485950065 31.8150666644078 53.812490870249 -266.168260694401 -431.58906118291 -431.58906118291 -150.325863712344 -57.3392333009925 -10.7125345313373 381.080376516764 286.939448515571 307.626628438716 37.9461834110765 289.443576795449 324.942446903902 166.41477035051 34.5937506165691 244.309445100109 -98.5651919431314 716.709062300163 378.058091841179 811.439902985042 663.539120696133 -65.4056582735775 37.5943122113197 -319.663714084283 -685.178667697565 64.2673120528726 67.6266752408416 31.331624408764 301.065474435248 134.016709171921 -252.244388479206 26.5927982218568 
338.320378819489 172.659929056167 -421.901939230276 -596.517687329581 42.3620041898328 45.2837915988151 4.12188772031135 71.2848808239956 69.7907020403576 246.652978607548 356.672506059227 105.749453254597 -408.876026468048 -173.909277669195 160.562448940741 -878.705415002593 73.2274817367113 77.2942989201127 108.197277815208 427.665463692673 116.653326106452 -64.4226821173067 44.7385918389921 20.5539428128396 19.4855834378396 516.188045664063 76.0654389553107 806.99666564765 1222.59844331867 171.796536203868 186.555641263834 191.600006103516 70.25 339.332998307633 329.263324916583 721.680501661736 -77.6045627463188 10.4355032854959 -270.24305523667 58.167859816502 
-43.0009350033688 319.191064481489 349.549771647804 369.928454300362 363.845852141369 380.243867858981 255.555401028055 -291.099738592955 361.539965606371 325.746986080041 350.508000735518 350.596337054518 381.645815139173 400.438728001118 424.909293974563 380.48471131272 377.568148206783 563.638270093211 217.479111513965 393.823936908613 196.300114083144 439.507844233112 321.369914172361 315.579780266418 425.220235687467 220.32024525635 324.767952453169 314.552025029543 78.6930151204355 -2.83171956588558 375.604828407035 250.55682052988 630.808208182302 957.034697777526 187.014790705101 429.758029918727 321.10622666194 342.322325749749 345.957297602572 369.913494286564 
395.797963416508 76.9870135286627 198.301037365948 277.400974453391 1268.84465704653 765.22630619761 945.329714113703 415.068699496378 1000.71646525333 681.293503081384 98.0299987792969 164.100006103516 113.699996948242 59.7099990844727 52.7999992370605 213.554299634017 381.609444897689 242.42179374031 809.438964569515 952.072813335521 50.0200004577637 77.6600036621094 646.897920606636 422.712610523297 337.263653705014 179.7282762584 540.950876621472 323.907472747828 1338.44242573983 645.853192205202 665.207561647488 859.109877231218 1094.52008135581 -247.577787119828 100.256552908747 72.5154962543125 51.0087794681154 695.638355139844 31.9484941365539 -204.471659380876 
121.265120718805 -215.500970898095 -4.75815458961574 -12.0139344725422 473.92300548239 755.400520209424 1175.64472433586 -7.02081355541964 35.9054889559945 46.3376413417916 54.2166466281454 49.440681609394 28.3585166700758 -458.332919017584 -473.648806468756 -400.527380879606 193.930171240137 -317.441653485894 1261.70650369517 109.48459982203 407.221080642912 217.682827235746 409.059961793404 -246.152834994002 393.110907039358 541.383841446902 86.4850011645503 471.611267777206 110.164910992746 452.958369664228 75.2804196291343 -98.1290296687334 
<Cp0>
1.17549435082229e-38 2.35098870164458e-38 -108.190005069978 -92.7920634358596 -185.584126871719 -278.376190307579 13.7049425444564 226.677065759953 75.5590219199843 2.35098870164458e-38 3.52648305246686e-38 -688.947479522829 -202.226871583662 25.3500003814697 1.17549435082229e-38 2.35098870164458e-38 3.52648305246686e-38 5.87747175411144e-38 5.87747175411144e-38 -1168.95815443375 -1753.43723165063 -233.358892022878 -108.190005069978 -216.380010139955 -324.570015209933 -432.76002027991 -92.7920634358596 -199.516050497536 -151.264803726894 -75.6324018634472 2.35098870164458e-38 3.52648305246686e-38 4.70197740328915e-38 5.87747175411144e-38 151.118043839969 75.5590219199843 -683.042015676899 -226.897205590342 -202.226871583662 81.1500015258789 
-1839.94523297814 2.35098870164458e-38 2.35098870164458e-38 -123.642778648337 -216.434842084196 -309.226905520056 -402.018968955916 -494.811032391775 -587.603095827635 -680.395159263495 27.4752651916319 103.034287111616 178.593309031601 810.532579011121 -96.1675134567047 -68.6922482650727 -48.0837567283523 52.1611649433962 -25.8649409200739 37.1660823951694 1751.90347818434 854.130349768001 88.7223211147129 1.17549435082229e-38 -466.717784045757 -700.076676068635 -233.358892022878 2.35098870164458e-38 3.52648305246686e-38 -108.190005069978 -216.380010139955 -92.7920634358596 -185.584126871719 -31.033080681976 222 444 13.7049425444564 -199.516050497536 -83.892111773234 -41.946055886617 
1.17549435082229e-38 -466.717784045757 -700.076676068635 -233.358892022878 151.118043839969 226.677065759953 75.5590219199843 151.118043839969 75.5590219199843 2.35098870164458e-38 3.52648305246686e-38 4.70197740328915e-38 -688.947479522829 -404.453743167325 -202.226871583662 38.2431393830428 2.35098870164458e-38 -14.8960218131728 60.6630001068115 -673.404341423376 -168.351085355844 -336.702170711688 -505.053256067532 -528.91315343989 -680.031197279859 1.17549435082229e-38 -121.042983084899 1.17549435082229e-38 2.35098870164458e-38 52.6411079771216 -92.7920634358596 234.966919318024 13.7049425444564 -199.516050497536 75.5590219199843 -397.431678453587 -202.226871583662 -657.676674542756 -657.676674542756 1.17549435082229e-38 
286.694859966763 -584.479077216877 205.065886899993 -233.358892022878 -32.3723711400306 237.491345399876 356.237018099814 194.304694619922 -32.3723711400306 181.268736837091 -32.3723711400306 237.491345399876 356.237018099814 194.304694619922 -294.292384567765 -125.16443457589 -63.4054518220066 356.627628859969 189.627628859969 -18.6674285955741 -231.888421637566 -32.3723711400306 474.982690799752 276.67799617983 114.745672699938 -403.613337013015 -32.3723711400306 -32.3723711400306 -429.804049593617 474.982690799752 -234.599242723693 -32.3723711400306 5.87076824301226 254.719816163787 250.982690799752 -722.421416822817 -690.049045682787 388.609389239845 356.237018099814 420.981760379875 
1.17549435082229e-38 -466.717784045757 -233.358892022878 -108.190005069978 -216.380010139955 -324.570015209933 -432.76002027991 -31.033080681976 13.7049425444564 -199.516050497536 -151.264803726894 -226.897205590342 -302.529607453789 -75.6324018634472 151.118043839969 226.677065759953 302.236087679937 75.5590219199843 75.5590219199843 -151.264803726894 -404.453743167325 -202.226871583662 1.17549435082229e-38 -92.7920634358596 -688.947479522829 -202.226871583662 1.17549435082229e-38 -108.190005069978 1.62848638561965 1.17549435082229e-38 -466.717784045757 -700.076676068635 -233.358892022878 -108.190005069978 -216.380010139955 -92.7920634358596 -185.584126871719 -31.033080681976 13.7049425444564 -199.516050497536 
-83.892111773234 -41.946055886617 151.118043839969 226.677065759953 75.5590219199843 -688.947479522829 -404.453743167325 -202.226871583662 38.2431393830428 1.17549435082229e-38 -233.358892022878 -108.190005069978 -216.380010139955 -324.570015209933 -432.76002027991 -92.7920634358596 -233.358892022878 13.7049425444564 -151.264803726894 -75.6324018634472 151.118043839969 226.677065759953 302.236087679937 75.5590219199843 302.236087679937 75.5590219199843 -666.904850997227 -202.226871583662 -442.764090738156 -473.112093330535 -473.112093330535 -550.954095808133 -581.302098400512 -689.49210347049 -565.904156766394 -658.696220202254 -751.488283638114 -672.62814382807 -672.62814382807 -599.399048775453 
-261.920013427734 -445.669040417696 -367.205068818171 -397.55307141055 -321.994049490566 -246.435027570582 -170.876005650597 -795.106142821101 -1117.10019231167 -459.619232774502 -201.909086332573 -428.586152092526 -613.933081550505 -445.951078068118 -645.467128565653 -445.951078068118 -569.908106645669 -445.951078068118 -675.338964914197 1.17549435082229e-38 1.17549435082229e-38 1.17549435082229e-38 2.35098870164458e-38 3.52648305246686e-38 4.70197740328915e-38 -62.066161363952 -31.033080681976 -331.921830482901 -432.76002027991 -108.190005069978 -108.190005069978 -216.380010139955 -216.380010139955 -324.570015209933 -31.033080681976 27.4098850889129 27.4098850889129 -399.032100995072 13.7049425444564 13.7049425444564 
-199.516050497536 27.4098850889129 -185.811107953079 648.735196273106 -75.6324018634472 1325.11804383997 -125.881956160031 226.677065759953 1166.23608767994 151.118043839969 75.5590219199843 302.236087679937 -772.440978080016 1083.55902191998 -226.897205590342 -202.226871583662 -80.5999984741211 -547.317782519878 -313.958890496999 -173.392061909981 -266.18412534584 60.1049593291244 70.5180453658475 146.077067285832 221.636089205816 -5.0409765541368 -485.053741641446 -282.826870057784 -42.3568590910783 -92.7920634358596 -16.6798886652965 -93.5855709264108 -93.5855709264108 -93.5855709264108 -3600.46003422767 -3523.55435196656 -78.7460500292485 -793.662246995046 -47.7129693472725 -124.869893735274 
-201.775575996388 -309.965581066366 -418.155586136343 -526.345591206321 -355.505584354145 -109.471952101156 -186.37763436227 -279.16969779813 328.529302483326 -2.97494612084007 -216.195939162832 -218.906760248959 -56.5754429983545 -16.6798886652965 -16.6798886652965 -16.6798886652965 134.438155174672 57.5324729135577 -16.908505166458 209.997177094656 208.650516753526 -36.0530980128531 21.4793749007046 58.8791332546878 -18.0265490064265 -251.385441029305 47.1193868768347 -92.3122905287437 -1471.48052997207 -782.53305044924 -498.039314093736 -421.133631832621 -218.906760248959 -295.812442510073 -93.5855709264108 -55.342431543368 173.022996902466 2.35098870164458e-38 2.35098870164458e-38 1.17549435082229e-38 
-302.236087679937 -584.479077216877 -31.033080681976 389 505 222 -261.920013427734 -261.920013427734 -536.995085845254 -536.995085845254 51.5639393717575 88.0158792317963 -3523.55435196656 -3523.55435196656 140.169064432438 1.17549435082229e-38 1.17549435082229e-38 696.204890400079 696.204890400079 696.204890400079 3.52648305246686e-38 2.35098870164458e-38 13.7049425444564 140.704957803245 -474.591122915056 -199.516050497536 1.17549435082229e-38 1.17549435082229e-38 -75.6324018634472 -75.6324018634472 -248.949893061142 37.0101279280563 1.17549435082229e-38 1.17549435082229e-38 1.17549435082229e-38 1.17549435082229e-38 1.17549435082229e-38 129.196001052856 1.17549435082229e-38 1.17549435082229e-38 
-31.033080681976 -108.190005069978 -216.380010139955 -324.570015209933 -432.76002027991 -31.033080681976 -199.516050497536 -151.264803726894 1.17549435082229e-38 75.5590219199843 151.118043839969 226.677065759953 75.5590219199843 44.5259412380083 -32.6309831499933 -199.516050497536 -151.264803726894 -151.264803726894 -404.453743167325 -202.226871583662 -48.7000007629395 -515.417784808696 -282.058892785818 -141.492064198799 -234.284127634659 92.004957040306 102.418043077029 177.977064997013 253.536086916998 26.8590211570448 -453.153743930264 -250.926872346602 -10.4568613798966 1.17549435082229e-38 -28.8360004425049 -28.8360004425049 140.169064432438 16.3164819395931 -217.042410083285 -3584.14355228808 
-3507.23787002696 -14.7165987423829 30.0214244840495 -183.199568557943 91.8755038595774 -381.115196513994 -185.910389644069 1.17549435082229e-38 -92.7920634358596 13.7049425444564 -199.516050497536 11.4590234458632 -397.431678453587 -202.226871583662 -7.34970207806023 -7.34970207806023 -150.708594100939 -7.34970207806023 -130.64176551392 137.317214188206 381.65029792194 214.65029792194 6.3552404663962 -206.865752575596 68.2093198419241 -7.34970207806023 -7.34970207806023 -404.781380531647 -209.576573661723 -7.34970207806023 30.8934373049826 -143.228523075024 -672.376078698877 -665.026376620816 1.17549435082229e-38 1.17549435082229e-38 -233.358892022878 214.809994930022 -108.190005069978 -92.7920634358596 
-92.7920634358596 -185.584126871719 -278.376190307579 199.966919318024 151.118043839969 151.118043839969 226.677065759953 302.236087679937 75.5590219199843 75.5590219199843 -17.2330415158754 -22.2268715836624 2.35098870164458e-38 1.17549435082229e-38 296.331769173291 65.2788909595977 65.2788909595977 -67.0846754343993 -41.946055886617 51.1852381683268 51.1852381683268 -182.173653854552 -41.6068252675329 20.1521574863508 64.8901807127832 -148.330812329209 126.744260088311 -346.24644028526 -151.041633415336 696.204890400079 179 254.559021919984 330.118043839969 405.677065759953 -46.0999984741211 -2384.01630734163 -2968.4953845585 -512.817782519878 -279.458890496999 -46.0999984741211 
-46.0999984741211 -154.290003544099 -138.892061909981 -46.0999984741211 -77.1330791560971 342.900001525879 175.900001525879 -520.691121389177 -245.616048971657 -197.364802201016 -121.732400337568 84.4577834450743 149.736674404672 215.01556536427 280.294456323867 345.573347283465 19.1788924854766 -88.0460543607381 105.018045365847 180.577067285832 -16.6409750282579 117.836093783453 29.4590234458632 -46.0999984741211 -46.0999984741211 -520.691121389177 -1423.99495751978 -2112.94243704261 -735.04747799695 -248.326870057784 -1553.06828265776 -799.584140565941 -46.0999984741211 -7.85685909107826 1.17549435082229e-38 1.17549435082229e-38 -466.717784045757 -700.076676068635 -933.435568091513 -1166.79446011439 
-233.358892022878 -108.190005069978 -108.190005069978 -216.380010139955 -92.7920634358596 -92.7920634358596 -185.584126871719 -185.584126871719 2.35098870164458e-38 -41.946055886617 -4 1.17549435082229e-38 -1400.15335213727 -466.717784045757 -470.717784045757 -700.076676068635 -704.076676068635 -233.358892022878 -237.358892022878 -6.68182626292548 -395.158762125772 -86.2408481829098 -161.799870102894 -4 -108.190005069978 -96.7920634358596 -92.7920634358596 -185.584126871719 -189.584126871719 151.118043839969 151.118043839969 226.677065759953 226.677065759953 302.236087679937 75.5590219199843 75.5590219199843 89.0518824760166 68.8771956570588 -399.032100995072 9.70494254445643 
13.7049425444564 -199.516050497536 -203.516050497536 136.169064432438 140.169064432438 151.118043839969 377.795109599921 71.5590219199843 151.118043839969 147.118043839969 226.677065759953 302.236087679937 75.5590219199843 -4 -4 -692.947479522829 -404.453743167325 -202.226871583662 -206.226871583662 34.2431393830428 38.2431393830428 4.70197740328915e-38 8.22846045575601e-38 1.17549435082229e-37 -1377.89495904566 -2066.84243856849 -688.947479522829 -404.453743167325 -404.453743167325 -202.226871583662 -202.226871583662 38.2431393830428 38.2431393830428 229.578046739139 1.17549435082229e-38 -474.591122915056 -397.431678453587 1.17549435082229e-38 -75.5590219199843 -23.9950825482267 
27.5688568235308 79.1327961952883 151.118043839969 226.677065759953 75.5590219199843 1.17549435082229e-38 75.5590219199843 151.118043839969 226.677065759953 -480.012765087309 -682.239636670972 -277.785893503647 26.6499996185303 1.17549435082229e-38 2.35098870164458e-38 4.70197740328915e-38 -466.717784045757 -233.358892022878 -341.548897092856 -331.921830482901 -108.190005069978 -216.380010139955 -324.570015209933 -432.76002027991 -31.033080681976 -399.032100995072 13.7049425444564 -199.516050497536 -151.264803726894 151.118043839969 477.677065759953 75.5590219199843 302.236087679937 302.236087679937 604.472175359874 75.5590219199843 -151.264803726894 -404.453743167325 -202.226871583662 25.8999996185303 
1.17549435082229e-38 12.8099949300225 28.6199898600449 -49.5700152099326 -44.7600202799102 130.557781919195 195.836672878793 261.115563838391 65.2788909595977 151.118043839969 226.677065759953 75.5590219199843 1.17549435082229e-38 1.17549435082229e-38 1.17549435082229e-38 1.17549435082229e-38 -108.190005069978 -216.380010139955 -324.570015209933 1.17549435082229e-38 1.17549435082229e-38 -83.892111773234 -125.838167659851 -41.946055886617 1.17549435082229e-38 75.5590219199843 151.118043839969 302.236087679937 -75.5590219199843 291.939032059939 -404.453743167325 -606.680614750987 1.17549435082229e-38 -202.226871583662 1.17549435082229e-38 1.17549435082229e-38 -466.717784045757 -700.076676068635 -933.435568091513 -1166.79446011439 
-233.358892022878 -6.68182626292548 2.35098870164458e-38 -108.190005069978 -108.190005069978 -92.7920634358596 -92.7920634358596 -185.584126871719 -185.584126871719 222 13.7049425444564 140.704957803245 -41.946055886617 1.17549435082229e-38 1.17549435082229e-38 -1400.15335213727 -466.717784045757 -466.717784045757 -700.076676068635 -700.076676068635 -233.358892022878 -233.358892022878 -108.190005069978 -216.380010139955 -92.7920634358596 -185.584126871719 151.118043839969 151.118043839969 226.677065759953 226.677065759953 302.236087679937 75.5590219199843 75.5590219199843 27.4098850889129 13.7049425444564 -199.516050497536 151.118043839969 151.118043839969 226.677065759953 75.5590219199843 
75.5590219199843 -397.431678453587 -404.453743167325 -202.226871583662 -202.226871583662 38.2431393830428 38.2431393830428 2.35098870164458e-38 4.70197740328915e-38 8.22846045575601e-38 3.52648305246686e-38 1.17549435082229e-37 4.70197740328915e-38 -688.947479522829 -404.453743167325 -404.453743167325 -202.226871583662 -202.226871583662 38.2431393830428 38.2431393830428 1.17549435082229e-38 -233.358892022878 -92.7920634358596 -31.033080681976 75.5590219199843 -202.226871583662 22.75 -75.6324018634472 -688.947479522829 -666.904850997227 -248.949893061142 -202.226871583662 25.0900001525879 1.17549435082229e-38 -753.48414209182 1.17549435082229e-38 1.17549435082229e-38 -28.8360004425049 -57.6720008850098 129.196001052856 
-32.8445338853476 212.36509976305 547.224311372261 38.2431393830428 -135.878820996964 -95.9000015258789 -562.617785571636 -329.258893548757 -188.692064961739 -281.484128397598 44.8049562773666 55.2180423140897 130.777064234074 206.336086154058 -40.6819592117892 90.0951050222847 -20.3409796058946 -500.353744693204 -298.126873109541 -57.6568621428361 1.17549435082229e-38 1.17549435082229e-38 2.35098870164458e-38 3.52648305246686e-38 4.70197740328915e-38 -108.190005069978 -108.190005069978 -29.3800101399551 -216.380010139955 83.4299847900674 -432.76002027991 -432.76002027991 -540.950025349888 -649.140030419865 -92.7920634358596 -185.584126871719 -278.376190307579 -556.752380615158 27.4098850889129 -399.032100995072 
-598.548151492607 13.7049425444564 -199.516050497536 -185.811107953079 -83.892111773234 -41.946055886617 151.118043839969 226.677065759953 302.236087679937 377.795109599921 453.354131519906 302.236087679937 75.5590219199843 -32.6309831499933 -397.431678453587 -688.947479522829 -202.226871583662 1.17549435082229e-38 2.35098870164458e-38 7.64110797712164 -92.7920634358596 194.966919318024 13.7049425444564 -199.516050497536 75.5590219199843 -397.431678453587 -202.226871583662 -657.676674542756 -657.676674542756 1.17549435082229e-38 -308.917913942863 -233.358892022878 -767.627091109841 -875.817096179818 -15 -1459.6951602997 -151.118043839969 1.17549435082229e-38 75.5590219199843 -224 
-1390.79446011439 -332.190005069978 -316.79206343586 -409.584126871719 -502.376190307579 -595.168253743439 -780.752380615158 57.409915606491 -83.2950421967545 -83.2950421967545 57.409915606491 56.3381288648765 196.507193297315 -83.8309355675618 -307.892111773234 -265.946055886617 -72.8819561600314 78.2360876799372 -296.881956160031 -221.322934240047 10.7082630398115 -291.527824640126 -286.17369312022 -210.614671200236 -148.440978080016 -887.843660965802 -654.484768942923 -753.047707402946 -851.610645862968 -1255.99850655154 639.772365049101 -1601.89495904566 -912.947479522829 -628.453743167325 -830.680614750987 -426.226871583662 1.17549435082229e-38 1.17549435082229e-38 151.118043839969 75.5590219199843 
151.118043839969 226.677065759953 75.5590219199843 -220 -1153.43556809151 -1386.79446011439 -226.681826262925 -328.190005069978 -312.79206343586 -405.584126871719 -498.376190307579 -591.168253743439 -683.960317179298 -776.752380615158 -206.295057455544 -220 -303.892111773234 -261.946055886617 1.17549435082229e-38 42.4000015258789 -1272.95334755963 -424.317782519878 -657.676674542756 -700.076676068635 -190.958890496999 -283.750953932859 -376.543017368719 -469.335080804578 78.1181767888323 84.8000030517578 42.4000015258789 -65.7900035440986 -173.980008614076 -50.3920619099807 -143.18412534584 -235.9761887817 -328.76825221756 -68.8819561600314 6.67706575995288 82.2360876799372 
-144.440978080016 42.4000015258789 42.4000015258789 42.4000015258789 264.400001525879 323.80991713237 183.104959329124 183.104959329124 -157.116048971657 323.80991713237 42.4000015258789 42.4000015258789 322.738130390755 182.569065958317 0.453945639261917 -1315.35334908551 235.918046891726 160.359024971742 429.436092257574 504.995114177558 656.113158017527 698.513159543406 193.518045365847 269.077067285832 344.636089205816 117.959023445863 120.518178314711 42.4000015258789 42.4000015258789 42.4000015258789 -355.031676927708 -1315.35334908551 -1335.49495751978 -2024.44243704261 -646.54747799695 -362.053741641446 -564.280613225108 -159.826870057784 42.4000015258789 42.4000015258789 
80.6431409089217 -220 -220 -220 -220 -1597.89495904566 -908.947479522829 -624.453743167325 -422.226871583662 1.17549435082229e-38 -466.717784045757 -233.358892022878 -233.358892022878 -108.190005069978 -216.380010139955 -324.570015209933 -432.76002027991 -31.033080681976 27.4098850889129 -399.032100995072 -598.548151492607 13.7049425444564 -199.516050497536 -185.811107953079 -596.947728951122 -151.264803726894 -226.897205590342 86.1180438399686 30.6770657599529 -45.7639123200628 75.5590219199843 75.5590219199843 -48.3980066575672 -151.264803726894 -404.453743167325 -202.226871583662 1.17549435082229e-38 -933.435568091513 -108.190005069978 -216.380010139955 
-92.7920634358596 -185.584126871719 -278.376190307579 -371.168253743439 -463.960317179298 -556.752380615158 -83.892111773234 -41.946055886617 151.118043839969 302.236087679937 453.354131519906 302.236087679937 680.031197279859 1133.38532879976 1208.94435071975 604.472175359874 75.5590219199843 -404.453743167325 -606.680614750987 -202.226871583662 246.901992797852 -98.5629384600224 0 75.5590219199843 38.0016883490746 39.4474819766965 29.0855669218427 33.702868655054 34.8492996322829 35.5457894728052 20.782442637939 29.168403076501 29.1684015385519 29.7260334704526 226.677065759953 226.677065759953 5.87747175411144e-38 25.3500003814697 2.35098870164458e-38 -584.479077216877 
-233.358892022878 -108.190005069978 2.35098870164458e-38 75.5590219199843 75.5590219199843 -199.516050497536 -75.6324018634472 -202.226871583662 81.1500015258789 -613.315077659382 4.70197740328915e-38 4.70197740328915e-38 89.8835459735009 105.032503520297 103.124249810959 64.8242467592011 64.6052662597472 65.4752651916319 88.2752644286925 253.00366414941 -700.076676068635 226.677065759953 226.677065759953 -331.921830482901 -294.142319522909 75.5590219199843 -230.146086573675 -211.1920799028 -377.795109599921 -377.795109599921 -75.5590219199843 274.641107977122 -199.516050497536 -794.863356907173 220.273128416338 3.52648305246686e-38 3.52648305246686e-38 613.713156491648 -256.70922233551 -200.038145556919 
948.04440503514 1643.96300853934 304.899993896484 617 449 611 619 435 404 383 782 -248.23515726006 -334.608458819968 -712.403568419889 100.268736837091 90.1223969501283 55.2687368370911 205.118974259845 -294.292384567765 -47.9564980117499 328.779998779297 -778.286282228425 113.111578362434 -1132.88696512092 201.229622202402 318.579986572266 335.149993896484 305.880004882812 310.339996337891 329.089996337891 336.399993896484 172.489347477965 339.5 -32.3723711400306 229.158586765933 267.923127663906 92.6545671354523 43.1866507799537 118.745672699938 194.304694619922 
4728.01952967274 457.65310386911 440.051045503227 485.280170479065 110.313640041287 186.073265977998 251.914797210026 43.1866507799537 346.390014648438 94.1304574219958 420.981760379875 808.01785111157 1582.09003257496 -289.08159347554 854.952941037748 -302.236087679937 -233.358892022878 -495.828114310206 151.118043839969 -794.863356907173 -75.6324018634472 689.272178411632 45.5268653444273 28.8360004425049 -233.358892022878 -216.380010139955 236.974121379951 -185.584126871719 13.7049425444564 75.5590219199843 151.118043839969 151.118043839969 151.118043839969 27.4098850889129 -75.6324018634472 -75.6324018634472 -180.100804169399 -202.226871583662 -126.667849663678 251.127259936243 
326.686281856228 -382.068085553398 -659.144100878111 -797.682108540467 -719.547120901116 -352.342052082945 -337.479035347719 -291.646046898187 -246.435027570582 -521.510099988102 -672.62814382807 -672.62814382807 -1731.26100223477 -704.443029262723 -1552.90480141206 231.29755632584 117.959023445863 -166.134122127747 28.8360004425049 -430.484768942923 -663.843660965802 -108.190005069978 75.5590219199843 1250.55902191998 151.118043839969 -75.6324018634472 -75.6324018634472 689.272178411632 -105.591178495541 -861.276673016877 -358.9761887817 146.077067285832 146.077067285832 -412.521828957022 -427.633809307078 25.0839996337891 283.5 155.816230298153 85.1272833593823 -707.225667315164 
297.410003662109 165.564340063766 352.656933367596 450.590694942141 -109.45372501086 -106.025438114437 -506.380637971907 -33.821323147413 -16.1693319706538 -203.851030518118 257.019989013672 113.055088461525 39.5059239071312 134.438155174672 168.298495565964 746.759849923552 85.9759656275514 75.0015065570619 -79.8806283819544 155.400408368913 71.2374154580142 -92.3122905287437 -92.3122905287437 -196.780692834696 -196.780692834696 39.5059239071312 -45.5158891078014 672.592289746336 1309.72134835275 120.084963157993 -199.516050497536 1.17549435082229e-38 1.17549435082229e-38 27.1610152624171 -399.032100995072 -75.6324018634472 -797.476677594514 -327.076191070518 177.977064997013 -380.62183124584 
-446.131679216526 310.350006103516 325.700012207031 329 329.279998779297 334.230010986328 -449.991072002318 -334.926126175202 326.410003662109 311.329986572266 319.959991455078 334.540008544922 350.190002441406 344.950012207031 344.540008544922 328.209991455078 -421.768338226977 -634.810748310263 -221.042410083285 285.393549225425 134.275505385456 1647.09536759418 -112.038129228162 346.640605148506 344.636089205816 155.738534405855 -52.7955892477706 303.739990234375 84.3105599724513 -651.337801059192 327.619995117188 318.895685228306 480.131772908243 1030.13904967606 268.09412332793 469.889232927852 304.709991455078 308.290008544922 327.929992675781 333.459991455078 
338.329986572266 85.8615933084204 143.768341761908 499.087536858646 1294.3860190983 660.323624538583 821.55971221852 446.004429441846 833.04052017354 -112.940880573601 1.17549435082229e-38 1.17549435082229e-38 1.17549435082229e-38 1.17549435082229e-38 1.17549435082229e-38 151.118043839969 151.118043839969 151.118043839969 689.272178411632 45.5268653444273 1.17549435082229e-38 1.17549435082229e-38 -438.961112230244 334.35595824543 -63.0757202081572 51.1274226779827 425 309.619995117188 1119 578 586 739 895 151.118043839969 -233.358892022878 71.5590219199843 226.677065759953 453.354131519906 -399.032100995072 151.118043839969 
-233.358892022878 226.677065759953 151.118043839969 75.5590219199843 -492.627269227236 453.354131519906 755.590219199843 -397.431678453587 22.75 25.0900001525879 61.2470559230809 49.6539700959598 -595.168253743439 -72.8819561600314 -72.8819561600314 -2261.72671381435 -402.270698943478 -68.8819561600314 1033.90826761745 -190.958890496999 344.636089205816 172.694064050969 485.341047009062 -271.108827743694 269.077067285832 710.846007864065 448.283146654776 -279.645868480094 -7.63490023695047 356.968937526475 151.118043839969 302.236087679937 
<VPh>
0 0 0.000785683645136125 0 0 0 0 0 0 0 
<GPh>
0 -188.698457311277 -12.4988132428355 0 0 0 0 0 0 0 
<HPh>
0 0 10.0840147946896 0 0 0 0 0 0 0 
<SPh>
0 0.534329484103857 0.0639468442234889 0 0 0 -0 0 0 0 
<CPh>
0 0 0.120506442819329 0 0 0 0 0 0 0 
<APh>
0 -188.698457311277 -12.4995989264806 0 0 0 0 0 0 0 
<UPh>
0 0 10.0832291110445 0 0 0 0 0 0 0 